position_id,asset,signal_id,currency,entry_ts,exit_ts,exit_reason,bars_held,units,entry_eff,exit_eff,stop,fx_entry,fx_exit,risk_local,pnl_bruto_local,fees_local,dividends_local,pnl_neto_local,trade_R_local,risk_eur,pnl_bruto_eur,fees_eur,dividends_eur,pnl_neto_eur,trade_R_eur,slippage_eur,fx_eur
B2-000001,ICGA.DE,ICGA.DE|swing|2022-07-07T22:00:00Z,EUR,2022-07-11T07:00:00Z,2022-07-11T15:30:00Z,stop,0,2059.763539891678,4.854926211833954,4.8352953381538395,4.837714195251465,1.0,1.0,35.45268420462169,-40.43495786251859,19.95956504213748,0.0,-60.39452290465607,-1.7035246909959756,35.45268420462169,-40.43495786251859,19.95956504213748,0.0,-60.39452290465607,-1.7035246909959756,9.979774907272066,0.0
B2-000002,AZN,AZN|swing|2022-07-19T04:00:00Z,USD,2022-07-20T13:30:00Z,2022-07-21T13:30:00Z,stop,1,76.50789588466067,133.82687450408935,127.89601908493043,130.02001081194197,0.9760858955588092,0.9804882831650161,291.2551310059062,-453.7572689159859,20.02386789334085,0.0,-473.78113680932677,-1.6266876918975866,284.2900253839983,-399.82846396364687,19.588092631455424,0.0,-419.4165565951023,-1.4753122485693437,9.79394880709751,43.07760623253325
B2-000003,EUNN.DE,EUNN.DE|swing|2022-07-26T22:00:00Z,EUR,2022-07-28T07:00:00Z,2022-08-17T07:00:00Z,objetivo,14,237.2071783798978,41.95496510696411,43.75710982894898,41.061428615025115,1.0,1.0,211.9532700323214,427.48166453425563,20.331519448634303,0.0,407.1501450856213,1.9209429749469482,211.9532700323214,427.48166453425563,20.331519448634303,0.0,407.1501450856213,1.9209429749469482,10.165869136199746,0.0
B2-000004,MC.PA,MC.PA|swing|2022-07-27T22:00:00Z,EUR,2022-07-29T07:00:00Z,2022-09-01T15:30:00Z,stop,24,12.14612217460614,667.1333877868652,625.8155193437849,626.1285836356027,1.0,1.0,498.04936096703176,-501.85187810395723,15.704315391532365,0.0,-517.5561934954897,-1.0391664643251075,498.04936096703176,-501.85187810395723,15.704315391532365,0.0,-517.5561934954897,-1.0391664643251075,7.852034195805056,0.0
B2-000005,RACE.MI,RACE.MI|swing|2022-07-27T22:00:00Z,EUR,2022-07-29T07:00:00Z,2022-08-31T15:30:00Z,stop,22,48.683641151579195,203.60174999999998,193.2747415499006,193.37142726353235,1.0,1.0,498.04936096703165,-502.75637355396447,19.321392696113115,0.0,-522.0777662500776,-1.048245027834975,498.04936096703165,-502.75637355396447,19.321392696113115,0.0,-522.0777662500776,-1.048245027834975,9.66057307410509,0.0
B2-000006,EUNL.DE,EUNL.DE|swing|2022-07-27T22:00:00Z,EUR,2022-07-29T07:00:00Z,2022-09-16T07:00:00Z,stop,35,133.61618364952528,74.54925703811645,72.0099746208191,72.23771558489118,1.0,1.0,308.85934732763883,-339.28922580761423,19.582685212873653,0.0,-358.87191102048786,-1.1619266637891181,308.85934732763883,-339.28922580761423,19.582685212873653,0.0,-358.87191102048786,-1.1619266637891181,9.791260231944673,0.0
B2-000007,SXR8.DE,SXR8.DE|swing|2022-07-31T22:00:00Z,EUR,2022-08-02T07:00:00Z,2022-09-16T07:00:00Z,stop,33,24.34734697921361,411.6557372131347,399.0203912200928,401.41143798828125,1.0,1.0,249.42150778639666,-307.63715309500844,19.73781298672933,0.0,-327.3749660817378,-1.312537034144225,249.42150778639666,-307.63715309500844,19.73781298672933,0.0,-327.3749660817378,-1.312537034144225,9.868832051283075,0.0
B2-000008,ZPRR.DE,ZPRR.DE|swing|2022-08-02T22:00:00Z,EUR,2022-08-04T07:00:00Z,2022-09-01T15:30:00Z,stop,20,190.88431174165663,52.70634030532837,50.87669213431223,50.90214320591518,1.0,1.0,344.3929215677795,-349.2511318537965,19.77237585535449,0.0,-369.023507709151,-1.071518851285461,344.3929215677795,-349.2511318537965,19.77237585535449,0.0,-369.023507709151,-1.071518851285461,9.886103086418643,0.0
B2-000009,NOW,NOW|swing|2022-08-10T04:00:00Z,USD,2022-08-11T13:30:00Z,2022-08-22T13:30:00Z,stop,7,54.14063231197919,104.05199999999999,93.2673459892273,94.54056985037667,0.9754194303550527,0.9946290033817385,514.9548424918295,-583.8879874091563,10.682994159242961,0.0,-594.5709815683992,-1.1546080015313829,502.2969591219562,-472.53592931375005,10.517399836051172,0.0,-483.05332914980124,-0.9616887388572013,5.258583098688661,96.99975875604737
B2-000010,CRWD,CRWD|swing|2022-08-10T04:00:00Z,USD,2022-08-11T13:30:00Z,2022-08-31T20:00:00Z,stop,14,92.05957877970224,51.025499999999994,45.40907132475717,45.43178721836635,0.9754194303550527,1.0,514.9548424918295,-517.0460580890953,8.877726015958295,0.0,-525.9237841050535,-1.0213007835019983,502.2969591219562,-401.58163345683164,8.762261591326032,0.0,-410.34389504815766,-0.8169348581473841,4.381031495511787,102.7551379917593
B2-000011,6501.T,6501.T|swing|2022-08-11T15:00:00Z,JPY,2022-08-15T00:00:00Z,2022-09-21T06:00:00Z,stop,26,1007.3105571608828,1380.0897244262694,1326.1080114833287,1326.7713971819196,0.007274314395868189,0.0069764197014092364,53708.11392339228,-54376.34934105244,2725.981549146617,0.0,-57102.33089019905,-1.063197470900732,390.6897062878612,-793.4791681618901,19.43171831847279,0.0,-812.9108864803629,-2.0807072042010955,9.715663218358877,-397.9285073555143
B2-000012,QDV5.DE,QDV5.DE|swing|2022-08-17T22:00:00Z,EUR,2022-08-19T07:00:00Z,2022-09-26T15:30:00Z,stop,26,1376.7346724034978,7.4026996679306025,7.259796837534224,7.2634285518101285,1.0,1.0,191.73937442739035,-196.73928139129094,20.18636732306855,0.0,-216.92564871435948,-1.1313568189224843,191.73937442739035,-196.73928139129094,20.18636732306855,0.0,-216.92564871435948,-1.1313568189224843,10.093136999996823,0.0
B2-000013,PANW,PANW|swing|2022-08-23T04:00:00Z,USD,2022-08-24T13:30:00Z,2022-09-06T20:00:00Z,stop,8,71.10160885961216,95.13087754440308,88.07284893853324,88.11690739222935,1.0073536818777071,1.0072522159548751,498.70456231285067,-501.8371892545108,13.026079702013106,0.0,-514.8632689565239,-1.0324013611761116,502.37187701506053,-506.1629322108556,13.121233956343204,0.0,-519.2841661671988,-1.0336648803922424,6.560492077561287,-0.6353919121644105
B2-000014,7011.T,7011.T|swing|2022-08-24T15:00:00Z,JPY,2022-08-26T00:00:00Z,2022-09-26T06:00:00Z,stop,19,2652.59603200663,520.1599744262695,497.35122788783485,497.6000279017857,0.0073491585213493055,0.007172057663343613,59842.42463312747,-60502.39056289674,2699.0461777806886,0.0,-63201.436740677425,-1.0561309493748434,439.79146493075234,-678.2858434682462,19.60207403265129,0.0,-697.8879175008975,-1.5868609856054936,9.80086989508148,-233.64418430093068
B2-000015,BBVA.MC,BBVA.MC|swing|2022-09-08T22:00:00Z,EUR,2022-09-12T07:00:00Z,2022-09-27T15:30:00Z,stop,11,1560.2999423494614,4.896447053432464,4.584706801755088,4.58700030190604,1.0,1.0,482.8297485669069,-486.40829672021664,14.79344381365551,0.0,-501.20174053387217,-1.038050662829901,482.8297485669069,-486.40829672021664,14.79344381365551,0.0,-501.20174053387217,-1.038050662829901,7.396602153902421,0.0
B2-000016,DTE.DE,DTE.DE|swing|2022-09-08T22:00:00Z,EUR,2022-09-12T07:00:00Z,2022-09-16T15:30:00Z,stop,4,493.7471312178795,19.557774335861204,18.901115131923135,18.910570417131698,1.0,1.0,319.5550781856632,-324.22359813223824,18.988966344544036,0.0,-343.2125644767823,-1.0740325781253082,319.5550781856632,-324.22359813223824,18.988966344544036,0.0,-343.2125644767823,-1.0740325781253082,9.494404489971373,0.0
B2-000017,7011.T,7011.T|swing|2022-11-03T15:00:00Z,JPY,2022-11-07T00:00:00Z,2022-11-14T06:00:00Z,stop,5,2532.340276333725,538.0688877868652,512.2294879869734,512.4857308523996,0.00688752668916592,0.006949753283758427,64785.25870091365,-65434.15282955558,2659.7128791399846,0.0,-68093.86570869556,-1.0510703680764226,446.2101983670614,-369.9629087154833,18.39956000587602,0.0,-388.36246872135933,-0.8703576703145736,9.199689812132055,80.71656528104174
B2-000018,EXH1.DE,EXH1.DE|swing|2022-11-03T23:00:00Z,EUR,2022-11-07T08:00:00Z,2022-11-21T16:30:00Z,stop,10,262.4167557427445,35.73285765266418,34.616969464710785,34.63428660801479,1.0,1.0,288.28344948981055,-292.82775805437984,18.46097339920449,0.0,-311.2887314535843,-1.0798009112367961,288.28344948981055,-292.82775805437984,18.46097339920449,0.0,-311.2887314535843,-1.0798009112367961,9.230415800264863,0.0
B2-000019,MC.PA,MC.PA|swing|2022-11-03T23:00:00Z,EUR,2022-11-07T08:00:00Z,2023-01-03T16:30:00Z,tiempo,40,14.178841862925475,661.3304999999999,702.4485877990724,628.8857073102679,1.0,1.0,460.0295848231109,583.0068646089336,19.336808021867803,70.89420931462737,634.5642659016931,1.3793988187644362,460.0295848231109,583.0068646089336,19.336808021867803,70.89420931462737,634.5642659016931,1.3793988187644362,9.66855217978561,0.0
B2-000020,CAT,CAT|swing|2022-11-04T04:00:00Z,USD,2022-11-07T14:30:00Z,2023-01-05T21:00:00Z,tiempo,40,30.364844438200922,228.11399999999998,240.15985877990724,212.8742959158761,1.012965964343598,0.9433072351664937,462.75124379863666,365.7706279764208,14.21906287632795,0.0,351.5515651000929,0.7596988010540462,468.7512599256854,-137.46728668804886,13.895446254997047,0.0,-151.3627329430459,-0.3229062956909013,6.947690497598377,-507.9804835847472
B2-000021,6501.T,6501.T|swing|2022-11-06T15:00:00Z,JPY,2022-11-08T00:00:00Z,2022-12-21T06:00:00Z,stop,30,932.0410473121574,1420.1097244262694,1345.9838282296319,1346.6571568080358,0.006840881105486386,0.0071133873950775355,68460.80805066552,-69088.37792406631,2578.1127317808123,0.0,-71666.49065584713,-1.0468250769521912,468.33224826012804,-130.76292056778183,17.978425133234918,0.0,-148.74134570101674,-0.31759791526976083,8.989182123181365,341.8624585816663
B2-000022,SIE.DE,SIE.DE|swing|2022-11-06T23:00:00Z,EUR,2022-11-08T08:00:00Z,2022-11-17T16:30:00Z,objetivo,7,81.94146920526336,114.47720816802978,128.2363826876027,108.92285483224052,1.0,1.0,455.13187281972733,1127.4469751854301,19.8883082307957,0.0,1107.5586669546344,2.433489573236999,455.13187281972733,1127.4469751854301,19.8883082307957,0.0,1107.5586669546344,2.433489573236999,9.944438463250748,0.0
B2-000023,SAF.PA,SAF.PA|swing|2022-11-06T23:00:00Z,EUR,2022-11-08T08:00:00Z,2023-01-04T16:30:00Z,tiempo,40,78.47541778728478,113.39666633605957,118.9405,107.41999816894531,1.0,1.0,469.02153139025677,435.0546629209392,18.23275619573615,0.0,416.82190672520306,0.8887052700750743,469.02153139025677,435.0546629209392,18.23275619573615,0.0,416.82190672520306,0.8887052700750743,9.11648914065586,0.0
B2-000024,ZPRR.DE,ZPRR.DE|swing|2022-11-06T23:00:00Z,EUR,2022-11-08T08:00:00Z,2022-12-06T16:30:00Z,stop,20,184.48923283605998,50.84540969467163,48.961937361580986,48.98643057686942,1.0,1.0,342.961631301586,-347.480365799837,18.413380889810433,0.0,-365.8937466896474,-1.0668649589198387,342.961631301586,-347.480365799837,18.413380889810433,0.0,-365.8937466896474,-1.0668649589198387,9.206605876464359,0.0
B2-000025,QDV5.DE,QDV5.DE|swing|2022-11-06T23:00:00Z,EUR,2022-11-08T08:00:00Z,2022-11-15T08:00:00Z,stop,5,1259.8418257139172,7.445720912218094,7.205395610570908,7.225142955780029,1.0,1.0,277.89333535117584,-302.7718667924384,18.458089388817832,0.0,-321.2299561812562,-1.1559469599201275,277.89333535117584,-302.7718667924384,18.458089388817832,0.0,-321.2299561812562,-1.1559469599201275,9.228971308684438,0.0
B2-000026,IFX.DE,IFX.DE|swing|2022-11-07T23:00:00Z,EUR,2022-11-09T08:00:00Z,2022-12-01T16:30:00Z,objetivo,16,249.8103228869075,27.96397576332092,33.28535662026917,26.085714067731583,1.0,1.0,469.2091606412827,1329.3358700784506,15.30071549935216,0.0,1314.0351545790984,2.8005317559937786,469.2091606412827,1329.3358700784506,15.30071549935216,0.0,1314.0351545790984,2.8005317559937786,7.650691996315025,0.0
B2-000027,MU,MU|swing|2022-11-10T05:00:00Z,USD,2022-11-11T14:30:00Z,2022-11-29T21:00:00Z,stop,11,89.75140483305464,60.68032652664184,55.38800586209978,55.41571371895926,1.004621257785815,0.9646922631680495,472.5063953916038,-474.99321446965524,10.417295888519497,0.0,-485.41051035817475,-1.0273099265796737,474.6899692501546,-675.6813555403982,10.26694382327129,0.0,-685.9482993636694,-1.4450448583255924,5.1333042746224375,-198.49307498016555
B2-000028,DBK.DE,DBK.DE|swing|2022-11-10T23:00:00Z,EUR,2022-11-14T08:00:00Z,2023-01-04T16:30:00Z,objetivo,36,838.2967399823918,10.219106748104094,11.586604844186988,9.654143742152623,1.0,1.0,473.6066460997708,1146.3691958784177,18.279656940813865,0.0,1128.089538937604,2.381912391279996,473.6066460997708,1146.3691958784177,18.279656940813865,0.0,1128.089538937604,2.381912391279996,9.140117347734009,0.0
B2-000029,RRU.DE,RRU.DE|swing|2022-11-13T23:00:00Z,EUR,2022-11-15T08:00:00Z,2022-11-21T16:30:00Z,stop,4,5203.810064664991,1.0225109551548957,0.9309628288873605,0.9314285431589399,1.0,1.0,473.97557225851807,-476.39906087222096,10.165506538458297,0.0,-486.5645674106793,-1.0265604303027136,473.97557225851807,-476.39906087222096,10.165506538458297,0.0,-486.5645674106793,-1.0265604303027136,5.082635440121619,0.0
B2-000030,SIE.DE,SIE.DE|swing|2022-11-16T23:00:00Z,EUR,2022-11-18T08:00:00Z,2023-01-16T16:30:00Z,tiempo,40,54.92363375065891,130.60526328277587,142.24884732055665,121.98000226702008,1.0,1.0,473.73067703320686,639.50794523609,14.986139238139213,0.0,624.5218059979508,1.318305603321049,473.73067703320686,639.50794523609,14.986139238139213,0.0,624.5218059979508,1.318305603321049,7.493231369362559,0.0
B2-000031,V,V|swing|2022-11-17T05:00:00Z,USD,2022-11-18T14:30:00Z,2023-01-19T21:00:00Z,tiempo,40,35.71052162408111,213.27658316802976,220.29979866027833,199.58858163016183,0.9690861517588913,0.9246417013407305,488.8056749084883,250.80268870652392,15.483238758970645,0.0,235.31944994755327,0.4814171807469473,473.6948104549746,-106.59600004989912,14.654946853195687,0.0,-121.2509469030948,-0.25596849327235743,7.3274486094588696,-349.6454124992875
B2-000032,ORCL,ORCL|swing|2022-11-21T05:00:00Z,USD,2022-11-22T14:30:00Z,2023-01-12T21:00:00Z,objetivo,34,120.88189455140365,79.92994438934326,89.05187718435697,76.01428658621651,0.9759906304899474,0.9283327144448571,473.3321336569485,1102.6765182318375,20.42684273657614,38.68220625644917,1120.9318817517105,2.368171949559874,461.9677275589972,563.1759396871531,19.423381110821552,36.165114301093084,579.9176728774247,1.2553207470609824,9.711833777354443,-513.0260105683967
B2-000033,ITX.MC,ITX.MC|swing|2022-11-28T23:00:00Z,EUR,2022-11-30T08:00:00Z,2023-01-26T08:00:00Z,objetivo,40,342.2461435452834,25.102545152664185,27.866059161186218,23.72571427481515,1.0,1.0,471.2150582578992,945.8020120500335,18.128300555391363,0.0,927.6737114946421,1.9686843517358903,471.2150582578992,945.8020120500335,18.128300555391363,0.0,927.6737114946421,1.9686843517358903,9.064388994295992,0.0
B2-000034,6857.T,6857.T|swing|2022-11-30T15:00:00Z,JPY,2022-12-02T00:00:00Z,2022-12-22T06:00:00Z,stop,14,546.6707452293167,2356.1775,2230.3128571428574,2231.4285714285716,0.007018528916339136,0.007128091809822511,68196.58974870146,-68806.51810873582,2507.300101526361,0.0,-71313.81821026218,-1.0457094478337912,478.6397371469783,-349.33633060883574,17.731142470872754,0.0,-367.0674730797085,-0.7668971976035314,8.86548611772388,133.58420636993887
B2-000035,RRU.DE,RRU.DE|swing|2022-12-05T23:00:00Z,EUR,2022-12-07T08:00:00Z,2023-02-02T16:30:00Z,tiempo,40,3314.624918223027,1.0785389494299888,1.1974009542465212,0.937285738331931,1.0,1.0,468.2014132846401,393.9829629948235,7.543887117104276,0.0,386.43907587771923,0.8253693066978975,468.2014132846401,393.9829629948235,7.543887117104276,0.0,386.43907587771923,0.8253693066978975,3.772042997303065,0.0
B2-000036,9988.HK,9988.HK|swing|2022-12-08T16:00:00Z,HKD,2022-12-12T01:30:00Z,2023-01-17T08:00:00Z,objetivo,23,499.8911234331188,89.84490305328369,115.57521342277528,82.09285736083984,0.12170039796030131,0.11841466447204821,3875.1788301006222,12862.353756887978,102.68769280097925,0.0,12759.666064087,3.2926650932792394,471.61080579058057,1375.5202421472482,12.307299750732145,0.0,1363.212942396516,2.8905464541070174,6.153995293924639,-189.8333287721948
B2-000037,BSP.DE,BSP.DE|swing|2022-12-20T23:00:00Z,EUR,2022-12-22T08:00:00Z,2023-01-09T16:30:00Z,stop,11,939.5294399668161,9.924960076332091,9.498105234963555,9.502856663295201,1.0,1.0,396.57858325863083,-401.042690058105,18.24854167436049,0.0,-419.29123173246546,-1.0572714953167868,396.57858325863083,-401.042690058105,18.24854167436049,0.0,-419.29123173246546,-1.0572714953167868,9.124172857548837,0.0
B2-000038,0700.HK,0700.HK|swing|2022-12-21T16:00:00Z,HKD,2022-12-23T01:30:00Z,2023-01-10T01:30:00Z,objetivo,9,212.59393264533432,302.1805863189697,364.8175,284.09234619140625,0.1206520034265169,0.11974900608324951,3845.450103351855,13316.227808216578,141.79974623746193,0.0,13174.428061979115,3.425978158056383,463.9612590461078,1536.5949069144351,17.038388812690695,0.0,1519.5565181017444,3.2751797450199027,8.519580684966371,-70.0346562307905
B2-000039,IBE.MC,IBE.MC|swing|2023-01-02T23:00:00Z,EUR,2023-01-04T08:00:00Z,2023-02-02T16:30:00Z,stop,21,864.7725987790063,11.040517347335815,10.647531215395245,10.652857644217354,1.0,1.0,335.2374889076492,-339.8436386023555,18.755230118038234,155.65906778022114,-202.9398009401726,-0.6053612965585665,335.2374889076492,-339.8436386023555,18.755230118038234,155.65906778022114,-202.9398009401726,-0.6053612965585665,9.377532442491916,0.0
B2-000040,1810.HK,1810.HK|swing|2023-01-03T16:00:00Z,HKD,2023-01-05T01:30:00Z,2023-01-27T08:00:00Z,objetivo,13,3966.7841045957734,11.645820343494414,13.610333595326969,10.631428854806083,0.12067966788955396,0.1172401664810364,4023.872033166113,7792.799940637133,100.18570998774061,0.0,7692.614230649392,1.9117442521144477,485.5995405925508,754.7363902716837,11.904682090105563,0.0,742.8317081815782,1.5297207803679982,5.952531217282478,-185.6961184941415
B2-000041,ALV.DE,ALV.DE|swing|2023-01-03T23:00:00Z,EUR,2023-01-05T08:00:00Z,2023-03-02T16:30:00Z,tiempo,40,46.04639413677089,210.9054030532837,220.8895,205.10142735072546,1.0,1.0,267.2521527602382,459.7316631082299,19.882598292240278,0.0,439.8490648159896,1.6458204743091238,267.2521527602382,459.7316631082299,19.882598292240278,0.0,439.8490648159896,1.6458204743091238,9.941416564390162,0.0
B2-000042,EXV1.DE,EXV1.DE|swing|2023-01-04T23:00:00Z,EUR,2023-01-06T08:00:00Z,2023-02-01T16:30:00Z,objetivo,18,655.3268520292831,14.883438404560088,15.791189206191472,14.421142441885811,1.0,1.0,302.95495792518113,594.8734752601529,20.10190714932435,42.93963665236675,617.7112047631953,2.038953938874793,302.95495792518113,594.8734752601529,20.10190714932435,42.93963665236675,617.7112047631953,2.038953938874793,10.051104805806357,0.0
B2-000043,SAF.PA,SAF.PA|swing|2023-01-08T23:00:00Z,EUR,2023-01-10T08:00:00Z,2023-01-25T16:30:00Z,objetivo,11,81.10306660072024,122.56124999999999,132.67327858604705,117.79142543247768,1.0,1.0,386.8473995735132,820.1165278825616,20.70030297071761,0.0,799.416224911844,2.0664898505022253,386.8473995735132,820.1165278825616,20.70030297071761,0.0,799.416224911844,2.0664898505022253,10.35035910207828,0.0
B2-000044,IQQK.DE,IQQK.DE|swing|2023-01-08T23:00:00Z,EUR,2023-01-10T08:00:00Z,2023-02-24T16:30:00Z,stop,33,250.9503819221076,39.609795152664184,38.90696489960807,38.9264281136649,1.0,1.0,171.49121942985064,-176.3755204308432,19.7038109224042,0.0,-196.07933135324743,-1.143378255779764,171.49121942985064,-176.3755204308432,19.7038109224042,0.0,-196.07933135324743,-1.143378255779764,9.851863830286437,0.0
B2-000045,0700.HK,0700.HK|swing|2023-01-11T16:00:00Z,HKD,2023-01-13T01:30:00Z,2023-03-10T01:30:00Z,stop,37,155.42460976331472,364.7823061065674,332.8335,337.58734130859375,0.118876380451968,0.12070297412128234,4226.766791252132,-4965.630721517038,108.42666442883348,0.0,-5074.057385945872,-1.200458325840764,502.4627371586324,-495.8055722397889,12.983860046375124,0.0,-508.789432286164,-1.0125913717767576,6.491807694746009,94.49063459525094
B2-000046,ENR.DE,ENR.DE|swing|2023-01-15T23:00:00Z,EUR,2023-01-17T08:00:00Z,2023-01-20T16:30:00Z,stop,3,486.9002061787018,19.254623339653016,18.20803326170785,18.21714183262416,1.0,1.0,505.14995967893935,-509.5849247360845,18.24057522320451,0.0,-527.825499959289,-1.0448887302589545,505.14995967893935,-509.5849247360845,18.24057522320451,0.0,-527.825499959289,-1.0448887302589545,9.120162495411368,0.0
B2-000047,TSM,TSM|swing|2023-01-17T05:00:00Z,USD,2023-01-18T14:30:00Z,2023-03-16T20:00:00Z,tiempo,40,83.93246913354866,90.52524335861206,89.25535305023193,83.9671380179269,0.9222539887485013,0.9438414346389805,550.4379740816178,-106.5850291111076,15.089429358896268,37.68567864096335,-83.98877982904051,-0.15258536616986174,507.64361715541617,63.42220238876133,14.07800708480818,35.569304993830436,84.91350029778359,0.1672699063441334,7.03902115770998,161.72067062735533
B2-000048,NOW,NOW|swing|2023-01-19T05:00:00Z,USD,2023-01-20T14:30:00Z,2023-03-20T20:00:00Z,tiempo,40,79.30502468243945,85.88291633605957,86.98648377990723,79.0257088797433,0.9246417013407305,0.9330969487729774,543.8110065757688,87.51844337307578,13.70941204303525,0.0,73.80903133004054,0.1357255194130698,502.8303343280341,139.25143291322073,12.734622306387259,0.0,126.51681060683347,0.2516093440860253,6.367347557888019,58.328230534046504
B2-000049,BBVA.MC,BBVA.MC|swing|2023-01-19T23:00:00Z,EUR,2023-01-23T08:00:00Z,2023-02-02T16:30:00Z,objetivo,8,1588.6085763204062,6.390193583965301,6.935298811156835,6.132428577968052,1.0,1.0,409.4876992025106,865.958838913555,21.16899150258338,0.0,844.7898474109717,2.063040841168672,409.4876992025106,865.958838913555,21.16899150258338,0.0,844.7898474109717,2.063040841168672,10.584714887178247,0.0
B2-000050,9988.HK,9988.HK|swing|2023-01-19T16:00:00Z,HKD,2023-01-26T01:30:00Z,2023-01-31T08:00:00Z,stop,3,368.2407549579185,117.85890305328368,106.0041166823251,106.05714525495257,0.11736813689819486,0.11707545513083183,4345.88820148795,-4365.41548310663,82.43548739459999,0.0,-4447.85097050123,-1.0234618941597187,510.06880137648756,-523.7855253513661,9.66387472648622,0.0,-533.4494000778524,-1.0458381274021646,4.831807624812976,-11.424843312607642
B2-000051,BSP.DE,BSP.DE|swing|2023-01-24T23:00:00Z,EUR,2023-01-26T08:00:00Z,2023-02-24T16:30:00Z,objetivo,21,936.3892713737397,9.784889732837676,10.609692577617508,9.240000452314105,1.0,1.0,510.22847636882875,772.3365348503745,19.097268069658895,0.0,753.2392667807156,1.4762783765840262,510.22847636882875,772.3365348503745,19.097268069658895,0.0,753.2392667807156,1.4762783765840262,9.548829506170174,0.0
B2-000052,CRM,CRM|swing|2023-01-26T05:00:00Z,USD,2023-01-27T14:30:00Z,2023-03-02T14:30:00Z,objetivo,23,49.90076870339501,165.1325280532837,193.0234351196289,153.7471422467913,0.9178522257916476,0.9359790340696368,568.1395037286934,1391.7777024455784,17.872257878033174,0.0,1373.9054445675451,2.4182536781030337,521.4681080575433,1452.0440018107095,16.578689413088906,0.0,1435.4653123976207,2.752738451723723,8.289709789972054,174.59773981385018
B2-000053,1810.HK,1810.HK|swing|2023-01-29T16:00:00Z,HKD,2023-01-31T01:30:00Z,2023-03-10T01:30:00Z,stop,28,3789.2824555143466,12.726360267162322,11.554220419406892,11.56571442740304,0.11707545513083183,0.12070297412128234,4398.0149176655605,-4441.568960508907,92.00597840531722,0.0,-4533.574938914225,-1.030823001692004,514.8995981578834,-361.177928472243,10.93046257563431,0.0,-372.1083910478773,-0.7226814555286911,5.465142359619618,158.82077907431304
B2-000054,6758.T,6758.T|swing|2023-01-31T15:00:00Z,JPY,2023-02-02T00:00:00Z,2023-04-03T06:00:00Z,tiempo,40,646.0582007157706,2282.1405,2404.797,2207.4285714285716,0.0070736365565537244,0.006904646827314782,48268.254144862214,79243.23769609394,3028.0344081172716,5168.4656057261645,81383.66889370284,1.686070282332047,341.4320870401232,297.98885900865764,21.156665879742746,35.99711384403234,312.8293069729473,0.9162270297582937,10.578410081688416,-262.5490040181093
B2-000055,6857.T,6857.T|swing|2023-02-01T15:00:00Z,JPY,2023-02-03T00:00:00Z,2023-03-06T06:00:00Z,objetivo,20,450.34347184492793,2501.25,2826.8001785714287,2337.1428571428573,0.007086167800453514,0.006918021445866482,73904.58046883719,146609.39767759346,2399.4526155818457,0.0,144209.9450620116,1.951299150163224,523.7002584242997,824.8432700257986,16.788868340208992,0.0,808.0544016855896,1.5429711723206891,8.394642479582547,-214.05552304104782
B2-000056,8035.T,8035.T|swing|2023-02-01T15:00:00Z,JPY,2023-02-03T00:00:00Z,2023-02-21T06:00:00Z,stop,12,79.55864224652748,15967.98,15031.528327636719,15039.0478515625,0.007086167800453514,0.0069886085680341044,73904.58046883719,-74502.8235827126,2466.2787928566995,0.0,-76969.1023755693,-1.0414659265676274,523.7002584242997,-644.6094233554669,17.359795455041727,0.0,-661.9692188105087,-1.2640230898534024,8.6797387450993,-116.66991384077998
B2-000057,6501.T,6501.T|swing|2023-02-01T15:00:00Z,JPY,2023-02-03T00:00:00Z,2023-02-24T00:00:00Z,stop,14,1066.8348359465226,1385.492448852539,1340.529351196289,1343.2571672712054,0.007086167800453514,0.006977393245883338,45058.06969697715,-47968.19891175276,2908.2150198417357,0.0,-50876.4139315945,-1.1291299044487848,319.2890426373097,-495.47174352792183,20.452538593444075,0.0,-515.9242821213659,-1.6158533905825896,10.226147985321864,-155.56103695371056
B2-000058,RRU.DE,RRU.DE|swing|2023-02-19T23:00:00Z,EUR,2023-02-21T08:00:00Z,2023-02-24T16:30:00Z,objetivo,3,7630.535735863688,1.2606299904584883,1.5589879434779288,1.1934285163879395,1.0,1.0,512.7832493980403,2276.6310225939797,21.515195406383974,0.0,2255.1158271875956,4.397795422987961,512.7832493980403,2276.6310225939797,21.515195406383974,0.0,2255.1158271875956,4.397795422987961,10.758169550487853,0.0
B2-000059,IQQT.DE,IQQT.DE|swing|2023-02-22T23:00:00Z,EUR,2023-02-24T08:00:00Z,2023-02-28T08:00:00Z,stop,2,166.71522198186705,62.44120484733581,61.549211830139164,61.88428715297154,1.0,1.0,92.84665704156937,-148.70881386821435,20.67108984000943,0.0,-169.37990370822376,-1.8242972779557252,92.84665704156937,-148.70881386821435,20.67108984000943,0.0,-169.37990370822376,-1.8242972779557252,10.335510326677454,0.0
B2-000060,8035.T,8035.T|swing|2023-02-23T15:00:00Z,JPY,2023-02-27T00:00:00Z,2023-04-06T06:00:00Z,stop,27,95.35646287685411,15611.134674316405,15050.089773297992,15057.618582589286,0.006966213862765586,0.006957005704744677,52781.33665251837,-53499.257276210585,2923.745910797834,27144.170722525294,-29278.832464483126,-0.5547194201851676,367.6860790840708,-385.902110057508,20.35422445263176,189.05258895755182,-217.20374555258795,-0.5907314905520932,10.17701829504179,-13.214842372306164
B2-000061,MBG.DE,MBG.DE|swing|2023-02-23T23:00:00Z,EUR,2023-02-27T08:00:00Z,2023-03-16T16:30:00Z,stop,13,136.8626839443097,72.93645152664185,69.11685795538767,69.15143367222377,1.0,1.0,518.0277023327899,-522.7598277382772,19.44179719888222,0.0,-542.2016249371594,-1.0466653086225102,518.0277023327899,-522.7598277382772,19.44179719888222,0.0,-542.2016249371594,-1.0466653086225102,9.720770339675493,0.0
B2-000062,AIR.PA,AIR.PA|swing|2023-02-23T23:00:00Z,EUR,2023-02-27T08:00:00Z,2023-03-15T16:30:00Z,stop,12,82.6215836497315,122.68131274795532,116.35322355433873,116.41142926897321,1.0,1.0,518.0277023327899,-522.8367506533552,19.749411936274768,0.0,-542.58616258963,-1.0474076196046045,518.0277023327899,-522.8367506533552,19.749411936274768,0.0,-542.58616258963,-1.0474076196046045,9.874577727593396,0.0
B2-000063,RRU.DE,RRU.DE|swing|2023-02-26T23:00:00Z,EUR,2023-02-28T08:00:00Z,2023-04-27T15:30:00Z,tiempo,40,2796.5187837413264,1.6448220534324645,1.724637237608433,1.4594286339623588,1.0,1.0,518.4561799301855,223.20466177586923,9.422756198447603,0.0,213.7819055774216,0.4123432487702416,518.4561799301855,223.20466177586923,9.422756198447603,0.0,213.7819055774216,0.4123432487702416,4.711435078247245,0.0
B2-000064,AMAT,AMAT|swing|2023-02-28T05:00:00Z,USD,2023-03-01T14:30:00Z,2023-04-27T20:00:00Z,tiempo,40,59.08996343479129,117.7588469467163,111.6241603050232,108.36857278006417,0.9417082587814295,0.9056330374932077,554.8709571501398,-362.4984093415483,13.554233511067752,0.0,-376.0526428526161,-0.6777299082007312,522.5265629062434,-579.3151273572554,12.526186257339326,0.0,-591.8413136145947,-1.1326530661385503,6.2629498656248845,-237.94738148518812
B2-000065,R6C0.DE,R6C0.DE|swing|2023-03-01T23:00:00Z,EUR,2023-03-03T08:00:00Z,2023-03-10T16:30:00Z,stop,5,361.5671844958772,29.299642347335812,28.513592353684565,28.527856281825475,1.0,1.0,279.0525147397233,-284.2098830774835,20.903368497447282,0.0,-305.11325157493076,-1.0933900805714463,279.0525147397233,-284.2098830774835,20.903368497447282,0.0,-305.11325157493076,-1.0933900805714463,10.451615809154479,0.0
B2-000066,CRM,CRM|swing|2023-03-02T05:00:00Z,USD,2023-03-03T14:30:00Z,2023-03-10T21:00:00Z,stop,5,42.381790870563734,188.16404232788085,174.80683778708323,174.89428492954798,0.9429514380009429,0.9446438692612885,562.3960829592596,-566.1022494634292,15.383355933136869,0.0,-581.485605396566,-1.0339431994918238,530.3121951525314,-521.2683385237497,14.518296190095107,0.0,-535.7866347138448,-1.0103230504811205,7.259019592716632,12.538591663359758
B2-000067,NVDA,NVDA|swing|2023-03-03T05:00:00Z,USD,2023-03-06T14:30:00Z,2023-05-01T20:00:00Z,objetivo,39,271.8021289409668,23.9029462480545,28.954917765268256,21.806141717093332,0.9420631182289212,0.9106638739641197,569.915935488311,1373.1366137278244,14.36687997009324,1.0872085157638671,1359.856942273495,2.386065834618842,536.8967833144709,1046.4690473590244,13.287395431122956,1.0194172674766686,1034.201069195378,1.926256780327228,6.643960993812744,-247.11231272371165
B2-000068,BSP.DE,BSP.DE|swing|2023-03-08T23:00:00Z,EUR,2023-03-10T08:00:00Z,2023-04-11T15:30:00Z,objetivo,20,988.1181505473353,10.70534980916977,11.793206610556162,10.17857129233224,1.0,1.0,520.5194138055679,1074.9310506462618,22.231231959444465,0.0,1052.6998186868175,2.0224026054867523,520.5194138055679,1074.9310506462618,22.231231959444465,0.0,1052.6998186868175,2.0224026054867523,11.115887491455913,0.0
B2-000069,EUNN.DE,EUNN.DE|swing|2023-03-09T23:00:00Z,EUR,2023-03-13T08:00:00Z,2023-03-13T16:30:00Z,stop,0,250.5062396769891,41.473725614547725,41.21095595659529,41.23157174246652,1.0,1.0,60.661055918284994,-65.82543891487252,20.713028659276276,0.0,-86.5384675741488,-1.4265901947160733,60.661055918284994,-65.82543891487252,20.713028659276276,0.0,-86.5384675741488,-1.4265901947160733,10.3565004624012,0.0
B2-000070,ALV.DE,ALV.DE|swing|2023-03-09T23:00:00Z,EUR,2023-03-13T08:00:00Z,2023-03-13T16:30:00Z,stop,0,47.158197436626516,220.3100969467163,214.0143665499006,214.12142726353235,1.0,1.0,291.8465067896534,-296.8952970608064,20.481958801130347,0.0,-317.37725586193676,-1.0874800570790606,291.8465067896534,-296.8952970608064,20.481958801130347,0.0,-317.37725586193676,-1.0874800570790606,10.240907736967491,0.0
B2-000071,DTE.DE,DTE.DE|swing|2023-03-12T23:00:00Z,EUR,2023-03-14T08:00:00Z,2023-04-05T15:30:00Z,objetivo,16,475.46876015576794,21.48073431301117,22.883731528869696,20.744286673409597,1.0,1.0,350.15784612100117,667.081346726248,21.093917568812014,0.0,645.9874291574359,1.8448463637573536,350.15784612100117,667.081346726248,21.093917568812014,0.0,645.9874291574359,1.8448463637573536,10.547128191524457,0.0
B2-000072,VVSM.DE,VVSM.DE|swing|2023-03-13T23:00:00Z,EUR,2023-03-15T08:00:00Z,2023-04-26T15:30:00Z,stop,28,481.63793560447573,21.560774236679077,20.56114367416927,20.5714293888637,1.0,1.0,476.5060101027228,-481.46000049436446,20.287513586282188,0.0,-501.7475140806466,-1.052972057944206,476.5060101027228,-481.46000049436446,20.287513586282188,0.0,-501.7475140806466,-1.052972057944206,10.143638964049355,0.0
B2-000073,MSFT,MSFT|swing|2023-03-15T04:00:00Z,USD,2023-03-16T13:30:00Z,2023-04-26T13:30:00Z,objetivo,28,40.97597457028896,265.3425964508057,296.55166220092775,253.85428510393416,0.9479571523367144,0.9072763563781527,470.7447536049692,1278.8218845394786,23.024164853704796,0.0,1255.7977196857737,2.667682879243707,446.2458561048149,717.9359296728421,21.33158932730799,0.0,696.6043403455342,1.5610326254366713,10.66597681413031,-494.33242234107274
B2-000074,IBE.MC,IBE.MC|swing|2023-03-15T23:00:00Z,EUR,2023-03-17T08:00:00Z,2023-04-21T15:30:00Z,objetivo,23,951.5376339739366,11.080537309169769,11.878031577638218,10.707857268197197,1.0,1.0,354.61908441635086,758.845809326244,21.845942317980906,4.757688169869684,741.7575551781327,2.0917023019191228,354.61908441635086,758.845809326244,21.845942317980906,4.757688169869684,741.7575551781327,2.0917023019191228,10.923163601232476,0.0
B2-000075,COIN,COIN|swing|2023-03-17T04:00:00Z,USD,2023-03-20T13:30:00Z,2023-03-23T13:30:00Z,stop,3,37.74046308268211,76.79838213729857,61.819073474884036,62.068572998046875,0.9413536665725313,0.9272137227630969,555.9098180348824,-565.3260455779563,5.231486966146904,0.0,-570.5575325441032,-1.026349084031291,523.3077454908052,-565.1613724250708,4.891689810597485,0.0,-570.0530622356683,-1.0893266288291246,2.4457042263812694,-32.9896266113118
B2-000076,SAP.DE,SAP.DE|swing|2023-03-19T23:00:00Z,EUR,2023-03-21T08:00:00Z,2023-05-19T15:30:00Z,tiempo,40,86.51521898111824,113.15654847335814,124.41776335525513,107.10857282366071,1.0,1.0,523.2419377260444,974.2664715007456,20.55379361214095,177.35619891129238,1131.0688767998972,2.1616556228566197,523.2419377260444,974.2664715007456,20.55379361214095,177.35619891129238,1131.0688767998972,2.1616556228566197,10.277142941972588,0.0
B2-000077,ITX.MC,ITX.MC|swing|2023-03-30T22:00:00Z,EUR,2023-04-03T07:00:00Z,2023-06-01T15:30:00Z,tiempo,40,347.22157375598175,30.765375,31.434275762557984,29.285714285714285,1.0,1.0,513.7701218391858,232.25677546196,21.597060624847835,208.33294425358903,418.9926590907012,0.8155255459208064,513.7701218391858,232.25677546196,21.597060624847835,208.33294425358903,418.9926590907012,0.8155255459208064,10.798591076264831,0.0
B2-000078,EXSA.DE,EXSA.DE|swing|2023-04-04T22:00:00Z,EUR,2023-04-06T07:00:00Z,2023-06-06T15:30:00Z,tiempo,40,232.938901607226,45.32765280532837,46.29683969497681,44.06928743634905,1.0,1.0,293.12224687061433,225.76132952683156,21.342908643340607,0.0,204.41842088349097,0.6973828259911037,293.12224687061433,225.76132952683156,21.342908643340607,0.0,204.41842088349097,0.6973828259911037,10.671513429880275,0.0
B2-000079,AAPL,AAPL|swing|2023-04-05T04:00:00Z,USD,2023-04-06T13:30:00Z,2023-05-30T20:00:00Z,objetivo,36,71.07155646766881,162.51120767211913,177.9164501108442,157.91570390973772,0.9140767824497257,0.9307520476545048,326.60960514547503,1094.8745578819778,24.194723503278112,17.057173552240513,1087.7370079309403,3.330388913230068,298.5462569885512,1211.6547903508815,22.326690389433274,15.66027685662919,1204.9883768180775,4.036186515861383,11.16365089932486,210.85537729605633
B2-000080,AIR.PA,AIR.PA|swing|2023-04-10T22:00:00Z,EUR,2023-04-12T07:00:00Z,2023-05-04T15:30:00Z,stop,15,84.0624320015578,126.06299999999999,121.23363931219919,121.2942864554269,1.0,1.0,400.86965807558295,-405.9678044292512,20.788356926395508,151.31237760280405,-275.4437837528427,-0.687115570370528,400.86965807558295,-405.9678044292512,20.788356926395508,151.31237760280405,-275.4437837528427,-0.687115570370528,10.394079569765406,0.0
B2-000081,6501.T,6501.T|swing|2023-04-20T15:00:00Z,JPY,2023-04-24T00:00:00Z,2023-04-28T00:00:00Z,stop,4,1007.1660053570598,1561.580448852539,1475.2620000000002,1496.0856759207588,0.006806425265450586,0.0067953248165262305,65964.10882546862,-86937.0073194291,3058.6044781095634,0.0,-89995.61179753867,-1.3643117962171505,448.97977692260156,-608.2236646114617,20.801669375335397,0.0,-629.0253339867971,-1.4010103936045055,10.400685231920523,-16.49342148983677
B2-000082,ABBV,ABBV|swing|2023-04-25T04:00:00Z,USD,2023-04-26T13:30:00Z,2023-04-26T20:00:00Z,stop,0,71.84948457260118,162.76133267211912,160.81383560834612,160.894282749721,0.9072763563781527,0.9058791557206268,134.14657459562125,-139.92666023874423,23.24870906144412,0.0,-163.17536930018835,-1.2163960935422546,121.70801541972531,-143.09595344436505,21.07686024477997,0.0,-164.17281368914502,-1.3489071621369761,10.53839698299987,-16.143802982793662
B2-000083,TTE.PA,TTE.PA|swing|2023-04-25T22:00:00Z,EUR,2023-04-27T07:00:00Z,2023-04-28T15:30:00Z,stop,1,184.4278742691436,57.3986839313507,56.45033301435198,56.47857230050223,1.0,1.0,169.69423216769906,-174.90234368326696,20.996932182927655,0.0,-195.8992758661946,-1.1544250701025514,169.69423216769906,-174.90234368326696,20.996932182927655,0.0,-195.8992758661946,-1.1544250701025514,10.498424990482322,0.0
B2-000084,MSFT,MSFT|swing|2023-04-26T04:00:00Z,USD,2023-04-27T13:30:00Z,2023-05-26T20:00:00Z,objetivo,21,38.1046772997363,296.11798622131346,330.75372005408155,280.7857142857143,0.9058791557206268,0.9301460329271696,584.2312743778101,1319.7834607371872,23.886744075959008,25.911180563820686,1321.8078972250487,2.2624737072364653,529.2429335789565,1501.4061814148222,21.9443454107126,23.92758386168685,1503.3894198657963,2.840641460622373,10.972550800037649,305.8418542681725
B2-000085,ALV.DE,ALV.DE|swing|2023-04-26T22:00:00Z,EUR,2023-04-28T07:00:00Z,2023-05-04T15:30:00Z,stop,3,47.0227399520483,226.363125,220.81097177886963,220.9214324951172,1.0,1.0,255.88329155611464,-261.0774570911406,21.027351266124867,0.0,-282.1048083572655,-1.1024745173539419,255.88329155611464,-261.0774570911406,21.027351266124867,0.0,-282.1048083572655,-1.1024745173539419,10.513612992101258,0.0
B2-000086,IFX.DE,IFX.DE|swing|2023-04-26T22:00:00Z,EUR,2023-04-28T07:00:00Z,2023-06-09T15:30:00Z,objetivo,29,327.35061274310544,32.51625,37.19371203992197,31.26321475846427,1.0,1.0,410.18185410542657,1531.1700648510728,22.81959878806708,0.0,1508.3504660630058,3.6772725340388255,410.18185410542657,1531.1700648510728,22.81959878806708,0.0,1508.3504660630058,3.6772725340388255,11.410185039094028,0.0
B2-000087,MA,MA|swing|2023-04-28T04:00:00Z,USD,2023-05-01T13:30:00Z,2023-05-24T20:00:00Z,stop,17,30.91370345565071,380.68023522949215,367.2477069309779,367.4314226422991,0.9106638739641197,0.9272137227630969,409.5698634599791,-415.24919647990527,23.12122261014385,0.0,-438.3704190900491,-1.070319030279151,372.9804785174201,-190.2622285120117,21.24355236635526,0.0,-211.50578087836695,-0.5670693053939243,10.621731273052585,187.89021341486657
B2-000088,NVDA,NVDA|swing|2023-05-01T04:00:00Z,USD,2023-05-02T13:30:00Z,2023-05-25T13:30:00Z,objetivo,17,398.93024031029967,28.694340305328367,38.50373731040955,27.21671404157366,0.9106638739641197,0.9272137227630969,589.4698004884758,3913.265104536169,26.807345251636495,0.0,3886.4577592845326,6.593141423129637,536.8088520976921,3817.8798881489874,24.666691605752412,0.0,3793.213196543235,7.066226985118569,12.334303356422708,254.21072820347442
B2-000089,RACE.MI,RACE.MI|swing|2023-05-03T22:00:00Z,EUR,2023-05-05T07:00:00Z,2023-06-28T15:30:00Z,objetivo,38,39.3796796188855,267.2335561065674,291.0053301563263,254.27142333984375,1.0,1.0,510.44463553103486,936.1248460520418,21.983268491836213,0.0,914.1415775602056,1.7908731210568793,510.44463553103486,936.1248460520418,21.983268491836213,0.0,914.1415775602056,1.7908731210568793,10.99187102509768,0.0
B2-000090,PLTR,PLTR|swing|2023-05-09T04:00:00Z,USD,2023-05-10T13:30:00Z,2023-05-18T20:00:00Z,objetivo,6,579.861674173474,9.734864542007445,11.558637736526984,8.723571572984968,0.9124920156948626,0.9248127254231019,586.4100340972369,1057.5361778868048,12.347285880247657,0.0,1045.1888920065571,1.7823516502673737,535.0944740370808,1047.571779398658,11.349378241996387,0.0,1036.2224011566616,1.936522336586219,5.674952432680147,82.57846076848692
B2-000091,APP,APP|swing|2023-05-11T04:00:00Z,USD,2023-05-12T13:30:00Z,2023-07-11T20:00:00Z,objetivo,39,203.24149793158864,22.691340305328367,27.341858982009548,19.802856717790878,0.9149130832570906,0.91000091000091,587.0597310819285,945.1783820075125,10.168822369468252,0.0,935.0095596380443,1.592699192490784,537.1086286202457,837.4591190801559,9.276291678513587,0.0,828.1828274016423,1.5419279886251764,4.638356363625304,-27.296948630285456
B2-000092,PLTR,PLTR|swing|2023-05-18T04:00:00Z,USD,2023-05-19T13:30:00Z,2023-05-30T20:00:00Z,objetivo,6,405.6847913333117,11.975985267162322,14.81393746940366,10.475856849125453,0.9248127254231019,0.9307520476545048,608.5792842444582,1151.3140469801895,10.868264215219313,0.0,1140.44578276497,1.873947753875349,562.821866498158,1100.4439557980345,10.086803123687726,0.0,1090.3571526743467,1.9373041766455874,5.043677933751801,35.6940741923844
B2-000093,6857.T,6857.T|swing|2023-05-18T15:00:00Z,JPY,2023-05-22T00:00:00Z,2023-05-25T06:00:00Z,objetivo,3,262.7423257712979,3499.2487499999997,4202.295122767858,3179.285714285714,0.006686726847208291,0.006697923643670461,84067.83216441622,184720.03910610187,2023.5215491607155,0.0,182696.51755694117,2.1732036244211845,562.1386303204026,1247.5350605096987,13.54309848447903,0.0,1233.9919620252197,2.1951737444585158,6.771862818969113,12.36261580156161
B2-000094,RRU.DE,RRU.DE|swing|2023-05-21T22:00:00Z,EUR,2023-05-23T07:00:00Z,2023-07-18T15:30:00Z,tiempo,40,3353.5686456200397,1.8049020200371741,1.6796597805023195,1.6370000328336443,1.0,1.0,563.0708398230549,-420.0084476113232,11.685717198014558,0.0,-431.6941648093378,-0.7666782477050271,563.0708398230549,-420.0084476113232,11.685717198014558,0.0,-431.6941648093378,-0.7666782477050271,5.842755057583484,0.0
B2-000095,7011.T,7011.T|swing|2023-05-23T15:00:00Z,JPY,2023-05-25T00:00:00Z,2023-06-12T06:00:00Z,objetivo,12,2787.83992737311,586.293,657.9075727206639,556.9285714285714,0.006697923643670461,0.00665601703940362,81863.32641592428,199649.96521243194,3468.6320342911577,0.0,196181.33317814078,2.396449567433886,548.3143095507319,1260.3776014081475,23.15576989262533,0.0,1237.2218315155221,2.256409891124773,11.578202935263175,-76.86262104618652
B2-000096,PANW,PANW|swing|2023-05-24T04:00:00Z,USD,2023-05-25T13:30:00Z,2023-06-13T20:00:00Z,objetivo,12,87.74814996107536,103.18656963729858,116.60501032805443,96.2028579711914,0.9272137227630969,0.9265264523302141,612.8077785624832,1177.4433459762406,19.28630451898148,0.0,1158.157041457259,1.8899189631274742,568.2037816991036,1084.7095637384905,17.875494146960783,0.0,1066.8340695915297,1.8775553840936583,8.9380204853753,-7.032064426776444
B2-000097,6857.T,6857.T|swing|2023-05-24T15:00:00Z,JPY,2023-05-26T00:00:00Z,2023-06-15T06:00:00Z,objetivo,14,210.7511015007483,4127.0625,4968.719754464286,3721.4285714285716,0.006683151774376796,0.0066133192249189865,85487.7972525044,177380.19346444384,1916.946129139308,0.0,175463.24733530454,2.052494659758756,571.3279238956386,1112.3326814391878,12.738115851090086,0.0,1099.5945655880978,1.9246294808950295,6.369337601049224,-73.12607325200959
B2-000098,MU,MU|swing|2023-05-25T04:00:00Z,USD,2023-05-26T13:30:00Z,2023-06-08T20:00:00Z,stop,8,122.35622495410857,69.91493725204468,64.84898868506296,64.88142939976284,0.9315323707498836,0.9313588525658936,615.8810190820691,-619.8503424675589,16.48920523765957,0.0,-636.3395477052185,-1.0332183132606385,573.7131058053741,-578.7874698501862,15.358851635997162,0.0,-594.1463214861834,-1.0356157380301176,7.679283040951303,-1.3768108212534977
B2-000099,EUNN.DE,EUNN.DE|swing|2023-05-25T22:00:00Z,EUR,2023-05-29T07:00:00Z,2023-06-13T15:30:00Z,objetivo,11,269.49436877447937,43.631805610656734,45.75408578218733,42.84085627964565,1.0,1.0,213.156390693429,571.9425551892322,24.088994378258683,0.0,547.8535608109735,2.570195334180343,213.156390693429,571.9425551892322,24.088994378258683,0.0,547.8535608109735,2.570195334180343,12.044643185926969,0.0
B2-000100,VVSM.DE,VVSM.DE|swing|2023-05-29T22:00:00Z,EUR,2023-05-31T07:00:00Z,2023-07-26T15:30:00Z,tiempo,40,452.0799584225414,25.98298431301117,25.957014313697815,25.203570774623326,1.0,1.0,352.3572400283418,-11.740516209814393,23.481032419629454,0.0,-35.221548629443845,-0.09995976988186991,352.3572400283418,-11.740516209814393,23.481032419629454,0.0,-35.221548629443845,-0.09995976988186991,11.740516209814393,0.0
B2-000101,SXR8.DE,SXR8.DE|swing|2023-05-31T22:00:00Z,EUR,2023-06-02T07:00:00Z,2023-07-24T15:30:00Z,objetivo,36,28.751760291305306,409.27454232788085,427.6825791628701,399.3014177594866,1.0,1.0,286.7448869457997,529.2634625131301,24.063990531202965,0.0,505.1994719819271,1.761843000455731,286.7448869457997,529.2634625131301,24.063990531202965,0.0,505.1994719819271,1.761843000455731,12.032130589499529,0.0
B2-000102,6758.T,6758.T|swing|2023-06-05T15:00:00Z,JPY,2023-06-07T00:00:00Z,2023-06-23T06:00:00Z,stop,12,579.6158485788237,2801.3999999999996,2645.9620714285716,2647.285714285714,0.006707357971694949,0.006408202499198974,89327.08249240484,-90094.28687026288,3157.3773895471704,0.0,-93251.66425981004,-1.0439349596774181,599.1487188436839,-1063.0918961735456,20.718863140498488,0.0,-1083.8107593140442,-1.8089177615295997,10.359168387065145,-458.7972629301156
B2-000103,PLTR,PLTR|swing|2023-06-07T04:00:00Z,USD,2023-06-08T13:30:00Z,2023-08-07T20:00:00Z,tiempo,40,293.8779625654798,14.447219580173492,17.981004771232605,12.292856625148229,0.9330969487729774,0.9104151493080844,633.1197958493707,1038.5015920925168,9.5299405020075,0.0,1028.9716515905093,1.6252400546251724,590.7621497148182,849.167024760052,8.772502762293861,0.0,840.3945219977581,1.4225598617031345,4.386464769519089,-119.85564211735529
B2-000104,6501.T,6501.T|swing|2023-06-08T15:00:00Z,JPY,2023-06-12T00:00:00Z,2023-08-01T06:00:00Z,objetivo,35,1025.2458175216843,1742.670948852539,1909.9034333092827,1660.314243861607,0.00665601703940362,0.006380399413003254,84435.86733682005,171454.40524303666,3744.786608498258,0.0,167709.6186345384,1.9862367015848141,562.0065717306978,601.5109164688957,24.385670948785332,0.0,577.1252455201104,1.0269012402165596,12.192988900367478,-539.6925263095696
B2-000105,IFX.DE,IFX.DE|swing|2023-06-08T22:00:00Z,EUR,2023-06-12T07:00:00Z,2023-07-07T15:30:00Z,stop,19,244.0923304579933,37.10354158401489,34.63981679126195,34.65714536394392,1.0,1.0,597.1465545807497,-601.3763262702021,17.51200354070432,0.0,-618.8883298109064,-1.0364094459950812,597.1465545807497,-601.3763262702021,17.51200354070432,0.0,-618.8883298109064,-1.0364094459950812,8.755853615232878,0.0
B2-000106,ADYEN.AS,ADYEN.AS|swing|2023-06-08T22:00:00Z,EUR,2023-06-12T07:00:00Z,2023-07-06T15:30:00Z,stop,18,6.226228954151173,1588.7939999999999,1492.1393341761998,1492.885777064732,1.0,1.0,597.1465545807497,-601.79407890595,19.18259633105737,0.0,-620.9766752370074,-1.039906653523252,597.1465545807497,-601.79407890595,19.18259633105737,0.0,-620.9766752370074,-1.039906653523252,9.591150114795436,0.0
B2-000107,EXV1.DE,EXV1.DE|swing|2023-06-12T22:00:00Z,EUR,2023-06-14T07:00:00Z,2023-06-26T15:30:00Z,stop,8,788.2367837453663,15.477735267162322,14.971938985688347,14.979428700038365,1.0,1.0,392.7835657889817,-398.687234139412,24.001553299161102,0.0,-422.6887874385731,-1.0761366417902973,392.7835657889817,-398.687234139412,24.001553299161102,0.0,-422.6887874385731,-1.0761366417902973,12.0006799779406,0.0
B2-000108,AMZN,AMZN|swing|2023-06-13T04:00:00Z,USD,2023-06-14T13:30:00Z,2023-08-11T20:00:00Z,tiempo,40,90.81366666595353,126.7633469467163,138.34079866027832,119.51428767613002,0.9265264523302141,0.9087604507451835,658.313652240762,1051.3908407565946,24.07507951091602,0.0,1027.3157612456785,1.5605262897843761,609.9450127311795,750.9429696516685,22.082999552769827,0.0,728.8599700988987,1.194960127365003,11.0416902725486,-223.19845604702016
B2-000109,NVDA,NVDA|swing|2023-06-14T04:00:00Z,USD,2023-06-15T13:30:00Z,2023-08-14T20:00:00Z,tiempo,40,162.00051928119527,42.623302190780635,43.73112185287476,38.52871513366699,0.9251549634563789,0.9149130832570906,663.3252294944713,179.46736052916617,13.989461537300707,0.0,165.47789899186546,0.2494672170361714,613.6786284526518,93.47688321006925,12.869861541153952,0.0,80.6070216689153,0.13135054396820095,6.434955748535739,-72.55823616190371
B2-000110,ORCL,ORCL|swing|2023-06-23T04:00:00Z,USD,2023-06-26T13:30:00Z,2023-08-22T20:00:00Z,tiempo,40,89.99150421189901,118.04899286270141,116.48173091506959,110.89571271623883,0.9187798603454612,0.918526683200147,643.7344404292807,-141.040260161458,21.105772616667004,35.996601684759604,-126.1494310933654,-0.19596501782511652,591.4502392771781,-132.23884607938044,19.38890492167922,32.756940290071526,-118.87081071098814,-0.20098193020644017,9.69442182473226,-2.653895545148723
B2-000111,R6C0.DE,R6C0.DE|swing|2023-06-25T22:00:00Z,EUR,2023-06-27T07:00:00Z,2023-08-22T15:30:00Z,tiempo,40,423.8022849617148,27.77888188934326,28.220883110046387,26.687856946672714,1.0,1.0,462.3788636540017,187.32112728985214,23.732828364060396,121.06039410616872,284.6486930319605,0.6156178740145942,462.3788636540017,187.32112728985214,23.732828364060396,121.06039410616872,284.6486930319605,0.6156178740145942,11.86646397892746,0.0
B2-000112,8035.T,8035.T|swing|2023-06-27T15:00:00Z,JPY,2023-06-29T00:00:00Z,2023-08-28T06:00:00Z,tiempo,40,67.54257804438824,20460.225,20944.522500000003,19064.285714285714,0.006336332530731213,0.006339144215530904,94285.33815058465,32710.701690452395,2796.583389426939,0.0,29914.118301025457,0.31727221737540073,597.4232552945423,211.24342481918347,17.724059846923396,0.0,193.51936497226006,0.3239233880791114,8.862084949837332,3.977541594924002
B2-000113,QDV5.DE,QDV5.DE|swing|2023-07-05T22:00:00Z,EUR,2023-07-07T07:00:00Z,2023-07-13T15:30:00Z,stop,4,1700.8780913213634,6.941469202280044,6.823443457194737,6.8268568856375555,1.0,1.0,194.9415783727954,-200.7474040274781,23.412438371452737,0.0,-224.15984239893083,-1.1498821558234236,194.9415783727954,-200.7474040274781,23.412438371452737,0.0,-224.15984239893083,-1.1498821558234236,11.706171925416347,0.0
B2-000114,IQQK.DE,IQQK.DE|swing|2023-07-10T22:00:00Z,EUR,2023-07-12T07:00:00Z,2023-08-01T07:00:00Z,objetivo,14,289.41860070868006,40.9354584159851,43.14341841506958,39.63071550641741,1.0,1.0,377.61686717165367,639.0246933557687,24.33399088160131,0.0,614.6907024741674,1.627815799326429,377.61686717165367,639.0246933557687,24.33399088160131,0.0,614.6907024741674,1.627815799326429,12.16715823876148,0.0
B2-000115,6857.T,6857.T|swing|2023-07-12T15:00:00Z,JPY,2023-07-14T00:00:00Z,2023-08-03T00:00:00Z,stop,13,183.70363135677428,5252.625,4722.6375,4747.678571428572,0.006458279514337381,0.006374298827129016,92760.49256920545,-97360.62832369845,1832.4919449870545,0.0,-99193.1202686855,-1.0693466315379996,599.0731888995444,-701.6409115910283,11.761886428313085,0.0,-713.4027980193414,-1.1908441426494356,5.880769274121176,-72.85876018507179
B2-000116,COIN,COIN|swing|2023-07-13T04:00:00Z,USD,2023-07-14T13:30:00Z,2023-07-27T20:00:00Z,stop,9,46.58481285980938,106.73334030532837,92.26241603170124,92.30857031685966,0.8942944017170452,0.898876404494382,671.9752104586096,-674.125299195393,9.270180068856751,0.0,-683.3954792642498,-1.01699507456212,600.9436688057679,-583.1729077119045,8.309963711901888,0.0,-591.4828714238064,-0.9842567650296365,4.1548371014329835,19.69357341436371
B2-000117,MRVL,MRVL|swing|2023-07-18T04:00:00Z,USD,2023-07-19T13:30:00Z,2023-08-02T20:00:00Z,stop,10,159.95541956561337,66.033,61.74911095864432,61.78000095912388,0.8884940026654821,0.9103322712790168,680.2902459954909,-685.2312689825808,20.439441171369715,0.0,-705.6707101539505,-1.0373082876137958,604.4338036388191,-393.1250018816411,18.376019769644167,0.0,-411.50102165128527,-0.6808041164705916,9.187913900549827,215.69887104823937
B2-000118,ZPRR.DE,ZPRR.DE|swing|2023-07-23T22:00:00Z,EUR,2023-07-25T07:00:00Z,2023-08-17T15:30:00Z,stop,17,235.9121506871694,50.38518061065673,48.81343954331534,48.837858472551616,1.0,1.0,365.03209340624727,-370.792815519855,23.40215982572314,0.0,-394.19497534557814,-1.0798912820711226,365.03209340624727,-370.792815519855,23.40215982572314,0.0,-394.19497534557814,-1.0798912820711226,11.700990139903922,0.0
B2-000119,QDV5.DE,QDV5.DE|swing|2023-07-25T22:00:00Z,EUR,2023-07-27T07:00:00Z,2023-08-03T15:30:00Z,stop,5,1703.8637822506792,6.994495675563812,6.905116889578956,6.908571175166538,1.0,1.0,146.40364423489805,-152.28927634113043,23.68304643706322,0.0,-175.97232277819364,-1.2019668205516385,146.40364423489805,-152.28927634113043,23.68304643706322,0.0,-175.97232277819364,-1.2019668205516385,11.84148810658234,0.0
B2-000120,COIN,COIN|swing|2023-07-27T04:00:00Z,USD,2023-07-28T13:30:00Z,2023-08-18T13:30:00Z,stop,15,33.53154129732963,94.84740305328368,72.30382633972168,75.15285818917411,0.898876404494382,0.9174311926605504,660.3884444430014,-755.920873560323,5.604838351290978,0.0,-761.5257119116139,-1.1531481483657937,593.607590510563,-634.4941185908935,5.083042263297917,0.0,-639.5771608541914,-1.0774410082999275,2.5413631434598623,44.98531831726195
B2-000121,IFX.DE,IFX.DE|swing|2023-07-30T22:00:00Z,EUR,2023-08-01T07:00:00Z,2023-08-03T07:00:00Z,stop,2,266.0634976844591,39.98998622131347,34.9825,37.681428636823384,1.0,1.0,614.2229055354192,-1332.3092986493975,19.94744191414258,0.0,-1352.25674056354,-2.201573286142391,614.2229055354192,-1332.3092986493975,19.94744191414258,0.0,-1352.25674056354,-2.201573286142391,9.973390373092677,0.0
B2-000122,EXV1.DE,EXV1.DE|swing|2023-07-30T22:00:00Z,EUR,2023-08-01T07:00:00Z,2023-08-02T15:30:00Z,stop,1,759.702911321029,16.17008165645599,15.703001826490675,15.710857255118233,1.0,1.0,348.8741146459517,-354.8419066439818,24.214074314772787,0.0,-379.0559809587546,-1.086512197511221,348.8741146459517,-354.8419066439818,24.214074314772787,0.0,-379.0559809587546,-1.086512197511221,12.106951473644818,0.0
B2-000123,7203.T,7203.T|swing|2023-08-01T15:00:00Z,JPY,2023-08-03T00:00:00Z,2023-08-09T06:00:00Z,stop,4,753.2733476481937,2477.238,2399.0855714285717,2400.285714285714,0.006374298827129016,0.006387735547748323,57966.105869180195,-58870.141496836004,3673.204580865796,0.0,-62543.3460777018,-1.0789640797822726,369.4932806551517,-350.973472852932,23.43838605266104,0.0,-374.411858905593,-1.0133116852401758,11.719108212736867,24.28240104326973
B2-000124,6501.T,6501.T|swing|2023-08-01T15:00:00Z,JPY,2023-08-03T00:00:00Z,2023-08-04T06:00:00Z,stop,1,1008.2737374552987,1850.724948852539,1794.0738801095147,1794.9713657924108,0.006374298827129016,0.006400409626216077,56214.87356855991,-57119.78481236619,3674.9549375502656,0.0,-60794.73974991646,-1.0814707192353803,358.33040265527734,-316.8662939337031,23.47249323158027,0.0,-340.33878716528335,-0.9497904298472202,11.73617033325818,47.232283401623825
B2-000125,EXSA.DE,EXSA.DE|swing|2023-08-01T22:00:00Z,EUR,2023-08-03T07:00:00Z,2023-08-17T15:30:00Z,stop,10,257.70329498452867,45.53275332069397,45.10600572667803,45.12857001168387,1.0,1.0,104.15937050965292,-109.97426110462841,23.357906859816524,0.0,-133.33216796444492,-1.2800784731325583,104.15937050965292,-109.97426110462841,23.357906859816524,0.0,-133.33216796444492,-1.2800784731325583,11.678928856075437,0.0
B2-000126,ICGA.DE,ICGA.DE|swing|2023-08-02T22:00:00Z,EUR,2023-08-04T07:00:00Z,2023-08-08T15:30:00Z,stop,2,2836.3248114618277,4.148573360681533,4.011564749070576,4.013571534837995,1.0,1.0,382.90902823267646,-388.60092449609505,23.144802185645126,0.0,-411.74572668174017,-1.0753095286944787,382.90902823267646,-388.60092449609505,23.144802185645126,0.0,-411.74572668174017,-1.0753095286944787,11.572306835666513,0.0
B2-000127,RRU.DE,RRU.DE|swing|2023-08-02T22:00:00Z,EUR,2023-08-04T07:00:00Z,2023-09-29T15:30:00Z,tiempo,40,2875.202206851994,2.2491239064931867,2.576711068630219,2.044500010354178,1.0,1.0,588.3350777535306,941.8793315127767,13.875251370378354,0.0,928.0040801423984,1.57733936872478,588.3350777535306,941.8793315127767,13.875251370378354,0.0,928.0040801423984,1.57733936872478,6.937862889486224,0.0
B2-000128,APP,APP|swing|2023-08-04T04:00:00Z,USD,2023-08-07T13:30:00Z,2023-08-09T20:00:00Z,stop,2,278.194425689598,31.455720534324644,29.108010659217836,29.12257194519043,0.913575735428467,0.9117432530999271,649.0689318026888,-653.1198003911364,16.848492417006746,0.0,-669.9682928081431,-1.0321989853179532,592.9736267154109,-611.5132690272595,15.377534983665853,0.0,-626.8908040109254,-1.0571984583587435,7.688616535669008,-14.838867062033888
B2-000129,7011.T,7011.T|swing|2023-08-07T15:00:00Z,JPY,2023-08-09T00:00:00Z,2023-09-04T06:00:00Z,objetivo,17,2283.412650770257,761.5806122131347,849.920465456009,721.2427978515625,0.006387735547748323,0.006350415952244872,92107.87561763616,201716.338461967,3679.7219474796257,0.0,198036.6165144874,2.1500508527260913,588.3607513103556,1216.0837723536667,23.432663836343814,0.0,1192.6511085173229,2.027074555638075,11.716638868273114,-72.42685340147311
B2-000130,GOOGL,GOOGL|swing|2023-08-08T04:00:00Z,USD,2023-08-09T13:30:00Z,2023-10-05T20:00:00Z,tiempo,40,86.81475997678115,131.72583366394042,135.00247232055665,124.30856105259487,0.9137426900584795,0.9500285008550257,643.9287414363168,284.4605985047805,23.155953863057555,0.0,261.3046446417229,0.4057974552570354,588.3851804059913,685.2010145658411,21.583860795772686,0.0,663.6171537700684,1.1278617746833228,10.792104396164687,425.2772220724374
B2-000131,TTE.PA,TTE.PA|swing|2023-08-08T22:00:00Z,EUR,2023-08-10T07:00:00Z,2023-09-19T15:30:00Z,objetivo,28,188.54246953150567,57.60879183197021,63.15787307087013,54.51714270455496,1.0,1.0,582.9071614077949,1046.2374804131384,22.76964523786533,0.0,1023.4678351752731,1.7557990413146893,582.9071614077949,1046.2374804131384,22.76964523786533,0.0,1023.4678351752731,1.7557990413146893,11.385087024572268,0.0
B2-000132,9988.HK,9988.HK|swing|2023-08-10T16:00:00Z,HKD,2023-08-14T01:30:00Z,2023-08-16T08:00:00Z,stop,2,1078.2465364446284,92.34615305328369,89.06259473255703,89.10714830671039,0.1162696059623054,0.11698369247326923,3492.4456495203726,-3540.485386537456,195.60335398083993,0.0,-3736.088740518296,-1.069762886941815,406.06527951450147,-343.07608894790604,22.811299644117703,0.0,-365.88738859202374,-0.9010555865044283,11.405566904427609,68.57475186010494
B2-000133,MUV2.DE,MUV2.DE|swing|2023-08-15T22:00:00Z,EUR,2023-08-17T07:00:00Z,2023-09-15T15:30:00Z,objetivo,21,32.50499167411413,353.47663778686524,380.26603064441684,342.29998779296875,1.0,1.0,363.29691499609316,870.7889917892875,23.85029932830111,0.0,846.9386924609863,2.3312575953751056,363.29691499609316,870.7889917892875,23.85029932830111,0.0,846.9386924609863,2.3312575953751056,11.925370342740127,0.0
B2-000134,ALV.DE,ALV.DE|swing|2023-08-16T22:00:00Z,EUR,2023-08-18T07:00:00Z,2023-10-13T15:30:00Z,tiempo,40,51.970886238192065,221.91090305328368,222.68860305023193,214.73571123395647,1.0,1.0,372.9010777794608,40.4177580688402,23.106230353262188,0.0,17.311527715578013,0.04642391440288704,372.9010777794608,40.4177580688402,23.106230353262188,0.0,17.311527715578013,0.04642391440288704,11.553128169351861,0.0
B2-000135,ENI.MI,ENI.MI|swing|2023-08-16T22:00:00Z,EUR,2023-08-18T07:00:00Z,2023-09-13T15:30:00Z,objetivo,18,825.7265540640823,13.966980038166046,15.20325237117495,13.466571126665388,1.0,1.0,413.20092611639683,1020.8228934202056,24.086635488613553,0.0,996.736257931592,2.4122314228570145,413.20092611639683,1020.8228934202056,24.086635488613553,0.0,996.736257931592,2.4122314228570145,12.04357596092356,0.0
B2-000136,XOM,XOM|swing|2023-08-18T04:00:00Z,USD,2023-08-21T13:30:00Z,2023-10-11T20:00:00Z,stop,36,113.46886779312615,110.41518061065673,105.0074730066572,105.06000300816127,0.9202171712524155,0.9430403621274991,607.6459393862675,-613.6064591821068,24.443764602947404,0.0,-638.0502237850543,-1.0500361846069368,559.1662274650479,-292.7110761814779,22.765512041633475,0.0,-315.4765882231114,-0.5641910629211437,11.382685688718684,271.9401239492911
B2-000137,SAP.DE,SAP.DE|swing|2023-08-21T22:00:00Z,EUR,2023-08-23T07:00:00Z,2023-09-22T07:00:00Z,stop,22,90.27430938430741,128.04399335861206,122.83855152511597,123.27428545270648,1.0,1.0,430.58208717049706,-469.9176665590417,22.648248475956056,0.0,-492.5659150349978,-1.143953568230898,430.58208717049706,-469.9176665590417,22.648248475956056,0.0,-492.5659150349978,-1.143953568230898,11.324009589562678,0.0
B2-000138,NVDA,NVDA|swing|2023-08-22T04:00:00Z,USD,2023-08-23T13:30:00Z,2023-09-21T13:30:00Z,stop,20,155.15801713653275,45.88893412971496,41.56220868301392,41.83399854387556,0.918526683200147,0.9344047841524948,629.1557651152065,-671.3261410043124,13.568745915146762,0.620632068546131,-684.274254850913,-1.0876070645647087,577.8963581475214,-514.2377070429241,12.565648447224618,0.5776008083258547,-526.2257546818228,-0.9105884597865757,6.2826972348584915,102.39326659932075
B2-000139,QDV5.DE,QDV5.DE|swing|2023-08-24T22:00:00Z,EUR,2023-08-28T07:00:00Z,2023-09-08T07:00:00Z,objetivo,9,1644.1204821048893,7.05352519083023,7.278359064817429,6.930000168936593,1.0,1.0,203.0900185477835,369.6539772933427,23.563344451866904,0.0,346.0906328414758,1.7041242859507975,203.0900185477835,369.6539772933427,23.563344451866904,0.0,346.0906328414758,1.7041242859507975,11.781767584868724,0.0
B2-000140,EUNL.DE,EUNL.DE|swing|2023-08-31T22:00:00Z,EUR,2023-09-04T07:00:00Z,2023-09-21T15:30:00Z,stop,13,151.2432620264466,79.18156929016112,77.45468001828876,77.49342673165458,1.0,1.0,255.32018731420078,-261.1803666364519,23.690177296997696,0.0,-284.8705439334496,-1.1157384260527887,255.32018731420078,-261.1803666364519,23.690177296997696,0.0,-284.8705439334496,-1.1157384260527887,11.845026314661673,0.0
B2-000141,AIR.PA,AIR.PA|swing|2023-09-06T22:00:00Z,EUR,2023-09-08T07:00:00Z,2023-09-12T15:30:00Z,stop,2,88.15883377150568,136.54823572540283,131.97397764696393,132.03999764578683,1.0,1.0,397.44101146323953,-403.2612575650622,23.67260517265126,0.0,-426.9338627377134,-1.074206864475036,397.44101146323953,-403.2612575650622,23.67260517265126,0.0,-426.9338627377134,-1.074206864475036,11.836204730062672,0.0
B2-000142,7011.T,7011.T|swing|2023-09-11T15:00:00Z,JPY,2023-09-13T00:00:00Z,2023-10-03T06:00:00Z,stop,13,1945.6172805080662,840.92025,791.3184198564802,791.7142769949777,0.006352432981832042,0.00634236062662523,95735.99138278484,-96506.17787205803,3175.7117619862684,15564.93824406453,-84116.95138997977,-0.8786345675750281,608.1564692083905,-628.5564534640106,20.15798871143452,99.0136020614792,-549.7008401139659,-0.9038806095896446,10.078839736313968,-15.507426198998274
B2-000143,R6C0.DE,R6C0.DE|swing|2023-09-12T22:00:00Z,EUR,2023-09-14T07:00:00Z,2023-10-11T15:30:00Z,objetivo,19,408.83276762633733,29.769876660346984,31.389876896321777,29.02142906188965,1.0,1.0,305.9899031005982,662.309180028894,25.00411131391762,0.0,637.3050687149764,2.082765026744866,305.9899031005982,662.309180028894,25.00411131391762,0.0,637.3050687149764,2.082765026744866,12.502224359808256,0.0
B2-000144,ITX.MC,ITX.MC|swing|2023-09-14T22:00:00Z,EUR,2023-09-18T07:00:00Z,2023-09-26T07:00:00Z,stop,6,339.5938720966889,36.20809362602234,34.862561067581176,34.9057126726423,1.0,1.0,442.28059090330424,-456.93461155319926,24.13515881984754,0.0,-481.0697703730468,-1.0877026491045434,442.28059090330424,-456.93461155319926,24.13515881984754,0.0,-481.0697703730468,-1.0877026491045434,12.067468193138547,0.0
B2-000145,7203.T,7203.T|swing|2023-09-18T15:00:00Z,JPY,2023-09-20T00:00:00Z,2023-09-22T00:00:00Z,stop,2,668.258305429096,2901.45,2748.12525,2760.9285714285716,0.006321112515802782,0.006355662895640015,93904.61173361841,-102460.53761533964,3775.3755829591614,0.0,-106235.9131982988,-1.1313173148477618,593.5816165209761,-584.2142817329478,23.928024154262637,0.0,-608.1423058872105,-1.0245302229061195,11.963869014527155,63.45030496325887
B2-000146,EXV1.DE,EXV1.DE|swing|2023-09-20T22:00:00Z,EUR,2023-09-22T07:00:00Z,2023-10-04T15:30:00Z,stop,8,758.3681543390035,15.871932320594787,15.435706597873143,15.443428312029157,1.0,1.0,324.9637941027815,-330.81969621561154,23.74271634331048,0.0,-354.562412558922,-1.091082819050232,324.9637941027815,-330.81969621561154,23.74271634331048,0.0,-354.562412558922,-1.091082819050232,11.871278434550455,0.0
B2-000147,EUNN.DE,EUNN.DE|swing|2023-09-20T22:00:00Z,EUR,2023-09-22T07:00:00Z,2023-10-02T15:30:00Z,stop,6,265.16978017794156,45.3926839313507,44.517303337914605,44.53957312447684,1.0,1.0,226.21920512616904,-232.1244795334862,23.841411559992604,0.0,-255.9658910934788,-1.1314949628203281,226.21920512616904,-232.1244795334862,23.841411559992604,0.0,-255.9658910934788,-1.1314949628203281,11.920650729036545,0.0
B2-000148,BBVA.MC,BBVA.MC|swing|2023-09-21T22:00:00Z,EUR,2023-09-25T07:00:00Z,2023-10-31T08:00:00Z,stop,26,1609.1538685358075,7.453724809169769,7.090452862739563,7.17171437399728,1.0,1.0,453.79818272527694,-584.5604579286977,23.40381976542502,257.4646189657292,-350.49965872839357,-0.7723690223338359,453.79818272527694,-584.5604579286977,23.40381976542502,257.4646189657292,-350.49965872839357,-0.7723690223338359,11.70176666803831,0.0
B2-000149,CRWD,CRWD|swing|2023-10-06T04:00:00Z,USD,2023-10-09T13:30:00Z,2023-11-14T21:00:00Z,objetivo,26,216.9263676444644,44.1470625,51.22607182768413,41.268214634486604,0.9467007478935908,0.9324878776575904,624.4980104668399,1535.623779975801,20.688947600572092,0.0,1514.9348323752288,2.4258441291794477,591.2127335670168,1295.8387064450453,19.428304692051686,0.0,1276.4104017529937,2.15896974013383,9.71447873432126,-157.93747454122746
B2-000150,PANW,PANW|swing|2023-10-09T04:00:00Z,USD,2023-10-10T13:30:00Z,2023-10-20T20:00:00Z,stop,8,88.65394643763644,127.22358366394042,120.09135141917638,120.15142713274274,0.9495774380400722,0.9441979038806535,626.9745863153796,-632.3005354080947,21.925445008086168,0.0,-654.2259804161808,-1.0434649102142288,595.3609213895922,-657.6919215102896,20.76263429964085,0.0,-678.4545558099304,-1.1395685061532002,10.381155322127086,-57.27359902610479
B2-000151,PLTR,PLTR|swing|2023-10-09T04:00:00Z,USD,2023-10-10T13:30:00Z,2023-10-20T20:00:00Z,stop,8,287.22277337085404,18.069029465675353,15.878200340202877,15.886143411908831,0.9495774380400722,0.9441979038806535,626.9745863153796,-629.2560173998473,9.750417493102065,0.0,-639.0064348929494,-1.0191903289865047,595.3609213895922,-622.061116739903,9.234242663054903,0.0,-631.295359402958,-1.0603574012373764,4.616966970489637,-24.533799866057066
B2-000152,1810.HK,1810.HK|swing|2023-10-09T16:00:00Z,HKD,2023-10-11T01:30:00Z,2023-10-30T08:00:00Z,objetivo,12,4970.6492895425,12.486239542007446,14.195040350471226,11.491428783961705,0.12085468432756453,0.12132094242108074,4944.855387709298,8493.849524560135,132.6232849416337,0.0,8361.226239618501,1.6908939865867008,597.608936927064,1059.4200060558887,16.061043739145124,0.0,1043.3589623167436,1.7458891556772047,8.030788732270656,32.898503039338806
B2-000153,BSP.DE,BSP.DE|swing|2023-10-09T22:00:00Z,EUR,2023-10-11T07:00:00Z,2023-12-06T16:30:00Z,tiempo,40,973.1532627795065,12.281137118339538,12.17890791940689,11.756428173610143,1.0,1.0,510.622221573003,-99.48467849264124,23.803372636216615,130.70275499402135,7.414703865163489,0.014520918894446152,510.622221573003,-99.48467849264124,23.803372636216615,130.70275499402135,7.414703865163489,0.014520918894446152,11.901664422354678,0.0
B2-000154,INFY,INFY|swing|2023-10-10T04:00:00Z,USD,2023-10-11T13:30:00Z,2023-10-12T13:30:00Z,stop,1,707.0315710872028,17.868930610656736,16.39179961872101,17.224285670689174,0.945000945000945,0.9430403621274991,455.78432469868153,-1044.3782459299155,24.22341792067177,0.0,-1068.6016638505873,-2.3445336005292385,430.7166175568716,-1009.6606434468108,22.86843061208304,0.0,-1032.529074058894,-2.3972352864295035,11.433965749370216,-22.722214104611126
B2-000155,VRTX,VRTX|swing|2023-10-11T04:00:00Z,USD,2023-10-12T13:30:00Z,2023-11-15T21:00:00Z,stop,24,34.35338855277454,366.55318011474606,351.55414598083496,351.7300109863281,0.9430403621274991,0.9201324990798675,509.22608865203347,-515.267647518576,24.669419995955465,0.0,-539.9370675145315,-1.0603091230926378,480.2207550471836,-762.5781959233142,22.9875987594464,0.0,-785.5657946827606,-1.6358430709759215,11.493611608575913,-276.6600070148107
B2-000156,LLY,LLY|swing|2023-10-11T04:00:00Z,USD,2023-10-12T13:30:00Z,2023-10-23T20:00:00Z,stop,7,20.787583555611317,605.7627519836425,576.5616203177317,576.8500453404018,0.9430403621274991,0.9436633009342266,601.0253051652435,-607.0209644235281,24.57766667905052,0.0,-631.5986311025786,-1.0508686168029637,566.7911214308218,-564.979147389969,23.185197807979748,0.0,-588.1643451979487,-1.03770917179008,11.5924605573152,7.4661227189784585
B2-000157,EQQQ.DE,EQQQ.DE|swing|2023-10-11T22:00:00Z,EUR,2023-10-13T07:00:00Z,2023-10-19T07:00:00Z,stop,4,33.69214937056277,353.1765,345.577125,346.23570033482144,1.0,1.0,233.8504590703471,-256.0392776229188,23.542511506722203,0.0,-279.581789129641,-1.1955580084858286,233.8504590703471,-256.0392776229188,23.542511506722203,0.0,-279.581789129641,-1.1955580084858286,11.771194686338758,0.0
B2-000158,AVGO,AVGO|swing|2023-10-12T04:00:00Z,USD,2023-10-13T13:30:00Z,2023-10-20T20:00:00Z,stop,5,131.93890923961484,90.94545152664185,86.11577655519758,86.15885598318917,0.9417082587814295,0.9441979038806535,631.5381949743476,-637.222047714224,23.36126530174456,0.0,-660.5833130159685,-1.0459910711224691,594.7247339432598,-571.7898635491227,22.02778387169787,0.0,-593.8176474208207,-0.9984747792202541,11.01375174182003,28.28740146097544
B2-000159,ENI.MI,ENI.MI|swing|2023-10-12T22:00:00Z,EUR,2023-10-16T07:00:00Z,2023-11-08T16:30:00Z,stop,17,759.9786596378126,15.595794297695159,14.849714694227492,14.85714326586042,1.0,1.0,561.3590211138517,-567.0045770264682,23.13793711567235,0.0,-590.1425141421405,-1.0512746601473981,561.3590211138517,-567.0045770264682,23.13793711567235,0.0,-590.1425141421405,-1.0512746601473981,11.568829698897304,0.0
B2-000160,EXH1.DE,EXH1.DE|swing|2023-10-17T22:00:00Z,EUR,2023-10-19T07:00:00Z,2023-10-30T16:30:00Z,stop,7,313.9421660860354,37.74386097335815,36.363953310830254,36.38214438302176,1.0,1.0,427.5002559654976,-433.2112005727264,23.265567740279742,0.0,-456.4767683130061,-1.0677812748487503,427.5002559654976,-433.2112005727264,23.265567740279742,0.0,-456.4767683130061,-1.0677812748487503,11.632678475507372,0.0
B2-000161,COIN,COIN|swing|2023-10-24T04:00:00Z,USD,2023-10-25T13:30:00Z,2023-10-27T20:00:00Z,stop,2,52.344102643608274,83.55175713729858,71.84548541695732,71.88142613002232,0.9405568096313018,0.948676596148373,610.8730041297529,-612.7542885035119,8.134129214793663,0.0,-620.8884177183056,-1.0163952466729491,574.5607638541694,-545.7942393245975,7.681146602753257,0.0,-553.4753859273508,-0.963301744126457,3.8404378129256287,30.535979358163797
B2-000162,MSFT,MSFT|swing|2023-10-25T04:00:00Z,USD,2023-10-26T13:30:00Z,2023-11-20T21:00:00Z,objetivo,17,35.55372349068837,340.7102785491943,376.5183637238911,325.88572474888394,0.94553706505295,0.9150805270863837,527.0680866890679,1273.1107590321885,25.50014882697912,26.665292618016277,1274.2759028232258,2.417668485352551,498.362411771055,796.0630120475839,23.703625481740218,24.53560233531126,796.894988901155,1.5990270736293897,11.852014719624346,-407.71039853504476
B2-000163,NOW,NOW|swing|2023-10-26T04:00:00Z,USD,2023-10-27T13:30:00Z,2023-11-14T14:30:00Z,objetivo,12,87.15833795290989,111.34764581680297,129.431254196167,104.45978396279472,0.9487666034155597,0.9372071227741331,600.3345912446075,1576.137250536684,20.98588873926034,0.0,1555.1513617974235,2.5904743529325867,569.5774110480147,1364.9837343782162,19.780307727474664,0.0,1345.2034266507417,2.3617569808036905,9.890497582293404,-130.40265133021174
B2-000164,1810.HK,1810.HK|swing|2023-10-29T16:00:00Z,HKD,2023-10-31T01:30:00Z,2023-11-09T08:00:00Z,objetivo,7,5188.090249531345,14.247119771003723,16.72127842107841,13.33142798287528,0.12057053979430665,0.1198925762516785,4750.691637565098,12836.158368246117,160.66684470394543,0.0,12675.491523542172,2.6681360295653334,572.7934551375225,1488.848188034918,19.31287383769302,0.0,1469.535314197225,2.56555884327345,9.656811545095596,-58.81435530972327
B2-000165,MUV2.DE,MUV2.DE|swing|2023-11-01T23:00:00Z,EUR,2023-11-03T08:00:00Z,2023-11-03T16:30:00Z,stop,0,30.47781393101647,381.1905,370.27191167122976,370.45714024135043,1.0,1.0,327.129341578781,-332.7747034736271,22.90293155906864,0.0,-355.6776350326957,-1.0872691312743024,327.129341578781,-332.7747034736271,22.90293155906864,0.0,-355.6776350326957,-1.0872691312743024,11.451385448704258,0.0
B2-000166,RACE.MI,RACE.MI|swing|2023-11-01T23:00:00Z,EUR,2023-11-03T08:00:00Z,2023-11-22T16:30:00Z,objetivo,13,34.85142666749245,306.9533877868652,334.8548001911981,290.2857012067522,1.0,1.0,580.8926565635567,972.4040283290708,22.367930997913682,0.0,950.0360973311571,1.6354761703330496,580.8926565635567,972.4040283290708,22.367930997913682,0.0,950.0360973311571,1.6354761703330496,11.18421139601589,0.0
B2-000167,DTE.DE,DTE.DE|swing|2023-11-01T23:00:00Z,EUR,2023-11-03T08:00:00Z,2024-01-03T16:30:00Z,tiempo,40,542.9996251313783,21.395692728996277,22.273857347488406,20.745714732578822,1.0,1.0,352.9378083983224,476.8430586448656,23.712549321187133,0.0,453.1305093236785,1.283882028338204,352.9378083983224,476.8430586448656,23.712549321187133,0.0,453.1305093236785,1.283882028338204,11.856396835456295,0.0
B2-000168,PLTR,PLTR|swing|2023-11-02T04:00:00Z,USD,2023-11-03T13:30:00Z,2024-01-03T21:00:00Z,tiempo,40,295.4064021168254,18.029010457992552,16.081955152511597,15.931428364345006,0.937998311603039,0.9158347834050736,619.6391794290994,-575.1726025146053,10.076597623729791,0.0,-585.249200138335,-0.9444999922011882,581.2205041075878,-644.8034807283041,9.346539007072462,0.0,-654.1500197353765,-1.125476501796449,4.673109470942843,-105.29255068927843
B2-000169,MU,MU|swing|2023-11-03T04:00:00Z,USD,2023-11-06T14:30:00Z,2023-12-21T14:30:00Z,objetivo,32,139.75862604338388,72.61629183197022,84.95750000000001,68.16286087036133,0.9344047841524948,0.9137426900584795,622.405392373524,1724.7902972792308,22.022296646882346,0.0,1702.7680006323485,2.735786067242918,581.5785763161316,1366.3200329880024,20.332407072422797,0.0,1345.9876259155797,2.314369340152472,10.16654765785537,-245.33227244951456
B2-000170,6758.T,6758.T|swing|2023-11-07T15:00:00Z,JPY,2023-11-09T00:00:00Z,2023-11-10T06:00:00Z,stop,1,716.4188475058098,2639.319,2565.2881428571427,2566.5714285714284,0.006212337702677518,0.006189267809618123,52117.73128170379,-53037.10135415305,3728.67865100622,0.0,-56765.78000515927,-1.0891836349961612,323.7729470193439,-371.8827131207062,23.121412636077117,0.0,-395.00412575678337,-1.2200034913144975,11.56061623751427,-42.39832873757147
B2-000171,LLY,LLY|swing|2023-11-08T05:00:00Z,USD,2023-11-09T14:30:00Z,2023-11-13T21:00:00Z,stop,2,18.163107951582084,615.0673897705078,580.159769771031,580.4499947684152,0.93711929528629,0.9372071227741331,628.7594824255664,-634.0308703833023,21.709039925415794,0.0,-655.7399103087181,-1.0429105701580346,589.2226430752193,-593.2370798925659,20.34488567879837,0.0,-613.5819655713643,-1.0413414568880297,10.17229707320245,0.9254825507868759
B2-000172,RRU.DE,RRU.DE|swing|2023-11-08T23:00:00Z,EUR,2023-11-10T08:00:00Z,2023-11-30T16:30:00Z,objetivo,14,4379.272059408508,2.662330513358116,3.14026830789234,2.575142894472395,1.0,1.0,381.81830331259556,2093.0196297390517,25.41115888985886,0.0,2067.6084708491926,5.415163319597166,381.81830331259556,2093.0196297390517,25.41115888985886,0.0,2067.6084708491926,5.415163319597166,12.706105876360963,0.0
B2-000173,8035.T,8035.T|swing|2023-11-12T15:00:00Z,JPY,2023-11-14T00:00:00Z,2023-12-20T06:00:00Z,objetivo,25,63.739811912530854,22851.42,25576.000245535713,21338.571428571428,0.006174364040503828,0.006321112515802782,96428.6833949981,173664.23239104362,3086.7546578595347,0.0,170577.4777331841,1.7689495669504516,595.3857952272048,1311.4969420870498,19.2979777118357,0.0,1292.198964375214,2.1703557168039236,9.649319142482168,239.23075049009034
B2-000174,BBVA.MC,BBVA.MC|swing|2023-11-13T23:00:00Z,EUR,2023-11-15T08:00:00Z,2024-01-15T16:30:00Z,tiempo,40,1457.3715837561547,8.204099809169769,8.247873855113983,7.860572133745466,1.0,1.0,500.64747239718685,63.79505066513476,23.97663891503176,0.0,39.818411750102996,0.07953383157902613,500.64747239718685,63.79505066513476,23.97663891503176,0.0,39.818411750102996,0.07953383157902613,11.988338403362029,0.0
B2-000175,INTC,INTC|swing|2023-11-14T05:00:00Z,USD,2023-11-15T14:30:00Z,2023-11-29T21:00:00Z,objetivo,9,257.31881639874575,39.609795152664184,44.97286361341818,37.11856951032366,0.9324878776575904,0.9103322712790168,641.0392336692687,1380.0184285866608,21.76470964154731,0.0,1358.2537189451134,2.1188308727541583,597.7613144995046,1030.4577131706321,20.038935159049643,0.0,1010.4187780115825,1.6903381893450047,10.019727698883742,-256.39274243050596
B2-000176,6758.T,6758.T|swing|2023-11-14T15:00:00Z,JPY,2023-11-16T00:00:00Z,2023-12-04T06:00:00Z,stop,11,690.3512171128355,2650.3244999999997,2508.887785714286,2510.1428571428573,0.006120325601321991,0.00620578379049274,96774.56776330505,-97641.00785158275,3561.668480786351,0.0,-101202.6763323691,-1.0457569449433708,592.2918646386257,-449.58000255555663,21.946585543915674,0.0,-471.5265880994723,-0.7961051235899791,10.973183120250916,148.01475753736628
B2-000177,7203.T,7203.T|swing|2023-11-19T15:00:00Z,JPY,2023-11-21T00:00:00Z,2023-12-14T00:00:00Z,stop,16,585.4282770242565,2786.3925,2604.19725,2620.1428571428573,0.00616827041697508,0.006364157067396423,97327.24197375498,-106662.25128950353,3155.803669487118,0.0,-109818.05495899064,-1.1283383021230984,600.3407474324881,-359.27855970115075,19.764493465814652,0.0,-379.0430531669654,-0.6313798535049315,9.88215938380636,298.64304953585673
B2-000178,EXSA.DE,EXSA.DE|swing|2023-11-21T23:00:00Z,EUR,2023-11-23T08:00:00Z,2023-12-14T08:00:00Z,objetivo,15,262.57759184428545,45.40269106864929,47.446266220092774,44.593570709228516,1.0,1.0,212.45687548888955,536.597042018851,24.380055610130807,0.0,512.2169864087201,2.410922147047703,212.45687548888955,536.597042018851,24.380055610130807,0.0,512.2169864087201,2.410922147047703,12.190165001866458,0.0
B2-000179,IFX.DE,IFX.DE|swing|2023-11-28T23:00:00Z,EUR,2023-11-30T08:00:00Z,2024-01-04T16:30:00Z,stop,22,292.7230682318527,35.83290612602234,33.73955036803655,33.75642858232771,1.0,1.0,607.832877704833,-612.7735203784163,20.365462929368,0.0,-633.1389833077843,-1.041633328059691,607.832877704833,-612.7735203784163,20.365462929368,0.0,-633.1389833077843,-1.041633328059691,10.182580816947706,0.0
B2-000180,6857.T,6857.T|swing|2023-11-29T15:00:00Z,JPY,2023-12-01T00:00:00Z,2023-12-05T06:00:00Z,stop,2,327.86620609199974,4634.316,4332.8325,4335.0,0.006203858800173708,0.006270771932024832,98135.60134263293,-98846.2513443372,2940.0249581585663,0.0,-101786.27630249577,-1.037200311710699,608.819413999832,-518.1721035559156,18.334555792113193,0.0,-536.5066593480287,-0.8812246242662964,9.16715064481707,95.05608271083297
B2-000181,ITX.MC,ITX.MC|swing|2023-11-30T23:00:00Z,EUR,2023-12-04T08:00:00Z,2024-01-05T16:30:00Z,stop,21,319.0459927251763,38.23911122131347,37.20995801435198,37.22857230050223,1.0,1.0,322.40839317765125,-328.347206581327,24.071723194483443,0.0,-352.41892977581045,-1.0930823676839672,322.40839317765125,-328.347206581327,24.071723194483443,0.0,-352.41892977581045,-1.0930823676839672,12.035782519382593,0.0
B2-000182,IQQT.DE,IQQT.DE|swing|2023-12-03T23:00:00Z,EUR,2023-12-05T08:00:00Z,2023-12-27T16:30:00Z,objetivo,14,184.85902158563607,65.38267347335815,67.96242962862765,64.26428386143276,1.0,1.0,206.74440941206763,476.89119879264075,24.65004529266886,0.0,452.2411534999719,2.1874407863605074,206.74440941206763,476.89119879264075,24.65004529266886,0.0,452.2411534999719,2.1874407863605074,12.32514495041843,0.0
B2-000183,ALV.DE,ALV.DE|swing|2023-12-05T23:00:00Z,EUR,2023-12-07T08:00:00Z,2024-02-06T16:30:00Z,tiempo,40,50.01364689456967,241.07047194671628,247.9759561004639,235.72857012067522,1.0,1.0,267.1679916730748,345.3684461015791,24.458995367402242,0.0,320.90945073417686,1.2011523114148486,267.1679916730748,345.3684461015791,24.458995367402242,0.0,320.90945073417686,1.2011523114148486,12.22958708320695,0.0
B2-000184,6758.T,6758.T|swing|2023-12-12T15:00:00Z,JPY,2023-12-14T00:00:00Z,2024-01-11T06:00:00Z,objetivo,16,743.4916879706982,2581.29,2855.00928125,2523.0,0.006364157067396423,0.0062881217380368485,43338.13049181197,203508.01044668895,4041.843328930456,0.0,199466.16711775848,4.60255587525734,275.8106694572136,1133.758599287756,25.56152744345352,0.0,1108.1970718443024,4.017963025234659,12.781050356638133,-161.39834366832636
B2-000185,QDV5.DE,QDV5.DE|swing|2023-12-12T23:00:00Z,EUR,2023-12-14T08:00:00Z,2024-01-12T16:30:00Z,objetivo,18,1579.8749526694608,7.731864164113998,8.020532422246678,7.555571283612933,1.0,1.0,278.52070623758306,456.05975065454356,24.88681681130715,0.0,431.1729338432364,1.5480821504001154,278.52070623758306,456.05975065454356,24.88681681130715,0.0,431.1729338432364,1.5480821504001154,12.44352553147036,0.0
B2-000186,APP,APP|swing|2023-12-19T05:00:00Z,USD,2023-12-20T14:30:00Z,2023-12-26T21:00:00Z,stop,3,213.87873101453147,43.631805610656734,40.46961124692644,40.48985617501395,0.9122422915526364,0.9071940488070398,671.9961582071024,-676.3261177359389,17.987504314024015,0.0,-694.3136220499629,-1.0332107015349667,613.0233152774151,-660.6688023539011,16.36526663986463,0.0,-677.0340689937658,-1.1044181389534646,8.182470198348492,-43.69551487357035
B2-000187,META,META|swing|2023-12-20T05:00:00Z,USD,2023-12-21T14:30:00Z,2024-01-24T21:00:00Z,objetivo,21,31.649310004197744,353.15650099182125,391.1938231613977,332.0042986188616,0.9137426900584795,0.9170105456212746,669.4526101733276,1203.8550010744684,23.558174160850307,0.0,1180.2968269136181,1.763077488947318,611.707428886447,1140.4730744935823,21.566568797972963,0.0,1118.9065056956094,1.8291530441807258,10.783572213145927,40.45936737144486
B2-000188,8035.T,8035.T|swing|2023-12-25T15:00:00Z,JPY,2023-12-27T00:00:00Z,2024-01-05T06:00:00Z,stop,4,51.341827541182056,25667.8275,23790.955714285716,23802.85714285714,0.006383250351078769,0.006332721170286873,95750.98644584532,-96362.02753905316,2539.304318184567,0.0,-98901.33185723773,-1.0329014407927188,611.2025178465807,-676.822882453422,16.147295244213375,0.0,-692.9701776976354,-1.1337816148715203,8.073480434755039,-61.71993633409879
B2-000189,1810.HK,1810.HK|swing|2023-12-26T16:00:00Z,HKD,2023-12-28T01:30:00Z,2024-01-03T08:00:00Z,stop,3,4468.25772687394,16.408199618339538,15.215244957174574,15.222856385367256,0.11572868566931685,0.1168101484656987,5296.419059726131,-5330.428882560629,141.3017005749107,0.0,-5471.73058313554,-1.0331000099184888,612.9476165360242,-543.3595927765039,16.426184026229773,0.0,-559.7857768027336,-0.9132685431852624,8.212958226454875,73.52393585600291
B2-000190,COIN,COIN|swing|2023-12-29T05:00:00Z,USD,2024-01-02T14:30:00Z,2024-01-03T14:30:00Z,stop,1,35.09352559844598,173.10651427459715,145.92700000000002,153.86428833007812,0.9049773755656109,0.9127418765972983,675.2775487550596,-953.8249799489021,11.196010799957756,0.0,-965.0209907488598,-1.4290731159772314,611.1109038507326,-823.4272959199825,10.171899201733103,0.0,-833.5991951217156,-1.3640718728287118,5.085745015477448,39.76273118309673
B2-000191,ABBV,ABBV|swing|2024-01-02T05:00:00Z,USD,2024-01-03T14:30:00Z,2024-02-02T21:00:00Z,objetivo,21,82.8103255364199,160.67029133605956,170.90872661903927,155.2357134137835,0.9127418765972983,0.9188642837452908,450.0391668967224,847.848158767117,27.458166417908153,128.35600458145083,948.7459969306597,2.1081409502039707,410.76959373559913,860.5169924903703,25.148868817190113,117.30579837456663,952.6739220477468,2.3192415811111773,12.574652681504569,86.65047298770833
B2-000192,BSP.DE,BSP.DE|swing|2024-01-02T23:00:00Z,EUR,2024-01-04T08:00:00Z,2024-02-12T08:00:00Z,objetivo,27,889.7507308778539,13.446719580173491,14.542725190639496,12.952142306736537,1.0,1.0,440.05049051610644,975.1717929583561,24.903628941696184,0.0,950.26816401666,2.1594525730494074,440.05049051610644,975.1717929583561,24.903628941696184,0.0,950.26816401666,2.1594525730494074,12.452061376810487,0.0
B2-000193,6501.T,6501.T|swing|2024-01-03T15:00:00Z,JPY,2024-01-05T00:00:00Z,2024-01-11T06:00:00Z,objetivo,3,928.2977473437445,2035.0169999999998,2199.972694672721,1965.4571358816963,0.006332721170286873,0.0062881217380368485,64572.2651665581,153127.99977620956,3931.331393588659,0.0,149196.6683826209,2.3105379375771022,408.9181506336401,878.634640950309,24.80494325859612,0.0,853.8296976917128,2.0880210290706316,12.402694388630735,-91.08228499617564
B2-000194,MRVL,MRVL|swing|2024-01-04T05:00:00Z,USD,2024-01-05T14:30:00Z,2024-01-12T21:00:00Z,objetivo,5,156.7942182634307,58.579274236679076,66.98559754979611,54.3985710144043,0.9129918743723181,0.9139097057210747,655.5100935279798,1318.0628923498384,19.687845913108283,0.0,1298.3750464367301,1.9807094646686934,598.4753889600838,1213.0206514324636,17.984483283367503,0.0,1195.036168149096,1.9968008546276257,8.992547144982295,9.639940805385457
B2-000195,EUNL.DE,EUNL.DE|swing|2024-01-04T23:00:00Z,EUR,2024-01-08T08:00:00Z,2024-01-23T16:30:00Z,objetivo,11,146.78986131793408,81.57076377868651,84.09794511771203,80.59742736816406,1.0,1.0,142.87591671628613,370.9645982808267,24.318486803623536,0.0,346.64611147720314,2.426203935863809,142.87591671628613,370.9645982808267,24.318486803623536,0.0,346.64611147720314,2.426203935863809,12.159339182793179,0.0
B2-000196,EXV1.DE,EXV1.DE|swing|2024-01-09T23:00:00Z,EUR,2024-01-11T08:00:00Z,2024-01-15T16:30:00Z,stop,2,725.5675055403084,16.89844438934326,16.454624319893973,16.462855747767858,1.0,1.0,316.048964109557,-322.02142069904613,24.199902865475778,0.0,-346.2213235645219,-1.0954673575342135,316.048964109557,-322.02142069904613,24.199902865475778,0.0,-346.2213235645219,-1.0954673575342135,12.099873952351025,0.0
B2-000197,ENR.DE,ENR.DE|swing|2024-01-09T23:00:00Z,EUR,2024-01-11T08:00:00Z,2024-01-17T16:30:00Z,stop,4,614.9610382599612,12.35617538166046,11.353606392792294,11.359286035810198,1.0,1.0,613.0481071543705,-616.5408663216069,14.580592016934572,0.0,-631.1214583385415,-1.029481130392953,613.0481071543705,-616.5408663216069,14.580592016934572,0.0,-631.1214583385415,-1.029481130392953,7.290143695785385,0.0
B2-000198,COIN,COIN|swing|2024-01-11T05:00:00Z,USD,2024-01-12T14:30:00Z,2024-02-05T21:00:00Z,stop,15,31.56025102955805,137.25859744262695,115.96770256151473,116.02571541922433,0.910166560480568,0.9305788200260562,670.1150867395772,-671.9459870918342,7.991885595416889,0.0,-679.9378726872511,-1.0146583566644742,609.9163436238985,-536.8745143288797,7.348655277706,0.0,-544.2231696065858,-0.8922915007868325,3.674194338772533,74.70825357121511
B2-000199,6501.T,6501.T|swing|2024-01-11T15:00:00Z,JPY,2024-01-15T00:00:00Z,2024-02-13T00:00:00Z,objetivo,20,854.5829740773107,2222.1105,2434.782,2107.4285714285716,0.006282590940503864,0.00623014142421033,98005.22359149285,181745.4429714831,3979.701042608323,0.0,177765.74192887478,1.813839460943849,615.7267298579685,1032.6993458654558,24.893700788579785,0.0,1007.8056450768761,1.6367742314993368,12.447111680902255,-109.13292762504472
B2-000200,6758.T,6758.T|swing|2024-01-11T15:00:00Z,JPY,2024-01-15T00:00:00Z,2024-01-26T06:00:00Z,stop,9,677.1949220100827,2894.4465,2810.308428571429,2811.714285714286,0.006282590940503864,0.006218518748834028,56025.8354009357,-56977.87471914993,3863.2310689405635,0.0,-60841.10578809049,-1.0859473197087637,351.9874059240793,-479.9061716217357,24.149163022697003,0.0,-504.0553346444327,-1.432026618455642,12.074464553420366,-121.93749210204061
B2-000201,EUNN.DE,EUNN.DE|swing|2024-01-14T23:00:00Z,EUR,2024-01-16T08:00:00Z,2024-01-17T08:00:00Z,stop,1,256.130494774205,47.834906324386594,47.31233053588868,47.60357230050223,1.0,1.0,59.25169799561018,-133.8475952649919,24.37010885342078,0.0,-158.21770411841268,-2.6702644729292766,59.25169799561018,-133.8475952649919,24.37010885342078,0.0,-158.21770411841268,-2.6702644729292766,12.185024011065682,0.0
B2-000202,QDV5.DE,QDV5.DE|swing|2024-01-14T23:00:00Z,EUR,2024-01-16T08:00:00Z,2024-01-17T16:30:00Z,stop,1,1523.3058801797274,8.043019057273865,7.930604048626765,7.934571334293911,1.0,1.0,165.19905410746622,-171.24244369258278,24.33271400499319,0.0,-195.57515769757597,-1.1838757718936412,165.19905410746622,-171.24244369258278,24.33271400499319,0.0,-195.57515769757597,-1.1838757718936412,12.166317233464088,0.0
B2-000203,EQQQ.DE,EQQQ.DE|swing|2024-01-15T23:00:00Z,EUR,2024-01-17T08:00:00Z,2024-01-25T16:30:00Z,objetivo,6,32.53879154390468,376.0379311065674,395.60345985875813,372.1071341378348,1.0,1.0,127.9033831670018,636.6386615138081,25.108278367269378,0.0,611.5303831465387,4.781190051463074,127.9033831670018,636.6386615138081,25.108278367269378,0.0,611.5303831465387,4.781190051463074,12.554301481874067,0.0
B2-000204,8035.T,8035.T|swing|2024-01-16T15:00:00Z,JPY,2024-01-18T00:00:00Z,2024-02-09T00:00:00Z,objetivo,16,74.73453651536241,26223.105,29780.1025,25029.285714285714,0.006224712107065048,0.006228589224540641,89219.53100095816,265830.5595488029,4185.3737558861685,0.0,261645.18579291675,2.932599878720578,555.3658948083296,1663.3476234707136,26.06137561187635,0.0,1637.2862478588372,2.948121703483259,13.031106900620157,8.6289210194036
B2-000205,6857.T,6857.T|swing|2024-01-16T15:00:00Z,JPY,2024-01-18T00:00:00Z,2024-01-22T00:00:00Z,objetivo,2,288.0683227173974,5174.585999999999,5987.005,4834.428571428572,0.006224712107065048,0.0062046286529751195,97988.57990843411,234032.1786737455,3215.3007982275985,0.0,230816.8778755179,2.3555487597759437,609.9506997101407,1422.1456757920353,19.979684546342007,0.0,1402.1659912456932,2.2988185633888563,9.990200307138632,-34.63726024123741
B2-000206,NVDA,NVDA|swing|2024-01-19T05:00:00Z,USD,2024-01-22T14:30:00Z,2024-02-05T14:30:00Z,objetivo,10,169.85664891165953,60.07902428627014,68.19088597488404,56.052001408168245,0.918526683200147,0.9188642837452908,684.0166111649744,1377.8536428628327,21.787497113158942,0.0,1356.0661457496738,1.9825046988845878,628.2875091071685,1269.5056540358796,20.0163077761045,0.0,1249.4893462597752,1.9887222460229539,10.008473766582975,3.910317521840932
B2-000207,7203.T,7203.T|swing|2024-01-22T15:00:00Z,JPY,2024-01-24T00:00:00Z,2024-02-07T06:00:00Z,objetivo,10,674.6193294486627,3001.5,3302.566640625,2862.5,0.006215813028344107,0.0062672348959639,93772.08679336411,203105.37521779916,4252.8452098981215,0.0,198852.53000790102,2.120594057441548,582.8697587852071,1377.0316879595985,26.549457313769658,0.0,1350.4822306458288,2.3169536766849044,13.275076233574953,114.56665055408531
B2-000208,6857.T,6857.T|swing|2024-01-23T15:00:00Z,JPY,2024-01-25T00:00:00Z,2024-02-15T06:00:00Z,objetivo,14,205.5846228097468,6013.005,7085.303790178572,5520.857142857143,0.00623208276205908,0.006200396825396825,101178.03157733941,220448.14231820952,2692.8108720744526,0.0,217755.33144613507,2.15219972212728,630.5498664922062,1327.6963973638663,16.73566554703508,0.0,1310.9607318168312,2.079075425247172,8.368166789658558,-46.1546703053943
B2-000209,EUNL.DE,EUNL.DE|swing|2024-01-24T23:00:00Z,EUR,2024-01-26T08:00:00Z,2024-02-23T08:00:00Z,objetivo,20,146.83563105538505,84.81838897705077,88.19188206100465,83.54743194580078,1.0,1.0,186.62177772787132,495.3489858433443,25.404072326936078,0.0,469.9449135164082,2.5181675967189308,186.62177772787132,495.3489858433443,25.404072326936078,0.0,469.9449135164082,2.5181675967189308,12.70216317625274,0.0
B2-000210,IS3N.DE,IS3N.DE|swing|2024-01-24T23:00:00Z,EUR,2024-01-26T08:00:00Z,2024-03-12T08:00:00Z,objetivo,32,438.8091366453081,28.382184030532834,29.961011832237244,27.862713950020925,1.0,1.0,227.9482175424992,692.8040645775219,25.601527405670254,0.0,667.2025371718516,2.9269916841857158,227.9482175424992,692.8040645775219,25.601527405670254,0.0,667.2025371718516,2.9269916841857158,12.800940104084887,0.0
B2-000211,7011.T,7011.T|swing|2024-02-01T15:00:00Z,JPY,2024-02-05T00:00:00Z,2024-02-15T06:00:00Z,objetivo,7,1838.4442703683833,999.4994999999999,1096.9030269224984,943.9428362165179,0.0062664494297531015,0.006200396825396825,102137.83021352517,179070.9559843399,3854.1192140064677,0.0,175216.83677033344,1.7154940182695508,640.041547897764,988.9377327173975,24.018441793515287,0.0,964.9192909238822,1.5075885215470606,12.009471133557224,-133.20135729601304
B2-000212,APP,APP|swing|2024-02-02T05:00:00Z,USD,2024-02-05T14:30:00Z,2024-02-15T21:00:00Z,objetivo,8,161.03555296059625,45.62279847335815,56.98723470313209,41.28328595842634,0.9188642837452908,0.9308386856557759,698.815797421472,1830.0782723470795,16.52386343188123,0.0,1813.5544089151983,2.595182329316178,642.1168771675751,1791.4822982220405,15.293076674344572,0.0,1776.189221547696,2.766146296267118,7.646988119492648,109.88873730402132
B2-000213,QDV5.DE,QDV5.DE|swing|2024-02-04T23:00:00Z,EUR,2024-02-06T08:00:00Z,2024-04-04T15:30:00Z,tiempo,40,1565.6000625222669,8.29114320230484,8.504745324611664,8.012999602726527,1.0,1.0,435.4616368899742,334.41549603845266,26.295644127857503,0.0,308.1198519105952,0.7075706005037734,435.4616368899742,334.41549603845266,26.295644127857503,0.0,308.1198519105952,0.7075706005037734,13.147908954779465,0.0
B2-000214,9988.HK,9988.HK|swing|2024-02-05T16:00:00Z,HKD,2024-02-07T01:30:00Z,2024-02-08T08:00:00Z,stop,1,816.4469739487932,76.88842347335815,70.11492870385307,70.15000370570591,0.1189881249851265,0.11866196765274761,5501.562428496395,-5530.1993076204,120.02044204541284,0.0,-5650.219749665813,-1.0270209278003315,654.6205978554051,-676.6989624851808,14.262336442792328,0.0,-690.9612989279731,-1.0555141423774677,7.131000829404168,-18.67091607738452
B2-000215,EXSA.DE,EXSA.DE|swing|2024-02-05T23:00:00Z,EUR,2024-02-07T08:00:00Z,2024-03-07T16:30:00Z,objetivo,21,271.66847605230794,48.184079847335816,49.847427419611385,47.429285866873606,1.0,1.0,205.05373040562418,451.87910010541,26.6320701843223,0.0,425.2470299210877,2.0738322052463576,205.05373040562418,451.87910010541,26.6320701843223,0.0,425.2470299210877,2.0738322052463576,13.31615139097385,0.0
B2-000216,PLTR,PLTR|swing|2024-02-07T05:00:00Z,USD,2024-02-08T14:30:00Z,2024-04-08T20:00:00Z,tiempo,40,247.31573042468446,23.97197908401489,22.988500000000002,21.10757146562849,0.9279881217520417,0.9239582370876837,708.4130623752637,-243.22984802054174,11.61406518575626,0.0,-254.843913206298,-0.3597391504213977,657.398907178233,-248.62598729285784,10.754802960161488,0.0,-259.3807902530193,-0.39455616281195977,5.377340667918125,-22.91157747424089
B2-000217,7203.T,7203.T|swing|2024-02-07T15:00:00Z,JPY,2024-02-09T00:00:00Z,2024-03-06T06:00:00Z,objetivo,16,583.0606511813322,3361.68,3759.708491071429,3181.1428571428573,0.006228589224540641,0.006134592969756457,105264.1040767027,232074.75119283047,4152.201410919352,0.0,227922.54978191113,2.1652447601304905,655.646864383075,1239.4455249785547,25.656304196585662,0.0,1213.789220781969,1.8512850235684009,12.828465166788998,-206.05276958906066
B2-000218,ADYEN.AS,ADYEN.AS|swing|2024-02-07T23:00:00Z,EUR,2024-02-09T08:00:00Z,2024-04-09T15:30:00Z,tiempo,40,4.52981406799247,1475.537448852539,1470.6643244018555,1330.9713483537946,1.0,1.0,654.8575557940256,-22.07434769178403,13.345746239632117,0.0,-35.42009393141615,-0.054088241966558204,654.8575557940256,-22.07434769178403,13.345746239632117,0.0,-35.42009393141615,-0.054088241966558204,6.67286926944586,0.0
B2-000219,VVSM.DE,VVSM.DE|swing|2024-02-08T23:00:00Z,EUR,2024-02-12T08:00:00Z,2024-03-07T16:30:00Z,objetivo,18,348.2239832004897,35.31264566802978,38.68198860926287,33.43214307512556,1.0,1.0,654.836103319957,1173.2860197646412,25.766706283502337,0.0,1147.5193134811389,1.7523763696951413,654.836103319957,1173.2860197646412,25.766706283502337,0.0,1147.5193134811389,1.7523763696951413,12.883649684166826,0.0
B2-000220,SXR8.DE,SXR8.DE|swing|2024-02-11T23:00:00Z,EUR,2024-02-13T08:00:00Z,2024-02-20T16:30:00Z,stop,5,27.202148378232987,489.5246387786865,484.0221588003976,484.2642909458705,1.0,1.0,143.09276226937627,-149.6792768176702,26.4825644408998,0.0,-176.16184125857,-1.231102387463457,143.09276226937627,-149.6792768176702,26.4825644408998,0.0,-176.16184125857,-1.231102387463457,13.241248110941196,0.0
B2-000221,ASML.AS,ASML.AS|swing|2024-02-13T23:00:00Z,EUR,2024-02-15T08:00:00Z,2024-03-08T08:00:00Z,objetivo,16,13.046258618148284,863.8317244262695,954.0227500000001,812.828595842634,1.0,1.0,665.4000058367803,1176.6554446709151,23.71619960352314,0.0,1152.939245067392,1.7327009843011676,665.4000058367803,1176.6554446709151,23.71619960352314,0.0,1152.939245067392,1.7327009843011676,11.858396930220273,0.0
B2-000222,CRWD,CRWD|swing|2024-02-14T05:00:00Z,USD,2024-02-15T14:30:00Z,2024-02-21T14:30:00Z,stop,3,108.40843318570963,84.4171875,70.72212094497681,77.8422132219587,0.9334453467749464,0.925754489909276,712.7826597187992,-1484.660707604078,16.818409354034465,0.0,-1501.4791169581124,-2.10650342918059,665.3436569763832,-1444.814462079558,15.640101118652773,0.0,-1460.454563198211,-2.1950379294741675,7.819691310633246,-58.964833026931615
B2-000223,7011.T,7011.T|swing|2024-02-14T15:00:00Z,JPY,2024-02-16T00:00:00Z,2024-03-06T06:00:00Z,objetivo,12,1319.8255084720106,1104.0517499999999,1257.5361172248295,1021.7142769949777,0.006201165819174005,0.006134592969756457,108671.09717515382,202572.58301501555,3116.8839076613413,0.0,199455.69910735422,1.8354070612342825,673.8874933347007,1145.693339143553,19.217821111972064,0.0,1126.4755180315808,1.6716076929359076,9.60919938161979,-110.49283855095044
B2-000224,BSP.DE,BSP.DE|swing|2024-02-19T23:00:00Z,EUR,2024-02-21T08:00:00Z,2024-02-21T16:30:00Z,stop,0,903.7156554759107,14.767380228996275,14.417072656358991,14.42428479875837,1.0,1.0,310.0607116282385,-316.57843762407845,26.37444696899467,0.0,-342.9528845930731,-1.1060830080409292,310.0607116282385,-316.57843762407845,26.37444696899467,0.0,-342.9528845930731,-1.1060830080409292,13.187147636672954,0.0
B2-000225,AMAT,AMAT|swing|2024-02-20T05:00:00Z,USD,2024-02-21T14:30:00Z,2024-04-18T20:00:00Z,tiempo,40,55.00075905113312,188.01395816802977,194.22284732055664,175.0114288330078,0.925754489909276,0.9364172675344132,715.148983010833,341.49361625332426,21.02331443915258,0.0,320.4703018141717,0.44811683918638423,662.0523819763313,430.04334717113665,19.576331833469283,0.0,410.46701533766736,0.6199917506713869,9.788275874639917,113.90409864926688
B2-000226,EXV1.DE,EXV1.DE|swing|2024-02-20T23:00:00Z,EUR,2024-02-22T08:00:00Z,2024-03-07T16:30:00Z,objetivo,10,784.6097547839453,16.86442890071869,17.57788407632283,16.398285457066127,1.0,1.0,365.74069301838085,559.7838903801029,27.023774739108447,0.0,532.7601156409944,1.4566607594146483,365.74069301838085,559.7838903801029,27.023774739108447,0.0,532.7601156409944,1.4566607594146483,13.512030693532575,0.0
B2-000227,RACE.MI,RACE.MI|swing|2024-02-21T23:00:00Z,EUR,2024-02-23T08:00:00Z,2024-04-23T15:30:00Z,tiempo,40,35.093572066480085,383.9918877868652,394.6025877990723,367.24285888671875,1.0,1.0,587.7832527508479,372.36736555419014,27.32366133953837,85.73359655841085,430.7773007730626,0.7328846113886515,587.7832527508479,372.36736555419014,27.32366133953837,85.73359655841085,430.7773007730626,0.7328846113886515,13.661927177090803,0.0
B2-000228,SAP.DE,SAP.DE|swing|2024-03-04T23:00:00Z,EUR,2024-03-06T08:00:00Z,2024-04-16T15:30:00Z,stop,27,79.36811155730568,173.4866938934326,167.70181924983436,167.78571210588728,1.0,1.0,452.4761585000646,-459.1345760581343,27.079487973226065,0.0,-486.2140640313604,-1.0745628358478272,452.4761585000646,-459.1345760581343,27.079487973226065,0.0,-486.2140640313604,-1.0745628358478272,13.539632587874587,0.0
B2-000229,CRM,CRM|swing|2024-03-05T05:00:00Z,USD,2024-03-06T14:30:00Z,2024-04-15T20:00:00Z,stop,27,32.17435292861699,304.8023188934326,281.4491969822475,281.5899919782366,0.9217439395335976,0.9384384384384383,746.8415984639514,-751.3715863554879,18.862263176720838,12.869741171446798,-757.364108360762,-1.0140893462796563,688.3967171757317,-541.3960761503931,17.5373528989407,11.76500701293244,-547.1684220364015,-0.7948446126838836,8.768543292585523,151.17612991052204
B2-000230,8035.T,8035.T|swing|2024-03-06T15:00:00Z,JPY,2024-03-08T00:00:00Z,2024-04-19T00:00:00Z,stop,29,31.09901313862497,39019.5,35322.33,35377.142857142855,0.006207709975789931,0.006067224851352991,113273.71264127885,-114978.33840573003,2311.957547919424,7619.2582189631175,-109671.03773468632,-0.9681949604847714,703.1703559580287,-868.0736271379518,14.197640485005286,46.59526797311104,-835.6759996498461,-1.1884403154499965,7.098604998746778,-154.3214488169507
B2-000231,7011.T,7011.T|swing|2024-03-06T15:00:00Z,JPY,2024-03-08T00:00:00Z,2024-03-28T06:00:00Z,objetivo,13,1455.2769030866468,1245.12225,1440.5829196428572,1167.2857142857142,0.006207709975789931,0.00611545988258317,113273.71264127883,284449.3979930995,3908.4447018816545,17463.322837039763,298004.2761282576,2.6308334844819052,703.1703559580286,1572.381929769443,24.069093729934288,106.79625022651518,1655.109086266024,2.3537810890947393,12.034942969183199,-193.39743575976257
B2-000232,BSP.DE,BSP.DE|swing|2024-03-06T23:00:00Z,EUR,2024-03-08T08:00:00Z,2024-05-08T15:30:00Z,tiempo,40,931.3519613100841,15.107550381660461,16.216887881278993,14.505714552743095,1.0,1.0,560.5209796488692,1033.183656024544,29.174077013125306,201.22930178859872,1205.2388808000173,2.1502119002843085,560.5209796488692,1033.183656024544,29.174077013125306,201.22930178859872,1205.2388808000173,2.1502119002843085,14.58730044930067,0.0
B2-000233,EUNN.DE,EUNN.DE|swing|2024-03-06T23:00:00Z,EUR,2024-03-08T08:00:00Z,2024-03-11T16:30:00Z,stop,1,274.14064678786673,51.32564923667908,50.26771278408596,50.2928592136928,1.0,1.0,283.12972489751354,-290.0233833743388,27.850869973726425,0.0,-317.8742533480652,-1.1227159333522059,283.12972489751354,-290.0233833743388,27.850869973726425,0.0,-317.8742533480652,-1.1227159333522059,13.925365962357509,0.0
B2-000234,APP,APP|swing|2024-03-07T05:00:00Z,USD,2024-03-08T14:30:00Z,2024-04-08T13:30:00Z,objetivo,20,122.8235931877182,64.0720209159851,77.1414103050232,57.83271244594029,0.9178522257916476,0.9224241306152569,766.3342852974693,1605.2293655310957,17.34434102893095,0.0,1587.8850245021647,2.072052699411449,703.3816294607336,1516.6811622047126,15.962859834439548,0.0,1500.718302370273,2.1335761974915934,7.981811082962246,43.31781614588205
B2-000235,DBK.DE,DBK.DE|swing|2024-03-10T23:00:00Z,EUR,2024-03-12T08:00:00Z,2024-03-22T16:30:00Z,objetivo,8,1045.398163024053,13.166579847335814,14.127663850482023,12.548572131565638,1.0,1.0,646.064130800833,1004.7154514008492,28.533352222829606,0.0,976.1820991780196,1.5109678012428684,646.064130800833,1004.7154514008492,28.533352222829606,0.0,976.1820991780196,1.5109678012428684,14.266930857008706,0.0
B2-000236,VVSM.DE,VVSM.DE|swing|2024-03-10T23:00:00Z,EUR,2024-03-12T08:00:00Z,2024-04-19T07:00:00Z,stop,26,275.49049480186045,37.74386097335815,35.05746326255799,35.24571337018694,1.0,1.0,688.2159192857189,-740.0770345829226,20.056072835983215,0.0,-760.1331074189058,-1.1044980014525496,688.2159192857189,-740.0770345829226,20.056072835983215,0.0,-760.1331074189058,-1.1044980014525496,10.027853905694776,0.0
B2-000237,6501.T,6501.T|swing|2024-03-21T15:00:00Z,JPY,2024-03-25T00:00:00Z,2024-04-19T06:00:00Z,stop,19,873.5029354877274,2704.3514999999998,2616.6910000000003,2618.0,0.0061072431904238425,0.006067224851352991,75428.28873376829,-76571.70407632149,4647.946243604956,17470.05870975455,-63749.59161017189,-0.8451682078481518,460.65890273462986,-559.1114264706227,28.294668637541086,106.83744318587665,-480.56865192228724,-1.0432201550202682,14.147198077710796,-91.4694081713571
B2-000238,EXH1.DE,EXH1.DE|swing|2024-03-26T23:00:00Z,EUR,2024-03-28T08:00:00Z,2024-04-08T15:30:00Z,objetivo,5,395.70003882171005,36.8083959159851,38.36951052650384,35.901428767613005,1.0,1.0,358.8869358208543,617.7331119874026,29.747900497827757,0.0,587.9852114895748,1.6383578024224306,358.8869358208543,617.7331119874026,29.747900497827757,0.0,587.9852114895748,1.6383578024224306,14.874108400716246,0.0
B2-000239,1810.HK,1810.HK|swing|2024-04-02T16:00:00Z,HKD,2024-04-05T01:30:00Z,2024-05-08T08:00:00Z,objetivo,22,4018.221664095787,15.627809885501861,19.102230506369047,14.10285745348249,0.11770660451757949,0.11876907728303858,6127.596899055792,13960.99220894966,139.5530006975374,0.0,13821.439208252123,2.2556051639725,721.2586248403065,1724.8532069018574,16.507862080636542,0.0,1708.3453448212208,2.368561409160916,8.254364317211195,81.55221829001151
B2-000240,META,META|swing|2024-04-05T04:00:00Z,USD,2024-04-08T13:30:00Z,2024-04-15T20:00:00Z,stop,5,27.64418205081691,529.5446693115234,500.9037327989851,501.15430995396207,0.9224241306152569,0.9384384384384383,784.8282625685393,-791.755263058498,28.485903221916285,0.0,-820.2411662804143,-1.0451218507294548,723.9445277820674,-508.582855029849,26.497835819423415,0.0,-535.0806908492724,-0.7391183582650829,13.248794076195296,221.75130515694073
B2-000241,R6C0.DE,R6C0.DE|swing|2024-04-07T22:00:00Z,EUR,2024-04-09T07:00:00Z,2024-06-04T15:30:00Z,stop,39,440.881785481972,33.00149311065674,32.1910413010461,32.20714487348284,1.0,1.0,350.2136690996857,-357.31344086823435,28.742200971526447,130.885457419604,-255.17018442015683,-0.7286128639014502,350.2136690996857,-357.31344086823435,28.742200971526447,130.885457419604,-255.17018442015683,-0.7286128639014502,14.371014750156704,0.0
B2-000242,APP,APP|swing|2024-04-08T04:00:00Z,USD,2024-04-09T13:30:00Z,2024-04-15T20:00:00Z,stop,4,112.44029734832557,78.33915305328368,71.29076588003977,71.32642909458706,0.9239582370876837,0.9384384384384383,788.5127671375753,-792.5227495856692,16.82443257706874,0.0,-809.3471821627379,-1.0264224193868094,728.5528662455653,-616.1852813895097,15.661145705078575,0.0,-631.8464270945882,-0.8672622899017168,7.830420763822092,116.07264116954875
B2-000243,EUNL.DE,EUNL.DE|swing|2024-04-14T22:00:00Z,EUR,2024-04-16T07:00:00Z,2024-04-18T15:30:00Z,stop,2,161.36420130012584,89.4066805114746,88.56283601760865,88.60713958740234,1.0,1.0,129.01728261968492,-136.16629277418934,28.717908890485063,0.0,-164.8842016646744,-1.2780008872975368,129.01728261968492,-136.16629277418934,28.717908890485063,0.0,-164.8842016646744,-1.2780008872975368,14.358923993399015,0.0
B2-000244,IS3N.DE,IS3N.DE|swing|2024-04-14T22:00:00Z,EUR,2024-04-16T07:00:00Z,2024-04-16T15:30:00Z,stop,0,482.704384165012,29.88793569087982,29.76339656489236,29.77828570774623,1.0,1.0,52.9285275822034,-60.11558211422614,28.79395960114503,0.0,-88.90954171537118,-1.6798037991381036,52.9285275822034,-60.11558211422614,28.79395960114503,0.0,-88.90954171537118,-1.6798037991381036,14.396968370917971,0.0
B2-000245,EUNH.DE,EUNH.DE|swing|2024-04-15T22:00:00Z,EUR,2024-04-17T07:00:00Z,2024-04-25T15:30:00Z,stop,6,130.24579712356257,109.58977116394043,108.69624852732251,108.75062383924212,1.0,1.0,109.2954122094354,-116.37756805424787,28.430836635618217,0.0,-144.80840468986608,-1.3249266530271147,109.2954122094354,-116.37756805424787,28.430836635618217,0.0,-144.80840468986608,-1.3249266530271147,14.215392777263936,0.0
B2-000246,SU.PA,SU.PA|swing|2024-04-17T22:00:00Z,EUR,2024-04-19T07:00:00Z,2024-04-22T15:30:00Z,stop,1,67.90040461109153,206.45318110656737,206.08976158578056,206.19285801478796,1.0,1.0,17.6760432614324,-24.67633250499312,28.01183272826077,0.0,-52.68816523325389,-2.9807669314894083,17.6760432614324,-24.67633250499312,28.01183272826077,0.0,-52.68816523325389,-2.9807669314894083,14.00591369652486,0.0
B2-000247,OR.PA,OR.PA|swing|2024-04-18T22:00:00Z,EUR,2024-04-22T07:00:00Z,2024-06-18T15:30:00Z,tiempo,40,31.31308052461011,446.72324999999995,441.3292127990723,426.28573172433033,1.0,1.0,639.9616554892335,-168.90392122538978,27.807658277705674,206.6663314624267,9.954751959331247,0.015555231901700588,639.9616554892335,-168.90392122538978,27.807658277705674,206.6663314624267,9.954751959331247,0.015555231901700588,13.903790388817225,0.0
B2-000248,LMT,LMT|swing|2024-04-19T04:00:00Z,USD,2024-04-22T13:30:00Z,2024-06-18T20:00:00Z,tiempo,40,32.013852074676855,465.46262599182126,459.77000000000004,450.8928484235491,0.9387027128508402,0.9332711152589829,466.4347038316104,-182.24288641862506,29.620260423166982,100.84363403523209,-111.01951280655997,-0.23801726564205136,437.84352185451087,-251.01962445975892,27.724671081994394,93.01202179969754,-185.73227374205578,-0.42419783432075525,13.862276251657978,-79.9477325808276
B2-000249,0700.HK,0700.HK|swing|2024-04-21T16:00:00Z,HKD,2024-04-23T01:30:00Z,2024-05-02T08:00:00Z,objetivo,6,261.59582880434647,326.16299999999995,360.403649625097,303.91427176339283,0.1200249651927601,0.11930753904339214,5820.174502897906,8957.211117476494,179.6029717381006,0.0,8777.608145738393,1.5081348748852736,698.566242126111,1007.4499496442218,21.489201428426703,0.0,985.9607482157951,1.4114062328792023,10.744855262913298,-67.63900295509714
B2-000250,DBK.DE,DBK.DE|swing|2024-04-21T22:00:00Z,EUR,2024-04-23T07:00:00Z,2024-04-26T15:30:00Z,objetivo,3,918.6394256984963,15.207599809169768,16.79168876991953,14.487142835344587,1.0,1.0,661.8401806752408,1455.2065731584908,29.395808083055048,0.0,1425.8107650754357,2.1543127883543662,661.8401806752408,1455.2065731584908,29.395808083055048,0.0,1425.8107650754357,2.1543127883543662,14.698271517737975,0.0
B2-000251,IBE.MC,IBE.MC|swing|2024-04-21T22:00:00Z,EUR,2024-04-23T07:00:00Z,2024-05-15T15:30:00Z,objetivo,15,1222.7074432675483,11.425710076332091,12.385723797759841,11.063571112496513,1.0,1.0,442.7900065789591,1173.8159228286881,29.11441743272524,6.1135372163377415,1150.8150426123007,2.599008616982157,442.7900065789591,1173.8159228286881,29.11441743272524,6.1135372163377415,1150.8150426123007,2.599008616982157,14.557505809717199,0.0
B2-000252,GS,GS|swing|2024-04-23T04:00:00Z,USD,2024-04-24T13:30:00Z,2024-06-21T20:00:00Z,tiempo,40,35.81852365342169,421.71074999999996,449.95490267944336,404.067138671875,0.9368559115608021,0.9356287425149701,631.9681096882229,1011.6638508194972,31.2217767983739,98.50094004690965,1078.9430140680329,1.7072744613653401,592.063059479317,928.0053188499357,29.230528222685805,91.07807678863584,989.8528674158857,1.6718706758810462,14.615499766546106,-19.777940302676164
B2-000253,QDV5.DE,QDV5.DE|swing|2024-04-24T22:00:00Z,EUR,2024-04-26T07:00:00Z,2024-05-13T15:30:00Z,stop,10,1642.335314927796,8.632314259529114,8.427212650162835,8.431428364345006,1.0,1.0,329.92199993174376,-336.8456162107659,28.017463499748136,0.0,-364.86307971051406,-1.1059070925430832,329.92199993174376,-336.8456162107659,28.017463499748136,0.0,-364.86307971051406,-1.1059070925430832,14.008651040631143,0.0
B2-000254,ICGA.DE,ICGA.DE|swing|2024-04-25T22:00:00Z,EUR,2024-04-29T07:00:00Z,2024-05-13T15:30:00Z,objetivo,9,3711.986147504212,3.8619298950433727,4.110555143465953,3.723928485597883,1.0,1.0,512.2593201977141,922.8934780644101,29.5937540241312,0.0,893.299724040279,1.7438427937152936,512.2593201977141,922.8934780644101,29.5937540241312,0.0,893.299724040279,1.7438427937152936,14.797111434712193,0.0
B2-000255,DBK.DE,DBK.DE|swing|2024-04-28T22:00:00Z,EUR,2024-04-30T07:00:00Z,2024-06-26T15:30:00Z,tiempo,40,651.2640152270109,15.129560740470886,14.660666221141817,14.02400003160749,1.0,1.0,720.0119063315951,-305.3741273761889,19.401302825543844,293.0688068521549,-31.706623349577796,-0.04403624866583191,720.0119063315951,-305.3741273761889,19.401302825543844,293.0688068521549,-31.706623349577796,-0.04403624866583191,9.700577494383268,0.0
B2-000256,AMZN,AMZN|swing|2024-05-01T04:00:00Z,USD,2024-05-02T13:30:00Z,2024-07-01T20:00:00Z,tiempo,40,58.293209303724204,180.94043110656736,197.1013969497681,167.74285452706474,0.9330098899048329,0.9306654257794322,769.329093850875,942.0745644480378,22.03727140845048,0.0,920.0372930395873,1.1958956191742895,717.7916531543897,852.0277595284902,20.53405504447199,0.0,831.4937044840182,1.158405368507639,10.267243095984242,-26.937126129315587
B2-000257,PLTR,PLTR|swing|2024-05-07T04:00:00Z,USD,2024-05-08T13:30:00Z,2024-07-08T13:30:00Z,objetivo,40,507.24708784881005,21.590789923667906,27.916035305023193,20.028035640716553,0.9288500835965076,0.9238728750923872,792.7025590503291,3208.462299621606,25.11219292589356,0.0,3183.3501066957124,4.015819137141955,736.3018382410637,2909.7015722044243,23.25498359549251,0.0,2886.446588608932,3.9201947335949954,11.62822213019393,-70.47890301534672
B2-000258,1810.HK,1810.HK|swing|2024-05-07T16:00:00Z,HKD,2024-05-09T01:30:00Z,2024-05-24T08:00:00Z,stop,10,4055.7955081918103,19.409699618339538,17.873915894031526,17.88285732269287,0.11906321065853863,0.11799549257218374,6192.560124401022,-6228.824730602521,151.21472032422508,0.0,-6380.039450926746,-1.030274930361513,737.3060906072251,-819.0259025506796,17.926708069139377,0.0,-836.952610619819,-1.1351494600167045,8.963151518880647,-77.40203149583633
B2-000259,IQQK.DE,IQQK.DE|swing|2024-05-12T22:00:00Z,EUR,2024-05-14T07:00:00Z,2024-05-24T07:00:00Z,stop,8,348.74830977699764,42.43620841598511,41.37930152511597,41.52714211600168,1.0,1.0,317.0353355944501,-368.594491782273,29.230517425056146,0.0,-397.8250092073291,-1.2548286091245828,317.0353355944501,-368.594491782273,29.230517425056146,0.0,-397.8250092073291,-1.2548286091245828,14.615170217696193,0.0
B2-000260,EXV1.DE,EXV1.DE|swing|2024-05-12T22:00:00Z,EUR,2024-05-14T07:00:00Z,2024-06-11T15:30:00Z,stop,20,722.0971168048262,20.495243110656737,19.983002441133774,19.992998940604075,1.0,1.0,362.6690671270606,-369.88751057270576,29.229224406265708,0.0,-399.11673497897146,-1.1004984189598432,362.6690671270606,-369.88751057270576,29.229224406265708,0.0,-399.11673497897146,-1.1004984189598432,14.614523384884542,0.0
B2-000261,9988.HK,9988.HK|swing|2024-05-13T16:00:00Z,HKD,2024-05-16T01:30:00Z,2024-05-23T08:00:00Z,stop,5,1590.3326839154442,79.33965305328368,77.53978911481586,77.57857840401786,0.11823405613752984,0.11828999976342001,2800.6945735423647,-2862.3824479461546,249.49050431435148,0.0,-3111.8729522605063,-1.111107573691821,331.13747943228316,-331.53245134570074,29.505172928575508,0.0,-361.03762427427625,-1.0902952601235452,14.752507269298658,6.898635691845428
B2-000262,QCOM,QCOM|swing|2024-05-22T04:00:00Z,USD,2024-05-23T13:30:00Z,2024-06-18T13:30:00Z,objetivo,17,67.78730748495092,205.9829448852539,226.70659732055665,194.2342790876116,0.9233610341643583,0.9335324869305452,796.410420962703,1404.8005998431206,29.330859043027928,57.619211362208276,1433.088952162301,1.7994352088336303,735.3743499193935,1453.4512898133846,27.23928549404682,53.27712562386341,1479.4891299432013,2.011885688024572,13.620009514846153,156.31315514753015
B2-000263,EXSA.DE,EXSA.DE|swing|2024-05-22T22:00:00Z,EUR,2024-05-24T07:00:00Z,2024-05-29T15:30:00Z,stop,3,280.5016333420193,51.99598622131347,51.75553694207328,51.781427655901226,1.0,1.0,60.184028045655786,-67.44641556278609,29.10247170905233,0.0,-96.54888727183842,-1.6042277396022104,60.184028045655786,-67.44641556278609,29.10247170905233,0.0,-96.54888727183842,-1.6042277396022104,14.551222630726194,0.0
B2-000264,AMD,AMD|swing|2024-05-23T04:00:00Z,USD,2024-05-24T13:30:00Z,2024-07-24T20:00:00Z,stop,40,63.52978330685662,161.4907086639404,149.00260114833287,149.07713971819197,0.9213193292795283,0.9218289085545723,788.6313451881229,-793.3667643792745,19.72557269060242,0.0,-813.092337069877,-1.0310170170523962,726.5813019975335,-726.1204053451485,18.178375130845836,0.0,-744.2987804759944,-1.0243847156949286,9.089008307572783,4.823729885434496
B2-000265,MUV2.DE,MUV2.DE|swing|2024-05-28T22:00:00Z,EUR,2024-05-30T07:00:00Z,2024-07-02T15:30:00Z,stop,23,31.738489944149723,457.0283877868652,442.0931521017892,442.3143092564174,1.0,1.0,467.0026334760471,-474.021827604291,28.536759952324473,0.0,-502.55858755661546,-1.0761365172952329,467.0026334760471,-474.021827604291,28.536759952324473,0.0,-502.55858755661546,-1.0761365172952329,14.26826503777059,0.0
B2-000266,COIN,COIN|swing|2024-05-30T04:00:00Z,USD,2024-05-31T13:30:00Z,2024-07-30T20:00:00Z,tiempo,40,21.94374664328907,239.39963877868652,224.34777671051026,203.45142473493303,0.9246417013407305,0.9238728750923872,788.8385012548528,-330.29424773379293,10.176355791975045,0.0,-340.47060352576796,-0.4316100228172952,729.3929738833591,-309.1887904466386,9.405697977661394,0.0,-318.59448842430004,-0.43679401890598424,4.702772867326164,-3.7849552790080736
B2-000267,7011.T,7011.T|swing|2024-06-03T15:00:00Z,JPY,2024-06-05T00:00:00Z,2024-06-19T06:00:00Z,objetivo,10,1718.712674995992,1420.7099999999998,1615.0715245535714,1355.857142857143,0.005942123715015747,0.0059028392656867955,111463.42758113255,334051.6157817682,5217.63618476888,0.0,328833.97959699936,2.9501513342360304,662.329476386788,1875.9285291307274,30.894792210794,0.0,1845.0337369199333,2.785673600071618,15.447868949494124,-109.04749904544458
B2-000268,VVSM.DE,VVSM.DE|swing|2024-06-10T22:00:00Z,EUR,2024-06-12T07:00:00Z,2024-07-24T15:30:00Z,stop,30,334.80396912618335,41.92595127868652,39.712275696345735,39.73214176722935,1.0,1.0,734.496131942633,-741.1473713254097,27.332802423665047,0.0,-768.4801737490748,-1.046268510246009,734.496131942633,-741.1473713254097,27.332802423665047,0.0,-768.4801737490748,-1.046268510246009,13.666219341543327,0.0
B2-000269,AMAT,AMAT|swing|2024-06-17T04:00:00Z,USD,2024-06-18T13:30:00Z,2024-06-25T20:00:00Z,stop,4,58.740544732509406,242.9013887786865,229.09539517429897,229.21000017438615,0.9335324869305452,0.9333582228859437,804.2396247610747,-810.971584895265,27.725348201390922,0.0,-838.6969330966559,-1.0428445792456669,750.7838169912945,-759.4134245408428,25.880168153396227,0.0,-785.293592694239,-1.045964996743323,12.939897458314933,-2.34510406355961
B2-000270,QDV5.DE,QDV5.DE|swing|2024-06-17T22:00:00Z,EUR,2024-06-19T07:00:00Z,2024-08-05T15:30:00Z,stop,33,1644.8469530919863,9.20059809923172,8.896263972146171,8.900714329310826,1.0,1.0,493.2629052361186,-500.5830616585733,29.766568438631854,0.0,-530.3496300972051,-1.075186527240141,493.2629052361186,-500.5830616585733,29.766568438631854,0.0,-530.3496300972051,-1.075186527240141,14.883162794339906,0.0
B2-000271,SXR8.DE,SXR8.DE|swing|2024-06-17T22:00:00Z,EUR,2024-06-19T07:00:00Z,2024-07-25T15:30:00Z,stop,26,28.031900348676604,539.8697755737304,528.8297434517997,529.0942905970982,1.0,1.0,302.0573210736169,-309.4730802881507,29.957678420002274,0.0,-339.43075870815295,-1.1237296202644513,302.0573210736169,-309.4730802881507,29.957678420002274,0.0,-339.43075870815295,-1.1237296202644513,14.978765586418799,0.0
B2-000272,ASML.AS,ASML.AS|swing|2024-06-17T22:00:00Z,EUR,2024-06-19T07:00:00Z,2024-06-25T15:30:00Z,stop,4,14.312210181352553,982.2908877868651,928.9567196001326,929.4214303152902,1.0,1.0,756.6787875072607,-763.3298249361229,27.354177465529894,0.0,-790.6840024016528,-1.044940092752456,756.6787875072607,-763.3298249361229,27.354177465529894,0.0,-790.6840024016528,-1.044940092752456,13.676901319531982,0.0
B2-000273,7011.T,7011.T|swing|2024-06-20T15:00:00Z,JPY,2024-06-24T00:00:00Z,2024-07-03T06:00:00Z,objetivo,7,1326.3827814733106,1593.2962499999999,1884.298450892857,1497.7857142857142,0.005888587916617595,0.005770007501009752,126683.53002072018,385980.3086351231,4612.621732207113,0.0,381367.68690291594,3.0103967488160457,745.9871041144752,1976.510827750472,26.865460442471882,0.0,1949.645367308,2.6135108188261897,13.43322770724847,-296.36815373064314
B2-000274,6501.T,6501.T|swing|2024-06-24T15:00:00Z,JPY,2024-06-26T00:00:00Z,2024-07-25T00:00:00Z,stop,20,727.8488026416804,3486.7425,3186.406,3316.285714285714,0.005853430110044486,0.005979788315493632,124066.76738429228,-218599.56191459298,4857.043145575126,0.0,-223456.6050601681,-1.8010995996052628,726.2161518631017,-986.5045540991885,28.72341529774885,0.0,-1015.2279693969373,-1.39796941556915,14.361464613101578,293.05270365422433
B2-000275,ITX.MC,ITX.MC|swing|2024-06-24T22:00:00Z,EUR,2024-06-26T07:00:00Z,2024-07-02T15:30:00Z,stop,4,316.8783062407627,46.97347576332092,45.08030425453186,45.10285568237305,1.0,1.0,592.7589228707204,-599.9049811283463,29.169845895116957,0.0,-629.0748270234633,-1.0612658920035578,592.7589228707204,-599.9049811283463,29.169845895116957,0.0,-629.0748270234633,-1.0612658920035578,14.584776617506396,0.0
B2-000276,TSLA,TSLA|swing|2024-06-26T04:00:00Z,USD,2024-06-27T13:30:00Z,2024-07-03T13:30:00Z,objetivo,4,56.633669994174014,195.26758316802977,234.44271755981447,181.16570608956474,0.9355412105903266,0.9320533134495294,798.6410527601956,2218.6316331217513,24.336071364518006,0.0,2194.2955617572334,2.7475366488781097,747.1616173264063,2029.3112875746237,22.721087629043662,0.0,2006.59019994558,2.685617346252113,11.361053982605776,-46.3100363300936
B2-000277,APP,APP|swing|2024-07-01T04:00:00Z,USD,2024-07-02T13:30:00Z,2024-07-25T20:00:00Z,stop,16,120.45060649214275,84.25210408401489,77.41912629699708,77.45785522460938,0.9306654257794322,0.921574048474795,818.3713957739433,-823.0363185936347,19.473397751723823,0.0,-842.5097163453586,-1.0294955575134532,761.6299634936652,-850.7501822041031,18.03843927365207,0.0,-868.7886214777552,-1.1406964840150768,9.019009204031482,-84.77873632822103
B2-000278,IQQK.DE,IQQK.DE|swing|2024-07-01T22:00:00Z,EUR,2024-07-03T07:00:00Z,2024-07-11T07:00:00Z,objetivo,6,351.1300056740356,43.556767347335814,45.12242795753479,42.67857197352818,1.0,1.0,308.3607465879868,549.7504189427802,31.137926350568122,0.0,518.6124925922121,1.6818369339504522,308.3607465879868,549.7504189427802,31.137926350568122,0.0,518.6124925922121,1.6818369339504522,15.569104505164725,0.0
B2-000279,AMZN,AMZN|swing|2024-07-02T04:00:00Z,USD,2024-07-03T13:30:00Z,2024-07-15T20:00:00Z,stop,7,82.10400685837809,200.03997244262695,190.82453816986086,190.9199981689453,0.9320533134495294,0.9168423947923352,748.7864303145886,-756.6240787341194,32.09154246002429,0.0,-788.7156211941436,-1.0533252063112035,697.9088734407575,-943.5304269336457,29.67271203625809,0.0,-973.2031389699038,-1.3944558895947536,14.836123844551434,-238.3164473138113
B2-000280,AAPL,AAPL|swing|2024-07-02T04:00:00Z,USD,2024-07-03T13:30:00Z,2024-08-05T13:30:00Z,stop,22,71.87338145208119,220.10999999999999,198.9904513397217,208.68429347446985,0.9320533134495294,0.9229349330872174,821.2041634689604,-1517.9333769559723,30.122166605879208,0.0,-1548.0555435618514,-1.885104353371151,765.4060615797935,-1545.2069728642482,27.945053054011677,0.0,-1573.1520259182598,-2.0553169159273232,13.972143718297048,-130.41213927680215
B2-000281,ENR.DE,ENR.DE|swing|2024-07-02T22:00:00Z,EUR,2024-07-04T07:00:00Z,2024-07-25T15:30:00Z,stop,15,420.36389413024676,25.93296007633209,24.0950901027407,24.107143674577987,1.0,1.0,767.50729260823,-772.5741790039312,21.029985989018428,0.0,-793.6041649929497,-1.0340021165089315,767.50729260823,-772.5741790039312,21.029985989018428,0.0,-793.6041649929497,-1.0340021165089315,10.514802479664098,0.0
B2-000282,TSLA,TSLA|swing|2024-07-05T04:00:00Z,USD,2024-07-08T13:30:00Z,2024-07-24T13:30:00Z,stop,12,54.01038726620977,247.8338617172241,225.30728816986084,232.2657187325614,0.9238728750923872,0.9208103130755064,840.8414316173593,-1216.6689610738463,25.55453673698126,0.0,-1242.2234978108274,-1.4773576219019195,776.8305909251286,-1161.315565814143,23.571875212137726,0.0,-1184.8874410262806,-1.5252842188091442,11.785650223588707,-37.26811471118087
B2-000283,ASML.AS,ASML.AS|swing|2024-07-09T22:00:00Z,EUR,2024-07-11T07:00:00Z,2024-07-17T07:00:00Z,stop,4,14.805842377801211,1010.9052244262695,945.527,957.3999895368304,1.0,1.0,792.1900741602648,-967.9796857958579,28.96662713770635,0.0,-996.9463129335643,-1.2584685739597845,792.1900741602648,-967.9796857958579,28.96662713770635,0.0,-996.9463129335643,-1.2584685739597845,14.48307519469876,0.0
B2-000284,6857.T,6857.T|swing|2024-07-11T15:00:00Z,JPY,2024-07-16T00:00:00Z,2024-07-18T00:00:00Z,stop,2,254.70300804015275,6553.275,5958.0195,6024.0,0.005802483462922131,0.005840780328251854,134807.93458045175,-151613.36640244498,3186.6643436262193,0.0,-154800.0307460712,-1.1483005894856166,782.2208110737597,-821.6175820363497,18.548683625046536,0.0,-840.1662656613963,-1.074078129560494,9.274138726661405,58.11646927179149
B2-000285,EUNH.DE,EUNH.DE|swing|2024-07-15T22:00:00Z,EUR,2024-07-17T07:00:00Z,2024-07-18T07:00:00Z,stop,1,140.40369164363312,111.15054872131347,109.98997566986084,110.05071149553571,1.0,1.0,154.42120670628978,-162.94874084606542,31.048945996529767,150.40043448865978,-43.5972523539354,-0.28232684670608543,154.42120670628978,-162.94874084606542,31.048945996529767,150.40043448865978,-43.5972523539354,-0.28232684670608543,15.524436142187767,0.0
B2-000286,EUNN.DE,EUNN.DE|swing|2024-07-16T22:00:00Z,EUR,2024-07-18T07:00:00Z,2024-07-24T15:30:00Z,stop,4,291.70335445275504,51.61979877090454,50.70606542805263,50.73143114362444,1.0,1.0,259.1398168648391,-266.5390811852302,29.84879783411288,0.0,-296.3878790193431,-1.143737317580693,259.1398168648391,-266.5390811852302,29.84879783411288,0.0,-296.3878790193431,-1.143737317580693,14.924336013368215,0.0
B2-000287,INTC,INTC|swing|2024-07-17T04:00:00Z,USD,2024-07-18T13:30:00Z,2024-07-24T20:00:00Z,stop,4,288.490916535435,34.97747908401489,32.10822341891698,32.124285561697825,0.9145783793671118,0.9218289085545723,823.1204143062158,-827.7541965985853,19.353615801494342,0.0,-847.1078124000796,-1.0291420279183356,752.8081345401645,-689.8849414948843,17.767559724768997,0.0,-707.6525012196532,-0.9400170757345847,8.883609612049717,67.16115014457522
B2-000288,LMT,LMT|swing|2024-07-23T04:00:00Z,USD,2024-07-24T13:30:00Z,2024-07-30T20:00:00Z,objetivo,4,31.900937404477045,505.2525,534.9036792884555,487.3900059291295,0.9208103130755064,0.9238728750923872,569.8303052426829,945.900414449944,33.18195716636102,0.0,912.718457283583,1.6017373047487684,524.7056217704262,923.2541969401577,30.606547706987193,0.0,892.6476492331706,1.7012351539540576,15.303508492918048,52.25934017225492
B2-000289,SAP.DE,SAP.DE|swing|2024-07-23T22:00:00Z,EUR,2024-07-25T07:00:00Z,2024-08-02T15:30:00Z,stop,6,75.26219473372397,192.59625,185.59573472486224,185.68857901436942,1.0,1.0,519.8864788770233,-526.8741438738272,28.46355880109615,0.0,-555.3377026749233,-1.0681903169985805,519.8864788770233,-526.8741438738272,28.46355880109615,0.0,-555.3377026749233,-1.0681903169985805,14.231651239924684,0.0
B2-000290,NOW,NOW|swing|2024-07-25T04:00:00Z,USD,2024-07-26T13:30:00Z,2024-08-02T20:00:00Z,stop,5,69.49279445284193,165.2525831680298,153.92727468218123,154.0042768205915,0.921574048474795,0.9229349330872174,781.6762409451252,-787.0273347220999,22.180700255072026,0.0,-809.2080349771719,-1.0352214799297954,720.3725379643583,-710.7468069799211,20.455714892212892,0.0,-731.202521872134,-1.0150338655862412,10.227682316324323,14.557160140251565
B2-000291,XOM,XOM|swing|2024-07-25T04:00:00Z,USD,2024-07-26T13:30:00Z,2024-09-06T20:00:00Z,stop,29,133.81615493819464,116.82838164138794,112.82356052289691,112.88000052315849,0.921574048474795,0.900657479960371,528.3571794720341,-535.9097632917487,30.731139874513254,127.1253471912849,-439.5155559749771,-0.8318530968277315,486.92026492676627,-809.6708298890275,28.0052306886853,115.45304440222041,-722.2230161754924,-1.4832469876440983,14.002416427238124,-315.7902997150804
B2-000292,AZN,AZN|swing|2024-07-25T04:00:00Z,USD,2024-07-26T13:30:00Z,2024-08-15T13:30:00Z,objetivo,14,99.55218714666718,157.03848671722412,169.91500000000002,152.0085667201451,0.921574048474795,0.9075233687267447,500.73953688197423,1281.8850601234524,32.54893469792846,99.55218714666718,1348.8883125721911,2.6937923076166603,461.4685622357149,943.6789975201283,29.758580516094458,91.19005875851167,1005.1104757625455,2.1780692294465385,14.879529897676878,-237.67300701719995
B2-000293,ENI.MI,ENI.MI|swing|2024-07-25T22:00:00Z,EUR,2024-07-29T07:00:00Z,2024-08-05T07:00:00Z,stop,5,986.6997347844074,14.66132728242874,13.81508855009079,14.012000220162529,1.0,1.0,640.6908401264091,-834.9835327621482,28.097671949557522,0.0,-863.0812047117057,-1.3471102607638636,640.6908401264091,-834.9835327621482,28.097671949557522,0.0,-863.0812047117057,-1.3471102607638636,14.048630741051502,0.0
B2-000294,ZPRR.DE,ZPRR.DE|swing|2024-07-25T22:00:00Z,EUR,2024-07-29T07:00:00Z,2024-08-02T15:30:00Z,stop,4,231.6175378333866,60.10003469467163,56.94865485218593,56.97714342389788,1.0,1.0,723.3163870579916,-729.9148398943025,27.110529279467602,0.0,-757.0253691737702,-1.0466033712479348,723.3163870579916,-729.9148398943025,27.110529279467602,0.0,-757.0253691737702,-1.0466033712479348,13.55508554979393,0.0
B2-000295,EUNH.DE,EUNH.DE|swing|2024-07-29T22:00:00Z,EUR,2024-07-31T07:00:00Z,2024-09-11T15:30:00Z,objetivo,30,130.33317799509143,110.5952709159851,112.6234387546948,109.38714381626674,1.0,1.0,157.45904432828578,264.337559926472,29.09280381934336,0.0,235.24475610712864,1.4940059944519142,157.45904432828578,264.337559926472,29.09280381934336,0.0,235.24475610712864,1.4940059944519142,14.546471630677612,0.0
B2-000296,ABBV,ABBV|swing|2024-07-30T04:00:00Z,USD,2024-07-31T13:30:00Z,2024-09-26T20:00:00Z,tiempo,40,83.65582643566063,186.48319438934325,191.80404389953614,177.6228506905692,0.9238728750923872,0.8964589870013447,741.2193746249409,445.12006311496594,31.64593154911989,0.0,413.47413156584605,0.5578296327926737,684.7924747089254,-28.635896339508946,28.79694751645144,0.0,-57.432843855960385,-0.08386897633530876,14.39847019886804,-439.87024881083767
B2-000297,DTE.DE,DTE.DE|swing|2024-08-07T22:00:00Z,EUR,2024-08-09T07:00:00Z,2024-09-04T15:30:00Z,objetivo,18,573.9826989432179,24.40219438934326,26.03536740181276,23.68143027169364,1.0,1.0,413.7061335499573,937.4130535384684,28.950287845003054,0.0,908.4627656934654,2.1959132147693032,413.7061335499573,937.4130535384684,28.950287845003054,0.0,908.4627656934654,2.1959132147693032,14.475381894608377,0.0
B2-000298,PLTR,PLTR|swing|2024-08-08T04:00:00Z,USD,2024-08-09T13:30:00Z,2024-10-03T20:00:00Z,objetivo,38,200.20667116543385,29.294640686988828,38.543416095920975,25.47171483721052,0.9149130832570906,0.9058791557206268,765.3752584964025,1851.6665369790294,13.581631526838052,0.0,1838.0849054521914,2.401547326030831,700.2518375996364,1624.4022923328776,12.356300727702525,0.0,1612.045991605175,2.302094625172337,6.1785580090623675,-69.7116481785854
B2-000299,7011.T,7011.T|swing|2024-08-14T15:00:00Z,JPY,2024-08-16T00:00:00Z,2024-09-09T00:00:00Z,stop,16,323.61650054979833,1985.9924999999998,1602.1985000000002,1631.5714285714284,0.006167509559639818,0.006292078273453722,114696.50685682439,-124202.07121200919,1161.1978147242817,0.0,-125363.26902673347,-1.0929998869383564,707.3918024967584,-701.4288485272236,7.226287235944781,0.0,-708.6551357631685,-1.0017859031755119,3.612969164001826,64.58861299990845
B2-000300,9988.HK,9988.HK|swing|2024-08-14T16:00:00Z,HKD,2024-08-16T01:30:00Z,2024-09-20T08:00:00Z,objetivo,23,1042.005273486595,77.78887499999999,87.16845013189317,71.96428680419922,0.11655011655011654,0.11500598031097617,6069.251615912175,9773.566750496413,171.88640268767548,0.0,9601.680347808737,1.5820204788734331,707.3719832065472,998.8564728753952,19.893126395623536,0.0,978.9633464797716,1.3839441902152942,9.946815398631614,-140.25387100530716
B2-000301,SAP.DE,SAP.DE|swing|2024-08-14T22:00:00Z,EUR,2024-08-16T07:00:00Z,2024-10-11T15:30:00Z,tiempo,40,72.27137186746549,195.59775,208.49570610046388,187.57713971819197,1.0,1.0,579.6605082805645,932.1529816668707,29.204388435045963,0.0,902.9485932318247,1.5577197002953043,579.6605082805645,932.1529816668707,29.204388435045963,0.0,902.9485932318247,1.5577197002953043,14.602430906374714,0.0
B2-000302,ADYEN.AS,ADYEN.AS|swing|2024-08-14T22:00:00Z,EUR,2024-08-16T07:00:00Z,2024-10-11T15:30:00Z,tiempo,40,6.814183555977835,1280.439948852539,1360.9191755981446,1176.7142595563616,1.0,1.0,706.8058863344773,548.4002234877181,17.998705911263862,0.0,530.4015175764542,0.7504203457149133,706.8058863344773,548.4002234877181,17.998705911263862,0.0,530.4015175764542,0.7504203457149133,8.999492305559105,0.0
B2-000303,RRU.DE,RRU.DE|swing|2024-08-14T22:00:00Z,EUR,2024-08-16T07:00:00Z,2024-09-02T15:30:00Z,stop,11,1685.963765603848,5.890944011449814,5.468978571278709,5.471714428492954,1.0,1.0,706.8058863344773,-711.4184424655615,19.152417854545174,0.0,-730.5708603201067,-1.0336230561248936,706.8058863344773,-711.4184424655615,19.152417854545174,0.0,-730.5708603201067,-1.0336230561248936,9.576033466668889,0.0
B2-000304,IBE.MC,IBE.MC|swing|2024-08-14T22:00:00Z,EUR,2024-08-16T07:00:00Z,2024-09-09T15:30:00Z,objetivo,16,1147.7703264391478,12.316155419826506,13.244224154272251,11.902856690543038,1.0,1.0,474.3720174265715,1065.2097542927593,29.337445207671855,0.0,1035.8723090850874,2.183670771106205,474.3720174265715,1065.2097542927593,29.337445207671855,0.0,1035.8723090850874,2.183670771106205,14.66899257351939,0.0
B2-000305,AVGO,AVGO|swing|2024-08-15T04:00:00Z,USD,2024-08-16T13:30:00Z,2024-09-06T13:30:00Z,stop,14,42.97223113394459,164.55223622131348,143.17837500000002,146.41143144880022,0.9081827263645446,0.901144453455889,779.5508556402051,-918.4825046271372,13.223870952392325,0.0,-931.7063755795295,-1.19518357120443,707.974621415135,-877.4542862416033,11.966386833565375,0.0,-889.4206730751687,-1.2562889207770616,5.982975548954434,-43.30434107119436
B2-000306,MRVL,MRVL|swing|2024-08-15T04:00:00Z,USD,2024-08-16T13:30:00Z,2024-10-14T20:00:00Z,tiempo,40,115.29759269382276,68.15406274795532,77.64116030502319,61.392856052943635,0.9081827263645446,0.9161704076958315,779.550855640205,1093.8395099813722,16.809838244267358,6.9178555616293655,1083.947527298734,1.3904769899951475,707.9746214151348,1064.9105846596347,15.337909162705213,6.324607388580513,1055.8972828855099,1.491433804187684,7.6692227263046195,71.50443627949467
B2-000307,6857.T,6857.T|swing|2024-09-01T15:00:00Z,JPY,2024-09-03T00:00:00Z,2024-09-04T00:00:00Z,stop,1,188.7276437533004,6898.447499999999,6239.878500000001,6282.142857142857,0.006151574803149606,0.006201165819174005,116313.72308064782,-124290.17561896704,2479.5653088427243,0.0,-126769.74092780976,-1.0898949631241028,715.5125681634339,-706.1800691798927,15.311631720077557,0.0,-721.4917008999703,-1.008356432860269,7.655641228930154,58.40024343678458
B2-000308,EUNN.DE,EUNN.DE|swing|2024-09-03T22:00:00Z,EUR,2024-09-05T07:00:00Z,2024-09-06T15:30:00Z,stop,1,277.6410685475236,50.581277755737304,49.61632159287589,49.641142163957866,1.0,1.0,261.0202502812015,-267.91146015836074,27.81896854904563,0.0,-295.73042870740636,-1.1329788719028926,261.0202502812015,-267.91146015836074,27.81896854904563,0.0,-295.73042870740636,-1.1329788719028926,13.909420774011558,0.0
B2-000309,MA,MA|swing|2024-09-05T04:00:00Z,USD,2024-09-06T13:30:00Z,2024-10-14T20:00:00Z,objetivo,26,32.3087615498173,477.34854034423824,507.77322767748154,464.77854701450894,0.901144453455889,0.9161704076958315,406.1209171730179,982.9839682775045,31.828064300548178,21.323782622879417,972.4796865998358,2.39455700378401,365.9736119428836,1132.3192057752913,28.928192263602334,19.461333049994906,1122.8523465616838,3.0681237934087005,14.464382827697149,246.50865492595904
B2-000310,MUV2.DE,MUV2.DE|swing|2024-09-05T22:00:00Z,EUR,2024-09-09T07:00:00Z,2024-10-07T15:30:00Z,stop,20,28.681494058389806,480.84030610656737,463.79654581342425,464.02856009347096,1.0,1.0,482.1859933857832,-488.84050958040456,27.093596255679294,0.0,-515.9341058360839,-1.0699898232491787,482.1859933857832,-488.84050958040456,27.093596255679294,0.0,-515.9341058360839,-1.0699898232491787,13.546679304380998,0.0
B2-000311,ORCL,ORCL|swing|2024-09-06T04:00:00Z,USD,2024-09-09T13:30:00Z,2024-09-10T20:00:00Z,objetivo,1,107.25777158970654,142.56125049591063,154.19544290351868,136.6971435546875,0.900657479960371,0.9065361254645998,628.9710428793229,1247.8575518859227,31.829461638352562,0.0,1216.0280902475702,1.9333610092458304,566.4874744477374,1221.117154905909,28.764667624568737,0.0,1192.3524872813402,2.1048170366763217,14.382642687231613,97.224916874818
B2-000312,ORCL,ORCL|swing|2024-09-10T04:00:00Z,USD,2024-09-11T13:30:00Z,2024-10-09T20:00:00Z,objetivo,20,86.49974112136002,156.8583887786865,175.56333983455386,147.78285435267858,0.9065361254645998,0.9126585744273068,785.0313783876758,1617.9734240202358,28.754393468160288,0.0,1589.2190305520755,2.024401921125838,711.6593041316978,1559.7279920029891,26.159873077797617,0.0,1533.5681189251916,2.1549189479034667,13.08032974097774,92.97663308699312
B2-000313,EUNH.DE,EUNH.DE|swing|2024-09-10T22:00:00Z,EUR,2024-09-12T07:00:00Z,2024-10-11T15:30:00Z,stop,21,126.25308266033578,112.76135433197021,111.58203333391462,111.63785226004464,1.0,1.0,141.8455999558777,-148.89291145058175,28.324044267280712,0.0,-177.21695571786245,-1.2493651954871163,141.8455999558777,-148.89291145058175,28.324044267280712,0.0,-177.21695571786245,-1.2493651954871163,14.161988450908197,0.0
B2-000314,APP,APP|swing|2024-09-11T04:00:00Z,USD,2024-09-12T13:30:00Z,2024-09-17T20:00:00Z,objetivo,3,91.10206937083994,97.39867347335814,118.98903136880058,88.75828443254743,0.9055510278004165,0.8977466558937068,787.1573217869832,1966.9262827318587,19.713367697527183,0.0,1947.2129150343314,2.473727755734802,712.8111217848258,1696.551578301117,17.766859841268904,0.0,1678.7847184598481,2.355160669009059,8.883856279491297,-84.60053863437037
B2-000315,ADBE,ADBE|swing|2024-09-11T04:00:00Z,USD,2024-09-12T13:30:00Z,2024-09-13T13:30:00Z,stop,1,27.06213512080689,581.7407372131347,532.3037223205566,552.8557041713169,0.9055510278004165,0.907770515613653,781.6906671466447,-1337.8711769922904,30.148421694487038,0.0,-1368.0195986867775,-1.7500779479437456,707.8607870566374,-1179.5382865068152,27.332906584886217,0.0,-1206.8711930917013,-1.7049555719988443,13.666161824410757,31.972332883106237
B2-000316,QDV5.DE,QDV5.DE|swing|2024-09-12T22:00:00Z,EUR,2024-09-16T07:00:00Z,2024-10-04T15:30:00Z,stop,14,1524.2725530316327,9.418706557273865,9.253228257860457,9.257857186453682,1.0,1.0,245.17828111361118,-252.23402991820845,28.461117750705018,0.0,-280.6951476689135,-1.144861389817985,245.17828111361118,-252.23402991820845,28.461117750705018,0.0,-280.6951476689135,-1.144861389817985,14.230499374467994,0.0
B2-000317,ENR.DE,ENR.DE|swing|2024-09-16T22:00:00Z,EUR,2024-09-18T07:00:00Z,2024-10-11T15:30:00Z,objetivo,17,303.7706003424953,30.415199618339535,35.95915527772053,28.04142870221819,1.0,1.0,721.0818162657358,1684.090738922338,20.16257763412201,0.0,1663.928161288216,2.3075441978348525,721.0818162657358,1684.090738922338,20.16257763412201,0.0,1663.928161288216,2.3075441978348525,10.08171236017134,0.0
B2-000318,AVGO,AVGO|swing|2024-09-19T04:00:00Z,USD,2024-09-20T13:30:00Z,2024-11-15T21:00:00Z,tiempo,40,48.407141614222574,167.26358267211913,164.75757633972168,150.42142159598214,0.8963786303334529,0.9449116507606539,815.2808763021105,-121.30860341850178,16.07219526320449,0.0,-137.38079868170627,-0.1685073238867416,730.800355236743,278.3339142657395,14.79384473052873,0.0,263.54006953521076,0.36061842012903356,7.396993797990797,387.07235404568047
B2-000319,6857.T,6857.T|swing|2024-09-24T15:00:00Z,JPY,2024-09-26T00:00:00Z,2024-10-16T06:00:00Z,objetivo,13,138.38360024894203,6747.371999999999,8129.39755357143,5896.142857142857,0.006192333890643383,0.006140620202640467,117796.15342539237,191249.67173925164,2058.7009308970605,2629.2884047298985,191820.25921308447,1.628408514498533,729.4331130434848,1126.1052021420364,12.689986923349597,16.353330045589615,1129.7685452642766,1.5488309004103655,6.345276574293305,-58.17662174335357
B2-000320,6501.T,6501.T|swing|2024-09-25T15:00:00Z,JPY,2024-09-27T00:00:00Z,2024-11-01T06:00:00Z,stop,24,443.3869135090367,3984.9914999999996,3716.141,3718.0,0.006219679064560268,0.006013229104028863,118380.5371181478,-119204.79339036107,3414.5813696991313,0.0,-122619.3747600602,-1.035806879619763,736.2889483651436,-1081.580739902793,20.89743507729768,0.0,-1102.4781749800907,-1.4973444561785612,10.448449755575087,-340.1651820575316
B2-000321,7011.T,7011.T|swing|2024-10-02T15:00:00Z,JPY,2024-10-04T00:00:00Z,2024-12-03T06:30:00Z,tiempo,40,562.9265157182057,2191.095,2278.36025,1981.2142857142858,0.006173601679219657,0.006339546088500063,118147.41920930523,49123.92312577836,2515.9748710409417,0.0,46607.94825473742,0.3944897702096112,729.3951056260355,516.103436371102,15.745458590804756,0.0,500.3579777802973,0.6859903143315488,7.872860289475213,212.83190207193894
B2-000322,DBK.DE,DBK.DE|swing|2024-10-03T22:00:00Z,EUR,2024-10-07T07:00:00Z,2024-12-02T16:30:00Z,tiempo,40,930.6699594976448,15.859926236629486,16.269860877990723,15.081428255353655,1.0,1.0,724.524684702975,381.5138560723446,29.90222767263154,0.0,351.611628399713,0.4852997224571571,724.524684702975,381.5138560723446,29.90222767263154,0.0,351.611628399713,0.4852997224571571,14.95121295258198,0.0
B2-000323,6758.T,6758.T|swing|2024-10-06T15:00:00Z,JPY,2024-10-08T00:00:00Z,2024-10-22T06:00:00Z,stop,9,843.0248384983859,2833.9162499999998,2692.4388214285714,2693.785714285714,0.006148927012236365,0.006142883469500584,118133.52223922787,-119268.98637259535,4658.854591575807,0.0,-123927.84096417115,-1.0490488949716528,726.3944059474136,-747.0938818323932,28.633239254418008,0.0,-775.7271210868112,-1.0679145031066897,14.31643643284638,-13.717589803890123
B2-000324,1810.HK,1810.HK|swing|2024-10-08T16:00:00Z,HKD,2024-10-10T01:30:00Z,2024-11-22T08:00:00Z,objetivo,30,1994.650466153268,23.811899236679075,29.810623431878433,20.62285586765834,0.11740396355780972,0.12206882240207029,6361.026842600195,11965.358012279288,106.95818983715242,0.0,11858.399822442136,1.8642272884348938,746.8097636188827,1682.1612380179176,12.834696203838469,0.0,1669.326541814079,2.23527680426254,6.417770246670023,277.38078198813344
B2-000325,0700.HK,0700.HK|swing|2024-10-08T16:00:00Z,HKD,2024-10-10T01:30:00Z,2024-11-25T08:00:00Z,stop,31,144.41273459761592,438.219,393.97436638750355,394.1714521135603,0.11740396355780972,0.12337758476040073,6361.026842600195,-6389.488531250206,120.1793197540151,0.0,-6509.667851004221,-1.023367454985187,746.8097636188827,-410.28260446016225,14.44939715101853,0.0,-424.73200161118075,-0.5687285066454126,7.224597811006811,339.8686742157805
B2-000326,9988.HK,9988.HK|swing|2024-10-09T16:00:00Z,HKD,2024-10-14T01:30:00Z,2024-11-11T01:30:00Z,stop,20,440.3986562491629,107.0535,91.30432347488404,92.62143380301339,0.11764567475676757,0.11941011403665891,6355.86256005187,-6935.9161786919285,87.35651891484758,0.0,-7023.272697606776,-1.1050070122267495,747.7397395385784,-745.0319037084872,10.348065247329679,0.0,-755.3799689558169,-1.0102177656385538,5.173847659150278,70.94863519010497
B2-000327,SIE.DE,SIE.DE|swing|2024-10-10T22:00:00Z,EUR,2024-10-14T07:00:00Z,2024-10-31T08:00:00Z,stop,13,80.63641941800381,185.45268061065673,176.2518263397217,176.39999389648438,1.0,1.0,729.9762427437927,-741.9239439950484,29.166556327832993,0.0,-771.0905003228813,-1.056322733770829,729.9762427437927,-741.9239439950484,29.166556327832993,0.0,-771.0905003228813,-1.056322733770829,14.583096328701881,0.0
B2-000328,EXV1.DE,EXV1.DE|swing|2024-10-10T22:00:00Z,EUR,2024-10-14T07:00:00Z,2024-12-09T16:30:00Z,tiempo,40,743.250437538224,20.12005561065674,20.909540076255798,19.509572165352957,1.0,1.0,453.7420878318782,586.784674486132,30.49526494631417,86.79455634440119,643.083965884219,1.4172896522715703,453.7420878318782,586.784674486132,30.49526494631417,86.79455634440119,643.083965884219,1.4172896522715703,15.24778298127179,0.0
B2-000329,SAP.DE,SAP.DE|swing|2024-10-10T22:00:00Z,EUR,2024-10-14T07:00:00Z,2024-12-02T16:30:00Z,objetivo,35,71.51563039491747,209.1045,228.61939177458626,200.34000505719865,1.0,1.0,626.7983809275046,1395.619787348126,31.304100059176164,0.0,1364.31568728895,2.176642009301467,626.7983809275046,1395.619787348126,31.304100059176164,0.0,1364.31568728895,2.176642009301467,15.65240284763536,0.0
B2-000330,EXSA.DE,EXSA.DE|swing|2024-10-13T22:00:00Z,EUR,2024-10-15T07:00:00Z,2024-10-30T08:00:00Z,stop,11,289.4974320802273,52.08603137397766,50.974500000000006,51.00999777657645,1.0,1.0,311.50896327970054,-321.78547844313806,29.835759181590234,0.0,-351.6212376247283,-1.1287676409779945,311.50896327970054,-321.78547844313806,29.835759181590234,0.0,-351.6212376247283,-1.1287676409779945,14.917802873874546,0.0
B2-000331,COIN,COIN|swing|2024-10-14T04:00:00Z,USD,2024-10-15T13:30:00Z,2024-11-06T21:00:00Z,objetivo,16,38.92496867861258,195.77783267211913,248.89289748804913,174.74286760602678,0.9161704076958315,0.9350163627863488,818.7853563533547,2067.5022343225523,17.308794243780337,0.0,2050.193440078772,2.503944927898773,750.1469137456296,2076.7667715547727,16.04038748567093,0.0,2060.7263840691016,2.7470970636664935,8.020714939706236,182.5824066234382
B2-000332,ARM,ARM|swing|2024-10-15T04:00:00Z,USD,2024-10-16T13:30:00Z,2024-11-13T21:00:00Z,stop,20,46.223642833414125,154.077,136.48486543164935,136.55314200265067,0.9171787581399614,0.940822278671559,810.0165531329429,-813.1725449647981,13.430827888723098,0.0,-826.6033728535213,-1.020477136740508,742.9299762752846,-596.6616883539389,12.467632940360996,0.0,-609.1293212942999,-0.8199013914449909,6.233668863175318,149.1628965903856
B2-000333,ITX.MC,ITX.MC|swing|2024-10-20T22:00:00Z,EUR,2024-10-22T07:00:00Z,2024-10-31T16:30:00Z,stop,7,276.9171656413147,53.966968626022336,52.37951036099025,52.40571321759905,1.0,1.0,432.33842254274936,-439.5944433265634,29.44916553701716,213.2262175438123,-255.81739131976826,-0.5917063531277357,432.33842254274936,-439.5944433265634,29.44916553701716,213.2262175438123,-255.81739131976826,-0.5917063531277357,14.724476551015538,0.0
B2-000334,ADYEN.AS,ADYEN.AS|swing|2024-10-28T23:00:00Z,EUR,2024-10-30T08:00:00Z,2024-10-31T16:30:00Z,stop,1,10.408462542756078,1451.7255,1396.9297606288364,1397.6285749162946,1.0,1.0,563.0658184120294,-570.3394007473804,29.6501215774803,0.0,-599.9895223248607,-1.0655761772521803,563.0658184120294,-570.3394007473804,29.6501215774803,0.0,-599.9895223248607,-1.0655761772521803,14.824921910120713,0.0
B2-000335,META,META|swing|2024-10-30T04:00:00Z,USD,2024-10-31T13:30:00Z,2024-10-31T20:00:00Z,stop,0,27.393625449877565,585.2925,568.1800710013254,568.4643031529018,0.9246417013407305,0.9189487226612755,460.9853214262182,-468.771470527317,31.597795576717616,0.0,-500.3692661040346,-1.0854342705662914,426.2462518966419,-522.054085322768,29.128031025398393,0.0,-551.1821163481663,-1.2931072446868563,14.563888640151095,-88.60843527439202
B2-000336,6857.T,6857.T|swing|2024-10-30T15:00:00Z,JPY,2024-11-01T00:00:00Z,2024-11-27T06:30:00Z,stop,17,273.6786143843985,8783.3895,8489.610214285714,8493.857142857143,0.006013229104028863,0.006206168931918327,79238.81432230568,-80401.10784912381,4727.250628067825,0.0,-85128.35847719164,-1.0743265053276807,476.48114445162764,-35.18910838489815,28.874322232065786,0.0,-64.06343061696393,-0.13445113487269936,14.437155928043914,448.2811733296174
B2-000337,ABBV,ABBV|swing|2024-10-31T04:00:00Z,USD,2024-11-01T13:30:00Z,2024-11-11T14:30:00Z,stop,6,76.66379068674446,204.4721801147461,178.48072232055665,196.1671360560826,0.9189487226612755,0.9283327144448571,636.6961593575691,-1992.6036799770925,29.358621155181325,0.0,-2021.9623011322738,-3.1757099071752655,585.091122364978,-1702.6993649167725,27.10746865121851,0.0,-1729.8068335679911,-2.9564742438340113,13.553312039095356,128.40124156833383
B2-000338,AMZN,AMZN|swing|2024-11-01T04:00:00Z,USD,2024-11-04T14:30:00Z,2024-12-05T21:00:00Z,objetivo,22,80.17839872548169,196.5482219467163,221.05575792987008,188.39713178362166,0.9186954524575103,0.9487666034155597,653.5413571439533,1964.974991836394,33.48281840789297,0.0,1931.4921734285012,2.9554245531902246,600.4054728010594,2338.1915624193352,31.29349098001839,0.0,2306.898071439317,3.842233583709676,15.647333949731602,532.9779732265056
B2-000339,MRVL,MRVL|swing|2024-11-05T05:00:00Z,USD,2024-11-06T14:30:00Z,2024-12-04T14:30:00Z,objetivo,19,95.79884280060844,89.46470816802979,112.27383683013916,81.07857186453683,0.9176837661741765,0.9512937595129377,803.3821534427977,2185.088131120268,19.326319159103058,0.0,2165.7618119611648,2.695805231271385,737.2507602485067,2366.7190334548345,18.09694848007573,0.0,2348.6220849747588,3.1856489156865755,9.049068182063454,361.49912786589306
B2-000340,TSLA,TSLA|swing|2024-11-06T05:00:00Z,USD,2024-11-07T14:30:00Z,2024-11-11T21:00:00Z,objetivo,2,29.822860390057482,289.0344596557617,353.71984183686124,261.71285356794084,0.9350163627863488,0.9388789784996715,814.8084439892255,1929.103122064444,19.16877179852341,0.0,1909.9343502659206,2.344028666314578,761.85922766641,1844.4894762254758,17.963861777729885,0.0,1826.525614447746,2.3974581499031395,8.98239425683099,40.74649159298969
B2-000341,ORCL,ORCL|swing|2024-11-08T05:00:00Z,USD,2024-11-11T14:30:00Z,2024-12-02T21:00:00Z,stop,14,85.56906069517407,191.14552805328367,181.51633057076592,181.60713413783483,0.9283327144448571,0.9517464547444561,816.1914078855206,-823.961383827379,31.88832519937768,0.0,-855.8497090267567,-1.0485894616851916,757.6971851889349,-401.24383457143347,29.9666419649134,0.0,-431.21047653634685,-0.5691066100883333,14.98322441730242,363.6664734747771
B2-000342,6758.T,6758.T|swing|2024-11-10T15:00:00Z,JPY,2024-11-12T00:00:00Z,2024-12-10T06:30:00Z,objetivo,20,845.6542655226341,2976.4874999999997,3319.4644375000003,2833.0,0.0061042607740202665,0.006273525721455458,121340.81642417873,290039.9101727653,5324.198611472368,0.0,284715.71156129293,2.3464133500304984,740.6959859857084,2245.626140695416,32.975443631231386,0.0,2212.6506970641844,2.9872589279927286,16.488287344219927,475.14689412744565
B2-000343,COIN,COIN|swing|2024-11-13T05:00:00Z,USD,2024-11-14T14:30:00Z,2025-01-15T21:00:00Z,tiempo,40,14.490083065013454,290.955402557373,274.79252767944337,235.77143205915178,0.940822278671559,0.970873786407767,799.6203163764777,-234.20139955061987,8.197734502990906,0.0,-242.39913405361077,-0.30314279050844456,752.3006081253907,-100.68380606049028,7.832269343381157,0.0,-108.51607540387144,-0.14424563031296178,3.9161104797662087,119.65808833279219
B2-000344,PLTR,PLTR|swing|2024-11-15T05:00:00Z,USD,2024-11-18T14:30:00Z,2024-11-18T21:00:00Z,stop,0,136.70162112911953,64.95245816802978,59.11999350111826,59.149568285260884,0.9449116507606539,0.9476876421531464,793.2644542082743,-797.3073751451149,16.960905280636865,0.0,-814.2682804257518,-1.0264777100575375,749.5648249156895,-730.9500236833375,16.048992011450352,0.0,-746.9990156947878,-0.9965769348619176,8.024315274296494,22.435004328677586
B2-000345,SAF.PA,SAF.PA|swing|2024-11-24T23:00:00Z,EUR,2024-11-26T08:00:00Z,2024-12-10T16:30:00Z,stop,10,69.16874390759834,217.70880610656738,208.5242562713623,208.62857055664062,1.0,1.0,628.0684873735541,-635.2837754578744,29.48200553657041,0.0,-664.7657809944449,-1.058428808893678,628.0684873735541,-635.2837754578744,29.48200553657041,0.0,-664.7657809944449,-1.058428808893678,14.74084763255306,0.0
B2-000346,ENR.DE,ENR.DE|swing|2024-11-24T23:00:00Z,EUR,2024-11-26T08:00:00Z,2025-01-28T16:30:00Z,tiempo,40,163.77387667453797,49.08453137397766,51.93401908493042,44.48714229038784,1.0,1.0,752.9322328007071,466.6716489591885,16.544199624697804,0.0,450.1274493344907,0.5978326198894908,752.9322328007071,466.6716489591885,16.544199624697804,0.0,450.1274493344907,0.5978326198894908,8.272218548315927,0.0
B2-000347,CRWD,CRWD|swing|2024-11-27T05:00:00Z,USD,2024-11-29T14:30:00Z,2025-01-28T21:00:00Z,objetivo,38,113.53488528342795,87.41868749999999,102.52804370679175,80.46392604282924,0.9485866059571239,0.9596008060646771,789.608044213487,1715.4390236445524,21.565580337525226,0.0,1693.8734433070272,2.1452079366722523,749.0116146969142,1755.4533841412601,20.58503156084461,0.0,1734.8683525804156,2.316210214286765,10.292957217005327,128.21090297587298
B2-000348,SAP.DE,SAP.DE|swing|2024-12-01T23:00:00Z,EUR,2024-12-03T08:00:00Z,2025-01-15T16:30:00Z,objetivo,26,66.50322221446075,230.1650280532837,251.31223156772342,222.6857169015067,1.0,1.0,497.39829153771905,1406.3571745352103,32.01978918778545,0.0,1374.337385347425,2.763052082665236,497.39829153771905,1406.3571745352103,32.01978918778545,0.0,1374.337385347425,2.763052082665236,16.010250185748852,0.0
B2-000349,AIR.PA,AIR.PA|swing|2024-12-01T23:00:00Z,EUR,2024-12-03T08:00:00Z,2025-01-23T08:00:00Z,objetivo,34,101.50654425079,150.79536122131347,165.917,144.24857875279017,1.0,1.0,664.541264341457,1534.9452958332065,32.14837730908344,0.0,1502.7969185241232,2.261404970861148,664.541264341457,1534.9452958332065,32.14837730908344,0.0,1502.7969185241232,2.261404970861148,16.074576409509,0.0
B2-000350,EUNL.DE,EUNL.DE|swing|2024-12-01T23:00:00Z,EUR,2024-12-03T08:00:00Z,2024-12-19T08:00:00Z,stop,12,144.67202338901583,105.802875,103.58817938995362,103.74214608328683,1.0,1.0,298.12982203714955,-320.40449509618014,30.293027518154055,0.0,-350.6975226143342,-1.1763248648457392,298.12982203714955,-320.40449509618014,30.293027518154055,0.0,-350.6975226143342,-1.1763248648457392,15.146437444561183,0.0
B2-000351,RRU.DE,RRU.DE|swing|2024-12-02T23:00:00Z,EUR,2024-12-04T08:00:00Z,2025-01-13T16:30:00Z,stop,23,1562.8618973553514,7.20960285115242,6.711499536718642,6.714856965201242,1.0,1.0,773.2194940264127,-778.4666910749636,21.756760491186284,0.0,-800.2234515661498,-1.0349240516416864,773.2194940264127,-778.4666910749636,21.756760491186284,0.0,-800.2234515661498,-1.0349240516416864,10.878188348466177,0.0
B2-000352,MRVL,MRVL|swing|2024-12-04T05:00:00Z,USD,2024-12-05T14:30:00Z,2024-12-09T21:00:00Z,stop,2,103.34979893653372,116.65829847335814,108.5756898803711,108.6300048828125,0.9531071292413268,0.9462528387585163,829.7225283863546,-835.3359729679106,23.277887410031493,0.0,-858.613860377942,-1.0348204743190177,790.8144570971738,-873.0785545099808,22.109406560815415,0.0,-895.1879610707962,-1.1319822912149888,11.054487774389305,-76.913883362525
B2-000353,6501.T,6501.T|swing|2024-12-04T15:00:00Z,JPY,2024-12-06T00:00:00Z,2024-12-19T00:00:00Z,stop,9,607.9182851193136,4096.047,3824.087,3923.285714285714,0.0063083522583901085,0.006191183754333828,105024.74454643612,-165329.45682104828,4814.79427919517,0.0,-170144.25110024345,-1.6200396567021889,662.5330844463546,-1315.3418712654068,30.101032945894687,0.0,-1345.4429042113015,-2.030755800422586,15.05019140002577,-272.3854189499371
B2-000354,IQQT.DE,IQQT.DE|swing|2024-12-08T23:00:00Z,EUR,2024-12-10T08:00:00Z,2025-01-27T16:30:00Z,stop,29,177.19802775283864,87.93394438934325,86.14547818865096,86.18857247488839,1.0,1.0,309.27646093659814,-316.9126834652877,30.84653035317354,0.0,-347.75921381846126,-1.124428327863439,309.27646093659814,-316.9126834652877,30.84653035317354,0.0,-347.75921381846126,-1.124428327863439,15.423189804209969,0.0
B2-000355,DBK.DE,DBK.DE|swing|2024-12-08T23:00:00Z,EUR,2024-12-10T08:00:00Z,2024-12-20T16:30:00Z,stop,8,926.9095648502168,16.810401045799253,16.021699318545206,16.02971417563302,1.0,1.0,723.6261271100595,-731.055174805663,30.43238786183317,0.0,-761.4875626674961,-1.0523218194299362,723.6261271100595,-731.055174805663,30.43238786183317,0.0,-761.4875626674961,-1.0523218194299362,15.216014971123133,0.0
B2-000356,ADYEN.AS,ADYEN.AS|swing|2024-12-08T23:00:00Z,EUR,2024-12-10T08:00:00Z,2024-12-20T16:30:00Z,stop,8,9.447557971994655,1500.950051147461,1417.7765272042411,1418.4857700892858,1.0,1.0,779.0860759159707,-785.7866891886549,27.574838553379305,0.0,-813.3615277420342,-1.0439944351280646,779.0860759159707,-785.7866891886549,27.574838553379305,0.0,-813.3615277420342,-1.0439944351280646,13.787226276824235,0.0
B2-000357,1810.HK,1810.HK|swing|2024-12-09T16:00:00Z,HKD,2024-12-11T01:30:00Z,2025-01-06T08:00:00Z,objetivo,15,2204.891783418362,31.465725763320922,36.677189372820514,28.59285763331822,0.12216276967431405,0.12480966526047778,6334.363334687429,11490.71329216945,150.247753681853,0.0,11340.465538487597,1.7903086607593839,773.8233690888403,1617.7897784780891,18.568734144292492,0.0,1599.2210443337967,2.0666486800687394,9.28477384078306,214.0524171732137
B2-000358,APP,APP|swing|2024-12-11T05:00:00Z,USD,2024-12-12T14:30:00Z,2025-02-12T21:00:00Z,tiempo,40,14.936643306699239,336.36811221313474,380.1298473205567,281.42884608677457,0.9517464547444561,0.9643201542912248,820.6082216612658,653.653427781819,10.702074451532573,0.0,642.9513533302865,0.7835058635272688,781.0109657002625,693.5040877675897,10.257053172902028,0.0,683.2470345946876,0.8748238688071188,5.128701244647316,71.39175524468192
B2-000359,EQQQ.DE,EQQQ.DE|swing|2024-12-18T23:00:00Z,EUR,2024-12-20T08:00:00Z,2024-12-20T16:30:00Z,stop,0,30.837620629882174,495.34755610656737,489.50511628505166,489.749991280692,1.0,1.0,172.6155805515179,-180.16694276881802,30.37051308753838,0.0,-210.5374558563564,-1.2196897590801228,172.6155805515179,-180.16694276881802,30.37051308753838,0.0,-210.5374558563564,-1.2196897590801228,15.185215298335928,0.0
B2-000360,INFY,INFY|swing|2024-12-19T05:00:00Z,USD,2024-12-20T14:30:00Z,2024-12-20T21:00:00Z,stop,0,702.3109912139954,22.641314160346983,22.54586477593013,22.557143347603933,0.962000962000962,0.9624639076034649,59.114086928859074,-67.03515178056534,31.735452428900956,0.0,-98.7706042094663,-1.6708471591269254,56.86780849337092,-57.15750324244694,30.53686614339682,0.0,-87.69436938584377,-1.5420740082865387,15.26842259942742,7.3303772583353295
B2-000361,0700.HK,0700.HK|swing|2024-12-19T16:00:00Z,HKD,2024-12-23T01:30:00Z,2025-01-07T01:30:00Z,stop,8,236.04984601008033,430.81530610656733,380.4097061004639,404.77142333984375,0.12383134171258746,0.1234034676374406,6147.654516589687,-11898.234119486422,191.48953921099525,0.0,-12089.723658697418,-1.9665587300120435,761.2723071747491,-1511.7955268117137,23.673985332637447,0.0,-1535.469512144351,-2.0169780217578386,11.836617676589263,-38.42123178522307
B2-000362,V,V|swing|2024-12-20T05:00:00Z,USD,2024-12-23T14:30:00Z,2025-01-10T21:00:00Z,stop,11,49.994100892336846,315.8078188934326,307.59897043064666,307.75284685407365,0.9624639076034649,0.9704968944099379,402.70108482066473,-410.39399825842577,31.1666619224358,0.0,-441.5606601808616,-1.0964973197862187,387.58525969265133,-271.4570639951796,30.12031956804931,0.0,-301.5773835632289,-0.7780930157209146,15.060095684780839,123.53234722563307
B2-000363,AVGO,AVGO|swing|2024-12-20T05:00:00Z,USD,2024-12-23T14:30:00Z,2025-02-24T21:00:00Z,tiempo,40,23.30228856716003,226.80334744262694,207.82602767944337,192.92571367536272,0.9624639076034649,0.9554748710108925,789.4263980173558,-442.21498135297264,10.127859118858927,0.0,-452.34284047183155,-0.5730019183648919,759.7944158011125,-459.46261960360687,9.713852202544516,0.0,-469.17647180615137,-0.6175045012820486,4.856812449820002,-33.846660649831925
B2-000364,AAPL,AAPL|swing|2024-12-20T05:00:00Z,USD,2024-12-23T14:30:00Z,2025-01-02T21:00:00Z,stop,6,61.94072055927717,254.89738927459715,245.90555888584683,246.02857317243303,0.9624639076034649,0.9688983625617672,549.3408598757653,-556.9604534259998,31.020095467268234,0.0,-587.9805488932681,-1.0703382759954196,528.7207506022766,-438.0474993173614,29.953729132727137,0.0,-468.00122845008855,-0.8851576714493972,14.976758798675975,98.00683506762485
B2-000365,ASML.AS,ASML.AS|swing|2025-01-05T23:00:00Z,EUR,2025-01-07T08:00:00Z,2025-01-13T16:30:00Z,stop,4,19.55421960567416,747.2734744262694,707.5603407723563,707.9142979213169,1.0,1.0,769.6379808763324,-776.5593366981064,28.448139912154705,0.0,-805.0074766102612,-1.0459560164814838,769.6379808763324,-776.5593366981064,28.448139912154705,0.0,-805.0074766102612,-1.0459560164814838,14.223879372210252,0.0
B2-000366,IFX.DE,IFX.DE|swing|2025-01-05T23:00:00Z,EUR,2025-01-07T08:00:00Z,2025-01-13T16:30:00Z,stop,4,405.93850482877673,33.34166326332092,31.42999318245479,31.445716040475027,1.0,1.0,769.6379808763324,-776.0204943527024,26.29330937288139,0.0,-802.3138037255837,-1.0424560945030878,769.6379808763324,-776.0204943527024,26.29330937288139,0.0,-802.3138037255837,-1.0424560945030878,13.146463967930515,0.0
B2-000367,BBVA.MC,BBVA.MC|swing|2025-01-05T23:00:00Z,EUR,2025-01-07T08:00:00Z,2025-01-27T16:30:00Z,objetivo,14,1578.9271754256906,9.748872435092926,10.75818890651209,9.32571520124163,1.0,1.0,668.1344560057744,1593.6372053284872,32.379156440381784,0.0,1561.2580488881053,2.33674230516651,668.1344560057744,1593.6372053284872,32.379156440381784,0.0,1561.2580488881053,2.33674230516651,16.18998067698617,0.0
B2-000368,EXH1.DE,EXH1.DE|swing|2025-01-09T23:00:00Z,EUR,2025-01-13T08:00:00Z,2025-01-27T16:30:00Z,stop,10,419.9310445937409,35.87292704200745,34.46847328049796,34.48571613856724,1.0,1.0,582.5329237534727,-589.7737351542875,29.5385377156162,204.2851150566509,-415.0271578132527,-0.7124527059158836,582.5329237534727,-589.7737351542875,29.5385377156162,204.2851150566509,-415.0271578132527,-0.7124527059158836,14.769125106654798,0.0
B2-000369,EXV1.DE,EXV1.DE|swing|2025-01-12T23:00:00Z,EUR,2025-01-14T08:00:00Z,2025-01-30T08:00:00Z,objetivo,12,692.458470536519,21.565777805328366,22.893548186302187,20.764285768781388,1.0,1.0,554.9999497745205,919.425847232823,30.786236877249003,150.15338720960932,1038.7929975651832,1.8716992640940113,554.9999497745205,919.425847232823,30.786236877249003,150.15338720960932,1038.7929975651832,1.8716992640940113,15.393352143421097,0.0
B2-000370,DBK.DE,DBK.DE|swing|2025-01-12T23:00:00Z,EUR,2025-01-14T08:00:00Z,2025-01-24T16:30:00Z,objetivo,8,717.9401260787058,17.18658849620819,19.166894470163754,16.146571023123606,1.0,1.0,746.6702757504044,1421.7411206160712,26.099624144277158,0.0,1395.641496471794,1.869153683758434,746.6702757504044,1421.7411206160712,26.099624144277158,0.0,1395.641496471794,1.869153683758434,13.050170769960175,0.0
B2-000371,6857.T,6857.T|swing|2025-01-14T15:00:00Z,JPY,2025-01-16T00:00:00Z,2025-01-28T06:30:00Z,stop,8,118.1425855809557,9244.619999999999,8194.472142857145,8198.57142857143,0.0061823802163833074,0.0061648480364959,123582.88287183623,-124067.1830851569,2060.299435941672,0.0,-126127.48252109857,-1.0205902273043854,764.0363701504558,-784.0036842885202,12.720581286511042,0.0,-796.7242655750312,-1.0427831667465495,6.360096232356975,-16.97318608044056
B2-000372,SU.PA,SU.PA|swing|2025-01-14T23:00:00Z,EUR,2025-01-16T08:00:00Z,2025-01-27T16:30:00Z,stop,7,60.04244332338555,254.4271530532837,242.4287149778094,242.54998997279577,1.0,1.0,713.1338911028031,-720.4155381158166,29.832440296148434,0.0,-750.247978411965,-1.0520436453409445,713.1338911028031,-720.4155381158166,29.832440296148434,0.0,-750.247978411965,-1.0520436453409445,14.916043773199373,0.0
B2-000373,TSM,TSM|swing|2025-01-16T05:00:00Z,USD,2025-01-17T14:30:00Z,2025-01-27T14:30:00Z,stop,5,48.56466944487368,215.27758316802976,196.94147328948975,199.0971418108259,0.9735202492211839,0.9549274255156609,785.7977859847695,-890.4871151561787,20.019282215737157,0.0,-910.5063973719158,-1.1587031849814393,764.9900564493472,-1044.7363957771834,19.311347454391566,0.0,-1064.047743231575,-1.3909301621125443,9.655414956949421,-177.82915750208667
B2-000374,VVSM.DE,VVSM.DE|swing|2025-01-21T23:00:00Z,EUR,2025-01-23T08:00:00Z,2025-01-27T08:00:00Z,stop,2,365.50907997522586,43.20159030532837,39.88005152511597,41.857856205531526,1.0,1.0,491.14701454808153,-1214.0525836574682,30.367094468276946,0.0,-1244.4196781257451,-2.53370099230018,491.14701454808153,-1214.0525836574682,30.367094468276946,0.0,-1244.4196781257451,-2.53370099230018,15.183247516803545,0.0
B2-000375,1810.HK,1810.HK|swing|2025-01-23T16:00:00Z,HKD,2025-01-27T01:30:00Z,2025-02-12T08:00:00Z,objetivo,9,1645.9667785001222,37.668826526641844,44.45365258899757,33.72142737252371,0.12261062543680035,0.12429771789389947,6497.287869157927,11167.598296539325,135.17087239241258,0.0,11032.427424146912,1.6980050209129423,796.6365292803893,1492.70947680701,16.69682846991301,0.0,1476.012648337097,1.8528056322880346,8.34878949952208,123.44326504137597
B2-000376,EUNL.DE,EUNL.DE|swing|2025-01-23T23:00:00Z,EUR,2025-01-27T08:00:00Z,2025-01-27T16:30:00Z,stop,0,149.4179010671474,105.55774975204467,104.99604444122315,105.04856872558594,1.0,1.0,76.08076023667964,-83.92882856122162,31.460505990082204,0.0,-115.38933455130382,-1.5166690526269604,76.08076023667964,-83.92882856122162,31.460505990082204,0.0,-115.38933455130382,-1.5166690526269604,15.730235945391437,0.0
B2-000377,GS,GS|swing|2025-01-24T05:00:00Z,USD,2025-01-27T14:30:00Z,2025-02-25T21:00:00Z,stop,20,26.19637905601692,625.3125,605.981168321882,606.2843104771206,0.9549274255156609,0.9526531389920929,498.4696654910789,-506.4108922975662,32.255435664633595,0.0,-538.6663279621998,-1.0806401377133357,476.00235436504863,-519.6888392228769,30.76549694852651,0.0,-550.4543361714035,-1.156410952852677,15.382622397709063,-36.103189588074905
B2-000378,9988.HK,9988.HK|swing|2025-01-26T16:00:00Z,HKD,2025-01-28T01:30:00Z,2025-02-05T01:30:00Z,objetivo,3,1090.9484981452372,88.39417347335815,98.9505,82.75000108991351,0.12197055630770731,0.12424057945806259,6157.501384991754,11516.408570170659,204.38339016126994,0.0,11312.025180009388,1.8371128925088398,751.0338693929225,1649.7115306092705,25.173804568663996,0.0,1624.5377260406065,2.1630685275935115,12.587317859042997,245.0487706387078
B2-000379,MUV2.DE,MUV2.DE|swing|2025-01-26T23:00:00Z,EUR,2025-01-28T08:00:00Z,2025-02-21T16:30:00Z,stop,18,28.33290386982484,528.264,510.1876278708322,510.4428492954799,1.0,1.0,504.9249497608294,-512.1561138508921,29.422350145927407,0.0,-541.5784639968196,-1.072592004521369,504.9249497608294,-512.1561138508921,29.422350145927407,0.0,-541.5784639968196,-1.072592004521369,14.711050711696686,0.0
B2-000380,SIE.DE,SIE.DE|swing|2025-01-26T23:00:00Z,EUR,2025-01-28T08:00:00Z,2025-02-13T08:00:00Z,objetivo,12,74.1868271563004,201.7508188934326,226.83652194976807,193.73856462751115,1.0,1.0,594.4037223582455,1861.0287167346355,31.795534976512933,0.0,1829.2331817581226,3.0774255156088146,594.4037223582455,1861.0287167346355,31.795534976512933,0.0,1829.2331817581226,3.0774255156088146,15.898236719993937,0.0
B2-000381,MC.PA,MC.PA|swing|2025-01-26T23:00:00Z,EUR,2025-01-28T08:00:00Z,2025-01-29T16:30:00Z,stop,1,19.964998648046016,749.6746377868652,713.8143271702359,714.1714128766741,1.0,1.0,708.8218373332386,-715.9510529795155,29.21855520679879,0.0,-745.1696081863142,-1.0512791352335094,708.8218373332386,-715.9510529795155,29.21855520679879,0.0,-745.1696081863142,-1.0512791352335094,14.609102267910338,0.0
B2-000382,ALV.DE,ALV.DE|swing|2025-01-26T23:00:00Z,EUR,2025-01-28T08:00:00Z,2025-02-26T16:30:00Z,objetivo,21,48.055810568218114,311.4556377868652,331.2896294642858,305.42857142857144,1.0,1.0,289.6355591962461,953.1385468617369,30.887644806640036,0.0,922.2509020550968,3.1841770555189823,289.6355591962461,953.1385468617369,30.887644806640036,0.0,922.2509020550968,3.1841770555189823,15.444064548970374,0.0
B2-000383,MU,MU|swing|2025-01-27T05:00:00Z,USD,2025-01-28T14:30:00Z,2025-03-26T20:00:00Z,tiempo,40,74.50649473728122,92.65630561065673,92.08393225479126,82.08392974308559,0.9496676163342831,0.9269558769002596,787.710666937748,-42.64553242655032,13.764347560286081,0.0,-56.4098799868364,-0.07161243633545263,748.0633114318595,-196.32094165085613,12.915733277449458,0.0,-209.23667492830558,-0.2797045005827221,6.457819172943217,-155.8218605240287
B2-000384,ARM,ARM|swing|2025-01-27T05:00:00Z,USD,2025-01-28T14:30:00Z,2025-03-03T21:00:00Z,stop,23,35.15288523281745,148.07399999999998,125.60303010559083,125.66586303710938,0.9496676163342831,0.9555661729574774,787.7106669377481,-789.9194257682609,9.62053723016016,0.0,-799.5399629984211,-1.0150173109965106,748.0633114318596,-724.1169485969936,9.162356608789922,0.0,-733.2793052057834,-0.9802369585566518,4.580998420406469,26.043949568496554
B2-000385,DTE.DE,DTE.DE|swing|2025-01-27T23:00:00Z,EUR,2025-01-29T08:00:00Z,2025-02-10T16:30:00Z,objetivo,8,496.59048128581384,30.65531938934326,33.35447601631709,29.702857426234655,1.0,1.0,472.98354466653274,1340.3754884547307,31.78665510750335,0.0,1308.5888333472274,2.7666688367981616,472.98354466653274,1340.3754884547307,31.78665510750335,0.0,1308.5888333472274,2.7666688367981616,15.893666621039145,0.0
B2-000386,6758.T,6758.T|swing|2025-01-28T15:00:00Z,JPY,2025-01-30T00:00:00Z,2025-02-12T00:00:00Z,stop,8,720.8069248422178,3422.7104999999997,3287.3555,3304.0,0.006191950464396285,0.006358087487283825,85567.35045148186,-97564.82131201807,4836.662038948321,0.0,-102401.48335096639,-1.1967354699036727,529.8287953652128,-210.44678917533278,30.3420415096503,0.0,-240.78883068498308,-0.4544653533204183,15.170971935868877,393.66975145636025
B2-000387,SU.PA,SU.PA|swing|2025-01-28T23:00:00Z,EUR,2025-01-30T08:00:00Z,2025-03-04T08:00:00Z,stop,23,42.452476453260225,242.62124999999997,224.18785305023195,224.61338942391532,1.0,1.0,764.4782770798269,-782.5433499636259,19.817202455407497,0.0,-802.3605524190334,-1.0495531089305903,764.4782770798269,-782.5433499636259,19.817202455407497,0.0,-802.3605524190334,-1.0495531089305903,9.908408068966489,0.0
B2-000388,CRWD,CRWD|swing|2025-01-29T05:00:00Z,USD,2025-01-30T14:30:00Z,2025-03-05T14:30:00Z,stop,23,89.89249894080912,99.98246899795532,90.37478816986085,91.14193071637835,0.9619084263178145,0.9472387989012029,794.6980781128401,-863.6584386631146,17.111689538333245,0.0,-880.7701282014478,-1.108307862393479,764.4267777153136,-949.9366108533771,16.340702074214303,0.0,-966.2773129275914,-1.2640547676986933,8.170115595482553,-119.17628124283941
B2-000389,IFX.DE,IFX.DE|swing|2025-02-03T23:00:00Z,EUR,2025-02-05T08:00:00Z,2025-03-28T16:30:00Z,stop,37,345.2838806872495,34.23711122131348,31.959010974884034,31.974998474121094,1.0,1.0,781.0710679026809,-786.5912936817373,22.85645395835045,120.84935824053731,-688.5983893995505,-0.8816078557980178,781.0710679026809,-786.5912936817373,22.85645395835045,120.84935824053731,-688.5983893995505,-0.8816078557980178,11.428033188359777,0.0
B2-000390,9988.HK,9988.HK|swing|2025-02-09T16:00:00Z,HKD,2025-02-11T01:30:00Z,2025-02-13T08:00:00Z,objetivo,2,714.9455437088154,107.95395152664184,121.56150867465566,98.88571493966239,0.12437810945273634,0.1238098775520311,6483.295337158197,9728.662343735512,164.09105548319565,0.0,9564.571288252317,1.4752638574760233,806.3800170594774,1160.6476754974271,20.359950304783517,0.0,1140.2877251926436,1.4140823198357328,10.180267859376826,-49.384954320422345
B2-000391,PLTR,PLTR|swing|2025-02-10T05:00:00Z,USD,2025-02-11T14:30:00Z,2025-02-20T14:30:00Z,stop,6,63.20580842588073,116.55824999999999,102.85854866027833,103.43499864850726,0.9689922480620154,0.9584052137243626,829.4657108471297,-865.9006983702286,13.868416141541596,0.0,-879.7691145117702,-1.0606455493057885,803.7458438441179,-907.8801030485953,13.369558695315575,0.0,-921.2496617439109,-1.1461952416920769,6.68455404876911,-68.82903873635833
B2-000392,ICGA.DE,ICGA.DE|swing|2025-02-10T23:00:00Z,EUR,2025-02-12T08:00:00Z,2025-03-19T16:30:00Z,objetivo,25,3207.7843358054424,4.959478278636932,5.3729681636946545,4.710499831608364,1.0,1.0,798.6691623314058,1326.386376302155,33.144259848259935,0.0,1293.242116453895,1.619246338094205,798.6691623314058,1326.386376302155,33.144259848259935,0.0,1293.242116453895,1.619246338094205,16.572465663838877,0.0
B2-000393,0700.HK,0700.HK|swing|2025-02-11T16:00:00Z,HKD,2025-02-13T01:30:00Z,2025-02-17T01:30:00Z,objetivo,2,240.2454630788368,449.2245,505.747,422.2000165666853,0.1238098775520311,0.12261814258037619,6492.50953690304,13579.274186873561,229.42757024459138,0.0,13349.846616628969,2.0561920688370545,803.8368107693594,1536.4483968920315,28.26059950161263,0.0,1508.1877973904188,1.8762362922231923,14.13068739557631,-144.7998774302404
B2-000394,EUNL.DE,EUNL.DE|swing|2025-02-11T23:00:00Z,EUR,2025-02-13T08:00:00Z,2025-02-25T16:30:00Z,stop,8,150.22359461685497,107.72884055328369,105.19666473170689,105.24928937639508,1.0,1.0,372.4870908286596,-380.39255411915485,31.98643478952144,0.0,-412.3789889086763,-1.107096055305623,372.4870908286596,-380.39255411915485,31.98643478952144,0.0,-412.3789889086763,-1.107096055305623,15.993126294902895,0.0
B2-000395,UBER,UBER|swing|2025-02-12T05:00:00Z,USD,2025-02-13T14:30:00Z,2025-03-04T21:00:00Z,stop,12,117.94966573819744,79.15956274795532,71.98984309005738,72.0258560180664,0.9643201542912248,0.9472387989012029,841.418324264727,-845.6660370856457,17.82802189512075,0.0,-863.4940589807665,-1.0262363370031553,811.3966482784252,-960.533631246736,17.046879996724712,0.0,-977.5805112434607,-1.2048121141708372,8.523201995754341,-145.04082788545867
B2-000396,9988.HK,9988.HK|swing|2025-02-13T16:00:00Z,HKD,2025-02-17T01:30:00Z,2025-04-07T01:30:00Z,stop,34,657.7137568931942,124.96245152664184,107.94600000000001,114.7142835344587,0.12261814258037619,0.1163697299058569,6740.3610714113565,-11191.954262578527,153.18709266576403,0.0,-11345.141355244292,-1.6831652243918656,826.4905548975349,-1815.9587547811952,18.33989465870466,0.0,-1834.2986494399,-2.219382470338465,9.169495632036373,-443.622111259293
B2-000397,1810.HK,1810.HK|swing|2025-02-13T16:00:00Z,HKD,2025-02-17T01:30:00Z,2025-02-26T08:00:00Z,objetivo,7,1551.6744006648257,45.0225,54.47498099274295,40.678572518484934,0.12261814258037619,0.12253550466247595,6740.361071411357,14667.172779210072,154.38769418707432,0.0,14512.785085022997,2.1531168629196564,826.490554897535,1791.4763119836948,18.923747127377695,0.0,1772.552564856317,2.144673710247144,9.46232379834711,-6.98517110849777
B2-000398,APP,APP|swing|2025-02-20T05:00:00Z,USD,2025-02-21T14:30:00Z,2025-02-25T21:00:00Z,stop,2,11.821010054852541,452.9963740081787,378.99584516470776,379.18543788364957,0.9575792396820837,0.9526531389920929,872.5198180861374,-874.7609955230754,9.83498838840177,0.0,-884.5959839114772,-1.0138405633603014,835.5068640104735,-859.7224601677958,9.395711212076622,0.0,-869.1181713798725,-1.0402286430156458,4.697641849833341,-22.069491171266993
B2-000399,0700.HK,0700.HK|swing|2025-02-20T16:00:00Z,HKD,2025-02-24T01:30:00Z,2025-02-25T01:30:00Z,stop,1,153.7851042533718,522.261,477.5610877990723,478.6142883300781,0.12296039445694543,0.12291656423619647,6712.21410447579,-6874.1806579362255,153.7577440070042,0.0,-7027.93840194323,-1.0470372804790167,825.3364939658159,-848.4709347711337,18.90289388440828,0.0,-867.373828655542,-1.0509335707279015,9.451237187278265,-3.218969502991418
B2-000400,IBE.MC,IBE.MC|swing|2025-02-23T23:00:00Z,EUR,2025-02-25T08:00:00Z,2025-03-06T08:00:00Z,stop,7,1167.7149778888738,13.781887118339538,13.363314885616303,13.393571853637695,1.0,1.0,453.4415507352249,-488.7730654793095,31.69785895783831,0.0,-520.4709244371478,-1.1478236248822793,453.4415507352249,-488.7730654793095,31.69785895783831,0.0,-520.4709244371478,-1.1478236248822793,15.848811247854933,0.0
B2-000401,BSP.DE,BSP.DE|swing|2025-02-24T23:00:00Z,EUR,2025-02-26T08:00:00Z,2025-03-03T08:00:00Z,objetivo,3,578.8305449906187,16.78839068698883,19.600195610046388,15.41999966757638,1.0,1.0,792.0665195267763,1627.558576020711,21.062825237751056,0.0,1606.49575078296,2.0282333758315754,792.0665195267763,1627.558576020711,21.062825237751056,0.0,1606.49575078296,2.0282333758315754,10.531822141474048,0.0
B2-000402,BRK-B,BRK-B|swing|2025-02-25T05:00:00Z,USD,2025-02-26T14:30:00Z,2025-04-02T20:00:00Z,objetivo,25,33.45274226035055,499.36955511474605,538.1677509998594,483.9771510532924,0.9526531389920929,0.9256687957048968,514.9181258349818,1297.9060471112914,34.70846808695032,0.0,1263.1975790243412,2.4532008403781926,490.53836890062087,750.650089817022,32.57932689255974,0.0,718.0707629244623,1.4638421955325938,16.289855181264127,-485.80418008036884
B2-000403,AZN,AZN|swing|2025-02-25T05:00:00Z,USD,2025-02-26T14:30:00Z,2025-03-26T13:30:00Z,stop,20,109.60307834463144,152.41616633605958,144.68761450958252,144.96857561383928,0.9526531389920929,0.9237875288683602,816.2788694062616,-847.0730713279095,32.56348896851112,0.0,-879.6365602964206,-1.0776177030482776,777.6306272327918,-1264.7236682613295,30.563953134481388,0.0,-1295.287621395811,-1.6656849357967136,15.281664206740501,-457.75684790512383
B2-000404,1810.HK,1810.HK|swing|2025-02-25T16:00:00Z,HKD,2025-02-27T01:30:00Z,2025-02-28T08:00:00Z,stop,1,1139.7366491588216,56.62829847335815,50.860270448139744,50.885713304792134,0.12267530300799842,0.1227807381577978,6545.034777530578,-6574.032933716601,122.50866136546506,0.0,-6696.541595082066,-1.0231483594360138,802.9141245314512,-800.3596896704267,15.034898946570515,0.0,-815.3945886169972,-1.0155439588173008,7.517251262674193,6.111792457818555
B2-000405,RRU.DE,RRU.DE|swing|2025-02-26T23:00:00Z,EUR,2025-02-28T08:00:00Z,2025-04-04T15:30:00Z,stop,25,1118.5249694622773,9.088541633605956,8.373525027683804,8.377713884626116,1.0,1.0,795.0785862206149,-799.7639273040961,19.53175757906738,0.0,-819.2956848831635,-1.030458748458645,795.0785862206149,-799.7639273040961,19.53175757906738,0.0,-819.2956848831635,-1.030458748458645,9.765681289970082,0.0
B2-000406,1810.HK,1810.HK|swing|2025-02-27T16:00:00Z,HKD,2025-03-03T01:30:00Z,2025-04-02T08:00:00Z,stop,22,841.7553867864128,52.92645152664184,45.25593061774118,45.278569902692524,0.12348728081007655,0.11912845621433593,6437.645554464157,-6456.702294524945,82.64554905755652,0.0,-6539.347843582501,-1.0157980566432117,794.9673443398563,-963.3675189469757,10.039627214577532,0.0,-973.4071461615532,-1.2244618009685342,5.019574020302052,-166.0469095959076
B2-000407,ALV.DE,ALV.DE|swing|2025-02-27T23:00:00Z,EUR,2025-03-03T08:00:00Z,2025-03-19T16:30:00Z,objetivo,12,48.43060190724905,331.0654438934326,358.6741111992427,318.58571079799106,1.0,1.0,604.4009854540498,1337.1043754773718,33.40450181237643,0.0,1303.6998736649955,2.1570114957466604,604.4009854540498,1337.1043754773718,33.40450181237643,0.0,1303.6998736649955,2.1570114957466604,16.702589357928023,0.0
B2-000408,SAF.PA,SAF.PA|swing|2025-03-02T23:00:00Z,EUR,2025-03-04T08:00:00Z,2025-03-10T16:30:00Z,stop,4,61.284346214612974,260.02994389343263,247.65467952837264,247.778568812779,1.0,1.0,750.8175120478581,-758.4099858456991,31.113120229617323,0.0,-789.5231060753165,-1.0515512669941445,750.8175120478581,-758.4099858456991,31.113120229617323,0.0,-789.5231060753165,-1.0515512669941445,15.556374401405668,0.0
B2-000409,BSP.DE,BSP.DE|swing|2025-03-03T23:00:00Z,EUR,2025-03-05T08:00:00Z,2025-04-07T07:00:00Z,stop,23,387.4949791109762,19.519755228996274,16.591700381278994,17.497142383030482,1.0,1.0,783.7523224971068,-1134.6065520520003,13.99300773737056,0.0,-1148.599559789371,-1.4655134368595264,783.7523224971068,-1134.6065520520003,13.99300773737056,0.0,-1148.599559789371,-1.4655134368595264,6.996221966101052,0.0
B2-000410,EXV1.DE,EXV1.DE|swing|2025-03-04T23:00:00Z,EUR,2025-03-06T08:00:00Z,2025-03-11T16:30:00Z,stop,3,590.9949174744607,26.343164923667906,24.995354074886865,25.00785800388881,1.0,1.0,789.1596028579236,-796.5493613465342,30.340803798811912,0.0,-826.890165145346,-1.0478110665457052,789.1596028579236,-796.5493613465342,30.340803798811912,0.0,-826.890165145346,-1.0478110665457052,15.170206554616492,0.0
B2-000411,7011.T,7011.T|swing|2025-03-06T15:00:00Z,JPY,2025-03-10T00:00:00Z,2025-03-11T06:30:00Z,stop,1,539.5429731938287,2501.25,2267.080178571429,2268.214285714286,0.006236357966947303,0.006273919317397579,125732.78214606184,-126344.68168583923,2572.719041716289,0.0,-128917.40072755552,-1.0253284666666658,784.1146376430424,-741.9860998780673,16.090341454859246,0.0,-758.0764413329266,-0.9667928705063029,8.044987242150707,45.94456233483641
B2-000412,DBK.DE,DBK.DE|swing|2025-03-09T23:00:00Z,EUR,2025-03-11T08:00:00Z,2025-04-04T15:30:00Z,stop,18,365.84434216399336,21.460725763320923,19.368167462621415,19.377856390816824,1.0,1.0,762.0059753972918,-765.5506149592154,14.937019583528798,0.0,-780.4876345427442,-1.0242539556672328,762.0059753972918,-765.5506149592154,14.937019583528798,0.0,-780.4876345427442,-1.0242539556672328,7.468320271191028,0.0
B2-000413,EXV1.DE,EXV1.DE|swing|2025-03-10T23:00:00Z,EUR,2025-03-12T08:00:00Z,2025-04-04T07:00:00Z,stop,17,523.5490279414445,25.342664923667908,23.758115457534792,23.89714322771345,1.0,1.0,756.8014787852247,-829.5893327191272,25.70666583974502,0.0,-855.2959985588723,-1.130145781337195,756.8014787852247,-829.5893327191272,25.70666583974502,0.0,-855.2959985588723,-1.130145781337195,12.853128735820219,0.0
B2-000414,7011.T,7011.T|swing|2025-03-11T15:00:00Z,JPY,2025-03-13T00:00:00Z,2025-04-07T00:00:00Z,stop,16,399.2084324246459,2501.25,2067.9655000000002,2189.5714285714284,0.0061640880231769715,0.00622820129546587,124424.71392035307,-172970.82603889637,1824.0693571653946,4790.50118909575,-170004.394206966,-1.3663233681677538,766.9648888636693,-1013.2787322944326,11.296652742798283,29.4709393361781,-995.1044457010529,-1.2974576283086359,5.648074463734068,52.92866485095654
B2-000415,INTC,INTC|swing|2025-03-17T04:00:00Z,USD,2025-03-18T13:30:00Z,2025-03-28T20:00:00Z,stop,8,290.21571044278886,25.562774236679076,22.56299918147496,22.574286324637278,0.9171787581399614,0.9261831990367694,867.3061425428971,-870.5818488146183,13.966855523158257,0.0,-884.5487043377766,-1.0198805945779712,795.4747707446547,-739.5168678204591,12.869065514985076,0.0,-752.3859333354442,-0.945832553094205,6.434349486862073,58.962311134524676
B2-000416,EXH1.DE,EXH1.DE|swing|2025-03-18T23:00:00Z,EUR,2025-03-20T08:00:00Z,2025-04-03T15:30:00Z,stop,10,426.59041919609405,37.53375688934326,36.1383510761261,36.156429290771484,1.0,1.0,587.5547576450829,-595.2667508089746,31.427815420049477,0.0,-626.6945662290241,-1.0666147419873058,587.5547576450829,-595.2667508089746,31.427815420049477,0.0,-626.6945662290241,-1.0666147419873058,15.71376282177626,0.0
B2-000417,ICGA.DE,ICGA.DE|swing|2025-03-18T23:00:00Z,EUR,2025-03-20T08:00:00Z,2025-03-21T16:30:00Z,stop,1,3064.051151411408,5.225611549615859,5.104160823447364,5.106714180537632,1.0,1.0,364.3076206239289,-372.1312373563299,31.650950933502124,0.0,-403.78218828983205,-1.1083550423630921,364.3076206239289,-372.1312373563299,31.650950933502124,0.0,-403.78218828983205,-1.1083550423630921,15.825386390284471,0.0
B2-000418,6758.T,6758.T|swing|2025-03-20T15:00:00Z,JPY,2025-03-24T00:00:00Z,2025-04-03T00:00:00Z,stop,8,487.63590025775704,3795.897,3457.2705,3537.5714285714284,0.006211565935772408,0.0062027043791092916,125968.82258317099,-165126.43817863328,3536.904863582805,4876.35900257757,-163786.9840396385,-1.300218424535151,782.4636473269829,-1040.6333612719227,21.95477816591261,29.99913259044952,-1032.5890068473857,-1.319663872404641,10.977131668898453,-14.939602786096247
B2-000419,BBVA.MC,BBVA.MC|swing|2025-03-20T23:00:00Z,EUR,2025-03-24T08:00:00Z,2025-04-04T15:30:00Z,stop,9,723.1460995668411,13.261627614498138,12.175337513991765,12.181428228105817,1.0,1.0,781.1419730241022,-785.5464491792554,18.394642117485226,0.0,-803.9410912967406,-1.029186907194827,781.1419730241022,-785.5464491792554,18.394642117485226,0.0,-803.9410912967406,-1.029186907194827,9.197126971411274,0.0
B2-000420,R6C0.DE,R6C0.DE|swing|2025-03-25T23:00:00Z,EUR,2025-03-27T08:00:00Z,2025-04-03T07:00:00Z,stop,5,461.2790640161021,33.88193417930603,32.62867795753479,32.95785631452288,1.0,1.0,426.2577725451698,-578.1008569509933,30.679952913619935,0.0,-608.7808098646132,-1.4281987310861333,426.2577725451698,-578.1008569509933,30.679952913619935,0.0,-608.7808098646132,-1.4281987310861333,15.339835766553726,0.0
B2-000421,APP,APP|swing|2025-03-28T04:00:00Z,USD,2025-03-31T13:30:00Z,2025-04-04T20:00:00Z,stop,4,28.805518524004,256.05795767211913,227.46579759774892,227.57958739144462,0.9261831990367694,0.9044044496698924,820.3342226534146,-823.6119966635588,13.928152489222162,0.0,-837.5401491527809,-1.0209742883135033,759.779774616481,-905.515845312678,12.757320577661963,0.0,-918.27316589034,-1.208604383229157,6.378435504477714,-142.70025147776207
B2-000422,ENI.MI,ENI.MI|swing|2025-03-30T22:00:00Z,EUR,2025-04-01T07:00:00Z,2025-04-03T15:30:00Z,stop,2,1056.3599705248535,14.36517880153656,13.840790703092305,13.84771456037249,1.0,1.0,546.6285105437431,-553.9425962161577,29.795657114534663,0.0,-583.7382533306923,-1.0678884142907865,546.6285105437431,-553.9425962161577,29.795657114534663,0.0,-583.7382533306923,-1.0678884142907865,14.897693796040446,0.0
B2-000423,7011.T,7011.T|swing|2025-04-22T15:00:00Z,JPY,2025-04-24T00:00:00Z,2025-06-03T06:30:00Z,objetivo,25,328.5202559839305,2676.3374999999996,3406.148752232143,2329.214285714286,0.006185056902523503,0.006135722174499939,114037.00721510747,239757.77940325666,1998.2199406020413,0.0,237759.5594626546,2.084933349874483,705.325378618923,1427.7104973621906,12.303899025311132,0.0,1415.4065983368794,2.00674276191273,6.152307978355362,-55.20501106962864
B2-000424,ENR.DE,ENR.DE|swing|2025-04-22T22:00:00Z,EUR,2025-04-24T07:00:00Z,2025-05-28T07:00:00Z,objetivo,23,94.74351965109385,64.37216633605956,85.93701335525513,56.925714765276226,1.0,1.0,705.5030307274299,2043.129507335988,14.24082071982387,0.0,2028.888686616164,2.875804352710176,705.5030307274299,2043.129507335988,14.24082071982387,0.0,2028.888686616164,2.875804352710176,7.120922922518412,0.0
B2-000425,ALV.DE,ALV.DE|swing|2025-04-22T22:00:00Z,EUR,2025-04-24T07:00:00Z,2025-06-20T15:30:00Z,tiempo,40,25.862929336565976,357.27855610656735,340.02991220092775,330.00001307896207,1.0,1.0,705.5030307274299,-446.10045848314627,18.034439641625802,398.289111783116,-65.84578634165604,-0.09333168459072923,705.5030307274299,-446.10045848314627,18.034439641625802,398.289111783116,-65.84578634165604,-0.09333168459072923,9.017110549974577,0.0
B2-000426,EUNH.DE,EUNH.DE|swing|2025-04-22T22:00:00Z,EUR,2025-04-24T07:00:00Z,2025-06-20T15:30:00Z,tiempo,40,126.3201176411111,111.70081914138794,111.93400286483765,110.06285858154297,1.0,1.0,206.90737061111682,29.455795378160055,28.249577024475357,0.0,1.2062183536846973,0.005829750530984173,206.90737061111682,29.455795378160055,28.249577024475357,0.0,1.2062183536846973,0.005829750530984173,14.124799407385627,0.0
B2-000427,OR.PA,OR.PA|swing|2025-04-22T22:00:00Z,EUR,2025-04-24T07:00:00Z,2025-06-20T15:30:00Z,tiempo,40,25.753440953848845,374.937375,364.76753720092773,347.54285975864957,1.0,1.0,705.5030307274299,-261.90831726862706,19.04994677963854,180.27408667694192,-100.6841773713237,-0.14271260786436352,705.5030307274299,-261.90831726862706,19.04994677963854,180.27408667694192,-100.6841773713237,-0.14271260786436352,9.52491029396688,0.0
B2-000428,PLTR,PLTR|swing|2025-04-23T04:00:00Z,USD,2025-04-24T13:30:00Z,2025-06-16T20:00:00Z,objetivo,36,44.283885379975864,101.58076377868652,143.20925941535407,83.40014321463448,0.8760402978537013,0.8640055296353897,805.1085171953124,1843.4715293150111,10.840253329286526,0.0,1832.6312759857246,2.2762537432468175,705.3075052083333,1538.6325032168872,9.420175910988693,0.0,1529.2123273058985,2.168149801346862,4.7104737912378525,-76.32284440905342
B2-000429,BSP.DE,BSP.DE|swing|2025-04-23T22:00:00Z,EUR,2025-04-25T07:00:00Z,2025-06-23T15:30:00Z,tiempo,40,371.3212443331432,19.97998431301117,22.13892461872101,18.070714950561523,1.0,1.0,708.9522754319494,801.6604007571548,15.639645674485134,0.0,786.0207550826697,1.1087075707652734,708.9522754319494,801.6604007571548,15.639645674485134,0.0,786.0207550826697,1.1087075707652734,7.820025207348318,0.0
B2-000430,NOW,NOW|swing|2025-04-24T04:00:00Z,USD,2025-04-25T13:30:00Z,2025-06-24T20:00:00Z,tiempo,40,34.81385225718944,188.89440305328367,199.1643755645752,165.72943115234375,0.8790436005625879,0.8615490652192642,806.461909301267,357.5373056935005,13.509820985907524,0.0,344.027484707593,0.4265886345527026,708.915180468765,192.98938565678836,11.754420187532688,0.0,181.23496546925566,0.25565112789574534,5.877259810426564,-121.3014948754734
B2-000431,MUV2.DE,MUV2.DE|swing|2025-04-24T22:00:00Z,EUR,2025-04-28T07:00:00Z,2025-05-13T07:00:00Z,stop,10,16.17283984941695,601.7007244262695,554.7225000000001,557.7714146205357,1.0,1.0,710.4616921835551,-759.771300056023,18.70264760679241,323.45679698833897,-455.0171506744765,-0.6404527586505229,710.4616921835551,-759.771300056023,18.70264760679241,323.45679698833897,-455.0171506744765,-0.6404527586505229,9.351136198353682,0.0
B2-000432,BRK-B,BRK-B|swing|2025-04-25T04:00:00Z,USD,2025-04-28T13:30:00Z,2025-06-04T20:00:00Z,stop,26,19.91382215032592,533.8968198852539,493.1347484893799,493.3814392089844,0.880514220304658,0.8784258608573435,806.8160851399823,-811.728640256322,20.452123995382752,0.0,-832.1807642517048,-1.0314379938363794,710.413036136288,-735.2467133686895,17.9878779107742,0.0,-753.2345912794636,-1.0602769839023063,8.99375739214749,-20.508102594434536
B2-000433,DBK.DE,DBK.DE|swing|2025-04-28T22:00:00Z,EUR,2025-04-30T07:00:00Z,2025-06-26T15:30:00Z,tiempo,40,384.53794961667114,23.661824618339537,25.52723091506958,21.80514281136649,1.0,1.0,713.9646151439913,717.3195125465985,18.915058558397714,261.4858057393364,959.8902597275371,1.344450746391609,713.9646151439913,717.3195125465985,18.915058558397714,261.4858057393364,959.8902597275371,1.344450746391609,9.457710973504039,0.0
B2-000434,VRTX,VRTX|swing|2025-04-30T04:00:00Z,USD,2025-05-01T13:30:00Z,2025-05-06T13:30:00Z,stop,3,31.546536105103943,507.2535,465.32721755981447,481.52999441964283,0.8792754770069463,0.8816009873931058,811.4874975405793,-1322.6289827520975,30.681552721628584,0.0,-1353.310535473726,-1.6676911715525875,713.521056485166,-1128.8179886719513,27.011674145664358,0.0,-1155.8296628176156,-1.6198956601383006,13.505558244723346,34.137241040610526
B2-000435,MSFT,MSFT|swing|2025-05-01T04:00:00Z,USD,2025-05-02T13:30:00Z,2025-06-23T20:00:00Z,objetivo,34,25.616690476832307,431.95586022949215,486.16738937037337,400.3700038364955,0.8792754770069463,0.8716875871687587,809.1251066650693,1388.719962277729,23.519279104583205,21.261853095770814,1386.462536268917,1.7135329565824877,711.4438641212251,1126.5678307563076,20.585425777037393,19.009256232249275,1124.9916612115194,1.581279589221151,10.292997103723877,-94.49957650451002
B2-000436,UBER,UBER|swing|2025-05-05T04:00:00Z,USD,2025-05-06T13:30:00Z,2025-07-03T17:00:00Z,tiempo,40,195.030212684641,83.54175,93.58318225479127,79.38614218575614,0.8816009873931058,0.8487523340689187,810.4690758459343,1958.3826683103564,34.54471320940456,0.0,1923.8379551009518,2.3737339430168003,714.5103375173536,1126.9733232026445,29.85511450374942,0.0,1097.118208698895,1.5354826250813325,14.927842727163684,-599.5387708733098
B2-000437,1810.HK,1810.HK|swing|2025-05-06T16:00:00Z,HKD,2025-05-08T01:30:00Z,2025-07-04T08:00:00Z,tiempo,40,1412.51678527616,49.82489923667907,57.471250000000005,45.392856052943635,0.11345715290620496,0.10812213476342877,6260.335390095097,10800.598799299994,151.55761179230504,0.0,10649.04118750769,1.7010336545796354,710.2798295981457,792.3131898833077,16.76220313565136,0.0,775.5509867476563,1.091894989030505,8.381301741447192,-433.0919995674451
B2-000438,CRWD,CRWD|swing|2025-05-07T04:00:00Z,USD,2025-05-08T13:30:00Z,2025-06-26T20:00:00Z,objetivo,33,83.44260001203067,106.92468196105956,126.02209983689445,97.23814283098493,0.8802816901408451,0.8550662676357418,808.2700101317013,1593.5382010758954,19.437685137656462,0.0,1574.100515938239,1.947493407161985,711.505290608892,1137.6069098044281,16.845482734259154,0.0,1120.761427070169,1.5751976012870457,8.423027874612483,-265.1555911426632
B2-000439,9988.HK,9988.HK|swing|2025-05-11T16:00:00Z,HKD,2025-05-13T01:30:00Z,2025-05-16T01:30:00Z,stop,3,697.782031404698,131.0655,120.93950000000001,122.04285430908203,0.11556151339357941,0.1145147437732608,6295.840038853576,-7065.7408500039555,175.84456082414096,0.0,-7241.585410828096,-1.1502175033256934,727.556802973811,-904.8639765243685,20.232527300215978,0.0,-925.0965038245845,-1.2715110353492,10.116039963121949,-88.33627065107477
B2-000440,COIN,COIN|swing|2025-05-13T04:00:00Z,USD,2025-05-14T13:30:00Z,2025-06-24T20:00:00Z,objetivo,27,31.919266949666664,256.98841534423826,318.40945633813317,231.59999520438058,0.8999280057595392,0.8615490652192642,810.379759874411,1960.5146038105509,18.366278268499656,0.0,1942.1483255420512,2.396590366278443,729.283441211673,1374.261610159243,16.13826778788522,0.0,1358.1233423713577,1.8622709163873161,8.069479476713678,-390.0603875104398
B2-000441,EXV1.DE,EXV1.DE|swing|2025-05-26T22:00:00Z,EUR,2025-05-28T07:00:00Z,2025-06-13T15:30:00Z,stop,12,524.070449092544,28.124055610656736,27.226380043574746,27.24000004359654,1.0,1.0,463.3073980519997,-470.4452375800625,29.00752767078105,0.0,-499.4527652508435,-1.0780159508585854,463.3073980519997,-470.4452375800625,29.00752767078105,0.0,-499.4527652508435,-1.0780159508585854,14.503649849990952,0.0
B2-000442,MU,MU|swing|2025-06-03T04:00:00Z,USD,2025-06-04T13:30:00Z,2025-06-16T20:00:00Z,objetivo,8,117.30130779621189,102.43118725204467,119.13798985379084,95.2971431187221,0.8782715615668364,0.8640055296353897,836.8327067146295,1959.7297942779817,25.990354241844997,0.0,1933.7394400361368,2.31078377376993,734.9663680964601,1521.806550996602,22.627220609987482,0.0,1499.1793303866145,2.0397931054579304,11.313993585127463,-199.36839567297469
B2-000443,APP,APP|swing|2025-06-04T04:00:00Z,USD,2025-06-05T13:30:00Z,2025-06-10T20:00:00Z,stop,3,23.569579021782516,414.3770984344482,378.7605154135568,378.94999040876115,0.8784258608573435,0.8749671887304226,835.0020221246568,-839.467867996778,18.69391966473858,0.0,-858.1617876615165,-1.027736178983052,733.4873701024743,-768.2866319925706,16.390346126910586,0.0,-784.6769781194812,-1.0697893516692119,8.194983040542139,-30.876347385422452
B2-000444,ARM,ARM|swing|2025-06-10T04:00:00Z,USD,2025-06-11T13:30:00Z,2025-08-08T20:00:00Z,tiempo,40,69.05614532073979,141.06050049591065,138.43075000000002,128.8924298967634,0.8749671887304226,0.8585164835164835,840.2800515677342,-181.60043240289184,19.300588410120895,0.0,-200.90102081301274,-0.23908817118553038,735.2174744664749,-316.1548374169298,16.73012116444131,0.0,-332.8849585813711,-0.45277073810430807,8.364983634756213,-157.2604176051422
B2-000445,8035.T,8035.T|swing|2025-06-12T15:00:00Z,JPY,2025-06-16T00:00:00Z,2025-06-27T06:30:00Z,objetivo,9,81.51299132508835,23836.9125,27289.38419642857,22362.85714285714,0.00602627455706882,0.005919962112242482,120154.66153948574,281421.2954410953,4167.457379099876,0.0,277253.83806199546,2.3074746706425793,724.0849797486184,1459.4364082209165,24.877756787025184,0.0,1434.5586514338913,1.981202057156232,12.4392463624254,-236.4855843131043
B2-000446,6857.T,6857.T|swing|2025-06-15T15:00:00Z,JPY,2025-06-17T00:00:00Z,2025-07-10T06:30:00Z,objetivo,17,174.4033846572826,9294.644999999999,11098.215973214286,8592.42857142857,0.005991970759182696,0.005826487210860572,122468.92190480596,314548.88219820097,3556.5839765739775,0.0,310992.298221627,2.5393568701728153,733.8301989622265,1564.4633037172293,20.990642789460992,0.0,1543.4726609277684,2.103310361321363,10.495715134482854,-320.3044007479938
B2-000447,7011.T,7011.T|swing|2025-06-15T15:00:00Z,JPY,2025-06-17T00:00:00Z,2025-07-07T06:30:00Z,stop,14,511.32733005005286,3596.7974999999997,3355.6070714285715,3357.285714285714,0.005991970759182696,0.00588512241054614,122468.92190480597,-123327.25787505633,3554.954466936353,0.0,-126882.21234199268,-1.0360360030001499,733.8301989622265,-922.305173209758,21.1178513658963,0.0,-943.4230245756543,-1.2856148819029678,10.55869774632774,-183.33185021223642
B2-000448,IFX.DE,IFX.DE|swing|2025-06-19T22:00:00Z,EUR,2025-06-23T07:00:00Z,2025-08-18T15:30:00Z,tiempo,40,393.4938741648792,34.16707652664184,36.64166984748841,32.29857199532645,1.0,1.0,735.2450869219266,973.7373128024491,27.86280793551485,0.0,945.8745048669342,1.2864751110773132,735.2450869219266,973.7373128024491,27.86280793551485,0.0,945.8745048669342,1.2864751110773132,13.931650884995127,0.0
B2-000449,TTE.PA,TTE.PA|swing|2025-06-19T22:00:00Z,EUR,2025-06-23T07:00:00Z,2025-06-24T07:00:00Z,stop,1,266.79166674983435,55.117545152664185,51.27434923744202,52.628572191510884,1.0,1.0,664.03724480136,-1025.3326438682773,28.384470833008784,0.0,-1053.7171147012862,-1.5868343574862205,664.03724480136,-1025.3326438682773,28.384470833008784,0.0,-1053.7171147012862,-1.5868343574862205,14.191982631339084,0.0
B2-000450,PLTR,PLTR|swing|2025-06-23T04:00:00Z,USD,2025-06-24T13:30:00Z,2025-08-05T13:30:00Z,objetivo,29,60.11816047929723,141.05048572540284,171.72409255981447,126.93028586251395,0.8716875871687587,0.8646779074794638,848.8804413569045,1844.0408181500266,18.803432291195207,0.0,1825.2373858588314,2.15017014992271,739.958543721151,1535.0614049689812,16.318352437958154,0.0,1518.743052531023,2.052470459890186,8.159562024220415,-72.36608644491986
B2-000451,PANW,PANW|swing|2025-06-23T04:00:00Z,USD,2025-06-24T13:30:00Z,2025-07-10T20:00:00Z,stop,11,83.18198169120387,204.10199999999998,194.5498321838379,194.64715576171875,0.8716875871687587,0.8540438978563498,786.4726803218933,-794.5682483953001,33.16064940588088,0.0,-827.728897801181,-1.0524572798414333,685.5584730839377,-978.1438193860506,28.62019792945999,0.0,-1006.7640173155106,-1.4685312148308107,14.30985800623671,-285.52854010144364
B2-000452,GS,GS|swing|2025-06-23T04:00:00Z,USD,2025-06-24T13:30:00Z,2025-06-30T13:30:00Z,objetivo,4,25.552131354111236,654.7772372131348,713.9128845214844,621.5557250976562,0.8716875871687587,0.8544087491455912,848.8804413569046,1511.0418277333458,34.97294977363749,0.0,1476.0688779597083,1.7388418981597287,739.9585437211512,1001.9559142686057,30.170285713696906,0.0,971.7856285549088,1.3132973959161696,15.085397117174544,-315.2004906593458
B2-000453,ASML.AS,ASML.AS|swing|2025-06-23T22:00:00Z,EUR,2025-06-25T07:00:00Z,2025-07-02T15:30:00Z,stop,5,17.41053104790646,700.3499999999999,656.8000367736817,657.1286010742188,1.0,1.0,752.5075079312638,-758.2279868869986,23.628702851915577,0.0,-781.8566897389142,-1.0390018458265418,752.5075079312638,-758.2279868869986,23.628702851915577,0.0,-781.8566897389142,-1.0390018458265418,11.814164822500452,0.0
B2-000454,DBK.DE,DBK.DE|swing|2025-06-25T22:00:00Z,EUR,2025-06-27T07:00:00Z,2025-07-01T15:30:00Z,stop,2,552.4728373598625,25.772880228996275,24.37851928806305,24.390714645385742,1.0,1.0,763.6089416784614,-770.3465453411467,27.707285988757803,0.0,-798.0538313299045,-1.0451080229308618,763.6089416784614,-770.3465453411467,27.707285988757803,0.0,-798.0538313299045,-1.0451080229308618,13.853453871104842,0.0
B2-000455,EXH1.DE,EXH1.DE|swing|2025-06-25T22:00:00Z,EUR,2025-06-27T07:00:00Z,2025-08-22T15:30:00Z,tiempo,40,415.0794269728931,36.79338902664184,38.710634542465215,35.60357012067522,1.0,1.0,493.86934969013834,795.8091700743151,31.34016683721277,125.80019732980956,890.2692005669119,1.8026411258878108,493.86934969013834,795.8091700743151,31.34016683721277,125.80019732980956,890.2692005669119,1.8026411258878108,15.670286288466205,0.0
B2-000456,QCOM,QCOM|swing|2025-06-27T04:00:00Z,USD,2025-06-30T13:30:00Z,2025-07-31T20:00:00Z,stop,22,113.18477879596433,158.46919438934324,151.1757977153233,151.25142342703683,0.8544087491455912,0.8736676568233444,816.9418097685865,-825.5014892201679,35.047099936644805,0.0,-860.5485891568127,-1.053378072791474,698.0022298091135,-375.78039228037943,30.27408412059126,0.0,-406.0544764009707,-0.581738079134814,15.136951899433315,329.5353025420463
B2-000457,SAF.PA,SAF.PA|swing|2025-06-30T22:00:00Z,EUR,2025-07-02T07:00:00Z,2025-07-31T15:30:00Z,objetivo,21,56.65860187807409,265.0324438934326,292.8021866562707,253.3928484235491,1.0,1.0,659.4832057499649,1573.394799456171,31.606130246118184,0.0,1541.7886692100528,2.3378740440504915,659.4832057499649,1573.394799456171,31.606130246118184,0.0,1541.7886692100528,2.3378740440504915,15.803462422625657,0.0
B2-000458,IS3N.DE,IS3N.DE|swing|2025-07-01T22:00:00Z,EUR,2025-07-03T07:00:00Z,2025-08-13T15:30:00Z,objetivo,29,447.65924340724877,33.71685076332092,35.050133718626846,32.955571855817524,1.0,1.0,340.79353975486714,596.8564390200313,30.784176244586753,0.0,566.0722627754445,1.6610416476281225,340.79353975486714,596.8564390200313,30.784176244586753,0.0,566.0722627754445,1.6610416476281225,15.392241184460927,0.0
B2-000459,IQQT.DE,IQQT.DE|swing|2025-07-02T22:00:00Z,EUR,2025-07-04T07:00:00Z,2025-07-04T15:30:00Z,stop,0,173.31971538137952,87.57376377868651,87.13926553998675,87.18285696847099,1.0,1.0,67.7518570871979,-75.30711106515311,30.281212514931063,0.0,-105.58832358008416,-1.5584565223679407,67.7518570871979,-75.30711106515311,30.281212514931063,0.0,-105.58832358008416,-1.5584565223679407,15.140591215833368,0.0
B2-000460,AIR.PA,AIR.PA|swing|2025-07-03T22:00:00Z,EUR,2025-07-07T07:00:00Z,2025-08-01T15:30:00Z,stop,19,85.83050934444434,176.1680418319702,167.8817328229632,167.96571568080358,1.0,1.0,704.0098313638877,-711.2181228285309,29.52996739847423,0.0,-740.7480902270052,-1.0521842980401908,704.0098313638877,-711.2181228285309,29.52996739847423,0.0,-740.7480902270052,-1.0521842980401908,14.76480958590831,0.0
B2-000461,IQQT.DE,IQQT.DE|swing|2025-07-03T22:00:00Z,EUR,2025-07-07T07:00:00Z,2025-09-01T15:30:00Z,tiempo,40,173.7929669002108,87.00347908401488,89.205375,84.92571149553571,1.0,1.0,361.1013937308923,382.6740240445112,30.62385954534728,0.0,352.05016449916394,0.9749343830046978,361.1013937308923,382.6740240445112,30.62385954534728,0.0,352.05016449916394,0.9749343830046978,15.312029269184912,0.0
B2-000462,DBK.DE,DBK.DE|swing|2025-07-08T22:00:00Z,EUR,2025-07-10T07:00:00Z,2025-07-24T15:30:00Z,objetivo,10,518.7588590458349,26.012999999999998,28.979030955093247,24.53214236668178,1.0,1.0,768.2080162694749,1538.6548341588018,28.52760323487741,0.0,1510.1272309239243,1.9657790584603796,768.2080162694749,1538.6548341588018,28.52760323487741,0.0,1510.1272309239243,1.9657790584603796,14.264189847193753,0.0
B2-000463,IQQK.DE,IQQK.DE|swing|2025-07-09T22:00:00Z,EUR,2025-07-11T07:00:00Z,2025-09-05T15:30:00Z,tiempo,40,353.26536817002335,43.271625,43.583197042465216,41.909999302455354,1.0,1.0,481.01520335287427,110.06761229296043,30.682800686173334,0.0,79.3848116067871,0.16503597194733605,481.01520335287427,110.06761229296043,30.682800686173334,0.0,79.3848116067871,0.16503597194733605,15.341431695345776,0.0
B2-000464,7011.T,7011.T|swing|2025-07-23T15:00:00Z,JPY,2025-07-25T00:00:00Z,2025-08-13T06:30:00Z,objetivo,12,611.6376420369638,3595.797,4119.135830357143,3377.714285714286,0.005806526535826269,0.005803830528148578,133387.59713473514,320093.72818602575,4718.743324833203,0.0,315374.9848611925,2.364350146757884,774.5186223129436,1851.8403549729314,27.39271595970628,0.0,1824.4476390132252,2.3555891187804887,13.696824364146114,-6.792371690786606
B2-000465,EUNL.DE,EUNL.DE|swing|2025-07-30T22:00:00Z,EUR,2025-08-01T07:00:00Z,2025-08-01T15:30:00Z,stop,0,149.4306246878673,104.05199999999999,103.11270269993375,103.16428484235492,1.0,1.0,132.65183055179224,-140.35978231652592,30.956750937727406,0.0,-171.31653325425333,-1.2914750783432645,132.65183055179224,-140.35978231652592,30.956750937727406,0.0,-171.31653325425333,-1.2914750783432645,15.47834424850165,0.0
B2-000466,OR.PA,OR.PA|swing|2025-07-30T22:00:00Z,EUR,2025-08-01T07:00:00Z,2025-08-05T15:30:00Z,stop,2,40.12596296761446,387.49363778686524,372.86347587149487,373.0500008719308,1.0,1.0,579.5648399663276,-587.0493352263547,30.51006138481758,0.0,-617.5593966111724,-1.065557042154338,579.5648399663276,-587.0493352263547,30.51006138481758,0.0,-617.5593966111724,-1.065557042154338,15.254887743796337,0.0
B2-000467,6501.T,6501.T|swing|2025-07-31T15:00:00Z,JPY,2025-08-04T00:00:00Z,2025-09-01T06:30:00Z,stop,19,635.4981789944864,4104.0509999999995,4004.568142857143,4006.5714285714284,0.005827166249053085,0.0058234334963894714,61948.09013201985,-63221.17455545398,5153.012699445548,0.0,-68374.18725489953,-1.103733579343363,360.98182001060457,-377.89976103092147,30.017962216715137,0.0,-407.9177232476366,-1.1300229004210052,15.008890385637319,-9.499466435886578
B2-000468,R6C0.DE,R6C0.DE|swing|2025-07-31T22:00:00Z,EUR,2025-08-04T07:00:00Z,2025-09-17T15:30:00Z,stop,32,488.69224664584044,31.08553469467163,30.201320542335512,30.216428756713867,1.0,1.0,424.7253333938193,-432.10860062118445,29.950410975631414,150.98342437021898,-311.0755872265969,-0.7324158998026081,424.7253333938193,-432.10860062118445,29.950410975631414,150.98342437021898,-311.0755872265969,-0.7324158998026081,14.975101204439143,0.0
B2-000469,APP,APP|swing|2025-08-04T04:00:00Z,USD,2025-08-05T13:30:00Z,2025-08-28T20:00:00Z,objetivo,17,23.532943393943473,398.19899999999996,479.31077164513727,360.3267124720982,0.8646779074794638,0.8564576909900651,891.2463985932628,1908.7987307074854,20.650387783757278,0.0,1888.1483429237283,2.11854807593497,770.6410709842306,1557.7753937807934,17.76321339901191,0.0,1540.0121803817815,1.9983520712371872,8.881998363852286,-92.72069848681254
B2-000470,DBK.DE,DBK.DE|swing|2025-08-04T22:00:00Z,EUR,2025-08-06T07:00:00Z,2025-10-01T15:30:00Z,tiempo,40,372.0841230055946,29.414699618339537,30.079951813697818,27.332142693655832,1.0,1.0,774.8863669301642,247.5297796874326,22.137015201613167,0.0,225.39276448581944,0.29087202215048485,774.8863669301642,247.5297796874326,22.137015201613167,0.0,225.39276448581944,0.29087202215048485,11.068572250392736,0.0
B2-000471,AMD,AMD|swing|2025-08-06T04:00:00Z,USD,2025-08-07T13:30:00Z,2025-10-03T20:00:00Z,tiempo,40,48.61703011754549,166.92341633605957,164.58766316986086,148.44000026157923,0.8617718028266115,0.8522243054371911,898.6087959681354,-113.55738202823511,16.11708413663935,0.0,-129.67446616487445,-0.14430580553706565,774.3957221373107,-174.2573647903279,13.81285183778429,0.0,-188.07021662811218,-0.24286060892620068,6.906384081146281,-76.39681495558457
B2-000472,TSLA,TSLA|swing|2025-08-11T04:00:00Z,USD,2025-08-12T13:30:00Z,2025-09-15T13:30:00Z,objetivo,23,27.91286723408725,345.17249999999996,422.9184398803711,312.20428466796875,0.8604371020478404,0.8533879501621437,920.2374175077869,2170.1120978701297,21.43962042858609,0.0,2148.6724774415434,2.3349110094443226,791.8064167163888,1784.0306693305033,18.364230575298464,0.0,1765.6664387552048,2.229921861554749,9.182563590955688,-83.2142952798313
B2-000473,ENR.DE,ENR.DE|swing|2025-08-11T22:00:00Z,EUR,2025-08-13T07:00:00Z,2025-08-15T15:30:00Z,stop,2,103.42754095155709,103.5017219467163,95.71925423104423,95.7671377999442,1.0,1.0,799.9690185835364,-804.9214983668439,20.604935672034507,0.0,-825.5264340388784,-1.0319480065622981,799.9690185835364,-804.9214983668439,20.604935672034507,0.0,-825.5264340388784,-1.0319480065622981,10.302269181208235,0.0
B2-000474,6758.T,6758.T|swing|2025-08-12T15:00:00Z,JPY,2025-08-14T00:00:00Z,2025-10-14T06:30:00Z,tiempo,40,581.4990293746196,4106.052,4307.845,3870.1428571428573,0.0057981098161999185,0.005682463916354132,137180.93759202675,117342.43363459295,4892.6729387580235,7268.737867182745,119718.49856301767,0.8727050613916781,795.3901408478387,390.6704483227376,28.078561125677815,41.58554761246493,404.17743480952475,0.5081499179493169,14.039381740294502,-289.6938679907838
B2-000475,7203.T,7203.T|swing|2025-08-14T15:00:00Z,JPY,2025-08-18T00:00:00Z,2025-10-16T06:30:00Z,tiempo,40,896.0837648822013,2865.432,2953.02275,2713.4285714285716,0.005820382981200163,0.005677624481916766,136207.80454928818,78488.64902885594,5213.822838176728,40323.769419699056,113598.59561037828,0.8340094459805456,792.781587505315,79.07277419807228,29.968684491489682,230.6983775942506,279.8024673008332,0.3529376460183712,14.984365760028284,-377.76122282687476
B2-000476,SIE.DE,SIE.DE|swing|2025-08-17T22:00:00Z,EUR,2025-08-19T07:00:00Z,2025-09-25T15:30:00Z,stop,27,60.206615307082075,234.66727805328367,221.3963919001988,221.50714547293526,1.0,1.0,792.3270396552336,-798.9951374028625,27.458049932425368,0.0,-826.4531873352879,-1.0430707851329972,792.3270396552336,-798.9951374028625,27.458049932425368,0.0,-826.4531873352879,-1.0430707851329972,13.72882864963334,0.0
B2-000477,OR.PA,OR.PA|swing|2025-08-21T22:00:00Z,EUR,2025-08-25T07:00:00Z,2025-09-11T15:30:00Z,stop,13,39.776163764306396,398.19899999999996,385.04309119960243,385.2357090541295,1.0,1.0,515.6299835872946,-523.2915829128917,31.154365686653193,0.0,-554.4459485995449,-1.0752787197171958,515.6299835872946,-523.2915829128917,31.154365686653193,0.0,-554.4459485995449,-1.0752787197171958,15.577055914692215,0.0
B2-000478,APP,APP|swing|2025-08-28T04:00:00Z,USD,2025-08-29T13:30:00Z,2025-09-16T20:00:00Z,objetivo,11,20.977558276040924,480.96036122131346,597.7102424751009,436.8744114467076,0.8564576909900651,0.8469551960701278,924.8155805514077,2449.1274377221844,22.627875449693775,0.0,2426.4995622724905,2.6237658764634197,792.0654167106952,1978.4269839794952,19.260670913383052,0.0,1959.166313066112,2.473490537185901,9.630832471145084,-119.14704627246115
B2-000479,IS3N.DE,IS3N.DE|swing|2025-08-28T22:00:00Z,EUR,2025-09-01T07:00:00Z,2025-09-10T07:00:00Z,objetivo,7,449.35789002430346,34.81739923667907,36.01798129844666,34.30171530587332,1.0,1.0,231.7266430663107,539.4910220769094,31.830437136332716,0.0,507.6605849405767,2.190773483027176,231.7266430663107,539.4910220769094,31.830437136332716,0.0,507.6605849405767,2.190773483027176,15.915357419758703,0.0
B2-000480,9988.HK,9988.HK|swing|2025-08-31T16:00:00Z,HKD,2025-09-02T01:30:00Z,2025-09-18T08:00:00Z,objetivo,12,531.2037526201374,139.9699438934326,162.7516311386313,126.54286084856305,0.10948225840002627,0.10864251181487317,7132.5169001769245,12101.717755667867,160.80683665611082,0.0,11940.910919011756,1.6741510866543559,780.8840583077244,1252.3237063546894,17.532895959219616,0.0,1234.7908103954699,1.581272914024419,8.766763252225703,-72.59968405552584
B2-000481,ZPRR.DE,ZPRR.DE|swing|2025-09-04T22:00:00Z,EUR,2025-09-08T07:00:00Z,2025-10-10T15:30:00Z,objetivo,24,263.4065618372881,59.24961122131347,62.278485825657846,57.26142883300781,1.0,1.0,523.7002872090419,797.8254457666278,32.011298209771006,0.0,765.8141475568568,1.4623137818734324,523.7002872090419,797.8254457666278,32.011298209771006,0.0,765.8141475568568,1.4623137818734324,16.005852562708572,0.0
B2-000482,AVGO,AVGO|swing|2025-09-05T04:00:00Z,USD,2025-09-08T13:30:00Z,2025-11-03T21:00:00Z,tiempo,40,27.797661524278894,342.92137499999995,362.3687127990723,310.02144949776783,0.8549200649739249,0.8685079034219212,914.5409932850398,540.5905136869275,19.605415137067553,16.400620299324547,537.3857188491845,0.5876015649324695,781.859445400564,599.0320121629521,16.897933117900003,13.921246328261224,596.0553253733133,0.7623561100140459,8.449118429231127,136.87033507743593
B2-000483,AIR.PA,AIR.PA|swing|2025-09-08T22:00:00Z,EUR,2025-09-10T07:00:00Z,2025-10-03T15:30:00Z,objetivo,17,83.57964612150859,189.61476427459715,204.00944880247118,180.74142456054688,1.0,1.0,741.6305932162502,1203.1026388704668,32.898972433838665,0.0,1170.203666436628,1.5778794417875521,741.6305932162502,1203.1026388704668,32.898972433838665,0.0,1170.203666436628,1.5778794417875521,16.449791105023387,0.0
B2-000484,6857.T,6857.T|swing|2025-09-10T15:00:00Z,JPY,2025-09-12T00:00:00Z,2025-10-06T00:00:00Z,objetivo,14,99.79575446454237,14007.0,16481.755,12620.0,0.005784359093012495,0.00578368999421631,138416.71144232026,246970.04233989865,3042.6483079095888,2894.0768794717287,246821.47091146078,1.7831768168709452,800.6519634562718,1427.462870271443,17.59866986685688,16.55745110974157,1426.4216515143278,1.7815751620176135,8.799693999068918,-1.1005398390296661
B2-000485,MU,MU|swing|2025-09-12T04:00:00Z,USD,2025-09-15T13:30:00Z,2025-10-02T13:30:00Z,objetivo,13,87.05471561599593,157.03848671722412,184.86752671051028,146.1285672869001,0.8533879501621437,0.8529512111907198,949.759933400285,2422.649162481704,29.764530766350305,0.0,2392.884631715354,2.519462600563137,810.5136827106035,2060.430904804718,25.39366320030617,0.0,2035.0372416044117,2.510799367135457,12.697349882214816,-7.028697927577582
B2-000486,ORCL,ORCL|swing|2025-09-15T04:00:00Z,USD,2025-09-16T13:30:00Z,2025-10-30T20:00:00Z,stop,32,20.694273413594132,314.21702755737306,267.8003285064697,267.9342956542969,0.8499065102838687,0.8658008658008658,957.7875083303344,-960.5598611159088,12.044426297842332,10.347136706797066,-962.257150706954,-1.0046666325648905,814.0298387985163,-728.3006226556588,10.324721779994551,8.911494881403037,-729.7138495542503,-0.8964215005082444,5.162180105386855,88.08545682412101
B2-000487,8035.T,8035.T|swing|2025-09-16T15:00:00Z,JPY,2025-09-18T00:00:00Z,2025-09-24T06:30:00Z,objetivo,3,111.36932812840352,24312.149999999998,27144.01049107143,23057.14285714286,0.005771006463527239,0.005737234652897303,139769.30229634693,315382.4002439962,5730.638021957927,0.0,309651.76222203823,2.21544900872079,806.6095469549107,1717.9813419091752,32.96945653647248,0.0,1685.0118853727026,2.0890056307093205,16.485161884860855,-102.09252838166368
B2-000488,LMT,LMT|swing|2025-09-17T04:00:00Z,USD,2025-09-18T13:30:00Z,2025-10-06T20:00:00Z,objetivo,12,40.93309651435833,471.3555551147461,507.2872088956833,458.9985656738281,0.8448086508405847,0.8563110121596164,505.80984141200213,1470.7938521356114,40.05887871231731,0.0,1430.7349734232942,2.8286024831571117,427.3125297051636,1481.3840195360192,34.08093192878811,0.0,1447.3030876072312,3.3869895848966536,17.040840570608523,238.8446496487078
B2-000489,EUNN.DE,EUNN.DE|swing|2025-09-22T22:00:00Z,EUR,2025-09-24T07:00:00Z,2025-10-10T15:30:00Z,stop,12,290.72892631376374,56.92044429016113,55.942301089968005,55.97028623308454,1.0,1.0,276.2384317622475,-284.3745223732557,32.81246478518864,0.0,-317.1869871584443,-1.1482362723208637,276.2384317622475,-284.3745223732557,32.81246478518864,0.0,-317.1869871584443,-1.1482362723208637,16.40616540050274,0.0
B2-000490,1810.HK,1810.HK|swing|2025-09-24T16:00:00Z,HKD,2025-09-26T01:30:00Z,2025-09-26T08:00:00Z,stop,0,2466.954500587452,59.0295,55.971999455315725,55.999999455043245,0.10952182770026067,0.10952182770026067,7473.640003913203,-7542.7147292574555,283.70346665559657,0.0,-7826.418195913052,-1.047202995035235,818.5267128023573,-826.0919029699525,31.071722193020893,0.0,-857.1636251629734,-1.047202995035234,15.535658457448477,0.0
B2-000491,AAPL,AAPL|swing|2025-09-25T04:00:00Z,USD,2025-09-26T13:30:00Z,2025-10-10T20:00:00Z,stop,10,74.98560450335057,254.22705610656737,245.8412948564802,245.96427699497767,0.851861316977596,0.8644536652835407,619.5894865602123,-628.8113765585593,37.4979275899578,0.0,-666.3093041485172,-1.0754044711889483,527.804316006655,-303.52571081993244,32.17516835725772,0.0,-335.70087917719013,-0.6360328420902063,16.08751231907702,232.13437654573787
B2-000492,NVDA,NVDA|swing|2025-10-01T04:00:00Z,USD,2025-10-02T13:30:00Z,2025-11-21T21:00:00Z,stop,36,73.15827717725759,189.69480610656737,176.35891780417305,176.44714137486048,0.8529512111907198,0.8680555555555556,969.1763283935925,-975.630612831511,26.77985979562927,0.0,-1002.4104726271403,-1.0342911225335365,826.6601231606895,-637.287331066321,23.03679183002271,0.0,-660.3241228963437,-0.7987855037347523,11.518239472737797,194.87798182306096
B2-000493,COIN,COIN|swing|2025-10-01T04:00:00Z,USD,2025-10-02T13:30:00Z,2025-10-22T20:00:00Z,stop,14,25.917599207103812,354.9373897705078,317.3840926862444,317.54286411830356,0.8529512111907198,0.8630361612151549,969.1763283935925,-973.2913027352395,17.42495872063998,0.0,-990.7162614558795,-1.022224988819103,826.6601231606895,-747.2128736453183,14.945596767582266,0.0,-762.1584704129006,-0.9219731895362626,7.4726134487263245,82.9571218640983
B2-000494,0700.HK,0700.HK|swing|2025-10-02T16:00:00Z,HKD,2025-10-06T01:30:00Z,2025-10-13T01:30:00Z,stop,4,227.6332995064155,675.3375,629.6850000000001,643.0,0.10950743555487417,0.11108395725489324,7361.091822788707,-10392.029205716615,297.06657760511115,0.0,-10689.095783321727,-1.4521073830691906,806.0942883975456,-912.0301453319753,32.75697342579614,0.0,-944.7871187577714,-1.1720553443393535,16.378262799925373,225.97432319740602
B2-000495,AIR.PA,AIR.PA|swing|2025-10-02T22:00:00Z,EUR,2025-10-06T07:00:00Z,2025-12-01T16:30:00Z,stop,40,84.71811367848163,200.65027805328367,197.43695296478273,197.5357208251953,1.0,1.0,263.8594133073262,-272.22684013353944,33.72519929134053,0.0,-305.95203942487996,-1.159526717618094,263.8594133073262,-272.22684013353944,33.72519929134053,0.0,-305.95203942487996,-1.159526717618094,16.86253580459087,0.0
B2-000496,8035.T,8035.T|swing|2025-10-05T15:00:00Z,JPY,2025-10-07T00:00:00Z,2025-12-05T06:30:00Z,tiempo,40,44.424523122456556,31175.579999999998,33123.43,27812.14285714286,0.005707111060381235,0.005538631957906397,149419.0911237862,86532.3073640771,2856.452856496065,0.0,83675.85450758104,0.5600077866774053,852.7513475846717,245.93373893587363,16.054177941264307,0.0,229.87956099460934,0.26957396390603067,8.02715246085445,-247.9157495019599
B2-000497,7011.T,7011.T|swing|2025-10-05T15:00:00Z,JPY,2025-10-07T00:00:00Z,2025-12-05T06:30:00Z,tiempo,40,413.3141591868279,4174.085999999999,4080.9585,3812.5714285714284,0.005707111060381235,0.005538631957906397,149419.09112378623,-38490.91435967096,3411.9267765673485,0.0,-41902.84113623831,-0.2804383350285802,852.751347584672,-503.8486462268543,19.188068320597814,0.0,-523.0367145474521,-0.6133519648240936,9.593910596612996,-284.1767231605898
B2-000498,MBG.DE,MBG.DE|swing|2025-10-09T22:00:00Z,EUR,2025-10-13T07:00:00Z,2025-11-12T16:30:00Z,objetivo,22,251.7166377003848,53.71684362602234,59.94278250130586,50.42142922537668,1.0,1.0,829.5106327599548,1567.1724002144826,28.610018931053865,0.0,1538.5623812834287,1.8547831944773403,829.5106327599548,1567.1724002144826,28.610018931053865,0.0,1538.5623812834287,1.8547831944773403,14.305404834977415,0.0
B2-000499,AZN,AZN|swing|2025-10-10T04:00:00Z,USD,2025-10-13T13:30:00Z,2025-11-04T21:00:00Z,stop,16,113.69534076136266,168.7843469467163,160.93948991285052,161.01999991280692,0.8644536652835407,0.8702462796971543,882.7700818098033,-891.923693689544,37.48806398889241,0.0,-929.4117576784365,-1.0528355874646445,763.1138328231356,-665.0330412848516,32.51268798446026,0.0,-697.5457292693119,-0.9140782138475267,16.256181798015717,105.99366487830807
B2-000500,IQQK.DE,IQQK.DE|swing|2025-10-12T22:00:00Z,EUR,2025-10-14T07:00:00Z,2025-10-27T08:00:00Z,objetivo,8,335.13033507540337,49.634805610656734,56.491740457534796,48.85500008719308,1.0,1.0,261.3364863720236,2297.9668728244546,35.56622494422826,0.0,2262.400647880226,8.657040887354713,261.3364863720236,2297.9668728244546,35.56622494422826,0.0,2262.400647880226,8.657040887354713,17.783691409751835,0.0
B2-000501,EQQQ.DE,EQQQ.DE|swing|2025-10-12T22:00:00Z,EUR,2025-10-14T07:00:00Z,2025-10-17T07:00:00Z,stop,3,32.11476866063763,517.9588622131347,508.74550000000005,510.77147129603793,1.0,1.0,230.8213965761307,-295.8849960614794,32.97237307534233,0.0,-328.8573691368217,-1.4247265375519738,230.8213965761307,-295.8849960614794,32.97237307534233,0.0,-328.8573691368217,-1.4247265375519738,16.486116687947423,0.0
B2-000502,Q8Y0.DE,Q8Y0.DE|swing|2025-10-12T22:00:00Z,EUR,2025-10-14T07:00:00Z,2025-10-22T15:30:00Z,stop,6,809.2390394693622,20.55527257633209,20.145494560105462,20.1555723462786,1.0,1.0,323.4530302441695,-331.6083682468973,32.93664970315691,0.0,-364.5450179500542,-1.1270415914015863,323.4530302441695,-331.6083682468973,32.93664970315691,0.0,-364.5450179500542,-1.1270415914015863,16.46824606654507,0.0
B2-000503,VVSM.DE,VVSM.DE|swing|2025-10-14T22:00:00Z,EUR,2025-10-16T07:00:00Z,2025-11-21T08:00:00Z,stop,25,254.80622941576345,50.94545816802978,47.52622423744202,47.66428593226841,1.0,1.0,836.0631254580445,-871.2421053435069,25.09119809796485,0.0,-896.3333034414717,-1.0720880710417742,836.0631254580445,-871.2421053435069,25.09119809796485,0.0,-896.3333034414717,-1.0720880710417742,12.545384374799529,0.0
B2-000504,IQQT.DE,IQQT.DE|swing|2025-10-15T22:00:00Z,EUR,2025-10-17T07:00:00Z,2025-11-14T16:30:00Z,stop,19,170.0796636576397,98.5892709159851,96.98291085270473,97.03142656598773,1.0,1.0,264.9576430785066,-273.2091792757889,33.262850896009546,0.0,-306.47203017179845,-1.1566831083298519,264.9576430785066,-273.2091792757889,33.262850896009546,0.0,-306.47203017179845,-1.1566831083298519,16.631361303548708,0.0
B2-000505,7203.T,7203.T|swing|2025-10-21T15:00:00Z,JPY,2025-10-23T00:00:00Z,2025-12-22T00:00:00Z,objetivo,40,943.2586615071501,3101.5499999999997,3492.253,2958.1428571428573,0.005684402000909505,0.005430355688297583,135270.02962199278,368533.9888268285,6219.6617920218305,0.0,362314.32703480666,2.6784523375006346,768.9292270463438,1258.0419210453772,34.51820451310428,0.0,1223.5237165322728,1.591204591392818,17.259421081885407,-836.8534224450106
B2-000506,MC.PA,MC.PA|swing|2025-10-21T22:00:00Z,EUR,2025-10-23T07:00:00Z,2025-12-18T16:30:00Z,tiempo,40,19.524143184310272,622.6111377868652,637.0813244018555,580.0428728376116,1.0,1.0,831.1088999768835,282.51799537475887,24.594415999968938,107.3827875137065,365.3063668884964,0.4395409156353121,831.1088999768835,282.51799537475887,24.594415999968938,107.3827875137065,365.3063668884964,0.4395409156353121,12.297281703804181,0.0
B2-000507,AMD,AMD|swing|2025-10-27T04:00:00Z,USD,2025-10-28T13:30:00Z,2025-11-07T14:30:00Z,stop,8,38.62535032329627,259.2695846557617,230.82453244018555,233.61572483607702,0.859106529209622,0.8670770831526923,990.8893226800554,-1098.7001067910842,18.930056964217545,0.0,-1117.6301637553017,-1.1279061527602807,851.2794868385356,-872.8375395324032,16.333998432124496,0.0,-889.1715379645277,-1.0445118808943874,8.166783048373027,71.06289585512638
B2-000508,PLTR,PLTR|swing|2025-10-27T04:00:00Z,USD,2025-10-28T13:30:00Z,2025-11-07T14:30:00Z,stop,8,62.313237220818344,189.57473572540283,173.06341889953615,173.67298889160156,0.859106529209622,0.8670770831526923,990.8893226800554,-1028.8736021983202,22.597157354463626,0.0,-1051.4707595527839,-1.0611384495584977,851.2794868385356,-797.9564448265629,19.499321009350368,0.0,-817.4557658359133,-0.9602671959966566,9.749463452929128,85.95558455343784
B2-000509,R6C0.DE,R6C0.DE|swing|2025-11-03T23:00:00Z,EUR,2025-11-05T08:00:00Z,2025-12-10T16:30:00Z,stop,25,532.6314794193415,32.18608316802978,31.242940160206388,31.25856944492885,1.0,1.0,494.02300651699153,-502.34765556098216,33.784294533442356,164.55862609252324,-371.57332400190126,-0.7521376921726849,494.02300651699153,-502.34765556098216,33.784294533442356,164.55862609252324,-371.57332400190126,-0.7521376921726849,16.892025902810452,0.0
B2-000510,MU,MU|swing|2025-11-05T05:00:00Z,USD,2025-11-06T14:30:00Z,2025-11-20T21:00:00Z,stop,10,41.710867556741505,237.95891633605956,214.05149658748084,214.15857587541853,0.8701705534284719,0.8685079034219212,992.7328487591539,-997.1992187563932,18.853746467721834,0.0,-1016.052965224115,-1.0234908278638202,863.8468924113764,-882.5779902639237,16.39113040381737,0.0,-898.969120667741,-1.0406579320535876,8.195346606246808,-14.844594200233061
B2-000511,APP,APP|swing|2025-11-06T05:00:00Z,USD,2025-11-07T14:30:00Z,2025-11-13T21:00:00Z,stop,4,18.419535821136797,614.307,561.3256159449986,561.6064191545759,0.8670770831526923,0.8606592649969877,970.720236677006,-975.8925014545042,21.654607081895662,0.0,-997.5471085363998,-1.0276360488282683,841.6892713751895,-912.5301385672487,18.70985743045223,0.0,-931.2399959977009,-1.1063940431083308,9.354702921366755,-66.35611493549357
B2-000512,MRVL,MRVL|swing|2025-11-06T05:00:00Z,USD,2025-11-07T14:30:00Z,2025-11-14T14:30:00Z,stop,5,136.91157583443194,91.72584030532836,84.42776622009278,84.63571493966239,0.8670770831526923,0.8606592649969877,970.7202366770058,-999.1908235660342,24.11746785831388,0.0,-1023.308291424348,-1.0541742643867846,841.6892713751893,-940.5599138516784,20.837519234574504,0.0,-961.3974330862529,-1.1422236991514447,10.418527081939132,-74.18444904110585
B2-000513,IFX.DE,IFX.DE|swing|2025-11-11T23:00:00Z,EUR,2025-11-13T08:00:00Z,2025-11-14T16:30:00Z,stop,1,328.0119742393017,36.60329158401489,33.99013754272461,34.00714111328125,1.0,1.0,851.5684413276338,-857.1458160750343,23.15549005618405,0.0,-880.3013061312183,-1.0337411104136136,851.5684413276338,-857.1458160750343,23.15549005618405,0.0,-880.3013061312183,-1.0337411104136136,11.577533636020165,0.0
B2-000514,XOM,XOM|swing|2025-11-13T05:00:00Z,USD,2025-11-14T14:30:00Z,2025-11-24T21:00:00Z,stop,6,162.6236534555295,118.50922194671631,114.85540171650479,114.91285814557757,0.8606592649969877,0.8662508662508662,584.8538204963967,-594.1975949067216,37.95060768738773,0.0,-632.1482025941093,-1.0808653041841658,503.359859279109,-406.96059053863945,32.76698319317292,0.0,-439.72757373181236,-0.8735849027802333,16.38339395228703,104.44107475675766
B2-000515,IBE.MC,IBE.MC|swing|2025-11-13T23:00:00Z,EUR,2025-11-17T08:00:00Z,2026-01-15T16:30:00Z,tiempo,40,919.0083891322221,18.009,18.28085591506958,17.51071412222726,1.0,1.0,457.9289018592618,249.83786658416054,33.35068202634854,232.5091224504522,448.9963070082642,0.980493489677699,457.9289018592618,249.83786658416054,33.35068202634854,232.5091224504522,448.9963070082642,0.980493489677699,16.675407641493244,0.0
B2-000516,IFX.DE,IFX.DE|swing|2025-11-13T23:00:00Z,EUR,2025-11-17T08:00:00Z,2025-11-19T16:30:00Z,stop,2,309.7003194159726,35.457718626022334,32.76931979451861,32.785712650844026,1.0,1.0,827.5211039941095,-832.5979768342314,21.129935591647367,0.0,-853.7279124258788,-1.031669051466216,827.5211039941095,-832.5979768342314,21.129935591647367,0.0,-853.7279124258788,-1.031669051466216,10.5647622875172,0.0
B2-000517,ABBV,ABBV|swing|2025-11-19T05:00:00Z,USD,2025-11-20T14:30:00Z,2025-12-09T21:00:00Z,stop,12,71.86861582947891,233.37662450408934,220.30836981201173,220.4185791015625,0.86333419666753,0.8593280054996992,931.2767869351466,-939.1973760267105,32.60571256410319,0.0,-971.8030885908137,-1.0435169245322222,804.0030967237732,-874.2722688754951,28.086195606571195,0.0,-902.3584644820663,-1.1223320757831416,14.042882745936911,-63.43105673122502
B2-000518,EXH1.DE,EXH1.DE|swing|2025-11-19T23:00:00Z,EUR,2025-11-21T08:00:00Z,2025-11-21T16:30:00Z,stop,0,396.81395099134835,40.05501734733581,39.76011041396005,39.780000414167134,1.0,1.0,109.13055584018717,-117.02318540757904,31.671756195839066,0.0,-148.6949416034181,-1.3625417781356284,109.13055584018717,-117.02318540757904,31.671756195839066,0.0,-148.6949416034181,-1.3625417781356284,15.835852801085661,0.0
B2-000519,TTE.PA,TTE.PA|swing|2025-11-20T23:00:00Z,EUR,2025-11-24T08:00:00Z,2026-01-07T16:30:00Z,stop,29,284.3717620901234,55.82789923667907,53.94801424298968,53.975001743861604,1.0,1.0,526.9117250048755,-534.5862081822336,31.217169951266335,241.7159977766049,-324.087380356895,-0.6150695932110758,526.9117250048755,-534.5862081822336,31.217169951266335,241.7159977766049,-324.087380356895,-0.6150695932110758,15.60845523119225,0.0
B2-000520,ALV.DE,ALV.DE|swing|2025-11-20T23:00:00Z,EUR,2025-11-24T08:00:00Z,2025-12-23T08:00:00Z,objetivo,21,43.52151355467968,364.7823061065674,391.20429389953614,351.6142883300781,1.0,1.0,573.0920641477398,1149.924899873271,32.901681059321845,0.0,1117.0232188139491,1.9491165358834683,573.0920641477398,1149.924899873271,32.901681059321845,0.0,1117.0232188139491,1.9491165358834683,16.451132123668305,0.0
B2-000521,ENR.DE,ENR.DE|swing|2025-11-23T23:00:00Z,EUR,2025-11-25T08:00:00Z,2026-01-22T16:30:00Z,objetivo,37,58.08492649223683,107.2535969467163,137.49416668472972,93.68570927211216,1.0,1.0,788.0897582343074,1756.521270315871,14.216155859671897,0.0,1742.3051144561991,2.2107952758576435,788.0897582343074,1756.521270315871,14.216155859671897,0.0,1742.3051144561991,2.2107952758576435,7.108518837282531,0.0
B2-000522,GOOGL,GOOGL|swing|2025-11-24T05:00:00Z,USD,2025-11-25T14:30:00Z,2026-01-26T21:00:00Z,tiempo,40,28.641239063699185,326.37309645080563,333.0933797607422,294.6099853515625,0.8662508662508662,0.8448800270361608,909.7348584002596,192.47724085568112,18.88793699967023,6.014660203376828,179.6039640593877,0.19742451594656457,788.058609147834,-37.148655817317646,16.157809555214,5.160583615080934,-48.14588175745072,-0.06109429070194816,8.078897510166128,-203.88223244212725
B2-000523,ZPRR.DE,ZPRR.DE|swing|2025-11-30T23:00:00Z,EUR,2025-12-02T08:00:00Z,2026-01-15T16:30:00Z,objetivo,27,255.51231046180067,61.85090969467163,67.19879596187387,59.78285762241909,1.0,1.0,528.4127631365616,1366.4507762197795,32.97378845671925,0.0,1333.4769877630604,2.5235518155310723,528.4127631365616,1366.4507762197795,32.97378845671925,0.0,1333.4769877630604,2.5235518155310723,16.487239962862503,0.0
B2-000524,BBVA.MC,BBVA.MC|swing|2025-12-03T23:00:00Z,EUR,2025-12-05T08:00:00Z,2026-01-13T16:30:00Z,objetivo,24,835.3964558520631,19.10454681301117,20.92136295906135,18.341428211757115,1.0,1.0,637.5065748824198,1517.761769345127,33.43750316584384,0.0,1484.3242661792833,2.328327776781045,637.5065748824198,1517.761769345127,33.43750316584384,0.0,1484.3242661792833,2.328327776781045,16.71913520314544,0.0
B2-000525,VVSM.DE,VVSM.DE|swing|2025-12-08T23:00:00Z,EUR,2025-12-10T08:00:00Z,2025-12-15T16:30:00Z,stop,3,283.08851671534234,54.35716683197021,51.521371181215564,51.547144753592356,1.0,1.0,795.4849821053505,-802.7811844799521,29.972998278141752,0.0,-832.7541827580939,-1.046850916725173,795.4849821053505,-802.7811844799521,29.972998278141752,0.0,-832.7541827580939,-1.046850916725173,14.986302190348173,0.0
B2-000526,EXSA.DE,EXSA.DE|swing|2025-12-09T23:00:00Z,EUR,2025-12-11T08:00:00Z,2026-01-05T16:30:00Z,objetivo,12,277.6186080153643,57.278625,59.24554159218925,56.57428632463728,1.0,1.0,195.537522625584,546.0526464059036,32.349276929473994,53.85245758282037,567.5558270592501,2.90254177018499,195.537522625584,546.0526464059036,32.349276929473994,53.85245758282037,567.5558270592501,2.90254177018499,16.174779021591096,0.0
B2-000527,EUNN.DE,EUNN.DE|swing|2025-12-14T23:00:00Z,EUR,2025-12-16T08:00:00Z,2025-12-17T16:30:00Z,stop,1,271.9512072861876,58.74936122131347,58.33310501589094,58.36228615897043,1.0,1.0,105.26553051456712,-113.20137760502368,31.84071804525204,0.0,-145.0420956502757,-1.37786885166749,105.26553051456712,-113.20137760502368,31.84071804525204,0.0,-145.0420956502757,-1.37786885166749,15.920334702363387,0.0
B2-000528,EXV1.DE,EXV1.DE|swing|2025-12-16T23:00:00Z,EUR,2025-12-18T08:00:00Z,2026-01-06T08:00:00Z,objetivo,8,463.67235453867573,34.21209719467163,36.221881677627564,33.353571210588726,1.0,1.0,398.074764472353,931.881503327474,32.65828882324631,0.0,899.2232145042277,2.258930469245257,398.074764472353,931.881503327474,32.65828882324631,0.0,899.2232145042277,2.258930469245257,16.329381464342614,0.0
B2-000529,AMAT,AMAT|swing|2025-12-18T05:00:00Z,USD,2025-12-19T14:30:00Z,2026-01-06T21:00:00Z,objetivo,10,46.29626760383267,255.83786171722411,297.0940555327279,235.55428641183036,0.8533151292772422,0.8541898009737763,939.0538303010012,1910.0077891981498,25.59868400770404,0.0,1884.4091051904456,2.0067104189186082,801.3088406015883,1641.869080621874,21.85577489042296,0.0,1620.013305731451,2.021709013612298,10.928300644556849,12.030537061715082
B2-000530,DBK.DE,DBK.DE|swing|2025-12-18T23:00:00Z,EUR,2025-12-22T08:00:00Z,2026-01-21T16:30:00Z,stop,17,490.5017833377785,32.93645816802978,31.51566303144183,31.531428745814733,1.0,1.0,689.1694372385294,-696.9025482540328,31.613880388243462,0.0,-728.5164286422763,-1.057093349295071,689.1694372385294,-696.9025482540328,31.613880388243462,0.0,-728.5164286422763,-1.057093349295071,15.806769920173114,0.0
B2-000531,MU,MU|swing|2025-12-19T05:00:00Z,USD,2025-12-22T14:30:00Z,2026-01-06T21:00:00Z,objetivo,9,22.632303622319526,277.2885688934326,339.9195955247198,235.49144853864397,0.8538251366120219,0.8541898009737763,945.9651184082086,1417.4844108968714,13.968842575286137,2.602714916566746,1406.1182832381521,1.4864377722555469,807.6887964550962,1213.089243334513,11.929754342710595,2.212064352003013,1203.3715533438053,1.489895066794711,5.965181934961844,2.8054225550806082
B2-000532,RRU.DE,RRU.DE|swing|2025-12-21T23:00:00Z,EUR,2025-12-23T08:00:00Z,2026-01-09T08:00:00Z,objetivo,8,1078.5456072076972,13.30665019083023,15.01249045753479,12.557143211364746,1.0,1.0,808.3774602740066,1839.826526252211,30.543484746191034,0.0,1809.2830415060198,2.238166117215524,808.3774602740066,1839.826526252211,30.543484746191034,0.0,1809.2830415060198,2.238166117215524,15.272206147776915,0.0
B2-000533,8035.T,8035.T|swing|2026-01-04T15:00:00Z,JPY,2026-01-06T00:00:00Z,2026-01-14T06:30:00Z,objetivo,5,62.23065232088071,37218.6,42219.147723214286,34751.42857142857,0.0054665719127535125,0.0054019014693171994,153533.687387439,311187.34677731997,4943.462859717181,0.0,306243.88391760277,1.9946364158166987,839.3029431336522,1531.2177300188293,26.85388494119174,0.0,1504.3638450776375,1.7923967232390363,13.427328631859215,-169.91027947835659
B2-000534,SAF.PA,SAF.PA|swing|2026-01-04T23:00:00Z,EUR,2026-01-06T08:00:00Z,2026-01-28T16:30:00Z,stop,16,53.33231856863166,314.95738778686524,301.7490482570104,301.8999982561384,1.0,1.0,696.3808581274388,-704.4313715688704,32.89038411041744,0.0,-737.3217556792879,-1.058790957669254,696.3808581274388,-704.4313715688704,32.89038411041744,0.0,-737.3217556792879,-1.058790957669254,16.445020058619868,0.0
B2-000535,6501.T,6501.T|swing|2026-01-05T15:00:00Z,JPY,2026-01-07T00:00:00Z,2026-01-08T06:30:00Z,stop,1,576.7978264139293,5347.6725,5180.4085000000005,5183.0,0.005460303592879765,0.005467169646274124,94982.74007014759,-96477.51163729902,6072.574237109788,0.0,-102550.0858744088,-1.0796707464816504,518.6345968665917,-506.2804038217692,33.17861502452314,0.0,-539.4590188462923,-1.0401523965148383,16.58918508945441,20.516099603473194
B2-000536,6758.T,6758.T|swing|2026-01-06T15:00:00Z,JPY,2026-01-08T00:00:00Z,2026-01-08T06:30:00Z,stop,0,778.8502292486758,3971.9849999999997,3924.8937142857144,3926.8571428571427,0.005467169646274124,0.005467169646274124,35147.841881215674,-36677.05867418598,6150.485796970416,0.0,-42827.5444711564,-1.2184971303755934,192.15921426502473,-200.51970189812377,33.62574925903677,0.0,-234.14545115716055,-1.218497130375589,16.812828702797397,0.0
B2-000537,VVSM.DE,VVSM.DE|swing|2026-01-06T23:00:00Z,EUR,2026-01-08T08:00:00Z,2026-02-25T16:30:00Z,objetivo,34,295.2308247133368,56.93845484733581,63.805048371757785,54.47714287894113,1.0,1.0,726.6551623059684,2027.230069186357,35.64720403415044,0.0,1991.5828651522065,2.740753755649537,726.6551623059684,2027.230069186357,35.64720403415044,0.0,1991.5828651522065,2.740753755649537,17.824113280618747,0.0
B2-000538,EUNL.DE,EUNL.DE|swing|2026-01-06T23:00:00Z,EUR,2026-01-08T08:00:00Z,2026-01-20T16:30:00Z,stop,8,148.68660344590575,113.0565,111.57347198649815,111.62928662981305,1.0,1.0,212.20750840568138,-220.5063981427191,33.399467566821365,0.0,-253.90586570954045,-1.196498029768784,212.20750840568138,-220.5063981427191,33.399467566821365,0.0,-253.90586570954045,-1.196498029768784,16.699682831731355,0.0
B2-000539,IQQK.DE,IQQK.DE|swing|2026-01-07T23:00:00Z,EUR,2026-01-09T08:00:00Z,2026-01-27T08:00:00Z,objetivo,12,240.90757330882943,66.90343774795532,73.58319274520875,63.408568790980745,1.0,1.0,841.9403994571054,1609.2035666858494,33.844293234442354,0.0,1575.359273451407,1.8711054541001002,841.9403994571054,1609.2035666858494,33.844293234442354,0.0,1575.359273451407,1.8711054541001002,16.9225531487493,0.0
B2-000540,7011.T,7011.T|swing|2026-01-12T15:00:00Z,JPY,2026-01-14T00:00:00Z,2026-02-09T00:00:00Z,objetivo,18,590.6239329171194,4511.2545,5056.4705,4241.285714285715,0.0054019014693171994,0.005397527932207049,159450.02598343024,322017.6182093404,5650.927368569446,0.0,316366.69084077096,1.9841118801300617,861.3333296425575,1726.4459966727786,30.512691407001785,0.0,1695.9333052657769,1.9689628241479613,15.256781129194229,-13.061448278283255
B2-000541,OR.PA,OR.PA|swing|2026-01-12T23:00:00Z,EUR,2026-01-14T08:00:00Z,2026-01-28T08:00:00Z,stop,10,44.16866344241581,392.29605610656733,376.0119122009278,376.52142333984375,1.0,1.0,696.7444456011186,-719.24887161606,33.935136072300025,0.0,-753.18400768836,-1.0810046817647005,696.7444456011186,-719.24887161606,33.935136072300025,0.0,-753.18400768836,-1.0810046817647005,16.96739246577601,0.0
B2-000542,7203.T,7203.T|swing|2026-01-14T15:00:00Z,JPY,2026-01-16T00:00:00Z,2026-01-20T06:30:00Z,stop,2,874.3366704645287,3676.8374999999996,3539.9434285714287,3541.714285714286,0.005425641582117086,0.005443954488540476,118143.18128103609,-119691.50661919004,6309.896208559052,0.0,-126001.40282774909,-1.066514389247908,641.0025570019862,-592.722895615191,34.29191556772507,0.0,-627.014811182916,-0.9781783307004391,17.14581388958988,56.680319724128914
B2-000543,6857.T,6857.T|swing|2026-01-14T15:00:00Z,JPY,2026-01-16T00:00:00Z,2026-01-29T00:00:00Z,objetivo,9,70.76383301722264,23001.495,28980.502500000002,20730.0,0.005425641582117086,0.005471656817684395,160739.69287945607,423097.48833872203,3678.4453909916847,0.0,419419.04294773034,2.609305986806049,872.1159615835064,2389.942056910773,20.052293001802333,0.0,2369.8897639089705,2.7174021211651107,10.026746493100724,94.36673089090483
B2-000544,8035.T,8035.T|swing|2026-01-14T15:00:00Z,JPY,2026-01-16T00:00:00Z,2026-02-02T06:30:00Z,stop,11,49.21930185937278,43021.5,39735.83642857143,39755.71428571428,0.005425641582117086,0.005446919766871834,160739.69287945607,-161718.06713048776,4073.2583227555247,0.0,-165791.32545324328,-1.0314274121300928,872.1159615835064,-835.809031485364,22.141654968764286,0.0,-857.9506864541283,-0.983757578403154,11.070621299779193,41.61523811741266
B2-000545,SXR8.DE,SXR8.DE|swing|2026-01-18T23:00:00Z,EUR,2026-01-20T08:00:00Z,2026-01-21T16:30:00Z,stop,1,27.346863758590125,627.7537224426269,620.006910382952,620.3170689174107,1.0,1.0,203.3691507739272,-211.8510139593319,34.122340029213305,0.0,-245.97335398854523,-1.2094919659765824,203.3691507739272,-211.8510139593319,34.122340029213305,0.0,-245.97335398854523,-1.2094919659765824,17.061121317130414,0.0
B2-000546,SIE.DE,SIE.DE|swing|2026-01-19T23:00:00Z,EUR,2026-01-21T08:00:00Z,2026-02-04T16:30:00Z,stop,10,67.21068520684298,253.8268469467163,241.92896715654646,242.04999215262276,1.0,1.0,791.5304802925203,-799.6646532059641,33.32008796115657,0.0,-832.9847411671207,-1.0523722862312015,791.5304802925203,-799.6646532059641,33.32008796115657,0.0,-832.9847411671207,-1.0523722862312015,16.659848229375854,0.0
B2-000547,TTE.PA,TTE.PA|swing|2026-01-20T23:00:00Z,EUR,2026-01-22T08:00:00Z,2026-02-11T16:30:00Z,objetivo,14,295.48344179389056,58.039003320693965,63.76484328506674,55.26928547450474,1.0,1.0,818.4057619899534,1691.890899833875,35.99101981880527,0.0,1655.8998800150698,2.0233238289876523,818.4057619899534,1691.890899833875,35.99101981880527,0.0,1655.8998800150698,2.0233238289876523,17.99593738111013,0.0
B2-000548,ENI.MI,ENI.MI|swing|2026-01-20T23:00:00Z,EUR,2026-01-22T08:00:00Z,2026-02-11T16:30:00Z,objetivo,14,1032.5899740122068,16.60830038166046,18.10403305072444,15.855141503470284,1.0,1.0,777.7043064574564,1544.4785578779833,35.84360747684938,0.0,1508.634950401134,1.93985675259169,777.7043064574564,1544.4785578779833,35.84360747684938,0.0,1508.634950401134,1.93985675259169,17.922194338611444,0.0
B2-000549,ARM,ARM|swing|2026-01-22T05:00:00Z,USD,2026-01-23T14:30:00Z,2026-01-29T21:00:00Z,stop,4,77.50457874296015,120.94043725204467,107.97855251094273,108.0325687953404,0.8542627712284298,0.8355614973262031,1000.4189072064082,-1004.605416573909,17.742269867844346,0.0,-1022.3476864417534,-1.0219195969582178,854.6206280594636,-1014.7048308469028,15.000052801493993,0.0,-1029.7048836483968,-1.204867808990858,7.4997745994821505,-156.50782369338523
B2-000550,ENR.DE,ENR.DE|swing|2026-01-25T23:00:00Z,EUR,2026-01-27T08:00:00Z,2026-02-12T16:30:00Z,objetivo,12,76.08293369086046,142.4711938934326,164.3767089250769,131.16429029192244,1.0,1.0,860.2623969626486,1666.6358476167413,23.34588864332025,0.0,1643.289958973421,1.9102194455731516,860.2623969626486,1666.6358476167413,23.34588864332025,0.0,1643.289958973421,1.9102194455731516,11.673363898961114,0.0
B2-000551,ASML.AS,ASML.AS|swing|2026-01-25T23:00:00Z,EUR,2026-01-27T08:00:00Z,2026-03-09T08:00:00Z,stop,29,8.811789894572483,1196.1977755737305,1071.4640000000002,1098.5714808872767,1.0,1.0,860.2623969626486,-1099.1278231124688,19.982159118308896,14.098863831315974,-1105.0111183994616,-1.28450473053449,860.2623969626486,-1099.1278231124688,19.982159118308896,14.098863831315974,-1105.0111183994616,-1.28450473053449,9.990807274899236,0.0
B2-000552,INTC,INTC|swing|2026-01-26T05:00:00Z,USD,2026-01-27T14:30:00Z,2026-03-25T20:00:00Z,tiempo,40,117.61187854369389,43.991986221313475,47.15641030502319,35.3357173374721,0.8448800270361608,0.862663906142167,1018.0800446079088,372.17386099400727,10.720134141707959,0.0,361.4537268522993,0.35503468392949916,860.1554956133058,413.07439400208807,9.155859355740809,0.0,403.91853464634727,0.4695878090720636,4.578034090977246,98.63213226331847
B2-000553,MU,MU|swing|2026-01-27T05:00:00Z,USD,2026-01-28T14:30:00Z,2026-02-04T21:00:00Z,stop,5,20.454082226505207,422.65122244262693,372.1452551879883,372.3314208984375,0.8382932349735938,0.8460236886632826,1029.2453584062744,-1033.0532071555579,16.256832506793312,0.0,-1049.310039662351,-1.0194945559794855,862.8094210799517,-807.1581544973326,13.68683607297259,0.0,-820.8449905703052,-0.9513630362808035,6.843217957751258,58.84336042894656
B2-000554,AMAT,AMAT|swing|2026-01-27T05:00:00Z,USD,2026-01-28T14:30:00Z,2026-02-04T21:00:00Z,stop,5,29.438636463296387,342.10095767211914,306.9849892447335,307.1385585239955,0.8382932349735938,0.8460236886632826,1029.2453584062741,-1033.7662285903987,19.108205224719725,0.0,-1052.8744338151184,-1.0229576701180685,862.8094210799514,-796.7374291581548,16.088140979182963,0.0,-812.8255701373378,-0.9420684919271622,8.043873316202504,69.86180681334181
B2-000555,Q8Y0.DE,Q8Y0.DE|swing|2026-01-27T23:00:00Z,EUR,2026-01-29T08:00:00Z,2026-02-02T08:00:00Z,stop,2,742.597198574751,23.371680610656735,22.308839694976808,22.571428571428573,1.0,1.0,594.2649224845652,-789.2626865145376,33.9222264084005,0.0,-823.1849129229381,-1.3852153842116075,594.2649224845652,-789.2626865145376,33.9222264084005,0.0,-823.1849129229381,-1.3852153842116075,16.960920128755866,0.0
B2-000556,IFX.DE,IFX.DE|swing|2026-01-27T23:00:00Z,EUR,2026-01-29T08:00:00Z,2026-02-02T16:30:00Z,stop,2,234.98807996582622,44.387184179306026,40.67393811389378,40.69428525652204,1.0,1.0,867.7872273728759,-872.5685633518816,19.98834980741736,0.0,-892.5569131592989,-1.0285435012236932,867.7872273728759,-872.5685633518816,19.98834980741736,0.0,-892.5569131592989,-1.0285435012236932,9.99395926005641,0.0
B2-000557,IS3N.DE,IS3N.DE|swing|2026-01-29T23:00:00Z,EUR,2026-02-02T08:00:00Z,2026-02-02T16:30:00Z,stop,0,425.7058913248511,40.30414239692688,40.15848377690996,40.17857306344168,1.0,1.0,53.45560503438262,-62.007732663449445,34.25341399367151,0.0,-96.26114665712095,-1.800768069039829,53.45560503438262,-62.007732663449445,34.25341399367151,0.0,-96.26114665712095,-1.800768069039829,17.126695776575886,0.0
B2-000558,IBE.MC,IBE.MC|swing|2026-01-29T23:00:00Z,EUR,2026-02-02T08:00:00Z,2026-02-17T16:30:00Z,objetivo,11,906.402548935885,18.92946007633209,20.305955551419938,18.354285648890905,1.0,1.0,521.3395671154301,1247.6590072183362,35.56308073355329,0.0,1212.095926484783,2.324964385863335,521.3395671154301,1247.6590072183362,35.56308073355329,0.0,1212.095926484783,2.324964385863335,17.781856726992064,0.0
B2-000559,DTE.DE,DTE.DE|swing|2026-02-01T23:00:00Z,EUR,2026-02-03T08:00:00Z,2026-02-12T16:30:00Z,objetivo,7,607.2238669165694,28.514249999999997,32.059855983061446,27.37142780848912,1.0,1.0,693.948910327303,2152.9765755970975,36.78204287004867,0.0,2116.1945327270487,3.0494961534400846,693.948910327303,2152.9765755970975,36.78204287004867,0.0,2116.1945327270487,3.0494961534400846,18.39156427705783,0.0
B2-000560,EXV1.DE,EXV1.DE|swing|2026-02-03T23:00:00Z,EUR,2026-02-05T08:00:00Z,2026-02-05T16:30:00Z,stop,0,455.6935263289714,37.3936875,36.26043061774118,36.278569902692524,1.0,1.0,508.1518701885329,-516.4178249130977,33.56370481372406,0.0,-549.9815297268217,-1.082317240164381,508.1518701885329,-516.4178249130977,33.56370481372406,0.0,-549.9815297268217,-1.082317240164381,16.781727497836826,0.0
B2-000561,OR.PA,OR.PA|swing|2026-02-03T23:00:00Z,EUR,2026-02-05T08:00:00Z,2026-02-12T16:30:00Z,stop,5,42.39339277298147,401.950875,385.04309119960243,385.2357090541295,1.0,1.0,708.6125952088535,-716.7783195709075,33.36334431906625,0.0,-750.1416638899738,-1.0586061678298002,708.6125952088535,-716.7783195709075,33.36334431906625,0.0,-750.1416638899738,-1.0586061678298002,16.681497135326445,0.0
B2-000562,7203.T,7203.T|swing|2026-02-04T15:00:00Z,JPY,2026-02-06T00:00:00Z,2026-03-04T06:30:00Z,stop,16,854.1688431152674,3670.8345,3497.1077142857143,3498.8571428571427,0.005402193290475933,0.005465078150617554,146897.70019273556,-148392.0075717053,6122.632908693517,0.0,-154514.6404803988,-1.0518520050189317,793.5697703675412,-613.7976559044197,33.26349107115096,0.0,-647.0611469755706,-0.8153802868220205,16.63159624405911,187.8446517596989
B2-000563,R6C0.DE,R6C0.DE|swing|2026-02-05T23:00:00Z,EUR,2026-02-09T08:00:00Z,2026-03-02T08:00:00Z,objetivo,15,541.9743220850806,31.92095318698883,37.13142652511597,30.738571166992188,1.0,1.0,640.820693733268,2823.9427551738445,37.42461668282957,173.99326846490595,2960.511406955921,4.6198748509644565,640.820693733268,2823.9427551738445,37.42461668282957,173.99326846490595,2960.511406955921,4.6198748509644565,18.713019005355818,0.0
B2-000564,7011.T,7011.T|swing|2026-02-09T15:00:00Z,JPY,2026-02-12T00:00:00Z,2026-02-24T06:30:00Z,stop,7,564.6513945139243,5033.5154999999995,4745.7687857142855,4748.142857142857,0.005470758794244762,0.005481254110940584,161136.06074540966,-162476.58348822815,5521.886509276677,0.0,-167998.4699975048,-1.042587669205452,881.5365213929081,-860.745845740126,30.237033533683835,0.0,-890.9828792738099,-1.0107157873232249,15.118305359955155,28.124352236939753
B2-000565,6501.T,6501.T|swing|2026-02-09T15:00:00Z,JPY,2026-02-12T00:00:00Z,2026-02-13T06:30:00Z,stop,1,380.8393354808895,5646.822,5221.102428571428,5223.714285714285,0.005470758794244762,0.005478851632697786,161136.06074540966,-162130.75868406633,4138.9331174336685,0.0,-166269.69180149998,-1.0318589832241296,881.5365213929081,-870.8864643639488,22.65919656051561,0.0,-893.5456609244644,-1.0136229631332583,11.32938339098737,16.091809524483388
B2-000566,SU.PA,SU.PA|swing|2026-02-10T23:00:00Z,EUR,2026-02-12T08:00:00Z,2026-02-17T16:30:00Z,stop,3,53.53657071365851,269.1345,252.57365348597938,252.70000348772322,1.0,1.0,879.84658467288,-886.6109304759102,27.930465450994348,0.0,-914.5413959269046,-1.0394327964197574,879.84658467288,-886.6109304759102,27.930465450994348,0.0,-914.5413959269046,-1.0394327964197574,13.965014564017427,0.0
B2-000567,IS3N.DE,IS3N.DE|swing|2026-02-11T23:00:00Z,EUR,2026-02-13T08:00:00Z,2026-03-03T16:30:00Z,stop,12,416.62218735525977,42.12104847335815,40.90096960013254,40.92143031529018,1.0,1.0,499.78754100536554,-508.31192890919436,34.5888147684256,0.0,-542.90074367762,-1.0862630600705423,499.78754100536554,-508.31192890919436,34.5888147684256,0.0,-542.90074367762,-1.0862630600705423,17.294284629798085,0.0
B2-000568,DTE.DE,DTE.DE|swing|2026-02-11T23:00:00Z,EUR,2026-02-13T08:00:00Z,2026-04-02T15:30:00Z,stop,34,548.1185453731696,32.016,30.50616943672725,30.521430151803152,1.0,1.0,819.2014511522543,-827.5661321010111,34.26956056523378,548.1185453731696,-313.7171472930753,-0.3829548236905757,819.2014511522543,-827.5661321010111,34.26956056523378,548.1185453731696,-313.7171472930753,-0.3829548236905757,17.134577674726632,0.0
B2-000569,EUNN.DE,EUNN.DE|swing|2026-02-11T23:00:00Z,EUR,2026-02-13T08:00:00Z,2026-03-03T08:00:00Z,stop,12,262.5324665901786,66.84340255737304,64.66764694976807,65.38571221487862,1.0,1.0,382.6910411397414,-571.2064863619454,34.52592021097285,0.0,-605.7324065729182,-1.5828235873223178,382.6910411397414,-571.2064863619454,34.52592021097285,0.0,-605.7324065729182,-1.5828235873223178,17.262821619567376,0.0
B2-000570,SU.PA,SU.PA|swing|2026-02-16T23:00:00Z,EUR,2026-02-18T08:00:00Z,2026-03-09T16:30:00Z,stop,13,49.766163829511704,255.67777805328367,237.93098022896905,238.05000523158483,1.0,1.0,877.2666301940783,-883.1900479740635,24.565014332356434,0.0,-907.75506230642,-1.034753894725936,877.2666301940783,-883.1900479740635,24.565014332356434,0.0,-907.75506230642,-1.034753894725936,12.28228943923739,0.0
B2-000571,EXH1.DE,EXH1.DE|swing|2026-02-16T23:00:00Z,EUR,2026-02-18T08:00:00Z,2026-03-02T08:00:00Z,objetivo,8,379.16895830747467,46.273125,50.204884542465216,44.03499984741211,1.0,1.0,848.6275826685084,1490.801170032009,36.58146637779514,0.0,1454.2197036542138,1.7136135253598779,848.6275826685084,1490.801170032009,36.58146637779514,0.0,1454.2197036542138,1.7136135253598779,18.291110461965623,0.0
B2-000572,RRU.DE,RRU.DE|swing|2026-02-22T23:00:00Z,EUR,2026-02-24T08:00:00Z,2026-03-09T08:00:00Z,stop,9,1061.9527994159614,15.407699618339537,13.9530200381279,14.57714217049735,1.0,1.0,882.012806811787,-1544.801052458984,31.179698432052838,0.0,-1575.980750891037,-1.7868003034873574,882.012806811787,-1544.801052458984,31.179698432052838,0.0,-1575.980750891037,-1.7868003034873574,15.589466913127966,0.0
B2-000573,ENI.MI,ENI.MI|swing|2026-02-24T23:00:00Z,EUR,2026-02-26T08:00:00Z,2026-03-02T08:00:00Z,objetivo,2,947.4052918649595,18.969479084014893,20.58970038127899,18.32857050214495,1.0,1.0,607.2001820652514,1535.0062310203166,37.47857596725507,0.0,1497.5276550530616,2.4662832773856667,607.2001820652514,1535.0062310203166,37.47857596725507,0.0,1497.5276550530616,2.4662832773856667,18.739676420104903,0.0
B2-000574,SAF.PA,SAF.PA|swing|2026-02-26T23:00:00Z,EUR,2026-03-02T08:00:00Z,2026-03-03T16:30:00Z,stop,1,55.53800452033508,332.4661377868652,322.3815796138219,322.54285103934154,1.0,1.0,551.1195442405503,-560.0762374000619,36.368935489130465,0.0,-596.4451728891923,-1.0822428257577061,551.1195442405503,-560.0762374000619,36.368935489130465,0.0,-596.4451728891923,-1.0822428257577061,18.184332271586545,0.0
B2-000575,MUV2.DE,MUV2.DE|swing|2026-02-26T23:00:00Z,EUR,2026-03-02T08:00:00Z,2026-03-03T16:30:00Z,stop,1,33.83805903562285,545.6727244262695,535.1037219412668,535.3714076450893,1.0,1.0,348.57656538622666,-357.6345300351649,36.57137719649537,0.0,-394.20590723166026,-1.1309019204858932,348.57656538622666,-357.6345300351649,36.57137719649537,0.0,-394.20590723166026,-1.1309019204858932,18.285603761013704,0.0
B2-000576,EUNL.DE,EUNL.DE|swing|2026-02-26T23:00:00Z,EUR,2026-03-02T08:00:00Z,2026-03-09T08:00:00Z,stop,4,163.7921253543314,112.73134055328369,110.36979055023194,111.42000579833984,1.0,1.0,214.7863065632534,-386.8032941303734,36.54220843240016,0.0,-423.34550256277356,-1.971007879117753,214.7863065632534,-386.8032941303734,36.54220843240016,0.0,-423.34550256277356,-1.971007879117753,18.271012083127744,0.0
B2-000577,R6C0.DE,R6C0.DE|swing|2026-03-01T23:00:00Z,EUR,2026-03-03T08:00:00Z,2026-03-16T16:30:00Z,objetivo,9,503.56171740165524,36.098041831970214,39.27651455802577,34.527857644217356,1.0,1.0,790.6846462217522,1600.557184646855,37.95574106413429,0.0,1562.6014435827205,1.9762638000491535,790.6846462217522,1600.557184646855,37.95574106413429,0.0,1562.6014435827205,1.9762638000491535,18.978275415931755,0.0
B2-000578,EXH1.DE,EXH1.DE|swing|2026-03-02T23:00:00Z,EUR,2026-03-04T08:00:00Z,2026-03-17T16:30:00Z,objetivo,9,362.3191841660689,48.589281126022335,52.933521093453685,47.18500191824777,1.0,1.0,508.7972969022538,1574.0014808213562,36.783658874413725,0.0,1537.2178219469424,3.0212774936228897,508.7972969022538,1574.0014808213562,36.783658874413725,0.0,1537.2178219469424,3.0212774936228897,18.392227535631307,0.0
B2-000579,TTE.PA,TTE.PA|swing|2026-03-02T23:00:00Z,EUR,2026-03-04T08:00:00Z,2026-03-18T16:30:00Z,objetivo,10,258.7651570802273,68.03399999999999,75.5244509355511,65.03856931413922,1.0,1.0,775.1130919496946,1938.2677129396184,37.147925106531986,0.0,1901.1197878330863,2.452699880285947,775.1130919496946,1938.2677129396184,37.147925106531986,0.0,1901.1197878330863,2.452699880285947,18.57445176380377,0.0
B2-000580,ZPRR.DE,ZPRR.DE|swing|2026-03-02T23:00:00Z,EUR,2026-03-04T08:00:00Z,2026-03-09T08:00:00Z,stop,2,270.20930496473335,65.15256274795532,61.919025762557986,62.76428386143276,1.0,1.0,645.3351779892072,-873.7317814019714,34.335925612190394,0.0,-908.0677070141618,-1.4071256890777286,645.3351779892072,-873.7317814019714,34.335925612190394,0.0,-908.0677070141618,-1.4071256890777286,17.167748665084357,0.0
B2-000581,IQQK.DE,IQQK.DE|swing|2026-03-03T23:00:00Z,EUR,2026-03-05T08:00:00Z,2026-03-09T08:00:00Z,stop,1,131.32526745177273,83.15155561065673,75.55220133972169,76.38856942313058,1.0,1.0,888.1509698495167,-997.9872320913153,20.841813327109584,0.0,-1018.8290454184248,-1.1471349804313669,888.1509698495167,-997.9872320913153,20.841813327109584,0.0,-1018.8290454184248,-1.1471349804313669,10.420659771908994,0.0
B2-000582,BSP.DE,BSP.DE|swing|2026-03-04T23:00:00Z,EUR,2026-03-06T08:00:00Z,2026-04-29T15:30:00Z,stop,36,472.68913686171607,25.052520915985106,23.179832606588093,23.191428320748464,1.0,1.0,879.7182524621392,-885.1994205799003,22.798909555394275,125.86823059050198,-782.1300995447926,-0.8890688551201267,879.7182524621392,-885.1994205799003,22.798909555394275,125.86823059050198,-782.1300995447926,-0.8890688551201267,11.39923632764907,0.0
B2-000583,MRVL,MRVL|swing|2026-03-06T05:00:00Z,USD,2026-03-09T13:30:00Z,2026-04-06T20:00:00Z,objetivo,19,143.61657690798762,87.97396530532836,110.31713421933992,81.03571428571429,0.8649770781074302,0.8676789587852494,996.4478611653278,3208.849436707299,28.47788894505395,0.0,3180.371547762245,3.191708941040686,861.9045594371835,2818.3881029381487,24.67552806344905,0.0,2793.7125748747,3.2413247433091326,12.338471713367191,42.80689308839605
B2-000584,ENI.MI,ENI.MI|swing|2026-03-08T23:00:00Z,EUR,2026-03-10T08:00:00Z,2026-03-17T16:30:00Z,objetivo,5,847.6615450398825,20.480234313011167,23.119034879854752,20.118857519967214,1.0,1.0,306.3252107331944,2236.8097655427514,36.95742388663448,0.0,2199.852341656117,7.181427661114586,306.3252107331944,2236.8097655427514,36.95742388663448,0.0,2199.852341656117,7.181427661114586,18.479275765572993,0.0
B2-000585,SXR8.DE,SXR8.DE|swing|2026-03-08T23:00:00Z,EUR,2026-03-10T08:00:00Z,2026-03-20T16:30:00Z,stop,8,27.647597068058584,627.9137755737304,612.0909550051008,612.3971535818918,1.0,1.0,428.99731268773115,-437.46296756166066,34.28315115353007,0.0,-471.74611871519073,-1.0996481907069116,428.99731268773115,-437.46296756166066,34.28315115353007,0.0,-471.74611871519073,-1.0996481907069116,17.141470496389047,0.0
B2-000586,RRU.DE,RRU.DE|swing|2026-03-09T23:00:00Z,EUR,2026-03-11T08:00:00Z,2026-03-19T16:30:00Z,stop,6,627.8656857059061,15.187590305328369,13.795955561774118,13.802856990269252,1.0,1.0,869.4265323794052,-873.7597025138525,18.197773900036886,0.0,-891.9574764138894,-1.025914718720192,869.4265323794052,-873.7597025138525,18.197773900036886,0.0,-891.9574764138894,-1.025914718720192,9.098670784759777,0.0
B2-000587,VRTX,VRTX|swing|2026-03-10T04:00:00Z,USD,2026-03-11T13:30:00Z,2026-03-16T20:00:00Z,stop,3,34.144108853574345,498.1289448852539,468.25433341762,468.4885777064732,0.8590327291469806,0.8712319219376199,1012.0439234121989,-1020.0419859091318,32.99629584864736,0.0,-1053.038281757779,-1.0405065011480568,869.378853545399,-681.207208203044,28.539940317401708,0.0,-709.7471485204458,-0.8163841869698556,14.269803424348572,195.04224279698414
B2-000588,ORCL,ORCL|swing|2026-03-11T04:00:00Z,USD,2026-03-12T13:30:00Z,2026-03-25T20:00:00Z,stop,9,53.58856490649299,164.74233366394043,145.78848896789552,145.86141967773438,0.8634832915983076,0.862663906142167,1011.8010846437144,-1015.7093367215906,16.640901144072803,0.0,-1032.3502378656633,-1.0203094793372207,873.6733310108923,-883.4495688376678,14.362738567587853,0.0,-897.8123074052556,-1.0276292929377082,7.1811502166887555,-6.401527458175229
B2-000589,Q8Y0.DE,Q8Y0.DE|swing|2026-03-15T23:00:00Z,EUR,2026-03-17T08:00:00Z,2026-03-31T15:30:00Z,stop,10,752.2388329803199,23.546767347335813,22.45091214520591,22.462143216814315,1.0,1.0,815.8963901657854,-824.3448383656117,34.60124074127238,0.0,-858.9460791068841,-1.052763671294527,815.8963901657854,-824.3448383656117,34.60124074127238,0.0,-858.9460791068841,-1.052763671294527,17.300418609528784,0.0
B2-000590,MU,MU|swing|2026-03-16T04:00:00Z,USD,2026-03-17T13:30:00Z,2026-03-24T20:00:00Z,stop,5,16.24685083979749,452.7662785491943,390.00917381068643,390.2042759486607,0.8712319219376199,0.8641548565502938,1016.4355244898913,-1019.6053198240852,13.692447065933836,0.0,-1033.2977668900191,-1.0165895838878618,885.5510755270008,-933.1559672483869,11.884453708442432,0.0,-945.0404209568293,-1.067177768819744,5.941995050726824,-44.84326484022734
B2-000591,R6C0.DE,R6C0.DE|swing|2026-03-16T23:00:00Z,EUR,2026-03-18T08:00:00Z,2026-03-23T16:30:00Z,stop,3,448.58355734965437,39.84491326332092,38.30440955570766,38.32357134137835,1.0,1.0,682.448971290159,-691.0446332714887,35.05650123462636,0.0,-726.101134506115,-1.0639639959210905,682.448971290159,-691.0446332714887,35.05650123462636,0.0,-726.101134506115,-1.0639639959210905,17.52808223817393,0.0
B2-000592,XOM,XOM|swing|2026-03-17T04:00:00Z,USD,2026-03-18T13:30:00Z,2026-04-14T13:30:00Z,stop,18,111.56988954274172,159.73983366394043,149.99497232055666,150.50428336007255,0.8672274737663689,0.8558712769599451,1030.4093272689743,-1087.2331036906614,34.55707809123288,0.0,-1121.7901817818943,-1.088684032737862,893.5992778327762,-1132.9234912883333,29.778802460427507,0.0,-1162.7022937487607,-1.3011450687030917,14.889121721620015,-190.04507337951236
B2-000593,TTE.PA,TTE.PA|swing|2026-03-18T23:00:00Z,EUR,2026-03-20T08:00:00Z,2026-03-23T16:30:00Z,stop,1,226.64220634796777,78.01899335861205,74.19716303743635,74.23428017752511,1.0,1.0,857.7757457557803,-866.188056278822,34.49860552740773,0.0,-900.6866618062297,-1.050025797841417,857.7757457557803,-866.188056278822,34.49860552740773,0.0,-900.6866618062297,-1.050025797841417,17.24909052895802,0.0
B2-000594,ARM,ARM|swing|2026-03-25T04:00:00Z,USD,2026-03-26T13:30:00Z,2026-03-30T20:00:00Z,stop,2,61.017847491214006,157.42868110656738,140.7504546536037,140.82086508614677,0.862663906142167,0.8707767328456983,1013.3731850961658,-1017.6694781308693,18.194249030876115,0.0,-1035.8637271617454,-1.0221937410584288,874.2004702347876,-808.2314205306161,15.765197244934347,0.0,-823.9966177755505,-0.9425716936004922,7.882398535211465,69.67530663542072
B2-000595,INTC,INTC|swing|2026-03-25T04:00:00Z,USD,2026-03-26T13:30:00Z,2026-03-30T20:00:00Z,stop,2,234.32882613047317,46.32314923667907,41.977572382518225,41.9985716683524,0.862663906142167,0.8707767328456983,1013.3731850961657,-1018.2939230952655,20.691404443500197,0.0,-1038.9853275387657,-1.0252741466019446,874.2004702347875,-798.6431451124611,17.929530048983004,0.0,-816.5726751614441,-0.9340794279624831,8.96456760484521,79.8022681857319
B2-000596,IQQK.DE,IQQK.DE|swing|2026-03-31T22:00:00Z,EUR,2026-04-02T07:00:00Z,2026-05-04T07:00:00Z,objetivo,19,230.88055032575468,75.02749286270141,102.06894274520874,72.15857478550502,1.0,1.0,662.3773845026069,6243.344830479608,40.88812251388387,0.0,6202.4567079657245,9.363931880952245,662.3773845026069,6243.344830479608,40.88812251388387,0.0,6202.4567079657245,9.363931880952245,20.445627204553496,0.0
B2-000597,IBE.MC,IBE.MC|swing|2026-03-31T22:00:00Z,EUR,2026-04-02T07:00:00Z,2026-05-15T15:30:00Z,stop,28,862.2376514690135,20.090039923667906,19.227524263926917,19.23714283534459,1.0,1.0,735.3999823806568,-743.6934768103172,33.90108420659395,0.0,-777.5945610169111,-1.0573763661234543,735.3999823806568,-743.6934768103172,33.90108420659395,0.0,-777.5945610169111,-1.0573763661234543,16.95036041751586,0.0
B2-000598,EUNN.DE,EUNN.DE|swing|2026-03-31T22:00:00Z,EUR,2026-04-02T07:00:00Z,2026-06-02T15:30:00Z,tiempo,40,276.0040188435978,62.76136454200744,68.65565744018555,61.57285526820591,1.0,1.0,328.0333360021079,1626.8485281384353,36.271626211542696,0.0,1590.5769019268926,4.848827016522101,328.0333360021079,1626.8485281384353,36.271626211542696,0.0,1590.5769019268926,4.848827016522101,18.136224351957434,0.0
B2-000599,BBVA.MC,BBVA.MC|swing|2026-03-31T22:00:00Z,EUR,2026-04-02T07:00:00Z,2026-06-02T15:30:00Z,tiempo,40,943.2706296654484,18.364177042007444,19.97000954246521,17.61785806928362,1.0,1.0,703.9807673324718,1514.7346338440377,36.1595123172483,565.962377799269,2044.5374993260584,2.90425192590592,703.9807673324718,1514.7346338440377,36.1595123172483,565.962377799269,2044.5374993260584,2.90425192590592,18.080139362315848,0.0
B2-000600,VVSM.DE,VVSM.DE|swing|2026-03-31T22:00:00Z,EUR,2026-04-02T07:00:00Z,2026-04-17T15:30:00Z,objetivo,9,298.20412618314214,58.089031373977654,68.76702838684831,55.99428721836635,1.0,1.0,624.6613505013122,3184.2227686092956,37.82900045201356,0.0,3146.393768157282,5.036959251012077,624.6613505013122,3184.2227686092956,37.82900045201356,0.0,3146.393768157282,5.036959251012077,18.915301010522136,0.0
B2-000601,INTC,INTC|swing|2026-04-01T04:00:00Z,USD,2026-04-02T13:30:00Z,2026-04-09T20:00:00Z,objetivo,4,293.3685219225748,46.08303137397766,61.092293963125776,42.658570425851,0.8616975441619991,0.8557980316645271,1004.6290467334968,4403.245180926181,31.44186678071712,0.0,4371.803314145464,4.351659279970227,865.6863823640643,3688.5312157517474,26.98764504581718,0.0,3661.54357070593,4.229642102844201,13.49474802939951,-105.73434299549892
B2-000602,7011.T,7011.T|swing|2026-04-02T15:00:00Z,JPY,2026-04-06T00:00:00Z,2026-04-17T06:30:00Z,stop,9,354.2209136728074,4829.4135,4370.670714285715,4372.857142857143,0.005436555398499511,0.005338743259836635,161721.80997027122,-162496.28869652285,3258.862236251058,0.0,-165755.15093277392,-1.0249399939516144,879.2095790489901,-1034.851163255823,17.565553995750275,0.0,-1052.4167172515731,-1.197003242833108,8.782520480713126,-151.43108770660643
B2-000603,R6C0.DE,R6C0.DE|swing|2026-04-01T22:00:00Z,EUR,2026-04-07T07:00:00Z,2026-04-08T07:00:00Z,stop,1,402.5997323942057,40.98047908401489,38.00099045753479,38.78857094900949,1.0,1.0,882.461628585856,-1199.541323692467,31.79791850152901,0.0,-1231.339242193996,-1.395345930414239,882.461628585856,-1199.541323692467,31.79791850152901,0.0,-1231.339242193996,-1.395345930414239,15.898663340097563,0.0
B2-000604,ENI.MI,ENI.MI|swing|2026-04-01T22:00:00Z,EUR,2026-04-07T07:00:00Z,2026-04-08T07:00:00Z,stop,1,522.5397232995738,24.742364542007444,22.888549618721008,23.053571156093053,1.0,1.0,882.461628585856,-968.6919370627146,24.889044706052793,0.0,-993.5809817687674,-1.125919756262921,882.461628585856,-968.6919370627146,24.889044706052793,0.0,-993.5809817687674,-1.125919756262921,12.444283291111708,0.0
B2-000605,ARM,ARM|swing|2026-04-06T04:00:00Z,USD,2026-04-07T13:30:00Z,2026-04-23T20:00:00Z,objetivo,12,65.41545814886456,143.88690994262694,198.4636122843879,128.34215218680245,0.8676789587852494,0.8551393877201984,1016.8674504103748,3570.1599879405017,22.39501625898322,0.0,3547.7649716815185,3.4889158564862663,882.3144905946851,2934.9566146505367,19.26888830319085,0.0,2915.6877263473457,3.304590095060272,9.635180299542284,-162.79608638243698
B2-000606,ALV.DE,ALV.DE|swing|2026-04-07T22:00:00Z,EUR,2026-04-09T07:00:00Z,2026-06-05T15:30:00Z,tiempo,40,47.666884651955954,378.5891938934326,372.61358779907226,361.48572213309154,1.0,1.0,815.269215548163,-284.83852642539887,35.80749634516508,815.1037275484468,494.4577047778829,0.6064962289118498,815.269215548163,-284.83852642539887,35.80749634516508,815.1037275484468,494.4577047778829,0.6064962289118498,17.903681438870276,0.0
B2-000607,ENR.DE,ENR.DE|swing|2026-04-07T22:00:00Z,EUR,2026-04-09T07:00:00Z,2026-06-05T15:30:00Z,tiempo,40,51.07718810769705,162.70130511474608,157.94099427032472,145.0357208251953,1.0,1.0,902.3083717897621,-243.14329245161971,16.377507040975775,0.0,-259.5207994925955,-0.2876187427783989,902.3083717897621,-243.14329245161971,16.377507040975775,0.0,-259.5207994925955,-0.2876187427783989,8.188694781836832,0.0
B2-000608,AMAT,AMAT|swing|2026-04-09T04:00:00Z,USD,2026-04-10T13:30:00Z,2026-06-02T20:00:00Z,objetivo,36,25.386844033663976,402.70124999999996,487.0191285099302,361.1114283970424,0.8557980316645271,0.8584427847883939,1055.8343144221922,2140.564830981027,22.587192482804078,13.455027337841909,2131.432665836065,2.01871888109878,903.5809280463774,1864.590575704801,19.362774274312457,11.60016151206303,1856.8279629425517,2.054965864493377,9.681855705263015,32.6994067009267
B2-000609,MRVL,MRVL|swing|2026-04-09T04:00:00Z,USD,2026-04-10T13:30:00Z,2026-04-21T20:00:00Z,objetivo,7,64.34491909820947,123.72183366394043,150.60894642557417,107.31285640171596,0.8557980316645271,0.8498342823149485,1055.8343144221922,1730.0490954317588,17.65179185100851,0.0,1712.3973035807503,1.6218428215395366,903.5809280463774,1422.778389884511,15.04857450077604,0.0,1407.7298153837348,1.5579454719428092,7.524644826146043,-57.79422066898404
B2-000610,GS,GS|swing|2026-04-13T04:00:00Z,USD,2026-04-14T13:30:00Z,2026-05-29T20:00:00Z,objetivo,32,18.35636591724266,894.8671929016112,1020.8491986007691,837.2228393554688,0.8558712769599451,0.8588114050154585,1058.140846755896,2312.571795601892,35.16559107607739,0.0,2277.4062045258147,2.1522713271186973,905.6323577164463,2034.3590748274062,30.152314638397673,0.0,2004.2067601890085,2.2130467657346293,15.076669678132571,55.09529906406167
B2-000611,IS3N.DE,IS3N.DE|swing|2026-04-16T22:00:00Z,EUR,2026-04-20T07:00:00Z,2026-06-01T07:00:00Z,objetivo,29,425.0843994979117,43.78488198852539,48.80858368301392,42.67799867902483,1.0,1.0,470.51882693330674,2135.497218058298,39.360037752416794,0.0,2096.1371803058814,4.454948580841796,470.51882693330674,2135.497218058298,39.360037752416794,0.0,2096.1371803058814,4.454948580841796,19.680557670650465,0.0
B2-000612,8035.T,8035.T|swing|2026-04-20T15:00:00Z,JPY,2026-04-22T00:00:00Z,2026-05-27T06:30:00Z,objetivo,21,61.91775665123273,45192.585,53984.77982142858,42402.857142857145,0.005343593031954687,0.005398984990821726,172733.69058173618,544392.9793834435,6140.839940323744,0.0,538252.1394431198,3.1160808156786484,923.0185453763825,3094.168604730918,32.999303588915495,0.0,3061.1693011420025,3.316476485197531,16.500429461714365,185.15407345249724
B2-000613,6501.T,6501.T|swing|2026-04-22T15:00:00Z,JPY,2026-04-24T00:00:00Z,2026-04-30T06:30:00Z,stop,3,560.9452966822397,5232.615,4918.5395,4921.0,0.005361930294906166,0.005346164127238706,174798.96862563601,-176179.17452812273,5694.2423726697525,0.0,-181873.41690079248,-1.040471910851532,937.2598853921502,-988.1598080246737,30.488631329765546,0.0,-1018.6484393544392,-1.086836698370203,15.244072435948633,-43.49935479077121
B2-000614,Q8Y0.DE,Q8Y0.DE|swing|2026-04-28T22:00:00Z,EUR,2026-04-30T07:00:00Z,2026-05-22T07:00:00Z,objetivo,15,682.320895496601,25.712850763320922,28.3258301525116,24.36571475437709,1.0,1.0,919.1790479782721,1782.8904367467444,36.87172115394593,0.0,1746.0187155927986,1.8995414652163303,919.1790479782721,1782.8904367467444,36.87172115394593,0.0,1746.0187155927986,1.8995414652163303,18.43631090865759,0.0
B2-000615,INTC,INTC|swing|2026-04-29T04:00:00Z,USD,2026-04-30T13:30:00Z,2026-05-08T20:00:00Z,objetivo,6,98.36425795216246,95.64779847335815,119.16288566981044,84.71000126429966,0.8542627712284298,0.8502678343678259,1075.8883061002716,2313.044102759425,21.12969354593913,0.0,2291.914409213486,2.1302531091920636,919.0913259014791,1929.1213368237186,18.0034844353883,0.0,1911.1178523883302,2.079355770781358,9.00222674858472,-46.826128373125336
B2-000616,SU.PA,SU.PA|swing|2026-04-29T22:00:00Z,EUR,2026-05-04T07:00:00Z,2026-05-19T15:30:00Z,stop,11,61.81373006256281,269.1345,253.7587775290353,253.8857203892299,1.0,1.0,942.5839466436546,-950.4307583370926,32.32198390870853,259.6176662627638,-723.1350759830373,-0.7671837384436377,942.5839466436546,-950.4307583370926,32.32198390870853,259.6176662627638,-723.1350759830373,-0.7671837384436377,16.16075838685284,0.0
B2-000617,MU,MU|swing|2026-05-05T04:00:00Z,USD,2026-05-06T13:30:00Z,2026-05-11T20:00:00Z,objetivo,3,12.813904519546057,660.7001801147461,801.3009215311323,573.9428798130581,0.8557247989046722,0.8499787505312366,1111.6997624394146,1801.6444758869575,18.73394252396144,0.0,1782.9105333629961,1.6037698249127414,951.30905565584,1482.712618687067,15.972099960869576,0.0,1466.7405187261975,1.5418128420053934,7.986422655195257,-58.999238139012256
B2-000618,AMD,AMD|swing|2026-05-08T04:00:00Z,USD,2026-05-11T13:30:00Z,2026-05-19T20:00:00Z,stop,6,19.33765316987762,460.7802627868652,401.224998639788,401.4257114955357,0.8502678343678259,0.8605851979345955,1147.7777269254411,-1151.6590425166262,16.669158776078305,0.0,-1168.3282012927045,-1.0179045767182746,975.9184822085207,-899.1687968115332,14.253299376468746,0.0,-913.4220961880019,-0.9359614689547754,7.126426677640451,80.04984319920312
B2-000619,6857.T,6857.T|swing|2026-05-10T15:00:00Z,JPY,2026-05-12T00:00:00Z,2026-05-18T06:30:00Z,stop,4,50.75922531120693,29294.64,25685.722142857143,25698.571428571428,0.005409206469410937,0.0054241701019743975,182533.65485169293,-183185.87464035235,2790.7605897010376,0.0,-185976.6352300534,-1.0188621675337508,987.3622267090004,-971.3808232503255,15.115309631346904,0.0,-986.4961328816725,-0.9991228205780013,7.557413859820647,19.509394958969278
B2-000620,PANW,PANW|swing|2026-05-15T04:00:00Z,USD,2026-05-18T13:30:00Z,2026-06-01T20:00:00Z,objetivo,9,73.9920417605562,239.0294586639404,289.0327314115933,223.81571742466517,0.8599931200550395,0.858663918942126,1125.6957771107495,3699.8442453088164,39.072399620239665,0.0,3660.771845688577,3.2520081536455994,968.0906235902557,3153.414139166866,33.5735684003733,0.0,3119.8405707664924,3.2226740913947376,16.78757675061442,-28.426457073946438
B2-000621,MU,MU|swing|2026-05-18T04:00:00Z,USD,2026-05-19T13:30:00Z,2026-05-29T20:00:00Z,objetivo,7,11.255941969777691,665.9128070983886,961.6012595807484,566.4456917898996,0.8585164835164835,0.8588114050154585,1119.5960778135388,3328.25206227481,18.319203889537267,0.0,3309.932858385273,2.956363392098735,961.1916876833266,2860.5514068398074,15.730530654146172,0.0,2844.8208761856613,2.9596811048608584,7.865982431419401,3.1921500791521926
B2-000622,QCOM,QCOM|swing|2026-05-18T04:00:00Z,USD,2026-05-19T13:30:00Z,2026-07-17T20:00:00Z,stop,40,34.91582655857941,196.95843061065673,164.81040853554862,164.89285496303012,0.8585164835164835,0.8745080891998251,1119.5960778135386,-1122.4747629758572,12.63145804192752,32.12256043389306,-1102.9836605838916,-0.9851621334168217,961.1916876833263,-871.6395251394473,10.936338501048205,27.596701403688193,-854.9791622368074,-0.8894991219675303,5.467952707630404,92.02356120658389
B2-000623,SAP.DE,SAP.DE|swing|2026-05-18T22:00:00Z,EUR,2026-05-20T07:00:00Z,2026-06-11T15:30:00Z,stop,16,108.39233842180676,153.99695816802978,145.1730959603446,145.24571881975447,1.0,1.0,948.5672970484885,-956.439058602803,32.42774175275299,0.0,-988.866800355556,-1.0424846011795488,948.5672970484885,-956.439058602803,32.42774175275299,0.0,-988.866800355556,-1.0424846011795488,16.213635820019846,0.0
B2-000624,ARM,ARM|swing|2026-05-20T04:00:00Z,USD,2026-05-21T13:30:00Z,2026-05-28T20:00:00Z,objetivo,4,24.53675646529366,267.0284365081787,343.8163373564993,220.93172563825334,0.8620689655172414,0.860807437376259,1131.0637684664132,1884.1260225963588,14.98814945441498,0.0,1869.1378731419438,1.652548623033227,975.0549728158735,1613.6041460454283,12.910176070027,0.0,1600.6939699754012,1.6416448452672745,6.455493049922833,-10.64242515832903
B2-000625,ASML.AS,ASML.AS|swing|2026-05-20T22:00:00Z,EUR,2026-05-22T07:00:00Z,2026-06-12T15:30:00Z,objetivo,15,7.036925871080485,1375.6875,1612.1005300200327,1235.3714250837054,1.0,1.0,987.393817706941,1663.6209672084954,21.024842885752566,0.0,1642.5961243227428,1.6635673576905725,987.393817706941,1663.6209672084954,21.024842885752566,0.0,1642.5961243227428,1.6635673576905725,10.51283997632704,0.0
B2-000626,MRVL,MRVL|swing|2026-05-21T04:00:00Z,USD,2026-05-22T13:30:00Z,2026-06-02T13:30:00Z,objetivo,6,39.02870226295028,194.81736122131346,253.33327671051026,165.4742911202567,0.8621432882145013,0.858663918942126,1145.2219464550226,2283.8002432718226,17.490737816792382,0.0,2266.3095054550304,1.9789260173281507,987.3454146521447,1934.5615913086465,15.04512075461631,0.0,1919.51647055403,1.9441184838340513,7.523045898466693,-34.40146005080108
B2-000627,EXSA.DE,EXSA.DE|swing|2026-05-25T22:00:00Z,EUR,2026-05-27T07:00:00Z,2026-07-22T15:30:00Z,tiempo,40,324.1793917734818,63.351659694671625,64.41777194976807,61.567144121442524,1.0,1.0,578.5031731397161,345.6116224194197,41.420216637737916,227.8323040002277,532.0237097819095,0.919655646648318,578.5031731397161,345.6116224194197,41.420216637737916,227.8323040002277,532.0237097819095,0.919655646648318,20.710199899322404,0.0
B2-000628,ARM,ARM|swing|2026-05-28T04:00:00Z,USD,2026-05-29T13:30:00Z,2026-06-18T20:00:00Z,objetivo,14,23.930544576124856,339.419625,446.0558274202347,289.72784423828125,0.860807437376259,0.8725242125468983,1189.151374585334,2551.8623954461004,18.796855327594265,0.0,2533.0655401185063,2.130145576295369,1023.6303474092572,2321.7311920319526,16.305541928149854,0.0,2305.4256501038026,2.252205257433689,8.153353435210374,125.06906287115319
B2-000629,6501.T,6501.T|swing|2026-05-28T15:00:00Z,JPY,2026-06-01T00:00:00Z,2026-06-10T06:30:00Z,stop,7,541.2718948839755,5202.599999999999,4844.433714285715,4846.857142857143,0.005392289026691831,0.005395198273536552,192553.61037715324,-193865.3441521262,5438.176976494615,0.0,-199303.5211286208,-1.0350547088587254,1038.3047202866176,-1037.7494693927804,29.331850534094634,0.0,-1067.081319926875,-1.0277149848960658,14.665669496094967,7.628498534564245
B2-000630,EUNH.DE,EUNH.DE|swing|2026-05-28T22:00:00Z,EUR,2026-06-01T07:00:00Z,2026-06-08T07:00:00Z,stop,5,189.17780529489394,109.804875,108.93050811004639,109.00071498325893,1.0,1.0,152.12922707297983,-165.41080926394525,41.37987971709639,0.0,-206.79068898104163,-1.3593094039834925,152.12922707297983,-165.41080926394525,41.37987971709639,0.0,-206.79068898104163,-1.3593094039834925,20.68990367832044,0.0
B2-000631,IFX.DE,IFX.DE|swing|2026-05-28T22:00:00Z,EUR,2026-06-01T07:00:00Z,2026-07-07T15:30:00Z,stop,26,108.54822983327506,82.54124999999999,72.93636927631924,72.97285570417132,1.0,1.0,1038.6322631590083,-1042.5928003152915,16.876820351136338,0.0,-1059.4696206664278,-1.0200623052513722,1038.6322631590083,-1042.5928003152915,16.876820351136338,0.0,-1059.4696206664278,-1.0200623052513722,8.438151636904687,0.0
B2-000632,8035.T,8035.T|swing|2026-05-31T15:00:00Z,JPY,2026-06-02T00:00:00Z,2026-06-10T06:30:00Z,objetivo,6,43.79334789018664,53086.53,63794.87232142857,48642.857142857145,0.005383869925702595,0.005395198273536552,194603.31134303662,468954.1606095302,5118.62791375519,0.0,463835.53269577504,2.3834924981217296,1047.7189153819136,2556.437238483349,27.589675922372976,0.0,2528.8475625609763,2.413669854990795,13.795480519365078,31.649036644594673
B2-000633,NVDA,NVDA|swing|2026-06-01T04:00:00Z,USD,2026-06-02T13:30:00Z,2026-06-05T20:00:00Z,stop,3,63.53383673778944,227.29358267211913,207.8802978417533,207.98428998674666,0.858663918942126,0.859106529209622,1226.7934489946463,-1233.4004689566668,27.648266277118662,15.88345918444736,-1245.165276049338,-1.0149754851313784,1053.4032706462701,-1053.2307348887773,23.746414418876746,13.645583491793266,-1063.3315658158608,-1.009424970897897,11.872946869989782,5.845745410611228
B2-000634,EUNL.DE,EUNL.DE|swing|2026-06-01T22:00:00Z,EUR,2026-06-03T07:00:00Z,2026-06-08T07:00:00Z,stop,3,172.17975239694385,124.62227755737304,121.98397566986084,122.39786093575614,1.0,1.0,382.99950313764356,-454.26216574024005,42.460603620203166,0.0,-496.72276936044324,-1.2969279732509977,382.99950313764356,-454.26216574024005,42.460603620203166,0.0,-496.72276936044324,-1.2969279732509977,21.230193552107167,0.0
B2-000635,EXV1.DE,EXV1.DE|swing|2026-06-01T22:00:00Z,EUR,2026-06-03T07:00:00Z,2026-06-10T15:30:00Z,stop,5,568.1247559788768,37.768875,36.64523970821926,36.66357149396624,1.0,1.0,627.9502846480289,-638.3650259521891,42.276500759991215,0.0,-680.6415267121803,-1.083909894385485,627.9502846480289,-638.3650259521891,42.276500759991215,0.0,-680.6415267121803,-1.083909894385485,21.138096073262247,0.0
B2-000636,APP,APP|swing|2026-06-05T04:00:00Z,USD,2026-06-08T13:30:00Z,2026-06-11T20:00:00Z,stop,3,15.990335518074582,558.8693218688965,483.2348329336984,483.476571219308,0.859106529209622,0.8667764583513912,1205.5553785174545,-1209.4208548119168,16.663595080073023,0.0,-1226.0844498919898,-1.017028725299854,1035.7004970081225,-979.7551423050465,14.375069544022224,0.0,-994.1302118490688,-0.9598626385918132,7.187291630047994,59.26621062615366
B2-000637,SXR8.DE,SXR8.DE|swing|2026-06-07T22:00:00Z,EUR,2026-06-09T07:00:00Z,2026-06-09T15:30:00Z,stop,0,30.063727124013063,693.406527557373,683.6551589268277,683.9971575055804,1.0,1.0,282.880733645954,-293.16248559437656,41.39960677539423,0.0,-334.56209236977077,-1.1826966370516407,282.880733645954,-293.16248559437656,41.39960677539423,0.0,-334.56209236977077,-1.1826966370516407,20.699735272006833,0.0
B2-000638,LLY,LLY|swing|2026-06-08T04:00:00Z,USD,2026-06-09T13:30:00Z,2026-08-06T20:00:00Z,tiempo,40,12.723938092942246,1165.5825,1191.343971435547,1071.0586111886162,0.8665511265164645,0.8664009703690869,1202.716109540204,327.7873677290005,29.98938651216271,0.0,297.7979812168378,0.2476045501133974,1042.2149996015632,281.76835774884086,25.985060510637673,0.0,255.78329723820318,0.24542277489384495,12.992603945557473,-2.2761550145901723
B2-000639,GS,GS|swing|2026-06-08T04:00:00Z,USD,2026-06-09T13:30:00Z,2026-08-06T20:00:00Z,tiempo,40,14.1484992927324,1062.3209340820313,1032.0636660766602,977.3143136160714,0.8665511265164645,0.8664009703690869,1202.7161095402041,-428.0949349740075,29.632399034054874,0.0,-457.72733400806237,-0.3805780353129639,1042.2149996015635,-373.1587510528987,25.675796161450464,0.0,-398.8345472143492,-0.3826797228660332,12.837808000489403,-2.192602895180435
B2-000640,MRVL,MRVL|swing|2026-06-08T04:00:00Z,USD,2026-06-09T13:30:00Z,2026-07-07T20:00:00Z,stop,18,17.916257052734654,299.9098897705078,232.66362403106692,232.78001403808594,0.8665511265164645,0.8746610688358262,1202.716109540204,-1204.8013828243263,9.541723972747139,0.0,-1214.3431067970735,-1.0096672832139204,1042.2149996015632,-1010.2160148523856,8.302197638155818,0.0,-1018.5182124905414,-0.9772630530935736,4.150847302785309,33.80598066262872
B2-000641,AMAT,AMAT|swing|2026-06-08T04:00:00Z,USD,2026-06-09T13:30:00Z,2026-06-17T20:00:00Z,objetivo,6,20.45704108738292,501.97086122131344,611.280838731357,443.1785801478795,0.8665511265164645,0.862738331464067,1202.716109540204,2236.1587011838637,22.77383576653066,0.0,2213.384865417333,1.8403219578255303,1042.2149996015632,1890.0668499969759,19.6870140470046,0.0,1870.3798359499713,1.7946199552539677,9.843982001210023,-47.67899158349553
B2-000642,IQQT.DE,IQQT.DE|swing|2026-06-08T22:00:00Z,EUR,2026-06-10T07:00:00Z,2026-07-17T15:30:00Z,stop,27,111.64776933522982,164.4621948852539,155.20236531611852,155.2800053187779,1.0,1.0,1025.1709827102645,-1033.8393158183671,35.68983508201052,0.0,-1069.5291509003778,-1.0432690438358319,1025.1709827102645,-1033.8393158183671,35.68983508201052,0.0,-1069.5291509003778,-1.0432690438358319,17.84466354234125,0.0
B2-000643,8035.T,8035.T|swing|2026-06-09T15:00:00Z,JPY,2026-06-11T00:00:00Z,2026-06-23T06:30:00Z,objetivo,8,30.07137186766761,61030.5,78919.18138392858,54802.857142857145,0.005399859603650305,0.0053957804996492735,187273.7642161668,537937.190118339,4208.478911657716,0.0,533728.7112066813,2.849991900577209,1011.2520342144112,2895.104739765516,22.71551470541904,0.0,2872.389225060097,2.8404286249881374,11.358483968514184,-9.680562455657423
B2-000644,IBE.MC,IBE.MC|swing|2026-06-10T22:00:00Z,EUR,2026-06-12T07:00:00Z,2026-06-29T15:30:00Z,objetivo,11,1019.3390255588198,20.310149236679077,21.936037488460542,19.680713653564453,1.0,1.0,641.6082539441085,1657.3313462384515,43.06318680997977,0.0,1614.2681594284718,2.515971622099945,641.6082539441085,1657.3313462384515,43.06318680997977,0.0,1614.2681594284718,2.515971622099945,21.532013120828537,0.0
B2-000645,OR.PA,OR.PA|swing|2026-06-11T22:00:00Z,EUR,2026-06-15T07:00:00Z,2026-06-23T15:30:00Z,stop,6,48.193414600657576,394.14698721313476,372.1424097573417,372.32857404436385,1.0,1.0,1051.503831771024,-1060.4757244393188,36.93010261228605,0.0,-1097.4058270516048,-1.043653664298369,1051.503831771024,-1060.4757244393188,36.93010261228605,0.0,-1097.4058270516048,-1.043653664298369,18.464790803408775,0.0
B2-000646,ASML.AS,ASML.AS|swing|2026-06-11T22:00:00Z,EUR,2026-06-15T07:00:00Z,2026-07-07T15:30:00Z,stop,16,6.390244828176507,1668.8339999999998,1503.5335714285713,1504.2857142857142,1.0,1.0,1051.503831771024,-1056.310208773931,20.272205466396294,0.0,-1076.5824142403274,-1.0238502054976482,1051.503831771024,-1056.310208773931,20.272205466396294,0.0,-1076.5824142403274,-1.0238502054976482,10.135841189605273,0.0
B2-000647,ITX.MC,ITX.MC|swing|2026-06-11T22:00:00Z,EUR,2026-06-15T07:00:00Z,2026-08-10T15:30:00Z,tiempo,40,259.91324390649714,56.928451526641844,59.07044847488404,52.88285609654018,1.0,1.0,1051.503831771024,556.7333752554462,30.149650388981968,0.0,526.5837248664642,0.5007910660482817,1051.503831771024,556.7333752554462,30.149650388981968,0.0,526.5837248664642,0.5007910660482817,15.074968146574943,0.0
B2-000648,ABBV,ABBV|swing|2026-06-12T04:00:00Z,USD,2026-06-15T13:30:00Z,2026-06-18T20:00:00Z,stop,3,107.55837752819693,226.113,216.93147111075265,217.0399911063058,0.864528399757932,0.8725242125468983,975.87811590465,-987.5503505557126,47.65314448551067,0.0,-1035.2034950412233,-1.0607917916896599,843.6743459018328,-667.200647051826,41.38406142268656,0.0,-708.5847084745126,-0.8398794059775301,20.691869084147342,186.5646771944899
B2-000649,6857.T,6857.T|swing|2026-06-14T15:00:00Z,JPY,2026-06-16T00:00:00Z,2026-07-17T06:30:00Z,stop,23,60.54139811086344,29614.8,26354.673214285714,26367.85714285714,0.005378368203087183,0.005376633152320017,196574.46015751016,-197372.6336258181,3388.470159921379,0.0,-200761.10378573948,-1.021298003946569,1057.249826050181,-1064.3110549582266,18.22167180712534,0.0,-1082.532726765352,-1.0239138376684596,9.110572103441143,-2.768358105549919
B2-000650,IQQK.DE,IQQK.DE|swing|2026-06-16T22:00:00Z,EUR,2026-06-18T07:00:00Z,2026-06-29T15:30:00Z,stop,7,70.73810749592182,134.0269867172241,118.94621046992711,119.0057133265904,1.0,1.0,1062.5764518322774,-1066.7855713032393,17.89484521621173,0.0,-1084.680416519451,-1.0208022346524415,1062.5764518322774,-1066.7855713032393,17.89484521621173,0.0,-1084.680416519451,-1.0208022346524415,8.947158148500801,0.0
B2-000651,EUNN.DE,EUNN.DE|swing|2026-06-17T22:00:00Z,EUR,2026-06-19T07:00:00Z,2026-06-23T15:30:00Z,stop,2,301.268540558596,71.75586122131347,69.75796223940168,69.79285866873605,1.0,1.0,591.3909141277984,-601.9041104640693,42.63366306287645,0.0,-644.5377735269458,-1.0898675615900018,591.3909141277984,-601.9041104640693,42.63366306287645,0.0,-644.5377735269458,-1.0898675615900018,21.31668638457888,0.0
B2-000652,AMAT,AMAT|swing|2026-06-18T04:00:00Z,USD,2026-06-22T13:30:00Z,2026-07-07T20:00:00Z,stop,10,13.907643269369329,626.5330806884765,537.3725977478027,537.6414184570312,0.8720676724513822,0.8746610688358262,1236.2735279362114,-1240.0121904635805,16.187184974885064,0.0,-1256.1993754384655,-1.016117668988284,1078.1141780205908,-1061.9925728205255,14.13570269651639,0.0,-1076.1282755170419,-0.9981579849852313,7.067587617011233,19.381971928389227
B2-000653,INTC,INTC|swing|2026-06-22T04:00:00Z,USD,2026-06-23T13:30:00Z,2026-06-29T20:00:00Z,stop,4,131.14627713768334,129.79486072540283,120.23414366967337,120.29429081508091,0.8729050279329609,0.8767315448009819,1245.9643744250131,-1253.852448625671,32.79037310285571,0.0,-1286.6428217285268,-1.0326481624502994,1087.6085670609402,-1034.156592570351,28.683219063401527,0.0,-1062.8398116337526,-0.9772264064689002,14.34135457789079,60.33751412105268
B2-000654,EUNN.DE,EUNN.DE|swing|2026-06-22T22:00:00Z,EUR,2026-06-24T07:00:00Z,2026-07-17T07:00:00Z,stop,17,302.3302653836868,70.09502755737304,67.61617652511597,67.90714372907367,1.0,1.0,661.4634984384273,-749.4316904289057,41.634264876565965,0.0,-791.0659553054716,-1.1959328930062016,661.4634984384273,-749.4316904289057,41.634264876565965,0.0,-791.0659553054716,-1.1959328930062016,20.81695028459451,0.0
B2-000655,VVSM.DE,VVSM.DE|swing|2026-06-22T22:00:00Z,EUR,2026-06-24T07:00:00Z,2026-07-07T15:30:00Z,stop,9,106.0121047152025,104.35215305328369,94.30996101760864,94.35713958740234,1.0,1.0,1059.592414174872,-1064.5939136561553,21.06058883982694,0.0,-1085.6545024959823,-1.0245963334320447,1059.592414174872,-1064.5939136561553,21.06058883982694,0.0,-1085.6545024959823,-1.0245963334320447,10.530030903942205,0.0
B2-000656,MU,MU|swing|2026-06-26T04:00:00Z,USD,2026-06-29T13:30:00Z,2026-07-07T20:00:00Z,stop,5,5.708970245553081,1129.2643011474609,917.4880828334263,917.9470563616071,0.8771160424524166,0.8746610688358262,1206.403862854696,-1209.0241290705765,11.684848460161719,0.8563455368329621,-1219.852631993905,-1.0111478167082337,1058.1561817864188,-1073.3133954922962,10.236109101860828,0.7501931991528359,-1082.7993113950042,-1.0232887451141495,5.117787502027808,-12.858936172432353
B2-000657,RACE.MI,RACE.MI|swing|2026-06-28T22:00:00Z,EUR,2026-06-30T07:00:00Z,2026-08-24T15:30:00Z,objetivo,39,53.09584622228066,323.8118188934326,372.79209009524754,303.83572823660717,1.0,1.0,1060.64743763714,2600.648947657169,36.986774029502556,0.0,2563.6621736276666,2.417072895908627,1060.64743763714,2600.648947657169,36.986774029502556,0.0,2563.6621736276666,2.417072895908627,18.49404180049728,0.0
B2-000658,BRK-B,BRK-B|swing|2026-06-29T04:00:00Z,USD,2026-06-30T13:30:00Z,2026-08-10T20:00:00Z,objetivo,28,48.703801788259995,496.74825,530.267159803663,481.83285086495533,0.8767315448009819,0.8654262224145391,726.4366430659993,1632.4983392361705,50.01955495256621,0.0,1582.4787842836042,2.1784126659753733,636.8899202752931,1139.2912336507889,43.56175012662821,0.0,1095.7294835241607,1.7204377846811205,21.78116533141241,-291.9715571927743
B2-000659,IBE.MC,IBE.MC|swing|2026-07-07T22:00:00Z,EUR,2026-07-09T07:00:00Z,2026-08-14T15:30:00Z,stop,26,973.491559589009,20.96047576332092,20.20846251324245,20.21857179914202,1.0,1.0,722.2372471537882,-732.0785516504924,40.07761392947532,0.0,-772.1561655799677,-1.0691170645420205,722.2372471537882,-732.0785516504924,40.07761392947532,0.0,-772.1561655799677,-1.0691170645420205,20.038628954755545,0.0
B2-000660,AAPL,AAPL|swing|2026-07-08T04:00:00Z,USD,2026-07-09T13:30:00Z,2026-08-27T20:00:00Z,final,35,74.89527257339356,310.6652647705078,314.4226965789795,295.5614275251116,0.876885303402315,0.8587376556462,1131.2060073981236,281.4138794714287,46.81613324761675,20.22172359481626,254.81946981862822,0.22526354010861038,991.9379230078249,-180.58715263778666,40.62502435923991,17.50040986137279,-203.7117671356538,-0.2053674553725544,20.31247211094709,-427.3548477197109
B2-000661,MA,MA|swing|2026-07-16T04:00:00Z,USD,2026-07-17T13:30:00Z,2026-07-23T20:00:00Z,stop,4,42.37628773382567,550.7752499999999,523.9707239815848,524.2328404017857,0.8720676724513822,0.877808988764045,1124.7687862829832,-1135.8763071251756,45.54374463421435,0.0,-1181.42005175939,-1.0503670320223073,980.8744974997672,-863.081197928873,39.844707187297885,0.0,-902.925905116171,-0.9205315332570212,19.9221428038811,127.4798094184502
B2-000662,V,V|swing|2026-07-20T04:00:00Z,USD,2026-07-21T13:30:00Z,2026-08-27T20:00:00Z,final,27,64.21773797736307,357.16848522949215,379.47017366027836,342.80286080496654,0.875196919306844,0.8587376556462,922.5279051753926,1432.1639841010185,47.30526838057942,43.02588444483326,1427.8846001652723,1.5477955649415294,807.3935805840998,852.3343821108886,41.00033402895002,37.28412863503749,848.6181767169761,1.0510588604173108,20.50038522316231,-401.09112471653935
B2-000663,AIR.PA,AIR.PA|swing|2026-07-21T22:00:00Z,EUR,2026-07-23T07:00:00Z,2026-08-27T15:30:00Z,final,25,97.20816568322098,206.95343110656736,203.29829389953613,197.8300040108817,1.0,1.0,886.8716127161989,-355.3091832159975,39.879817656220524,0.0,-395.189000872218,-0.4455988839939107,886.8716127161989,-355.3091832159975,39.879817656220524,0.0,-395.189000872218,-0.4455988839939107,19.93982498576887,0.0
B2-000664,R6C0.DE,R6C0.DE|swing|2026-07-22T22:00:00Z,EUR,2026-07-24T07:00:00Z,2026-08-27T15:30:00Z,final,24,514.133195775413,38.78438188934326,38.75061545753479,37.78428704398019,1.0,1.0,514.1819589250304,-17.36044349561933,39.863315970388584,173.30801758823935,116.08425812223143,0.22576493808713533,514.1819589250304,-17.36044349561933,39.863315970388584,173.30801758823935,116.08425812223143,0.22576493808713533,19.931658627995297,0.0
B2-000665,LMT,LMT|swing|2026-07-23T04:00:00Z,USD,2026-07-24T13:30:00Z,2026-08-27T20:00:00Z,final,24,34.97497226300094,568.8743218688965,565.6070696411133,536.4028712681362,0.877808988764045,0.8587376556462,1135.688084100995,-114.27205604294407,39.67845520095331,0.0,-153.95051124389738,-0.1355570366539188,996.9172086560701,-477.57989610505336,34.45283377752227,0.0,-512.0327298825756,-0.513616101153314,17.22630180036126,-377.2708581460077
B2-000666,ALV.DE,ALV.DE|swing|2026-08-05T22:00:00Z,EUR,2026-08-07T07:00:00Z,2026-08-27T15:30:00Z,final,14,46.725430263107945,435.81780610656733,444.97741220092774,430.3857160295759,1.0,1.0,253.816746075383,427.986535799576,41.15553554910581,0.0,386.8310002504702,1.5240562580357966,253.816746075383,427.986535799576,41.15553554910581,0.0,386.8310002504702,1.5240562580357966,20.577879915653963,0.0
B2-000667,AMAT,AMAT|swing|2026-08-07T04:00:00Z,USD,2026-08-10T13:30:00Z,2026-08-27T20:00:00Z,final,13,13.128496920258497,555.2774999999999,482.11880535888673,466.06288364955356,0.8669267446900737,0.8587376556462,1171.2538159988785,-960.4636972859863,13.619454199991688,6.958103367737004,-967.125048118241,-0.8257177350525422,1015.3912579097343,-884.4844666972367,11.75523629383824,5.956770283141002,-890.2829327079339,-0.8767880615208898,5.87739849515099,-51.832800216104374
B2-000668,EXV1.DE,EXV1.DE|swing|2026-08-09T22:00:00Z,EUR,2026-08-11T07:00:00Z,2026-08-27T15:30:00Z,final,12,474.3133143184216,42.85641658401489,41.864055822372436,41.49428612845285,1.0,1.0,646.0766109116919,-470.68992185418455,40.18404805769596,0.0,-510.8739699118805,-0.7907328036391471,646.0766109116919,-470.68992185418455,40.18404805769596,0.0,-510.8739699118805,-0.7907328036391471,20.091911379343394,0.0
B2-000669,VRTX,VRTX|swing|2026-08-10T04:00:00Z,USD,2026-08-11T13:30:00Z,2026-08-27T20:00:00Z,final,12,35.14686832928807,525.2825295410156,547.2762127990723,491.8714076450893,0.8654262224145391,0.8587376556462,1174.2963020099162,773.0090895469845,37.697080892453876,0.0,735.3120086545306,0.6261724637946797,1016.2668126438045,540.327453544436,32.49538743009735,0.0,507.83206611433866,0.49970348317605723,16.247832858870023,-128.65488271431443
B2-000670,6857.T,6857.T|swing|2026-08-13T15:00:00Z,JPY,2026-08-17T00:00:00Z,2026-08-27T06:30:00Z,final,8,34.80814679039508,36918.45,34592.695,31552.142857142855,0.00543685097591475,0.005387350501023597,186791.20675091702,-80955.22143849521,2489.170432309227,0.0,-83444.39187080444,-0.44672548200877654,1015.555954716017,-499.74537297237794,13.473644795829461,0.0,-513.2190177682074,-0.5053576963287271,6.736699145745778,-59.603898289100144
B2-000671,MU,MU|swing|2026-08-14T04:00:00Z,USD,2026-08-17T13:30:00Z,2026-08-27T20:00:00Z,final,8,6.586508394170399,1000.0497627868651,934.9223196411133,821.5642787388392,0.864528399757932,0.8587376556462,1175.5961389198894,-428.9624509703499,12.744709863397258,0.0,-441.70716083374714,-0.37573036029156875,1016.3362487420156,-406.5088921986827,10.98250495267692,0.0,-417.4913971513596,-0.41078078014841585,5.491152221902823,-35.65867090504537
B2-000672,MRVL,MRVL|swing|2026-08-19T04:00:00Z,USD,2026-08-20T13:30:00Z,2026-08-27T20:00:00Z,final,5,33.381033969883326,237.68879232788083,241.32927194976807,202.41714477539062,0.8616975441619991,0.8587376556462,1177.4040651234277,121.52297392488589,15.990118275839952,0.0,105.53285564904594,0.08963180846329327,1014.5661914032121,80.87171723740929,13.754801318198258,0.0,67.11691591921102,0.06615331408430228,6.877422596383205,-23.844330952926935
B2-000673,DTE.DE,DTE.DE|swing|2026-08-23T22:00:00Z,EUR,2026-08-25T07:00:00Z,2026-08-27T15:30:00Z,stop,2,693.1204577965501,29.124555610656735,27.7661093245915,27.779999324253627,1.0,1.0,931.9394687649517,-941.5669116895585,39.4320837242694,0.0,-980.998995413828,-1.0526423960924116,931.9394687649517,-941.5669116895585,39.4320837242694,0.0,-980.998995413828,-1.0526423960924116,19.715811399356898,0.0
