position_id,asset,signal_id,currency,entry_ts,exit_ts,exit_reason,bars_held,units,entry_eff,exit_eff,stop,fx_entry,fx_exit,risk_local,pnl_bruto_local,fees_local,dividends_local,pnl_neto_local,trade_R_local,risk_eur,pnl_bruto_eur,fees_eur,dividends_eur,pnl_neto_eur,trade_R_eur,slippage_eur,fx_eur
B2-000001,ICGA.DE,ICGA.DE|swing|2022-07-07T22:00:00Z,EUR,2022-07-11T07:00:00Z,2022-07-11T15:30:00Z,stop,0,2058.7346869746493,4.85735246181488,4.832876481056213,4.837714195251465,1.0,1.0,40.429980566157695,-50.389550585591785,19.949610449414408,0.0,-70.33916103500619,-1.7397772655345833,40.429980566157695,-50.389550585591785,19.949610449414408,0.0,-70.33916103500619,-1.7397772655345833,19.94958000944379,0.0
B2-000002,AZN,AZN|swing|2022-07-19T04:00:00Z,USD,2022-07-20T13:30:00Z,2022-07-21T13:30:00Z,stop,1,76.4620709239227,133.89375450134276,127.83203908538819,130.02001081194197,0.9760858955588092,0.9804882831650161,296.19446472006064,-463.4913140553536,20.012096191848574,0.0,-483.50341024720217,-1.6323850302340086,289.1112393558425,-409.37706644713336,19.576555101345868,0.0,-428.95362154847925,-1.483697494792019,19.576165300442963,43.03026791631656
B2-000003,EUNN.DE,EUNN.DE|swing|2022-07-26T22:00:00Z,EUR,2022-07-28T07:00:00Z,2022-08-17T07:00:00Z,objetivo,14,237.04228167252813,41.975932106018064,43.735220329284665,41.061428615025115,1.0,1.0,216.77599410246097,417.0256945627233,20.317167138046024,0.0,396.70852742467724,1.830039018237276,216.77599410246097,417.0256945627233,20.317167138046024,0.0,396.70852742467724,1.830039018237276,20.31760448134511,0.0
B2-000004,MC.PA,MC.PA|swing|2022-07-27T22:00:00Z,EUR,2022-07-29T07:00:00Z,2022-09-01T15:30:00Z,stop,24,12.045195863024556,667.4667877807616,625.5024550519671,626.1285836356027,1.0,1.0,497.92676555413254,-505.46860697946136,15.574067774786776,0.0,-521.0426747542481,-1.0464243153797734,497.92676555413254,-505.46860697946136,15.574067774786776,0.0,-521.0426747542481,-1.0464243153797734,15.573577879756014,0.0
B2-000005,RACE.MI,RACE.MI|swing|2022-07-27T22:00:00Z,EUR,2022-07-29T07:00:00Z,2022-08-31T15:30:00Z,stop,22,48.192340322641336,203.7035,193.1780558362688,193.37142726353235,1.0,1.0,497.92676555413254,-507.2457871854921,19.12665100664085,0.0,-526.3724381921329,-1.0571282256866503,497.92676555413254,-507.2457871854921,19.12665100664085,0.0,-526.3724381921329,-1.0571282256866503,19.12616288701662,0.0
B2-000006,EUNL.DE,EUNL.DE|swing|2022-07-27T22:00:00Z,EUR,2022-07-29T07:00:00Z,2022-09-16T07:00:00Z,stop,35,133.51656895294468,74.58651303863525,71.97395162200928,72.23771558489118,1.0,1.0,313.6033771893209,-348.82023652674354,19.568250385638557,0.0,-368.3884869123821,-1.174695534895301,313.6033771893209,-348.82023652674354,19.568250385638557,0.0,-368.3884869123821,-1.174695534895301,19.567921133321647,0.0
B2-000007,SXR8.DE,SXR8.DE|swing|2022-07-31T22:00:00Z,EUR,2022-08-02T07:00:00Z,2022-09-16T07:00:00Z,stop,33,24.324946629646725,411.86146221923826,398.8207812194824,401.41143798828125,1.0,1.0,254.1962816965444,-317.2138693333095,19.719802305249154,0.0,-336.9336716385587,-1.3254862320951843,254.1962816965444,-317.2138693333095,19.719802305249154,0.0,-336.9336716385587,-1.3254862320951843,19.719504810884743,0.0
B2-000008,ZPRR.DE,ZPRR.DE|swing|2022-08-02T22:00:00Z,EUR,2022-08-04T07:00:00Z,2022-09-01T15:30:00Z,stop,20,190.69478140263487,52.732680305480955,50.85124106270926,50.90214320591518,1.0,1.0,349.07387205110854,-358.7806451226865,19.752913242134753,0.0,-378.53355836482126,-1.0843938451784196,349.07387205110854,-358.7806451226865,19.752913242134753,0.0,-378.53355836482126,-1.0843938451784196,19.752574214063742,0.0
B2-000009,NOW,NOW|swing|2022-08-10T04:00:00Z,USD,2022-08-11T13:30:00Z,2022-08-22T13:30:00Z,stop,7,53.81769518277279,104.10399999999998,93.22068898773193,94.54056985037667,0.9754194303550527,0.9946290033817385,514.6817686941667,-585.7147146375564,10.6195599639772,0.0,-596.3342746015336,-1.158646586830796,502.03059763379514,-474.9445717745101,10.45489807221179,0.0,-485.3994698467219,-0.9668722825551666,10.454433582072859,96.37294152782712
B2-000010,CRWD,CRWD|swing|2022-08-10T04:00:00Z,USD,2022-08-11T13:30:00Z,2022-08-31T20:00:00Z,stop,14,91.59321575726773,51.050999999999995,45.38635543114798,45.43178721836635,0.9754194303550527,1.0,514.6817686941667,-518.8430121830971,8.833007503065453,0.0,-527.6760196861626,-1.0252471561698493,502.03059763379514,-403.90610573349545,8.718070596615851,0.0,-412.6241763301113,-0.8219104139765977,8.71767540818534,102.1834496538406
B2-000011,6501.T,6501.T|swing|2022-08-11T15:00:00Z,JPY,2022-08-15T00:00:00Z,2022-09-21T06:00:00Z,stop,26,1006.2269422051633,1380.7794244384763,1325.4446257847376,1326.7713971819196,0.007274314395868189,0.0069764197014092364,54344.33212089818,-55679.36524688992,2723.0755509781766,0.0,-58402.4407978681,-1.074674000371225,395.31775748089166,-802.330794042953,19.41120609564255,0.0,-821.7420001385956,-2.078687295443124,19.410423175270722,-397.3015858746991
B2-000012,QDV5.DE,QDV5.DE|swing|2022-08-17T22:00:00Z,EUR,2022-08-19T07:00:00Z,2022-09-26T15:30:00Z,stop,26,1375.1105544764973,7.406399168014525,7.256165123258318,7.2634285518101285,1.0,1.0,196.60040332267468,-206.58842058595465,20.16264691261949,0.0,-226.75106749857414,-1.1533601338874877,196.60040332267468,-206.58842058595465,20.16264691261949,0.0,-226.75106749857414,-1.1533601338874877,20.162460486657906,0.0
B2-000013,PANW,PANW|swing|2022-08-23T04:00:00Z,USD,2022-08-24T13:30:00Z,2022-09-06T20:00:00Z,stop,8,70.57380730384183,95.1784192123413,88.02879048483712,88.11690739222935,1.0073536818777071,1.0072522159548751,498.35777446638184,-504.5765201088918,12.929630313843212,0.0,-517.506150422735,-1.0384229502125382,502.02253900108974,-508.9173750954429,13.024080342192864,0.0,-521.9414554376358,-1.0396773349582673,13.02358444840166,-0.6303597747092494
B2-000014,7011.T,7011.T|swing|2022-08-24T15:00:00Z,JPY,2022-08-26T00:00:00Z,2022-09-26T06:00:00Z,stop,19,2649.256275290803,520.4199244384765,497.1024278738839,497.6000279017857,0.0073491585213493055,0.007172057663343613,60455.754101314975,-61774.02409781869,2695.6774771121804,0.0,-64469.70157493087,-1.066394796215578,444.2989204182772,-687.220376313022,19.577727821011877,0.0,-706.7981041340339,-1.5908166138883066,19.577060177695277,-233.23328071650033
B2-000015,BBVA.MC,BBVA.MC|swing|2022-09-08T22:00:00Z,EUR,2022-09-12T07:00:00Z,2022-09-27T15:30:00Z,stop,11,1546.7916609731153,4.898894053459167,4.582413301604134,4.58700030190604,1.0,1.0,482.43465401199717,-489.52978782786647,14.665607151934978,0.0,-504.19539497980145,-1.0451060900929043,482.43465401199717,-489.52978782786647,14.665607151934978,0.0,-504.19539497980145,-1.0451060900929043,14.66513228727883,0.0
B2-000016,DTE.DE,DTE.DE|swing|2022-09-08T22:00:00Z,EUR,2022-09-12T07:00:00Z,2022-09-16T15:30:00Z,stop,4,493.09667795602877,19.567548336029052,18.891659846714568,18.910570417131698,1.0,1.0,323.9536292987506,-333.2783687496912,18.9641077917302,0.0,-352.2424765414214,-1.0873237546494123,323.9536292987506,-333.2783687496912,18.9641077917302,0.0,-352.2424765414214,-1.0873237546494123,18.963793477153963,0.0
B2-000017,7011.T,7011.T|swing|2022-11-03T15:00:00Z,JPY,2022-11-07T00:00:00Z,2022-11-14T06:00:00Z,stop,5,2528.0233370593646,538.3377877807617,511.97324512154717,512.4857308523996,0.00688752668916592,0.006949753283758427,65354.60322588667,-66650.17911339147,2655.210802347963,0.0,-69305.38991573943,-1.06045154426533,450.1315739781436,-378.516231241101,18.368373922773323,0.0,-396.88460516387437,-0.8817079896358155,18.368013774555386,80.53865624007196
B2-000018,EXH1.DE,EXH1.DE|swing|2022-11-03T23:00:00Z,EUR,2022-11-07T08:00:00Z,2022-11-21T16:30:00Z,stop,10,261.9564080522055,35.750715152740476,34.59965232140677,34.63428660801479,1.0,1.0,292.45561142329177,-301.5282847385787,18.428729568680325,0.0,-319.957014307259,-1.0940361607360731,292.45561142329177,-301.5282847385787,18.428729568680325,0.0,-319.957014307259,-1.0940361607360731,18.428446468842147,0.0
B2-000019,MC.PA,MC.PA|swing|2022-11-03T23:00:00Z,EUR,2022-11-07T08:00:00Z,2023-01-03T16:30:00Z,tiempo,40,14.15396846226308,661.661,702.0971878051757,628.8857073102679,1.0,1.0,463.9004590719092,572.3325269286051,19.302590380347507,70.7698423113154,623.799778859573,1.3446845474297706,463.9004590719092,572.3325269286051,19.302590380347507,70.7698423113154,623.799778859573,1.3446845474297706,19.30318201605631,0.0
B2-000020,CAT,CAT|swing|2022-11-04T04:00:00Z,USD,2022-11-07T14:30:00Z,2023-01-05T21:00:00Z,tiempo,40,30.101551308879923,228.22799999999998,240.03971878051757,212.8742959158761,1.012965964343598,0.9433072351664937,462.1703112696141,355.55105891781096,14.095584763163904,0.0,341.45547415464705,0.7388087590841675,468.1627950462055,-143.16275699590213,13.775023734339282,0.0,-156.9377807302414,-0.3352205309581518,13.774894346476124,-503.32387826597
B2-000021,6501.T,6501.T|swing|2022-11-06T15:00:00Z,JPY,2022-11-08T00:00:00Z,2022-12-21T06:00:00Z,stop,30,921.8420775220559,1420.8194244384765,1345.3104996512277,1346.6571568080358,0.006840881105486386,0.0071133873950775355,68365.8988661922,-69607.30409733411,2549.93495591878,0.0,-72157.2390532529,-1.055456598244707,467.6829858133274,-138.22284871920343,17.781754302848135,0.0,-156.00460302205155,-0.33356912214959167,17.781633861633267,337.9524426840951
B2-000022,SIE.DE,SIE.DE|swing|2022-11-06T23:00:00Z,EUR,2022-11-08T08:00:00Z,2022-11-17T16:30:00Z,objetivo,7,81.78309634368526,114.53441816711424,128.17223242112567,108.92285483224052,1.0,1.0,458.9310248546693,1115.342677053101,19.84930138831118,0.0,1095.4933756647897,2.387054516551157,458.9310248546693,1115.342677053101,19.84930138831118,0.0,1095.4933756647897,2.387054516551157,19.850436581423786,0.0
B2-000023,SAF.PA,SAF.PA|swing|2022-11-06T23:00:00Z,EUR,2022-11-08T08:00:00Z,2023-01-04T16:30:00Z,tiempo,40,77.62683856781103,113.45333633422851,118.881,107.41999816894531,1.0,1.0,468.34896778145196,421.33237118321694,18.03538002037667,0.0,403.29699116284024,0.8611036191095712,468.34896778145196,421.33237118321694,18.03538002037667,0.0,403.29699116284024,0.8611036191095712,18.035819388566782,0.0
B2-000024,ZPRR.DE,ZPRR.DE|swing|2022-11-06T23:00:00Z,EUR,2022-11-08T08:00:00Z,2022-12-06T16:30:00Z,stop,20,184.13266017489124,50.870819694519035,48.93744414629255,48.98643057686942,1.0,1.0,346.97758103744036,-355.9975828120316,18.377961128446046,0.0,-374.37554394047766,-1.0789617669854035,346.97758103744036,-355.9975828120316,18.377961128446046,0.0,-374.37554394047766,-1.0789617669854035,18.37762350848499,0.0
B2-000025,QDV5.DE,QDV5.DE|swing|2022-11-06T23:00:00Z,EUR,2022-11-08T08:00:00Z,2022-11-15T08:00:00Z,stop,5,1257.4068589381286,7.449441912174224,7.201791110515594,7.225142955780029,1.0,1.0,282.0350462227251,-311.3978166270878,18.42256089463099,0.0,-329.8203775217188,-1.1694304730528322,282.0350462227251,-311.3978166270878,18.42256089463099,0.0,-329.8203775217188,-1.1694304730528322,18.42226791908218,0.0
B2-000026,IFX.DE,IFX.DE|swing|2022-11-07T23:00:00Z,EUR,2022-11-09T08:00:00Z,2022-12-01T16:30:00Z,objetivo,16,247.5590143860209,27.97795076370239,33.268705616457126,26.085714067731583,1.0,1.0,468.44025143959317,1309.77405670602,15.162161887911587,0.0,1294.6118948181083,2.763664930243623,468.44025143959317,1309.77405670602,15.162161887911587,0.0,1294.6118948181083,2.763664930243623,15.16348682545376,0.0
B2-000027,MU,MU|swing|2022-11-10T05:00:00Z,USD,2022-11-11T14:30:00Z,2022-11-29T21:00:00Z,stop,11,89.08300812991823,60.71065152740478,55.3602980052403,55.41571371895926,1.004621257785815,0.9646922631680495,471.68898783716344,-476.62558631291455,10.33994934086395,0.0,-486.9655356537785,-1.0323869079213883,473.8687842446891,-675.7444965689544,10.190816611705975,0.0,-685.9353131806604,-1.4475216262113346,10.190151057359689,-196.91630055437315
B2-000028,MUV2.DE,MUV2.DE|swing|2022-11-10T23:00:00Z,EUR,2022-11-14T08:00:00Z,2023-01-04T16:30:00Z,objetivo,36,31.845564168070965,288.78849999999994,313.70026903315954,273.94286673409596,1.0,1.0,472.76756678499424,793.3293392856473,19.186594754787567,0.0,774.1427445308597,1.6374700781513745,472.76756678499424,793.3293392856473,19.186594754787567,0.0,774.1427445308597,1.6374700781513745,19.187407271531562,0.0
B2-000029,RRU.DE,RRU.DE|swing|2022-11-13T23:00:00Z,EUR,2022-11-15T08:00:00Z,2022-11-21T16:30:00Z,stop,4,5167.428810971037,1.0230219551324844,0.9304971146157809,0.9314285431589399,1.0,1.0,473.3024359272336,-478.11552661651405,10.094670723798526,0.0,-488.21019734031256,-1.0314973266171208,473.3024359272336,-478.11552661651405,10.094670723798526,0.0,-488.21019734031256,-1.0314973266171208,10.094202702474577,0.0
B2-000030,SIE.DE,SIE.DE|swing|2022-11-16T23:00:00Z,EUR,2022-11-18T08:00:00Z,2023-01-16T16:30:00Z,tiempo,40,54.48674670882014,130.67053327941892,142.17768731689452,121.98000226702008,1.0,1.0,473.5187620377216,626.9873873793101,14.866611885583612,0.0,612.1207754937265,1.2927064871929266,473.5187620377216,626.9873873793101,14.866611885583612,0.0,612.1207754937265,1.2927064871929266,14.867253740223905,0.0
B2-000031,ORCL,ORCL|swing|2022-11-21T05:00:00Z,USD,2022-11-22T14:30:00Z,2023-01-12T21:00:00Z,objetivo,34,121.0409852395711,79.96988938903807,89.00732897165844,76.01428658621651,0.9759906304899474,0.9283327144448571,478.79006046993044,1093.9005911234672,20.453168993420846,38.73311527666275,1112.1805374067092,2.322898132670316,467.29461299036745,554.1925109849535,19.44865708476729,36.21271061767273,570.956564517859,1.2218342532650346,19.449230726507928,-513.4442166389657
B2-000032,BRK-B,BRK-B|swing|2022-11-21T05:00:00Z,USD,2022-11-22T14:30:00Z,2022-12-16T21:00:00Z,stop,17,30.89445443102805,313.313,298.42128993007117,298.72000994001115,0.9759906304899474,0.9417082587814295,450.84246642077034,-460.07125815549745,18.899197144141883,0.0,-478.97045529963935,-1.0623898389656514,440.01802305365055,-765.0937211192572,18.12937085266308,0.0,-783.2230919719203,-1.779979571146847,18.128623887564707,-316.06848380176973
B2-000033,6857.T,6857.T|swing|2022-11-30T15:00:00Z,JPY,2022-12-02T00:00:00Z,2022-12-22T06:00:00Z,stop,14,543.7481006265701,2357.3549999999996,2229.197142857143,2231.4285714285716,0.007018528916339136,0.007128091809822511,68472.25635440143,-69685.59140179967,2493.9290161032964,0.0,-72179.52041790297,-1.0541425719099038,480.57451119035255,-356.28677624655467,17.636516476877368,0.0,-373.92329272343204,-0.7780755824882343,17.636177826277976,132.8035620591707
B2-000034,RRU.DE,RRU.DE|swing|2022-12-01T23:00:00Z,EUR,2022-12-05T08:00:00Z,2023-01-31T16:30:00Z,tiempo,40,4092.649629209584,1.0530520458221435,1.2447540514469146,0.936285776751382,1.0,1.0,477.8834278166385,784.5691422389532,9.40411527198373,0.0,775.1650269669694,1.622079741305439,477.8834278166385,784.5691422389532,9.40411527198373,0.0,775.1650269669694,1.622079741305439,9.40490924603516,0.0
B2-000035,BSP.DE,BSP.DE|swing|2022-12-05T23:00:00Z,EUR,2022-12-07T08:00:00Z,2023-02-02T16:30:00Z,tiempo,40,979.4075466796811,9.609600381851195,9.550440419197082,9.194285256522042,1.0,1.0,406.76276799758995,-57.94171388472555,18.765488555237283,0.0,-76.70720243996283,-0.1885797041296988,406.76276799758995,-57.94171388472555,18.765488555237283,0.0,-76.70720243996283,-0.1885797041296988,18.76544937897121,0.0
B2-000036,7011.T,7011.T|swing|2022-12-15T15:00:00Z,JPY,2022-12-19T00:00:00Z,2022-12-21T06:00:00Z,stop,2,2452.8921412957097,550.55,525.4454292689733,525.9714006696429,0.006871435442864014,0.0071133873950775355,60288.65314148884,-61578.80425673764,2639.300732523968,0.0,-64218.10498926161,-1.0651773035723804,414.2695879989613,-111.29235169500315,18.447627024246078,0.0,-129.73997871924922,-0.3131776564771019,18.44753417942737,311.84242640392955
B2-000037,DBK.DE,DBK.DE|swing|2022-12-19T23:00:00Z,EUR,2022-12-21T08:00:00Z,2023-01-11T16:30:00Z,objetivo,14,802.352255977546,10.562552045822143,11.767899414948054,9.98628602709089,1.0,1.0,462.3683401722199,967.1131808547751,17.916888106546054,0.0,949.1962927482291,2.0529007076796795,462.3683401722199,967.1131808547751,17.916888106546054,0.0,949.1962927482291,2.0529007076796795,17.91787313759935,0.0
B2-000038,IBE.MC,IBE.MC|swing|2022-12-19T23:00:00Z,EUR,2022-12-21T08:00:00Z,2023-02-16T16:30:00Z,tiempo,40,850.264967269198,10.875864770889281,10.819169923782349,10.462143080575126,1.0,1.0,351.7730594735222,-48.20564231970806,18.44652796456909,153.04769410845563,86.39552382417848,0.2456001717513033,351.7730594735222,-48.20564231970806,18.44652796456909,153.04769410845563,86.39552382417848,0.2456001717513033,18.44649820542396,0.0
B2-000039,BBVA.MC,BBVA.MC|swing|2022-12-20T23:00:00Z,EUR,2022-12-22T08:00:00Z,2023-01-06T16:30:00Z,objetivo,10,1643.414174667641,5.694689129829406,6.219809427495513,5.465856960841587,1.0,1.0,376.0660301345227,862.9901405901714,19.58045581316493,0.0,843.4096847770065,2.242717015613748,376.0660301345227,862.9901405901714,19.58045581316493,0.0,843.4096847770065,2.242717015613748,19.581338384643335,0.0
B2-000040,0700.HK,0700.HK|swing|2023-01-02T16:00:00Z,HKD,2023-01-04T01:30:00Z,2023-01-12T08:00:00Z,objetivo,6,150.36857851410886,332.754907836914,379.0774204224178,306.6970650809152,0.12137100689387319,0.11908447852906853,3918.2807743637113,6965.45037068412,107.03721534074425,0.0,6858.413155343375,1.7503628632782477,475.5656828774288,715.0685605529718,12.860879436616198,0.0,702.2076811163556,1.4765734921570046,12.861607366783485,-130.335164406262
B2-000041,1810.HK,1810.HK|swing|2023-01-03T16:00:00Z,HKD,2023-01-05T01:30:00Z,2023-01-27T08:00:00Z,objetivo,13,3913.845104474259,11.651640343666076,13.603525024243764,10.631428854806083,0.12067966788955396,0.1172401664810364,3992.949741203076,7639.374301577288,98.84480533788178,0.0,7540.529496239406,1.8884609085932158,481.86784866806767,738.7909106709621,11.745432037855807,0.0,727.0454786331063,1.5088067831102134,11.746182574948556,-183.1262429273784
B2-000042,ALV.DE,ALV.DE|swing|2023-01-03T23:00:00Z,EUR,2023-01-05T08:00:00Z,2023-03-02T16:30:00Z,tiempo,40,45.66973113126277,211.01080305480954,220.779,205.10142735072546,1.0,1.0,269.87959955913675,446.11092812407037,19.719724210734057,0.0,426.3912039133363,1.5799312160306667,269.87959955913675,446.11092812407037,19.719724210734057,0.0,426.3912039133363,1.5799312160306667,19.720190041851133,0.0
B2-000043,9988.HK,9988.HK|swing|2023-01-04T16:00:00Z,HKD,2023-01-06T01:30:00Z,2023-02-24T08:00:00Z,stop,32,391.84179353778944,101.60149999999999,91.31573223005022,91.40713936941964,0.12079045272261679,0.12006099098341957,3994.576553457634,-4030.3936908903074,75.59303428136911,0.0,-4105.986725171677,-1.027890358395462,482.50671032729787,-512.9341827063563,9.104815729389529,0.0,-522.0389984357458,-1.0819310638843387,9.104311899518272,-26.101104133338048
B2-000044,EXV1.DE,EXV1.DE|swing|2023-01-04T23:00:00Z,EUR,2023-01-06T08:00:00Z,2023-02-01T16:30:00Z,objetivo,18,648.0245391039768,14.890876404762267,15.783289661816188,14.421142441885811,1.0,1.0,304.39913479449973,578.3056895926458,19.87761232769335,42.46115990024898,600.8892371652014,1.9740175594482636,304.39913479449973,578.3056895926458,19.87761232769335,42.46115990024898,600.8892371652014,1.9740175594482636,19.878210511592957,0.0
B2-000045,AIR.PA,AIR.PA|swing|2023-01-05T23:00:00Z,EUR,2023-01-09T08:00:00Z,2023-02-07T16:30:00Z,stop,21,83.20496543399435,116.79668030548095,112.28759934670585,112.3999993460519,1.0,1.0,365.82568725359505,-375.17792531396435,19.0609495699317,0.0,-394.2388748838961,-1.077668651000455,365.82568725359505,-375.17792531396435,19.0609495699317,0.0,-394.2388748838961,-1.077668651000455,19.06059345259913,0.0
B2-000046,DTE.DE,DTE.DE|swing|2023-01-10T23:00:00Z,EUR,2023-01-12T08:00:00Z,2023-02-28T16:30:00Z,objetivo,33,485.175637053483,20.18516591644287,21.512662231462343,19.525715146745956,1.0,1.0,319.94944729310987,644.0688703257242,20.230770335406568,0.0,623.8380999903177,1.9498020867615735,319.94944729310987,644.0688703257242,20.230770335406568,0.0,623.8380999903177,1.9498020867615735,20.23143463571065,0.0
B2-000047,0700.HK,0700.HK|swing|2023-01-11T16:00:00Z,HKD,2023-01-13T01:30:00Z,2023-03-10T01:30:00Z,stop,37,151.48706570718213,364.9646061096191,332.667,337.58734130859375,0.118876380451968,0.12070297412128234,4147.301511795856,-4892.669578912563,105.68216495413486,0.0,-4998.351743866699,-1.205205777696718,493.0161923652662,-489.57212319569635,12.655163975168259,0.0,-502.2272871708646,-1.018683148643471,12.65468705773235,92.05072709288407
B2-000048,ICGA.DE,ICGA.DE|swing|2023-01-11T23:00:00Z,EUR,2023-01-13T08:00:00Z,2023-02-17T16:30:00Z,stop,25,2102.5315803336784,4.618613843441009,4.379758392538343,4.3841425350734164,1.0,1.0,492.98333052502034,-502.2011286576964,18.919361797744365,0.0,-521.1204904554407,-1.057075276562505,492.98333052502034,-502.2011286576964,18.919361797744365,0.0,-521.1204904554407,-1.057075276562505,18.918878515493937,0.0
B2-000049,ENR.DE,ENR.DE|swing|2023-01-15T23:00:00Z,EUR,2023-01-17T08:00:00Z,2023-01-20T16:30:00Z,stop,3,473.3976373760249,19.26424584007263,18.198924690791536,18.21714183262416,1.0,1.0,495.6965632130721,-504.32051511638105,17.734976417926216,0.0,-522.0554915343073,-1.0531755317212175,495.6965632130721,-504.32051511638105,17.734976417926216,0.0,-522.0554915343073,-1.0531755317212175,17.734489831900298,0.0
B2-000050,ENR.DE,ENR.DE|swing|2023-01-19T23:00:00Z,EUR,2023-01-23T08:00:00Z,2023-03-20T16:30:00Z,tiempo,40,329.20336427274975,19.129110610961913,18.971009771347045,17.60999924795968,1.0,1.0,500.09657140529697,-52.047328295560824,12.542687809052874,0.0,-64.5900161046137,-0.129155086832754,500.09657140529697,-52.047328295560824,12.542687809052874,0.0,-64.5900161046137,-0.129155086832754,12.542648304372676,0.0
B2-000051,CRM,CRM|swing|2023-01-26T05:00:00Z,USD,2023-01-27T14:30:00Z,2023-03-02T14:30:00Z,objetivo,23,48.38877812121627,165.21505305480954,192.9268751220703,153.7471422467913,0.9178522257916476,0.9359790340696368,554.9181916030929,1340.9412093473054,17.330050298455614,0.0,1323.6111590488497,2.38523656113182,509.33289729517475,1400.0086153661214,16.075647981229647,0.0,1383.9329673848918,2.7171482045128106,16.077064066908527,169.22274171095384
B2-000052,6758.T,6758.T|swing|2023-01-31T15:00:00Z,JPY,2023-02-02T00:00:00Z,2023-04-03T06:00:00Z,tiempo,40,621.5615030755284,2283.281,2403.594,2207.4285714285716,0.0070736365565537244,0.006904646827314782,47146.94951478619,74781.92911952612,2913.1810697271176,4972.4920246042275,76841.24007440323,1.6298242169475747,333.50038561778445,276.5126585139549,20.354316581606486,34.63220521384752,290.7905471461959,0.8719346654053434,20.354613448878005,-252.46752907553613
B2-000053,1810.HK,1810.HK|swing|2023-01-31T16:00:00Z,HKD,2023-02-02T01:30:00Z,2023-02-08T08:00:00Z,stop,4,3773.605942484002,13.573560420036314,12.424706046376908,12.437143189566475,0.11703571930153084,0.11908447852906853,4288.3908140421945,-4335.323691489869,98.10721283193949,0.0,-4433.430904321808,-1.0338215653770837,501.8949035675056,-411.3297150584163,11.578106234034482,0.0,-422.90782129245076,-0.8426222667064183,11.577706482025263,96.05801158006894
B2-000054,6857.T,6857.T|swing|2023-02-01T15:00:00Z,JPY,2023-02-03T00:00:00Z,2023-03-06T06:00:00Z,objetivo,20,428.6841331264055,2502.4999999999995,2825.3860714285715,2337.1428571428573,0.007086167800453514,0.006918021445866482,70885.9834419732,138416.13562894805,2283.9802219266076,0.0,136132.15540702143,1.9204382699784126,502.3099733699915,777.1814049131211,15.981008547045061,0.0,761.2003963660761,1.5153997267049903,15.981801710250163,-203.65855844393627
B2-000055,ZPRR.DE,ZPRR.DE|swing|2023-02-06T23:00:00Z,EUR,2023-02-08T08:00:00Z,2023-03-09T16:30:00Z,stop,21,191.91523383730524,51.78172954177856,49.752340409415105,49.80214255196707,1.0,1.0,379.91290005095874,-389.47068988441856,19.48593477713664,0.0,-408.9566246615552,-1.0764483770008884,379.91290005095874,-389.47068988441856,19.48593477713664,0.0,-408.9566246615552,-1.0764483770008884,19.485564792010923,0.0
B2-000056,NVDA,NVDA|swing|2023-02-07T05:00:00Z,USD,2023-02-08T14:30:00Z,2023-03-22T20:00:00Z,objetivo,29,229.77427963426157,22.40938612937927,27.19697341147491,20.10071427481515,0.9345794392523364,0.9272137227630969,530.4734122943656,1100.064418929678,11.39826552877795,0.9190971185370463,1089.585250519437,2.0539865434666007,495.7695442003417,982.0680102928524,10.606555028842639,0.8617882030352052,972.3232434670449,1.9612403683154176,10.607547704400229,-46.029577491893335
B2-000057,EXSA.DE,EXSA.DE|swing|2023-02-15T23:00:00Z,EUR,2023-02-17T08:00:00Z,2023-03-02T16:30:00Z,stop,9,216.62261000150679,45.62057576370239,45.00566568374634,45.050716400146484,1.0,1.0,123.44442266727798,-133.2034264363157,19.631692956973076,0.0,-152.83511939328878,-1.2380884943277517,123.44442266727798,-133.2034264363157,19.631692956973076,0.0,-152.83511939328878,-1.2380884943277517,19.63157938512594,0.0
B2-000058,MBG.DE,MBG.DE|swing|2023-02-16T23:00:00Z,EUR,2023-02-20T08:00:00Z,2023-03-13T16:30:00Z,stop,15,130.54547057077198,75.07499999999999,71.46560601915633,71.53714316231864,1.0,1.0,461.8511856871346,-471.19003570454794,19.130212370496864,0.0,-490.3202480750448,-1.0616412023400013,461.8511856871346,-471.19003570454794,19.130212370496864,0.0,-490.3202480750448,-1.0616412023400013,19.12976031021975,0.0
B2-000059,RRU.DE,RRU.DE|swing|2023-02-26T23:00:00Z,EUR,2023-02-28T08:00:00Z,2023-04-27T15:30:00Z,tiempo,40,2629.170747960478,1.6456440534591672,1.7237744876146317,1.4594286339623588,1.0,1.0,489.59213376019795,205.41825200699947,8.858776665826902,0.0,196.55947534117257,0.40147596700858623,489.59213376019795,205.41825200699947,8.858776665826902,0.0,196.55947534117257,0.40147596700858623,8.858990943068989,0.0
B2-000060,R6C0.DE,R6C0.DE|swing|2023-02-27T23:00:00Z,EUR,2023-03-01T08:00:00Z,2023-03-13T16:30:00Z,stop,8,337.4508864068998,29.01398561096191,27.8763803288596,27.904284613473074,1.0,1.0,374.4695852492288,-383.8859108265959,19.19770441440567,0.0,-403.08361524100155,-1.0764121603433523,374.4695852492288,-383.8859108265959,19.19770441440567,0.0,-403.08361524100155,-1.0764121603433523,19.197339725833487,0.0
B2-000061,CRM,CRM|swing|2023-03-02T05:00:00Z,USD,2023-03-03T14:30:00Z,2023-03-10T21:00:00Z,stop,5,39.604965218813796,188.25807733154295,174.71939064461844,174.89428492954798,0.9429514380009429,0.9446438692612885,529.2725332724589,-536.1992153440625,14.37570999440897,0.0,-550.5749253384715,-1.0402484367255964,499.07829634366703,-493.89861082847216,13.567307621847654,0.0,-507.4659184503198,-1.0168062249312422,13.566827290062959,11.71121033518948
B2-000062,AIR.PA,AIR.PA|swing|2023-03-02T23:00:00Z,EUR,2023-03-06T08:00:00Z,2023-03-13T16:30:00Z,stop,5,80.93887550907048,124.7446227493286,118.65551443372453,118.77428872244698,1.0,1.0,483.2321225493386,-492.8455799179233,19.700533402349816,0.0,-512.5461133202731,-1.0606623388699528,483.2321225493386,-492.8455799179233,19.700533402349816,0.0,-512.5461133202731,-1.0606623388699528,19.700060256829133,0.0
B2-000063,EXV1.DE,EXV1.DE|swing|2023-03-02T23:00:00Z,EUR,2023-03-06T08:00:00Z,2023-03-10T08:00:00Z,stop,4,607.8463885573475,16.610593862533566,15.5284556722641,15.991713796343122,1.0,1.0,376.1840131839936,-657.7737908752789,19.53560519139246,0.0,-677.3093960666714,-1.8004736308009872,376.1840131839936,-657.7737908752789,19.53560519139246,0.0,-677.3093960666714,-1.8004736308009872,19.53496695256625,0.0
B2-000064,RACE.MI,RACE.MI|swing|2023-03-02T23:00:00Z,EUR,2023-03-06T08:00:00Z,2023-03-10T16:30:00Z,stop,4,39.69540592665917,254.35410610961912,247.6092748260498,247.8571319580078,1.0,1.0,257.9000262432231,-267.7388157081134,19.925640166559624,0.0,-287.664455874673,-1.1154107274241971,257.9000262432231,-267.7388157081134,19.925640166559624,0.0,-287.664455874673,-1.1154107274241971,19.925392353135308,0.0
B2-000065,BSP.DE,BSP.DE|swing|2023-03-08T23:00:00Z,EUR,2023-03-10T08:00:00Z,2023-04-11T15:30:00Z,objetivo,20,926.2717679455425,10.7106998090744,11.787307057474342,10.17857129233224,1.0,1.0,492.8956219770001,997.2308993583997,20.839268595529056,0.0,976.3916307628707,1.9809298099394195,492.8956219770001,997.2308993583997,20.839268595529056,0.0,976.3916307628707,1.9809298099394195,20.840286666713485,0.0
B2-000066,VVSM.DE,VVSM.DE|swing|2023-03-08T23:00:00Z,EUR,2023-03-10T08:00:00Z,2023-03-10T16:30:00Z,stop,0,460.55332386247227,21.541520458221434,21.328650653294154,21.350000653948104,1.0,1.0,88.20508244357232,-98.03789620921484,19.743999799961443,0.0,-117.78189600917628,-1.3353186998552518,88.20508244357232,-98.03789620921484,19.743999799961443,0.0,-117.78189600917628,-1.3353186998552518,19.743921505986954,0.0
B2-000067,EUNN.DE,EUNN.DE|swing|2023-03-09T23:00:00Z,EUR,2023-03-13T08:00:00Z,2023-03-13T16:30:00Z,stop,0,235.3930435138054,41.49445211410522,41.190340170724056,41.23157174246652,1.0,1.0,61.880210760074114,-71.5858359213907,19.46342490823278,0.0,-91.04926082962348,-1.4713792941437362,61.880210760074114,-71.5858359213907,19.46342490823278,0.0,-91.04926082962348,-1.4713792941437362,19.46337278576862,0.0
B2-000068,ALV.DE,ALV.DE|swing|2023-03-09T23:00:00Z,EUR,2023-03-13T08:00:00Z,2023-03-13T16:30:00Z,stop,0,44.31311425833572,220.4201969451904,213.90730583626882,214.12142726353235,1.0,1.0,279.11810059025447,-288.6064878617414,19.24640425629243,0.0,-307.8528921180338,-1.1029485062667506,279.11810059025447,-288.6064878617414,19.24640425629243,0.0,-307.8528921180338,-1.1029485062667506,19.246134895938805,0.0
B2-000069,AMD,AMD|swing|2023-03-10T05:00:00Z,USD,2023-03-13T13:30:00Z,2023-03-17T20:00:00Z,objetivo,4,101.29508044863971,81.47138938903808,97.93170344781876,76.36856842041016,0.9446438692612885,0.9413536665725313,516.8906605321712,1667.3488367940645,18.172650721644192,0.0,1649.1761860724203,3.190570679637528,488.27759355013336,1542.412046651396,17.13404428248186,0.0,1525.278002368914,3.1237927410902335,17.13560383013121,-32.63880994605798
B2-000070,DTE.DE,DTE.DE|swing|2023-03-12T23:00:00Z,EUR,2023-03-14T08:00:00Z,2023-04-05T15:30:00Z,objetivo,16,444.3022123667371,21.491469312667846,22.87228393931048,20.744286673409597,1.0,1.0,331.97489966445744,613.498993485673,19.710913718746,0.0,593.788079766927,1.7886535408764228,331.97489966445744,613.498993485673,19.710913718746,0.0,593.788079766927,1.7886535408764228,19.71154692928589,0.0
B2-000071,VVSM.DE,VVSM.DE|swing|2023-03-13T23:00:00Z,EUR,2023-03-15T08:00:00Z,2023-04-26T15:30:00Z,stop,28,449.4075118853732,21.571549236297606,20.550857959474836,20.5714293888637,1.0,1.0,449.4613722224515,-458.7063271200259,18.930126212474633,0.0,-477.63645333250054,-1.0626863237895878,449.4613722224515,-458.7063271200259,18.930126212474633,0.0,-477.63645333250054,-1.0626863237895878,18.929686435833013,0.0
B2-000072,META,META|swing|2023-03-14T04:00:00Z,USD,2023-03-15T13:30:00Z,2023-04-27T13:30:00Z,objetivo,30,41.697846679392825,193.1429469451904,239.6501093902588,180.66286141531808,0.9313588525658936,0.9058791557206268,520.3926929703252,1939.2485291280775,18.046538506981385,0.0,1921.2019906210962,3.691831220102567,484.67234140851747,1551.5203874817582,16.55318749920133,0.0,1534.9671999825568,3.167020415321727,16.554755574343258,-254.61589744706558
B2-000073,AVGO,AVGO|swing|2023-03-14T04:00:00Z,USD,2023-03-15T13:30:00Z,2023-05-04T20:00:00Z,stop,35,165.65164315802207,62.829765289306636,60.09070407322475,60.1508549281529,0.9313588525658936,0.9030160736861117,443.7659031981662,-453.7299911543746,20.361977727658633,76.19975585269016,-397.8922130293431,-0.8966263747660262,413.30530241051144,-704.7129756760997,18.682180680664594,70.71246831170208,-652.6826880450623,-1.5791781141892818,18.68149464918286,-282.12753173982907
B2-000074,AMAT,AMAT|swing|2023-03-14T04:00:00Z,USD,2023-03-15T13:30:00Z,2023-04-06T20:00:00Z,stop,16,85.81341601754886,118.63851663970947,112.46170768301828,112.57428196498326,0.9313588525658936,0.9161704076958315,520.3926929703252,-530.053076661463,19.831499691555102,0.0,-549.8845763530181,-1.0566723625851806,484.67234140851747,-640.2491041898206,18.32366331847625,0.0,-658.5727675082969,-1.358799979372463,18.32304139241271,-146.5794789113794
B2-000075,6857.T,6857.T|swing|2023-03-16T15:00:00Z,JPY,2023-03-20T00:00:00Z,2023-04-05T00:00:00Z,stop,11,437.7441213868483,2972.97,2787.21,2814.285714285714,0.007113893433876361,0.006899406651028011,69463.11322789955,-81315.34798882084,2521.4849331300957,7660.522124269845,-76176.31079768109,-1.0966440641345343,494.1531850885648,-840.1607820917161,17.67588304745169,53.353685222662236,-804.4829799165055,-1.628003226919041,17.675060561729428,-261.6920619606717
B2-000076,COIN,COIN|swing|2023-03-17T04:00:00Z,USD,2023-03-20T13:30:00Z,2023-03-23T13:30:00Z,stop,3,35.42672649314311,76.8367621383667,61.78814847564697,62.068572998046875,0.9413536665725313,0.9272137227630969,523.1885974731165,-533.1231203301481,4.911026793459073,0.0,-538.0341471236072,-1.028375139905937,492.50550454025836,-532.8090600279537,4.59206142268806,0.0,-537.4011214506418,-1.0911575941720537,4.59153320516115,-30.951655970579726
B2-000077,IBE.MC,IBE.MC|swing|2023-03-19T23:00:00Z,EUR,2023-03-21T08:00:00Z,2023-05-19T15:30:00Z,tiempo,40,893.9810420541548,11.096085038185118,11.618370114326478,10.68214225769043,1.0,1.0,370.05699825743545,466.9129566181866,20.306292286934685,4.469905210270774,451.0765695415227,1.218938087012544,370.05699825743545,466.9129566181866,20.306292286934685,4.469905210270774,451.0765695415227,1.218938087012544,20.30677950666851,0.0
B2-000078,0700.HK,0700.HK|swing|2023-03-22T16:00:00Z,HKD,2023-03-24T01:30:00Z,2023-04-13T08:00:00Z,stop,11,137.19268375935164,380.37999999999994,348.9649818812779,349.31429617745533,0.11710150358330601,0.1166357581907461,4261.987280288044,-4309.910646056137,100.0607954507082,0.0,-4409.971441506846,-1.034721868341381,499.085118774655,-526.9947836785219,11.694971830303906,0.0,-538.6897555088258,-1.0793544733038873,11.694456529975746,-22.297766715650447
B2-000079,ITX.MC,ITX.MC|swing|2023-03-30T22:00:00Z,EUR,2023-04-03T07:00:00Z,2023-06-01T15:30:00Z,tiempo,40,327.3121567346658,30.780749999999998,31.418550762176512,29.285714285714285,1.0,1.0,489.3433640382083,208.75994303500855,20.35858727985614,196.38729404079947,384.78864979595187,0.786336707665882,489.3433640382083,208.75994303500855,20.35858727985614,196.38729404079947,384.78864979595187,0.786336707665882,20.358816398615375,0.0
B2-000080,6501.T,6501.T|swing|2023-04-03T15:00:00Z,JPY,2023-04-05T00:00:00Z,2023-04-06T00:00:00Z,stop,1,985.5238532794457,1466.465,1405.1933756103515,1424.028564453125,0.006899406651028011,0.006957005704744677,41822.11947960101,-60384.64736517718,2830.087827633707,0.0,-63214.73519281089,-1.5115143847179782,288.54780929764735,-336.8520965215316,19.60569292209917,0.0,-356.4577894436308,-1.2353508775938475,19.60537567537823,79.76614112975366
B2-000081,SAP.DE,SAP.DE|swing|2023-04-04T22:00:00Z,EUR,2023-04-06T07:00:00Z,2023-04-28T15:30:00Z,objetivo,14,85.35520901811435,116.07595908355712,124.20727246795381,112.94857570103237,1.0,1.0,266.93846229517794,694.0499535169704,20.509425452627184,0.0,673.5405280643432,2.5232052446587807,266.93846229517794,694.0499535169704,20.509425452627184,0.0,673.5405280643432,2.5232052446587807,20.51014001272023,0.0
B2-000082,EXSA.DE,EXSA.DE|swing|2023-04-04T22:00:00Z,EUR,2023-04-06T07:00:00Z,2023-06-06T15:30:00Z,tiempo,40,218.47014441946177,45.35030530548095,46.273679695129395,44.06928743634905,1.0,1.0,279.8641588731576,201.72973625972796,20.01710523536994,0.0,181.71263102435802,0.6492886826094633,279.8641588731576,201.72973625972796,20.01710523536994,0.0,181.71263102435802,0.6492886826094633,20.017326982431744,0.0
B2-000083,MU,MU|swing|2023-04-10T04:00:00Z,USD,2023-04-11T13:30:00Z,2023-06-07T20:00:00Z,tiempo,40,93.36748721036994,63.70363938903808,66.99293756103516,57.92142868041992,0.9161704076958315,0.9330969487729774,539.8704843845701,307.1135050050308,12.202810976825095,0.0,294.9106940282057,0.5462619323677078,494.6133617815576,387.2431803962003,11.28572918297986,0.0,375.9574512132204,0.7601037098129574,11.286127712286962,105.87487530684584
B2-000084,AIR.PA,AIR.PA|swing|2023-04-10T22:00:00Z,EUR,2023-04-12T07:00:00Z,2023-05-04T15:30:00Z,stop,15,78.50487410273686,126.12599999999999,121.17299216897148,121.2942864554269,1.0,1.0,379.313063517199,-388.8352562047633,19.414176245958814,141.30877338492635,-266.9406590657958,-0.7037476025491329,379.313063517199,-388.8352562047633,19.414176245958814,141.30877338492635,-266.9406590657958,-0.7037476025491329,19.413806824508438,0.0
B2-000085,PLTR,PLTR|swing|2023-04-11T04:00:00Z,USD,2023-04-12T13:30:00Z,2023-04-25T20:00:00Z,stop,9,584.8106328034204,8.75875,7.83073263665608,7.838571207863944,0.9170105456212746,0.9072763563781527,538.1303417213736,-542.714421509719,9.701705838624196,0.0,-552.4161273483433,-1.0265470733006286,493.47119827727977,-542.252525650322,8.851988886668721,0.0,-551.1045145369908,-1.1167916515916438,8.851455485597961,-44.577677865160595
B2-000086,COIN,COIN|swing|2023-04-13T04:00:00Z,USD,2023-04-14T13:30:00Z,2023-04-21T20:00:00Z,stop,5,51.113702631826285,69.36930305480956,58.73120601490566,58.789996010916575,0.9078529278256923,0.9109127345600291,540.7475542923314,-543.7525286661596,6.54769132757499,0.0,-550.3002199937346,-1.0176656660313603,490.9192503788756,-484.461878977473,5.953526188422572,0.0,-490.4154051658956,-0.9989736698803497,5.953047679590908,9.185446184723654
B2-000087,6758.T,6758.T|swing|2023-04-24T15:00:00Z,JPY,2023-04-26T00:00:00Z,2023-05-18T00:00:00Z,objetivo,13,588.9457647051236,2442.4399999999996,2649.348,2397.714285714286,0.006760868095463458,0.0067426336727125615,26341.020001982597,121857.59028360792,2998.7869773763714,0.0,118858.80330623155,4.512308304586742,178.08816173336893,795.411518187502,20.24595162428421,0.0,775.1655665632178,4.352706878539095,20.24676728256826,-28.451576151000463
B2-000088,MSFT,MSFT|swing|2023-04-26T04:00:00Z,USD,2023-04-27T13:30:00Z,2023-05-26T20:00:00Z,objetivo,21,35.15303928425646,296.2659712219238,330.5882604642596,280.7857142857143,0.9058791557206268,0.9301460329271696,544.1780802089565,1206.5327820614427,22.035831431966805,23.904066713294394,1208.4010173427705,2.2205984792308464,492.9595798613611,1374.9826971488637,20.243810172377927,22.0741219995331,1376.813008976019,2.792953145089971,20.245205400279183,282.00979918578344
B2-000089,ALV.DE,ALV.DE|swing|2023-04-26T22:00:00Z,EUR,2023-04-28T07:00:00Z,2023-05-04T15:30:00Z,stop,3,43.93324082270611,226.47624999999996,220.70051106262207,220.9214324951172,1.0,1.0,244.04113516819854,-253.74692966490375,19.645924334081883,0.0,-273.39285399898563,-1.1202736530894974,244.04113516819854,-253.74692966490375,19.645924334081883,0.0,-273.39285399898563,-1.1202736530894974,19.645690232840924,0.0
B2-000090,MA,MA|swing|2023-04-28T04:00:00Z,USD,2023-05-01T13:30:00Z,2023-05-24T20:00:00Z,stop,17,28.827876037916727,380.8704802246093,367.06399121965677,367.4314226422991,0.9106638739641197,0.9272137227630969,387.4194860492641,-398.01175355363205,21.56136222728007,0.0,-419.57311578091213,-1.082994353380458,352.8089300148111,-187.32980016443597,19.810278779048474,0.0,-207.14007894348444,-0.5871168820324038,19.8101112593582,175.12512520996688
B2-000091,RACE.MI,RACE.MI|swing|2023-05-03T22:00:00Z,EUR,2023-05-05T07:00:00Z,2023-06-28T15:30:00Z,objetivo,38,36.67251732189927,267.3671061096191,290.85975470352173,254.27142333984375,1.0,1.0,480.25165321668436,861.5345624971867,20.471584222719358,0.0,841.0629782744674,1.7512963727268813,480.25165321668436,861.5345624971867,20.471584222719358,0.0,841.0629782744674,1.7512963727268813,20.472466229746573,0.0
B2-000092,MUV2.DE,MUV2.DE|swing|2023-05-04T22:00:00Z,EUR,2023-05-08T07:00:00Z,2023-05-10T15:30:00Z,stop,2,30.009692070182922,329.02871221923823,325.6739956447056,325.99999564034596,1.0,1.0,90.89085190041497,-100.67401138446311,19.647426660511883,0.0,-120.321438044975,-1.3238014115744652,90.89085190041497,-100.67401138446311,19.647426660511883,0.0,-120.321438044975,-1.3238014115744652,19.64734563384498,0.0
B2-000093,SU.PA,SU.PA|swing|2023-05-04T22:00:00Z,EUR,2023-05-08T07:00:00Z,2023-07-03T15:30:00Z,tiempo,40,61.94540196886535,159.39924549865722,163.03679695129395,152.2942853655134,1.0,1.0,440.11961142035784,225.3295869160122,19.973430258812357,195.12801620192585,400.4841728591257,0.9099439390275741,440.11961142035784,225.3295869160122,19.973430258812357,195.12801620192585,400.4841728591257,0.9099439390275741,19.97367556207424,0.0
B2-000094,6501.T,6501.T|swing|2023-05-09T15:00:00Z,JPY,2023-05-11T00:00:00Z,2023-06-06T06:00:00Z,objetivo,18,934.806476018109,1560.7591511230466,1717.248924345834,1495.6285226004463,0.00674854906195168,0.006668444918644972,60884.53333005654,146287.65343926687,3064.303177387968,0.0,143223.3502618789,2.352376579540515,410.8822602919189,858.6385923867817,20.551009519291227,0.0,838.0875828674905,2.039726860614658,20.551888709770267,-128.59081400589477
B2-000095,SIE.DE,SIE.DE|swing|2023-05-16T22:00:00Z,EUR,2023-05-18T07:00:00Z,2023-07-04T15:30:00Z,stop,33,65.42915891419662,154.0338848876953,147.49521864100865,147.64286150251115,1.0,1.0,418.15928469356095,-427.819432941355,19.728795632034817,0.0,-447.5482285733898,-1.0702816963668902,418.15928469356095,-427.819432941355,19.728795632034817,0.0,-447.5482285733898,-1.0702816963668902,19.72838754098867,0.0
B2-000096,6857.T,6857.T|swing|2023-05-18T15:00:00Z,JPY,2023-05-22T00:00:00Z,2023-05-25T06:00:00Z,objetivo,3,237.40755275447427,3500.9974999999995,4200.192924107143,3179.285714285714,0.006686726847208291,0.006697923643670461,76376.8077387003,165994.27453440367,1828.3207718834685,0.0,164165.9537625202,2.1494215145016717,510.71085081043327,1121.123341840153,12.236646560489866,0.0,1108.8866952796632,2.171261279293363,12.237779921610844,11.164969828092312
B2-000097,PLTR,PLTR|swing|2023-05-19T04:00:00Z,USD,2023-05-22T13:30:00Z,2023-06-01T20:00:00Z,objetivo,7,428.1660768073816,11.631619885444639,15.030498969120638,10.341571535382952,0.9252405625462621,0.9348415443582312,552.3549409377481,1455.2847228002204,11.415814829331335,0.0,1443.868907970889,2.6140237028016684,511.0611962784494,1408.2760519386864,10.624162530964515,0.0,1397.651889407722,2.734803384771591,10.625581432597308,61.78759635002942
B2-000098,7011.T,7011.T|swing|2023-05-23T15:00:00Z,JPY,2023-05-25T00:00:00Z,2023-06-12T06:00:00Z,objetivo,12,2508.9558296000682,586.5859999999999,657.5784543751307,556.9285714285714,0.006697923643670461,0.00665601703940362,74409.17830523304,178116.93226210133,3121.553660785672,0.0,174995.37860131566,2.3517982940689,498.38699467671154,1123.874617059485,20.838789074685543,0.0,1103.0358279847994,2.2132114998311807,20.839933789235346,-69.13899487689274
B2-000099,R6C0.DE,R6C0.DE|swing|2023-05-23T22:00:00Z,EUR,2023-05-25T07:00:00Z,2023-05-30T15:30:00Z,stop,3,363.72031673107443,27.652624999999997,26.84741127613613,26.874285561697825,1.0,1.0,283.0978670235526,-292.87259067997417,19.822770456211277,0.0,-312.69536113618545,-1.1045486298565805,283.0978670235526,-292.87259067997417,19.822770456211277,0.0,-312.69536113618545,-1.1045486298565805,19.822497406116344,0.0
B2-000100,EUNN.DE,EUNN.DE|swing|2023-05-25T22:00:00Z,EUR,2023-05-29T07:00:00Z,2023-06-13T15:30:00Z,objetivo,11,238.0876201954013,43.65361061096191,45.73119729505267,42.84085627964565,1.0,1.0,193.50674454659386,494.64766936482266,21.281416195966102,0.0,473.3662531688566,2.4462519602508026,193.50674454659386,494.64766936482266,21.281416195966102,0.0,473.3662531688566,2.4462519602508026,21.281932125567504,0.0
B2-000101,6857.T,6857.T|swing|2023-05-29T15:00:00Z,JPY,2023-05-31T00:00:00Z,2023-07-27T06:00:00Z,tiempo,40,218.2814270475695,4436.9325,4953.79125,4080.0,0.006666222251849877,0.00643915003219575,77911.73545965659,112820.66553202303,2049.8205811595035,0.0,110770.84495086354,1.42174788300309,519.3769446014038,506.5497569371773,13.419021696324421,0.0,493.13073524085286,0.9494659714233299,13.419541665622557,-245.5378741009071
B2-000102,SXR8.DE,SXR8.DE|swing|2023-05-31T22:00:00Z,EUR,2023-06-02T07:00:00Z,2023-07-24T15:30:00Z,objetivo,36,25.407149023954528,409.4790773315429,427.46863089915684,399.3014177594866,1.0,1.0,258.585313462312,457.06326836678016,21.2644551482746,0.0,435.7988132185056,1.6853192758065199,258.585313462312,457.06326836678016,21.2644551482746,0.0,435.7988132185056,1.6853192758065199,21.264933476474596,0.0
B2-000103,VVSM.DE,VVSM.DE|swing|2023-05-31T22:00:00Z,EUR,2023-06-02T07:00:00Z,2023-07-28T15:30:00Z,tiempo,40,365.2093615887343,25.8007746181488,27.202769542694092,24.376427786690847,1.0,1.0,520.1847969976956,512.0216713438318,19.35739052492172,0.0,492.66428081891013,0.9470947318383329,520.1847969976956,512.0216713438318,19.35739052492172,0.0,492.66428081891013,0.9470947318383329,19.357921904513514,0.0
B2-000104,EUNL.DE,EUNL.DE|swing|2023-06-04T22:00:00Z,EUR,2023-06-06T07:00:00Z,2023-08-01T15:30:00Z,tiempo,40,138.91199443399412,76.1520723953247,78.86106243896485,74.7757099696568,1.0,1.0,191.19324961353692,376.3112098638869,21.53318372329681,0.0,354.7780261405901,1.855599122132767,191.19324961353692,376.3112098638869,21.53318372329681,0.0,354.7780261405901,1.855599122132767,21.53358156808551,0.0
B2-000105,6758.T,6758.T|swing|2023-06-05T15:00:00Z,JPY,2023-06-07T00:00:00Z,2023-06-23T06:00:00Z,stop,12,508.7808882586287,2802.7999999999997,2644.6384285714284,2647.285714285714,0.006707357971694949,0.006408202499198974,79122.69642262036,-80469.58479980905,2771.55256242276,0.0,-83241.1373622318,-1.052051321881316,530.704248592262,-942.264410934318,18.187269073689528,0.0,-960.4516800080075,-1.8097682137568842,18.186344995622843,-402.52609984833487
B2-000106,NFLX,NFLX|swing|2023-06-07T04:00:00Z,USD,2023-06-08T13:30:00Z,2023-07-18T20:00:00Z,objetivo,26,183.53096449256986,40.01697819137573,47.31283217464175,36.94799968174526,0.9330969487729774,0.8884940026654821,563.2525858794496,1339.0151183457704,16.027724325428412,0.0,1322.987394020342,2.3488350114800802,525.5692692726038,862.1270495525386,14.568116792094893,0.0,847.5589327604437,1.6126493353263949,14.568993488137131,-387.3038717367871
B2-000107,IFX.DE,IFX.DE|swing|2023-06-08T22:00:00Z,EUR,2023-06-12T07:00:00Z,2023-07-07T15:30:00Z,stop,19,215.3906209725439,37.12208408355713,34.622488218579974,34.65714536394392,1.0,1.0,530.9246814767562,-538.3895055378318,15.453107979566884,0.0,-553.8426135173987,-1.0431660701418077,530.9246814767562,-538.3895055378318,15.453107979566884,0.0,-553.8426135173987,-1.0431660701418077,15.45258504264595,0.0
B2-000108,EXV1.DE,EXV1.DE|swing|2023-06-12T22:00:00Z,EUR,2023-06-14T07:00:00Z,2023-06-26T15:30:00Z,stop,8,700.9677118709469,15.485470267295836,14.964449271338328,14.979428700038365,1.0,1.0,354.71879951205733,-365.2188953730566,21.34441042565083,0.0,-386.56330579870746,-1.089773945814134,354.71879951205733,-365.2188953730566,21.34441042565083,0.0,-386.56330579870746,-1.089773945814134,21.344066550820745,0.0
B2-000109,BSP.DE,BSP.DE|swing|2023-06-21T22:00:00Z,EUR,2023-06-23T07:00:00Z,2023-06-26T15:30:00Z,stop,1,941.4594125371586,11.151140343666075,10.809090683800832,10.819910594395228,1.0,1.0,311.83936516336166,-322.02587183526634,20.674666202299278,0.0,-342.7005380375656,-1.098964968255489,311.83936516336166,-322.02587183526634,20.674666202299278,0.0,-342.7005380375656,-1.098964968255489,20.674364850791463,0.0
B2-000110,R6C0.DE,R6C0.DE|swing|2023-06-25T22:00:00Z,EUR,2023-06-27T07:00:00Z,2023-08-22T15:30:00Z,tiempo,40,372.25055455972813,27.792764389038084,28.20676560974121,26.687856946672714,1.0,1.0,411.3024081576798,154.11218399514365,20.845856097129726,106.33448766165002,239.60081555966394,0.5825417279536299,411.3024081576798,154.11218399514365,20.845856097129726,106.33448766165002,239.60081555966394,0.5825417279536299,20.8460310553438,0.0
B2-000111,EUNH.DE,EUNH.DE|swing|2023-06-25T22:00:00Z,EUR,2023-06-27T07:00:00Z,2023-07-06T07:00:00Z,stop,7,94.87801580559899,109.04393255615233,107.47741408538819,107.67785971505302,1.0,1.0,129.61028060941987,-148.62816422892257,20.54311574890566,0.0,-169.17127997782822,-1.3052304121431948,129.61028060941987,-148.62816422892257,20.54311574890566,0.0,-169.17127997782822,-1.3052304121431948,20.542987663726926,0.0
B2-000112,8035.T,8035.T|swing|2023-06-27T15:00:00Z,JPY,2023-06-29T00:00:00Z,2023-08-28T06:00:00Z,tiempo,40,58.579359781894254,20470.449999999997,20934.045,19064.285714285714,0.006336332530731213,0.006339144215530904,82372.20360530735,27157.098298087334,2425.4488091926414,0.0,24731.64948889469,0.3002426596160795,521.9376733323239,175.52438276129797,15.37189816868548,0.0,160.1524845926125,0.306842162915957,15.372089065156874,3.4479773748610074
B2-000113,COIN,COIN|swing|2023-06-30T04:00:00Z,USD,2023-07-03T13:30:00Z,2023-07-13T20:00:00Z,objetivo,7,55.692840841180356,73.27319694519042,92.62175377249717,62.86714553833008,0.9203018590097551,0.8942944017170452,579.542564787414,1077.5760958897285,9.239161086675635,0.0,1068.3369348030528,1.8434140988331666,533.3540997491385,857.5392334339502,8.368661072920336,0.0,849.1705723610299,1.5921328302537372,8.36952698168054,-134.15605083784058
B2-000114,7203.T,7203.T|swing|2023-07-02T15:00:00Z,JPY,2023-07-04T00:00:00Z,2023-07-11T06:00:00Z,stop,5,661.5479010867904,2334.8324999999995,2205.6492857142857,2207.8571428571427,0.006336734047272036,0.006421370320426379,84000.28100760255,-85460.88426635903,3003.746195262087,0.0,-88464.63046162113,-1.0531468395161026,532.2874406412936,-418.04649867874247,19.157437181242976,0.0,-437.20393585998545,-0.821368122706873,19.157038291779738,123.49639636187035
B2-000115,RRU.DE,RRU.DE|swing|2023-07-03T22:00:00Z,EUR,2023-07-05T07:00:00Z,2023-07-26T15:30:00Z,objetivo,15,3661.280746235517,1.7562545315027236,2.1241728160487754,1.6104285035814558,1.0,1.0,533.9100283281406,1347.0521313964598,14.207333934756061,0.0,1332.8447974617038,2.496384646745273,533.9100283281406,1347.0521313964598,14.207333934756061,0.0,1332.8447974617038,2.496384646745273,14.20869519558185,0.0
B2-000116,EXV1.DE,EXV1.DE|swing|2023-07-04T22:00:00Z,EUR,2023-07-06T07:00:00Z,2023-08-18T15:30:00Z,stop,31,678.4394046633473,15.641626404762267,15.348636456217085,15.36400045667376,1.0,1.0,188.35238294026453,-198.77592626333828,21.025015485763475,373.37776947766383,153.57682772856208,0.8153697093244027,188.35238294026453,-198.77592626333828,21.025015485763475,373.37776947766383,153.57682772856208,0.8153697093244027,21.024837734674712,0.0
B2-000117,QDV5.DE,QDV5.DE|swing|2023-07-06T22:00:00Z,EUR,2023-07-10T07:00:00Z,2023-09-04T15:30:00Z,tiempo,40,1502.77557974641,6.897890793800353,7.139852836132049,6.803856985909598,1.0,1.0,141.31171016879154,363.6146484416404,21.09557832180314,0.0,342.51907011983724,2.4238548221567133,141.31171016879154,363.6146484416404,21.09557832180314,0.0,342.51907011983724,2.4238548221567133,21.095963032413376,0.0
B2-000118,APP,APP|swing|2023-07-10T04:00:00Z,USD,2023-07-11T13:30:00Z,2023-08-01T20:00:00Z,objetivo,15,264.00420861766855,27.247219312667845,31.896260016560554,25.090999603271484,0.9127418765972983,0.9115770282588879,569.2510779850054,1227.3663118625234,15.614127455208383,0.0,1211.752184407315,2.128677891479081,519.5792971750689,1110.4597377462433,14.241859101880834,0.0,1096.2178786443624,2.109818240650568,14.24298380460214,-9.80889301546135
B2-000119,NVDA,NVDA|swing|2023-07-13T04:00:00Z,USD,2023-07-14T13:30:00Z,2023-08-09T20:00:00Z,stop,18,178.05173387161696,46.62958318328857,43.25398970031738,43.29728698730469,0.8942944017170452,0.9117432530999271,593.3211154687232,-601.0302724887497,16.00392599850189,0.0,-617.0341984872516,-1.0399666932463631,530.6037519841917,-403.1165887545441,14.446602845148732,0.0,-417.56319159969286,-0.7869586108997837,14.446214174772866,134.38141919461492
B2-000120,MRVL,MRVL|swing|2023-07-18T04:00:00Z,USD,2023-07-19T13:30:00Z,2023-08-02T20:00:00Z,stop,10,139.9059457489249,66.06599999999999,61.71822095816476,61.78000095912388,0.8884940026654821,0.9103322712790168,599.6367492927567,-608.2801387553126,17.877772284941628,0.0,-626.1579110402542,-1.0442287130980181,532.7736555244396,-351.88535107075,16.072861360343683,0.0,-367.95821243109367,-0.6906464098133593,16.07252554751684,188.56790415387295
B2-000121,ZPRR.DE,ZPRR.DE|swing|2023-07-23T22:00:00Z,EUR,2023-07-25T07:00:00Z,2023-08-17T15:30:00Z,stop,17,211.14263775891433,50.41036061096191,48.789020614079064,48.837858472551616,1.0,1.0,332.02224938548267,-342.3340036458739,20.945219015907274,0.0,-363.2792226617812,-1.0941412008808142,332.02224938548267,-342.3340036458739,20.945219015907274,0.0,-363.2792226617812,-1.0941412008808142,20.944897626800426,0.0
B2-000122,RRU.DE,RRU.DE|swing|2023-07-25T22:00:00Z,EUR,2023-07-27T07:00:00Z,2023-08-31T15:30:00Z,objetivo,25,4001.432772052075,2.1761740248203276,2.58549680016722,2.040785755429949,1.0,1.0,541.7470580900763,1637.8775676203645,19.053505688829414,0.0,1618.8240619315352,2.988154781382077,541.7470580900763,1637.8775676203645,19.053505688829414,0.0,1618.8240619315352,2.988154781382077,19.05516262155856,0.0
B2-000123,COIN,COIN|swing|2023-07-27T04:00:00Z,USD,2023-07-28T13:30:00Z,2023-08-18T13:30:00Z,stop,15,30.81304203393494,94.89480305480956,72.26765634155274,75.15285818917411,0.898876404494382,0.9174311926605504,608.3093769764511,-697.2112227835953,5.150783887876054,0.0,-702.3620066714714,-1.1546131512266025,546.79494559681,-585.3891684171352,4.671235650153336,0.0,-590.0604040672886,-1.0791255640142314,4.670654931639421,41.317548691714315
B2-000124,7011.T,7011.T|swing|2023-07-27T15:00:00Z,JPY,2023-07-31T00:00:00Z,2023-08-07T06:00:00Z,objetivo,5,2497.751600395544,671.8712122192383,732.1074116706848,638.0142211914062,0.006521030322791001,0.006405739542630196,84566.35352434497,150455.0635815957,3506.7898547421883,0.0,146948.2737268535,1.7376683231889622,551.4597556201172,770.2987218966882,22.657059668493318,0.0,747.641662228195,1.3557501787006576,22.657852625068212,-210.82330993634508
B2-000125,6501.T,6501.T|swing|2023-07-31T15:00:00Z,JPY,2023-08-02T00:00:00Z,2023-08-03T06:00:00Z,stop,1,909.9558470554182,1900.0981511230466,1836.847052961077,1838.6857386997767,0.006375518010838381,0.006374298827129016,55882.58376633322,-57555.70660516045,3400.4551385820514,0.0,-60956.1617437425,-1.090789967740645,356.28041929444197,-368.9852483524842,21.677625176813034,0.0,-390.6628735292972,-1.0965039120110625,21.677277868840598,-2.0378042647555024
B2-000126,9988.HK,9988.HK|swing|2023-07-31T16:00:00Z,HKD,2023-08-02T01:30:00Z,2023-08-14T08:00:00Z,stop,8,786.6497429779095,97.74765152740477,91.66538506099157,91.75714220319476,0.11694812181316368,0.1162696059623054,4712.432620196574,-4784.6133525271025,149.00171654892733,0.0,-4933.61506907603,-1.0469359387615453,551.1101441030751,-608.4783404220401,17.37654410209263,0.0,-625.8548845241328,-1.1356257750303325,17.375952999703614,-48.926795241810744
B2-000127,EXSA.DE,EXSA.DE|swing|2023-08-01T22:00:00Z,EUR,2023-08-03T07:00:00Z,2023-08-17T15:30:00Z,stop,10,235.840613898009,45.55550831985473,45.083441441672186,45.12857001168387,1.0,1.0,100.68939269559323,-111.3325423514881,21.376345554829307,0.0,-132.70888790631741,-1.3180026649631937,100.68939269559323,-111.3325423514881,21.376345554829307,0.0,-132.70888790631741,-1.3180026649631937,21.376255598541313,0.0
B2-000128,PLTR,PLTR|swing|2023-08-02T04:00:00Z,USD,2023-08-03T13:30:00Z,2023-08-08T20:00:00Z,stop,3,290.36231870645065,18.648629159927367,16.603378932952882,16.619998931884766,0.9103322712790168,0.9137426900584795,589.0377768124455,-593.8635982392059,10.235854808907272,0.0,-604.0994530481131,-1.0255699665260407,536.2200972348161,-524.171584266887,9.334470570622942,0.0,-533.5060548375099,-0.9949385664369873,9.33395573299374,16.441613948138272
B2-000129,IS3N.DE,IS3N.DE|swing|2023-08-03T22:00:00Z,EUR,2023-08-07T07:00:00Z,2023-08-11T15:30:00Z,stop,4,383.9718564905778,28.51848977088928,27.858828220367432,27.886714935302734,1.0,1.0,242.58375650419487,-253.29147020932652,21.64730345306249,0.0,-274.938773662389,-1.1333766845086952,242.58375650419487,-253.29147020932652,21.64730345306249,0.0,-274.938773662389,-1.1333766845086952,21.647071808662567,0.0
B2-000130,7011.T,7011.T|swing|2023-08-08T15:00:00Z,JPY,2023-08-10T00:00:00Z,2023-09-06T00:00:00Z,objetivo,18,2110.025814957532,770.7699999999999,867.9311878051758,730.3142177036831,0.006355258976803305,0.006321112515802782,85362.74500953032,205012.61448085814,3457.7018092704916,0.0,201554.91267158766,2.3611578171377348,542.5023515063891,1240.3738909240485,21.91205609486198,0.0,1218.4618348291865,2.246002863297887,21.913318382069324,-62.53436761333927
B2-000131,APP,APP|swing|2023-08-10T04:00:00Z,USD,2023-08-11T13:30:00Z,2023-10-09T20:00:00Z,tiempo,40,162.64583267708403,37.23720076370239,40.80914847564697,33.54757227216448,0.9075233687267447,0.9495774380400722,600.1026982752768,580.9624098882315,12.693913459440482,0.0,568.268496428791,0.946952076806222,544.6072223207884,806.3682382926601,11.799154380004476,0.0,794.5690839126556,1.4589763986725701,11.79997254821515,279.1312749672845
B2-000132,ENI.MI,ENI.MI|swing|2023-08-10T22:00:00Z,EUR,2023-08-14T07:00:00Z,2023-09-14T15:30:00Z,objetivo,22,773.1971182197449,13.997984206199645,15.322449091979436,13.51885713849749,1.0,1.0,370.4596680083829,1024.0724328681783,22.670474531106315,0.0,1001.4019583370721,2.703133552218192,370.4596680083829,1024.0724328681783,22.670474531106315,0.0,1001.4019583370721,2.703133552218192,22.671521275059042,0.0
B2-000133,ALV.DE,ALV.DE|swing|2023-08-16T22:00:00Z,EUR,2023-08-18T07:00:00Z,2023-10-13T15:30:00Z,tiempo,40,48.139983750549284,222.02180305480954,222.57720304870605,214.73571123395647,1.0,1.0,350.752341860877,26.736946681233395,21.402988929333603,0.0,5.333957751899792,0.015207190702137814,350.752341860877,26.736946681233395,21.402988929333603,0.0,5.333957751899792,0.015207190702137814,21.40303706931589,0.0
B2-000134,MUV2.DE,MUV2.DE|swing|2023-08-16T22:00:00Z,EUR,2023-08-18T07:00:00Z,2023-10-13T15:30:00Z,tiempo,40,29.90881944757255,357.35699999999997,377.52209390258787,346.2857012067522,1.0,1.0,331.1294766573752,603.1141526758475,21.979366135328213,0.0,581.1347865405194,1.7550077160355873,331.1294766573752,603.1141526758475,21.979366135328213,0.0,581.1347865405194,1.7550077160355873,21.97999122947189,0.0
B2-000135,TTE.PA,TTE.PA|swing|2023-08-17T22:00:00Z,EUR,2023-08-21T07:00:00Z,2023-09-15T15:30:00Z,objetivo,19,184.38296274596513,57.45740152740478,62.91193449834415,54.56285531180246,1.0,1.0,533.7050070378766,1005.7229495773533,22.194054800192227,0.0,983.5288947771611,1.8428324295397904,533.7050070378766,1005.7229495773533,22.194054800192227,0.0,983.5288947771611,1.8428324295397904,22.195082718222544,0.0
B2-000136,PANW,PANW|swing|2023-08-21T04:00:00Z,USD,2023-08-22T13:30:00Z,2023-10-18T20:00:00Z,tiempo,40,53.242228493471835,120.94582194519042,130.53932817077637,109.96000017438617,0.9167583425009168,0.9465215333648841,584.9096329097173,510.77965051619196,13.38962982518937,0.0,497.3900206910026,0.8503707114835231,536.2207855791321,675.1217759467843,12.481915115397808,0.0,662.6398608313865,1.2357593712368284,12.482602719775617,206.860270156362
B2-000137,SAP.DE,SAP.DE|swing|2023-08-21T22:00:00Z,EUR,2023-08-23T07:00:00Z,2023-09-22T07:00:00Z,stop,22,83.65187300129374,128.10798336029052,122.77710152435303,123.27428545270648,1.0,1.0,404.3478834918393,-445.9382503247465,20.987007258689,0.0,-466.9252575834355,-1.1547612257821034,404.3478834918393,-445.9382503247465,20.987007258689,0.0,-466.9252575834355,-1.1547612257821034,20.986582307020118,0.0
B2-000138,V,V|swing|2023-08-25T04:00:00Z,USD,2023-08-28T13:30:00Z,2023-09-22T20:00:00Z,stop,18,47.678780557369954,243.25300450134276,235.41150425066266,235.64715140206474,0.9252405625462621,0.9392317084624777,362.63780087206896,-373.8731696927379,22.822140073388155,0.0,-396.69530976612606,-1.0939160473953786,335.52720287941247,-188.88413293958396,21.273008208919126,0.0,-210.1571411485031,-0.6263490391985682,21.272840597626654,157.03848890787845
B2-000139,7203.T,7203.T|swing|2023-08-30T15:00:00Z,JPY,2023-09-01T00:00:00Z,2023-09-14T00:00:00Z,objetivo,9,702.2730412969931,2487.4849999999997,2712.7845,2432.9285714285716,0.006309546343617894,0.006317917614354309,38313.50901515899,158221.7650676923,3652.009077328994,0.0,154569.7559903633,4.034340888202299,241.74086071776762,1014.2557962385986,23.058468757695483,0.0,991.1973274809031,4.100247366282549,23.059506072995426,15.948236974970873
B2-000140,1810.HK,1810.HK|swing|2023-09-03T16:00:00Z,HKD,2023-09-05T01:30:00Z,2023-09-05T08:00:00Z,stop,0,6451.649799855615,12.312300190925598,11.568420059885298,11.580000059945244,0.1181753722524226,0.1181753722524226,4724.543993473642,-4799.254098542716,154.07004402655204,0.0,-4953.324142569268,-1.0484237525169955,558.324745151695,-567.1536396292511,18.207284805784926,0.0,-585.360924435036,-1.048423752516997,18.206735858880773,0.0
B2-000141,AMAT,AMAT|swing|2023-09-01T04:00:00Z,USD,2023-09-05T13:30:00Z,2023-09-07T20:00:00Z,stop,2,67.58772552908643,154.12397122192382,145.09905109732492,145.24429539271765,0.9258401999814831,0.9337068160597572,600.1570927316501,-609.9738243033194,20.223803504497084,0.0,-630.1976278078164,-1.0500544531423182,555.6495627549765,-487.5910535170828,18.801157514949175,0.0,-506.392211032032,-0.9113517673284566,18.800688724584848,77.14723395937104
B2-000142,8035.T,8035.T|swing|2023-09-04T15:00:00Z,JPY,2023-09-06T00:00:00Z,2023-09-11T06:00:00Z,stop,3,75.49432864344341,21871.85,20681.440714285716,20702.14285714286,0.006321112515802782,0.0063355296502787635,88306.25545944013,-89869.14983592075,3212.5321140442747,0.0,-93081.68194996502,-1.0540780091475885,558.1937766083447,-545.5630818733151,20.329286879442712,0.0,-565.8923687527579,-1.0137919705790894,20.328761645121602,22.50992593907964
B2-000143,QDV5.DE,QDV5.DE|swing|2023-09-06T22:00:00Z,EUR,2023-09-08T07:00:00Z,2023-10-23T15:30:00Z,stop,31,1525.0752231458378,7.289282064914703,7.118731019496917,7.125856876373291,1.0,1.0,249.23570588244448,-260.10317364828535,21.9733037697972,0.0,-282.07647741808256,-1.1317659178060462,249.23570588244448,-260.10317364828535,21.9733037697972,0.0,-282.07647741808256,-1.1317659178060462,21.973065639689207,0.0
B2-000144,CRWD,CRWD|swing|2023-09-08T04:00:00Z,USD,2023-09-11T13:30:00Z,2023-11-06T21:00:00Z,tiempo,40,166.9617805173631,42.41737499999999,46.6483046951294,38.84924915858677,0.9342301943198804,0.9310120100549296,595.7406435923656,706.4035551425897,14.870564464887957,0.0,691.5329906777017,1.1607953865757763,556.5588972275464,634.8787539002632,13.867465552989733,0.0,621.0112883472734,1.1158051581616815,13.868114299856392,-25.06477668885203
B2-000145,R6C0.DE,R6C0.DE|swing|2023-09-12T22:00:00Z,EUR,2023-09-14T07:00:00Z,2023-10-11T15:30:00Z,objetivo,19,375.8231566545364,29.784754159927363,31.37417410647869,29.02142906188965,1.0,1.0,286.87524789816746,597.3408215626043,22.984941478689073,0.0,574.3558800839153,2.00211027020287,286.87524789816746,597.3408215626043,22.984941478689073,0.0,574.3558800839153,2.00211027020287,22.985561805070745,0.0
B2-000146,EUNN.DE,EUNN.DE|swing|2023-09-13T22:00:00Z,EUR,2023-09-15T07:00:00Z,2023-09-21T07:00:00Z,stop,4,242.3243354002781,46.676631069183344,45.52343124389648,45.59542901175363,1.0,1.0,262.0015700000687,-279.4483812463556,22.342318823881296,0.0,-301.7907000702369,-1.1518659986280149,262.0015700000687,-279.4483812463556,22.342318823881296,0.0,-301.7907000702369,-1.1518659986280149,22.342061717560945,0.0
B2-000147,ITX.MC,ITX.MC|swing|2023-09-14T22:00:00Z,EUR,2023-09-18T07:00:00Z,2023-09-26T07:00:00Z,stop,6,311.8907874561707,36.22618862533569,34.84512106704712,34.9057126726423,1.0,1.0,411.84428470247724,-430.7422482847933,22.166486745498652,0.0,-452.90873503029195,-1.0997086808124101,411.84428470247724,-430.7422482847933,22.166486745498652,0.0,-452.90873503029195,-1.0997086808124101,22.166078169327456,0.0
B2-000148,COIN,COIN|swing|2023-09-18T04:00:00Z,USD,2023-09-19T13:30:00Z,2023-09-22T20:00:00Z,stop,3,59.333754863814015,82.23215152740478,72.0093481881278,72.08142961774554,0.9378223764419019,0.9392317084624777,602.2804454784674,-606.5573073536395,9.151727333948449,0.0,-615.709034687588,-1.022296239749993,564.8320786631036,-562.8215245607186,8.588716167741719,0.0,-571.4102407284603,-1.0116462260446086,8.588161934378531,6.021490869872331
B2-000149,BBVA.MC,BBVA.MC|swing|2023-09-19T22:00:00Z,EUR,2023-09-21T07:00:00Z,2023-10-31T08:00:00Z,stop,28,1499.6084324588555,7.4174098472595205,7.086905862808227,7.195714337485177,1.0,1.0,332.4564558958696,-495.6265620444097,21.750794145863047,239.93734919341688,-277.44000699685586,-0.8345153239669807,332.4564558958696,-495.6265620444097,21.750794145863047,239.93734919341688,-277.44000699685586,-0.8345153239669807,21.75032026962007,0.0
B2-000150,EXV1.DE,EXV1.DE|swing|2023-09-27T22:00:00Z,EUR,2023-09-29T07:00:00Z,2023-10-04T07:00:00Z,stop,3,696.8210553153855,15.923907992362974,15.442542182922363,15.48057120186942,1.0,1.0,308.92641021185403,-335.4258313271512,21.856802912639786,0.0,-357.282634239791,-1.1565299127218533,308.92641021185403,-335.4258313271512,21.856802912639786,0.0,-357.282634239791,-1.1565299127218533,21.856489343296417,0.0
B2-000151,PLTR,PLTR|swing|2023-10-09T04:00:00Z,USD,2023-10-10T13:30:00Z,2023-10-20T20:00:00Z,stop,8,267.4028120004487,18.078059465408323,15.870257268496923,15.886143411908831,0.9495774380400722,0.9441979038806535,586.1245163746901,-590.3725157948768,9.07787535732815,0.0,-599.4503911522049,-1.0227355696703122,556.5706166315546,-583.4338267698668,8.597316218926675,0.0,-592.0311429887935,-1.0637125376324232,8.596741381840593,-22.82940573209585
B2-000152,1810.HK,1810.HK|swing|2023-10-09T16:00:00Z,HKD,2023-10-11T01:30:00Z,2023-10-30T08:00:00Z,objetivo,12,4632.396952242674,12.492479541778563,14.187939279760634,11.491428783961705,0.12085468432756453,0.12132094242108074,4637.26447955103,7854.042522878311,123.59429083345626,0.0,7730.448232044854,1.6670276767982188,560.4351348195676,979.8422544510305,14.967593428019862,0.0,964.8746610230106,1.7216526964064318,14.968588238861434,30.64442465330362
B2-000153,BSP.DE,BSP.DE|swing|2023-10-09T22:00:00Z,EUR,2023-10-11T07:00:00Z,2023-12-06T16:30:00Z,tiempo,40,912.1634908589084,12.287274618148802,12.172815419197082,11.756428173610143,1.0,1.0,484.21874596042284,-104.40550247671449,22.31160111518863,122.5113102120237,-4.20579337987941,-0.00868573018902322,484.21874596042284,-104.40550247671449,22.31160111518863,122.5113102120237,-4.20579337987941,-0.00868573018902322,22.311519021203345,0.0
B2-000154,INFY,INFY|swing|2023-10-10T04:00:00Z,USD,2023-10-11T13:30:00Z,2023-10-12T13:30:00Z,stop,1,662.703456241429,17.87786061096191,16.38359961891174,17.224285670689174,0.945000945000945,0.9430403621274991,433.1263718315282,-990.2519239583933,22.70518811021553,0.0,-1012.9571120686088,-2.338710311693086,409.30483068562484,-957.0759699220579,21.435137254585527,0.0,-978.5111071766435,-2.390665914051255,21.43420161281592,-21.286965992373354
B2-000155,VRTX,VRTX|swing|2023-10-11T04:00:00Z,USD,2023-10-12T13:30:00Z,2023-11-15T21:00:00Z,stop,24,32.35305899795685,366.73636511230467,351.3782809753418,351.7300109863281,0.9430403621274991,0.9201324990798675,485.5014603819523,-496.88100217874506,23.233205512170528,0.0,-520.1142076909156,-1.0712927769192142,457.84747301202594,-728.999144269619,21.649430235539203,0.0,-750.6485745051582,-1.6395166922444528,21.648722885117277,-260.42030404070067
B2-000156,LLY,LLY|swing|2023-10-11T04:00:00Z,USD,2023-10-12T13:30:00Z,2023-10-23T20:00:00Z,stop,7,19.577163870355168,606.0654819946288,576.2731952950614,576.8500453404018,0.9430403621274991,0.9436633009342266,571.955390923783,-583.2484787900337,23.14683803555924,0.0,-606.3953168255929,-1.0602143566584534,539.3770189775397,-542.9989888714739,21.835430390937347,0.0,-564.8344192624113,-1.0471977844609128,21.83490922685632,7.0278677769912195
B2-000157,ENI.MI,ENI.MI|swing|2023-10-12T22:00:00Z,EUR,2023-10-16T07:00:00Z,2023-11-08T16:30:00Z,stop,17,717.8855473181574,15.603588297843931,14.84228612259456,14.85714326586042,1.0,1.0,535.862100328402,-546.5278287533986,21.856653221896373,0.0,-568.384481975295,-1.0606916996498945,535.862100328402,-546.5278287533986,21.856653221896373,0.0,-568.384481975295,-1.0606916996498945,21.856128550194875,0.0
B2-000158,EXV1.DE,EXV1.DE|swing|2023-10-12T22:00:00Z,EUR,2023-10-16T07:00:00Z,2023-10-20T07:00:00Z,stop,4,707.7156546179975,15.82781227493286,15.298686129570008,15.326000213623047,1.0,1.0,355.1402514650813,-374.4708563409687,22.028710194308804,0.0,-396.4995665352775,-1.1164591028461972,355.1402514650813,-374.4708563409687,22.028710194308804,0.0,-396.4995665352775,-1.1164591028461972,22.028357751808926,0.0
B2-000159,COIN,COIN|swing|2023-10-16T04:00:00Z,USD,2023-10-17T13:30:00Z,2023-11-09T21:00:00Z,objetivo,17,93.96654385472586,74.87480305480956,95.90935129574368,68.56356866019112,0.9489466691971911,0.9353661958656815,593.0448835193677,1976.5437997460822,16.04799672947353,0.0,1960.4958030166088,3.305813535363859,562.7679669001401,1753.243759306515,15.106302147736432,0.0,1738.1374571587785,3.088550804930944,15.108070499565624,-122.39089598489025
B2-000160,TSM,TSM|swing|2023-10-19T04:00:00Z,USD,2023-10-20T13:30:00Z,2023-10-25T20:00:00Z,stop,3,126.59487406930167,92.09199999999998,88.41720870208741,88.5057144165039,0.9471490812653911,0.94553706505295,454.00537181923806,-465.20974159020835,22.851540543990048,0.0,-488.0612821341984,-1.0750121307562848,430.0107708081436,-458.6665434381441,21.625772067643737,0.0,-480.2923155057879,-1.116930895947437,21.625335026432875,-18.043564095269215
B2-000161,NFLX,NFLX|swing|2023-10-19T04:00:00Z,USD,2023-10-20T13:30:00Z,2023-11-20T21:00:00Z,objetivo,21,169.45353218476356,40.603562725067135,47.47470468572208,37.16357094900949,0.9471490812653911,0.9150805270863837,582.9187571395063,1164.3392753759222,14.92517352147238,0.0,1149.4141018544499,1.9718255550650736,552.1109652770471,844.8191685337341,13.878380682169325,0.0,830.9407878515648,1.5050249680054844,13.87923938057651,-257.98370641978175
B2-000162,MSFT,MSFT|swing|2023-10-25T04:00:00Z,USD,2023-10-26T13:30:00Z,2023-11-20T21:00:00Z,objetivo,17,33.927633725556646,340.8805485534668,376.3300103653499,325.88572474888394,0.94553706505295,0.9150805270863837,508.73888982114426,1202.7163561216778,24.333257147099374,25.445725294167485,1203.8288242687458,2.3662999789380605,481.03147675978084,748.3442202014287,22.619127872790024,23.413438805822125,749.1385311344608,1.5573586497512473,22.619898836907964,-388.86867325704196
B2-000163,NOW,NOW|swing|2023-10-26T04:00:00Z,USD,2023-10-27T13:30:00Z,2023-11-14T14:30:00Z,objetivo,12,82.40557289942775,111.40329181671142,129.36650619506835,104.45978396279472,0.9487666034155597,0.9372071227741331,572.1837426336817,1480.2689719637415,19.840773142040213,0.0,1460.4281988217012,2.5523762560948597,542.868826028161,1281.199677885546,18.701032856326222,0.0,1262.4986450292197,2.3256053479182985,18.70233275833655,-123.23008678593547
B2-000164,1810.HK,1810.HK|swing|2023-10-29T16:00:00Z,HKD,2023-10-31T01:30:00Z,2023-11-09T08:00:00Z,objetivo,7,4910.891266192038,14.254239770889281,16.712913599457057,13.33142798287528,0.12057053979430665,0.1198925762516785,4531.82835009702,12074.279831128428,152.07632302526315,0.0,11922.203508103164,2.6307712002922456,546.4049904263399,1400.1583747481307,18.28028029497079,0.0,1381.87809445316,2.529036371675396,18.281698735044838,-55.644062118533235
B2-000165,MUV2.DE,MUV2.DE|swing|2023-11-01T23:00:00Z,EUR,2023-11-03T08:00:00Z,2023-11-03T16:30:00Z,stop,0,29.336114493263448,381.381,370.0866831011091,370.45714024135043,1.0,1.0,320.46360058809614,-331.3313736690631,22.04514198944155,0.0,-353.3765156585047,-1.102704066889371,320.46360058809614,-331.3313736690631,22.04514198944155,0.0,-353.3765156585047,-1.102704066889371,22.044832702899512,0.0
B2-000166,RACE.MI,RACE.MI|swing|2023-11-01T23:00:00Z,EUR,2023-11-03T08:00:00Z,2023-11-22T16:30:00Z,objetivo,13,33.25658135201094,307.1067877807617,334.68728903552466,290.2857012067522,1.0,1.0,559.4118340777654,917.2331837082644,21.343876926879588,0.0,895.8893067813848,1.6014843666264749,559.4118340777654,917.2331837082644,21.343876926879588,0.0,895.8893067813848,1.6014843666264749,21.34481550487712,0.0
B2-000167,PLTR,PLTR|swing|2023-11-02T04:00:00Z,USD,2023-11-03T13:30:00Z,2024-01-03T21:00:00Z,tiempo,40,283.2902195105745,18.038020458221432,16.073910152435303,15.931428364345006,0.937998311603039,0.9158347834050736,596.7769366934934,-556.413239669134,9.663576310622432,0.0,-566.0768159797565,-0.9485567909446463,559.7757590221306,-622.8381121264968,8.963494830647695,0.0,-631.8016069571445,-1.1286691086102683,8.962880955415425,-100.92343276327134
B2-000168,MU,MU|swing|2023-11-03T04:00:00Z,USD,2023-11-06T14:30:00Z,2023-12-21T14:30:00Z,objetivo,32,133.64881023696532,72.65258183288573,84.915,68.16286087036133,0.9344047841524948,0.9137426900584795,600.045864937349,1638.857598662972,21.05871984388085,0.0,1617.798878819091,2.696125368663287,560.6857269083807,1296.8666403233299,19.442878829837326,0.0,1277.4237614934925,2.278324023936195,19.44419514067048,-234.48974041201996
B2-000169,7011.T,7011.T|swing|2023-11-05T15:00:00Z,JPY,2023-11-07T00:00:00Z,2023-11-08T06:00:00Z,stop,1,1476.9302613728844,853.3524999999998,791.350722996303,792.1428658621652,0.006216199415677255,0.006220065932698886,90402.36094573076,-91572.30071565323,2429.111961020755,0.0,-94001.41267667398,-1.039811479404877,561.9591032866958,-564.7126137582113,15.104363421154503,0.0,-579.8169771793658,-1.031777888796935,15.103813812353142,4.519068442653817
B2-000170,APP,APP|swing|2023-11-07T05:00:00Z,USD,2023-11-08T14:30:00Z,2023-11-09T21:00:00Z,stop,1,182.81913966617685,41.14109847259521,37.82028362110683,37.8581417628697,0.9358038555118847,0.9353661958656815,600.1873212333206,-607.1085141397683,14.435651941222869,0.0,-621.5441660809912,-1.03558363212969,561.6576092394915,-571.1605859579885,13.505912645712083,0.0,-584.6664986037006,-1.0409660422750509,13.505354990480086,-3.026097711901642
B2-000171,6758.T,6758.T|swing|2023-11-07T15:00:00Z,JPY,2023-11-09T00:00:00Z,2023-11-10T06:00:00Z,stop,1,685.3877438105055,2640.638,2564.004857142857,2566.5714285714284,0.006212337702677518,0.006189267809618123,50764.32028320825,-52523.416883965365,3567.198425196606,0.0,-56090.61530916197,-1.1049220199588794,315.3651008461717,-366.8347912718582,22.120099681490593,0.0,-388.9548909533488,-1.2333479193155004,22.11975496645416,-40.54158829015083
B2-000172,LLY,LLY|swing|2023-11-08T05:00:00Z,USD,2023-11-09T14:30:00Z,2023-11-13T21:00:00Z,stop,2,17.229881141201936,615.3747697753905,579.8695447736468,580.4499947684152,0.93711929528629,0.9372071227741331,601.7497222534048,-611.7508066716757,20.593917474377292,0.0,-632.3447241460531,-1.050843400106738,563.9112756568314,-572.4059930889367,19.299834922522507,0.0,-591.7058280114593,-1.049288874960433,19.29928181580928,0.877491750043197
B2-000173,8035.T,8035.T|swing|2023-11-08T15:00:00Z,JPY,2023-11-10T00:00:00Z,2023-12-13T06:00:00Z,objetivo,22,80.49828486772385,21861.839999999997,24524.335044642856,20735.714285714286,0.006189267809618123,0.006375924509053813,90651.1885454401,214326.28456256402,3734.0075326677634,0.0,210592.27702989624,2.323105525796102,561.0644831679156,1695.0142530953979,23.479264102109447,0.0,1671.5349889932884,2.979220818889423,23.480982597343562,368.4914792972664
B2-000174,RRU.DE,RRU.DE|swing|2023-11-08T23:00:00Z,EUR,2023-11-10T08:00:00Z,2023-11-30T16:30:00Z,objetivo,14,4204.67595248694,2.6636610133647918,3.1386973882785867,2.575142894472395,1.0,1.0,372.1900058662412,1997.3740221566038,24.397036839100473,0.0,1972.9769853175032,5.300993992908444,372.1900058662412,1997.3740221566038,24.397036839100473,0.0,1972.9769853175032,5.300993992908444,24.399058612180422,0.0
B2-000175,COIN,COIN|swing|2023-11-09T05:00:00Z,USD,2023-11-10T14:30:00Z,2023-11-28T21:00:00Z,objetivo,11,41.4558380779212,94.49440152740478,123.94985769428526,80.05428532191685,0.9353661958656815,0.9133254178463787,598.6271192410733,1221.1006213655028,9.055789839345827,0.0,1212.044831526157,2.0247075225438524,559.9355712665545,1028.9209122892557,8.357224361901382,0.0,1020.5636879273544,1.8226448546908272,8.3582616410751,-113.25533068661454
B2-000176,CRWD,CRWD|swing|2023-11-13T05:00:00Z,USD,2023-11-14T14:30:00Z,2023-11-29T21:00:00Z,objetivo,10,148.281375650705,51.301249999999996,57.635399253845215,47.18232345581055,0.9372071227741331,0.9103322712790168,610.7600941766159,939.2363649370557,16.153276210138515,0.0,923.0830887269171,1.511367716273856,572.4087105685247,650.5796426207118,14.909286151712989,0.0,635.6703564689988,1.1105183145058042,14.909951641306723,-229.67936856678156
B2-000177,BBVA.MC,BBVA.MC|swing|2023-11-13T23:00:00Z,EUR,2023-11-15T08:00:00Z,2024-01-15T16:30:00Z,tiempo,40,1398.0164157454087,8.2081998090744,8.243747855186463,7.860572133745466,1.0,1.0,485.98919667726653,49.69675201233754,23.00009290562102,0.0,26.69665910671652,0.054932618439345916,485.98919667726653,49.69675201233754,23.00009290562102,0.0,26.69665910671652,0.054932618439345916,23.00016560253649,0.0
B2-000178,6758.T,6758.T|swing|2023-11-14T15:00:00Z,JPY,2023-11-16T00:00:00Z,2023-12-04T06:00:00Z,stop,11,656.6287031687149,2651.649,2507.6327142857144,2510.1428571428573,0.006120325601321991,0.00620578379049274,92916.99507469242,-94565.22692374638,3387.732461333493,0.0,-97952.95938507987,-1.0541985274743253,568.6822637535493,-438.0559250916785,20.874739767773487,0.0,-458.93066485945195,-0.8070071709821066,20.87432258617074,140.71405424455094
B2-000179,7203.T,7203.T|swing|2023-11-19T15:00:00Z,JPY,2023-11-21T00:00:00Z,2023-12-14T00:00:00Z,stop,16,555.0406403672522,2787.785,2602.8945,2620.1428571428573,0.00616827041697508,0.006364157067396423,93048.20232396676,-102621.74151782143,2992.0462016946185,0.0,-105613.78771951605,-1.1350438276260253,573.9464737476361,-349.99881276807673,18.738749911710336,0.0,-368.73756267978706,-0.6424598452048697,18.738418651316145,282.9998395747647
B2-000180,PANW,PANW|swing|2023-11-20T05:00:00Z,USD,2023-11-21T14:30:00Z,2023-12-12T21:00:00Z,objetivo,14,68.98725818319586,129.90476889038084,153.20258957351956,120.82000187465123,0.9150805270863837,0.9255831173639393,626.7331676483204,1607.2527705734917,19.53080043191168,0.0,1587.72197014158,2.533330055116056,573.5113173941439,1581.7678684828793,17.983257309678145,0.0,1563.7846111732013,2.7266848338382395,17.984857062403144,111.00215602543712
B2-000181,EXSA.DE,EXSA.DE|swing|2023-11-21T23:00:00Z,EUR,2023-11-23T08:00:00Z,2023-12-14T08:00:00Z,objetivo,15,251.93520851281457,45.425381069183345,47.42253121948242,44.593570709228516,1.0,1.0,209.56231647833928,503.1524395469971,23.391658142424525,0.0,479.7607814045725,2.289346622364529,209.56231647833928,503.1524395469971,23.391658142424525,0.0,479.7607814045725,2.289346622364529,23.39218468704742,0.0
B2-000182,COIN,COIN|swing|2023-11-28T05:00:00Z,USD,2023-11-29T14:30:00Z,2023-12-19T21:00:00Z,objetivo,14,49.02078107184274,127.94781969451903,160.64981492757798,114.92000579833984,0.9133254178463787,0.9122422915526364,638.6336128493103,1603.0773489322278,14.14728146466148,0.0,1588.9300674675662,2.488015092688966,583.2803113063388,1455.6014756701527,12.912541941218834,0.0,1442.6889337289338,2.4734058492353834,12.91401045670396,-8.529813883439546
B2-000183,MRVL,MRVL|swing|2023-11-29T05:00:00Z,USD,2023-11-30T14:30:00Z,2023-12-01T21:00:00Z,stop,1,141.3969109047939,56.766709083557124,52.1192567073277,52.17142813546317,0.9103322712790168,0.9195402298850576,649.7585308001383,-657.1354095759846,15.39613920371618,0.0,-672.5315487797008,-1.0350484324561602,591.4961591262069,-530.353501521813,14.083460438662224,0.0,-544.4369619604752,-0.9204404011088587,14.082944168104682,67.85806841536012
B2-000184,6857.T,6857.T|swing|2023-11-29T15:00:00Z,JPY,2023-12-01T00:00:00Z,2023-12-05T06:00:00Z,stop,2,316.8641844571943,4636.632,4330.665,4335.0,0.006203858800173708,0.006270771932024832,95576.37768619231,-96949.98392581426,2841.4152506904447,0.0,-99791.39917650471,-1.044101080124125,592.9423517972102,-509.64362782693627,17.719559391071627,0.0,-527.3631872180079,-0.8894004376978104,17.719067466510566,91.82038312792571
B2-000185,6501.T,6501.T|swing|2023-11-30T15:00:00Z,JPY,2023-12-04T00:00:00Z,2023-12-08T00:00:00Z,stop,4,925.9201344709458,2072.0699999999997,1990.4076243896484,2006.7714320591517,0.00620578379049274,0.006402868485081316,60461.258808550156,-75612.83780635337,3761.5298282600716,0.0,-79374.36763461345,-1.312813679350465,375.209499866887,-106.01801104061693,23.706459747842494,0.0,-129.72447078845943,-0.34573876949939103,23.706377436207504,363.21891217120714
B2-000186,RRU.DE,RRU.DE|swing|2023-11-30T23:00:00Z,EUR,2023-12-04T08:00:00Z,2024-02-01T16:30:00Z,tiempo,40,2572.5871230594594,3.308305066823959,3.5054910628795626,3.077857119696481,1.0,1.0,592.8474213156372,507.2781543002989,17.52908418242766,0.0,489.74907011787127,0.8260963150198548,592.8474213156372,507.2781543002989,17.52908418242766,0.0,489.74907011787127,0.8260963150198548,17.529608990189747,0.0
B2-000187,CRWD,CRWD|swing|2023-12-05T05:00:00Z,USD,2023-12-06T14:30:00Z,2024-01-09T21:00:00Z,objetivo,22,161.75634429382885,60.059999999999995,68.53194734481404,56.10842950003488,0.924470740501063,0.9140767824497257,639.1915982936945,1370.3912315469302,20.80056330812165,0.0,1349.5906682388086,2.111402389896091,590.9139301966297,1151.6646108826421,19.114290178576752,0.0,1132.5503207040654,1.9166079234706876,19.115460958646885,-115.2219857217114
B2-000188,ALV.DE,ALV.DE|swing|2023-12-05T23:00:00Z,EUR,2023-12-07T08:00:00Z,2024-02-06T16:30:00Z,tiempo,40,48.376566032091745,241.1909469451904,247.8519060974121,235.72857012067522,1.0,1.0,264.25103314332665,322.2343302645186,23.658213872738,0.0,298.5761163917806,1.1298957390635307,264.25103314332665,322.2343302645186,23.658213872738,0.0,298.5761163917806,1.1298957390635307,23.65855976562738,0.0
B2-000189,SAF.PA,SAF.PA|swing|2023-12-06T23:00:00Z,EUR,2023-12-08T08:00:00Z,2023-12-15T16:30:00Z,stop,5,71.54664065150142,163.12296672058105,160.01125017438616,160.17142159598214,1.0,1.0,211.17313839636907,-222.63286553993652,23.119167698388537,0.0,-245.75203323832505,-1.1637466540704238,211.17313839636907,-222.63286553993652,23.119167698388537,0.0,-245.75203323832505,-1.1637466540704238,23.118968184490207,0.0
B2-000190,IS3N.DE,IS3N.DE|swing|2023-12-11T23:00:00Z,EUR,2023-12-13T08:00:00Z,2024-01-17T08:00:00Z,stop,22,428.24614008312494,28.08805946540832,27.547425762176513,27.875999450683594,1.0,1.0,90.81388277183513,-231.52429660786765,23.825681800364926,0.0,-255.34997840823257,-2.811794525400762,90.81388277183513,-231.52429660786765,23.825681800364926,0.0,-255.34997840823257,-2.811794525400762,23.82547410154112,0.0
B2-000191,MUV2.DE,MUV2.DE|swing|2023-12-11T23:00:00Z,EUR,2023-12-13T08:00:00Z,2023-12-14T16:30:00Z,stop,1,30.26085690588456,397.4971061096191,388.0544195120675,388.442862374442,1.0,1.0,273.9891740611967,-285.74378793562244,23.77146230903717,0.0,-309.5152502446596,-1.1296623354013542,273.9891740611967,-285.74378793562244,23.77146230903717,0.0,-309.5152502446596,-1.1296623354013542,23.771200336448814,0.0
B2-000192,8035.T,8035.T|swing|2023-12-12T15:00:00Z,JPY,2023-12-14T00:00:00Z,2024-01-19T00:00:00Z,objetivo,22,58.39178385069205,24824.799999999996,27657.315,23200.714285714286,0.006364157067396423,0.006215426689042203,94833.26198356795,165395.60363384316,3064.5243151071627,0.0,162331.07931873598,1.7117525636402087,603.5337744769805,812.4099939985307,19.26292047241334,0.0,793.1470735261173,1.3141718112022063,19.26375214615834,-240.19360578409075
B2-000193,QDV5.DE,QDV5.DE|swing|2023-12-12T23:00:00Z,EUR,2023-12-14T08:00:00Z,2024-01-12T16:30:00Z,objetivo,18,1558.1605217829729,7.735728164196013,8.01652014989938,7.555571283612933,1.0,1.0,280.7133390521253,437.51898695603495,24.544531452345836,0.0,412.9744555036891,1.4711607823773718,280.7133390521253,437.51898695603495,24.544531452345836,0.0,412.9744555036891,1.4711607823773718,24.544993516324617,0.0
B2-000194,AMAT,AMAT|swing|2023-12-14T05:00:00Z,USD,2023-12-15T14:30:00Z,2024-01-03T14:30:00Z,stop,11,71.23846894796917,162.37221672058104,151.55829670715332,153.17715454101562,0.9158347834050736,0.9127418765972983,655.0421515536162,-770.3671050823929,22.363929132641672,0.0,-792.7310342150346,-1.21019850758436,599.9103869892996,-738.9224283251045,20.448270755779724,0.0,-759.3706990808843,-1.2658068864115681,20.44755228090267,-33.39343749957812
B2-000195,6857.T,6857.T|swing|2023-12-14T15:00:00Z,JPY,2023-12-18T00:00:00Z,2024-01-04T06:00:00Z,stop,10,247.20233988832854,4850.846,4471.095857142857,4475.571428571428,0.006445375443119562,0.006403688524590164,92768.75215773247,-93875.1238872126,2304.4058393886653,0.0,-96179.52972660126,-1.036766448718309,597.9294370462936,-651.1355251443664,14.806685701255104,0.0,-665.9422108456215,-1.1137471574159379,14.806049371778137,-46.07510692191989
B2-000196,APP,APP|swing|2023-12-19T05:00:00Z,USD,2023-12-20T14:30:00Z,2023-12-26T21:00:00Z,stop,3,208.58710772828152,43.65361061096191,40.44936631883893,40.48985617501395,0.9122422915526364,0.9071940488070398,659.9183873569067,-668.364049348787,17.542796709125547,0.0,-685.9068460579126,-1.039381322295162,602.0054619201849,-652.3030680997242,15.960687954044348,0.0,-668.2637560537686,-1.1100626129242137,15.960051611027684,-42.593116130387884
B2-000197,META,META|swing|2023-12-20T05:00:00Z,USD,2023-12-21T14:30:00Z,2024-01-24T21:00:00Z,objetivo,21,30.588979037646652,353.3329909973144,390.9981284024375,332.0042986188616,0.9137426900584795,0.9170105456212746,652.4229240649079,1152.13809853539,22.768329008387077,0.0,1129.369769527003,1.7310393731883107,596.146677690888,1091.8420812245965,20.84347851201013,0.0,1070.9986027125865,1.7965353876683299,20.84459119868142,39.084315750006596
B2-000198,INTC,INTC|swing|2023-12-26T05:00:00Z,USD,2023-12-27T14:30:00Z,2024-01-02T21:00:00Z,stop,3,208.1307722640591,50.68063106918334,47.4582092464992,47.50571496146066,0.9071940488070398,0.9127418765972983,660.797741373922,-670.685142515807,20.425712624002184,0.0,-691.1108551398091,-1.0458735129797212,599.4717784395555,-553.6428246840859,18.584883680367163,0.0,-572.2277083644531,-0.954553206581268,18.584348621889475,54.79874522955556
B2-000199,ABBV,ABBV|swing|2024-01-02T05:00:00Z,USD,2024-01-03T14:30:00Z,2024-02-02T21:00:00Z,objetivo,21,80.53873875609804,160.7505863342285,170.8232295071738,155.2357134137835,0.9127418765972983,0.9188642837452908,444.1609094128005,811.2379770892364,26.704536932413262,124.83504507195197,909.3684852287752,2.0473852289950476,405.40426196860216,824.6822620696724,24.458580541846988,114.08795930538471,914.3116408332102,2.255308408435089,24.45942968353738,84.23138849424544
B2-000200,6758.T,6758.T|swing|2023-12-28T15:00:00Z,JPY,2024-01-04T00:00:00Z,2024-01-12T06:00:00Z,objetivo,5,688.3980540318257,2668.6659999999997,2904.3873482142853,2589.5714285714284,0.006403688524590164,0.006261348694508797,54448.5490559097,162270.1174044726,3836.4790799262646,0.0,158433.63832454634,2.909786230701227,348.67154876991356,754.536648063888,24.28302641831102,0.0,730.253621645577,2.0943883268418535,24.28380523876384,-284.59064064303067
B2-000201,MRVL,MRVL|swing|2024-01-04T05:00:00Z,USD,2024-01-05T14:30:00Z,2024-01-12T21:00:00Z,objetivo,5,152.03609877062559,58.6085492362976,66.95208799624443,54.3985710144043,0.9129918743723181,0.9139097057210747,640.0686647659527,1268.5190830038193,19.089749443989447,0.0,1249.42933355983,1.952023903586494,584.3774899716541,1167.4903437989508,17.43812885469608,0.0,1150.0522149442547,1.9679954048196473,17.439313784352525,9.34272853023922
B2-000202,6857.T,6857.T|swing|2024-01-08T15:00:00Z,JPY,2024-01-10T00:00:00Z,2024-01-19T06:00:00Z,objetivo,7,219.5429415173579,5012.007,5822.243357142857,4582.714285714285,0.006343970056461334,0.006215426689042203,94248.1852662564,177881.67317145152,2378.5831925426282,0.0,175503.0899789089,1.8621376049109362,597.907665204951,964.1677069291387,14.925352249028844,0.0,949.2423546801099,1.5876069331787683,14.92633134306611,-164.3083012637919
B2-000203,EXV1.DE,EXV1.DE|swing|2024-01-10T23:00:00Z,EUR,2024-01-12T08:00:00Z,2024-01-16T16:30:00Z,stop,2,724.4860142407617,16.652635679244995,16.089608266557963,16.105713980538503,1.0,1.0,396.2371215976525,-407.9054861259157,23.721297813593495,90.33181419959514,-341.294969739914,-0.861340220633018,396.2371215976525,-407.9054861259157,23.721297813593495,90.33181419959514,-341.294969739914,-0.861340220633018,23.720913629021716,0.0
B2-000204,COIN,COIN|swing|2024-01-11T05:00:00Z,USD,2024-01-12T14:30:00Z,2024-02-05T21:00:00Z,stop,15,31.110641481801096,137.32719244384765,115.9096897038051,116.02571541922433,0.910166560480568,0.9305788200260562,662.7026147458794,-666.3122491809564,7.878361850464742,0.0,-674.1906110314212,-1.0173350701052342,603.169759484736,-532.8480138849326,7.244228621816986,0.0,-540.0922425067496,-0.8954232768037459,7.243703017506016,73.60711415816965
B2-000205,6501.T,6501.T|swing|2024-01-11T15:00:00Z,JPY,2024-01-15T00:00:00Z,2024-02-13T00:00:00Z,objetivo,20,835.2038176523046,2223.2209999999995,2433.564,2107.4285714285716,0.006282590940503864,0.00623014142421033,96710.27839808844,175679.27661643896,3889.3646099859866,0.0,171789.91200645297,1.7763356165651214,607.591118917437,997.1162389225678,24.328682070232162,0.0,972.7875568523357,1.6010562474737615,24.329703516173012,-106.60479278214314
B2-000206,ADYEN.AS,ADYEN.AS|swing|2024-01-11T23:00:00Z,EUR,2024-01-15T08:00:00Z,2024-01-19T16:30:00Z,stop,4,8.146120063188489,1207.8065755615232,1131.952555402483,1133.0856410435267,1.0,1.0,608.6857038172446,-617.915955491061,19.059958799774357,0.0,-636.9759142908354,-1.0464775339656816,608.6857038172446,-617.915955491061,19.059958799774357,0.0,-636.9759142908354,-1.0464775339656816,19.059359943178023,0.0
B2-000207,EUNL.DE,EUNL.DE|swing|2024-01-14T23:00:00Z,EUR,2024-01-16T08:00:00Z,2024-01-30T08:00:00Z,objetivo,10,146.53088419365957,82.48440242767333,85.5463717803955,81.65143367222377,1.0,1.0,122.05564824171569,448.67307662826744,24.621697916453492,0.0,424.0513787118139,3.4742462542334307,122.05564824171569,448.67307662826744,24.621697916453492,0.0,424.0513787118139,3.4742462542334307,24.62217121170064,0.0
B2-000208,7011.T,7011.T|swing|2024-01-15T15:00:00Z,JPY,2024-01-17T00:00:00Z,2024-02-06T06:00:00Z,objetivo,14,1747.7819584715962,952.7517877807616,1051.0265194244384,897.6856689453125,0.006264094211976949,0.006260956674179815,96243.56902365081,171762.80294045614,3502.1675741100044,0.0,168260.63536634613,1.7482792572353372,602.878783661055,1070.1748320212314,21.93214408264481,0.0,1048.2426879385866,1.7387287732585397,21.93323619071161,-5.763547711016364
B2-000209,EQQQ.DE,EQQQ.DE|swing|2024-01-15T23:00:00Z,EUR,2024-01-17T08:00:00Z,2024-01-25T16:30:00Z,objetivo,6,32.013575048684146,376.2258561096191,395.40555917848855,372.1071341378348,1.0,1.0,131.85501494838047,614.01086360673,24.702680223248198,0.0,589.3081833834818,4.469364958277759,131.85501494838047,614.01086360673,24.702680223248198,0.0,589.3081833834818,4.469364958277759,24.703318937429863,0.0
B2-000210,EUNN.DE,EUNN.DE|swing|2024-01-17T23:00:00Z,EUR,2024-01-19T08:00:00Z,2024-02-29T16:30:00Z,objetivo,29,256.7177433685996,47.40836106109619,50.125213254077096,46.543428148542134,1.0,1.0,222.04362547610685,697.46416404809,25.038599100864893,0.0,672.4255649472251,3.0283488819163686,222.04362547610685,697.46416404809,25.038599100864893,0.0,672.4255649472251,3.0283488819163686,25.039321604349706,0.0
B2-000211,AMD,AMD|swing|2024-01-18T05:00:00Z,USD,2024-01-19T14:30:00Z,2024-03-01T14:30:00Z,objetivo,29,41.09965820805987,165.96580305480956,197.71209365844726,149.86570739746094,0.9195402298850576,0.9237021984112322,661.7084286340972,1304.7616931832524,14.947037252740955,0.0,1289.8146559305114,1.9492190217267673,608.467520583078,1233.6006051482727,13.778221809339266,0.0,1219.8223833389334,2.0047452691805314,13.779469189413295,33.81973785332766
B2-000212,NVDA,NVDA|swing|2024-01-19T05:00:00Z,USD,2024-01-22T14:30:00Z,2024-02-05T14:30:00Z,objetivo,10,164.74691829677232,60.10904878616332,68.15677347564697,56.052001408168245,0.918526683200147,0.9188642837452908,668.3860529086892,1325.8378418932805,21.13139894043478,0.0,1304.7064429528457,1.9520252364258814,613.9304242754562,1221.6082230655456,19.413544567826733,0.0,1202.194678497719,1.9581936828045559,19.414785590834086,3.7907876900694384
B2-000213,6857.T,6857.T|swing|2024-01-23T15:00:00Z,JPY,2024-01-25T00:00:00Z,2024-02-15T06:00:00Z,objetivo,14,200.9651196102516,6016.009999999999,7081.759366071429,5520.857142857143,0.00623208276205908,0.006200396825396825,99508.45316107193,214178.44882709475,2632.1947872800342,0.0,211546.25403981472,2.125912395576986,620.1449156242797,1289.6828179016766,16.35896075915145,0.0,1273.3238571425252,2.0532682362810495,16.360266802234978,-45.09500103821378
B2-000214,IS3N.DE,IS3N.DE|swing|2024-01-24T23:00:00Z,EUR,2024-01-26T08:00:00Z,2024-03-12T08:00:00Z,objetivo,32,434.6799992928864,28.396368030548093,29.946023832321167,27.862713950020925,1.0,1.0,231.96875534619508,673.6043828189372,25.360270853697312,0.0,648.2441119652399,2.7945320092690356,231.96875534619508,673.6043828189372,25.360270853697312,0.0,648.2441119652399,2.7945320092690356,25.360969819048705,0.0
B2-000215,DTE.DE,DTE.DE|swing|2024-01-28T23:00:00Z,EUR,2024-01-30T08:00:00Z,2024-02-06T16:30:00Z,stop,5,541.3960186427983,23.068045076370236,22.4425351524353,22.46500015258789,1.0,1.0,326.48612079851154,-338.6485824399333,24.639246941998966,0.0,-363.2878293819323,-1.1127205912870417,326.48612079851154,-338.6485824399333,24.639246941998966,0.0,-363.2878293819323,-1.1127205912870417,24.63893293234857,0.0
B2-000216,SAF.PA,SAF.PA|swing|2024-01-31T23:00:00Z,EUR,2024-02-02T08:00:00Z,2024-02-16T16:30:00Z,objetivo,10,72.0124278353981,174.6544757232666,186.79444454056875,167.57428850446428,1.0,1.0,509.8614711551092,874.2286283799551,26.028814286682007,0.0,848.1998140932731,1.663588762986241,509.8614711551092,874.2286283799551,26.028814286682007,0.0,848.1998140932731,1.663588762986241,26.02971454502386,0.0
B2-000217,BBVA.MC,BBVA.MC|swing|2024-02-01T23:00:00Z,EUR,2024-02-05T08:00:00Z,2024-03-08T16:30:00Z,objetivo,24,1406.0657334356556,8.998989770889281,9.890884524617876,8.576857158115931,1.0,1.0,593.5462017862696,1254.06265104881,26.560404955819607,0.0,1227.5022460929904,2.0680820505612507,593.5462017862696,1254.06265104881,26.560404955819607,0.0,1227.5022460929904,2.0680820505612507,26.561685580154133,0.0
B2-000218,APP,APP|swing|2024-02-02T05:00:00Z,USD,2024-02-05T14:30:00Z,2024-02-15T21:00:00Z,objetivo,8,158.1826425914334,45.64559847259521,56.95872683184487,41.28328595842634,0.9188642837452908,0.9308386856557759,690.0421213009116,1789.5405398421983,16.23022331796741,0.0,1773.310316524231,2.569858073563789,634.0550595432433,1752.2328337579845,15.021260471472965,0.0,1737.2115732865116,2.7398434049843456,15.023027727334139,107.88794738272236
B2-000219,QDV5.DE,QDV5.DE|swing|2024-02-04T23:00:00Z,EUR,2024-02-06T08:00:00Z,2024-04-04T15:30:00Z,tiempo,40,1530.5005920593292,8.295286702156066,8.500490824699401,8.012999602726527,1.0,1.0,432.04057280761947,314.06503104559033,25.70594744894907,0.0,288.35908359664126,0.6674351941595142,432.04057280761947,314.06503104559033,25.70594744894907,0.0,288.35908359664126,0.6674351941595142,25.706287220266294,0.0
B2-000220,7011.T,7011.T|swing|2024-02-05T15:00:00Z,JPY,2024-02-07T00:00:00Z,2024-02-07T06:00:00Z,stop,0,1712.7579657763874,1081.08,1020.6640268293108,1021.6857125418527,0.0062672348959639,0.0062672348959639,101728.03896555425,-103477.93930823024,3599.7788239748434,0.0,-107077.71813220509,-1.0525880496768671,637.553515702897,-648.5205521949755,22.56065946336703,0.0,-671.0812116583426,-1.0525880496768676,22.56003350284756,0.0
B2-000221,9988.HK,9988.HK|swing|2024-02-05T16:00:00Z,HKD,2024-02-07T01:30:00Z,2024-02-08T08:00:00Z,stop,1,790.580248550216,76.92684847259521,70.07985370200021,70.15000370570591,0.1189881249851265,0.11866196765274761,5357.639620193571,-5413.098827559027,116.22059514373922,0.0,-5529.319422702766,-1.0320439250639617,637.4954927528584,-662.1648185534694,13.810800362105994,0.0,-675.9756189155754,-1.060361408982753,13.81015200743905,-18.070338703034057
B2-000222,EXSA.DE,EXSA.DE|swing|2024-02-05T23:00:00Z,EUR,2024-02-07T08:00:00Z,2024-03-07T16:30:00Z,objetivo,21,262.7184585941787,48.208159847259516,49.82249123781068,47.429285866873606,1.0,1.0,204.62457156609887,424.1146545857991,25.754461548053392,0.0,398.3601930377457,1.9467857158545858,204.62457156609887,424.1146545857991,25.754461548053392,0.0,398.3601930377457,1.9467857158545858,25.754911417617198,0.0
B2-000223,ADBE,ADBE|swing|2024-02-06T05:00:00Z,USD,2024-02-07T14:30:00Z,2024-02-16T21:00:00Z,stop,7,17.016742035766335,613.8632499999999,573.3746336582728,573.9485822405134,0.9308386856557759,0.9286775631500743,679.2176047065016,-688.9843396722822,20.202920801301993,0.0,-709.1872604735842,-1.0441237911965384,632.2420224392642,-662.4192808089884,18.78457424146065,0.0,-681.2038550504491,-1.0774415981118817,18.78393060610863,-21.086003631029033
B2-000224,PLTR,PLTR|swing|2024-02-07T05:00:00Z,USD,2024-02-08T14:30:00Z,2024-04-08T20:00:00Z,tiempo,40,237.54440773511166,23.983959083557128,22.977,21.10757146562849,0.9279881217520417,0.9239582370876837,683.2697931174672,-239.1974991170687,11.15531321217639,0.0,-250.3528123292451,-0.36640403959172924,634.0662519649845,-243.9677815866421,10.330002811670095,0.0,-254.2977843983122,-0.40105869632745483,10.329769173657395,-21.99534365320786
B2-000225,SXR8.DE,SXR8.DE|swing|2024-02-11T23:00:00Z,EUR,2024-02-13T08:00:00Z,2024-02-20T16:30:00Z,stop,5,26.060702394356845,489.7692787780761,483.78002665492465,484.2642909458705,1.0,1.0,143.4638495796654,-156.08411714622005,25.371378715122248,0.0,-181.45549586134229,-1.2648168607840133,143.4638495796654,-156.08411714622005,25.371378715122248,0.0,-181.45549586134229,-1.2648168607840133,25.371248002251658,0.0
B2-000226,CRWD,CRWD|swing|2024-02-14T05:00:00Z,USD,2024-02-15T14:30:00Z,2024-02-21T14:30:00Z,stop,3,103.83503252938742,84.459375,70.6867421951294,77.8422132219587,0.9334453467749464,0.925754489909276,687.0932084751367,-1430.0817753090466,16.10960212576441,0.0,-1446.191377434811,-2.104796495724849,641.3639582517845,-1391.352223605908,14.980984097754552,0.0,-1406.3332077036625,-2.1927225401580315,14.979607725137816,-56.44904493602395
B2-000227,7011.T,7011.T|swing|2024-02-14T15:00:00Z,JPY,2024-02-16T00:00:00Z,2024-03-06T06:00:00Z,objetivo,12,1262.3812479767023,1104.6035,1256.907034624917,1021.7142769949777,0.006201165819174005,0.006134592969756457,104637.80078089917,192265.12611106577,2981.1266158099324,0.0,189283.99949525582,1.8089447416005724,648.876353596051,1086.6370629702217,18.38082960730153,0.0,1068.25623336292,1.6463170948404575,18.381934626299234,-105.63086528889916
B2-000228,8035.T,8035.T|swing|2024-02-15T15:00:00Z,JPY,2024-02-19T00:00:00Z,2024-04-17T06:00:00Z,tiempo,40,45.609734704074896,35385.35,37252.71,33087.142857142855,0.006177415369409439,0.0060775495320286865,104820.61808072426,85169.79419700132,3313.0026460186746,11174.38500249835,93031.176553481,0.8875274564955913,647.520497162863,356.4485275288277,20.296112796256732,68.33650319531769,404.4889179278886,0.6246735349694303,20.296489541273637,-169.68066815316698
B2-000229,7203.T,7203.T|swing|2024-02-15T15:00:00Z,JPY,2024-02-19T00:00:00Z,2024-04-17T06:00:00Z,tiempo,40,518.5846093252451,3417.4139999999998,3593.403,3215.285714285714,0.006177415369409439,0.0060775495320286865,104820.61808072428,91265.18681054057,3635.7017949957867,23336.30741963603,110965.79243518082,1.058625626016859,647.5204971628631,377.6846284312058,22.273141807732205,142.7122518324121,498.1237384558857,0.7692787188026244,22.273541765902287,-186.0983392642525
B2-000230,BSP.DE,BSP.DE|swing|2024-02-19T23:00:00Z,EUR,2024-02-21T08:00:00Z,2024-02-21T16:30:00Z,stop,0,870.0012056104824,14.774760229110717,14.409860513959611,14.42428479875837,1.0,1.0,304.9140469433945,-317.4631921083836,25.39065523175588,0.0,-342.8538473401395,-1.12442785361013,304.9140469433945,-317.4631921083836,25.39065523175588,0.0,-342.8538473401395,-1.12442785361013,25.390363158926395,0.0
B2-000231,AMAT,AMAT|swing|2024-02-20T05:00:00Z,USD,2024-02-21T14:30:00Z,2024-04-18T20:00:00Z,tiempo,40,52.59614625715111,188.10791816711424,194.12568731689453,175.0114288330078,0.925754489909276,0.9364172675344132,688.824868471881,316.5114663436162,20.104014618435123,0.0,296.40745172518103,0.4303088713721155,637.6827147490103,401.88167539052665,18.720251562533193,0.0,383.1614238279935,0.6008653127422537,18.720672164879815,108.86976431515497
B2-000232,EXV1.DE,EXV1.DE|swing|2024-02-20T23:00:00Z,EUR,2024-02-22T08:00:00Z,2024-03-07T16:30:00Z,objetivo,10,761.2641744513304,16.87285690116882,17.569090737615316,16.398285457066127,1.0,1.0,361.2742386130125,530.017876727524,26.21942083573495,0.0,503.7984558917891,1.394504235413931,361.2742386130125,530.017876727524,26.21942083573495,0.0,503.7984558917891,1.394504235413931,26.219977073585042,0.0
B2-000233,OR.PA,OR.PA|swing|2024-02-28T23:00:00Z,EUR,2024-03-01T08:00:00Z,2024-04-03T15:30:00Z,stop,21,29.775713246349685,443.24278778076166,427.51492386736186,427.94286673409596,1.0,1.0,455.5660617773083,-468.30836586300364,25.92743192908217,0.0,-494.2357977920858,-1.0848828287689267,455.5660617773083,-468.30836586300364,25.92743192908217,0.0,-494.2357977920858,-1.0848828287689267,25.926989547704203,0.0
B2-000234,NVDA,NVDA|swing|2024-02-29T05:00:00Z,USD,2024-03-01T14:30:00Z,2024-03-08T21:00:00Z,objetivo,5,91.2291360195704,80.07999999999998,95.76976213788986,72.23871612548828,0.9237021984112322,0.9147457006952068,715.3535531558922,1431.3634441922609,16.042621869086652,0.3649165440782816,1415.6857388672527,1.9790014778311191,660.7736496913839,1243.900705351741,14.74035223398133,0.336359612939701,1229.4967127306993,1.86069270968196,14.741610876296724,-78.2528547741226
B2-000235,CRM,CRM|swing|2024-03-05T05:00:00Z,USD,2024-03-06T14:30:00Z,2024-04-15T20:00:00Z,stop,27,31.18020238403539,304.95464389038085,281.30840198625833,281.5899919782366,0.9217439395335976,0.9384384384384383,728.5145752531977,-737.2946081923985,18.279800420714636,12.472080953614157,-743.102327659499,-1.0200239678131784,671.5038946015279,-533.1651647144838,16.99572692571508,11.401481811513078,-538.7594098286858,-0.8023176249013223,16.995210755761292,146.43167203765756
B2-000236,7011.T,7011.T|swing|2024-03-06T15:00:00Z,JPY,2024-03-08T00:00:00Z,2024-03-28T06:00:00Z,objetivo,13,1397.8196366907234,1245.7444999999998,1439.8622678571428,1167.2857142857142,0.006207709975789931,0.00611545988258317,109671.23134233797,271341.62774128583,3753.9938765402194,16773.835640288682,284361.46950503427,2.5928538051825276,680.8071968609968,1498.741341647431,23.118036448723807,102.57971893522921,1578.2030241339364,2.318135048234757,23.119558309621617,-185.66878772922698
B2-000237,BSP.DE,BSP.DE|swing|2024-03-06T23:00:00Z,EUR,2024-03-08T08:00:00Z,2024-05-08T15:30:00Z,tiempo,40,901.2753723923275,15.115100381851194,16.208775381088255,14.505714552743095,1.0,1.0,549.2244400600093,985.7023422135608,28.231437793014255,194.73090887214488,1152.2018132926914,2.0978706140003522,549.2244400600093,985.7023422135608,28.231437793014255,194.73090887214488,1152.2018132926914,2.0978706140003522,28.232451727807675,0.0
B2-000238,VVSM.DE,VVSM.DE|swing|2024-03-07T23:00:00Z,EUR,2024-03-11T08:00:00Z,2024-03-15T16:30:00Z,stop,4,359.29353475214657,37.57253484725952,36.56839617592948,36.60500117710659,1.0,1.0,347.6285923409643,-360.7805326034939,26.638357177136662,0.0,-387.41888978063054,-1.1144620963762346,347.6285923409643,-360.7805326034939,26.638357177136662,0.0,-387.41888978063054,-1.1144620963762346,26.638023034626563,0.0
B2-000239,APP,APP|swing|2024-03-08T05:00:00Z,USD,2024-03-11T13:30:00Z,2024-04-08T13:30:00Z,objetivo,19,155.5600704596489,62.8627992362976,77.1028203048706,58.11985560825893,0.9147457006952068,0.9224241306152569,737.8126449638378,2215.178680774102,21.773061637752537,0.0,2193.4056191363493,2.9728490479366263,674.9109448992297,2118.421185605354,20.008910535201437,0.0,2098.4122750701526,3.109169129541179,20.01104896743469,92.09601109556328
B2-000240,DBK.DE,DBK.DE|swing|2024-03-10T23:00:00Z,EUR,2024-03-12T08:00:00Z,2024-03-22T16:30:00Z,objetivo,8,1016.0873790258277,13.17315984725952,14.120596484873976,12.548572131565638,1.0,1.0,634.6356950111244,962.6784099067164,27.732841335287112,0.0,934.9455685714292,1.4732004139083932,634.6356950111244,962.6784099067164,27.732841335287112,0.0,934.9455685714292,1.4732004139083932,27.733831747527347,0.0
B2-000241,1810.HK,1810.HK|swing|2024-03-14T16:00:00Z,HKD,2024-03-18T01:30:00Z,2024-04-26T08:00:00Z,objetivo,26,4798.885964421632,14.514499999999998,17.468406939446925,13.331428527832031,0.1173722696275778,0.11916110581506197,5677.4250826944935,14175.462551919518,153.48232321311508,0.0,14021.980228706403,2.4697781167464745,666.3722675963912,1813.7623698845096,18.164524780381765,0.0,1795.5978451041278,2.694586693382154,18.16635670910771,149.95615714498103
B2-000242,6501.T,6501.T|swing|2024-03-21T15:00:00Z,JPY,2024-03-25T00:00:00Z,2024-04-19T06:00:00Z,stop,19,846.6974435261367,2705.7029999999995,2615.382,2618.0,0.0061072431904238425,0.006067224851352991,74257.90588957236,-76474.55979672373,4505.349066285273,16933.948870522734,-64045.95999248626,-0.8624800177873033,453.5110900792253,-555.666835410656,27.426644304701696,103.55888497139637,-479.53459474396124,-1.05738228950518,27.42611606397955,-88.61810085145426
B2-000243,COIN,COIN|swing|2024-03-25T04:00:00Z,USD,2024-03-26T13:30:00Z,2024-04-02T13:30:00Z,stop,4,18.356372001042057,280.40011511230466,237.86190609741212,238.855708530971,0.9229349330872174,0.9249838127832763,762.6045817695009,-780.8471889354483,9.51341045533751,0.0,-790.3605993907859,-1.0363963425932763,703.8344086474398,-711.7251622859387,8.7892048278137,0.0,-720.5143671137524,-1.0236986971102573,8.78850189115273,8.945985785540643
B2-000244,SAP.DE,SAP.DE|swing|2024-03-26T23:00:00Z,EUR,2024-03-28T08:00:00Z,2024-04-05T07:00:00Z,stop,4,77.15471246891698,182.00182733154296,175.22459390258788,176.04571097237724,1.0,1.0,459.54244512284373,-522.8954965457608,27.561701816619586,0.0,-550.4571983623804,-1.1978375538634598,459.54244512284373,-522.8954965457608,27.561701816619586,0.0,-550.4571983623804,-1.1978375538634598,27.561206482329,0.0
B2-000245,ENR.DE,ENR.DE|swing|2024-04-02T22:00:00Z,EUR,2024-04-04T07:00:00Z,2024-05-06T15:30:00Z,objetivo,21,547.9854156663285,17.787770458221434,20.05621795759882,16.513570513044083,1.0,1.0,698.2429866000236,1243.0761458635614,20.737953722514987,0.0,1222.3381921410464,1.7505914353583643,698.2429866000236,1243.0761458635614,20.737953722514987,0.0,1222.3381921410464,1.7505914353583643,20.739217537877764,0.0
B2-000246,MU,MU|swing|2024-04-03T04:00:00Z,USD,2024-04-04T13:30:00Z,2024-04-17T20:00:00Z,stop,9,54.57717480326618,130.31017266845703,116.3991932144165,116.51570892333984,0.9273856997125104,0.9400263207369806,752.8628591345785,-759.2219573478143,13.464700187392541,0.0,-772.6866575352068,-1.0263312210983764,698.1942494060822,-623.789018531779,12.567272972324528,0.0,-636.3562915041035,-0.9114315851862415,12.566661749967832,80.30256762032569
B2-000247,R6C0.DE,R6C0.DE|swing|2024-04-03T22:00:00Z,EUR,2024-04-05T07:00:00Z,2024-04-12T15:30:00Z,objetivo,5,421.5269530665803,32.60256969451904,34.22904135463919,31.734286989484513,1.0,1.0,366.0045630536126,685.6016431395906,28.17132537408247,0.0,657.4303177655081,1.796235304501401,366.0045630536126,685.6016431395906,28.17132537408247,0.0,657.4303177655081,1.796235304501401,28.17203914776345,0.0
B2-000248,BBVA.MC,BBVA.MC|swing|2024-04-03T22:00:00Z,EUR,2024-04-05T07:00:00Z,2024-04-08T07:00:00Z,stop,1,1232.9710328274834,11.146135229110717,10.609379885673523,10.843571390424456,1.0,1.0,373.05244868124737,-661.8037901734284,26.82391994076945,480.85870280271854,-207.7690073114793,-0.5569431538271618,373.05244868124737,-661.8037901734284,26.82391994076945,480.85870280271854,-207.7690073114793,-0.5569431538271618,26.823284960263905,0.0
B2-000249,ENI.MI,ENI.MI|swing|2024-04-04T22:00:00Z,EUR,2024-04-08T07:00:00Z,2024-04-19T07:00:00Z,stop,9,888.6217733965118,15.525510229110717,14.90508007621765,14.99085739680699,1.0,1.0,475.10414799320625,-551.3277427325053,27.041285122623595,0.0,-578.3690278551288,-1.2173520906902273,475.10414799320625,-551.3277427325053,27.041285122623595,0.0,-578.3690278551288,-1.2173520906902273,27.040760835641358,0.0
B2-000250,IS3N.DE,IS3N.DE|swing|2024-04-07T22:00:00Z,EUR,2024-04-09T07:00:00Z,2024-04-16T07:00:00Z,stop,5,459.4051811487957,30.530499999999996,29.843126192092896,29.953999383108957,1.0,1.0,264.8473703352202,-315.7830887384989,27.735956677388113,0.0,-343.51904541588704,-1.2970453321137048,264.8473703352202,-315.7830887384989,27.735956677388113,0.0,-343.51904541588704,-1.2970453321137048,27.7356686299661,0.0
B2-000251,SXR8.DE,SXR8.DE|swing|2024-04-11T22:00:00Z,EUR,2024-04-15T07:00:00Z,2024-04-16T07:00:00Z,stop,1,27.849886748643573,509.3288273315429,500.5589375610352,501.33716256277904,1.0,1.0,222.56695874319897,-244.2404369067285,28.12525988109909,0.0,-272.3656967878276,-1.2237472189305831,222.56695874319897,-244.2404369067285,28.12525988109909,0.0,-272.3656967878276,-1.2237472189305831,28.125043765704085,0.0
B2-000252,EUNL.DE,EUNL.DE|swing|2024-04-14T22:00:00Z,EUR,2024-04-16T07:00:00Z,2024-04-18T15:30:00Z,stop,2,155.64568137665086,89.45136151123046,88.51853244781495,88.60713958740234,1.0,1.0,131.39949656733407,-145.19081518325027,27.70024540978592,0.0,-172.89106059303617,-1.3157665372366192,131.39949656733407,-145.19081518325027,27.70024540978592,0.0,-172.89106059303617,-1.3157665372366192,27.70012791909611,0.0
B2-000253,EQQQ.DE,EQQQ.DE|swing|2024-04-14T22:00:00Z,EUR,2024-04-16T07:00:00Z,2024-04-16T15:30:00Z,stop,0,34.14042589974971,407.8073938903808,405.87941986083985,406.28570556640625,1.0,1.0,51.95108746716774,-65.82185449218508,27.779614370476992,0.0,-93.60146886266207,-1.8017229941878832,51.95108746716774,-65.82185449218508,27.779614370476992,0.0,-93.60146886266207,-1.8017229941878832,27.77957632819701,0.0
B2-000254,EUNH.DE,EUNH.DE|swing|2024-04-15T22:00:00Z,EUR,2024-04-17T07:00:00Z,2024-04-25T15:30:00Z,stop,6,125.65915594250514,109.64453866577148,108.64187321540288,108.75062383924212,1.0,1.0,112.32858258616952,-125.99409418602957,27.429686270706398,0.0,-153.42378045673598,-1.3658480942643563,112.32858258616952,-125.99409418602957,27.429686270706398,0.0,-153.42378045673598,-1.3658480942643563,27.429587706199094,0.0
B2-000255,SU.PA,SU.PA|swing|2024-04-17T22:00:00Z,EUR,2024-04-19T07:00:00Z,2024-04-22T15:30:00Z,stop,1,65.77306660343797,206.55635610961912,205.98666515677317,206.19285801478796,1.0,1.0,23.90838440155256,-37.470320984912426,27.134219614537948,0.0,-64.60454059945037,-2.702170900148949,23.90838440155256,-37.470320984912426,27.134219614537948,0.0,-64.60454059945037,-2.702170900148949,27.13420927842465,0.0
B2-000256,OR.PA,OR.PA|swing|2024-04-18T22:00:00Z,EUR,2024-04-22T07:00:00Z,2024-06-18T15:30:00Z,tiempo,40,30.323715643391676,446.94649999999996,441.10843780517575,426.28573172433033,1.0,1.0,626.5112621654134,-177.03173790428426,26.92912540971403,200.13652324638505,-3.8243400676132353,-0.006104184072278531,626.5112621654134,-177.03173790428426,26.92912540971403,200.13652324638505,-3.8243400676132353,-0.006104184072278531,26.928975306950978,0.0
B2-000257,LMT,LMT|swing|2024-04-19T04:00:00Z,USD,2024-04-22T13:30:00Z,2024-06-18T20:00:00Z,tiempo,40,31.002842249700706,465.6952409973144,459.54,450.8928484235491,0.9387027128508402,0.9332711152589829,458.9162418825869,-190.8299656486277,28.68492222050355,97.65895308655722,-121.85593478257404,-0.26552979315504527,430.7859212264967,-256.51682788441514,26.84923008486522,90.07466619309832,-193.29139177618202,-0.4486947744853392,26.8490004170352,-77.38422143681481
B2-000258,0700.HK,0700.HK|swing|2024-04-21T16:00:00Z,HKD,2024-04-23T01:30:00Z,2024-05-02T08:00:00Z,objetivo,6,251.49594261029551,326.32599999999996,360.22335765429904,303.91427176339283,0.1200249651927601,0.11930753904339214,5636.458718391287,8525.047915266261,172.66437785176083,0.0,8352.3835374145,1.4818495006734247,676.5157614853434,958.2235632793295,20.65904092567006,0.0,937.5645223536594,1.3858724005116494,20.660019809252404,-64.99501601711465
B2-000259,DBK.DE,DBK.DE|swing|2024-04-21T22:00:00Z,EUR,2024-04-23T07:00:00Z,2024-04-26T15:30:00Z,objetivo,3,889.1983252674609,15.2151998090744,16.783288725512367,14.487142835344587,1.0,1.0,647.387041739846,1394.3420383671075,28.4530024160446,0.0,1365.8890359510629,2.1098492059406224,647.387041739846,1394.3420383671075,28.4530024160446,0.0,1365.8890359510629,2.1098492059406224,28.454425212508376,0.0
B2-000260,IBE.MC,IBE.MC|swing|2024-04-21T22:00:00Z,EUR,2024-04-23T07:00:00Z,2024-05-15T15:30:00Z,objetivo,15,1183.5213909079482,11.431420076370237,12.379527837881021,11.063571112496513,1.0,1.0,435.35711736787783,1122.105816633864,28.18076619431136,5.917606954539742,1099.8426573940922,2.52629993519716,435.35711736787783,1122.105816633864,28.18076619431136,5.917606954539742,1099.8426573940922,2.52629993519716,28.181916482041586,0.0
B2-000261,GS,GS|swing|2024-04-22T04:00:00Z,USD,2024-04-23T13:30:00Z,2024-05-15T20:00:00Z,objetivo,16,34.494357930111974,418.12770144653314,464.541622769492,397.79857090541293,0.9405568096313018,0.9231905465288036,701.2403052933713,1601.018415054199,30.447111603437627,0.0,1570.5713034507614,2.2397048366945995,659.5563443316134,1227.5706437022411,28.35896002329538,0.0,1199.2116836789457,1.818209610119379,28.36021595415275,-278.27812892210017
B2-000262,QDV5.DE,QDV5.DE|swing|2024-04-24T22:00:00Z,EUR,2024-04-26T07:00:00Z,2024-05-13T15:30:00Z,stop,10,1585.9526420448826,8.636628259658812,8.422996935980661,8.431428364345006,1.0,1.0,325.4373161202634,-338.80916221090814,27.055757651319873,0.0,-365.864919862228,-1.1242254705880896,325.4373161202634,-338.80916221090814,27.055757651319873,0.0,-365.864919862228,-1.1242254705880896,27.05544589760041,0.0
B2-000263,AZN,AZN|swing|2024-04-25T04:00:00Z,USD,2024-04-26T13:30:00Z,2024-06-25T20:00:00Z,tiempo,40,98.32232252434638,150.14999999999998,159.3405,145.1114240373884,0.9328358208955223,0.9333582228859437,495.4044908593156,903.6313051600068,30.42982475922122,0.0,873.2014804007856,1.7626030779134707,462.13105490607796,851.1239802432355,28.394214888882424,0.0,822.729765354353,1.7802953439724192,28.395094407955764,8.184329907407388
B2-000264,1810.HK,1810.HK|swing|2024-04-25T16:00:00Z,HKD,2024-04-29T01:30:00Z,2024-05-14T08:00:00Z,objetivo,10,4600.656763315221,17.5175,20.049039879568983,16.24857153211321,0.11922788024751708,0.11858316830509077,5837.904337946571,11646.746068541252,172.83075577129,0.0,11473.915312769961,1.9654168085950179,696.0409593011543,1329.1494212607226,20.54677722791468,0.0,1308.602644032808,1.88006557163918,20.54812692546222,-59.46742427255537
B2-000265,SU.PA,SU.PA|swing|2024-04-25T22:00:00Z,EUR,2024-04-29T07:00:00Z,2024-06-25T15:30:00Z,tiempo,40,54.87912914788249,218.218,226.22354695129394,205.53571210588728,1.0,1.0,695.9929152316378,439.33744503949765,24.390565053824737,192.0769520175887,607.0238320032616,0.8721695562105459,695.9929152316378,439.33744503949765,24.390565053824737,192.0769520175887,607.0238320032616,0.8721695562105459,24.39102878229825,0.0
B2-000266,AMZN,AMZN|swing|2024-05-01T04:00:00Z,USD,2024-05-02T13:30:00Z,2024-07-01T20:00:00Z,tiempo,40,56.422004454516504,181.03085610961912,197.00279695129396,167.74285452706474,0.9330098899048329,0.9306654257794322,749.7356844825059,901.1689173162517,21.329416456959986,0.0,879.8395008592918,1.1735329117575457,699.5108084367474,814.7401073825706,19.874497095294245,0.0,794.8656102872764,1.1363164095543083,19.875331710731665,-26.05940494832385
B2-000267,QCOM,QCOM|swing|2024-05-06T04:00:00Z,USD,2024-05-07T13:30:00Z,2024-05-23T20:00:00Z,objetivo,12,67.63072129392171,182.63244694519042,207.27458844361985,171.33428737095423,0.9279881217520417,0.9213193292795283,764.1026812994212,1666.5658037656626,26.369694040919896,0.0,1640.1961097247427,2.1465650492620316,709.0782120447487,1453.0692707078435,24.377278844904428,0.0,1428.6919918629392,2.0148581180389966,24.378756292931804,-93.48399930483433
B2-000268,EQQQ.DE,EQQQ.DE|swing|2024-05-07T22:00:00Z,EUR,2024-05-09T07:00:00Z,2024-06-12T15:30:00Z,objetivo,24,34.92072557349882,411.6112122192382,439.06985898317606,400.15001133510043,1.0,1.0,400.23345081771754,958.8758682631151,29.70640023802952,0.0,929.1694680250855,2.321568739761002,400.23345081771754,958.8758682631151,29.70640023802952,0.0,929.1694680250855,2.321568739761002,29.707388821284503,0.0
B2-000269,IQQK.DE,IQQK.DE|swing|2024-05-12T22:00:00Z,EUR,2024-05-14T07:00:00Z,2024-05-24T07:00:00Z,stop,8,340.8428393862187,42.45741591644287,41.35860152435303,41.52714211600168,1.0,1.0,317.0771635489845,-374.5230173583437,28.5680893705657,0.0,-403.0911067289094,-1.2712713278281764,317.0771635489845,-374.5230173583437,28.5680893705657,0.0,-403.0911067289094,-1.2712713278281764,28.567743415291275,0.0
B2-000270,CRWD,CRWD|swing|2024-05-13T04:00:00Z,USD,2024-05-14T13:30:00Z,2024-06-10T20:00:00Z,objetivo,18,141.86956462147143,79.8772981109619,92.95394993713923,74.35828072684151,0.9263547938860585,0.9297136481963556,782.9805934234917,1855.1789012863464,24.51949391356964,0.0,1830.6594073727767,2.3380648546708307,725.3178262376024,1762.8482104563063,22.7580450722287,0.0,1740.0901653840776,2.3990726581343558,22.75983068026889,44.29434173342797
B2-000271,9988.HK,9988.HK|swing|2024-05-13T16:00:00Z,HKD,2024-05-16T01:30:00Z,2024-05-23T08:00:00Z,stop,5,1567.6892998456624,79.37930305480957,77.50099982561385,77.57857840401786,0.11823405613752984,0.11828999976342001,2822.9767670144765,-2944.5958742756893,245.93957218218645,0.0,-3190.535446457876,-1.1302025166264906,333.77199354613214,-341.3545038775691,29.085230193852585,0.0,-370.43973407142164,-1.1098586497198768,29.084917924265838,6.797010023880941
B2-000272,1810.HK,1810.HK|swing|2024-05-13T16:00:00Z,HKD,2024-05-16T01:30:00Z,2024-05-24T08:00:00Z,stop,6,4043.549260729222,20.22020076370239,18.662746391568866,18.681427819388254,0.11823405613752984,0.11799549257218374,6222.104201411554,-6297.643475060006,157.2251122246705,0.0,-6454.868587284676,-1.0374092715805558,735.6646174432539,-762.5988296911772,18.57135984747434,0.0,-781.1701895386516,-1.0618564098590861,18.57061581925923,-18.00289752678462
B2-000273,GS,GS|swing|2024-05-22T04:00:00Z,USD,2024-05-23T13:30:00Z,2024-05-30T20:00:00Z,stop,4,34.17059329692998,464.6942409973144,447.6733123692104,448.1214338030134,0.9233610341643583,0.9246417013407305,566.3026544248944,-581.6152296870142,31.17614060340258,93.96913156655745,-518.8222387238593,-0.9161571726177876,522.9018046397917,-517.4501377581414,28.806424131022652,86.88777768521263,-459.36878420395135,-0.8784991371762314,28.80593548681889,19.59070221140209
B2-000274,6501.T,6501.T|swing|2024-05-22T15:00:00Z,JPY,2024-05-24T00:00:00Z,2024-06-10T06:00:00Z,objetivo,11,829.2704113148048,2994.9919999999997,3386.2710535714286,2883.8571428571427,0.005885815185403178,0.005899008966493629,92160.84869426917,324476.1416940464,5291.792637143146,0.0,319184.3490569032,3.463339949437239,542.4417227443741,1946.8565124904069,31.183563372108416,0.0,1915.6729491182984,3.531573750312455,31.185541414160383,37.04991040655592
B2-000275,EXSA.DE,EXSA.DE|swing|2024-05-22T22:00:00Z,EUR,2024-05-24T07:00:00Z,2024-05-29T15:30:00Z,stop,3,281.71905607606976,52.02197122192382,51.72964622824532,51.781427655901226,1.0,1.0,67.76570636505716,-82.35352128654964,29.22880773442714,0.0,-111.58232902097677,-1.6465899199792493,67.76570636505716,-82.35352128654964,29.22880773442714,0.0,-111.58232902097677,-1.6465899199792493,29.22875460965897,0.0
B2-000276,AMD,AMD|swing|2024-05-23T04:00:00Z,USD,2024-05-24T13:30:00Z,2024-07-24T20:00:00Z,stop,40,63.590137424546974,161.57141366577147,148.92806257847377,149.07713971819197,0.9213193292795283,0.9218289085545723,794.5125973465175,-803.9924331480563,19.744704364621413,0.0,-823.7371375126777,-1.0367829789782605,731.9998132914294,-735.9078721263547,18.196003679163006,0.0,-754.1038758055178,-1.0301968144154268,18.195285966576755,4.8258971274289575
B2-000277,MUV2.DE,MUV2.DE|swing|2024-05-28T22:00:00Z,EUR,2024-05-30T07:00:00Z,2024-07-02T15:30:00Z,stop,23,31.791330999111725,457.25678778076167,441.871994947161,442.3143092564174,1.0,1.0,475.0412807145471,-489.1030413257609,28.5845007425318,0.0,-517.6875420682927,-1.0897738008991513,475.0412807145471,-489.1030413257609,28.5845007425318,0.0,-517.6875420682927,-1.0897738008991513,28.58404022352869,0.0
B2-000278,VVSM.DE,VVSM.DE|swing|2024-05-29T22:00:00Z,EUR,2024-05-31T07:00:00Z,2024-06-13T07:00:00Z,objetivo,9,367.95838904169136,39.43940152740478,43.331625,38.275001525878906,1.0,1.0,428.4507487616046,1432.1762787663947,30.456293580350966,0.0,1401.7199851860437,3.271601203259837,428.4507487616046,1432.1762787663947,30.456293580350966,0.0,1401.7199851860437,3.271601203259837,30.457756214384275,0.0
B2-000279,QDV5.DE,QDV5.DE|swing|2024-06-06T22:00:00Z,EUR,2024-06-10T07:00:00Z,2024-08-05T15:30:00Z,tiempo,40,1649.5641120506205,9.033024168014526,8.93905195426941,8.580857413155693,1.0,1.0,745.8780514775219,-155.0131913238945,29.64609179036146,0.0,-184.65928311425594,-0.24757302182100865,745.8780514775219,-155.0131913238945,29.64609179036146,0.0,-184.65928311425594,-0.24757302182100865,29.64596642313569,0.0
B2-000280,6501.T,6501.T|swing|2024-06-09T15:00:00Z,JPY,2024-06-11T00:00:00Z,2024-07-11T00:00:00Z,objetivo,22,616.4425645875748,3451.4479999999994,3877.119,3245.285714285714,0.005926277112717791,0.005721151095600435,127087.2081269503,262401.722910558,4517.640636231869,0.0,257884.08227432612,2.0291899245809213,753.154012841948,1064.8097994309876,26.2825347805932,0.0,1038.5272646503945,1.3789042439429093,26.283625874015854,-490.2555253915662
B2-000281,7011.T,7011.T|swing|2024-06-11T15:00:00Z,JPY,2024-06-13T00:00:00Z,2024-06-20T06:00:00Z,objetivo,5,1217.4140787213491,1461.4599999999998,1637.4323571428572,1356.2142857142858,0.00590493061706525,0.005889975262103899,128127.61429651288,214231.22505149595,3772.6351840277016,0.0,210458.58986746825,1.6425701127972698,756.5846725510061,1235.2080187723427,22.247336504017134,0.0,1212.9606822683256,1.6032054656599621,22.24859396062879,-29.812501165632646
B2-000282,RRU.DE,RRU.DE|swing|2024-06-11T22:00:00Z,EUR,2024-06-13T07:00:00Z,2024-07-18T15:30:00Z,stop,25,2316.72126552255,5.549544148921966,5.217063393729073,5.222285679408482,1.0,1.0,758.1666556442528,-770.2652359323732,24.94322865159515,0.0,-795.2084645839684,-1.0488570799888834,758.1666556442528,-770.2652359323732,24.94322865159515,0.0,-795.2084645839684,-1.0488570799888834,24.942483328842933,0.0
B2-000283,MU,MU|swing|2024-06-12T04:00:00Z,USD,2024-06-13T13:30:00Z,2024-06-28T20:00:00Z,stop,10,67.55013938842521,142.93278327941894,130.7205770121983,130.85142844063895,0.9289363678588016,0.9341429238673516,816.0972033606134,-824.936235590954,18.48532263180969,0.0,-843.4215582227637,-1.033481740593683,758.102371909534,-720.3383749526989,17.21766335974367,0.0,-737.5560383124426,-0.9728976793129686,17.216960238329435,45.97489545227387
B2-000284,SXR8.DE,SXR8.DE|swing|2024-06-17T22:00:00Z,EUR,2024-06-19T07:00:00Z,2024-07-25T15:30:00Z,stop,26,28.129426192319723,540.1395755615234,528.5651963065011,529.0942905970982,1.0,1.0,310.69752817993924,-325.5806469760673,30.062052001641483,0.0,-355.6426989777088,-1.1446589261944167,310.69752817993924,-325.5806469760673,30.062052001641483,0.0,-355.6426989777088,-1.1446589261944167,30.061756482750035,0.0
B2-000285,ASML.AS,ASML.AS|swing|2024-06-17T22:00:00Z,EUR,2024-06-19T07:00:00Z,2024-06-25T15:30:00Z,stop,4,14.236988886497274,982.7817877807616,928.4920088849749,929.4214303152902,1.0,1.0,759.6908162154389,-772.9229787897102,27.210783802183542,0.0,-800.1337625918937,-1.0532360606620599,759.6908162154389,-772.9229787897102,27.210783802183542,0.0,-800.1337625918937,-1.0532360606620599,27.210038089241976,0.0
B2-000286,AVGO,AVGO|swing|2024-06-18T04:00:00Z,USD,2024-06-20T13:30:00Z,2024-06-21T20:00:00Z,stop,1,59.89306614218976,180.52633903503417,166.7653492126465,166.93228149414062,0.9303190994511118,0.9356287425149701,814.1897874374705,-824.187873614265,20.800364054851087,0.0,-844.9882376691161,-1.0378271143986941,757.4563098311197,-713.7245377077926,19.404009138415894,0.0,-733.1285468462085,-0.9678822888275427,19.403314817191657,53.03318265155756
B2-000287,AVGO,AVGO|swing|2024-06-21T04:00:00Z,USD,2024-06-24T13:30:00Z,2024-07-24T20:00:00Z,stop,21,62.577947894934574,164.36920683288574,151.33723067583358,151.4887193952288,0.9356287425149701,0.9218289085545723,806.0344717350553,-815.5143249240396,19.756260996516055,0.0,-835.2705859205556,-1.0362715432288736,754.1490192131879,-893.7082219085878,18.353836053390904,0.0,-912.0620579619787,-1.2093923544627072,18.352960698128772,-130.68957957696304
B2-000288,ITX.MC,ITX.MC|swing|2024-06-24T22:00:00Z,EUR,2024-06-26T07:00:00Z,2024-07-02T15:30:00Z,stop,4,319.77620819739803,46.99695076370239,45.057752826690674,45.10285568237305,1.0,1.0,605.6865430728385,-620.1093632418222,29.436904060871292,0.0,-649.5462673026934,-1.072413238714766,605.6865430728385,-620.1093632418222,29.436904060871292,0.0,-649.5462673026934,-1.072413238714766,29.436313387819517,0.0
B2-000289,EQQQ.DE,EQQQ.DE|swing|2024-06-24T22:00:00Z,EUR,2024-06-26T07:00:00Z,2024-07-18T15:30:00Z,stop,16,33.259843646078195,451.8513938903808,440.2378972124372,440.67857578822543,1.0,1.0,371.6061831637594,-386.26308369265274,29.67075034042046,0.0,-415.9338340330732,-1.1192866342855752,371.6061831637594,-386.26308369265274,29.67075034042046,0.0,-415.9338340330732,-1.1192866342855752,29.670393747728745,0.0
B2-000290,NVDA,NVDA|swing|2024-06-25T04:00:00Z,USD,2024-06-26T13:30:00Z,2024-07-24T20:00:00Z,stop,19,64.13536676636843,126.25612725067137,113.59215264456613,113.7058585030692,0.9333582228859437,0.9218289085545723,804.9160891439569,-812.208656082536,15.382757399363651,0.0,-827.5914134818996,-1.028171041234942,751.2750505357075,-842.0758460747045,14.27362889113473,0.0,-856.3494749658392,-1.1398614586697735,14.272801088088581,-83.99421822092815
B2-000291,6857.T,6857.T|swing|2024-06-27T15:00:00Z,JPY,2024-07-01T00:00:00Z,2024-07-18T00:00:00Z,stop,12,302.67420891217466,6442.436,5955.039,6015.571428571428,0.005815982319413749,0.005840780328251854,129200.89646977728,-147522.5014011672,3752.3959381334626,0.0,-151274.89733930066,-1.1708502144540998,751.4301295206309,-813.2914181927092,21.868565273296355,0.0,-835.1599834660055,-1.1114273312394187,21.867773849651897,44.69684167216885
B2-000292,APP,APP|swing|2024-07-01T04:00:00Z,USD,2024-07-02T13:30:00Z,2024-07-25T20:00:00Z,stop,16,118.01049425487584,84.29420908355712,77.38039736938477,77.45785522460938,0.9306654257794322,0.921574048474795,806.7614977956512,-815.9023375746299,19.079300215974207,0.0,-834.981637790604,-1.0349795324542135,750.8250328484422,-842.3518168819485,17.67342533858463,0.0,-860.0252422205331,-1.1454402884754822,17.672600659367397,-83.01972048862122
B2-000293,7011.T,7011.T|swing|2024-07-01T15:00:00Z,JPY,2024-07-03T00:00:00Z,2024-07-25T06:00:00Z,stop,15,771.3391220307437,1869.8679999999997,1700.298,1702.0,0.005770007501009752,0.005979788315493632,129483.15573705667,-130795.974922753,2753.808707944012,0.0,-133549.783630697,-1.031406617103915,747.1187798572308,-479.5648826387746,16.164625774950316,0.0,-495.7295084137249,-0.6635216805933527,16.16416237422876,275.12887376739417
B2-000294,IQQK.DE,IQQK.DE|swing|2024-07-01T22:00:00Z,EUR,2024-07-03T07:00:00Z,2024-07-11T07:00:00Z,objetivo,6,343.78298870211455,43.57853484725952,45.09985545730591,42.67857197352818,1.0,1.0,309.39192645230384,523.0041460958714,30.486122052196123,0.0,492.51802404367527,1.5918903563231872,309.39192645230384,523.0041460958714,30.486122052196123,0.0,492.51802404367527,1.5918903563231872,30.48667554301737,0.0
B2-000295,PLTR,PLTR|swing|2024-07-05T04:00:00Z,USD,2024-07-08T13:30:00Z,2024-08-02T13:30:00Z,stop,19,279.87667620018715,27.957930305480954,24.72525,25.022857393537247,0.9238728750923872,0.9268699601445918,821.4584510000091,-904.7518191158152,14.74479339555317,0.0,-919.4966125113684,-1.1193464640749777,758.9231808943173,-815.1357735062807,13.643054557858264,0.0,-828.7788280641389,-1.0920457418200133,13.642253064337178,20.7398908653148
B2-000296,VVSM.DE,VVSM.DE|swing|2024-07-09T22:00:00Z,EUR,2024-07-11T07:00:00Z,2024-07-17T15:30:00Z,stop,4,338.35388523149754,45.40035454177856,43.13824829701015,43.18142972673689,1.0,1.0,750.7818322059327,-765.3924367238249,29.95738026347266,0.0,-795.3498169872976,-1.059362098108336,750.7818322059327,-765.3924367238249,29.95738026347266,0.0,-795.3498169872976,-1.059362098108336,29.956644827679707,0.0
B2-000297,ENR.DE,ENR.DE|swing|2024-07-09T22:00:00Z,EUR,2024-07-11T07:00:00Z,2024-07-17T15:30:00Z,stop,4,400.5809405981803,27.41738938903808,25.474500816617695,25.50000081743513,1.0,1.0,768.0693175049121,-778.2841318176141,21.187483128597272,0.0,-799.4716149462114,-1.0408847179878378,768.0693175049121,-778.2841318176141,21.187483128597272,0.0,-799.4716149462114,-1.0408847179878378,21.186726031189437,0.0
B2-000298,EUNN.DE,EUNN.DE|swing|2024-07-16T22:00:00Z,EUR,2024-07-18T07:00:00Z,2024-07-24T15:30:00Z,stop,4,282.60993298235985,51.645595771789544,50.680699712480816,50.73143114362444,1.0,1.0,258.3520043005838,-272.68921065618275,28.9184275091428,0.0,-301.60763816532557,-1.1674290624601282,258.3520043005838,-272.68921065618275,28.9184275091428,0.0,-301.60763816532557,-1.1674290624601282,28.918183738114145,0.0
B2-000299,EUNH.DE,EUNH.DE|swing|2024-07-16T22:00:00Z,EUR,2024-07-18T07:00:00Z,2024-07-18T15:30:00Z,stop,0,132.50013744497227,110.15504316711424,109.95279681178502,110.06285967145648,1.0,1.0,12.214325844811743,-26.7976698788667,29.164319049920117,0.0,-55.961988928786816,-4.581668250856243,12.214325844811743,-26.7976698788667,29.164319049920117,0.0,-55.961988928786816,-4.581668250856243,29.16432141657002,0.0
B2-000300,INTC,INTC|swing|2024-07-17T04:00:00Z,USD,2024-07-18T13:30:00Z,2024-07-24T20:00:00Z,stop,4,277.9067635611468,34.99495908355713,32.092161276136125,32.124285561697825,0.9145783793671118,0.9218289085545723,797.7795877005979,-806.707143932764,18.643964495799473,0.0,-825.3511084285634,-1.034560323619502,729.6319624113754,-673.1321347949228,17.116031611073232,0.0,-690.248166405996,-0.9460223810985211,17.115375594314166,64.66477752697695
B2-000301,DTE.DE,DTE.DE|swing|2024-07-17T22:00:00Z,EUR,2024-07-19T07:00:00Z,2024-08-05T15:30:00Z,stop,11,600.6793522097245,24.244219312667845,23.74765763282776,23.77142906188965,1.0,1.0,283.99534156852013,-298.2743481785146,28.82772955494911,0.0,-327.10207773346366,-1.151786772018382,283.99534156852013,-298.2743481785146,28.82772955494911,0.0,-327.10207773346366,-1.151786772018382,28.827460108058993,0.0
B2-000302,SIE.DE,SIE.DE|swing|2024-07-17T22:00:00Z,EUR,2024-07-19T07:00:00Z,2024-08-01T15:30:00Z,stop,9,85.47857672694279,170.3701969451904,164.54813690349033,164.71284975324357,1.0,1.0,483.5819860177811,-497.66140598332714,28.628342497144295,0.0,-526.2897484804714,-1.088315453630483,483.5819860177811,-497.66140598332714,28.628342497144295,0.0,-526.2897484804714,-1.088315453630483,28.627873463609287,0.0
B2-000303,TSM,TSM|swing|2024-07-18T04:00:00Z,USD,2024-07-19T13:30:00Z,2024-07-25T20:00:00Z,stop,4,63.602749958907395,169.33916816711425,156.67173458208356,156.8285631452288,0.9149130832570906,0.921574048474795,795.7088830416317,-805.6836109297731,20.735189931434903,0.0,-826.418800861208,-1.0385944137033964,728.004467558675,-670.7556024020137,19.03727142629394,0.0,-689.7928738283076,-0.9475118691805451,19.03661970731156,66.37487420345151
B2-000304,SAP.DE,SAP.DE|swing|2024-07-23T22:00:00Z,EUR,2024-07-25T07:00:00Z,2024-08-02T15:30:00Z,stop,6,73.25401456107896,192.69249999999997,185.50289043535506,185.68857901436942,1.0,1.0,513.0653298660263,-526.6677637369709,27.70433063788444,0.0,-554.3720943748554,-1.0805097559790586,513.0653298660263,-526.6677637369709,27.70433063788444,0.0,-554.3720943748554,-1.0805097559790586,27.70383167394985,0.0
B2-000305,LMT,LMT|swing|2024-07-24T04:00:00Z,USD,2024-07-25T13:30:00Z,2024-08-02T20:00:00Z,objetivo,6,29.70032352828948,515.515,554.0841374579838,499.02000645228793,0.9218289085545723,0.9229349330872174,489.90664496409556,1145.5158607091892,31.767440428081493,0.0,1113.7484202811077,2.2733890869407016,451.6101078208846,1074.1709041581432,29.302346205939397,0.0,1044.868557952204,2.3136518422803207,29.303449680293518,18.201268548638794
B2-000306,NOW,NOW|swing|2024-07-25T04:00:00Z,USD,2024-07-26T13:30:00Z,2024-08-02T20:00:00Z,stop,5,67.49710434227902,165.33516816711423,153.85027254377093,154.0042768205915,0.921574048474795,0.9229349330872174,764.8023555072704,-775.1971982489868,21.54409299619893,0.0,-796.7412912451857,-1.041761032125393,704.8220030478946,-700.2695850024198,19.86860903857874,0.0,-720.1381940409985,-1.021730580099474,19.867928636920517,14.132035354217708
B2-000307,XOM,XOM|swing|2024-07-25T04:00:00Z,USD,2024-07-26T13:30:00Z,2024-09-06T20:00:00Z,stop,29,130.86209457135365,116.88676663970946,112.76712052263532,112.88000052315849,0.921574048474795,0.900657479960371,524.3338064693894,-539.105519773066,30.052988700517744,124.31898984278597,-444.8395186307978,-0.8483899247811851,483.21242878019484,-805.4902362507477,27.38738988566503,112.90435913430748,-719.9732670021052,-1.4899725754562676,27.386611782039964,-308.66457983837483
B2-000308,AZN,AZN|swing|2024-07-25T04:00:00Z,USD,2024-07-26T13:30:00Z,2024-08-15T13:30:00Z,objetivo,14,97.3545214715614,157.11696672058105,169.83,152.0085667201451,0.921574048474795,0.9075233687267447,497.3258375277659,1237.6712713698682,31.82976549166068,97.3545214715614,1303.1960273497689,2.620406841977139,458.32258550158133,908.2957422141517,29.101175864129935,89.17699136352607,968.3715577135479,2.112860217555669,29.10211326198361,-232.30998202312364
B2-000309,INFY,INFY|swing|2024-07-26T04:00:00Z,USD,2024-07-29T13:30:00Z,2024-08-02T20:00:00Z,stop,4,678.480598570454,22.652629159927365,21.62549635669163,21.647143500191824,0.9208103130755064,0.9229349330872174,682.2025122713778,-696.8896791507291,30.04184910409335,0.0,-726.9315282548224,-1.0655655984533394,628.1791089055044,-610.5297596193311,27.69401792292586,0.0,-638.2237775422569,-1.0159901348108402,27.693435086599855,31.173444018540017
B2-000310,COIN,COIN|swing|2024-07-26T04:00:00Z,USD,2024-07-29T13:30:00Z,2024-08-01T20:00:00Z,stop,3,18.15295110419922,251.80155305480955,209.25910703822544,209.46857561383928,0.9208103130755064,0.9268699601445918,768.468469581102,-772.2709423920862,8.36961161873868,0.0,-780.6405540108249,-1.0158394064448186,707.6136920636299,-688.0964466620399,7.7298432965522945,0.0,-695.8262899585922,-0.9833420378417752,7.729162929268165,23.01860158113328
B2-000311,6857.T,6857.T|swing|2024-07-31T15:00:00Z,JPY,2024-08-02T00:00:00Z,2024-08-05T00:00:00Z,stop,1,352.3786653932374,6506.499999999999,5924.07,6200.714285714285,0.006147792942333702,0.006196938712276136,107752.36189631763,-205235.90608498303,4380.267666677215,0.0,-209616.17375166024,-1.9453510815230097,662.4392099859684,-1159.1552797385143,27.031571221934904,0.0,-1186.1868509604492,-1.7906350244357887,27.03043909709293,102.59257520420876
B2-000312,ABBV,ABBV|swing|2024-08-01T04:00:00Z,USD,2024-08-02T13:30:00Z,2024-09-30T20:00:00Z,tiempo,40,66.74602064104761,191.1709757232666,197.28251573181151,179.84286063058036,0.9268699601445918,0.8931761343336907,756.1066038005982,407.9209755589276,25.927724758747654,0.0,381.9932508001799,0.5052108378369882,700.8124977297231,-65.5846316362171,23.58795488378572,0.0,-89.17258652000282,-0.12724171844662696,23.58791288706701,-443.67432999466297
B2-000313,DTE.DE,DTE.DE|swing|2024-08-07T22:00:00Z,EUR,2024-08-09T07:00:00Z,2024-09-04T15:30:00Z,objetivo,18,558.8339288014328,24.41438938903808,26.02234320601395,23.68143027169364,1.0,1.0,409.6024231964253,898.5791488718845,28.185757432000212,0.0,870.3933914398843,2.1249712944751944,409.6024231964253,898.5791488718845,28.185757432000212,0.0,870.3933914398843,2.1249712944751944,28.186684197831358,0.0
B2-000314,PLTR,PLTR|swing|2024-08-08T04:00:00Z,USD,2024-08-09T13:30:00Z,2024-10-03T20:00:00Z,objetivo,38,194.2761671042577,29.30928068733215,38.524134747198644,25.47171483721052,0.9149130832570906,0.9058791557206268,745.5475843718228,1790.2265271759702,13.178415952211438,0.0,1777.0481112237587,2.3835475407261213,682.1112391325004,1570.288855968191,11.989492355543184,0.0,1558.2993636126478,2.2845238052292927,11.99107463547405,-67.61281573900995
B2-000315,7011.T,7011.T|swing|2024-08-14T15:00:00Z,JPY,2024-08-16T00:00:00Z,2024-09-09T00:00:00Z,stop,16,314.19999456351684,1986.9849999999997,1601.397,1631.5714285714284,0.006167509559639818,0.006292078273453722,111670.94221065719,-121151.74750375724,1127.4696048918215,0.0,-122279.21710864907,-1.0949958394546393,688.7316036182139,-684.5267003050944,7.016357426965035,0.0,-691.5430577320594,-1.0040820750769615,7.015679915944142,62.677860591397454
B2-000316,9988.HK,9988.HK|swing|2024-08-14T16:00:00Z,HKD,2024-08-16T01:30:00Z,2024-09-20T08:00:00Z,objetivo,23,1007.792114958902,77.82775,87.12484410381317,71.96428680419922,0.11655011655011654,0.11500598031097617,5909.151975079746,9369.538129853821,166.23792367983918,0.0,9203.300206173983,1.5574654781238353,688.7123514078958,956.4398382333194,19.239468457112732,0.0,937.2003697762067,1.360800874066424,19.240444137394118,-135.58092282190324
B2-000317,SAP.DE,SAP.DE|swing|2024-08-14T22:00:00Z,EUR,2024-08-16T07:00:00Z,2024-10-11T15:30:00Z,tiempo,40,70.32898189627558,195.69549999999998,208.3914060974121,187.57713971819197,1.0,1.0,570.9560132867182,892.8901500817117,28.419020703446904,0.0,864.4711293782648,1.514076582540784,570.9560132867182,892.8901500817117,28.419020703446904,0.0,864.4711293782648,1.514076582540784,28.419942013538247,0.0
B2-000318,ADYEN.AS,ADYEN.AS|swing|2024-08-14T22:00:00Z,EUR,2024-08-16T07:00:00Z,2024-10-11T15:30:00Z,tiempo,40,6.593679663133532,1281.079848876953,1360.2383756103516,1176.7142595563616,1.0,1.0,688.1532638341298,521.9459678856217,17.41600626066591,0.0,504.52996162495583,0.7331651074557224,688.1532638341298,521.9459678856217,17.41600626066591,0.0,504.52996162495583,0.7331651074557224,17.416545623178987,0.0
B2-000319,RRU.DE,RRU.DE|swing|2024-08-14T22:00:00Z,EUR,2024-08-16T07:00:00Z,2024-09-02T15:30:00Z,stop,11,1630.0244534607068,5.893888011455536,5.466242714064461,5.471714428492954,1.0,1.0,688.1532638341298,-697.0722921549276,18.517290877107918,0.0,-715.5895830320355,-1.0398694893126583,688.1532638341298,-697.0722921549276,18.517290877107918,0.0,-715.5895830320355,-1.0398694893126583,18.516612321428184,0.0
B2-000320,EUNH.DE,EUNH.DE|swing|2024-08-14T22:00:00Z,EUR,2024-08-16T07:00:00Z,2024-10-01T15:30:00Z,objetivo,32,123.46173595352757,111.47636286163329,113.47123293236324,110.23571450369698,1.0,1.0,153.17259997871005,246.29012193405535,27.772420675299248,0.0,218.5177012587561,1.426610903576283,153.17259997871005,246.29012193405535,27.772420675299248,0.0,218.5177012587561,1.426610903576283,27.772694738114147,0.0
B2-000321,IBE.MC,IBE.MC|swing|2024-08-14T22:00:00Z,EUR,2024-08-16T07:00:00Z,2024-09-09T15:30:00Z,objetivo,16,1116.922460767064,12.322310420036315,13.237598729482718,11.902856690543038,1.0,1.0,468.4972917235536,1022.3060708982024,28.548436624263392,0.0,993.757634273939,2.12115982702484,468.4972917235536,1022.3060708982024,28.548436624263392,0.0,993.757634273939,2.12115982702484,28.549487479821387,0.0
B2-000322,AVGO,AVGO|swing|2024-08-15T04:00:00Z,USD,2024-08-16T13:30:00Z,2024-09-06T13:30:00Z,stop,14,41.643339439334454,164.6344712219238,143.10675,146.41143144880022,0.9081827263645446,0.901144453455889,758.8682308886779,-896.4862021999367,12.815372134819889,0.0,-909.3015743347565,-1.198233813622574,689.1910188799181,-856.1174692425915,11.596755418796484,0.0,-867.714224661388,-1.2590329834413803,11.595910897237005,-41.944185980457384
B2-000323,MRVL,MRVL|swing|2024-08-15T04:00:00Z,USD,2024-08-16T13:30:00Z,2024-10-14T20:00:00Z,tiempo,40,111.67600401797189,68.1881227493286,77.6023203048706,61.392856052943635,0.9081827263645446,0.9161704076958315,758.8682308886778,1051.33996403869,16.281294104302653,6.700560241078313,1041.7592301754657,1.372780132007248,689.191018879918,1024.032573661519,14.85561384717343,6.12594646286187,1015.3029062772075,1.4731806980411477,14.856652736398711,69.22377878485882
B2-000324,6857.T,6857.T|swing|2024-08-15T15:00:00Z,JPY,2024-08-19T00:00:00Z,2024-09-09T00:00:00Z,stop,15,119.20164615228087,6586.579999999999,5494.5,5641.857142857143,0.006145526057030482,0.006292078273453722,112612.5197291145,-130177.73372998278,1440.0846232973972,0.0,-131617.81835328016,-1.1687671909826922,692.0631743431325,-704.0257756956966,8.94606245579017,0.0,-712.9718381514867,-1.0302120739601548,8.945367375381132,95.98487898708836
B2-000325,NVDA,NVDA|swing|2024-08-30T04:00:00Z,USD,2024-09-03T13:30:00Z,2024-09-03T20:00:00Z,stop,0,94.84041096109699,116.12601213836669,107.897709790911,108.00571550641742,0.9040773890245004,0.9062075215224287,770.1322697000809,-780.3755761448573,21.246501852807214,0.0,-801.6220779976645,-1.040888831096309,696.2591715939615,-683.7221329952221,19.230279701334467,0.0,-702.9524126965565,-1.0096131460462805,19.229615208816313,21.797780344311
B2-000326,EUNN.DE,EUNN.DE|swing|2024-09-03T22:00:00Z,EUR,2024-09-05T07:00:00Z,2024-09-06T15:30:00Z,stop,1,269.12036304548855,50.606555755615226,49.59150102179391,49.641142163957866,1.0,1.0,259.8124562758776,-273.17189847703423,26.965337416388824,0.0,-300.13723589342305,-1.1552072606354455,259.8124562758776,-273.17189847703423,26.965337416388824,0.0,-300.13723589342305,-1.1552072606354455,26.96509120957883,0.0
B2-000327,MA,MA|swing|2024-09-05T04:00:00Z,USD,2024-09-06T13:30:00Z,2024-10-14T20:00:00Z,objetivo,26,31.32238708330214,477.587095336914,507.5192140568325,464.77854701450894,0.901144453455889,0.9161704076958315,401.19430852955105,937.5454087686411,30.855881141034125,20.672775474979414,927.3623031025863,2.3115041349951726,361.5340258894756,1083.72713120905,28.044469432971226,18.867185794450503,1074.5498475705292,2.9721956181768334,28.045581205681373,238.8632862341541
B2-000328,MUV2.DE,MUV2.DE|swing|2024-09-05T22:00:00Z,EUR,2024-09-09T07:00:00Z,2024-10-07T15:30:00Z,stop,20,27.742539948133523,481.0806061096191,463.5645315333775,464.02856009347096,1.0,1.0,473.0670678004012,-485.9403986658695,26.206855467870923,0.0,-512.1472541337405,-1.082610244917383,473.0670678004012,-485.9403986658695,26.206855467870923,0.0,-512.1472541337405,-1.082610244917383,26.20639573386748,0.0
B2-000329,ORCL,ORCL|swing|2024-09-06T04:00:00Z,USD,2024-09-09T13:30:00Z,2024-09-10T20:00:00Z,objetivo,1,103.7465254246251,142.63249549865722,154.11830661392213,136.6971435546875,0.900657479960371,0.9065361254645998,615.7721413591527,1191.6129948922726,30.786864636150607,0.0,1160.826130256122,1.8851553233537135,554.5997850663358,1167.2302239466105,27.822414985955376,0.0,1139.407808960655,2.0544685368465663,27.823610039787845,93.9950668789055
B2-000330,ORCL,ORCL|swing|2024-09-10T04:00:00Z,USD,2024-09-11T13:30:00Z,2024-10-09T20:00:00Z,objetivo,20,82.92217271201982,156.93677877807616,175.47551425184523,147.78285435267858,0.9065361254645998,0.9126585744273068,759.0633021955946,1537.272224818327,27.564349574225684,0.0,1509.7078752441014,1.9889090552490991,688.118304954759,1482.6794035694757,25.077165261068664,0.0,1457.602238308407,2.1182436621915453,25.078673019144503,89.08659709832381
B2-000331,APP,APP|swing|2024-09-11T04:00:00Z,USD,2024-09-12T13:30:00Z,2024-09-17T20:00:00Z,objetivo,3,87.64510377690279,97.44734847259521,118.92950709097725,88.75828443254743,0.9055510278004165,0.8977466558937068,761.5539195141421,1882.806021459981,18.964371960789215,0.0,1863.8416494991916,2.4474191541004604,689.625934541467,1623.627362792478,17.091856955592654,0.0,1606.5355058368852,2.329575245607711,17.093497676453026,-81.34956508942115
B2-000332,ADBE,ADBE|swing|2024-09-11T04:00:00Z,USD,2024-09-12T13:30:00Z,2024-09-13T13:30:00Z,stop,1,26.10228389827226,582.0314622192382,532.0374373168945,552.8557041713169,0.9055510278004165,0.907770515613653,761.5539195141421,-1304.958231218267,29.07974269792789,0.0,-1334.037973916195,-1.751731479193604,689.625934541467,-1150.883369696751,26.364013786099825,0.0,-1177.2473834828509,-1.7070810776071,26.36288926561712,30.822897819565426
B2-000333,QDV5.DE,QDV5.DE|swing|2024-09-12T22:00:00Z,EUR,2024-09-16T07:00:00Z,2024-10-04T15:30:00Z,stop,14,1474.147152299472,9.423413557052612,9.248599329267229,9.257857186453682,1.0,1.0,244.0544522634484,-257.70189607125366,27.525294624067442,0.0,-285.2271906953211,-1.1687030826523424,244.0544522634484,-257.70189607125366,27.525294624067442,0.0,-285.2271906953211,-1.1687030826523424,27.5250644472348,0.0
B2-000334,ENR.DE,ENR.DE|swing|2024-09-16T22:00:00Z,EUR,2024-09-18T07:00:00Z,2024-10-11T15:30:00Z,objetivo,17,292.0699729019576,30.4303996181488,35.9411667057957,28.04142870221819,1.0,1.0,697.7466706794181,1609.52959395803,19.385141577694952,0.0,1590.1444523803352,2.278971035192416,697.7466706794181,1609.52959395803,19.385141577694952,0.0,1590.1444523803352,2.278971035192416,19.386770494057743,0.0
B2-000335,AVGO,AVGO|swing|2024-09-19T04:00:00Z,USD,2024-09-20T13:30:00Z,2024-11-15T21:00:00Z,tiempo,40,46.60609903020673,167.347172668457,164.67515634155274,150.42142159598214,0.8963786303334529,0.9449116507606539,788.8432306443914,-124.53225754202964,15.474265546080392,0.0,-140.00652308811004,-0.1774833295758161,707.1022146328356,260.8564051745027,14.243285415234043,0.0,246.61311975926864,0.3487658709813588,14.24356051519861,372.4844596223596
B2-000336,APP,APP|swing|2024-09-19T04:00:00Z,USD,2024-09-20T13:30:00Z,2024-10-21T20:00:00Z,objetivo,21,66.76060928316596,124.12399999999998,152.34674605771474,112.30800192696708,0.8963786303334529,0.9214042200313278,788.8432306443914,1884.1677224571074,18.457355455784487,0.0,1865.710367001323,2.365121857580319,707.1022146328356,1943.4569888188466,16.79930830947803,0.0,1926.6576805093687,2.724723018311843,16.80126856773351,254.52930644424362
B2-000337,6857.T,6857.T|swing|2024-09-30T15:00:00Z,JPY,2024-10-02T00:00:00Z,2024-10-30T00:00:00Z,objetivo,19,265.1049130833989,6696.69,8451.54,6269.0,0.006274706657463764,0.006036460219727152,113382.72027663878,465219.3567244029,4015.8701975173362,0.0,461203.4865268856,4.067669971240859,711.443309761177,2385.3131830812035,24.66460565213393,0.0,2360.6485774290695,3.3181119915534953,24.667015632330582,-533.8018117384181
B2-000338,7011.T,7011.T|swing|2024-09-30T15:00:00Z,JPY,2024-10-02T00:00:00Z,2024-10-23T06:00:00Z,stop,14,671.5755296498852,2261.7594999999997,2090.835642857143,2092.9285714285716,0.006274706657463764,0.006126700159294204,113382.72027663876,-114788.27989051539,2923.096388415803,0.0,-117711.37627893119,-1.0381773870985904,711.4433097611769,-928.086708489834,18.13374844433892,0.0,-946.220456934173,-1.3300012017145932,18.132838490468146,-207.82392446200345
B2-000339,6501.T,6501.T|swing|2024-10-02T15:00:00Z,JPY,2024-10-04T00:00:00Z,2024-12-03T06:30:00Z,tiempo,40,366.96863258176893,3785.7819999999997,4005.99,3471.285714285714,0.006173601679219657,0.006339546088500063,115410.27192061665,80809.4286435662,2859.3359162289144,0.0,77950.0927273373,0.6754172867814936,712.4970485283162,742.8355655974009,17.896351355110603,0.0,724.9392142422903,1.017462761059395,17.897112087788113,243.95034122669955
B2-000340,DBK.DE,DBK.DE|swing|2024-10-03T22:00:00Z,EUR,2024-10-07T07:00:00Z,2024-12-02T16:30:00Z,tiempo,40,911.7384216694219,15.86785223674774,16.26172187805176,15.081428255353655,1.0,1.0,717.012959559226,359.106085106027,29.29376719233801,0.0,329.812317913689,0.45998097177551245,717.012959559226,359.106085106027,29.29376719233801,0.0,329.812317913689,0.45998097177551245,29.294155592576658,0.0
B2-000341,6758.T,6758.T|swing|2024-10-06T15:00:00Z,JPY,2024-10-08T00:00:00Z,2024-10-22T06:00:00Z,stop,9,826.1834067041706,2835.3324999999995,2691.0919285714285,2693.785714285714,0.006148927012236365,0.006142883469500584,116943.60562945346,-119169.16668781305,4565.840161290292,0.0,-123735.00684910335,-1.0580741561977236,719.0776955632631,-746.1993311663083,28.0615810782176,0.0,-774.2609122445259,-1.07674166091056,28.060862939746876,-13.436823093918152
B2-000342,1810.HK,1810.HK|swing|2024-10-08T16:00:00Z,HKD,2024-10-10T01:30:00Z,2024-11-22T08:00:00Z,objetivo,30,1954.8749601508641,23.823799236297607,29.79571066377844,20.62285586765834,0.11740396355780972,0.12206882240207029,6257.444040213857,11674.340113821085,104.81943727922003,0.0,11569.520676541864,1.8489211572951534,734.6487320623013,1642.3273151711521,12.577930908366294,0.0,1629.7493842627857,2.2184063119359965,12.579585815267288,271.71351388662504
B2-000343,0700.HK,0700.HK|swing|2024-10-08T16:00:00Z,HKD,2024-10-10T01:30:00Z,2024-11-25T08:00:00Z,stop,31,141.35830190026468,438.43799999999993,393.77728066144675,394.1714521135603,0.11740396355780972,0.12337758476040073,6257.444040213858,-6313.163447342189,117.64053888975428,0.0,-6430.803986231944,-1.0277045939051117,734.6487320623014,-408.67662612045825,14.14397932591961,0.0,-422.82060544637784,-0.5755411899499757,14.143584792876782,332.5137851858014
B2-000344,9988.HK,9988.HK|swing|2024-10-09T16:00:00Z,HKD,2024-10-14T01:30:00Z,2024-11-11T01:30:00Z,stop,20,432.84311959518095,107.10699999999999,91.25864847564698,92.62143380301339,0.11764567475676757,0.11941011403665891,6269.97766180618,-6859.849914241997,85.86120610672009,0.0,-6945.711120348717,-1.1077728653897436,737.6357527330479,-737.3351238758058,10.170896075870324,0.0,-747.5060199516762,-1.0133809501262074,10.17016891091429,69.69654801534759
B2-000345,SIE.DE,SIE.DE|swing|2024-10-10T22:00:00Z,EUR,2024-10-14T07:00:00Z,2024-10-31T08:00:00Z,stop,13,79.50707899418866,185.5453606109619,176.16365634155272,176.39999389648438,1.0,1.0,727.1213937987876,-745.9119024480318,28.758427383753904,0.0,-774.6703298317857,-1.065393394333486,727.1213937987876,-745.9119024480318,28.758427383753904,0.0,-774.6703298317857,-1.065393394333486,28.757710229560892,0.0
B2-000346,EXV1.DE,EXV1.DE|swing|2024-10-10T22:00:00Z,EUR,2024-10-14T07:00:00Z,2024-12-09T16:30:00Z,tiempo,40,732.84096288411,20.13011061096191,20.89908007621765,19.509572165352957,1.0,1.0,454.75599198667476,563.5323233464957,30.06787160954843,85.57896912271772,619.0434208596649,1.3612650119359047,454.75599198667476,563.5323233464957,30.06787160954843,85.57896912271772,619.0434208596649,1.3612650119359047,30.068465210335052,0.0
B2-000347,EXSA.DE,EXSA.DE|swing|2024-10-13T22:00:00Z,EUR,2024-10-15T07:00:00Z,2024-10-30T08:00:00Z,stop,11,285.21384296211335,52.1120613746643,50.949,51.00999777657645,1.0,1.0,314.32379399929033,-331.72120426880394,29.39444137442223,0.0,-361.1156456432262,-1.1488651274171164,314.32379399929033,-331.72120426880394,29.39444137442223,0.0,-361.1156456432262,-1.1488651274171164,29.39413904735573,0.0
B2-000348,COIN,COIN|swing|2024-10-14T04:00:00Z,USD,2024-10-15T13:30:00Z,2024-11-06T21:00:00Z,objetivo,16,38.19152221772644,195.875672668457,248.76838878495354,174.74286760602678,0.9161704076958315,0.9350163627863488,807.0939940646861,2020.0533427190744,16.98163355197805,0.0,2003.0717091670963,2.4818320095274506,739.4356335911004,2029.765563497028,15.737122603587707,0.0,2014.0284408934403,2.7237373334474375,15.739168108318655,179.05246893076693
B2-000349,ITX.MC,ITX.MC|swing|2024-10-20T22:00:00Z,EUR,2024-10-22T07:00:00Z,2024-10-31T16:30:00Z,stop,7,273.5360662611577,53.99393862533569,52.35330750438145,52.40571321759905,1.0,1.0,434.4369303683029,-448.7717830114563,29.089807364029955,210.62277102109144,-267.2388193543949,-0.6151383565108924,434.4369303683029,-448.7717830114563,29.089807364029955,210.62277102109144,-267.2388193543949,-0.6151383565108924,29.08938768163391,0.0
B2-000350,APP,APP|swing|2024-10-21T04:00:00Z,USD,2024-10-22T13:30:00Z,2024-11-07T14:30:00Z,objetivo,12,60.945496757161884,161.43127427673338,229.77,148.27971540178572,0.9214042200313278,0.9350163627863488,801.5282887647459,4164.937586955922,23.84195599283025,0.0,4141.095630963091,5.166499659475564,738.5315477423255,4028.207985554648,22.158695782361367,0.0,4006.0492897722866,5.424344162437867,22.162746153091227,190.61691676636505
B2-000351,NVDA,NVDA|swing|2024-10-25T04:00:00Z,USD,2024-10-28T13:30:00Z,2024-10-31T20:00:00Z,stop,3,74.95910873552205,143.14299999999997,132.41887287466866,132.55142429896765,0.9237875288683602,0.9189487226612755,793.9350746541953,-803.871011281271,20.65587239217639,0.0,-824.5268836734474,-1.0385318774744605,733.4273206967162,-790.6360087929012,19.033607320036346,0.0,-809.6696161129375,-1.1039534433265934,19.032835716862287,-48.02999375246534
B2-000352,ADYEN.AS,ADYEN.AS|swing|2024-10-28T23:00:00Z,EUR,2024-10-30T08:00:00Z,2024-10-31T16:30:00Z,stop,1,10.254423033491289,1452.4509999999998,1396.2309463413783,1397.6285749162946,1.0,1.0,562.1723385301971,-576.5042131810847,29.211589765653827,0.0,-605.7158029467384,-1.0774557220840606,562.1723385301971,-576.5042131810847,29.211589765653827,0.0,-605.7158029467384,-1.0774557220840606,29.211042472481324,0.0
B2-000353,META,META|swing|2024-10-30T04:00:00Z,USD,2024-10-31T13:30:00Z,2024-10-31T20:00:00Z,stop,0,27.03422120862242,585.5849999999999,567.8958388497489,568.4643031529018,0.9246417013407305,0.9189487226612755,462.8447058102141,-478.21269553085637,31.18345615737146,0.0,-509.3961516882278,-1.1005768139802419,427.9655162369063,-529.5775485862571,28.74612180684816,0.0,-558.3236703931052,-1.3045996679882903,28.745620974919824,-87.40214818786775
B2-000354,6857.T,6857.T|swing|2024-10-30T15:00:00Z,JPY,2024-11-01T00:00:00Z,2024-11-27T06:30:00Z,stop,17,270.4725986382588,8787.778999999999,8485.363285714286,8493.857142857143,0.006013229104028863,0.006206168931918327,79497.80849801119,-81795.16411190198,4671.911680665536,0.0,-86467.07579256751,-1.0876661561649297,478.03853576675397,-49.04491605828378,28.53608343497862,0.0,-77.5809994932624,-0.16229026258066348,28.536062926123783,442.8081453482222
B2-000355,ABBV,ABBV|swing|2024-10-31T04:00:00Z,USD,2024-11-01T13:30:00Z,2024-11-11T14:30:00Z,stop,6,75.91053963177822,204.57436511230466,178.39143731689452,196.1671360560826,0.9189487226612755,0.9283327144448571,638.1972944657824,-1987.5601780894688,29.071140722917477,0.0,-2016.6313188123863,-3.1598869758613652,586.4705885552127,-1699.389838216415,26.84196368228252,0.0,-1726.2318018986975,-2.9434243346308633,26.84029113273411,127.07604865131856
B2-000356,AMZN,AMZN|swing|2024-11-01T04:00:00Z,USD,2024-11-04T14:30:00Z,2024-12-05T21:00:00Z,objetivo,22,79.12444351605544,196.6464469451904,220.94517475931985,188.39713178362166,0.9186954524575103,0.9487666034155597,652.7224715476859,1922.6233164410908,33.041704684336516,0.0,1889.5816117567542,2.8949234845191127,599.6531663276857,2292.014090332277,30.88097262767304,0.0,2261.133117704604,3.770734892557856,30.883295525057697,525.7087927290696
B2-000357,MRVL,MRVL|swing|2024-11-01T04:00:00Z,USD,2024-11-04T14:30:00Z,2024-12-04T14:30:00Z,objetivo,21,136.87433034965147,83.95387274932861,112.21767182922363,78.2699944632394,0.9186954524575103,0.9512937595129377,777.9770341973855,3868.5885721977265,26.85084879784614,0.0,3841.7377233998805,4.938111993708504,714.723963433519,4054.7555546864746,25.168453511184786,0.0,4029.5871011752897,5.637962776310504,25.172533439272513,500.70082597933106
B2-000358,SXR8.DE,SXR8.DE|swing|2024-11-05T23:00:00Z,EUR,2024-11-07T08:00:00Z,2024-12-04T16:30:00Z,objetivo,19,25.9005739032221,585.1645971069336,612.2183668131147,570.0000523158482,1.0,1.0,392.77041307022927,700.7081616356955,31.012905947470333,0.0,669.6952556882252,1.7050552521339748,392.77041307022927,700.7081616356955,31.012905947470333,0.0,669.6952556882252,1.7050552521339748,31.013637669268928,0.0
B2-000359,V,V|swing|2024-11-06T05:00:00Z,USD,2024-11-07T14:30:00Z,2025-01-07T21:00:00Z,tiempo,40,53.95713422623695,307.80749999999995,311.35834341430666,296.78284127371654,0.9350163627863488,0.9621860867891852,594.8589906925282,191.59333472209678,33.408414521406954,31.8347091934798,190.0196293941696,0.31943642504747366,556.2028898480862,635.5943729380436,31.69386570223665,29.984655923028914,633.8851631588359,1.1396653536481387,31.69453299113895,456.4514699720797
B2-000360,ORCL,ORCL|swing|2024-11-08T05:00:00Z,USD,2024-11-11T14:30:00Z,2024-12-02T21:00:00Z,stop,14,85.79965782978245,191.24105305480956,181.425527003697,181.60713413783483,0.9283327144448571,0.9517464547444561,826.5869466362994,-842.168776604773,31.97466505361509,0.0,-874.1434416583882,-1.0575335664513146,767.3477038955621,-417.348735052137,30.047591694041685,0.0,-447.39632674617866,-0.5830425040368277,30.047204392509798,364.4640913540757
B2-000361,COIN,COIN|swing|2024-11-13T05:00:00Z,USD,2024-11-14T14:30:00Z,2025-01-15T21:00:00Z,tiempo,40,14.61717083396658,291.1008075561523,274.6550626831055,235.77143205915178,0.940822278671559,0.970873786407767,808.758933776341,-240.39026230115516,8.269750205606659,0.0,-248.66001250676183,-0.3074587520729975,760.8984229714376,-105.51732812210483,7.901012418709973,0.0,-113.4183405408148,-0.14905845132113285,7.900914802295697,120.64718622652205
B2-000362,SAF.PA,SAF.PA|swing|2024-11-24T23:00:00Z,EUR,2024-11-26T08:00:00Z,2024-12-10T16:30:00Z,stop,10,70.00119181614363,217.8176061096191,208.41994198608398,208.62857055664062,1.0,1.0,643.2434403494101,-657.8476889352734,29.837136363490057,0.0,-687.6848252987634,-1.0690895268597107,643.2434403494101,-657.8476889352734,29.837136363490057,0.0,-687.6848252987634,-1.0690895268597107,29.836508352307106,0.0
B2-000363,ZPRR.DE,ZPRR.DE|swing|2024-11-25T23:00:00Z,EUR,2024-11-27T08:00:00Z,2024-12-13T16:30:00Z,stop,12,228.2921541048423,66.61655305480956,64.32417922047206,64.38856778826032,1.0,1.0,508.63155581437724,-523.330960654484,29.89274183118949,0.0,-553.2237024856735,-1.0876708221531775,508.63155581437724,-523.330960654484,29.89274183118949,0.0,-553.2237024856735,-1.0876708221531775,29.89224839247343,0.0
B2-000364,SAP.DE,SAP.DE|swing|2024-12-01T23:00:00Z,EUR,2024-12-03T08:00:00Z,2025-01-15T16:30:00Z,objetivo,26,67.08727285566773,230.28005305480954,251.18651259245192,222.6857169015067,1.0,1.0,509.4833016742893,1402.5573554477912,32.300278860459095,0.0,1370.2570765873322,2.68950340881502,509.4833016742893,1402.5573554477912,32.300278860459095,0.0,1370.2570765873322,2.68950340881502,32.30171371952625,0.0
B2-000365,AIR.PA,AIR.PA|swing|2024-12-01T23:00:00Z,EUR,2024-12-03T08:00:00Z,2025-01-23T08:00:00Z,objetivo,34,102.39800424749805,150.87072122192382,165.834,144.24857875279017,1.0,1.0,678.0941726818846,1532.2098838739428,32.42993138888524,0.0,1499.7799524850575,2.211757618493282,678.0941726818846,1532.2098838739428,32.42993138888524,0.0,1499.7799524850575,2.211757618493282,32.43149603026356,0.0
B2-000366,RRU.DE,RRU.DE|swing|2024-12-02T23:00:00Z,EUR,2024-12-04T08:00:00Z,2025-01-13T16:30:00Z,stop,23,1555.8377523830318,7.213205851078032,6.70814210823604,6.714856965201242,1.0,1.0,775.3500105051339,-785.7972384734467,21.65935871916131,0.0,-807.456597192608,-1.0414091523214877,775.3500105051339,-785.7972384734467,21.65935871916131,0.0,-807.456597192608,-1.0414091523214877,21.65859458051625,0.0
B2-000367,META,META|swing|2024-12-03T05:00:00Z,USD,2024-12-04T14:30:00Z,2024-12-20T21:00:00Z,stop,12,26.926630624900515,613.5729819946289,584.3479458879743,584.932878766741,0.9512937595129377,0.9624639076034649,771.1814806763566,-786.9317522432679,32.255974342932944,13.463315312450257,-805.7244112737505,-1.0447922200713358,733.6201300193652,-572.846332069048,30.8606640324441,12.824647849543014,-590.8823482519491,-0.8054336625636919,30.86012204623316,175.7569330025555
B2-000368,6758.T,6758.T|swing|2024-12-03T15:00:00Z,JPY,2024-12-05T00:00:00Z,2025-01-29T06:30:00Z,objetivo,34,765.9553567282525,3198.1949999999997,3498.694232142857,3033.714285714286,0.006305567816381865,0.00617817867292722,125984.88418563179,230168.9965525481,5129.518180775574,0.0,225039.47837177254,1.7862418958149715,794.4062310715163,1109.963237638322,32.00314177489178,0.0,1077.9600958634303,1.3569381176799795,32.00428374241234,-341.382979352335
B2-000369,6501.T,6501.T|swing|2024-12-04T15:00:00Z,JPY,2024-12-06T00:00:00Z,2024-12-19T00:00:00Z,stop,9,608.5780463476485,4098.093999999999,3822.174,3923.285714285714,0.0063083522583901085,0.006191183754333828,106384.48500538108,-167918.85454824267,4820.101225989797,0.0,-172738.95577423245,-1.6237231938989511,671.1108062413643,-1331.8359098450903,30.134351830112266,0.0,-1361.9702616752027,-2.0294268085222447,30.133050127249337,-272.5446245294024
B2-000370,IQQT.DE,IQQT.DE|swing|2024-12-08T23:00:00Z,EUR,2024-12-10T08:00:00Z,2025-01-27T16:30:00Z,stop,29,178.61744177303817,87.97788938903808,86.10238390241351,86.18857247488839,1.0,1.0,319.60320972664533,-334.99799205217874,31.093773078470427,0.0,-366.09176513064915,-1.145457098017774,319.60320972664533,-334.99799205217874,31.093773078470427,0.0,-366.09176513064915,-1.145457098017774,31.093469173945795,0.0
B2-000371,1810.HK,1810.HK|swing|2024-12-09T16:00:00Z,HKD,2024-12-11T01:30:00Z,2025-01-06T08:00:00Z,objetivo,15,2222.9744791366047,31.48145076370239,36.658841604249815,28.59285763331822,0.12216276967431405,0.12480966526047778,6421.268809453323,11509.20770705254,151.47413093486452,0.0,11357.733576117675,1.768767811027774,784.4399825861032,1621.696630085258,18.7201993088475,0.0,1602.9764307764106,2.0434659965849735,18.721839727316738,215.69993983475894
B2-000372,PLTR,PLTR|swing|2024-12-11T05:00:00Z,USD,2024-12-12T14:30:00Z,2025-01-13T14:30:00Z,stop,19,107.6663414228132,72.37230305480956,64.22571091461181,64.63928822108677,0.9517464547444561,0.9704968944099379,832.5854153152771,-877.1137707989379,14.707008409709928,0.0,-891.8207792086479,-1.071146290583219,792.4102172982556,-705.1316192619953,14.127001416341763,0.0,-719.258620678337,-0.9076846877753155,14.126310411032925,129.6583025034357
B2-000373,MRVL,MRVL|swing|2024-12-13T05:00:00Z,USD,2024-12-16T14:30:00Z,2024-12-18T21:00:00Z,stop,2,56.46598030864204,122.62249999999999,107.87058937290736,107.97856794084821,0.9507510933637573,0.9527439024390243,826.8839792931562,-832.9810949842595,13.015018245808657,0.0,-845.9961132300681,-1.0231134408399707,786.1608473979427,-779.8194497129236,12.386181064446532,0.0,-792.2056307773702,-1.0076889906174222,12.385413630409763,12.138237094701298
B2-000374,MU,MU|swing|2024-12-16T05:00:00Z,USD,2024-12-17T14:30:00Z,2024-12-19T14:30:00Z,stop,2,78.05674826056752,109.85974999999999,89.98992182922363,99.24857330322266,0.9525623928367307,0.9527439024390243,828.2739481687488,-1550.974175507023,15.59961552393074,0.0,-1566.5737910309535,-1.8913715619023512,788.9826139919496,-1476.124690196986,14.860882072460434,0.0,-1490.9855722694465,-1.8897571959483759,14.859420807190396,1.2749816519587134
B2-000375,EQQQ.DE,EQQQ.DE|swing|2024-12-18T23:00:00Z,EUR,2024-12-20T08:00:00Z,2024-12-20T16:30:00Z,stop,0,30.864659767240074,495.5951061096191,489.2602412894113,489.749991280692,1.0,1.0,180.40748049528577,-195.52344734717303,30.3972252174181,0.0,-225.92067256459114,-1.252279960588966,180.40748049528577,-195.52344734717303,30.3972252174181,0.0,-225.92067256459114,-1.252279960588966,30.397060091029807,0.0
B2-000376,0700.HK,0700.HK|swing|2024-12-19T16:00:00Z,HKD,2024-12-23T01:30:00Z,2025-01-07T01:30:00Z,stop,8,235.49634782014402,431.0306061096191,380.2194060974121,404.77142333984375,0.12383134171258746,0.1234034676374406,6183.941639023748,-11965.852031233604,191.0464150438031,0.0,-12156.898446277408,-1.9658818203524642,765.765790232648,-1520.0594768998378,23.619221939116102,0.0,-1543.678698838954,-2.0158627070164203,23.617725497363665,-38.311965137890695
B2-000377,AVGO,AVGO|swing|2024-12-20T05:00:00Z,USD,2024-12-23T14:30:00Z,2025-02-24T21:00:00Z,tiempo,40,23.373344483501832,226.91669244384764,207.72206268310546,192.92571367536272,0.9624639076034649,0.9554748710108925,794.4828560871949,-448.64269363110316,10.158961349462672,0.0,-458.80165498056584,-0.5774846511353948,764.6610741936429,-465.735286235509,9.74370075139084,0.0,-475.4789869868999,-0.6218166492760288,9.74324475934906,-33.932886205572835
B2-000378,AAPL,AAPL|swing|2024-12-20T05:00:00Z,USD,2024-12-23T14:30:00Z,2025-01-02T21:00:00Z,stop,6,62.30632755899102,255.02477427673338,245.7825445992606,246.02857317243303,0.9624639076034649,0.9688983625617672,560.5202527910947,-575.8493896600469,31.20346485382775,0.0,-607.0528545138746,-1.0830168071377835,539.480512792199,-455.69824767108327,30.13074472007463,0.0,-485.8289923911579,-0.9005496600361783,30.13031915214458,98.53600609219511
B2-000379,ASML.AS,ASML.AS|swing|2025-01-05T23:00:00Z,EUR,2025-01-07T08:00:00Z,2025-01-13T16:30:00Z,stop,4,19.324247557571066,747.6469244384765,707.2063836233956,707.9142979213169,1.0,1.0,767.8031109301046,-781.4830220726802,28.113945484938817,0.0,-809.596967557619,-1.0544330389295844,767.8031109301046,-781.4830220726802,28.113945484938817,0.0,-809.596967557619,-1.0544330389295844,28.113192115107783,0.0
B2-000380,IFX.DE,IFX.DE|swing|2025-01-05T23:00:00Z,EUR,2025-01-07T08:00:00Z,2025-01-13T16:30:00Z,stop,4,401.44264750181424,33.35832576370239,31.41427032443455,31.445716040475027,1.0,1.0,767.8031109301045,-780.4267624299836,26.00248245918735,0.0,-806.429244889171,-1.0503073423501441,767.8031109301045,-780.4267624299836,26.00248245918735,0.0,-806.429244889171,-1.0503073423501441,26.00172803415212,0.0
B2-000381,BBVA.MC,BBVA.MC|swing|2025-01-05T23:00:00Z,EUR,2025-01-07T08:00:00Z,2025-01-27T16:30:00Z,objetivo,14,1574.3761096518274,9.753744435310363,10.752807121166162,9.32571520124163,1.0,1.0,673.879000350383,1572.900424655959,32.28502486186014,0.0,1540.6153997940987,2.2861899524885874,673.879000350383,1572.900424655959,32.28502486186014,0.0,1540.6153997940987,2.2861899524885874,32.28663004891241,0.0
B2-000382,6857.T,6857.T|swing|2025-01-06T15:00:00Z,JPY,2025-01-08T00:00:00Z,2025-01-28T00:00:00Z,stop,13,154.15421750523416,9657.648,8426.565,8845.857142857143,0.006102770657878676,0.0061648480364959,125140.98436076031,-189776.63654899597,2787.7577042129833,0.0,-192564.39425320894,-1.5387796031560559,763.7067274549023,-1077.5253618932416,17.093683845735093,0.0,-1094.6190457389766,-1.4332976342723327,17.092623412995405,80.63792718887768
B2-000383,NVDA,NVDA|swing|2025-01-07T05:00:00Z,USD,2025-01-08T14:30:00Z,2025-01-27T14:30:00Z,stop,11,54.00491381014736,142.72258183288574,124.67520304870605,128.0114266531808,0.9621860867891852,0.9549274255156609,794.4746675276684,-974.6471357387059,14.44079432555469,0.0,-989.0879300642605,-1.244958424089481,764.4324714015862,-986.6650140918603,13.84585828167779,0.0,-1000.5108723735381,-1.308828326639634,13.844885461549021,-48.8731005551474
B2-000384,EXV1.DE,EXV1.DE|swing|2025-01-12T23:00:00Z,EUR,2025-01-14T08:00:00Z,2025-01-30T08:00:00Z,objetivo,12,688.911540367728,21.576555305480955,22.882095685958863,20.764285768781388,1.0,1.0,559.5818577214795,899.4018345273049,30.62807773718402,149.3842673248785,1018.1580241149993,1.819497916284782,559.5818577214795,899.4018345273049,30.62807773718402,149.3842673248785,1018.1580241149993,1.819497916284782,30.62900776802475,0.0
B2-000385,DBK.DE,DBK.DE|swing|2025-01-12T23:00:00Z,EUR,2025-01-14T08:00:00Z,2025-01-24T16:30:00Z,objetivo,8,708.7662691596935,17.19517749595642,19.157306228807993,16.146571023123606,1.0,1.0,743.2168975664179,1390.6906615942476,25.765414264289753,0.0,1364.9252473299578,1.8365099768307955,743.2168975664179,1390.6906615942476,25.765414264289753,0.0,1364.9252473299578,1.8365099768307955,25.7668307217796,0.0
B2-000386,SU.PA,SU.PA|swing|2025-01-13T23:00:00Z,EUR,2025-01-15T08:00:00Z,2025-01-22T16:30:00Z,objetivo,5,59.508830556554855,250.50024999999997,271.4787058087757,240.93570164271765,1.0,1.0,569.1750875434886,1248.40337206261,31.062357235311865,0.0,1217.3410148272983,2.1387812669054767,569.1750875434886,1248.40337206261,31.062357235311865,0.0,1217.3410148272983,2.1387812669054767,31.063636702320178,0.0
B2-000387,SIE.DE,SIE.DE|swing|2025-01-14T23:00:00Z,EUR,2025-01-16T08:00:00Z,2025-02-10T16:30:00Z,objetivo,17,76.37776210110756,197.35716366577145,210.87142612348285,189.2199990408761,1.0,1.0,621.4984238978051,1032.1891229670102,31.179586113794294,0.0,1001.009536853216,1.610638898446853,621.4984238978051,1032.1891229670102,31.179586113794294,0.0,1001.009536853216,1.610638898446853,31.180649483563357,0.0
B2-000388,COIN,COIN|swing|2025-01-17T05:00:00Z,USD,2025-01-21T14:30:00Z,2025-02-18T21:00:00Z,stop,19,20.99690668282892,298.8185090026855,260.6690801042829,260.9300101143973,0.9693679720822024,0.9572125969177755,795.5412755098549,-801.0199985829768,11.747508698679948,0.0,-812.7675072816567,-1.021653473304401,771.1722329486768,-843.012470065088,11.321129345815994,0.0,-854.333599410904,-1.1078376047646956,11.320297653643163,-66.52933844141913
B2-000389,VVSM.DE,VVSM.DE|swing|2025-01-21T23:00:00Z,EUR,2025-01-23T08:00:00Z,2025-01-27T08:00:00Z,stop,2,362.4625055454798,43.22318030548095,39.86010152435303,41.857856205531526,1.0,1.0,494.87879414929597,-1218.989961354466,30.11457450098286,0.0,-1249.1045358554488,-2.524061549258093,494.87879414929597,-1218.989961354466,30.11457450098286,0.0,-1249.1045358554488,-2.524061549258093,30.11338562440536,0.0
B2-000390,SU.PA,SU.PA|swing|2025-01-21T23:00:00Z,EUR,2025-01-23T08:00:00Z,2025-01-27T08:00:00Z,stop,2,54.04409421795098,273.27299999999997,252.74699999999999,258.778555733817,1.0,1.0,783.3391115584332,-1109.3090779176607,28.42827444052657,0.0,-1137.7373523581873,-1.4524199488707872,783.3391115584332,-1109.3090779176607,28.42827444052657,0.0,-1137.7373523581873,-1.4524199488707872,28.427193558641243,0.0
B2-000391,1810.HK,1810.HK|swing|2025-01-23T16:00:00Z,HKD,2025-01-27T01:30:00Z,2025-02-12T08:00:00Z,objetivo,9,1610.4949524326398,37.68765152740478,44.431414643730434,33.72142737252371,0.12261062543680035,0.12429771789389947,6387.583981652373,10860.796459243873,132.25234156709521,0.0,10728.544117676778,1.679593434464945,783.1856670204849,1452.3715944476899,16.336264862860904,0.0,1436.035329584829,1.8335822398895718,16.337733572188387,120.72254783801121
B2-000392,EUNL.DE,EUNL.DE|swing|2025-01-23T23:00:00Z,EUR,2025-01-27T08:00:00Z,2025-01-27T16:30:00Z,stop,0,145.7322145159403,105.61050225067137,104.94352015686034,105.04856872558594,1.0,1.0,81.89181702144933,-97.20077757355992,30.684503960688517,0.0,-127.88528153424843,-1.5616368788196795,81.89181702144933,-97.20077757355992,30.684503960688517,0.0,-127.88528153424843,-1.5616368788196795,30.684437444347513,0.0
B2-000393,AIR.PA,AIR.PA|swing|2025-01-23T23:00:00Z,EUR,2025-01-27T08:00:00Z,2025-02-21T16:30:00Z,stop,19,92.53416317626728,166.32616366577147,161.25857817077636,161.4199981689453,1.0,1.0,453.98791865308453,-468.92478310356313,30.31277995515851,0.0,-499.23756305872166,-1.0996714726239547,453.98791865308453,-468.92478310356313,30.31277995515851,0.0,-499.23756305872166,-1.0996714726239547,30.312341342716497,0.0
B2-000394,9988.HK,9988.HK|swing|2025-01-26T16:00:00Z,HKD,2025-01-28T01:30:00Z,2025-02-05T01:30:00Z,objetivo,3,1076.4129351694148,88.43834847259521,98.901,82.75000108991351,0.12197055630770731,0.12424057945806259,6123.0107024556655,11262.133440268548,201.65449796211203,0.0,11060.478942306436,1.8063791621122878,746.8270216565633,1615.3115221107207,24.837574139579772,0.0,1590.473947971141,2.12964167317253,24.839214290315866,241.66284118953294
B2-000395,MUV2.DE,MUV2.DE|swing|2025-01-26T23:00:00Z,EUR,2025-01-28T08:00:00Z,2025-02-21T16:30:00Z,stop,18,28.381043336478832,528.5279999999999,509.9324064461844,510.4428492954799,1.0,1.0,513.2754458917329,-527.7623465183839,29.47258979856658,0.0,-557.2349363169504,-1.0856450289548627,513.2754458917329,-527.7623465183839,29.47258979856658,0.0,-557.2349363169504,-1.0856450289548627,29.472091508309106,0.0
B2-000396,MC.PA,MC.PA|swing|2025-01-26T23:00:00Z,EUR,2025-01-28T08:00:00Z,2025-01-29T16:30:00Z,stop,1,19.998920493511637,750.0492877807617,713.4572414637975,714.1714128766741,1.0,1.0,717.5187676830034,-731.8014249878629,29.268550720097103,0.0,-761.06997570796,-1.0606969601165852,717.5187676830034,-731.8014249878629,29.268550720097103,0.0,-761.06997570796,-1.0606969601165852,29.267848186519814,0.0
B2-000397,ALV.DE,ALV.DE|swing|2025-01-26T23:00:00Z,EUR,2025-01-28T08:00:00Z,2025-02-26T16:30:00Z,objetivo,21,48.137460550196934,311.6112877807617,331.12390178571434,305.42857142857144,1.0,1.0,297.6202644966159,939.2876868946279,30.93963983197959,0.0,908.3480470626483,3.0520369592406458,297.6202644966159,939.2876868946279,30.93963983197959,0.0,908.3480470626483,3.0520369592406458,30.940610060274274,0.0
B2-000398,NOW,NOW|swing|2025-01-27T05:00:00Z,USD,2025-01-28T14:30:00Z,2025-01-30T14:30:00Z,stop,2,59.925116722460594,230.22999999999996,205.21857197570802,217.05485098702567,0.9496676163342831,0.9619084263178145,789.5223424382957,-1498.8127437511168,26.094306502273085,0.0,-1524.90705025339,-1.9314298890440424,749.7838009860359,-1272.8395429149691,24.931452238684464,0.0,-1297.7709951536535,-1.730860273917579,24.930204329343184,150.5343827745998
B2-000399,DTE.DE,DTE.DE|swing|2025-01-27T23:00:00Z,EUR,2025-01-29T08:00:00Z,2025-02-10T16:30:00Z,objetivo,8,494.7359631828003,30.670639389038083,33.337790435518535,29.702857426234655,1.0,1.0,478.7965415184952,1319.53554193452,31.667272181070697,0.0,1287.8682697534493,2.6898027827623747,478.7965415184952,1319.53554193452,31.667272181070697,0.0,1287.8682697534493,2.6898027827623747,31.668623385235186,0.0
B2-000400,6758.T,6758.T|swing|2025-01-28T15:00:00Z,JPY,2025-01-30T00:00:00Z,2025-02-12T00:00:00Z,stop,8,716.9610074386745,3424.421,3285.711,3304.0,0.006191950464396285,0.006358087487283825,86337.1614767725,-99449.66134181857,4810.902998766488,0.0,-104260.56434058506,-1.2075977777962337,534.5954271007586,-224.4139612528774,30.180246472854286,0.0,-254.5942077257317,-0.4762371595777731,30.180052238945457,391.37341547664994
B2-000401,SU.PA,SU.PA|swing|2025-01-28T23:00:00Z,EUR,2025-01-30T08:00:00Z,2025-03-04T08:00:00Z,stop,23,41.96022894683052,242.74249999999998,224.07570304870606,224.61338942391532,1.0,1.0,760.7016303749188,-783.2630737802907,19.58779867647172,0.0,-802.8508724567624,-1.0554083761606636,760.7016303749188,-783.2630737802907,19.58779867647172,0.0,-802.8508724567624,-1.0554083761606636,19.587035000431797,0.0
B2-000402,CRWD,CRWD|swing|2025-01-29T05:00:00Z,USD,2025-01-30T14:30:00Z,2025-03-05T14:30:00Z,stop,23,88.14657848609242,100.0324352493286,90.32957817077637,91.14193071637835,0.9619084263178145,0.9472387989012029,783.6675555946593,-855.2736530139414,16.779760156705862,0.0,-872.0534131706472,-1.1127848881135818,753.8164251583871,-939.4980755467392,16.02378954442229,0.0,-955.5218650911614,-1.2675789929761656,16.022866069211258,-116.80314190501016
B2-000403,APP,APP|swing|2025-01-30T05:00:00Z,USD,2025-01-31T14:30:00Z,2025-02-13T14:30:00Z,objetivo,9,17.45953765614206,371.41104855346674,498.84065634155274,326.3578665597098,0.9612611746611555,0.9643201542912248,786.6077275490206,2224.8620356835013,15.19419241193642,0.0,2209.667843271565,2.8091102666339625,756.1354681813137,2165.315760245301,14.632229512290788,0.0,2150.6835307330102,2.8443098111849157,14.634409462459402,26.64226636516862
B2-000404,RACE.MI,RACE.MI|swing|2025-02-03T23:00:00Z,EUR,2025-02-05T08:00:00Z,2025-03-05T16:30:00Z,stop,20,34.64173077443657,441.8413938903808,426.1734148080008,426.60001482282365,1.0,1.0,527.9877502894477,-542.7659131513112,30.069535311153395,0.0,-572.8354484624646,-1.0849407929415615,527.9877502894477,-542.7659131513112,30.069535311153395,0.0,-572.8354484624646,-1.0849407929415615,30.069022614261332,0.0
B2-000405,EQQQ.DE,EQQQ.DE|swing|2025-02-09T23:00:00Z,EUR,2025-02-11T08:00:00Z,2025-02-25T08:00:00Z,stop,10,30.46840726235402,514.2137122192382,497.20231219482423,498.2428458077567,1.0,1.0,486.60686215767043,-518.3102640466649,30.816235343518652,0.0,-549.1264993901835,-1.128480796500267,486.60686215767043,-518.3102640466649,30.816235343518652,0.0,-549.1264993901835,-1.128480796500267,30.8157478490006,0.0
B2-000406,IQQT.DE,IQQT.DE|swing|2025-02-09T23:00:00Z,EUR,2025-02-11T08:00:00Z,2025-02-28T08:00:00Z,stop,13,174.11971619617646,89.97988938903808,85.31460152435302,87.09857286725726,1.0,1.0,501.69401504383023,-812.3185989724279,30.522227008592893,0.0,-842.8408259810208,-1.6799897959862775,501.69401504383023,-812.3185989724279,30.522227008592893,0.0,-842.8408259810208,-1.6799897959862775,30.52144521143856,0.0
B2-000407,ICGA.DE,ICGA.DE|swing|2025-02-10T23:00:00Z,EUR,2025-02-12T08:00:00Z,2025-03-19T16:30:00Z,objetivo,25,3098.2006704245873,4.9619567785263055,5.370280335698809,4.710499831608364,1.0,1.0,779.0640815240863,1265.068318582004,32.011343954278054,0.0,1233.0569746277258,1.582741399417993,779.0640815240863,1265.068318582004,32.011343954278054,0.0,1233.0569746277258,1.582741399417993,32.012641035234616,0.0
B2-000408,9988.HK,9988.HK|swing|2025-02-11T16:00:00Z,HKD,2025-02-13T01:30:00Z,2025-02-21T01:30:00Z,objetivo,6,697.7227342803612,115.31519694519042,132.867,106.25714656284877,0.1238098775520311,0.12313602837054094,6320.007680016686,12246.292018952128,173.16236105230536,0.0,12073.129657899823,1.910303004231151,782.479376990762,1453.7431807762482,21.3767419839499,0.0,1432.3664387922984,1.8305484858921834,21.37821710534797,-62.46873455662998
B2-000409,UBER,UBER|swing|2025-02-12T05:00:00Z,USD,2025-02-13T14:30:00Z,2025-03-04T21:00:00Z,stop,12,114.63434801854974,79.19912274932861,71.95383016204833,72.0258560180664,0.9643201542912248,0.9472387989012029,822.302754901396,-830.5593919465058,17.327320208074248,0.0,-847.8867121545801,-1.0311125763603357,792.9631194806134,-941.818678132113,16.56819057936138,0.0,-958.3868687114743,-1.2086146822808261,16.567265327948753,-140.89351714223258
B2-000410,BSP.DE,BSP.DE|swing|2025-02-19T23:00:00Z,EUR,2025-02-21T08:00:00Z,2025-03-03T08:00:00Z,objetivo,6,896.6179492114986,15.615600381851195,19.59039060974121,14.719285556248256,1.0,1.0,803.6519607799694,3563.8682626766504,31.56632344284008,0.0,3532.30193923381,4.395313035515524,803.6519607799694,3563.8682626766504,31.56632344284008,0.0,3532.30193923381,4.395313035515524,31.569918881021408,0.0
B2-000411,1810.HK,1810.HK|swing|2025-02-20T16:00:00Z,HKD,2025-02-24T01:30:00Z,2025-04-01T08:00:00Z,stop,26,1215.2335276727792,52.25220076370238,46.867372735159734,46.91428702218192,0.12296039445694543,0.1188636633781053,6486.811746520921,-6543.823561037141,120.45342896444353,0.0,-6664.276990001585,-1.027357853197427,797.6209311201595,-1037.9596366390547,14.577672628842357,0.0,-1052.537309267897,-1.319595898504994,14.576649245853744,-233.32851031727478
B2-000412,0700.HK,0700.HK|swing|2025-02-20T16:00:00Z,HKD,2025-02-24T01:30:00Z,2025-02-25T01:30:00Z,stop,1,147.73741331103335,522.5219999999999,477.32218780517576,478.6142883300781,0.12296039445694543,0.12291656423619647,6486.811746520921,-6677.703335807825,147.71439402040772,0.0,-6825.417729828233,-1.052199138272961,797.6209311201595,-824.1838708805936,18.159929321074785,0.0,-842.3438002016684,-1.0560703303243324,18.159123296326428,-3.0908346432040825
B2-000413,9988.HK,9988.HK|swing|2025-02-20T16:00:00Z,HKD,2025-02-24T01:30:00Z,2025-03-04T08:00:00Z,stop,6,449.70448299931405,139.03889389038085,124.48966968645368,124.61428397042411,0.12296039445694543,0.12287125549848868,6486.811746520922,-6542.851348668173,118.50997643887223,0.0,-6661.361325107046,-1.026908377398148,797.6209311201596,-809.5018991613643,14.56704313355107,0.0,-824.0689422949155,-1.03315862227639,14.566248197899831,-4.990316455968548
B2-000414,IBE.MC,IBE.MC|swing|2025-02-23T23:00:00Z,EUR,2025-02-25T08:00:00Z,2025-03-06T08:00:00Z,stop,7,1130.2953314685399,13.788774618148802,13.356629885673524,13.393571853637695,1.0,1.0,446.69583971036417,-488.45117363552765,30.68232398149545,0.0,-519.1334976170231,-1.1621632696503894,446.69583971036417,-488.45117363552765,30.68232398149545,0.0,-519.1334976170231,-1.1621632696503894,30.681866212184737,0.0
B2-000415,BRK-B,BRK-B|swing|2025-02-24T05:00:00Z,USD,2025-02-25T14:30:00Z,2025-03-26T20:00:00Z,objetivo,21,32.37455088418583,503.6531438903808,533.0595380704062,483.9900163922991,0.9554748710108925,0.9269558769002596,636.5849217288808,952.0188047016588,33.56310747442026,0.0,918.4556972272386,1.442785818320726,608.2408959763815,417.4617030812466,31.576537443305405,0.0,385.88516563794116,0.6344281816474988,31.57698648199512,-492.16834154101366
B2-000416,ALV.DE,ALV.DE|swing|2025-02-25T23:00:00Z,EUR,2025-02-27T08:00:00Z,2025-04-04T15:30:00Z,stop,26,47.674621100671594,331.33099999999996,323.56184773472376,323.885733468192,1.0,1.0,354.9502608974571,-370.39139052046744,31.22176837729277,0.0,-401.61315889776023,-1.1314632024281952,354.9502608974571,-370.39139052046744,31.22176837729277,0.0,-401.61315889776023,-1.1314632024281952,31.221429207330747,0.0
B2-000417,RRU.DE,RRU.DE|swing|2025-02-26T23:00:00Z,EUR,2025-02-28T08:00:00Z,2025-04-04T15:30:00Z,stop,25,1088.1694937486816,9.09308363342285,8.36933617074149,8.377713884626116,1.0,1.0,778.4435373912634,-787.5599100678677,19.00207251792446,0.0,-806.5619825857922,-1.036121367631569,778.4435373912634,-787.5599100678677,19.00207251792446,0.0,-806.5619825857922,-1.036121367631569,19.001303959316193,0.0
B2-000418,DBK.DE,DBK.DE|swing|2025-02-27T23:00:00Z,EUR,2025-03-03T08:00:00Z,2025-03-04T16:30:00Z,stop,1,768.5324325407954,20.5455246181488,19.654183695111957,19.67385755266462,1.0,1.0,669.9044102022525,-685.0244078046628,30.894779617420724,0.0,-715.9191874220835,-1.0686885718604817,669.9044102022525,-685.0244078046628,30.894779617420724,0.0,-715.9191874220835,-1.0686885718604817,30.89412548713549,0.0
B2-000419,SAF.PA,SAF.PA|swing|2025-03-02T23:00:00Z,EUR,2025-03-04T08:00:00Z,2025-03-10T16:30:00Z,stop,4,60.6367456100932,260.15989389038083,247.53079024396624,247.778568812779,1.0,1.0,750.7632590464087,-765.787745091142,30.784710862468586,0.0,-796.5724559536106,-1.0610168336758874,750.7632590464087,-765.787745091142,30.784710862468586,0.0,-796.5724559536106,-1.0610168336758874,30.783975858697364,0.0
B2-000420,7011.T,7011.T|swing|2025-03-03T15:00:00Z,JPY,2025-03-05T00:00:00Z,2025-03-17T06:30:00Z,objetivo,8,858.0124860833239,2260.258,2686.5652098214287,2119.8571428571427,0.006389776357827476,0.006177415369409439,120465.68848537246,365776.90893412934,4244.436080473572,0.0,361532.47285365575,3.0011240329029856,769.7488082132426,1847.7179513223684,26.631482625695803,0.0,1821.0864686966727,2.3658191467990934,26.633356977002293,-489.5146936241455
B2-000421,MUV2.DE,MUV2.DE|swing|2025-03-03T23:00:00Z,EUR,2025-03-05T08:00:00Z,2025-04-07T07:00:00Z,stop,23,20.96429105775084,562.5619999999999,512.0873756103516,525.8285391671317,1.0,1.0,770.09096445874,-1058.164716735236,22.52926229532562,0.0,-1080.6939790305616,-1.4033328904074722,770.09096445874,-1058.164716735236,22.52926229532562,0.0,-1080.6939790305616,-1.4033328904074722,22.52822665883232,0.0
B2-000422,BSP.DE,BSP.DE|swing|2025-03-03T23:00:00Z,EUR,2025-03-05T08:00:00Z,2025-04-07T07:00:00Z,stop,23,378.913180477634,19.529510229110716,16.583400381088257,17.497142383030482,1.0,1.0,770.09096445874,-1116.3198525506689,13.683657815614987,0.0,-1130.0035103662838,-1.4673636784720738,770.09096445874,-1116.3198525506689,13.683657815614987,0.0,-1130.0035103662838,-1.4673636784720738,13.682555178316969,0.0
B2-000423,EXV1.DE,EXV1.DE|swing|2025-03-04T23:00:00Z,EUR,2025-03-06T08:00:00Z,2025-03-11T16:30:00Z,stop,3,576.1597251957373,26.356329923629758,24.98285014588492,25.00785800388881,1.0,1.0,776.9352107121131,-791.3437313073678,29.579567880626055,0.0,-820.9232991879938,-1.0566174474645869,776.9352107121131,-791.3437313073678,29.579567880626055,0.0,-820.9232991879938,-1.0566174474645869,29.578806115699365,0.0
B2-000424,DBK.DE,DBK.DE|swing|2025-03-04T23:00:00Z,EUR,2025-03-06T08:00:00Z,2025-04-04T15:30:00Z,stop,21,379.7487008892245,22.22720492362976,20.161104300090244,20.18128558567592,1.0,1.0,776.9352107121132,-784.5990276955478,16.096905360598402,0.0,-800.6959330561461,-1.0305826303357453,776.9352107121132,-784.5990276955478,16.096905360598402,0.0,-800.6959330561461,-1.0305826303357453,16.09613685770688,0.0
B2-000425,EXSA.DE,EXSA.DE|swing|2025-03-04T23:00:00Z,EUR,2025-03-06T08:00:00Z,2025-03-11T16:30:00Z,stop,3,280.3030107225197,55.43538106918334,53.921739921569824,53.97571563720703,1.0,1.0,409.1486152305474,-424.2781708295593,30.653130257654965,0.0,-454.93130108721425,-1.111897447901343,409.1486152305474,-424.2781708295593,30.653130257654965,0.0,-454.93130108721425,-1.111897447901343,30.652736632219096,0.0
B2-000426,EXV1.DE,EXV1.DE|swing|2025-03-10T23:00:00Z,EUR,2025-03-12T08:00:00Z,2025-04-04T07:00:00Z,stop,17,515.1188386525637,25.355329923629757,23.74623045730591,23.89714322771345,1.0,1.0,751.1394373390272,-828.8774483692004,25.293138759456312,0.0,-854.1705871286566,-1.1371664762465752,751.1394373390272,-828.8774483692004,25.293138759456312,0.0,-854.1705871286566,-1.1371664762465752,25.29233517434057,0.0
B2-000427,VRTX,VRTX|swing|2025-03-12T04:00:00Z,USD,2025-03-13T13:30:00Z,2025-04-07T13:30:00Z,stop,17,33.39613828469232,494.28379855346674,465.46406268310545,470.56714303152904,0.9186110600771633,0.9044044496698924,792.044707461043,-962.467884454893,32.05187229229426,0.0,-994.5197567471873,-1.2556358844126272,727.5810283492954,-1104.9711717374669,29.222366855774155,0.0,-1134.193538593241,-1.5588552950129153,29.221291105892192,-220.83752810813215
B2-000428,IBE.MC,IBE.MC|swing|2025-03-12T23:00:00Z,EUR,2025-03-14T08:00:00Z,2025-03-31T15:30:00Z,objetivo,11,1102.9070884393814,13.863850381851195,15.087753209480217,13.41357149396624,1.0,1.0,496.6157772229192,1349.8511041530508,31.930928822566464,0.0,1317.9201753304842,2.653802468178333,496.6157772229192,1349.8511041530508,31.930928822566464,0.0,1317.9201753304842,2.653802468178333,31.932310605980632,0.0
B2-000429,OR.PA,OR.PA|swing|2025-03-13T23:00:00Z,EUR,2025-03-17T08:00:00Z,2025-03-24T16:30:00Z,stop,5,42.563559859509226,365.6652877807617,347.6377277003697,347.98571341378346,1.0,1.0,752.5056218595222,-767.3171326026635,30.36071559739957,0.0,-797.6778482000631,-1.0600290881932755,752.5056218595222,-767.3171326026635,30.36071559739957,0.0,-797.6778482000631,-1.0600290881932755,30.359978640243416,0.0
B2-000430,EXH1.DE,EXH1.DE|swing|2025-03-18T23:00:00Z,EUR,2025-03-20T08:00:00Z,2025-04-03T15:30:00Z,stop,10,422.0209557767379,37.55251438903808,36.120272861480714,36.156429290771484,1.0,1.0,589.1771675161299,-604.4359383628947,31.091460090200208,0.0,-635.527398453095,-1.0786694283017955,589.1771675161299,-604.4359383628947,31.091460090200208,0.0,-635.527398453095,-1.0786694283017955,31.090886745145667,0.0
B2-000431,EUNN.DE,EUNN.DE|swing|2025-03-23T23:00:00Z,EUR,2025-03-25T08:00:00Z,2025-03-28T16:30:00Z,stop,3,293.5760572891819,53.449395908355704,52.36387072644915,52.416287013462615,1.0,1.0,303.2960361130971,-318.68420299224823,31.06424162753495,0.0,-349.7484446197832,-1.1531586403238197,303.2960361130971,-318.68420299224823,31.06424162753495,0.0,-349.7484446197832,-1.1531586403238197,31.063954007284053,0.0
B2-000432,6758.T,6758.T|swing|2025-03-25T15:00:00Z,JPY,2025-03-27T00:00:00Z,2025-04-03T00:00:00Z,stop,5,675.2613247509531,3789.7859999999996,3455.541,3607.5714285714284,0.006165228113440197,0.0062027043791092916,123042.45289178414,-225702.72149138193,4892.489108273849,6752.613247509531,-223842.59735214626,-1.8192306158673208,758.5847897150687,-1304.0619005926446,30.25075825825588,41.54176098129517,-1292.7708978696055,-1.7041877393233549,30.249484445837382,87.44686322598594
B2-000433,APP,APP|swing|2025-03-28T04:00:00Z,USD,2025-03-31T13:30:00Z,2025-04-04T20:00:00Z,stop,4,29.353403167701117,256.185922668457,227.3520078040532,227.57958739144462,0.9261831990367694,0.9044044496698924,839.6932925365758,-846.3735279180155,14.193483820035425,0.0,-860.567011738051,-1.0248587423372397,777.7098198912436,-929.2386265791886,13.000424565004991,0.0,-942.2390511441936,-1.2115560676293866,12.99950832588583,-145.34168491204449
B2-000434,ENI.MI,ENI.MI|swing|2025-03-30T22:00:00Z,EUR,2025-04-01T07:00:00Z,2025-04-03T15:30:00Z,stop,2,1076.6398831925148,14.372357801437376,13.833866845812118,13.84771456037249,1.0,1.0,564.8518377778418,-579.7608395646039,30.36794640951653,0.0,-610.1287859741204,-1.0801572114457496,564.8518377778418,-579.7608395646039,30.36794640951653,0.0,-610.1287859741204,-1.0801572114457496,30.367397016071372,0.0
B2-000435,BRK-B,BRK-B|swing|2025-03-31T04:00:00Z,USD,2025-04-01T13:30:00Z,2025-04-04T20:00:00Z,stop,3,31.359417965507216,532.4118848876952,512.8223663766044,513.3357020786831,0.9246417013407305,0.9044044496698924,598.2179898942356,-614.3158987323397,32.777937757261164,0.0,-647.0938364896009,-1.081702401835168,553.137299948438,-893.4737528628895,29.98239647921617,0.0,-923.4561493421056,-1.6694881170157712,29.98153298699556,-325.4516550983589
B2-000436,7011.T,7011.T|swing|2025-04-22T15:00:00Z,JPY,2025-04-24T00:00:00Z,2025-06-03T06:30:00Z,objetivo,25,331.2557037330948,2677.6749999999997,3404.444825892857,2329.214285714286,0.006185056902523503,0.006135722174499939,115429.59913405105,240746.65012811718,2014.7368831151462,0.0,238731.91324500204,2.0682036066655414,713.9386388795834,1433.3948967972303,12.40562543234293,0.0,1420.9892713648874,1.9903521030811708,12.407071234310639,-55.636833337091794
B2-000437,ENR.DE,ENR.DE|swing|2025-04-22T22:00:00Z,EUR,2025-04-24T07:00:00Z,2025-05-28T07:00:00Z,objetivo,23,95.48605292420694,64.4043363342285,85.89402335357666,56.925714765276226,1.0,1.0,714.1040549330928,2051.965392054121,14.351397127571255,0.0,2037.6139949265496,2.8533852746676556,714.1040549330928,2051.965392054121,14.351397127571255,0.0,2037.6139949265496,2.8533852746676556,14.353463446425922,0.0
B2-000438,ALV.DE,ALV.DE|swing|2025-04-22T22:00:00Z,EUR,2025-04-24T07:00:00Z,2025-06-20T15:30:00Z,tiempo,40,26.007999249438583,357.4571061096191,339.8598121948242,330.00001307896207,1.0,1.0,714.1040549330928,-457.67040692813526,18.135817887882787,400.5231884413542,-75.28303637466388,-0.10542306244391433,714.1040549330928,-457.67040692813526,18.135817887882787,400.5231884413542,-75.28303637466388,-0.10542306244391433,18.135378352852996,0.0
B2-000439,EUNH.DE,EUNH.DE|swing|2025-04-22T22:00:00Z,EUR,2025-04-24T07:00:00Z,2025-06-20T15:30:00Z,tiempo,40,127.796262388643,111.75664163970946,111.87800786590576,110.06285858154297,1.0,1.0,216.45914413088272,15.510150088101867,28.579672347411815,0.0,-13.069522259309949,-0.060378702465013076,216.45914413088272,15.510150088101867,28.579672347411815,0.0,-13.069522259309949,-0.060378702465013076,28.57971643727683,0.0
B2-000440,OR.PA,OR.PA|swing|2025-04-22T22:00:00Z,EUR,2025-04-24T07:00:00Z,2025-06-20T15:30:00Z,tiempo,40,25.890323276775213,375.12474999999995,364.5850621948242,347.54285975864957,1.0,1.0,714.1040549330928,-272.8759245122851,19.151326168726676,181.2322629374265,-110.79498774358527,-0.15515244168998044,714.1040549330928,-272.8759245122851,19.151326168726676,181.2322629374265,-110.79498774358527,-0.15515244168998044,19.151072443873314,0.0
B2-000441,PLTR,PLTR|swing|2025-04-23T04:00:00Z,USD,2025-04-24T13:30:00Z,2025-06-16T20:00:00Z,objetivo,36,44.69899824153328,101.63152877807616,143.1376189654214,83.40014321463448,0.8760402978537013,0.8640055296353897,814.9246712409948,1855.2806522970673,10.940935704568199,0.0,1844.3397165924991,2.2632027004212256,713.9068517222908,1548.3008662774112,9.507700824465,0.0,1538.7931654529461,2.155453700634233,9.509258634589504,-76.9997489631207
B2-000442,BSP.DE,BSP.DE|swing|2025-04-23T22:00:00Z,EUR,2025-04-25T07:00:00Z,2025-06-23T15:30:00Z,tiempo,40,373.82911585156,19.989969312667846,22.127849618911743,18.070714950561523,1.0,1.0,717.4731612804562,799.2019046796183,15.744867012788493,0.0,783.4570376668298,1.091967030890206,717.4731612804562,799.2019046796183,15.744867012788493,0.0,783.4570376668298,1.091967030890206,15.745681960374974,0.0
B2-000443,NOW,NOW|swing|2025-04-24T04:00:00Z,USD,2025-04-25T13:30:00Z,2025-06-24T20:00:00Z,tiempo,40,35.08929502582812,188.98880305480955,199.06474356079102,165.72943115234375,0.8790436005625879,0.8615490652192642,816.1549628010796,353.5576490770755,13.616525383013755,0.0,339.94112369406173,0.4165154158070287,717.435797117686,188.59253317411674,11.847319444159243,0.0,176.7452137299575,0.24635683700204988,11.847519884211724,-122.20005567703973
B2-000444,MUV2.DE,MUV2.DE|swing|2025-04-24T22:00:00Z,EUR,2025-04-28T07:00:00Z,2025-05-13T07:00:00Z,stop,10,16.255108407307397,602.0014244384765,554.445,557.7714146205357,1.0,1.0,718.9636044468992,-773.034834711358,18.798161996490457,325.10216814614796,-466.7308285617005,-0.6491717044853166,718.9636044468992,-773.034834711358,18.798161996490457,325.10216814614796,-466.7308285617005,-0.6491717044853166,18.797407759062217,0.0
B2-000445,BRK-B,BRK-B|swing|2025-04-25T04:00:00Z,USD,2025-04-28T13:30:00Z,2025-06-04T20:00:00Z,stop,26,20.02029033654887,534.1636348876953,492.8880577697754,493.3814392089844,0.880514220304658,0.8784258608573435,816.4713980497405,-826.3490377093685,20.561873077646524,0.0,-846.910910787015,-1.0372817869799036,718.9146764548213,-748.2195126764213,18.08441420692901,0.0,-766.3039268833504,-1.0659177674076976,18.083684071099174,-20.607434038252073
B2-000446,DBK.DE,DBK.DE|swing|2025-04-28T22:00:00Z,EUR,2025-04-30T07:00:00Z,2025-06-26T15:30:00Z,tiempo,40,386.64152414576535,23.6736496181488,25.514460914611817,21.80514281136649,1.0,1.0,722.4423196510495,711.7340853292029,19.01816602623694,262.9162364191205,955.6321557220865,1.3227798673029996,722.4423196510495,711.7340853292029,19.01816602623694,262.9162364191205,955.6321557220865,1.3227798673029996,19.01889677921764,0.0
B2-000447,VRTX,VRTX|swing|2025-04-30T04:00:00Z,USD,2025-05-01T13:30:00Z,2025-05-06T13:30:00Z,stop,3,31.608817268189092,507.50699999999995,465.09443756103514,481.52999441964283,0.8792754770069463,0.8816009873931058,821.1024225642363,-1340.610936008899,30.742781114644785,0.0,-1371.3537171235437,-1.670137219716046,721.975224271728,-1144.5787941769295,27.065561055162455,0.0,-1171.644355232092,-1.622831803423663,27.06444354081095,34.187526063022965
B2-000448,MSFT,MSFT|swing|2025-05-01T04:00:00Z,USD,2025-05-02T13:30:00Z,2025-06-23T20:00:00Z,objetivo,34,25.743555533331847,432.17173022460935,485.9241840730395,400.3700038364955,0.8792754770069463,0.8716875871687587,818.6895093282329,1383.7792806999187,23.6350531546466,21.36715109266543,1381.5113786379375,1.687466814826444,719.8536088351648,1121.8031149100084,20.686802564436675,19.103398384144327,1120.219710729716,1.556177112930511,20.68794505549562,-94.92007219974195
B2-000449,UBER,UBER|swing|2025-05-05T04:00:00Z,USD,2025-05-06T13:30:00Z,2025-07-03T17:00:00Z,tiempo,40,196.36382446246506,83.58349999999999,93.53636725616455,79.38614218575614,0.8816009873931058,0.8487523340689187,824.2092330423343,1954.3830787877152,34.77993452270461,0.0,1919.6031442650105,2.3290240721756303,726.6236736686363,1119.6496200076258,30.058688184687945,0.0,1089.5909318229378,1.4995257810989326,30.05983789414317,-603.3364319960023
B2-000450,1810.HK,1810.HK|swing|2025-05-06T16:00:00Z,HKD,2025-05-08T01:30:00Z,2025-07-04T08:00:00Z,tiempo,40,1421.0957821482161,49.8497992362976,57.4425,45.392856052943635,0.11345715290620496,0.10812213476342877,6333.743159138561,10789.955030411025,152.4726339016868,0.0,10637.482396509338,1.6794938047276484,718.6084660750134,788.6931407417428,16.863606501600813,0.0,771.829534240142,1.0740612874432418,16.864412059151903,-435.5044369946766
B2-000451,CRWD,CRWD|swing|2025-05-07T04:00:00Z,USD,2025-05-08T13:30:00Z,2025-06-26T20:00:00Z,objetivo,33,83.95485917642047,106.9781175842285,125.95905726569039,97.23814283098493,0.8802816901408451,0.8550662676357418,817.7182087904548,1593.5421179932644,19.556207711478173,0.0,1573.9859102817861,1.924851242593681,719.822366893006,1136.116010024053,16.948321638091755,0.0,1119.1676883859611,1.5547831518721251,16.949474703575476,-266.6499389136797
B2-000452,9988.HK,9988.HK|swing|2025-05-11T16:00:00Z,HKD,2025-05-13T01:30:00Z,2025-05-16T01:30:00Z,stop,3,700.7500716468146,131.13099999999997,120.879,122.04285430908203,0.11556151339357941,0.1145147437732608,6368.5187440474365,-7184.089734523121,176.59602555571377,0.0,-7360.685760078834,-1.1557924308472456,735.9556641374993,-918.8719159452635,20.319036338641013,0.0,-939.1909522839045,-1.2761515374497268,20.318137784860177,-88.6676338684938
B2-000453,COIN,COIN|swing|2025-05-13T04:00:00Z,USD,2025-05-14T13:30:00Z,2025-06-24T20:00:00Z,objetivo,27,32.12318389037693,257.116845336914,318.2501719677789,231.59999520438058,0.8999280057595392,0.8615490652192642,819.6824691105609,1963.7970931937493,18.482620501336335,0.0,1945.314472692413,2.3732537244614704,737.6552097827222,1374.9200792331792,16.240671886416933,0.0,1358.6794073467622,1.8418895295906117,16.242063048558087,-392.35592256105156
B2-000454,EXV1.DE,EXV1.DE|swing|2025-05-26T22:00:00Z,EUR,2025-05-28T07:00:00Z,2025-06-13T15:30:00Z,stop,12,529.7679815450228,28.13811061096191,27.212760043552944,27.24000004359654,1.0,1.0,475.79022247740625,-490.2211023177895,29.323119023401972,0.0,-519.5442213411915,-1.0919606935929898,475.79022247740625,-490.2211023177895,29.323119023401972,0.0,-519.5442213411915,-1.0919606935929898,29.322658124956206,0.0
B2-000455,MU,MU|swing|2025-06-03T04:00:00Z,USD,2025-06-04T13:30:00Z,2025-06-16T20:00:00Z,objetivo,8,117.7843850365317,102.48237725067138,119.07839105946677,95.2971431187221,0.8782715615668364,0.8640055296353897,846.3083835751427,1954.7512805267534,26.096398843631103,0.0,1928.6548816831223,2.2789031978340075,743.2885856096457,1516.7131579304842,22.71963566197435,0.0,1493.9935222685099,2.0099777545260373,22.72117509630688,-200.08930169252065
B2-000456,IFX.DE,IFX.DE|swing|2025-06-03T22:00:00Z,EUR,2025-06-05T07:00:00Z,2025-07-31T15:30:00Z,tiempo,40,298.1148952821617,36.02599168014526,34.60036332321167,33.539999280657085,1.0,1.0,741.1113638456673,-425.00104833853845,21.054768425986527,0.0,-446.055816764525,-0.6018742101725671,741.1113638456673,-425.00104833853845,21.054768425986527,0.0,-446.055816764525,-0.6018742101725671,21.054364479302585,0.0
B2-000457,8035.T,8035.T|swing|2025-06-12T15:00:00Z,JPY,2025-06-16T00:00:00Z,2025-06-27T06:30:00Z,objetivo,9,82.32846824839221,23848.824999999997,27275.73267857143,22362.85714285714,0.00602627455706882,0.005919962112242482,122337.45754491702,282132.06000543956,4209.006523553364,0.0,277923.0534818862,2.271773985329431,737.2391077794204,1461.4732935081781,25.125896961990307,0.0,1436.3473965461878,1.9482788981074217,25.127383562665692,-238.73196143601652
B2-000458,6857.T,6857.T|swing|2025-06-15T15:00:00Z,JPY,2025-06-17T00:00:00Z,2025-07-10T06:30:00Z,objetivo,17,175.988777080614,9299.289999999999,11092.664089285714,8592.42857142857,0.005991970759182696,0.005826487210860572,124399.67837974147,315613.7128214528,3588.7550624574187,0.0,312024.9577589954,2.5082456950291343,745.3992353031427,1568.0937389776036,21.180660996668095,0.0,1546.9130779809354,2.0752812784303822,21.182250272656376,-323.0543994456265
B2-000459,AMD,AMD|swing|2025-06-16T04:00:00Z,USD,2025-06-17T13:30:00Z,2025-07-15T13:30:00Z,objetivo,18,81.0438540909026,128.05793030548094,153.59625,117.37143053327289,0.8640055296353897,0.8554319931565441,866.0751282812932,2069.723855049427,22.82634029277017,0.0,2046.897514756657,2.3634179621561002,748.2936999147169,1681.529198505474,19.615360577217018,0.0,1661.913837928257,2.220937899273595,19.617061723476024,-106.72365707550598
B2-000460,TTE.PA,TTE.PA|swing|2025-06-19T22:00:00Z,EUR,2025-06-23T07:00:00Z,2025-06-24T07:00:00Z,stop,1,270.7606128739433,55.14509015274047,51.24869923782349,52.628572191510884,1.0,1.0,681.3739454908097,-1054.9891921193876,28.807247621370344,0.0,-1083.796439740758,-1.590604464572055,681.3739454908097,-1054.9891921193876,28.807247621370344,0.0,-1083.796439740758,-1.590604464572055,28.80622143839774,0.0
B2-000461,AIR.PA,AIR.PA|swing|2025-06-19T22:00:00Z,EUR,2025-06-23T07:00:00Z,2025-07-18T15:30:00Z,objetivo,19,89.57603784428417,166.6865242767334,185.26847910158972,160.13428388323103,1.0,1.0,586.9237334532147,1664.4978886121091,31.526734702101834,0.0,1632.9711539100074,2.7822544239304916,586.9237334532147,1664.4978886121091,31.526734702101834,0.0,1632.9711539100074,2.7822544239304916,31.528430728421903,0.0
B2-000462,PLTR,PLTR|swing|2025-06-23T04:00:00Z,USD,2025-06-24T13:30:00Z,2025-08-05T13:30:00Z,objetivo,29,60.681045294926435,141.12097572326658,171.63818756103515,126.93028586251395,0.8716875871687587,0.8646779074794638,861.1058942065835,1851.8163138024997,18.978552953658003,0.0,1832.8377608488418,2.128469649528534,750.6153192177331,1541.1981862709304,16.47036192394135,0.0,1524.727824346989,2.0313038986947545,16.471919594046373,-73.00710818731518
B2-000463,PANW,PANW|swing|2025-06-23T04:00:00Z,USD,2025-06-24T13:30:00Z,2025-07-10T20:00:00Z,stop,11,84.33780868215936,204.20399999999998,194.45250860595704,194.64715576171875,0.8716875871687587,0.8540438978563498,806.0033009733594,-822.4194155565173,33.62181635270682,0.0,-856.041231909224,-1.0620815459135675,702.5830726755224,-1006.2439805839291,29.018368788125397,0.0,-1035.2623493720546,-1.4735088128862097,29.017391561534545,-289.35118459672793
B2-000464,ASML.AS,ASML.AS|swing|2025-06-23T22:00:00Z,EUR,2025-06-25T07:00:00Z,2025-07-02T15:30:00Z,stop,5,17.562620688887108,700.6999999999999,656.4714724731446,657.1286010742188,1.0,1.0,765.2279522176781,-776.7688525821632,23.83548778082423,0.0,-800.6043403629874,-1.0462298692079743,765.2279522176781,-776.7688525821632,23.83548778082423,0.0,-800.6043403629874,-1.0462298692079743,23.834734846704816,0.0
B2-000465,EXH1.DE,EXH1.DE|swing|2025-06-23T22:00:00Z,EUR,2025-06-25T07:00:00Z,2025-08-20T15:30:00Z,tiempo,40,416.942201745922,36.70666816711425,38.14681637191772,35.60785838535854,1.0,1.0,458.14016970518253,600.4585633511961,31.20957665205832,126.36475779414529,695.613744493283,1.5183426175899768,458.14016970518253,600.4585633511961,31.20957665205832,126.36475779414529,695.613744493283,1.5183426175899768,31.210208320828315,0.0
B2-000466,DBK.DE,DBK.DE|swing|2025-06-25T22:00:00Z,EUR,2025-06-27T07:00:00Z,2025-07-01T15:30:00Z,stop,2,555.336658833166,25.785760229110714,24.366323930740357,24.390714645385742,1.0,1.0,774.7199533857897,-788.2650113635109,27.85129085085144,0.0,-816.1163022143623,-1.0534339520334497,774.7199533857897,-788.2650113635109,27.85129085085144,0.0,-816.1163022143623,-1.0534339520334497,27.850530436368118,0.0
B2-000467,IQQK.DE,IQQK.DE|swing|2025-06-25T22:00:00Z,EUR,2025-06-27T07:00:00Z,2025-08-22T15:30:00Z,tiempo,40,367.49573931851904,42.162118930816646,43.941015609741214,41.09285409109933,1.0,1.0,392.9502727992117,653.7369501926422,31.642535085624225,0.0,622.094415107018,1.5831377611102806,392.9502727992117,653.7369501926422,31.642535085624225,0.0,622.094415107018,1.5831377611102806,31.643220465792254,0.0
B2-000468,SAF.PA,SAF.PA|swing|2025-06-30T22:00:00Z,EUR,2025-07-02T07:00:00Z,2025-07-31T15:30:00Z,objetivo,21,57.131220894326155,265.1648938903808,292.6557123257773,253.3928484235491,1.0,1.0,672.5513299436135,1570.5840205984498,31.868972273142255,0.0,1538.7150483253076,2.2878774895208562,672.5513299436135,1570.5840205984498,31.868972273142255,0.0,1538.7150483253076,2.2878774895208562,31.870574727736543,0.0
B2-000469,INTC,INTC|swing|2025-07-02T04:00:00Z,USD,2025-07-03T13:30:00Z,2025-07-30T20:00:00Z,stop,18,442.214187384421,22.1721496181488,20.128422171183992,20.14857074192592,0.8507018290089324,0.8675284115554784,894.8552883571814,-903.7652721947803,18.705912979716164,0.0,-922.4711851744964,-1.0308607404757184,761.2550305037698,-619.060116097649,16.062929039079677,0.0,-635.1230451367287,-0.8343104737402238,16.062326041289033,149.7746539532067
B2-000470,IS3N.DE,IS3N.DE|swing|2025-07-02T22:00:00Z,EUR,2025-07-04T07:00:00Z,2025-08-25T07:00:00Z,objetivo,36,458.4605149155447,33.59856362533569,35.30865776824951,33.30471529279436,1.0,1.0,134.71785784397244,784.0106413143259,31.591240201502515,0.0,752.4194011128234,5.585149683602159,134.71785784397244,784.0106413143259,31.591240201502515,0.0,752.4194011128234,5.585149683602159,31.592055804200044,0.0
B2-000471,UBER,UBER|swing|2025-07-03T04:00:00Z,USD,2025-07-07T13:30:00Z,2025-07-29T20:00:00Z,stop,16,157.30245526576542,93.63354091644285,87.81423452976772,87.90213666643415,0.8498342823149485,0.8670770831526923,901.5639606470127,-915.3911825677487,28.54218058020019,0.0,-943.933363147949,-1.0469954482991197,766.1799614574765,-539.7491949900603,24.49430516276292,0.0,-564.2435001528232,-0.7364372974196339,24.493789907354856,238.1816136848336
B2-000472,IQQT.DE,IQQT.DE|swing|2025-07-09T22:00:00Z,EUR,2025-07-11T07:00:00Z,2025-09-05T15:30:00Z,tiempo,40,176.22794356210122,89.26918030548094,90.99890634155274,86.23143005371094,1.0,1.0,535.3364799246834,304.82606226275743,31.768274199681425,0.0,273.05778806307603,0.5100675898296574,535.3364799246834,304.82606226275743,31.768274199681425,0.0,273.05778806307603,0.5100675898296574,31.768610794351257,0.0
B2-000473,6857.T,6857.T|swing|2025-07-14T15:00:00Z,JPY,2025-07-16T00:00:00Z,2025-07-28T00:00:00Z,stop,7,153.83004409163024,11851.839999999998,10419.57,10967.857142857143,0.005794414184725924,0.005776673791231009,135983.1218905307,-220326.15725111903,3426.0119822827746,0.0,-223752.1692334018,-1.6454407438411884,787.9425303658054,-1305.0960748206044,19.82329736320172,0.0,-1324.919372183806,-1.6814923945896245,19.822012089137758,-28.43506397856651
B2-000474,AMD,AMD|swing|2025-07-15T04:00:00Z,USD,2025-07-16T13:30:00Z,2025-08-13T20:00:00Z,objetivo,20,83.95362573965377,155.46530755615234,182.4557427594321,144.5214342389788,0.8572653236176596,0.853898044573478,918.7778446121707,2265.944895606525,28.36969738774529,0.0,2237.5751982187794,2.4353821887850287,787.6363862941884,1890.9366060990226,24.26877843390765,0.0,1866.6678276651148,2.3699613935406734,24.270693641207433,-51.57937813288805
B2-000475,RRU.DE,RRU.DE|swing|2025-07-17T22:00:00Z,EUR,2025-07-21T07:00:00Z,2025-08-13T15:30:00Z,objetivo,17,1339.0863311399276,11.83181969451904,12.924918911090918,11.248571259634835,1.0,1.0,781.0200068121966,1463.7542194911643,33.151410270376445,70.37635167622446,1500.9791608970124,1.92181909273156,781.0200068121966,1463.7542194911643,33.151410270376445,70.37635167622446,1500.9791608970124,1.92181909273156,33.15290717750092,0.0
B2-000476,Q8Y0.DE,Q8Y0.DE|swing|2025-07-28T22:00:00Z,EUR,2025-07-30T07:00:00Z,2025-08-14T15:30:00Z,stop,11,909.7258047182695,17.371354091644285,17.03409059715271,17.0511417388916,1.0,1.0,291.3054402886655,-306.81730392844526,31.299520856205756,0.0,-338.116824784651,-1.1606951948772337,291.3054402886655,-306.81730392844526,31.299520856205756,0.0,-338.116824784651,-1.1606951948772337,31.299245338146733,0.0
B2-000477,ENR.DE,ENR.DE|swing|2025-07-29T22:00:00Z,EUR,2025-07-31T07:00:00Z,2025-08-06T15:30:00Z,stop,4,92.15727937851332,103.85374999999999,95.16759376307897,95.26285661969867,1.0,1.0,791.7133613594498,-800.4925270513465,18.341265579461208,0.0,-818.8337926308077,-1.0342553663926923,791.7133613594498,-800.4925270513465,18.341265579461208,0.0,-818.8337926308077,-1.0342553663926923,18.340483427416665,0.0
B2-000478,EUNL.DE,EUNL.DE|swing|2025-07-30T22:00:00Z,EUR,2025-08-01T07:00:00Z,2025-08-01T15:30:00Z,stop,0,152.82715294973664,104.10399999999998,103.06112055751257,103.16428484235492,1.0,1.0,143.6139921266087,-159.38029606516076,31.660455565293603,0.0,-191.04075163045437,-1.3302377352064323,143.6139921266087,-159.38029606516076,31.660455565293603,0.0,-191.04075163045437,-1.3302377352064323,31.660327845322367,0.0
B2-000479,OR.PA,OR.PA|swing|2025-07-30T22:00:00Z,EUR,2025-08-01T07:00:00Z,2025-08-05T15:30:00Z,stop,2,41.03801809379029,387.68728778076166,372.67695087105886,373.0500008719308,1.0,1.0,600.6852450086,-615.9944776942718,31.20384138366449,0.0,-647.1983190779363,-1.077433355415065,600.6852450086,-615.9944776942718,31.20384138366449,0.0,-647.1983190779363,-1.077433355415065,31.2032565924422,0.0
B2-000480,6501.T,6501.T|swing|2025-07-31T15:00:00Z,JPY,2025-08-04T00:00:00Z,2025-09-01T06:30:00Z,stop,19,651.9586112667575,4106.102,4002.564857142857,4006.5714285714284,0.005827166249053085,0.0058234334963894714,64889.81312715824,-67501.93187167081,5286.5151834076405,0.0,-72788.44705507845,-1.1217237891014114,378.12372896193835,-403.0856219565362,30.795662209051635,0.0,-433.88128416558783,-1.1474584929031575,30.79528991871946,-9.740642808053671
B2-000481,APP,APP|swing|2025-08-04T04:00:00Z,USD,2025-08-05T13:30:00Z,2025-08-28T20:00:00Z,objetivo,17,24.048279520639337,398.39799999999997,479.07099637167795,360.3267124720982,0.8646779074794638,0.8564576909900651,915.5489641816114,1940.0467665136352,21.101619695440974,0.0,1918.9451468181942,2.095950322584326,791.6549625435463,1582.811835184417,18.15140061938445,0.0,1564.6604345650326,1.9764424005350258,18.153001584220085,-94.70374329689268
B2-000482,7011.T,7011.T|swing|2025-08-04T15:00:00Z,JPY,2025-08-06T00:00:00Z,2025-09-03T06:30:00Z,stop,19,474.0811334289542,3805.8019999999997,3519.6197142857145,3523.1428571428573,0.005867855885459454,0.005777007510109763,134003.36681977072,-135673.62237871712,3472.8442291536444,0.0,-139146.46660787077,-1.0383803773752738,786.3124446647737,-947.7015275216812,20.226561185377992,0.0,-967.9280887070593,-1.230971346408886,20.225633709483212,-151.58826394512184
B2-000483,DBK.DE,DBK.DE|swing|2025-08-05T22:00:00Z,EUR,2025-08-07T07:00:00Z,2025-10-02T15:30:00Z,tiempo,40,430.1473486183972,29.859829923629757,30.01495507621765,28.035000119890487,1.0,1.0,784.9457017582771,66.72667308970625,25.75498001678094,0.0,40.97169307292531,0.05219685002561169,784.9457017582771,66.72667308970625,25.75498001678094,0.0,40.97169307292531,0.05219685002561169,25.755072498525724,0.0
B2-000484,6758.T,6758.T|swing|2025-08-12T15:00:00Z,JPY,2025-08-14T00:00:00Z,2025-10-14T06:30:00Z,tiempo,40,588.0521878591089,4108.103999999999,4305.69,3870.1428571428573,0.0057981098161999185,0.005682463916354132,139933.57068259633,116190.87959033003,4947.749969895844,7350.652348238862,118593.78196867305,0.8475005775252662,811.3502097906669,380.87548135326244,28.394785670403607,42.05419273550468,394.5348884183635,0.4862695339909455,28.395194941079055,-292.8119981523327
B2-000485,6857.T,6857.T|swing|2025-08-12T15:00:00Z,JPY,2025-08-14T00:00:00Z,2025-08-20T06:30:00Z,stop,4,150.58336398106601,11716.704999999998,10776.641142857143,10787.42857142857,0.0057981098161999185,0.005791393988533041,139933.57068259636,-141557.97796558743,3387.123729381964,0.0,-144945.1016949694,-1.0358136434875975,811.3502097906671,-831.667031737701,19.628017013879226,0.0,-851.2950487515802,-1.0492325490015206,19.62720497405021,-10.898330134016508
B2-000486,0700.HK,0700.HK|swing|2025-08-13T16:00:00Z,HKD,2025-08-15T01:30:00Z,2025-09-17T08:00:00Z,objetivo,23,250.27078807208136,587.587,656.0263526785715,562.6428571428571,0.10907861295635765,0.10882576994232235,6242.790290639728,17128.370730009196,311.24009383182937,0.0,16817.130636177368,2.693848400032358,680.9549058803983,1826.8260852846975,33.90812489543558,0.0,1792.917960389262,2.6329466825284418,33.90998563150682,-41.512836146979964
B2-000487,EXV1.DE,EXV1.DE|swing|2025-08-18T22:00:00Z,EUR,2025-08-20T07:00:00Z,2025-08-27T15:30:00Z,stop,5,518.1190721237746,30.690659847259518,29.788752791813444,29.81857136317662,1.0,1.0,451.84567618286025,-467.2952467096056,31.33553715914737,0.0,-498.6307838687529,-1.10354222725141,451.84567618286025,-467.2952467096056,31.33553715914737,0.0,-498.6307838687529,-1.10354222725141,31.335101198999624,0.0
B2-000488,7203.T,7203.T|swing|2025-08-19T15:00:00Z,JPY,2025-08-21T00:00:00Z,2025-10-01T06:30:00Z,stop,27,925.6576413553689,2938.9359999999997,2790.7065,2793.5,0.0058217383710776035,0.005755064456721915,134623.94472815914,-137209.76934928558,5303.687362359479,41654.593860991605,-100858.86285065346,-0.7491896263648625,783.7453846897545,-971.0340213859173,30.704445583369072,238.3122253046033,-763.4262416646831,-0.9740743059901849,30.703505252852477,-172.23464227847168
B2-000489,OR.PA,OR.PA|swing|2025-08-21T22:00:00Z,EUR,2025-08-25T07:00:00Z,2025-09-11T15:30:00Z,stop,13,40.20130482709632,398.39799999999997,384.85047334507533,385.2357090541295,1.0,1.0,529.1412705378698,-544.628248707838,31.487610632303202,0.0,-576.1158593401412,-1.0887751370338623,529.1412705378698,-544.628248707838,31.487610632303202,0.0,-576.1158593401412,-1.0887751370338623,31.48709749115124,0.0
B2-000490,EXH1.DE,EXH1.DE|swing|2025-08-21T22:00:00Z,EUR,2025-08-25T07:00:00Z,2025-09-03T15:30:00Z,stop,7,415.58751483595677,38.5385,37.81999889373779,37.85785675048828,1.0,1.0,282.8668365544449,-298.60008915839734,31.73363879185264,0.0,-330.33372795024997,-1.1678064914713637,282.8668365544449,-298.60008915839734,31.73363879185264,0.0,-330.33372795024997,-1.1678064914713637,31.733371925136453,0.0
B2-000491,9988.HK,9988.HK|swing|2025-08-26T16:00:00Z,HKD,2025-08-28T01:30:00Z,2025-09-02T01:30:00Z,objetivo,3,1205.3482952699203,119.2190984725952,139.7600939025879,114.27142769949776,0.11082911259129548,0.10948225840002627,5963.666531909811,24759.053824688912,312.1601280398077,0.0,24446.893696649106,4.099305949761112,660.9478695219731,2517.133457883799,34.36953947093046,0.0,2482.763918412869,3.756368743889763,34.37209097647732,-226.8905061065941
B2-000492,APP,APP|swing|2025-08-28T04:00:00Z,USD,2025-08-29T13:30:00Z,2025-09-16T20:00:00Z,objetivo,11,20.866120634791383,481.2007212219238,597.4112378515516,436.8744114467076,0.8564576909900651,0.8469551960701278,924.9181270647938,2424.8626590252443,22.506447256155806,0.0,2402.3562117690885,2.59737174726255,792.1532434607689,1958.3374510085957,19.15736502648869,0.0,1939.1800859821071,2.4479860456168723,19.15934252328112,-118.45482290819474
B2-000493,IS3N.DE,IS3N.DE|swing|2025-08-28T22:00:00Z,EUR,2025-09-01T07:00:00Z,2025-09-10T07:00:00Z,objetivo,7,451.4116283113514,34.834799236297606,35.99996329879761,34.30171530587332,1.0,1.0,240.6402850594407,525.9686067029961,31.975635497015247,0.0,493.9929712059809,2.0528274020451702,240.6402850594407,525.9686067029961,31.975635497015247,0.0,493.9929712059809,2.0528274020451702,31.976193441813514,0.0
B2-000494,SXR8.DE,SXR8.DE|swing|2025-08-31T22:00:00Z,EUR,2025-09-02T07:00:00Z,2025-10-02T15:30:00Z,objetivo,22,27.14831387225561,590.129518005371,611.7144412896293,581.7428850446429,1.0,1.0,227.68294394925064,585.9942722296045,32.628037032415065,0.0,553.3662351971894,2.4304246317217855,227.68294394925064,585.9942722296045,32.628037032415065,0.0,553.3662351971894,2.4304246317217855,32.62865565533872,0.0
B2-000495,AIR.PA,AIR.PA|swing|2025-09-02T22:00:00Z,EUR,2025-09-04T07:00:00Z,2025-10-02T15:30:00Z,objetivo,20,85.52755666076118,186.8866969451904,200.95196882629395,177.9499969482422,1.0,1.0,764.3341153492132,1202.968337760094,33.17089346200464,0.0,1169.7974442980894,1.5304791724017524,764.3341153492132,1202.968337760094,33.17089346200464,0.0,1169.7974442980894,1.5304791724017524,33.17212960246981,0.0
B2-000496,9988.HK,9988.HK|swing|2025-09-03T16:00:00Z,HKD,2025-09-05T01:30:00Z,2025-09-15T08:00:00Z,objetivo,6,766.3304573559201,128.62849999999997,155.6905915611812,119.11428615025112,0.11009820760118025,0.10965152744577733,7291.03185086007,20738.5050030878,217.8823794710997,0.0,20520.622623616702,2.81450184876041,802.7295383428095,2229.9786222884204,23.93516584076861,0.0,2206.043456447652,2.748177749883112,23.937419756807877,-53.29360687965586
B2-000497,ZPRR.DE,ZPRR.DE|swing|2025-09-04T22:00:00Z,EUR,2025-09-08T07:00:00Z,2025-10-10T15:30:00Z,objetivo,24,271.4605349786679,59.27922122192382,62.24733100533486,57.26142883300781,1.0,1.0,547.7510013710236,805.7246696801784,32.98966288172467,0.0,772.7350067984537,1.4107413858930318,547.7510013710236,805.7246696801784,32.98966288172467,0.0,772.7350067984537,1.4107413858930318,32.99050159689283,0.0
B2-000498,AMZN,AMZN|swing|2025-09-09T04:00:00Z,USD,2025-09-10T13:30:00Z,2025-09-12T20:00:00Z,stop,2,81.29293009457778,237.75752427673336,228.40280341448104,228.63143484933036,0.8514986376021798,0.8533879501621437,741.8865498587377,-760.4726691093664,37.895538931867364,0.0,-798.3682080412337,-1.0761324736150706,631.7153864600967,-612.4615681276579,32.303079645238086,0.0,-644.764647772896,-1.0206568679384596,32.302499486166255,35.07987355266094
B2-000499,6857.T,6857.T|swing|2025-09-10T15:00:00Z,JPY,2025-09-12T00:00:00Z,2025-10-06T00:00:00Z,objetivo,14,102.3271196202046,14013.999999999998,16473.51,12620.0,0.005784359093012495,0.00578368999421631,142644.004750565,251674.57397708943,3119.6990826921838,2967.4864689859332,251522.36136338318,1.76328729555237,825.1041459426482,1454.6482194368384,18.044331865405688,16.977438463218338,1453.581326034651,1.761694366926242,18.045804559429556,-1.1278910275832648
B2-000500,ORCL,ORCL|swing|2025-09-11T04:00:00Z,USD,2025-09-12T13:30:00Z,2025-09-30T20:00:00Z,stop,12,32.85215981092129,306.09579855346675,276.2734334498814,276.5499834333147,0.8557980316645271,0.8517162081594414,970.6438400711696,-979.7291043226285,19.13208707873749,0.0,-998.861191401366,-1.0290707571256286,830.675087780205,-875.4975997701032,16.336155102891528,0.0,-891.8337548729947,-1.073625257326812,16.335295940586327,-37.04736072634803
B2-000501,MU,MU|swing|2025-09-12T04:00:00Z,USD,2025-09-15T13:30:00Z,2025-10-02T13:30:00Z,objetivo,13,88.44304677704989,157.11696672058105,184.7750467071533,146.1285672869001,0.8533879501621437,0.8529512111907198,971.8475251179518,2446.164862015798,30.237971336288876,0.0,2415.926890679509,2.485911450344324,829.3629673305614,2080.3903993417607,25.79758315772466,0.0,2054.592816184036,2.4773143932349364,25.799689347813697,-7.1372180125636655
B2-000502,QCOM,QCOM|swing|2025-09-12T04:00:00Z,USD,2025-09-15T13:30:00Z,2025-10-10T20:00:00Z,stop,19,120.30690027066106,161.56139389038083,154.83357824053084,154.98856680733817,0.8533879501621437,0.8644536652835407,790.7564523759125,-809.4026464258951,38.06449835829217,0.0,-847.4671447841873,-1.071717015065614,674.8220279705688,-484.60732730526365,32.68991136591718,0.0,-517.2972386711808,-0.766568394672709,32.689459448045525,206.1271379839452
B2-000503,TSLA,TSLA|swing|2025-09-16T04:00:00Z,USD,2025-09-17T13:30:00Z,2025-11-12T21:00:00Z,tiempo,40,40.56819906582171,416.16574999999995,430.1694060974121,391.9828665597098,0.8469551960701278,0.8638562543192813,981.0560293912538,568.1031082091239,34.33429308896309,0.0,533.7688151201608,0.544075770525935,830.9105017288505,776.1015949830252,29.374551650673695,0.0,746.7270433323515,0.898685287739966,29.375357127624525,294.9437155817197
B2-000504,9988.HK,9988.HK|swing|2025-09-16T16:00:00Z,HKD,2025-09-18T01:30:00Z,2025-11-18T08:00:00Z,tiempo,40,502.2539860570535,162.2621061096191,154.4454060974121,147.00000653948103,0.10864251181487317,0.11096316023080337,7665.450344701492,-3925.9687389431883,159.06761042019437,0.0,-4085.0363493633827,-0.5329153755704698,832.7937796405555,-246.51250259925445,17.461519346945813,0.0,-263.97402194620025,-0.31697405576220183,17.46129029573224,180.01460250620323
B2-000505,ICGA.DE,ICGA.DE|swing|2025-09-29T22:00:00Z,EUR,2025-10-01T07:00:00Z,2025-10-10T15:30:00Z,stop,7,2991.5222632827117,5.636631042003631,5.5029202811377385,5.508428709847586,1.0,1.0,383.52013084957315,-399.99871797078885,33.324215786157794,0.0,-433.32293375694667,-1.1298570763340388,383.52013084957315,-399.99871797078885,33.324215786157794,0.0,-433.32293375694667,-1.1298570763340388,33.3238491112887,0.0
B2-000506,NVDA,NVDA|swing|2025-10-01T04:00:00Z,USD,2025-10-02T13:30:00Z,2025-11-21T21:00:00Z,stop,36,75.33408359737696,189.78960610961911,176.2706942334856,176.44714137486048,0.8529512111907198,0.8680555555555556,1005.1423537233611,-1018.4348374222134,27.57681726772837,0.0,-1046.0116546899417,-1.040660211775166,857.3373880274318,-668.1017510979258,23.722253166294244,0.0,-691.82400426422,-0.8069448666597566,23.721608786150576,200.57347700017397
B2-000507,COIN,COIN|swing|2025-10-01T04:00:00Z,USD,2025-10-02T13:30:00Z,2025-10-22T20:00:00Z,stop,14,26.75249860619634,355.1147697753906,317.22532125418525,317.54286411830356,0.8529512111907198,0.8630361612151549,1005.1423537233611,-1013.6374187530938,17.986777348158647,0.0,-1031.6241961012524,-1.0263463600750624,857.3373880274318,-778.9966300607858,15.427430158502622,0.0,-794.4240602192884,-0.9266177718518788,15.42666658853835,85.58663397289948
B2-000508,8035.T,8035.T|swing|2025-10-01T15:00:00Z,JPY,2025-10-03T00:00:00Z,2025-10-31T06:30:00Z,objetivo,19,48.11207048750063,28423.394999999997,33897.85392857143,25347.85714285714,0.0057960934330261405,0.005606323933396872,147970.49416983372,263387.5538523559,2998.4043213205014,0.0,260389.14953103542,1.7597369731844832,857.650809539406,1217.124565201275,17.069537290339778,0.0,1200.0550279109352,1.3992349969976876,17.07077148567638,-309.4943060231837
B2-000509,RACE.MI,RACE.MI|swing|2025-10-01T22:00:00Z,EUR,2025-10-03T07:00:00Z,2025-10-09T15:30:00Z,stop,4,39.5303690071254,429.5291061096191,407.3351073172433,407.7428501674107,1.0,1.0,861.2187366791749,-877.3369620063106,33.08155116562162,0.0,-910.4185131719322,-1.0571280841873805,861.2187366791749,-877.3369620063106,33.08155116562162,0.0,-910.4185131719322,-1.0571280841873805,33.08070690936515,0.0
B2-000510,SIE.DE,SIE.DE|swing|2025-10-01T22:00:00Z,EUR,2025-10-03T07:00:00Z,2025-11-13T16:30:00Z,stop,29,70.86971725593192,243.04280305480955,230.86176341465543,231.09285627092635,1.0,1.0,846.8893497972358,-863.2668351810215,33.585482631985975,0.0,-896.8523178130075,-1.058995862951558,846.8893497972358,-863.2668351810215,33.585482631985975,0.0,-896.8523178130075,-1.058995862951558,33.58465294980206,0.0
B2-000511,0700.HK,0700.HK|swing|2025-10-02T16:00:00Z,HKD,2025-10-06T01:30:00Z,2025-10-13T01:30:00Z,stop,4,233.2453425307828,675.675,629.37,643.0,0.10950743555487417,0.11108395725489324,7621.291567193318,-10800.425585887886,304.3956680430855,0.0,-11104.821253930972,-1.4570786534047442,834.5880951393283,-951.2972734337658,33.56501863678912,0.0,-984.8622920705549,-1.180057920555576,33.56410090361531,231.42963537806577
B2-000512,Q8Y0.DE,Q8Y0.DE|swing|2025-10-08T22:00:00Z,EUR,2025-10-10T07:00:00Z,2025-10-29T16:30:00Z,objetivo,12,845.8419295934707,20.480459083557125,21.65324325656891,19.961570739746094,1.0,1.0,438.89751797268326,991.9900278969706,35.63845208828914,0.0,956.3515758086814,2.1789860654172215,438.89751797268326,991.9900278969706,35.63845208828914,0.0,956.3515758086814,2.1789860654172215,35.63947971779277,0.0
B2-000513,MBG.DE,MBG.DE|swing|2025-10-09T22:00:00Z,EUR,2025-10-13T07:00:00Z,2025-11-12T16:30:00Z,objetivo,22,252.16869548135364,53.743688625335686,59.91279611686298,50.42142922537668,1.0,1.0,837.769818938328,1555.6557884226831,28.66060749043661,0.0,1526.9951809322465,1.8226906083431678,837.769818938328,1555.6557884226831,28.66060749043661,0.0,1526.9951809322465,1.8226906083431678,28.662191808415283,0.0
B2-000514,AZN,AZN|swing|2025-10-10T04:00:00Z,USD,2025-10-13T13:30:00Z,2025-11-04T21:00:00Z,stop,16,114.66307161086068,168.8686969451904,160.8589799128941,161.01999991280692,0.8644536652835407,0.8702462796971543,899.9557098761371,-918.4187576569204,37.807588223661284,0.0,-956.2263458805817,-1.062526005876655,777.9700119952776,-687.0880939441761,32.78975058285233,0.0,-719.8778445270284,-0.925328526071,32.78909628385278,106.84236737750507
B2-000515,IQQK.DE,IQQK.DE|swing|2025-10-12T22:00:00Z,EUR,2025-10-14T07:00:00Z,2025-10-27T08:00:00Z,objetivo,8,339.56449013600775,49.659610610961906,56.463480457305906,48.85500008719308,1.0,1.0,273.2171622616263,2310.3525953255576,36.03563331025347,0.0,2274.316962015304,8.324209735541693,273.2171622616263,2310.3525953255576,36.03563331025347,0.0,2274.316962015304,8.324209735541693,36.03797970082654,0.0
B2-000516,EQQQ.DE,EQQQ.DE|swing|2025-10-12T22:00:00Z,EUR,2025-10-14T07:00:00Z,2025-10-17T07:00:00Z,stop,3,32.539683534263325,518.2177122192383,508.491,510.77147129603793,1.0,1.0,242.29832316081922,-316.5041374428653,33.40877657748506,0.0,-349.91291402035034,-1.4441408816028196,242.29832316081922,-316.5041374428653,33.40877657748506,0.0,-349.91291402035034,-1.4441408816028196,33.40849348184059,0.0
B2-000517,VVSM.DE,VVSM.DE|swing|2025-10-12T22:00:00Z,EUR,2025-10-14T07:00:00Z,2025-11-21T16:30:00Z,stop,27,343.5463366028769,49.08403484725952,47.385425744737894,47.43285860334124,1.0,1.0,567.255549683823,-583.550934491604,33.141729780436314,0.0,-616.6926642720404,-1.0871513987228025,567.255549683823,-583.550934491604,33.141729780436314,0.0,-616.6926642720404,-1.0871513987228025,33.14117937068039,0.0
B2-000518,MU,MU|swing|2025-10-16T04:00:00Z,USD,2025-10-17T13:30:00Z,2025-11-10T21:00:00Z,objetivo,16,58.008933047797264,199.47927877807615,250.86173393644606,182.59857395717077,0.8584427847883939,0.8642295393656555,979.2316757555286,2980.641401113325,26.123801655233933,0.0,2954.5175994580914,3.017179358682945,840.6143666885815,2642.9202393647884,22.509999176716157,0.0,2620.4102401880723,3.1172560736864536,22.512664609619044,84.21013453748402
B2-000519,MC.PA,MC.PA|swing|2025-10-21T22:00:00Z,EUR,2025-10-23T07:00:00Z,2025-12-18T16:30:00Z,tiempo,40,19.542932845247293,622.9222877807616,636.7626243896484,580.0428728376116,1.0,1.0,837.9895266774733,270.4807689030921,24.617937644717557,107.48613064886011,353.34896190723464,0.4216627423832137,837.9895266774733,270.4807689030921,24.617937644717557,107.48613064886011,353.34896190723464,0.4216627423832137,24.618232743717876,0.0
B2-000520,AMD,AMD|swing|2025-10-27T04:00:00Z,USD,2025-10-28T13:30:00Z,2025-11-07T14:30:00Z,stop,8,39.18367181578837,259.3991546630859,230.70906243896485,233.61572483607702,0.859106529209622,0.8670770831526923,1010.2894526269243,-1124.1831580746605,19.204239533147913,0.0,-1143.3873976078085,-1.1317423879214088,867.9462651434059,-893.7390588137974,16.570541603748556,0.0,-910.309600417546,-1.0488087073767645,16.569664434352063,72.05403231563604
B2-000521,AVGO,AVGO|swing|2025-10-27T04:00:00Z,USD,2025-10-28T13:30:00Z,2025-11-14T14:30:00Z,stop,13,33.993844871675726,362.98261511230464,331.13853121948245,333.2628391810826,0.859106529209622,0.8606592649969877,1010.2894526269242,-1082.5028479332254,23.595846570552496,0.0,-1106.098694503778,-1.094833457508374,867.9462651434058,-912.5066273017571,20.288824488235807,0.0,-932.795451789993,-1.0747156699105935,20.287932269538793,17.47863724568794
B2-000522,6857.T,6857.T|swing|2025-10-28T15:00:00Z,JPY,2025-10-30T00:00:00Z,2025-11-05T00:00:00Z,stop,3,67.90885728188918,22412.389999999996,19760.22,20093.571428571428,0.005647484045857571,0.00566925562673621,157468.3194297368,-180105.83401730767,2863.8937536947724,0.0,-182969.72777100245,-1.1619462786776265,889.2998217074422,-987.9296713014303,16.203009435899567,0.0,-1004.1326807373299,-1.1291272709460465,16.202037708263905,29.215152877185957
B2-000523,PLTR,PLTR|swing|2025-10-29T04:00:00Z,USD,2025-10-30T13:30:00Z,2025-11-05T21:00:00Z,stop,4,64.86018844879779,198.62342805480955,182.47462159946988,182.65727887834822,0.8594018563080097,0.8701705534284719,1035.5674443868993,-1047.414629916493,24.718091318045857,0.0,-1072.1327212345388,-1.0353094113240378,889.9685840382429,-772.6989033289756,21.370224737064934,0.0,-794.0691280660405,-0.89224399861728,21.36947340763338,127.45117394542575
B2-000524,8035.T,8035.T|swing|2025-11-03T15:00:00Z,JPY,2025-11-05T00:00:00Z,2025-11-14T00:00:00Z,stop,7,81.9764935200202,34124.09,31968.0,32262.14285714286,0.00566925562673621,0.0055688589408030295,152635.89789104828,-176748.69791358005,5417.997787609592,0.0,-182166.69570118963,-1.1934721662345804,865.331922960759,-1265.135569542751,30.452912423672124,0.0,-1295.5884819664232,-1.4972156320473287,30.4516777397787,-263.1020193778881
B2-000525,UBER,UBER|swing|2025-11-04T05:00:00Z,USD,2025-11-05T14:30:00Z,2025-11-20T21:00:00Z,stop,11,152.83327632255873,95.10501213836669,88.52509805406844,88.61371176583427,0.8702462796971543,0.8685079034219212,992.086703527976,-1005.6298274242508,28.064791372182345,0.0,-1033.6946187964331,-1.041939797318616,863.3597628822348,-898.6651182969982,24.399760779889924,0.0,-923.0648790768881,-1.0691543881954078,24.398886513656336,-23.51950222855366
B2-000526,LLY,LLY|swing|2025-11-05T05:00:00Z,USD,2025-11-06T14:30:00Z,2025-11-19T21:00:00Z,objetivo,9,17.999491764444784,928.9279999999999,1052.996293306078,873.1985735212054,0.8701705534284719,0.86333419666753,1003.1013529422926,2233.1662235914746,35.673629995115796,26.999237646667176,2224.491831243026,2.217614226835759,872.8692594346437,1813.6632973726594,30.912570164344746,23.17929056204256,1805.9300177703572,2.0689582067995564,30.914414742056252,-129.57219130770437
B2-000527,MRVL,MRVL|swing|2025-11-07T05:00:00Z,USD,2025-11-10T14:30:00Z,2025-11-18T14:30:00Z,stop,6,83.46593977822914,93.26316816711424,80.38953121948242,81.51856885637555,0.8649770781074302,0.8625894936599672,980.2740187895472,-1074.5102061978234,14.494085749328606,0.0,-1089.004291947152,-1.1109182443617818,847.9145565172106,-945.4468834827724,12.521031756363634,0.0,-957.967915239136,-1.1297929819414436,12.520098829578053,-16.020184929167012
B2-000528,MU,MU|swing|2025-11-10T05:00:00Z,USD,2025-11-11T14:30:00Z,2025-11-18T21:00:00Z,stop,5,46.6424794595282,248.5883363342285,226.77585925074985,227.00286211286272,0.8642295393656555,0.8628127696289905,1006.800037994229,-1017.3880143275826,22.1721647283675,0.0,-1039.5601790559501,-1.0325388754722205,870.106333069077,-894.2424986956454,19.1468539862193,0.0,-913.3893526818647,-1.0497445173857292,19.14597888969914,-14.985723717179097
B2-000529,6758.T,6758.T|swing|2025-11-11T15:00:00Z,JPY,2025-11-13T00:00:00Z,2025-11-18T06:30:00Z,stop,3,670.2693120919968,4654.65,4421.145857142857,4425.571428571428,0.0055806685640939786,0.0055688589408030295,153544.33648644577,-156510.66120348862,6083.227445854536,0.0,-162593.88864934316,-1.0589377138224583,856.880051824576,-908.4302732133087,33.91348002902468,0.0,-942.3437532423334,-1.0997382320148281,33.912605511357214,-34.99614628943673
B2-000530,IFX.DE,IFX.DE|swing|2025-11-11T23:00:00Z,EUR,2025-11-13T08:00:00Z,2025-11-14T16:30:00Z,stop,1,333.2644665660212,36.621584083557124,33.97313397216797,34.00714111328125,1.0,1.0,871.3009418562733,-882.6343135988254,23.52671105521989,0.0,-906.1610246540454,-1.040009233461293,871.3009418562733,-882.6343135988254,23.52671105521989,0.0,-906.1610246540454,-1.040009233461293,23.5258519467557,0.0
B2-000531,7203.T,7203.T|swing|2025-11-12T15:00:00Z,JPY,2025-11-14T00:00:00Z,2025-11-18T06:30:00Z,stop,2,962.9235179048625,3158.1549999999997,3047.378142857143,3050.4285714285716,0.0055688589408030295,0.0055688589408030295,103732.31157132651,-106669.64098244415,5975.453804395218,0.0,-112645.09478683937,-1.085920992991508,577.6706107441472,-594.0281838973309,33.27645934396179,0.0,-627.3046432412928,-1.0859209929915037,33.27589859167586,0.0
B2-000532,TTE.PA,TTE.PA|swing|2025-11-12T23:00:00Z,EUR,2025-11-14T08:00:00Z,2025-11-21T16:30:00Z,stop,5,301.9589323440752,56.15609847259521,54.33346876307896,54.38785661969866,1.0,1.0,533.936422026752,-550.3593211441186,33.36331175764309,0.0,-583.7226329017617,-1.0932437062188562,533.936422026752,-550.3593211441186,33.36331175764309,0.0,-583.7226329017617,-1.0932437062188562,33.36279476111536,0.0
B2-000533,IBE.MC,IBE.MC|swing|2025-11-13T23:00:00Z,EUR,2025-11-17T08:00:00Z,2026-01-15T16:30:00Z,tiempo,40,932.267380042985,18.017999999999997,18.271710914611816,17.51071412222726,1.0,1.0,472.926076203996,236.52640965347,33.831713716882476,235.8636471508752,438.55834308746273,0.9273295873376439,472.926076203996,236.52640965347,33.831713716882476,235.8636471508752,438.55834308746273,0.9273295873376439,33.83198407527374,0.0
B2-000534,EXH1.DE,EXH1.DE|swing|2025-11-16T23:00:00Z,EUR,2025-11-18T08:00:00Z,2025-11-18T16:30:00Z,stop,0,403.63750618837327,41.23118862533569,40.63718022210258,40.67785808018276,1.0,1.0,223.34496134338238,-239.76407053595074,33.04514423728989,0.0,-272.8092147732406,-1.2214702007707676,223.34496134338238,-239.76407053595074,33.04514423728989,0.0,-272.8092147732406,-1.2214702007707676,33.04493751815447,0.0
B2-000535,ENR.DE,ENR.DE|swing|2025-11-16T23:00:00Z,EUR,2025-11-18T08:00:00Z,2025-11-21T16:30:00Z,stop,3,133.98641334441467,110.61049999999999,104.29559934670584,104.3999993460519,1.0,1.0,832.1227076956462,-846.1108891611836,28.79449745730357,0.0,-874.9053866184872,-1.0514139062991283,832.1227076956462,-846.1108891611836,28.79449745730357,0.0,-874.9053866184872,-1.0514139062991283,28.793680140093624,0.0
B2-000536,GOOGL,GOOGL|swing|2025-11-17T05:00:00Z,USD,2025-11-18T14:30:00Z,2026-01-12T21:00:00Z,objetivo,36,43.493903103403625,288.2079334411621,330.88636539213996,266.067129952567,0.8625894936599672,0.8552856654122477,962.9899615644567,1856.2515838810373,26.926827445325245,9.133719651714761,1838.4584760874268,1.9091148916035419,830.665023345516,1496.0697810105275,23.121685119097485,7.8367392979105635,1480.7848351893406,1.782649796936745,23.123204312081796,-105.11333283492935
B2-000537,ENI.MI,ENI.MI|swing|2025-11-17T23:00:00Z,EUR,2025-11-19T08:00:00Z,2025-11-24T16:30:00Z,stop,3,994.6194834959358,16.396379159927367,15.903223035948617,15.919142178126744,1.0,1.0,474.66920034369457,-490.50268931460187,32.12581365318637,258.60106570894334,-264.0274372588449,-0.5562346094241423,474.66920034369457,-490.50268931460187,32.12581365318637,258.60106570894334,-264.0274372588449,-0.5562346094241423,32.12535527585165,0.0
B2-000538,XOM,XOM|swing|2025-11-18T05:00:00Z,USD,2025-11-19T14:30:00Z,2025-11-25T21:00:00Z,stop,4,161.57796377129264,116.9668484725952,114.48254575783866,114.5971429007394,0.8628127696289905,0.8657259111765215,382.8922010379473,-401.40857404185584,37.39712183585267,0.0,-438.8056958777085,-1.146029338514053,330.36428044689154,-292.45356883011385,32.32060114203661,0.0,-324.77416997215045,-0.9830789500996318,32.32034100880642,53.8868746917639
B2-000539,AZN,AZN|swing|2025-11-19T05:00:00Z,USD,2025-11-20T14:30:00Z,2026-01-21T21:00:00Z,tiempo,40,105.6611983424349,179.8796969451904,180.89892182922364,171.17428588867188,0.86333419666753,0.851861316977596,919.8241642952299,107.6925226273809,38.12030119603307,0.0,69.57222143134783,0.07563643588843322,794.1156559572045,-126.31794885125841,32.691267023440616,0.0,-159.009215874699,-0.20023432944793643,32.691173396662236,-219.29258636087076
B2-000540,TTE.PA,TTE.PA|swing|2025-11-20T23:00:00Z,EUR,2025-11-24T08:00:00Z,2026-01-07T16:30:00Z,stop,29,290.665086733643,55.8557992362976,53.92102674211774,53.975001743861604,1.0,1.0,546.6821662673269,-562.370814830656,31.90829064436013,247.06532372359655,-347.21378175141956,-0.6351291539692049,546.6821662673269,-562.370814830656,31.90829064436013,247.06532372359655,-347.21378175141956,-0.6351291539692049,31.90776018130414,0.0
B2-000541,ALV.DE,ALV.DE|swing|2025-11-20T23:00:00Z,EUR,2025-11-24T08:00:00Z,2025-12-23T08:00:00Z,objetivo,21,44.484671822447964,364.9646061096191,391.0085939025879,351.6142883300781,1.0,1.0,593.8845051482737,1158.5582499180568,33.629219709108845,0.0,1124.929030208948,1.8941882141344801,593.8845051482737,1158.5582499180568,33.629219709108845,0.0,1124.929030208948,1.8941882141344801,33.630411897769406,0.0
B2-000542,ENR.DE,ENR.DE|swing|2025-11-23T23:00:00Z,EUR,2025-11-25T08:00:00Z,2026-01-22T16:30:00Z,objetivo,37,59.789897451232584,107.30719694519041,137.42538521065032,93.68570927211216,1.0,1.0,814.4273511065772,1800.7633878087643,14.63253599007307,0.0,1786.130851818691,2.193112558648531,814.4273511065772,1800.7633878087643,14.63253599007307,0.0,1786.130851818691,2.193112558648531,14.634351387810815,0.0
B2-000543,SAF.PA,SAF.PA|swing|2025-11-23T23:00:00Z,EUR,2025-11-25T08:00:00Z,2026-01-05T16:30:00Z,objetivo,26,57.31692531602294,284.18389389038083,310.84687343215944,275.13036346435547,1.0,1.0,518.920527274837,1528.2400070987721,34.105334051361865,0.0,1494.1346730474102,2.8793131019387643,518.920527274837,1528.2400070987721,34.105334051361865,0.0,1494.1346730474102,2.8793131019387643,34.10689639826268,0.0
B2-000544,DBK.DE,DBK.DE|swing|2025-11-23T23:00:00Z,EUR,2025-11-25T08:00:00Z,2026-01-06T08:00:00Z,objetivo,25,536.6846250200277,29.50947954177856,34.21575,27.991963829313004,1.0,1.0,814.4273511065772,2525.7829961134075,34.20035092094462,0.0,2491.582645192463,3.05930620061704,814.4273511065772,2525.7829961134075,34.20035092094462,0.0,2491.582645192463,3.05930620061704,34.20291090684957,0.0
B2-000545,EUNH.DE,EUNH.DE|swing|2025-11-23T23:00:00Z,EUR,2025-11-25T08:00:00Z,2025-12-08T16:30:00Z,stop,9,146.6763510842582,111.05094244384765,110.3659531010219,110.47642953055245,1.0,1.0,84.26745777292594,-100.4717373372842,32.476622306925805,0.0,-132.94835964421,-1.577695152528081,84.26745777292594,-100.4717373372842,32.476622306925805,0.0,-132.94835964421,-1.577695152528081,32.4765543117409,0.0
B2-000546,AMAT,AMAT|swing|2025-11-25T05:00:00Z,USD,2025-11-26T14:30:00Z,2026-01-06T21:00:00Z,objetivo,26,41.089242361455305,243.07283183288573,296.7385945959091,220.07000732421875,0.8657259111765215,0.8541898009737763,945.1686312346415,2205.08553268223,22.180442530015654,0.0,2182.9050901522146,2.309540348689694,818.2569744910757,1768.3426124617788,19.06152675005456,0.0,1749.2810857117242,2.1378138411832173,19.06331415598153,-140.65706954170986
B2-000547,AVGO,AVGO|swing|2025-11-25T05:00:00Z,USD,2025-11-26T14:30:00Z,2025-12-15T21:00:00Z,stop,12,25.735999210273157,385.93553778076165,348.860781463623,349.2099914550781,0.8657259111765215,0.8508465923593976,945.1686312346415,-954.1558992989493,18.910717491785107,0.0,-973.0666167907344,-1.0295164107590524,818.2569744910757,-959.6281877219968,16.23790742918048,0.0,-975.8660951511773,-1.1926156764604767,16.23696403795568,-133.59070239696177
B2-000548,ASML.AS,ASML.AS|swing|2025-12-07T23:00:00Z,EUR,2025-12-09T08:00:00Z,2025-12-17T16:30:00Z,stop,6,13.270550577078307,964.9639999999999,901.5546874564034,902.4571446010044,1.0,1.0,829.5003859864904,-841.4764891675642,24.76973064495202,0.0,-866.2462198125162,-1.0442987543427427,829.5003859864904,-841.4764891675642,24.76973064495202,0.0,-866.2462198125162,-1.0442987543427427,24.768913937376542,0.0
B2-000549,7203.T,7203.T|swing|2025-12-16T15:00:00Z,JPY,2025-12-18T00:00:00Z,2026-01-15T06:30:00Z,objetivo,16,883.1085943755699,3353.3499999999995,3681.3417589285714,3211.1428571428573,0.00548305735277991,0.005410669840926307,125584.35003873664,289652.34119418194,6212.396751092816,0.0,283439.94444308913,2.256968677670918,688.5861938739808,1352.8468212643595,33.82759410659517,0.0,1319.0192271577644,1.9155470134203125,33.82898078239512,-235.333577870317
B2-000550,EXV1.DE,EXV1.DE|swing|2025-12-17T23:00:00Z,EUR,2025-12-19T08:00:00Z,2026-01-27T16:30:00Z,objetivo,22,474.76157035064205,34.67964545822143,36.67828464204925,33.68999971662249,1.0,1.0,469.84576637233926,948.8770774784211,33.878002951375855,138.51168814979982,1053.5107626768452,2.2422480696398743,469.84576637233926,948.8770774784211,33.878002951375855,138.51168814979982,1053.5107626768452,2.2422480696398743,33.878985707435,0.0
B2-000551,RRU.DE,RRU.DE|swing|2025-12-21T23:00:00Z,EUR,2025-12-23T08:00:00Z,2026-01-09T08:00:00Z,objetivo,8,1095.2383514517633,13.313300190925597,15.004980457305908,12.557143211364746,1.0,1.0,828.172123732971,1852.793106133852,31.015267013117445,0.0,1821.7778391207346,2.199757498367735,828.172123732971,1852.793106133852,31.015267013117445,0.0,1821.7778391207346,2.199757498367735,31.01715082337289,0.0
B2-000552,8035.T,8035.T|swing|2026-01-04T15:00:00Z,JPY,2026-01-06T00:00:00Z,2026-01-14T06:30:00Z,objetivo,5,62.886194697886616,37237.2,42198.02758928571,34751.42857142857,0.0054665719127535125,0.0054019014693171994,156320.70603158636,311967.5696424688,4995.379188050756,0.0,306972.1904544181,1.9637333930182663,854.5383809740686,1533.778919752345,27.135985328806555,0.0,1506.6429344235385,1.763107389870717,27.13754624527236,-171.6142341451495
B2-000553,6857.T,6857.T|swing|2026-01-04T15:00:00Z,JPY,2026-01-06T00:00:00Z,2026-01-27T06:30:00Z,objetivo,14,92.38488707303028,21366.344999999998,24808.158080357145,19674.285714285714,0.0054665719127535125,0.005478851632697786,156320.7060315864,317971.5127552736,4265.826252732084,0.0,313705.68650254153,2.0068082755406293,854.5383809740688,1766.3580171044096,23.347589854292465,0.0,1743.0104272501171,2.039709937034425,23.34937956168728,28.143876420686674
B2-000554,SAF.PA,SAF.PA|swing|2026-01-04T23:00:00Z,EUR,2026-01-06T08:00:00Z,2026-01-28T16:30:00Z,stop,16,54.380932932795325,315.1147877807617,301.59809825788227,301.8999982561384,1.0,1.0,718.6325828595435,-735.0501864171221,33.537422094458144,0.0,-768.5876085115802,-1.0695140003995622,718.6325828595435,-735.0501864171221,33.537422094458144,0.0,-768.5876085115802,-1.0695140003995622,33.53672058099032,0.0
B2-000555,MU,MU|swing|2026-01-06T05:00:00Z,USD,2026-01-07T14:30:00Z,2026-01-28T21:00:00Z,objetivo,14,31.86309973192114,341.05070144653314,425.5342718214307,309.5714329310826,0.8541898009737763,0.8351428094204109,1003.0270721957257,2691.9084285641393,24.425773456229233,0.0,2667.48265510791,2.659432361350453,856.7754951701766,2041.1455959315786,20.60599143830374,0.0,2020.5396044932747,2.3583069495842035,20.608053191951882,-258.25512890325496
B2-000556,6501.T,6501.T|swing|2026-01-06T15:00:00Z,JPY,2026-01-08T00:00:00Z,2026-02-10T06:30:00Z,objetivo,22,600.7305289890522,5248.2429999999995,5911.377348214286,4994.571428571428,0.005467169646274124,0.00538647993536224,152388.25729376962,398365.0477935787,6703.924635099759,0.0,391661.12315847893,2.5701529114769395,833.1324547251086,1891.3884467710357,36.36495242526418,0.0,1855.0234943457715,2.226564916328743,36.36688018058925,-286.5408506625573
B2-000557,VVSM.DE,VVSM.DE|swing|2026-01-07T23:00:00Z,EUR,2026-01-09T08:00:00Z,2026-01-28T08:00:00Z,objetivo,13,266.2489576047624,56.3562992362976,62.39753908538818,53.138571058000835,1.0,1.0,856.7167733269852,1608.473812460719,31.618085664713323,0.0,1576.8557267960057,1.840579962818311,856.7167733269852,1608.473812460719,31.618085664713323,0.0,1576.8557267960057,1.840579962818311,31.619725758250503,0.0
B2-000558,LMT,LMT|swing|2026-01-12T05:00:00Z,USD,2026-01-13T14:30:00Z,2026-01-29T21:00:00Z,objetivo,11,23.857313068746294,560.5800395507812,632.8651561194829,517.4928458077567,0.8552856654122477,0.8355614973262031,1027.944670381062,1724.5286561903365,28.47239566349667,0.0,1696.0562605268399,1.6499489801314957,879.1863414138403,1177.1600337507043,24.054227265453008,0.0,1153.1058064852514,1.311560191700561,24.055428480913815,-297.8046054815373
B2-000559,OR.PA,OR.PA|swing|2026-01-12T23:00:00Z,EUR,2026-01-14T08:00:00Z,2026-01-28T08:00:00Z,stop,10,45.198568823890774,392.4921061096191,375.8238121948242,376.52142333984375,1.0,1.0,721.8520043342178,-753.3830296846971,34.72677991197422,0.0,-788.1098095966713,-1.0917886282293623,721.8520043342178,-753.3830296846971,34.72677991197422,0.0,-788.1098095966713,-1.0917886282293623,34.72606125500487,0.0
B2-000560,INTC,INTC|swing|2026-01-14T05:00:00Z,USD,2026-01-15T14:30:00Z,2026-01-26T21:00:00Z,stop,6,197.35101247625192,49.39934847259521,44.130113236018595,44.174287523542134,0.8582954252853832,0.8448800270361608,1031.17106854575,-1039.8889089139373,18.45813396455377,0.0,-1058.347042878491,-1.0263544771199478,885.0494108194574,-1009.3682404378193,15.725695593969274,0.0,-1025.0939360317886,-1.1582335669628496,15.724701950428997,-116.83634711197807
B2-000561,7203.T,7203.T|swing|2026-01-14T15:00:00Z,JPY,2026-01-16T00:00:00Z,2026-01-20T06:30:00Z,stop,2,888.719678423621,3678.6749999999997,3538.1725714285717,3541.714285714286,0.005425641582117086,0.005443954488540476,121719.68195666913,-124867.27313773728,6413.75445291229,0.0,-131281.02759064958,-1.0785521739810673,660.4073677861708,-619.9011681664442,34.856316758424775,0.0,-654.757484924869,-0.9914448518643252,34.85573171298601,57.583901215236416
B2-000562,SXR8.DE,SXR8.DE|swing|2026-01-18T23:00:00Z,EUR,2026-01-20T08:00:00Z,2026-01-21T16:30:00Z,stop,1,28.007547693234557,628.0674424438475,619.6967518484932,620.3170689174107,1.0,1.0,217.06895618206326,-234.44251607469525,34.94681518155312,0.0,-269.3893312562484,-1.241031126672495,217.06895618206326,-234.44251607469525,34.94681518155312,0.0,-269.3893312562484,-1.241031126672495,34.94661568564962,0.0
B2-000563,TTE.PA,TTE.PA|swing|2026-01-20T23:00:00Z,EUR,2026-01-22T08:00:00Z,2026-02-11T16:30:00Z,objetivo,14,305.5196499528251,58.06800831985473,63.73294491423879,55.26928547450474,1.0,1.0,855.0648240263022,1730.749445321169,37.21258459600067,0.0,1693.5368607251685,1.980594702458576,855.0648240263022,1730.749445321169,37.21258459600067,0.0,1693.5368607251685,1.980594702458576,37.21435255979481,0.0
B2-000564,ENI.MI,ENI.MI|swing|2026-01-20T23:00:00Z,EUR,2026-01-22T08:00:00Z,2026-02-11T16:30:00Z,objetivo,14,1067.6622875709609,16.616600381851196,18.094976505926677,15.855141503470284,1.0,1.0,812.9809279833828,1578.4064345207191,37.06024158520022,0.0,1541.346192935519,1.8959192520774901,812.9809279833828,1578.4064345207191,37.06024158520022,0.0,1541.346192935519,1.8959192520774901,37.0618570534929,0.0
B2-000565,8035.T,8035.T|swing|2026-01-21T15:00:00Z,JPY,2026-01-23T00:00:00Z,2026-03-09T00:00:00Z,stop,29,51.536227155814565,42352.31,38251.71,39150.0,0.005379814934366258,0.005477351152982418,165034.97558333643,-211329.45307513312,4154.027084391821,0.0,-215483.48015952494,-1.3056837158176444,887.857626336004,-944.6354386722951,22.540174855425796,0.0,-967.1756135277209,-1.089336381013074,22.53925275923949,192.27790905275936
B2-000566,ENR.DE,ENR.DE|swing|2026-01-25T23:00:00Z,EUR,2026-01-27T08:00:00Z,2026-02-12T16:30:00Z,objetivo,12,77.58135854597141,142.54239389038085,164.29447945587978,131.16429029192244,1.0,1.0,882.7287348452094,1687.556349379622,23.804821486201064,0.0,1663.7515278934209,1.88478233710741,882.7287348452094,1687.556349379622,23.804821486201064,0.0,1663.7515278934209,1.88478233710741,23.80653284908164,0.0
B2-000567,ASML.AS,ASML.AS|swing|2026-01-25T23:00:00Z,EUR,2026-01-27T08:00:00Z,2026-03-09T08:00:00Z,stop,29,8.986885934380139,1196.7955755615233,1070.928,1098.5714808872767,1.0,1.0,882.7287348452094,-1131.1575444083817,20.37977310427609,14.379017495008222,-1137.1583000176497,-1.2882307498657057,882.7287348452094,-1131.1575444083817,20.37977310427609,14.379017495008222,-1137.1583000176497,-1.2882307498657057,20.37866232539146,0.0
B2-000568,6857.T,6857.T|swing|2026-01-26T15:00:00Z,JPY,2026-01-28T00:00:00Z,2026-03-09T06:30:00Z,stop,26,71.88702556716372,25004.979999999996,22717.97357142857,22740.714285714286,0.005466870763175159,0.005477351152982418,162771.32729370904,-164406.08960298184,3430.6611835298527,0.0,-167836.7507865117,-1.0311198758222477,889.8498102651927,-881.6710312413478,18.772097135896388,0.0,-900.4431283772442,-1.0119046135537124,18.771234236098266,17.115813297149042
B2-000569,EXH1.DE,EXH1.DE|swing|2026-01-26T23:00:00Z,EUR,2026-01-28T08:00:00Z,2026-02-18T16:30:00Z,objetivo,15,409.8085684712111,43.65861668014526,46.624934900113516,41.88856996808733,1.0,1.0,725.3803091956328,1215.622623355263,36.998973029602595,0.0,1178.6236503256603,1.6248354627004207,725.3803091956328,1215.622623355263,36.998973029602595,0.0,1178.6236503256603,1.6248354627004207,37.00022565244947,0.0
B2-000570,XOM,XOM|swing|2026-01-27T05:00:00Z,USD,2026-01-28T14:30:00Z,2026-02-09T21:00:00Z,objetivo,8,154.83713521914845,137.82769244384764,150.044262733187,131.34714835030692,0.8382932349735938,0.8413259296651522,1003.4288821052174,1891.5787458046698,44.57326884954715,0.0,1847.0054769551227,1.8406939543937202,841.1676436459195,1656.1545143511382,37.435926585557844,0.0,1618.7185877655804,1.9243709621895093,37.43762017768864,70.45684832324734
B2-000571,Q8Y0.DE,Q8Y0.DE|swing|2026-01-27T23:00:00Z,EUR,2026-01-29T08:00:00Z,2026-02-02T08:00:00Z,stop,2,764.2122587101048,23.383360610961912,22.297679695129393,22.571428571428573,1.0,1.0,620.4884178508751,-829.6906649268246,34.91001099254538,0.0,-864.60067591937,-1.3934195241129603,620.4884178508751,-829.6906649268246,34.91001099254538,0.0,-864.60067591937,-1.3934195241129603,34.909216211096364,0.0
B2-000572,VVSM.DE,VVSM.DE|swing|2026-01-27T23:00:00Z,EUR,2026-01-29T08:00:00Z,2026-02-04T16:30:00Z,stop,4,229.2239370126341,62.252188625335684,58.29593190765381,58.354286193847656,1.0,1.0,893.492541436805,-906.8687406597206,27.63251478804541,0.0,-934.5012554477661,-1.045897097187869,893.492541436805,-906.8687406597206,27.63251478804541,0.0,-934.5012554477661,-1.045897097187869,27.631635550937972,0.0
B2-000573,IFX.DE,IFX.DE|swing|2026-01-28T23:00:00Z,EUR,2026-01-30T08:00:00Z,2026-03-09T08:00:00Z,stop,26,275.68790719704253,42.03199168014526,37.48248045730591,38.76857158115932,1.0,1.0,899.685457394199,-1254.245227794038,21.921178415451465,96.49076751896489,-1179.6756386905247,-1.3112089664173012,899.685457394199,-1254.245227794038,21.921178415451465,96.49076751896489,-1179.6756386905247,-1.3112089664173012,21.919946090168114,0.0
B2-000574,IS3N.DE,IS3N.DE|swing|2026-01-29T23:00:00Z,EUR,2026-02-02T08:00:00Z,2026-02-02T16:30:00Z,stop,0,443.8058537737989,40.32428439712524,40.13839449037824,40.17857306344168,1.0,1.0,64.66754284995018,-82.49902877178445,35.70980790059551,0.0,-118.20883667237996,-1.8279469338530934,64.66754284995018,-82.49902877178445,35.70980790059551,0.0,-118.20883667237996,-1.8279469338530934,35.7097611113265,0.0
B2-000575,DTE.DE,DTE.DE|swing|2026-02-01T23:00:00Z,EUR,2026-02-03T08:00:00Z,2026-02-12T16:30:00Z,objetivo,7,632.4307208541255,28.528499999999998,32.04381803609643,27.37142780848912,1.0,1.0,731.7680001574872,2223.1951195999773,38.30779475937381,0.0,2184.8873248406035,2.9857650571907812,731.7680001574872,2223.1951195999773,38.30779475937381,0.0,2184.8873248406035,2.9857650571907812,38.31005626454886,0.0
B2-000576,TSM,TSM|swing|2026-02-06T05:00:00Z,USD,2026-02-09T14:30:00Z,2026-02-12T21:00:00Z,stop,3,43.24252506383642,349.1087697753906,323.54756672450475,323.8714381626674,0.8478887569950823,0.8421761832575375,1091.3259448075346,-1105.330963589744,29.08735849044511,0.0,-1134.418322080189,-1.0394862574995907,925.3229988193442,-1017.1223945728685,24.582919536947273,0.0,-1041.7053141098158,-1.1257748001929795,24.581926996478792,-79.92469778658405
B2-000577,7203.T,7203.T|swing|2026-02-08T15:00:00Z,JPY,2026-02-10T00:00:00Z,2026-03-05T06:30:00Z,stop,15,715.5517370505705,3730.7269999999994,3485.939142857143,3489.4285714285716,0.00538647993536224,0.005463883728554256,172661.5097118582,-175158.3763874578,5163.897994235469,0.0,-180322.27438169328,-1.0443686880916283,930.0377576722768,-750.4133950873083,28.008306619041033,0.0,-778.4217017063494,-0.8369786014436703,28.007584213227837,193.07368483436153
B2-000578,Q8Y0.DE,Q8Y0.DE|swing|2026-02-08T23:00:00Z,EUR,2026-02-10T08:00:00Z,2026-03-02T08:00:00Z,stop,14,793.1875543324098,23.5235,22.437539085388185,22.48214394705636,1.0,1.0,825.9906608236153,-861.3706819615315,36.45572418671535,0.0,-897.8264061482469,-1.0869691979967455,825.9906608236153,-861.3706819615315,36.45572418671535,0.0,-897.8264061482469,-1.0869691979967455,36.45489927093065,0.0
B2-000579,7011.T,7011.T|swing|2026-02-09T15:00:00Z,JPY,2026-02-12T00:00:00Z,2026-02-24T06:30:00Z,stop,7,601.1017244567993,5036.030999999999,4743.394714285714,4748.142857142857,0.005470758794244762,0.005481254110940584,173050.05912209352,-175904.17598148927,5878.429661054308,0.0,-181782.60564254358,-1.0504625457208825,946.7151327867691,-932.404412229194,32.18939567002803,0.0,-964.593807899222,-1.018884957568836,32.18849545410771,29.92490546591646
B2-000580,6501.T,6501.T|swing|2026-02-09T15:00:00Z,JPY,2026-02-12T00:00:00Z,2026-02-13T06:30:00Z,stop,1,406.28782946571187,5649.643999999999,5218.4905714285715,5223.714285714285,0.005470758794244762,0.005478851632697786,173050.05912209355,-175172.39066098526,4415.590805366979,0.0,-179587.98146635224,-1.0377805264986701,946.7151327867692,-941.167386115742,24.173790740849434,0.0,-965.3411768565915,-1.0196743914032453,24.17287374633463,17.158510601722643
B2-000581,SU.PA,SU.PA|swing|2026-02-10T23:00:00Z,EUR,2026-02-12T08:00:00Z,2026-02-17T16:30:00Z,stop,3,56.907870883454144,269.26899999999995,252.4473034842355,252.70000348772322,1.0,1.0,942.9063141890459,-957.2869333597735,29.689764036473846,0.0,-986.9766973962473,-1.046738878024276,942.9063141890459,-957.2869333597735,29.689764036473846,0.0,-986.9766973962473,-1.046738878024276,29.688836438373684,0.0
B2-000582,IS3N.DE,IS3N.DE|swing|2026-02-11T23:00:00Z,EUR,2026-02-13T08:00:00Z,2026-03-03T16:30:00Z,stop,12,442.8441122225254,42.14209847259521,40.88050888497489,40.92143031529018,1.0,1.0,540.5657064400509,-558.687520918903,36.766072849662436,0.0,-595.4535937685655,-1.101537864268128,540.5657064400509,-558.687520918903,36.766072849662436,0.0,-595.4535937685655,-1.101537864268128,36.765550927690995,0.0
B2-000583,R6C0.DE,R6C0.DE|swing|2026-02-11T23:00:00Z,EUR,2026-02-13T08:00:00Z,2026-03-02T08:00:00Z,objetivo,11,561.3892491059631,33.243209083557126,37.112851524353026,31.757856641496932,1.0,1.0,833.8608921058807,2172.3756641469768,39.497136034728314,180.22615897598197,2313.1046870882305,2.773969506168567,833.8608921058807,2172.3756641469768,39.497136034728314,180.22615897598197,2313.1046870882305,2.773969506168567,39.499347909739484,0.0
B2-000584,DTE.DE,DTE.DE|swing|2026-02-11T23:00:00Z,EUR,2026-02-13T08:00:00Z,2026-04-02T15:30:00Z,stop,34,582.6167640263071,32.032,30.490908721651348,30.521430151803152,1.0,1.0,880.0833167921555,-897.8656136606547,36.42689475692068,582.6167640263071,-351.67574439126827,-0.39959369491641167,880.0833167921555,-897.8656136606547,36.42689475692068,582.6167640263071,-351.67574439126827,-0.39959369491641167,36.42603331733889,0.0
B2-000585,SU.PA,SU.PA|swing|2026-02-16T23:00:00Z,EUR,2026-02-18T08:00:00Z,2026-03-09T16:30:00Z,stop,13,52.81511993789434,255.80555305480954,237.81195522635326,238.05000523158483,1.0,1.0,937.7613878466314,-950.3340274241532,26.070467903314167,0.0,-976.4044953274673,-1.0412078253398465,937.7613878466314,-950.3340274241532,26.070467903314167,0.0,-976.4044953274673,-1.0412078253398465,26.069543638827852,0.0
B2-000586,ENR.DE,ENR.DE|swing|2026-02-17T23:00:00Z,EUR,2026-02-19T08:00:00Z,2026-03-03T16:30:00Z,stop,8,62.01752062577384,167.16699999999997,151.74096646336147,151.89285932268416,1.0,1.0,947.2643344964047,-956.6843530323571,19.77788138786511,43.41226443804169,-933.0499699821805,-0.9849942999049142,947.2643344964047,-956.6843530323571,19.77788138786511,43.41226443804169,-933.0499699821805,-0.9849942999049142,19.776944480455015,0.0
B2-000587,AMAT,AMAT|swing|2026-02-18T05:00:00Z,USD,2026-02-19T14:30:00Z,2026-03-06T21:00:00Z,stop,11,33.80666257784303,362.56221221923823,329.04490637643,329.37428065708707,0.8442380751371886,0.8649770781074302,1121.9732039781913,-1133.1082491461848,23.38092849479802,0.0,-1156.489177640983,-1.0307636345862878,947.2124980820525,-725.9143221032587,19.969768872446515,0.0,-745.8840909757051,-0.7874516990495756,19.9690629271857,230.6988050779869
B2-000588,OR.PA,OR.PA|swing|2026-02-22T23:00:00Z,EUR,2026-02-24T08:00:00Z,2026-03-03T08:00:00Z,stop,5,39.480042137846,400.14975,372.9766560974121,376.16428920200894,1.0,1.0,946.9470030003395,-1072.7948922898156,30.523063090607266,0.0,-1103.317955380423,-1.1651316830663516,946.9470030003395,-1072.7948922898156,30.523063090607266,0.0,-1103.317955380423,-1.1651316830663516,30.522020817735367,0.0
B2-000589,SAF.PA,SAF.PA|swing|2026-02-26T23:00:00Z,EUR,2026-03-02T08:00:00Z,2026-03-03T16:30:00Z,stop,1,57.65068940429187,332.63228778076166,322.2203081883022,322.54285103934154,1.0,1.0,581.6629838438618,-600.257801568704,37.75270361580674,0.0,-638.0105051845107,-1.096873142877826,581.6629838438618,-600.257801568704,37.75270361580674,0.0,-638.0105051845107,-1.096873142877826,37.75214111014128,0.0
B2-000590,MUV2.DE,MUV2.DE|swing|2026-02-26T23:00:00Z,EUR,2026-03-02T08:00:00Z,2026-03-03T16:30:00Z,stop,1,35.12527049459455,545.9454244384765,534.8360362374442,535.3714076450893,1.0,1.0,371.41520008210927,-390.2202655907163,37.962741151784726,0.0,-428.183006742501,-1.1528419048219944,371.41520008210927,-390.2202655907163,37.962741151784726,0.0,-428.183006742501,-1.1528419048219944,37.96238889390702,0.0
B2-000591,RRU.DE,RRU.DE|swing|2026-03-01T23:00:00Z,EUR,2026-03-03T08:00:00Z,2026-03-09T08:00:00Z,stop,4,851.0420626454234,15.735720267295836,13.946040038108826,14.631428173610143,1.0,1.0,939.7990211733053,-1523.0931537230465,25.260426513258633,0.0,-1548.353580236305,-1.6475369151834627,939.7990211733053,-1523.0931537230465,25.260426513258633,0.0,-1548.353580236305,-1.6475369151834627,25.25892867903173,0.0
B2-000592,EXH1.DE,EXH1.DE|swing|2026-03-02T23:00:00Z,EUR,2026-03-04T08:00:00Z,2026-03-17T16:30:00Z,objetivo,9,370.2345359745631,48.613563625335686,52.90704109290668,47.18500191824777,1.0,1.0,528.9028807347241,1589.5936379233895,37.58643397971551,0.0,1552.0072039436739,2.934389772632183,528.9028807347241,1589.5936379233895,37.58643397971551,0.0,1552.0072039436739,2.934389772632183,37.588061161411815,0.0
B2-000593,TTE.PA,TTE.PA|swing|2026-03-02T23:00:00Z,EUR,2026-03-04T08:00:00Z,2026-03-18T16:30:00Z,objetivo,10,264.4182313406602,68.068,75.4866698195253,65.03856931413922,1.0,1.0,801.036703924429,1961.6315525792163,37.95847189437133,0.0,1923.673080684845,2.401479322059039,801.036703924429,1961.6315525792163,37.95847189437133,0.0,1923.673080684845,2.401479322059039,37.960471486395974,0.0
B2-000594,ZPRR.DE,ZPRR.DE|swing|2026-03-02T23:00:00Z,EUR,2026-03-04T08:00:00Z,2026-03-09T08:00:00Z,stop,2,276.1123920884453,65.18512274932861,61.88805076217651,62.76428386143276,1.0,1.0,668.423616197656,-910.3624332603704,35.08647790853175,0.0,-945.4489111689021,-1.4144457021837606,668.423616197656,-910.3624332603704,35.08647790853175,0.0,-945.4489111689021,-1.4144457021837606,35.08560263170157,0.0
B2-000595,IQQK.DE,IQQK.DE|swing|2026-03-03T23:00:00Z,EUR,2026-03-05T08:00:00Z,2026-03-09T08:00:00Z,stop,1,134.15769932518234,83.19311061096191,75.51440634155273,76.38856942313058,1.0,1.0,912.881590722895,-1030.1572985823907,21.291835339961736,0.0,-1051.4491339223525,-1.1517913655041814,912.881590722895,-1030.1572985823907,21.291835339961736,0.0,-1051.4491339223525,-1.1517913655041814,21.290826473489798,0.0
B2-000596,BSP.DE,BSP.DE|swing|2026-03-04T23:00:00Z,EUR,2026-03-06T08:00:00Z,2026-04-29T15:30:00Z,stop,36,480.66503903514143,25.065040916442868,23.168236892427714,23.191428320748464,1.0,1.0,900.5800714461832,-911.7273802452572,23.1840503607936,127.9920633923243,-806.9193672137264,-0.8959995816007198,900.5800714461832,-911.7273802452572,23.1840503607936,127.9920633923243,-806.9193672137264,-0.8959995816007198,23.18316181657451,0.0
B2-000597,MRVL,MRVL|swing|2026-03-06T05:00:00Z,USD,2026-03-09T13:30:00Z,2026-04-06T20:00:00Z,objetivo,19,143.44199473480742,88.01793030548095,110.26194805915016,81.03571428571429,0.8649770781074302,0.8676789587852494,1001.5429935446564,3190.726277502782,28.441661268397674,0.0,3162.2846162343844,3.1574127487452546,866.3117321552257,2802.6385609067315,24.644118528811664,0.0,2777.9944423779198,3.206691470594281,24.646945814316396,42.73346835177824
B2-000598,ENI.MI,ENI.MI|swing|2026-03-08T23:00:00Z,EUR,2026-03-10T08:00:00Z,2026-03-17T16:30:00Z,objetivo,5,848.0474573339792,20.490469312667845,23.10746957976478,20.118857519967214,1.0,1.0,315.14443591509115,2219.340422353899,36.97312122272969,0.0,2182.3673011311694,6.924974876342608,315.14443591509115,2219.340422353899,36.97312122272969,0.0,2182.3673011311694,6.924974876342608,36.97537753852646,0.0
B2-000599,R6C0.DE,R6C0.DE|swing|2026-03-08T23:00:00Z,EUR,2026-03-10T08:00:00Z,2026-03-30T15:30:00Z,objetivo,14,480.8734516086769,36.13609847259521,40.82640877941677,35.51214272635324,1.0,1.0,300.043753346443,2255.4457063570353,37.00922650673283,0.0,2218.4364798503025,7.393709934326822,300.043753346443,2255.4457063570353,37.00922650673283,0.0,2218.4364798503025,7.393709934326822,37.01151896395481,0.0
B2-000600,RRU.DE,RRU.DE|swing|2026-03-09T23:00:00Z,EUR,2026-03-11T08:00:00Z,2026-03-19T16:30:00Z,stop,6,626.2811652666882,15.195180305480955,13.789054133278983,13.802856990269252,1.0,1.0,871.9858682787639,-880.6303376386389,18.152280118669445,0.0,-898.7826177573083,-1.030730715317026,871.9858682787639,-880.6303376386389,18.152280118669445,0.0,-898.7826177573083,-1.030730715317026,18.15141763974799,0.0
B2-000601,VRTX,VRTX|swing|2026-03-10T04:00:00Z,USD,2026-03-11T13:30:00Z,2026-03-16T20:00:00Z,stop,3,33.95941406675838,498.37788488769525,468.02008912876676,468.4885777064732,0.8590327291469806,0.8712319219376199,1015.0233587356533,-1030.932956331534,32.81830895290144,0.0,-1063.7512652844352,-1.0480066848998224,871.938286002623,-691.7149869996941,28.38589166984506,0.0,-720.1008786695392,-0.8258622086327023,28.385228340084232,193.89016404534817
B2-000602,ORCL,ORCL|swing|2026-03-11T04:00:00Z,USD,2026-03-12T13:30:00Z,2026-03-25T20:00:00Z,stop,9,53.4676147344074,164.82466366577145,145.71555825805663,145.86141967773438,0.8634832915983076,0.862663906142167,1013.9194236669338,-1021.718285858877,16.603844945360613,0.0,-1038.3221308042378,-1.0240676986432011,875.5024813633829,-888.6205525398723,14.330758802627637,0.0,-902.9513113424999,-1.0313520870167863,14.329884511958582,-6.383883980268027
B2-000603,CVX,CVX|swing|2026-03-12T04:00:00Z,USD,2026-03-13T13:30:00Z,2026-04-08T20:00:00Z,stop,17,103.44112463514602,196.19599999999997,188.45991754368373,188.64856610979353,0.8660258075690656,0.8542627712284298,780.7150497123688,-800.2290695515748,39.78924070828264,0.0,-840.0183102598573,-1.0759601862028112,676.1193814084774,-922.3336065945768,34.229194736554476,0.0,-956.5628013311314,-1.4147838793475205,34.22830663125279,-229.31458039593286
B2-000604,Q8Y0.DE,Q8Y0.DE|swing|2026-03-15T23:00:00Z,EUR,2026-03-17T08:00:00Z,2026-03-31T15:30:00Z,stop,10,755.6015563518266,23.55853484725952,22.4396810735975,22.462143216814315,1.0,1.0,828.435222335513,-845.4076527091349,34.75632353920694,0.0,-880.1639762483419,-1.0624415192861982,828.435222335513,-845.4076527091349,34.75632353920694,0.0,-880.1639762483419,-1.0624415192861982,34.755512887064846,0.0
B2-000605,MU,MU|swing|2026-03-17T04:00:00Z,USD,2026-03-18T13:30:00Z,2026-03-23T20:00:00Z,stop,3,18.73111634711166,465.2247697753906,409.3916294076102,409.80143083844865,0.8672274737663689,0.8623663332183512,1038.1410099732634,-1045.8170482535113,16.382541532188643,0.0,-1062.1995897857,-1.0231746743277739,900.3044054923799,-944.2382634100098,14.17011312020126,0.0,-958.4083765302111,-1.064538139193103,14.169183051120589,-37.27698663131624
B2-000606,XOM,XOM|swing|2026-03-17T04:00:00Z,USD,2026-03-18T13:30:00Z,2026-04-14T13:30:00Z,stop,18,111.44376030876116,159.81966366577146,149.91993731689453,150.50428336007255,0.8672274737663689,0.8558712769599451,1038.1410099732634,-1103.2627303465672,34.51854585004355,0.0,-1137.7812761966106,-1.0959795107467274,900.3044054923799,-1146.5150162638643,29.74569604989702,0.0,-1176.2607123137614,-1.3065144468225276,29.744579279457312,-189.7352657248241
B2-000607,TTE.PA,TTE.PA|swing|2026-03-18T23:00:00Z,EUR,2026-03-20T08:00:00Z,2026-03-23T16:30:00Z,stop,1,228.48747559754352,78.05798336029052,74.16004589734759,74.23428017752511,1.0,1.0,873.668287664362,-890.6298909449245,34.779913245510755,0.0,-925.4098041904352,-1.0592232970529323,873.668287664362,-890.6298909449245,34.779913245510755,0.0,-925.4098041904352,-1.0592232970529323,34.77905739467481,0.0
B2-000608,ARM,ARM|swing|2026-03-25T04:00:00Z,USD,2026-03-26T13:30:00Z,2026-03-30T20:00:00Z,stop,2,61.587702213509054,157.5073561096191,140.68004422106063,140.82086508614677,0.862663906142167,0.8707767328456983,1027.6826401420064,-1036.3554736463805,18.364676815386318,0.0,-1054.7201504617667,-1.0263092021443743,886.5447206193983,-823.7356269932815,15.912834670653972,0.0,-839.6484616639354,-0.9471022071817223,15.91202684705189,70.29083405431959
B2-000609,INTC,INTC|swing|2026-03-25T04:00:00Z,USD,2026-03-26T13:30:00Z,2026-03-30T20:00:00Z,stop,2,236.37236328211404,46.346299236297604,41.956573096684046,41.9985716683524,0.862663906142167,0.8707767328456983,1027.6826401420064,-1037.609941781728,20.872358617945675,0.0,-1058.4823003996735,-1.0299700112219576,886.5447206193983,-814.6507060704637,18.086288355116046,0.0,-832.7369944255797,-0.939306247116079,18.085491789900814,80.45793935890755
B2-000610,IQQK.DE,IQQK.DE|swing|2026-03-31T22:00:00Z,EUR,2026-04-02T07:00:00Z,2026-05-04T07:00:00Z,objetivo,19,233.74041093042993,75.0649878616333,102.01788274383544,72.15857478550502,1.0,1.0,679.3461867477977,6299.980725530611,41.39142294406241,0.0,6258.589302586549,9.21266568455768,679.3461867477977,6299.980725530611,41.39142294406241,0.0,6258.589302586549,9.21266568455768,41.39776432255312,0.0
B2-000611,IBE.MC,IBE.MC|swing|2026-03-31T22:00:00Z,EUR,2026-04-02T07:00:00Z,2026-05-15T15:30:00Z,stop,28,872.9179772384417,20.10007992362976,19.217905692509245,19.23714283534459,1.0,1.0,753.2732975899227,-770.0657454015981,34.32137647313021,0.0,-804.3871218747282,-1.0678556168768265,753.2732975899227,-770.0657454015981,34.32137647313021,0.0,-804.3871218747282,-1.0678556168768265,34.32064072802455,0.0
B2-000612,EUNN.DE,EUNN.DE|swing|2026-03-31T22:00:00Z,EUR,2026-04-02T07:00:00Z,2026-06-02T15:30:00Z,tiempo,40,279.4228127572002,62.792729541778556,68.62131243896485,61.57285526820591,1.0,1.0,340.8607007318141,1628.6390275203053,36.7200812460521,0.0,1591.9189462742531,4.670291831403467,340.8607007318141,1628.6390275203053,36.7200812460521,0.0,1591.9189462742531,4.670291831403467,36.72174660682211,0.0
B2-000613,BBVA.MC,BBVA.MC|swing|2026-03-31T22:00:00Z,EUR,2026-04-02T07:00:00Z,2026-06-02T15:30:00Z,tiempo,40,954.9546910102489,18.373354541778564,19.96001954269409,17.61785806928362,1.0,1.0,721.4649004507419,1515.1931856860635,36.60663540421787,572.9728146061493,2051.559364887995,2.84360245883932,721.4649004507419,1515.1931856860635,36.60663540421787,572.9728146061493,2051.559364887995,2.84360245883932,36.608187205590895,0.0
B2-000614,VVSM.DE,VVSM.DE|swing|2026-03-31T22:00:00Z,EUR,2026-04-02T07:00:00Z,2026-04-17T15:30:00Z,objetivo,9,301.89790736747966,58.1180613746643,68.73262767229761,55.99428721836635,1.0,1.0,641.1629735074852,3204.5153528688725,38.29595757140068,0.0,3166.2193952974717,4.938244293766144,641.1629735074852,3204.5153528688725,38.29595757140068,0.0,3166.2193952974717,4.938244293766144,38.29920038595191,0.0
B2-000615,7011.T,7011.T|swing|2026-04-02T15:00:00Z,JPY,2026-04-06T00:00:00Z,2026-04-17T06:30:00Z,stop,9,354.93165973190884,4831.826999999999,4368.484285714286,4372.857142857143,0.005436555398499511,0.005338743259836635,162902.93316263106,-164454.99860611593,3265.4817546887834,0.0,-167720.4803608047,-1.0295731151345455,885.6308207167069,-1045.7277400139333,17.601313432623336,0.0,-1063.3290534465566,-1.2006459447583875,17.600285305167716,-151.65902953162382
B2-000616,R6C0.DE,R6C0.DE|swing|2026-04-01T22:00:00Z,EUR,2026-04-07T07:00:00Z,2026-04-08T07:00:00Z,stop,1,401.4946541824724,41.00095908355713,37.98198045730591,38.78857094900949,1.0,1.0,888.2620089976091,-1212.1037795310085,31.71122799727393,0.0,-1243.8150075282824,-1.4002794163536385,888.2620089976091,-1212.1037795310085,31.71122799727393,0.0,-1243.8150075282824,-1.4002794163536385,31.71004760354116,0.0
B2-000617,ENI.MI,ENI.MI|swing|2026-04-01T22:00:00Z,EUR,2026-04-07T07:00:00Z,2026-04-08T07:00:00Z,stop,1,522.1512684955959,24.754729541778563,22.877099618911743,23.053571156093053,1.0,1.0,888.2620089976091,-980.406845990198,24.87102001701996,0.0,-1005.277866007218,-1.1317357444361036,888.2620089976091,-980.406845990198,24.87102001701996,0.0,-1005.277866007218,-1.1317357444361036,24.870064480237808,0.0
B2-000618,ALV.DE,ALV.DE|swing|2026-04-07T22:00:00Z,EUR,2026-04-09T07:00:00Z,2026-06-05T15:30:00Z,tiempo,40,47.113894066971284,378.7783938903808,372.4271878051758,361.48572213309154,1.0,1.0,814.7251053078328,-299.23005069585344,35.392220198522,805.647588545209,471.0253176508336,0.5781401783032856,814.7251053078328,-299.23005069585344,35.392220198522,805.647588545209,471.0253176508336,0.5781401783032856,35.39195636042565,0.0
B2-000619,SAF.PA,SAF.PA|swing|2026-04-07T22:00:00Z,EUR,2026-04-09T07:00:00Z,2026-04-21T15:30:00Z,stop,8,36.961685108127845,312.6122877807617,288.18297282191685,288.471444266183,1.0,1.0,892.2862562304463,-902.9486469160996,22.206405236851815,0.0,-925.1550521529514,-1.0368366045010742,892.2862562304463,-902.9486469160996,22.206405236851815,0.0,-925.1550521529514,-1.0368366045010742,22.20552449372766,0.0
B2-000620,ENR.DE,ENR.DE|swing|2026-04-07T22:00:00Z,EUR,2026-04-09T07:00:00Z,2026-06-05T15:30:00Z,tiempo,40,50.278445444878045,162.78261511230468,157.86198426818848,145.0357208251953,1.0,1.0,892.2862562304463,-247.40166945028076,16.121511997146904,0.0,-263.52318144742765,-0.2953347982302317,892.2862562304463,-247.40166945028076,16.121511997146904,0.0,-263.52318144742765,-0.2953347982302317,16.121280716757802,0.0
B2-000621,ASML.AS,ASML.AS|swing|2026-04-07T22:00:00Z,EUR,2026-04-09T07:00:00Z,2026-06-05T15:30:00Z,tiempo,40,7.342629647329957,1208.2069999999999,1460.737751220703,1086.6856515066963,1.0,1.0,892.2862562304463,1854.2397807756413,19.597072857398814,19.825100047790887,1854.4678079660332,2.0783328164219634,892.2862562304463,1854.2397807756413,19.597072857398814,19.825100047790887,1854.4678079660332,2.0783328164219634,19.598946696125562,0.0
B2-000622,MRVL,MRVL|swing|2026-04-13T04:00:00Z,USD,2026-04-14T13:30:00Z,2026-04-23T20:00:00Z,objetivo,7,55.98151413444467,136.2461106109619,164.3725185049602,117.66428920200893,0.8558712769599451,0.8551393877201984,1040.2384978490268,1574.5589010690223,16.829086034930377,0.0,1557.7298150340919,1.4974737218965821,890.3102514969416,1340.8850224562038,14.396796639934252,0.0,1326.4882258162695,1.4899168279663757,14.398151923107344,-6.734714850388987
B2-000623,MU,MU|swing|2026-04-14T04:00:00Z,USD,2026-04-15T13:30:00Z,2026-05-05T13:30:00Z,objetivo,14,22.701068930202364,458.0876348876953,609.1702492675781,411.3228541782924,0.8479606546256253,0.8547008547008548,1061.6105103899527,3429.7368431929035,24.227894794510792,0.0,3405.508948398393,3.2078704148732244,900.2039433477084,3001.4908841700385,20.637510515576714,0.0,2980.853373654462,3.3113089491356424,20.640532646992973,93.20898542255962
B2-000624,IS3N.DE,IS3N.DE|swing|2026-04-16T22:00:00Z,EUR,2026-04-20T07:00:00Z,2026-06-01T07:00:00Z,objetivo,29,415.6648705002195,43.806763488769526,48.78416718292236,42.67799867902483,1.0,1.0,469.1878784677334,2068.9318619573514,38.48679720714361,0.0,2030.4450647502078,4.327573575389893,469.1878784677334,2068.9318619573514,38.48679720714361,0.0,2030.4450647502078,4.327573575389893,38.48890462790951,0.0
B2-000625,ARM,ARM|swing|2026-04-17T04:00:00Z,USD,2026-04-20T13:30:00Z,2026-04-23T20:00:00Z,objetivo,3,58.522581339459194,167.58240827941893,209.1733614999226,149.23143223353796,0.847673137238281,0.8551393877201984,1073.9464883035362,2434.009942832569,22.04872018202208,0.0,2411.961222650547,2.2458858508496182,910.3555889662933,2154.6419421067267,18.78150490658033,0.0,2135.8604372001464,2.3461825940184657,18.78367833220061,91.39709779667486
B2-000626,AMD,AMD|swing|2026-04-22T04:00:00Z,USD,2026-04-23T13:30:00Z,2026-05-01T20:00:00Z,objetivo,6,49.16562741098146,302.3120197753906,358.96467744704654,280.54142325265065,0.8522969402539845,0.8545547769612033,1070.3650371518402,2785.363458926517,32.51208371120274,0.0,2752.8513752153144,2.571880881442505,912.2688461193558,2413.804689484242,27.749797404285424,0.0,2386.0548920799565,2.6155172373032887,27.752238961212207,39.84793594591704
B2-000627,6501.T,6501.T|swing|2026-04-22T15:00:00Z,JPY,2026-04-24T00:00:00Z,2026-04-30T06:30:00Z,stop,3,543.9587028013415,5235.23,4916.079,4921.0,0.005361930294906166,0.005346164127238706,170928.1431812653,-173604.96395775085,5521.892875375583,0.0,-179126.85683312643,-1.0479658498552025,916.5047891756852,-973.0187175637885,29.565843691730223,0.0,-1002.5845612555188,-1.0939217918951134,29.564900237912433,-42.161001972631944
B2-000628,6857.T,6857.T|swing|2026-04-27T15:00:00Z,JPY,2026-04-30T00:00:00Z,2026-05-15T06:30:00Z,stop,8,85.68580102727094,28908.879999999997,26882.376428571428,26909.285714285714,0.005346164127238706,0.005410377103284098,171336.83810098207,-173642.58180248237,4780.518497400022,0.0,-178423.10029988238,-1.0413586609712258,915.9948575299763,-780.4111353873631,25.70534710680726,0.0,-806.1164824941703,-0.8800447686659527,25.704592400263177,147.91060640617954
B2-000629,INTC,INTC|swing|2026-04-29T04:00:00Z,USD,2026-04-30T13:30:00Z,2026-05-08T20:00:00Z,objetivo,6,97.23041712575066,95.69559847259521,119.1032744213513,84.71000126429966,0.8542627712284298,0.8502678343678259,1068.1341989380578,2275.9380964419565,20.884984009619515,0.0,2255.053112432337,2.1112076691059207,912.4672808286841,1897.9859746873237,17.79500110639547,0.0,1880.1909735809284,2.0605571433458714,17.796916889286408,-46.26321072353936
B2-000630,SU.PA,SU.PA|swing|2026-04-29T22:00:00Z,EUR,2026-05-04T07:00:00Z,2026-05-19T15:30:00Z,stop,11,60.79395683264437,269.26899999999995,253.63183466884067,253.8857203892299,1.0,1.0,935.2104366016524,-950.6451541274204,31.789210770611206,255.33461869710635,-727.0997462009252,-0.7774718050014975,935.2104366016524,-950.6451541274204,31.789210770611206,255.33461869710635,-727.0997462009252,-0.7774718050014975,31.78829191374617,0.0
B2-000631,AAPL,AAPL|swing|2026-05-01T04:00:00Z,USD,2026-05-04T13:30:00Z,2026-05-27T20:00:00Z,objetivo,16,78.18023770788332,279.93966366577143,312.8340812849317,266.59859357561385,0.8545547769612033,0.8593280054996992,1043.0080309260525,2571.693388728335,46.343192287238175,21.1086641811285,2546.458860622225,2.4414566188539393,891.3074952367566,2314.39383435024,39.719537312823874,17.94191600605907,2292.6162130434755,2.5721944730583597,39.721891428547124,116.74096413289462
B2-000632,Q8Y0.DE,Q8Y0.DE|swing|2026-05-04T22:00:00Z,EUR,2026-05-06T07:00:00Z,2026-05-28T15:30:00Z,objetivo,16,706.1132988074322,26.811784847259517,29.421664968967438,25.564285278320312,1.0,1.0,880.8760358845115,1842.8710622311226,39.70718675305821,0.0,1803.1638754780643,2.0470120675577905,880.8760358845115,1842.8710622311226,39.70718675305821,0.0,1803.1638754780643,2.0470120675577905,39.709069333186704,0.0
B2-000633,AMAT,AMAT|swing|2026-05-08T04:00:00Z,USD,2026-05-11T13:30:00Z,2026-05-19T20:00:00Z,stop,6,28.973920170929343,439.68924999999996,400.19512484305244,400.59572056361606,0.8502678343678259,0.8605851979345955,1132.6928010896636,-1144.2996295180897,24.334742829513498,0.0,-1168.6343723476032,-1.0317310847419205,963.0922549865348,-853.3290509738152,20.81068120243286,0.0,-874.1397321762481,-0.9076386271930612,20.809848683229525,119.6321168844362
B2-000634,PANW,PANW|swing|2026-05-14T04:00:00Z,USD,2026-05-15T13:30:00Z,2026-05-29T20:00:00Z,objetivo,9,64.27148294174447,238.06783183288573,281.4828802503858,220.34143720354353,0.8545547769612033,0.8588114050154585,1139.3016700383976,2790.3495437803654,33.39229472903118,0.0,2756.957249051334,2.4198658893903118,973.5956845311892,2461.5145613734176,28.612553003734398,0.0,2432.9020083696832,2.4988833116502427,28.615043133339512,77.00802934439285
B2-000635,XOM,XOM|swing|2026-05-15T04:00:00Z,USD,2026-05-18T13:30:00Z,2026-05-26T20:00:00Z,stop,5,142.17080601252664,157.47732733154294,149.77150670732772,149.92142813546317,0.8599931200550395,0.8595495960116899,1074.2282788560622,-1095.5427291326291,43.68181438171527,0.0,-1139.2245435143443,-1.0605050769353197,923.8289291847799,-951.6032274776504,37.55661582209915,0.0,-989.1598432997496,-1.0707175452630824,37.55570177456889,-9.444017697268412
B2-000636,SAP.DE,SAP.DE|swing|2026-05-18T22:00:00Z,EUR,2026-05-20T07:00:00Z,2026-06-11T15:30:00Z,stop,16,107.47101025901802,154.07391816711424,145.10047310093472,145.24571881975447,1.0,1.0,948.7755026287581,-964.385206766114,32.152574073203965,0.0,-996.537780839318,-1.050340969047183,948.7755026287581,-964.385206766114,32.152574073203965,0.0,-996.537780839318,-1.050340969047183,32.151641839637136,0.0
B2-000637,IFX.DE,IFX.DE|swing|2026-05-19T22:00:00Z,EUR,2026-05-21T07:00:00Z,2026-06-02T15:30:00Z,objetivo,8,125.51389629112957,68.60854091644286,84.90011088180542,60.9471435546875,1.0,1.0,961.6118339084962,2044.8184230521972,19.267469001596456,0.0,2025.5509540506007,2.106412257654626,961.6118339084962,2044.8184230521972,19.267469001596456,0.0,2025.5509540506007,2.106412257654626,19.2695330895518,0.0
B2-000638,EXSA.DE,EXSA.DE|swing|2026-05-25T22:00:00Z,EUR,2026-05-27T07:00:00Z,2026-07-22T15:30:00Z,tiempo,40,311.00419448205844,63.38331969451904,64.38554695129395,61.567144121442524,1.0,1.0,564.838221142652,311.69688068124356,39.736653451066616,218.57281486940724,490.5330420995842,0.8684487411408696,564.838221142652,311.69688068124356,39.736653451066616,218.57281486940724,490.5330420995842,0.8684487411408696,39.73700488495028,0.0
B2-000639,8035.T,8035.T|swing|2026-05-26T15:00:00Z,JPY,2026-05-28T00:00:00Z,2026-06-04T06:30:00Z,objetivo,5,46.53619199792396,52051.99999999999,63067.85116071429,48138.57142857143,0.005390254420008624,0.005386189809328881,182116.063370161,512635.7646355539,5357.2394963874285,0.0,507278.52513916645,2.785468320321062,981.6519155355809,2751.3078173439385,28.86495449560976,0.0,2722.442862848329,2.773328121468583,28.8677346711603,-11.92937883735571
B2-000640,APP,APP|swing|2026-05-27T04:00:00Z,USD,2026-05-28T13:30:00Z,2026-06-10T20:00:00Z,stop,9,16.309223007360742,562.7221331176758,492.1670605643136,492.6597202845982,0.8593280054996992,0.8666262241095416,1142.6635153284346,-1150.6984125733004,17.204423107814524,0.0,-1167.902835681115,-1.022088147572845,981.9227595844587,-930.2455756442373,14.842824391175238,0.0,-945.0884000354125,-0.9624875183006918,14.84190898750851,58.58179616404773
B2-000641,RRU.DE,RRU.DE|swing|2026-05-27T22:00:00Z,EUR,2026-05-29T07:00:00Z,2026-06-08T07:00:00Z,stop,6,891.468165879816,15.293277877807615,14.06591992378235,14.186285972595215,1.0,1.0,986.8480433835012,-1094.1505441529068,26.17279021588613,0.0,-1120.323334368793,-1.1352541476676177,986.8480433835012,-1094.1505441529068,26.17279021588613,0.0,-1120.323334368793,-1.1352541476676177,26.17172223706148,0.0
B2-000642,MRVL,MRVL|swing|2026-05-28T04:00:00Z,USD,2026-05-29T13:30:00Z,2026-06-02T20:00:00Z,objetivo,2,40.0277025669066,204.64444244384762,274.81409462356567,176.00572204589844,0.860807437376259,0.8584427847883939,1146.3421819859109,2808.7299666730432,19.191623714898583,0.0,2789.5383429581448,2.4334255397682205,986.779876031601,2391.7640482601896,16.49428083247775,0.0,2375.269767427712,2.407091819687297,16.49668909321425,-26.01159663353805
B2-000643,6501.T,6501.T|swing|2026-05-28T15:00:00Z,JPY,2026-06-01T00:00:00Z,2026-06-10T06:30:00Z,stop,7,515.9931579489914,5205.2,4842.010285714286,4846.857142857143,0.005392289026691831,0.005395198273536552,184902.46248560693,-187403.4076088776,5184.291763903303,0.0,-192587.69937278092,-1.0415637346515718,997.0475194694361,-1003.2647475720196,27.962468180506605,0.0,-1031.2272157525263,-1.0342809100024424,27.96149287725244,7.268590841987506
B2-000644,EUNH.DE,EUNH.DE|swing|2026-05-28T22:00:00Z,EUR,2026-06-01T07:00:00Z,2026-06-08T07:00:00Z,stop,5,181.7068032488598,109.85974999999999,108.87601560974122,109.00071498325893,1.0,1.0,156.09250677084887,-178.75123129988825,39.74577672513796,0.0,-218.49700802502622,-1.3997917808174487,156.09250677084887,-178.75123129988825,39.74577672513796,0.0,-218.49700802502622,-1.3997917808174487,39.745637719541776,0.0
B2-000645,EUNL.DE,EUNL.DE|swing|2026-06-01T22:00:00Z,EUR,2026-06-03T07:00:00Z,2026-06-08T07:00:00Z,stop,3,164.31150214624705,124.68455755615233,121.92295317077637,122.39786093575614,1.0,1.0,375.73055665004364,-453.7633648947874,40.52045052808839,0.0,-494.2838154228758,-1.315527328492617,375.73055665004364,-453.7633648947874,40.52045052808839,0.0,-494.2838154228758,-1.315527328492617,40.52003728475816,0.0
B2-000646,EXV1.DE,EXV1.DE|swing|2026-06-01T22:00:00Z,EUR,2026-06-03T07:00:00Z,2026-06-10T15:30:00Z,stop,5,542.1626571174941,37.787749999999996,36.62690792247227,36.66357149396624,1.0,1.0,609.4876059056369,-629.3652252462235,40.34484866773695,0.0,-669.7100739139605,-1.0988083554526742,609.4876059056369,-629.3652252462235,40.34484866773695,0.0,-669.7100739139605,-1.0988083554526742,40.34425964676965,0.0
B2-000647,IFX.DE,IFX.DE|swing|2026-06-01T22:00:00Z,EUR,2026-06-03T07:00:00Z,2026-06-05T15:30:00Z,stop,2,123.79361633733552,87.64755755615234,79.29348219517298,79.37285505022321,1.0,1.0,1024.3553473245793,-1034.1812000902655,20.666235025931442,0.0,-1054.847435116197,-1.0297670997386377,1024.3553473245793,-1034.1812000902655,20.666235025931442,0.0,-1054.847435116197,-1.0297670997386377,20.66522150995193,0.0
B2-000648,Q8Y0.DE,Q8Y0.DE|swing|2026-06-02T22:00:00Z,EUR,2026-06-04T07:00:00Z,2026-06-05T15:30:00Z,stop,1,690.8972821372466,29.414385229110714,27.942029858452933,27.969999858311244,1.0,1.0,997.9219270441529,-1017.2463239276389,39.62739129713349,0.0,-1056.8737152247722,-1.059074549404115,997.9219270441529,-1017.2463239276389,39.62739129713349,0.0,-1056.8737152247722,-1.059074549404115,39.626413677219944,0.0
B2-000649,SXR8.DE,SXR8.DE|swing|2026-06-07T22:00:00Z,EUR,2026-06-09T07:00:00Z,2026-06-09T15:30:00Z,stop,0,28.734991834739503,693.7530575561523,683.3131603480748,683.9971575055804,1.0,1.0,280.33570829371774,-299.9903610296258,39.56998652737357,0.0,-339.5603475569993,-1.2112632729656752,280.33570829371774,-299.9903610296258,39.56998652737357,0.0,-339.5603475569993,-1.2112632729656752,39.56972610673675,0.0
B2-000650,LLY,LLY|swing|2026-06-08T04:00:00Z,USD,2026-06-09T13:30:00Z,2026-08-06T20:00:00Z,tiempo,40,12.093128786837541,1166.165,1190.7480014648438,1071.0586111886162,0.8665511265164645,0.8664009703690869,1150.1338083471092,297.28540268137255,28.502452466086176,0.0,268.78295021528635,0.23369711268775079,996.6497472678589,255.45077174851454,24.696670064127026,0.0,230.7541016843875,0.23152978497908575,24.696950211847977,-2.1622288419289784
B2-000651,GS,GS|swing|2026-06-08T04:00:00Z,USD,2026-06-09T13:30:00Z,2026-08-06T20:00:00Z,tiempo,40,13.4459576224446,1062.8518291015623,1031.5473760986329,977.3143136160714,0.8665511265164645,0.8664009703690869,1150.1338083471092,-420.918348471198,28.16120295760348,0.0,-449.07955142880144,-0.39045852592941926,996.6497472678589,-366.8299561711993,24.401039459838053,0.0,-391.23099563103733,-0.39254612435665465,24.400697030576136,-2.0826871320322597
B2-000652,MRVL,MRVL|swing|2026-06-08T04:00:00Z,USD,2026-06-09T13:30:00Z,2026-07-07T20:00:00Z,stop,18,17.09479762140982,300.0597697753906,232.54723402404784,232.78001403808594,0.8665511265164645,0.8746610688358262,1150.1338083471092,-1154.1131355773994,9.104808941696852,0.0,-1163.2179445190961,-1.0113761860376842,996.6497472678589,-967.8581955688348,7.922022287337795,0.0,-975.7802178561726,-0.9790603173593367,7.921062350204068,32.2398421932098
B2-000653,AMAT,AMAT|swing|2026-06-08T04:00:00Z,USD,2026-06-09T13:30:00Z,2026-06-17T20:00:00Z,objetivo,6,19.47954982450476,502.22172122192376,610.9750454153333,443.1785801478795,0.8665511265164645,0.862738331464067,1150.1338083471092,2118.4657972060395,21.684571880188045,0.0,2096.7812253258517,1.8230758978724373,996.6497472678589,1790.3808709112932,18.74541213866,0.0,1771.6354587726332,1.777590837332034,18.74722126675165,-45.37805214419985
B2-000654,8035.T,8035.T|swing|2026-06-08T15:00:00Z,JPY,2026-06-10T00:00:00Z,2026-06-18T06:30:00Z,objetivo,6,23.06048206761183,61171.10999999999,76035.85232142858,53277.142857142855,0.005395198273536552,0.005381552039608223,182038.68774017403,342788.1237429746,3164.0586941647957,0.0,339624.0650488098,1.8656697060657745,982.1348138126465,1825.4822673929386,17.04679637811223,0.0,1808.4354710148264,1.8413311956578358,17.048638909016965,-23.92762601399269
B2-000655,IQQT.DE,IQQT.DE|swing|2026-06-08T22:00:00Z,EUR,2026-06-10T07:00:00Z,2026-07-17T15:30:00Z,stop,27,105.98471308086994,164.5443848876953,155.12472531345912,155.2800053187779,1.0,1.0,981.8826104839817,-998.3399172948892,33.880038925486346,0.0,-1032.2199562203755,-1.051266154628792,981.8826104839817,-998.3399172948892,33.880038925486346,0.0,-1032.2199562203755,-1.051266154628792,33.87907446464174,0.0
B2-000656,IBE.MC,IBE.MC|swing|2026-06-10T22:00:00Z,EUR,2026-06-12T07:00:00Z,2026-06-29T15:30:00Z,objetivo,11,969.9582680406429,20.320299236297604,21.92506398296356,19.680713653564453,1.0,1.0,620.3713240916123,1556.5548342887926,40.97623934090244,0.0,1515.5785949478902,2.4430184569976667,620.3713240916123,1556.5548342887926,40.97623934090244,0.0,1515.5785949478902,2.4430184569976667,40.97783687357135,0.0
B2-000657,OR.PA,OR.PA|swing|2026-06-11T22:00:00Z,EUR,2026-06-15T07:00:00Z,2026-06-23T15:30:00Z,stop,6,45.09183663736399,394.3439622192382,371.95624547031946,372.32857404436385,1.0,1.0,992.7142870895902,-1009.5032663258226,34.55388378031563,0.0,-1044.0571501061381,-1.0517196777403832,992.7142870895902,-1009.5032663258226,34.55388378031563,0.0,-1044.0571501061381,-1.0517196777403832,34.552908829956564,0.0
B2-000658,ASML.AS,ASML.AS|swing|2026-06-11T22:00:00Z,EUR,2026-06-15T07:00:00Z,2026-07-07T15:30:00Z,stop,16,6.002543034171161,1669.668,1502.7814285714285,1504.2857142857142,1.0,1.0,992.7142870895902,-1001.7438268252793,19.04276421873171,0.0,-1020.786591044011,-1.0282783317612183,992.7142870895902,-1001.7438268252793,19.04276421873171,0.0,-1020.786591044011,-1.0282783317612183,19.04178151668593,0.0
B2-000659,ITX.MC,ITX.MC|swing|2026-06-11T22:00:00Z,EUR,2026-06-15T07:00:00Z,2026-08-10T15:30:00Z,tiempo,40,243.66794723713102,56.95690152740478,59.04089847564697,52.88285609654018,1.0,1.0,992.7142870895902,507.8032584266195,28.26494581076689,0.0,479.5383126158526,0.4830577325745442,992.7142870895902,507.8032584266195,28.26494581076689,0.0,479.5383126158526,0.4830577325745442,28.265481879507114,0.0
B2-000660,ABBV,ABBV|swing|2026-06-12T04:00:00Z,USD,2026-06-15T13:30:00Z,2026-06-18T20:00:00Z,stop,3,101.49421773173027,226.22599999999997,216.8229511151995,217.0399911063058,0.864528399757932,0.8725242125468983,932.3267867422078,-954.3550908560438,44.966906710300776,0.0,-999.3219975663446,-1.071858077850831,806.0229849936957,-649.1090179417155,39.051125961877446,0.0,-688.1601439035929,-0.8537723572597318,39.050515903372705,175.95806155689598
B2-000661,ARM,ARM|swing|2026-06-12T04:00:00Z,USD,2026-06-15T13:30:00Z,2026-07-07T20:00:00Z,stop,14,12.615958927988629,390.8905,299.59225001743863,299.8921421595982,0.864528399757932,0.8746610688358262,1148.0315450289206,-1151.8149719772325,8.711102014704645,0.0,-1160.5260739919372,-1.01088343697272,992.505874495479,-957.4788775063189,7.56929296193509,0.0,-965.0481704682539,-0.9723349707716514,7.5683430514002925,38.29787703438487
B2-000662,6857.T,6857.T|swing|2026-06-14T15:00:00Z,JPY,2026-06-16T00:00:00Z,2026-07-17T06:30:00Z,stop,23,56.70054882397074,29629.6,26341.489285714284,26367.85714285714,0.005378368203087183,0.005376633152320017,184942.6101226664,-186437.68209397845,3173.5914807754684,0.0,-189611.27357475393,-1.0252438496947294,994.6894536796988,-1005.3219329765523,17.066152078046123,0.0,-1022.3880850545984,-1.0278465115644213,17.065163821276556,-2.591431745022201
B2-000663,RRU.DE,RRU.DE|swing|2026-06-14T22:00:00Z,EUR,2026-06-16T07:00:00Z,2026-08-05T15:30:00Z,objetivo,36,702.9242619836451,16.032016748428344,18.142552865394524,14.617142813546318,1.0,1.0,994.5492164768441,1483.5470424082805,24.02213412440514,0.0,1459.5249082838754,1.4675240642732508,994.5492164768441,1483.5470424082805,24.02213412440514,0.0,1459.5249082838754,1.4675240642732508,24.02364169508744,0.0
B2-000664,AMD,AMD|swing|2026-06-15T04:00:00Z,USD,2026-06-16T13:30:00Z,2026-07-17T20:00:00Z,stop,21,16.179455753263113,547.4369046630859,475.6167634146554,476.09285627092635,0.8615490652192642,0.8745080891998251,1154.3078742196078,-1162.0107975220883,16.552451555877344,0.0,-1178.5632490779656,-1.021012916397851,994.4928700091391,-901.4067709503834,14.360471710482745,0.0,-915.7672426608661,-0.92083841953784,14.359584663296268,99.722545429464
B2-000665,BBVA.MC,BBVA.MC|swing|2026-06-16T22:00:00Z,EUR,2026-06-18T07:00:00Z,2026-07-31T15:30:00Z,objetivo,31,927.8978005199274,21.541520458221434,24.029070707917214,20.649999618530273,1.0,1.0,827.240226267107,2308.1924053755097,42.28485131145288,0.0,2265.907554064057,2.7391167427736036,827.240226267107,2308.1924053755097,42.28485131145288,0.0,2265.907554064057,2.7391167427736036,42.287201791058735,0.0
B2-000666,8035.T,8035.T|swing|2026-06-17T15:00:00Z,JPY,2026-06-19T00:00:00Z,2026-07-08T06:30:00Z,stop,13,17.311419632131102,77657.57999999999,66834.52714285714,66901.42857142857,0.005421817393190197,0.005402777027392079,186204.25100674632,-187362.40971073526,2501.363500280848,0.0,-189863.77321101612,-1.0196532688404478,1009.5654467943305,-1037.8744854105423,13.539906418902962,0.0,-1051.4143918294453,-1.0414524339833515,13.53888208329782,-22.029713610849505
B2-000667,VVSM.DE,VVSM.DE|swing|2026-06-17T22:00:00Z,EUR,2026-06-19T07:00:00Z,2026-07-07T15:30:00Z,stop,12,109.08634594796794,107.76766366577148,98.40435162898473,98.5028544834682,1.0,1.0,1010.6641796026457,-1021.4094960636919,22.490551785233514,0.0,-1043.9000478489254,-1.0328851748355687,1010.6641796026457,-1021.4094960636919,22.490551785233514,0.0,-1043.9000478489254,-1.0328851748355687,22.489552865290037,0.0
B2-000668,ABBV,ABBV|swing|2026-06-23T04:00:00Z,USD,2026-06-24T13:30:00Z,2026-07-28T20:00:00Z,objetivo,23,79.35122631546783,236.58635610961912,264.73392818927766,222.35427856445312,0.877808988764045,0.8797395970792645,1129.3328062257544,2233.5443623239285,39.78037933593643,137.27762152575934,2331.0416045137517,2.064087390061858,991.3384886110907,2001.1815332746312,34.9601307727519,120.35562118688352,2086.577023688763,2.1048078407730846,34.96216691644955,40.556215223429895
B2-000669,RACE.MI,RACE.MI|swing|2026-06-28T22:00:00Z,EUR,2026-06-30T07:00:00Z,2026-08-24T15:30:00Z,objetivo,39,50.03027891133615,323.9736438903808,372.60560080555507,303.83572823660717,1.0,1.0,1007.505536851257,2433.0703684702517,34.85005389598554,0.0,2398.220314574266,2.3803544763330935,1007.505536851257,2433.0703684702517,34.85005389598554,0.0,2398.220314574266,2.3803544763330935,34.852521818873264,0.0
B2-000670,IBE.MC,IBE.MC|swing|2026-07-07T22:00:00Z,EUR,2026-07-09T07:00:00Z,2026-08-14T15:30:00Z,stop,26,936.7168472176271,20.97095076370239,20.198353227342878,20.21857179914202,1.0,1.0,704.7660515958538,-723.7051284267886,38.563980636635996,0.0,-762.2691090634246,-1.0815916960491532,704.7660515958538,-723.7051284267886,38.563980636635996,0.0,-762.2691090634246,-1.0815916960491532,38.563295494800286,0.0
B2-000671,PANW,PANW|swing|2026-07-08T04:00:00Z,USD,2026-07-09T13:30:00Z,2026-08-27T20:00:00Z,final,35,37.01041805591501,318.65833633422847,382.4671560974121,288.39712960379467,0.876885303402315,0.8587376556462,1119.979911969824,2361.5910950899583,25.948947584554297,0.0,2335.642147505404,2.0854321783302967,982.093924912157,1813.9596820581385,22.497365933780635,0.0,1791.4623161243578,1.8241252396348897,22.49920239266374,-256.88484187202636
B2-000672,V,V|swing|2026-07-20T04:00:00Z,USD,2026-07-21T13:30:00Z,2026-08-27T20:00:00Z,final,27,62.10157604005835,357.34698022460935,379.2803436584473,342.80286080496654,0.875196919306844,0.8587376556462,903.2127380746373,1362.0964371007221,45.745717767308335,41.608055946839094,1357.958775280253,1.5034761114806572,790.4890058416219,804.4226383158797,39.64883129419511,36.0555077528935,800.829314774578,1.0130809016400513,39.649675366506145,-387.67996723349927
B2-000673,MA,MA|swing|2026-07-20T04:00:00Z,USD,2026-07-21T13:30:00Z,2026-08-27T20:00:00Z,final,27,40.7710030637145,544.3037697753906,591.1382504882813,521.6785888671875,0.875196919306844,0.8587376556462,922.4513201254437,1909.4887566327443,46.29311008684036,0.0,1863.1956465459039,2.0198308635869573,807.3265535843196,1274.4890355095467,40.118897691388774,0.0,1234.370137818158,1.5289601615825417,40.12021230063411,-396.6896417464883
B2-000674,AIR.PA,AIR.PA|swing|2026-07-21T22:00:00Z,EUR,2026-07-23T07:00:00Z,2026-08-27T15:30:00Z,final,25,94.32570320319982,207.0568561096191,203.1965939025879,197.8300040108817,1.0,1.0,870.329312565325,-364.1219472269552,38.697445163940216,0.0,-402.8193923908955,-0.4628356032311169,870.329312565325,-364.1219472269552,38.697445163940216,0.0,-402.8193923908955,-0.4628356032311169,38.69711973910917,0.0
B2-000675,7203.T,7203.T|swing|2026-07-28T15:00:00Z,JPY,2026-07-30T00:00:00Z,2026-07-31T00:00:00Z,stop,1,1153.722990456444,3184.1809999999996,3028.968,3079.214285714286,0.005368551028077521,0.005347879565752179,121102.51150410087,-179072.80651771574,7168.252844431464,0.0,-186241.0593621472,-1.5378794134739358,650.1450126381105,-1033.5997854507946,38.41089289157277,0.0,-1072.0106783423673,-1.6488793384608786,38.40989770168339,-72.23828591938306
B2-000676,6501.T,6501.T|swing|2026-07-29T15:00:00Z,JPY,2026-07-31T00:00:00Z,2026-08-27T06:30:00Z,final,18,535.4471199276278,5304.298999999999,5427.567,4959.285714285715,0.005347879565752179,0.005387350501023597,184736.37017248134,66003.49557923933,5746.346741149231,0.0,60257.1488380901,0.3261791318181162,987.9478590966434,467.68819526078755,30.845479764702958,0.0,436.84271549608457,0.4421718327276132,30.84597829887383,114.70944998435849
B2-000677,6857.T,6857.T|swing|2026-07-30T15:00:00Z,JPY,2026-08-03T00:00:00Z,2026-08-27T06:30:00Z,final,17,38.9445825889044,31831.799999999996,34575.39,27173.571428571428,0.005433896647285769,0.005387350501023597,181412.76731799403,106847.96734509237,2586.2002954520663,0.0,104261.7670496403,0.5747212205130104,985.7782281040811,517.9253023601744,13.990469605500826,0.0,503.9348327546736,0.5112050747193686,13.991001521803907,-62.67550916562272
B2-000678,SU.PA,SU.PA|swing|2026-07-30T22:00:00Z,EUR,2026-08-03T07:00:00Z,2026-08-27T15:30:00Z,final,18,48.49778605136317,291.59128778076166,297.25243780517576,271.26429748535156,1.0,1.0,985.8140264149345,274.55324268870436,28.5576170211544,0.0,245.99562566754997,0.24953553010617144,985.8140264149345,274.55324268870436,28.5576170211544,0.0,245.99562566754997,0.24953553010617144,28.55792013231548,0.0
B2-000679,DBK.DE,DBK.DE|swing|2026-08-04T22:00:00Z,EUR,2026-08-06T07:00:00Z,2026-08-27T15:30:00Z,final,15,507.073221452901,33.128096221923826,34.405558628082275,31.126429966517858,1.0,1.0,1014.9913564022698,647.766977575739,34.24450792128093,0.0,613.5224696544581,0.6044607826308441,1014.9913564022698,647.766977575739,34.24450792128093,0.0,613.5224696544581,0.6044607826308441,34.24518993344758,0.0
B2-000680,ALV.DE,ALV.DE|swing|2026-08-05T22:00:00Z,EUR,2026-08-07T07:00:00Z,2026-08-27T15:30:00Z,final,14,46.60889836183978,436.0356061096191,444.75481219482424,430.3857160295759,1.0,1.0,263.3351524962993,406.39259022126146,41.052671084834145,0.0,365.3399191364273,1.3873571973706071,263.3351524962993,406.39259022126146,41.052671084834145,0.0,365.3399191364273,1.3873571973706071,41.05311853053982,0.0
B2-000681,VRTX,VRTX|swing|2026-08-10T04:00:00Z,USD,2026-08-11T13:30:00Z,2026-08-27T20:00:00Z,final,12,34.9487736103319,525.5450395507812,547.0024378051758,491.8714076450893,0.8654262224145391,0.8587376556462,1176.8521381096764,749.9097538595659,37.484218972445916,0.0,712.42553488712,0.6053653741339642,1018.4787002247307,521.1258040269156,32.31196026407569,0.0,488.8138437628399,0.47994508245973283,32.31251370239292,-127.86576140758459
B2-000682,6758.T,6758.T|swing|2026-08-13T15:00:00Z,JPY,2026-08-17T00:00:00Z,2026-08-27T06:30:00Z,final,8,772.500511554561,3856.8529999999996,3866.13,3613.1428571428573,0.00543685097591475,0.005387350501023597,188266.21002817753,7166.487245692047,5966.008318227177,0.0,1200.4789274648692,0.006376497021346504,1023.5753277234684,-108.87437156376738,32.28846065252955,0.0,-141.16283221629692,-0.13791152286784486,32.288384066539976,-147.83749473938985
B2-000683,MU,MU|swing|2026-08-14T04:00:00Z,USD,2026-08-17T13:30:00Z,2026-08-27T20:00:00Z,final,8,6.591735484078715,1000.5495377807616,934.4546246337891,821.5642787388392,0.864528399757932,0.8587376556462,1179.8234831536606,-435.6801843079997,12.755035599228005,0.0,-448.4352199072277,-0.38008670475736184,1019.9909078876638,-412.3270099606776,10.991421398041403,0.0,-423.31843135871895,-0.41502176939536106,10.991020062050868,-35.669117414641384
B2-000684,UBER,UBER|swing|2026-08-24T04:00:00Z,USD,2026-08-25T13:30:00Z,2026-08-27T20:00:00Z,final,2,190.21801403018938,79.45937725067138,76.87304695129394,73.25657217843192,0.8573388203017832,0.8587376556462,1179.885262257775,-491.9666131736812,29.737243260222957,0.0,-521.7038564339042,-0.44216490630249533,1011.5614388355408,-401.3274124506177,25.515347719062273,0.0,-426.84276016968,-0.42196424634477975,25.51497190662099,20.454663315569302
B2-000685,IQQT.DE,IQQT.DE|swing|2026-08-25T22:00:00Z,EUR,2026-08-27T07:00:00Z,2026-08-27T15:30:00Z,final,0,118.64672385500482,172.07189389038084,172.76706243896484,163.55142647879464,1.0,1.0,1010.9255440980352,82.47947081653122,40.91401242605595,0.0,41.56545839047527,0.041116241085351814,1010.9255440980352,82.47947081653122,40.91401242605595,0.0,41.56545839047527,0.041116241085351814,40.91413581965986,0.0
B2-000686,SIE.DE,SIE.DE|swing|2026-08-25T22:00:00Z,EUR,2026-08-27T07:00:00Z,2026-08-27T15:30:00Z,final,0,70.74357256358722,288.5882877807617,286.6630621948242,277.9500078473772,1.0,1.0,752.5899284191379,-136.19733594004305,40.69533561929937,0.0,-176.89267155934243,-0.2350452283236324,752.5899284191379,-136.19733594004305,40.69533561929937,0.0,-176.89267155934243,-0.2350452283236324,40.69524011720233,0.0
