position_id,asset,signal_id,currency,entry_ts,exit_ts,exit_reason,bars_held,units,entry_eff,exit_eff,stop,fx_entry,fx_exit,risk_local,pnl_bruto_local,fees_local,dividends_local,pnl_neto_local,trade_R_local,risk_eur,pnl_bruto_eur,fees_eur,dividends_eur,pnl_neto_eur,trade_R_eur,slippage_eur,fx_eur
B2-000001,6501.T,6501.T|swing|2022-06-12T15:00:00Z,JPY,2022-06-14T00:00:00Z,2022-06-17T00:00:00Z,stop,3,1044.9388401037577,1344.672,1283.9576755981445,1324.228550502232,0.007116931179275497,0.0072337962962962955,21362.154405917354,-63442.75571815815,2746.757244281842,0.0,-66189.51296244,-3.098447455473189,152.03298274797066,-294.72479541491936,19.705275204585085,0.0,-314.4300706195044,-2.0681701097764025,9.852566384235459,156.7929308547992
B2-000002,6758.T,6758.T|swing|2022-06-12T15:00:00Z,JPY,2022-06-14T00:00:00Z,2022-06-17T00:00:00Z,stop,3,625.288424354163,2247.123,2176.911,2183.4285714285716,0.007116931179275497,0.0072337962962962955,39827.3888815673,-43902.750850754484,2766.2972491492455,0.0,-46669.04809990373,-1.1717827708635666,283.44878572035657,-153.37638057548364,19.84662361942452,0.0,-173.22300419490816,-0.6111262877866255,9.923275946436048,159.0764758102153
B2-000003,7011.T,7011.T|swing|2022-06-12T15:00:00Z,JPY,2022-06-14T00:00:00Z,2022-06-17T00:00:00Z,stop,3,2588.274722244288,542.8712755737305,511.744,520.0714372907366,0.007116931179275497,0.0072337962962962955,59012.24509913058,-80565.94053981862,2729.6340594601807,0.0,-83295.5745992788,-1.4114964522931865,419.9860871050501,-418.59042635864404,19.581409573641352,0.0,-438.1718359322854,-1.04330083635053,9.790602586864523,154.79182785684705
B2-000004,7203.T,7203.T|swing|2022-06-12T15:00:00Z,JPY,2022-06-14T00:00:00Z,2022-08-10T06:00:00Z,tiempo,40,674.2188195388624,2084.0415,2086.956,2041.142857142857,0.007116931179275497,0.007232749891508752,28923.072346962002,1965.0107495462278,2812.165010749546,0.0,-847.1542612033184,-0.029289912601290474,205.84351538653482,176.94930384454022,20.176949303844545,0.0,156.7723545406957,0.7616093917085858,10.088521411377055,162.9644575734838
B2-000005,1810.HK,1810.HK|swing|2022-06-12T16:00:00Z,HKD,2022-06-14T01:30:00Z,2022-06-28T08:00:00Z,objetivo,10,5019.231681549049,11.62580988550186,13.934636977928026,10.808571543012347,0.12184571895066466,0.12056036457454246,4101.90858,11588.538089524185,128.2938046914783,0.0,11460.244284832706,2.793880960855716,499.8,1322.114564387342,15.542151678831434,0.0,1306.5724127085105,2.614190501617668,7.771408310907647,-89.89919071789396
B2-000006,0700.HK,0700.HK|swing|2022-06-12T16:00:00Z,HKD,2022-06-14T01:30:00Z,2022-07-04T08:00:00Z,stop,13,234.98350149240216,349.1231132354736,333.1513646697998,333.3180236816406,0.12184571895066466,0.12224789428002103,3713.9352847606665,-3753.097402918283,160.3232457970817,0.0,-3913.4206487153647,-1.0537126655850044,452.5271149079049,-425.81452585155165,19.566185474148448,0.0,-445.3807113257001,-0.9842077892201903,9.782988729189317,31.484325498898908
B2-000007,9988.HK,9988.HK|swing|2022-06-12T16:00:00Z,HKD,2022-06-14T01:30:00Z,2022-08-01T01:30:00Z,stop,33,611.6530784868369,98.29912499999999,88.05594847488403,91.59285845075335,0.12184571895066466,0.12491568191470757,4101.908580000001,-6265.270455071275,113.98465438255349,0.0,-6379.2551094538285,-1.5551919271330583,499.8000000000001,-598.0491234350726,14.053889422168705,0.0,-612.1030128572413,-1.2246959040761127,7.026796955501936,165.34725958344475
B2-000008,ALV.DE,ALV.DE|swing|2022-06-12T22:00:00Z,EUR,2022-06-14T07:00:00Z,2022-07-05T15:30:00Z,stop,15,54.65111204786992,183.0915,178.65562207494466,178.74499457223075,1.0,1.0,237.54135514969178,-242.42566151287195,19.769882501512278,0.0,-262.1955440143842,-1.1037890385409146,237.54135514969178,-242.42566151287195,19.769882501512278,0.0,-262.1955440143842,-1.1037890385409146,9.884883115560081,0.0
B2-000009,MUV2.DE,MUV2.DE|swing|2022-06-12T22:00:00Z,EUR,2022-06-14T07:00:00Z,2022-08-09T15:30:00Z,tiempo,40,45.439133245896116,220.21005610656738,232.28379389953614,211.9250055040632,1.0,1.0,376.4655182761796,548.620180350719,20.56092834337587,0.0,528.0592520073432,1.4026762780966107,376.4655182761796,548.620180350719,20.56092834337587,0.0,528.0592520073432,1.4026762780966107,10.280603896883687,0.0
B2-000010,VVSM.DE,VVSM.DE|swing|2022-06-12T22:00:00Z,EUR,2022-06-14T07:00:00Z,2022-06-16T15:30:00Z,stop,2,508.08542455839404,19.693842015266416,19.160112367970605,19.169697216578893,1.0,1.0,266.3103325712241,-271.18025444569395,19.741127908579458,0.0,-290.9213823542734,-1.092414926395945,266.3103325712241,-271.18025444569395,19.741127908579458,0.0,-290.9213823542734,-1.092414926395945,9.870498626848615,0.0
B2-000011,ADYEN.AS,ADYEN.AS|swing|2022-06-12T22:00:00Z,EUR,2022-06-14T07:00:00Z,2022-07-21T15:30:00Z,objetivo,27,2.9113548345919362,1237.418448852539,1604.5544228897095,1065.5714111328125,1.0,1.0,500.3077040756288,1068.8630929657356,8.273991459925924,0.0,1060.5891015058096,2.119873615508999,500.3077040756288,1068.8630929657356,8.273991459925924,0.0,1060.5891015058096,2.119873615508999,4.13726398005223,0.0
B2-000012,RRU.DE,RRU.DE|swing|2022-06-15T22:00:00Z,EUR,2022-06-17T07:00:00Z,2022-07-06T15:30:00Z,stop,13,5631.2853807891515,1.0265130228996275,0.9381022354534695,0.9385715212140765,1.0,1.0,495.2236928064881,-497.86637484960687,11.063309183239099,0.0,-508.92968403284596,-1.0276763640864686,495.2236928064881,-497.86637484960687,11.063309183239099,0.0,-508.92968403284596,-1.0276763640864686,5.531531507907701,0.0
B2-000013,R6C0.DE,R6C0.DE|swing|2022-06-15T22:00:00Z,EUR,2022-06-17T07:00:00Z,2022-06-17T15:30:00Z,stop,0,397.33187759640873,24.927458415985107,23.87020276614598,23.882143838065012,1.0,1.0,415.3368039238889,-420.08137244999193,19.388866339809535,0.0,-439.47023878980144,-1.0581056979249424,415.3368039238889,-420.08137244999193,19.388866339809535,0.0,-439.47023878980144,-1.0581056979249424,9.694330573144356,0.0
B2-000014,VVSM.DE,VVSM.DE|swing|2022-06-15T22:00:00Z,EUR,2022-06-17T07:00:00Z,2022-06-17T15:30:00Z,stop,0,535.1672898086807,18.50724819087982,18.355781968883104,18.36496445110866,1.0,1.0,76.14560339717663,-81.05976752354307,19.727887944735983,0.0,-100.78765546827906,-1.3236175297287895,76.14560339717663,-81.05976752354307,19.727887944735983,0.0,-100.78765546827906,-1.3236175297287895,9.863926173407386,0.0
B2-000015,EXSA.DE,EXSA.DE|swing|2022-06-15T22:00:00Z,EUR,2022-06-17T07:00:00Z,2022-07-29T15:30:00Z,objetivo,30,247.39533287719235,40.03500688934326,43.24947858793395,39.71866021837507,1.0,1.0,78.26268996876627,795.2452958971583,20.604193008156685,0.0,774.6411028890016,9.897961636613203,78.26268996876627,795.2452958971583,20.604193008156685,0.0,774.6411028890016,9.897961636613203,10.302297890975016,0.0
B2-000016,PLTR,PLTR|swing|2022-06-16T04:00:00Z,USD,2022-06-17T13:30:00Z,2022-07-06T20:00:00Z,objetivo,11,473.95061179759665,7.7038498091697685,10.241315411674124,6.612999643598284,0.9615384615384615,0.9826078412105728,517.0091033521145,1202.6333747222966,8.505122035227917,0.0,1194.1282526870687,2.3096851582394575,497.1241378385716,1258.6464371734016,8.280270149198037,0.0,1250.3661670242036,2.515199065691371,4.1404507713206575,102.26819224811682
B2-000017,7011.T,7011.T|swing|2022-06-16T15:00:00Z,JPY,2022-06-20T00:00:00Z,2022-06-20T06:00:00Z,stop,0,1863.1167171320176,520.5601377868652,482.84416358511794,483.08570643833707,0.007081651441116068,0.007081651441116068,69819.2395104589,-70269.26203819521,1869.459327928315,0.0,-72138.72136612353,-1.033221242052016,494.43551809686915,-497.62242077894774,13.238859343731427,0.0,-510.86128012267915,-1.033221242052016,6.61930692108626,0.0
B2-000018,8035.T,8035.T|swing|2022-06-16T15:00:00Z,JPY,2022-06-20T00:00:00Z,2022-06-20T06:00:00Z,stop,0,88.0559587845937,15857.925,15682.154668831961,15689.999668666294,0.007081651441116068,0.007081651441116068,14786.826054809959,-15477.625036887135,2777.291955381469,0.0,-18254.916992268605,-1.2345392394962624,104.71514804057756,-109.60714564752585,19.66781357822724,0.0,-129.2749592257531,-1.2345392394962618,9.833881845797166,0.0
B2-000019,EXH1.DE,EXH1.DE|swing|2022-06-16T22:00:00Z,EUR,2022-06-20T07:00:00Z,2022-06-23T15:30:00Z,stop,3,311.64606666483854,31.565774236679076,30.829933547854424,30.845356225967407,1.0,1.0,224.51543939279898,-229.32185636414823,19.445376907818513,0.0,-248.76723327196675,-1.1080183792471316,224.51543939279898,-229.32185636414823,19.445376907818513,0.0,-248.76723327196675,-1.1080183792471316,9.722633554103059,0.0
B2-000020,EXV1.DE,EXV1.DE|swing|2022-06-16T22:00:00Z,EUR,2022-06-20T07:00:00Z,2022-07-05T15:30:00Z,stop,11,754.9472542070935,13.030512167930603,12.471475153642041,12.477714010647365,1.0,1.0,417.3334509717216,-422.0434589372811,19.25265530524538,0.0,-441.29611424252647,-1.0574185060291956,417.3334509717216,-422.0434589372811,19.25265530524538,0.0,-441.29611424252647,-1.0574185060291956,9.626224548313534,0.0
B2-000021,8035.T,8035.T|swing|2022-06-22T15:00:00Z,JPY,2022-06-24T00:00:00Z,2022-07-01T06:00:00Z,stop,5,94.65828083818576,14840.749674316405,14591.926583190918,14599.226196289062,0.0070368024769544716,0.007065140596297867,22862.197212127547,-23553.16603878182,2786.0465350025306,0.0,-26339.21257378435,-1.1520857916409004,160.87676597092073,-126.59704373430307,19.644001091803748,0.0,-146.24104482610682,-0.9090252650438075,9.82197135213281,39.14193338751678
B2-000022,MU,MU|swing|2022-06-27T04:00:00Z,USD,2022-06-28T13:30:00Z,2022-07-01T20:00:00Z,stop,3,94.55392339395586,59.009489542007444,53.249075382777626,53.27571323939732,0.9458948164964057,0.9592326139088729,542.1510452750772,-544.6697591292748,10.614487748213547,0.0,-555.2842468774883,-1.0242242484209314,512.8178634838036,-448.04570570331504,10.107343536959212,0.0,-458.15304924027424,-0.8934030615233124,5.053561020442727,67.154596159412
B2-000023,COIN,COIN|swing|2022-06-27T04:00:00Z,USD,2022-06-28T13:30:00Z,2022-08-04T13:30:00Z,objetivo,26,40.577180689413375,56.288128320693964,106.04694847488403,42.92714473179409,0.9458948164964057,0.9809691975671964,542.1510452750771,2019.0726362885944,6.587099743363964,0.0,2012.4855365452304,3.712038469877216,512.8178634838035,2060.758425597537,6.3816315877952015,0.0,2054.376794009742,4.0060554444290055,3.1913317813367437,150.92808480242346
B2-000024,VVSM.DE,VVSM.DE|swing|2022-06-29T22:00:00Z,EUR,2022-07-01T07:00:00Z,2022-07-01T15:30:00Z,stop,0,546.1434781341853,18.209100763320922,18.10842306980065,18.117481810706003,1.0,1.0,50.03709344412294,-54.98446570968864,19.834578783442186,0.0,-74.81904449313083,-1.4952715943959098,50.03709344412294,-54.98446570968864,19.834578783442186,0.0,-74.81904449313083,-1.4952715943959098,9.917278124923703,0.0
B2-000025,6857.T,6857.T|swing|2022-06-30T15:00:00Z,JPY,2022-07-04T00:00:00Z,2022-08-05T06:00:00Z,objetivo,23,806.2479998687863,1740.87,2160.013203125,1704.6875,0.007089684509039347,0.007363228039172373,29172.068255252274,337933.3691781278,3145.079280241276,0.0,334788.2898978865,11.47633026799907,206.82076040590053,2872.218760359732,22.773997640637276,0.0,2849.444762719095,13.777363341701557,11.387719721937927,476.3777878100841
B2-000026,7011.T,7011.T|swing|2022-06-30T15:00:00Z,JPY,2022-07-04T00:00:00Z,2022-08-31T06:00:00Z,tiempo,40,1386.1440387818782,486.1429438934326,537.1313244018555,435.5142604282924,0.007089684509039347,0.007209285559801023,70178.64777657868,70677.23968889259,1418.405527036402,0.0,69258.83416185618,0.9868932553723345,497.5444720069385,590.1272631497279,10.145095624351494,0.0,579.9821675253764,1.1656890994807159,5.072696612164718,89.04793178572486
B2-000027,6501.T,6501.T|swing|2022-07-03T15:00:00Z,JPY,2022-07-05T00:00:00Z,2022-09-01T06:00:00Z,tiempo,40,883.3003442755896,1297.448448852539,1391.5038511962891,1217.17138671875,0.007066638400113067,0.00720876585928489,70908.75662020878,83079.16927121354,2375.1524923737684,0.0,80704.01677883977,1.1381389355209675,501.086542436639,761.7815578841164,16.959034918795396,0.0,744.822522965321,1.486414940108877,8.479710024714201,174.69111006266556
B2-000028,8035.T,8035.T|swing|2022-07-04T15:00:00Z,JPY,2022-07-06T00:00:00Z,2022-09-02T06:00:00Z,tiempo,40,98.40076864212975,14157.074999999999,14172.910000000002,13600.238106863839,0.007154611146884166,0.0071766901105210276,54793.17829289362,1558.1761714483966,2787.6922996200065,0.0,-1229.5161281716098,-0.022439219013711993,392.0238841875482,41.94002451960241,19.975646280859,0.0,21.96437823874341,0.05602816339688994,9.98783612239271,30.791879914548815
B2-000029,6758.T,6758.T|swing|2022-07-04T15:00:00Z,JPY,2022-07-06T00:00:00Z,2022-09-02T06:00:00Z,tiempo,40,644.3178511273187,2162.0805,2174.9120000000003,2092.8571428571427,0.007154611146884166,0.0071766901105210276,44601.84472210479,8267.56450674034,2794.4016879552983,0.0,5473.162818785042,0.1227115795968979,319.10885542036766,90.09122543313723,20.023797481772533,0.0,70.06742795136469,0.21957218284984178,10.011923766672489,30.940016255629303
B2-000030,0700.HK,0700.HK|swing|2022-07-05T16:00:00Z,HKD,2022-07-07T01:30:00Z,2022-07-18T08:00:00Z,stop,7,195.91163071596745,326.12697125244136,305.52999048451017,305.68283190046037,0.1252128618651708,0.12664159163152364,4005.2446790310782,-4035.1880900708206,123.74894542697963,0.0,-4158.9370354978,-1.0383727758934074,501.5081487317288,-419.7381446474296,15.580478913983551,0.0,-435.3186235614131,-0.8680190434837334,7.7901364699881235,85.51930427459067
B2-000031,APP,APP|swing|2022-07-06T04:00:00Z,USD,2022-07-07T13:30:00Z,2022-07-14T20:00:00Z,stop,5,99.29497133792911,35.91795152664184,30.69107585825239,30.706429072788783,0.9826078412105728,0.9995002498750625,517.4779726823136,-519.0024696796498,6.613941465030408,0.0,-525.6164111446802,-1.0157271205577727,508.47791361139195,-458.4967961675766,6.550389844993923,0.0,-465.0471860125705,-0.9145867963263912,3.275081117067865,51.479100147299675
B2-000032,APP,APP|swing|2022-07-14T04:00:00Z,USD,2022-07-15T13:30:00Z,2022-08-22T13:30:00Z,stop,26,98.2405988037189,31.505744771003723,25.9070400762558,26.45180450166975,0.9995002498750625,0.9946290033817385,496.50211837759804,-550.0201017372282,5.640266362383855,0.0,-555.660368099612,-1.1191500449490996,496.2539913819071,-562.1431512463319,5.625049716440907,0.0,-567.7682009627728,-1.144108079376292,2.812385025528709,-12.39792212366507
B2-000033,ADBE,ADBE|swing|2022-07-15T04:00:00Z,USD,2022-07-18T13:30:00Z,2022-08-08T20:00:00Z,objetivo,15,17.653969145235294,384.02190156555173,438.8264449355262,355.5785566057478,0.9941346058256287,0.9804882831650161,502.13793430766253,967.5177176722385,14.52653932033791,0.0,952.9911783519007,1.8978673253711957,499.19269739304355,856.1243940560919,14.335616990403313,0.0,841.7887770656886,1.6863002633287705,7.16802431830561,-105.71845083131107
B2-000034,PLTR,PLTR|swing|2022-07-21T04:00:00Z,USD,2022-07-22T13:30:00Z,2022-08-09T20:00:00Z,stop,12,501.8182574292196,10.35517538166046,9.297634324141912,9.302285466875349,0.9804882831650161,0.9771350400625366,528.3593823022645,-530.6934106438122,9.862138720153801,0.0,-540.555549363966,-1.0230830897874057,518.0501836476758,-535.9839733992779,9.654066159748691,0.0,-545.6380395590267,-1.0532532499401897,4.826900290605122,-15.64530231013967
B2-000035,1810.HK,1810.HK|swing|2022-07-28T16:00:00Z,HKD,2022-08-01T01:30:00Z,2022-08-02T08:00:00Z,stop,1,4731.788877048541,12.30615019083023,11.420001771722523,11.42571462903704,0.12491568191470757,0.1244880429234772,4166.035198251,-4193.067232947997,112.26714195157052,0.0,-4305.334374899568,-1.0334368698341887,520.4031276701976,-546.8881968633291,14.000818249350292,0.0,-560.8890151126794,-1.0777971639481374,7.000274152693461,-23.108344145413664
B2-000036,EQQQ.DE,EQQQ.DE|swing|2022-07-28T22:00:00Z,EUR,2022-08-01T07:00:00Z,2022-09-14T15:30:00Z,stop,32,33.90004839242122,308.8043188934326,295.4807431989397,295.62855747767856,1.0,1.0,446.6589496010582,-451.66986080339603,20.48529284774868,0.0,-472.1551536511447,-1.0570820400505998,446.6589496010582,-451.66986080339603,20.48529284774868,0.0,-472.1551536511447,-1.0570820400505998,10.242536067042709,0.0
B2-000037,MRVL,MRVL|swing|2022-08-01T04:00:00Z,USD,2022-08-02T13:30:00Z,2022-08-26T20:00:00Z,stop,18,123.686483879128,54.59728469467163,50.29769765336173,50.32285908290318,0.9772305286817159,0.99930048965724,528.6886745225303,-531.8008032718844,12.974091543191445,0.0,-544.7748948150759,-1.0304266406067302,516.6507129116878,-382.39154459666986,12.815978773456031,0.0,-395.2075233701259,-0.7649414072088574,6.407895390815072,137.30043553807516
B2-000038,MBG.DE,MBG.DE|swing|2022-08-03T22:00:00Z,EUR,2022-08-05T07:00:00Z,2022-08-22T15:30:00Z,stop,11,147.49181229941948,59.049510457992554,55.34231556647165,55.370000566755024,1.0,1.0,542.6975822322631,-546.7808930975683,16.871857732588122,0.0,-563.6527508301564,-1.0386129757786997,542.6975822322631,-546.7808930975683,16.871857732588122,0.0,-563.6527508301564,-1.0386129757786997,8.435794280019273,0.0
B2-000039,IFX.DE,IFX.DE|swing|2022-08-03T22:00:00Z,EUR,2022-08-05T07:00:00Z,2022-08-09T15:30:00Z,stop,2,287.1399711980256,28.609296813011166,26.705926594325476,26.719286237444198,1.0,1.0,542.6975822322631,-546.5336697725888,15.883211655994995,0.0,-562.4168814285838,-1.0363357048970254,542.6975822322631,-546.5336697725888,15.883211655994995,0.0,-562.4168814285838,-1.0363357048970254,7.9414711799470155,0.0
B2-000040,1810.HK,1810.HK|swing|2022-08-07T16:00:00Z,HKD,2022-08-09T01:30:00Z,2022-08-24T08:00:00Z,stop,11,4469.996329854576,11.785889732837676,10.814589967318945,10.819999967302595,0.12490476012040819,0.12836970474967907,4317.52370698591,-4341.706387057339,101.02406131265295,0.0,-4442.730448369992,-1.028999665058351,539.2792629352507,-374.8002915662897,12.785885647868678,0.0,-387.58617721415834,-0.7187114429443477,6.392850722072721,167.4995032223519
B2-000041,6857.T,6857.T|swing|2022-08-08T15:00:00Z,JPY,2022-08-10T00:00:00Z,2022-09-01T00:00:00Z,stop,15,710.6048126456164,2031.0149999999999,1961.5187500000002,1981.4285714285713,0.007232749891508752,0.00720876585928489,35236.35478476522,-49384.3697108227,2837.1136974000506,0.0,-52221.483408222746,-1.4820342151510295,254.85574124667457,-390.61528968153266,20.48670329205486,0.0,-411.1019929735875,-1.6130772293478859,10.243256553017561,-33.430495013351695
B2-000042,0700.HK,0700.HK|swing|2022-08-08T16:00:00Z,HKD,2022-08-10T01:30:00Z,2022-09-22T01:30:00Z,stop,30,294.5231451626063,284.69592672729493,267.70363615417483,271.21265956333707,0.12448029476933802,0.12859916924936665,3971.134252196564,-5004.622863112238,162.6944566462994,0.0,-5167.3173197585365,-1.301219498409132,494.32796228204296,-298.22461314481563,20.577006236733396,0.0,-318.801619381549,-0.644919251401065,10.288431134320579,324.75231606476353
B2-000043,EXSA.DE,EXSA.DE|swing|2022-08-08T22:00:00Z,EUR,2022-08-10T07:00:00Z,2022-08-26T15:30:00Z,stop,12,240.6616796186491,43.23160408401489,42.49017420795986,42.511429922921316,1.0,1.0,173.3183232267311,-178.43375929085022,20.629947143644095,0.0,-199.06370643449432,-1.1485439203914043,173.3183232267311,-178.43375929085022,20.629947143644095,0.0,-199.06370643449432,-1.1485439203914043,10.314931542113243,0.0
B2-000044,COIN,COIN|swing|2022-08-09T04:00:00Z,USD,2022-08-10T13:30:00Z,2022-08-26T20:00:00Z,stop,12,22.191777101777348,90.02499335861205,66.06837663705008,66.10142735072544,0.9771350400625366,0.99930048965724,530.9064443266769,-531.6398983976153,3.4639892740089944,0.0,-535.1038876716243,-1.0079061826990456,518.7672897466064,-486.98555228000953,3.417283719174563,0.0,-490.4028359991841,-0.9453233572971091,1.708520540329186,32.49842113958709
B2-000045,7203.T,7203.T|swing|2022-08-21T15:00:00Z,JPY,2022-08-23T00:00:00Z,2022-08-29T00:00:00Z,stop,4,679.8373563247803,2123.0609999999997,2058.9700000000003,2064.3571428571427,0.007295010213014297,0.007298204641658152,39909.0750460675,-43571.45600421112,2843.100899108277,0.0,-46414.5569033194,-1.1630075828553417,291.13711005301644,-313.3827680254397,20.744921544146198,0.0,-334.1276895695859,-1.1476643754165892,10.372385019474567,4.471448521182906
B2-000046,CRWD,CRWD|swing|2022-08-23T04:00:00Z,USD,2022-08-24T13:30:00Z,2022-09-01T20:00:00Z,stop,6,107.1867186950612,49.074524236679075,44.21017003767832,44.232286180768696,1.0073536818777071,0.9996001599360256,519.0236083533858,-521.394165161434,9.998880283740332,0.0,-531.3930454451743,-1.023832128043329,522.8403428562362,-561.9702802711155,10.035666920194044,0.0,-572.0059471913095,-1.0940355980689733,5.017694221949699,-36.74194828619191
B2-000047,9988.HK,9988.HK|swing|2022-08-25T16:00:00Z,HKD,2022-08-29T01:30:00Z,2022-09-05T08:00:00Z,stop,5,738.3284434083453,94.79737499999999,89.1910977358137,89.2357155936105,0.12735446568433922,0.12748760183072197,4106.331332286937,-4139.273965782259,135.8439226801121,0.0,-4275.117888462371,-1.0411039788358802,522.9596327462637,-518.3876995380352,17.30909751408563,0.0,-535.6967970521208,-1.02435592253836,8.654421323721106,8.767324695259525
B2-000048,1810.HK,1810.HK|swing|2022-08-25T16:00:00Z,HKD,2022-08-29T01:30:00Z,2022-09-05T08:00:00Z,stop,5,7150.312467505673,11.485739542007446,10.954519629614694,10.959999629429408,0.12735446568433922,0.12748760183072197,3759.2046515720863,-3798.3883625691637,160.4548649289083,0.0,-3958.843227498072,-1.0531065995150057,478.75149979904563,-473.31340057863764,20.44507190927191,0.0,-493.75847248790956,-1.0313460588534198,10.222420181889635,10.428319797970609
B2-000049,BSP.DE,BSP.DE|swing|2022-08-25T22:00:00Z,EUR,2022-08-29T07:00:00Z,2022-08-30T15:30:00Z,stop,1,1070.6889305697014,9.624809885501861,9.32676240505491,9.331428119114467,1.0,1.0,314.12060970196944,-319.116138098741,20.291238668390612,0.0,-339.4073767671316,-1.0805001845920066,314.12060970196944,-319.116138098741,20.291238668390612,0.0,-339.4073767671316,-1.0805001845920066,10.145542091546,0.0
B2-000050,7203.T,7203.T|swing|2022-08-29T15:00:00Z,JPY,2022-08-31T00:00:00Z,2022-09-02T06:00:00Z,stop,2,677.7065260757105,2091.045,2041.3359642857145,2042.357142857143,0.007209285559801023,0.0071766901105210276,32996.07852635621,-33688.13790850193,2800.5415477274664,0.0,-36488.679456229394,-1.105848970115749,237.87815245012044,-287.9608211528167,20.14481032466196,0.0,-308.1056314774787,-1.295224585797487,10.072335690209313,-45.09341499246883
B2-000051,ADYEN.AS,ADYEN.AS|swing|2022-08-29T22:00:00Z,EUR,2022-08-31T07:00:00Z,2022-09-13T15:30:00Z,stop,9,2.5680268539823943,1596.798,1397.6722219412668,1398.3714076450892,1.0,1.0,509.56481771162856,-511.3603453749651,7.689879943395793,0.0,-519.0502253183608,-1.0186147223611899,509.56481771162856,-511.3603453749651,7.689879943395793,0.0,-519.0502253183608,-1.0186147223611899,3.844813092814517,0.0
B2-000052,7011.T,7011.T|swing|2022-08-30T15:00:00Z,JPY,2022-09-01T00:00:00Z,2022-09-02T06:00:00Z,stop,1,2633.1781390668407,535.2674999999999,510.84447788783484,511.1000279017857,0.00720876585928489,0.0071766901105210276,63637.25920552548,-64310.16791569916,2754.599191190221,0.0,-67064.76710688938,-1.053860080464721,458.74610153925516,-506.74346028193617,19.81411408805947,0.0,-526.5575743699957,-1.1478191805951246,9.906932834896265,-43.1465174063658
B2-000053,ENR.DE,ENR.DE|swing|2022-08-30T22:00:00Z,EUR,2022-09-01T07:00:00Z,2022-09-05T15:30:00Z,stop,2,672.0463535028881,14.552272576332092,13.79667005137035,13.803571837288994,1.0,1.0,503.1616015388316,-507.7999215981132,19.051803518610008,0.0,-526.8517251167232,-1.0470825347272914,503.1616015388316,-507.7999215981132,19.051803518610008,0.0,-526.8517251167232,-1.0470825347272914,9.525777190767572,0.0
B2-000054,EXV1.DE,EXV1.DE|swing|2022-08-31T22:00:00Z,EUR,2022-09-02T07:00:00Z,2022-09-12T15:30:00Z,objetivo,6,807.8359799075683,12.214104183197021,13.212871965765954,11.67457103729248,1.0,1.0,435.8542876144075,806.8405503316833,20.54082619338387,0.0,786.2997241382994,1.8040426502214997,435.8542876144075,806.8405503316833,20.54082619338387,0.0,786.2997241382994,1.8040426502214997,10.270617374482576,0.0
B2-000055,EXH1.DE,EXH1.DE|swing|2022-08-31T22:00:00Z,EUR,2022-09-02T07:00:00Z,2022-09-19T15:30:00Z,stop,11,292.1659451507594,33.77187856864929,32.15462725094387,32.17071260724749,1.0,1.0,467.8061664561825,-472.5057597837163,19.261479883268475,0.0,-491.7672396669848,-1.0512200884231966,467.8061664561825,-472.5057597837163,19.261479883268475,0.0,-491.7672396669848,-1.0512200884231966,9.630624222849258,0.0
B2-000056,ICGA.DE,ICGA.DE|swing|2022-08-31T22:00:00Z,EUR,2022-09-02T07:00:00Z,2022-09-08T07:00:00Z,stop,4,2191.3257077193284,4.502750452280044,4.346825477123261,4.351928642817906,1.0,1.0,330.49970835913086,-341.6824065365573,19.39230323651563,0.0,-361.074709773073,-1.0925114323572063,330.49970835913086,-341.6824065365573,19.39230323651563,0.0,-361.074709773073,-1.0925114323572063,9.696068621672108,0.0
B2-000057,SU.PA,SU.PA|swing|2022-08-31T22:00:00Z,EUR,2022-09-02T07:00:00Z,2022-10-28T15:30:00Z,tiempo,40,56.98857662615672,119.75984694671631,130.1548912200928,111.1028551374163,1.0,1.0,493.34964107630475,592.3987771056075,14.242285206025095,0.0,578.1564918995823,1.171900096325723,493.34964107630475,592.3987771056075,14.242285206025095,0.0,578.1564918995823,1.171900096325723,7.121292483028823,0.0
B2-000058,BBVA.MC,BBVA.MC|swing|2022-08-31T22:00:00Z,EUR,2022-09-02T07:00:00Z,2022-09-15T15:30:00Z,objetivo,9,1577.0805773132479,4.509253469467163,5.01572732305101,4.196428843906948,1.0,1.0,493.34964107630475,798.7500774040786,15.021662207162159,0.0,783.7284151969164,1.5885861667743664,493.34964107630475,798.7500774040786,15.021662207162159,0.0,783.7284151969164,1.5885861667743664,7.511032668858615,0.0
B2-000059,7011.T,7011.T|swing|2022-09-04T15:00:00Z,JPY,2022-09-06T00:00:00Z,2022-09-26T06:00:00Z,stop,12,2213.721233115114,522.5611377868652,491.4256294599261,491.6714651925223,0.0071700007170000715,0.007172057663343613,68381.12410607084,-68925.3358871775,2244.684036751975,0.0,-71170.01992392947,-1.0407845857218225,490.2927088697988,-491.95699827844777,16.09662386240236,0.0,-508.0536221408501,-1.0362251221560952,8.04819095399774,2.23770945208583
B2-000060,6857.T,6857.T|swing|2022-09-04T15:00:00Z,JPY,2022-09-06T00:00:00Z,2022-09-22T06:00:00Z,stop,11,672.5838941982702,1910.955,1808.3810714285714,1809.2857142857142,0.0071700007170000715,0.007009673349221927,68381.12410607084,-68989.57232178659,2501.565538753524,0.0,-71491.13786054011,-1.04548058832208,490.2927088697988,-689.6595338219269,17.74122245567625,0.0,-707.4007562776031,-1.4428131266897122,8.870441030564258,-195.00425080918856
B2-000061,8035.T,8035.T|swing|2022-09-04T15:00:00Z,JPY,2022-09-06T00:00:00Z,2022-09-16T06:00:00Z,stop,8,95.92554474491996,14257.125,13682.26262414551,13689.107177734375,0.0071700007170000715,0.006972042111134351,54487.4190256532,-55143.986557200966,2680.100977685633,0.0,-57824.087534886596,-1.0612374116612582,390.6748334814168,-655.1988363640029,18.95650951842795,0.0,-674.1553458824309,-1.725617542022958,9.47809332902735,-259.8164132106301
B2-000062,SXR8.DE,SXR8.DE|swing|2022-09-06T22:00:00Z,EUR,2022-09-08T07:00:00Z,2022-09-16T15:30:00Z,stop,6,23.450200633041025,411.1254734344482,395.6934683903285,395.8914140973772,1.0,1.0,357.2417479099673,-361.8836144547082,18.92006606032887,0.0,-380.80368051503706,-1.065955148699496,357.2417479099673,-361.8836144547082,18.92006606032887,0.0,-380.80368051503706,-1.065955148699496,9.459944924246638,0.0
B2-000063,6501.T,6501.T|swing|2022-09-11T15:00:00Z,JPY,2022-09-13T00:00:00Z,2022-09-16T06:00:00Z,stop,3,1018.2571348649293,1402.701,1352.009395830427,1352.6857386997767,0.006920894179527994,0.006972042111134351,50928.39667108616,-51617.08762341662,2805.003515040926,0.0,-54422.091138457545,-1.0686001267610077,352.47004409361307,-286.821390959379,19.48354751114002,0.0,-306.30493847051906,-0.8690240308454895,9.741704485647988,70.41501033771094
B2-000064,ADYEN.AS,ADYEN.AS|swing|2022-09-12T22:00:00Z,EUR,2022-09-14T07:00:00Z,2022-09-20T15:30:00Z,stop,4,3.938754818499915,1388.2937755737305,1264.7101543404717,1265.3428257533483,1.0,1.0,484.2736460441717,-486.7655836201664,10.449532012448774,0.0,-497.2151156326152,-1.0267234645001992,484.2736460441717,-486.7655836201664,10.449532012448774,0.0,-497.2151156326152,-1.0267234645001992,5.224645620989566,0.0
B2-000065,6758.T,6758.T|swing|2022-09-13T15:00:00Z,JPY,2022-09-15T00:00:00Z,2022-09-21T06:00:00Z,stop,3,669.5057079357701,2076.0375,2053.0979375,2054.125,0.0069890970086664795,0.0069764197014092364,14670.543825142502,-15358.16803129917,2764.4797442461136,0.0,-18122.647775545283,-1.235308519680541,102.53385396381395,-124.7654557007454,19.303791381574992,0.0,-144.0692470823204,-1.405089553477284,9.651866912389075,-17.42572945459581
B2-000066,ITX.MC,ITX.MC|swing|2022-09-14T22:00:00Z,EUR,2022-09-16T07:00:00Z,2022-09-28T15:30:00Z,stop,8,384.4589888828278,22.11105038166046,20.853853734833855,20.86428587777274,1.0,1.0,479.3298205396725,-483.3405516658375,16.51824359407505,0.0,-499.85879525991254,-1.0428284947870063,479.3298205396725,-483.3405516658375,16.51824359407505,0.0,-499.85879525991254,-1.0428284947870063,8.259003026648841,0.0
B2-000067,BSP.DE,BSP.DE|swing|2022-09-14T22:00:00Z,EUR,2022-09-16T07:00:00Z,2022-09-16T15:30:00Z,stop,0,1083.9146315211747,8.844420152664185,8.679943344703743,8.684285487447466,1.0,1.0,173.57230664214597,-178.27881869422168,18.994914002892678,0.0,-197.27373269711435,-1.136550735042276,173.57230664214597,-178.27881869422168,18.994914002892678,0.0,-197.27373269711435,-1.136550735042276,9.497414806095685,0.0
B2-000068,IFX.DE,IFX.DE|swing|2022-09-14T22:00:00Z,EUR,2022-09-16T07:00:00Z,2022-09-28T15:30:00Z,stop,8,289.6358320231893,24.177083415985106,22.510882700783867,22.5221437726702,1.0,1.0,479.3298205396724,-482.59143046494387,13.522507911700853,0.0,-496.11393837664474,-1.0350158014748077,479.3298205396724,-482.59143046494387,13.522507911700853,0.0,-496.11393837664474,-1.0350158014748077,6.761134998275824,0.0
B2-000069,1810.HK,1810.HK|swing|2022-09-15T16:00:00Z,HKD,2022-09-19T01:30:00Z,2022-09-21T08:00:00Z,stop,2,7276.943342605821,10.18509030532837,9.921822825261525,9.92678621837071,0.12798689414203987,0.12758031180628207,1879.6642059544163,-1915.782536397031,146.3168676459997,0.0,-2062.0994040430305,-1.0970573347679307,240.5723837500693,-274.55052191992644,18.69728598536851,0.0,-293.24780790529496,-1.2189587322290083,9.348576692197323,-29.355465234911502
B2-000070,9988.HK,9988.HK|swing|2022-09-15T16:00:00Z,HKD,2022-09-19T01:30:00Z,2022-09-19T08:00:00Z,stop,0,871.0086159949063,85.09252805328369,84.71387184776579,84.75624997275216,0.12798689414203987,0.12798689414203987,292.90110551319003,-329.81281750602807,147.9028373648907,0.0,-477.7156548709188,-1.630979350637535,37.4875027854031,-42.211718160831644,18.929624789127605,0.0,-61.14134294995925,-1.6309793506375274,9.464804207834185,0.0
B2-000071,MRVL,MRVL|swing|2022-09-16T04:00:00Z,USD,2022-09-19T13:30:00Z,2022-10-10T13:30:00Z,stop,15,126.7992144194574,45.8128959159851,41.909035305023195,42.1042845589774,1.004621257785815,1.0207206287639072,470.2490066556548,-495.0064586730328,11.123071966181527,7.6079528651674435,-498.5215777740469,-1.0601225536220962,472.422148538934,-411.74142643178044,11.260027133799845,7.715976536680977,-415.2854770288993,-0.8790559001377434,5.629912039020386,85.55258469242318
B2-000072,COIN,COIN|swing|2022-09-16T04:00:00Z,USD,2022-09-19T13:30:00Z,2022-09-22T20:00:00Z,stop,3,54.51569536153407,71.91593725204467,63.25835428101676,63.289999280657085,1.004621257785815,1.011736139214893,470.24900665565485,-471.9741558157628,7.369120497927572,0.0,-479.34327631369035,-1.019339263941699,472.42214853893404,-449.6190808464671,7.42771129261479,0.0,-457.0467921390819,-0.9674542007664042,3.713744169972814,24.536189211562327
B2-000073,7203.T,7203.T|swing|2022-09-15T15:00:00Z,JPY,2022-09-20T00:00:00Z,2022-09-21T06:00:00Z,stop,1,658.5434238310737,2044.0214999999998,2011.743625,2012.75,0.006972528238739367,0.0069764197014092364,20593.64067833331,-21256.382316491265,2670.897451672163,0.0,-23927.279768163426,-1.1618771125465666,143.58974116813076,-143.05523630020028,18.62806339421614,0.0,-161.6832996944164,-1.1260087132903158,9.313998261797494,5.155489654974979
B2-000074,OR.PA,OR.PA|swing|2022-09-19T22:00:00Z,EUR,2022-09-21T07:00:00Z,2022-10-13T15:30:00Z,stop,16,28.11962999097461,330.51518110656735,318.991329611642,319.1509050641741,1.0,1.0,319.55923742739606,-324.0464401082401,18.263882758125032,0.0,-342.31032286636514,-1.0711952050647202,319.55923742739606,-324.0464401082401,18.263882758125032,0.0,-342.31032286636514,-1.0711952050647202,9.131862650416787,0.0
B2-000075,ENR.DE,ENR.DE|swing|2022-09-19T22:00:00Z,EUR,2022-09-21T07:00:00Z,2022-09-23T15:30:00Z,stop,2,779.9597026162443,11.915954847335815,11.732702255879131,11.738571541649955,1.0,1.0,138.3518303518294,-142.9296367362114,18.444999561497063,0.0,-161.37463629770846,-1.1664076715669895,138.3518303518294,-142.9296367362114,18.444999561497063,0.0,-161.37463629770846,-1.1664076715669895,9.222466353955202,0.0
B2-000076,TSM,TSM|swing|2022-09-20T04:00:00Z,USD,2022-09-21T13:30:00Z,2022-09-23T13:30:00Z,stop,2,119.0542680592455,77.61879183197021,74.26285305023194,74.41285487583706,1.001401962747847,1.011736139214893,381.68047775651854,-399.53883531148625,18.082158063084826,0.0,-417.62099337457107,-1.0941638823900752,382.2155795679136,-308.7313201252161,18.19887622883965,0.0,-326.93019635405574,-0.8553554952512485,9.099363206429746,91.36765374969458
B2-000077,AMZN,AMZN|swing|2022-09-20T04:00:00Z,USD,2022-09-21T13:30:00Z,2022-09-23T20:00:00Z,stop,2,50.63979705432642,122.55124286270141,113.37043224879673,113.42714582170758,1.001401962747847,1.025220422390814,462.04242245990787,-464.9143862823391,11.947025748362998,0.0,-476.86141203070207,-1.0320727899656879,462.69018872412164,-328.8230758859601,12.100518136456657,0.0,-340.92359402241675,-0.7368290971600696,6.050178375003753,136.74310304688504
B2-000078,R6C0.DE,R6C0.DE|swing|2022-09-20T22:00:00Z,EUR,2022-09-22T07:00:00Z,2022-09-23T15:30:00Z,stop,1,350.9933297668389,26.60829681301117,25.54793273026603,25.560713086809432,1.0,1.0,367.69490026909995,-372.1807201678761,18.30648867547844,0.0,-390.4872088433545,-1.0619870130305693,367.69490026909995,-372.1807201678761,18.30648867547844,0.0,-390.4872088433545,-1.0619870130305693,9.153153580846443,0.0
B2-000079,VVSM.DE,VVSM.DE|swing|2022-09-20T22:00:00Z,EUR,2022-09-22T07:00:00Z,2022-09-23T15:30:00Z,stop,1,495.15530019351735,18.861425282478333,18.48461168057578,18.49385860988072,1.0,1.0,182.0025861112026,-186.58125216705827,18.492088143479258,0.0,-205.07334031053753,-1.1267605845185016,182.0025861112026,-186.58125216705827,18.492088143479258,0.0,-205.07334031053753,-1.1267605845185016,9.245999737926375,0.0
B2-000080,QCOM,QCOM|swing|2022-09-22T04:00:00Z,USD,2022-09-23T13:30:00Z,2022-09-23T20:00:00Z,stop,0,73.9340425922094,122.40116633605956,119.33262610667093,119.39232226780483,1.011736139214893,1.025220422390814,222.4560054956619,-226.86958401552704,17.872356506437143,0.0,-244.74194052196418,-1.1001813143980816,225.066780145348,-110.56378581768676,18.20107734171436,0.0,-128.76486315940113,-0.5721184755753153,9.100513305038117,118.96837121947176
B2-000081,COIN,COIN|swing|2022-09-22T04:00:00Z,USD,2022-09-23T13:30:00Z,2022-11-08T21:00:00Z,stop,32,44.9938582746143,61.590781373977656,51.50851608766828,51.53428322928292,1.011736139214893,1.0004001600640255,452.48065226131655,-453.6400153792674,5.088773760947742,0.0,-458.72878914021516,-1.0138086277229157,457.7910281883009,-485.23588750382777,5.122224428488696,0.0,-490.3581119323165,-1.0711396286486854,2.560991545519892,-26.271889750623004
B2-000082,8035.T,8035.T|swing|2022-09-21T15:00:00Z,JPY,2022-09-26T00:00:00Z,2022-09-26T06:00:00Z,stop,0,95.50918509680056,13136.564999999999,13100.351053885324,13106.904506138393,0.007172057663343613,0.007172057663343613,2832.849598290604,-3458.7644825519988,2505.8664717597517,0.0,-5964.63095431175,-2.105523342259654,20.31736067052,-24.806458312786823,17.972218832100346,0.0,-42.77867714488717,-2.1055233422596076,8.986105460960811,0.0
B2-000083,6857.T,6857.T|swing|2022-09-21T15:00:00Z,JPY,2022-09-26T00:00:00Z,2022-09-28T06:00:00Z,stop,2,702.5409525607795,1785.8925,1744.4844642857145,1745.357142857143,0.007172057663343613,0.007179781734635267,28477.74841953418,-29090.840854384885,2480.234395387919,0.0,-31571.075249772803,-1.108622591388467,204.24405378709156,-199.17478430215223,17.797850506110983,0.0,-216.97263480826322,-1.0623204484299955,8.898877684077723,9.466403780648369
B2-000084,6501.T,6501.T|swing|2022-09-21T15:00:00Z,JPY,2022-09-26T00:00:00Z,2022-09-26T06:00:00Z,stop,0,969.5651589995105,1294.0467244262695,1263.0253456595285,1263.6571742466517,0.007172057663343613,0.007172057663343613,29464.649051824734,-30077.248036359284,2479.2479882059442,0.0,-32556.49602456523,-1.1049341184177117,211.3221620298697,-215.71575727145708,17.781309533141677,0.0,-233.49706680459875,-1.1049341184177108,8.890603060281398,0.0
B2-000085,7203.T,7203.T|swing|2022-09-21T15:00:00Z,JPY,2022-09-26T00:00:00Z,2022-09-26T06:00:00Z,stop,0,633.0316003639532,1981.9904999999999,1980.768049107143,1981.7589285714287,0.007172057663343613,0.007172057663343613,146.59203202700292,-773.8500450715096,2508.551386197232,0.0,-3282.401431268742,-22.391404129414816,1.0513665066843785,-5.5500971460341475,17.9914751932671,0.0,-23.541572339301247,-22.39140412941503,8.99573845804295,0.0
B2-000086,AIR.PA,AIR.PA|swing|2022-09-22T22:00:00Z,EUR,2022-09-26T07:00:00Z,2022-09-28T15:30:00Z,stop,2,97.72964763377466,91.14554847335815,88.1323441209112,88.17643233707973,1.0,1.0,290.170673782244,-294.4793996131964,17.520765271763644,0.0,-312.00016488496004,-1.0752298322162555,290.170673782244,-294.4793996131964,17.520765271763644,0.0,-312.00016488496004,-1.0752298322162555,8.76031120610828,0.0
B2-000087,EXV1.DE,EXV1.DE|swing|2022-09-22T22:00:00Z,EUR,2022-09-26T07:00:00Z,2022-09-28T15:30:00Z,stop,2,724.7777973602447,12.290142396926878,11.867491358212064,11.873428072248187,1.0,1.0,302.0252903690841,-306.3280888917428,17.5089165824851,0.0,-323.8370054742279,-1.072218174439926,302.0252903690841,-306.3280888917428,17.5089165824851,0.0,-323.8370054742279,-1.072218174439926,8.754383897814298,0.0
B2-000088,EQQQ.DE,EQQQ.DE|swing|2022-09-22T22:00:00Z,EUR,2022-09-26T07:00:00Z,2022-10-03T07:00:00Z,stop,5,31.255645285392117,284.9924311065674,273.36325,273.83570643833707,1.0,1.0,348.71062877699063,-363.477559626454,17.45176711175039,0.0,-380.9293267382044,-1.0923937938863872,348.71062877699063,-363.477559626454,17.45176711175039,0.0,-380.9293267382044,-1.0923937938863872,8.72579486793413,0.0
B2-000089,EUNN.DE,EUNN.DE|swing|2022-09-22T22:00:00Z,EUR,2022-09-26T07:00:00Z,2022-09-30T07:00:00Z,stop,4,222.5792687578316,40.019999999999996,39.1034395980835,39.23342786516462,1.0,1.0,175.07465059694417,-204.00734403095854,17.611237327345883,0.0,-221.61858135830443,-1.2658519128992205,175.07465059694417,-204.00734403095854,17.611237327345883,0.0,-221.61858135830443,-1.2658519128992205,8.80556986322826,0.0
B2-000090,RRU.DE,RRU.DE|swing|2022-09-22T22:00:00Z,EUR,2022-09-26T07:00:00Z,2022-11-21T16:30:00Z,tiempo,40,3686.042983438352,0.8014004990458488,0.899549976170063,0.680571436882019,1.0,1.0,445.381116784421,361.7831914818531,6.269776564345743,0.0,355.51341491750736,0.7982229185742229,445.381116784421,361.7831914818531,6.269776564345743,0.0,355.51341491750736,0.7982229185742229,3.1349795117151844,0.0
B2-000091,ICGA.DE,ICGA.DE|swing|2022-09-26T22:00:00Z,EUR,2022-09-28T07:00:00Z,2022-09-29T07:00:00Z,stop,1,2138.9234653139088,4.155576830148696,4.034981679201127,4.0866163202694485,1.0,1.0,147.50125276073484,-257.9437981648299,17.518977789674846,0.0,-275.46277595450476,-1.8675283822933981,147.50125276073484,-257.9437981648299,17.518977789674846,0.0,-275.46277595450476,-1.8675283822933981,8.759426598742358,0.0
B2-000092,6758.T,6758.T|swing|2022-09-27T15:00:00Z,JPY,2022-09-29T00:00:00Z,2022-09-30T00:00:00Z,stop,1,631.5118837175429,1942.971,1874.4623244018555,1878.9071677071709,0.007225955632632416,0.007119464616260856,40457.07140940929,-43264.04277797828,2410.7545096591375,0.0,-45674.79728763741,-1.1289694408531659,292.341003030633,-438.68228663605817,17.29394689493137,0.0,-455.97623353098953,-1.5597409491107548,8.646865938610208,-126.05823303407657
B2-000093,8035.T,8035.T|swing|2022-09-27T15:00:00Z,JPY,2022-09-29T00:00:00Z,2022-09-29T06:00:00Z,stop,0,97.07620921739816,12639.649674316406,12342.57600845773,12348.750383649554,0.007225955632632416,0.007225955632632416,28239.400401968025,-28838.78533987623,2425.1797670972396,0.0,-31263.965106973472,-1.1071044236758887,204.05665439676298,-208.38778336495653,17.52424139820247,0.0,-225.912024763159,-1.1071044236758922,8.762070792672384,0.0
B2-000094,6857.T,6857.T|swing|2022-09-27T15:00:00Z,JPY,2022-09-29T00:00:00Z,2022-09-30T06:00:00Z,stop,1,694.8419706399254,1765.8825,1703.656674107143,1704.5089285714287,0.007225955632632416,0.007119464616260856,42644.933316638686,-43237.11548808955,2410.7814369490266,0.0,-45647.89692503858,-1.0704178286809098,308.1503961025991,-438.49057874848353,17.294138602818947,0.0,-455.78471735130245,-1.4790982686244813,8.646961840504256,-126.06110054854494
B2-000095,DBK.DE,DBK.DE|swing|2022-09-27T22:00:00Z,EUR,2022-09-29T07:00:00Z,2022-10-03T15:30:00Z,stop,2,1117.3941954290342,7.779888022899628,7.383056454649994,7.386749829564776,1.0,1.0,439.29033523382066,-443.41729092514134,16.942986144826676,0.0,-460.360277069968,-1.0479635906966458,439.29033523382066,-443.41729092514134,16.942986144826676,0.0,-460.360277069968,-1.0479635906966458,8.471384335936296,0.0
B2-000096,MUV2.DE,MUV2.DE|swing|2022-09-27T22:00:00Z,EUR,2022-09-29T07:00:00Z,2022-11-01T16:30:00Z,objetivo,23,33.5555511586873,240.11999999999998,270.4513203482628,227.028564453125,1.0,1.0,439.2903352338207,1017.7841716566667,17.132502060104656,0.0,1000.651669596562,2.2778822781610844,439.2903352338207,1017.7841716566667,17.132502060104656,0.0,1000.651669596562,2.2778822781610844,8.566507617720521,0.0
B2-000097,EXH1.DE,EXH1.DE|swing|2022-09-27T22:00:00Z,EUR,2022-09-29T07:00:00Z,2022-11-04T08:00:00Z,objetivo,26,248.98602810680632,31.505744771003723,35.88205152511597,29.74142755780901,1.0,1.0,439.2903352338207,1089.639236483398,16.778619742641396,87.5357689154818,1160.3963856562384,2.641524961022862,439.2903352338207,1089.639236483398,16.778619742641396,87.5357689154818,1160.3963856562384,2.641524961022862,8.389584378525326,0.0
B2-000098,7011.T,7011.T|swing|2022-09-28T15:00:00Z,JPY,2022-09-30T00:00:00Z,2022-11-30T06:00:00Z,tiempo,40,1966.9035024172122,488.24399999999997,545.4271622009278,457.471435546875,0.007119464616260856,0.006975446428571428,60526.66480121091,112473.76201229647,2033.131429280675,0.0,110440.6305830158,1.8246607663868222,430.9174483925025,646.2498833307674,14.320304185398108,0.0,631.9295791453693,1.4664748004582406,7.160315445247496,-154.50308557352147
B2-000099,ADYEN.AS,ADYEN.AS|swing|2022-09-28T22:00:00Z,EUR,2022-09-30T07:00:00Z,2022-10-13T15:30:00Z,stop,9,6.8511367771801295,1253.426448852539,1197.6972319891793,1198.296380179269,1.0,1.0,377.70364101590616,-381.8084872160102,16.792983595231824,0.0,-398.601470811242,-1.055328642686968,377.70364101590616,-381.8084872160102,16.792983595231824,0.0,-398.601470811242,-1.055328642686968,8.396398444592599,0.0
B2-000100,EXV1.DE,EXV1.DE|swing|2022-09-28T22:00:00Z,EUR,2022-09-30T07:00:00Z,2022-11-07T16:30:00Z,objetivo,26,734.4775444327358,11.691842870235442,13.166878298018661,11.356642416545323,1.0,1.0,246.1972061190574,1083.3803989495086,18.258172481397345,77.3118408045342,1142.4340672726453,4.640321006405657,246.1972061190574,1083.3803989495086,18.258172481397345,77.3118408045342,1142.4340672726453,4.640321006405657,9.129359368137361,0.0
B2-000101,TTE.PA,TTE.PA|swing|2022-09-29T22:00:00Z,EUR,2022-10-03T07:00:00Z,2022-10-28T15:30:00Z,objetivo,19,170.05719862565894,47.988982652664184,55.573629700899126,45.43428707122803,1.0,1.0,434.44437392038174,1289.8238295872072,17.611567739202037,0.0,1272.2122618480053,2.9283662954768905,434.44437392038174,1289.8238295872072,17.611567739202037,0.0,1272.2122618480053,2.9283662954768905,8.806108527085179,0.0
B2-000102,RACE.MI,RACE.MI|swing|2022-10-02T22:00:00Z,EUR,2022-10-04T07:00:00Z,2022-11-29T16:30:00Z,tiempo,40,45.82307041820399,191.5457219467163,208.39575000000002,182.86250577654158,1.0,1.0,397.8916260224036,772.1200220343327,18.32654623217454,0.0,753.7934758021581,1.8944693140129447,397.8916260224036,772.1200220343327,18.32654623217454,0.0,753.7934758021581,1.8944693140129447,9.16346843695847,0.0
B2-000103,GS,GS|swing|2022-10-07T04:00:00Z,USD,2022-10-10T13:30:00Z,2022-11-02T20:00:00Z,objetivo,17,20.347266963987398,303.78181988525387,350.8766960045951,282.58731515066967,1.0207206287639072,1.0092854259184498,431.2502460040796,958.2520170361506,13.320511593058542,0.0,944.9315054430921,2.191144269942406,440.1860222558738,896.4673222115376,13.514880689591747,0.0,882.9524415219458,2.0058620603102617,6.757666151042027,-81.64027913188423
B2-000104,7203.T,7203.T|swing|2022-10-12T15:00:00Z,JPY,2022-10-14T00:00:00Z,2022-12-13T06:00:00Z,tiempo,40,547.4199155905253,2006.0024999999998,1967.51575,1893.142857142857,0.006995942353435008,0.006903216899074968,61781.6161664339,-21068.41343635354,2175.183025012412,0.0,-23243.596461365953,-0.3762218909707683,432.2206252024199,-247.26403393005975,15.117584423106216,0.0,-262.38161835316595,-0.6070548304590646,7.55873228522694,-99.87062805099477
B2-000105,8035.T,8035.T|swing|2022-10-12T15:00:00Z,JPY,2022-10-14T00:00:00Z,2022-11-11T00:00:00Z,objetivo,19,83.88093173427457,12132.730325683593,14332.83,11396.190865652901,0.006995942353435008,0.00687426960885406,61781.61616643391,184546.41058993424,2219.9558589879907,0.0,182326.45473094625,2.9511441435875647,432.22062520241997,1144.7948547751953,15.384402021404949,0.0,1129.4104527537904,2.613041550770185,7.692489132538073,-146.28119524533216
B2-000106,UBER,UBER|swing|2022-10-13T04:00:00Z,USD,2022-10-14T13:30:00Z,2022-12-12T21:00:00Z,tiempo,40,106.7008571305454,25.66282461833954,27.016485686302186,21.707856484821864,1.0267994660642776,0.946790380609733,421.9984897703292,144.43679621586398,5.620927562551245,0.0,138.81586865331275,0.328948733273578,433.3078239761055,-82.33313959410808,5.540924655185007,0.0,-87.87406424929308,-0.20279824038935157,2.770442436918086,-230.64076482859184
B2-000107,6758.T,6758.T|swing|2022-10-27T15:00:00Z,JPY,2022-10-31T00:00:00Z,2022-11-02T00:00:00Z,objetivo,2,609.4908357562073,1983.3912244262694,2248.875,1873.3143659319196,0.006812453164384495,0.006832934745473181,67090.83648113905,161809.9282541464,2579.5274782683346,0.0,159230.40077587805,2.3733554256793594,457.05318128713844,1130.3960199553567,17.600983594137446,0.0,1112.7950363612192,2.434716750526496,8.800776596267506,28.07346219156918
B2-000108,1810.HK,1810.HK|swing|2022-10-27T16:00:00Z,HKD,2022-10-31T01:30:00Z,2022-12-05T08:00:00Z,objetivo,25,6308.8790387871495,8.754375,11.082313547564405,8.188571844782148,0.12802949799633837,0.12189918937039068,3569.5836660335367,14686.682706313683,125.14726857667817,0.0,14561.535437737004,4.0793372001047805,457.01200481820285,1451.7159752456084,15.5939293326098,0.0,1436.1220459129986,3.1424164590255805,7.797329544630296,-428.61263887523654
B2-000109,6857.T,6857.T|swing|2022-10-31T15:00:00Z,JPY,2022-11-02T00:00:00Z,2022-11-11T00:00:00Z,objetivo,6,704.1084792938381,1955.9775,2228.885,1860.0,0.006832934745473181,0.00687426960885406,67578.57157142431,192156.48481288328,2946.5971709288096,0.0,189209.88764195447,2.799850355552086,461.7599697398313,1377.8626984190976,20.198776166925597,0.0,1357.663922252172,2.9401940644987445,10.09973507406994,64.86997677315804
B2-000110,6501.T,6501.T|swing|2022-10-31T15:00:00Z,JPY,2022-11-02T00:00:00Z,2022-12-23T06:00:00Z,stop,35,992.5959248289989,1387.493448852539,1334.5609885166714,1335.2286028180804,0.006832934745473181,0.007121492664862556,51877.873185618584,-52540.544420554725,2701.9001416953715,0.0,-55242.44456225009,-1.0648556151211732,354.4781222112647,23.240735034662226,18.844154203541162,0.0,4.396580831121064,0.012402968069495568,9.422085267474321,382.2468465519463
B2-000111,9988.HK,9988.HK|swing|2022-11-01T16:00:00Z,HKD,2022-11-03T01:30:00Z,2022-12-05T08:00:00Z,objetivo,22,808.3917606587951,63.63179847335815,89.31023319084304,59.12410722460066,0.1285776737727261,0.12189918937039068,3643.9804650893147,20758.235052229535,123.63707825575679,0.0,20634.597973973778,5.662653291273344,468.53453147444066,2186.8746507942765,15.414796990332844,0.0,2171.4598538039436,4.634578046938255,7.7079471408156595,-482.17092384886195
B2-000112,IFX.DE,IFX.DE|swing|2022-11-02T23:00:00Z,EUR,2022-11-04T08:00:00Z,2022-11-10T16:30:00Z,objetivo,4,241.45519916932008,24.632310839653012,29.287312756163736,22.692142759050643,1.0,1.0,468.4636703238025,1123.9744148846635,13.019173454462704,0.0,1110.9552414302007,2.3714864391988124,468.4636703238025,1123.9744148846635,13.019173454462704,0.0,1110.9552414302007,2.3714864391988124,6.509869348301207,0.0
B2-000113,PLTR,PLTR|swing|2022-11-03T04:00:00Z,USD,2022-11-04T13:30:00Z,2022-11-07T21:00:00Z,stop,1,468.1873718355938,8.194094580173491,7.202111436741694,7.205714293888637,1.0253255408592228,1.0007004903432404,462.74716860981755,-464.4339808285441,7.208309231298877,0.0,-471.642290059843,-1.0192224222068136,474.46649093593516,-559.2301569445865,7.307829426903892,0.0,-566.5379863714904,-1.1940526827383207,3.6537758193557206,-83.03413435815771
B2-000114,0700.HK,0700.HK|swing|2022-11-06T16:00:00Z,HKD,2022-11-08T01:30:00Z,2022-12-09T08:00:00Z,objetivo,23,130.35885293374713,231.29168973541258,307.20313897303174,202.60132925851005,0.12747947580439548,0.12211652358680652,3740.0424820247276,9895.729447154408,70.19756818118745,0.0,9825.531878973221,2.6271177202388416,476.77865509468245,1046.7341385603997,8.733980930416124,0.0,1038.0001576299837,2.177111216155114,4.367253240555249,-214.76826406496392
B2-000115,ASML.AS,ASML.AS|swing|2022-11-06T23:00:00Z,EUR,2022-11-08T08:00:00Z,2022-11-15T16:30:00Z,objetivo,5,10.845444473396041,480.23999999999995,576.1184872522355,435.9356994628906,1.0,1.0,480.49983140786964,1039.8448096873306,11.45667731749476,0.0,1028.3881323698358,2.140246603951239,480.49983140786964,1039.8448096873306,11.45667731749476,0.0,1028.3881323698358,2.140246603951239,5.728600052098695,0.0
B2-000116,MU,MU|swing|2022-11-07T05:00:00Z,USD,2022-11-08T14:30:00Z,2022-12-15T21:00:00Z,stop,26,87.01067657405868,57.40869106864929,51.879762539727345,51.90571539742606,1.0007004903432404,0.9415309292910272,478.81763632371815,-481.0758120311134,9.509262290197476,0.0,-490.58507432131086,-1.024576032929658,479.1530434541361,-748.5097164971223,9.248826521097783,0.0,-757.75854301822,-1.581454095659421,4.624227289176348,-267.09691550531494
B2-000117,META,META|swing|2022-11-09T05:00:00Z,USD,2022-11-10T14:30:00Z,2023-01-10T21:00:00Z,tiempo,40,22.6810743044701,107.17356274795532,132.9235104904175,86.1592822756086,0.9961151509114453,0.9325748391308403,476.62645684827083,584.036478083007,5.4456595584053336,0.0,578.5908185246017,1.213929294547722,474.7748349918028,390.2032014530698,5.23293960978291,0.0,384.9702618432869,0.8108480767518641,2.616568009833287,-191.5643830503738
B2-000118,SXR8.DE,SXR8.DE|swing|2022-11-09T23:00:00Z,EUR,2022-11-11T08:00:00Z,2022-12-07T16:30:00Z,stop,18,24.53398341171962,401.44061022949217,384.77037431989396,384.96285574776783,1.0,1.0,404.2649551170134,-408.9872912755351,19.28888725304639,0.0,-428.27617852858145,-1.0593947684745961,404.2649551170134,-408.9872912755351,19.28888725304639,0.0,-428.27617852858145,-1.0593947684745961,9.644343790785491,0.0
B2-000119,MBG.DE,MBG.DE|swing|2022-11-09T23:00:00Z,EUR,2022-11-11T08:00:00Z,2022-11-17T16:30:00Z,stop,4,123.2733182126618,63.83189923667907,59.80722437286377,59.83714294433594,1.0,1.0,492.44686360804815,-496.13502518960473,15.241405028253801,0.0,-511.3764302178585,-1.0384398155592214,492.44686360804815,-496.13502518960473,15.241405028253801,0.0,-511.3764302178585,-1.0384398155592214,7.620580385514684,0.0
B2-000120,EQQQ.DE,EQQQ.DE|swing|2022-11-09T23:00:00Z,EUR,2022-11-11T08:00:00Z,2022-12-15T16:30:00Z,stop,24,29.417928108729622,279.4896811065674,262.6186206425258,262.74999564034596,1.0,1.0,492.44686360804815,-496.3116438492061,15.947703048000328,10.515350148681078,-501.7439967485254,-1.0188794646235722,492.44686360804815,-496.3116438492061,15.947703048000328,10.515350148681078,-501.7439967485254,-1.0188794646235722,7.973729439521351,0.0
B2-000121,ENR.DE,ENR.DE|swing|2022-11-14T23:00:00Z,EUR,2022-11-16T08:00:00Z,2022-12-12T16:30:00Z,objetivo,18,424.0179408337721,14.662327232837676,16.967984209673745,13.46285697392055,1.0,1.0,508.59690927739115,977.6399235870501,13.411819525784592,0.0,964.2281040612655,1.8958591498938326,508.59690927739115,977.6399235870501,13.411819525784592,0.0,964.2281040612655,1.8958591498938326,6.706155849411703,0.0
B2-000122,8035.T,8035.T|swing|2022-11-16T15:00:00Z,JPY,2022-11-18T00:00:00Z,2022-12-20T06:00:00Z,stop,21,63.67721080986031,15174.250325683593,14032.980000000001,14040.0,0.006906077348066298,0.0069132388524023505,72225.8970997069,-72672.91111959203,1859.8349626206996,0.0,-74532.74608221273,-1.031939360743713,498.79763190405316,-495.48536091052335,12.850563490887069,0.0,-508.3359244014104,-1.0191225697302269,6.4251594803924466,6.399384390526748
B2-000123,CRWD,CRWD|swing|2022-11-21T05:00:00Z,USD,2022-11-22T14:30:00Z,2022-11-30T14:30:00Z,stop,5,115.36086856078687,33.97197933197021,28.058463978767396,29.57105347088405,0.9759906304899474,0.9646922631680495,507.69462980652844,-682.1882673930251,7.155885817537342,0.0,-689.3441532105624,-1.3577928793008047,495.5052018412341,-702.3804636319644,6.947506404346143,0.0,-709.3279700363105,-1.4315247698723208,3.473578475451223,-36.571106426200615
B2-000124,6857.T,6857.T|swing|2022-11-28T15:00:00Z,JPY,2022-11-30T00:00:00Z,2022-12-23T06:00:00Z,stop,17,543.1526067070517,2263.63125,2131.076785714286,2132.1428571428573,0.006975446428571428,0.007121492664862556,71418.26333207787,-71997.30280744232,2386.9971253146414,0.0,-74384.29993275696,-1.0415305058159665,498.1742698945163,-333.1648231890465,16.81941907833218,0.0,-349.9842422673787,-0.7025337586011509,8.409628350366837,169.0485055459025
B2-000125,RRU.DE,RRU.DE|swing|2022-11-28T23:00:00Z,EUR,2022-11-30T08:00:00Z,2023-01-26T16:30:00Z,tiempo,40,3903.0632592128127,1.0405199618339538,1.2993499523401262,0.9125715153557914,1.0,1.0,499.39088052227265,1010.2298263270426,9.132660293350288,0.0,1001.0971660336922,2.004636458292401,499.39088052227265,1010.2298263270426,9.132660293350288,0.0,1001.0971660336922,2.004636458292401,4.566583845776862,0.0
B2-000126,ADYEN.AS,ADYEN.AS|swing|2022-11-28T23:00:00Z,EUR,2022-11-30T08:00:00Z,2022-12-29T16:30:00Z,stop,20,2.5980413631287114,1465.7324999999998,1272.8775250854492,1273.5142822265625,1.0,1.0,499.39088052227265,-501.04520191315265,7.115022122650955,0.0,-508.1602240358036,-1.0175600793998476,499.39088052227265,-501.04520191315265,7.115022122650955,0.0,-508.1602240358036,-1.0175600793998476,3.5573866893713735,0.0
B2-000127,COIN,COIN|swing|2022-11-30T05:00:00Z,USD,2022-12-01T14:30:00Z,2022-12-13T21:00:00Z,stop,8,81.10235420046212,45.842909694671626,39.34603196508544,39.365714822496685,0.9637625289128758,0.948316737790422,525.315752748549,-526.9120788219932,6.9090237204521205,0.0,-533.8211025424453,-1.0161909285023238,506.2796383467126,-557.1064992686242,6.609369791473583,0.0,-563.7158690600978,-1.1134476411118306,3.3045464452481017,-49.28838166839987
B2-000128,NOW,NOW|swing|2022-12-02T05:00:00Z,USD,2022-12-05T14:30:00Z,2022-12-06T21:00:00Z,stop,1,111.51043815575086,81.24059694671631,76.36150957434519,76.39970942905971,0.9489466691971911,0.9509319132750095,539.8094881565922,-544.0691706932945,17.57427995243289,0.0,-561.6434506457274,-1.0404475337469454,512.2504157872388,-499.3880647930556,16.693958986949383,0.0,-516.082023780005,-1.0074799509667116,8.34685673317168,16.90456254922393
B2-000129,PANW,PANW|swing|2022-12-02T05:00:00Z,USD,2022-12-05T14:30:00Z,2022-12-08T21:00:00Z,stop,3,86.55442607304566,86.19307652664185,79.91645031356812,79.95642852783203,0.9489466691971911,0.950660709192889,539.8094881565922,-543.2697795476304,14.37751476091955,0.0,-557.6472943085499,-1.033044632492238,512.2504157872388,-503.6778231730393,13.65535096831223,0.0,-517.3331741413515,-1.0099224094260644,6.827551271587775,11.856224604177687
B2-000130,6758.T,6758.T|swing|2022-12-05T15:00:00Z,JPY,2022-12-07T00:00:00Z,2022-12-08T06:00:00Z,stop,1,653.1518268958247,2197.098,2118.2260714285717,2119.285714285714,0.0069769064396846435,0.006923289947382997,50823.236569225606,-51515.34423722537,2818.5618009010996,0.0,-54333.90603812647,-1.0690760704332365,354.5889665054462,-433.5973994722783,19.590662316835022,0.0,-453.18806178911336,-1.278065886413171,9.795225207872289,-74.17966252100877
B2-000131,1810.HK,1810.HK|swing|2022-12-06T16:00:00Z,HKD,2022-12-08T01:30:00Z,2023-01-27T08:00:00Z,objetivo,30,3457.4989516223095,10.725360267162323,13.4137364705503,9.55571460723877,0.12195568130541361,0.1172401664810364,4044.0486429552693,9295.057904780293,83.46090166375092,0.0,9211.597003116542,2.27781557948447,493.1947074838432,914.88906835338,9.9598350735695,0.0,904.9292332798105,1.8348315980447854,4.980147504088357,-218.69605119737096
B2-000132,9988.HK,9988.HK|swing|2022-12-06T16:00:00Z,HKD,2022-12-08T01:30:00Z,2023-01-09T08:00:00Z,objetivo,19,350.9858644020434,86.84340305328368,108.70901102454322,75.32143293108258,0.12195568130541361,0.12194229690510451,4044.0486429552693,7674.519314468738,68.6361330910124,0.0,7605.883181377726,1.8807595686632432,493.1947074838432,935.4405455277687,8.370055687123639,0.0,927.070489840645,1.8797251385164455,4.18526275001338,-0.5106861598216424
B2-000133,IQQT.DE,IQQT.DE|swing|2022-12-06T23:00:00Z,EUR,2022-12-08T08:00:00Z,2022-12-15T16:30:00Z,stop,5,165.83932808879717,59.12954847335815,57.946723421914236,57.97571127755301,1.0,1.0,191.35158527618609,-196.15891177805554,19.4158502662533,0.0,-215.57476204430884,-1.126589893327303,191.35158527618609,-196.15891177805554,19.4158502662533,0.0,-215.57476204430884,-1.126589893327303,9.70787852036716,0.0
B2-000134,IFX.DE,IFX.DE|swing|2022-12-07T23:00:00Z,EUR,2022-12-09T08:00:00Z,2022-12-16T16:30:00Z,stop,5,232.98145328872567,31.765874999999998,29.6080458014352,29.622857230050222,1.0,1.0,499.28339446646265,-502.73418263047284,14.298985262345523,0.0,-517.0331678928184,-1.0355504982202006,499.28339446646265,-502.73418263047284,14.298985262345523,0.0,-517.0331678928184,-1.0355504982202006,7.149368734968128,0.0
B2-000135,MRVL,MRVL|swing|2022-12-08T05:00:00Z,USD,2022-12-09T14:30:00Z,2022-12-20T21:00:00Z,stop,7,121.35773293615497,41.71084362602234,37.348458152770995,37.36714172363281,0.950660709192889,0.9434852344560807,527.1418154244564,-529.4092112273986,9.594457631389684,0.0,-539.0036688587883,-1.0225022054544861,501.1330120966407,-535.8115491620956,9.088550883214634,0.0,-544.9001000453103,-1.0873362697970281,4.5441426247557795,-32.523012963409464
B2-000136,6758.T,6758.T|swing|2022-12-11T15:00:00Z,JPY,2022-12-13T00:00:00Z,2022-12-20T06:00:00Z,stop,5,650.9596495528334,2201.1,2089.097785714286,2090.1428571428573,0.006903216899074968,0.0069132388524023505,72228.6228296692,-72908.92216056958,2792.7456471009136,0.0,-75701.66780767048,-1.0480840536886809,498.60984971468446,-489.6770651944586,19.29255798424281,0.0,-508.9696231787014,-1.0207773141063,9.646158984393374,13.629038357725994
B2-000137,ICGA.DE,ICGA.DE|swing|2022-12-11T23:00:00Z,EUR,2022-12-13T08:00:00Z,2023-01-23T08:00:00Z,objetivo,28,1773.9930316760185,4.219608959913254,4.719139169931412,3.9380716255732944,1.0,1.0,499.44526927572946,886.1631116838712,15.85727689425148,0.0,870.3058347896197,1.7425449560303046,499.44526927572946,886.1631116838712,15.85727689425148,0.0,870.3058347896197,1.7425449560303046,7.928861970118284,0.0
B2-000138,7011.T,7011.T|swing|2022-12-14T15:00:00Z,JPY,2022-12-16T00:00:00Z,2022-12-20T06:00:00Z,stop,2,2531.1462567900485,560.5801377868652,539.2873067670549,539.5570853097098,0.006893223960846488,0.0069132388524023505,53212.42058385258,-53895.26953225575,2783.925365247891,0.0,-56679.194897503636,-1.065149720227218,366.80513258325345,-344.1915351610308,19.217541661090067,0.0,-363.4090768221209,-0.9907415260598574,9.608687184832462,27.320628154994836
B2-000139,7203.T,7203.T|swing|2022-12-14T15:00:00Z,JPY,2022-12-16T00:00:00Z,2022-12-19T00:00:00Z,stop,1,730.8431933943224,1941.4702499999999,1919.0400000000002,1923.0714285714287,0.006893223960846488,0.006871435442864014,13446.65340754885,-16392.995538632753,2821.427639241514,0.0,-19214.42317787427,-1.4289371931820176,92.69079346211382,-143.55936352484423,19.418173832726254,0.0,-162.9775373575705,-1.7582926121372076,9.709053453783898,-30.55877388789106
B2-000140,NFLX,NFLX|swing|2022-12-15T05:00:00Z,USD,2022-12-16T14:30:00Z,2023-01-23T21:00:00Z,objetivo,23,188.01037907739286,28.890437450408935,36.051674003788406,26.157427651541575,0.9415309292910272,0.9198785760279643,513.8342083072816,1346.3867990637566,12.209790992589939,0.0,1334.1770080711667,2.5965126231403146,483.79079964907413,1120.9032388867831,11.349134284481533,0.0,1109.5541046023015,2.2934584647065126,5.674848786761763,-146.76157522088698
B2-000141,0700.HK,0700.HK|swing|2022-12-15T16:00:00Z,HKD,2022-12-19T01:30:00Z,2023-01-05T08:00:00Z,objetivo,10,142.38968843684344,304.4612060394287,360.24039494814195,276.4669930594308,0.12101849162552039,0.12067966788955396,3986.0872642565373,7942.381329971513,94.64665386809122,0.0,7847.734676103421,1.968781453049081,482.39026820802326,943.7952083803482,11.436615488431624,0.0,932.3585928919166,1.9327889767665287,5.7185451226537936,-17.379800087499532
B2-000142,ENR.DE,ENR.DE|swing|2022-12-15T23:00:00Z,EUR,2022-12-19T08:00:00Z,2023-01-11T16:30:00Z,objetivo,16,445.5021805895667,16.73336288166046,18.801130571705954,15.657858167375837,1.0,1.0,479.1396954481593,921.1950148679183,15.83069431962042,0.0,905.3643205482979,1.8895623325499529,479.1396954481593,921.1950148679183,15.83069431962042,0.0,905.3643205482979,1.8895623325499529,7.9155794374591615,0.0
B2-000143,RACE.MI,RACE.MI|swing|2022-12-18T23:00:00Z,EUR,2022-12-20T08:00:00Z,2023-01-23T16:30:00Z,objetivo,23,46.63373995418513,202.60125,223.90495288951055,197.05713544573103,1.0,1.0,258.54279639999163,993.4713406106579,19.889579354396357,0.0,973.5817612562615,3.7656503093980347,258.54279639999163,993.4713406106579,19.889579354396357,0.0,973.5817612562615,3.7656503093980347,9.945040531292836,0.0
B2-000144,ASML.AS,ASML.AS|swing|2022-12-18T23:00:00Z,EUR,2022-12-20T08:00:00Z,2022-12-28T16:30:00Z,stop,5,15.962456850396507,532.3660255737304,502.5200289132255,502.7714146205357,1.0,1.0,472.4027003446425,-476.41543385038875,16.51932398982512,0.0,-492.9347578402139,-1.0434630400727858,472.4027003446425,-476.41543385038875,16.51932398982512,0.0,-492.9347578402139,-1.0434630400727858,8.259544955939564,0.0
B2-000145,SU.PA,SU.PA|swing|2022-12-18T23:00:00Z,EUR,2022-12-20T08:00:00Z,2023-01-11T16:30:00Z,objetivo,15,72.6410180055576,130.065,147.43053475884028,125.58286612374442,1.0,1.0,325.5867676084008,1261.4501230930534,20.15755813687875,0.0,1241.2925649561746,3.8124785416621663,325.5867676084008,1261.4501230930534,20.15755813687875,0.0,1241.2925649561746,3.8124785416621663,10.07909695074417,0.0
B2-000146,MRVL,MRVL|swing|2022-12-20T05:00:00Z,USD,2022-12-21T14:30:00Z,2023-01-05T21:00:00Z,stop,9,146.46764508425267,38.139058931350704,34.71477596868788,34.73214203970773,0.9434852344560807,0.9433072351664937,499.0030941167081,-501.54666164335146,10.670729633165593,8.78805870505516,-503.4293325714618,-1.0088701623435596,470.80205124701206,-474.10692332354694,10.066770796092381,8.28983935954642,-475.8838547600929,-1.0107939281479779,5.033268129631306,-0.9050536723053328
B2-000147,R6C0.DE,R6C0.DE|swing|2022-12-21T23:00:00Z,EUR,2022-12-23T08:00:00Z,2023-02-20T16:30:00Z,tiempo,40,350.9300318738162,26.85842181301117,28.46575954246521,25.75571550641741,1.0,1.0,386.97275932040617,564.0630806292941,19.414916726470114,87.07012051469158,631.7182844175155,1.6324618960955457,386.97275932040617,564.0630806292941,19.414916726470114,87.07012051469158,631.7182844175155,1.6324618960955457,9.707601805905355,0.0
B2-000148,VVSM.DE,VVSM.DE|swing|2022-12-21T23:00:00Z,EUR,2022-12-23T08:00:00Z,2023-01-26T16:30:00Z,objetivo,23,399.93114949444634,18.199095534324645,20.795979686047353,17.020714351109095,1.0,1.0,471.2713411460204,1038.574863902373,15.595345257505775,0.0,1022.9795186448672,2.1706805174217108,471.2713411460204,1038.574863902373,15.595345257505775,0.0,1022.9795186448672,2.1706805174217108,7.797934221950942,0.0
B2-000149,7203.T,7203.T|swing|2022-12-27T15:00:00Z,JPY,2022-12-29T00:00:00Z,2023-03-01T06:00:00Z,tiempo,40,732.9185655512762,1809.9044999999999,1862.56825,1782.7857142857142,0.007031854299978904,0.0068856296908352274,19875.861525206677,38598.240106551144,2691.6234599561503,0.0,35906.616646594994,1.8065439126277885,139.76416233180984,71.80440018124365,18.727491200333127,0.0,53.076908980910524,0.3797605058076494,9.36376589220724,-199.6128004836267
B2-000150,COIN,COIN|swing|2022-12-30T05:00:00Z,USD,2023-01-03T14:30:00Z,2023-01-13T21:00:00Z,objetivo,8,94.01356196092543,36.508246679306026,49.47489590415785,31.10642831666129,0.9360666479453337,0.9247272054743851,507.84418533816563,1219.0408803261923,8.083581502865567,0.0,1210.9572988233267,2.3845055900698537,475.3760042480255,1088.360234883687,7.514027765108693,0.0,1080.8462071185784,2.273665892809035,3.7572869119339725,-52.74327567158056
B2-000151,NVDA,NVDA|swing|2023-01-04T05:00:00Z,USD,2023-01-05T14:30:00Z,2023-01-23T21:00:00Z,objetivo,11,438.8679769547657,14.498245675563812,18.24256092548796,13.311999729701451,0.9434852344560807,0.9198785760279643,520.6053584314067,1643.2600588150892,14.368891556870832,0.0,1628.8911672582185,3.128840571610897,491.18346865874764,1361.394904918112,13.367840322462918,0.0,1348.027064595649,2.744447137597373,6.684262181022666,-188.99669694535464
B2-000152,AVGO,AVGO|swing|2023-01-06T05:00:00Z,USD,2023-01-09T14:30:00Z,2023-01-10T21:00:00Z,stop,1,160.70319698347978,59.25961454200744,55.97371085330418,56.00171170915876,0.9523809523809523,0.9325748391308403,523.555400700318,-528.0552277544224,18.518363790064186,0.0,-546.5735915444866,-1.0439651483174062,498.62419114316003,-681.0687851132813,17.458377898523487,0.0,-698.5271630118048,-1.4009090922972298,8.72902086431974,-178.1590443947839
B2-000153,6501.T,6501.T|swing|2023-01-09T15:00:00Z,JPY,2023-01-11T00:00:00Z,2023-03-09T00:00:00Z,objetivo,40,1091.588812206508,1304.451948852539,1450.474351196289,1242.8285958426338,0.007046223224351748,0.006910850034554251,67267.36271626482,159396.4207299548,3007.2467275867702,0.0,156389.17400236803,2.324889332469015,473.98085341223805,908.803469656938,20.975392441308685,0.0,887.8280772156293,1.8731306777986105,10.487926043503682,-214.3392919690124
B2-000154,8035.T,8035.T|swing|2023-01-10T15:00:00Z,JPY,2023-01-12T00:00:00Z,2023-02-10T06:00:00Z,objetivo,21,66.09647528415547,14623.975325683594,16274.18072103446,13529.047433035714,0.007012130986606829,0.007102272727272727,72370.87439433305,109072.76012758851,2042.2592074678787,0.0,107030.50092012063,1.4789167854589522,507.4740508683335,861.7948852400201,14.417551475523242,0.0,847.3773337644968,1.669794410797081,7.208992988730448,96.96240415462304
B2-000155,6857.T,6857.T|swing|2023-01-10T15:00:00Z,JPY,2023-01-12T00:00:00Z,2023-01-24T06:00:00Z,objetivo,8,466.8265808080674,2198.5987499999997,2494.1094642857142,2043.5714285714287,0.007012130986606829,0.0070596540769502295,72370.87439433303,137952.25634214986,2190.680930404931,0.0,135761.57541174494,1.875914538105618,507.4740508683334,1022.6712140243277,15.416673556516308,0.0,1007.2545404678114,1.9848394981857869,7.708594373208635,55.33192265521064
B2-000156,9988.HK,9988.HK|swing|2023-01-10T16:00:00Z,HKD,2023-01-12T01:30:00Z,2023-02-06T01:30:00Z,stop,14,458.8929143048979,113.15654847335814,102.14889694976807,103.87142835344586,0.11908447852906853,0.11654739982750985,4260.8758314975885,-5051.333287312997,98.80214331593253,0.0,-5150.1354306289295,-1.2087034765382472,507.4041764710016,-720.4619820849359,11.646875122643376,0.0,-732.1088572075793,-1.4428514607416119,5.8232589016399245,-118.92659168874245
B2-000157,TSLA,TSLA|swing|2023-01-13T05:00:00Z,USD,2023-01-17T14:30:00Z,2023-01-27T21:00:00Z,objetivo,8,25.48868870105844,125.76284694671631,167.8520145085539,103.71857343401228,0.924898261191269,0.9203865623561895,561.8796252063008,1072.7976896703653,7.483857801637785,0.0,1065.3138318687274,1.8959823137875567,519.6814883521096,972.9261914799754,6.902504541431345,0.0,966.0236869385441,1.8588764629692098,3.451496365137408,-19.302526306155855
B2-000158,ENR.DE,ENR.DE|swing|2023-01-19T23:00:00Z,EUR,2023-01-23T08:00:00Z,2023-03-20T16:30:00Z,tiempo,40,350.8734504259432,19.119555610656736,18.980504771232606,17.60999924795968,1.0,1.0,529.6632495919521,-48.789247813368064,13.368299647630291,0.0,-62.15754746099836,-0.11735295493671495,529.6632495919521,-48.789247813368064,13.368299647630291,0.0,-62.15754746099836,-0.11735295493671495,6.684139297536661,0.0
B2-000159,COIN,COIN|swing|2023-01-20T05:00:00Z,USD,2023-01-23T14:30:00Z,2023-02-02T21:00:00Z,objetivo,8,61.90782669042151,55.027499999999996,78.01954538917542,45.76571273803711,0.9237021984112322,0.9100837277029487,573.377120657152,1423.387561211377,8.236653427625715,0.0,1415.1509077837513,2.4680979704279724,529.6297068697137,1249.0087268585035,7.542437386025637,0.0,1241.466289472478,2.344026917995128,3.7715318880770248,-65.7774926236484
B2-000160,6758.T,6758.T|swing|2023-01-22T15:00:00Z,JPY,2023-01-24T00:00:00Z,2023-03-23T06:00:00Z,tiempo,40,601.0682236377039,2312.1555,2314.842,2186.5714285714284,0.0070596540769502295,0.006986655488017886,75484.59473076194,1614.7697828028424,2781.141168101097,0.0,-1166.3713852982544,-0.015451780452136781,532.8951269379593,-90.16891232381201,19.53232595755472,0.0,-109.70123828136673,-0.20585896311665536,9.766142878083937,-101.56862840431215
B2-000161,7011.T,7011.T|swing|2023-01-22T15:00:00Z,JPY,2023-01-24T00:00:00Z,2023-03-13T06:00:00Z,stop,33,3045.2823933446784,495.74775,474.7428788384029,474.9803690229143,0.0070596540769502295,0.006910850034554251,63242.539645400226,-63965.7643228851,2955.4180249075935,0.0,-66921.1823477927,-1.0581672197704037,446.4704528443362,-666.706061272291,20.64909901624609,0.0,-687.355160288537,-1.5395311289013482,10.324385412703718,-215.12989238499793
B2-000162,TTE.PA,TTE.PA|swing|2023-01-22T23:00:00Z,EUR,2023-01-24T08:00:00Z,2023-01-31T16:30:00Z,stop,5,181.9067280161295,59.149558931350704,56.872980231966295,56.90143094744001,1.0,1.0,408.94960571469176,-414.12498227623354,21.10528047532224,0.0,-435.23026275155576,-1.0642638033381526,408.94960571469176,-414.12498227623354,21.10528047532224,0.0,-435.23026275155576,-1.0642638033381526,10.55253934454911,0.0
B2-000163,6857.T,6857.T|swing|2023-01-25T15:00:00Z,JPY,2023-01-27T00:00:00Z,2023-02-24T06:00:00Z,objetivo,19,587.5178202573834,2406.2025,2718.773861607143,2275.714285714286,0.007073136228603763,0.006977393245883338,76664.1512264211,183641.24504631103,3011.014940842044,0.0,180630.23010546897,2.356123784270341,542.2559854747567,1145.9865874013597,21.144385906935476,0.0,1124.8422014944242,2.0743748923483083,10.57248209323403,-152.93295600160417
B2-000164,V,V|swing|2023-01-26T05:00:00Z,USD,2023-01-27T14:30:00Z,2023-03-10T21:00:00Z,stop,29,46.894868437634756,228.11399999999998,215.42366956765312,215.53143528529577,0.9178522257916476,0.9446438692612885,590.057716904079,-595.1113760550184,20.79964066151021,21.10269079693564,-594.8083259195929,-1.0080510920871257,541.5857888059468,-275.5680285621116,19.36165274937752,19.59213703178502,-275.3375442797041,-0.5083913757906212,9.680759902870648,270.6562725439171
B2-000165,0700.HK,0700.HK|swing|2023-01-30T16:00:00Z,HKD,2023-02-01T01:30:00Z,2023-02-22T08:00:00Z,stop,15,137.17865568448752,385.79280610656735,352.25236585780556,352.4285801478795,0.1177884049094207,0.119552872257756,4576.859664966286,-4601.032504391022,101.24404452449909,0.0,-4702.276548915521,-1.027402387910043,539.1009994306445,-456.6865600514878,12.010636230696246,0.0,-468.69719628218405,-0.8694051704173887,6.00520544500861,85.26171957712815
B2-000166,1810.HK,1810.HK|swing|2023-01-30T16:00:00Z,HKD,2023-02-01T01:30:00Z,2023-02-27T08:00:00Z,stop,18,3972.299711444967,12.966480038166045,11.808378952707564,11.81428609575544,0.1177884049094207,0.1205414722935426,4576.859664966286,-4600.324607590829,98.413165220537,0.0,-4698.737772811366,-1.026629199225399,539.1009994306445,-412.72836174201626,11.721066289265995,0.0,-424.44942803128225,-0.7873282158251458,5.860431427649315,129.13653585166418
B2-000167,RRU.DE,RRU.DE|swing|2023-02-01T23:00:00Z,EUR,2023-02-03T08:00:00Z,2023-02-23T16:30:00Z,objetivo,14,4833.510420636715,1.2006000477075576,1.4688722420851035,1.0865714039121355,1.0,1.0,551.1586380362448,1296.6964470909465,12.90292213031378,0.0,1283.7935249606328,2.3292631855226573,551.1586380362448,1296.6964470909465,12.90292213031378,0.0,1283.7935249606328,2.3292631855226573,6.451786852214417,0.0
B2-000168,TSLA,TSLA|swing|2023-02-03T05:00:00Z,USD,2023-02-06T14:30:00Z,2023-03-13T20:00:00Z,stop,24,22.741472747145597,193.10649950408936,166.5523938140869,166.63571166992188,0.9143275121148396,0.9340556697179152,601.984700126193,-603.8794708740144,8.17917292066385,0.0,-612.0586437946782,-1.0167345510049897,550.4111731975798,-477.42032268796333,7.553166119241146,0.0,-484.9734888072045,-0.8811112717603112,3.776464648656126,74.72329153349992
B2-000169,IFX.DE,IFX.DE|swing|2023-02-08T23:00:00Z,EUR,2023-02-10T08:00:00Z,2023-02-22T16:30:00Z,stop,8,266.03854636406527,36.02800332069397,33.91517591421945,33.932141985212056,1.0,1.0,557.5799030722568,-562.0935319366382,18.60758173173764,85.13233483650089,-495.568778831875,-0.888785223608847,557.5799030722568,-562.0935319366382,18.60758173173764,85.13233483650089,-495.568778831875,-0.888785223608847,9.303652668397795,0.0
B2-000170,8035.T,8035.T|swing|2023-02-19T15:00:00Z,JPY,2023-02-21T00:00:00Z,2023-04-20T06:00:00Z,tiempo,40,96.59738307902234,15174.250325683593,15387.302500000002,14354.761997767857,0.0069886085680341044,0.006791632708503124,79160.42794046388,20580.28249826072,2952.166025792336,27497.4110672745,45125.527539742885,0.5700515865538466,553.2212449539722,-148.95209102163682,20.338753152489964,191.51282258862304,22.22197841449625,0.04016833882860935,10.169341880556459,-292.77962962154476
B2-000171,APP,APP|swing|2023-02-21T05:00:00Z,USD,2023-02-22T14:30:00Z,2023-04-20T20:00:00Z,tiempo,40,227.57523764485504,14.207099809169769,16.481754771232605,11.689143317086355,0.9377344336084021,0.9137426900584795,573.0245470652885,517.6551435514988,6.984023374183469,0.0,510.6711201773153,0.891185417435758,537.3448490859795,395.43387924701034,6.4591700295020456,0.0,388.9747092175083,0.7238828284650947,3.229684680641843,-89.98917359573048
B2-000172,COIN,COIN|swing|2023-02-21T05:00:00Z,USD,2023-02-22T14:30:00Z,2023-04-20T20:00:00Z,tiempo,40,32.720548300659054,62.53125,60.469750000000005,45.018568311418804,0.9377344336084021,0.9137426900584795,573.0245470652884,-67.45341032180848,4.024660161529365,0.0,-71.47807048333785,-0.12473823477442388,537.3448490859794,-110.72353029757345,3.7265922722635416,0.0,-114.45012256983699,-0.2129919413287687,1.8632689210662838,-47.47014477449706
B2-000173,0700.HK,0700.HK|swing|2023-02-21T16:00:00Z,HKD,2023-02-23T01:30:00Z,2023-04-25T08:00:00Z,tiempo,40,212.90929249723365,350.9753877868652,338.23079389953614,329.8857160295759,0.11974327042820193,0.11581312394320524,4490.187092843355,-2713.4424677158017,146.7384005275716,0.0,-2860.1808682433734,-0.6369847868482024,537.6696873315636,-607.9360665384298,17.28791638523945,0.0,-625.2239829236693,-1.1628403044751037,8.64380836955449,-283.01959133536906
B2-000174,RRU.DE,RRU.DE|swing|2023-02-22T23:00:00Z,EUR,2023-02-24T08:00:00Z,2023-04-25T15:30:00Z,tiempo,40,5206.901363498949,1.4727360028624534,1.668165529549122,1.3662857498441423,1.0,1.0,554.2759675858523,1017.5822689727688,16.354364471729767,0.0,1001.227904501039,1.8063707666451512,554.2759675858523,1017.5822689727688,16.354364471729767,0.0,1001.227904501039,1.8063707666451512,8.177438675790862,0.0
B2-000175,ADYEN.AS,ADYEN.AS|swing|2023-02-22T23:00:00Z,EUR,2023-02-24T08:00:00Z,2023-04-25T15:30:00Z,tiempo,40,3.8679337172709607,1401.3002755737305,1425.6868244018556,1258.0,1.0,1.0,554.2759675858523,94.32555446017976,10.934598722285621,0.0,83.39095573789413,0.15045024611314695,554.2759675858523,94.32555446017976,10.934598722285621,0.0,83.39095573789413,0.15045024611314695,5.467324309362059,0.0
B2-000176,PLTR,PLTR|swing|2023-02-23T05:00:00Z,USD,2023-02-24T14:30:00Z,2023-04-24T20:00:00Z,tiempo,40,558.3991473916029,7.943970057249069,8.095950381278993,6.8925716536385675,0.9419743782969102,0.9089256498818397,587.0999721449963,84.86568335860899,8.956677897103216,0.0,75.90900546150577,0.1292948544762637,553.0331312594162,-69.46445980138557,8.287555334607625,0.0,-77.75201513599319,-0.14059196590795453,4.143761337128529,-149.40575912185375
B2-000177,NOW,NOW|swing|2023-02-24T05:00:00Z,USD,2023-02-27T14:30:00Z,2023-04-25T20:00:00Z,tiempo,40,88.754742264263,86.29112509918212,88.41177328109741,79.71913582938058,0.946073793755913,0.9072763563781527,583.2952138047384,188.2175828190691,15.505710718561442,0.0,172.71187210050766,0.2960968442959383,551.8403158039152,-126.37437761273148,14.365104464149212,0.0,-140.73948207688068,-0.25503660759517516,7.182522434110606,-304.4421002419353
B2-000178,ASML.AS,ASML.AS|swing|2023-02-27T23:00:00Z,EUR,2023-03-01T08:00:00Z,2023-04-26T15:30:00Z,stop,38,14.343028606085719,589.6947244262695,550.881560799735,551.1571393694196,1.0,1.0,552.7456848798602,-556.698316188071,16.359318286419565,0.0,-573.0576344744906,-1.0367473689080815,552.7456848798602,-556.698316188071,16.359318286419565,0.0,-573.0576344744906,-1.0367473689080815,8.179522013510233,0.0
B2-000179,6857.T,6857.T|swing|2023-03-07T15:00:00Z,JPY,2023-03-09T00:00:00Z,2023-04-27T00:00:00Z,stop,34,467.26313070467603,2863.9312499999996,2653.6725,2688.5714285714284,0.006910850034554251,0.006771856165775039,81939.17916052711,-98246.16178305158,2578.1728022128605,8177.10478733183,-92647.22979793261,-1.130682913193789,566.2693791328758,-851.3117895742105,17.64501830023859,56.951558624681915,-812.0052492497672,-1.4339557800091274,8.822298527744957,-172.34729902098564
B2-000180,6501.T,6501.T|swing|2023-03-09T15:00:00Z,JPY,2023-03-13T00:00:00Z,2023-03-14T00:00:00Z,stop,1,1141.8701939084524,1387.6934999999999,1360.119648803711,1361.0285470145088,0.006910850034554251,0.0070442378134685825,30447.915036102404,-31485.758812309152,3137.6459330486887,0.0,-34623.40474535784,-1.1371354887290153,210.42097467935318,-10.431454079239993,21.890962408125304,0.0,-32.322416487365295,-0.15360833936169777,10.945481332567716,207.16190329677244
B2-000181,SAP.DE,SAP.DE|swing|2023-03-09T23:00:00Z,EUR,2023-03-13T08:00:00Z,2023-03-13T16:30:00Z,stop,0,98.15626501620238,110.81538213729858,106.2497061064584,106.30285753522601,1.0,1.0,442.93256073316877,-448.1497064612717,21.30629832741957,0.0,-469.4560047886913,-1.059881450150378,442.93256073316877,-448.1497064612717,21.30629832741957,0.0,-469.4560047886913,-1.059881450150378,10.653039789542486,0.0
B2-000182,9988.HK,9988.HK|swing|2023-03-12T16:00:00Z,HKD,2023-03-14T01:30:00Z,2023-03-14T08:00:00Z,stop,0,1114.6168618385086,81.54074999999999,80.05191833080565,80.09196431296212,0.11910007979705346,0.11910007979705346,1614.8409559626975,-1659.4768829231841,180.11391287099354,0.0,-1839.5907957941777,-1.139177693630822,192.32768671470737,-197.64382917751655,21.451581395494866,0.0,-219.0954105730114,-1.1391776936308209,10.725743968223261,0.0
B2-000183,1810.HK,1810.HK|swing|2023-03-12T16:00:00Z,HKD,2023-03-14T01:30:00Z,2023-05-15T08:00:00Z,tiempo,40,5113.9957223737065,11.505749999999999,11.114439885616303,10.61714254106794,0.11910007979705346,0.11706175007316359,4544.334743847919,-2001.1582510797878,115.67955431432276,0.0,-2116.8378053941105,-0.4658190746753125,541.2306306168097,-354.195134220051,13.661587122893504,0.0,-367.85672134294447,-0.6796672260099528,6.830706720339033,-115.85702682991666
B2-000184,IFX.DE,IFX.DE|swing|2023-03-12T23:00:00Z,EUR,2023-03-14T08:00:00Z,2023-04-27T15:30:00Z,stop,30,214.28133997266235,34.42220127868652,31.898327699933734,31.91428484235491,1.0,1.0,537.399694516602,-540.8190123767462,14.211251817234533,0.0,-555.0302641939807,-1.0328071821723634,537.399694516602,-540.8190123767462,14.211251817234533,0.0,-555.0302641939807,-1.0328071821723634,7.105492480236597,0.0
B2-000185,MRVL,MRVL|swing|2023-03-13T04:00:00Z,USD,2023-03-14T13:30:00Z,2023-05-10T20:00:00Z,tiempo,40,105.59238126680944,38.93945816802978,40.4097853050232,33.521430424281526,0.9340556697179152,0.9132420091324202,572.102451232017,155.2553436363454,8.378675570039501,6.335542876008566,153.21221094231447,0.2678055488354813,534.3755382327826,56.205963228875596,7.737338250173725,5.791172647174192,54.25979762587606,0.10153870030300605,3.8686841437476973,-88.81117074865637
B2-000186,CRM,CRM|swing|2023-03-13T04:00:00Z,USD,2023-03-14T13:30:00Z,2023-05-10T20:00:00Z,objetivo,40,33.944023695175844,180.09,205.3258510151591,163.23570905412947,0.9340556697179152,0.9132420091324202,572.102451232017,856.6063248264874,13.082564779354923,0.0,843.5237600471324,1.474427802626282,534.3755382327826,655.0554063176202,12.074781218505587,0.0,642.9806250991146,1.2032373847528588,6.037555882493011,-145.0625881027861
B2-000187,MBG.DE,MBG.DE|swing|2023-03-19T23:00:00Z,EUR,2023-03-21T08:00:00Z,2023-05-04T15:30:00Z,stop,29,108.07626277750974,70.20508316802979,65.07744778878349,65.11000279017857,1.0,1.0,550.6572457891818,-554.175668674679,14.620830364895149,561.9965664430507,-6.799932596523377,-0.012348757141618942,550.6572457891818,-554.175668674679,14.620830364895149,561.9965664430507,-6.799932596523377,-0.012348757141618942,7.3102784660994615,0.0
B2-000188,ENI.MI,ENI.MI|swing|2023-03-21T23:00:00Z,EUR,2023-03-23T08:00:00Z,2023-05-23T15:30:00Z,tiempo,40,715.1629037116712,12.446219580173493,13.357318320274354,11.66485663822719,1.0,1.0,558.8017904150113,651.5840205385773,18.45373309091844,157.33583881656767,790.4661262642264,1.4145733600408876,558.8017904150113,651.5840205385773,18.45373309091844,157.33583881656767,790.4661262642264,1.4145733600408876,9.227031748221684,0.0
B2-000189,TTE.PA,TTE.PA|swing|2023-04-18T22:00:00Z,EUR,2023-04-20T07:00:00Z,2023-05-02T15:30:00Z,stop,7,194.21379841911295,57.99898622131347,55.76353244318282,55.79142815726144,1.0,1.0,428.7382368502882,-434.15596944111144,22.094250867557058,0.0,-456.2502203086685,-1.0641696520014081,428.7382368502882,-434.15596944111144,22.094250867557058,0.0,-456.2502203086685,-1.0641696520014081,11.04701965653918,0.0
B2-000190,TSLA,TSLA|swing|2023-04-20T04:00:00Z,USD,2023-04-21T13:30:00Z,2023-06-01T20:00:00Z,objetivo,28,30.907130179098186,164.8824030532837,206.28477026653292,145.1857147216797,0.9137426900584795,0.9348415443582312,608.7681103620093,1279.6283531827203,11.471712144003472,0.0,1268.1566410387168,2.0831522207768014,556.2574107839997,1303.7703913506075,10.616712451676587,0.0,1293.1536788989308,2.3247396867510233,5.308683495606588,134.51933763832722
B2-000191,AMAT,AMAT|swing|2023-04-24T04:00:00Z,USD,2023-04-25T13:30:00Z,2023-05-18T20:00:00Z,objetivo,17,107.92573140469767,112.55624999999999,130.67329549901828,107.09160818372455,0.9089256498818397,0.9248127254231019,589.775464886223,1955.2953863737348,26.250726597213742,0.0,1929.044659776521,3.2708119863017093,536.0620477060743,2001.2737307565876,24.084014333228872,0.0,1977.1897164233587,3.688359817458039,12.04251049567353,224.05560098587867
B2-000192,6758.T,6758.T|swing|2023-04-24T15:00:00Z,JPY,2023-04-26T00:00:00Z,2023-05-18T00:00:00Z,objetivo,13,655.6308180127543,2441.22,2650.674,2397.714285714286,0.006760868095463458,0.0067426336727125615,28523.687045371855,137324.49735604355,3338.4026284542356,0.0,133986.0947275893,4.697362389177152,192.8448857100389,896.7438740106392,22.5388108816382,0.0,874.205063129001,4.533203252501358,11.269632444194922,-31.688938889391657
B2-000193,7203.T,7203.T|swing|2023-04-24T15:00:00Z,JPY,2023-04-26T00:00:00Z,2023-05-09T06:00:00Z,objetivo,6,891.9649824093228,1794.3967499999999,1905.9483348214287,1758.517857142857,0.006760868095463458,0.00670465973851827,32002.716036187332,99500.10739297785,3300.57823849117,0.0,96199.52915448668,3.005980150113143,216.36614181723573,577.1506929148412,22.219217700542398,0.0,554.9314752142989,2.564779639519796,11.109755915382227,-95.55640865353047
B2-000194,7011.T,7011.T|swing|2023-04-25T15:00:00Z,JPY,2023-04-27T00:00:00Z,2023-05-10T06:00:00Z,objetivo,6,3149.9063124729246,502.75124999999997,538.5734065192087,490.1285661969866,0.006771856165775039,0.0067581266472933705,39760.27139146161,112836.43694624862,3280.0751089035552,0.0,109556.36183734506,2.7554228883073453,269.2508389751582,740.8206003708349,22.188905329546067,0.0,718.6316950412888,2.669004478413498,11.094640643582865,-23.291520887706014
B2-000195,AMD,AMD|swing|2023-04-26T04:00:00Z,USD,2023-04-27T13:30:00Z,2023-05-16T20:00:00Z,objetivo,13,94.13826764485437,86.45320866394043,100.05182852074078,80.13000161307198,0.9058791557206268,0.9190331770976932,595.2557577284841,1280.150515680103,17.557261107605036,0.0,1262.593254572498,2.1210937285018394,539.2297832489212,1283.5555259302628,16.028650726514492,0.0,1267.5268752037482,2.350624751412568,8.014648255800038,123.89385759064531
B2-000196,6857.T,6857.T|swing|2023-04-26T15:00:00Z,JPY,2023-04-28T00:00:00Z,2023-05-16T06:00:00Z,objetivo,9,328.5581669709804,2671.335,3140.8395089285714,2430.3571428571427,0.0067953248165262305,0.006749915626054674,79175.24302345199,154259.54083818168,1909.6374027690294,0.0,152349.90343541265,1.9242113774161207,538.0214937717585,1001.3837413306759,12.929746488890121,0.0,988.4539948417857,1.8372016848477644,6.465125206661748,-46.85994471296174
B2-000197,9988.HK,9988.HK|swing|2023-05-01T16:00:00Z,HKD,2023-05-03T01:30:00Z,2023-05-31T08:00:00Z,stop,19,1154.8824301068194,80.14004847335815,77.33452607175282,77.37321267809186,0.11617775196049956,0.1188241165426935,3195.370046943666,-3240.0485288850837,181.86461933069523,0.0,-3421.913148215779,-1.070897297634995,371.23090873583106,-140.06868548904254,21.364975503831936,0.0,-161.43366099287448,-0.4348605064772533,10.682455405357157,236.3528688397512
B2-000198,BBVA.MC,BBVA.MC|swing|2023-05-03T22:00:00Z,EUR,2023-05-05T07:00:00Z,2023-06-30T15:30:00Z,tiempo,40,1072.2633059893876,6.241118916034698,7.028484064817429,5.741428511483329,1.0,1.0,535.799685155426,844.2627574545976,14.228508361415134,0.0,830.0342490931824,1.5491503113750509,535.799685155426,844.2627574545976,14.228508361415134,0.0,830.0342490931824,1.5491503113750509,7.114467025012361,0.0
B2-000199,AIR.PA,AIR.PA|swing|2023-05-07T22:00:00Z,EUR,2023-05-09T07:00:00Z,2023-07-04T15:30:00Z,tiempo,40,91.27820589060379,121.04049335861205,131.25434732055666,115.92000252859933,1.0,1.0,467.3892162428504,932.3022648749392,23.029020412650244,0.0,909.273244462289,1.945430516714875,467.3892162428504,932.3022648749392,23.029020412650244,0.0,909.273244462289,1.945430516714875,11.514746160575346,0.0
B2-000200,RACE.MI,RACE.MI|swing|2023-05-08T22:00:00Z,EUR,2023-05-10T07:00:00Z,2023-06-29T15:30:00Z,objetivo,36,41.03488374446044,269.33461221313473,295.41561461945946,259.37141854422435,1.0,1.0,408.8384939272816,1070.2309016825282,23.174459902733165,0.0,1047.056441779795,2.561051508926727,408.8384939272816,1070.2309016825282,23.174459902733165,0.0,1047.056441779795,2.561051508926727,11.587500405964596,0.0
B2-000201,6501.T,6501.T|swing|2023-05-09T15:00:00Z,JPY,2023-05-11T00:00:00Z,2023-06-06T06:00:00Z,objetivo,18,1054.2573945528616,1559.9795511474608,1718.108408291953,1495.6285226004463,0.00674854906195168,0.006668444918644972,67842.54769277232,166708.51693677405,3455.948471233703,0.0,163252.56846554033,2.406344897376733,457.8387615924708,979.945688327294,23.17754289643182,0.0,956.7681454308621,2.089749111899127,11.589019331890864,-145.09491726572867
B2-000202,NVDA,NVDA|swing|2023-05-12T04:00:00Z,USD,2023-05-15T13:30:00Z,2023-05-25T13:30:00Z,objetivo,8,321.4675685508661,28.522253419876098,38.50373731040955,26.60114315577916,0.9181050312155711,0.9272137227630969,617.5746455173551,3208.7233568194274,21.54668226977782,0.0,3187.1766745496498,5.160795861170249,566.9983892006566,3058.6897346681117,19.894862074879633,0.0,3038.794872593232,5.359441808780562,9.948198196922096,112.74467699327953
B2-000203,PLTR,PLTR|swing|2023-05-15T04:00:00Z,USD,2023-05-16T13:30:00Z,2023-05-19T13:30:00Z,objetivo,3,699.0616853158512,9.404699618339539,11.964015266895295,8.518000398363386,0.9194556822361163,0.9248127254231019,619.8574510847801,1789.1195105346178,14.938049840706178,0.0,1774.1814606939117,2.862241080733981,569.9314555762966,1689.8201844658631,13.779678891868915,0.0,1676.040505573994,2.940775577791605,6.8902636235459465,44.804084305309416
B2-000204,6857.T,6857.T|swing|2023-05-15T15:00:00Z,JPY,2023-05-17T00:00:00Z,2023-05-25T00:00:00Z,objetivo,6,308.5380891324952,3239.1187499999996,3795.60125,2964.6428571428573,0.00676178240584218,0.006697923643670461,84686.26749507818,171696.04718567393,2170.479066382147,0.0,169525.5681192918,2.00180705955832,572.6301135646642,1086.1871092418162,14.601522961540638,0.0,1071.5855862802755,1.8713399119190173,7.301034852805245,-74.78420177092312
B2-000205,7203.T,7203.T|swing|2023-05-16T15:00:00Z,JPY,2023-05-18T00:00:00Z,2023-05-23T06:00:00Z,stop,3,891.7097588531678,1945.9724999999999,1865.7095357142857,1866.642857142857,0.0067426336727125615,0.0066827051590483836,70739.01670205068,-71571.26852805457,3398.9140688917378,0.0,-74970.18259694631,-1.0598137504895933,476.9672759898232,-582.2801994145137,22.817931097327392,0.0,-605.0981305118411,-1.2686365731404008,11.408822830818442,-99.70135423849949
B2-000206,6758.T,6758.T|swing|2023-05-17T15:00:00Z,JPY,2023-05-19T00:00:00Z,2023-05-24T06:00:00Z,stop,3,636.2839687445916,2760.3795,2618.1188571428575,2619.4285714285716,0.006707807888382076,0.006702412868632708,89684.81622966393,-90518.1664332996,3422.2522805691233,0.0,-93940.41871386873,-1.0474506461975357,601.5885177734366,-616.1658565158698,22.94682345796241,0.0,-639.1126799738322,-1.0623751303287465,11.473260555831487,-8.987385672702919
B2-000207,NOW,NOW|swing|2023-05-18T04:00:00Z,USD,2023-05-19T13:30:00Z,2023-06-15T20:00:00Z,objetivo,18,119.35591154984249,102.05099999999999,115.11523769824846,96.64370836530414,0.9248127254231019,0.9242998428690267,645.3922220749613,1559.293999178263,25.920074258324213,0.0,1533.3739249199389,2.375879151425286,596.8669398640168,1435.0080888277957,23.96416767372186,0.0,1411.0439211540738,2.3640845671156616,11.982445584492357,-7.046844288140732
B2-000208,BSP.DE,BSP.DE|swing|2023-05-21T22:00:00Z,EUR,2023-05-23T07:00:00Z,2023-05-23T15:30:00Z,stop,0,1036.2709410973332,11.480737881660461,11.108015062264034,11.113571848188128,1.0,1.0,380.4834910453499,-386.2418268243874,23.408068271415793,0.0,-409.6498950958032,-1.0766561617964574,380.4834910453499,-386.2418268243874,23.408068271415793,0.0,-409.6498950958032,-1.0766561617964574,11.70394050123647,0.0
B2-000209,7011.T,7011.T|swing|2023-05-22T15:00:00Z,JPY,2023-05-24T00:00:00Z,2023-06-06T06:00:00Z,objetivo,9,3054.680076155638,574.8872755737304,646.6471300792695,546.7428588867188,0.006702412868632708,0.006668444918644972,85972.1889088369,219203.3978258974,3731.396811286838,0.0,215472.00101461058,2.506298882806073,576.2211052871106,1402.094779273967,24.942265110781612,0.0,1377.1525141631855,2.389972358747601,12.471486196955745,-67.09689516234087
B2-000210,ASML.AS,ASML.AS|swing|2023-05-22T22:00:00Z,EUR,2023-05-24T07:00:00Z,2023-05-30T15:30:00Z,objetivo,4,18.618625125593365,631.5156122131348,693.5709449481965,610.8285522460938,1.0,1.0,385.16461447700664,1155.3849772380763,24.671289866749973,0.0,1130.7136873713264,2.9356634666625823,385.16461447700664,1155.3849772380763,24.671289866749973,0.0,1130.7136873713264,2.9356634666625823,12.33593686360229,0.0
B2-000211,RRU.DE,RRU.DE|swing|2023-05-22T22:00:00Z,EUR,2023-05-24T07:00:00Z,2023-07-19T15:30:00Z,tiempo,40,4373.01848419677,1.7328659933209418,1.6796597805023195,1.5984285048076086,1.0,1.0,587.8976222377973,-232.67175212994275,14.923038286727008,0.0,-247.59479041666975,-0.4211529032456619,587.8976222377973,-232.67175212994275,14.923038286727008,0.0,-247.59479041666975,-0.4211529032456619,7.461462840790211,0.0
B2-000212,ADYEN.AS,ADYEN.AS|swing|2023-05-23T22:00:00Z,EUR,2023-05-25T07:00:00Z,2023-06-15T15:30:00Z,objetivo,15,5.40628611090873,1487.7434999999998,1656.451877319336,1379.6285400390625,1.0,1.0,584.5004064182689,912.085757095477,16.99841979838496,0.0,895.0873372970921,1.5313716251833827,584.5004064182689,912.085757095477,16.99841979838496,0.0,895.0873372970921,1.5313716251833827,8.499440045490072,0.0
B2-000213,NFLX,NFLX|swing|2023-05-24T04:00:00Z,USD,2023-05-25T13:30:00Z,2023-06-07T20:00:00Z,objetivo,8,356.4928538667418,35.97897903442382,41.68318660068512,34.34385681152344,0.9272137227630969,0.9330969487729774,582.909387662689,2033.5092343447511,27.68600706473159,0.0,2005.8232272800196,3.441054938783599,540.4815833682791,1972.920983095828,25.75826899458108,0.0,1947.1627141012468,3.6026439642337795,12.879630947442605,87.42331564589759
B2-000214,8035.T,8035.T|swing|2023-05-29T15:00:00Z,JPY,2023-05-31T00:00:00Z,2023-06-09T06:00:00Z,stop,7,69.27347534709538,19699.844999999998,18347.25035714286,18356.428571428572,0.006666222251849877,0.006667555674089879,93063.12484552554,-93698.93164657716,2635.6545222516233,0.0,-96334.58616882878,-1.0351531428665597,620.3794736719256,-622.9231530581696,17.571553574481335,0.0,-640.494706632651,-1.032424078833019,8.78562325285596,1.6947500588047208
B2-000215,V,V|swing|2023-05-30T04:00:00Z,USD,2023-05-31T13:30:00Z,2023-07-11T20:00:00Z,objetivo,27,60.10737684788678,220.0699867172241,240.43123532778876,213.88143048967635,0.9307520476545048,0.91000091000091,371.97788131355003,1223.8612433287203,27.679520492371978,0.0,1196.1817228363484,3.215733469453403,346.21917471477104,839.2223317472335,25.462881349844082,0.0,813.7594503973894,2.3504170474318657,12.731653663417308,-299.8890265259618
B2-000216,6857.T,6857.T|swing|2023-05-31T15:00:00Z,JPY,2023-06-02T00:00:00Z,2023-07-31T06:00:00Z,tiempo,40,206.06095914686674,4482.24,4878.809375,4032.1428571428573,0.006700167504187605,0.006521030322791001,92747.44896640707,81717.46578077348,1928.9468128336773,0.0,79788.5189679398,0.8602772351920863,621.423443661019,367.4283429459868,12.74417438685154,0.0,354.6841685591353,0.5707608429922905,6.372180643556611,-180.0923658029141
B2-000217,EUNL.DE,EUNL.DE|swing|2023-06-04T22:00:00Z,EUR,2023-06-06T07:00:00Z,2023-08-01T15:30:00Z,tiempo,40,167.13806416657872,76.11403439712524,78.90053244018556,74.7757099696568,1.0,1.0,223.68495403391915,465.72988872106174,25.908834618808857,0.0,439.8210541022529,1.9662522944460505,223.68495403391915,465.72988872106174,25.908834618808857,0.0,439.8210541022529,1.9662522944460505,12.954536980508022,0.0
B2-000218,SIE.DE,SIE.DE|swing|2023-06-04T22:00:00Z,EUR,2023-06-06T07:00:00Z,2023-06-28T15:30:00Z,stop,16,80.54728695361652,157.93893061065674,151.04443729836603,151.11999729701452,1.0,1.0,549.246578331515,-555.3327312248696,24.887771998862924,0.0,-580.2205032237325,-1.056393478110158,549.246578331515,-555.3327312248696,24.887771998862924,0.0,-580.2205032237325,-1.056393478110158,12.443750277184733,0.0
B2-000219,6758.T,6758.T|swing|2023-06-06T15:00:00Z,JPY,2023-06-08T00:00:00Z,2023-06-23T06:00:00Z,stop,11,692.4282341952562,2723.361,2606.553214285714,2607.8571428571427,0.006692544505420962,0.006408202499198974,79978.13184416975,-80881.00880240074,3690.5830878100533,0.0,-84571.5918902108,-1.0574339502576904,535.2572068275315,-1054.4947165577692,24.18619660061834,0.0,-1078.6809131583875,-2.015257150019011,12.092837699838629,-513.1949655043587
B2-000220,ASML.AS,ASML.AS|swing|2023-06-07T22:00:00Z,EUR,2023-06-09T07:00:00Z,2023-07-20T15:30:00Z,stop,29,15.60110218211808,668.6341377868652,627.8002355433873,628.1142926897321,1.0,1.0,632.1542437639689,-637.0538813951184,20.225805130735488,0.0,-657.2796865258539,-1.0397457471965754,632.1542437639689,-637.0538813951184,20.225805130735488,0.0,-657.2796865258539,-1.0397457471965754,10.112745830081467,0.0
B2-000221,7203.T,7203.T|swing|2023-06-14T15:00:00Z,JPY,2023-06-16T00:00:00Z,2023-06-23T06:00:00Z,stop,5,664.2195713154416,2351.1749999999997,2200.756214285714,2201.8571428571427,0.006541933795629988,0.006408202499198974,99179.84306116887,-99911.10136493205,3023.4817998102344,0.0,-102934.58316474229,-1.0378578951900306,648.8279671671389,-849.09826043327,19.583931316795347,0.0,-868.6821917500653,-1.338848255174382,9.791755831770203,-195.48644985540778
B2-000222,7011.T,7011.T|swing|2023-06-14T15:00:00Z,JPY,2023-06-16T00:00:00Z,2023-07-11T06:00:00Z,stop,17,2557.0466065308615,688.2439744262695,649.1323724539621,649.4571010044643,0.006541933795629988,0.006421370320426379,99179.84306116887,-100010.18909927417,3419.733649444737,0.0,-103429.9227487189,-1.0428522525986335,648.8279671671389,-854.3787345229885,22.171552434808497,0.0,-876.550286957797,-1.3509748828875567,11.085565394110027,-200.11869854709937
B2-000223,EQQQ.DE,EQQQ.DE|swing|2023-06-21T22:00:00Z,EUR,2023-06-23T07:00:00Z,2023-08-01T07:00:00Z,objetivo,27,37.35797816225321,335.51768110656735,353.27328720092777,325.89285714285717,1.0,1.0,359.56396345181645,663.3135447306864,25.731837952388645,0.0,637.5817067782978,1.7732080285730225,359.56396345181645,663.3135447306864,25.731837952388645,0.0,637.5817067782978,1.7732080285730225,12.866088021100081,0.0
B2-000224,CRWD,CRWD|swing|2023-06-22T04:00:00Z,USD,2023-06-23T13:30:00Z,2023-08-21T20:00:00Z,tiempo,40,290.1435442729503,35.87542691802978,38.455760974884036,33.50289263044085,0.9103322712790168,0.9167583425009168,688.3755071101524,748.667268663894,21.56671430526863,0.0,727.1005543586253,1.0562557017913716,626.65043888043,753.2360907840414,19.704576133209837,0.0,733.5315146508316,1.1705593248468074,9.852478838745425,71.70011566898239
B2-000225,8035.T,8035.T|swing|2023-06-27T15:00:00Z,JPY,2023-06-29T00:00:00Z,2023-08-28T06:00:00Z,tiempo,40,71.11308319559802,20460.225,20944.522500000003,19064.285714285714,0.006336332530731213,0.006339144215530904,99269.54656100362,34439.88840892044,2944.4192536602295,0.0,31495.46915526021,0.3172722173754008,629.004857185424,222.4103917652839,18.66100730756372,0.0,203.74938445772017,0.3239233880791114,9.330561589018295,4.187806485086975
B2-000226,6758.T,6758.T|swing|2023-06-28T15:00:00Z,JPY,2023-06-30T00:00:00Z,2023-07-12T00:00:00Z,stop,8,764.1832894051199,2619.3089999999997,2498.75,2503.285714285714,0.006339546088500063,0.006482141699617553,88663.05612473277,-92129.17318739166,3911.1351619894785,0.0,-96040.30834938114,-1.0832054809194702,562.0835306500112,-311.77039309957894,25.067108364202753,0.0,-336.8375014637817,-0.5992659152888755,12.533479372871694,272.28674641729486
B2-000227,9988.HK,9988.HK|swing|2023-06-29T16:00:00Z,HKD,2023-07-03T01:30:00Z,2023-07-14T01:30:00Z,objetivo,9,912.1669784926705,82.041,94.9525,76.09285627092633,0.11743015841328369,0.11431053600210331,5425.70029298925,11777.443942808119,161.4476261078425,0.0,11615.996316700277,2.1409211142218343,637.1408449087273,1112.828702553375,18.688621903938387,0.0,1094.1400806494366,1.7172656397600377,9.344591495292306,-270.19840535415074
B2-000228,7203.T,7203.T|swing|2023-07-03T15:00:00Z,JPY,2023-07-05T00:00:00Z,2023-07-11T06:00:00Z,stop,4,867.2917152119863,2337.1679999999997,2241.5929285714287,2242.714285714286,0.006355662895640015,0.006421370320426379,81918.9238709997,-82891.4676307934,3971.1214192863417,0.0,-86862.58905007974,-1.060348268085955,520.6490648976719,-399.08743663593134,25.366851847189764,0.0,-424.4542884831211,-0.8152406622809226,12.683329322565694,127.74278855024731
B2-000229,EXSA.DE,EXSA.DE|swing|2023-07-09T22:00:00Z,EUR,2023-07-11T07:00:00Z,2023-07-27T15:30:00Z,objetivo,12,282.75886520130774,44.75236454200744,46.653310564824515,44.10401712145124,1.0,1.0,183.32598089266585,537.5093402206951,25.84576496616723,0.0,511.66357525452787,2.79100415971099,183.32598089266585,537.5093402206951,25.84576496616723,0.0,511.66357525452787,2.79100415971099,12.923020091171118,0.0
B2-000230,ADYEN.AS,ADYEN.AS|swing|2023-07-09T22:00:00Z,EUR,2023-07-11T07:00:00Z,2023-07-31T15:30:00Z,objetivo,14,6.456272320453534,1483.9415511474608,1691.2307983038766,1385.942836216518,1.0,1.0,632.7063906486633,1338.3158287436183,20.499777352432087,0.0,1317.8160513911862,2.0828239936696935,632.7063906486633,1338.3158287436183,20.499777352432087,0.0,1317.8160513911862,2.0828239936696935,10.25022581772879,0.0
B2-000231,7011.T,7011.T|swing|2023-07-10T15:00:00Z,JPY,2023-07-12T00:00:00Z,2023-08-04T06:00:00Z,objetivo,16,2823.7923316018646,650.0248622131347,717.2046419898442,615.3713814871652,0.006482141699617553,0.006400409626216077,97854.23313730577,189701.74697217412,3860.7721895081913,0.0,185840.97478266593,1.8991613221463821,634.3050051034276,1064.1467879950367,24.860545585791222,0.0,1039.2862424092455,1.6384645147798937,12.430541937227177,-165.52681654358938
B2-000232,6501.T,6501.T|swing|2023-07-10T15:00:00Z,JPY,2023-07-12T00:00:00Z,2023-08-02T06:00:00Z,objetivo,14,1111.0454598242236,1761.4802755737303,1925.2137239020212,1702.5428118024554,0.006482141699617553,0.006375518010838381,65482.20153662965,181915.30438651177,4096.084629878743,0.0,177819.219756633,2.715535146709506,424.46490916334767,951.1327135682178,26.323332917705322,0.0,924.8093806505125,2.178765218715916,13.161907532505566,-228.0680667942099
B2-000233,1810.HK,1810.HK|swing|2023-07-12T16:00:00Z,HKD,2023-07-14T01:30:00Z,2023-09-13T08:00:00Z,tiempo,40,7305.195193746163,11.60580038166046,11.9140400762558,10.83857113974435,0.11431053600210331,0.11921935168516554,5604.759370547084,2251.7511354796616,171.8170254708464,0.0,2079.934110008815,0.37110141087213017,640.6830478100483,684.6346495083204,20.067732046127784,0.0,664.5669174621927,1.0372787601198177,10.034039690233692,427.2357702682945
B2-000234,COIN,COIN|swing|2023-07-19T04:00:00Z,USD,2023-07-20T13:30:00Z,2023-07-27T20:00:00Z,stop,5,47.83975682974592,109.31463213729857,94.18716957364765,94.23428671700614,0.8911067545891997,0.898876404494382,721.4400578153625,-723.694130496145,9.735476708266841,0.0,-733.4296072044118,-1.0166189127692127,642.8801085504923,-609.8795301162229,8.71035825170786,0.0,-618.5898883679307,-0.9622165628404198,4.355027744727403,35.009197825449576
B2-000235,6758.T,6758.T|swing|2023-07-19T15:00:00Z,JPY,2023-07-21T00:00:00Z,2023-08-10T00:00:00Z,stop,14,763.8183050613576,2605.3019999999997,2475.7615,2499.0,0.0063959066197633516,0.006355258976803305,81195.41346463219,-98945.40514680049,3881.0093104791295,0.0,-102826.41445727962,-1.2664066856691314,519.3182824728634,-709.7115634116011,24.74570714861865,0.0,-734.4572705602197,-1.4142719317774033,12.372679239586382,-76.86599163801426
B2-000236,7203.T,7203.T|swing|2023-07-26T15:00:00Z,JPY,2023-07-28T00:00:00Z,2023-08-02T06:00:00Z,objetivo,3,880.7214059108054,2289.64425,2509.0216473214286,2242.6428571428573,0.006412311638345624,0.006375518010838381,41395.13279690862,193210.36979398213,4226.287775585166,0.0,188984.08201839696,4.565369628008785,265.4384918044798,1157.6204186139973,27.01896960611758,0.0,1130.6014490078799,4.259372637788619,13.509777585606823,-81.30468426501682
B2-000237,COIN,COIN|swing|2023-07-27T04:00:00Z,USD,2023-07-28T13:30:00Z,2023-08-18T13:30:00Z,stop,15,36.524151653920796,94.84740305328368,72.30382633972168,75.15285818917411,0.898876404494382,0.9174311926605504,719.326543371685,-823.385014707936,6.105056851489431,0.0,-829.4900715594254,-1.1531481483657937,646.5856569633123,-691.1212104878744,5.536691702947962,0.0,-696.6579021908224,-1.0774410082999277,2.768173763214545,49.00015104734911
B2-000238,NFLX,NFLX|swing|2023-07-28T04:00:00Z,USD,2023-07-31T13:30:00Z,2023-09-18T20:00:00Z,stop,34,224.76672087989965,42.67232647705078,39.392150586809436,39.411856515066965,0.9082652134423251,0.9378223764419019,732.8451418825133,-737.2743787588528,18.445363410367598,0.0,-755.7197421692204,-1.0312134160130302,665.617749212092,-407.9402340298291,17.014982371897915,0.0,-424.95521640172706,-0.6384373266860099,8.507391327737428,261.7004369591387
B2-000239,6857.T,6857.T|swing|2023-07-30T15:00:00Z,JPY,2023-08-01T00:00:00Z,2023-08-10T06:00:00Z,stop,7,214.20024298405502,4933.715625,4446.347142857143,4448.571428571428,0.006380399413003254,0.006355258976803305,103918.00475730411,-104394.44729777004,2009.2117240806879,0.0,-106403.65902185072,-1.02391938019164,663.0383765539725,-690.0222388692516,12.795629336313915,0.0,-702.8178682055656,-1.0599957605144066,6.397643762007698,-23.94396860976106
B2-000240,IFX.DE,IFX.DE|swing|2023-07-30T22:00:00Z,EUR,2023-08-01T07:00:00Z,2023-08-03T07:00:00Z,stop,2,290.8853505889413,39.98998622131347,34.9825,37.681428636823384,1.0,1.0,671.525582319159,-1456.604385056062,21.808397939011343,0.0,-1478.4127829950735,-2.201573286142391,671.525582319159,-1456.604385056062,21.808397939011343,0.0,-1478.4127829950735,-2.201573286142391,10.903837544367107,0.0
B2-000241,9988.HK,9988.HK|swing|2023-07-31T16:00:00Z,HKD,2023-08-02T01:30:00Z,2023-08-14T08:00:00Z,stop,8,965.6822066449388,97.69882652664184,91.71126363209316,91.75714220319476,0.11694812181316368,0.1162696059623054,5737.778828654014,-5782.082948433121,182.90995382530403,0.0,-5964.992902258425,-1.0395996570083395,671.0224573904213,-736.2957749965414,21.33088352679243,0.0,-757.6266585233337,-1.129063044282769,10.665260355766577,-60.092034009367566
B2-000242,TTE.PA,TTE.PA|swing|2023-07-31T22:00:00Z,EUR,2023-08-02T07:00:00Z,2023-09-05T15:30:00Z,objetivo,24,244.9898918582507,54.50723954200744,59.91815218482699,52.42000034877232,1.0,1.0,511.35250423297464,1325.6189032188022,28.03306434499514,0.0,1297.585838873807,2.5375564373546524,511.35250423297464,1325.6189032188022,28.03306434499514,0.0,1297.585838873807,2.5375564373546524,14.016867081437978,0.0
B2-000243,IBE.MC,IBE.MC|swing|2023-07-31T22:00:00Z,EUR,2023-08-02T07:00:00Z,2023-08-02T15:30:00Z,stop,0,1201.3546002468402,11.115554656505584,11.00984976454292,11.015357443264552,1.0,1.0,120.3723830590269,-126.98905822794053,26.580456383548395,0.0,-153.56951461148893,-1.2757869430580533,120.3723830590269,-126.98905822794053,26.580456383548395,0.0,-153.56951461148893,-1.2757869430580533,13.29019976705731,0.0
B2-000244,RRU.DE,RRU.DE|swing|2023-07-31T22:00:00Z,EUR,2023-08-02T07:00:00Z,2023-08-31T15:30:00Z,objetivo,21,4184.521669976527,2.1230609790086743,2.5826768103742177,1.9635000569479806,1.0,1.0,667.6861360444085,1923.2724062133934,19.691261752900147,0.0,1903.5811444604933,2.851011937641737,667.6861360444085,1923.2724062133934,19.691261752900147,0.0,1903.5811444604933,2.851011937641737,9.846114156077707,0.0
B2-000245,7203.T,7203.T|swing|2023-08-01T15:00:00Z,JPY,2023-08-03T00:00:00Z,2023-08-09T06:00:00Z,stop,4,832.298020042574,2477.238,2399.0855714285717,2400.285714285714,0.006374298827129016,0.006387735547748323,64047.23503775036,-65046.11156151831,4058.554453586933,0.0,-69104.66601510523,-1.0789640797822724,408.2562151819885,-387.79352469455694,25.897268721279765,0.0,-413.6907934158367,-1.013311685240176,12.948540649391116,26.82982794133323
B2-000246,TSLA,TSLA|swing|2023-08-02T04:00:00Z,USD,2023-08-03T13:30:00Z,2023-08-16T13:30:00Z,stop,9,34.03677784071195,252.16601328277588,227.90599427032473,231.32857186453683,0.9103322712790168,0.9152480322167307,709.2393643214523,-825.732877538248,16.340104268629474,0.0,-842.0729818068775,-1.1872902494808795,645.6434814032337,-713.558815450396,14.913056702226186,0.0,-728.4718721526222,-1.1282881236086675,7.456351825496591,38.13247042875571
B2-000247,ENR.DE,ENR.DE|swing|2023-08-02T22:00:00Z,EUR,2023-08-04T07:00:00Z,2023-08-07T07:00:00Z,stop,1,841.0654409975964,15.662827232837676,14.842575381278992,14.95500019618443,1.0,1.0,595.3288587327839,-689.8854852602994,25.657039902451267,0.0,-715.5425251627507,-1.2019281690557608,595.3288587327839,-689.8854852602994,25.657039902451267,0.0,-715.5425251627507,-1.2019281690557608,12.82835068694077,0.0
B2-000248,ZPRR.DE,ZPRR.DE|swing|2023-08-03T22:00:00Z,EUR,2023-08-07T07:00:00Z,2023-08-15T15:30:00Z,stop,6,258.484742721012,50.72535076332092,49.425987664903914,49.45071302141462,1.0,1.0,329.4744087791408,-335.8655361954963,25.8875929467847,0.0,-361.753129142281,-1.097970341559298,329.4744087791408,-335.8655361954963,25.8875929467847,0.0,-361.753129142281,-1.097970341559298,12.943715742936027,0.0
B2-000249,SIE.DE,SIE.DE|swing|2023-08-07T22:00:00Z,EUR,2023-08-09T07:00:00Z,2023-08-10T07:00:00Z,stop,1,88.18625480455552,147.4736938934326,140.12989694976807,140.64714922223772,1.0,1.0,602.0074078086725,-647.6219485069162,25.362683544803623,0.0,-672.9846320517198,-1.1179009150425687,602.0074078086725,-647.6219485069162,25.362683544803623,0.0,-672.9846320517198,-1.1179009150425687,12.68118303720852,0.0
B2-000250,6501.T,6501.T|swing|2023-08-08T15:00:00Z,JPY,2023-08-10T00:00:00Z,2023-09-06T06:00:00Z,objetivo,18,1116.4618711478754,1819.1090511474608,2027.0842076639449,1738.8571254185267,0.006355258976803305,0.006321112515802782,89598.2151625461,232196.33239666602,4294.128122528927,0.0,227902.2042741371,2.5436020556959145,569.4198612173251,1398.3888451068015,27.21301731750757,0.0,1371.1758277892939,2.4080224824928793,13.606861657678394,-77.27898073791515
B2-000251,IQQT.DE,IQQT.DE|swing|2023-08-08T22:00:00Z,EUR,2023-08-10T07:00:00Z,2023-08-14T15:30:00Z,stop,2,203.80532674251742,62.96146530532837,61.9397277139255,61.970713070460725,1.0,1.0,201.92058294807921,-208.23556366097426,25.45552845381927,0.0,-233.69109211479355,-1.1573416077888585,201.92058294807921,-208.23556366097426,25.45552845381927,0.0,-233.69109211479355,-1.1573416077888585,12.727715349946251,0.0
B2-000252,PLTR,PLTR|swing|2023-08-09T04:00:00Z,USD,2023-08-10T13:30:00Z,2023-10-06T20:00:00Z,tiempo,40,252.67090003879827,15.44771958017349,16.601695610046388,12.663571221487864,0.9117432530999271,0.9467007478935908,703.4732716306403,291.5761620911841,8.09795458182999,0.0,283.4782075093541,0.40296940756861444,641.3870091453687,412.481087202361,7.5298939425440885,0.0,404.9511932598169,0.631367937743865,3.76505103280593,146.6384886509531
B2-000253,CRM,CRM|swing|2023-08-11T04:00:00Z,USD,2023-08-14T13:30:00Z,2023-08-17T20:00:00Z,stop,3,67.21448195552982,208.00394389343262,203.57762351867132,203.67946325029646,0.9087604507451835,0.9174311926605504,290.6677261551131,-297.5128309587876,27.66424183604954,0.0,-325.17707279483716,-1.1187243836672407,264.14733383779816,-151.72297222912093,25.258813802587607,0.0,-176.98178603170854,-0.6700116312375337,12.629372127893934,118.64492213546342
B2-000254,6758.T,6758.T|swing|2023-08-13T15:00:00Z,JPY,2023-08-15T00:00:00Z,2023-08-17T06:00:00Z,stop,2,826.3188452648315,2458.2284999999997,2397.9611339285716,2399.160714285714,0.006301991429291656,0.0062865405167536305,48808.824483778895,-49800.06033929536,4012.7610106949014,0.0,-53812.82134999026,-1.1025223803100277,307.59279357057534,-344.4552349542241,25.257769815677214,0.0,-369.7130047699013,-1.2019560031892387,12.62880195122764,-30.615681517777176
B2-000255,6857.T,6857.T|swing|2023-08-14T15:00:00Z,JPY,2023-08-16T00:00:00Z,2023-09-12T06:00:00Z,stop,19,292.1393721495202,4478.488125,4130.43375,4132.5,0.006287726358148894,0.006362942224484602,101076.75360868969,-101680.38658639358,2515.0050314467708,0.0,-104195.39161784035,-1.0308541568442553,635.5429678614795,-548.5782948897925,15.904423579061191,0.0,-564.4827184688537,-0.8881897007975175,7.952076632975492,90.7601519562441
B2-000256,INTC,INTC|swing|2023-08-15T04:00:00Z,USD,2023-08-16T13:30:00Z,2023-08-17T20:00:00Z,stop,1,343.4193251216831,34.53726045799255,32.50659623718262,32.522857666015625,0.9152480322167307,0.9174311926605504,691.7848473439504,-697.3693362592952,23.02415601981189,0.0,-720.3934922791071,-1.0413548302553852,633.1547202489021,-613.8944339770418,21.097184969346394,0.0,-634.9916189463881,-1.0029011845584346,10.548441648173664,24.371478762566458
B2-000257,IQQK.DE,IQQK.DE|swing|2023-08-15T22:00:00Z,EUR,2023-08-17T07:00:00Z,2023-08-18T15:30:00Z,stop,1,322.908639173323,38.91945152664184,38.635850753375465,38.65517834254673,1.0,1.0,85.33609424615305,-91.5771397639485,25.043277119916105,0.0,-116.6204168838646,-1.366601294728483,85.33609424615305,-91.5771397639485,25.043277119916105,0.0,-116.6204168838646,-1.366601294728483,12.521618796075606,0.0
B2-000258,7203.T,7203.T|swing|2023-08-16T15:00:00Z,JPY,2023-08-18T00:00:00Z,2023-09-13T06:00:00Z,objetivo,18,842.4429647184298,2349.67425,2674.2559531250004,2254.5,0.0062940584088620345,0.006352432981832042,80178.87733485305,273441.5722739825,4232.374654859089,0.0,269209.19761912344,3.35760747178859,504.65053710254944,1852.5697763736275,26.770325834940508,0.0,1825.799450538687,3.617948097353691,13.385629406319925,131.51254907011122
B2-000259,7011.T,7011.T|swing|2023-08-16T15:00:00Z,JPY,2023-08-18T00:00:00Z,2023-09-05T06:00:00Z,objetivo,12,2102.568972601274,745.4725255737304,858.5018109555926,698.3999546595982,0.0062940584088620345,0.006324710644488014,98973.32706462767,237651.86843919824,3372.4666728352686,0.0,234279.40176636298,2.367096355297656,622.9439014641721,1551.1238430139413,21.28183132284822,0.0,1529.8420116910931,2.4558262920550966,10.641306102709475,55.32910208243136
B2-000260,6758.T,6758.T|swing|2023-08-17T15:00:00Z,JPY,2023-08-21T00:00:00Z,2023-08-25T00:00:00Z,stop,4,822.9826209026993,2401.2,2358.82,2364.5178571428573,0.006324710644488014,0.006330716637123322,30188.76606889835,-34878.003473856115,3917.413735149267,0.0,-38795.41720900538,-1.2850944990750697,190.93521009991997,-208.93403932420657,24.788167590067502,0.0,-233.72220691427407,-1.2240917052017952,12.394034660030783,11.659240505381435
B2-000261,9988.HK,9988.HK|swing|2023-08-20T16:00:00Z,HKD,2023-08-22T01:30:00Z,2023-10-19T08:00:00Z,stop,39,807.4974650420854,86.39317347335815,79.73867952837263,79.77856881277901,0.11697548193898559,0.12093799508991739,5341.2764956732135,-5373.486991713712,134.15105016164196,0.0,-5507.638041875354,-1.0311464022386605,624.7983922507502,-373.4248367456866,15.947525139081995,0.0,-389.3723618847686,-0.6231968051039765,7.973671206748449,255.14139380289538
B2-000262,ADYEN.AS,ADYEN.AS|swing|2023-08-20T22:00:00Z,EUR,2023-08-22T07:00:00Z,2023-10-17T15:30:00Z,tiempo,40,3.3896883759960574,806.4029999999999,718.7404255981446,619.8714599609375,1.0,1.0,632.283793027053,-297.14880945985846,5.169760941476838,0.0,-302.3185704013353,-0.47813746570031135,632.283793027053,-297.14880945985846,5.169760941476838,0.0,-302.3185704013353,-0.47813746570031135,2.5848068297371727,0.0
B2-000263,0700.HK,0700.HK|swing|2023-08-23T16:00:00Z,HKD,2023-08-25T01:30:00Z,2023-09-19T08:00:00Z,stop,15,337.4146644294503,322.76130610656736,310.0163576725551,310.1714433942522,0.11763460339493466,0.11992420790060682,4248.004302288666,-4300.332499032894,213.50846308248413,0.0,-4513.840962115378,-1.062579187992698,499.71230131970333,-266.36596878652153,25.355485315373627,0.0,-291.7214541018952,-0.5837788129919562,12.6776792356127,239.50193920355952
B2-000264,PANW,PANW|swing|2023-08-25T04:00:00Z,USD,2023-08-28T13:30:00Z,2023-10-24T20:00:00Z,tiempo,40,76.48122097820058,115.44269463729857,125.97198616027833,106.42071206229073,0.9252405625462621,0.9405568096313018,690.0122429806497,805.2930717129093,18.463689549461236,0.0,786.829382163448,1.1403122048452021,638.4273158592244,892.6540641378795,17.230918754874676,0.0,875.4231453830048,1.371218185119195,8.615684694872751,147.56424945162013
B2-000265,8035.T,8035.T|swing|2023-08-30T15:00:00Z,JPY,2023-09-01T00:00:00Z,2023-09-11T06:00:00Z,stop,6,96.56392844753952,21485.7375,20444.772500000003,20455.0,0.006309546343617894,0.0063355296502787635,99532.0621981957,-100519.66977639265,4048.9747674088408,0.0,-104568.64454380149,-1.0506026122072762,628.0021591153744,-582.936555080088,25.598490898924794,0.0,-608.5350459790128,-0.9690015187785601,12.799102915097219,51.29695981922905
B2-000266,RRU.DE,RRU.DE|swing|2023-09-03T22:00:00Z,EUR,2023-09-05T07:00:00Z,2023-10-06T15:30:00Z,stop,23,3393.720876266708,2.559279087781906,2.3611045392921994,2.362285682133266,1.0,1.0,668.5406332366655,-672.5491023542455,16.698408634442295,0.0,-689.2475109886878,-1.0309732523687787,668.5406332366655,-672.5491023542455,16.698408634442295,0.0,-689.2475109886878,-1.0309732523687787,8.349038267203335,0.0
B2-000267,7011.T,7011.T|swing|2023-09-04T15:00:00Z,JPY,2023-09-06T00:00:00Z,2023-09-12T06:00:00Z,stop,4,2309.657299445892,869.2343877868652,823.1453503417969,823.55712890625,0.006321112515802782,0.006362942224484602,105498.81439229265,-106449.88175943718,3908.8172156031915,0.0,-110358.69897504037,-1.0460657743951174,666.8698760574757,-593.3557209573277,24.787599382472692,0.0,-618.1433203398003,-0.926932438445494,12.39365445071968,79.52595893797643
B2-000268,EUNN.DE,EUNN.DE|swing|2023-09-04T22:00:00Z,EUR,2023-09-06T07:00:00Z,2023-10-02T07:00:00Z,stop,18,294.3215897391442,45.742861221313476,44.54571679306031,44.641140529087615,1.0,1.0,324.2601855844258,-352.3454512708312,26.573877816477236,0.0,-378.9193290873084,-1.1685656948736043,324.2601855844258,-352.3454512708312,26.573877816477236,0.0,-378.9193290873084,-1.1685656948736043,13.286854143587561,0.0
B2-000269,COIN,COIN|swing|2023-09-05T04:00:00Z,USD,2023-09-06T13:30:00Z,2023-11-01T20:00:00Z,tiempo,40,82.33593802306582,77.41868725204468,77.77109255981446,68.6414304460798,0.9318796011555307,0.9490367277213627,722.6836723884572,29.015621579532514,12.777696092402467,0.0,16.23792548713005,0.022468925350788652,673.4541723869697,136.90225274927076,12.01713752515905,0.0,124.8851152241117,0.1854396636692781,6.008604490293027,109.8631868844563
B2-000270,IFX.DE,IFX.DE|swing|2023-09-07T22:00:00Z,EUR,2023-09-11T07:00:00Z,2023-09-18T15:30:00Z,stop,5,410.48639130553124,32.346166831970216,31.247939885241646,31.263571671077184,1.0,1.0,444.3905808398116,-450.8072161971025,26.104515374647143,0.0,-476.9117315717496,-1.0731814582354093,444.3905808398116,-450.8072161971025,26.104515374647143,0.0,-476.9117315717496,-1.0731814582354093,13.052148248556612,0.0
B2-000271,ITX.MC,ITX.MC|swing|2023-09-10T22:00:00Z,EUR,2023-09-12T07:00:00Z,2023-09-13T15:30:00Z,stop,1,367.07100931306667,36.018,34.579843784604755,34.597142355782644,1.0,1.0,521.5556495530512,-527.9054535349931,25.914421773341076,0.0,-553.8198753083341,-1.0618615209765856,521.5556495530512,-527.9054535349931,25.914421773341076,0.0,-553.8198753083341,-1.0618615209765856,12.957082149577179,0.0
B2-000272,AIR.PA,AIR.PA|swing|2023-09-11T22:00:00Z,EUR,2023-09-13T07:00:00Z,2023-09-22T07:00:00Z,stop,7,101.09675121610209,130.50522244262694,124.6176603050232,125.32571411132812,1.0,1.0,523.6314651910449,-595.2134046946687,25.79209460667397,0.0,-621.0054993013428,-1.1859590963938185,523.6314651910449,-595.2134046946687,25.79209460667397,0.0,-621.0054993013428,-1.1859590963938185,12.895901723960403,0.0
B2-000273,GOOGL,GOOGL|swing|2023-09-12T04:00:00Z,USD,2023-09-13T13:30:00Z,2023-09-25T20:00:00Z,stop,8,104.46713066047653,135.15754133605955,129.5137803998675,129.57856968470983,0.9334453467749464,0.9404683532399135,582.8191604526455,-589.5875111376685,27.649453549868113,0.0,-617.2369646875366,-1.0590540026312116,544.0298333358028,-455.32691172250367,25.90427456405999,0.0,-481.2311862865637,-0.8845676409615636,12.952026688304876,95.02080706557405
B2-000274,7203.T,7203.T|swing|2023-09-12T15:00:00Z,JPY,2023-09-14T00:00:00Z,2023-10-03T06:00:00Z,stop,12,760.2280035949582,2716.8577499999997,2606.1248571428573,2607.4285714285716,0.006317917614354309,0.00634236062662523,83191.12596039296,-84182.24606907975,4046.6804405989,22806.840107848744,-65422.086401829896,-0.7864070313578536,525.5946800631348,-483.42879925954935,25.615021331319046,145.0816800753737,-363.9621405154947,-0.6924768349477497,12.807393010306196,48.427695996197585
B2-000275,6758.T,6758.T|swing|2023-09-14T15:00:00Z,JPY,2023-09-19T00:00:00Z,2023-09-21T00:00:00Z,stop,2,793.0019860230127,2585.292,2493.7525,2498.5714285714284,0.0063516260162601625,0.006317917614354309,68769.58537190771,-72591.00529955346,4027.6923755992593,0.0,-76618.69767515273,-1.1141363912665287,436.7986875756333,-527.7309910913494,25.515735605064727,0.0,-553.2467266964142,-1.266594297174067,12.757739059218661,-66.66007328422734
B2-000276,7011.T,7011.T|swing|2023-09-14T15:00:00Z,JPY,2023-09-19T00:00:00Z,2023-10-02T06:00:00Z,stop,9,1910.6521648305243,872.4359999999999,818.3762952837263,818.7856881277902,0.0063516260162601625,0.006325110689437066,102507.0845224703,-103289.29184624703,3230.5541723059196,15285.217318644194,-91234.62869990875,-0.890032421904551,651.0866649039017,-697.5151784756017,20.477811702572204,97.23420686160429,-620.7587833165696,-0.9534195933934412,10.238734032173607,-41.46022518389041
B2-000277,QCOM,QCOM|swing|2023-09-18T04:00:00Z,USD,2023-09-19T13:30:00Z,2023-10-25T20:00:00Z,stop,26,123.85457765591822,112.2560969467163,106.6238061594282,106.67714473179409,0.9378223764419019,0.94553706505295,690.97877034174,-697.5849966948866,27.10927795657983,0.0,-724.6942746514665,-1.048793835291136,648.0153524727938,-552.3318259325539,25.525566470301825,0.0,-577.8573924028557,-0.8917341081469461,12.762648342854202,101.87899343806143
B2-000278,6501.T,6501.T|swing|2023-09-19T15:00:00Z,JPY,2023-09-21T00:00:00Z,2023-09-29T06:00:00Z,stop,6,1017.3077713359479,1986.1925511474608,1906.303521257673,1907.2571498325892,0.006317917614354309,0.006356066865823428,80301.59719114065,-81271.73095137086,3959.866504352397,16276.924341375166,-68954.67311434809,-0.8586961595572793,507.33887535469205,-439.48535684808604,25.09209308201828,103.54277570849344,-361.0346742216109,-0.7116243043058812,12.54593980615292,73.98274367864379
B2-000279,EXSA.DE,EXSA.DE|swing|2023-09-20T22:00:00Z,EUR,2023-09-22T07:00:00Z,2023-09-26T15:30:00Z,stop,2,281.3522030302374,44.67732627868652,44.07580752526011,44.09785645348685,1.0,1.0,163.0351119094747,-169.238626440523,24.97088972157782,0.0,-194.20951616210084,-1.1912128245720206,163.0351119094747,-169.238626440523,24.97088972157782,0.0,-194.20951616210084,-1.1912128245720206,12.485405672481706,0.0
B2-000280,6857.T,6857.T|swing|2023-09-24T15:00:00Z,JPY,2023-09-26T00:00:00Z,2023-10-31T06:00:00Z,stop,24,365.2441515906818,4099.54875,3826.991796875,3828.90625,0.006325910931174089,0.006297229219143576,98850.59029688107,-99549.83310428179,2895.1225770924984,5935.217463348579,-96509.7382180257,-0.976319290842624,625.3200297120513,-669.8342836326424,18.274196651316622,37.75583628084338,-650.3526440031156,-1.0400316847400384,9.136933151320314,-40.090906201710105
B2-000281,8035.T,8035.T|swing|2023-09-25T15:00:00Z,JPY,2023-09-27T00:00:00Z,2023-11-13T06:00:00Z,objetivo,31,98.7944085469927,19839.914999999997,23160.24444196429,19080.803571428572,0.006334325711028061,0.006181615874389565,74995.9646069766,328029.9834000285,4248.175319495245,14621.57246495492,338403.38054548815,4.512287858672435,475.0488668333224,1728.4329757242297,26.559910369118903,93.01254748699058,1794.8856128421014,3.778317849291623,13.28039061289834,-349.41578211467896
B2-000282,BBVA.MC,BBVA.MC|swing|2023-09-27T22:00:00Z,EUR,2023-09-29T07:00:00Z,2023-10-24T15:30:00Z,stop,17,1646.0698763719836,7.681838973283767,7.375453530277525,7.379143101828439,1.0,1.0,498.25855570478205,-504.33184829146023,24.785355609833932,263.3711802195174,-265.74602368177676,-0.5333496447559872,498.25855570478205,-504.33184829146023,24.785355609833932,263.3711802195174,-265.74602368177676,-0.5333496447559872,12.39255482009219,0.0
B2-000283,QDV5.DE,QDV5.DE|swing|2023-09-28T22:00:00Z,EUR,2023-10-02T07:00:00Z,2023-10-23T15:30:00Z,stop,15,1736.181173474733,7.277637167930602,7.131146837609156,7.1347141947065085,1.0,1.0,248.14017536870494,-254.3337536001905,25.01625952308198,0.0,-279.3500131232725,-1.1257750290060595,248.14017536870494,-254.3337536001905,25.01625952308198,0.0,-279.3500131232725,-1.1257750290060595,12.508069305117903,0.0
B2-000284,ITX.MC,ITX.MC|swing|2023-09-28T22:00:00Z,EUR,2023-10-02T07:00:00Z,2023-10-16T15:30:00Z,stop,10,358.0658345153933,35.28763545799255,33.84164299256461,33.85857227870396,1.0,1.0,511.6986998671902,-517.760498836427,24.752832777845743,0.0,-542.5133316142727,-1.0602202658616884,511.6986998671902,-517.760498836427,24.752832777845743,0.0,-542.5133316142727,-1.0602202658616884,12.376290042869329,0.0
B2-000285,EXH1.DE,EXH1.DE|swing|2023-10-01T22:00:00Z,EUR,2023-10-03T07:00:00Z,2023-10-04T15:30:00Z,stop,1,346.6998378607034,36.34316326332092,35.333038100651336,35.350713457380024,1.0,1.0,344.08218680459424,-350.21023011656047,24.85012739136031,0.0,-375.0603575079208,-1.0900313119694254,344.08218680459424,-350.21023011656047,24.85012739136031,0.0,-375.0603575079208,-1.0900313119694254,12.424979249364938,0.0
B2-000286,7203.T,7203.T|swing|2023-10-03T15:00:00Z,JPY,2023-10-05T00:00:00Z,2023-11-06T06:00:00Z,objetivo,20,462.7948571861369,2529.2639999999997,2857.713285714286,2320.9285714285716,0.006390593047034765,0.006255082254331645,96416.5649125267,152004.64027503182,2493.0653836071065,0.0,149511.5748914247,1.5506834850118143,616.1590293489692,792.1820294128742,15.752948538436868,0.0,776.4290808744373,1.2601115035103985,7.876674283893028,-179.21776784576494
B2-000287,1810.HK,1810.HK|swing|2023-10-05T16:00:00Z,HKD,2023-10-09T01:30:00Z,2023-10-19T08:00:00Z,objetivo,8,6192.4506082671705,12.006,13.600338085706746,11.171429225376674,0.12087805821487284,0.12093799508991739,5168.038300958223,9872.85984861825,158.56598385432955,0.0,9714.293864763922,1.8796868945345786,624.7024345999206,1198.459976492394,19.17219607620607,0.0,1179.2877804161878,1.8877592195897899,9.58640004969629,5.047848963835804
B2-000288,APP,APP|swing|2023-10-06T04:00:00Z,USD,2023-10-09T13:30:00Z,2023-10-23T13:30:00Z,stop,10,250.9421845516031,39.72985408401489,37.03147423744202,37.103143964494976,0.9467007478935908,0.9441979038806535,659.1523755761295,-677.1373334490155,19.26265541806924,0.0,-696.3999888670847,-1.0565083502253922,624.0200469337589,-664.3047463355693,18.212711964369966,0.0,-682.5174582999393,-1.093742839919356,9.106192182544945,-23.258326332715026
B2-000289,7011.T,7011.T|swing|2023-10-15T15:00:00Z,JPY,2023-10-17T00:00:00Z,2023-10-24T06:00:00Z,stop,5,1525.1316359918203,838.419,772.670626486642,773.0571550641741,0.006347594261774787,0.006292870178088226,99685.41749841975,-100274.92446022885,2457.1237577730235,0.0,-102732.04821800187,-1.0305624513197271,632.7625840955932,-700.9927314990406,15.532336468915153,0.0,-716.5250679679557,-1.1323758483477402,7.765994927773294,-64.48819639539158
B2-000290,PLTR,PLTR|swing|2023-10-17T04:00:00Z,USD,2023-10-18T13:30:00Z,2023-10-20T20:00:00Z,stop,2,363.9483282357336,17.818904465675352,15.956446687221527,15.964428901672363,0.946163307786924,0.9441979038806535,674.933281272907,-677.8383948779078,12.292482587671676,0.0,-690.1308774655795,-1.022517182978457,638.5971059446562,-652.7595513758905,11.61928225253137,0.0,-664.3788336284218,-1.040372446795899,5.809479388747029,-11.41373353322963
B2-000291,ORCL,ORCL|swing|2023-10-18T04:00:00Z,USD,2023-10-19T13:30:00Z,2023-10-20T20:00:00Z,stop,1,122.04308479969978,108.68431225204468,104.10792039217267,104.16000039236886,0.9465215333648841,0.9441979038806535,552.1609759507035,-558.5169798310147,25.969820493315662,0.0,-584.4868003243304,-1.0585442031972085,522.6322536211107,-558.1715751983091,24.551471087505597,0.0,-582.7230462858147,-1.1149771990694388,12.275599069758687,-29.523227038332703
B2-000292,6501.T,6501.T|swing|2023-10-19T15:00:00Z,JPY,2023-10-23T00:00:00Z,2023-11-13T00:00:00Z,objetivo,14,1126.4656745225457,1727.663448852539,2000.999,1701.857190813337,0.006297229219143576,0.006181615874389565,29069.86386903257,307903.11599431647,4200.210260513562,0.0,303702.9057338029,10.447345302408873,183.05959615259803,1678.337465710576,26.18908774605847,0.0,1652.1483779645175,9.025194049850796,13.094966731136573,-260.599032994188
B2-000293,RRU.DE,RRU.DE|swing|2023-10-19T22:00:00Z,EUR,2023-10-23T07:00:00Z,2023-11-13T16:30:00Z,objetivo,15,2962.1039716126747,2.272135408401489,2.7387281335528413,2.0658572741917203,1.0,1.0,611.0172805996085,1382.0961642964014,14.842698798832076,0.0,1367.2534654975693,2.2376674259619054,611.0172805996085,1382.0961642964014,14.842698798832076,0.0,1367.2534654975693,2.2376674259619054,7.4216967788798724,0.0
B2-000294,AMZN,AMZN|swing|2023-10-20T04:00:00Z,USD,2023-10-23T13:30:00Z,2023-10-25T20:00:00Z,stop,2,103.6724786861861,124.69231225204467,122.06732938514438,122.12839358193534,0.9441979038806535,0.94553706505295,265.8078036800242,-272.1384803203247,25.582183688242402,0.0,-297.7206640085671,-1.1200599075223507,250.97517106979913,-240.00546777795714,24.171591330034076,0.0,-264.1770591079912,-1.0526023669270475,12.085738685084067,16.94711490575902
B2-000295,6758.T,6758.T|swing|2023-10-22T15:00:00Z,JPY,2023-10-24T00:00:00Z,2023-12-21T06:00:00Z,tiempo,40,733.4480253301072,2522.2605,2613.6925,2389.714285714286,0.006292870178088226,0.0063645621181262725,97215.75913283824,67060.61985198254,3766.95458603824,0.0,63293.6652659443,0.651063838111454,611.7661514872459,559.4377689134725,23.84239017081554,0.0,535.595378742657,0.8754903772308872,11.921337925183348,137.43399412281946
B2-000296,ADYEN.AS,ADYEN.AS|swing|2023-10-22T22:00:00Z,EUR,2023-10-24T07:00:00Z,2023-10-25T15:30:00Z,stop,1,10.327712648278123,684.9422755737304,625.3871534859793,625.7000034877232,1.0,1.0,611.8371627353908,-615.0681876554148,13.532705817911015,0.0,-628.6008934733259,-1.0273990070544066,611.8371627353908,-615.0681876554148,13.532705817911015,0.0,-628.6008934733259,-1.0273990070544066,6.766200833458148,0.0
B2-000297,7011.T,7011.T|swing|2023-10-23T15:00:00Z,JPY,2023-10-25T00:00:00Z,2023-12-22T06:00:00Z,tiempo,40,1447.322851216858,797.3985,786.10675,729.8571864536831,0.006279040562602035,0.00637795777791951,97754.08649678722,-16342.807805227925,2291.843333346864,0.0,-18634.651138574787,-0.19062784796405655,613.8018742734348,9.92593460418012,14.503120340934029,0.0,-4.577185736753908,-0.007457106158517325,7.251564464841588,112.54308772001502
B2-000298,EUNN.DE,EUNN.DE|swing|2023-10-23T22:00:00Z,EUR,2023-10-25T07:00:00Z,2023-12-07T08:00:00Z,objetivo,31,285.45994182061094,43.22160076332092,45.64616421890259,42.45755549839565,1.0,1.0,218.1043168738815,692.1157429707227,25.368187021553247,0.0,666.7475559491695,3.057012192632186,218.1043168738815,692.1157429707227,25.368187021553247,0.0,666.7475559491695,3.057012192632186,12.68426971077858,0.0
B2-000299,1810.HK,1810.HK|swing|2023-10-24T16:00:00Z,HKD,2023-10-26T01:30:00Z,2023-11-06T01:30:00Z,objetivo,7,5027.002072720913,13.286639732837676,15.4522700381279,12.282857077462333,0.12087805821487284,0.11941011403665891,5046.017489133149,10886.628033441177,144.47055898638325,0.0,10742.157474454794,2.1288387322454922,609.9527958047032,1201.9266180752468,17.34929280037653,0.0,1184.5773252748702,1.9420803272359328,8.674949050579247,-114.02783911472189
B2-000300,9988.HK,9988.HK|swing|2023-10-24T16:00:00Z,HKD,2023-10-26T01:30:00Z,2023-11-17T01:30:00Z,stop,16,1273.6100847474734,79.2395969467163,74.9625,76.51786014011928,0.12087805821487284,0.11814744801512286,3466.431444910351,-5447.353804780504,196.3933457605455,0.0,-5643.747150541049,-1.6281144572547601,419.01550199573916,-919.1650869491602,23.47894674523897,0.0,-942.6440336943992,-2.249663864951671,11.739246516157838,-260.69953661789424
B2-000301,0700.HK,0700.HK|swing|2023-10-24T16:00:00Z,HKD,2023-10-26T01:30:00Z,2023-11-16T01:30:00Z,objetivo,15,351.7082256574744,286.94338778686523,329.83500000000004,280.7178639003209,0.12087805821487284,0.11785226040635459,2189.567959924738,15085.3328270701,216.92603239239605,0.0,14868.406794677705,6.790566480151079,264.6707233252028,1472.4759994451192,25.870587831633248,0.0,1446.605411613486,5.465679745152741,12.935665268731118,-351.0097402161939
B2-000302,ENR.DE,ENR.DE|swing|2023-10-29T23:00:00Z,EUR,2023-10-31T08:00:00Z,2023-12-28T16:30:00Z,tiempo,40,391.80530351757886,8.404199618339538,11.794100190639497,6.85071427481515,1.0,1.0,608.663796529683,1328.1810226244,7.913800987196086,0.0,1320.2672216372039,2.1691239550713406,608.663796529683,1328.1810226244,7.913800987196086,0.0,1320.2672216372039,2.1691239550713406,3.9572335281612734,0.0
B2-000303,IFX.DE,IFX.DE|swing|2023-10-29T23:00:00Z,EUR,2023-10-31T08:00:00Z,2023-11-15T16:30:00Z,objetivo,11,277.9190034028451,27.313649236679076,32.5200249513558,25.12357303074428,1.0,1.0,608.663796529683,1446.9507499637305,16.62891510026919,0.0,1430.3218348634612,2.3499374252559275,608.663796529683,1446.9507499637305,16.62891510026919,0.0,1430.3218348634612,2.3499374252559275,8.314821366527248,0.0
B2-000304,ADYEN.AS,ADYEN.AS|swing|2023-10-31T23:00:00Z,EUR,2023-11-02T08:00:00Z,2023-11-09T08:00:00Z,objetivo,5,8.88033496313381,665.3325,949.5250000000001,595.2624871390207,1.0,1.0,622.2451850765904,2523.7245940104062,14.340475517728859,0.0,2509.3841184926773,4.032789933414759,622.2451850765904,2523.7245940104062,14.340475517728859,0.0,2509.3841184926773,4.032789933414759,7.170870482729582,0.0
B2-000305,DBK.DE,DBK.DE|swing|2023-11-02T23:00:00Z,EUR,2023-11-06T08:00:00Z,2023-12-11T16:30:00Z,objetivo,25,1203.3876629801211,10.685340305328369,11.883251252991814,10.155714307512556,1.0,1.0,637.3453917650863,1441.5512557670152,27.158764652119814,0.0,1414.3924911148954,2.21919309277161,637.3453917650863,1441.5512557670152,27.158764652119814,0.0,1414.3924911148954,2.21919309277161,13.579746108809267,0.0
B2-000306,COIN,COIN|swing|2023-11-03T04:00:00Z,USD,2023-11-06T14:30:00Z,2023-11-24T18:00:00Z,objetivo,13,55.61410206660474,86.86340969467163,113.47502796990531,74.42285810198102,0.9344047841524948,0.9160864785635765,691.8701060407577,1479.9812549163698,11.141642320141912,0.0,1468.8396125962279,2.122999100223734,646.4867370965779,1267.2981862117617,10.295200508418397,0.0,1257.0029857033433,1.9443600519148174,5.147918365735052,-115.60337883810679
B2-000307,PANW,PANW|swing|2023-11-08T05:00:00Z,USD,2023-11-09T14:30:00Z,2023-11-29T21:00:00Z,objetivo,13,79.2710300878226,121.25559719467162,140.11441790781703,112.480715070452,0.93711929528629,0.9103322712790168,695.5939448861099,1494.9581441726014,20.719070331244026,0.0,1474.2390738413574,2.1193960710551263,651.8545074370817,1103.4302655149115,19.118716730767865,0.0,1084.3115487841437,1.6634257129667906,9.559636612858782,-297.5238570346175
B2-000308,7203.T,7203.T|swing|2023-11-09T15:00:00Z,JPY,2023-11-13T00:00:00Z,2023-12-14T00:00:00Z,stop,22,537.9474034050941,2834.4165,2604.19725,2637.9285714285716,0.006181615874389565,0.006364157067396423,105700.17097544542,-123845.84775136801,2925.6881449357415,0.0,-126771.53589630376,-1.199350339043002,653.3978548275045,-509.8416406645337,18.34120609802069,0.0,-528.1828467625544,-0.8083633009508325,9.170477881218462,255.72581777255604
B2-000309,VVSM.DE,VVSM.DE|swing|2023-11-09T23:00:00Z,EUR,2023-11-13T08:00:00Z,2023-12-13T08:00:00Z,objetivo,22,480.26420650871574,27.23861288166046,29.49024666118622,26.086428233555385,1.0,1.0,553.3530457737071,1081.3791104721604,27.244840714489648,0.0,1054.1342697576708,1.9049940680885986,553.3530457737071,1081.3791104721604,27.244840714489648,0.0,1054.1342697576708,1.9049940680885986,13.622694107693839,0.0
B2-000310,ADYEN.AS,ADYEN.AS|swing|2023-11-09T23:00:00Z,EUR,2023-11-13T08:00:00Z,2023-12-08T16:30:00Z,objetivo,19,5.5863981210738265,943.0712755737304,1203.5577330207825,825.9857177734375,1.0,1.0,654.0865401004372,1455.181056447389,11.991924260254958,0.0,1443.189132187134,2.2064192483849725,654.0865401004372,1455.181056447389,11.991924260254958,0.0,1443.189132187134,2.2064192483849725,5.996327424472959,0.0
B2-000311,6857.T,6857.T|swing|2023-11-12T15:00:00Z,JPY,2023-11-14T00:00:00Z,2024-01-16T06:00:00Z,tiempo,40,244.33246205602552,4339.1685,5107.445000000001,3900.4285714285716,0.006174364040503828,0.006262917266862905,107198.40695014183,187714.8887847863,2308.1143345466885,0.0,185406.7744502396,1.7295665087306067,661.8819890722513,1269.5269242635952,14.361645013680132,0.0,1255.165279249915,1.8963581121300173,7.181141683855254,110.50686508363597
B2-000312,1810.HK,1810.HK|swing|2023-11-14T16:00:00Z,HKD,2023-11-16T01:30:00Z,2023-11-20T08:00:00Z,stop,2,3818.404707269192,16.948470534324645,15.423711969307492,15.431427683149066,0.11785226040635459,0.11794539128383558,5792.68356405791,-5822.145282110517,123.61009405644634,0.0,-5945.755376166963,-1.026425025709815,682.6808518429631,-680.6681343978977,14.573213841107316,0.0,-695.241348239005,-1.0183987823331115,7.2864385751289635,5.484847513019749
B2-000313,IQQK.DE,IQQK.DE|swing|2023-11-14T23:00:00Z,EUR,2023-11-16T08:00:00Z,2024-01-16T16:30:00Z,tiempo,40,339.68683206276904,40.15506582069397,38.830573474884034,38.45714242117746,1.0,1.0,576.7622206670112,-449.9126090395629,26.83038159076746,0.0,-476.7429906303303,-0.8265849834598891,576.7622206670112,-449.9126090395629,26.83038159076746,0.0,-476.7429906303303,-0.8265849834598891,13.415081671001868,0.0
B2-000314,0700.HK,0700.HK|swing|2023-11-15T16:00:00Z,HKD,2023-11-17T01:30:00Z,2023-12-05T08:00:00Z,stop,12,331.5548538302319,323.76180610656735,306.5609198564802,306.7142769949777,0.11814744801512286,0.11774541087261123,5652.19102275973,-5703.037326398086,208.98655927255155,0.0,-5912.023885670638,-1.0459702904350963,667.7919450330493,-714.6630691903911,24.65036488437171,0.0,-739.3134340747628,-1.1071014551368599,12.325006857668726,-40.86376314146643
B2-000315,PLTR,PLTR|swing|2023-11-17T05:00:00Z,USD,2023-11-20T14:30:00Z,2023-12-04T21:00:00Z,stop,9,334.575013534292,20.660324618339537,18.46661885261536,18.47585678100586,0.919793966151582,0.9201324990798675,730.8683562411408,-733.9591362574215,13.090897641350212,0.0,-747.0500338987717,-1.0221403451380129,672.2483041217263,-672.9995696430165,12.043020277310289,0.0,-685.0425899203267,-1.019032083413458,6.021343394097541,2.0916152883861527
B2-000316,1810.HK,1810.HK|swing|2023-11-23T16:00:00Z,HKD,2023-11-27T01:30:00Z,2024-01-17T08:00:00Z,stop,34,3312.1445376484235,15.12755988550186,13.390444383757455,13.397142955235072,0.11752814799144395,0.11742602160638797,5731.3909834374945,-5753.577620367132,94.45575206506166,0.0,-5848.033372432194,-1.0203514974518002,673.5997676982694,-680.7367382580898,11.096680191134382,0.0,-691.8334184492242,-1.0270689682884842,5.548171298424771,-4.529416211320842
B2-000317,8035.T,8035.T|swing|2023-11-28T15:00:00Z,JPY,2023-11-30T00:00:00Z,2023-12-07T00:00:00Z,stop,5,74.94534956323201,24212.1,22588.7,22750.714285714286,0.00616827041697508,0.0063011972274732205,109524.06320385622,-121666.28048095069,3507.5023158389085,0.0,-125173.7827967896,-1.1428884131499457,675.5740390072552,-525.4363261091389,21.860256964785627,0.0,-547.2965830739246,-0.8101208031589962,10.929999855810234,225.0341925249008
B2-000318,UBER,UBER|swing|2023-12-04T05:00:00Z,USD,2023-12-05T14:30:00Z,2024-01-19T21:00:00Z,objetivo,30,251.94777233500935,58.039003320693965,65.20857957451685,55.91771425519671,0.9201324990798675,0.918526683200147,534.4540545306479,1806.3587657366566,31.051953956122766,0.0,1775.3068117805337,3.3217201679564208,491.7685448386528,1635.707205177301,28.54552979478543,0.0,1607.1616753825156,3.2681262196422476,14.27317739248642,-26.382200174792473
B2-000319,6501.T,6501.T|swing|2023-12-05T15:00:00Z,JPY,2023-12-07T00:00:00Z,2023-12-08T06:00:00Z,stop,1,1052.0215241435371,2064.0315,1989.833164114816,1990.828578404018,0.0063011972274732205,0.006402868485081316,77011.049149165,-78058.24640684533,4264.752882613698,0.0,-82322.99928945903,-1.0689764676495337,485.26180938352246,-279.02715139812625,27.085882294225968,0.0,-306.11303369235225,-0.6308203690730141,13.542874776042686,212.83325444210962
B2-000320,AIR.PA,AIR.PA|swing|2023-12-05T23:00:00Z,EUR,2023-12-07T08:00:00Z,2024-01-12T16:30:00Z,objetivo,23,98.36720597666977,138.069,146.8204821082524,134.77428981236048,1.0,1.0,324.09143566096793,860.8588431436058,28.023782367129243,0.0,832.8350607764766,2.5697533755495634,324.09143566096793,860.8588431436058,28.023782367129243,0.0,832.8350607764766,2.5697533755495634,14.012109901299647,0.0
B2-000321,BBVA.MC,BBVA.MC|swing|2023-12-06T23:00:00Z,EUR,2023-12-08T08:00:00Z,2023-12-19T16:30:00Z,stop,7,1597.1374654542308,8.480237832069397,8.17933691379002,8.183428628104073,1.0,1.0,474.04509974466583,-480.580129973574,26.607630985147225,0.0,-507.18776095872124,-1.069914574018183,474.04509974466583,-480.580129973574,26.607630985147225,0.0,-507.18776095872124,-1.069914574018183,13.303698673466382,0.0
B2-000322,PLTR,PLTR|swing|2023-12-08T05:00:00Z,USD,2023-12-11T14:30:00Z,2024-01-05T14:30:00Z,stop,17,341.91621292840364,17.978984313011168,15.692149809360505,15.81000028337751,0.9279020135473693,0.9129918743723181,741.6108053145285,-781.9057930822404,11.51270666412567,0.0,-793.418499746366,-1.0698583327812559,688.1421595198372,-805.5308270288732,10.602664827798918,0.0,-816.1334918566721,-1.1859954815530311,5.301132356475135,-79.99886722350931
B2-000323,6501.T,6501.T|swing|2023-12-10T15:00:00Z,JPY,2023-12-12T00:00:00Z,2024-01-11T06:00:00Z,objetivo,18,870.1118044686544,2015.0069999999998,2210.5656501579288,1890.3143310546875,0.006347594261774787,0.0062881217380368485,108496.56318001826,170157.88996836985,3676.7206435423095,0.0,166481.16932482756,1.534437261838431,688.6921618637696,965.7014585083391,23.22393907164748,0.0,942.4775194366916,1.3685033337480084,11.612213864239326,-114.39178745059083
B2-000324,COIN,COIN|swing|2023-12-11T05:00:00Z,USD,2023-12-12T14:30:00Z,2023-12-27T21:00:00Z,objetivo,10,37.79920669367795,139.95994438934326,181.00704444275584,120.34714726039341,0.9296272194849864,0.903750564844103,741.3481725183489,1551.5478190950214,12.132297552711936,0.0,1539.4155215423095,2.076508149083227,689.1774402885087,1265.31501454055,11.101467969469354,0.0,1254.2135465710808,1.8198702877535171,5.551051701251236,-177.04607042274966
B2-000325,ENI.MI,ENI.MI|swing|2023-12-11T23:00:00Z,EUR,2023-12-13T08:00:00Z,2024-01-22T16:30:00Z,stop,25,935.399946193337,14.787389732837676,14.371096673829216,14.378285816737584,1.0,1.0,382.6757811075093,-389.4005049971731,27.27484661587536,0.0,-416.6753516130484,-1.0888469356674213,382.6757811075093,-389.4005049971731,27.27484661587536,0.0,-416.6753516130484,-1.0888469356674213,13.637329367142218,0.0
B2-000326,0700.HK,0700.HK|swing|2023-12-12T16:00:00Z,HKD,2023-12-14T01:30:00Z,2023-12-22T08:00:00Z,stop,6,270.7523745426729,310.155,288.5128151572091,288.65714372907365,0.11864085041761578,0.1165759317331344,5820.595632930393,-5859.672936477072,162.09073251608834,0.0,-6021.7636689931605,-1.0345614175505762,690.5604158279224,-856.4987973638597,19.069280133511874,0.0,-875.5680774973715,-1.2679094506852684,9.534428325663168,-161.30221701113206
B2-000327,8035.T,8035.T|swing|2023-12-18T15:00:00Z,JPY,2023-12-20T00:00:00Z,2024-01-05T06:00:00Z,stop,9,61.65972634756433,25557.7725,23769.53785714286,23781.428571428572,0.006321112515802782,0.006332721170286873,109528.88053487153,-110262.05872380569,3041.5084580828043,0.0,-113303.5671818885,-1.0344629346030356,692.344377590844,-679.9649660882832,19.242731094636184,0.0,-699.2076971829193,-1.0099131585584007,9.621197961375346,17.01391332894694
B2-000328,SU.PA,SU.PA|swing|2023-12-19T23:00:00Z,EUR,2023-12-21T08:00:00Z,2024-01-03T16:30:00Z,stop,6,76.76579966250827,180.33012549591064,176.06050272042413,176.14857700892858,1.0,1.0,320.9999134307288,-327.76100661748,27.35861156725062,0.0,-355.1196181847306,-1.1062919437869718,320.9999134307288,-327.76100661748,27.35861156725062,0.0,-355.1196181847306,-1.1062919437869718,13.67922726317935,0.0
B2-000329,CRWD,CRWD|swing|2023-12-21T05:00:00Z,USD,2023-12-22T14:30:00Z,2024-01-02T21:00:00Z,stop,5,233.05732028972577,64.27462155532837,60.99513120787485,61.02564402988979,0.9104980424292087,0.9127418765972983,757.1979957602589,-764.3092322935385,29.19503289234861,0.0,-793.5042651858871,-1.0479481847930345,689.427292871036,-664.0051452278649,26.61391721172574,0.0,-690.6190624395906,-1.0017286370598872,13.30679593127416,31.89691458597246
B2-000330,0700.HK,0700.HK|swing|2023-12-26T16:00:00Z,HKD,2023-12-28T01:30:00Z,2024-01-22T08:00:00Z,stop,16,250.13643018350842,285.1425,260.8695,261.0,0.11572868566931685,0.117470162578705,6038.918765705348,-6071.561569844292,136.57749251735783,0.0,-6208.13906236165,-1.028021621621621,698.8761316188532,-589.0173077967647,15.919570233686427,0.0,-604.9368780304511,-0.865585259907497,7.959639852425284,113.63653264164982
B2-000331,COIN,COIN|swing|2023-12-29T05:00:00Z,USD,2024-01-02T14:30:00Z,2024-01-03T14:30:00Z,stop,1,39.99553483982148,173.10651427459715,145.92700000000002,153.86428833007812,0.9049773755656109,0.9127418765972983,769.6031181597273,-1087.0592100990746,12.759916035240334,0.0,-1099.819126134315,-1.4290731159772316,696.4734100993007,-938.4470366091123,11.592752280440127,0.0,-950.0397888895524,-1.3640718728287116,5.7961429774950854,45.31695443077469
B2-000332,ENR.DE,ENR.DE|swing|2024-01-01T23:00:00Z,EUR,2024-01-03T08:00:00Z,2024-02-02T16:30:00Z,objetivo,22,861.3859481274972,11.685840305328368,14.313598406127522,10.885714667184013,1.0,1.0,689.2169814340937,2263.5139031065905,22.395551165250186,0.0,2241.1183519413403,3.251687657605469,689.2169814340937,2263.5139031065905,22.395551165250186,0.0,2241.1183519413403,3.251687657605469,11.198344260685325,0.0
B2-000333,6758.T,6758.T|swing|2023-12-28T15:00:00Z,JPY,2024-01-04T00:00:00Z,2024-01-12T06:00:00Z,objetivo,5,794.0154672291367,2667.3329999999996,2905.8409955357142,2589.5714285714284,0.006403688524590164,0.006261348694508797,61743.890470328835,189379.03751317528,4425.186354014564,0.0,184953.85115916072,2.9955004414249005,395.38864286839674,884.3061424563421,28.009096847511344,0.0,856.2970456088307,2.165709766969319,14.004773001481968,-328.41822686470846
B2-000334,COIN,COIN|swing|2024-01-03T05:00:00Z,USD,2024-01-04T14:30:00Z,2024-01-16T14:30:00Z,stop,7,32.27541555406911,152.57625,129.37528244018554,129.81286403111048,0.9158347834050736,0.9136592051164916,734.697741563575,-748.820869249488,9.100102875613587,0.0,-757.9209721251017,-1.0316092309091671,672.8617470130736,-694.8806325057394,8.32510631214402,0.0,-703.2057388178835,-1.0450969191509416,4.1623804765087336,-9.084433907435871
B2-000335,CVX,CVX|swing|2024-01-04T05:00:00Z,USD,2024-01-05T14:30:00Z,2024-01-10T21:00:00Z,stop,3,96.63520543446599,152.05598572540282,145.20308409772602,145.27572195870536,0.9129918743723181,0.913575735428467,655.2121819946751,-662.2315566127339,28.725691279616328,0.0,-690.9572478923502,-1.054554947053725,598.2033981508948,-596.4194495238256,26.234515304633995,0.0,-622.6539648284596,-1.0408733329719355,13.117111826730536,8.192580616533025
B2-000336,8035.T,8035.T|swing|2024-01-09T15:00:00Z,JPY,2024-01-11T00:00:00Z,2024-01-22T00:00:00Z,objetivo,7,72.27379888597581,25602.795,29215.385000000002,24114.285714285714,0.0062881217380368485,0.0062046286529751195,107580.2207556217,261095.60311748763,3961.9181166152216,0.0,257133.6850008724,2.3901576255822627,676.4775247162278,1465.5047158096686,24.73672721155094,0.0,1440.7679885981177,2.1298091007568924,12.368733074135983,-176.29622185924575
B2-000337,ITX.MC,ITX.MC|swing|2024-01-09T23:00:00Z,EUR,2024-01-11T08:00:00Z,2024-03-07T16:30:00Z,tiempo,40,354.62246770673704,38.51925,41.12942652511597,36.842857360839844,1.0,1.0,594.4864945443841,925.6272404868204,28.245210218912284,0.0,897.3820302679081,1.5095078500574919,594.4864945443841,925.6272404868204,28.245210218912284,0.0,897.3820302679081,1.5095078500574919,14.122840046975972,0.0
B2-000338,SAP.DE,SAP.DE|swing|2024-01-10T23:00:00Z,EUR,2024-01-12T08:00:00Z,2024-01-24T08:00:00Z,objetivo,8,95.6562707547034,142.59126427459717,159.70010877990723,137.43429565429688,1.0,1.0,493.2963866169538,1636.5682623000587,28.916065427712724,0.0,1607.652196872346,3.2589985260133134,493.2963866169538,1636.5682623000587,28.916065427712724,0.0,1607.652196872346,3.2589985260133134,14.458445470533174,0.0
B2-000339,7203.T,7203.T|swing|2024-01-11T15:00:00Z,JPY,2024-01-15T00:00:00Z,2024-02-07T00:00:00Z,objetivo,17,735.9892161120208,2855.4269999999997,3193.4025,2706.5714285714284,0.006282590940503864,0.0062672348959639,109556.09532962106,248746.32331006863,4451.873282100267,0.0,244294.45002796836,2.2298572187422385,688.296131994855,1526.6799352984276,27.933207288381286,0.0,1498.7467280100464,2.1774737040382632,13.966988805919517,-36.09146201305445
B2-000340,EUNL.DE,EUNL.DE|swing|2024-01-14T23:00:00Z,EUR,2024-01-16T08:00:00Z,2024-01-30T08:00:00Z,objetivo,10,166.1293591242601,82.44320142745971,85.5891877822876,81.65143367222377,1.0,1.0,131.5358697526004,522.6406969412234,27.91511313153356,0.0,494.72558380968985,3.7611457980260123,131.5358697526004,522.6406969412234,27.91511313153356,0.0,494.72558380968985,3.7611457980260123,13.957690715363299,0.0
B2-000341,7011.T,7011.T|swing|2024-01-15T15:00:00Z,JPY,2024-01-17T00:00:00Z,2024-02-06T06:00:00Z,objetivo,14,1990.6525400036398,952.2758877868652,1051.5525587234497,897.6856689453125,0.006264094211976949,0.006260956674179815,108670.15779629134,197625.35716301753,3988.926186777306,0.0,193636.43097624023,1.781873100241772,680.7201064663702,1231.3761240903548,24.980441706740624,0.0,1206.3956823836143,1.7722345365205017,12.490531820033485,-6.567731854380175
B2-000342,COIN,COIN|swing|2024-01-16T05:00:00Z,USD,2024-01-17T14:30:00Z,2024-02-26T21:00:00Z,objetivo,27,33.56699520946351,130.57524950408936,195.4649098660946,108.57428741455078,0.9189487226612755,0.9214891264283082,738.5061890631296,2178.1509185151435,10.944188467671683,0.0,2167.206730047472,2.9345816760138392,678.6493191170093,2018.27702453745,10.07381603313563,0.0,2008.2032085043143,2.9591176944186546,5.037413845177516,16.668020204475187
B2-000343,6501.T,6501.T|swing|2024-01-18T15:00:00Z,JPY,2024-01-22T00:00:00Z,2024-02-22T00:00:00Z,objetivo,22,797.9469197111325,2273.136,2530.734,2134.5714285714284,0.0062046286529751195,0.00616827041697508,110567.17295252185,205549.5306237483,3833.2332691927186,0.0,201716.29735455557,1.824377814572266,686.0282493796727,1201.9369982193816,23.710367466476317,0.0,1178.2266307529053,1.7174608069249233,11.855487181359722,-73.42150909431304
B2-000344,6758.T,6758.T|swing|2024-01-18T15:00:00Z,JPY,2024-01-22T00:00:00Z,2024-02-15T00:00:00Z,stop,17,738.3415396708386,2931.4649999999997,2728.635,2781.714285714286,0.0062046286529751195,0.006200396825396825,110567.17295252185,-149757.8144914358,4179.086948690913,0.0,-153936.9014401267,-1.3922477832206857,686.0282493796727,-937.7173398765588,25.92115691204594,0.0,-963.6384967886047,-1.404662996982931,12.960347266772402,-8.525713076065347
B2-000345,IFX.DE,IFX.DE|swing|2024-01-18T23:00:00Z,EUR,2024-01-22T08:00:00Z,2024-02-07T16:30:00Z,stop,12,222.12441336413465,35.0175,31.901895926611765,31.917854854038783,1.0,1.0,688.5068596836225,-692.0517270762697,14.8644315628809,0.0,-706.9161586391506,-1.0267380036910416,688.5068596836225,-692.0517270762697,14.8644315628809,0.0,-706.9161586391506,-1.0267380036910416,7.432044626519197,0.0
B2-000346,INTC,INTC|swing|2024-01-19T05:00:00Z,USD,2024-01-22T14:30:00Z,2024-01-26T14:30:00Z,stop,4,209.13654388631818,48.87442347335815,44.157910305023194,45.29857308523996,0.918526683200147,0.9180207472688884,747.8409916255879,-986.395263219881,19.45646075608905,0.0,-1005.8517239759701,-1.3450074751713492,686.9119055989602,-910.702704342464,17.86660603021153,0.0,-928.5693103726755,-1.351802615159217,8.933077572698068,-4.672334892770892
B2-000347,6857.T,6857.T|swing|2024-01-21T15:00:00Z,JPY,2024-01-23T00:00:00Z,2024-02-15T00:00:00Z,objetivo,16,251.70488075322515,6003.0,7058.469,5562.571428571428,0.006213109661385524,0.006200396825396825,110858.02105174192,265666.6987837258,3287.635497106947,0.0,262379.06328661885,2.3668026976970475,688.7730416386576,1628.0300589042442,20.40385359617185,0.0,1607.6262053080725,2.3340434484534622,10.202336356184661,-22.586274017321184
B2-000348,SAF.PA,SAF.PA|swing|2024-01-22T23:00:00Z,EUR,2024-01-24T08:00:00Z,2024-02-15T08:00:00Z,objetivo,16,82.10564977928843,168.64427755737304,184.36777671051027,162.43429129464286,1.0,1.0,509.87495722191665,1290.9881147724232,28.984284095585988,0.0,1262.0038306768372,2.475124170743624,509.87495722191665,1290.9881147724232,28.984284095585988,0.0,1262.0038306768372,2.475124170743624,14.492468417937243,0.0
B2-000349,META,META|swing|2024-01-25T05:00:00Z,USD,2024-01-26T14:30:00Z,2024-02-02T14:30:00Z,objetivo,5,37.94322749889065,394.54718110656734,459.3702061004639,375.46285138811385,0.9180207472688884,0.9247272054743851,724.1210641711205,2459.5947845096925,32.400381688054686,0.0,2427.194402821638,3.3519179636073346,664.7581604435147,2374.8525296831745,29.861116096694097,0.0,2344.9914135864806,3.5275857494129057,14.931155494264956,116.89348762892662
B2-000350,EXV1.DE,EXV1.DE|swing|2024-01-28T23:00:00Z,EUR,2024-01-30T08:00:00Z,2024-03-06T16:30:00Z,objetivo,26,846.8001297815362,16.562277854919433,17.521949605682067,16.077142579214915,1.0,1.0,410.81261442818754,812.6501630934729,28.86252823714075,0.0,783.7876348563321,1.9078957347677619,410.81261442818754,812.6501630934729,28.86252823714075,0.0,783.7876348563321,1.9078957347677619,14.431470888978863,0.0
B2-000351,GS,GS|swing|2024-02-01T05:00:00Z,USD,2024-02-02T14:30:00Z,2024-04-02T20:00:00Z,tiempo,40,40.705220527109674,381.9908877868652,409.94491889953616,367.2714276994978,0.9247272054743851,0.9303190994511118,599.1588688962788,1137.8750010629572,32.235921654484464,111.93935644955161,1217.5784358580245,2.0321462287639127,554.0585064696494,1145.5353361614386,29.902745113691964,103.57083313244968,1219.2034241801964,2.2004958139686694,14.951662678592793,93.31136624932796
B2-000352,8035.T,8035.T|swing|2024-02-01T15:00:00Z,JPY,2024-02-05T00:00:00Z,2024-02-13T00:00:00Z,objetivo,5,64.01120999230955,28379.1825,32483.75,26579.285714285714,0.0062664494297531015,0.00623014142421033,115213.57111484009,262738.3321701091,3895.9099530052617,0.0,258842.42221710383,2.2466313621951746,721.9800170124081,1570.9403593073691,24.33802659088496,0.0,1546.6023327164842,2.14216778341928,12.169409072884168,-75.49611249429253
B2-000353,ZPRR.DE,ZPRR.DE|swing|2024-02-04T23:00:00Z,EUR,2024-02-06T08:00:00Z,2024-03-21T16:30:00Z,objetivo,32,281.97982882219026,51.525749999999995,55.36734411524024,49.56357029506138,1.0,1.0,553.2950973169659,1083.2520510197787,30.14169638088972,0.0,1053.110354638889,1.9033430076384614,553.2950973169659,1083.2520510197787,30.14169638088972,0.0,1053.110354638889,1.9033430076384614,15.071122771235249,0.0
B2-000354,7011.T,7011.T|swing|2024-02-05T15:00:00Z,JPY,2024-02-07T00:00:00Z,2024-02-07T06:00:00Z,stop,0,1977.6186688204718,1080.54,1021.1748696855818,1021.6857125418527,0.0062672348959639,0.0062672348959639,116391.33761735859,-117401.58998675343,4156.390562827792,0.0,-121557.98054958122,-1.044390270255405,729.4518527034255,-735.7833416066276,26.049075976609373,0.0,-761.832417583237,-1.0443902702554058,13.024357298557454,0.0
B2-000355,EUNN.DE,EUNN.DE|swing|2024-02-05T23:00:00Z,EUR,2024-02-07T08:00:00Z,2024-03-01T08:00:00Z,objetivo,17,297.8277317074513,48.65831587028503,50.80258511543274,47.497144426618306,1.0,1.0,345.829057190727,638.6228454523916,29.62221453415573,0.0,609.0006309182359,1.7609874539326753,345.829057190727,638.6228454523916,29.62221453415573,0.0,609.0006309182359,1.7609874539326753,14.811270625604987,0.0
B2-000356,PLTR,PLTR|swing|2024-02-07T05:00:00Z,USD,2024-02-08T14:30:00Z,2024-04-08T20:00:00Z,tiempo,40,273.5580059143302,23.97197908401489,22.988500000000002,21.10757146562849,0.9279881217520417,0.9239582370876837,783.5816362115996,-269.0385770815649,12.846415015004725,0.0,-281.8849920965696,-0.3597391504213977,727.1544508273939,-275.00729203728554,11.895977852808938,0.0,-286.90326989009446,-0.3945561628119598,5.94792166156081,-25.34268821252242
B2-000357,7011.T,7011.T|swing|2024-02-08T15:00:00Z,JPY,2024-02-13T00:00:00Z,2024-02-26T06:00:00Z,objetivo,8,1670.0309460561252,1031.01525,1175.4396944719042,959.5142735072544,0.00623014142421033,0.0061383586029095825,119408.84341611655,241193.29163504462,3684.8480383466294,0.0,237508.443596698,1.9890356258541702,743.9339817837927,1322.4967425526063,22.776952830718983,0.0,1299.7197897218873,1.7470902278256473,11.388809886745534,-180.17157490452823
B2-000358,7203.T,7203.T|swing|2024-02-13T15:00:00Z,JPY,2024-02-15T00:00:00Z,2024-03-22T06:00:00Z,objetivo,24,539.1334897675273,3416.7075,3847.9411383928573,3194.285714285714,0.006200396825396825,0.00606207565470417,119915.03353246803,232492.4963718891,3916.615372351657,0.0,228575.88099953745,1.9061486643177943,743.5207932320686,1154.5910075668708,23.997614792163642,0.0,1130.5933927747071,1.5205941825245295,11.999099043608378,-286.9547288659732
B2-000359,8035.T,8035.T|swing|2024-02-13T15:00:00Z,JPY,2024-02-15T00:00:00Z,2024-03-01T06:00:00Z,objetivo,10,49.033042464211974,34067.025,38163.051785714284,31621.428571428572,0.006200396825396825,0.006152710268873439,119915.03353246802,200840.6553184781,3541.6604222272204,0.0,197298.99489625086,1.6453232683525914,743.5207932320685,1156.0582670607018,21.87046654402463,0.0,1134.1878005166773,1.5254284894796122,10.935525020460648,-89.23349458660856
B2-000360,EUNH.DE,EUNH.DE|swing|2024-02-13T23:00:00Z,EUR,2024-02-15T08:00:00Z,2024-04-15T15:30:00Z,tiempo,40,136.1309725512098,110.25009719467162,109.87004055023193,108.75142887660435,1.0,1.0,204.01517567018385,-51.73748063212443,29.965168429319988,0.0,-81.70264906144442,-0.4004733902419446,204.01517567018385,-51.73748063212443,29.965168429319988,0.0,-81.70264906144442,-0.4004733902419446,14.982575025932693,0.0
B2-000361,6758.T,6758.T|swing|2024-02-20T15:00:00Z,JPY,2024-02-22T00:00:00Z,2024-04-19T06:00:00Z,stop,39,808.8051400166573,2647.323,2494.894785714286,2496.1428571428573,0.00616827041697508,0.006067224851352991,122275.27661130943,-123284.72319784571,4159.052176170789,7279.2462601499155,-120164.52911386659,-0.9827377409731608,754.2269714489848,-964.3517134686681,25.450260298427672,44.51593847939038,-945.2860352877054,-1.2533177293721902,12.724892242506566,-203.89820250243469
B2-000362,APP,APP|swing|2024-02-21T05:00:00Z,USD,2024-02-22T14:30:00Z,2024-03-21T13:30:00Z,objetivo,20,93.4252929875318,57.78887832069397,71.48423664474488,48.98614011492048,0.9251549634563789,0.9221689413500553,822.3983959669281,1279.4928639936893,12.077378641057008,0.0,1267.4154853526322,1.5411210571033265,760.845957967368,1163.7872170380767,11.153504838523244,0.0,1152.6337121995534,1.5149370252013468,5.577044760326091,-19.941956792702534
B2-000363,RRU.DE,RRU.DE|swing|2024-02-22T23:00:00Z,EUR,2024-02-26T08:00:00Z,2024-03-20T16:30:00Z,objetivo,17,2661.8764187621127,4.177087690830231,4.760395433440805,3.8901429176330566,1.0,1.0,763.8115252606,1552.693124936448,23.790475571581403,0.0,1528.9026493648664,2.001675280879311,763.8115252606,1552.693124936448,23.790475571581403,0.0,1528.9026493648664,2.001675280879311,11.895628932977523,0.0
B2-000364,PANW,PANW|swing|2024-02-26T05:00:00Z,USD,2024-02-27T14:30:00Z,2024-04-24T20:00:00Z,tiempo,40,29.47583948215093,158.7793469467163,146.83654866027834,130.41642325265067,0.9214891264283082,0.9358038555118847,836.0209860507733,-352.0240052587522,9.00828508210557,0.0,-361.03229034085774,-0.4318459660280962,770.3842481116599,-262.43027699179567,8.362992767022508,0.0,-270.79326975881816,-0.3515041622704223,4.181431821298878,61.95601609588544
B2-000365,BBVA.MC,BBVA.MC|swing|2024-02-28T23:00:00Z,EUR,2024-03-01T08:00:00Z,2024-03-08T16:30:00Z,objetivo,5,1701.9195839100378,9.202598954200743,9.941525629924877,8.87400027683803,1.0,1.0,559.2485242505372,1257.5937804884452,32.581760546537,0.0,1225.0120199419082,2.190460889608206,559.2485242505372,1257.5937804884452,32.581760546537,0.0,1225.0120199419082,2.190460889608206,16.291198744509025,0.0
B2-000366,ENR.DE,ENR.DE|swing|2024-02-28T23:00:00Z,EUR,2024-03-01T08:00:00Z,2024-03-22T16:30:00Z,objetivo,15,727.0148027271653,14.30715019083023,16.573271576110805,13.229999950953893,1.0,1.0,783.1041691512139,1647.5037918755681,22.450523739024298,0.0,1625.053268136544,2.075143170158188,783.1041691512139,1647.5037918755681,22.450523739024298,0.0,1625.053268136544,2.075143170158188,11.225676551878209,0.0
B2-000367,COIN,COIN|swing|2024-03-01T05:00:00Z,USD,2024-03-04T14:30:00Z,2024-03-25T20:00:00Z,objetivo,15,19.55733129775778,217.49869438934326,282.84155037859506,174.09286063058036,0.9248127254231019,0.9229349330872174,848.9022710755248,1277.9318825234736,9.78531992852779,0.0,1268.1465625949459,1.4938663799170375,785.0756229312169,1171.4604224512325,9.0392011475084,0.0,1162.421221303724,1.4806487265056345,4.519894568833591,-10.387244730376056
B2-000368,7011.T,7011.T|swing|2024-03-05T15:00:00Z,JPY,2024-03-07T00:00:00Z,2024-03-12T00:00:00Z,stop,3,1376.679815918986,1275.6374999999998,1179.41,1182.2142857142858,0.0061474150119874595,0.006233248145608676,128613.85344541678,-132474.45698634387,3379.814340372366,0.0,-135854.27132671623,-1.0562957853087906,790.6427334199102,-675.010786520648,20.91648609279767,0.0,-695.9272726134457,-0.8802044756716164,10.458076908219189,139.36467906208978
B2-000369,6857.T,6857.T|swing|2024-03-06T15:00:00Z,JPY,2024-03-08T00:00:00Z,2024-03-15T06:00:00Z,stop,5,168.0269201504016,7128.5625,6363.102571428572,6366.285714285715,0.006207709975789931,0.006184291898577613,128083.02060571901,-128617.87429640336,2266.962929652891,0.0,-130884.83722605625,-1.0218750042518292,795.1022447434292,-823.4604261411363,14.04761042834576,0.0,-837.508036569482,-1.0533337594081835,7.023601104965968,-25.03796480645833
B2-000370,8035.T,8035.T|swing|2024-03-06T15:00:00Z,JPY,2024-03-08T00:00:00Z,2024-04-19T00:00:00Z,stop,29,35.16487142313778,39019.5,35322.33,35377.142857142855,0.006207709975789931,0.006067224851352991,128083.020605719,-130010.50767948225,2614.220893310767,8615.393498668756,-124009.33507412426,-0.9681949604847714,795.1022447434291,-981.5648280559107,16.05382781574724,52.687093313776636,-944.9315625578813,-1.1884403154499967,8.026670523333863,-174.49730257647488
B2-000371,6501.T,6501.T|swing|2024-03-07T15:00:00Z,JPY,2024-03-11T00:00:00Z,2024-03-11T06:00:00Z,stop,0,997.462438106675,2562.2805,2498.1788571428574,2499.4285714285716,0.006211565935772408,0.006211565935772408,62692.437912563444,-63938.980970928635,5047.618128315451,0.0,-68986.59909924408,-1.10039745456157,389.4182117682057,-397.1611961670214,31.35361282263154,0.0,-428.5148089896529,-1.1003974545615725,15.676711040192778,0.0
B2-000372,IS3N.DE,IS3N.DE|swing|2024-03-07T23:00:00Z,EUR,2024-03-11T08:00:00Z,2024-04-10T07:00:00Z,objetivo,20,527.7034580526816,29.69384035491943,30.71363559150696,29.19728660583496,1.0,1.0,262.0331305008982,538.1494728528924,31.877233949163394,0.0,506.272238903729,1.9320924721845185,262.0331305008982,538.1494728528924,31.877233949163394,0.0,506.272238903729,1.9320924721845185,15.93875549663571,0.0
B2-000373,9988.HK,9988.HK|swing|2024-03-10T16:00:00Z,HKD,2024-03-12T01:30:00Z,2024-04-16T08:00:00Z,stop,22,1307.4149916387871,73.58677805328368,68.45861681474958,68.49286324637276,0.11704119850187265,0.11987676668384899,6659.86058468613,-6704.634882800419,185.71227874371792,0.0,-6890.347161544138,-1.0346083185867276,779.478064687047,-530.9243125691384,21.989781870309876,0.0,-552.9140944394483,-0.7093388762151223,10.994760952765649,253.79418963128438
B2-000374,AMD,AMD|swing|2024-03-14T04:00:00Z,USD,2024-03-15T13:30:00Z,2024-04-04T20:00:00Z,stop,13,48.99128007244013,184.9224168319702,167.56760032980782,167.65142604282923,0.9153318077803203,0.9214891264283082,846.1279468793389,-850.2346758632428,17.268937153511892,0.0,-867.5036130167547,-1.0252629241431546,774.487823230516,-727.6992514247214,15.857355054639477,0.0,-743.5566064793609,-0.9600623588604196,7.9284975846303,50.547591470695195
B2-000375,6857.T,6857.T|swing|2024-03-18T15:00:00Z,JPY,2024-03-21T00:00:00Z,2024-04-08T06:00:00Z,stop,12,194.7057181170698,6674.335499999999,6004.424857142858,6007.428571428572,0.0060775495320286865,0.006093845216331505,129850.5924447492,-130435.43279176757,2468.6271401717368,3504.7029261072566,-129399.35700583203,-0.996524964342314,789.1734073462331,-773.6765865720994,15.02225493745552,21.432870144980775,-767.265971364574,-0.9722400225631935,7.510935927313387,19.051216951466394
B2-000376,META,META|swing|2024-03-20T04:00:00Z,USD,2024-03-21T13:30:00Z,2024-04-22T20:00:00Z,stop,21,21.273203215160166,514.9673769836426,474.20562351335803,474.4428449358259,0.9221689413500553,0.9405568096313018,862.0866054524743,-867.133064979623,21.04287825452242,0.0,-888.1759432341454,-1.0302630125751437,794.989492302171,-614.1487080312352,19.590583235441695,0.0,-633.7392912666769,-0.7971668775538937,9.795140529328137,185.49447251065283
B2-000377,6501.T,6501.T|swing|2024-03-20T15:00:00Z,JPY,2024-03-22T00:00:00Z,2024-05-22T06:00:00Z,tiempo,40,881.6933900391306,2746.3725,2961.5185,2596.1428571428573,0.00606207565470417,0.005887201224537854,132456.48309508193,189692.80609335896,5032.609765763843,17633.867800782613,202294.06412837774,1.5272492474616282,802.9612214784306,693.3085484862614,30.051437547458644,107.83921111046118,771.096322049264,0.9603157679638673,15.025895857339435,-456.62359320480726
B2-000378,MU,MU|swing|2024-03-21T04:00:00Z,USD,2024-03-22T13:30:00Z,2024-05-20T20:00:00Z,tiempo,40,103.37871678711647,109.36465255737303,128.93550000000002,100.90714045933315,0.9168423947923352,0.9207255317189945,874.3267479068766,2023.2090950551978,24.635163981555316,11.888552430518395,2010.462483504161,2.2994406705698687,801.619829381935,1906.7229283252639,22.63832179740028,10.996718555654793,1895.0813250835183,2.3640649290632743,11.319640409339343,51.75905644922338
B2-000379,7011.T,7011.T|swing|2024-03-21T15:00:00Z,JPY,2024-03-25T00:00:00Z,2024-05-09T06:00:00Z,stop,30,1581.8060737639644,1350.675,1266.5092857142859,1267.142857142857,0.0061072431904238425,0.005982650314089141,132131.6509259477,-133133.83805982504,4139.87799930246,18981.672885167573,-118292.04317395993,-0.8952589507888304,806.9601253569543,-1062.6866157991021,25.033635830532184,116.08165903355902,-971.6385925960752,-1.204072620275105,12.516555372748936,-249.6058898932457
B2-000380,1810.HK,1810.HK|swing|2024-03-24T16:00:00Z,HKD,2024-03-26T01:30:00Z,2024-05-03T01:30:00Z,objetivo,24,4199.742085022453,15.187590305328369,17.991,13.554285321916852,0.11799688488223911,0.11957002618583573,6859.459676510245,11773.597676272391,139.34152202700548,0.0,11634.256154245386,1.6960892989991774,809.3948738035406,1508.1105678584984,16.56072825213814,0.0,1491.5498396063601,1.8427962517197691,8.28074322389692,118.86271820158694
B2-000381,7203.T,7203.T|swing|2024-04-01T15:00:00Z,JPY,2024-04-03T00:00:00Z,2024-05-10T06:00:00Z,stop,24,710.7612475289625,3634.8165,3445.2765000000004,3447.0,0.006134592969756457,0.005976571838393498,133492.6898465233,-134717.6868566392,5032.255733301075,0.0,-139749.94258994027,-1.0468733737451161,818.9233166463611,-1213.395426188733,30.483883392029256,0.0,-1243.879309580762,-1.5189203730022887,15.241642157566522,-386.9572514961431
B2-000382,COIN,COIN|swing|2024-04-04T04:00:00Z,USD,2024-04-05T13:30:00Z,2024-04-16T20:00:00Z,stop,7,26.753974201185088,245.03245866394042,212.43944901057654,212.54572187151228,0.9214891264283082,0.940114693992667,869.1493180253126,-871.9925394050738,12.239191615690952,0.0,-884.2317310207648,-1.0173530746474255,800.9116458029051,-697.6713761819437,11.38414225733817,0.0,-709.055518439282,-0.8853105360060805,5.691898133799025,105.86026720644006
B2-000383,AMD,AMD|swing|2024-04-05T04:00:00Z,USD,2024-04-08T13:30:00Z,2024-04-18T20:00:00Z,stop,8,60.019522026529174,168.2840969467163,153.65170583561488,153.72857012067522,0.9224241306152569,0.9364172675344132,873.6157629433085,-878.229120593541,19.32243300622248,0.0,-897.5515535997635,-1.0273985333962068,805.8442606247656,-681.0535978762782,17.952524602304536,0.0,-699.0061224785827,-0.867420861118559,8.97609428177535,129.0461351682209
B2-000384,ARM,ARM|swing|2024-04-08T04:00:00Z,USD,2024-04-09T13:30:00Z,2024-04-17T20:00:00Z,stop,6,48.581280028697925,133.57674950408935,115.33815647779193,115.39585440499442,0.9239582370876837,0.9400263207369806,883.2511559815123,-886.0541951400122,12.09260475082279,0.0,-898.146799890835,-1.0168645620313623,816.0871809863368,-728.6431762313189,11.263095663242765,0.0,-739.9062718945617,-0.9066510161332254,5.631367078668815,90.03389587439278
B2-000385,RACE.MI,RACE.MI|swing|2024-04-08T22:00:00Z,EUR,2024-04-10T07:00:00Z,2024-05-07T15:30:00Z,stop,18,41.75996108659924,387.69374999999997,371.0143904135568,371.19999040876115,1.0,1.0,688.7787587018558,-696.5294072792633,31.6836224197562,102.01958493456195,-626.1934447644575,-0.9091358246073773,688.7787587018558,-696.5294072792633,31.6836224197562,102.01958493456195,-626.1934447644575,-0.9091358246073773,15.84164103793469,0.0
B2-000386,XOM,XOM|swing|2024-04-15T04:00:00Z,USD,2024-04-16T13:30:00Z,2024-05-01T20:00:00Z,stop,11,142.9969765203345,119.61977755737304,115.73781638499669,115.79571424211774,0.9384384384384383,0.9330098899048329,546.8294921038349,-555.1087106191511,33.65542433485947,0.0,-588.7641349540106,-1.0766868712381243,513.1658146620072,-610.7786864789338,31.49370052286661,0.0,-642.2723870018003,-1.2515884118758538,15.746701503434894,-89.84333492192309
B2-000387,APP,APP|swing|2024-04-15T04:00:00Z,USD,2024-04-16T13:30:00Z,2024-06-12T20:00:00Z,tiempo,40,130.08703383078137,70.84540255737305,76.50173091506959,64.27085549490792,0.9384384384384383,0.9289363678588016,855.2633261369655,735.8149784256775,19.167951536898304,0.0,716.6470268887792,0.8379255896844247,802.6119802336386,595.9535622187967,17.8933790112359,0.0,578.0601832075608,0.7202237163707533,8.946840730718167,-94.56349711460905
B2-000388,COIN,COIN|swing|2024-04-16T04:00:00Z,USD,2024-04-17T13:30:00Z,2024-06-13T20:00:00Z,tiempo,40,22.148587384573776,222.15101328277586,247.51617938995363,183.67857360839844,0.940114693992667,0.9272997032640949,852.1101920256915,561.8025980490559,10.402464858579398,0.0,551.4001331904765,0.6470995633553595,801.0813124242657,457.90538464803467,9.709256574391704,0.0,448.19612807364297,0.5594889321750537,4.854743977227251,-70.25349290113901
B2-000389,6857.T,6857.T|swing|2024-04-17T15:00:00Z,JPY,2024-04-19T00:00:00Z,2024-04-22T06:00:00Z,stop,1,471.2446271195911,5502.75,5288.068928571429,5290.714285714285,0.006067224851352991,0.006072382803011901,99920.69111460776,-101167.30145499132,5085.115442309669,0.0,-106252.416897301,-1.063367513895904,606.2413002949143,-600.9512837415198,30.865392265370602,0.0,-631.8166760068904,-1.0421867921230945,15.432549752999913,12.853481790521613
B2-000390,BSP.DE,BSP.DE|swing|2024-04-17T22:00:00Z,EUR,2024-04-19T07:00:00Z,2024-06-17T15:30:00Z,tiempo,40,1020.64411253217,15.277635457992552,15.937027194976807,14.545713833400182,1.0,1.0,747.031496975184,673.0042942053403,31.85906166143098,0.0,641.1452325439094,0.8582572958971338,747.031496975184,673.0042942053403,31.85906166143098,0.0,641.1452325439094,0.8582572958971338,15.92970306421336,0.0
B2-000391,VVSM.DE,VVSM.DE|swing|2024-04-18T22:00:00Z,EUR,2024-04-22T07:00:00Z,2024-05-20T15:30:00Z,objetivo,19,448.43016952278936,34.3071459159851,38.833521374259675,32.92571585518973,1.0,1.0,619.4749163463467,2029.7633140778596,32.7984818319744,0.0,1996.9648322458852,3.223641150837797,619.4749163463467,2029.7633140778596,32.7984818319744,0.0,1996.9648322458852,3.223641150837797,16.39975245675201,0.0
B2-000392,0700.HK,0700.HK|swing|2024-04-21T16:00:00Z,HKD,2024-04-23T01:30:00Z,2024-05-02T08:00:00Z,objetivo,6,289.6513330694424,326.16299999999995,360.403649625097,303.91427176339283,0.1200249651927601,0.11930753904339214,6444.3737928329965,9917.849809073059,198.86494530493013,0.0,9718.98486376813,1.508134874885274,773.4857401739158,1115.496459744556,23.79386501990792,0.0,1091.702594724648,1.4114062328792023,11.897214358371068,-74.89311837645907
B2-000393,ARM,ARM|swing|2024-04-25T04:00:00Z,USD,2024-04-26T13:30:00Z,2024-06-05T20:00:00Z,objetivo,27,44.56367977781454,101.45070152664184,135.18815593845505,82.61685834612165,0.9328358208955223,0.919793966151582,839.305356482278,1503.4651149266606,10.545498267062477,0.0,1492.9196166595982,1.7787562120618032,782.9341011961548,1323.9156995489138,9.758648117586054,0.0,1314.1570514313278,1.6785027621399793,4.879656257631375,-78.57041512147876
B2-000394,8035.T,8035.T|swing|2024-04-30T15:00:00Z,JPY,2024-05-02T00:00:00Z,2024-07-01T06:00:00Z,tiempo,40,53.78533899570739,34517.25,34802.590000000004,32054.285714285714,0.005942829975634396,0.005815982319413749,132471.36904146321,15347.10862903535,3728.3910935281974,0.0,11618.717535507152,0.0877073862796007,787.254822852934,-146.2369510237236,21.919752143284004,0.0,-168.1567031670076,-0.21359882249768158,10.959842252363625,-237.4422082236728
B2-000395,XOM,XOM|swing|2024-05-01T04:00:00Z,USD,2024-05-02T13:30:00Z,2024-06-12T20:00:00Z,stop,28,145.8277336874693,116.31813213729858,110.77172723770143,110.82714080810547,0.9330098899048329,0.9289363678588016,800.7388212337756,-808.819656621328,33.115999536062354,138.53634700309584,-703.3993091542945,-0.8784378757489231,747.0972394418507,-820.4387435191314,30.831753076488035,128.32192201101876,-722.9485745846007,-0.9676766777035728,15.415675282474458,-65.8020047420007
B2-000396,BBVA.MC,BBVA.MC|swing|2024-05-01T22:00:00Z,EUR,2024-05-03T07:00:00Z,2024-06-14T07:00:00Z,stop,30,972.6284479960927,9.884940114498137,9.045475190639497,9.061857495989118,1.0,1.0,800.5535698129877,-816.4874660397878,18.412260458157498,0.0,-834.8997264979453,-1.0429030085931426,800.5535698129877,-816.4874660397878,18.412260458157498,0.0,-834.8997264979453,-1.0429030085931426,9.205928408692504,0.0
B2-000397,6857.T,6857.T|swing|2024-05-06T15:00:00Z,JPY,2024-05-08T00:00:00Z,2024-07-01T06:00:00Z,objetivo,38,450.8385269657587,5188.593,6457.367915178572,4888.482142857143,0.00600781015319916,0.005815982319413749,135301.5367607168,572012.6138102128,5250.447864099906,0.0,566762.165946113,4.18888195592665,812.8659462944837,2878.088198617653,30.985238996392923,0.0,2847.1029596212597,3.502549187353724,15.49334289358142,-558.454990389333
B2-000398,RRU.DE,RRU.DE|swing|2024-05-07T22:00:00Z,EUR,2024-05-09T07:00:00Z,2024-06-20T07:00:00Z,objetivo,30,3120.7743455437503,4.969483507633209,5.685156202077866,4.715285573686872,1.0,1.0,793.2943909499525,2233.4529846290566,33.250726267078036,0.0,2200.2022583619787,2.773500334128526,793.2943909499525,2233.4529846290566,33.250726267078036,0.0,2200.2022583619787,2.773500334128526,16.6259256532647,0.0
B2-000399,ADYEN.AS,ADYEN.AS|swing|2024-05-08T22:00:00Z,EUR,2024-05-10T07:00:00Z,2024-06-28T15:30:00Z,stop,35,6.622991457204406,1228.614,1107.5888031441825,1108.1428745814733,1.0,1.0,797.8792344867032,-801.5488448825608,15.472651207520908,0.0,-817.0214960900818,-1.0239914272436144,797.8792344867032,-801.5488448825608,15.472651207520908,0.0,-817.0214960900818,-1.0239914272436144,7.736127150581384,0.0
B2-000400,TSLA,TSLA|swing|2024-05-09T04:00:00Z,USD,2024-05-10T13:30:00Z,2024-07-02T20:00:00Z,objetivo,35,39.08607730521642,173.13652805328368,222.41249741731372,151.22999790736608,0.9317927692881104,0.9320533134495294,856.2403307723893,1926.004347851954,15.460459787546789,0.0,1910.5438880644072,2.2313173292607713,797.8385489865723,1796.9018958050121,14.408209610764793,0.0,1782.4936861942474,2.234153374086023,7.2045558319950125,2.2649708590991704
B2-000401,7203.T,7203.T|swing|2024-05-19T15:00:00Z,JPY,2024-05-21T00:00:00Z,2024-06-04T06:00:00Z,stop,10,788.350270273498,3468.7335,3292.103125,3293.75,0.005908419497784343,0.0058792404021400435,137948.2895184025,-139246.6038697591,5329.907380593714,0.0,-144576.5112503528,-1.0480485967248334,815.0563634765289,-898.456742934909,31.415599295254005,0.0,-929.872342230163,-1.1408687593872646,15.707578960334757,-75.7293936305714
B2-000402,7011.T,7011.T|swing|2024-05-19T15:00:00Z,JPY,2024-05-21T00:00:00Z,2024-06-19T06:00:00Z,objetivo,21,1243.2005832472157,1353.6765,1602.1137209821431,1242.7142857142858,0.005908419497784343,0.0059028392656867955,137948.28951840248,308857.2980253177,3674.6401266814173,0.0,305182.6578986363,2.212297513539844,815.0563634765288,1813.7440615908538,21.700200951730288,0.0,1792.0438606391235,2.19867476771222,10.850556624518505,-11.11442009492336
B2-000403,EUNH.DE,EUNH.DE|swing|2024-05-20T22:00:00Z,EUR,2024-05-22T07:00:00Z,2024-05-29T15:30:00Z,stop,5,148.41895317427597,109.77486122131347,109.01117911911011,109.06571197509766,1.0,1.0,105.25118876767826,-113.34489816695334,32.47199507647058,0.0,-145.81689324342392,-1.3854180171331523,105.25118876767826,-113.34489816695334,32.47199507647058,0.0,-145.81689324342392,-1.3854180171331523,16.235973261002933,0.0
B2-000404,6758.T,6758.T|swing|2024-05-28T15:00:00Z,JPY,2024-05-30T00:00:00Z,2024-07-08T06:00:00Z,objetivo,27,1115.3696037301274,2479.239,2807.1582187500003,2372.0,0.0058568583811643435,0.00574514535217741,119611.12093441517,365751.1290726808,5896.286771037236,0.0,359854.84230164357,3.008540004394392,700.5453961251914,1792.3769550035215,34.183940981971745,0.0,1758.1930140215497,2.5097488667348986,17.09242285832871,-349.7756107261285
B2-000405,ENI.MI,ENI.MI|swing|2024-06-02T22:00:00Z,EUR,2024-06-04T07:00:00Z,2024-06-04T15:30:00Z,stop,0,1145.9403724903354,14.329160549640655,14.073459416244713,14.08049966607775,1.0,1.0,284.95054553384995,-293.0182520499462,32.54770890340812,0.0,-325.56596095335436,-1.1425349628421035,284.95054553384995,-293.0182520499462,32.54770890340812,0.0,-325.56596095335436,-1.1425349628421035,16.273785265585094,0.0
B2-000406,6501.T,6501.T|swing|2024-06-03T15:00:00Z,JPY,2024-06-05T00:00:00Z,2024-06-05T06:00:00Z,stop,0,834.896577407228,3291.645,3153.7080714285717,3155.285714285714,0.005942123715015747,0.005942123715015747,113845.90094055151,-115163.06956235079,5381.2032195168795,0.0,-120544.27278186768,-1.0588371806624286,676.4864278361846,-684.3132067404536,31.975775266010338,0.0,-716.2889820064639,-1.0588371806624297,15.987720551632076,0.0
B2-000407,SU.PA,SU.PA|swing|2024-06-03T22:00:00Z,EUR,2024-06-05T07:00:00Z,2024-07-25T15:30:00Z,stop,36,71.36418596894308,226.71330610656736,215.40652508544923,215.5142822265625,1.0,1.0,799.2092228433012,-806.8992235011901,31.551521853744788,0.0,-838.450745354935,-1.0491004375200106,799.2092228433012,-806.8992235011901,31.551521853744788,0.0,-838.450745354935,-1.0491004375200106,15.775563145954646,0.0
B2-000408,7203.T,7203.T|swing|2024-06-11T15:00:00Z,JPY,2024-06-13T00:00:00Z,2024-06-13T06:00:00Z,stop,0,861.5536276433454,3227.613,3171.181473214286,3172.7678571428573,0.00590493061706525,0.00590493061706525,47252.03178718863,-48618.78661568424,5512.904590941958,0.0,-54131.6912066262,-1.1455949968547774,279.01996921871057,-287.09056165151816,32.553319108012744,0.0,-319.64388075953093,-1.145594996854785,16.27659185051186,0.0
B2-000409,6501.T,6501.T|swing|2024-06-11T15:00:00Z,JPY,2024-06-13T00:00:00Z,2024-07-09T06:00:00Z,objetivo,18,689.7734832223578,3428.7135,3846.914866071429,3227.1428571428573,0.00590493061706525,0.005734931467568962,139038.08443894106,288464.21296343807,5018.535520696481,0.0,283445.6774427416,2.0386189768546292,821.0102417416066,1252.2684425058303,29.183011328440543,0.0,1223.0854311773899,1.4897322457060491,14.591822379284162,-451.0927205496051
B2-000410,IFX.DE,IFX.DE|swing|2024-06-11T22:00:00Z,EUR,2024-06-13T07:00:00Z,2024-06-14T15:30:00Z,stop,1,395.8515829500578,38.79938877868652,36.70663488551549,36.72499738420759,1.0,1.0,821.1511171624621,-828.4199413366479,29.889178989738888,0.0,-858.3091203263867,-1.0452511144262049,821.1511171624621,-828.4199413366479,29.889178989738888,0.0,-858.3091203263867,-1.0452511144262049,14.944386125977413,0.0
B2-000411,ASML.AS,ASML.AS|swing|2024-06-12T22:00:00Z,EUR,2024-06-14T07:00:00Z,2024-07-17T15:30:00Z,stop,23,13.080920386312082,978.1888622131347,915.3349676862445,915.7928641183036,1.0,1.0,816.1970835029667,-822.1867902759082,24.769034468498518,0.0,-846.9558247444066,-1.0376854339021024,816.1970835029667,-822.1867902759082,24.769034468498518,0.0,-846.9558247444066,-1.0376854339021024,12.384314783629023,0.0
B2-000412,7203.T,7203.T|swing|2024-06-13T15:00:00Z,JPY,2024-06-17T00:00:00Z,2024-06-17T06:00:00Z,stop,0,885.5446264440753,3057.528,3034.8568125,3036.375,0.0059594755661501785,0.0059594755661501785,18731.92548317134,-20076.348265730765,5395.07863293887,0.0,-25471.426898669633,-1.3597869007942096,111.63245222390547,-119.64450694714394,32.15183929045811,0.0,-151.79634623760205,-1.3597869007942092,16.075893753073814,0.0
B2-000413,EUNL.DE,EUNL.DE|swing|2024-06-13T22:00:00Z,EUR,2024-06-17T07:00:00Z,2024-08-02T15:30:00Z,stop,34,168.71037848452133,94.31913917541503,92.57283432279316,92.61914389474052,1.0,1.0,286.80684722449735,-294.61975263519287,31.530615584601833,0.0,-326.1503682197947,-1.1371777604894535,286.80684722449735,-294.61975263519287,31.530615584601833,0.0,-326.1503682197947,-1.1371777604894535,15.765238078669537,0.0
B2-000414,7203.T,7203.T|swing|2024-06-16T15:00:00Z,JPY,2024-06-18T00:00:00Z,2024-07-26T06:00:00Z,stop,27,878.461747970153,3069.5339999999997,2988.6299375000003,2990.125,0.0059133108627520544,0.006037918125830213,69757.76894456158,-71071.12416163592,5321.865282025996,0.0,-76392.9894436619,-1.0951180148031041,412.49937286122395,-93.12210603387004,31.796987326806477,0.0,-124.91909336067651,-0.30283462613336554,15.898474357491786,327.1435444991316
B2-000415,ENR.DE,ENR.DE|swing|2024-06-17T22:00:00Z,EUR,2024-06-19T07:00:00Z,2024-08-14T15:30:00Z,tiempo,40,375.34787548425356,23.811899236679075,24.83757538127899,21.65142822265625,1.0,1.0,810.9282051587784,384.9853618104588,18.260476941275677,0.0,366.72488486918314,0.4522285481454909,810.9282051587784,384.9853618104588,18.260476941275677,0.0,366.72488486918314,0.4522285481454909,9.13033699956172,0.0
B2-000416,AIR.PA,AIR.PA|swing|2024-06-18T22:00:00Z,EUR,2024-06-20T07:00:00Z,2024-06-25T07:00:00Z,stop,3,109.59692664034803,148.39416732788087,134.9325,141.77142769949776,1.0,1.0,725.8319092100285,-1475.3573665905285,31.051731974388048,0.0,-1506.4090985649166,-2.0754241849251884,725.8319092100285,-1475.3573665905285,31.051731974388048,0.0,-1506.4090985649166,-2.0754241849251884,15.525501029227758,0.0
B2-000417,IFX.DE,IFX.DE|swing|2024-06-23T22:00:00Z,EUR,2024-06-25T07:00:00Z,2024-07-25T07:00:00Z,stop,22,486.855335644997,33.316649236679076,30.9845,31.855715615408762,1.0,1.0,711.2633285386197,-1135.419299397615,31.305357593982436,0.0,-1166.7246569915976,-1.6403554213722513,711.2633285386197,-1135.419299397615,31.305357593982436,0.0,-1166.7246569915976,-1.6403554213722513,15.652398855265377,0.0
B2-000418,7011.T,7011.T|swing|2024-06-27T15:00:00Z,JPY,2024-07-01T00:00:00Z,2024-07-04T06:00:00Z,objetivo,3,1060.7166661654214,1739.36925,2008.7495870535715,1605.357142857143,0.005815982319413749,0.005741187277528993,142148.8755143746,285736.213049982,3975.6921172312814,0.0,281760.5209327507,1.9821508957646174,826.7353467161487,1502.4699078888004,22.96318820602361,0.0,1479.5067196827767,1.78957719124927,11.48197259098069,-159.3668552261364
B2-000419,QDV5.DE,QDV5.DE|swing|2024-06-27T22:00:00Z,EUR,2024-07-01T07:00:00Z,2024-07-23T07:00:00Z,stop,16,1779.0497427213138,9.32566059923172,9.190402194976807,9.197571073259626,1.0,1.0,227.8776382259481,-240.6314292905976,32.940996750248374,0.0,-273.572426040846,-1.2005233517893055,227.8776382259481,-240.6314292905976,32.940996750248374,0.0,-273.572426040846,-1.2005233517893055,16.47044233487603,0.0
B2-000420,COIN,COIN|swing|2024-06-28T04:00:00Z,USD,2024-07-01T13:30:00Z,2024-08-05T13:30:00Z,stop,24,29.304627653786227,226.113,161.92898950958252,195.81285313197546,0.9341429238673516,0.9229349330872174,887.9345218224961,-1880.8885287483934,11.371426016612737,0.0,-1892.2599547650061,-2.1310805112984235,829.4577504180253,-1810.2036380448365,10.569352219368643,0.0,-1820.7729902642052,-2.195136508576335,5.284224879830962,-53.184928331250944
B2-000421,8035.T,8035.T|swing|2024-07-01T15:00:00Z,JPY,2024-07-03T00:00:00Z,2024-07-17T06:00:00Z,stop,9,63.080351368491094,35517.75,33196.25071428572,33212.857142857145,0.005770007501009752,0.005792064871126557,145393.45129529663,-146440.9906445578,4334.503308991891,0.0,-150775.4939535497,-1.0370170912809686,838.9213045715576,-798.776794160381,25.056305426348814,0.0,-823.8330995867298,-0.9820147552546261,12.527956150963144,46.188820314015906
B2-000422,AIR.PA,AIR.PA|swing|2024-07-02T22:00:00Z,EUR,2024-07-04T07:00:00Z,2024-07-25T15:30:00Z,stop,15,89.299367227447,136.9684438934326,127.39055425752913,127.45428139822823,1.0,1.0,849.6086905208588,-855.299483860503,23.607091255762715,0.0,-878.9065751162657,-1.0344839747077512,849.6086905208588,-855.299483860503,23.607091255762715,0.0,-878.9065751162657,-1.0344839747077512,11.803334753841927,0.0
B2-000423,ICGA.DE,ICGA.DE|swing|2024-07-04T22:00:00Z,EUR,2024-07-08T07:00:00Z,2024-07-24T15:30:00Z,stop,12,4447.114791293526,3.819909078240394,3.739343498008592,3.7412141050611223,1.0,1.0,349.96557922598726,-358.28438351799264,33.61686394296056,0.0,-391.9012474609532,-1.1198279794479054,349.96557922598726,-358.28438351799264,33.61686394296056,0.0,-391.9012474609532,-1.1198279794479054,16.8083466024679,0.0
B2-000424,AMAT,AMAT|swing|2024-07-08T04:00:00Z,USD,2024-07-09T13:30:00Z,2024-07-17T13:30:00Z,stop,6,64.26937853672064,248.124,231.1243854904175,233.69999258858817,0.9229349330872174,0.91726288754357,927.0219923404903,-1092.5546598946862,30.800995900195858,0.0,-1123.355655794882,-1.2117896501664434,855.5809804711494,-1092.6106777969107,28.343061274294037,0.0,-1120.9537390712048,-1.310166734251059,14.171261027291672,-84.25381587288074
B2-000425,ORCL,ORCL|swing|2024-07-16T04:00:00Z,USD,2024-07-17T13:30:00Z,2024-07-30T20:00:00Z,stop,9,131.3091565163432,140.5502357254028,136.66449359021868,136.7328600202288,0.91726288754357,0.9238728750923872,501.25638395238076,-510.23352221104267,36.40083228034065,0.0,-546.6343544913833,-1.0905284640590502,459.78387814380915,-349.4000684494102,33.50775073190988,0.0,-382.90781918132006,-0.8327995768950295,16.75379220438387,118.61820545541636
B2-000426,TSLA,TSLA|swing|2024-07-16T04:00:00Z,USD,2024-07-17T13:30:00Z,2024-07-24T13:30:00Z,stop,5,35.476882049949786,252.85636072540282,225.30728816986084,226.84571402413505,0.91726288754357,0.9208103130755064,922.7766450637923,-977.3551976384716,16.96375537243087,0.0,-994.3189530109025,-1.0775293873439595,846.4287700089822,-868.1363686696749,15.588578518570596,0.0,-883.7249471882454,-1.044062983798232,7.794074173711371,28.3552820719058
B2-000427,7011.T,7011.T|swing|2024-07-16T15:00:00Z,JPY,2024-07-18T00:00:00Z,2024-07-25T00:00:00Z,stop,5,1091.2396072729034,1952.9759999999999,1780.6092500000002,1822.2142857142858,0.005840780328251854,0.005979788315493632,142692.36174347426,-188093.42457690637,4074.236101929905,0.0,-192167.66067883628,-1.3467270310116979,833.4347394630819,-828.5099382857109,24.06682051266231,0.0,-852.5767587983731,-1.022967628332391,12.03320613714607,270.10243585660714
B2-000428,ADYEN.AS,ADYEN.AS|swing|2024-07-21T22:00:00Z,EUR,2024-07-23T07:00:00Z,2024-07-24T15:30:00Z,stop,1,14.600109687802222,1134.1667755737303,1081.9944682159423,1082.5357360839844,1.0,1.0,753.8188398455388,-761.7214100894355,32.35619724518542,0.0,-794.0776073346209,-1.0534064225528394,753.8188398455388,-761.7214100894355,32.35619724518542,0.0,-794.0776073346209,-1.0534064225528394,16.177912236716786,0.0
B2-000429,ARM,ARM|swing|2024-07-23T04:00:00Z,USD,2024-07-24T13:30:00Z,2024-07-25T20:00:00Z,stop,1,54.19761694705015,167.23356889343262,150.69532300240655,150.77070835658483,0.9208103130755064,0.921574048474795,892.2478092287846,-896.3335157779568,17.230988299370807,0.0,-913.5645040773276,-1.023891002732714,821.5909845568918,-819.1154682368757,15.872709407590717,0.0,-834.9881776444664,-1.016306402260244,7.936151908965737,6.237677046693827
B2-000430,6857.T,6857.T|swing|2024-07-23T15:00:00Z,JPY,2024-07-25T00:00:00Z,2024-07-25T06:00:00Z,stop,0,472.9369119861755,5702.849999999999,5618.332285714286,5621.142857142857,0.005979788315493632,0.005979788315493632,38642.32383007031,-39971.54680241532,5354.204990238306,0.0,-45325.75179265363,-1.1729561605035377,231.07291652257555,-239.0213885212885,32.017012439384715,0.0,-271.0384009606732,-1.1729561605035312,16.008450466455557,0.0
B2-000431,6501.T,6501.T|swing|2024-07-23T15:00:00Z,JPY,2024-07-25T00:00:00Z,2024-07-25T06:00:00Z,stop,0,845.5898363617315,3189.594,3153.4225,3155.0,0.005979788315493632,0.005979788315493632,29252.33479909778,-30586.252765958307,5363.590284274764,0.0,-35949.843050233074,-1.2289563652656492,174.92276983255266,-182.8993169046133,32.0731345110014,0.0,-214.9724514156147,-1.228956365265655,16.036525539802472,0.0
B2-000432,EXSA.DE,EXSA.DE|swing|2024-07-23T22:00:00Z,EUR,2024-07-25T07:00:00Z,2024-08-02T15:30:00Z,stop,6,316.14952358392685,50.47522576332092,50.03550570787703,50.06053597586496,1.0,1.0,131.1039787393225,-139.01728603888452,31.77641986969124,0.0,-170.79370590857576,-1.3027347266719447,131.1039787393225,-139.01728603888452,31.77641986969124,0.0,-170.79370590857576,-1.3027347266719447,15.888179152567488,0.0
B2-000433,TTE.PA,TTE.PA|swing|2024-07-23T22:00:00Z,EUR,2024-07-25T07:00:00Z,2024-07-25T15:30:00Z,stop,0,259.68323317333534,61.450708168029784,60.56255936619214,60.59285579408918,1.0,1.0,222.7698780503167,-230.63735240022342,31.6847998033299,0.0,-262.32215220355334,-1.1775476761014478,222.7698780503167,-230.63735240022342,31.6847998033299,0.0,-262.32215220355334,-1.1775476761014478,15.842346202912566,0.0
B2-000434,MC.PA,MC.PA|swing|2024-07-23T22:00:00Z,EUR,2024-07-25T07:00:00Z,2024-08-01T15:30:00Z,stop,5,24.276626645376034,657.3285,641.7129120428904,642.033929007394,1.0,1.0,371.30058968869275,-379.09379868277995,31.53634335704734,0.0,-410.63014203982726,-1.1059237540778197,371.30058968869275,-379.09379868277995,31.53634335704734,0.0,-410.63014203982726,-1.1059237540778197,15.768080847092305,0.0
B2-000435,TSM,TSM|swing|2024-07-24T04:00:00Z,USD,2024-07-25T13:30:00Z,2024-08-05T13:30:00Z,stop,7,62.17829327784893,158.23908366394042,133.79307061004639,144.32286071777344,0.9218289085545723,0.9229349330872174,865.2869916667015,-1520.0113691391466,18.158060935009978,0.0,-1538.1694300741565,-1.777640765304191,797.6465631145848,-1391.9893759064714,16.747826538685274,0.0,-1408.7372024451568,-1.7661170593457276,8.373567365390032,9.201045497608963
B2-000436,6501.T,6501.T|swing|2024-07-24T15:00:00Z,JPY,2024-07-26T00:00:00Z,2024-08-05T06:00:00Z,stop,6,559.0352868141943,3033.5159999999996,2799.3139285714287,2800.714285714286,0.006037918125830213,0.006196938712276136,130144.37311655014,-130927.22217354954,3260.757752057345,0.0,-134187.9799256069,-1.0310701624067566,785.8010694152284,-541.6741047570368,19.937042078257658,0.0,-561.6111468352944,-0.714698883335995,9.968388112698058,248.8537431692365
B2-000437,8035.T,8035.T|swing|2024-07-24T15:00:00Z,JPY,2024-07-26T00:00:00Z,2024-07-26T06:00:00Z,stop,0,91.25172462281674,28524.254999999997,28206.69316964286,28220.803571428572,0.006037918125830213,0.006037918125830213,27690.466196400008,-28978.064694467303,5176.796859967539,0.0,-34154.86155443484,-1.2334520232409543,167.1927677599324,-174.9671820702041,31.257075594538936,0.0,-206.22425766474305,-1.233452023240951,15.628497962596953,0.0
B2-000438,7011.T,7011.T|swing|2024-07-24T15:00:00Z,JPY,2024-07-26T00:00:00Z,2024-08-02T06:00:00Z,stop,5,635.6734322063937,1755.8774999999998,1550.3672857142858,1551.142857142857,0.006037918125830213,0.006147792942333702,130144.37311655014,-130637.38326847128,2101.6919706494928,0.0,-132739.07523912078,-1.0199371056960487,785.8010694152284,-680.4931937943068,12.798128675049817,0.0,-693.2913224693566,-0.8822733252135747,6.3988958139492915,108.28463055342517
B2-000439,6857.T,6857.T|swing|2024-07-24T15:00:00Z,JPY,2024-07-26T00:00:00Z,2024-08-01T06:00:00Z,objetivo,4,309.690536350175,5625.8115,6929.203308035715,5205.571428571428,0.006037918125830213,0.0061440157286802655,130144.37311655012,403648.108105005,3888.1692697849703,0.0,399759.93883522,3.0716651766205603,785.8010694152283,2664.869996216445,23.70412347816286,0.0,2641.1658727382824,3.361112596479114,11.852730919761864,227.6757678321617
B2-000440,ADYEN.AS,ADYEN.AS|swing|2024-07-24T22:00:00Z,EUR,2024-07-26T07:00:00Z,2024-08-02T15:30:00Z,stop,5,14.92187155155137,1051.725551147461,1033.5043646959577,1034.0213753836495,1.0,1.0,264.1794366736835,-271.8942037461984,31.115532959667767,0.0,-303.00973670586615,-1.1469845667062504,264.1794366736835,-271.8942037461984,31.115532959667767,0.0,-303.00973670586615,-1.1469845667062504,15.557702395706544,0.0
B2-000441,SAP.DE,SAP.DE|swing|2024-07-24T22:00:00Z,EUR,2024-07-26T07:00:00Z,2024-08-02T15:30:00Z,stop,5,80.54775702948416,194.83737549591063,186.9122126486642,187.0057155064174,1.0,1.0,630.8226459712333,-638.3540914391011,30.749073071974863,0.0,-669.103164511076,-1.0606834881155935,630.8226459712333,-638.3540914391011,30.749073071974863,0.0,-669.103164511076,-1.0606834881155935,15.374380791058941,0.0
B2-000442,APP,APP|swing|2024-07-25T04:00:00Z,USD,2024-07-26T13:30:00Z,2024-08-02T20:00:00Z,stop,5,82.55599877288498,78.85940969467163,68.51344255501884,68.54771641322544,0.921574048474795,0.9229349330872174,851.2921378894373,-854.1216504854837,12.166513009482006,0.0,-866.2881634949657,-1.0176156044888507,784.5287419495321,-779.4389176628013,11.220040079634673,0.0,-790.658957742436,-1.007813882991298,5.609826582543505,7.697429665079542
B2-000443,6758.T,6758.T|swing|2024-07-29T15:00:00Z,JPY,2024-07-31T00:00:00Z,2024-08-02T00:00:00Z,stop,2,989.3367351687473,2676.3374999999996,2547.7255,2576.285714285714,0.005966231131794045,0.006147792942333702,98984.90702637425,-127240.57618352256,5168.357432735852,0.0,-132408.9336162584,-1.3376679091184924,590.5668338784932,-301.5095350447306,31.2932521672366,0.0,-332.8027872119672,-0.5635311164128801,15.64655461787098,457.63715180881337
B2-000444,IFX.DE,IFX.DE|swing|2024-07-30T22:00:00Z,EUR,2024-08-01T07:00:00Z,2024-08-02T15:30:00Z,stop,1,321.87793218863385,32.36117372131348,29.804912298117365,29.819822209221975,1.0,1.0,818.0049696764706,-822.8041410319388,20.00989122019514,0.0,-842.814032252134,-1.0303287430948929,818.0049696764706,-822.8041410319388,20.00989122019514,0.0,-842.814032252134,-1.0303287430948929,10.004742410247793,0.0
B2-000445,6857.T,6857.T|swing|2024-07-31T15:00:00Z,JPY,2024-08-02T00:00:00Z,2024-08-05T00:00:00Z,stop,1,400.76041827585277,6503.25,5927.035000000001,6200.714285714285,0.006147792942333702,0.006196938712276136,121244.3394005269,-230924.1644168202,4981.566215888059,0.0,-235905.73063270823,-1.9457051091960755,745.3850940644712,-1302.9369675458072,30.742374604474847,0.0,-1333.679342150282,-1.7892487423888934,15.37086541070999,116.73698067022713
B2-000446,8035.T,8035.T|swing|2024-07-31T15:00:00Z,JPY,2024-08-02T00:00:00Z,2024-08-02T06:00:00Z,stop,0,95.27954348182308,27353.67,27100.014642857142,27113.571428571428,0.006147792942333702,0.006147792942333702,22876.482276352108,-24168.166630290092,5188.322213674588,0.0,-29356.488843964682,-1.2832606206379507,140.63987628397953,-148.5808842388445,31.896730687781808,0.0,-180.4776149266263,-1.2832606206379658,15.94833218575149,0.0
B2-000447,SU.PA,SU.PA|swing|2024-07-31T22:00:00Z,EUR,2024-08-02T07:00:00Z,2024-08-02T15:30:00Z,stop,0,74.98630648309707,210.15502805328367,209.79505070808955,209.90000070844377,1.0,1.0,19.123558641735414,-26.99337153369826,31.490505313601084,0.0,-58.48387684729934,-3.058210971239612,19.123558641735414,-26.99337153369826,31.490505313601084,0.0,-58.48387684729934,-3.058210971239612,15.745249844768704,0.0
B2-000448,TSLA,TSLA|swing|2024-08-01T04:00:00Z,USD,2024-08-02T13:30:00Z,2024-08-05T13:30:00Z,stop,1,32.806279865512565,214.9874448852539,185.1273912200928,189.07713971819197,0.9268699601445918,0.9229349330872174,850.0207227114697,-979.5972773384993,13.126279291615695,0.0,-992.723556630115,-1.1678815940668357,787.858673381657,-931.858050596237,12.142455202674867,0.0,-944.000505798912,-1.198185077720933,6.07099615457294,-23.898761191751646
B2-000449,6758.T,6758.T|swing|2024-08-01T15:00:00Z,JPY,2024-08-05T00:00:00Z,2024-08-05T06:00:00Z,stop,0,1037.525137736266,2365.182,2285.0354821428573,2286.1785714285716,0.006196938712276136,0.006196938712276136,81968.04311020834,-83154.02697881388,4824.71753366386,0.0,-87978.74451247774,-1.073329814574051,507.95093951916925,-515.3004088666655,29.898478860159017,0.0,-545.1988877268245,-1.0733298145740502,14.949114342254404,0.0
B2-000450,0700.HK,0700.HK|swing|2024-08-01T16:00:00Z,HKD,2024-08-05T01:30:00Z,2024-09-25T01:30:00Z,objetivo,35,365.3725259577931,352.176,417.791,348.69285692487443,0.11816838995568685,0.11538284026399594,1272.6447836310185,23973.918290720594,281.3247876941441,0.0,23692.59350302645,18.616815790049795,150.38638506718092,2407.7469671787585,32.81848485827754,0.0,2374.9284823204807,15.792177471780757,16.409848468342283,-425.21235816488695
B2-000451,1810.HK,1810.HK|swing|2024-08-01T16:00:00Z,HKD,2024-08-05T01:30:00Z,2024-08-05T08:00:00Z,stop,0,8170.974015713513,15.747869771003723,15.70535733065435,15.713213937623161,0.11816838995568685,0.11816838995568685,283.17191404546725,-347.36804543929986,257.0035013579842,0.0,-604.371546797284,-2.1342919859638467,33.461969163423014,-41.04792265161719,30.36968996844717,0.0,-71.41761262006436,-2.1342919859638845,15.184838518452121,0.0
B2-000452,9988.HK,9988.HK|swing|2024-08-01T16:00:00Z,HKD,2024-08-05T01:30:00Z,2024-08-26T08:00:00Z,objetivo,15,1734.472373439627,74.18707652664185,83.70009655805998,71.90713936941964,0.11816838995568685,0.1153030163269071,3954.488012380398,16500.07043247253,273.85093983589604,0.0,16226.219492636634,4.103241542732428,467.29548152205587,1533.8046932044415,31.94454258430323,0.0,1501.8601506201383,3.2139410929640073,15.972658736487737,-415.9820639562695
B2-000453,RACE.MI,RACE.MI|swing|2024-08-01T22:00:00Z,EUR,2024-08-05T07:00:00Z,2024-08-28T15:30:00Z,objetivo,16,38.78663198602841,387.89386221313475,439.4497660950252,373.57142857142856,1.0,1.0,555.518962805171,1999.6798705739388,32.08987283717408,0.0,1967.5899977367649,3.541895289768585,555.518962805171,1999.6798705739388,32.08987283717408,0.0,1967.5899977367649,3.541895289768585,16.04544034991285,0.0
B2-000454,ZPRR.DE,ZPRR.DE|swing|2024-08-01T22:00:00Z,EUR,2024-08-05T07:00:00Z,2024-08-05T15:30:00Z,stop,0,284.21050345530006,52.93645484733581,52.88854082781928,52.91499832698277,1.0,1.0,6.098168451936744,-13.617667609360874,30.07657529899078,0.0,-43.694242908351654,-7.165142001689803,6.098168451936744,-13.617667609360874,30.07657529899078,0.0,-43.694242908351654,-7.165142001689803,15.038288004648969,0.0
B2-000455,ENI.MI,ENI.MI|swing|2024-08-01T22:00:00Z,EUR,2024-08-05T07:00:00Z,2024-09-11T15:30:00Z,stop,26,1087.9451732147488,13.828910549640655,13.642603789602008,13.649428503853935,1.0,1.0,195.26662539237094,-202.69154032132468,29.887501426278817,0.0,-232.5790417476035,-1.191084453271298,195.26662539237094,-202.69154032132468,29.887501426278817,0.0,-232.5790417476035,-1.191084453271298,14.94370377617988,0.0
B2-000456,IBE.MC,IBE.MC|swing|2024-08-01T22:00:00Z,EUR,2024-08-05T07:00:00Z,2024-08-05T15:30:00Z,stop,0,1222.5672732737107,12.30615019083023,11.978293756621225,11.98428589957101,1.0,1.0,393.5007489289611,-400.8265467961454,29.689366419803996,0.0,-430.5159132159494,-1.0940663121677328,393.5007489289611,-400.8265467961454,29.689366419803996,0.0,-430.5159132159494,-1.0940663121677328,14.84458671441034,0.0
B2-000457,BSP.DE,BSP.DE|swing|2024-08-01T22:00:00Z,EUR,2024-08-05T07:00:00Z,2024-09-30T15:30:00Z,tiempo,40,1027.8590278074992,14.637315114498138,14.672660305023195,14.496874826295036,1.0,1.0,144.35281809744558,36.32987317075549,30.126522839770892,0.0,6.203350330984598,0.04297353119075942,144.35281809744558,36.32987317075549,30.126522839770892,0.0,6.203350330984598,0.04297353119075942,15.063274268170613,0.0
B2-000458,V,V|swing|2024-08-02T04:00:00Z,USD,2024-08-05T13:30:00Z,2024-08-05T20:00:00Z,stop,0,61.19623946172057,261.58073721313474,256.50024319893976,256.62855747767856,0.9229349330872174,0.9119095385737734,303.05477694845666,-310.9071282765142,31.70460773786028,0.0,-342.61173601437446,-1.1305274230098858,279.6998402846854,-460.01101686102754,29.088226053869747,0.0,-489.0992429148973,-1.7486575695469828,14.54400166017732,-173.06396722880382
B2-000459,NVDA,NVDA|swing|2024-08-02T04:00:00Z,USD,2024-08-05T13:30:00Z,2024-08-05T20:00:00Z,stop,0,173.79706689768082,92.10602755737304,91.90545446940831,91.95143018450055,0.9229349330872174,0.9119095385737734,26.868569955325402,-34.85901438688015,31.980655851749912,0.0,-66.83967023863006,-2.487652686755006,24.79794181386747,-208.28010869977058,29.339956962031003,0.0,-237.6200656618016,-9.582249504631067,14.669930078468008,-176.10750658912914
B2-000460,1810.HK,1810.HK|swing|2024-08-04T16:00:00Z,HKD,2024-08-06T01:30:00Z,2024-08-22T08:00:00Z,objetivo,12,7782.584646111289,16.008,18.852176288221564,15.206071070262364,0.11718521122634323,0.11542812290786528,6241.079775848574,22135.042711546947,271.302272741446,0.0,21863.7404388055,3.50319836054856,731.362251813274,2336.1020160627663,31.53481649779934,0.0,2304.567199564967,3.151061179123245,15.767996216400679,-257.79763959399247
B2-000461,VVSM.DE,VVSM.DE|swing|2024-08-04T22:00:00Z,EUR,2024-08-06T07:00:00Z,2024-10-01T15:30:00Z,tiempo,40,179.4238954275694,35.117548473358156,37.50124045753479,31.04178558077131,1.0,1.0,731.2892550270698,427.69130130044414,13.029545991213269,0.0,414.6617553092309,0.5670283714121871,731.2892550270698,427.69130130044414,13.029545991213269,0.0,414.6617553092309,0.5670283714121871,6.514881547152306,0.0
B2-000462,BBVA.MC,BBVA.MC|swing|2024-08-04T22:00:00Z,EUR,2024-08-06T07:00:00Z,2024-10-01T15:30:00Z,tiempo,40,1660.81297279983,8.806401045799255,9.295350190639496,8.396303313119072,1.0,1.0,681.0956345510457,812.0530827900553,30.063623283872843,0.0,781.9894595061825,1.1481345934945575,681.0956345510457,812.0530827900553,30.063623283872843,0.0,781.9894595061825,1.1481345934945575,15.03201841321087,0.0
B2-000463,SIE.DE,SIE.DE|swing|2024-08-04T22:00:00Z,EUR,2024-08-06T07:00:00Z,2024-09-26T15:30:00Z,objetivo,37,93.52831463329703,156.37815305328368,176.689635252612,149.57035037449427,1.0,1.0,636.7223109032187,1899.69869780739,31.15126889889018,0.0,1868.5474289085,2.9346347644986444,636.7223109032187,1899.69869780739,31.15126889889018,0.0,1868.5474289085,2.9346347644986444,15.576113268145251,0.0
B2-000464,RRU.DE,RRU.DE|swing|2024-08-04T22:00:00Z,EUR,2024-08-06T07:00:00Z,2024-10-01T15:30:00Z,objetivo,40,1332.3638538983982,5.30665190076828,6.427963154977986,4.757785873753684,1.0,1.0,731.2892550270698,1493.9945840784906,15.634776939688264,0.0,1478.3598071388024,2.021580102505511,731.2892550270698,1493.9945840784906,15.634776939688264,0.0,1478.3598071388024,2.021580102505511,7.8177639229309905,0.0
B2-000465,ASML.AS,ASML.AS|swing|2024-08-04T22:00:00Z,EUR,2024-08-06T07:00:00Z,2024-10-01T15:30:00Z,tiempo,40,5.4600246878244,777.7887244262695,741.4290877990724,643.8535690307617,1.0,1.0,731.2892550270698,-198.52451362482057,8.29496676093294,0.0,-206.8194803857535,-0.2828148765540084,731.2892550270698,-198.52451362482057,8.29496676093294,0.0,-206.8194803857535,-0.2828148765540084,4.14743478619596,0.0
B2-000466,7011.T,7011.T|swing|2024-08-13T15:00:00Z,JPY,2024-08-15T00:00:00Z,2024-10-15T06:00:00Z,tiempo,40,376.66163303570147,1865.9325,2238.88,1537.857142857143,0.006173601679219657,0.006120325601321991,123573.3997801995,140475.01438658236,1546.1253795553603,4143.277963392717,143072.16697041973,1.1577909746345312,762.8929483899216,822.3090577204673,9.500234512522159,25.769859207567585,838.5786824155127,1.0992088525465142,4.75032402110601,-44.92772698494279
B2-000467,8035.T,8035.T|swing|2024-08-13T15:00:00Z,JPY,2024-08-15T00:00:00Z,2024-09-05T06:00:00Z,stop,15,25.30781561521139,27073.53,22179.61892857143,22190.714285714286,0.006173601679219657,0.006239860227130913,123573.39978019951,-123854.19903295579,1246.4896115528322,0.0,-125100.68864450863,-1.0123593659074341,762.8929483899217,-727.4343949946008,7.732522455146084,0.0,-735.1669174497468,-0.9636567214329477,3.8660803354937743,37.19209613366038
B2-000468,AVGO,AVGO|swing|2024-08-21T04:00:00Z,USD,2024-08-22T13:30:00Z,2024-09-04T20:00:00Z,stop,8,42.324943531489055,170.92541633605956,150.21770461382184,150.2928510393415,0.8996041741633681,0.9049773755656109,873.2721610933519,-876.4527293100654,13.59236445972989,0.0,-890.0450937697952,-1.019206993448003,785.5992813002446,-754.2979563738674,12.261910382093166,0.0,-766.5598667559606,-0.975764470516353,6.130768149249186,34.16257737034331
B2-000469,TSLA,TSLA|swing|2024-08-21T04:00:00Z,USD,2024-08-22T13:30:00Z,2024-10-18T20:00:00Z,tiempo,40,40.31370558571449,223.93191732788085,220.58964694976808,202.26999991280692,0.8996041741633681,0.9219138932423712,873.2721610933518,-134.73930401109294,17.920311468790395,0.0,-152.65961547988334,-0.1748133311483912,785.5992813002445,77.18351901553407,16.3195825589593,0.0,60.86393645657478,0.07747453174325586,8.159812615311795,198.39555932778103
B2-000470,UBER,UBER|swing|2024-08-23T04:00:00Z,USD,2024-08-26T13:30:00Z,2024-09-06T20:00:00Z,stop,8,188.92367746990092,74.33715305328369,69.66086736542839,69.6957152230399,0.899199712256092,0.900657479960371,876.8775036375743,-883.4610890494881,27.204635565888964,0.0,-910.665724615377,-1.0385324299433367,788.487998954747,-775.222878017237,24.48158555192472,0.0,-799.7044635691617,-1.0142252826032656,12.240602030390685,19.18507904551568
B2-000471,6857.T,6857.T|swing|2024-08-26T15:00:00Z,JPY,2024-08-28T00:00:00Z,2024-09-09T00:00:00Z,stop,8,182.45179204815364,6213.105,5497.25,5518.857142857143,0.006201935003721161,0.006292078273453722,126666.76566130471,-130609.02759663094,2136.575255270056,0.0,-132745.602851901,-1.0479907824192065,785.5790477629913,-719.6165226857424,13.341313041111622,0.0,-732.9578357268541,-0.9330160189659068,6.670478284044217,90.41217736778665
B2-000472,6501.T,6501.T|swing|2024-08-27T15:00:00Z,JPY,2024-08-29T00:00:00Z,2024-09-09T00:00:00Z,stop,7,526.4535148332299,3430.7144999999996,3141.4285,3190.714285714286,0.006227813414710096,0.006292078273453722,126348.95637144239,-152295.63149204553,3459.927782336608,0.0,-155755.55927438213,-1.232741161838249,786.8777254246895,-842.1865203329548,21.654066913239028,0.0,-863.8405872461939,-1.0978079050083243,10.826825616694537,106.28225647495113
B2-000473,1810.HK,1810.HK|swing|2024-09-03T16:00:00Z,HKD,2024-09-05T01:30:00Z,2024-09-25T01:30:00Z,objetivo,12,5227.310817038784,18.649319389343262,21.83907538127899,17.382857458932058,0.11604428249820131,0.11538284026399594,6620.190148206305,16673.846000359918,211.64542394901025,0.0,16462.20057641091,2.486665821958487,768.2352157502617,1859.3944915835443,24.4847313621768,0.0,1834.9097602213676,2.3884738978405036,12.242833590419746,-75.51000401372582
B2-000474,7203.T,7203.T|swing|2024-09-05T15:00:00Z,JPY,2024-09-09T00:00:00Z,2024-09-11T06:00:00Z,stop,2,947.4142953993039,2499.249,2446.7760000000003,2448.0,0.006292078273453722,0.006336734047272036,48554.035224918734,-49713.6703224872,4685.9347904023425,0.0,-54399.60511288955,-1.1203930808405966,305.5057901272179,-209.28528407477305,29.58778550636649,0.0,-238.87306958113953,-0.7818937555378858,14.793844130320274,103.51702085498897
B2-000475,6758.T,6758.T|swing|2024-09-05T15:00:00Z,JPY,2024-09-09T00:00:00Z,2024-09-17T00:00:00Z,stop,5,939.1432182172465,2521.2599999999998,2509.7445000000002,2515.4285714285716,0.006292078273453722,0.0064242579982012075,5476.5465953750845,-10814.703729380251,4724.833756995449,0.0,-15539.5374863757,-2.8374701494366468,34.45885984631652,243.50190808808472,30.040572698529346,0.0,213.46133538955536,6.194672033305052,15.02035097982657,311.54887045755584
B2-000476,ENR.DE,ENR.DE|swing|2024-09-09T22:00:00Z,EUR,2024-09-11T07:00:00Z,2024-09-13T15:30:00Z,objetivo,2,376.0805348020207,25.242614542007445,28.997012174470086,23.24142864772252,1.0,1.0,752.6070613609352,1411.9558694759905,20.39846782299484,0.0,1391.5574016529956,1.8489826538919927,752.6070613609352,1411.9558694759905,20.39846782299484,0.0,1391.5574016529956,1.8489826538919927,10.199589450360993,0.0
B2-000477,AVGO,AVGO|swing|2024-09-10T04:00:00Z,USD,2024-09-11T13:30:00Z,2024-11-06T21:00:00Z,tiempo,40,50.813959367090554,148.46419438934325,179.46022805023193,132.10000828334265,0.9065361254645998,0.9350163627863488,831.5290878658224,1575.0311949853688,16.66313827732121,26.931398464557994,1585.2994551726056,1.9064870709951802,753.8111575249955,1687.5363744306992,15.365450509446422,24.14073006862495,1696.3116539898776,2.2503138047988234,7.683149059603487,259.7136974427844
B2-000478,9988.HK,9988.HK|swing|2024-09-10T16:00:00Z,HKD,2024-09-12T01:30:00Z,2024-09-25T01:30:00Z,objetivo,8,1133.6744919156506,82.59127805328369,94.9525,76.84999738420758,0.1161359254871902,0.11538284026399594,6508.743445459999,14013.602009900205,201.2768523773414,0.0,13812.325157522864,2.1221185430434018,755.8989437971801,1546.4166088820018,23.2944075000442,0.0,1523.1222013819577,2.0149812536193146,11.647593266072068,-81.06602994690574
B2-000479,MC.PA,MC.PA|swing|2024-09-12T22:00:00Z,EUR,2024-09-16T07:00:00Z,2024-09-18T15:30:00Z,stop,2,25.584970419818706,608.6041377868652,598.4881308697293,598.7875246320452,1.0,1.0,251.15775718887153,-258.81773774160354,30.883419987570825,0.0,-289.7011577291744,-1.1534629110074355,251.15775718887153,-258.81773774160354,30.883419987570825,0.0,-289.7011577291744,-1.1534629110074355,15.441649149760241,0.0
B2-000480,7203.T,7203.T|swing|2024-09-12T15:00:00Z,JPY,2024-09-17T00:00:00Z,2024-11-15T06:30:00Z,tiempo,40,870.4229596152312,2437.71825,2702.648,2299.714285714286,0.0064242579982012075,0.0060886507549926935,120121.81903220595,230600.9370851235,4474.292804831248,34816.91838460925,260943.5626649015,2.1723244350382314,771.6935566761272,691.9417053050258,27.954513128574483,216.55005836925767,880.537250545709,1.1410452282877652,13.977433044070526,-789.4982091567715
B2-000481,6857.T,6857.T|swing|2024-09-17T15:00:00Z,JPY,2024-09-19T00:00:00Z,2024-10-10T06:00:00Z,objetivo,14,139.63996983395054,6328.162499999999,7752.853776785715,5455.571428571428,0.006331518298087881,0.006136098668466589,121848.59089166023,198943.8469130498,1966.2726881217238,2653.1594268450604,199630.73365177316,1.6383507777227535,771.4865828267712,1048.0537003587729,12.237928597209944,16.501800142088943,1052.317571903652,1.3640127972775624,6.119227841836041,-211.56290666319657
B2-000482,8035.T,8035.T|swing|2024-09-17T15:00:00Z,JPY,2024-09-19T00:00:00Z,2024-11-19T06:30:00Z,tiempo,40,41.93531214582629,23061.524999999998,21989.0,20155.89285714286,0.006331518298087881,0.0061072431904238425,121848.59089166025,-44976.670659202246,1889.2078282083507,11112.857718643967,-35753.02076876663,-0.2934217007117946,771.4865828267712,-491.57818397416605,11.754746362483685,69.11840850008687,-434.2145218365629,-0.5628283517849084,5.877251756008208,-206.80757070835492
B2-000483,MC.PA,MC.PA|swing|2024-09-23T22:00:00Z,EUR,2024-09-25T07:00:00Z,2024-09-27T07:00:00Z,objetivo,2,26.35125116114265,614.307,699.6500000000001,583.2856968470982,1.0,1.0,817.450150728063,2248.894827845399,34.62441092194152,0.0,2214.2704169234576,2.708752839486683,817.450150728063,2248.894827845399,34.62441092194152,0.0,2214.2704169234576,2.708752839486683,17.312772012868756,0.0
B2-000484,EUNL.DE,EUNL.DE|swing|2024-09-23T22:00:00Z,EUR,2024-09-25T07:00:00Z,2024-11-06T08:00:00Z,objetivo,30,170.90775929499628,95.6598055114746,101.17938835525513,93.94828469412667,1.0,1.0,292.5121878796756,943.3395360736332,33.641345565196154,0.0,909.698190508437,3.109949698515263,292.5121878796756,943.3395360736332,33.641345565196154,0.0,909.698190508437,3.109949698515263,16.820912822708845,0.0
B2-000485,ENR.DE,ENR.DE|swing|2024-09-23T22:00:00Z,EUR,2024-09-25T07:00:00Z,2024-11-04T16:30:00Z,objetivo,28,386.26502453214124,32.60629515266418,39.37343063938618,30.490001678466797,1.0,1.0,817.450150728063,2613.907754790996,27.803250548883135,0.0,2586.104504242113,3.1636234967218435,817.450150728063,2613.907754790996,27.803250548883135,0.0,2586.104504242113,3.1636234967218435,13.902282226948888,0.0
B2-000486,6501.T,6501.T|swing|2024-09-25T15:00:00Z,JPY,2024-09-27T00:00:00Z,2024-11-01T06:00:00Z,stop,24,506.5417463472995,3984.9914999999996,3716.141,3718.0,0.006219679064560268,0.006013229104028863,135242.34066988484,-136184.00177634443,3900.9451054019446,0.0,-140084.94688174638,-1.035806879619763,841.1639549066105,-1235.6381754032059,23.874009213440488,0.0,-1259.5121846166464,-1.4973444561785612,11.936698681349672,-388.61739062683756
B2-000487,SU.PA,SU.PA|swing|2024-09-25T22:00:00Z,EUR,2024-09-27T07:00:00Z,2024-10-01T15:30:00Z,stop,2,70.467746584395,241.67077805328367,234.06862186431886,234.1857147216797,1.0,1.0,527.4555460196168,-535.7068158189625,33.52428347360576,0.0,-569.2310992925683,-1.0792020362440131,527.4555460196168,-535.7068158189625,33.52428347360576,0.0,-569.2310992925683,-1.0792020362440131,16.762012000599732,0.0
B2-000488,APP,APP|swing|2024-09-26T04:00:00Z,USD,2024-09-27T13:30:00Z,2024-10-21T20:00:00Z,objetivo,16,75.72558435147437,129.0144719467163,156.467056157044,116.4724360874721,0.8964589870013447,0.9214042200313278,949.7529943984125,2078.8629812851236,21.618255537209098,0.0,2057.2447257479143,2.1660839585465097,851.4146072598948,2159.1804741089395,19.675444531414165,0.0,2139.5050295775254,2.5128826911521855,9.838264520390446,295.5650717914829
B2-000489,6758.T,6758.T|swing|2024-09-29T15:00:00Z,JPY,2024-10-01T00:00:00Z,2024-11-28T06:30:00Z,tiempo,40,778.610445717556,2778.88875,3056.471,2608.4285714285716,0.006257039169065198,0.006263701847792045,132722.07561459416,216128.439395782,4543.472055869786,0.0,211584.96733991223,1.5941957384265493,830.4472257201486,1368.179955332389,28.444538461614485,0.0,1339.7354168707745,1.6132697844935067,14.22261483145012,15.855844484047195
B2-000490,9988.HK,9988.HK|swing|2024-09-29T16:00:00Z,HKD,2024-10-02T01:30:00Z,2024-10-09T08:00:00Z,stop,5,807.150440716092,110.45520152664184,101.47066916438511,101.52142987932477,0.11603485687100405,0.11713716762328685,7210.897722388903,-7251.869255823511,171.05605992740396,0.0,-7422.925315750915,-1.0294037721133795,836.7154851288456,-751.1880508235835,19.93874699091734,0.0,-771.1267978145008,-0.9216117204951157,9.969188190742244,90.28156032313258
B2-000491,1810.HK,1810.HK|swing|2024-09-29T16:00:00Z,HKD,2024-10-02T01:30:00Z,2024-10-25T08:00:00Z,objetivo,16,4572.644504266893,22.51125,26.303270702336516,20.93428557259696,0.11603485687100405,0.11915258680265949,7210.897722388904,17339.56262460535,223.21144981796155,0.0,17116.35117478739,2.373678262228479,836.7154851288456,2386.980213142998,26.275295177387576,0.0,2360.70491796561,2.821395038006361,13.138247618308737,374.9865457911046
B2-000492,0700.HK,0700.HK|swing|2024-09-29T16:00:00Z,HKD,2024-10-02T01:30:00Z,2024-10-15T08:00:00Z,stop,8,249.91364506672517,450.22499999999997,421.1607568010603,421.37144252232144,0.11603485687100405,0.11803866946811775,7210.897722388904,-7263.550958952788,217.77119074137988,0.0,-7481.322149694168,-1.0375021859574614,836.7154851288456,-631.9161657049824,25.479957878496485,0.0,-657.3961235834789,-0.7856865747886173,12.739824145161343,210.90893019235017
B2-000493,EUNN.DE,EUNN.DE|swing|2024-09-30T22:00:00Z,EUR,2024-10-02T07:00:00Z,2024-10-22T15:30:00Z,stop,14,321.528961365637,51.53575332069396,50.44248181424822,50.46771567208426,1.0,1.0,343.40503585687503,-351.5184519581458,32.78895602483867,0.0,-384.3074079829845,-1.1191082478567869,343.40503585687503,-351.5184519581458,32.78895602483867,0.0,-384.3074079829845,-1.1191082478567869,16.394394231402952,0.0
B2-000494,NVDA,NVDA|swing|2024-10-08T04:00:00Z,USD,2024-10-09T13:30:00Z,2024-12-05T21:00:00Z,tiempo,40,84.68255516525873,134.17705561065674,144.98746755981446,123.28571428571429,0.9105809506465125,0.9487666034155597,922.3066125731008,915.4533062437213,23.640365133566576,0.8468255516525873,892.6597666618073,0.9678557591291869,839.8348320643788,1302.4343200730843,21.995306135154905,0.8034398023269329,1281.2424537402565,1.5255886095970366,10.997981425652009,468.8399782011822
B2-000495,9988.HK,9988.HK|swing|2024-10-09T16:00:00Z,HKD,2024-10-14T01:30:00Z,2024-11-11T01:30:00Z,stop,20,494.8831123467833,107.0535,91.30432347488404,92.62143380301339,0.11764567475676757,0.11941011403665891,7142.185837159539,-7794.001495648283,98.16393703958445,0.0,-7892.165432687867,-1.1050070122267495,840.2472720508629,-837.2044330133124,11.628288741800247,0.0,-848.8327217551126,-1.0102177656385536,5.813936523275382,79.72613199748471
B2-000496,XOM,XOM|swing|2024-10-14T04:00:00Z,USD,2024-10-15T13:30:00Z,2024-10-28T13:30:00Z,stop,9,151.62894162993058,120.88040969467163,116.7316059150696,118.84286172049386,0.9161704076958315,0.9237875288683602,308.9512428447843,-629.0787261313121,36.028858445459605,0.0,-665.1075845767717,-2.1527914192949815,283.05198611523986,-441.52110719102296,33.14339613659361,0.0,-474.66450332761656,-1.6769516788847576,16.57159183091556,134.82220580147512
B2-000497,0700.HK,0700.HK|swing|2024-10-17T16:00:00Z,HKD,2024-10-21T01:30:00Z,2024-12-16T08:00:00Z,tiempo,40,162.98500172789676,430.81530610656733,405.3972061004639,387.42857578822543,0.11866619200189867,0.12228377172065495,7071.386315902746,-4142.76907341462,136.2900977469519,0.0,-4279.059171161572,-0.6051230946806644,839.1344862825141,-252.5798822367414,16.412053655245934,0.0,-268.99193589198734,-0.32055879038372037,8.205965734142158,239.02674804860473
B2-000498,7011.T,7011.T|swing|2024-10-20T15:00:00Z,JPY,2024-10-22T00:00:00Z,2024-10-24T06:00:00Z,stop,2,793.7357470589677,2197.59825,2024.2730714285715,2025.2857142857142,0.006142883469500584,0.006073120369245719,136770.6192628037,-137574.3900975218,3351.050187300939,0.0,-140925.44028482275,-1.0303780230316542,840.165976182835,-957.1944638601356,20.473019783934333,0.0,-977.6674836440699,-1.163659933107446,10.236273152418942,-112.09101710344311
B2-000499,6857.T,6857.T|swing|2024-10-21T15:00:00Z,JPY,2024-10-23T00:00:00Z,2024-11-06T06:30:00Z,objetivo,9,218.64439556950003,8014.004999999999,9346.78855357143,7389.142857142857,0.006126700159294204,0.00602663773880552,136622.60553926247,291405.65449559595,3795.840213127498,0.0,287609.81428246846,2.1051407499311336,837.0457391205886,1580.8652124940295,23.051484981100216,0.0,1557.8137275129293,1.861085547307832,11.526140588385603,-204.48985732336982
B2-000500,ICGA.DE,ICGA.DE|swing|2024-10-22T22:00:00Z,EUR,2024-10-24T07:00:00Z,2024-12-19T16:30:00Z,tiempo,40,2452.817164033438,4.527262595415115,4.507245276689529,4.186857087271554,1.0,1.0,834.9524731060498,-49.098822948044436,22.159995977293484,0.0,-71.25881892533792,-0.08534476059487894,834.9524731060498,-49.098822948044436,22.159995977293484,0.0,-71.25881892533792,-0.08534476059487894,11.07998848393743,0.0
B2-000501,COIN,COIN|swing|2024-10-23T04:00:00Z,USD,2024-10-24T13:30:00Z,2024-11-06T21:00:00Z,objetivo,9,28.26044760214321,206.9734301147461,256.5112143657548,175.25428336007255,0.9287638153617536,0.9350163627863488,896.3972848451425,1399.9599561519074,13.09828350973917,0.0,1386.8616726421683,1.5471506842881124,832.5413623526912,1345.5576276512243,12.210537244617198,0.0,1333.347090406607,1.6015385549598178,6.10560653811652,45.325477421906044
B2-000502,PANW,PANW|swing|2024-10-24T04:00:00Z,USD,2024-10-25T13:30:00Z,2024-12-17T21:00:00Z,objetivo,36,79.6536945328576,183.95693799591064,205.69156034306118,172.64713614327567,0.9258401999814831,0.9526531389920929,900.8675019969322,1731.2429692269502,31.036942461879136,0.0,1700.206026765071,1.8872986571235655,834.0593482056589,2042.1600155719145,29.174554694446265,0.0,2012.9854608774683,2.4134798863031444,14.58779153417294,439.3056787262995
B2-000503,AMD,AMD|swing|2024-10-25T04:00:00Z,USD,2024-10-28T13:30:00Z,2024-10-31T20:00:00Z,stop,3,74.13360190280663,158.57925,146.21827971976143,146.29142543247767,0.9237875288683602,0.9189487226612755,910.9406947402279,-916.3632498876307,22.595738729203667,0.0,-938.9589886168343,-1.0307575389247445,841.5156533397023,-898.9760904769926,20.82121049528864,0.0,-919.7973009722812,-1.0930245888141288,10.410383106217685,-52.45114831751787
B2-000504,7011.T,7011.T|swing|2024-10-30T15:00:00Z,JPY,2024-11-01T00:00:00Z,2024-11-05T06:30:00Z,stop,1,1243.5062927240197,2148.0735,2037.1951785714286,2038.2142857142858,0.006013229104028863,0.0060433915513386114,136610.6242780021,-137877.89042310495,5204.407938544315,0.0,-143082.29836164927,-1.0473731389330112,821.4709818280342,-752.6818706844604,31.371706758103386,0.0,-784.0535774425638,-0.9544507289810715,15.68566913000102,76.4094728098568
B2-000505,AMD,AMD|swing|2024-10-31T04:00:00Z,USD,2024-11-01T13:30:00Z,2024-12-09T21:00:00Z,stop,25,73.3158128617345,144.51222244262695,132.39806664385114,132.46429879324776,0.9189487226612755,0.9462528387585163,883.3033156503498,-888.1591795209432,20.301902934153027,0.0,-908.4610824550963,-1.0284814585873299,811.7104536393583,-551.1351868613766,18.92144532561241,0.0,-570.056632186989,-0.7022906131504181,9.460587244156219,265.03755667927913
B2-000506,6501.T,6501.T|swing|2024-10-31T15:00:00Z,JPY,2024-11-05T00:00:00Z,2025-01-06T06:30:00Z,tiempo,40,402.5198681137296,3701.85,3969.0145,3365.5714285714284,0.0060433915513386114,0.006181615874389565,135358.80622090198,107539.01930467064,3087.6753668582905,0.0,104451.34393781234,0.7716627152233488,818.0262659146794,870.7285734701072,18.88085939811276,0.0,851.8477140719945,1.041345186049127,9.440649741361401,220.82817276502138
B2-000507,EXSA.DE,EXSA.DE|swing|2024-11-03T23:00:00Z,EUR,2024-11-05T08:00:00Z,2024-11-13T16:30:00Z,stop,6,324.26341668762075,50.44520816802978,49.43169976888384,49.456427982875276,1.0,1.0,320.6252411912176,-328.64369634866375,32.38642741581856,0.0,-361.0301237644823,-1.126019032135925,320.6252411912176,-328.64369634866375,32.38642741581856,0.0,-361.0301237644823,-1.126019032135925,16.193135595267215,0.0
B2-000508,ENI.MI,ENI.MI|swing|2024-11-04T23:00:00Z,EUR,2024-11-06T08:00:00Z,2024-11-13T16:30:00Z,stop,5,1183.8377299163294,14.11105209159851,13.70457320029395,13.711428914751325,1.0,1.0,473.08899450072227,-481.20504794089544,32.9291867017572,0.0,-514.1342346426527,-1.0867600823926327,473.08899450072227,-481.20504794089544,32.9291867017572,0.0,-514.1342346426527,-1.0867600823926327,16.464477165733093,0.0
B2-000509,TTE.PA,TTE.PA|swing|2024-11-04T23:00:00Z,EUR,2024-11-06T08:00:00Z,2024-11-08T16:30:00Z,stop,2,287.3317376656361,58.13905561065673,56.89957001607759,56.928034033094136,1.0,1.0,347.96493423164105,-356.14354970194944,33.05424819999615,0.0,-389.1977979019456,-1.1184971806465296,347.96493423164105,-356.14354970194944,33.05424819999615,0.0,-389.1977979019456,-1.1184971806465296,16.527039195868657,0.0
B2-000510,6857.T,6857.T|swing|2024-11-05T15:00:00Z,JPY,2024-11-07T00:00:00Z,2024-11-18T00:00:00Z,stop,7,159.61577154291106,9779.887499999999,8831.582,8896.714285714286,0.006058770069675855,0.006084205402774397,140968.37400424675,-151364.5140408858,2970.6840637898567,0.0,-154335.19810467568,-1.09482143916923,854.0949651878021,-881.2276213524017,18.03454685808257,0.0,-899.2621682104842,-1.0528831158871783,9.017055376398412,35.8551659295478
B2-000511,7011.T,7011.T|swing|2024-11-05T15:00:00Z,JPY,2024-11-07T00:00:00Z,2025-01-08T06:30:00Z,tiempo,40,592.4479371070152,2314.1565,2229.38475,2076.214285714286,0.006058770069675855,0.006102770657878676,140968.37400424678,-50222.848412451545,2691.811640723129,0.0,-52914.66005317467,-0.37536547063797854,854.0949651878022,-246.17296044940394,16.36718353234418,0.0,-262.54014398174814,-0.3073898742911096,8.18353226881462,58.11573032582506
B2-000512,1810.HK,1810.HK|swing|2024-11-07T16:00:00Z,HKD,2024-11-11T01:30:00Z,2024-12-27T08:00:00Z,objetivo,32,4151.775777789486,27.763875,33.80228553673199,26.035713740757533,0.11941011403665891,0.12384974548877303,7174.938056237045,25070.126602752705,255.60889404790282,0.0,24814.517708704803,3.458499225248919,856.7601715012294,3616.6823805627964,31.14534289105896,0.0,3585.5370376717374,4.1849950043652235,15.573579509518895,623.0557040146199
B2-000513,PLTR,PLTR|swing|2024-11-08T05:00:00Z,USD,2024-11-11T14:30:00Z,2024-12-03T21:00:00Z,objetivo,15,140.80100750541325,60.1630659198761,70.16214843887943,53.54600034441267,0.9283327144448571,0.9512937595129377,931.6894997546378,1407.8808928054343,18.34992148507173,0.0,1389.5309713203626,1.4914099296882686,864.917842326994,1533.8117862554516,17.261662317508975,0.0,1516.5501239379425,1.7534036757269138,8.631216769503984,226.82989542233386
B2-000514,9988.HK,9988.HK|swing|2024-11-12T16:00:00Z,HKD,2024-11-14T01:30:00Z,2024-11-20T08:00:00Z,stop,4,1327.7756053845371,89.19457652664184,83.83663562883649,83.87857491629464,0.12094530853148205,0.12145503127467057,7058.457256403928,-7114.143219198068,229.7466224701605,0.0,-7343.889841668229,-1.0404383812065074,853.6872906320514,-803.6818275597313,27.84351655774282,0.0,-831.5253441174742,-0.9740397370819835,13.921560838803945,56.74041902333035
B2-000515,IQQT.DE,IQQT.DE|swing|2024-11-12T23:00:00Z,EUR,2024-11-14T08:00:00Z,2024-11-29T08:00:00Z,stop,11,197.51538642654745,86.42318725204467,84.00797805023194,84.14000374930245,1.0,1.0,450.9638718268475,-477.0409787969944,33.662777473805946,0.0,-510.70375627080034,-1.1324715529914793,450.9638718268475,-477.0409787969944,33.662777473805946,0.0,-510.70375627080034,-1.1324715529914793,16.831273684473732,0.0
B2-000516,IFX.DE,IFX.DE|swing|2024-11-13T23:00:00Z,EUR,2024-11-15T08:00:00Z,2025-01-17T16:30:00Z,tiempo,40,444.80693981214665,30.11505038166046,33.98799856758118,28.19499942234584,1.0,1.0,854.051991496112,1722.7142306304002,28.51348103574042,0.0,1694.2007495946598,1.9837208582896588,854.051991496112,1722.7142306304002,28.51348103574042,0.0,1694.2007495946598,1.9837208582896588,14.257174760719582,0.0
B2-000517,ENR.DE,ENR.DE|swing|2024-11-14T23:00:00Z,EUR,2024-11-18T08:00:00Z,2025-01-20T16:30:00Z,tiempo,40,182.4556537457994,47.493736221313476,50.07494847488404,42.84857286725725,1.0,1.0,847.5363165203584,470.95676918188514,17.80195815136249,0.0,453.15481103052264,0.5346730307569512,847.5363165203584,470.95676918188514,17.80195815136249,0.0,453.15481103052264,0.5346730307569512,8.901099040147212,0.0
B2-000518,APP,APP|swing|2024-11-18T05:00:00Z,USD,2024-11-19T14:30:00Z,2024-12-06T21:00:00Z,objetivo,12,23.124709733339003,295.4276387786865,398.0078885171073,256.88943917410717,0.9476876421531464,0.9450902561194594,891.1846795013773,2372.1384995744047,16.035495287500108,0.0,2356.1030042869047,2.643787599227084,844.5647076396677,2224.1404760664836,15.172734854312981,0.0,2208.9677412121705,2.615510358449199,7.586925359006663,-23.905865455885927
B2-000519,GS,GS|swing|2024-11-19T05:00:00Z,USD,2024-11-20T14:30:00Z,2024-12-18T21:00:00Z,stop,19,25.22858491500313,584.1219320983886,548.1415069514683,548.4157148088727,0.9453582907922102,0.9527439024390243,900.8173348821034,-907.735211096993,28.565404318222782,75.68575474500939,-860.6148606702064,-0.9553711139260452,851.5951360201393,-756.0006061139009,27.106676203604167,72.03364875322109,-711.0736335642839,-0.8349902476984883,13.553152489937208,102.13440154065884
B2-000520,RRU.DE,RRU.DE|swing|2024-11-26T23:00:00Z,EUR,2024-11-28T08:00:00Z,2025-01-30T16:30:00Z,tiempo,40,1899.1505003258371,6.581289068698883,7.13443101143837,6.131428377968924,1.0,1.0,854.3531558767278,1050.4997973049033,26.048216652521795,0.0,1024.4515806523814,1.1990961508196227,854.3531558767278,1050.4997973049033,26.048216652521795,0.0,1024.4515806523814,1.1990961508196227,13.024374207302305,0.0
B2-000521,MC.PA,MC.PA|swing|2024-11-27T23:00:00Z,EUR,2024-11-29T08:00:00Z,2025-01-14T16:30:00Z,objetivo,29,29.11681806351256,585.1924744262695,658.8775137944903,561.6714542933872,1.0,1.0,684.8572638773503,2145.473885287243,36.22335950530008,160.14249934931908,2269.393025131262,3.3136730014119893,684.8572638773503,2145.473885287243,36.22335950530008,160.14249934931908,2269.393025131262,3.3136730014119893,18.11222064917675,0.0
B2-000522,6857.T,6857.T|swing|2024-12-02T15:00:00Z,JPY,2024-12-04T00:00:00Z,2025-02-05T06:30:00Z,tiempo,40,163.44667902494155,8856.426,8459.768,7999.0,0.006357279084551811,0.0062297533017692495,140143.43220963943,-64832.43280867517,2830.2744026516184,0.0,-67662.7072113268,-0.48281040462967034,890.9309104236454,-588.4904450671877,17.81651168754752,0.0,-606.3069567547352,-0.6805319578219943,8.908110948189657,-176.3325759719854
B2-000523,INTC,INTC|swing|2024-12-05T05:00:00Z,USD,2024-12-06T14:30:00Z,2025-01-13T21:00:00Z,stop,23,436.2684359498438,20.96047576332092,18.77614379341262,18.785536561693466,0.9487666034155597,0.9805844283192783,948.8573237800124,-952.9550921071368,17.335832863950117,0.0,-970.290924971087,-1.0225888557256304,900.2441402087404,-643.498197764288,16.70829303189155,0.0,-660.2064907961795,-0.7333638302195412,8.353987729892937,260.63376818176124
B2-000524,COIN,COIN|swing|2024-12-05T05:00:00Z,USD,2024-12-06T14:30:00Z,2024-12-20T14:30:00Z,stop,10,15.742702624450729,328.72427755737306,265.9969398803711,268.4514421735491,0.9487666034155597,0.962000962000962,948.8573237800124,-987.497823472546,9.362519270573706,0.0,-996.8603427431196,-1.0505903445755944,900.2441402087404,-881.4859373606197,8.938264626250625,0.0,-890.4242019868703,-0.9890919165332271,4.468913058869484,55.41901849568552
B2-000525,TSLA,TSLA|swing|2024-12-06T05:00:00Z,USD,2024-12-09T14:30:00Z,2024-12-17T14:30:00Z,objetivo,6,23.434339808098713,397.8087903442383,475.6620438995362,356.99429757254467,0.9450902561194594,0.9525623928367307,956.4606927070566,1824.4395989809202,20.469212342132074,0.0,1803.970386638788,1.886089413181254,903.9416810387078,1807.55069549099,19.42854374260483,0.0,1788.122151748385,1.9781388437511553,9.714726187656822,83.29060761562869
B2-000526,MRVL,MRVL|swing|2024-12-09T05:00:00Z,USD,2024-12-10T14:30:00Z,2025-02-10T21:00:00Z,tiempo,40,82.12599901996819,107.91393061065673,112.74360305023194,96.31857190813336,0.9462528387585163,0.9689922480620154,952.280417439614,396.64167403932066,18.12172039318274,4.9275599411980915,383.447513587336,0.40266239498897516,901.0980482963796,585.8716173681149,17.358277672575742,4.782181619951564,573.2955213154908,0.6362188026035193,8.67928747401331,210.54830733847763
B2-000527,APP,APP|swing|2024-12-13T05:00:00Z,USD,2024-12-16T14:30:00Z,2025-02-13T14:30:00Z,objetivo,39,17.045396150951362,326.3230836639404,499.0903263397217,270.56385585239957,0.9507510933637573,0.9643201542912248,950.4381271188581,2944.8860933162423,14.069498561820062,0.0,2930.816594754422,3.0836479631123903,903.6300885328561,2915.288284066596,13.492025751744688,0.0,2901.7962583148515,3.2112656441379017,6.746743384628559,115.43461101445594
B2-000528,PLTR,PLTR|swing|2024-12-16T05:00:00Z,USD,2024-12-17T14:30:00Z,2025-01-08T21:00:00Z,stop,14,157.70201773712418,73.31663877868652,67.21637608936855,67.25000108991351,0.9525623928367307,0.9721952167995334,956.7210043995879,-962.0237348319397,22.162340003373558,0.0,-984.1860748353132,-1.0287075023015322,911.3364492280318,-708.2765921892334,21.319122663102725,0.0,-729.5957148523361,-0.8005777838364269,10.659386927250456,208.11103862800923
B2-000529,7203.T,7203.T|swing|2024-12-16T15:00:00Z,JPY,2024-12-18T00:00:00Z,2024-12-25T06:30:00Z,objetivo,5,1087.858755939701,2692.3455,2892.6913236607143,2581.5714285714284,0.006186970240673143,0.006125574272588055,120506.54353466134,217947.95848525944,6075.731210864964,0.0,211872.22727439448,1.7581802702145681,745.5703986553323,1155.23427045416,37.39716492924093,0.0,1117.837105524919,1.4993045694155582,18.69887594790527,-193.20326270960305
B2-000530,TSM,TSM|swing|2024-12-18T05:00:00Z,USD,2024-12-19T14:30:00Z,2025-02-20T21:00:00Z,tiempo,40,59.51746028780616,198.49919389343262,199.9999561004639,182.66856820242745,0.9527439024390243,0.9575792396820837,942.198635895524,89.32155505842405,23.717657334486248,0.0,65.6038977239378,0.069628521231708,897.6740052358269,142.6579527729565,22.654410791404644,0.0,120.00354198155185,0.13368276376681515,11.32724389200023,57.55738583467214
B2-000531,6758.T,6758.T|swing|2024-12-18T15:00:00Z,JPY,2024-12-20T00:00:00Z,2025-02-14T00:00:00Z,objetivo,34,654.0362417342891,3301.6499999999996,3758.1200000000003,3078.8571428571427,0.006132335806708775,0.006258213905751299,145714.60297095854,298547.9232644514,4617.345438308483,0.0,293930.5778261429,2.0171662402616186,893.570877359162,2140.1977755784196,28.62451441900781,0.0,2111.5732611594117,2.363073052917643,14.312795837143884,309.401655725281
B2-000532,COIN,COIN|swing|2024-12-23T05:00:00Z,USD,2024-12-24T14:30:00Z,2025-02-25T14:30:00Z,stop,40,18.646627396497795,273.35661122131347,219.86001622009277,222.384281703404,0.9621860867891852,0.9554748710108925,950.4620360519638,-997.5310739691089,9.196826677657171,0.0,-1006.7279006467661,-1.0591984345093044,914.5213471105204,-987.3241415261286,8.821545050840157,0.0,-996.1456865769688,-1.089253618545204,4.410526797016295,-27.51362101317865
B2-000533,8035.T,8035.T|swing|2024-12-24T15:00:00Z,JPY,2024-12-26T00:00:00Z,2025-01-07T06:30:00Z,objetivo,4,127.09199034107532,23636.8125,26578.623683035716,22513.571428571428,0.006125574272588055,0.006125574272588055,142754.9434006992,373880.63845964253,6381.979730347259,0.0,367498.65872929525,2.5743322786221303,874.4560085800871,2290.233619967185,39.09329084439362,0.0,2251.140329122791,2.574332278622133,19.54722286740524,0.0
B2-000534,TSLA,TSLA|swing|2024-12-26T05:00:00Z,USD,2024-12-27T14:30:00Z,2025-01-02T14:30:00Z,stop,3,19.844536607975787,449.7447490081787,389.9049561004639,400.99715750558033,0.962000962000962,0.9625565501973241,967.3733641239627,-1187.4929609708363,16.66245931090453,0.0,-1204.1554202817408,-1.2447680129917615,930.6141069013589,-1138.0705165017537,16.03360074071361,0.0,-1154.1041172424673,-1.240153258674809,8.016517856856483,4.2988543215622705
B2-000535,AVGO,AVGO|swing|2024-12-26T05:00:00Z,USD,2024-12-27T14:30:00Z,2025-01-27T14:30:00Z,stop,18,31.738021289088582,245.76281938934324,213.29329389953614,215.28286743164062,0.962000962000962,0.9549274255156609,967.3733641239627,-1030.518491242102,14.569532696448713,0.0,-1045.0880239385508,-1.0803357449116509,930.6141069013589,-1039.2441354124508,13.968020114410361,0.0,-1053.2121555268611,-1.1317388676104574,6.983751992108356,-47.884355477769205
B2-000536,CRWD,CRWD|swing|2024-12-31T05:00:00Z,USD,2025-01-02T14:30:00Z,2025-02-05T21:00:00Z,objetivo,22,111.04633917144888,86.67331225204467,103.34656037374906,78.21353585379464,0.9625565501973241,0.9595087315294569,939.4271992346908,1851.5031660125087,21.101011224919404,0.0,1830.4021547875893,1.9484236312071184,904.2518040568782,1747.1989492388377,20.27593901941585,0.0,1726.923010219422,1.9097811057403178,10.138408844045118,-34.97755091758626
B2-000537,ARM,ARM|swing|2025-01-03T05:00:00Z,USD,2025-01-06T14:30:00Z,2025-01-22T21:00:00Z,objetivo,10,57.26965144700343,142.86138828277586,177.2202500593322,126.21686226981026,0.9709680551509855,0.9575792396820837,953.2262032631216,1967.7200380591498,18.330963862438338,0.0,1949.3890741967116,2.0450435243213896,925.5521927013513,1774.7056319332514,17.662892664052084,0.0,1757.0427392691993,1.8983724020371326,8.8318922164055,-135.8876665026644
B2-000538,IQQT.DE,IQQT.DE|swing|2025-01-05T23:00:00Z,EUR,2025-01-07T08:00:00Z,2025-01-09T08:00:00Z,stop,2,204.51035418595015,92.18606938934326,89.34530438995361,89.63857160295758,1.0,1.0,520.9896745816586,-580.9658561842275,37.12504554746611,0.0,-618.0909017316936,-1.1863784099521835,520.9896745816586,-580.9658561842275,37.12504554746611,0.0,-618.0909017316936,-1.1863784099521835,18.562382172864552,0.0
B2-000539,MU,MU|swing|2025-01-07T05:00:00Z,USD,2025-01-08T14:30:00Z,2025-01-27T21:00:00Z,stop,11,79.06861835087024,102.87140969467163,90.58897654560636,90.63429369245257,0.9621860867891852,0.9496676163342831,967.5718548947854,-971.1550190835192,15.29664544564449,0.0,-986.4516645291636,-1.0195125659545268,930.9841767485668,-1024.0984618060913,14.62855280801784,0.0,-1038.727014614109,-1.1157300419882867,7.314022207897928,-89.66661432844293
B2-000540,1810.HK,1810.HK|swing|2025-01-07T16:00:00Z,HKD,2025-01-09T01:30:00Z,2025-02-04T08:00:00Z,objetivo,15,2610.073051923839,32.71635076332092,39.883615428362575,29.88571493966239,0.1249718813267015,0.12488760115895695,7388.166283141367,18707.084358231168,189.49121532749487,0.0,18517.593142903672,2.50638554050386,923.3130399586803,2329.0860325746366,23.672300180549307,0.0,2305.413732394087,2.4968928549923417,11.836735320964449,-8.77349381082262
B2-000541,EUNH.DE,EUNH.DE|swing|2025-01-07T23:00:00Z,EUR,2025-01-09T08:00:00Z,2025-01-13T16:30:00Z,stop,2,165.58479123716796,111.1305344467163,110.49758437456404,110.55286080496651,1.0,1.0,95.65396937235236,-104.80690556088153,36.69824578730796,0.0,-141.5051513481895,-1.4793442684783122,95.65396937235236,-104.80690556088153,36.69824578730796,0.0,-141.5051513481895,-1.4793442684783122,18.349101279199086,0.0
B2-000542,8035.T,8035.T|swing|2025-01-09T15:00:00Z,JPY,2025-01-14T00:00:00Z,2025-01-15T06:30:00Z,stop,1,109.22547323209697,26713.35,25564.35428571429,25577.14285714286,0.006241418050181001,0.006186970240673143,124102.76286825992,-125499.60063450788,5710.056990094767,0.0,-131209.65762460264,-1.0572662090036382,774.57722424329,-935.328931154242,35.48681930707616,0.0,-970.8157504613182,-1.2533492078982056,17.743180257098,-152.03345846351735
B2-000543,PLTR,PLTR|swing|2025-01-13T05:00:00Z,USD,2025-01-14T14:30:00Z,2025-02-04T14:30:00Z,objetivo,14,82.21199714170871,67.21359030532837,102.74860305023194,56.01043483189174,0.9805844283192783,0.9733307377846991,921.03378576029,2921.4043662145946,13.972931354345867,0.0,2907.431434860249,3.156704433442947,903.1513882724946,2803.4104887818658,13.640365762493646,0.0,2789.770123019372,3.088928566400715,6.820885439090075,-61.273141552115824
B2-000544,TSLA,TSLA|swing|2025-01-13T05:00:00Z,USD,2025-01-14T14:30:00Z,2025-02-10T21:00:00Z,stop,18,15.5022600603965,414.54716633605955,354.95672763497487,355.13429478236606,0.9805844283192783,0.9689922480620154,921.03378576029,-923.7864778573309,11.92904948182675,0.0,-935.7155273391576,-1.0159405027327506,903.1513882724946,-969.6381315391102,11.633652670269168,0.0,-981.2717842093793,-1.0864975650276192,5.816585379747751,-63.78749626029966
B2-000545,7011.T,7011.T|swing|2025-01-13T15:00:00Z,JPY,2025-01-15T00:00:00Z,2025-02-25T00:00:00Z,stop,27,1385.2110293326207,2111.055,2003.9975000000002,2007.625,0.006186970240673143,0.006377144314775843,143272.37676387274,-148297.22977277657,5700.216109282774,0.0,-153997.44588205934,-1.074857899062166,886.421931348591,-389.5950311763792,35.79498294974023,0.0,-425.39001412611947,-0.4798956333119337,17.89739855045903,527.915516202057
B2-000546,R6C0.DE,R6C0.DE|swing|2025-01-13T23:00:00Z,EUR,2025-01-15T08:00:00Z,2025-01-27T16:30:00Z,stop,8,560.4850289880366,32.1360589313507,30.86812929425921,30.883571079799108,1.0,1.0,702.0006897840598,-710.6555794000171,35.31290426399868,0.0,-745.9684836640158,-1.0626321234719596,702.0006897840598,-710.6555794000171,35.31290426399868,0.0,-745.9684836640158,-1.0626321234719596,17.65627888217132,0.0
B2-000547,7203.T,7203.T|swing|2025-01-16T15:00:00Z,JPY,2025-01-20T00:00:00Z,2025-03-19T06:30:00Z,tiempo,40,633.2536436290519,2838.4184999999998,2890.554,2601.8571428571427,0.006241028521500344,0.0061162079510703364,149803.3413525477,33014.99533742264,3627.8927098756385,0.0,29387.102627547,0.19617120928155596,934.9269259973021,-22.43076649009628,22.413303581248883,0.0,-44.84407007134516,-0.04796532095116337,11.206648984593805,-228.47829402815177
B2-000548,8035.T,8035.T|swing|2025-01-19T15:00:00Z,JPY,2025-01-21T00:00:00Z,2025-01-28T00:00:00Z,stop,5,69.23576687170986,27053.519999999997,24427.780000000002,24877.85714285714,0.006197322756569161,0.0061648480364959,150633.68636858094,-181795.12250572303,3564.347285052557,0.0,-185359.4697907756,-1.2305313257568775,933.5255724379085,-1181.5667670439536,22.03448682466576,0.0,-1203.6012538686193,-1.2893072127905465,11.016950774876383,-54.92371730595713
B2-000549,ENR.DE,ENR.DE|swing|2025-01-21T23:00:00Z,EUR,2025-01-23T08:00:00Z,2025-01-27T16:30:00Z,stop,2,164.47133621579306,55.52775,49.66372655459813,49.68857084001814,1.0,1.0,960.3775988456287,-964.4637716659842,17.30098270744702,0.0,-981.7647543734312,-1.022269527687349,960.3775988456287,-964.4637716659842,17.30098270744702,0.0,-981.7647543734312,-1.022269527687349,8.650252400343316,0.0
B2-000550,0700.HK,0700.HK|swing|2025-01-26T16:00:00Z,HKD,2025-01-28T01:30:00Z,2025-02-12T08:00:00Z,objetivo,8,279.6694556540287,402.20099999999996,443.9886065319606,375.6571524483817,0.12197055630770731,0.12429771789389947,7423.503395724608,11686.717171878168,236.65338663889014,0.0,11450.063785239277,1.5424070246716224,905.4488389286847,1714.3991698145123,29.153708995398077,0.0,1685.2454608191142,1.8612265965386567,14.577286741811498,288.9637749496965
B2-000551,9988.HK,9988.HK|swing|2025-01-26T16:00:00Z,HKD,2025-01-28T01:30:00Z,2025-02-05T01:30:00Z,objetivo,3,1315.2510042923318,88.39417347335815,98.9505,82.75000108991351,0.12197055630770731,0.12424057945806259,7423.503395724608,13884.219065803481,246.4052699346533,0.0,13637.813795868828,1.8371128925088396,905.4488389286847,1988.8975062667178,30.349619433993034,0.0,1958.5478868327248,2.1630685275935115,15.175310735199423,295.4315829125914
B2-000552,IFX.DE,IFX.DE|swing|2025-01-26T23:00:00Z,EUR,2025-01-28T08:00:00Z,2025-01-30T16:30:00Z,stop,2,477.75962565910964,33.32165280532837,31.429991548401972,31.44571440560477,1.0,1.0,896.2476276114953,-903.7593739829965,30.93572136725001,0.0,-934.6950953502466,-1.0428982644464164,896.2476276114953,-903.7593739829965,30.93572136725001,0.0,-934.6950953502466,-1.0428982644464164,15.467638610690068,0.0
B2-000553,ENR.DE,ENR.DE|swing|2025-01-26T23:00:00Z,EUR,2025-01-28T08:00:00Z,2025-03-25T16:30:00Z,tiempo,40,96.61297829570489,50.52525,59.610179389953615,41.248570578438894,1.0,1.0,896.2476276114953,877.7220859696001,10.640511849239727,0.0,867.0815741203604,0.967457594762217,896.2476276114953,877.7220859696001,10.640511849239727,0.0,867.0815741203604,0.967457594762217,5.320476685260362,0.0
B2-000554,8035.T,8035.T|swing|2025-01-29T15:00:00Z,JPY,2025-01-31T00:00:00Z,2025-02-26T00:00:00Z,stop,16,60.61155197132105,25872.93,23088.45,23407.14285714286,0.0062375249500998,0.006361727845282779,149455.18555950088,-168771.654233104,2967.625228457599,0.0,-171739.2794615616,-1.1491021794836886,932.2304488491822,-878.9045455926475,18.68444926360585,0.0,-897.5889948562534,-0.9628402461690746,9.342007241168165,173.81285855595473
B2-000555,ITX.MC,ITX.MC|swing|2025-01-29T23:00:00Z,EUR,2025-01-31T08:00:00Z,2025-03-05T16:30:00Z,stop,23,354.1668723667398,52.80638877868652,50.494740457534796,50.52000045776367,1.0,1.0,809.7630006370862,-818.7092559141304,36.58583785354489,0.0,-855.2950937676753,-1.0562289127741902,809.7630006370862,-818.7092559141304,36.58583785354489,0.0,-855.2950937676753,-1.0562289127741902,18.292718822634146,0.0
B2-000556,ARM,ARM|swing|2025-02-03T05:00:00Z,USD,2025-02-04T14:30:00Z,2025-02-25T21:00:00Z,stop,14,44.32837791616655,157.57874999999999,135.39668865312848,135.46442086356026,0.9733307377846991,0.9526531389920929,980.2923393225931,-983.2947983437106,12.987125964770549,0.0,-996.2819243084812,-1.0163110373757867,954.1486658775482,-1081.1762539485198,12.516663694576163,0.0,-1093.692917643096,-1.1462500098317556,6.258063117739951,-124.10520241677827
B2-000557,GOOGL,GOOGL|swing|2025-02-03T05:00:00Z,USD,2025-02-04T14:30:00Z,2025-02-05T14:30:00Z,stop,1,82.99335057025111,203.49169438934325,190.97447232055666,191.67999703543526,0.9733307377846991,0.9675858732462506,980.2923393225931,-1038.8461993204896,32.73806886185784,0.0,-1071.5842681823474,-1.0931272490845327,954.1486658775482,-1102.19480771464,31.773914848873183,0.0,-1133.9687225635132,-1.1884612567377864,15.886685847403982,-91.0538700851982
B2-000558,1810.HK,1810.HK|swing|2025-02-03T16:00:00Z,HKD,2025-02-05T01:30:00Z,2025-02-18T08:00:00Z,objetivo,9,2347.987233853418,39.96997576332092,46.47362739314352,36.699998583112446,0.12424057945806259,0.12272799793816964,7677.864674121487,15270.491000253454,202.96847665966953,0.0,15067.522523593785,1.962462632921807,953.9023561134425,1732.1625357791622,25.051869037216136,0.0,1707.110666741946,1.7896073490135385,12.52637069083227,-165.05211470145701
B2-000559,ASML.AS,ASML.AS|swing|2025-02-03T23:00:00Z,EUR,2025-02-05T08:00:00Z,2025-03-10T16:30:00Z,stop,23,17.171616441937644,702.7512244262695,646.8335869445801,647.1571655273438,1.0,1.0,954.6398558628425,-960.1962231748851,23.174552736724994,26.100856991745218,-957.2699189198648,-1.0027550316916585,954.6398558628425,-960.1962231748851,23.174552736724994,26.100856991745218,-957.2699189198648,-1.0027550316916585,11.587039216064321,0.0
B2-000560,AMAT,AMAT|swing|2025-02-04T05:00:00Z,USD,2025-02-05T14:30:00Z,2025-02-27T21:00:00Z,stop,15,74.49522262079822,176.8183607254028,163.5938692823138,163.6757071358817,0.9675858732462506,0.9544716999140975,979.0649049794074,-985.1614340997578,25.359084857267217,29.798089048319287,-980.7224299087057,-1.0016929673618862,947.3293710492572,-1113.0502147799639,24.377270338066648,28.534031454868607,-1108.8934536631618,-1.1705468948302078,12.188359953566586,-159.82192827802143
B2-000561,6857.T,6857.T|swing|2025-02-04T15:00:00Z,JPY,2025-02-06T00:00:00Z,2025-03-04T00:00:00Z,stop,16,244.92058195721964,8593.2945,7496.25,7974.25,0.006279434850863423,0.00631592244047243,151616.73919741606,-268688.77737296704,3940.6606023665827,0.0,-272629.43797533365,-1.7981486702490694,952.0674360905248,-1620.22297216859,24.81211222242827,0.0,-1645.0350843910185,-1.7278556350441174,12.405654156884587,66.99070050310254
B2-000562,9988.HK,9988.HK|swing|2025-02-09T16:00:00Z,HKD,2025-02-11T01:30:00Z,2025-02-13T08:00:00Z,objetivo,2,855.9042955691624,107.95395152664184,121.56150867465566,98.88571493966239,0.12437810945273634,0.1238098775520311,7761.5426480331535,11646.766615187882,196.44326828582365,0.0,11450.323346902058,1.4752638574760233,965.3660009991486,1389.481114809503,24.374120626082615,0.0,1365.1069941834203,1.4140823198357326,12.187410730171774,-59.12169802481024
B2-000563,V,V|swing|2025-02-11T05:00:00Z,USD,2025-02-12T14:30:00Z,2025-03-07T21:00:00Z,stop,16,57.2527209509454,349.3345836639404,340.0413287833078,340.211434500558,0.9686168151879117,0.9210647508519848,522.3251132449824,-532.0641284068706,39.46864674564567,0.0,-571.5327751525163,-1.0942088761572801,505.93288768402016,-1441.1237023512292,37.304237469726004,0.0,-1478.4279398209553,-2.922181925331381,18.651763116874736,-925.7574408180351
B2-000564,LLY,LLY|swing|2025-02-12T05:00:00Z,USD,2025-02-13T14:30:00Z,2025-03-10T20:00:00Z,stop,16,20.732039822485824,877.5085423278808,828.2185135236468,828.632829938616,0.9643201542912248,0.9220839096357768,1013.293215606601,-1021.8828400208525,35.36320124820537,31.098059733728736,-1026.1479815353293,-1.012686126513768,977.1390700160088,-1710.6463809958234,33.37622352086167,29.679385124764966,-1714.34321939192,-1.7544516149209277,16.68768827075545,-725.2241630393598
B2-000565,6501.T,6501.T|swing|2025-02-12T15:00:00Z,JPY,2025-02-14T00:00:00Z,2025-02-25T06:30:00Z,stop,6,454.97062300265634,4202.099999999999,3852.644142857143,3854.5714285714284,0.006258213905751299,0.006377144314775843,158115.2906540801,-158992.1490362127,3664.6719608027115,0.0,-162656.82099701543,-1.0287229041805397,989.5193106832725,-786.5409110424707,23.142766992073646,0.0,-809.6836780345444,-0.8182596027109872,11.571189753604376,208.46596696123805
B2-000566,MRVL,MRVL|swing|2025-02-13T05:00:00Z,USD,2025-02-14T14:30:00Z,2025-02-27T21:00:00Z,stop,8,77.58815084159916,103.02148622131347,89.71226581083026,89.75714438302177,0.9624639076034649,0.9544716999140975,1029.155755363911,-1032.6378007926612,14.953855424937336,0.0,-1047.5916562175985,-1.017913615852217,990.5252698401455,-1049.5072441604752,14.336915494751938,0.0,-1063.8441596552273,-1.074020211343941,7.168197162613204,-55.630631270522805
B2-000567,APP,APP|swing|2025-02-14T05:00:00Z,USD,2025-02-18T14:30:00Z,2025-02-20T21:00:00Z,stop,2,15.320220138340787,514.3570255737304,446.47079704066687,446.6941441127232,0.9548362455838825,0.9575792396820837,1036.610239177088,-1040.0319654882453,14.720093757495219,0.0,-1054.7520592457406,-1.0175011005901837,989.7930289096612,-974.2980528347698,14.074041222428733,0.0,-988.3720940571985,-0.9985644121437913,7.036778795895135,18.76216437925159
B2-000568,6758.T,6758.T|swing|2025-02-19T15:00:00Z,JPY,2025-02-21T00:00:00Z,2025-03-10T06:30:00Z,stop,10,715.0010441890083,3713.8559999999998,3496.6793571428575,3498.4285714285716,0.006385696040868455,0.006236357966947303,154030.83637552417,-155281.52641632006,5155.540309518907,0.0,-160437.06672583896,-1.041590570440691,983.5941020148415,-1364.9451363446394,32.54834883514468,0.0,-1397.493485179784,-1.4208030348261453,16.2738372497455,-373.3645078879316
B2-000569,APP,APP|swing|2025-02-20T05:00:00Z,USD,2025-02-21T14:30:00Z,2025-02-25T21:00:00Z,stop,2,13.896152463906331,452.9963740081787,378.99584516470776,379.18543788364957,0.9575792396820837,0.9526531389920929,1025.688021890108,-1028.32263121857,11.561490726410202,0.0,-1039.8841219449803,-1.0138405633603014,982.1775561525501,-1010.6441266609139,11.045099776076587,0.0,-1021.6892264369905,-1.0402286430156458,5.522298607580822,-25.94372331075616
B2-000570,1810.HK,1810.HK|swing|2025-02-23T16:00:00Z,HKD,2025-02-25T01:30:00Z,2025-04-01T08:00:00Z,stop,25,2695.6545644318626,49.82489923667907,46.912245230266024,46.93571308680943,0.12291656423619647,0.1188636633781053,7788.247832389426,-7851.509066998088,260.7699250324251,0.0,-8112.278992030513,-1.0416051423394002,957.3046649773128,-1477.6071511314192,31.540416608569544,0.0,-1509.1475677399887,-1.5764548350715017,15.769842844956505,-512.5266325466687
B2-000571,BSP.DE,BSP.DE|swing|2025-02-23T23:00:00Z,EUR,2025-02-25T08:00:00Z,2025-03-03T08:00:00Z,objetivo,4,777.354990351171,16.038015686988828,19.600195610046388,14.822857448032924,1.0,1.0,944.6093211187131,2769.078339717544,27.7035413989398,0.0,2741.3747983186045,2.902125499960088,944.6093211187131,2769.078339717544,27.7035413989398,0.0,2741.3747983186045,2.902125499960088,13.852466432168676,0.0
B2-000572,PLTR,PLTR|swing|2025-02-24T05:00:00Z,USD,2025-02-25T14:30:00Z,2025-04-07T13:30:00Z,stop,29,51.51783601142585,90.69532652664184,66.61667652511598,71.40642874581474,0.9554748710108925,0.9044044496698924,993.7222727138065,-1240.479942155128,8.104373975849382,0.0,-1248.5843161309772,-1.2564721053510806,949.4766603418752,-1360.5183928926413,7.568254699028351,0.0,-1368.0866475916696,-1.440884968250896,3.783788165862003,-175.27098017037093
B2-000573,6501.T,6501.T|swing|2025-02-24T15:00:00Z,JPY,2025-02-26T00:00:00Z,2025-03-11T06:30:00Z,stop,9,654.9144631058465,3776.8875,3549.5100714285713,3551.285714285714,0.006361727845282779,0.006273919317397579,147749.8723667916,-148912.76655524503,4798.16373199212,0.0,-153710.93028723716,-1.0403456045339055,939.9444771727947,-1151.464435034525,30.32048987851828,0.0,-1181.7849249130431,-1.2572922695047548,15.15996086313995,-204.1219415219283
B2-000574,7011.T,7011.T|swing|2025-02-26T15:00:00Z,JPY,2025-02-28T00:00:00Z,2025-03-06T06:30:00Z,objetivo,4,1463.6983562221849,2030.0145,2399.058799107143,1960.5892857142858,0.006380399413003254,0.006246486351427322,101617.57203037284,540169.5339762934,6482.827307490694,0.0,533686.7066688027,5.251913581533783,648.3606969334068,2976.261873265112,40.89279204307562,0.0,2935.3690812220366,4.527370482365202,20.44714519879054,-470.23550423947273
B2-000575,ADYEN.AS,ADYEN.AS|swing|2025-02-27T23:00:00Z,EUR,2025-03-03T08:00:00Z,2025-03-07T16:30:00Z,stop,4,7.955381808747257,1747.2732244262695,1626.7005076555524,1627.5142647879463,1.0,1.0,952.7282489412131,-959.2019976289979,26.84124925139482,0.0,-986.0432468803928,-1.0349679963580416,952.7282489412131,-959.2019976289979,26.84124925139482,0.0,-986.0432468803928,-1.0349679963580416,13.420388180294298,0.0
B2-000576,APP,APP|swing|2025-02-28T05:00:00Z,USD,2025-03-03T14:30:00Z,2025-03-06T21:00:00Z,stop,3,13.52511124420807,350.41511022949214,277.0605875489371,277.1991871425084,0.9605225242531938,0.9262689885142646,990.2535045988374,-992.1280795202906,8.486678615490337,0.0,-1000.6147581357809,-1.0104632333930905,951.1607958878469,-1081.3187946388337,8.02328853896085,0.0,-1089.3420831777944,-1.1452764746900277,4.011374942624959,-128.3574273155305
B2-000577,0700.HK,0700.HK|swing|2025-03-02T16:00:00Z,HKD,2025-03-04T01:30:00Z,2025-04-07T08:00:00Z,stop,23,182.87350867758025,479.23949999999996,437.16703624398366,437.38572910853793,0.12287125549848868,0.1163697299058569,7653.945934309238,-7693.939065773028,167.58647865800543,0.0,-7861.525544431033,-1.0271206005246665,940.449946466129,-1465.1366718552956,20.07178831816491,0.0,-1485.2084601734605,-1.579253064721134,10.035530383796317,-519.7727191148949
B2-000578,6857.T,6857.T|swing|2025-03-04T15:00:00Z,JPY,2025-03-06T00:00:00Z,2025-03-27T06:30:00Z,stop,14,243.15867643240483,7906.951499999999,7288.639571428572,7292.285714285715,0.006246486351427322,0.006165228113440197,149461.3189025696,-150347.9101737959,3694.9398125366397,0.0,-154042.84998633256,-1.0306536240774749,933.6080885912273,-1083.1598150509558,22.93637746217083,0.0,-1106.0961925131267,-1.1847542946871594,11.46792080811069,-144.01364618471743
B2-000579,EXV1.DE,EXV1.DE|swing|2025-03-04T23:00:00Z,EUR,2025-03-06T08:00:00Z,2025-03-11T16:30:00Z,stop,3,708.1749060507974,26.343164923667906,24.995354074886865,25.00785800388881,1.0,1.0,945.6308524635414,-954.4858212097591,36.3566508685886,0.0,-990.8424720783478,-1.0478110665457052,945.6308524635414,-954.4858212097591,36.3566508685886,0.0,-990.8424720783478,-1.0478110665457052,18.17809135736092,0.0
B2-000580,BSP.DE,BSP.DE|swing|2025-03-04T23:00:00Z,EUR,2025-03-06T08:00:00Z,2025-04-04T15:30:00Z,stop,21,515.7665862635995,19.759874999999997,17.917464491094865,17.926427704947336,1.0,1.0,945.6308524635415,-950.2537786741811,19.432712768816703,0.0,-969.6864914429979,-1.0254387205290385,945.6308524635415,-950.2537786741811,19.432712768816703,0.0,-969.6864914429979,-1.0254387205290385,9.71612124999146,0.0
B2-000581,8035.T,8035.T|swing|2025-03-06T15:00:00Z,JPY,2025-03-10T00:00:00Z,2025-03-11T06:30:00Z,stop,1,139.6197909108134,21010.5,20758.722589285713,20769.10714285714,0.006236357966947303,0.006273919317397579,33703.22024164978,-35153.10943999472,5831.810124423297,0.0,-40984.919564418014,-1.2160535186418078,210.18534606579223,-110.36224132916307,36.47812066396108,0.0,-146.84036199312413,-0.6986232139473708,18.23903730117913,108.86513278991859
B2-000582,7011.T,7011.T|swing|2025-03-06T15:00:00Z,JPY,2025-03-10T00:00:00Z,2025-03-11T06:30:00Z,stop,1,629.4060174259472,2501.25,2267.080178571429,2268.214285714286,0.006236357966947303,0.006273919317397579,146674.0808465823,-147387.89470670218,3001.215707466599,0.0,-150389.11041416877,-1.0253284666666656,914.7120726322564,-865.5668580858223,18.770252301086618,0.0,-884.337110386909,-0.9667928705063029,9.384912105055932,53.59681329990921
B2-000583,SAF.PA,SAF.PA|swing|2025-03-06T23:00:00Z,EUR,2025-03-10T08:00:00Z,2025-03-10T16:30:00Z,stop,0,64.15788851704954,253.5266938934326,239.18749930790494,239.3071528843471,1.0,1.0,912.2957268245219,-919.9724476425635,31.611502278179422,0.0,-951.5839499207428,-1.0430652275802865,912.2957268245219,-919.9724476425635,31.611502278179422,0.0,-951.5839499207428,-1.0430652275802865,15.805525097355849,0.0
B2-000584,6758.T,6758.T|swing|2025-03-09T15:00:00Z,JPY,2025-03-11T00:00:00Z,2025-04-07T00:00:00Z,stop,18,859.5600262229443,3311.6549999999997,2998.5,3234.0,0.006273919317397579,0.00622820129546587,66749.13383634252,-269175.5200118459,5423.956997270843,8595.600262229444,-266003.87674688734,-3.9851285171592403,418.7786801953857,-1806.6187010881063,33.91163537559606,52.879730927280484,-1787.6506055364218,-4.268724006442674,16.955370271963954,-117.8332063152476
B2-000585,9988.HK,9988.HK|swing|2025-03-09T16:00:00Z,HKD,2025-03-11T01:30:00Z,2025-04-07T01:30:00Z,stop,18,781.7864766740369,127.86390305328368,107.94600000000001,118.24285997663225,0.1187070428888546,0.1163697299058569,7521.601368824458,-15571.547250761678,184.35299327287288,0.0,-15755.90024403455,-2.0947534270214883,892.8670562819125,-2045.6998598802961,21.686751146593338,0.0,-2067.3866110268896,-2.315447295856032,10.842866859046104,-197.24753253830343
B2-000586,TTE.PA,TTE.PA|swing|2025-03-09T23:00:00Z,EUR,2025-03-11T08:00:00Z,2025-04-04T15:30:00Z,stop,18,312.83179379995795,56.66831938934326,54.30569206510271,54.332858494349885,1.0,1.0,730.6064211304326,-739.1049439229657,34.71619906847141,247.1371171019668,-526.6840258894704,-0.7208861168706363,730.6064211304326,-739.1049439229657,34.71619906847141,247.1371171019668,-526.6840258894704,-0.7208861168706363,17.357919097478742,0.0
B2-000587,MUV2.DE,MUV2.DE|swing|2025-03-09T23:00:00Z,EUR,2025-03-11T08:00:00Z,2025-04-07T07:00:00Z,stop,19,29.050209536237173,567.2835,512.3436755981446,536.7714102608817,1.0,1.0,886.3826003098595,-1596.0134107579752,31.363395672142023,0.0,-1627.3768064301173,-1.8359755774326152,886.3826003098595,-1596.0134107579752,31.363395672142023,0.0,-1627.3768064301173,-1.8359755774326152,15.681302753041711,0.0
B2-000588,EQQQ.DE,EQQQ.DE|swing|2025-03-09T23:00:00Z,EUR,2025-03-11T08:00:00Z,2025-03-11T16:30:00Z,stop,0,40.513987338777845,437.56868110656734,436.86628392001563,437.0848263331822,1.0,1.0,19.602886162732496,-28.456910722749033,35.426847101671626,0.0,-63.883757824420655,-3.258895516409801,19.602886162732496,-28.456910722749033,35.426847101671626,0.0,-63.883757824420655,-3.258895516409801,17.71342086496091,0.0
B2-000589,6501.T,6501.T|swing|2025-03-10T15:00:00Z,JPY,2025-03-12T00:00:00Z,2025-03-31T06:30:00Z,stop,12,696.5320850459043,3681.8399999999997,3475.0651696428577,3476.8035714285716,0.006191183754333828,0.006148548942449582,142814.45110322247,-144025.30372367328,4985.014080287151,15323.705871009894,-133686.61193295056,-0.9360860256104296,884.1905095543739,-994.8844435382674,30.759940866087934,94.27072206096518,-931.3736623433902,-1.0533631070218072,15.379725556861505,-103.1973229112655
B2-000590,7011.T,7011.T|swing|2025-03-10T15:00:00Z,JPY,2025-03-12T00:00:00Z,2025-03-18T00:00:00Z,objetivo,4,514.0532269555262,2356.1775,2915.5415000000003,2078.3571428571427,0.006191183754333828,0.00616294835449279,142814.45110322247,287542.86924275116,2709.9441635527596,0.0,284832.9250791984,1.9944264945102002,884.1905095543739,1737.9131182856038,16.735444658094966,0.0,1721.1776736275087,1.9466140554878504,8.36815889936523,-42.31762244465462
B2-000591,8035.T,8035.T|swing|2025-03-10T15:00:00Z,JPY,2025-03-12T00:00:00Z,2025-03-31T06:30:00Z,stop,12,134.34642782441477,21260.625,20402.82919642857,20413.035714285714,0.006191183754333828,0.006148548942449582,113870.59279796162,-115241.80201259488,5597.336242116302,43931.281898583635,-76907.85635612755,-0.6753969964184139,704.9937642271026,-830.3472050332812,34.53727317714166,270.26319223982546,-594.6212859705973,-0.8434419084862281,17.268433318877936,-116.86403259274675
B2-000592,IFX.DE,IFX.DE|swing|2025-03-16T23:00:00Z,EUR,2025-03-18T08:00:00Z,2025-03-28T16:30:00Z,stop,8,311.277555935267,34.71234719467163,31.706280195236207,31.72214126586914,1.0,1.0,930.7839932607837,-935.7211885619198,20.674628002505692,0.0,-956.3958165644254,-1.0275163985297133,930.7839932607837,-935.7211885619198,20.674628002505692,0.0,-956.3958165644254,-1.0275163985297133,10.33708265522553,0.0
B2-000593,DBK.DE,DBK.DE|swing|2025-03-17T23:00:00Z,EUR,2025-03-19T08:00:00Z,2025-04-04T07:00:00Z,stop,12,502.2876128494533,22.621305610656737,20.209889313697815,20.76257106236049,1.0,1.0,933.619339184529,-1211.2245353857654,21.51357865404367,0.0,-1232.738114039809,-1.3203862241291462,933.619339184529,-1211.2245353857654,21.51357865404367,0.0,-1232.738114039809,-1.3203862241291462,10.756489210009791,0.0
B2-000594,ADYEN.AS,ADYEN.AS|swing|2025-03-25T23:00:00Z,EUR,2025-03-27T08:00:00Z,2025-04-03T07:00:00Z,stop,5,10.13154437786892,1464.932051147461,1361.119148803711,1373.78568812779,1.0,1.0,923.4534218151458,-1051.7850270910756,28.632263146435008,0.0,-1080.4172902375105,-1.1699748625261852,923.4534218151458,-1051.7850270910756,28.632263146435008,0.0,-1080.4172902375105,-1.1699748625261852,14.315872205928894,0.0
B2-000595,ALV.DE,ALV.DE|swing|2025-03-27T23:00:00Z,EUR,2025-03-31T07:00:00Z,2025-04-04T15:30:00Z,stop,4,50.653452201538116,353.37661221313476,343.3710708988735,343.54284232003346,1.0,1.0,498.11439324113155,-506.81520871244857,35.292675463046535,0.0,-542.1078841754951,-1.0883200556565062,498.11439324113155,-506.81520871244857,35.292675463046535,0.0,-542.1078841754951,-1.0883200556565062,17.646215439272652,0.0
B2-000596,AIR.PA,AIR.PA|swing|2025-03-27T23:00:00Z,EUR,2025-03-31T07:00:00Z,2025-04-03T07:00:00Z,stop,3,108.63979069476032,164.76233267211913,155.9020057296753,158.53142656598772,1.0,1.0,676.9243352088208,-962.5840645142438,34.83690660724474,0.0,-997.4209711214885,-1.4734600593341047,676.9243352088208,-962.5840645142438,34.83690660724474,0.0,-997.4209711214885,-1.4734600593341047,17.41821701215899,0.0
B2-000597,APP,APP|swing|2025-03-28T04:00:00Z,USD,2025-03-31T13:30:00Z,2025-04-04T20:00:00Z,stop,4,33.707763546572664,256.05795767211913,227.46579759774892,227.57958739144462,0.9261831990367694,0.9044044496698924,959.9421716127187,-963.7777710726266,16.298504411787583,0.0,-980.0762754844142,-1.0209742883135031,889.0823113945712,-1059.6203632314237,14.928415371565471,0.0,-1074.5487786029892,-1.208604383229157,7.463944646677135,-166.98558405885103
B2-000598,INTC,INTC|swing|2025-03-31T04:00:00Z,USD,2025-04-01T13:30:00Z,2025-04-04T20:00:00Z,stop,3,381.31691869112825,22.571279465675353,20.05425231865474,20.064284460885183,0.9246417013407305,0.9044044496698924,955.9596104006379,-959.7850359638217,16.2538364375715,0.0,-976.0388724013932,-1.0210042995355633,883.9201205738677,-1042.2120522154962,14.874220193309538,0.0,-1057.0862724088058,-1.1959070144511625,7.436851402854449,-154.75478364053455
B2-000599,TSLA,TSLA|swing|2025-03-31T04:00:00Z,USD,2025-04-01T13:30:00Z,2025-04-07T13:30:00Z,stop,4,24.12184306192509,263.9318877868652,223.66810877990724,224.30143301827567,0.9246417013407305,0.9044044496698924,955.9596104006379,-971.2365582858744,11.761810594178897,0.0,-982.9983688800532,-1.0282844151418526,883.9201205738677,-1007.231604876356,10.766274777430416,0.0,-1017.9978796537864,-1.1516853796617632,5.382886926534998,-109.18578121858926
B2-000600,SIE.DE,SIE.DE|swing|2025-04-01T22:00:00Z,EUR,2025-04-03T07:00:00Z,2025-04-03T15:30:00Z,stop,0,85.90825357025696,205.0524719467163,201.1065366712298,201.20714024135046,1.0,1.0,330.34573120631813,-338.9884082183164,34.8924111021947,0.0,-373.88081932051114,-1.131786440694168,330.34573120631813,-338.9884082183164,34.8924111021947,0.0,-373.88081932051114,-1.131786440694168,17.44612516552486,0.0
B2-000601,ENR.DE,ENR.DE|swing|2025-04-01T22:00:00Z,EUR,2025-04-03T07:00:00Z,2025-04-04T15:30:00Z,stop,1,255.1027143741685,53.926951526641844,50.449046349116735,50.47428349086216,1.0,1.0,880.7849877603253,-887.2230511226297,26.62660037361846,0.0,-913.8496514962482,-1.0375399946586286,880.7849877603253,-887.2230511226297,26.62660037361846,0.0,-913.8496514962482,-1.0375399946586286,13.313081709315714,0.0
B2-000602,6857.T,6857.T|swing|2025-04-02T15:00:00Z,JPY,2025-04-04T00:00:00Z,2025-04-04T06:30:00Z,stop,0,461.5820452262045,5992.995,5931.211482142858,5934.178571428572,0.006166368625516434,0.006166368625516434,27148.60739290086,-28518.16253376943,5503.999615727065,0.0,-34022.16214949649,-1.2531825908091703,167.40832085404736,-175.8535027056145,33.93969054527388,0.0,-209.79319325088838,-1.253182590809173,16.969805551711197,0.0
B2-000603,IS3N.DE,IS3N.DE|swing|2025-04-02T22:00:00Z,EUR,2025-04-04T07:00:00Z,2025-04-04T15:30:00Z,stop,0,543.4799086748909,31.125555610656736,30.905717615570342,30.921178204672678,1.0,1.0,111.07501393942692,-119.4775334928244,33.712750707977094,0.0,-153.1902842008015,-1.3791606119837312,111.07501393942692,-119.4775334928244,33.712750707977094,0.0,-153.1902842008015,-1.3791606119837312,16.85634969869117,0.0
B2-000604,IBE.MC,IBE.MC|swing|2025-04-03T22:00:00Z,EUR,2025-04-07T07:00:00Z,2025-04-07T15:30:00Z,stop,0,1068.3166856584687,14.797394961833954,14.508456515720914,14.515714372907366,1.0,1.0,300.9240731763772,-308.6777631107907,31.307930120900753,0.0,-339.98569323169147,-1.1298055673745302,300.9240731763772,-308.6777631107907,31.307930120900753,0.0,-339.98569323169147,-1.1298055673745302,15.653891804480995,0.0
B2-000605,DBK.DE,DBK.DE|swing|2025-04-03T22:00:00Z,EUR,2025-04-07T07:00:00Z,2025-04-07T15:30:00Z,stop,0,929.4355141256299,17.008499999999998,16.994357141358513,17.002858570643834,1.0,1.0,5.2433447940494675,-13.14487509265442,31.603463008918894,0.0,-44.74833810157331,-8.534311562412796,5.2433447940494675,-13.14487509265442,31.603463008918894,0.0,-44.74833810157331,-8.534311562412796,15.801732168670904,0.0
B2-000606,OR.PA,OR.PA|swing|2025-04-03T22:00:00Z,EUR,2025-04-07T07:00:00Z,2025-04-07T15:30:00Z,stop,0,47.13021249854051,335.417625,333.38325201634,333.5500270298549,1.0,1.0,88.02028919478073,-95.88043102118463,31.52072745299036,0.0,-127.40115847417499,-1.4474067245137998,88.02028919478073,-95.88043102118463,31.52072745299036,0.0,-127.40115847417499,-1.4474067245137998,15.760343696471129,0.0
B2-000607,EUNH.DE,EUNH.DE|swing|2025-04-03T22:00:00Z,EUR,2025-04-07T07:00:00Z,2025-04-07T15:30:00Z,stop,0,142.37804872617588,111.03048597335815,110.11205902426585,110.16714259556362,1.0,1.0,122.92114551105166,-130.76383690929757,31.48584404710225,0.0,-162.24968095639983,-1.3199493080042293,122.92114551105166,-130.76383690929757,31.48584404710225,0.0,-162.24968095639983,-1.3199493080042293,15.74289326831367,0.0
B2-000608,BBVA.MC,BBVA.MC|swing|2025-04-03T22:00:00Z,EUR,2025-04-07T07:00:00Z,2025-04-07T15:30:00Z,stop,0,1478.7461974383816,10.690342919826508,10.458338945661273,10.463570731026786,1.0,1.0,335.33851187236644,-343.07499458743297,31.273532889424118,0.0,-374.3485274768571,-1.116330258003108,335.33851187236644,-343.07499458743297,31.273532889424118,0.0,-374.3485274768571,-1.116330258003108,15.636684585134487,0.0
B2-000609,LMT,LMT|swing|2025-04-04T04:00:00Z,USD,2025-04-07T13:30:00Z,2025-06-04T20:00:00Z,tiempo,40,40.83654383262463,422.41111221313474,481.9688864593506,416.4494754246303,0.9044044496698924,0.8784258608573435,243.45264202794948,2432.1336585791555,36.93175345713796,134.76059464766126,2529.962499769679,10.392010859669487,220.17965273396896,1688.3233842894997,32.889933042025596,118.01435734097669,1773.4478085884507,8.05454903106424,16.445392713206225,-511.30911872140285
B2-000610,INTC,INTC|swing|2025-04-04T04:00:00Z,USD,2025-04-07T13:30:00Z,2025-04-08T20:00:00Z,stop,1,900.7936183086666,19.14956938934326,18.402400917155404,18.41160672051566,0.9044044496698924,0.9132420091324202,664.7520626299332,-673.0445915482566,33.826575207010535,0.0,-706.871166755267,-1.0633606219418104,601.2047233697506,-462.2063743190573,30.739403283417033,0.0,-492.9457776024743,-0.8199299813206968,15.369589932509273,146.4981491034408
B2-000611,ABBV,ABBV|swing|2025-04-04T04:00:00Z,USD,2025-04-07T13:30:00Z,2025-04-08T20:00:00Z,stop,1,95.23940463396191,181.1205137786865,174.77972122519355,174.86715480259485,0.9044044496698924,0.9132420091324202,595.5661858454101,-603.8933077021272,33.89572649085667,0.0,-637.7890341929839,-1.0708953082815442,538.6327085515151,-399.054516925332,30.80255514081076,0.0,-429.85707206614273,-0.7980523002810384,15.401181657069769,147.10927768634107
B2-000612,COIN,COIN|swing|2025-04-04T04:00:00Z,USD,2025-04-07T13:30:00Z,2025-04-07T20:00:00Z,stop,0,118.05799847475218,146.11301328277588,144.05846904114316,144.13053430829729,0.9044044496698924,0.9118263882556761,234.04749974522235,-242.55538094498726,34.25706441761382,0.0,-276.81244536260107,-1.1827190876379001,211.6736002036921,-93.14136727015033,31.108468290465943,0.0,-124.24983556061628,-0.586987869252715,15.554214748443123,126.22679854786968
B2-000613,6758.T,6758.T|swing|2025-04-06T15:00:00Z,JPY,2025-04-08T00:00:00Z,2025-04-30T00:00:00Z,objetivo,15,815.1726109704649,3080.5395,3728.135,2946.7053571428573,0.0062274255822642914,0.0061621888094651215,109097.92766985107,527902.114587724,5550.244969413025,0.0,522351.86961831094,4.787917431383636,679.3992257432499,3089.21178313556,34.36547816017691,0.0,3054.846304975383,4.496393562464601,17.183515678911363,-198.25935017944695
B2-000614,0700.HK,0700.HK|swing|2025-04-06T16:00:00Z,HKD,2025-04-08T01:30:00Z,2025-05-15T01:30:00Z,objetivo,23,158.24981586544757,441.02038778686523,531.23425,398.92857142857144,0.11737364726871523,0.11426090334670187,6661.022188142225,14276.327083739432,153.85911740409884,0.0,14122.467966335333,2.1201652790581864,781.8284687600911,1413.9832879673727,17.797324483812275,0.0,1396.1859634835605,1.7857957586243751,8.899017962482972,-261.6812914522663
B2-000615,1810.HK,1810.HK|swing|2025-04-06T16:00:00Z,HKD,2025-04-08T01:30:00Z,2025-05-02T08:00:00Z,objetivo,15,927.7205545774374,38.56927423667908,52.23279907310009,31.389286518096924,0.11737364726871523,0.11336069104677261,6661.022188142226,12675.93283872709,84.23894980772945,0.0,12591.69388891936,1.8903545932236585,781.8284687600913,1293.3628791572094,9.692975190361976,0.0,1283.6699039668474,1.6418817621244095,4.846812147603979,-194.4575906574681
B2-000616,9988.HK,9988.HK|swing|2025-04-06T16:00:00Z,HKD,2025-04-08T01:30:00Z,2025-06-09T08:00:00Z,tiempo,40,391.2661377102215,105.7528469467163,119.24035305023195,88.72857230050224,0.11737364726871523,0.11168192986374804,6661.022188142226,5277.204420465605,88.03222037386936,0.0,5189.172200091735,0.7790354173161833,781.8284687600913,353.85929163793816,10.067117343869654,0.0,343.7921742940685,0.43972839060119107,5.033648395169077,-265.54543857469645
B2-000617,SXR8.DE,SXR8.DE|swing|2025-04-06T22:00:00Z,EUR,2025-04-08T07:00:00Z,2025-05-12T15:30:00Z,objetivo,21,21.727956429593405,497.61868011474604,555.8123696572441,461.4794660295759,1.0,1.0,785.2312690423247,1264.4299508566824,22.88890395102664,0.0,1241.5410469056558,1.581115138753772,785.2312690423247,1264.4299508566824,22.88890395102664,0.0,1241.5410469056558,1.581115138753772,11.44477094419272,0.0
B2-000618,EXH1.DE,EXH1.DE|swing|2025-04-06T22:00:00Z,EUR,2025-04-08T07:00:00Z,2025-04-09T15:30:00Z,stop,1,478.7422480119101,31.835909694671628,30.18061552711896,30.195713383810862,1.0,1.0,785.2312690423248,-792.4592508951678,29.689930698567345,0.0,-822.1491815937351,-1.0470153367636972,785.2312690423248,-792.4592508951678,29.689930698567345,0.0,-822.1491815937351,-1.0470153367636972,14.844770945660681,0.0
B2-000619,EUNH.DE,EUNH.DE|swing|2025-04-06T22:00:00Z,EUR,2025-04-08T07:00:00Z,2025-06-05T15:30:00Z,objetivo,39,142.30985093431661,110.35515305328369,112.30426568518367,109.04571751185826,1.0,1.0,186.34557670834903,277.3779280998795,31.686628689792876,0.0,245.69129941008663,1.318471324890207,186.34557670834903,277.3779280998795,31.686628689792876,0.0,245.69129941008663,1.318471324890207,15.843387650224663,0.0
B2-000620,EXSA.DE,EXSA.DE|swing|2025-04-06T22:00:00Z,EUR,2025-04-08T07:00:00Z,2025-04-28T07:00:00Z,objetivo,12,329.7295902381798,47.62880204200744,52.173900762557984,45.7834803717477,1.0,1.0,608.4571581923786,1498.6535387192052,32.9079043004122,0.0,1465.745634418793,2.4089545413078395,608.4571581923786,1498.6535387192052,32.9079043004122,0.0,1465.745634418793,2.4089545413078395,16.454330927172123,0.0
B2-000621,BSP.DE,BSP.DE|swing|2025-04-06T22:00:00Z,EUR,2025-04-08T07:00:00Z,2025-05-02T15:30:00Z,objetivo,15,481.6339625277574,17.848920152664185,20.956749598452024,16.218571526663645,1.0,1.0,785.2312690423248,1496.8362108352412,18.690128490773635,115.87506279625057,1594.0211451407183,2.0300021254691005,785.2312690423248,1496.8362108352412,18.690128490773635,115.87506279625057,1594.0211451407183,2.0300021254691005,9.345440790800101,0.0
B2-000622,MBG.DE,MBG.DE|swing|2025-04-06T22:00:00Z,EUR,2025-04-08T07:00:00Z,2025-06-06T15:30:00Z,tiempo,40,165.8173657415752,49.80989234733581,51.32432347488404,45.07437344959804,1.0,1.0,785.2312690423248,251.11898016709065,16.769809253980434,713.0146726887733,947.3638436018836,1.2064774811595278,785.2312690423248,251.11898016709065,16.769809253980434,713.0146726887733,947.3638436018836,1.2064774811595278,8.384969502975927,0.0
B2-000623,6501.T,6501.T|swing|2025-04-07T15:00:00Z,JPY,2025-04-09T00:00:00Z,2025-05-12T00:00:00Z,objetivo,20,489.0836138252654,2976.98775,3929.0345,2720.9285714285716,0.006224712107065048,0.0061214495592556315,125234.34840884307,465630.4650205992,3377.6223191876907,0.0,462252.8427014115,3.6911027092370037,779.5477647609279,2699.9835558455625,20.826294506154248,0.0,2679.1572613394083,3.4368096253358558,10.413824852421005,-198.43203718649087
B2-000624,7203.T,7203.T|swing|2025-04-07T15:00:00Z,JPY,2025-04-09T00:00:00Z,2025-06-09T06:30:00Z,tiempo,40,706.7829928104732,2379.68925,2638.6800000000003,2202.5,0.006224712107065048,0.006074596039363382,125234.34840884306,183050.25739522933,3546.8980375430497,0.0,179503.35935768628,1.433339667897463,779.5477647609279,859.4725680261231,21.798456571436148,0.0,837.6741114546869,1.074564188778843,10.899445878719867,-279.96258538333404
B2-000625,7011.T,7011.T|swing|2025-04-07T15:00:00Z,JPY,2025-04-09T00:00:00Z,2025-05-22T06:30:00Z,objetivo,28,494.4617111539386,2263.63125,3045.7308370535716,2010.357142857143,0.006224712107065048,0.0061440157286802655,125234.34840884307,386718.30010729784,2625.276262700356,0.0,384093.02384459745,3.066994229016772,779.5477647609279,2285.681558234895,16.22006041035477,0.0,2269.4614978245404,2.9112539351845106,8.110603653216927,-121.52852646661712
B2-000626,PLTR,PLTR|swing|2025-04-08T04:00:00Z,USD,2025-04-09T13:30:00Z,2025-04-25T20:00:00Z,objetivo,11,56.62804410278734,78.22909744262695,111.60122875666619,63.233001708984375,0.9132420091324202,0.880514220304658,849.1995705743329,1889.7985238554245,10.74972008406008,0.0,1879.0488037713644,2.2127293381702033,775.5247219856923,1519.0116528389954,9.61026421923594,0.0,1509.4013886197595,1.9462969339713796,4.80551306390912,-206.83174794221458
B2-000627,DTE.DE,DTE.DE|swing|2025-04-08T22:00:00Z,EUR,2025-04-10T07:00:00Z,2025-06-10T15:30:00Z,tiempo,40,378.71138567145704,31.68583507633209,32.823580152511596,29.584286008562362,1.0,1.0,795.8805595116324,430.87701434081816,24.430450030170785,0.0,406.4465643106474,0.5106878908564506,795.8805595116324,430.87701434081816,24.430450030170785,0.0,406.4465643106474,0.5106878908564506,12.2153357881723,0.0
B2-000628,6857.T,6857.T|swing|2025-04-24T15:00:00Z,JPY,2025-04-28T00:00:00Z,2025-06-05T06:30:00Z,objetivo,25,162.3189433516148,6103.049999999999,7800.196165178571,5259.857142857143,0.006142506142506142,0.006091989034419738,136866.1736130575,275478.9722450309,2256.760226689176,0.0,273222.21201834176,1.9962727444312465,840.7013121195178,1628.170578489787,13.798202853945224,0.0,1614.3723756358418,1.920268652330039,6.8995101944935815,-63.960700656594625
B2-000629,IBE.MC,IBE.MC|swing|2025-04-24T22:00:00Z,EUR,2025-04-28T07:00:00Z,2025-06-24T15:30:00Z,tiempo,40,889.5364989173114,15.502747385501861,16.696647423744203,14.556428500584193,1.0,1.0,841.7851877489963,1062.017660075337,28.642536925872996,4.447682494586557,1037.8228056440507,1.2328831877159483,841.7851877489963,1062.017660075337,28.642536925872996,4.447682494586557,1037.8228056440507,1.2328831877159483,14.321537547734271,0.0
B2-000630,APP,APP|swing|2025-04-25T04:00:00Z,USD,2025-04-28T13:30:00Z,2025-06-04T20:00:00Z,objetivo,26,16.872447562029524,278.7793346557617,409.94221862724856,222.13570731026786,0.880514220304658,0.8784258608573435,955.7166321099867,2213.038881893475,11.620418292607114,0.0,2201.4184636008677,2.303421735730055,841.5220851545185,1934.1675901046306,10.217498937039245,0.0,1923.9500911675914,2.286274032623065,5.109234287725311,-14.444615489694064
B2-000631,8035.T,8035.T|swing|2025-04-27T15:00:00Z,JPY,2025-04-30T00:00:00Z,2025-06-26T00:00:00Z,objetivo,39,84.27695330943888,21010.5,25667.16,19376.428571428572,0.0061621888094651215,0.005914709883480216,137714.5614900023,392449.11739793164,3933.850972413863,0.0,388515.2664255178,2.8211632976351813,848.6231297140885,1883.0115096564878,23.70579839045468,0.0,1859.305711266033,2.1909675168675355,11.853372911448055,-535.334049857512
B2-000632,SU.PA,SU.PA|swing|2025-04-28T22:00:00Z,EUR,2025-04-30T07:00:00Z,2025-06-26T15:30:00Z,tiempo,40,41.76669631452864,203.8018469467163,215.94197805023194,183.5728519984654,1.0,1.0,844.8982887517287,507.0531690191013,17.531312868546188,162.89011562666167,652.4119717772168,0.7721781195001644,844.8982887517287,507.0531690191013,17.531312868546188,162.89011562666167,652.4119717772168,0.7721781195001644,8.765785389010965,0.0
B2-000633,MC.PA,MC.PA|swing|2025-05-01T22:00:00Z,EUR,2025-05-05T07:00:00Z,2025-06-03T15:30:00Z,stop,21,28.23332218293762,497.0483877868652,466.3140487482888,466.5473224094936,1.0,1.0,861.1464057221767,-867.7324961557638,27.1989220496368,0.0,-894.9314182054006,-1.0392326000070697,861.1464057221767,-867.7324961557638,27.1989220496368,0.0,-894.9314182054006,-1.0392326000070697,13.599247491505071,0.0
B2-000634,6758.T,6758.T|swing|2025-05-08T15:00:00Z,JPY,2025-05-12T00:00:00Z,2025-07-07T06:30:00Z,tiempo,40,496.44350330165406,3631.8149999999996,3681.1585,3344.1428571428573,0.0061214495592556315,0.00588512241054614,142812.9664022936,24496.260005165368,3630.4781838921585,0.0,20865.78182127321,0.1461056537576276,874.2223702393094,-281.9322244541258,21.791904234207685,0.0,-303.72412868833345,-0.3474220507594562,10.89588435801759,-431.8848444661569
B2-000635,1810.HK,1810.HK|swing|2025-05-11T16:00:00Z,HKD,2025-05-13T01:30:00Z,2025-07-09T08:00:00Z,tiempo,40,1629.3841507642553,50.825399236679075,57.37130152511597,46.092855725969585,0.11556151339357941,0.10871219533407257,7711.1313891522705,10665.789441230541,176.29398938625167,0.0,10489.49545184429,1.3603056312333774,891.1100133071707,592.2812746036211,19.73252672090463,0.0,572.5487478827165,0.6425118552509809,9.866413897373999,-640.273494762239
B2-000636,ADYEN.AS,ADYEN.AS|swing|2025-05-13T22:00:00Z,EUR,2025-05-15T07:00:00Z,2025-06-20T15:30:00Z,stop,26,8.444456129922273,1649.2242244262695,1542.913895830427,1543.6857386997767,1.0,1.0,891.2151127357964,-897.7329059852134,26.95587031716022,0.0,-924.6887763023736,-1.0375595780280495,891.2151127357964,-897.7329059852134,26.95587031716022,0.0,-924.6887763023736,-1.0375595780280495,13.47771409478063,0.0
B2-000637,COIN,COIN|swing|2025-05-21T04:00:00Z,USD,2025-05-22T13:30:00Z,2025-06-24T20:00:00Z,objetivo,21,27.611857728168182,265.26256988525387,332.8051086045674,228.63856288364954,0.8833141948591113,0.8615490652192642,1011.256870763734,1864.9749697169764,16.513759650276775,0.0,1848.4612100666996,1.8278849454646293,893.2575485944121,1447.3510929976915,14.386830538770855,0.0,1432.9642624589205,1.6042005631116865,7.193778905602642,-200.00777081025515
B2-000638,7011.T,7011.T|swing|2025-06-02T15:00:00Z,JPY,2025-06-04T00:00:00Z,2025-07-31T06:30:00Z,tiempo,40,581.0866559786527,3381.6899999999996,3628.1850000000004,3130.3571428571427,0.006134969325153374,0.00584932147870847,146046.16949470318,143234.95526545847,4073.3448225783586,0.0,139161.6104428801,0.9528603928768378,895.9887699061545,276.51359039119285,24.387617070838434,0.0,252.1259733203544,0.281394122101287,12.193880712284205,-602.2284664521103
B2-000639,6501.T,6501.T|swing|2025-06-03T15:00:00Z,JPY,2025-06-05T00:00:00Z,2025-07-18T06:30:00Z,objetivo,31,745.2011935402511,3962.9804999999997,4388.554625000001,3827.0,0.006091989034419738,0.005804504295333178,101332.83089819987,317138.3458898488,6223.573943043331,0.0,310914.7719468054,3.0682530941936674,617.3184946585432,991.8258426428702,36.973766733008276,0.0,954.8520759098619,1.5467738034286798,18.487135944744367,-940.1774829121042
B2-000640,IQQT.DE,IQQT.DE|swing|2025-06-03T22:00:00Z,EUR,2025-06-05T07:00:00Z,2025-07-03T07:00:00Z,objetivo,20,217.0201885995118,83.01148622131348,88.97548664474488,80.62857491629464,1.0,1.0,517.1398608310968,1294.308496700651,37.32464528805111,0.0,1256.9838514125997,2.430645839971604,517.1398608310968,1294.308496700651,37.32464528805111,0.0,1256.9838514125997,2.430645839971604,18.662650886811562,0.0
B2-000641,6857.T,6857.T|swing|2025-06-04T15:00:00Z,JPY,2025-06-06T00:00:00Z,2025-06-16T06:30:00Z,objetivo,6,302.30899435656676,7673.834999999999,9144.282714285715,7184.571428571428,0.006110228522546743,0.00602627455706882,147908.77825387346,444529.56975962693,5084.268253176076,0.0,439445.30150645087,2.971056259772348,903.7564356218592,2484.0950054801233,30.833958646054782,0.0,2453.2610468340686,2.714515714785502,15.417604201177419,-232.08225078058163
B2-000642,RRU.DE,RRU.DE|swing|2025-06-05T22:00:00Z,EUR,2025-06-09T07:00:00Z,2025-07-31T07:00:00Z,objetivo,38,1739.6791308977251,10.50525,12.49375,10.103143010820661,1.0,1.0,699.5371374634137,3459.351951790127,40.01088033151678,0.0,3419.34107145861,4.88800506554585,699.5371374634137,3459.351951790127,40.01088033151678,0.0,3419.34107145861,4.88800506554585,20.006310005323567,0.0
B2-000643,ARM,ARM|swing|2025-06-06T04:00:00Z,USD,2025-06-09T13:30:00Z,2025-06-26T20:00:00Z,objetivo,12,80.57674475560248,135.0675,159.85055316359657,122.10671125139508,0.8763473841030585,0.8550662676357418,1044.3381668276224,1996.937749027648,23.763536693582324,0.0,1973.1742123340655,1.8894016086072587,915.2030206183704,1475.9053441437695,20.55100739002465,0.0,1455.354336753745,1.5901983537711812,10.27587524031697,-274.1058284332587
B2-000644,TSLA,TSLA|swing|2025-06-10T04:00:00Z,USD,2025-06-11T13:30:00Z,2025-08-08T20:00:00Z,tiempo,40,21.789177087329456,334.5671938934326,329.4851688995362,286.4928632463728,0.8749671887304226,0.8585164835164835,1047.500103823616,-110.73314255424361,14.469154528155542,0.0,-125.20229708239916,-0.11952485410300392,916.528221037375,-214.99094521599494,12.541932382030296,0.0,-227.53287759802524,-0.2482551790281935,6.270914011006235,-118.10307877602297
B2-000645,MUV2.DE,MUV2.DE|swing|2025-06-12T22:00:00Z,EUR,2025-06-16T07:00:00Z,2025-08-07T15:30:00Z,objetivo,38,32.77007234442213,554.4771122131348,598.0900559937613,534.9429059709821,1.0,1.0,640.1373517462052,1429.1993228443473,37.76970948394574,0.0,1391.4296133604016,2.173642280933578,640.1373517462052,1429.1993228443473,37.76970948394574,0.0,1391.4296133604016,2.173642280933578,18.885216763106765,0.0
B2-000646,6857.T,6857.T|swing|2025-06-19T15:00:00Z,JPY,2025-06-23T00:00:00Z,2025-07-15T06:30:00Z,objetivo,16,309.69256576670335,9554.775,11699.932821428572,9061.857142857143,0.005964096141229797,0.0058048412375921515,152652.9958907966,664339.4296927263,6582.424999839832,0.0,657757.0046928865,4.308837837440323,910.4371437394681,3385.1428436422298,38.681174156024326,0.0,3346.461669486205,3.6756646985437946,19.341438199079228,-577.0413854549633
B2-000647,7203.T,7203.T|swing|2025-06-23T15:00:00Z,JPY,2025-06-25T00:00:00Z,2025-07-23T06:30:00Z,objetivo,19,1243.876462941533,2505.252,2705.9320714285714,2400.8571428571427,0.005942829975634396,0.005808212812917466,129854.30565214396,249621.21743142558,6482.069210505828,0.0,243139.14822091974,1.8723995865970378,771.7020600947521,1030.3559206570098,38.068734675482006,0.0,992.2871859815278,1.2858423442068971,19.03462968537825,-453.10053284881565
B2-000648,ENR.DE,ENR.DE|swing|2025-06-24T22:00:00Z,EUR,2025-06-26T07:00:00Z,2025-08-21T15:30:00Z,tiempo,40,135.58351181126844,93.7468469467163,92.9535,86.82286071777344,1.0,1.0,938.778368652935,-107.56476512054293,25.313488695418027,0.0,-132.87825381596096,-0.14154379590853766,938.778368652935,-107.56476512054293,25.313488695418027,0.0,-132.87825381596096,-0.14154379590853766,12.65672062069644,0.0
B2-000649,0700.HK,0700.HK|swing|2025-06-25T16:00:00Z,HKD,2025-06-27T01:30:00Z,2025-07-03T08:00:00Z,stop,3,336.6955387296991,512.256,495.480708014352,495.7285723005022,0.10892890210559567,0.10837288943797821,5564.711173098551,-5648.16597245575,339.3004538025857,0.0,-5987.466426258336,-1.0759707449334492,606.1578786203664,-708.0059675963395,36.86686846733949,0.0,-744.872836063679,-1.2288429505511533,18.433261840491067,-92.75744930654889
B2-000650,IFX.DE,IFX.DE|swing|2025-07-01T22:00:00Z,EUR,2025-07-03T07:00:00Z,2025-07-24T15:30:00Z,stop,15,337.5571290505574,36.94846530532837,34.15362997436524,34.17071533203125,1.0,1.0,937.6493062064382,-943.4165904889792,24.001019152092564,0.0,-967.4176096410717,-1.0317478008436554,937.6493062064382,-943.4165904889792,24.001019152092564,0.0,-967.4176096410717,-1.0317478008436554,12.000276721966745,0.0
B2-000651,BRK-B,BRK-B|swing|2025-07-02T04:00:00Z,USD,2025-07-03T13:30:00Z,2025-07-17T20:00:00Z,stop,9,45.66780811318177,481.1304596557617,467.55897204371865,467.7928684779576,0.8507018290089324,0.8636324380343726,609.098554600023,-619.7800920772046,43.324566925855336,0.0,-663.10465900306,-1.0886656256121001,518.1612544449367,-251.14860688222487,37.13238777587621,0.0,-288.28099465810106,-0.5563538226471847,18.566135742317535,276.09945103117536
B2-000652,PLTR,PLTR|swing|2025-07-02T04:00:00Z,USD,2025-07-03T13:30:00Z,2025-08-05T13:30:00Z,objetivo,22,73.9531264920248,134.42718061065673,171.72409255981447,119.57170758928571,0.8507018290089324,0.8646779074794638,1098.6086754483133,2758.2232471379725,22.640843830470295,0.0,2735.5824033075023,2.490042600647754,934.5884095689607,2523.915238432703,19.438096934164154,0.0,2504.477141498539,2.679764820380795,9.719681875811082,177.48967727747183
B2-000653,COIN,COIN|swing|2025-07-03T04:00:00Z,USD,2025-07-07T13:30:00Z,2025-08-01T20:00:00Z,stop,19,25.62059101865903,354.37711221313475,311.351372291565,311.5071258544922,0.8498342823149485,0.876885303402315,1098.3543874702727,-1102.3448858057297,17.056357230966597,0.0,-1119.4012430366963,-1.019162171887799,933.4192126032741,-721.0243127037407,14.710863268474409,0.0,-735.7351759722152,-0.788215162103076,7.355253216971034,215.7861621885257
B2-000654,ORCL,ORCL|swing|2025-07-08T04:00:00Z,USD,2025-07-09T13:30:00Z,2025-09-04T20:00:00Z,tiempo,40,60.755048312224716,235.62774950408934,222.88850000000002,217.55142429896765,0.8533879501621437,0.8585901948999742,1098.2280111446537,-773.9737190824311,27.857176890561032,30.377524156112358,-771.4533718168798,-0.7024528276353237,937.214551241384,-590.0531200159179,23.84342580953133,25.94373913751162,-587.9528066879376,-0.627340672324354,11.921568371875658,70.44672559120923
B2-000655,BBVA.MC,BBVA.MC|swing|2025-07-13T22:00:00Z,EUR,2025-07-15T07:00:00Z,2025-07-31T15:30:00Z,objetivo,12,1400.984049249063,13.051522576332092,14.530097707033159,12.369285583496094,1.0,1.0,955.8031447708803,2071.4601737285434,38.64141006943913,0.0,2032.8187636591042,2.126817404588473,955.8031447708803,2071.4601737285434,38.64141006943913,0.0,2032.8187636591042,2.126817404588473,19.321227730067147,0.0
B2-000656,8035.T,8035.T|swing|2025-07-16T15:00:00Z,JPY,2025-07-18T00:00:00Z,2025-08-01T00:00:00Z,stop,9,109.4360840387242,27788.887499999997,22318.835000000003,26262.85714285714,0.005804504295333178,0.005830223880597014,167002.7864099299,-598621.1250862328,5483.592930499071,0.0,-604104.7180167319,-3.6173331655310164,969.3683910490474,-3411.8791674098425,31.892358443370888,0.0,-3443.7715258532135,-3.55259317061739,15.945330238222539,62.81972443037543
B2-000657,SIE.DE,SIE.DE|swing|2025-07-16T22:00:00Z,EUR,2025-07-18T07:00:00Z,2025-08-01T15:30:00Z,stop,10,76.97620763443437,228.11399999999998,215.3779683783395,215.48571123395647,1.0,1.0,972.0777781225603,-980.3714145476596,34.13832984209506,0.0,-1014.5097443897546,-1.0436507934057973,972.0777781225603,-980.3714145476596,34.13832984209506,0.0,-1014.5097443897546,-1.0436507934057973,17.068924095422922,0.0
B2-000658,APP,APP|swing|2025-07-17T04:00:00Z,USD,2025-07-18T13:30:00Z,2025-08-07T20:00:00Z,objetivo,14,24.819231286119976,372.77629133605956,452.1576268532617,327.4297136579241,0.8636324380343726,0.8588851670531651,1125.4671994276498,1970.1837260025306,20.474225711305937,0.0,1949.7095002912247,1.7323556841840781,971.9899813694186,1648.239727857172,17.628930621115146,0.0,1630.610797236057,1.6776004161470055,8.814879574208078,-53.27484680603746
B2-000659,ADYEN.AS,ADYEN.AS|swing|2025-07-21T22:00:00Z,EUR,2025-07-23T07:00:00Z,2025-08-01T15:30:00Z,stop,7,12.38371191331792,1554.576948852539,1484.657289542062,1485.3999895368304,1.0,1.0,856.667535205051,-865.8649179782852,37.63700124537094,0.0,-903.5019192236562,-1.0546704317531945,856.667535205051,-865.8649179782852,37.63700124537094,0.0,-903.5019192236562,-1.0546704317531945,18.818288861028,0.0
B2-000660,AMD,AMD|swing|2025-07-24T04:00:00Z,USD,2025-07-25T13:30:00Z,2025-09-05T20:00:00Z,stop,29,87.83240867534971,163.59174950408934,150.56753353554865,150.64285496303015,0.8506294658046955,0.8549200649739249,1137.3325972243156,-1143.9482596248813,27.593366537092344,0.0,-1171.5416261619737,-1.0300782981347285,967.4486196191864,-916.3341709489732,23.528472563243973,0.0,-939.8626435122172,-0.9714858489148211,11.76401013907902,56.741926043952326
B2-000661,TTE.PA,TTE.PA|swing|2025-07-29T22:00:00Z,EUR,2025-07-31T07:00:00Z,2025-09-25T15:30:00Z,tiempo,40,382.5697562102692,52.15606606864929,53.35331106758118,50.48857225690569,1.0,1.0,637.9327010408805,458.0297273653384,40.36469668890504,0.0,417.66503067643333,0.654716445786447,637.9327010408805,458.0297273653384,40.36469668890504,0.0,417.66503067643333,0.654716445786447,20.182467897498118,0.0
B2-000662,MRVL,MRVL|swing|2025-07-30T04:00:00Z,USD,2025-07-31T13:30:00Z,2025-08-01T20:00:00Z,stop,1,164.81012295084363,82.791375,75.77637595694407,75.8142830984933,0.8675284115554784,0.876885303402315,1149.8953741266541,-1156.1428547860994,26.13357053125271,0.0,-1182.276425317352,-1.0281599977870086,997.5669073710889,-886.1312296533602,22.78847047594116,0.0,-908.9197001293013,-0.9111365798256063,11.394016553666718,116.85554469043966
B2-000663,7203.T,7203.T|swing|2025-07-30T15:00:00Z,JPY,2025-08-01T00:00:00Z,2025-10-01T06:30:00Z,tiempo,40,991.8740716841272,2716.3575,2820.08925,2545.5714285714284,0.005830223880597014,0.005755064456721915,169398.27605479353,102888.83323541988,5491.457980584853,44634.333225785726,142031.70848062076,0.838448370245983,987.6298743866226,389.63099083379456,31.80619551595875,255.3597644360989,613.1845597539348,0.6208647345087238,15.903199141527333,-210.23394174211393
B2-000664,6758.T,6758.T|swing|2025-07-30T15:00:00Z,JPY,2025-08-01T00:00:00Z,2025-08-13T06:30:00Z,objetivo,7,905.9513406302867,3683.841,4131.219071428572,3496.8571428571427,0.005830223880597014,0.005803830528148578,169398.27605479353,405302.7635793067,7080.0641488169385,0.0,398222.6994304898,2.3508072732787477,987.6298743866226,2264.2238875296725,41.17957711302893,0.0,2223.0443104166434,2.2508880786917134,20.590359760076748,-98.7819635623688
B2-000665,6501.T,6501.T|swing|2025-07-31T15:00:00Z,JPY,2025-08-04T00:00:00Z,2025-09-01T06:30:00Z,stop,19,801.6734436407303,4104.0509999999995,4004.568142857143,4006.5714285714284,0.005827166249053085,0.0058234334963894714,78146.78371176508,-79752.76466893265,6500.464631425433,0.0,-86253.22930035809,-1.103733579343363,455.37430051724886,-476.71608320894387,37.867304638744116,0.0,-514.583387847688,-1.1300229004210052,18.93353787373246,-11.98346466146648
B2-000666,7011.T,7011.T|swing|2025-07-31T15:00:00Z,JPY,2025-08-04T00:00:00Z,2025-10-02T06:30:00Z,tiempo,40,949.5999034982024,3464.7315,3678.1600000000003,3387.5714285714284,0.005827166249053085,0.0057981098161999185,73271.19638248582,202671.6830037665,6782.88907909813,11395.198841978428,207283.99276664678,2.8289969728977202,426.9634425877619,1079.5138522254688,39.42353457417852,65.1936543393697,1105.28397199066,2.5887086849677297,19.712042093560413,-101.48773861286558
B2-000667,6857.T,6857.T|swing|2025-07-31T15:00:00Z,JPY,2025-08-04T00:00:00Z,2025-09-09T06:30:00Z,objetivo,25,277.4379325272313,9894.945,12434.217281250001,9302.0,0.005827166249053085,0.00576734529096257,164505.43490235906,704490.4518337066,6194.956618375036,0.0,698295.4952153316,4.244817173546877,958.6005180488262,3898.81721668819,35.8926763539257,0.0,3862.9245403342643,4.029754279913196,17.947317368094005,-206.36576701734276
B2-000668,COIN,COIN|swing|2025-08-04T04:00:00Z,USD,2025-08-05T13:30:00Z,2025-10-01T20:00:00Z,tiempo,40,33.434820354876614,307.26354034423827,345.9969284210205,273.34286063058033,0.8646779074794638,0.8529512111907198,1134.1318325414604,1295.0438720829347,21.841646418108912,0.0,1273.2022256648258,1.1226227755301819,980.6587397677997,984.1373553268687,18.750330650636833,0.0,965.3870246762319,0.9844270851089505,9.375413703509658,-135.65847007990615
B2-000669,8035.T,8035.T|swing|2025-08-06T15:00:00Z,JPY,2025-08-08T00:00:00Z,2025-08-22T06:30:00Z,stop,9,162.49878797705324,21050.52,20107.173526785715,20117.23214285714,0.005827505827505828,0.005810912894415712,151658.14561941582,-153292.65853974913,6688.075314033689,0.0,-159980.73385378282,-1.0548772912946756,883.7887273858731,-947.5294666347794,38.92058226164866,0.0,-986.450048896428,-1.116160478550358,19.46005911347092,-54.21560568052996
B2-000670,MRVL,MRVL|swing|2025-08-07T04:00:00Z,USD,2025-08-08T13:30:00Z,2025-08-20T20:00:00Z,stop,8,168.04575974855615,76.23809694671631,69.22679485048566,69.2614255632673,0.8588851670531651,0.8582954252853832,1172.4000431477002,-1178.219587587724,24.44475825880232,0.0,-1202.6643458465262,-1.0258139726927775,1006.9570069120505,-1018.8159521336573,20.988379655862605,0.0,-1039.80433178952,-1.0326203846360824,10.49393774742821,-6.860624823064321
B2-000671,SAP.DE,SAP.DE|swing|2025-08-11T22:00:00Z,EUR,2025-08-13T07:00:00Z,2025-09-02T15:30:00Z,stop,14,88.46716982468095,236.118,230.06169666780744,230.1767850603376,1.0,1.0,525.602471032044,-535.78401539886,41.24159839392917,0.0,-577.0256137927892,-1.0978365696412604,525.602471032044,-535.78401539886,41.24159839392917,0.0,-577.0256137927892,-1.0978365696412604,20.620670406127864,0.0
B2-000672,6758.T,6758.T|swing|2025-08-19T15:00:00Z,JPY,2025-08-21T00:00:00Z,2025-10-21T06:30:00Z,tiempo,40,603.3748813558146,4138.068,4415.791,3853.8571428571427,0.0058217383710776035,0.005691195720220818,171485.69220860605,167571.0821747809,5161.183659259368,7542.186016947683,169952.0845324692,0.991056935092455,998.3448344216455,627.7401141236818,29.69924606443274,43.14998579408252,641.1908538533316,0.6422538903852616,14.849783679690987,-347.81488485623817
B2-000673,ALV.DE,ALV.DE|swing|2025-08-20T22:00:00Z,EUR,2025-08-22T07:00:00Z,2025-08-28T15:30:00Z,stop,4,53.00159918951871,374.88736221313474,361.4763151572091,361.65714372907365,1.0,1.0,701.2227372819673,-710.8069407699446,39.028452485703035,0.0,-749.8353932556477,-1.069325555760085,701.2227372819673,-710.8069407699446,39.028452485703035,0.0,-749.8353932556477,-1.069325555760085,19.51405341962817,0.0
B2-000674,ENR.DE,ENR.DE|swing|2025-08-20T22:00:00Z,EUR,2025-08-22T07:00:00Z,2025-09-02T15:30:00Z,stop,7,130.7859001710601,92.52624335861205,84.88753530502319,84.93000030517578,1.0,1.0,993.4814856618244,-999.035308932545,23.203220745272752,0.0,-1022.2385296778178,-1.0289457271534723,993.4814856618244,-999.035308932545,23.203220745272752,0.0,-1022.2385296778178,-1.0289457271534723,11.601363514148712,0.0
B2-000675,8035.T,8035.T|swing|2025-08-27T15:00:00Z,JPY,2025-08-29T00:00:00Z,2025-09-03T06:30:00Z,stop,3,165.78242297322285,20660.324999999997,19874.343571428573,19884.285714285714,0.005831583858175881,0.005777007510109763,128653.67310812305,-130301.90564052571,6719.935570187974,0.0,-137021.8412107137,-1.0650441444882641,750.2546833923668,-939.6855598751188,39.00804872883785,0.0,-978.6936086039566,-1.3044818383254546,19.503794318972393,-179.81907025227295
B2-000676,SU.PA,SU.PA|swing|2025-08-28T22:00:00Z,EUR,2025-09-01T07:00:00Z,2025-09-10T15:30:00Z,objetivo,7,92.73668997477422,209.7548188934326,229.27860572133747,207.80803898402624,1.0,1.0,180.5379249077366,1810.5713661929947,40.71450658706335,0.0,1769.8568596059313,9.803241399337074,180.5379249077366,1810.5713661929947,40.71450658706335,0.0,1769.8568596059313,9.803241399337074,20.357711025798224,0.0
B2-000677,6501.T,6501.T|swing|2025-09-01T15:00:00Z,JPY,2025-09-03T00:00:00Z,2025-09-03T06:30:00Z,stop,0,854.8346783080422,3901.95,3869.1894375,3871.125,0.005777007510109763,0.005777007510109763,26350.278958845243,-28004.864905877712,6643.039481142252,0.0,-34647.90438701997,-1.3148970620437923,152.22575943873625,-161.78431488086486,38.376888972514465,0.0,-200.16120385337933,-1.314897062043792,19.188408837278992,0.0
B2-000678,1810.HK,1810.HK|swing|2025-09-01T16:00:00Z,HKD,2025-09-03T01:30:00Z,2025-09-29T08:00:00Z,stop,18,2088.9516337591,56.97847576332092,52.75931816046579,52.785711015973774,0.1099928504647198,0.11010911813607285,8758.482768938384,-8813.61616757136,229.23694390221368,0.0,-9042.853111473572,-1.0324679913219328,963.3704855016646,-956.6207116593134,25.227238945139348,0.0,-981.8479506044528,-1.0191800199205463,12.613383470737276,12.814053513799582
B2-000679,ENI.MI,ENI.MI|swing|2025-09-01T22:00:00Z,EUR,2025-09-03T07:00:00Z,2025-09-03T15:30:00Z,stop,0,1251.4929686563667,15.245618916034697,14.873416494233268,14.880856922694615,1.0,1.0,456.4970698981929,-465.8087138013596,37.69376103866249,0.0,-503.5024748400221,-1.1029697845646902,456.4970698981929,-465.8087138013596,37.69376103866249,0.0,-503.5024748400221,-1.1029697845646902,18.84676877884337,0.0
B2-000680,EUNN.DE,EUNN.DE|swing|2025-09-01T22:00:00Z,EUR,2025-09-03T07:00:00Z,2025-10-06T07:00:00Z,objetivo,23,344.6887481061849,55.35366321372985,58.31882557296753,54.40628705705915,1.0,1.0,326.54990142847237,1022.0581015372179,39.181627854001064,0.0,982.8764736832169,3.009881397555732,326.54990142847237,1022.0581015372179,39.181627854001064,0.0,982.8764736832169,3.009881397555732,19.59107433929109,0.0
B2-000681,0700.HK,0700.HK|swing|2025-09-02T16:00:00Z,HKD,2025-09-04T01:30:00Z,2025-09-17T08:00:00Z,objetivo,9,272.5648747686209,605.3025,658.7597410714286,573.6428571428571,0.11000011000011001,0.10882576994232235,8629.306590576416,14570.566218109912,344.5389664373762,0.0,14226.027251672536,1.648571307827675,949.22467418808,1391.9055320906043,37.68846585277022,0.0,1354.2170662378342,1.4266559888955317,18.844585613912308,-210.85835466537148
B2-000682,ENR.DE,ENR.DE|swing|2025-09-03T22:00:00Z,EUR,2025-09-05T07:00:00Z,2025-10-02T15:30:00Z,objetivo,19,130.9115910125704,89.30463213729858,106.5261850523608,81.95714242117745,1.0,1.0,961.8715686859166,2254.5008918179647,25.63652384759013,0.0,2228.8643679703746,2.317216186164427,961.8715686859166,2254.5008918179647,25.63652384759013,0.0,2228.8643679703746,2.317216186164427,12.818828753724976,0.0
B2-000683,9988.HK,9988.HK|swing|2025-09-04T16:00:00Z,HKD,2025-09-08T01:30:00Z,2025-09-17T08:00:00Z,objetivo,7,698.5034414952544,133.2665969467163,158.5331994555678,120.8000019618443,0.10957343063453973,0.10882576994232235,8707.959500660572,17648.808807325397,203.82316201460998,0.0,17444.985645310786,2.003337939730592,954.1609963140124,1851.0475841259847,22.25081016121468,0.0,1828.79677396477,1.9166542973665177,11.12587062396957,-82.79294350573757
B2-000684,IS3N.DE,IS3N.DE|swing|2025-09-07T22:00:00Z,EUR,2025-09-09T07:00:00Z,2025-09-17T15:30:00Z,objetivo,6,551.3114906737906,35.49073607254028,36.57501050094196,34.83428519112723,1.0,1.0,361.9089139859526,597.772951421601,39.73067416994611,0.0,558.0422772516548,1.5419412335152238,361.9089139859526,597.772951421601,39.73067416994611,0.0,558.0422772516548,1.5419412335152238,19.865491494581633,0.0
B2-000685,6501.T,6501.T|swing|2025-09-09T15:00:00Z,JPY,2025-09-11T00:00:00Z,2025-09-17T06:30:00Z,stop,3,854.504807186196,4019.0085,3947.8822142857143,3949.8571428571427,0.005791393988533041,0.005762028233938346,59090.16710202101,-60777.75306015589,6807.74641368421,0.0,-67585.4994738401,-1.1437689684842427,342.21443853605734,-451.0528266821243,39.327276742695105,0.0,-490.3801034248194,-1.4329614656897378,19.663530524021922,-99.06491297299142
B2-000686,BSP.DE,BSP.DE|swing|2025-09-15T22:00:00Z,EUR,2025-09-17T07:00:00Z,2025-10-13T15:30:00Z,stop,18,858.1545555335981,23.241614542007444,22.21460114533561,22.225714002336776,1.0,1.0,871.7996760874241,-881.336224947968,39.008458569411246,0.0,-920.3446835173793,-1.0556836722489067,871.7996760874241,-881.336224947968,39.008458569411246,0.0,-920.3446835173793,-1.0556836722489067,19.504013826648325,0.0
B2-000687,AMAT,AMAT|swing|2025-09-16T04:00:00Z,USD,2025-09-17T13:30:00Z,2025-09-19T20:00:00Z,objetivo,2,135.79319864455533,174.337125,191.68008574186055,166.0585654122489,0.8469551960701278,0.8520790729379687,1124.1720865902719,2355.0561131041964,49.70264780559554,0.0,2305.353465298601,2.0507122466374095,952.1233900146284,2127.9956444812847,42.22928444984365,0.0,2085.766360031441,2.1906471177011997,21.11517950262371,133.3686324509676
B2-000688,APP,APP|swing|2025-09-16T04:00:00Z,USD,2025-09-17T13:30:00Z,2025-09-29T20:00:00Z,objetivo,8,24.961019854508887,603.8717923278808,718.8553400904792,556.4502607073102,0.8469551960701278,0.8530239699735563,1183.6897923122835,2870.1066186440894,33.016618214392295,0.0,2837.0900004296973,2.3968188446464276,1002.532220134059,2539.7459235090014,28.072490562916304,0.0,2511.673432946085,2.5053293874287883,14.036883727157202,108.8942095731258
B2-000689,8035.T,8035.T|swing|2025-09-16T15:00:00Z,JPY,2025-09-18T00:00:00Z,2025-09-24T06:30:00Z,objetivo,3,137.9011977194739,24312.149999999998,27144.01049107143,23057.14285714286,0.005771006463527239,0.005737234652897303,173066.98814649438,390516.9534932079,7095.866161764223,0.0,383421.0873314437,2.21544900872079,998.7707072166111,2127.2615062904606,40.82387512742974,0.0,2086.437631163031,2.0890056307093205,20.41247448220841,-126.4143564358111
B2-000690,6857.T,6857.T|swing|2025-09-18T15:00:00Z,JPY,2025-09-22T00:00:00Z,2025-10-06T06:30:00Z,objetivo,9,132.53692261293187,15172.582499999999,17902.963683035712,13833.57142857143,0.005754071005236205,0.00578368999421631,177468.4067517873,361876.31955980975,4383.731104841459,3843.5707557750243,361336.1592107433,2.0360590700299634,1021.1658136359245,2152.542084864314,25.294580092123937,21.989649040420073,2149.23715381261,2.104689684195476,12.647831343540396,70.28004700362224
B2-000691,INTC,INTC|swing|2025-09-19T04:00:00Z,USD,2025-09-22T13:30:00Z,2025-09-26T20:00:00Z,objetivo,4,477.0303421600895,29.684835076332092,35.450567962612425,27.16428620474679,0.8520790729379687,0.8567511994516792,1202.3782906435638,2750.4295315459876,31.07156359840304,0.0,2719.3579679475847,2.261649257233403,1024.5213792123072,2422.593760845401,26.55443942108488,0.0,2396.0393214243163,2.3386913831573595,13.277828678440136,79.0103154244849
B2-000692,ADYEN.AS,ADYEN.AS|swing|2025-09-22T22:00:00Z,EUR,2025-09-24T07:00:00Z,2025-10-27T16:30:00Z,objetivo,23,14.916875040911444,1372.8860511474609,1532.619081997463,1309.4570835658483,1.0,1.0,946.1619833889381,2382.717661095533,43.3410570018496,0.0,2339.3766040936835,2.4724905937507295,946.1619833889381,2382.717661095533,43.3410570018496,0.0,2339.3766040936835,2.4724905937507295,21.671129598119748,0.0
B2-000693,8035.T,8035.T|swing|2025-09-24T15:00:00Z,JPY,2025-09-26T00:00:00Z,2025-10-29T06:30:00Z,objetivo,22,117.99915754578143,27233.609999999997,32646.57033482143,25692.14285714286,0.005724098454493417,0.00564620857094461,181891.82424164502,638724.75933766,7065.810833198397,31151.7775920863,662810.726096548,3.6439830589416577,1041.1667100265886,3356.070717721242,40.14534418000365,178.22402650086562,3494.149400042104,3.355994161542941,20.073516126057516,-300.0526900501372
B2-000694,9988.HK,9988.HK|swing|2025-09-25T16:00:00Z,HKD,2025-09-29T01:30:00Z,2025-11-21T01:30:00Z,stop,36,606.5548507808419,166.98344389343262,149.925,151.42857360839844,0.11010911813607285,0.11155236267904155,9434.882024654262,-10346.88189033438,192.22235389696982,0.0,-10539.10424423135,-1.117036144881478,1038.8665394525663,-1008.0406491661053,21.29667926487217,0.0,-1029.3373284309773,-0.9908273000816733,10.648090284295883,131.24539123671605
B2-000695,MU,MU|swing|2025-09-26T04:00:00Z,USD,2025-09-29T13:30:00Z,2025-10-03T20:00:00Z,objetivo,4,72.49692016747422,160.07999999999998,191.27841989864623,143.27857753208704,0.8567511994516792,0.8522243054371911,1218.0513833562923,2261.7893567434962,25.47240331756204,8.337145819259534,2244.6540992451937,1.842823816726137,1043.5669836842806,1875.0158688900456,21.760737219831224,7.105118305147038,1860.3602499753613,1.7826936641933782,10.880840084090636,-62.77487540698722
B2-000696,ORCL,ORCL|swing|2025-09-26T04:00:00Z,USD,2025-09-29T13:30:00Z,2025-11-07T21:00:00Z,stop,29,26.4181573821501,284.74230610656736,238.51638945661273,238.63570731026786,0.8567511994516792,0.8649770781074302,1218.0513833562923,-1221.203541192654,13.823530570966657,13.20907869107505,-1221.8179930725455,-1.0030923241562064,1043.5669836842806,-994.4349922279387,11.895159003796145,11.37634888560421,-994.9538023461306,-0.9534163287089414,5.94733237998246,51.83260646350577
B2-000697,1810.HK,1810.HK|swing|2025-09-28T16:00:00Z,HKD,2025-09-30T01:30:00Z,2025-10-13T08:00:00Z,stop,7,2169.1546300952796,54.026999999999994,49.56448943737575,49.58928407941546,0.10963950530655207,0.11108395725489324,9626.092036183485,-9679.875448765473,224.70595895154986,0.0,-9904.581407717023,-1.0289306782530985,1055.399968882498,-905.9993330018003,24.791947601512206,0.0,-930.7912806033125,-0.8819322607985991,12.395750399859189,155.29742262988387
B2-000698,MUV2.DE,MUV2.DE|swing|2025-09-29T22:00:00Z,EUR,2025-10-01T07:00:00Z,2025-11-04T16:30:00Z,stop,24,38.77491493066776,539.6697244262695,526.2224836294993,526.4857264927456,1.0,1.0,511.20839831848764,-521.4156179469691,41.32987969262406,0.0,-562.7454976395932,-1.100814265748814,511.20839831848764,-521.4156179469691,41.32987969262406,0.0,-562.7454976395932,-1.100814265748814,20.66481465860612,0.0
B2-000699,ENI.MI,ENI.MI|swing|2025-09-30T22:00:00Z,EUR,2025-10-02T07:00:00Z,2025-11-03T16:30:00Z,objetivo,22,1432.8134535197473,14.877434885501861,16.088058390864308,14.530571801321846,1.0,1.0,496.99009354247795,1734.59764563055,44.367775361252725,0.0,1690.2298702692972,3.400932719245102,496.99009354247795,1734.59764563055,44.367775361252725,0.0,1690.2298702692972,3.400932719245102,22.1843268761153,0.0
B2-000700,7011.T,7011.T|swing|2025-10-01T15:00:00Z,JPY,2025-10-03T00:00:00Z,2025-10-06T00:00:00Z,objetivo,1,802.721631260068,3694.8464999999997,4247.875,3462.8571428571427,0.0057960934330261405,0.00578368999421631,186222.87520068866,443927.9396533088,6375.794359124414,0.0,437552.14529418433,2.3496154531103826,1079.365184029958,2530.753811644903,36.91240581112966,0.0,2493.8414058337735,2.310470490184494,18.45684020822617,-42.29400411646381
B2-000701,0700.HK,0700.HK|swing|2025-10-02T16:00:00Z,HKD,2025-10-06T01:30:00Z,2025-10-13T01:30:00Z,stop,4,297.47217431622397,675.3375,629.6850000000001,643.0,0.10950743555487417,0.11108395725489324,9619.506436950885,-13580.34843797139,388.2078806065944,0.0,-13968.556318577985,-1.4521073830691906,1053.4074812140964,-1191.8449144396739,42.80695368436514,0.0,-1234.651868124039,-1.1720553443393538,21.403184231747325,295.3042169442128
B2-000702,AIR.PA,AIR.PA|swing|2025-10-02T22:00:00Z,EUR,2025-10-06T07:00:00Z,2025-12-01T16:30:00Z,stop,40,111.79507518725114,200.65027805328367,197.43695296478273,197.5357208251953,1.0,1.0,348.19215948913455,-359.2339198700427,44.50419192274935,0.0,-403.73811179279204,-1.159526717618094,348.19215948913455,-359.2339198700427,44.50419192274935,0.0,-403.73811179279204,-1.159526717618094,22.252011715893264,0.0
B2-000703,ALV.DE,ALV.DE|swing|2025-10-02T22:00:00Z,EUR,2025-10-06T07:00:00Z,2025-10-17T15:30:00Z,stop,9,61.90088877512044,362.38111221313477,351.081521257673,351.2571498325893,1.0,1.0,688.5831580567706,-699.4547229383967,44.163971119680994,0.0,-743.6186940580777,-1.0799257654756198,688.5831580567706,-699.4547229383967,44.163971119680994,0.0,-743.6186940580777,-1.0799257654756198,22.081816216613717,0.0
B2-000704,SXR8.DE,SXR8.DE|swing|2025-10-09T22:00:00Z,EUR,2025-10-13T07:00:00Z,2025-10-17T07:00:00Z,stop,4,36.06946809792097,611.7857204589843,598.9203607177735,599.5171421595982,1.0,1.0,442.5210935765542,-464.04668275387957,43.669524370963984,0.0,-507.71620712484355,-1.1473265670148465,442.5210935765542,-464.04668275387957,43.669524370963984,0.0,-507.71620712484355,-1.1473265670148465,21.834651632469093,0.0
B2-000705,TSLA,TSLA|swing|2025-10-10T04:00:00Z,USD,2025-10-13T13:30:00Z,2025-12-09T21:00:00Z,tiempo,40,24.345825715242608,423.7417637786865,444.9474284210205,371.5114179338728,0.8644536652835407,0.8593280054996992,1271.5908969846805,516.2694155581461,21.148955674008956,0.0,495.1204598841371,0.38937087475084536,1099.2314116395924,390.76670207829625,18.226767962841443,0.0,372.5399341154548,0.3389094690805655,9.113483951466904,-55.52428647473394
B2-000706,APP,APP|swing|2025-10-10T04:00:00Z,USD,2025-10-13T13:30:00Z,2025-12-09T21:00:00Z,tiempo,40,11.788788741263618,590.295,724.257685119629,482.4305768694196,0.8644536652835407,0.8593280054996992,1271.5908969846805,1579.2577940877254,15.49698389413614,0.0,1563.7608101935894,1.2297672261587673,1099.2314116395924,1321.4316858864906,13.352661025485741,0.0,1308.0790248610049,1.1899942186967705,6.676662539829163,-43.763502640243345
B2-000707,7011.T,7011.T|swing|2025-10-09T15:00:00Z,JPY,2025-10-14T00:00:00Z,2025-12-11T06:30:00Z,tiempo,40,590.8004744129638,4032.015,4047.9750000000004,3703.8571428571427,0.005682463916354132,0.005484861781483107,193875.81768234164,9429.175571631193,4773.661925252003,0.0,4655.51364637919,0.024012864017971938,1101.6923382335588,-418.993556455913,26.65358713271543,0.0,-445.6471435886284,-0.4045114303900616,13.326692149640031,-472.5745064026752
B2-000708,Q8Y0.DE,Q8Y0.DE|swing|2025-10-15T22:00:00Z,EUR,2025-10-17T07:00:00Z,2025-10-17T15:30:00Z,stop,0,1064.4857188633273,20.615302042007446,20.506884677886966,20.51714324951172,1.0,1.0,104.48863279257061,-115.40873578305694,43.77398049175878,0.0,-159.18271627481573,-1.5234452975456485,104.48863279257061,-115.40873578305694,43.77398049175878,0.0,-159.18271627481573,-1.5234452975456485,21.88696686543422,0.0
B2-000709,6501.T,6501.T|swing|2025-10-16T15:00:00Z,JPY,2025-10-20T00:00:00Z,2025-10-31T00:00:00Z,objetivo,9,516.5741315769504,4552.275,5297.35,4183.857142857143,0.005691519635742744,0.005606323933396872,190315.1346110121,384886.4710846967,5088.061480733621,0.0,379798.4096039631,1.9956290411702602,1083.1823256175987,1957.4530853815015,28.725666003132922,0.0,1928.7274193783685,1.780611974330974,14.36332595566717,-233.13582232878198
B2-000710,6857.T,6857.T|swing|2025-10-16T15:00:00Z,JPY,2025-10-20T00:00:00Z,2025-10-29T06:30:00Z,objetivo,7,94.98730256565713,17178.585,20991.061718750003,15175.0,0.005691519635742744,0.00564620857094461,190315.13461101206,362136.8796084303,3625.6317816981486,0.0,358511.2478267322,1.8837768659833525,1083.1823256175987,1970.7641390117717,20.545009455401747,0.0,1950.21912955637,1.8004532417424854,10.272999986983589,-90.34502210621525
B2-000711,1810.HK,1810.HK|swing|2025-10-16T16:00:00Z,HKD,2025-10-20T01:30:00Z,2025-10-27T08:00:00Z,stop,5,4181.349712357453,47.00348954200744,45.14170515101297,45.1642872946603,0.11021469823215624,0.11083771142293454,7690.347787912169,-7784.771627756334,385.2912833247825,0.0,-8170.062911081117,-1.0623788593700498,847.58936074507,-740.4004875634402,42.582358291317085,0.0,-782.9828458547572,-0.9237761610958393,21.29099936828363,117.59576819597524
B2-000712,RRU.DE,RRU.DE|swing|2025-10-19T22:00:00Z,EUR,2025-10-21T07:00:00Z,2025-11-14T16:30:00Z,stop,18,1483.9374804657746,13.146570343494414,12.405223145825524,12.41142886025565,1.0,1.0,1090.904000423203,-1100.1128926591357,37.91726405192321,0.0,-1138.030156711059,-1.0431991781766077,1090.904000423203,-1100.1128926591357,37.91726405192321,0.0,-1138.030156711059,-1.0431991781766077,18.958361737325696,0.0
B2-000713,CAT,CAT|swing|2025-10-24T04:00:00Z,USD,2025-10-27T13:30:00Z,2025-10-29T20:00:00Z,objetivo,2,38.41874083046905,527.3135127868652,593.1347281736647,493.7242518833705,0.861178091629349,0.8594018563080097,1290.4571093383686,2528.768215091932,43.04621058341753,0.0,2485.722004508514,1.9262337248720889,1111.3133907495424,2137.243842090225,37.029977538547,0.0,2100.213864551678,1.8898484280254704,18.515527709113016,-40.4759435556012
B2-000714,7203.T,7203.T|swing|2025-10-26T15:00:00Z,JPY,2025-10-28T00:00:00Z,2025-11-05T06:30:00Z,stop,5,1232.5311726262712,3221.6099999999997,3082.2438214285717,3083.785714285714,0.005620187714269656,0.00566925562673621,169872.72848780648,-171773.15949908446,7769.696342589958,0.0,-179542.8558416744,-1.05692571986069,954.716621636635,-778.990285820287,43.85355904306771,0.0,-822.8438448633547,-0.8618723359532426,21.926590255605596,186.4071148377505
B2-000715,DTE.DE,DTE.DE|swing|2025-10-27T23:00:00Z,EUR,2025-10-29T08:00:00Z,2025-10-30T16:30:00Z,stop,1,778.8147376951111,29.014499999999998,27.987962633609772,28.00196361541748,1.0,1.0,788.5782587653897,-799.482429739434,44.39435798397017,0.0,-843.8767877234042,-1.0701243387620027,788.5782587653897,-799.482429739434,44.39435798397017,0.0,-843.8767877234042,-1.0701243387620027,22.196984670622026,0.0
B2-000716,RACE.MI,RACE.MI|swing|2025-10-27T23:00:00Z,EUR,2025-10-29T08:00:00Z,2025-12-10T16:30:00Z,stop,30,38.83772506789277,347.3736122131347,318.12301409557887,318.28215517316545,1.0,1.0,1129.84601034274,-1136.026687761056,25.84637500618799,0.0,-1161.8730627672442,-1.0283463871459693,1129.84601034274,-1136.026687761056,25.84637500618799,0.0,-1161.8730627672442,-1.0283463871459693,12.922906727146962,0.0
B2-000717,8035.T,8035.T|swing|2025-10-28T15:00:00Z,JPY,2025-10-30T00:00:00Z,2025-11-21T06:30:00Z,stop,15,91.58951441720006,32506.245,30296.98678571429,30312.14285714286,0.005647484045857571,0.005510552708436656,200956.7498460236,-202344.8870686387,5752.117503084436,0.0,-208097.00457172314,-1.0355313007956712,1134.900038662809,-1522.7084148274948,32.10502293522093,0.0,-1554.8134377627157,-1.3700003390559998,16.05213480353906,-379.96889334650626
B2-000718,6857.T,6857.T|swing|2025-10-29T15:00:00Z,JPY,2025-10-31T00:00:00Z,2025-11-05T00:00:00Z,stop,2,102.6611604788989,22026.0075,19770.11,20038.571428571428,0.005606323933396872,0.00566925562673621,204032.49347048104,-231593.05527144676,4290.837926062415,0.0,-235883.89319750917,-1.1561094470064706,1143.8722513341988,-1170.658111877868,24.18355493590966,0.0,-1194.8416668137775,-1.0445586606547441,12.091487826298312,127.72757669894851
B2-000719,1810.HK,1810.HK|swing|2025-10-29T16:00:00Z,HKD,2025-10-31T01:30:00Z,2025-11-05T01:30:00Z,stop,3,4705.312952094811,43.621798473358155,42.578698474884035,43.01874998637608,0.11145290000445811,0.11194698190936772,2837.5318565379384,-4908.1119331503505,405.6003147675732,0.0,-5313.712247917923,-1.8726528957462218,316.2511542661872,-448.03592506666683,45.3043187069965,0.0,-493.34024377366336,-1.5599634566342833,22.65205300752922,98.98738342943032
B2-000720,6501.T,6501.T|swing|2025-10-30T15:00:00Z,JPY,2025-11-04T00:00:00Z,2025-11-05T06:30:00Z,stop,1,794.7486838790325,5161.5795,4953.379214285715,4955.857142857143,0.005631581911358901,0.00566925562673621,163497.57258377763,-165466.90305466668,8038.850125669322,0.0,-173505.753180336,-1.0612130225446013,920.749972313891,-783.5306188786055,45.41975275513721,0.0,-828.9503716337427,-0.9002991002547073,22.70968617233429,148.30979929263154
B2-000721,6758.T,6758.T|swing|2025-11-03T15:00:00Z,JPY,2025-11-05T00:00:00Z,2025-11-13T06:30:00Z,objetivo,6,933.0666053965518,4309.153499999999,4738.69196875,4112.0,0.00566925562673621,0.0055806685640939786,183957.34698704857,400788.0009237962,8442.242457679136,0.0,392345.7584661171,2.1328083106881293,1042.9012244857904,1880.48058277388,47.46954150887706,0.0,1833.011041265003,1.7576075262245299,23.73524680839118,-391.68904659170744
B2-000722,0700.HK,0700.HK|swing|2025-11-03T16:00:00Z,HKD,2025-11-05T01:30:00Z,2025-12-09T08:00:00Z,stop,24,327.0228450626981,621.3104999999999,595.8447857142858,596.1428571428571,0.11194698190936772,0.11027668420065946,8230.394170664738,-8327.870337268043,398.0375844173869,0.0,-8725.90792168543,-1.0602053487045409,921.367787330371,-1257.7455712343933,44.23364064077695,0.0,-1301.9792118751702,-1.4130939129613014,22.116511413118165,-325.46562124468676
B2-000723,EUNH.DE,EUNH.DE|swing|2025-11-03T23:00:00Z,EUR,2025-11-05T08:00:00Z,2025-12-02T16:30:00Z,stop,19,201.31196918310042,111.33063902664183,110.65870089340211,110.71405792236328,1.0,1.0,124.1251562634059,-135.26918877170465,44.68911115696069,0.0,-179.95829992866533,-1.4498132799670034,124.1251562634059,-135.26918877170465,44.68911115696069,0.0,-179.95829992866533,-1.4498132799670034,22.34452734730984,0.0
B2-000724,ASML.AS,ASML.AS|swing|2025-11-03T23:00:00Z,EUR,2025-11-05T08:00:00Z,2025-11-07T16:30:00Z,stop,2,25.372056924444674,883.3414744262694,872.6063339712962,873.0428553989956,1.0,1.0,261.297148203161,-272.37259471549015,44.5520077510169,0.0,-316.92460246650705,-1.2128896340655628,261.297148203161,-272.37259471549015,44.5520077510169,0.0,-316.92460246650705,-1.2128896340655628,22.275941351340123,0.0
B2-000725,MU,MU|swing|2025-11-04T05:00:00Z,USD,2025-11-05T14:30:00Z,2025-11-21T21:00:00Z,stop,12,42.91902833629203,225.78283316802978,195.6549856818063,195.75286211286272,0.8702462796971543,0.8680555555555556,1288.8571786547448,-1293.0579399727105,18.087701689201225,0.0,-1311.1456416619117,-1.01729319848335,1121.6231647852621,-1143.6750774496097,15.722358887543805,0.0,-1159.3974363371535,-1.033678219867297,7.860895490225886,-18.396215755492385
B2-000726,6857.T,6857.T|swing|2025-11-06T15:00:00Z,JPY,2025-11-10T00:00:00Z,2026-01-09T06:30:00Z,tiempo,40,67.99473610002968,20130.059999999998,20244.8725,17231.428571428572,0.0056500367252387135,0.005465376837732962,197091.6790369661,7806.645638484905,2745.282880394012,0.0,5061.362758090893,0.025680245776086748,1113.5752247978194,-210.08476652684746,15.256756494310075,0.0,-225.34152302115754,-0.20235859958367028,7.6283276330439325,-254.19260108521163
B2-000727,6501.T,6501.T|swing|2025-11-06T15:00:00Z,JPY,2025-11-10T00:00:00Z,2025-11-19T06:30:00Z,stop,7,473.45566300790557,5140.5689999999995,4721.923571428572,4724.285714285715,0.0056500367252387135,0.005557408024897188,197091.67903696612,-198210.04894951382,4669.452959316258,0.0,-202879.50190883008,-1.0293661452383203,1113.5752247978196,-1326.976765725381,26.175497997062184,0.0,-1353.1522637224432,-1.2151422136462502,13.087420526192048,-207.0827098492651
B2-000728,PLTR,PLTR|swing|2025-11-07T05:00:00Z,USD,2025-11-10T14:30:00Z,2025-11-20T21:00:00Z,stop,8,51.180605830847725,184.40215255737303,159.000594733102,159.08013480050224,0.8649770781074302,0.8685079034219212,1295.996209656131,-1300.067118493502,17.575560650304013,0.0,-1317.642679143806,-1.016702571601979,1121.0070146666646,-1095.7952952140793,15.231190059683868,0.0,-1111.0264852737632,-0.9910968180731062,7.615322984847803,28.732962283975574
B2-000729,OR.PA,OR.PA|swing|2025-11-11T23:00:00Z,EUR,2025-11-13T08:00:00Z,2026-01-12T08:00:00Z,objetivo,39,63.59420570059204,357.0784438934326,388.555625,348.119637625558,1.0,1.0,569.7281686309701,2001.7663301658367,47.418006354578374,0.0,1954.3483238112583,3.4303171782912982,569.7281686309701,2001.7663301658367,47.418006354578374,0.0,1954.3483238112583,3.4303171782912982,23.709509546248015,0.0
B2-000730,6758.T,6758.T|swing|2025-11-13T15:00:00Z,JPY,2025-11-17T00:00:00Z,2025-11-18T06:30:00Z,stop,1,863.8052444795123,4562.28,4419.503428571428,4421.714285714285,0.005579734404642339,0.0055688589408030295,121421.40119400882,-123331.15118880378,7758.511630379175,0.0,-131089.66281918297,-1.079625679905687,677.4991697020914,-729.6731320563306,43.24891620824039,0.0,-772.922048264571,-1.1408457498249611,21.624281091905992,-41.518064604018114
B2-000731,IFX.DE,IFX.DE|swing|2025-11-16T23:00:00Z,EUR,2025-11-18T08:00:00Z,2025-11-21T08:00:00Z,stop,3,526.2858082837995,33.84191326332092,31.38429961872101,31.78285816737584,1.0,1.0,1083.6514754703328,-1293.407183397558,34.32763016791661,0.0,-1327.7348135654745,-1.2252415500926654,1083.6514754703328,-1293.407183397558,34.32763016791661,0.0,-1327.7348135654745,-1.2252415500926654,17.16349602303392,0.0
B2-000732,ENR.DE,ENR.DE|swing|2025-11-17T23:00:00Z,EUR,2025-11-19T08:00:00Z,2026-01-16T16:30:00Z,objetivo,37,94.7505652882258,107.75384694671631,132.30345498548238,96.52142551967076,1.0,1.0,1064.278279768146,2326.089239277457,22.745565059642125,0.0,2303.343674217815,2.164230650953058,1064.278279768146,2326.089239277457,22.745565059642125,0.0,2303.343674217815,2.164230650953058,11.373366895470774,0.0
B2-000733,EUNL.DE,EUNL.DE|swing|2025-11-19T23:00:00Z,EUR,2025-11-21T08:00:00Z,2026-01-23T16:30:00Z,tiempo,40,194.8913073750819,107.51372908401488,112.75859494018556,106.07642691476005,1.0,1.0,280.11769885911605,1022.1787637160314,42.92916120762409,0.0,979.2496025084073,3.4958505174673613,280.11769885911605,1022.1787637160314,42.92916120762409,0.0,979.2496025084073,3.4958505174673613,21.46484151470903,0.0
B2-000734,IS3N.DE,IS3N.DE|swing|2025-11-19T23:00:00Z,EUR,2025-11-21T08:00:00Z,2026-01-13T16:30:00Z,objetivo,32,564.2129369005359,37.13755898094177,40.52988573632921,36.826856885637554,1.0,1.0,175.30214169274146,1913.9946415834154,43.82097708549147,0.0,1870.173664497924,10.668287600135807,175.30214169274146,1913.9946415834154,43.82097708549147,0.0,1870.173664497924,10.668287600135807,21.91097251914674,0.0
B2-000735,AMD,AMD|swing|2025-11-20T05:00:00Z,USD,2025-11-21T14:30:00Z,2026-01-22T21:00:00Z,tiempo,40,33.724878559172176,208.91440255737302,253.6031307296753,173.221433367048,0.8685079034219212,0.8542627712284298,1203.7410513599852,1507.121930574751,15.59834764159358,0.0,1491.5235829331575,1.2390734545839703,1045.4586167795599,1187.1124704810338,13.425453369403067,0.0,1173.6870171116307,1.12265277484351,6.713025141074137,-121.83483764364166
B2-000736,9988.HK,9988.HK|swing|2025-11-20T16:00:00Z,HKD,2025-11-24T01:30:00Z,2026-01-22T08:00:00Z,tiempo,40,741.0124343714253,147.87390305328367,164.71760305023193,135.2714385986328,0.11150882592357185,0.10925140934318053,9338.582864620188,12481.391138560599,231.63419290159635,0.0,12249.756945659003,1.311736172740725,1041.3344110237836,1116.249988281685,25.55372161073909,0.0,1090.696266670946,1.0474025011798396,12.777143062150909,-275.5352834720801
B2-000737,6758.T,6758.T|swing|2025-11-30T15:00:00Z,JPY,2025-12-02T00:00:00Z,2025-12-11T06:30:00Z,stop,7,571.7804865072989,4442.219999999999,4102.804714285715,4104.857142857143,0.005546927002440648,0.005484861781483107,192897.4985866347,-194071.0371937274,4885.878388351179,0.0,-198956.91558207857,-1.0314126260829788,1069.9883436134608,-1222.0969065714492,26.956011733016446,0.0,-1249.0529183044655,-1.1673518929059408,13.47770371170429,-145.5990299699
B2-000738,MRVL,MRVL|swing|2025-12-01T05:00:00Z,USD,2025-12-02T14:30:00Z,2026-01-14T21:00:00Z,stop,29,105.43075294181838,92.70633366394043,80.84812622778757,80.88857051304409,0.858663918942126,0.8582954252853832,1245.9556670870772,-1250.219738533865,18.2979773827955,6.325845176509103,-1262.1918707401514,-1.0130311246876327,1069.8571759291406,-1076.6595755050878,15.708671972948771,5.433641278568204,-1086.9346061994684,-1.0159623458668645,7.854068785096601,-3.14099527679994
B2-000739,7203.T,7203.T|swing|2025-12-01T15:00:00Z,JPY,2025-12-03T00:00:00Z,2025-12-15T06:30:00Z,objetivo,8,1278.4096505776506,3031.515,3343.4881339285716,2921.8571428571427,0.0055169369965794995,0.00546477949614733,140187.66283309401,398829.46513524005,8149.865528877052,0.0,390679.599606363,2.7868329616957954,773.4065035479092,1977.3777501082802,44.73935537198742,0.0,1932.6383947362929,2.4988649382576265,22.370177622972797,-222.9392814223402
B2-000740,ADBE,ADBE|swing|2025-12-08T05:00:00Z,USD,2025-12-09T14:30:00Z,2026-01-13T21:00:00Z,stop,23,60.38645117233677,341.5706938934326,320.75381462751113,320.91427176339283,0.858000858000858,0.8580744808649391,1247.3680263508218,-1257.057463351995,39.995426594041916,0.0,-1297.0528899460369,-1.039831759789906,1070.242836851842,-1077.1303672697775,34.317536348640914,0.0,-1111.4479036184184,-1.038500670453243,17.158503181352486,1.4260148426157422
B2-000741,6501.T,6501.T|swing|2025-12-08T15:00:00Z,JPY,2025-12-10T00:00:00Z,2026-02-09T00:00:00Z,objetivo,39,621.6467743437069,4947.4725,5664.1665,4633.714285714285,0.005495713343591998,0.005397527932207049,195046.781834556,445530.5132914889,6596.691154849879,0.0,438933.82213663904,2.250402790592847,1071.9212015528467,2102.786271098195,35.90780188748855,0.0,2066.8784692107065,1.9282000078144808,17.954431128918433,-345.7217157752321
B2-000742,8035.T,8035.T|swing|2025-12-09T15:00:00Z,JPY,2025-12-11T00:00:00Z,2025-12-15T06:30:00Z,stop,2,63.51565409984034,33816.9,30720.34642857143,30735.714285714286,0.005484861781483107,0.00546477949614733,195703.52604594096,-196679.62554448246,4099.1254207133,0.0,-200778.75096519577,-1.0259332318727021,1073.4067905108654,-1117.945576328333,22.443951342593248,0.0,-1140.389527670926,-1.0624020061659771,11.22169899032783,-39.18501498299161
B2-000743,EXSA.DE,EXSA.DE|swing|2025-12-09T23:00:00Z,EUR,2025-12-11T08:00:00Z,2026-01-05T16:30:00Z,objetivo,12,372.47141066146526,57.278625,59.24554159218925,56.57428632463728,1.0,1.0,262.34601999578024,732.6201977461719,43.401920706744306,72.25200424011103,761.4702812795388,2.90254177018499,262.34601999578024,732.6201977461719,43.401920706744306,72.25200424011103,761.4702812795388,2.90254177018499,21.701148933705795,0.0
B2-000744,MU,MU|swing|2025-12-10T05:00:00Z,USD,2025-12-11T14:30:00Z,2025-12-15T21:00:00Z,stop,2,48.738806365703944,261.6607637786865,236.10758861759732,236.22570146833147,0.8595495960116899,0.8508465923593976,1239.6745768440078,-1245.4312562052407,24.260635342417963,0.0,-1269.6918915476588,-1.0242138664971816,1065.5617817122295,-1170.660635741826,20.753068604952006,0.0,-1191.4137043467779,-1.118108517773901,10.376244231375939,-100.15070261028056
B2-000745,SXR8.DE,SXR8.DE|swing|2025-12-11T23:00:00Z,EUR,2025-12-15T08:00:00Z,2026-02-16T16:30:00Z,tiempo,40,33.776223375586916,625.1524468688965,617.9708892822266,611.8800223214286,1.0,1.0,448.29237625090053,-242.5658932320033,41.98801148524515,0.0,-284.55390471724843,-0.6347507113482321,448.29237625090053,-242.5658932320033,41.98801148524515,0.0,-284.55390471724843,-0.6347507113482321,20.993950349635995,0.0
B2-000746,AMAT,AMAT|swing|2025-12-12T05:00:00Z,USD,2025-12-15T14:30:00Z,2026-01-12T21:00:00Z,objetivo,18,55.284225172174786,263.5617076721191,302.93691682795117,241.2085680280413,0.8524422470377632,0.8552856654122477,1235.776005388264,2176.8279291724984,31.318437516589178,0.0,2145.509491655909,1.736163740274128,1053.4276748685227,1903.2406179717227,26.744779776966418,0.0,1876.4958381947563,1.781323846868709,13.37286904185227,47.62052661335794
B2-000747,INTC,INTC|swing|2025-12-15T05:00:00Z,USD,2025-12-16T14:30:00Z,2026-01-13T21:00:00Z,objetivo,18,284.10615286642206,37.59879183197021,47.845439962540354,33.25999777657645,0.8508465923593976,0.8580744808649391,1232.6780871576236,2911.135780152199,24.275231979765223,0.0,2886.860548172434,2.341941970290974,1048.8199499341647,2575.17997595768,20.752748426236778,0.0,2554.4272275314434,2.435525018085122,10.377020602366226,98.250017519665
B2-000748,8035.T,8035.T|swing|2026-01-04T15:00:00Z,JPY,2026-01-06T00:00:00Z,2026-01-14T06:30:00Z,objetivo,5,80.26750903041035,37218.6,42219.147723214286,34751.42857142857,0.0054665719127535125,0.0054019014693171994,198033.70492242737,401381.50953010074,6376.270132728561,0.0,395005.2393973722,1.9946364158166985,1082.5654891074585,1975.0240177149954,34.637182347122206,0.0,1940.3868353678731,1.7923967232390363,17.319089259336145,-219.15686858086144
B2-000749,PLTR,PLTR|swing|2026-01-08T05:00:00Z,USD,2026-01-09T14:30:00Z,2026-01-21T21:00:00Z,stop,7,84.17586706640905,177.10851427459716,162.07834193747385,162.15942164829798,0.8565310492505354,0.851861316977596,1258.3528336747952,-1265.17778863491,28.55134771918049,0.0,-1293.7291363540905,-1.0281131823544158,1077.8182729548566,-1147.373612952721,24.391406265261757,0.0,-1171.7650192179829,-1.0871638091693971,12.195419338080013,-63.70955416478757
B2-000750,IFX.DE,IFX.DE|swing|2026-01-08T23:00:00Z,EUR,2026-01-12T08:00:00Z,2026-02-26T16:30:00Z,objetivo,33,455.84615846579777,41.57077423667908,47.350197020649915,39.16071319580078,1.0,1.0,1098.6170671524537,2634.5276742228125,40.53428315470104,159.5461554630292,2753.539546531141,2.5063688057096565,1098.6170671524537,2634.5276742228125,40.53428315470104,159.5461554630292,2753.539546531141,2.5063688057096565,20.267805276218503,0.0
B2-000751,1810.HK,1810.HK|swing|2026-01-11T16:00:00Z,HKD,2026-01-13T01:30:00Z,2026-01-19T01:30:00Z,stop,4,3923.423578467044,39.29963877868652,36.601688932418824,36.74571663992746,0.10970204923427969,0.11035944069835454,10020.11833677629,-10585.20004036822,297.7930587787048,0.0,-10882.993099146925,-1.0861142287315784,1099.2275151143413,-1066.814138608276,32.762912793143116,0.0,-1099.577051401419,-1.000317983567798,16.381193788334052,94.40399737489962
B2-000752,7011.T,7011.T|swing|2026-01-12T15:00:00Z,JPY,2026-01-14T00:00:00Z,2026-02-09T00:00:00Z,objetivo,18,766.0759537630443,4511.2545,5056.4705,4241.285714285715,0.0054019014693171994,0.005397527932207049,206816.59500232205,417676.8672068722,7329.6040547175235,0.0,410347.2631521547,1.9841118801300615,1117.2028684222237,2239.307772357209,39.57685740238449,0.0,2199.7309149548246,1.968962824147961,19.788993475382256,-16.94151030740002
B2-000753,7203.T,7203.T|swing|2026-01-12T15:00:00Z,JPY,2026-01-14T00:00:00Z,2026-01-26T06:30:00Z,stop,8,1142.0620905145333,3621.81,3478.1172142857145,3479.8571428571427,0.0054019014693171994,0.005384739647838027,162118.9767830825,-164106.08324471375,8108.5577168481705,0.0,-172214.64096156193,-1.0622731797276737,875.7507388887343,-954.6555225464223,43.73345921434253,0.0,-998.3889817607649,-1.1400378411643133,21.866496409912166,-68.17063034291259
B2-000754,6857.T,6857.T|swing|2026-01-12T15:00:00Z,JPY,2026-01-14T00:00:00Z,2026-01-29T00:00:00Z,objetivo,11,113.70189223661676,22171.079999999998,28980.502500000002,20352.14285714286,0.0054019014693171994,0.005471656817684395,206816.59500232205,774244.2232885939,5816.031721147412,0.0,768428.1915674466,3.7155054774923597,1117.2028684222237,4412.24450456305,31.647483797231686,0.0,4380.597020765818,3.921039897572356,15.824848915951602,229.85349717004152
B2-000755,LMT,LMT|swing|2026-01-13T05:00:00Z,USD,2026-01-14T14:30:00Z,2026-01-29T21:00:00Z,objetivo,10,40.00305468125768,557.2684852294922,640.7847880148207,524.3285609654018,0.8580744808649391,0.8355614973262031,1317.6975915328924,3340.907227097971,47.92579060065199,0.0,3292.981436497319,2.499041857294857,1130.6826767915672,2289.6640723692694,40.5468147275555,0.0,2249.117257641714,1.9891675213631326,20.2739848482895,-577.0831621407435
B2-000756,8035.T,8035.T|swing|2026-01-15T15:00:00Z,JPY,2026-01-19T00:00:00Z,2026-03-09T00:00:00Z,stop,33,73.04891314301628,42041.009999999995,38270.855,39198.57142857143,0.005444547285893178,0.005477351152982418,207637.04831864467,-275405.7251307079,5866.694450738649,0.0,-281272.41958144656,-1.354635031941888,1130.4897278741475,-1407.7515471736344,32.03320329503988,0.0,-1439.7847504686742,-1.2735938372267626,16.01625371369321,91.70794610620301
B2-000757,BSP.DE,BSP.DE|swing|2026-01-15T23:00:00Z,EUR,2026-01-19T08:00:00Z,2026-01-26T16:30:00Z,stop,5,660.2375404256701,24.392189160346984,22.667944589887348,22.679284232003347,1.0,1.0,1130.9241368726114,-1138.4109942925859,31.07086695935778,0.0,-1169.4818612519437,-1.0340939972206777,1130.9241368726114,-1138.4109942925859,31.07086695935778,0.0,-1169.4818612519437,-1.0340939972206777,15.535152760716066,0.0
B2-000758,ASML.AS,ASML.AS|swing|2026-01-20T23:00:00Z,EUR,2026-01-22T08:00:00Z,2026-03-09T16:30:00Z,stop,32,10.08363398843701,1175.5874999999999,1064.7245822623117,1065.2572108677455,1.0,1.0,1112.5302534480827,-1117.9010853570483,22.590487057406335,16.133814381499217,-1124.3577580329554,-1.0106311756900233,1112.5302534480827,-1117.9010853570483,22.590487057406335,16.133814381499217,-1124.3577580329554,-1.0106311756900233,11.294966877170719,0.0
B2-000759,TSM,TSM|swing|2026-01-21T05:00:00Z,USD,2026-01-22T14:30:00Z,2026-02-11T21:00:00Z,objetivo,14,44.647976444461236,333.58672343444823,379.06090089266644,304.3228541782924,0.851861316977596,0.8403361344537815,1306.5725452226388,2030.3300039857766,31.818274344158276,0.0,1998.5117296416183,1.5295834410029439,1113.0186091001267,1534.5039194500807,26.909701415124754,0.0,1507.594218034956,1.3545094445939614,13.455237697350704,-195.0556716443709
B2-000760,AMD,AMD|swing|2026-01-22T05:00:00Z,USD,2026-01-23T14:30:00Z,2026-02-04T14:30:00Z,stop,8,43.38326533249958,261.31058267211915,214.8925,231.22428458077567,0.8542627712284298,0.8473858147614609,1305.24185296943,-2013.767996790446,20.659244687718783,0.0,-2034.4272414781647,-1.5586592146504,1115.019522440996,-1784.399095304028,17.584311552662165,0.0,-1801.9834068566902,-1.6161003198507193,8.791711874485236,-64.11206575469821
B2-000761,9988.HK,9988.HK|swing|2026-01-22T16:00:00Z,HKD,2026-01-26T01:30:00Z,2026-02-03T08:00:00Z,stop,6,745.6838809683159,169.58474999999999,155.8077775290353,155.8857203892299,0.10921680628215069,0.10812681112408633,10215.145565658913,-10273.2663001426,242.6399627659406,0.0,-10515.906262908542,-1.0294426247101873,1115.66557438854,-1248.6526224091876,26.373722522694422,0.0,-1275.026344931882,-1.1428391932149402,13.18655239482819,-126.63928702156574
B2-000762,EXSA.DE,EXSA.DE|swing|2026-01-22T23:00:00Z,EUR,2026-01-26T08:00:00Z,2026-02-20T16:30:00Z,objetivo,19,366.7120765531437,60.31013877868652,62.54567593021052,59.267142159598215,1.0,1.0,382.47945602378104,819.7984710470656,45.05271092852789,0.0,774.7457601185378,2.025587905224293,382.47945602378104,819.7984710470656,45.05271092852789,0.0,774.7457601185378,2.025587905224293,22.526566045522234,0.0
B2-000763,INTC,INTC|swing|2026-01-23T05:00:00Z,USD,2026-01-26T14:30:00Z,2026-03-24T20:00:00Z,tiempo,40,202.7851886780156,44.30213877868652,44.037971372604375,37.91000148228237,0.8516436722875149,0.8641548565502938,1296.2307677070962,-53.569237284949615,17.914065904866206,0.0,-71.48330318981581,-0.05514705017862112,1103.926731142136,66.10608045343378,15.368128855237249,0.0,50.73795159819653,0.04596133979444671,7.684082875157903,111.72798241642845
B2-000764,ENR.DE,ENR.DE|swing|2026-01-25T23:00:00Z,EUR,2026-01-27T08:00:00Z,2026-02-12T16:30:00Z,objetivo,12,97.66602339890237,142.4711938934326,164.3767089250769,131.16429029192244,1.0,1.0,1104.3003117142246,2139.4245436455813,29.968614456576674,0.0,2109.4559291890046,1.9102194455731516,1104.3003117142246,2139.4245436455813,29.968614456576674,0.0,2109.4559291890046,1.9102194455731516,14.984845830633276,0.0
B2-000765,7203.T,7203.T|swing|2026-01-27T15:00:00Z,JPY,2026-01-29T00:00:00Z,2026-02-09T00:00:00Z,objetivo,7,876.3618064638191,3370.6845,3997.0005,3134.8571428571427,0.005471656817684395,0.005397527932207049,206670.08871930256,548879.4211771935,6456.757736056383,0.0,542422.6634411372,2.624582332172174,1130.8277999524107,2743.619789708648,35.069502449367164,0.0,2708.550287259281,2.395192519474023,17.535441513490156,-259.6600372622056
B2-000766,6758.T,6758.T|swing|2026-01-28T15:00:00Z,JPY,2026-01-30T00:00:00Z,2026-02-05T00:00:00Z,stop,4,1197.9540594117022,3460.7295,3248.375,3308.75,0.0054501853063004145,0.0054010261949770455,182064.4589723607,-254390.93530934223,8037.1989707923185,0.0,-262428.1342801345,-1.4414023239976446,992.285039090695,-1577.7757009913532,43.61292577111276,0.0,-1621.388626762466,-1.633994833025262,21.806073893149055,-191.29796331235897
B2-000767,AVGO,AVGO|swing|2026-02-02T05:00:00Z,USD,2026-02-03T14:30:00Z,2026-02-03T21:00:00Z,stop,0,52.310159503279614,336.9083602294922,310.8264600568499,310.98195103236606,0.8445945945945946,0.8473858147614609,1356.2146004489637,-1364.3483581795344,33.88311176500672,0.0,-1398.2314699445412,-1.0309809889096226,1145.4515206494625,-1106.9377343510994,28.662876558880527,0.0,-1135.6006109099799,-0.9913999767236791,14.331165127796947,45.383514111344645
B2-000768,6857.T,6857.T|swing|2026-02-02T15:00:00Z,JPY,2026-02-04T00:00:00Z,2026-03-09T00:00:00Z,stop,21,93.96464883155993,25437.712499999998,23128.43,23212.14285714286,0.005437146585471945,0.005477351152982418,209124.86994125132,-216990.91916536656,4563.500525115998,0.0,-221554.41969048255,-1.0594360190288368,1137.042572538339,-1092.4366657747112,24.899796067377554,0.0,-1117.3364618420887,-0.9826689772465965,12.449628036928079,87.3747694436806
B2-000769,9988.HK,9988.HK|swing|2026-02-03T16:00:00Z,HKD,2026-02-05T01:30:00Z,2026-02-20T08:00:00Z,stop,8,1316.9966937784898,155.57774999999998,147.76894355773928,147.84286499023438,0.10830246713020122,0.10887790431809768,10186.817984618105,-10284.172266813517,399.5065924841793,0.0,-10683.678859297697,-1.0487748848982914,1103.257519940445,-1001.8147014098311,43.37953612829459,0.0,-1045.1942375381257,-0.9473710522222829,21.68952303284714,111.98652747806769
B2-000770,0700.HK,0700.HK|swing|2026-02-05T16:00:00Z,HKD,2026-02-09T01:30:00Z,2026-02-12T01:30:00Z,stop,3,382.6684155633948,550.275,536.7315,537.0803571428571,0.10851636426773158,0.1075118531818133,5049.173076067726,-5182.669686182835,415.96305506211127,0.0,-5598.632741244946,-1.1088217133576925,547.917904773388,-768.7211970390947,44.93248167954461,0.0,-813.6536787186393,-1.484991951586536,22.466054275986377,-206.3167254939501
B2-000771,1810.HK,1810.HK|swing|2026-02-05T16:00:00Z,HKD,2026-02-09T01:30:00Z,2026-03-02T08:00:00Z,stop,12,4430.757371184027,35.39769106864929,33.0049177345889,33.0214284488133,0.10851636426773158,0.1082731515066209,10528.643118707352,-10601.798087460638,303.075363163165,0.0,-10904.873450623803,-1.0357339808819204,1142.5300719145926,-1186.0352348087908,32.85306985793208,0.0,-1218.888304666723,-1.0668325802787608,16.42624252671367,-35.56665165697325
B2-000772,Q8Y0.DE,Q8Y0.DE|swing|2026-02-05T23:00:00Z,EUR,2026-02-09T08:00:00Z,2026-03-09T08:00:00Z,stop,19,861.6478314607601,23.316652805328367,21.88904961872101,21.983571188790457,1.0,1.0,1148.6468840500952,-1230.0911899266998,38.95139546334258,0.0,-1269.0425853900424,-1.104815242187778,1148.6468840500952,-1230.0911899266998,38.95139546334258,0.0,-1269.0425853900424,-1.104815242187778,19.47539507771895,0.0
B2-000773,APP,APP|swing|2026-02-09T05:00:00Z,USD,2026-02-10T14:30:00Z,2026-02-12T21:00:00Z,stop,2,14.425672769073334,473.3915762786865,377.75817434038436,377.9471479143415,0.8413259296651522,0.8421761832575375,1376.8500912153024,-1379.57616215521,12.278407779909088,0.0,-1391.8545699351191,-1.010897685096983,1158.3796830012639,-1156.0398118012163,10.33477622560775,0.0,-1166.374588026824,-1.006901800111727,5.167100394625221,4.633385367899029
B2-000774,VVSM.DE,VVSM.DE|swing|2026-02-10T23:00:00Z,EUR,2026-02-12T08:00:00Z,2026-03-09T08:00:00Z,stop,16,222.78025122567968,62.000986221313475,56.021974237442016,56.772854396275115,1.0,1.0,1164.7245214230172,-1332.005791848233,26.293184781400008,0.0,-1358.298976629633,-1.16619763012297,1164.7245214230172,-1332.005791848233,26.293184781400008,0.0,-1358.298976629633,-1.16619763012297,13.146262675817457,0.0
B2-000775,DBK.DE,DBK.DE|swing|2026-02-10T23:00:00Z,EUR,2026-02-12T08:00:00Z,2026-03-02T08:00:00Z,stop,12,526.6949287377479,31.35567015266418,28.985500000000002,29.14428656441825,1.0,1.0,1164.724521423017,-1248.3565996537973,31.781388313509783,0.0,-1280.137987967307,-1.099090784491497,1164.724521423017,-1248.3565996537973,31.781388313509783,0.0,-1280.137987967307,-1.099090784491497,15.890386040199001,0.0
B2-000776,7011.T,7011.T|swing|2026-02-11T15:00:00Z,JPY,2026-02-13T00:00:00Z,2026-02-25T06:30:00Z,stop,7,597.1670277440815,4981.4895,4628.541714285715,4630.857142857143,0.005478851632697786,0.0054487004849343434,209386.0825459009,-210768.78014385435,5738.793776762846,0.0,-216507.5739206172,-1.0340112928620993,1147.1952802208025,-1238.1090244694115,31.358661504276483,0.0,-1269.4676859736878,-1.1065837768521427,15.679025144635922,-83.33814925653267
B2-000777,ADYEN.AS,ADYEN.AS|swing|2026-02-11T23:00:00Z,EUR,2026-02-13T08:00:00Z,2026-04-14T15:30:00Z,tiempo,40,7.0083470253006395,931.3654744262694,925.6369255981446,767.2571323939733,1.0,1.0,1150.1282107090626,-40.14765813887841,13.01451724618725,0.0,-53.162175385065666,-0.04622282532509205,1150.1282107090626,-40.14765813887841,13.01451724618725,0.0,-53.162175385065666,-0.04622282532509205,6.507250212990745,0.0
B2-000778,6758.T,6758.T|swing|2026-02-15T15:00:00Z,JPY,2026-02-17T00:00:00Z,2026-02-20T06:30:00Z,stop,3,782.5653985573313,3603.801,3336.1882142857144,3337.8571428571427,0.0055008526321579845,0.005492996429552321,208118.46055887407,-209424.50631153758,5430.99542546108,0.0,-214855.50173699867,-1.0323711849493467,1144.82898156595,-1172.5242063125486,29.854594621855217,0.0,-1202.378800934404,-1.050269359262494,14.927007911626525,-20.510859530340163
B2-000779,NOW,NOW|swing|2026-02-13T05:00:00Z,USD,2026-02-17T14:30:00Z,2026-04-09T20:00:00Z,stop,36,101.8312241005748,109.61477755737305,96.28683253812791,96.33500003814697,0.8435259384226065,0.8557980316645271,1352.2960005660855,-1357.200956054891,20.967213000304135,0.0,-1378.1681690551952,-1.0191320306192426,1140.696752902645,-1024.5062619431544,17.806715970329325,0.0,-1042.3129779134838,-0.9137511571424997,8.903104084374089,120.32794814110613
B2-000780,ENR.DE,ENR.DE|swing|2026-02-18T23:00:00Z,EUR,2026-02-20T08:00:00Z,2026-03-06T16:30:00Z,stop,10,81.42387235530325,163.63177805328368,149.34672395760674,149.4214346749442,1.0,1.0,1157.061185362942,-1163.1444212750012,25.483921597688763,56.996710648712266,-1131.6316322239777,-0.9780222917675804,1157.061185362942,-1163.1444212750012,25.483921597688763,56.996710648712266,-1131.6316322239777,-0.9780222917675804,12.741673198156208,0.0
B2-000781,ABBV,ABBV|swing|2026-02-19T05:00:00Z,USD,2026-02-20T14:30:00Z,2026-03-18T20:00:00Z,stop,18,90.90045115682933,225.15251328277586,210.18914475904194,210.29429190499442,0.8508465923593976,0.8695652173913044,1350.6190266283786,-1360.1769496333127,39.572753123363356,0.0,-1399.749702756676,-1.0363764134516489,1149.1695963825225,-799.6584801516908,34.02798558774303,0.0,-833.6864657394339,-0.7254686065170887,17.013797132698187,357.64344244961427
B2-000782,0700.HK,0700.HK|swing|2026-02-19T16:00:00Z,HKD,2026-02-23T01:30:00Z,2026-02-26T08:00:00Z,stop,3,399.78715042776514,529.2645,513.5823660714285,513.8392857142857,0.10874174921977796,0.10851047668652408,6166.802464023388,-6269.515635930169,416.91677691922166,0.0,-6686.432412849391,-1.0842624604659352,670.58888703074,-729.243813207172,45.28877388507273,0.0,-774.5325870922447,-1.1550036126034697,22.644210292636124,-47.485716195376604
B2-000783,BBVA.MC,BBVA.MC|swing|2026-02-23T23:00:00Z,EUR,2026-02-25T08:00:00Z,2026-03-03T16:30:00Z,stop,4,733.922721556983,20.04001568698883,18.452198881149293,18.461429595947266,1.0,1.0,1158.5602001492248,-1165.334831475669,28.25031087460328,0.0,-1193.5851423502722,-1.030231439157444,1158.5602001492248,-1165.334831475669,28.25031087460328,0.0,-1193.5851423502722,-1.030231439157444,14.124867634809846,0.0
B2-000784,CRWD,CRWD|swing|2026-02-25T05:00:00Z,USD,2026-02-26T14:30:00Z,2026-04-24T20:00:00Z,tiempo,40,176.9301721752549,91.8579024581909,111.97648497009278,84.13773196084159,0.8486082824168365,0.8538251366120219,1365.9310953183376,3559.5842677528717,36.06445326292385,0.0,3523.5198144899477,2.57957361580437,1159.1404406978427,3124.0491047868045,30.70795015296313,0.0,3093.341154633841,2.6686508778621705,15.354759927444457,103.3564132110465
B2-000785,ORCL,ORCL|swing|2026-02-25T05:00:00Z,USD,2026-02-26T14:30:00Z,2026-04-22T20:00:00Z,objetivo,38,86.84435855439693,148.86438828277588,189.02053091859818,133.135892868042,0.8486082824168365,0.8522969402539845,1365.9310953183376,3487.3344492268584,29.343399073247568,43.42217927719847,3501.4132294308097,2.563389355020713,1159.1404406978427,3019.9315684249655,24.961602159073905,37.16061555601066,3032.130581821902,2.6158440128242395,12.481559182818131,60.55067125349645
B2-000786,7203.T,7203.T|swing|2026-02-25T15:00:00Z,JPY,2026-02-27T00:00:00Z,2026-03-04T06:30:00Z,stop,3,1137.5939211518232,3741.87,3557.077714285714,3558.8571428571427,0.005423875901719368,0.005465078150617554,208194.31377834143,-210218.58090432239,8303.238550576423,0.0,-218521.8194548988,-1.0496051284453078,1129.2201213773467,-973.4741834963884,45.202460792262926,0.0,-1018.6766442886513,-0.9021063519893164,22.6009926778328,166.72531156420837
B2-000787,LLY,LLY|swing|2026-02-27T05:00:00Z,USD,2026-03-02T14:30:00Z,2026-03-05T21:00:00Z,stop,3,22.364138561000967,1045.142305114746,984.6402983834403,985.1328648158482,0.847098686997035,0.8607333448097779,1342.059437812667,-1353.0752617575351,45.394339393342726,0.0,-1398.469601150878,-1.042032537269847,1136.8567876430893,-845.9444946055834,38.7537290802358,0.0,-884.6982236858191,-0.7781967203801978,19.37665789815688,300.2437830373951
B2-000788,PLTR,PLTR|swing|2026-02-27T05:00:00Z,USD,2026-03-02T14:30:00Z,2026-04-10T20:00:00Z,stop,28,82.23697915757327,140.8453813934326,124.46370284393856,124.52596582685199,0.847098686997035,0.853898044573478,1342.059437812667,-1347.1797574408065,21.818217630743547,0.0,-1368.99797507155,-1.0200725366551486,1136.8567876430893,-1071.5992504463456,18.551778460849164,0.0,-1090.1510289071948,-0.9589167613339196,9.275623649516794,69.59495323074526
B2-000789,IQQT.DE,IQQT.DE|swing|2026-03-02T23:00:00Z,EUR,2026-03-04T08:00:00Z,2026-04-15T07:00:00Z,objetivo,27,193.41617924604074,114.85740305328369,128.87553244018557,109.5914328438895,1.0,1.0,1018.523837924496,2711.333026191204,47.14189313956854,0.0,2664.191133051636,2.6157376330833944,1018.523837924496,2711.333026191204,47.14189313956854,0.0,2664.191133051636,2.6157376330833944,23.57163029594443,0.0
B2-000790,RRU.DE,RRU.DE|swing|2026-03-02T23:00:00Z,EUR,2026-03-04T08:00:00Z,2026-03-09T08:00:00Z,stop,3,1010.7413330285038,15.067530419826507,13.9530200381279,13.968570709228516,1.0,1.0,1110.764002834433,-1126.4817088721577,29.332269855093795,0.0,-1155.8139787272514,-1.0405576484094374,1110.764002834433,-1126.4817088721577,29.332269855093795,0.0,-1155.8139787272514,-1.0405576484094374,14.665856973583463,0.0
B2-000791,7203.T,7203.T|swing|2026-03-04T15:00:00Z,JPY,2026-03-06T00:00:00Z,2026-03-23T06:30:00Z,stop,10,747.324077793131,3491.745,3213.3925000000004,3215.0,0.005463585204611266,0.005450779461462989,206818.20190885995,-208019.52536391214,5010.91069866364,0.0,-213030.43606257578,-1.0300371732099936,1129.9688679935527,-1167.2846964157313,27.346785259479763,0.0,-1194.631481675211,-1.0572251285086087,13.673104226839833,-30.752295367202912
B2-000792,7011.T,7011.T|swing|2026-03-05T15:00:00Z,JPY,2026-03-09T00:00:00Z,2026-03-30T06:30:00Z,stop,14,904.5679557882835,4502.25,4312.699714285714,4314.857142857143,0.005477351152982418,0.005430060816681147,169509.57371503988,-171461.11446765636,7973.721043427942,11759.383425247684,-167675.45208583662,-0.9891798345721371,928.4634590296317,-1123.6384809962994,43.49038440280498,63.85416716576718,-1103.2746982333372,-1.1882801498579239,21.744916728011958,-184.48574797523082
B2-000793,0700.HK,0700.HK|swing|2026-03-05T16:00:00Z,HKD,2026-03-09T01:30:00Z,2026-03-27T01:30:00Z,stop,14,401.06358342508,502.75124999999997,490.9544122009278,494.96605900355746,0.11061946902654868,0.11076527730087173,3122.356598681902,-4731.282040780328,398.5391537520962,0.0,-5129.821194532425,-1.6429325198466986,345.39342905773253,-494.66168407143584,44.11489979744145,0.0,-538.7765838688773,-1.5598923967335254,22.057331747629433,28.71022309452955
B2-000794,EXSA.DE,EXSA.DE|swing|2026-03-05T23:00:00Z,EUR,2026-03-09T08:00:00Z,2026-03-19T16:30:00Z,stop,8,379.7216047963681,58.039003320693965,57.66258505766733,57.69143077305385,1.0,1.0,131.98080557306557,-142.93414691113568,43.93439281652017,54.33740220315069,-132.53113752450514,-1.004169787788838,131.98080557306557,-142.93414691113568,43.93439281652017,54.33740220315069,-132.53113752450514,-1.004169787788838,21.96716616651186,0.0
B2-000795,MUV2.DE,MUV2.DE|swing|2026-03-05T23:00:00Z,EUR,2026-03-09T08:00:00Z,2026-05-07T15:30:00Z,tiempo,40,39.08526561472002,529.2645,511.3442061004639,501.0714416503906,1.0,1.0,1101.9331740857824,-700.419446957215,40.67246767892676,938.0463747532806,196.95446011713886,0.17873539407736036,1101.9331740857824,-700.419446957215,40.67246767892676,938.0463747532806,196.95446011713886,0.17873539407736036,20.33606381861596,0.0
B2-000796,1810.HK,1810.HK|swing|2026-03-08T16:00:00Z,HKD,2026-03-10T01:30:00Z,2026-04-02T08:00:00Z,stop,17,2941.02902385934,34.57728137397766,31.184399128505166,31.199999128069198,0.11072848268760173,0.10994447803859052,9932.685106981651,-9978.565158471662,193.4070110155669,0.0,-10171.972169487228,-1.024090873709203,1099.8311509098173,-1176.8157565533666,21.343760493741563,0.0,-1198.159517047108,-1.0894031470703027,10.671588710828196,-71.90437715643189
B2-000797,6501.T,6501.T|swing|2026-03-17T15:00:00Z,JPY,2026-03-19T00:00:00Z,2026-03-30T00:00:00Z,stop,6,692.6893958869595,4805.4015,4481.758,4509.857142857143,0.005449888277290316,0.005430060816681147,204720.4422070853,-224184.42049774126,6433.116903560836,18702.613688947906,-211914.9237123542,-1.0351429560609846,1115.7035381060837,-1283.333727338223,34.99821471703792,101.55632976188046,-1216.7756122933804,-1.0905904397855253,17.49879089978534,-61.55368211646139
B2-000798,SU.PA,SU.PA|swing|2026-03-18T23:00:00Z,EUR,2026-03-20T08:00:00Z,2026-05-20T15:30:00Z,tiempo,40,47.82820452172212,247.12349999999998,264.4677061004639,224.1071297781808,1.0,1.0,1100.8316623168428,829.5422366398882,24.46848883688748,200.87845899123292,1005.9522067942337,0.9138111132060619,1100.8316623168428,829.5422366398882,24.46848883688748,200.87845899123292,1005.9522067942337,0.9138111132060619,12.234454862614701,0.0
B2-000799,ENR.DE,ENR.DE|swing|2026-03-18T23:00:00Z,EUR,2026-03-20T08:00:00Z,2026-05-20T15:30:00Z,tiempo,40,50.3256715920744,148.3741530532837,174.23284732055666,126.49999564034599,1.0,1.0,1100.8316623168428,1301.3561554946364,16.235413954118115,0.0,1285.1207415405183,1.1674089559123102,1100.8316623168428,1301.3561554946364,16.235413954118115,0.0,1285.1207415405183,1.1674089559123102,8.118034345605658,0.0
B2-000800,ASML.AS,ASML.AS|swing|2026-03-19T23:00:00Z,EUR,2026-03-23T08:00:00Z,2026-05-21T15:30:00Z,tiempo,40,12.356616522889162,1108.7540511474608,1344.5273511962891,1023.0284772600446,1.0,1.0,1059.2780427314028,2913.360255039456,30.314257511497473,33.36286461180074,2916.4088621397595,2.753204299996297,1059.2780427314028,2913.360255039456,30.314257511497473,33.36286461180074,2916.4088621397595,2.753204299996297,15.157860885275156,0.0
B2-000801,6857.T,6857.T|swing|2026-03-23T15:00:00Z,JPY,2026-03-25T00:00:00Z,2026-04-27T00:00:00Z,objetivo,23,52.72529905981041,23011.5,30484.75,19302.85714285714,0.005437442227176337,0.005355899523324942,195539.30374888697,394029.3411987281,2820.6057798283828,1581.7589717943124,392790.4943906941,2.0087546946322288,1063.2336672768581,2011.4467587483348,15.205815953624386,8.589047414174155,2004.8299902088845,1.8855967901615005,7.603412739355065,-131.0650198321023
B2-000802,9988.HK,9988.HK|swing|2026-03-25T16:00:00Z,HKD,2026-03-27T01:30:00Z,2026-05-29T08:00:00Z,tiempo,40,1399.559934251073,123.0615,120.83955152511598,116.27678258078438,0.11076527730087173,0.10987199912102401,9495.618665149508,-3109.7500614179453,341.3541396362589,0.0,-3451.104201054204,-0.36344174326632633,1051.7848345886187,-495.52549422092056,37.659112768279144,0.0,-533.1846069891997,-0.5069331572913793,18.829437210122656,-151.07316633155807
B2-000803,8035.T,8035.T|swing|2026-03-26T15:00:00Z,JPY,2026-03-30T00:00:00Z,2026-05-01T06:30:00Z,objetivo,23,101.00064826101345,37618.799999999996,47689.44691964286,35834.28571428572,0.005430060816681147,0.005458217346214726,180237.09968818148,1017141.8672917078,8616.188240894533,0.0,1008525.6790508132,5.595549866235139,978.698412729048,5658.762770435526,46.92204672787919,0.0,5611.840723707647,5.733983677422477,23.46244392023882,135.62057184893075
B2-000804,MC.PA,MC.PA|swing|2026-03-26T23:00:00Z,EUR,2026-03-30T07:00:00Z,2026-04-29T15:30:00Z,stop,20,45.095979241652174,455.6777372131347,447.24054703521733,447.4642791748047,1.0,1.0,370.3939331987123,-380.4833531212341,40.717984203371884,338.2198443123913,-82.98149301221468,-0.22403577805821137,370.3939331987123,-380.4833531212341,40.717984203371884,338.2198443123913,-82.98149301221468,-0.22403577805821137,20.358902070568952,0.0
B2-000805,XOM,XOM|swing|2026-04-01T04:00:00Z,USD,2026-04-02T13:30:00Z,2026-04-14T13:30:00Z,stop,7,86.56906856122451,164.57225049591062,149.99497232055666,150.57428632463728,0.8616975441619991,0.8558712769599451,1211.790720060526,-1261.9413937982595,27.231791479112744,0.0,-1289.173185277372,-1.0638579450525756,1044.1970875144557,-1163.0654428094933,23.38991419778594,0.0,-1186.4553570072792,-1.136236991267086,11.694669256196875,-75.65364289716256
B2-000806,IFX.DE,IFX.DE|swing|2026-04-08T22:00:00Z,EUR,2026-04-10T07:00:00Z,2026-04-23T15:30:00Z,objetivo,9,208.73256134456193,42.91644795799255,53.58787843096257,37.78499984741211,1.0,1.0,1071.1003075281687,2227.4750158334414,20.143595227998205,0.0,2207.3314206054433,2.060807381989658,1071.1003075281687,2227.4750158334414,20.143595227998205,0.0,2207.3314206054433,2.060807381989658,10.072357000840814,0.0
B2-000807,MRVL,MRVL|swing|2026-04-10T04:00:00Z,USD,2026-04-13T13:30:00Z,2026-04-23T20:00:00Z,objetivo,8,82.8429239344466,130.03498622131346,161.28423502390726,115.00286211286273,0.853898044573478,0.8551393877201984,1245.3051140895448,2588.7791415618744,24.133736086260043,0.0,2564.6454054756146,2.0594514360046237,1063.363601818414,2227.1393523828856,20.624335957880426,0.0,2206.5150164250053,2.075033424739887,10.312727341957782,16.58590557059439
B2-000808,ARM,ARM|swing|2026-04-13T04:00:00Z,USD,2026-04-14T13:30:00Z,2026-04-24T13:30:00Z,objetivo,8,48.78956540937633,161.1105137786865,221.84902671051026,135.17286682128906,0.8558712769599451,0.8551393877201984,1265.4865227932537,2963.405649555465,18.684429549842367,0.0,2944.721220005623,2.326947910520506,1083.0935662386628,2528.3718686122256,15.983544669268596,0.0,2512.388323942957,2.3196410746560976,7.992406425702288,-7.9219088231252535
B2-000809,IQQK.DE,IQQK.DE|swing|2026-04-13T22:00:00Z,EUR,2026-04-15T07:00:00Z,2026-05-05T15:30:00Z,objetivo,13,129.64973902948702,89.10452755737305,106.91383596495221,80.6557115827288,1.0,1.0,1095.3867862207878,2308.972187338288,25.41372967565659,0.0,2283.5584576626316,2.084705134650359,1095.3867862207878,2308.972187338288,25.41372967565659,0.0,2283.5584576626316,2.084705134650359,12.707445257735023,0.0
B2-000810,IS3N.DE,IS3N.DE|swing|2026-04-13T22:00:00Z,EUR,2026-04-15T07:00:00Z,2026-05-25T15:30:00Z,objetivo,27,508.19937372568415,43.108545301437374,47.32156259390286,41.27656991141183,1.0,1.0,931.0087458918457,2141.052749526438,45.956524198357954,0.0,2095.0962253280804,2.250350745439147,931.0087458918457,2141.052749526438,45.956524198357954,0.0,2095.0962253280804,2.250350745439147,22.978803107065247,0.0
B2-000811,7011.T,7011.T|swing|2026-04-21T15:00:00Z,JPY,2026-04-23T00:00:00Z,2026-05-12T06:30:00Z,stop,9,548.3179805789648,4591.2945,4194.758714285715,4196.857142857143,0.005353032492907232,0.005409206469410937,216277.0951334752,-217427.70125015007,4817.550955716466,0.0,-222245.25220586653,-1.0275949566860425,1157.7383177210813,-1034.6939418449122,25.917710409991802,0.0,-1060.611652254904,-0.9161065467217464,12.95859977116004,129.20360780526843
B2-000812,6501.T,6501.T|swing|2026-04-22T15:00:00Z,JPY,2026-04-24T00:00:00Z,2026-04-30T06:30:00Z,stop,3,696.2370625907852,5232.615,4918.5395,4921.0,0.005361930294906166,0.005346164127238706,216957.91225922736,-218671.00355173208,7067.609990985231,0.0,-225738.6135427173,-1.040471910851532,1163.313202462345,-1226.4894387716074,37.842041363035165,0.0,-1264.3314801346426,-1.086836698370203,18.920718789337286,-53.9907602100407
B2-000813,APP,APP|swing|2026-04-23T04:00:00Z,USD,2026-04-24T13:30:00Z,2026-05-28T20:00:00Z,objetivo,23,23.495314760932686,455.22749999999996,593.3242998159955,396.9593069893973,0.8551393877201984,0.860807437376259,1369.0295353348874,3244.6277791543253,24.63605457981929,0.0,3219.991724574506,2.3520250231758824,1170.7110786171434,2853.623558473734,21.146275175255816,0.0,2832.4772832984786,2.4194503110402197,10.573853636978699,79.01454602775766
B2-000814,6758.T,6758.T|swing|2026-04-23T15:00:00Z,JPY,2026-04-27T00:00:00Z,2026-04-30T06:30:00Z,stop,2,1371.2976371984926,3194.5964999999997,3113.5674375000003,3115.125,0.005355899523324942,0.005346164127238706,108979.08017461952,-111114.96195065805,8650.37030255449,0.0,-119765.33225321255,-1.0989754369490914,583.6810035596353,-636.6870882569426,46.28894766352468,0.0,-682.9760359204673,-1.1701186637140348,23.14432044606545,-41.56651651114288
B2-000815,ARM,ARM|swing|2026-04-28T04:00:00Z,USD,2026-04-29T13:30:00Z,2026-05-21T13:30:00Z,objetivo,16,43.3659301465675,202.70130610656736,266.76154151916506,171.60642787388392,0.8561643835616439,0.8620689655172414,1348.4583173545725,2778.031694075382,20.358693056546173,0.0,2757.6730010188357,2.045056169351147,1154.5019840364491,2446.758136609832,17.498694234615648,0.0,2429.259442375216,2.1041622067048102,8.74996099433038,68.30634373707318
B2-000816,6857.T,6857.T|swing|2026-04-27T15:00:00Z,JPY,2026-04-30T00:00:00Z,2026-05-15T06:30:00Z,stop,8,108.42068330004807,28894.44,26895.831071428573,26909.285714285714,0.005346164127238706,0.005410377103284098,215231.78411316162,-216690.54568529097,6048.819311059191,0.0,-222739.36499635017,-1.0348813764385343,1150.6644432673702,-971.2140497021852,32.52522998528569,0.0,-1003.7392796874709,-0.8723127629087957,16.262376254722724,187.2491723522985
B2-000817,RRU.DE,RRU.DE|swing|2026-04-28T22:00:00Z,EUR,2026-04-30T07:00:00Z,2026-05-29T15:30:00Z,objetivo,20,1768.2329240034426,12.86042709159851,15.460283935295685,12.443178500447955,1.0,1.0,737.7926963664628,4597.152468721018,50.077613668941666,0.0,4547.074855052076,6.163079246305708,737.7926963664628,4597.152468721018,50.077613668941666,0.0,4547.074855052076,6.163079246305708,25.039962382574306,0.0
B2-000818,Q8Y0.DE,Q8Y0.DE|swing|2026-04-28T22:00:00Z,EUR,2026-04-30T07:00:00Z,2026-05-22T07:00:00Z,objetivo,15,844.0213330032984,25.712850763320922,28.3258301525116,24.36571475437709,1.0,1.0,1137.0115300055159,2205.41034717486,45.609799500320875,0.0,2159.800547674539,1.89954146521633,1137.0115300055159,2205.41034717486,45.609799500320875,0.0,2159.800547674539,1.89954146521633,22.805456804108598,0.0
B2-000819,MSFT,MSFT|swing|2026-04-30T04:00:00Z,USD,2026-05-01T13:30:00Z,2026-06-12T20:00:00Z,stop,29,44.47920241547223,413.0063877868652,382.247353188651,382.4385724748884,0.8545547769612033,0.864528399757932,1359.6320446601876,-1368.1373259984834,35.37225211651151,40.47607419807973,-1363.0335039169154,-1.0025017498448103,1161.8800586738914,-999.5761802423093,30.39709912526957,34.89617570314659,-995.0771036644323,-0.8564370274158598,15.198303468163772,169.57210722862106
B2-000820,INTC,INTC|swing|2026-04-30T04:00:00Z,USD,2026-05-01T13:30:00Z,2026-05-08T20:00:00Z,objetivo,5,150.60133273155492,93.24659694671631,119.43248736398562,84.21857561383929,0.8545547769612033,0.8502678343678259,1359.6320446601876,3943.6299956032103,32.02975354131844,0.0,3911.600242061892,2.876955024283439,1161.8800586738914,3292.939936254047,27.29407097856753,0.0,3265.6458652754795,2.810656608568285,13.647862136232613,-77.10791505616473
B2-000821,TSM,TSM|swing|2026-05-05T04:00:00Z,USD,2026-05-06T13:30:00Z,2026-06-18T20:00:00Z,objetivo,30,39.36131169987496,402.6011938934326,460.792901815142,367.08142525809154,0.8557247989046722,0.8725242125468983,1398.1046847631014,2290.5019538544866,33.984324121016876,37.59005267338058,2294.1076824068505,1.6408697484591936,1196.3928502165852,2264.737227868674,29.385926828384157,32.58217272547507,2267.933473765765,1.8956427843539827,14.69353327188056,304.69790401578535
B2-000822,6501.T,6501.T|swing|2026-05-06T15:00:00Z,JPY,2026-05-08T00:00:00Z,2026-06-26T00:00:00Z,stop,35,643.7857221852028,4846.422,4481.758,4496.428571428572,0.005432715814635737,0.005447513210219535,225320.77217293196,-234765.47659494463,6005.349097973564,0.0,-240770.82569291818,-1.0685691486452409,1224.1037223498233,-1232.71931313039,32.668049821266905,0.0,-1265.387362951657,-1.033725606619825,16.333720814234535,42.69480429746227
B2-000823,8035.T,8035.T|swing|2026-05-07T15:00:00Z,JPY,2026-05-11T00:00:00Z,2026-05-19T06:30:00Z,stop,6,45.85198593696823,53526.75,48594.262142857144,48618.57142857143,0.005423875901719368,0.005407451468123073,225049.7348332717,-226164.36385998077,4682.451212643247,0.0,-230846.815072624,-1.025759107175341,1220.6418334505163,-1263.2834366847812,25.3604382995154,0.0,-1288.6438749842966,-1.055710069629149,12.679906498874669,-36.59599371694235
B2-000824,IFX.DE,IFX.DE|swing|2026-05-10T22:00:00Z,EUR,2026-05-12T07:00:00Z,2026-05-25T07:00:00Z,objetivo,9,292.55762754265595,60.580274236679074,75.49223377990722,56.44214303152902,1.0,1.0,1210.6418478389312,4362.6075059788955,39.80905011911152,0.0,4322.798455859784,3.570666637351286,1210.6418478389312,4362.6075059788955,39.80905011911152,0.0,4322.798455859784,3.570666637351286,19.905620687837263,0.0
B2-000825,ADYEN.AS,ADYEN.AS|swing|2026-05-13T22:00:00Z,EUR,2026-05-15T07:00:00Z,2026-06-05T15:30:00Z,stop,15,17.706069677605736,889.2443877868652,819.7042355433873,820.1142926897321,1.0,1.0,1224.0222806093495,-1231.2827810143306,30.25876340013385,0.0,-1261.5415444144644,-1.0306524353351123,1224.0222806093495,-1231.2827810143306,30.25876340013385,0.0,-1261.5415444144644,-1.0306524353351123,15.129077661639588,0.0
B2-000826,AMD,AMD|swing|2026-05-18T04:00:00Z,USD,2026-05-19T13:30:00Z,2026-06-15T20:00:00Z,objetivo,18,29.10386746014654,412.8063061065674,557.2565134045736,364.9714093889509,0.8585164835164835,0.8615490652192642,1392.180494039308,4204.059687791867,28.232579727068302,0.0,4175.827108064798,2.999486866784742,1195.2099021628674,3658.437919251079,24.28731844747604,0.0,3634.150600803603,3.0405961281170755,12.144576869362536,49.18337959460103
B2-000827,6857.T,6857.T|swing|2026-05-19T15:00:00Z,JPY,2026-05-21T00:00:00Z,2026-06-25T06:30:00Z,objetivo,25,51.81974083640248,26638.3125,33801.572901785716,22263.571428571428,0.005420641803989592,0.00545404963185165,226697.94854779434,371198.29756420007,3131.9791977024015,0.0,368066.31836649764,1.6235979228056352,1228.8483767768557,2070.649784712321,17.03585414365747,0.0,2053.6139305686634,1.6711695025834543,8.51844686388683,58.516775366050375
B2-000828,6758.T,6758.T|swing|2026-05-19T15:00:00Z,JPY,2026-05-21T00:00:00Z,2026-06-12T06:30:00Z,stop,16,683.2429122258318,3595.797,3262.3680000000004,3264.0,0.005420641803989592,0.0053992764969494084,226697.94854779434,-227813.0009805466,4685.792627125272,0.0,-232498.7936076719,-1.0255884320834716,1228.8483767768557,-1282.515728353206,25.352380347675734,0.0,-1307.8681087008817,-1.0643038908765023,12.6758727138726,-47.62305174573298
B2-000829,INTC,INTC|swing|2026-05-20T04:00:00Z,USD,2026-05-21T13:30:00Z,2026-06-05T20:00:00Z,stop,10,78.50919686925916,116.63829183197021,98.42790158408029,98.47714015415737,0.8620689655172414,0.859106529209622,1425.8174324458844,-1429.6831130376268,16.88467411882288,0.0,-1446.5677871564496,-1.0145533041176034,1229.1529590050727,-1255.37765551855,14.532861337464642,0.0,-1269.9105168560147,-1.0331590609226804,7.266118640847644,-22.892213244734645
B2-000830,8035.T,8035.T|swing|2026-05-20T15:00:00Z,JPY,2026-05-22T00:00:00Z,2026-06-03T06:30:00Z,objetivo,8,46.65185426791337,49074.524999999994,59989.454553571435,44197.142857142855,0.005417411560756271,0.005373743887366328,227538.9209374943,509201.7028777556,5088.036880011898,0.0,504113.6659977437,2.2155052151988777,1232.6719808087887,2636.3459987651254,27.44178062216912,0.0,2608.9042181429563,2.116462658972085,13.721552827970392,-122.20919316160528
B2-000831,EQQQ.DE,EQQQ.DE|swing|2026-05-20T22:00:00Z,EUR,2026-05-22T07:00:00Z,2026-07-17T15:30:00Z,tiempo,40,39.71360361723242,621.1103877868652,609.9948377990723,598.5999843052456,1.0,1.0,893.9692411330102,-441.43854620273834,48.891624940023426,16.15720163644569,-474.17296950631606,-0.530413069811387,893.9692411330102,-441.43854620273834,48.891624940023426,16.15720163644569,-474.17296950631606,-0.530413069811387,24.44570822179792,0.0
B2-000832,QCOM,QCOM|swing|2026-05-21T04:00:00Z,USD,2026-05-22T13:30:00Z,2026-07-02T20:00:00Z,stop,27,37.00865919366886,214.53720767211914,175.77493129185268,175.86286272321428,0.8621432882145013,0.8772699359592947,1431.2856517524087,-1434.5398761280817,14.444928930069555,34.04796645817535,-1414.936838599976,-0.9885775329806347,1233.973318176057,-1138.3771397590428,12.552000311915787,29.250830290528654,-1121.67830978043,-0.908997215141077,6.2757171306017945,98.40178612084453
B2-000833,SAP.DE,SAP.DE|swing|2026-05-21T22:00:00Z,EUR,2026-05-25T07:00:00Z,2026-06-11T15:30:00Z,stop,13,94.92352862828656,153.19655511474608,139.810062701634,139.88000270298548,1.0,1.0,1264.0541440878355,-1270.6930958083854,27.813222074570575,0.0,-1298.506317882956,-1.027255299115357,1264.0541440878355,-1270.6930958083854,27.813222074570575,0.0,-1298.506317882956,-1.027255299115357,13.90629684058294,0.0
B2-000834,7011.T,7011.T|swing|2026-05-24T15:00:00Z,JPY,2026-05-26T00:00:00Z,2026-05-28T06:30:00Z,stop,2,1202.5765301472968,3901.95,3816.7692321428576,3818.6785714285716,0.005404236921746649,0.005390254420008624,100140.26563183666,-102436.39224492446,9282.350591371565,0.0,-111718.74283629602,-1.1156225932835784,541.1817208810887,-617.7696162226466,50.099842703364956,0.0,-667.8694589260116,-1.2340946361578229,25.04977317171829,-64.17908312210577
B2-000835,ITX.MC,ITX.MC|swing|2026-05-26T22:00:00Z,EUR,2026-05-28T07:00:00Z,2026-07-23T15:30:00Z,tiempo,40,479.25338524964684,53.12654847335815,53.83307061004639,50.678570883614675,1.0,1.0,1173.2015468998309,338.603125761654,51.260759530734354,0.0,287.34236623091965,0.2449215712255221,1173.2015468998309,338.603125761654,51.260759530734354,0.0,287.34236623091965,0.2449215712255221,25.63047082376145,0.0
B2-000836,ENR.DE,ENR.DE|swing|2026-05-27T22:00:00Z,EUR,2026-05-29T07:00:00Z,2026-06-09T15:30:00Z,stop,7,85.56059577642613,165.08249999999998,150.0049531151908,150.07999311174666,1.0,1.0,1283.623427498891,-1290.0438943112713,26.959070210212456,0.0,-1317.0029645214838,-1.0260041506780786,1283.623427498891,-1290.0438943112713,26.959070210212456,0.0,-1317.0029645214838,-1.0260041506780786,13.479215963933823,0.0
B2-000837,AMAT,AMAT|swing|2026-05-28T04:00:00Z,USD,2026-05-29T13:30:00Z,2026-06-11T20:00:00Z,objetivo,9,34.604381618371896,452.9963740081787,546.2869128291267,409.9342694963728,0.860807437376259,0.8667764583513912,1490.1374978167455,3228.2614067436216,34.5795802025791,0.0,3193.6818265410425,2.143212845271139,1282.7214408339034,2891.7493285149153,29.879197719524196,0.0,2861.870130795391,2.2310924567806985,14.940325532172567,112.83789979526142
B2-000838,MRVL,MRVL|swing|2026-05-28T04:00:00Z,USD,2026-05-29T13:30:00Z,2026-06-02T20:00:00Z,objetivo,2,52.21864899690288,204.54222244262695,274.95163921546936,176.00572204589844,0.860807437376259,0.8584427847883939,1490.137497816746,3676.6846205377037,25.038521658093643,0.0,3651.6460988796102,2.450543056751319,1282.721440833904,3130.9667228268404,21.519394920774623,0.0,3109.4473279060658,2.424101779950445,10.760482892188822,-33.95074341892307
B2-000839,7011.T,7011.T|swing|2026-05-28T15:00:00Z,JPY,2026-06-01T00:00:00Z,2026-06-01T06:30:00Z,stop,0,1248.983316547524,3821.91,3698.5783571428574,3700.4285714285716,0.005392289026691831,0.005392289026691831,151728.27755607365,-154039.16433096855,9392.964490361326,0.0,-163432.12882132988,-1.0771369151075407,818.1627261044683,-830.6236955026632,50.64957934948141,0.0,-881.2732748521446,-1.077136915107543,25.324588349962177,0.0
B2-000840,SIE.DE,SIE.DE|swing|2026-05-28T22:00:00Z,EUR,2026-06-01T07:00:00Z,2026-07-27T15:30:00Z,tiempo,40,73.6045460913679,270.18501278686523,272.613625,252.74284144810267,1.0,1.0,1283.823104237485,178.7568995797382,39.95244735331502,0.0,138.80445222642317,0.10811805128625161,1283.823104237485,178.7568995797382,39.95244735331502,0.0,138.80445222642317,0.10811805128625161,19.97627335994941,0.0
B2-000841,0700.HK,0700.HK|swing|2026-06-01T16:00:00Z,HKD,2026-06-03T01:30:00Z,2026-06-08T01:30:00Z,stop,3,347.83709591218246,484.24199999999996,447.5760877990723,449.91430228097096,0.10953142456570791,0.10966716016888743,11940.446683938299,-12753.764418941737,324.12089757847235,0.0,-13077.885316520209,-1.0952593033317537,1307.854135242645,-1375.806182567285,35.522555446100824,0.0,-1411.3287380133859,-1.0791178465414595,17.760938211736658,21.13180281484312
B2-000842,ASML.AS,ASML.AS|swing|2026-06-01T22:00:00Z,EUR,2026-06-03T07:00:00Z,2026-06-30T15:30:00Z,objetivo,19,9.310474557004918,1496.7479999999998,1721.2638928358895,1355.0000871930804,1.0,1.0,1319.7403356973748,2090.349507891793,29.961217852387783,0.0,2060.3882900394055,1.5612073332218483,1319.7403356973748,2090.349507891793,29.961217852387783,0.0,2060.3882900394055,1.5612073332218483,14.981135258853136,0.0
B2-000843,7011.T,7011.T|swing|2026-06-04T15:00:00Z,JPY,2026-06-08T00:00:00Z,2026-06-11T06:30:00Z,stop,3,876.3456943565785,3714.8565,3442.849142857143,3444.5714285714284,0.005374032674118658,0.005399859603650305,236863.15859528884,-238372.47626545487,6272.624521589643,0.0,-244645.1007870445,-1.0328541687863417,1272.910353586032,-1203.0983748857384,33.787212232676055,0.0,-1236.8855871184144,-0.971698897439141,16.893309565070492,77.92310117539105
B2-000844,RACE.MI,RACE.MI|swing|2026-06-04T22:00:00Z,EUR,2026-06-08T07:00:00Z,2026-07-30T15:30:00Z,objetivo,38,60.95900869543395,299.4496377868652,353.0648909977504,278.72142246791293,1.0,1.0,1263.5714578688385,3268.332686690245,39.77663883407837,0.0,3228.5560478561665,2.5551036530229205,1263.5714578688385,3268.332686690245,39.77663883407837,0.0,3228.5560478561665,2.5551036530229205,19.88914147249291,0.0
B2-000845,8035.T,8035.T|swing|2026-06-08T15:00:00Z,JPY,2026-06-10T00:00:00Z,2026-06-18T06:30:00Z,objetivo,6,29.775940060511125,61140.55499999999,76073.90830357144,53277.142857142855,0.005395198273536552,0.005381552039608223,234140.4886368095,444654.6328695793,4085.6896347623465,0.0,440568.94323481695,1.8816435628022117,1263.2343600583192,2368.088838751999,22.012194594850012,0.0,2346.076644157149,1.857198251042537,11.00669207130495,-30.911068825984643
B2-000846,MRVL,MRVL|swing|2026-06-09T04:00:00Z,USD,2026-06-10T13:30:00Z,2026-07-15T20:00:00Z,stop,23,24.89986167362904,263.63175,205.04886558096752,205.15144130161832,0.8640801866413204,0.8767315448009819,1456.1515972208292,-1458.705718476107,11.670082497077399,1.4939917004177423,-1468.8818092727665,-1.008742367261921,1258.2317439046308,-1195.8448170109284,10.148480954658913,1.3070793529464062,-1204.686218612641,-0.9574438289676084,5.073942784611036,64.59389246466803
B2-000847,RRU.DE,RRU.DE|swing|2026-06-09T22:00:00Z,EUR,2026-06-11T07:00:00Z,2026-06-17T15:30:00Z,objetivo,4,1039.6617450033075,14.537264732837675,16.342109859662397,13.348857607160296,1.0,1.0,1235.5414260561092,1876.4284340153058,32.104104473449425,0.0,1844.3243295418563,1.4927256105276883,1235.5414260561092,1876.4284340153058,32.104104473449425,0.0,1844.3243295418563,1.4927256105276883,16.052525356961862,0.0
B2-000848,7011.T,7011.T|swing|2026-06-10T15:00:00Z,JPY,2026-06-12T00:00:00Z,2026-08-10T06:30:00Z,tiempo,40,1256.8654232246972,3546.7724999999996,4001.998,3361.8928571428573,0.0053992764969494084,0.005475251861585633,232368.83056527295,572157.190720175,9487.788629308609,0.0,562669.4020908665,2.42144955811021,1254.6235654946975,3471.3888983647144,51.609348180198495,0.0,3419.7795501845158,2.725741524579206,25.80554838870777,382.1540259486756
B2-000849,IQQK.DE,IQQK.DE|swing|2026-06-10T22:00:00Z,EUR,2026-06-12T07:00:00Z,2026-07-16T15:30:00Z,stop,24,86.20007614650977,119.43968725204468,104.78187022726877,104.83428737095424,1.0,1.0,1258.9865819002202,-1263.5049436772906,19.327915328405837,0.0,-1282.8328590056965,-1.0189408508782394,1258.9865819002202,-1263.5049436772906,19.327915328405837,0.0,-1282.8328590056965,-1.0189408508782394,9.66364420387781,0.0
B2-000850,IFX.DE,IFX.DE|swing|2026-06-10T22:00:00Z,EUR,2026-06-12T07:00:00Z,2026-07-15T15:30:00Z,stop,23,108.53797624039696,79.03949999999999,67.40627699334281,67.43999699183873,1.0,1.0,1258.9865819002202,-1262.6464822957957,15.894928263809913,0.0,-1278.5414105596058,-1.0155321978331737,1258.9865819002202,-1262.6464822957957,15.894928263809913,0.0,-1278.5414105596058,-1.0155321978331737,7.947150457070004,0.0
B2-000851,6758.T,6758.T|swing|2026-06-11T15:00:00Z,JPY,2026-06-15T00:00:00Z,2026-07-30T06:30:00Z,objetivo,32,875.1030630083712,3340.6695,3829.468236607143,3070.714285714286,0.005396654074473826,0.005368551028077521,236238.6348965097,427749.27159953286,6274.609495496821,0.0,421474.662104036,1.7841055604163716,1274.8981915623838,2214.2364997326345,33.76771854990688,0.0,2180.4687811827275,1.7103081607720925,16.884417055181697,-94.17834969819523
B2-000852,ADYEN.AS,ADYEN.AS|swing|2026-06-14T22:00:00Z,EUR,2026-06-16T07:00:00Z,2026-08-11T15:30:00Z,tiempo,40,13.90135308195289,862.6311122131348,929.4350744018556,767.8143223353794,1.0,1.0,1318.081674188014,928.665465658838,24.91214480636386,0.0,903.7533208524742,0.6856580578811392,1318.081674188014,928.665465658838,24.91214480636386,0.0,903.7533208524742,0.6856580578811392,12.456307683624075,0.0
B2-000853,Q8Y0.DE,Q8Y0.DE|swing|2026-06-16T22:00:00Z,EUR,2026-06-18T07:00:00Z,2026-07-07T15:30:00Z,stop,13,800.107377735503,26.55827257633209,24.88969213431222,24.902143205915177,1.0,1.0,1325.0813277550258,-1335.0435220052645,41.16389613446231,0.0,-1376.2074181397268,-1.0385833603672612,1325.0813277550258,-1335.0435220052645,41.16389613446231,0.0,-1376.2074181397268,-1.0385833603672612,20.58161945175325,0.0
B2-000854,MU,MU|swing|2026-06-17T04:00:00Z,USD,2026-06-18T13:30:00Z,2026-07-16T13:30:00Z,stop,18,6.35144799044593,1108.623981262207,866.3366345214844,866.82421875,0.862738331464067,0.8767315448009819,1535.7786156984605,-1538.8754815668394,12.543859634329184,0.9527171985668894,-1550.4666240026017,-1.0095638838527916,1324.9750804058845,-1250.649319788452,10.899066076550108,0.8346186584028816,-1260.7137672065992,-0.9514999835471624,5.449221738250686,76.99754550948583
B2-000855,8035.T,8035.T|swing|2026-06-17T15:00:00Z,JPY,2026-06-19T00:00:00Z,2026-07-08T06:30:00Z,stop,13,23.26304138416928,77618.79,66867.97785714286,66901.42857142857,0.005421817393190197,0.005402777027392079,249318.42244195673,-250096.5877927151,3361.201660125574,0.0,-253457.78945284066,-1.01660273224233,1351.7589592385423,-1385.5963189788606,18.194203333581804,0.0,-1403.7905223124424,-1.0384917464155072,9.096757541898409,-29.61828930679906
B2-000856,AMAT,AMAT|swing|2026-06-18T04:00:00Z,USD,2026-06-22T13:30:00Z,2026-07-07T20:00:00Z,stop,10,17.350958549677472,626.5330806884765,537.3725977478027,537.6414184570312,0.8720676724513822,0.8746610688358262,1542.355546789737,-1547.019843772856,20.194879182282115,0.0,-1567.214722955138,-1.0161176689882843,1345.0384117814049,-1324.9253489020405,17.635481929422692,0.0,-1342.5608308314631,-0.9981579849852315,8.81741193772628,24.18064549305512
B2-000857,AVGO,AVGO|swing|2026-06-24T04:00:00Z,USD,2026-06-25T13:30:00Z,2026-08-21T20:00:00Z,tiempo,40,27.92878743024475,386.7732765655517,368.2657872009278,333.7799987792969,0.8818342151675486,0.8547739123001966,1480.0379905242228,-516.8917363320978,21.087325513465018,0.0,-537.9790618455628,-0.3634900355868656,1305.1481397920836,-734.1339026960184,18.317204060088038,0.0,-752.4511067561064,-0.5765254409173625,9.158420786171767,-278.3210840610117
B2-000858,VVSM.DE,VVSM.DE|swing|2026-06-24T22:00:00Z,EUR,2026-06-26T07:00:00Z,2026-07-07T15:30:00Z,stop,7,149.89865123381685,104.71233366394043,95.89916344669888,95.94713701520648,1.0,1.0,1313.8911554443903,-1321.0823286585528,30.07139283888158,0.0,-1351.1537214974344,-1.028360466465307,1313.8911554443903,-1321.0823286585528,30.07139283888158,0.0,-1351.1537214974344,-1.028360466465307,15.035369907700364,0.0
B2-000859,ENR.DE,ENR.DE|swing|2026-06-29T22:00:00Z,EUR,2026-07-01T07:00:00Z,2026-07-10T15:30:00Z,stop,7,86.3621244362794,166.30311122131346,150.74744928741455,150.82286071777344,1.0,1.0,1336.9073202915001,-1343.4200116240718,27.3811599592469,0.0,-1370.8011715833186,-1.0253524315241451,1336.9073202915001,-1343.4200116240718,27.3811599592469,0.0,-1370.8011715833186,-1.0253524315241451,13.690247547180526,0.0
B2-000860,QCOM,QCOM|swing|2026-07-02T04:00:00Z,USD,2026-07-06T13:30:00Z,2026-08-03T20:00:00Z,stop,20,46.30379206535028,178.2190698852539,145.4029766900199,145.47571454729353,0.8735150244584207,0.8669267446900737,1516.141517090794,-1519.5095557092716,14.98492795238458,0.0,-1534.4944836616562,-1.012105048482597,1324.3723943839918,-1371.6713985177605,13.045202735037318,0.0,-1384.7166012527978,-1.045564379871323,6.5222600802334645,-44.35697179757153
B2-000861,6501.T,6501.T|swing|2026-07-06T15:00:00Z,JPY,2026-07-08T00:00:00Z,2026-07-17T06:30:00Z,stop,7,976.785181667343,4874.436,4640.821285714285,4643.142857142857,0.005402777027392079,0.005376633152320017,225923.71456412494,-228191.39113373595,9294.362316437937,0.0,-237485.75345017388,-1.0511767386100022,1220.6154549901396,-1351.3796258925447,50.096854787482954,0.0,-1401.4764806800276,-1.1481719938498969,25.048095810858182,-118.51242002655624
B2-000862,6857.T,6857.T|swing|2026-07-06T15:00:00Z,JPY,2026-07-08T00:00:00Z,2026-07-29T06:30:00Z,stop,14,68.90975011304592,28024.004999999997,24557.00107142857,24569.285714285714,0.005402777027392079,0.0053671103477887505,238063.84268929175,-238910.3743588055,3623.343989074693,0.0,-242533.7183478802,-1.0187759535765466,1286.2058603343871,-1351.1352368787989,19.515763911824525,0.0,-1370.6510007906234,-1.065654451639866,9.757546611488735,-60.35575468740348
B2-000863,ASML.AS,ASML.AS|swing|2026-07-06T22:00:00Z,EUR,2026-07-08T07:00:00Z,2026-07-29T07:00:00Z,stop,15,7.816088598638567,1524.561948852539,1359.5198511962892,1361.6000453404017,1.0,1.0,1273.7246760536543,-1289.9836577864069,22.542238874902644,14.694246565440505,-1297.831650095869,-1.0189263617918627,1273.7246760536543,-1289.9836577864069,22.542238874902644,14.694246565440505,-1297.831650095869,-1.0189263617918627,11.270799759235093,0.0
B2-000864,8035.T,8035.T|swing|2026-07-09T15:00:00Z,JPY,2026-07-13T00:00:00Z,2026-07-17T06:30:00Z,stop,4,28.005764927272843,71935.95,63455.39928571429,63487.142857142855,0.005404821100421575,0.005376633152320017,236615.30675872084,-237504.3097581014,3791.7383012820046,0.0,-241296.04805938338,-1.019782073124439,1278.8634026522582,-1333.7615864685836,20.443573896398703,0.0,-1354.2051603649822,-1.058913061048171,10.221456063165721,-50.09328164693461
B2-000865,AMAT,AMAT|swing|2026-07-13T04:00:00Z,USD,2026-07-14T13:30:00Z,2026-07-29T13:30:00Z,stop,11,9.723291709360444,614.2069744262695,463.1883034210205,465.6728951590402,0.8753501400560223,0.8797395970792645,1444.240181496538,-1468.3985917439702,10.475828572796647,0.0,-1478.8744203167669,-1.0239809411647447,1264.2158451475298,-1265.5940495453033,9.189786871796272,0.0,-1274.7838364170996,-1.0083593251185177,4.594578186030253,19.768863395847138
B2-000866,9988.HK,9988.HK|swing|2026-07-14T16:00:00Z,HKD,2026-07-16T01:30:00Z,2026-08-27T08:00:00Z,final,30,814.7110899775315,116.25809694671631,115.44225,102.35714503696987,0.11184181094260277,0.10933382898002471,11325.259682114769,-664.6795552140826,188.7688422091315,0.0,-853.4483974232141,-0.07535795393469066,1266.6375522429616,-310.219888662604,20.87636823869676,0.0,-331.09625690130076,-0.2613977900110379,10.43810917390326,-235.88092351093766
B2-000867,1810.HK,1810.HK|swing|2026-07-15T16:00:00Z,HKD,2026-07-17T01:30:00Z,2026-08-27T08:00:00Z,final,29,3423.1359082778145,28.094039923667907,27.466259542465213,24.797142573765345,0.11123717991501479,0.10933382898002471,11285.727704357425,-2148.977565407276,190.190456177189,0.0,-2339.168021584465,-0.2072678061053441,1255.3925231214737,-418.0006661428655,20.97729552983438,0.0,-438.97796167269985,-0.34967386979588033,10.488545886885664,-178.95446206632624
B2-000868,EXH1.DE,EXH1.DE|swing|2026-07-15T22:00:00Z,EUR,2026-07-17T07:00:00Z,2026-08-12T15:30:00Z,objetivo,18,485.57791598816976,50.93545484733581,54.73886881271431,49.61000006539481,1.0,1.0,643.6115707514672,1846.853826948791,51.31311785630648,0.0,1795.5407090924846,2.789789355396531,643.6115707514672,1846.853826948791,51.31311785630648,0.0,1795.5407090924846,2.789789355396531,25.657027055862663,0.0
B2-000869,ARM,ARM|swing|2026-07-16T04:00:00Z,USD,2026-07-17T13:30:00Z,2026-08-27T20:00:00Z,final,29,32.536476429679816,249.98993799591062,255.08240171051025,206.56029619489397,0.8720676724513822,0.8587376556462,1413.0475168082157,165.69082561907064,16.433274276141198,0.0,149.25755134292945,0.10562811906005229,1232.273059046146,33.861370766622564,14.22029500687208,0.0,19.641075759750485,0.01593889894416248,7.110157746317542,-110.63224187754862
B2-000870,MRVL,MRVL|swing|2026-07-16T04:00:00Z,USD,2026-07-17T13:30:00Z,2026-08-27T20:00:00Z,final,29,38.683687148628486,182.32111072540283,241.32927194976807,145.79285757882255,0.8720676724513822,0.8587376556462,1413.0475168082157,2282.6532480191754,16.38835886380305,0.0,2266.264889155372,1.6038136454706062,1232.273059046146,1866.1856524034945,14.167315517044527,0.0,1852.01833688645,1.502928529752995,7.084126075966741,-124.44245261017531
B2-000871,0700.HK,0700.HK|swing|2026-07-16T16:00:00Z,HKD,2026-07-20T01:30:00Z,2026-08-27T08:00:00Z,final,28,245.83822694006744,465.8328061065674,447.5760877990723,421.1428702218192,0.11154116426667263,0.10933382898002471,10986.494599971791,-4488.199258458859,224.55082294905066,0.0,-4712.750081407909,-0.4289584852132918,1225.4463988903653,-743.4949680216005,24.803784231504295,0.0,-768.2987522531048,-0.6269541882442144,12.401709342436412,-242.87599727228272
B2-000872,IFX.DE,IFX.DE|swing|2026-07-16T22:00:00Z,EUR,2026-07-20T07:00:00Z,2026-07-29T15:30:00Z,stop,7,146.24028258995804,64.23209694671631,55.82492979921614,55.8528562273298,1.0,1.0,1225.3825306923663,-1229.466499431436,17.557173518235313,0.0,-1247.0236729496712,-1.017660723664044,1225.3825306923663,-1229.466499431436,17.557173518235313,0.0,-1247.0236729496712,-1.017660723664044,8.778281587062693,0.0
B2-000873,8035.T,8035.T|swing|2026-07-22T15:00:00Z,JPY,2026-07-24T00:00:00Z,2026-07-28T00:00:00Z,stop,2,31.41598877064809,64982.475,56501.735,57562.857142857145,0.005369704129302476,0.005365670440521543,233094.63128249993,-266430.83260678605,3816.546577171055,0.0,-270247.3791839571,-1.1593891189043724,1251.649204115878,-1437.8147730470862,20.486565884085714,0.0,-1458.3013389311718,-1.1651038758589438,10.242926049080763,-7.160031024931197
B2-000874,ENR.DE,ENR.DE|swing|2026-07-22T22:00:00Z,EUR,2026-07-24T07:00:00Z,2026-07-29T15:30:00Z,stop,3,88.24480591005452,150.8754030532837,136.6887565511976,136.75713511875696,1.0,1.0,1245.8638136684574,-1251.897867091141,25.376043450985392,0.0,-1277.2739105421265,-1.0252115010718401,1245.8638136684574,-1251.897867091141,25.376043450985392,0.0,-1277.2739105421265,-1.0252115010718401,12.687711922952566,0.0
B2-000875,7203.T,7203.T|swing|2026-07-26T15:00:00Z,JPY,2026-07-28T00:00:00Z,2026-08-27T06:30:00Z,final,21,1539.997019744112,2973.98625,3075.4615000000003,2847.3571428571427,0.005365670440521543,0.005387350501023597,195008.44761285806,156271.58257778935,9316.131506097725,0.0,146955.4510716916,0.7535850516765099,1046.3510630083065,941.1829473623287,50.08997257831116,0.0,891.0929747840175,0.8516195054287852,25.04522784619595,102.68113603116181
B2-000876,QDV5.DE,QDV5.DE|swing|2026-07-27T22:00:00Z,EUR,2026-07-29T07:00:00Z,2026-08-19T07:00:00Z,stop,15,3143.3244909614114,7.760878469467163,7.596199904680253,7.605857031685965,1.0,1.0,487.282682001689,-517.6381658310697,48.272280563071426,0.0,-565.9104463941411,-1.161359652818894,487.282682001689,-517.6381658310697,48.272280563071426,0.0,-565.9104463941411,-1.161359652818894,24.136016905995334,0.0
B2-000877,MU,MU|swing|2026-07-28T04:00:00Z,USD,2026-07-29T13:30:00Z,2026-08-27T20:00:00Z,final,21,8.316704526242868,833.4164999999999,934.9223196411133,665.6528756277902,0.8797395970792645,0.8587376556462,1395.240494155265,844.1939096492397,14.706751465240217,0.0,829.4871581839994,0.5945119580880603,1227.4483101568267,579.3707879354838,12.774811586379204,0.0,566.5959763491046,0.4616047548891999,6.387552232774054,-163.3000219961072
B2-000878,8035.T,8035.T|swing|2026-07-28T15:00:00Z,JPY,2026-07-30T00:00:00Z,2026-08-27T06:30:00Z,final,19,44.05479650889292,49024.5,55972.0,43884.46428571428,0.005368551028077521,0.005387350501023597,226443.22744129936,306070.6987455336,4625.599441645976,0.0,301445.09930388763,1.3312171121657013,1215.6720214811796,1689.5125641063692,24.879123037614942,0.0,1664.633441068754,1.3693113040806502,12.439987006945248,46.3563996916291
B2-000879,ENR.DE,ENR.DE|swing|2026-07-28T22:00:00Z,EUR,2026-07-30T07:00:00Z,2026-08-27T15:30:00Z,final,20,179.7091882600524,135.28761122131348,150.16488549041748,132.22928292410714,1.0,1.0,549.6096957237004,2673.582882422843,51.29843647087045,0.0,2622.2844459519724,4.771175738628611,549.6096957237004,2673.582882422843,51.29843647087045,0.0,2622.2844459519724,4.771175738628611,25.649893043631174,0.0
B2-000880,6758.T,6758.T|swing|2026-07-29T15:00:00Z,JPY,2026-07-31T00:00:00Z,2026-08-03T00:00:00Z,stop,1,1251.7929739591602,3694.8464999999997,3596.201,3621.5714285714284,0.005347879565752179,0.005433896647285769,91725.21958064105,-123483.74381268787,9126.8820333025,0.0,-132610.62584599038,-1.44573789468451,490.5354274594419,-273.15316786523823,49.19668894730235,0.0,-322.34985681254057,-0.6571387891024301,24.598282334927312,387.2230223732133
B2-000881,6857.T,6857.T|swing|2026-07-30T15:00:00Z,JPY,2026-08-03T00:00:00Z,2026-08-27T06:30:00Z,final,17,49.2238334476166,31815.899999999998,34592.695,27173.571428571428,0.005433896647285769,0.005387350501023597,228513.20840911183,136684.4945981746,3268.8856197702244,0.0,133415.6089784044,0.5838420015509463,1241.7171570347869,663.4713346082327,17.68352852730535,0.0,645.7878060809273,0.5200764138775893,8.841932341968905,-79.2580823247371
B2-000882,IQQK.DE,IQQK.DE|swing|2026-07-30T22:00:00Z,EUR,2026-08-03T07:00:00Z,2026-08-27T15:30:00Z,final,18,94.02537484063134,100.89041633605956,112.30382061004639,87.73000376565116,1.0,1.0,1237.4127249900062,1073.1496150692753,20.04566804271999,0.0,1053.1039470265553,0.8510531092486224,1237.4127249900062,1073.1496150692753,20.04566804271999,0.0,1053.1039470265553,0.8510531092486224,10.023104814538897,0.0
B2-000883,IFX.DE,IFX.DE|swing|2026-08-02T22:00:00Z,EUR,2026-08-04T07:00:00Z,2026-08-27T15:30:00Z,final,17,123.183355538933,63.55176045799255,57.14141316986084,53.32857240949358,1.0,1.0,1259.326608119619,-789.6480891219635,14.867390118122037,0.0,-804.5154792400855,-0.6388457720601639,1259.326608119619,-789.6480891219635,14.867390118122037,0.0,-804.5154792400855,-0.6388457720601639,7.433499505413173,0.0
B2-000884,SAP.DE,SAP.DE|swing|2026-08-06T22:00:00Z,EUR,2026-08-10T07:00:00Z,2026-08-27T15:30:00Z,final,13,82.61821849503663,179.00945816802977,189.7850648803711,163.55143301827567,1.0,1.0,1277.1144993241548,890.2614297767992,30.469146484985604,0.0,859.7922832918136,0.673230382825356,1277.1144993241548,890.2614297767992,30.469146484985604,0.0,859.7922832918136,0.673230382825356,15.234799616548479,0.0
B2-000885,ASML.AS,ASML.AS|swing|2026-08-06T22:00:00Z,EUR,2026-08-10T07:00:00Z,2026-08-27T15:30:00Z,final,13,8.166548646607037,1510.7549999999999,1485.6568244018556,1354.371372767857,1.0,1.0,1277.1144993241548,-204.96547196333094,24.470342929246296,0.0,-229.43581489257724,-0.17965171878793482,1277.1144993241548,-204.96547196333094,24.470342929246296,0.0,-229.43581489257724,-0.17965171878793482,12.235123282033928,0.0
B2-000886,7011.T,7011.T|swing|2026-08-09T15:00:00Z,JPY,2026-08-12T00:00:00Z,2026-08-27T06:30:00Z,final,11,727.5722597859419,4022.0099999999998,3983.0075,3698.4285714285716,0.0054430655345090355,0.005387350501023597,235428.87121047737,-28377.13706230091,5824.228672101011,0.0,-34201.36573440192,-0.14527260636536513,1281.454774714116,-315.91664788750546,31.540200319036686,0.0,-347.45684820654213,-0.27114249762271747,15.770025122861073,-161.4580311756569
B2-000887,6501.T,6501.T|swing|2026-08-11T15:00:00Z,JPY,2026-08-13T00:00:00Z,2026-08-19T00:00:00Z,stop,4,683.2092535119482,5679.8385,5319.339,5333.428571428572,0.005444547285893178,0.005409206469410937,236670.4687084128,-246296.5942864305,7514.739849020417,0.0,-253811.33413545092,-1.0724250284396755,1288.5635580574553,-1469.4098135354873,40.785920089588856,0.0,-1510.1957336250762,-1.1719994129755906,20.392597790490107,-128.43635958856893
B2-000888,6758.T,6758.T|swing|2026-08-17T15:00:00Z,JPY,2026-08-19T00:00:00Z,2026-08-27T06:30:00Z,final,6,729.2759276867818,3751.875,3868.065,3431.1428571428573,0.005409206469410937,0.005387350501023597,233902.23102111212,84734.57003792722,5557.038812417615,0.0,79177.5312255096,0.33850695172874606,1265.2254612490512,396.6935740841668,29.997517084549294,0.0,366.6960569996175,0.2898266500561956,14.998861465383321,-61.653210347743
B2-000889,EXH1.DE,EXH1.DE|swing|2026-08-17T22:00:00Z,EUR,2026-08-19T07:00:00Z,2026-08-27T15:30:00Z,final,6,453.75006097536345,55.16756938934326,53.52322423744202,53.337145124162944,1.0,1.0,830.5551219363515,-746.1217129397284,49.31845423561447,0.0,-795.4401671753428,-0.9577211026293573,830.5551219363515,-746.1217129397284,49.31845423561447,0.0,-795.4401671753428,-0.9577211026293573,24.659046752135733,0.0
B2-000890,AMAT,AMAT|swing|2026-08-18T04:00:00Z,USD,2026-08-19T13:30:00Z,2026-08-27T20:00:00Z,final,6,24.398257515825367,508.6642086639404,482.11880535888673,449.1957310267857,0.8638562543192813,0.8587376556462,1450.9272314654027,-647.661585698142,24.173379118434553,12.931076483387445,-658.9038883331891,-0.45412607472237704,1253.3925634635475,-619.6958647608577,20.82211538621763,11.070179336861095,-629.4478008102143,-0.5021952572231936,10.410905371868662,-60.20935327317489
B2-000891,SAF.PA,SAF.PA|swing|2026-08-25T22:00:00Z,EUR,2026-08-27T07:00:00Z,2026-08-27T15:30:00Z,final,0,71.26691622515841,349.9748877868652,343.02841220092773,336.1714128766741,1.0,1.0,983.7310900406682,-495.05389364311543,49.38820812398836,0.0,-544.4421017671038,-0.5534460659819099,983.7310900406682,-495.05389364311543,49.38820812398836,0.0,-544.4421017671038,-0.5534460659819099,24.693986472016803,0.0
B2-000892,EUNN.DE,EUNN.DE|swing|2026-08-25T22:00:00Z,EUR,2026-08-27T07:00:00Z,2026-08-27T15:30:00Z,final,0,351.0161588839887,71.05550664138794,70.95450286483765,68.98143005371094,1.0,1.0,728.0343970375903,-35.453957677458014,49.84780805995402,0.0,-85.30176573741204,-0.11716721913759753,728.0343970375903,-35.453957677458014,49.84780805995402,0.0,-85.30176573741204,-0.11716721913759753,24.923901397460426,0.0
B2-000893,IQQT.DE,IQQT.DE|swing|2026-08-25T22:00:00Z,EUR,2026-08-27T07:00:00Z,2026-08-27T15:30:00Z,final,0,145.02133397756205,171.98594389343262,172.85353244018555,163.55142647879464,1.0,1.0,1223.1849669277779,125.81884839376393,50.00908086602524,0.0,75.80976752773869,0.061977353856912484,1223.1849669277779,125.81884839376393,50.00908086602524,0.0,75.80976752773869,0.061977353856912484,25.004578138869654,0.0
B2-000894,COIN,COIN|swing|2026-08-26T04:00:00Z,USD,2026-08-27T13:30:00Z,2026-08-27T20:00:00Z,final,0,59.528038958958206,186.4231668319702,190.6246412200928,162.02857317243303,0.856971462850287,0.8587376556462,1452.162321752884,250.10553106122669,22.444916607113,0.0,227.66061445411367,0.1567735307849799,1244.4616691686383,234.37519512225214,19.254694910652095,0.0,215.12050021160005,0.1728622950318037,9.627408455975281,20.04189230176408
B2-000895,TSM,TSM|swing|2026-08-26T04:00:00Z,USD,2026-08-27T13:30:00Z,2026-08-27T20:00:00Z,final,0,55.53491867488072,423.2314990081787,427.0863377990723,397.0828639439174,0.856971462850287,0.8587376556462,1452.162321752884,214.0781587570521,47.22233191489118,0.0,166.85582684216092,0.11490163623082554,1244.4616691686383,225.34979574235206,40.510081783174115,0.0,184.83971395917794,0.14852985715715936,20.25510229280897,41.89092286802491
B2-000896,ORCL,ORCL|swing|2026-08-26T04:00:00Z,USD,2026-08-27T13:30:00Z,2026-08-27T20:00:00Z,final,0,91.88206044047031,152.18605561065672,151.86403244018555,136.3814217703683,0.856971462850287,0.8587376556462,1452.162321752884,-29.588152412463856,27.936748567217812,0.0,-57.52490097968167,-0.03961327195863627,1244.4616691686383,-0.7114894164385792,23.965640999768816,0.0,-24.677130416207394,-0.01982956247474696,11.982823317716147,24.644712839508077
