seq,timestamp_utc,fase,system_sha256,policy_id,event_type,market,asset,session_date,signal_id,position_id,cash_before,cash_after,units_before,units_after,market_price,effective_price,currency,fx_pair,fx_rate,fx_timestamp_available,notional_base,fee_base,slippage_base,dividend_base,receivable_after,realized_pnl_base,equity_after,reason,stop,target2,cash_requerido_base
1,2022-06-14T00:00:00Z,OPEN_ENTRY,a4e552abf5c8981083928ed50ab84f51a59a4ce01e43b13aa4e701a4c45ce332,benchmark,BH_BUY,JPX,6501.T,2022-06-14,,,100000.0,98888.88888888889,0.0,115.93039101245184,1344.0,1345.3439999999998,JPY,EURJPY,0.007116931179275497,2022-06-13T15:00:00Z,1110.0011100011102,1.1100011100008942,1.1088922177831815,,0.0,,99998.88999889,BH_COMPRA_INICIAL,,,
2,2022-06-14T00:00:00Z,OPEN_ENTRY,a4e552abf5c8981083928ed50ab84f51a59a4ce01e43b13aa4e701a4c45ce332,benchmark,BH_BUY,JPX,6758.T,2022-06-14,,,98888.88888888889,97777.77777777778,0.0,69.37241563701481,2246.0,2248.2459999999996,JPY,EURJPY,0.007116931179275497,2022-06-13T15:00:00Z,1110.0011100011102,1.1100011100008942,1.1088922177831493,,0.0,,99997.77999778,BH_COMPRA_INICIAL,,,
3,2022-06-14T00:00:00Z,OPEN_ENTRY,a4e552abf5c8981083928ed50ab84f51a59a4ce01e43b13aa4e701a4c45ce332,benchmark,BH_BUY,JPX,6857.T,2022-06-14,,,97777.77777777778,96666.66666666667,0.0,81.89773746162169,1902.5,1904.4024999999997,JPY,EURJPY,0.007116931179275497,2022-06-13T15:00:00Z,1110.0011100011102,1.1100011100008942,1.1088922177831468,,0.0,,99996.66999667,BH_COMPRA_INICIAL,,,
4,2022-06-14T00:00:00Z,OPEN_ENTRY,a4e552abf5c8981083928ed50ab84f51a59a4ce01e43b13aa4e701a4c45ce332,benchmark,BH_BUY,JPX,7011.T,2022-06-14,,,96666.66666666667,95555.55555555556,0.0,287.1552755830485,542.5999755859375,543.1425755615234,JPY,EURJPY,0.007116931179275497,2022-06-13T15:00:00Z,1110.0011100011102,1.1100011100008942,1.1088922177831653,,0.0,,99995.55999556,BH_COMPRA_INICIAL,,,
5,2022-06-14T00:00:00Z,OPEN_ENTRY,a4e552abf5c8981083928ed50ab84f51a59a4ce01e43b13aa4e701a4c45ce332,benchmark,BH_BUY,JPX,7203.T,2022-06-14,,,95555.55555555556,94444.44444444445,0.0,74.80098200707405,2083.0,2085.0829999999996,JPY,EURJPY,0.007116931179275497,2022-06-13T15:00:00Z,1110.0011100011102,1.1100011100008942,1.1088922177831295,,0.0,,99994.44999445,BH_COMPRA_INICIAL,,,
6,2022-06-14T00:00:00Z,OPEN_ENTRY,a4e552abf5c8981083928ed50ab84f51a59a4ce01e43b13aa4e701a4c45ce332,benchmark,BH_BUY,JPX,8035.T,2022-06-14,,,94444.44444444445,93333.33333333334,0.0,9.138442552535793,17050.0,17067.05,JPY,EURJPY,0.007116931179275497,2022-06-13T15:00:00Z,1110.0011100011102,1.1100011100008942,1.1088922177832798,,0.0,,99993.33999334,BH_COMPRA_INICIAL,,,
7,2022-06-14T01:30:00Z,OPEN_ENTRY,a4e552abf5c8981083928ed50ab84f51a59a4ce01e43b13aa4e701a4c45ce332,benchmark,BH_BUY,HKG,0700.HK,2022-06-14,,,93333.33333333334,92222.22222222223,0.0,26.08059841941354,348.9486389160156,349.2975875549316,HKD,EURHKD,0.12184571895066466,2022-06-13T15:00:00Z,1110.0011100011102,1.1100011100008942,1.108892217783275,,0.0,,99992.22999223,BH_COMPRA_INICIAL,,,
8,2022-06-14T01:30:00Z,OPEN_ENTRY,a4e552abf5c8981083928ed50ab84f51a59a4ce01e43b13aa4e701a4c45ce332,benchmark,BH_BUY,HKG,1810.HK,2022-06-14,,,92222.22222222223,91111.11111111112,0.0,783.20046559378,11.619999885559082,11.631619885444639,HKD,EURHKD,0.12184571895066466,2022-06-13T15:00:00Z,1110.0011100011102,1.1100011100008942,1.1088922177831344,,0.0,,99991.11999112001,BH_COMPRA_INICIAL,,,
9,2022-06-14T01:30:00Z,OPEN_ENTRY,a4e552abf5c8981083928ed50ab84f51a59a4ce01e43b13aa4e701a4c45ce332,benchmark,BH_BUY,HKG,9988.HK,2022-06-14,,,91111.11111111112,90000.00000000001,0.0,92.62889893709459,98.25,98.34825,HKD,EURHKD,0.12184571895066466,2022-06-13T15:00:00Z,1110.0011100011102,1.1100011100008942,1.1088922177832488,,0.0,,99990.00999001,BH_COMPRA_INICIAL,,,
10,2022-06-14T07:00:00Z,OPEN_ENTRY,a4e552abf5c8981083928ed50ab84f51a59a4ce01e43b13aa4e701a4c45ce332,benchmark,BH_BUY,AMS,ADYEN.AS,2022-06-14,,,90000.00000000001,88888.8888888889,0.0,0.8965816413364542,1236.800048828125,1238.036848876953,EUR,EUR,1.0,,1110.0011100011102,1.1100011100008942,1.1088922177831655,,0.0,,100041.18093220712,BH_COMPRA_INICIAL,,,
11,2022-06-14T07:00:00Z,OPEN_ENTRY,a4e552abf5c8981083928ed50ab84f51a59a4ce01e43b13aa4e701a4c45ce332,benchmark,BH_BUY,AMS,ASML.AS,2022-06-14,,,88888.8888888889,87777.7777777778,0.0,2.2929946314888303,483.6000061035156,484.0836061096191,EUR,EUR,1.0,,1110.0011100011102,1.1100011100008942,1.1088922177832279,,0.0,,100040.07093109713,BH_COMPRA_INICIAL,,,
12,2022-06-14T07:00:00Z,OPEN_ENTRY,a4e552abf5c8981083928ed50ab84f51a59a4ce01e43b13aa4e701a4c45ce332,benchmark,BH_BUY,MCE,BBVA.MC,2022-06-14,,,87777.7777777778,86666.66666666669,0.0,262.05652340691034,4.231500148773193,4.235731648921966,EUR,EUR,1.0,,1110.0011100011102,1.1100011100008942,1.1088922177832599,,0.0,,100038.96092998712,BH_COMPRA_INICIAL,,,
13,2022-06-14T07:00:00Z,OPEN_ENTRY,a4e552abf5c8981083928ed50ab84f51a59a4ce01e43b13aa4e701a4c45ce332,benchmark,BH_BUY,MCE,IBE.MC,2022-06-14,,,86666.66666666669,85555.55555555558,0.0,109.8456848391644,10.095000267028809,10.105095267295836,EUR,EUR,1.0,,1110.0011100011102,1.1100011100008942,1.108892217783132,,0.0,,100037.85092887713,BH_COMPRA_INICIAL,,,
14,2022-06-14T07:00:00Z,OPEN_ENTRY,a4e552abf5c8981083928ed50ab84f51a59a4ce01e43b13aa4e701a4c45ce332,benchmark,BH_BUY,MCE,ITX.MC,2022-06-14,,,85555.55555555558,84444.44444444447,0.0,49.28409856814787,22.5,22.522499999999997,EUR,EUR,1.0,,1110.0011100011102,1.1100011100008942,1.108892217783194,,0.0,,100036.74092776712,BH_COMPRA_INICIAL,,,
15,2022-06-14T07:00:00Z,OPEN_ENTRY,a4e552abf5c8981083928ed50ab84f51a59a4ce01e43b13aa4e701a4c45ce332,benchmark,BH_BUY,MIL,ENI.MI,2022-06-14,,,84444.44444444447,83333.33333333336,0.0,84.39057753501686,13.140000343322754,13.153140343666076,EUR,EUR,1.0,,1110.0011100011102,1.1100011100008942,1.1088922177832419,,0.0,,100035.63092665713,BH_COMPRA_INICIAL,,,
16,2022-06-14T07:00:00Z,OPEN_ENTRY,a4e552abf5c8981083928ed50ab84f51a59a4ce01e43b13aa4e701a4c45ce332,benchmark,BH_BUY,MIL,RACE.MI,2022-06-14,,,83333.33333333336,82222.22222222225,0.0,6.68007360110438,166.0,166.16599999999997,EUR,EUR,1.0,,1110.0011100011102,1.1100011100008942,1.108892217783116,,0.0,,100034.52092554713,BH_COMPRA_INICIAL,,,
17,2022-06-14T07:00:00Z,OPEN_ENTRY,a4e552abf5c8981083928ed50ab84f51a59a4ce01e43b13aa4e701a4c45ce332,benchmark,BH_BUY,PAR,AIR.PA,2022-06-14,,,82222.22222222225,81111.11111111114,0.0,11.24523081756194,98.61000061035156,98.7086106109619,EUR,EUR,1.0,,1110.0011100011102,1.1100011100008942,1.108892217783148,,0.0,,100033.41092443714,BH_COMPRA_INICIAL,,,
18,2022-06-14T07:00:00Z,OPEN_ENTRY,a4e552abf5c8981083928ed50ab84f51a59a4ce01e43b13aa4e701a4c45ce332,benchmark,BH_BUY,PAR,MC.PA,2022-06-14,,,81111.11111111114,80000.00000000003,0.0,1.9951281794492968,555.7999877929688,556.3557877807616,EUR,EUR,1.0,,1110.0011100011102,1.1100011100008942,1.1088922177830949,,0.0,,100032.30092332713,BH_COMPRA_INICIAL,,,
19,2022-06-14T07:00:00Z,OPEN_ENTRY,a4e552abf5c8981083928ed50ab84f51a59a4ce01e43b13aa4e701a4c45ce332,benchmark,BH_BUY,PAR,OR.PA,2022-06-14,,,80000.00000000003,78888.88888888892,0.0,3.587486884137964,309.1000061035156,309.40910610961913,EUR,EUR,1.0,,1110.0011100011102,1.1100011100008942,1.1088922177832927,,0.0,,100031.19092221714,BH_COMPRA_INICIAL,,,
20,2022-06-14T07:00:00Z,OPEN_ENTRY,a4e552abf5c8981083928ed50ab84f51a59a4ce01e43b13aa4e701a4c45ce332,benchmark,BH_BUY,PAR,SAF.PA,2022-06-14,,,78888.88888888892,77777.77777777781,0.0,12.396783181836858,89.44999694824219,89.53944694519042,EUR,EUR,1.0,,1110.0011100011102,1.1100011100008942,1.1088922177832072,,0.0,,100030.08092110713,BH_COMPRA_INICIAL,,,
21,2022-06-14T07:00:00Z,OPEN_ENTRY,a4e552abf5c8981083928ed50ab84f51a59a4ce01e43b13aa4e701a4c45ce332,benchmark,BH_BUY,PAR,SU.PA,2022-06-14,,,77777.77777777781,76666.6666666667,0.0,9.21619199298442,120.31999969482422,120.44031969451903,EUR,EUR,1.0,,1110.0011100011102,1.1100011100008942,1.1088922177832357,,0.0,,100028.97091999714,BH_COMPRA_INICIAL,,,
22,2022-06-14T07:00:00Z,OPEN_ENTRY,a4e552abf5c8981083928ed50ab84f51a59a4ce01e43b13aa4e701a4c45ce332,benchmark,BH_BUY,PAR,TTE.PA,2022-06-14,,,76666.6666666667,75555.55555555559,0.0,20.603720254014927,53.81999969482422,53.873819694519035,EUR,EUR,1.0,,1110.0011100011102,1.1100011100008942,1.1088922177831688,,0.0,,100027.86091888713,BH_COMPRA_INICIAL,,,
23,2022-06-14T07:00:00Z,OPEN_ENTRY,a4e552abf5c8981083928ed50ab84f51a59a4ce01e43b13aa4e701a4c45ce332,benchmark,BH_BUY,XETRA,ALV.DE,2022-06-14,,,75555.55555555559,74444.44444444448,0.0,6.059520315755885,183.0,183.183,EUR,EUR,1.0,,1110.0011100011102,1.1100011100008942,1.1088922177832827,,0.0,,100026.75091777713,BH_COMPRA_INICIAL,,,
24,2022-06-14T07:00:00Z,OPEN_ENTRY,a4e552abf5c8981083928ed50ab84f51a59a4ce01e43b13aa4e701a4c45ce332,benchmark,BH_BUY,XETRA,BSP.DE,2022-06-14,,,74444.44444444448,73333.33333333337,0.0,122.9370467302897,9.020000457763672,9.029020458221435,EUR,EUR,1.0,,1110.0011100011102,1.1100011100008942,1.1088922177832676,,0.0,,100025.64091666714,BH_COMPRA_INICIAL,,,
25,2022-06-14T07:00:00Z,OPEN_ENTRY,a4e552abf5c8981083928ed50ab84f51a59a4ce01e43b13aa4e701a4c45ce332,benchmark,BH_BUY,XETRA,DBK.DE,2022-06-14,,,73333.33333333337,72222.22222222226,0.0,118.77593886293852,9.336000442504883,9.345336442947387,EUR,EUR,1.0,,1110.0011100011102,1.1100011100008942,1.1088922177832272,,0.0,,100024.53091555714,BH_COMPRA_INICIAL,,,
26,2022-06-14T07:00:00Z,OPEN_ENTRY,a4e552abf5c8981083928ed50ab84f51a59a4ce01e43b13aa4e701a4c45ce332,benchmark,BH_BUY,XETRA,DTE.DE,2022-06-14,,,72222.22222222226,71111.11111111115,0.0,62.08802798923865,17.860000610351562,17.87786061096191,EUR,EUR,1.0,,1110.0011100011102,1.1100011100008942,1.1088922177831049,,0.0,,100023.42091444714,BH_COMPRA_INICIAL,,,
27,2022-06-14T07:00:00Z,OPEN_ENTRY,a4e552abf5c8981083928ed50ab84f51a59a4ce01e43b13aa4e701a4c45ce332,benchmark,BH_BUY,XETRA,ENR.DE,2022-06-14,,,71111.11111111115,70000.00000000004,0.0,68.38681513094834,16.21500015258789,16.231215152740475,EUR,EUR,1.0,,1110.0011100011102,1.1100011100008942,1.108892217783094,,0.0,,100022.31091333713,BH_COMPRA_INICIAL,,,
28,2022-06-14T07:00:00Z,OPEN_ENTRY,a4e552abf5c8981083928ed50ab84f51a59a4ce01e43b13aa4e701a4c45ce332,benchmark,BH_BUY,XETRA,EQQQ.DE,2022-06-14,,,70000.00000000004,68888.88888888893,0.0,4.119978610179011,269.1499938964844,269.41914389038084,EUR,EUR,1.0,,1110.0011100011102,1.1100011100008942,1.108892217783237,,0.0,,100021.20091222714,BH_COMPRA_INICIAL,,,
29,2022-06-14T07:00:00Z,OPEN_ENTRY,a4e552abf5c8981083928ed50ab84f51a59a4ce01e43b13aa4e701a4c45ce332,benchmark,BH_BUY,XETRA,EUNH.DE,2022-06-14,,,68888.88888888893,67777.77777777782,0.0,9.929192467345791,111.68000030517578,111.79168030548094,EUR,EUR,1.0,,1110.0011100011102,1.1100011100008942,1.1088922177831362,,0.0,,100020.09091111715,BH_COMPRA_INICIAL,,,
30,2022-06-14T07:00:00Z,OPEN_ENTRY,a4e552abf5c8981083928ed50ab84f51a59a4ce01e43b13aa4e701a4c45ce332,benchmark,BH_BUY,XETRA,EUNL.DE,2022-06-14,,,67777.77777777782,66666.66666666672,0.0,16.15189542674127,68.65399932861328,68.72265332794188,EUR,EUR,1.0,,1110.0011100011102,1.1100011100008942,1.1088922177831655,,0.0,,100018.98091000714,BH_COMPRA_INICIAL,,,
31,2022-06-14T07:00:00Z,OPEN_ENTRY,a4e552abf5c8981083928ed50ab84f51a59a4ce01e43b13aa4e701a4c45ce332,benchmark,BH_BUY,XETRA,EUNN.DE,2022-06-14,,,66666.66666666672,65555.5555555556,0.0,27.87772345507903,39.777000427246094,39.81677742767334,EUR,EUR,1.0,,1110.0011100011102,1.1100011100008942,1.108892217783243,,0.0,,100017.87090889714,BH_COMPRA_INICIAL,,,
32,2022-06-14T07:00:00Z,OPEN_ENTRY,a4e552abf5c8981083928ed50ab84f51a59a4ce01e43b13aa4e701a4c45ce332,benchmark,BH_BUY,XETRA,EXH1.DE,2022-06-14,,,65555.5555555556,64444.444444444496,0.0,32.08600039698816,34.560001373291016,34.5945613746643,EUR,EUR,1.0,,1110.0011100011102,1.1100011100008942,1.1088922177831755,,0.0,,100016.76090778715,BH_COMPRA_INICIAL,,,
33,2022-06-14T07:00:00Z,OPEN_ENTRY,a4e552abf5c8981083928ed50ab84f51a59a4ce01e43b13aa4e701a4c45ce332,benchmark,BH_BUY,XETRA,EXSA.DE,2022-06-14,,,64444.444444444496,63333.33333333339,0.0,26.55075383667236,41.76499938964844,41.80676438903808,EUR,EUR,1.0,,1110.0011100011102,1.1100011100008942,1.108892217783152,,0.0,,100015.65090667714,BH_COMPRA_INICIAL,,,
34,2022-06-14T07:00:00Z,OPEN_ENTRY,a4e552abf5c8981083928ed50ab84f51a59a4ce01e43b13aa4e701a4c45ce332,benchmark,BH_BUY,XETRA,EXV1.DE,2022-06-14,,,63333.33333333339,62222.22222222228,0.0,84.88152225767134,13.064000129699707,13.077064129829406,EUR,EUR,1.0,,1110.0011100011102,1.1100011100008942,1.108892217783257,,0.0,,100014.54090556715,BH_COMPRA_INICIAL,,,
35,2022-06-14T07:00:00Z,OPEN_ENTRY,a4e552abf5c8981083928ed50ab84f51a59a4ce01e43b13aa4e701a4c45ce332,benchmark,BH_BUY,XETRA,ICGA.DE,2022-06-14,,,62222.22222222228,61111.11111111117,0.0,240.6189035185936,4.608500003814697,4.613108503818512,EUR,EUR,1.0,,1110.0011100011102,1.1100011100008942,1.1088922177832843,,0.0,,100013.43090445714,BH_COMPRA_INICIAL,,,
36,2022-06-14T07:00:00Z,OPEN_ENTRY,a4e552abf5c8981083928ed50ab84f51a59a4ce01e43b13aa4e701a4c45ce332,benchmark,BH_BUY,XETRA,IFX.DE,2022-06-14,,,61111.11111111117,60000.00000000006,0.0,44.267155750757944,25.049999237060547,25.075049236297605,EUR,EUR,1.0,,1110.0011100011102,1.1100011100008942,1.1088922177832377,,0.0,,100012.32090334714,BH_COMPRA_INICIAL,,,
37,2022-06-14T07:00:00Z,OPEN_ENTRY,a4e552abf5c8981083928ed50ab84f51a59a4ce01e43b13aa4e701a4c45ce332,benchmark,BH_BUY,XETRA,IQQK.DE,2022-06-14,,,60000.00000000006,58888.88888888895,0.0,27.105651965761947,40.90999984741211,40.95090984725952,EUR,EUR,1.0,,1110.0011100011102,1.1100011100008942,1.1088922177832052,,0.0,,100011.21090223714,BH_COMPRA_INICIAL,,,
38,2022-06-14T07:00:00Z,OPEN_ENTRY,a4e552abf5c8981083928ed50ab84f51a59a4ce01e43b13aa4e701a4c45ce332,benchmark,BH_BUY,XETRA,IQQT.DE,2022-06-14,,,58888.88888888895,57777.77777777784,0.0,16.271345457890305,68.1500015258789,68.21815152740477,EUR,EUR,1.0,,1110.0011100011102,1.1100011100008942,1.1088922177830995,,0.0,,100010.10090112715,BH_COMPRA_INICIAL,,,
39,2022-06-14T07:00:00Z,OPEN_ENTRY,a4e552abf5c8981083928ed50ab84f51a59a4ce01e43b13aa4e701a4c45ce332,benchmark,BH_BUY,XETRA,IS3N.DE,2022-06-14,,,57777.77777777784,56666.66666666673,0.0,38.84171866197812,28.548999786376953,28.577548786163327,EUR,EUR,1.0,,1110.0011100011102,1.1100011100008942,1.1088922177831924,,0.0,,100008.99090001715,BH_COMPRA_INICIAL,,,
40,2022-06-14T07:00:00Z,OPEN_ENTRY,a4e552abf5c8981083928ed50ab84f51a59a4ce01e43b13aa4e701a4c45ce332,benchmark,BH_BUY,XETRA,MBG.DE,2022-06-14,,,56666.66666666673,55555.55555555562,0.0,17.747954960110373,62.47999954223633,62.542479541778555,EUR,EUR,1.0,,1110.0011100011102,1.1100011100008942,1.1088922177831526,,0.0,,100007.88089890714,BH_COMPRA_INICIAL,,,
41,2022-06-14T07:00:00Z,OPEN_ENTRY,a4e552abf5c8981083928ed50ab84f51a59a4ce01e43b13aa4e701a4c45ce332,benchmark,BH_BUY,XETRA,MUV2.DE,2022-06-14,,,55555.55555555562,54444.44444444451,0.0,5.038128973344063,220.10000610351562,220.3201061096191,EUR,EUR,1.0,,1110.0011100011102,1.1100011100008942,1.1088922177831426,,0.0,,100006.77089779715,BH_COMPRA_INICIAL,,,
42,2022-06-14T07:00:00Z,OPEN_ENTRY,a4e552abf5c8981083928ed50ab84f51a59a4ce01e43b13aa4e701a4c45ce332,benchmark,BH_BUY,XETRA,QDV5.DE,2022-06-14,,,54444.44444444451,53333.3333333334,0.0,174.38153512530863,6.359000205993652,6.365359206199646,EUR,EUR,1.0,,1110.0011100011102,1.1100011100008942,1.1088922177832525,,0.0,,100005.66089668716,BH_COMPRA_INICIAL,,,
43,2022-06-14T07:00:00Z,OPEN_ENTRY,a4e552abf5c8981083928ed50ab84f51a59a4ce01e43b13aa4e701a4c45ce332,benchmark,BH_BUY,XETRA,R6C0.DE,2022-06-14,,,53333.3333333334,52222.22222222229,0.0,41.23809010610114,26.889999389648438,26.916889389038083,EUR,EUR,1.0,,1110.0011100011102,1.1100011100008942,1.1088922177832028,,0.0,,100004.55089557715,BH_COMPRA_INICIAL,,,
44,2022-06-14T07:00:00Z,OPEN_ENTRY,a4e552abf5c8981083928ed50ab84f51a59a4ce01e43b13aa4e701a4c45ce332,benchmark,BH_BUY,XETRA,RRU.DE,2022-06-14,,,52222.22222222229,51111.11111111118,0.0,1080.7916111559164,1.0260000228881836,1.0270260229110717,EUR,EUR,1.0,,1110.0011100011102,1.1100011100008942,1.1088922177832445,,0.0,,100003.44089446714,BH_COMPRA_INICIAL,,,
45,2022-06-14T07:00:00Z,OPEN_ENTRY,a4e552abf5c8981083928ed50ab84f51a59a4ce01e43b13aa4e701a4c45ce332,benchmark,BH_BUY,XETRA,SAP.DE,2022-06-14,,,51111.11111111118,50000.00000000007,0.0,12.514300983469177,88.61000061035156,88.69861061096191,EUR,EUR,1.0,,1110.0011100011102,1.1100011100008942,1.1088922177832417,,0.0,,100002.33089335715,BH_COMPRA_INICIAL,,,
46,2022-06-14T07:00:00Z,OPEN_ENTRY,a4e552abf5c8981083928ed50ab84f51a59a4ce01e43b13aa4e701a4c45ce332,benchmark,BH_BUY,XETRA,SIE.DE,2022-06-14,,,50000.00000000007,48888.88888888896,0.0,9.86383415624041,112.41999816894531,112.53241816711424,EUR,EUR,1.0,,1110.0011100011102,1.1100011100008942,1.1088922177831915,,0.0,,100001.22089224716,BH_COMPRA_INICIAL,,,
47,2022-06-14T07:00:00Z,OPEN_ENTRY,a4e552abf5c8981083928ed50ab84f51a59a4ce01e43b13aa4e701a4c45ce332,benchmark,BH_BUY,XETRA,SXR8.DE,2022-06-14,,,48888.88888888896,47777.777777777854,0.0,2.9688420357975125,373.510009765625,373.8835197753906,EUR,EUR,1.0,,1110.0011100011102,1.1100011100008942,1.1088922177832405,,0.0,,100000.11089113716,BH_COMPRA_INICIAL,,,
48,2022-06-14T07:00:00Z,OPEN_ENTRY,a4e552abf5c8981083928ed50ab84f51a59a4ce01e43b13aa4e701a4c45ce332,benchmark,BH_BUY,XETRA,VVSM.DE,2022-06-14,,,47777.777777777854,46666.666666666744,0.0,56.334699091837415,19.68400001525879,19.703684015274046,EUR,EUR,1.0,,1110.0011100011102,1.1100011100008942,1.1088922177832228,,0.0,,99999.00089002715,BH_COMPRA_INICIAL,,,
49,2022-06-14T07:00:00Z,OPEN_ENTRY,a4e552abf5c8981083928ed50ab84f51a59a4ce01e43b13aa4e701a4c45ce332,benchmark,BH_BUY,XETRA,ZPRR.DE,2022-06-14,,,46666.666666666744,45555.555555555635,0.0,23.76282430146387,46.665000915527344,46.71166591644287,EUR,EUR,1.0,,1110.0011100011102,1.1100011100008942,1.1088922177832594,,0.0,,99997.89088891716,BH_COMPRA_INICIAL,,,
50,2022-06-14T13:30:00Z,OPEN_ENTRY,a4e552abf5c8981083928ed50ab84f51a59a4ce01e43b13aa4e701a4c45ce332,benchmark,BH_BUY,NASDAQ,AAPL,2022-06-14,,,45555.555555555635,44444.444444444525,0.0,8.708381064907057,133.1300048828125,133.2631348876953,USD,EURUSD,0.9564801530368244,2022-06-13T15:00:00Z,1110.0011100011102,1.1100011100008942,1.1088922177831149,,0.0,,100045.07143139327,BH_COMPRA_INICIAL,,,
51,2022-06-14T13:30:00Z,OPEN_ENTRY,a4e552abf5c8981083928ed50ab84f51a59a4ce01e43b13aa4e701a4c45ce332,benchmark,BH_BUY,NASDAQ,ADBE,2022-06-14,,,44444.444444444525,43333.333333333416,0.0,3.121222286431986,371.44000244140625,371.8114424438476,USD,EURUSD,0.9564801530368244,2022-06-13T15:00:00Z,1110.0011100011102,1.1100011100008942,1.1088922177832334,,0.0,,100043.96143028326,BH_COMPRA_INICIAL,,,
52,2022-06-14T13:30:00Z,OPEN_ENTRY,a4e552abf5c8981083928ed50ab84f51a59a4ce01e43b13aa4e701a4c45ce332,benchmark,BH_BUY,NASDAQ,AMAT,2022-06-14,,,43333.333333333416,42222.222222222306,0.0,11.902944512628507,97.4000015258789,97.49740152740478,USD,EURUSD,0.9564801530368244,2022-06-13T15:00:00Z,1110.0011100011102,1.1100011100008942,1.1088922177832208,,0.0,,100042.85142917326,BH_COMPRA_INICIAL,,,
53,2022-06-14T13:30:00Z,OPEN_ENTRY,a4e552abf5c8981083928ed50ab84f51a59a4ce01e43b13aa4e701a4c45ce332,benchmark,BH_BUY,NASDAQ,AMD,2022-06-14,,,42222.222222222306,41111.1111111112,0.0,13.263319587241064,87.41000366210938,87.49741366577148,USD,EURUSD,0.9564801530368244,2022-06-13T15:00:00Z,1110.0011100011102,1.1100011100008942,1.1088922177832101,,0.0,,100041.74142806327,BH_COMPRA_INICIAL,,,
54,2022-06-14T13:30:00Z,OPEN_ENTRY,a4e552abf5c8981083928ed50ab84f51a59a4ce01e43b13aa4e701a4c45ce332,benchmark,BH_BUY,NASDAQ,AMZN,2022-06-14,,,41111.1111111112,40000.00000000009,0.0,11.127236649643567,104.19000244140625,104.29419244384765,USD,EURUSD,0.9564801530368244,2022-06-13T15:00:00Z,1110.0011100011102,1.1100011100008942,1.1088922177832508,,0.0,,100040.63142695327,BH_COMPRA_INICIAL,,,
55,2022-06-14T13:30:00Z,OPEN_ENTRY,a4e552abf5c8981083928ed50ab84f51a59a4ce01e43b13aa4e701a4c45ce332,benchmark,BH_BUY,NASDAQ,APP,2022-06-14,,,40000.00000000009,38888.88888888898,0.0,34.21920829818214,33.880001068115234,33.91388106918335,USD,EURUSD,0.9564801530368244,2022-06-13T15:00:00Z,1110.0011100011102,1.1100011100008942,1.1088922177832414,,0.0,,100039.52142584327,BH_COMPRA_INICIAL,,,
56,2022-06-14T13:30:00Z,OPEN_ENTRY,a4e552abf5c8981083928ed50ab84f51a59a4ce01e43b13aa4e701a4c45ce332,benchmark,BH_BUY,NASDAQ,AVGO,2022-06-14,,,38888.88888888898,37777.77777777787,0.0,22.084057704231913,52.49700164794922,52.54949864959716,USD,EURUSD,0.9564801530368244,2022-06-13T15:00:00Z,1110.0011100011102,1.1100011100008942,1.1088922177831937,,0.0,,100038.41142473326,BH_COMPRA_INICIAL,,,
57,2022-06-14T13:30:00Z,OPEN_ENTRY,a4e552abf5c8981083928ed50ab84f51a59a4ce01e43b13aa4e701a4c45ce332,benchmark,BH_BUY,NASDAQ,AZN,2022-06-14,,,37777.77777777787,36666.66666666676,0.0,9.920818138261865,116.86000061035156,116.97686061096191,USD,EURUSD,0.9564801530368244,2022-06-13T15:00:00Z,1110.0011100011102,1.1100011100008942,1.1088922177832612,,0.0,,100037.30142362327,BH_COMPRA_INICIAL,,,
58,2022-06-14T13:30:00Z,OPEN_ENTRY,a4e552abf5c8981083928ed50ab84f51a59a4ce01e43b13aa4e701a4c45ce332,benchmark,BH_BUY,NASDAQ,COIN,2022-06-14,,,36666.66666666676,35555.55555555565,0.0,22.082796451285112,52.5,52.552499999999995,USD,EURUSD,0.9564801530368244,2022-06-13T15:00:00Z,1110.0011100011102,1.1100011100008942,1.108892217783219,,0.0,,100036.19142251328,BH_COMPRA_INICIAL,,,
59,2022-06-14T13:30:00Z,OPEN_ENTRY,a4e552abf5c8981083928ed50ab84f51a59a4ce01e43b13aa4e701a4c45ce332,benchmark,BH_BUY,NASDAQ,CRWD,2022-06-14,,,35555.55555555565,34444.44444444454,0.0,29.726841376729965,39.0,39.038999999999994,USD,EURUSD,0.9564801530368244,2022-06-13T15:00:00Z,1110.0011100011102,1.1100011100008942,1.108892217783167,,0.0,,100035.08142140327,BH_COMPRA_INICIAL,,,
60,2022-06-14T13:30:00Z,OPEN_ENTRY,a4e552abf5c8981083928ed50ab84f51a59a4ce01e43b13aa4e701a4c45ce332,benchmark,BH_BUY,NASDAQ,GOOGL,2022-06-14,,,34444.44444444454,33333.33333333343,0.0,10.882308854745043,106.53500366210938,106.64153866577148,USD,EURUSD,0.9564801530368244,2022-06-13T15:00:00Z,1110.0011100011102,1.1100011100008942,1.1088922177832572,,0.0,,100033.97142029327,BH_COMPRA_INICIAL,,,
61,2022-06-14T13:30:00Z,OPEN_ENTRY,a4e552abf5c8981083928ed50ab84f51a59a4ce01e43b13aa4e701a4c45ce332,benchmark,BH_BUY,NASDAQ,INTC,2022-06-14,,,33333.33333333343,32222.22222222232,0.0,30.501101417720452,38.0099983215332,38.04800831985473,USD,EURUSD,0.9564801530368244,2022-06-13T15:00:00Z,1110.0011100011102,1.1100011100008942,1.1088922177831577,,0.0,,100032.86141918327,BH_COMPRA_INICIAL,,,
62,2022-06-14T13:30:00Z,OPEN_ENTRY,a4e552abf5c8981083928ed50ab84f51a59a4ce01e43b13aa4e701a4c45ce332,benchmark,BH_BUY,NASDAQ,META,2022-06-14,,,32222.22222222232,31111.11111111121,0.0,6.982755057618138,166.02999877929688,166.19602877807614,USD,EURUSD,0.9564801530368244,2022-06-13T15:00:00Z,1110.0011100011102,1.1100011100008942,1.1088922177831175,,0.0,,100031.75141807327,BH_COMPRA_INICIAL,,,
63,2022-06-14T13:30:00Z,OPEN_ENTRY,a4e552abf5c8981083928ed50ab84f51a59a4ce01e43b13aa4e701a4c45ce332,benchmark,BH_BUY,NASDAQ,MRVL,2022-06-14,,,31111.11111111121,30000.000000000102,0.0,23.421147751362998,49.5,49.549499999999995,USD,EURUSD,0.9564801530368244,2022-06-13T15:00:00Z,1110.0011100011102,1.1100011100008942,1.10889221778321,,0.0,,100030.64141696328,BH_COMPRA_INICIAL,,,
64,2022-06-14T13:30:00Z,OPEN_ENTRY,a4e552abf5c8981083928ed50ab84f51a59a4ce01e43b13aa4e701a4c45ce332,benchmark,BH_BUY,NASDAQ,MSFT,2022-06-14,,,30000.000000000102,28888.888888888992,0.0,4.754149146193579,243.86000061035156,244.10386061096187,USD,EURUSD,0.9564801530368244,2022-06-13T15:00:00Z,1110.0011100011102,1.1100011100008942,1.108892217783145,,0.0,,100029.53141585327,BH_COMPRA_INICIAL,,,
65,2022-06-14T13:30:00Z,OPEN_ENTRY,a4e552abf5c8981083928ed50ab84f51a59a4ce01e43b13aa4e701a4c45ce332,benchmark,BH_BUY,NASDAQ,MU,2022-06-14,,,28888.888888888992,27777.777777777883,0.0,19.530774962463433,59.36000061035156,59.41936061096191,USD,EURUSD,0.9564801530368244,2022-06-13T15:00:00Z,1110.0011100011102,1.1100011100008942,1.108892217783245,,0.0,,100028.42141474328,BH_COMPRA_INICIAL,,,
66,2022-06-14T13:30:00Z,OPEN_ENTRY,a4e552abf5c8981083928ed50ab84f51a59a4ce01e43b13aa4e701a4c45ce332,benchmark,BH_BUY,NASDAQ,NFLX,2022-06-14,,,27777.777777777883,26666.666666666773,0.0,68.29730707741463,16.975000381469727,16.991975381851194,USD,EURUSD,0.9564801530368244,2022-06-13T15:00:00Z,1110.0011100011102,1.1100011100008942,1.1088922177831952,,0.0,,100027.31141363327,BH_COMPRA_INICIAL,,,
67,2022-06-14T13:30:00Z,OPEN_ENTRY,a4e552abf5c8981083928ed50ab84f51a59a4ce01e43b13aa4e701a4c45ce332,benchmark,BH_BUY,NASDAQ,NVDA,2022-06-14,,,26666.666666666773,25555.555555555664,0.0,73.69822755250006,15.730999946594238,15.746730946540831,USD,EURUSD,0.9564801530368244,2022-06-13T15:00:00Z,1110.0011100011102,1.1100011100008942,1.1088922177832157,,0.0,,100026.20141252328,BH_COMPRA_INICIAL,,,
68,2022-06-14T13:30:00Z,OPEN_ENTRY,a4e552abf5c8981083928ed50ab84f51a59a4ce01e43b13aa4e701a4c45ce332,benchmark,BH_BUY,NASDAQ,PANW,2022-06-14,,,25555.555555555664,24444.444444444554,0.0,14.438292746624633,80.29666900634766,80.376965675354,USD,EURUSD,0.9564801530368244,2022-06-13T15:00:00Z,1110.0011100011102,1.1100011100008942,1.1088922177832796,,0.0,,100025.09141141328,BH_COMPRA_INICIAL,,,
69,2022-06-14T13:30:00Z,OPEN_ENTRY,a4e552abf5c8981083928ed50ab84f51a59a4ce01e43b13aa4e701a4c45ce332,benchmark,BH_BUY,NASDAQ,PLTR,2022-06-14,,,24444.444444444554,23333.333333333445,0.0,149.8832312451064,7.735000133514404,7.742735133647918,USD,EURUSD,0.9564801530368244,2022-06-13T15:00:00Z,1110.0011100011102,1.1100011100008942,1.1088922177832565,,0.0,,100023.98141030328,BH_COMPRA_INICIAL,,,
70,2022-06-14T13:30:00Z,OPEN_ENTRY,a4e552abf5c8981083928ed50ab84f51a59a4ce01e43b13aa4e701a4c45ce332,benchmark,BH_BUY,NASDAQ,QCOM,2022-06-14,,,23333.333333333445,22222.222222222335,0.0,8.9036691030982,130.2100067138672,130.34021672058105,USD,EURUSD,0.9564801530368244,2022-06-13T15:00:00Z,1110.0011100011102,1.1100011100008942,1.108892217783323,,0.0,,100022.87140919328,BH_COMPRA_INICIAL,,,
71,2022-06-14T13:30:00Z,OPEN_ENTRY,a4e552abf5c8981083928ed50ab84f51a59a4ce01e43b13aa4e701a4c45ce332,benchmark,BH_BUY,NASDAQ,TSLA,2022-06-14,,,22222.222222222335,21111.111111111226,0.0,5.311120602626141,218.2866668701172,218.50495353698727,USD,EURUSD,0.9564801530368244,2022-06-13T15:00:00Z,1110.0011100011102,1.1100011100008942,1.1088922177831653,,0.0,,100021.76140808329,BH_COMPRA_INICIAL,,,
72,2022-06-14T13:30:00Z,OPEN_ENTRY,a4e552abf5c8981083928ed50ab84f51a59a4ce01e43b13aa4e701a4c45ce332,benchmark,BH_BUY,NASDAQ,VRTX,2022-06-14,,,21111.111111111226,20000.000000000116,0.0,4.706478322066533,246.3300018310547,246.57633183288573,USD,EURUSD,0.9564801530368244,2022-06-13T15:00:00Z,1110.0011100011102,1.1100011100008942,1.1088922177832634,,0.0,,100020.65140697328,BH_COMPRA_INICIAL,,,
73,2022-06-14T13:30:00Z,OPEN_ENTRY,a4e552abf5c8981083928ed50ab84f51a59a4ce01e43b13aa4e701a4c45ce332,benchmark,BH_BUY,NYSE,ABBV,2022-06-14,,,20000.000000000116,18888.888888889007,0.0,8.314305747230854,139.44000244140625,139.57944244384765,USD,EURUSD,0.9564801530368244,2022-06-13T15:00:00Z,1110.0011100011102,1.1100011100008942,1.1088922177833087,,0.0,,100019.54140586329,BH_COMPRA_INICIAL,,,
74,2022-06-14T13:30:00Z,OPEN_ENTRY,a4e552abf5c8981083928ed50ab84f51a59a4ce01e43b13aa4e701a4c45ce332,benchmark,BH_BUY,NYSE,BRK-B,2022-06-14,,,18888.888888889007,17777.777777777897,0.0,4.109847313776379,282.0899963378906,282.37208633422847,USD,EURUSD,0.9564801530368244,2022-06-13T15:00:00Z,1110.0011100011102,1.1100011100008942,1.1088922177831482,,0.0,,100018.43140475328,BH_COMPRA_INICIAL,,,
75,2022-06-14T13:30:00Z,OPEN_ENTRY,a4e552abf5c8981083928ed50ab84f51a59a4ce01e43b13aa4e701a4c45ce332,benchmark,BH_BUY,NYSE,CAT,2022-06-14,,,17777.777777777897,16666.666666666788,0.0,5.572175465233165,208.05999755859375,208.2680575561523,USD,EURUSD,0.9564801530368244,2022-06-13T15:00:00Z,1110.0011100011102,1.1100011100008942,1.1088922177831695,,0.0,,100017.32140364329,BH_COMPRA_INICIAL,,,
76,2022-06-14T13:30:00Z,OPEN_ENTRY,a4e552abf5c8981083928ed50ab84f51a59a4ce01e43b13aa4e701a4c45ce332,benchmark,BH_BUY,NYSE,CRM,2022-06-14,,,16666.666666666788,15555.555555555677,0.0,6.871017857219367,168.72999572753906,168.89872572326658,USD,EURUSD,0.9564801530368244,2022-06-13T15:00:00Z,1110.0011100011102,1.1100011100008942,1.1088922177831835,,0.0,,100016.21140253328,BH_COMPRA_INICIAL,,,
77,2022-06-14T13:30:00Z,OPEN_ENTRY,a4e552abf5c8981083928ed50ab84f51a59a4ce01e43b13aa4e701a4c45ce332,benchmark,BH_BUY,NYSE,CVX,2022-06-14,,,15555.555555555677,14444.444444444565,0.0,6.845054301916426,169.3699951171875,169.53936511230467,USD,EURUSD,0.9564801530368244,2022-06-13T15:00:00Z,1110.0011100011102,1.1100011100008942,1.1088922177831813,,0.0,,100015.10140142328,BH_COMPRA_INICIAL,,,
78,2022-06-14T13:30:00Z,OPEN_ENTRY,a4e552abf5c8981083928ed50ab84f51a59a4ce01e43b13aa4e701a4c45ce332,benchmark,BH_BUY,NYSE,GS,2022-06-14,,,14444.444444444565,13333.333333333454,0.0,4.07746937869252,284.3299865722656,284.61431655883786,USD,EURUSD,0.9564801530368244,2022-06-13T15:00:00Z,1110.0011100011102,1.1100011100008942,1.108892217783194,,0.0,,100013.99140031329,BH_COMPRA_INICIAL,,,
79,2022-06-14T13:30:00Z,OPEN_ENTRY,a4e552abf5c8981083928ed50ab84f51a59a4ce01e43b13aa4e701a4c45ce332,benchmark,BH_BUY,NYSE,INFY,2022-06-14,,,13333.333333333454,12222.222222222343,0.0,64.37239305712365,18.010000228881836,18.028010229110716,USD,EURUSD,0.9564801530368244,2022-06-13T15:00:00Z,1110.0011100011102,1.1100011100008942,1.1088922177832343,,0.0,,100012.88139920327,BH_COMPRA_INICIAL,,,
80,2022-06-14T13:30:00Z,OPEN_ENTRY,a4e552abf5c8981083928ed50ab84f51a59a4ce01e43b13aa4e701a4c45ce332,benchmark,BH_BUY,NYSE,LLY,2022-06-14,,,12222.222222222343,11111.111111111231,0.0,4.009222117984918,289.1700134277344,289.45918344116205,USD,EURUSD,0.9564801530368244,2022-06-13T15:00:00Z,1110.0011100011102,1.1100011100008942,1.1088922177831142,,0.0,,100011.77139809327,BH_COMPRA_INICIAL,,,
81,2022-06-14T13:30:00Z,OPEN_ENTRY,a4e552abf5c8981083928ed50ab84f51a59a4ce01e43b13aa4e701a4c45ce332,benchmark,BH_BUY,NYSE,LMT,2022-06-14,,,11111.111111111231,10000.00000000012,0.0,2.7342439729979646,424.010009765625,424.4340197753906,USD,EURUSD,0.9564801530368244,2022-06-13T15:00:00Z,1110.0011100011102,1.1100011100008942,1.1088922177832496,,0.0,,100010.66139698327,BH_COMPRA_INICIAL,,,
82,2022-06-14T13:30:00Z,OPEN_ENTRY,a4e552abf5c8981083928ed50ab84f51a59a4ce01e43b13aa4e701a4c45ce332,benchmark,BH_BUY,NYSE,MA,2022-06-14,,,10000.00000000012,8888.888888889009,0.0,3.621826902800973,320.1000061035156,320.4201061096191,USD,EURUSD,0.9564801530368244,2022-06-13T15:00:00Z,1110.0011100011102,1.1100011100008942,1.1088922177831806,,0.0,,100009.55139587328,BH_COMPRA_INICIAL,,,
83,2022-06-14T13:30:00Z,OPEN_ENTRY,a4e552abf5c8981083928ed50ab84f51a59a4ce01e43b13aa4e701a4c45ce332,benchmark,BH_BUY,NYSE,NOW,2022-06-14,,,8888.888888889009,7777.777777777897,0.0,13.117751184899841,88.37999725341797,88.46837725067138,USD,EURUSD,0.9564801530368244,2022-06-13T15:00:00Z,1110.0011100011102,1.1100011100008942,1.1088922177832528,,0.0,,100008.44139476327,BH_COMPRA_INICIAL,,,
84,2022-06-14T13:30:00Z,OPEN_ENTRY,a4e552abf5c8981083928ed50ab84f51a59a4ce01e43b13aa4e701a4c45ce332,benchmark,BH_BUY,NYSE,ORCL,2022-06-14,,,7777.777777777897,6666.666666666786,0.0,16.102039079062063,72.0,72.07199999999999,USD,EURUSD,0.9564801530368244,2022-06-13T15:00:00Z,1110.0011100011102,1.1100011100008942,1.1088922177831504,,0.0,,100007.33139365328,BH_COMPRA_INICIAL,,,
85,2022-06-14T13:30:00Z,OPEN_ENTRY,a4e552abf5c8981083928ed50ab84f51a59a4ce01e43b13aa4e701a4c45ce332,benchmark,BH_BUY,NYSE,TSM,2022-06-14,,,6666.666666666786,5555.555555555675,0.0,13.365769451750431,86.73999786376953,86.82673786163329,USD,EURUSD,0.9564801530368244,2022-06-13T15:00:00Z,1110.0011100011102,1.1100011100008942,1.1088922177831961,,0.0,,100006.22139254327,BH_COMPRA_INICIAL,,,
86,2022-06-14T13:30:00Z,OPEN_ENTRY,a4e552abf5c8981083928ed50ab84f51a59a4ce01e43b13aa4e701a4c45ce332,benchmark,BH_BUY,NYSE,UBER,2022-06-14,,,5555.555555555675,4444.4444444445635,0.0,53.376926811394824,21.719999313354492,21.741719312667843,USD,EURUSD,0.9564801530368244,2022-06-13T15:00:00Z,1110.0011100011102,1.1100011100008942,1.1088922177831604,,0.0,,100005.11139143328,BH_COMPRA_INICIAL,,,
87,2022-06-14T13:30:00Z,OPEN_ENTRY,a4e552abf5c8981083928ed50ab84f51a59a4ce01e43b13aa4e701a4c45ce332,benchmark,BH_BUY,NYSE,V,2022-06-14,,,4444.4444444445635,3333.333333333452,0.0,6.015705719951628,192.72000122070312,192.91272122192382,USD,EURUSD,0.9564801530368244,2022-06-13T15:00:00Z,1110.0011100011102,1.1100011100008942,1.1088922177832654,,0.0,,100004.00139032328,BH_COMPRA_INICIAL,,,
88,2022-06-14T13:30:00Z,OPEN_ENTRY,a4e552abf5c8981083928ed50ab84f51a59a4ce01e43b13aa4e701a4c45ce332,benchmark,BH_BUY,NYSE,XOM,2022-06-14,,,3333.333333333452,2222.222222222341,0.0,11.901722308870337,97.41000366210938,97.50741366577148,USD,EURUSD,0.9564801530368244,2022-06-13T15:00:00Z,1110.0011100011102,1.1100011100008942,1.1088922177832803,,0.0,,100002.89138921327,BH_COMPRA_INICIAL,,,
89,2022-06-15T15:30:00Z,CLOSE_DIVIDEND,a4e552abf5c8981083928ed50ab84f51a59a4ce01e43b13aa4e701a4c45ce332,benchmark,BH_DIVIDEND,XETRA,EXSA.DE,2022-06-15,,,2222.222222222341,2235.213930886686,,,,,EUR,EUR,1.0,,,,,12.991708664345172,0.0,,99271.06899023369,DIVIDENDO_BRUTO,,,
90,2022-06-16T07:00:00Z,OPEN_ENTRY,a4e552abf5c8981083928ed50ab84f51a59a4ce01e43b13aa4e701a4c45ce332,benchmark,BH_BUY,XETRA,EXSA.DE,2022-06-16,,,2235.213930886686,2222.222222222341,26.55075383667236,26.867881504583057,40.8849983215332,40.925883319854734,EUR,EUR,1.0,,12.978729934410762,0.012978729934410183,0.012965764170239655,,0.0,,100784.50865559014,BH_REINVERSION_DIVIDENDO,,,
91,2022-06-16T15:30:00Z,CLOSE_DIVIDEND,a4e552abf5c8981083928ed50ab84f51a59a4ce01e43b13aa4e701a4c45ce332,benchmark,BH_DIVIDEND,XETRA,EQQQ.DE,2022-06-16,,,2222.222222222341,2223.760927113799,,,,,EUR,EUR,1.0,,,,,1.538704891457996,0.0,,100922.63745880488,DIVIDENDO_BRUTO,,,
92,2022-06-16T20:00:00Z,CLOSE_DIVIDEND,a4e552abf5c8981083928ed50ab84f51a59a4ce01e43b13aa4e701a4c45ce332,benchmark,BH_DIVIDEND,NYSE,TSM,2022-06-16,,,2223.760927113799,2229.762671665691,,,,,USD,EURUSD,0.9615384615384615,2022-06-16T15:00:00Z,,,,6.00174455189178,0.0,,99640.14031906314,DIVIDENDO_BRUTO,,,
93,2022-06-17T07:00:00Z,OPEN_ENTRY,a4e552abf5c8981083928ed50ab84f51a59a4ce01e43b13aa4e701a4c45ce332,benchmark,BH_BUY,XETRA,EQQQ.DE,2022-06-17,,,2229.762671665691,2228.223966774233,4.119978610179011,4.125874682437291,260.45001220703125,260.71046221923825,EUR,EUR,1.0,,1.5371677237342618,0.0015371677237341341,0.0015356320916424476,,0.0,,97348.38071392519,BH_REINVERSION_DIVIDENDO,,,
94,2022-06-17T13:30:00Z,OPEN_ENTRY,a4e552abf5c8981083928ed50ab84f51a59a4ce01e43b13aa4e701a4c45ce332,benchmark,BH_BUY,NYSE,TSM,2022-06-17,,,2228.223966774233,2222.222222222341,13.365769451750431,13.439055915348154,85.0,85.085,USD,EURUSD,0.9615384615384615,2022-06-16T15:00:00Z,5.995748803088691,0.0059957488030883965,0.005989759044044207,,0.0,,97410.24186827849,BH_REINVERSION_DIVIDENDO,,,
95,2022-06-21T15:30:00Z,CLOSE_DIVIDEND,a4e552abf5c8981083928ed50ab84f51a59a4ce01e43b13aa4e701a4c45ce332,benchmark,BH_DIVIDEND,PAR,TTE.PA,2022-06-21,,,2222.222222222341,2235.8206775899907,,,,,EUR,EUR,1.0,,,,,13.598455367649853,0.0,,97512.84951481961,DIVIDENDO_BRUTO,,,
96,2022-06-21T20:00:00Z,CLOSE_DIVIDEND,a4e552abf5c8981083928ed50ab84f51a59a4ce01e43b13aa4e701a4c45ce332,benchmark,BH_DIVIDEND,NASDAQ,AVGO,2022-06-21,,,2235.8206775899907,2244.4031075982703,,,,,USD,EURUSD,0.9478672985781991,2022-06-21T15:00:00Z,,,,8.582430008279701,0.0,,97878.33640078489,DIVIDENDO_BRUTO,,,
97,2022-06-22T07:00:00Z,OPEN_ENTRY,a4e552abf5c8981083928ed50ab84f51a59a4ce01e43b13aa4e701a4c45ce332,benchmark,BH_BUY,PAR,TTE.PA,2022-06-22,,,2244.4031075982703,2230.8046522306204,20.603720254014927,20.87788791457967,49.5,49.549499999999995,EUR,EUR,1.0,,13.584870497152702,0.013584870497151513,0.013571299197953315,,0.0,,99034.48613946982,BH_REINVERSION_DIVIDENDO,,,
98,2022-06-22T13:30:00Z,OPEN_ENTRY,a4e552abf5c8981083928ed50ab84f51a59a4ce01e43b13aa4e701a4c45ce332,benchmark,BH_BUY,NASDAQ,AVGO,2022-06-22,,,2230.8046522306204,2222.222222222341,22.084057704231913,22.266129025869148,49.63100051879883,49.68063151931762,USD,EURUSD,0.9478672985781991,2022-06-21T15:00:00Z,8.573856152127574,0.008573856152127135,0.008565290861265416,,0.0,,98917.66526509185,BH_REINVERSION_DIVIDENDO,,,
99,2022-07-07T20:00:00Z,CLOSE_DIVIDEND,a4e552abf5c8981083928ed50ab84f51a59a4ce01e43b13aa4e701a4c45ce332,benchmark,BH_DIVIDEND,NASDAQ,MRVL,2022-07-07,,,2222.222222222341,2223.6026435043464,,,,,USD,EURUSD,0.9823182711198428,2022-07-07T15:00:00Z,,,,1.3804212820056776,0.0,,101855.31331625223,DIVIDENDO_BRUTO,,,
100,2022-07-07T20:00:00Z,CLOSE_DIVIDEND,a4e552abf5c8981083928ed50ab84f51a59a4ce01e43b13aa4e701a4c45ce332,benchmark,BH_DIVIDEND,NYSE,MA,2022-07-07,,,2223.6026435043464,2225.345959007659,,,,,USD,EURUSD,0.9823182711198428,2022-07-07T15:00:00Z,,,,1.7433155033128456,0.0,,101857.05663175553,DIVIDENDO_BRUTO,,,
101,2022-07-08T13:30:00Z,OPEN_ENTRY,a4e552abf5c8981083928ed50ab84f51a59a4ce01e43b13aa4e701a4c45ce332,benchmark,BH_BUY,NASDAQ,MRVL,2022-07-08,,,2225.345959007659,2223.9655377256536,23.421147751362998,23.452018597238478,45.43000030517578,45.475430305480955,USD,EURUSD,0.9823182711198428,2022-07-07T15:00:00Z,1.379042239765912,0.0013790422397657043,0.0013776645751906729,,0.0,,103244.44112588813,BH_REINVERSION_DIVIDENDO,,,
102,2022-07-08T13:30:00Z,OPEN_ENTRY,a4e552abf5c8981083928ed50ab84f51a59a4ce01e43b13aa4e701a4c45ce332,benchmark,BH_BUY,NYSE,MA,2022-07-08,,,2223.9655377256536,2222.222222222341,3.621826902800973,3.6273140801840253,322.7799987792969,323.10277877807613,USD,EURUSD,0.9823182711198428,2022-07-07T15:00:00Z,1.7415739293834622,0.0017415739293833443,0.0017398340952879416,,0.0,,103244.4445978256,BH_REINVERSION_DIVIDENDO,,,
103,2022-07-08T15:30:00Z,CLOSE_DIVIDEND,a4e552abf5c8981083928ed50ab84f51a59a4ce01e43b13aa4e701a4c45ce332,benchmark,BH_DIVIDEND,MCE,IBE.MC,2022-07-08,,,2222.222222222341,2252.319939868272,,,,,EUR,EUR,1.0,,,,,30.09771764593105,0.0,,103361.0353404793,DIVIDENDO_BRUTO,,,
104,2022-07-08T20:00:00Z,CLOSE_DIVIDEND,a4e552abf5c8981083928ed50ab84f51a59a4ce01e43b13aa4e701a4c45ce332,benchmark,BH_DIVIDEND,NASDAQ,MU,2022-07-08,,,2252.319939868272,2254.5299557304024,,,,,USD,EURUSD,0.9839614287119945,2022-07-08T15:00:00Z,,,,2.2100158621305668,0.0,,103641.28993335497,DIVIDENDO_BRUTO,,,
105,2022-07-11T07:00:00Z,OPEN_ENTRY,a4e552abf5c8981083928ed50ab84f51a59a4ce01e43b13aa4e701a4c45ce332,benchmark,BH_BUY,MCE,IBE.MC,2022-07-11,,,2254.5299557304024,2224.4322380844715,109.8456848391644,112.87978721704015,9.899999618530273,9.909899618148803,EUR,EUR,1.0,,30.067649995935117,0.03006764999593159,0.030037612383548205,,0.0,,103765.39062932681,BH_REINVERSION_DIVIDENDO,,,
106,2022-07-11T13:30:00Z,OPEN_ENTRY,a4e552abf5c8981083928ed50ab84f51a59a4ce01e43b13aa4e701a4c45ce332,benchmark,BH_BUY,NASDAQ,MU,2022-07-11,,,2224.4322380844715,2222.222222222341,19.530774962463433,19.569349282684435,58.11000061035156,58.16811061096191,USD,EURUSD,0.9839614287119945,2022-07-08T15:00:00Z,2.2078080540764904,0.002207808054076388,0.0022056024516247425,,0.0,,103595.51972387008,BH_REINVERSION_DIVIDENDO,,,
107,2022-07-11T20:00:00Z,CLOSE_DIVIDEND,a4e552abf5c8981083928ed50ab84f51a59a4ce01e43b13aa4e701a4c45ce332,benchmark,BH_DIVIDEND,NYSE,ORCL,2022-07-11,,,2222.222222222341,2227.324868791265,,,,,USD,EURUSD,0.9902951079421667,2022-07-11T15:00:00Z,,,,5.102646568924401,0.0,,103349.04484834525,DIVIDENDO_BRUTO,,,
108,2022-07-12T13:30:00Z,OPEN_ENTRY,a4e552abf5c8981083928ed50ab84f51a59a4ce01e43b13aa4e701a4c45ce332,benchmark,BH_BUY,NYSE,ORCL,2022-07-12,,,2227.324868791265,2222.222222222341,16.102039079062063,16.17385978782256,71.5999984741211,71.6715984725952,USD,EURUSD,0.9902951079421667,2022-07-11T15:00:00Z,5.097549019904497,0.005097549019904335,0.005092456563340589,,0.0,,101918.22536709826,BH_REINVERSION_DIVIDENDO,,,
109,2022-07-14T15:30:00Z,CLOSE_DIVIDEND,a4e552abf5c8981083928ed50ab84f51a59a4ce01e43b13aa4e701a4c45ce332,benchmark,BH_DIVIDEND,XETRA,EUNH.DE,2022-07-14,,,2222.222222222341,2223.863517737193,,,,,EUR,EUR,1.0,,,,,1.6412955148522592,0.0,,101532.84267616464,DIVIDENDO_BRUTO,,,
110,2022-07-14T20:00:00Z,CLOSE_DIVIDEND,a4e552abf5c8981083928ed50ab84f51a59a4ce01e43b13aa4e701a4c45ce332,benchmark,BH_DIVIDEND,NYSE,ABBV,2022-07-14,,,2223.863517737193,2235.580830184565,,,,,USD,EURUSD,0.9995002498750625,2022-07-14T15:00:00Z,,,,11.71731244737182,0.0,,100947.89113220469,DIVIDENDO_BRUTO,,,
111,2022-07-15T07:00:00Z,OPEN_ENTRY,a4e552abf5c8981083928ed50ab84f51a59a4ce01e43b13aa4e701a4c45ce332,benchmark,BH_BUY,XETRA,EUNH.DE,2022-07-15,,,2235.580830184565,2233.939534669713,9.929192467345791,9.943282337715678,116.25499725341797,116.37125225067138,EUR,EUR,1.0,,1.6396558589932662,0.001639655858993061,0.0016380178411519542,,0.0,,100722.51210202265,BH_REINVERSION_DIVIDENDO,,,
112,2022-07-15T13:30:00Z,OPEN_ENTRY,a4e552abf5c8981083928ed50ab84f51a59a4ce01e43b13aa4e701a4c45ce332,benchmark,BH_BUY,NYSE,ABBV,2022-07-15,,,2233.939534669713,2222.222222222341,8.314305747230854,8.3913589622351,151.83999633789062,151.9918363342285,USD,EURUSD,0.9995002498750625,2022-07-14T15:00:00Z,11.705606840531289,0.011705606840530791,0.011693912927603179,,0.0,,100582.26968461645,BH_REINVERSION_DIVIDENDO,,,
113,2022-07-15T15:30:00Z,CLOSE_DIVIDEND,a4e552abf5c8981083928ed50ab84f51a59a4ce01e43b13aa4e701a4c45ce332,benchmark,BH_DIVIDEND,XETRA,EXH1.DE,2022-07-15,,,2222.222222222341,2228.677380040208,,,,,EUR,EUR,1.0,,,,,6.45515781786727,0.0,,100306.5617395074,DIVIDENDO_BRUTO,,,
114,2022-07-15T15:30:00Z,CLOSE_DIVIDEND,a4e552abf5c8981083928ed50ab84f51a59a4ce01e43b13aa4e701a4c45ce332,benchmark,BH_DIVIDEND,XETRA,EXV1.DE,2022-07-15,,,2228.677380040208,2271.2413891393617,,,,,EUR,EUR,1.0,,,,,42.56400909915381,0.0,,100349.12574860656,DIVIDENDO_BRUTO,,,
115,2022-07-18T07:00:00Z,OPEN_ENTRY,a4e552abf5c8981083928ed50ab84f51a59a4ce01e43b13aa4e701a4c45ce332,benchmark,BH_BUY,XETRA,EXH1.DE,2022-07-18,,,2271.2413891393617,2264.7862313214946,32.08600039698816,32.29513095300488,30.80500030517578,30.835805305480953,EUR,EUR,1.0,,6.4487091087585116,0.006448709108758166,0.006442266841915775,,0.0,,102375.09201359592,BH_REINVERSION_DIVIDENDO,,,
116,2022-07-18T07:00:00Z,OPEN_ENTRY,a4e552abf5c8981083928ed50ab84f51a59a4ce01e43b13aa4e701a4c45ce332,benchmark,BH_BUY,XETRA,EXV1.DE,2022-07-18,,,2264.7862313214946,2222.222222222341,84.88152225767134,88.48326973813114,11.793999671936035,11.80579367160797,EUR,EUR,1.0,,42.52148761154227,0.04252148761153762,0.04247900860293703,,0.0,,102374.45954937872,BH_REINVERSION_DIVIDENDO,,,
117,2022-07-19T20:00:00Z,CLOSE_DIVIDEND,a4e552abf5c8981083928ed50ab84f51a59a4ce01e43b13aa4e701a4c45ce332,benchmark,BH_DIVIDEND,NYSE,CAT,2022-07-19,,,2222.222222222341,2228.7489284773724,,,,,USD,EURUSD,0.9760858955588092,2022-07-19T15:00:00Z,,,,6.5267062550315265,0.0,,102561.72137915438,DIVIDENDO_BRUTO,,,
118,2022-07-20T13:30:00Z,OPEN_ENTRY,a4e552abf5c8981083928ed50ab84f51a59a4ce01e43b13aa4e701a4c45ce332,benchmark,BH_BUY,NYSE,CAT,2022-07-20,,,2228.7489284773724,2222.222222222341,5.572175465233165,5.609502109241705,178.77999877929688,178.95877877807615,USD,EURUSD,0.9760858955588092,2022-07-19T15:00:00Z,6.520186068962564,0.006520186068962097,0.006513672396565263,,0.0,,104342.6128240661,BH_REINVERSION_DIVIDENDO,,,
119,2022-08-04T15:30:00Z,CLOSE_DIVIDEND,a4e552abf5c8981083928ed50ab84f51a59a4ce01e43b13aa4e701a4c45ce332,benchmark,BH_DIVIDEND,AMS,ASML.AS,2022-08-04,,,2222.222222222341,2225.3636248674807,,,,,EUR,EUR,1.0,,,,,3.141402645139698,0.0,,109995.71593819348,DIVIDENDO_BRUTO,,,
120,2022-08-04T20:00:00Z,CLOSE_DIVIDEND,a4e552abf5c8981083928ed50ab84f51a59a4ce01e43b13aa4e701a4c45ce332,benchmark,BH_DIVIDEND,NASDAQ,INTC,2022-08-04,,,2225.3636248674807,2236.2986037668697,,,,,USD,EURUSD,0.9822217856792064,2022-08-04T15:00:00Z,,,,10.934978899389023,0.0,,110021.9938870781,DIVIDENDO_BRUTO,,,
121,2022-08-05T07:00:00Z,OPEN_ENTRY,a4e552abf5c8981083928ed50ab84f51a59a4ce01e43b13aa4e701a4c45ce332,benchmark,BH_BUY,AMS,ASML.AS,2022-08-05,,,2236.2986037668697,2233.15720112173,2.2929946314888303,2.2984375642171417,576.0,576.5759999999999,EUR,EUR,1.0,,3.1382643807589394,0.003138264380758482,0.0031351292515069324,,0.0,,110515.51939439542,BH_REINVERSION_DIVIDENDO,,,
122,2022-08-05T13:30:00Z,OPEN_ENTRY,a4e552abf5c8981083928ed50ab84f51a59a4ce01e43b13aa4e701a4c45ce332,benchmark,BH_BUY,NASDAQ,INTC,2022-08-05,,,2233.15720112173,2222.222222222341,30.501101417720452,30.815406086666815,35.349998474121094,35.38534847259521,USD,EURUSD,0.9822217856792064,2022-08-04T15:00:00Z,10.92405484454448,0.010924054844542397,0.010913141702840586,,0.0,,110487.41579991407,BH_REINVERSION_DIVIDENDO,,,
123,2022-08-05T20:00:00Z,CLOSE_DIVIDEND,a4e552abf5c8981083928ed50ab84f51a59a4ce01e43b13aa4e701a4c45ce332,benchmark,BH_DIVIDEND,NASDAQ,AAPL,2022-08-05,,,2222.222222222341,2224.179544263706,,,,,USD,EURUSD,0.9772305286817159,2022-08-05T15:00:00Z,,,,1.9573220413648225,0.0,,110027.47964525237,DIVIDENDO_BRUTO,,,
124,2022-08-08T13:30:00Z,OPEN_ENTRY,a4e552abf5c8981083928ed50ab84f51a59a4ce01e43b13aa4e701a4c45ce332,benchmark,BH_BUY,NASDAQ,AAPL,2022-08-08,,,2224.179544263706,2222.222222222341,8.708381064907057,8.720396018619185,166.3699951171875,166.53636511230468,USD,EURUSD,0.9772305286817159,2022-08-05T15:00:00Z,1.9553666746901326,0.0019553666746898735,0.0019534132614286077,,0.0,,109898.91813517442,BH_REINVERSION_DIVIDENDO,,,
125,2022-08-11T15:30:00Z,CLOSE_DIVIDEND,a4e552abf5c8981083928ed50ab84f51a59a4ce01e43b13aa4e701a4c45ce332,benchmark,BH_DIVIDEND,XETRA,R6C0.DE,2022-08-11,,,2222.222222222341,2231.119340162732,,,,,EUR,EUR,1.0,,,,,8.89711794039132,0.0,,109954.20085215589,DIVIDENDO_BRUTO,,,
126,2022-08-11T20:00:00Z,CLOSE_DIVIDEND,a4e552abf5c8981083928ed50ab84f51a59a4ce01e43b13aa4e701a4c45ce332,benchmark,BH_DIVIDEND,NASDAQ,AZN,2022-08-11,,,2231.119340162732,2240.044045974865,,,,,USD,EURUSD,0.967305088024763,2022-08-11T15:00:00Z,,,,8.924705812133425,0.0,,110205.63233442097,DIVIDENDO_BRUTO,,,
127,2022-08-11T20:00:00Z,CLOSE_DIVIDEND,a4e552abf5c8981083928ed50ab84f51a59a4ce01e43b13aa4e701a4c45ce332,benchmark,BH_DIVIDEND,NYSE,V,2022-08-11,,,2240.044045974865,2242.2261795064787,,,,,USD,EURUSD,0.967305088024763,2022-08-11T15:00:00Z,,,,2.18213353161333,0.0,,110207.81446795259,DIVIDENDO_BRUTO,,,
128,2022-08-11T20:00:00Z,CLOSE_DIVIDEND,a4e552abf5c8981083928ed50ab84f51a59a4ce01e43b13aa4e701a4c45ce332,benchmark,BH_DIVIDEND,NYSE,XOM,2022-08-11,,,2242.2261795064787,2252.3572644666315,,,,,USD,EURUSD,0.967305088024763,2022-08-11T15:00:00Z,,,,10.131084960152736,0.0,,110217.94555291273,DIVIDENDO_BRUTO,,,
129,2022-08-12T07:00:00Z,OPEN_ENTRY,a4e552abf5c8981083928ed50ab84f51a59a4ce01e43b13aa4e701a4c45ce332,benchmark,BH_BUY,XETRA,R6C0.DE,2022-08-12,,,2252.3572644666315,2243.4601465262404,41.23809010610114,41.57641550432504,26.2450008392334,26.27124584007263,EUR,EUR,1.0,,8.88822971068064,0.008888229710679596,0.00887935036031988,,0.0,,109741.36165281576,BH_REINVERSION_DIVIDENDO,,,
130,2022-08-12T13:30:00Z,OPEN_ENTRY,a4e552abf5c8981083928ed50ab84f51a59a4ce01e43b13aa4e701a4c45ce332,benchmark,BH_BUY,NASDAQ,AZN,2022-08-12,,,2243.4601465262404,2234.5354407141067,9.920818138261865,9.991965842784698,129.4199981689453,129.54941816711425,USD,EURUSD,0.967305088024763,2022-08-11T15:00:00Z,8.915790022111315,0.00891579002210996,0.008906883138972093,,0.0,,109764.02369353776,BH_REINVERSION_DIVIDENDO,,,
131,2022-08-12T13:30:00Z,OPEN_ENTRY,a4e552abf5c8981083928ed50ab84f51a59a4ce01e43b13aa4e701a4c45ce332,benchmark,BH_BUY,NYSE,V,2022-08-12,,,2234.5354407141067,2232.353307182493,6.015705719951628,6.026275600817113,213.0,213.21299999999997,USD,EURUSD,0.967305088024763,2022-08-11T15:00:00Z,2.179953578035295,0.002179953578035132,0.0021777758022327085,,0.0,,109763.99970517198,BH_REINVERSION_DIVIDENDO,,,
132,2022-08-12T13:30:00Z,OPEN_ENTRY,a4e552abf5c8981083928ed50ab84f51a59a4ce01e43b13aa4e701a4c45ce332,benchmark,BH_BUY,NYSE,XOM,2022-08-12,,,2232.353307182493,2222.2222222223404,11.901722308870337,12.014747823574362,92.4800033569336,92.57248336029052,USD,EURUSD,0.967305088024763,2022-08-11T15:00:00Z,10.120963996156581,0.010120963996154586,0.010110853143012685,,0.0,,109764.0570976651,BH_REINVERSION_DIVIDENDO,,,
133,2022-08-12T20:00:00Z,CLOSE_DIVIDEND,a4e552abf5c8981083928ed50ab84f51a59a4ce01e43b13aa4e701a4c45ce332,benchmark,BH_DIVIDEND,NYSE,LLY,2022-08-12,,,2222.2222222223404,2226.042385251631,,,,,USD,EURUSD,0.9722897423432183,2022-08-12T15:00:00Z,,,,3.8201630292904425,0.0,,110278.88784564586,DIVIDENDO_BRUTO,,,
134,2022-08-15T13:30:00Z,OPEN_ENTRY,a4e552abf5c8981083928ed50ab84f51a59a4ce01e43b13aa4e701a4c45ce332,benchmark,BH_BUY,NYSE,LLY,2022-08-15,,,2226.042385251631,2222.2222222223404,4.009222117984918,4.021903439675844,309.2099914550781,309.51920144653315,USD,EURUSD,0.9722897423432183,2022-08-12T15:00:00Z,3.816346682607835,0.003816346682607552,0.0038125341484586644,,0.0,,111428.22106269754,BH_REINVERSION_DIVIDENDO,,,
135,2022-08-17T20:00:00Z,CLOSE_DIVIDEND,a4e552abf5c8981083928ed50ab84f51a59a4ce01e43b13aa4e701a4c45ce332,benchmark,BH_DIVIDEND,NASDAQ,MSFT,2022-08-17,,,2222.2222222223404,2225.122234491762,,,,,USD,EURUSD,0.9838646202282566,2022-08-17T15:00:00Z,,,,2.9000122694215063,0.0,,111747.06689634162,DIVIDENDO_BRUTO,,,
136,2022-08-18T13:30:00Z,OPEN_ENTRY,a4e552abf5c8981083928ed50ab84f51a59a4ce01e43b13aa4e701a4c45ce332,benchmark,BH_BUY,NASDAQ,MSFT,2022-08-18,,,2225.122234491762,2222.2222222223404,4.754149146193579,4.764286249925243,290.19000244140625,290.4801924438476,USD,EURUSD,0.9838646202282566,2022-08-17T15:00:00Z,2.8971151542672393,0.0028971151542669382,0.0028942209333334794,,0.0,,110810.94410353454,BH_REINVERSION_DIVIDENDO,,,
137,2022-08-18T20:00:00Z,CLOSE_DIVIDEND,a4e552abf5c8981083928ed50ab84f51a59a4ce01e43b13aa4e701a4c45ce332,benchmark,BH_DIVIDEND,NYSE,CVX,2022-08-18,,,2222.2222222223404,2231.7722095565136,,,,,USD,EURUSD,0.982511298879937,2022-08-18T15:00:00Z,,,,9.549987334173045,0.0,,111065.06066519547,DIVIDENDO_BRUTO,,,
138,2022-08-19T13:30:00Z,OPEN_ENTRY,a4e552abf5c8981083928ed50ab84f51a59a4ce01e43b13aa4e701a4c45ce332,benchmark,BH_BUY,NYSE,CVX,2022-08-19,,,2231.7722095565136,2222.2222222223404,6.845054301916426,6.906272059486765,158.4600067138672,158.61846672058104,USD,EURUSD,0.982511298879937,2022-08-18T15:00:00Z,9.54044688728576,0.009540446887283949,0.009530915971313558,,0.0,,111295.67692726036,BH_REINVERSION_DIVIDENDO,,,
139,2022-08-24T20:00:00Z,CLOSE_DIVIDEND,a4e552abf5c8981083928ed50ab84f51a59a4ce01e43b13aa4e701a4c45ce332,benchmark,BH_DIVIDEND,NASDAQ,AMAT,2022-08-24,,,2222.2222222223404,2225.33754895204,,,,,USD,EURUSD,1.00664384940608,2022-08-24T15:00:00Z,,,,3.1153267296994276,0.0,,108877.85562257572,DIVIDENDO_BRUTO,,,
140,2022-08-25T13:30:00Z,OPEN_ENTRY,a4e552abf5c8981083928ed50ab84f51a59a4ce01e43b13aa4e701a4c45ce332,benchmark,BH_BUY,NASDAQ,AMAT,2022-08-25,,,2225.33754895204,2222.2222222223404,11.902944512628507,11.93323366901858,101.97000122070312,102.07197122192382,USD,EURUSD,1.00664384940608,2022-08-24T15:00:00Z,3.1122145151842435,0.003112214515184064,0.0031091054097741474,,0.0,,109336.42361766307,BH_REINVERSION_DIVIDENDO,,,
141,2022-08-31T20:00:00Z,CLOSE_DIVIDEND,a4e552abf5c8981083928ed50ab84f51a59a4ce01e43b13aa4e701a4c45ce332,benchmark,BH_DIVIDEND,NASDAQ,QCOM,2022-08-31,,,2222.2222222223404,2228.8999740496643,,,,,USD,EURUSD,1.0,2022-08-31T15:00:00Z,,,,6.677751827323649,0.0,,104822.62333281602,DIVIDENDO_BRUTO,,,
142,2022-08-31T20:00:00Z,CLOSE_DIVIDEND,a4e552abf5c8981083928ed50ab84f51a59a4ce01e43b13aa4e701a4c45ce332,benchmark,BH_DIVIDEND,NYSE,GS,2022-08-31,,,2228.8999740496643,2239.0936474963955,,,,,USD,EURUSD,1.0,2022-08-31T15:00:00Z,,,,10.1936734467313,0.0,,104832.81700626275,DIVIDENDO_BRUTO,,,
143,2022-08-31T20:00:00Z,CLOSE_DIVIDEND,a4e552abf5c8981083928ed50ab84f51a59a4ce01e43b13aa4e701a4c45ce332,benchmark,BH_DIVIDEND,NYSE,LMT,2022-08-31,,,2239.0936474963955,2246.7495306207898,,,,,USD,EURUSD,1.0,2022-08-31T15:00:00Z,,,,7.6558831243943,0.0,,104840.47288938714,DIVIDENDO_BRUTO,,,
144,2022-09-01T13:30:00Z,OPEN_ENTRY,a4e552abf5c8981083928ed50ab84f51a59a4ce01e43b13aa4e701a4c45ce332,benchmark,BH_BUY,NASDAQ,QCOM,2022-09-01,,,2246.7495306207898,2240.071778793466,8.9036691030982,8.95494173388222,129.97999572753906,130.1099757232666,USD,EURUSD,1.0,2022-08-31T15:00:00Z,6.671080746577073,0.006671080746576408,0.006664416330246057,,0.0,,104222.30303680665,BH_REINVERSION_DIVIDENDO,,,
145,2022-09-01T13:30:00Z,OPEN_ENTRY,a4e552abf5c8981083928ed50ab84f51a59a4ce01e43b13aa4e701a4c45ce332,benchmark,BH_BUY,NYSE,GS,2022-09-01,,,2240.071778793466,2229.8781053467346,4.07746937869252,4.108309760633048,329.8699951171875,330.1998651123047,USD,EURUSD,1.0,2022-08-31T15:00:00Z,10.183489956774526,0.010183489956773428,0.01017331664013411,,0.0,,104222.3690336342,BH_REINVERSION_DIVIDENDO,,,
146,2022-09-01T13:30:00Z,OPEN_ENTRY,a4e552abf5c8981083928ed50ab84f51a59a4ce01e43b13aa4e701a4c45ce332,benchmark,BH_BUY,NYSE,LMT,2022-09-01,,,2229.8781053467346,2222.2222222223404,2.7342439729979646,2.752512418085982,418.239990234375,418.6582302246093,USD,EURUSD,1.0,2022-08-31T15:00:00Z,7.6482348895047965,0.0076482348895039465,0.007640594295208698,,0.0,,104222.38790670811,BH_REINVERSION_DIVIDENDO,,,
147,2022-09-07T20:00:00Z,CLOSE_DIVIDEND,a4e552abf5c8981083928ed50ab84f51a59a4ce01e43b13aa4e701a4c45ce332,benchmark,BH_DIVIDEND,NASDAQ,NVDA,2022-09-07,,,2222.2222222223404,2222.5204446909393,,,,,USD,EURUSD,1.0116337885685383,2022-09-07T15:00:00Z,,,,0.29822246859888746,0.0,,102810.79158572578,DIVIDENDO_BRUTO,,,
148,2022-09-08T13:30:00Z,OPEN_ENTRY,a4e552abf5c8981083928ed50ab84f51a59a4ce01e43b13aa4e701a4c45ce332,benchmark,BH_BUY,NASDAQ,NVDA,2022-09-08,,,2222.5204446909393,2222.2222222223404,73.69822755250006,73.72008684483944,13.458999633789062,13.47245863342285,USD,EURUSD,1.0116337885685383,2022-09-07T15:00:00Z,0.29792454405483265,0.0002979245440548062,0.00029762691713765537,,0.0,,103705.77607031495,BH_REINVERSION_DIVIDENDO,,,
149,2022-09-15T15:30:00Z,CLOSE_DIVIDEND,a4e552abf5c8981083928ed50ab84f51a59a4ce01e43b13aa4e701a4c45ce332,benchmark,BH_DIVIDEND,XETRA,EQQQ.DE,2022-09-15,,,2222.2222222223404,2223.9117018908037,,,,,EUR,EUR,1.0,,,,,1.689479668463152,0.0,,104069.39308958576,DIVIDENDO_BRUTO,,,
150,2022-09-15T15:30:00Z,CLOSE_DIVIDEND,a4e552abf5c8981083928ed50ab84f51a59a4ce01e43b13aa4e701a4c45ce332,benchmark,BH_DIVIDEND,XETRA,EXSA.DE,2022-09-15,,,2223.9117018908037,2234.747975255588,,,,,EUR,EUR,1.0,,,,,10.836273364783924,0.0,,104080.22936295054,DIVIDENDO_BRUTO,,,
151,2022-09-15T15:30:00Z,CLOSE_DIVIDEND,a4e552abf5c8981083928ed50ab84f51a59a4ce01e43b13aa4e701a4c45ce332,benchmark,BH_DIVIDEND,XETRA,IQQK.DE,2022-09-15,,,2234.747975255588,2236.998747277869,,,,,EUR,EUR,1.0,,,,,2.250772022280975,0.0,,104082.48013497284,DIVIDENDO_BRUTO,,,
152,2022-09-15T15:30:00Z,CLOSE_DIVIDEND,a4e552abf5c8981083928ed50ab84f51a59a4ce01e43b13aa4e701a4c45ce332,benchmark,BH_DIVIDEND,XETRA,IQQT.DE,2022-09-15,,,2236.998747277869,2268.9912063756456,,,,,EUR,EUR,1.0,,,,,31.992459097776592,0.0,,104114.47259407061,DIVIDENDO_BRUTO,,,
153,2022-09-15T20:00:00Z,CLOSE_DIVIDEND,a4e552abf5c8981083928ed50ab84f51a59a4ce01e43b13aa4e701a4c45ce332,benchmark,BH_DIVIDEND,NYSE,TSM,2022-09-15,,,2268.9912063756456,2275.016723839693,,,,,USD,EURUSD,1.00080064051241,2022-09-15T15:00:00Z,,,,6.02551746404721,0.0,,103761.52545657601,DIVIDENDO_BRUTO,,,
154,2022-09-16T07:00:00Z,OPEN_ENTRY,a4e552abf5c8981083928ed50ab84f51a59a4ce01e43b13aa4e701a4c45ce332,benchmark,BH_BUY,XETRA,EQQQ.DE,2022-09-16,,,2275.016723839693,2273.3272441712297,4.125874682437291,4.131702908645245,289.29998779296875,289.5892877807617,EUR,EUR,1.0,,1.6877918765865656,0.0016877918765862976,0.001686105770815689,,0.0,,102928.8321181915,BH_REINVERSION_DIVIDENDO,,,
155,2022-09-16T07:00:00Z,OPEN_ENTRY,a4e552abf5c8981083928ed50ab84f51a59a4ce01e43b13aa4e701a4c45ce332,benchmark,BH_BUY,XETRA,EXSA.DE,2022-09-16,,,2273.3272441712297,2262.4909708064456,26.867881504583057,27.13490948689376,40.5,40.540499999999994,EUR,EUR,1.0,,10.82544791686706,0.010825447916865016,0.010814633283581988,,0.0,,102928.92129496743,BH_REINVERSION_DIVIDENDO,,,
156,2022-09-16T07:00:00Z,OPEN_ENTRY,a4e552abf5c8981083928ed50ab84f51a59a4ce01e43b13aa4e701a4c45ce332,benchmark,BH_BUY,XETRA,IQQK.DE,2022-09-16,,,2262.4909708064456,2260.2401987841645,27.105651965761947,27.166214845576437,37.09000015258789,37.12709015274047,EUR,EUR,1.0,,2.248523498782193,0.002248523498781907,0.002246277221560223,,0.0,,102928.92437052667,BH_REINVERSION_DIVIDENDO,,,
157,2022-09-16T07:00:00Z,OPEN_ENTRY,a4e552abf5c8981083928ed50ab84f51a59a4ce01e43b13aa4e701a4c45ce332,benchmark,BH_BUY,XETRA,IQQT.DE,2022-09-16,,,2260.2401987841645,2228.247739686388,16.271345457890305,16.80031447224238,60.36000061035156,60.42036061096191,EUR,EUR,1.0,,31.96049859917742,0.03196049859917238,0.03192857002914473,,0.0,,102929.10380672036,BH_REINVERSION_DIVIDENDO,,,
158,2022-09-16T13:30:00Z,OPEN_ENTRY,a4e552abf5c8981083928ed50ab84f51a59a4ce01e43b13aa4e701a4c45ce332,benchmark,BH_BUY,NYSE,TSM,2022-09-16,,,2228.247739686388,2222.2222222223404,13.439055915348154,13.516979318881464,77.11000061035156,77.18711061096191,USD,EURUSD,1.00080064051241,2022-09-15T15:00:00Z,6.01949796608113,0.006019497966080145,0.006013484481599149,,0.0,,102874.34981956486,BH_REINVERSION_DIVIDENDO,,,
159,2022-09-19T15:30:00Z,CLOSE_DIVIDEND,a4e552abf5c8981083928ed50ab84f51a59a4ce01e43b13aa4e701a4c45ce332,benchmark,BH_DIVIDEND,MIL,ENI.MI,2022-09-19,,,2222.2222222223404,2240.7881492800443,,,,,EUR,EUR,1.0,,,,,18.56592705770371,0.0,,101543.26738614257,DIVIDENDO_BRUTO,,,
160,2022-09-20T07:00:00Z,OPEN_ENTRY,a4e552abf5c8981083928ed50ab84f51a59a4ce01e43b13aa4e701a4c45ce332,benchmark,BH_BUY,MIL,ENI.MI,2022-09-20,,,2240.7881492800443,2222.2222222223404,84.39057753501686,86.03175121879049,11.289999961853027,11.301289961814879,EUR,EUR,1.0,,18.54737967802569,0.018547379678022224,0.01852885082719623,,0.0,,101671.12536139943,BH_REINVERSION_DIVIDENDO,,,
161,2022-09-21T15:30:00Z,CLOSE_DIVIDEND,a4e552abf5c8981083928ed50ab84f51a59a4ce01e43b13aa4e701a4c45ce332,benchmark,BH_DIVIDEND,PAR,TTE.PA,2022-09-21,,,2222.2222222223404,2236.6279648834,,,,,EUR,EUR,1.0,,,,,14.405742661059971,0.0,,101089.46269726662,DIVIDENDO_BRUTO,,,
162,2022-09-21T20:00:00Z,CLOSE_DIVIDEND,a4e552abf5c8981083928ed50ab84f51a59a4ce01e43b13aa4e701a4c45ce332,benchmark,BH_DIVIDEND,NASDAQ,AVGO,2022-09-21,,,2236.6279648834,2245.843705748135,,,,,USD,EURUSD,1.0094891984655763,2022-09-21T15:00:00Z,,,,9.215740864734856,0.0,,101722.27522823682,DIVIDENDO_BRUTO,,,
163,2022-09-22T07:00:00Z,OPEN_ENTRY,a4e552abf5c8981083928ed50ab84f51a59a4ce01e43b13aa4e701a4c45ce332,benchmark,BH_BUY,PAR,TTE.PA,2022-09-22,,,2245.843705748135,2231.4379630870753,20.87788791457967,21.173315307263177,48.665000915527344,48.713665916442864,EUR,EUR,1.0,,14.391351309750222,0.014391351309749112,0.014376974335412592,,0.0,,100998.46324803657,BH_REINVERSION_DIVIDENDO,,,
164,2022-09-22T13:30:00Z,OPEN_ENTRY,a4e552abf5c8981083928ed50ab84f51a59a4ce01e43b13aa4e701a4c45ce332,benchmark,BH_BUY,NASDAQ,AVGO,2022-09-22,,,2231.4379630870753,2222.2222222223404,22.266129025869148,22.454982994733225,48.24300003051758,48.29124303054809,USD,EURUSD,1.0094891984655763,2022-09-21T15:00:00Z,9.206534330404454,0.00920653433040286,0.009197336993409614,,0.0,,100955.62606087097,BH_REINVERSION_DIVIDENDO,,,
165,2022-09-29T06:00:00Z,CLOSE_DIVIDEND,a4e552abf5c8981083928ed50ab84f51a59a4ce01e43b13aa4e701a4c45ce332,benchmark,BH_DIVIDEND,JPX,6501.T,2022-09-29,,,2222.2222222223404,2233.950132289356,,,,,JPY,EURJPY,0.007225955632632416,2022-09-28T15:00:00Z,,,,11.727910067015866,0.0,,99537.70839812308,DIVIDENDO_BRUTO,,,
166,2022-09-29T06:00:00Z,CLOSE_DIVIDEND,a4e552abf5c8981083928ed50ab84f51a59a4ce01e43b13aa4e701a4c45ce332,benchmark,BH_DIVIDEND,JPX,6758.T,2022-09-29,,,2233.950132289356,2237.4591062720074,,,,,JPY,EURJPY,0.007225955632632416,2022-09-28T15:00:00Z,,,,3.50897398265123,0.0,,99541.21737210573,DIVIDENDO_BRUTO,,,
167,2022-09-29T06:00:00Z,CLOSE_DIVIDEND,a4e552abf5c8981083928ed50ab84f51a59a4ce01e43b13aa4e701a4c45ce332,benchmark,BH_DIVIDEND,JPX,6857.T,2022-09-29,,,2237.4591062720074,2247.0756843033055,,,,,JPY,EURJPY,0.007225955632632416,2022-09-28T15:00:00Z,,,,9.616578031298161,0.0,,99550.83395013702,DIVIDENDO_BRUTO,,,
168,2022-09-29T06:00:00Z,CLOSE_DIVIDEND,a4e552abf5c8981083928ed50ab84f51a59a4ce01e43b13aa4e701a4c45ce332,benchmark,BH_DIVIDEND,JPX,7011.T,2022-09-29,,,2247.0756843033055,2259.5255119895423,,,,,JPY,EURJPY,0.007225955632632416,2022-09-28T15:00:00Z,,,,12.449827686236658,0.0,,99563.28377782326,DIVIDENDO_BRUTO,,,
169,2022-09-29T06:00:00Z,CLOSE_DIVIDEND,a4e552abf5c8981083928ed50ab84f51a59a4ce01e43b13aa4e701a4c45ce332,benchmark,BH_DIVIDEND,JPX,7203.T,2022-09-29,,,2259.5255119895423,2273.038226421054,,,,,JPY,EURJPY,0.007225955632632416,2022-09-28T15:00:00Z,,,,13.51271443151132,0.0,,99576.79649225477,DIVIDENDO_BRUTO,,,
170,2022-09-29T06:00:00Z,CLOSE_DIVIDEND,a4e552abf5c8981083928ed50ab84f51a59a4ce01e43b13aa4e701a4c45ce332,benchmark,BH_DIVIDEND,JPX,8035.T,2022-09-29,,,2273.038226421054,2291.9019330587066,,,,,JPY,EURJPY,0.007225955632632416,2022-09-28T15:00:00Z,,,,18.863706637652825,0.0,,99595.66019889242,DIVIDENDO_BRUTO,,,
171,2022-09-30T00:00:00Z,OPEN_ENTRY,a4e552abf5c8981083928ed50ab84f51a59a4ce01e43b13aa4e701a4c45ce332,benchmark,BH_BUY,JPX,6501.T,2022-09-30,,,2291.9019330587066,2280.174022991691,115.93039101245184,117.23536998937128,1259.800048828125,1261.059848876953,JPY,EURJPY,0.007119464616260856,2022-09-29T15:00:00Z,11.716193873142725,0.011716193873141378,0.011704489383758577,,0.0,,96948.85954024465,BH_REINVERSION_DIVIDENDO,,,
172,2022-09-30T00:00:00Z,OPEN_ENTRY,a4e552abf5c8981083928ed50ab84f51a59a4ce01e43b13aa4e701a4c45ce332,benchmark,BH_BUY,JPX,6758.T,2022-09-30,,,2280.174022991691,2276.6650490090396,69.37241563701481,69.63469899782905,1875.4000244140625,1877.2754244384764,JPY,EURJPY,0.007119464616260856,2022-09-29T15:00:00Z,3.505468514137093,0.0035054685141369113,0.0035019665475892387,,0.0,,96948.9317071005,BH_REINVERSION_DIVIDENDO,,,
173,2022-09-30T00:00:00Z,OPEN_ENTRY,a4e552abf5c8981083928ed50ab84f51a59a4ce01e43b13aa4e701a4c45ce332,benchmark,BH_BUY,JPX,6857.T,2022-09-30,,,2276.6650490090396,2267.0484709777415,81.89773746162169,82.68838092673195,1705.0,1706.7049999999997,JPY,EURJPY,0.007119464616260856,2022-09-29T15:00:00Z,9.606971060237925,0.009606971060236447,0.009597373686549684,,0.0,,96949.05322671011,BH_REINVERSION_DIVIDENDO,,,
174,2022-09-30T00:00:00Z,OPEN_ENTRY,a4e552abf5c8981083928ed50ab84f51a59a4ce01e43b13aa4e701a4c45ce332,benchmark,BH_BUY,JPX,7011.T,2022-09-30,,,2267.0484709777415,2254.5986432915047,287.1552755830485,290.73152687472367,488.0,488.48799999999994,JPY,EURJPY,0.007119464616260856,2022-09-29T15:00:00Z,12.437390295940718,0.01243739029593982,0.012424965330608651,,0.0,,96949.00799586967,BH_REINVERSION_DIVIDENDO,,,
175,2022-09-30T00:00:00Z,OPEN_ENTRY,a4e552abf5c8981083928ed50ab84f51a59a4ce01e43b13aa4e701a4c45ce332,benchmark,BH_BUY,JPX,7203.T,2022-09-30,,,2254.5986432915047,2241.085928859993,74.80098200707405,75.78370862897656,1927.5,1929.4274999999998,JPY,EURJPY,0.007119464616260856,2022-09-29T15:00:00Z,13.499215216295026,0.013499215216294047,0.013485729486806692,,0.0,,96949.19790203474,BH_REINVERSION_DIVIDENDO,,,
176,2022-09-30T00:00:00Z,OPEN_ENTRY,a4e552abf5c8981083928ed50ab84f51a59a4ce01e43b13aa4e701a4c45ce332,benchmark,BH_BUY,JPX,8035.T,2022-09-30,,,2241.085928859993,2222.2222222223404,9.138442552535793,9.358801300874093,12000.0,12011.999999999998,JPY,EURJPY,0.007119464616260856,2022-09-29T15:00:00Z,18.84486177587695,0.018844861775875188,0.018826035740133962,,0.0,,96949.68317606376,BH_REINVERSION_DIVIDENDO,,,
177,2022-10-06T20:00:00Z,CLOSE_DIVIDEND,a4e552abf5c8981083928ed50ab84f51a59a4ce01e43b13aa4e701a4c45ce332,benchmark,BH_DIVIDEND,NASDAQ,MRVL,2022-10-06,,,2222.2222222223404,2223.649322745499,,,,,USD,EURUSD,1.0141987829614605,2022-10-06T15:00:00Z,,,,1.427100523158528,0.0,,100809.32416598669,DIVIDENDO_BRUTO,,,
178,2022-10-06T20:00:00Z,CLOSE_DIVIDEND,a4e552abf5c8981083928ed50ab84f51a59a4ce01e43b13aa4e701a4c45ce332,benchmark,BH_DIVIDEND,NYSE,MA,2022-10-06,,,2223.649322745499,2225.4519433330142,,,,,USD,EURUSD,1.0141987829614605,2022-10-06T15:00:00Z,,,,1.802620587515388,0.0,,100811.12678657421,DIVIDENDO_BRUTO,,,
179,2022-10-07T13:30:00Z,OPEN_ENTRY,a4e552abf5c8981083928ed50ab84f51a59a4ce01e43b13aa4e701a4c45ce332,benchmark,BH_BUY,NASDAQ,MRVL,2022-10-07,,,2225.4519433330142,2224.0248428098557,23.452018597238478,23.48244128125032,46.15999984741211,46.206159847259514,USD,EURUSD,1.0141987829614605,2022-10-06T15:00:00Z,1.425674848310218,0.0014256748483101322,0.0014242505977122637,,0.0,,100523.94658321941,BH_REINVERSION_DIVIDENDO,,,
180,2022-10-07T13:30:00Z,OPEN_ENTRY,a4e552abf5c8981083928ed50ab84f51a59a4ce01e43b13aa4e701a4c45ce332,benchmark,BH_BUY,NYSE,MA,2022-10-07,,,2224.0248428098557,2222.2222222223404,3.6273140801840253,3.6332934317469108,296.6600036621094,296.95666366577143,USD,EURUSD,1.0141987829614605,2022-10-06T15:00:00Z,1.8008197677476405,0.0018008197677474858,0.0017990207470003092,,0.0,,100523.95856854857,BH_REINVERSION_DIVIDENDO,,,
181,2022-10-07T15:30:00Z,CLOSE_DIVIDEND,a4e552abf5c8981083928ed50ab84f51a59a4ce01e43b13aa4e701a4c45ce332,benchmark,BH_DIVIDEND,MCE,BBVA.MC,2022-10-07,,,2222.2222222223404,2253.6690050311695,,,,,EUR,EUR,1.0,,,,,31.44678280882924,0.0,,100898.93284730469,DIVIDENDO_BRUTO,,,
182,2022-10-07T20:00:00Z,CLOSE_DIVIDEND,a4e552abf5c8981083928ed50ab84f51a59a4ce01e43b13aa4e701a4c45ce332,benchmark,BH_DIVIDEND,NASDAQ,MU,2022-10-07,,,2253.6690050311695,2255.9661114591663,,,,,USD,EURUSD,1.0207206287639072,2022-10-07T15:00:00Z,,,,2.29710642799705,0.0,,100252.49400843591,DIVIDENDO_BRUTO,,,
183,2022-10-10T07:00:00Z,OPEN_ENTRY,a4e552abf5c8981083928ed50ab84f51a59a4ce01e43b13aa4e701a4c45ce332,benchmark,BH_BUY,MCE,BBVA.MC,2022-10-10,,,2255.9661114591663,2224.5193286503372,262.05652340691034,268.9089216559772,4.579999923706055,4.58457992362976,EUR,EUR,1.0,,31.415367441387858,0.03141536744138307,0.031383983457924626,,0.0,,98449.83673158861,BH_REINVERSION_DIVIDENDO,,,
184,2022-10-10T13:30:00Z,OPEN_ENTRY,a4e552abf5c8981083928ed50ab84f51a59a4ce01e43b13aa4e701a4c45ce332,benchmark,BH_BUY,NASDAQ,MU,2022-10-10,,,2224.5193286503372,2222.2222222223404,19.569349282684435,19.6116703863687,53.06999969482422,53.12306969451904,USD,EURUSD,1.0207206287639072,2022-10-07T15:00:00Z,2.2948116163806698,0.0022948116163803434,0.0022925190972832073,,0.0,,98379.71110318015,BH_REINVERSION_DIVIDENDO,,,
185,2022-10-11T20:00:00Z,CLOSE_DIVIDEND,a4e552abf5c8981083928ed50ab84f51a59a4ce01e43b13aa4e701a4c45ce332,benchmark,BH_DIVIDEND,NYSE,ORCL,2022-10-11,,,2222.2222222223404,2227.545306797166,,,,,USD,EURUSD,1.0284891494394734,2022-10-11T15:00:00Z,,,,5.323084574825897,0.0,,97149.70239728635,DIVIDENDO_BRUTO,,,
186,2022-10-12T13:30:00Z,OPEN_ENTRY,a4e552abf5c8981083928ed50ab84f51a59a4ce01e43b13aa4e701a4c45ce332,benchmark,BH_BUY,NYSE,ORCL,2022-10-12,,,2227.545306797166,2222.2222222223404,16.17385978782256,16.25634620519996,62.619998931884766,62.682618930816645,USD,EURUSD,1.0284891494394734,2022-10-11T15:00:00Z,5.31776680801788,0.005317766808016877,0.0053124543536637436,,0.0,,96372.49017040772,BH_REINVERSION_DIVIDENDO,,,
187,2022-10-13T20:00:00Z,CLOSE_DIVIDEND,a4e552abf5c8981083928ed50ab84f51a59a4ce01e43b13aa4e701a4c45ce332,benchmark,BH_DIVIDEND,NYSE,ABBV,2022-10-13,,,2222.2222222223404,2234.3711247141277,,,,,USD,EURUSD,1.0267994660642776,2022-10-13T15:00:00Z,,,,12.148902491787135,0.0,,96420.86119959691,DIVIDENDO_BRUTO,,,
188,2022-10-14T13:30:00Z,OPEN_ENTRY,a4e552abf5c8981083928ed50ab84f51a59a4ce01e43b13aa4e701a4c45ce332,benchmark,BH_BUY,NYSE,ABBV,2022-10-14,,,2234.3711247141277,2222.2222222223404,8.3913589622351,8.474165325820293,142.60000610351562,142.74260610961912,USD,EURUSD,1.0267994660642776,2022-10-13T15:00:00Z,12.136765726061075,0.012136765726060261,0.01212464108497415,,0.0,,97608.1039438393,BH_REINVERSION_DIVIDENDO,,,
189,2022-10-17T15:30:00Z,CLOSE_DIVIDEND,a4e552abf5c8981083928ed50ab84f51a59a4ce01e43b13aa4e701a4c45ce332,benchmark,BH_DIVIDEND,XETRA,EXH1.DE,2022-10-17,,,2222.2222222223404,2233.5761891163575,,,,,EUR,EUR,1.0,,,,,11.353966894016972,0.0,,96227.12429162127,DIVIDENDO_BRUTO,,,
190,2022-10-17T15:30:00Z,CLOSE_DIVIDEND,a4e552abf5c8981083928ed50ab84f51a59a4ce01e43b13aa4e701a4c45ce332,benchmark,BH_DIVIDEND,XETRA,EXV1.DE,2022-10-17,,,2233.5761891163575,2242.8900265722627,,,,,EUR,EUR,1.0,,,,,9.313837455905421,0.0,,96236.43812907717,DIVIDENDO_BRUTO,,,
191,2022-10-18T07:00:00Z,OPEN_ENTRY,a4e552abf5c8981083928ed50ab84f51a59a4ce01e43b13aa4e701a4c45ce332,benchmark,BH_BUY,XETRA,EXH1.DE,2022-10-18,,,2242.8900265722627,2231.5360596782457,32.29513095300488,32.64054454457197,32.80500030517578,32.837805305480956,EUR,EUR,1.0,,11.342624269747226,0.011342624269746082,0.011331292976769946,,0.0,,98283.0802259981,BH_REINVERSION_DIVIDENDO,,,
192,2022-10-18T07:00:00Z,OPEN_ENTRY,a4e552abf5c8981083928ed50ab84f51a59a4ce01e43b13aa4e701a4c45ce332,benchmark,BH_BUY,XETRA,EXV1.DE,2022-10-18,,,2231.5360596782457,2222.2222222223404,88.48326973813114,89.2392259875522,12.295999526977539,12.308295526504516,EUR,EUR,1.0,,9.30453292298244,0.009304532922980613,0.0092952376852965,,0.0,,98282.99207896771,BH_REINVERSION_DIVIDENDO,,,
193,2022-10-20T15:30:00Z,CLOSE_DIVIDEND,a4e552abf5c8981083928ed50ab84f51a59a4ce01e43b13aa4e701a4c45ce332,benchmark,BH_DIVIDEND,XETRA,BSP.DE,2022-10-20,,,2222.2222222223404,2237.154352617476,,,,,EUR,EUR,1.0,,,,,14.932130395135754,0.0,,98396.86006636273,DIVIDENDO_BRUTO,,,
194,2022-10-21T07:00:00Z,OPEN_ENTRY,a4e552abf5c8981083928ed50ab84f51a59a4ce01e43b13aa4e701a4c45ce332,benchmark,BH_BUY,XETRA,BSP.DE,2022-10-21,,,2237.154352617476,2222.2222222223404,122.9370467302897,124.52577921315395,9.380000114440918,9.389380114555358,EUR,EUR,1.0,,14.917213181953802,0.014917213181952604,0.014902310871081546,,0.0,,98750.23394200904,BH_REINVERSION_DIVIDENDO,,,
195,2022-10-21T20:00:00Z,CLOSE_DIVIDEND,a4e552abf5c8981083928ed50ab84f51a59a4ce01e43b13aa4e701a4c45ce332,benchmark,BH_DIVIDEND,NYSE,CAT,2022-10-21,,,2222.2222222223404,2229.140415985023,,,,,USD,EURUSD,1.027749229188078,2022-10-21T15:00:00Z,,,,6.918193762682471,0.0,,98932.56731349746,DIVIDENDO_BRUTO,,,
196,2022-10-24T13:30:00Z,OPEN_ENTRY,a4e552abf5c8981083928ed50ab84f51a59a4ce01e43b13aa4e701a4c45ce332,benchmark,BH_BUY,NYSE,CAT,2022-10-24,,,2229.140415985023,2222.2222222223404,5.609502109241705,5.645112817488161,188.64999389648438,188.83864389038084,USD,EURUSD,1.027749229188078,2022-10-21T15:00:00Z,6.91128248020227,0.006911282480201564,0.006904378102099346,,0.0,,100020.434888346,BH_REINVERSION_DIVIDENDO,,,
197,2022-10-27T20:00:00Z,CLOSE_DIVIDEND,a4e552abf5c8981083928ed50ab84f51a59a4ce01e43b13aa4e701a4c45ce332,benchmark,BH_DIVIDEND,NYSE,INFY,2022-10-27,,,2222.2222222223404,2235.1133759580002,,,,,USD,EURUSD,0.9963136395337252,2022-10-27T15:00:00Z,,,,12.89115373565991,0.0,,101354.2420725244,DIVIDENDO_BRUTO,,,
198,2022-10-28T13:30:00Z,OPEN_ENTRY,a4e552abf5c8981083928ed50ab84f51a59a4ce01e43b13aa4e701a4c45ce332,benchmark,BH_BUY,NYSE,INFY,2022-10-28,,,2235.1133759580002,2222.2222222223404,64.37239305712365,65.07380599435136,18.40999984741211,18.42840984725952,USD,EURUSD,0.9963136395337252,2022-10-27T15:00:00Z,12.878275460199713,0.012878275460197486,0.012865410050148312,,0.0,,100860.27931633337,BH_REINVERSION_DIVIDENDO,,,
199,2022-10-31T16:30:00Z,CLOSE_DIVIDEND,a4e552abf5c8981083928ed50ab84f51a59a4ce01e43b13aa4e701a4c45ce332,benchmark,BH_DIVIDEND,MCE,ITX.MC,2022-10-31,,,2222.2222222223404,2245.139328056529,,,,,EUR,EUR,1.0,,,,,22.91710583418876,0.0,,102641.93673058345,DIVIDENDO_BRUTO,,,
200,2022-11-01T08:00:00Z,OPEN_ENTRY,a4e552abf5c8981083928ed50ab84f51a59a4ce01e43b13aa4e701a4c45ce332,benchmark,BH_BUY,MCE,ITX.MC,2022-11-01,,,2245.139328056529,2222.22222222234,49.28409856814787,50.26993216858548,23.200000762939453,23.22320076370239,EUR,EUR,1.0,,22.894211622566196,0.022894211622563887,0.02287134028228187,,0.0,,102252.74391741707,BH_REINVERSION_DIVIDENDO,,,
201,2022-11-03T16:30:00Z,CLOSE_DIVIDEND,a4e552abf5c8981083928ed50ab84f51a59a4ce01e43b13aa4e701a4c45ce332,benchmark,BH_DIVIDEND,AMS,ASML.AS,2022-11-03,,,2222.22222222234,2225.371081685317,,,,,EUR,EUR,1.0,,,,,3.1488594629774846,0.0,,101973.39282712243,DIVIDENDO_BRUTO,,,
202,2022-11-04T08:00:00Z,OPEN_ENTRY,a4e552abf5c8981083928ed50ab84f51a59a4ce01e43b13aa4e701a4c45ce332,benchmark,BH_BUY,AMS,ASML.AS,2022-11-04,,,2225.371081685317,2222.22222222234,2.2984375642171417,2.3053794044939497,452.70001220703125,453.15271221923825,EUR,EUR,1.0,,3.1457137492282565,0.0031457137492281184,0.003142571178050014,,0.0,,100796.77360498869,BH_REINVERSION_DIVIDENDO,,,
203,2022-11-04T20:00:00Z,CLOSE_DIVIDEND,a4e552abf5c8981083928ed50ab84f51a59a4ce01e43b13aa4e701a4c45ce332,benchmark,BH_DIVIDEND,NASDAQ,AAPL,2022-11-04,,,2222.22222222234,2224.2539190257053,,,,,USD,EURUSD,1.012965964343598,2022-11-04T16:00:00Z,,,,2.0316968033654907,0.0,,101061.56365129036,DIVIDENDO_BRUTO,,,
204,2022-11-04T20:00:00Z,CLOSE_DIVIDEND,a4e552abf5c8981083928ed50ab84f51a59a4ce01e43b13aa4e701a4c45ce332,benchmark,BH_DIVIDEND,NASDAQ,INTC,2022-11-04,,,2224.2539190257053,2235.6473785289804,,,,,USD,EURUSD,1.012965964343598,2022-11-04T16:00:00Z,,,,11.393459503275311,0.0,,101072.95711079364,DIVIDENDO_BRUTO,,,
205,2022-11-07T14:30:00Z,OPEN_ENTRY,a4e552abf5c8981083928ed50ab84f51a59a4ce01e43b13aa4e701a4c45ce332,benchmark,BH_BUY,NASDAQ,AAPL,2022-11-07,,,2235.6473785289804,2233.615681725615,8.720396018619185,8.734995141237986,137.11000061035156,137.2471106109619,USD,EURUSD,1.012965964343598,2022-11-04T16:00:00Z,2.0296671362292615,0.0020296671362292074,0.0020276394967322807,,0.0,,101528.95940853367,BH_REINVERSION_DIVIDENDO,,,
206,2022-11-07T14:30:00Z,OPEN_ENTRY,a4e552abf5c8981083928ed50ab84f51a59a4ce01e43b13aa4e701a4c45ce332,benchmark,BH_BUY,NASDAQ,INTC,2022-11-07,,,2233.615681725615,2222.22222222234,30.815406086666815,31.211215728117537,28.360000610351562,28.38836061096191,USD,EURUSD,1.012965964343598,2022-11-04T16:00:00Z,11.382077425849463,0.01138207742584818,0.011370706719129058,,0.0,,101528.87250513947,BH_REINVERSION_DIVIDENDO,,,
207,2022-11-09T21:00:00Z,CLOSE_DIVIDEND,a4e552abf5c8981083928ed50ab84f51a59a4ce01e43b13aa4e701a4c45ce332,benchmark,BH_DIVIDEND,NYSE,V,2022-11-09,,,2222.22222222234,2224.923511215634,,,,,USD,EURUSD,0.9961151509114453,2022-11-09T16:00:00Z,,,,2.701288993293855,0.0,,101697.28098702223,DIVIDENDO_BRUTO,,,
208,2022-11-10T14:30:00Z,OPEN_ENTRY,a4e552abf5c8981083928ed50ab84f51a59a4ce01e43b13aa4e701a4c45ce332,benchmark,BH_BUY,NYSE,V,2022-11-10,,,2224.923511215634,2222.22222222234,6.026275600817113,6.039601754471981,203.08999633789062,203.2930863342285,USD,EURUSD,0.9961151509114453,2022-11-09T16:00:00Z,2.6985904028909644,0.002698590402890666,0.0026958945083822533,,0.0,,100376.91473441319,BH_REINVERSION_DIVIDENDO,,,
209,2022-11-10T16:30:00Z,CLOSE_DIVIDEND,a4e552abf5c8981083928ed50ab84f51a59a4ce01e43b13aa4e701a4c45ce332,benchmark,BH_DIVIDEND,XETRA,R6C0.DE,2022-11-10,,,2222.22222222234,2231.1923338673982,,,,,EUR,EUR,1.0,,,,,8.970111645058127,0.0,,100830.93456565661,DIVIDENDO_BRUTO,,,
210,2022-11-11T08:00:00Z,OPEN_ENTRY,a4e552abf5c8981083928ed50ab84f51a59a4ce01e43b13aa4e701a4c45ce332,benchmark,BH_BUY,XETRA,R6C0.DE,2022-11-11,,,2231.1923338673982,2222.22222222234,41.57641550432504,41.91170382044724,26.700000762939453,26.72670076370239,EUR,EUR,1.0,,8.961150494563565,0.00896115049456192,0.008952198296266251,,0.0,,105285.1217597649,BH_REINVERSION_DIVIDENDO,,,
211,2022-11-14T21:00:00Z,CLOSE_DIVIDEND,a4e552abf5c8981083928ed50ab84f51a59a4ce01e43b13aa4e701a4c45ce332,benchmark,BH_DIVIDEND,NYSE,LLY,2022-11-14,,,2222.22222222234,2226.0418417308993,,,,,USD,EURUSD,0.9690861517588913,2022-11-14T16:00:00Z,,,,3.8196195085592857,0.0,,105223.36140380602,DIVIDENDO_BRUTO,,,
212,2022-11-14T21:00:00Z,CLOSE_DIVIDEND,a4e552abf5c8981083928ed50ab84f51a59a4ce01e43b13aa4e701a4c45ce332,benchmark,BH_DIVIDEND,NYSE,XOM,2022-11-14,,,2226.0418417308993,2236.6372681476573,,,,,USD,EURUSD,0.9690861517588913,2022-11-14T16:00:00Z,,,,10.595426416758086,0.0,,105233.95683022279,DIVIDENDO_BRUTO,,,
213,2022-11-15T14:30:00Z,OPEN_ENTRY,a4e552abf5c8981083928ed50ab84f51a59a4ce01e43b13aa4e701a4c45ce332,benchmark,BH_BUY,NYSE,LLY,2022-11-15,,,2236.6372681476573,2232.817648639098,4.021903439675844,4.032923763040794,356.94000244140625,357.2969424438476,USD,EURUSD,0.9690861517588913,2022-11-14T16:00:00Z,3.8158037048544315,0.003815803704854126,0.003811991713140975,,0.0,,105229.57923958194,BH_REINVERSION_DIVIDENDO,,,
214,2022-11-15T14:30:00Z,OPEN_ENTRY,a4e552abf5c8981083928ed50ab84f51a59a4ce01e43b13aa4e701a4c45ce332,benchmark,BH_BUY,NYSE,XOM,2022-11-15,,,2232.817648639098,2222.22222222234,12.014747823574362,12.110631708832551,113.80000305175781,113.91380305480956,USD,EURUSD,0.9690861517588913,2022-11-14T16:00:00Z,10.584841575182903,0.01058484157518258,0.010574267307874332,,0.0,,105229.51812495418,BH_REINVERSION_DIVIDENDO,,,
215,2022-11-16T21:00:00Z,CLOSE_DIVIDEND,a4e552abf5c8981083928ed50ab84f51a59a4ce01e43b13aa4e701a4c45ce332,benchmark,BH_DIVIDEND,NASDAQ,MSFT,2022-11-16,,,2222.22222222234,2225.3337422472623,,,,,USD,EURUSD,0.9604302727621975,2022-11-16T16:00:00Z,,,,3.1115200249223647,0.0,,105554.13888248493,DIVIDENDO_BRUTO,,,
216,2022-11-17T14:30:00Z,OPEN_ENTRY,a4e552abf5c8981083928ed50ab84f51a59a4ce01e43b13aa4e701a4c45ce332,benchmark,BH_BUY,NASDAQ,MSFT,2022-11-17,,,2225.3337422472623,2222.22222222234,4.764286249925243,4.777883881952534,237.77999877929688,238.01777877807615,USD,EURUSD,0.9604302727621975,2022-11-16T16:00:00Z,3.108411613309056,0.0031084116133088813,0.0031053063070017573,,0.0,,104419.95904138812,BH_REINVERSION_DIVIDENDO,,,
217,2022-11-17T21:00:00Z,CLOSE_DIVIDEND,a4e552abf5c8981083928ed50ab84f51a59a4ce01e43b13aa4e701a4c45ce332,benchmark,BH_DIVIDEND,NYSE,CVX,2022-11-17,,,2222.22222222234,2231.725959332982,,,,,USD,EURUSD,0.9690861517588913,2022-11-17T16:00:00Z,,,,9.503737110641735,0.0,,104844.44616154439,DIVIDENDO_BRUTO,,,
218,2022-11-18T14:30:00Z,OPEN_ENTRY,a4e552abf5c8981083928ed50ab84f51a59a4ce01e43b13aa4e701a4c45ce332,benchmark,BH_BUY,NYSE,CVX,2022-11-18,,,2231.725959332982,2222.22222222234,6.906272059486765,6.960357611709574,180.9600067138672,181.14096672058105,USD,EURUSD,0.9690861517588913,2022-11-17T16:00:00Z,9.494242867773963,0.009494242867772229,0.00948475810966394,,0.0,,104611.83315013829,BH_REINVERSION_DIVIDENDO,,,
219,2022-11-21T16:30:00Z,CLOSE_DIVIDEND,a4e552abf5c8981083928ed50ab84f51a59a4ce01e43b13aa4e701a4c45ce332,benchmark,BH_DIVIDEND,MIL,ENI.MI,2022-11-21,,,2222.22222222234,2241.149207490474,,,,,EUR,EUR,1.0,,,,,18.926985268133908,0.0,,105235.06825018105,DIVIDENDO_BRUTO,,,
220,2022-11-22T08:00:00Z,OPEN_ENTRY,a4e552abf5c8981083928ed50ab84f51a59a4ce01e43b13aa4e701a4c45ce332,benchmark,BH_BUY,MIL,ENI.MI,2022-11-22,,,2241.149207490474,2222.22222222234,86.03175121879049,87.40651019387036,13.739999771118164,13.75373977088928,EUR,EUR,1.0,,18.90807719094297,0.018908077190939565,0.018889188002938057,,0.0,,104370.66651030889,BH_REINVERSION_DIVIDENDO,,,
221,2022-11-23T21:00:00Z,CLOSE_DIVIDEND,a4e552abf5c8981083928ed50ab84f51a59a4ce01e43b13aa4e701a4c45ce332,benchmark,BH_DIVIDEND,NASDAQ,AMAT,2022-11-23,,,2222.22222222234,2225.227201160785,,,,,USD,EURUSD,0.9685230024213075,2022-11-23T16:00:00Z,,,,3.004978938445357,0.0,,105453.28859792078,DIVIDENDO_BRUTO,,,
222,2022-11-25T14:30:00Z,OPEN_ENTRY,a4e552abf5c8981083928ed50ab84f51a59a4ce01e43b13aa4e701a4c45ce332,benchmark,BH_BUY,NASDAQ,AMAT,2022-11-25,,,2225.227201160785,2222.22222222234,11.93323366901858,11.962440887758751,106.91999816894531,107.02691816711425,USD,EURUSD,0.9603380389897245,2022-11-24T16:00:00Z,3.0019769614838734,0.0030019769614835212,0.0029989779835000482,,0.0,,105946.81208570808,BH_REINVERSION_DIVIDENDO,,,
223,2022-11-30T21:00:00Z,CLOSE_DIVIDEND,a4e552abf5c8981083928ed50ab84f51a59a4ce01e43b13aa4e701a4c45ce332,benchmark,BH_DIVIDEND,NASDAQ,NVDA,2022-11-30,,,2222.22222222234,2222.506416851657,,,,,USD,EURUSD,0.9637625289128758,2022-11-30T16:00:00Z,,,,0.28419462931703715,0.0,,105257.98619715204,DIVIDENDO_BRUTO,,,
224,2022-11-30T21:00:00Z,CLOSE_DIVIDEND,a4e552abf5c8981083928ed50ab84f51a59a4ce01e43b13aa4e701a4c45ce332,benchmark,BH_DIVIDEND,NASDAQ,QCOM,2022-11-30,,,2222.506416851657,2228.979244820442,,,,,USD,EURUSD,0.9637625289128758,2022-11-30T16:00:00Z,,,,6.472827968785336,0.0,,105264.45902512083,DIVIDENDO_BRUTO,,,
225,2022-11-30T21:00:00Z,CLOSE_DIVIDEND,a4e552abf5c8981083928ed50ab84f51a59a4ce01e43b13aa4e701a4c45ce332,benchmark,BH_DIVIDEND,NYSE,GS,2022-11-30,,,2228.979244820442,2238.877832331605,,,,,USD,EURUSD,0.9637625289128758,2022-11-30T16:00:00Z,,,,9.898587511162896,0.0,,105274.357612632,DIVIDENDO_BRUTO,,,
226,2022-11-30T21:00:00Z,CLOSE_DIVIDEND,a4e552abf5c8981083928ed50ab84f51a59a4ce01e43b13aa4e701a4c45ce332,benchmark,BH_DIVIDEND,NYSE,LMT,2022-11-30,,,2238.877832331605,2246.836137318361,,,,,USD,EURUSD,0.9637625289128758,2022-11-30T16:00:00Z,,,,7.958304986755924,0.0,,105282.31591761875,DIVIDENDO_BRUTO,,,
227,2022-12-01T14:30:00Z,OPEN_ENTRY,a4e552abf5c8981083928ed50ab84f51a59a4ce01e43b13aa4e701a4c45ce332,benchmark,BH_BUY,NASDAQ,NVDA,2022-12-01,,,2246.836137318361,2246.551942689044,73.72008684483944,73.73739912559935,16.999000549316406,17.01599954986572,USD,EURUSD,0.9637625289128758,2022-11-30T16:00:00Z,0.28391071859843875,0.00028391071859840133,0.00028362709150691614,,0.0,,107056.41686456597,BH_REINVERSION_DIVIDENDO,,,
228,2022-12-01T14:30:00Z,OPEN_ENTRY,a4e552abf5c8981083928ed50ab84f51a59a4ce01e43b13aa4e701a4c45ce332,benchmark,BH_BUY,NASDAQ,QCOM,2022-12-01,,,2246.551942689044,2240.079114720259,8.95494173388222,9.007836256807016,126.72000122070312,126.84672122192381,USD,EURUSD,0.9637625289128758,2022-11-30T16:00:00Z,6.466361607178158,0.0064663616071776175,0.006459901705472014,,0.0,,107056.39221324692,BH_REINVERSION_DIVIDENDO,,,
229,2022-12-01T14:30:00Z,OPEN_ENTRY,a4e552abf5c8981083928ed50ab84f51a59a4ce01e43b13aa4e701a4c45ce332,benchmark,BH_BUY,NYSE,GS,2022-12-01,,,2240.079114720259,2230.180527209096,4.108309760633048,4.134830494459881,386.5,386.88649999999996,USD,EURUSD,0.9637625289128758,2022-11-30T16:00:00Z,9.888698812350546,0.009888698812350327,0.00987881999235705,,0.0,,107056.3634996808,BH_REINVERSION_DIVIDENDO,,,
230,2022-12-01T14:30:00Z,OPEN_ENTRY,a4e552abf5c8981083928ed50ab84f51a59a4ce01e43b13aa4e701a4c45ce332,benchmark,BH_BUY,NYSE,LMT,2022-12-01,,,2230.180527209096,2222.22222222234,2.752512418085982,2.7694511813546394,486.5199890136719,487.0065090026855,USD,EURUSD,0.9637625289128758,2022-11-30T16:00:00Z,7.950354632123801,0.007950354632122902,0.007942412219903208,,0.0,,107056.32589495587,BH_REINVERSION_DIVIDENDO,,,
231,2022-12-01T16:30:00Z,CLOSE_DIVIDEND,a4e552abf5c8981083928ed50ab84f51a59a4ce01e43b13aa4e701a4c45ce332,benchmark,BH_DIVIDEND,PAR,MC.PA,2022-12-01,,,2222.22222222234,2232.1978631195866,,,,,EUR,EUR,1.0,,,,,9.975640897246484,0.0,,106794.51729067057,DIVIDENDO_BRUTO,,,
232,2022-12-02T08:00:00Z,OPEN_ENTRY,a4e552abf5c8981083928ed50ab84f51a59a4ce01e43b13aa4e701a4c45ce332,benchmark,BH_BUY,PAR,MC.PA,2022-12-02,,,2232.1978631195866,2222.22222222234,1.9951281794492968,2.009052262669607,715.0,715.7149999999999,EUR,EUR,1.0,,9.96567522202446,0.009965675222023407,0.009955719502520801,,0.0,,106892.07754722323,BH_REINVERSION_DIVIDENDO,,,
233,2022-12-06T16:30:00Z,CLOSE_DIVIDEND,a4e552abf5c8981083928ed50ab84f51a59a4ce01e43b13aa4e701a4c45ce332,benchmark,BH_DIVIDEND,PAR,TTE.PA,2022-12-06,,,2222.22222222234,2243.395537529603,,,,,EUR,EUR,1.0,,,,,21.173315307263177,0.0,,105237.76767225224,DIVIDENDO_BRUTO,,,
234,2022-12-07T08:00:00Z,OPEN_ENTRY,a4e552abf5c8981083928ed50ab84f51a59a4ce01e43b13aa4e701a4c45ce332,benchmark,BH_BUY,PAR,TTE.PA,2022-12-07,,,2243.395537529603,2222.22222222234,21.173315307263177,21.543905134382864,57.02000045776367,57.077020458221426,EUR,EUR,1.0,,21.15216314411906,0.021152163144115832,0.021131032112003602,,0.0,,103876.24775290371,BH_REINVERSION_DIVIDENDO,,,
235,2022-12-15T16:30:00Z,CLOSE_DIVIDEND,a4e552abf5c8981083928ed50ab84f51a59a4ce01e43b13aa4e701a4c45ce332,benchmark,BH_DIVIDEND,XETRA,EQQQ.DE,2022-12-15,,,2222.22222222234,2223.6990870319264,,,,,EUR,EUR,1.0,,,,,1.476864809586517,0.0,,104594.81687400356,DIVIDENDO_BRUTO,,,
236,2022-12-15T16:30:00Z,CLOSE_DIVIDEND,a4e552abf5c8981083928ed50ab84f51a59a4ce01e43b13aa4e701a4c45ce332,benchmark,BH_DIVIDEND,XETRA,EXSA.DE,2022-12-15,,,2223.6990870319264,2228.513226998544,,,,,EUR,EUR,1.0,,,,,4.814139966617256,0.0,,104599.63101397018,DIVIDENDO_BRUTO,,,
237,2022-12-15T21:00:00Z,CLOSE_DIVIDEND,a4e552abf5c8981083928ed50ab84f51a59a4ce01e43b13aa4e701a4c45ce332,benchmark,BH_DIVIDEND,NYSE,TSM,2022-12-15,,,2228.513226998544,2234.2529479973346,,,,,USD,EURUSD,0.9415309292910272,2022-12-15T16:00:00Z,,,,5.739720998790642,0.0,,103026.69862649357,DIVIDENDO_BRUTO,,,
238,2022-12-16T08:00:00Z,OPEN_ENTRY,a4e552abf5c8981083928ed50ab84f51a59a4ce01e43b13aa4e701a4c45ce332,benchmark,BH_BUY,XETRA,EQQQ.DE,2022-12-16,,,2234.2529479973346,2232.776083187748,4.131702908645245,4.137366368797643,260.25,260.51025,EUR,EUR,1.0,,1.4753894201663507,0.0014753894201662288,0.001473915504661604,,0.0,,101403.64924512946,BH_REINVERSION_DIVIDENDO,,,
239,2022-12-16T08:00:00Z,OPEN_ENTRY,a4e552abf5c8981083928ed50ab84f51a59a4ce01e43b13aa4e701a4c45ce332,benchmark,BH_BUY,XETRA,EXSA.DE,2022-12-16,,,2232.776083187748,2227.9619432211307,27.13490948689376,27.248183706065415,42.415000915527344,42.45741591644287,EUR,EUR,1.0,,4.809330635981276,0.004809330635980658,0.004804526109871198,,0.0,,101403.64529489724,BH_REINVERSION_DIVIDENDO,,,
240,2022-12-16T14:30:00Z,OPEN_ENTRY,a4e552abf5c8981083928ed50ab84f51a59a4ce01e43b13aa4e701a4c45ce332,benchmark,BH_BUY,NYSE,TSM,2022-12-16,,,2227.9619432211307,2222.22222222234,13.516979318881464,13.595371067029154,77.61000061035156,77.68761061096191,USD,EURUSD,0.9415309292910272,2022-12-15T16:00:00Z,5.733987011778864,0.0057339870117782965,0.005728258753025653,,0.0,,101407.40477816621,BH_REINVERSION_DIVIDENDO,,,
241,2022-12-19T21:00:00Z,CLOSE_DIVIDEND,a4e552abf5c8981083928ed50ab84f51a59a4ce01e43b13aa4e701a4c45ce332,benchmark,BH_DIVIDEND,NASDAQ,AVGO,2022-12-19,,,2222.22222222234,2231.9686764378307,,,,,USD,EURUSD,0.9435742592942064,2022-12-19T16:00:00Z,,,,9.746454215490925,0.0,,100774.31150527259,DIVIDENDO_BRUTO,,,
242,2022-12-20T14:30:00Z,OPEN_ENTRY,a4e552abf5c8981083928ed50ab84f51a59a4ce01e43b13aa4e701a4c45ce332,benchmark,BH_BUY,NASDAQ,AVGO,2022-12-20,,,2231.9686764378307,2222.22222222234,22.454982994733225,22.64407382627176,54.516998291015625,54.57151528930663,USD,EURUSD,0.9435742592942064,2022-12-19T16:00:00Z,9.736717497992933,0.009736717497991876,0.009726990507483865,,0.0,,99966.23918683041,BH_REINVERSION_DIVIDENDO,,,
243,2022-12-30T21:00:00Z,CLOSE_DIVIDEND,a4e552abf5c8981083928ed50ab84f51a59a4ce01e43b13aa4e701a4c45ce332,benchmark,BH_DIVIDEND,NASDAQ,MU,2022-12-30,,,2222.22222222234,2224.336737593081,,,,,USD,EURUSD,0.9375585974123383,2022-12-30T16:00:00Z,,,,2.114515370741047,0.0,,99651.54254453069,DIVIDENDO_BRUTO,,,
244,2023-01-02T16:30:00Z,CLOSE_DIVIDEND,a4e552abf5c8981083928ed50ab84f51a59a4ce01e43b13aa4e701a4c45ce332,benchmark,BH_DIVIDEND,PAR,TTE.PA,2023-01-02,,,2224.336737593081,2239.2020321358054,,,,,EUR,EUR,1.0,,,,,14.865294542724175,0.0,,99639.14056173306,DIVIDENDO_BRUTO,,,
245,2023-01-03T08:00:00Z,OPEN_ENTRY,a4e552abf5c8981083928ed50ab84f51a59a4ce01e43b13aa4e701a4c45ce332,benchmark,BH_BUY,PAR,TTE.PA,2023-01-03,,,2239.2020321358054,2224.336737593081,21.543905134382864,21.791992236045253,59.79999923706055,59.859799236297604,EUR,EUR,1.0,,14.850444098625552,0.014850444098623683,0.014835608490134655,,0.0,,100452.12448951398,BH_REINVERSION_DIVIDENDO,,,
246,2023-01-03T14:30:00Z,OPEN_ENTRY,a4e552abf5c8981083928ed50ab84f51a59a4ce01e43b13aa4e701a4c45ce332,benchmark,BH_BUY,NASDAQ,MU,2023-01-03,,,2224.336737593081,2222.22222222234,19.6116703863687,19.65625950036343,50.560001373291016,50.6105613746643,USD,EURUSD,0.9360666479453337,2023-01-02T16:00:00Z,2.1124029677732743,0.0021124029677728196,0.002110292675097906,,0.0,,100538.32312092118,BH_REINVERSION_DIVIDENDO,,,
247,2023-01-05T21:00:00Z,CLOSE_DIVIDEND,a4e552abf5c8981083928ed50ab84f51a59a4ce01e43b13aa4e701a4c45ce332,benchmark,BH_DIVIDEND,NASDAQ,MRVL,2023-01-05,,,2222.22222222234,2223.5512916279386,,,,,USD,EURUSD,0.9433072351664937,2023-01-05T16:00:00Z,,,,1.3290694055985466,0.0,,102396.83922855784,DIVIDENDO_BRUTO,,,
248,2023-01-06T14:30:00Z,OPEN_ENTRY,a4e552abf5c8981083928ed50ab84f51a59a4ce01e43b13aa4e701a4c45ce332,benchmark,BH_BUY,NASDAQ,MRVL,2023-01-06,,,2223.5512916279386,2222.22222222234,23.48244128125032,23.52244505775362,35.150001525878906,35.185151527404784,USD,EURUSD,0.9433072351664937,2023-01-05T16:00:00Z,1.327741663934612,0.0013277416639345674,0.0013264152486858875,,0.0,,101809.17626953883,BH_REINVERSION_DIVIDENDO,,,
249,2023-01-06T16:30:00Z,CLOSE_DIVIDEND,a4e552abf5c8981083928ed50ab84f51a59a4ce01e43b13aa4e701a4c45ce332,benchmark,BH_DIVIDEND,MCE,IBE.MC,2023-01-06,,,2222.22222222234,2242.5405839214072,,,,,EUR,EUR,1.0,,,,,20.318361699067225,0.0,,102237.79746275846,DIVIDENDO_BRUTO,,,
250,2023-01-06T21:00:00Z,CLOSE_DIVIDEND,a4e552abf5c8981083928ed50ab84f51a59a4ce01e43b13aa4e701a4c45ce332,benchmark,BH_DIVIDEND,NYSE,MA,2023-01-06,,,2242.5405839214072,2244.512943212927,,,,,USD,EURUSD,0.9523809523809523,2023-01-06T16:00:00Z,,,,1.9723592915197512,0.0,,102887.33870316659,DIVIDENDO_BRUTO,,,
251,2023-01-09T08:00:00Z,OPEN_ENTRY,a4e552abf5c8981083928ed50ab84f51a59a4ce01e43b13aa4e701a4c45ce332,benchmark,BH_BUY,MCE,IBE.MC,2023-01-09,,,2244.512943212927,2224.1945815138597,112.87978721704015,114.74355427919924,10.880000114440918,10.890880114555358,EUR,EUR,1.0,,20.298063635431795,0.02029806363542974,0.020277785849580943,,0.0,,103819.69096518344,BH_REINVERSION_DIVIDENDO,,,
252,2023-01-09T14:30:00Z,OPEN_ENTRY,a4e552abf5c8981083928ed50ab84f51a59a4ce01e43b13aa4e701a4c45ce332,benchmark,BH_BUY,NYSE,MA,2023-01-09,,,2224.1945815138597,2222.22222222234,3.6332934317469108,3.6388549888846167,371.6300048828125,372.0016348876953,USD,EURUSD,0.9523809523809523,2023-01-06T16:00:00Z,1.9703889026171342,0.0019703889026170263,0.0019684204821347998,,0.0,,104041.2721742526,BH_REINVERSION_DIVIDENDO,,,
253,2023-01-09T21:00:00Z,CLOSE_DIVIDEND,a4e552abf5c8981083928ed50ab84f51a59a4ce01e43b13aa4e701a4c45ce332,benchmark,BH_DIVIDEND,NYSE,ORCL,2023-01-09,,,2222.22222222234,2227.08575137872,,,,,USD,EURUSD,0.9349289454001495,2023-01-09T16:00:00Z,,,,4.863529156379943,0.0,,103761.31933183367,DIVIDENDO_BRUTO,,,
254,2023-01-10T14:30:00Z,OPEN_ENTRY,a4e552abf5c8981083928ed50ab84f51a59a4ce01e43b13aa4e701a4c45ce332,benchmark,BH_BUY,NYSE,ORCL,2023-01-10,,,2227.08575137872,2222.22222222234,16.25634620519996,16.316967904714247,85.63999938964844,85.72563938903808,USD,EURUSD,0.9349289454001495,2023-01-09T16:00:00Z,4.8586704858940495,0.004858670485893946,0.004853816669224446,,0.0,,104137.3564307108,BH_REINVERSION_DIVIDENDO,,,
255,2023-01-12T16:30:00Z,CLOSE_DIVIDEND,a4e552abf5c8981083928ed50ab84f51a59a4ce01e43b13aa4e701a4c45ce332,benchmark,BH_DIVIDEND,XETRA,EUNH.DE,2023-01-12,,,2222.22222222234,2226.2989679808034,,,,,EUR,EUR,1.0,,,,,4.076745758463428,0.0,,105066.07264530663,DIVIDENDO_BRUTO,,,
256,2023-01-12T21:00:00Z,CLOSE_DIVIDEND,a4e552abf5c8981083928ed50ab84f51a59a4ce01e43b13aa4e701a4c45ce332,benchmark,BH_DIVIDEND,NYSE,ABBV,2023-01-12,,,2226.2989679808034,2237.941898432172,,,,,USD,EURUSD,0.9283327144448571,2023-01-12T16:00:00Z,,,,11.642930451368395,0.0,,105427.50689833319,DIVIDENDO_BRUTO,,,
257,2023-01-13T08:00:00Z,OPEN_ENTRY,a4e552abf5c8981083928ed50ab84f51a59a4ce01e43b13aa4e701a4c45ce332,benchmark,BH_BUY,XETRA,EUNH.DE,2023-01-13,,,2237.941898432172,2233.8651526737085,9.943282337715678,9.980516753437199,109.2699966430664,109.37926663970946,EUR,EUR,1.0,,4.07267308537805,0.0040726730853775095,0.004068604480896549,,0.0,,105943.88116595578,BH_REINVERSION_DIVIDENDO,,,
258,2023-01-13T14:30:00Z,OPEN_ENTRY,a4e552abf5c8981083928ed50ab84f51a59a4ce01e43b13aa4e701a4c45ce332,benchmark,BH_BUY,NYSE,ABBV,2023-01-13,,,2233.8651526737085,2222.22222222234,8.474165325820293,8.556463432398134,152.08999633789062,152.2420863342285,USD,EURUSD,0.9283327144448571,2023-01-12T16:00:00Z,11.63129915221618,0.01163129915221539,0.01161967947274248,,0.0,,106004.49087068404,BH_REINVERSION_DIVIDENDO,,,
259,2023-01-16T16:30:00Z,CLOSE_DIVIDEND,a4e552abf5c8981083928ed50ab84f51a59a4ce01e43b13aa4e701a4c45ce332,benchmark,BH_DIVIDEND,XETRA,EXH1.DE,2023-01-16,,,2222.22222222234,2235.050347914891,,,,,EUR,EUR,1.0,,,,,12.82812569255132,0.0,,106384.66833956943,DIVIDENDO_BRUTO,,,
260,2023-01-16T16:30:00Z,CLOSE_DIVIDEND,a4e552abf5c8981083928ed50ab84f51a59a4ce01e43b13aa4e701a4c45ce332,benchmark,BH_DIVIDEND,XETRA,EXV1.DE,2023-01-16,,,2235.050347914891,2240.8976589584995,,,,,EUR,EUR,1.0,,,,,5.847311043608371,0.0,,106390.51565061303,DIVIDENDO_BRUTO,,,
261,2023-01-17T08:00:00Z,OPEN_ENTRY,a4e552abf5c8981083928ed50ab84f51a59a4ce01e43b13aa4e701a4c45ce332,benchmark,BH_BUY,XETRA,EXH1.DE,2023-01-17,,,2240.8976589584995,2228.0695332659484,32.64054454457197,33.00041826487367,35.57500076293945,35.610575763702386,EUR,EUR,1.0,,12.815310382169152,0.012815310382167766,0.012802507874292364,,0.0,,106536.01060485144,BH_REINVERSION_DIVIDENDO,,,
262,2023-01-17T08:00:00Z,OPEN_ENTRY,a4e552abf5c8981083928ed50ab84f51a59a4ce01e43b13aa4e701a4c45ce332,benchmark,BH_BUY,XETRA,EXV1.DE,2023-01-17,,,2228.0695332659484,2222.22222222234,89.2392259875522,89.62482358288439,15.133999824523926,15.149133824348448,EUR,EUR,1.0,,5.8414695740343365,0.005841469574034086,0.005835633940093634,,0.0,,106535.99738546932,BH_REINVERSION_DIVIDENDO,,,
263,2023-01-19T21:00:00Z,CLOSE_DIVIDEND,a4e552abf5c8981083928ed50ab84f51a59a4ce01e43b13aa4e701a4c45ce332,benchmark,BH_DIVIDEND,NYSE,CAT,2023-01-19,,,2222.22222222234,2228.485870286127,,,,,USD,EURUSD,0.9246417013407305,2023-01-19T16:00:00Z,,,,6.263648063787141,0.0,,105728.43732777686,DIVIDENDO_BRUTO,,,
264,2023-01-20T14:30:00Z,OPEN_ENTRY,a4e552abf5c8981083928ed50ab84f51a59a4ce01e43b13aa4e701a4c45ce332,benchmark,BH_BUY,NYSE,CAT,2023-01-20,,,2228.485870286127,2222.22222222234,5.645112817488161,5.672498111526661,246.8699951171875,247.11686511230465,USD,EURUSD,0.9246417013407305,2023-01-19T16:00:00Z,6.257390673114028,0.00625739067311315,0.006251139533579539,,0.0,,105480.17339993444,BH_REINVERSION_DIVIDENDO,,,
265,2023-02-06T16:30:00Z,CLOSE_DIVIDEND,a4e552abf5c8981083928ed50ab84f51a59a4ce01e43b13aa4e701a4c45ce332,benchmark,BH_DIVIDEND,AMS,ASML.AS,2023-02-06,,,2222.22222222234,2225.3805920064965,,,,,EUR,EUR,1.0,,,,,3.1583697841567115,0.0,,112182.72890735559,DIVIDENDO_BRUTO,,,
266,2023-02-06T21:00:00Z,CLOSE_DIVIDEND,a4e552abf5c8981083928ed50ab84f51a59a4ce01e43b13aa4e701a4c45ce332,benchmark,BH_DIVIDEND,NASDAQ,INTC,2023-02-06,,,2225.3805920064965,2235.9523196798104,,,,,USD,EURUSD,0.9279881217520417,2023-02-06T16:00:00Z,,,,10.571727673313754,0.0,,111564.69120265196,DIVIDENDO_BRUTO,,,
267,2023-02-07T08:00:00Z,OPEN_ENTRY,a4e552abf5c8981083928ed50ab84f51a59a4ce01e43b13aa4e701a4c45ce332,benchmark,BH_BUY,AMS,ASML.AS,2023-02-07,,,2235.9523196798104,2232.793949895654,2.3053794044939497,2.310467479565911,619.5,620.1194999999999,EUR,EUR,1.0,,3.155214569587125,0.003155214569586562,0.0031520625070795504,,0.0,,111163.68381301024,BH_REINVERSION_DIVIDENDO,,,
268,2023-02-07T14:30:00Z,OPEN_ENTRY,a4e552abf5c8981083928ed50ab84f51a59a4ce01e43b13aa4e701a4c45ce332,benchmark,BH_BUY,NASDAQ,INTC,2023-02-07,,,2232.793949895654,2222.22222222234,31.211215728117537,31.608051464083747,28.649999618530273,28.6786496181488,USD,EURUSD,0.9279881217520417,2023-02-06T16:00:00Z,10.561166506806948,0.01056116650680572,0.01055061589091458,,0.0,,111192.93368108239,BH_REINVERSION_DIVIDENDO,,,
269,2023-02-09T21:00:00Z,CLOSE_DIVIDEND,a4e552abf5c8981083928ed50ab84f51a59a4ce01e43b13aa4e701a4c45ce332,benchmark,BH_DIVIDEND,NYSE,V,2023-02-09,,,2222.22222222234,2224.7454984172264,,,,,USD,EURUSD,0.9284189026088572,2023-02-09T16:00:00Z,,,,2.5232761948866322,0.0,,112143.91212885699,DIVIDENDO_BRUTO,,,
270,2023-02-10T14:30:00Z,OPEN_ENTRY,a4e552abf5c8981083928ed50ab84f51a59a4ce01e43b13aa4e701a4c45ce332,benchmark,BH_BUY,NYSE,V,2023-02-10,,,2224.7454984172264,2222.22222222234,6.039601754471981,6.051448335582226,228.9600067138672,229.18896672058102,USD,EURUSD,0.9284189026088572,2023-02-09T16:00:00Z,2.520755439447185,0.0025207554394470755,0.0025182372022445726,,0.0,,111828.92883863316,BH_REINVERSION_DIVIDENDO,,,
271,2023-02-10T16:30:00Z,CLOSE_DIVIDEND,a4e552abf5c8981083928ed50ab84f51a59a4ce01e43b13aa4e701a4c45ce332,benchmark,BH_DIVIDEND,XETRA,SIE.DE,2023-02-10,,,2222.22222222234,2264.1435173863615,,,,,EUR,EUR,1.0,,,,,41.92129516402174,0.0,,112295.27798600058,DIVIDENDO_BRUTO,,,
272,2023-02-10T21:00:00Z,CLOSE_DIVIDEND,a4e552abf5c8981083928ed50ab84f51a59a4ce01e43b13aa4e701a4c45ce332,benchmark,BH_DIVIDEND,NASDAQ,AAPL,2023-02-10,,,2264.1435173863615,2266.022889587002,,,,,USD,EURUSD,0.9354536950420954,2023-02-10T16:00:00Z,,,,1.8793722006405396,0.0,,111888.02016396925,DIVIDENDO_BRUTO,,,
273,2023-02-13T08:00:00Z,OPEN_ENTRY,a4e552abf5c8981083928ed50ab84f51a59a4ce01e43b13aa4e701a4c45ce332,benchmark,BH_BUY,XETRA,SIE.DE,2023-02-13,,,2266.022889587002,2224.1015944229803,9.86383415624041,10.150392910830158,146.0,146.146,EUR,EUR,1.0,,41.87941574827347,0.041879415748269366,0.041837578170099525,,0.0,,111315.86608108124,BH_REINVERSION_DIVIDENDO,,,
274,2023-02-13T14:30:00Z,OPEN_ENTRY,a4e552abf5c8981083928ed50ab84f51a59a4ce01e43b13aa4e701a4c45ce332,benchmark,BH_BUY,NASDAQ,AAPL,2023-02-13,,,2224.1015944229803,2222.22222222234,8.734995141237986,8.748277929210005,150.9499969482422,151.1009469451904,USD,EURUSD,0.9354536950420954,2023-02-10T16:00:00Z,1.8774947059346052,0.001877494705934346,0.001875619086847402,,0.0,,111330.30463899711,BH_REINVERSION_DIVIDENDO,,,
275,2023-02-13T21:00:00Z,CLOSE_DIVIDEND,a4e552abf5c8981083928ed50ab84f51a59a4ce01e43b13aa4e701a4c45ce332,benchmark,BH_DIVIDEND,NYSE,XOM,2023-02-13,,,2222.22222222234,2232.535412242027,,,,,USD,EURUSD,0.9358038555118847,2023-02-13T16:00:00Z,,,,10.313190019687088,0.0,,111655.13178777425,DIVIDENDO_BRUTO,,,
276,2023-02-14T14:30:00Z,OPEN_ENTRY,a4e552abf5c8981083928ed50ab84f51a59a4ce01e43b13aa4e701a4c45ce332,benchmark,BH_BUY,NYSE,XOM,2023-02-14,,,2232.535412242027,2222.22222222234,12.110631708832551,12.204629369908732,117.01000213623047,117.12701213836668,USD,EURUSD,0.9358038555118847,2023-02-13T16:00:00Z,10.302887132554535,0.010302887132553451,0.010292594538014871,,0.0,,112159.12435233433,BH_REINVERSION_DIVIDENDO,,,
277,2023-02-14T21:00:00Z,CLOSE_DIVIDEND,a4e552abf5c8981083928ed50ab84f51a59a4ce01e43b13aa4e701a4c45ce332,benchmark,BH_DIVIDEND,NYSE,LLY,2023-02-14,,,2222.22222222234,2226.45793544126,,,,,USD,EURUSD,0.9294544102611766,2023-02-14T16:00:00Z,,,,4.235713218920064,0.0,,111859.92659958228,DIVIDENDO_BRUTO,,,
278,2023-02-15T14:30:00Z,OPEN_ENTRY,a4e552abf5c8981083928ed50ab84f51a59a4ce01e43b13aa4e701a4c45ce332,benchmark,BH_BUY,NYSE,LLY,2023-02-15,,,2226.45793544126,2222.22222222234,4.032923763040794,4.046074270537319,345.8500061035156,346.1958561096191,USD,EURUSD,0.9294544102611766,2023-02-14T16:00:00Z,4.2314817371828815,0.004231481737182463,0.004227254482699865,,0.0,,112538.07247079736,BH_REINVERSION_DIVIDENDO,,,
279,2023-02-15T21:00:00Z,CLOSE_DIVIDEND,a4e552abf5c8981083928ed50ab84f51a59a4ce01e43b13aa4e701a4c45ce332,benchmark,BH_DIVIDEND,NASDAQ,MSFT,2023-02-15,,,2222.22222222234,2225.2586344090014,,,,,USD,EURUSD,0.9345794392523364,2023-02-15T16:00:00Z,,,,3.0364121866614235,0.0,,113102.01430134126,DIVIDENDO_BRUTO,,,
280,2023-02-15T21:00:00Z,CLOSE_DIVIDEND,a4e552abf5c8981083928ed50ab84f51a59a4ce01e43b13aa4e701a4c45ce332,benchmark,BH_DIVIDEND,NYSE,CVX,2023-02-15,,,2225.2586344090014,2235.08119515076,,,,,USD,EURUSD,0.9345794392523364,2023-02-15T16:00:00Z,,,,9.82256074175837,0.0,,113111.83686208303,DIVIDENDO_BRUTO,,,
281,2023-02-16T14:30:00Z,OPEN_ENTRY,a4e552abf5c8981083928ed50ab84f51a59a4ce01e43b13aa4e701a4c45ce332,benchmark,BH_BUY,NASDAQ,MSFT,2023-02-16,,,2235.08119515076,2232.0447829640984,4.777883881952534,4.790165046207048,264.0199890136719,264.28400900268554,USD,EURUSD,0.9345794392523364,2023-02-15T16:00:00Z,3.03337880785357,0.0030333788078533708,0.003030348459394056,,0.0,,113616.33202915032,BH_REINVERSION_DIVIDENDO,,,
282,2023-02-16T14:30:00Z,OPEN_ENTRY,a4e552abf5c8981083928ed50ab84f51a59a4ce01e43b13aa4e701a4c45ce332,benchmark,BH_BUY,NYSE,CVX,2023-02-16,,,2232.0447829640984,2222.22222222234,6.960357611709574,7.022722502903271,168.19000244140625,168.35819244384763,USD,EURUSD,0.9345794392523364,2023-02-15T16:00:00Z,9.812747993764606,0.009812747993763082,0.009802945048714234,,0.0,,113616.36020664973,BH_REINVERSION_DIVIDENDO,,,
283,2023-02-16T16:30:00Z,CLOSE_DIVIDEND,a4e552abf5c8981083928ed50ab84f51a59a4ce01e43b13aa4e701a4c45ce332,benchmark,BH_DIVIDEND,XETRA,R6C0.DE,2023-02-16,,,2222.22222222234,2232.6210389982566,,,,,EUR,EUR,1.0,,,,,10.398816775916638,0.0,,113614.28326910395,DIVIDENDO_BRUTO,,,
284,2023-02-17T08:00:00Z,OPEN_ENTRY,a4e552abf5c8981083928ed50ab84f51a59a4ce01e43b13aa4e701a4c45ce332,benchmark,BH_BUY,XETRA,R6C0.DE,2023-02-17,,,2232.6210389982566,2222.22222222234,41.91170382044724,42.271615407989486,28.834999084472656,28.863834083557126,EUR,EUR,1.0,,10.38842834756907,0.010388428347567924,0.010378050297270867,,0.0,,112767.73477725053,BH_REINVERSION_DIVIDENDO,,,
285,2023-02-17T16:30:00Z,CLOSE_DIVIDEND,a4e552abf5c8981083928ed50ab84f51a59a4ce01e43b13aa4e701a4c45ce332,benchmark,BH_DIVIDEND,XETRA,IFX.DE,2023-02-17,,,2222.22222222234,2236.3877120625825,,,,,EUR,EUR,1.0,,,,,14.165489840242543,0.0,,113047.41804982802,DIVIDENDO_BRUTO,,,
286,2023-02-20T08:00:00Z,OPEN_ENTRY,a4e552abf5c8981083928ed50ab84f51a59a4ce01e43b13aa4e701a4c45ce332,benchmark,BH_BUY,XETRA,IFX.DE,2023-02-20,,,2236.3877120625825,2222.22222222234,44.267155750757944,44.6685527073296,35.220001220703125,35.255221221923826,EUR,EUR,1.0,,14.151338501740804,0.014151338501738664,0.014137201300439385,,0.0,,112182.50565910635,BH_REINVERSION_DIVIDENDO,,,
287,2023-02-22T21:00:00Z,CLOSE_DIVIDEND,a4e552abf5c8981083928ed50ab84f51a59a4ce01e43b13aa4e701a4c45ce332,benchmark,BH_DIVIDEND,NASDAQ,AMAT,2023-02-22,,,2222.22222222234,2225.1442765541865,,,,,USD,EURUSD,0.9394964299135663,2023-02-22T16:00:00Z,,,,2.922054331846369,0.0,,110038.63889078508,DIVIDENDO_BRUTO,,,
288,2023-02-23T14:30:00Z,OPEN_ENTRY,a4e552abf5c8981083928ed50ab84f51a59a4ce01e43b13aa4e701a4c45ce332,benchmark,BH_BUY,NASDAQ,AMAT,2023-02-23,,,2225.1442765541865,2222.22222222234,11.962440887758751,11.99002240059492,112.54000091552734,112.65254091644286,USD,EURUSD,0.9394964299135663,2023-02-22T16:00:00Z,2.91913519664972,0.002919135196649325,0.0029162189776717477,,0.0,,110181.13993661354,BH_REINVERSION_DIVIDENDO,,,
289,2023-02-23T21:00:00Z,CLOSE_DIVIDEND,a4e552abf5c8981083928ed50ab84f51a59a4ce01e43b13aa4e701a4c45ce332,benchmark,BH_DIVIDEND,NASDAQ,AZN,2023-02-23,,,2222.22222222234,2240.7642085734005,,,,,USD,EURUSD,0.9419743782969102,2023-02-23T16:00:00Z,,,,18.541986351060523,0.0,,110826.01361365056,DIVIDENDO_BRUTO,,,
290,2023-02-24T14:30:00Z,OPEN_ENTRY,a4e552abf5c8981083928ed50ab84f51a59a4ce01e43b13aa4e701a4c45ce332,benchmark,BH_BUY,NASDAQ,AZN,2023-02-24,,,2240.7642085734005,2222.22222222234,9.991965842784698,10.139140430494788,133.47999572753906,133.6134757232666,USD,EURUSD,0.9419743782969102,2023-02-23T16:00:00Z,18.523462888172354,0.01852346288816875,0.01850495793024038,,0.0,,111375.52489186815,BH_REINVERSION_DIVIDENDO,,,
291,2023-02-28T21:00:00Z,CLOSE_DIVIDEND,a4e552abf5c8981083928ed50ab84f51a59a4ce01e43b13aa4e701a4c45ce332,benchmark,BH_DIVIDEND,NYSE,LMT,2023-02-28,,,2222.22222222234,2230.046267371661,,,,,USD,EURUSD,0.9417082587814295,2023-02-28T16:00:00Z,,,,7.824045149320951,0.0,,110658.5456984266,DIVIDENDO_BRUTO,,,
292,2023-03-01T14:30:00Z,OPEN_ENTRY,a4e552abf5c8981083928ed50ab84f51a59a4ce01e43b13aa4e701a4c45ce332,benchmark,BH_BUY,NYSE,LMT,2023-03-01,,,2230.046267371661,2222.22222222234,2.7694511813546394,2.7869713324762544,473.2699890136719,473.7432590026855,USD,EURUSD,0.9417082587814295,2023-02-28T16:00:00Z,7.816228920400551,0.007816228920400015,0.007808420499899497,,0.0,,110956.68954324804,BH_REINVERSION_DIVIDENDO,,,
293,2023-03-01T21:00:00Z,CLOSE_DIVIDEND,a4e552abf5c8981083928ed50ab84f51a59a4ce01e43b13aa4e701a4c45ce332,benchmark,BH_DIVIDEND,NASDAQ,QCOM,2023-03-01,,,2222.22222222234,2228.545581631368,,,,,USD,EURUSD,0.9359790340696368,2023-03-01T16:00:00Z,,,,6.323359409027762,0.0,,110560.0739201391,DIVIDENDO_BRUTO,,,
294,2023-03-01T21:00:00Z,CLOSE_DIVIDEND,a4e552abf5c8981083928ed50ab84f51a59a4ce01e43b13aa4e701a4c45ce332,benchmark,BH_DIVIDEND,NYSE,GS,2023-03-01,,,2228.545581631368,2238.2208682619835,,,,,USD,EURUSD,0.9359790340696368,2023-03-01T16:00:00Z,,,,9.675286630615595,0.0,,110569.74920676972,DIVIDENDO_BRUTO,,,
295,2023-03-02T14:30:00Z,OPEN_ENTRY,a4e552abf5c8981083928ed50ab84f51a59a4ce01e43b13aa4e701a4c45ce332,benchmark,BH_BUY,NASDAQ,QCOM,2023-03-02,,,2238.2208682619835,2231.8975088529555,9.007836256807016,9.063029327179796,122.16000366210938,122.28216366577148,USD,EURUSD,0.9359790340696368,2023-03-01T16:00:00Z,6.317042366661101,0.00631704236666053,0.006310731635025728,,0.0,,110333.03794282024,BH_REINVERSION_DIVIDENDO,,,
296,2023-03-02T14:30:00Z,OPEN_ENTRY,a4e552abf5c8981083928ed50ab84f51a59a4ce01e43b13aa4e701a4c45ce332,benchmark,BH_BUY,NYSE,GS,2023-03-02,,,2231.8975088529555,2222.22222222234,4.134830494459881,4.164820998098026,343.989990234375,344.3339802246093,USD,EURUSD,0.9359790340696368,2023-03-01T16:00:00Z,9.66562100960599,0.009665621009604664,0.009655965044559886,,0.0,,110333.08149969779,BH_REINVERSION_DIVIDENDO,,,
297,2023-03-07T21:00:00Z,CLOSE_DIVIDEND,a4e552abf5c8981083928ed50ab84f51a59a4ce01e43b13aa4e701a4c45ce332,benchmark,BH_DIVIDEND,NASDAQ,NVDA,2023-03-07,,,2222.22222222234,2222.49878068132,,,,,USD,EURUSD,0.9376465072667605,2023-03-07T16:00:00Z,,,,0.27655845898021325,0.0,,112447.49919331106,DIVIDENDO_BRUTO,,,
298,2023-03-08T14:30:00Z,OPEN_ENTRY,a4e552abf5c8981083928ed50ab84f51a59a4ce01e43b13aa4e701a4c45ce332,benchmark,BH_BUY,NASDAQ,NVDA,2023-03-08,,,2222.49878068132,2222.22222222234,73.73739912559935,73.74993204113133,23.48699951171875,23.510486511230464,USD,EURUSD,0.9376465072667605,2023-03-07T16:00:00Z,0.2762821768034099,0.0002762821768033663,0.000276006170632726,,0.0,,111777.60821497839,BH_REINVERSION_DIVIDENDO,,,
299,2023-03-15T16:30:00Z,CLOSE_DIVIDEND,a4e552abf5c8981083928ed50ab84f51a59a4ce01e43b13aa4e701a4c45ce332,benchmark,BH_DIVIDEND,XETRA,EXSA.DE,2023-03-15,,,2222.22222222234,2225.897457240614,,,,,EUR,EUR,1.0,,,,,3.6752350182741034,0.0,,110478.79521185669,DIVIDENDO_BRUTO,,,
300,2023-03-16T08:00:00Z,OPEN_ENTRY,a4e552abf5c8981083928ed50ab84f51a59a4ce01e43b13aa4e701a4c45ce332,benchmark,BH_BUY,XETRA,EXSA.DE,2023-03-16,,,2225.897457240614,2222.22222222234,27.248183706065415,27.33219414060685,43.65999984741211,43.703659847259516,EUR,EUR,1.0,,3.6715634548192844,0.0036715634548190046,0.0036678955592595566,,0.0,,108429.05812049507,BH_REINVERSION_DIVIDENDO,,,
301,2023-03-16T16:30:00Z,CLOSE_DIVIDEND,a4e552abf5c8981083928ed50ab84f51a59a4ce01e43b13aa4e701a4c45ce332,benchmark,BH_DIVIDEND,XETRA,EQQQ.DE,2023-03-16,,,2222.22222222234,2223.685823850035,,,,,EUR,EUR,1.0,,,,,1.463601627694904,0.0,,108139.2677541062,DIVIDENDO_BRUTO,,,
302,2023-03-16T16:30:00Z,CLOSE_DIVIDEND,a4e552abf5c8981083928ed50ab84f51a59a4ce01e43b13aa4e701a4c45ce332,benchmark,BH_DIVIDEND,XETRA,IQQK.DE,2023-03-16,,,2223.685823850035,2235.3755004305162,,,,,EUR,EUR,1.0,,,,,11.689676580481233,0.0,,108150.95743068669,DIVIDENDO_BRUTO,,,
303,2023-03-16T16:30:00Z,CLOSE_DIVIDEND,a4e552abf5c8981083928ed50ab84f51a59a4ce01e43b13aa4e701a4c45ce332,benchmark,BH_DIVIDEND,XETRA,IQQT.DE,2023-03-16,,,2235.3755004305162,2235.8389875061766,,,,,EUR,EUR,1.0,,,,,0.4634870756602228,0.0,,108151.42091776236,DIVIDENDO_BRUTO,,,
304,2023-03-16T20:00:00Z,CLOSE_DIVIDEND,a4e552abf5c8981083928ed50ab84f51a59a4ce01e43b13aa4e701a4c45ce332,benchmark,BH_DIVIDEND,NYSE,TSM,2023-03-16,,,2235.8389875061766,2241.6004991712034,,,,,USD,EURUSD,0.9438414346389805,2023-03-16T16:00:00Z,,,,5.761511665026984,0.0,,109072.95141996999,DIVIDENDO_BRUTO,,,
305,2023-03-17T08:00:00Z,OPEN_ENTRY,a4e552abf5c8981083928ed50ab84f51a59a4ce01e43b13aa4e701a4c45ce332,benchmark,BH_BUY,XETRA,EQQQ.DE,2023-03-17,,,2241.6004991712034,2240.1368975435084,4.137366368797643,4.142419746659895,289.04998779296875,289.3390377807617,EUR,EUR,1.0,,1.4621394882066974,0.0014621394882066152,0.001460678809397277,,0.0,,110456.53368884658,BH_REINVERSION_DIVIDENDO,,,
306,2023-03-17T08:00:00Z,OPEN_ENTRY,a4e552abf5c8981083928ed50ab84f51a59a4ce01e43b13aa4e701a4c45ce332,benchmark,BH_BUY,XETRA,IQQK.DE,2023-03-17,,,2240.1368975435084,2228.447220963027,27.166214845576437,27.469472757701777,38.470001220703125,38.50847122192383,EUR,EUR,1.0,,11.677998581899335,0.011677998581898663,0.01166633224964934,,0.0,,110456.45272477208,BH_REINVERSION_DIVIDENDO,,,
307,2023-03-17T08:00:00Z,OPEN_ENTRY,a4e552abf5c8981083928ed50ab84f51a59a4ce01e43b13aa4e701a4c45ce332,benchmark,BH_BUY,XETRA,IQQT.DE,2023-03-17,,,2228.447220963027,2227.9837338873667,16.80031447224238,16.807766727637784,62.06999969482422,62.13206969451904,EUR,EUR,1.0,,0.4630240516086142,0.00046302405160858484,0.00046256149011846735,,0.0,,110456.448818273,BH_REINVERSION_DIVIDENDO,,,
308,2023-03-17T13:30:00Z,OPEN_ENTRY,a4e552abf5c8981083928ed50ab84f51a59a4ce01e43b13aa4e701a4c45ce332,benchmark,BH_BUY,NYSE,TSM,2023-03-17,,,2227.9837338873667,2222.22222222234,13.595371067029154,13.663775866282014,89.05999755859375,89.14905755615233,USD,EURUSD,0.9438414346389805,2023-03-16T16:00:00Z,5.755755909117867,0.005755755909117255,0.005750005903213677,,0.0,,110519.68991471124,BH_REINVERSION_DIVIDENDO,,,
309,2023-03-20T16:30:00Z,CLOSE_DIVIDEND,a4e552abf5c8981083928ed50ab84f51a59a4ce01e43b13aa4e701a4c45ce332,benchmark,BH_DIVIDEND,MIL,ENI.MI,2023-03-20,,,2222.22222222234,2241.4516544649914,,,,,EUR,EUR,1.0,,,,,19.22943224265148,0.0,,108876.75092773959,DIVIDENDO_BRUTO,,,
310,2023-03-21T08:00:00Z,OPEN_ENTRY,a4e552abf5c8981083928ed50ab84f51a59a4ce01e43b13aa4e701a4c45ce332,benchmark,BH_BUY,MIL,ENI.MI,2023-03-21,,,2241.4516544649914,2222.22222222234,87.40651019387036,88.96397097058743,12.321999549865723,12.334321549415588,EUR,EUR,1.0,,19.21022202063085,0.01921022202062872,0.019191030989640284,,0.0,,109753.89844830622,BH_REINVERSION_DIVIDENDO,,,
311,2023-03-21T20:00:00Z,CLOSE_DIVIDEND,a4e552abf5c8981083928ed50ab84f51a59a4ce01e43b13aa4e701a4c45ce332,benchmark,BH_DIVIDEND,NASDAQ,AVGO,2023-03-21,,,2222.22222222234,2231.888400730214,,,,,USD,EURUSD,0.9279881217520417,2023-03-21T16:00:00Z,,,,9.66617850787399,0.0,,110265.24048706387,DIVIDENDO_BRUTO,,,
312,2023-03-22T13:30:00Z,OPEN_ENTRY,a4e552abf5c8981083928ed50ab84f51a59a4ce01e43b13aa4e701a4c45ce332,benchmark,BH_BUY,NASDAQ,AVGO,2023-03-22,,,2231.888400730214,2222.22222222234,22.64407382627176,22.807293685645636,63.689998626708984,63.753688625335684,USD,EURUSD,0.9279881217520417,2023-03-21T16:00:00Z,9.656521985888103,0.009656521985887068,0.009646875110775915,,0.0,,111306.94769562226,BH_REINVERSION_DIVIDENDO,,,
313,2023-03-22T16:30:00Z,CLOSE_DIVIDEND,a4e552abf5c8981083928ed50ab84f51a59a4ce01e43b13aa4e701a4c45ce332,benchmark,BH_DIVIDEND,PAR,TTE.PA,2023-03-22,,,2222.22222222234,2237.2586968652113,,,,,EUR,EUR,1.0,,,,,15.036474642871223,0.0,,111255.32809587766,DIVIDENDO_BRUTO,,,
314,2023-03-23T08:00:00Z,OPEN_ENTRY,a4e552abf5c8981083928ed50ab84f51a59a4ce01e43b13aa4e701a4c45ce332,benchmark,BH_BUY,PAR,TTE.PA,2023-03-23,,,2237.2586968652113,2222.22222222234,21.791992236045253,22.069375732647696,54.099998474121094,54.15409847259521,EUR,EUR,1.0,,15.021453189681543,0.0150214531896804,0.015006446742936871,,0.0,,110633.02281165648,BH_REINVERSION_DIVIDENDO,,,
315,2023-03-30T06:00:00Z,CLOSE_DIVIDEND,a4e552abf5c8981083928ed50ab84f51a59a4ce01e43b13aa4e701a4c45ce332,benchmark,BH_DIVIDEND,JPX,6501.T,2023-03-30,,,2222.22222222234,2234.469962505392,,,,,JPY,EURJPY,0.006964758322886195,2023-03-29T15:00:00Z,,,,12.24774028305174,0.0,,111877.69845501214,DIVIDENDO_BRUTO,,,
316,2023-03-30T06:00:00Z,CLOSE_DIVIDEND,a4e552abf5c8981083928ed50ab84f51a59a4ce01e43b13aa4e701a4c45ce332,benchmark,BH_DIVIDEND,JPX,6758.T,2023-03-30,,,2234.469962505392,2238.3498733006463,,,,,JPY,EURJPY,0.006964758322886195,2023-03-29T15:00:00Z,,,,3.8799107952544385,0.0,,111881.57836580739,DIVIDENDO_BRUTO,,,
317,2023-03-30T06:00:00Z,CLOSE_DIVIDEND,a4e552abf5c8981083928ed50ab84f51a59a4ce01e43b13aa4e701a4c45ce332,benchmark,BH_DIVIDEND,JPX,6857.T,2023-03-30,,,2238.3498733006463,2248.4282036127915,,,,,JPY,EURJPY,0.006964758322886195,2023-03-29T15:00:00Z,,,,10.078330312145209,0.0,,111891.65669611955,DIVIDENDO_BRUTO,,,
318,2023-03-30T06:00:00Z,CLOSE_DIVIDEND,a4e552abf5c8981083928ed50ab84f51a59a4ce01e43b13aa4e701a4c45ce332,benchmark,BH_DIVIDEND,JPX,7011.T,2023-03-30,,,2248.4282036127915,2262.6023273634746,,,,,JPY,EURJPY,0.006964758322886195,2023-03-29T15:00:00Z,,,,14.174123750683002,0.0,,111905.83081987023,DIVIDENDO_BRUTO,,,
319,2023-03-30T06:00:00Z,CLOSE_DIVIDEND,a4e552abf5c8981083928ed50ab84f51a59a4ce01e43b13aa4e701a4c45ce332,benchmark,BH_DIVIDEND,JPX,7203.T,2023-03-30,,,2262.6023273634746,2281.075859902924,,,,,JPY,EURJPY,0.006964758322886195,2023-03-29T15:00:00Z,,,,18.47353253944964,0.0,,111924.30435240967,DIVIDENDO_BRUTO,,,
320,2023-03-30T06:00:00Z,CLOSE_DIVIDEND,a4e552abf5c8981083928ed50ab84f51a59a4ce01e43b13aa4e701a4c45ce332,benchmark,BH_DIVIDEND,JPX,8035.T,2023-03-30,,,2281.075859902924,2299.630508031541,,,,,JPY,EURJPY,0.006964758322886195,2023-03-29T15:00:00Z,,,,18.554648128616932,0.0,,111942.85900053829,DIVIDENDO_BRUTO,,,
321,2023-03-31T00:00:00Z,OPEN_ENTRY,a4e552abf5c8981083928ed50ab84f51a59a4ce01e43b13aa4e701a4c45ce332,benchmark,BH_BUY,JPX,6501.T,2023-03-31,,,2299.630508031541,2287.382767748489,117.23536998937128,118.43624503274849,1470.0,1471.4699999999998,JPY,EURJPY,0.006924248719013987,2023-03-30T15:00:00Z,12.235504778273468,0.012235504778272954,0.012223281496775028,,0.0,,112573.88437943564,BH_REINVERSION_DIVIDENDO,,,
322,2023-03-31T00:00:00Z,OPEN_ENTRY,a4e552abf5c8981083928ed50ab84f51a59a4ce01e43b13aa4e701a4c45ce332,benchmark,BH_BUY,JPX,6758.T,2023-03-31,,,2287.382767748489,2283.5028569532346,69.63469899782905,69.8686813084517,2390.0,2392.39,JPY,EURJPY,0.006924248719013987,2023-03-30T15:00:00Z,3.876034760493945,0.003876034760493585,0.003872162597895843,,0.0,,112573.80696471455,BH_REINVERSION_DIVIDENDO,,,
323,2023-03-31T00:00:00Z,OPEN_ENTRY,a4e552abf5c8981083928ed50ab84f51a59a4ce01e43b13aa4e701a4c45ce332,benchmark,BH_BUY,JPX,6857.T,2023-03-31,,,2283.5028569532346,2273.4245266410894,82.68838092673195,83.16897837899837,3022.5,3025.5224999999996,JPY,EURJPY,0.006924248719013987,2023-03-30T15:00:00Z,10.068262050095115,0.010068262050094035,0.010058203846247475,,0.0,,112573.61212999326,BH_REINVERSION_DIVIDENDO,,,
324,2023-03-31T00:00:00Z,OPEN_ENTRY,a4e552abf5c8981083928ed50ab84f51a59a4ce01e43b13aa4e701a4c45ce332,benchmark,BH_BUY,JPX,7011.T,2023-03-31,,,2273.4245266410894,2259.2504028904063,290.73152687472367,294.98233629030335,480.6000061035156,481.0806061096191,JPY,EURJPY,0.006924248719013987,2023-03-30T15:00:00Z,14.159963786896107,0.014159963786894991,0.014145817968926323,,0.0,,112573.56322028906,BH_REINVERSION_DIVIDENDO,,,
325,2023-03-31T00:00:00Z,OPEN_ENTRY,a4e552abf5c8981083928ed50ab84f51a59a4ce01e43b13aa4e701a4c45ce332,benchmark,BH_BUY,JPX,7203.T,2023-03-31,,,2259.2504028904063,2240.776870350957,75.78370862897656,77.21291940052399,1863.0,1864.8629999999998,JPY,EURJPY,0.006924248719013987,2023-03-30T15:00:00Z,18.455077461987653,0.01845507746198649,0.018436640821164797,,0.0,,112573.31850814282,BH_REINVERSION_DIVIDENDO,,,
326,2023-03-31T00:00:00Z,OPEN_ENTRY,a4e552abf5c8981083928ed50ab84f51a59a4ce01e43b13aa4e701a4c45ce332,benchmark,BH_BUY,JPX,8035.T,2023-03-31,,,2240.776870350957,2222.22222222234,9.358801300874093,9.523374284655691,16250.0,16266.249999999998,JPY,EURJPY,0.006924248719013987,2023-03-30T15:00:00Z,18.536112016600335,0.018536112016597883,0.018517594422176088,,0.0,,112573.03075469652,BH_REINVERSION_DIVIDENDO,,,
327,2023-04-03T15:30:00Z,CLOSE_DIVIDEND,a4e552abf5c8981083928ed50ab84f51a59a4ce01e43b13aa4e701a4c45ce332,benchmark,BH_DIVIDEND,MCE,BBVA.MC,2023-04-03,,,2222.22222222234,2305.5839879356927,,,,,EUR,EUR,1.0,,,,,83.36176571335294,0.0,,113930.44494019258,DIVIDENDO_BRUTO,,,
328,2023-04-04T07:00:00Z,OPEN_ENTRY,a4e552abf5c8981083928ed50ab84f51a59a4ce01e43b13aa4e701a4c45ce332,benchmark,BH_BUY,MCE,BBVA.MC,2023-04-04,,,2305.5839879356927,2222.22222222234,268.9089216559772,282.1397248558803,6.288000106811523,6.2942881069183345,EUR,EUR,1.0,,83.27848722612681,0.0832784872261243,0.0831952919341867,,0.0,,113867.21880035555,BH_REINVERSION_DIVIDENDO,,,
329,2023-04-05T20:00:00Z,CLOSE_DIVIDEND,a4e552abf5c8981083928ed50ab84f51a59a4ce01e43b13aa4e701a4c45ce332,benchmark,BH_DIVIDEND,NASDAQ,MRVL,2023-04-05,,,2222.22222222234,2223.5123014759643,,,,,USD,EURUSD,0.9140767824497257,2023-04-05T15:00:00Z,,,,1.290079253624513,0.0,,112882.19987800044,DIVIDENDO_BRUTO,,,
330,2023-04-05T20:00:00Z,CLOSE_DIVIDEND,a4e552abf5c8981083928ed50ab84f51a59a4ce01e43b13aa4e701a4c45ce332,benchmark,BH_DIVIDEND,NYSE,MA,2023-04-05,,,2223.5123014759643,2225.4082314061875,,,,,USD,EURUSD,0.9140767824497257,2023-04-05T15:00:00Z,,,,1.895929930223246,0.0,,112884.09580793066,DIVIDENDO_BRUTO,,,
331,2023-04-06T13:30:00Z,OPEN_ENTRY,a4e552abf5c8981083928ed50ab84f51a59a4ce01e43b13aa4e701a4c45ce332,benchmark,BH_BUY,NASDAQ,MRVL,2023-04-06,,,2225.4082314061875,2224.118152152563,23.52244505775362,23.558085954062957,39.52000045776367,39.55952045822143,USD,EURUSD,0.9140767824497257,2023-04-05T15:00:00Z,1.2887904631613518,0.0012887904631611047,0.0012875029602009028,,0.0,,112377.91059264026,BH_REINVERSION_DIVIDENDO,,,
332,2023-04-06T13:30:00Z,OPEN_ENTRY,a4e552abf5c8981083928ed50ab84f51a59a4ce01e43b13aa4e701a4c45ce332,benchmark,BH_BUY,NYSE,MA,2023-04-06,,,2224.118152152563,2222.22222222234,3.6388549888846167,3.644585741942676,361.2099914550781,361.57120144653317,USD,EURUSD,0.9140767824497257,2023-04-05T15:00:00Z,1.8940358943289173,0.0018940358943286828,0.0018921437505781465,,0.0,,112377.92032148878,BH_REINVERSION_DIVIDENDO,,,
333,2023-04-06T15:30:00Z,CLOSE_DIVIDEND,a4e552abf5c8981083928ed50ab84f51a59a4ce01e43b13aa4e701a4c45ce332,benchmark,BH_DIVIDEND,XETRA,DTE.DE,2023-04-06,,,2222.22222222234,2265.683841814807,,,,,EUR,EUR,1.0,,,,,43.46161959246705,0.0,,112548.24292349695,DIVIDENDO_BRUTO,,,
334,2023-04-06T20:00:00Z,CLOSE_DIVIDEND,a4e552abf5c8981083928ed50ab84f51a59a4ce01e43b13aa4e701a4c45ce332,benchmark,BH_DIVIDEND,NASDAQ,MU,2023-04-06,,,2265.683841814807,2267.7548173920322,,,,,USD,EURUSD,0.9161704076958315,2023-04-06T15:00:00Z,,,,2.070975577225648,0.0,,112631.01934811899,DIVIDENDO_BRUTO,,,
335,2023-04-10T13:30:00Z,OPEN_ENTRY,a4e552abf5c8981083928ed50ab84f51a59a4ce01e43b13aa4e701a4c45ce332,benchmark,BH_BUY,NASDAQ,MU,2023-04-10,,,2267.7548173920322,2265.683841814807,19.65625950036343,19.69313357136674,61.18000030517578,61.24118030548095,USD,EURUSD,0.9161704076958315,2023-04-06T15:00:00Z,2.068906670555093,0.0020689066705550374,0.002066839830724215,,0.0,,112750.64819346648,BH_REINVERSION_DIVIDENDO,,,
336,2023-04-10T20:00:00Z,CLOSE_DIVIDEND,a4e552abf5c8981083928ed50ab84f51a59a4ce01e43b13aa4e701a4c45ce332,benchmark,BH_DIVIDEND,NYSE,ORCL,2023-04-10,,,2265.683841814807,2271.6634910698554,,,,,USD,EURUSD,0.9161704076958315,2023-04-06T15:00:00Z,,,,5.97964925504874,0.0,,112756.62784272151,DIVIDENDO_BRUTO,,,
337,2023-04-11T07:00:00Z,OPEN_ENTRY,a4e552abf5c8981083928ed50ab84f51a59a4ce01e43b13aa4e701a4c45ce332,benchmark,BH_BUY,XETRA,DTE.DE,2023-04-11,,,2271.6634910698554,2228.2018714773885,62.08802798923865,64.00557109070837,22.6200008392334,22.64262084007263,EUR,EUR,1.0,,43.41820139107598,0.04341820139107,0.04337482656450983,,0.0,,113167.03567774028,BH_REINVERSION_DIVIDENDO,,,
338,2023-04-11T13:30:00Z,OPEN_ENTRY,a4e552abf5c8981083928ed50ab84f51a59a4ce01e43b13aa4e701a4c45ce332,benchmark,BH_BUY,NYSE,ORCL,2023-04-11,,,2228.2018714773885,2222.22222222234,16.316967904714247,16.386663530711004,93.45999908447266,93.55345908355712,USD,EURUSD,0.9161704076958315,2023-04-06T15:00:00Z,5.973675579469271,0.005973675579468818,0.005967707871596796,,0.0,,113175.29504252107,BH_REINVERSION_DIVIDENDO,,,
339,2023-04-13T20:00:00Z,CLOSE_DIVIDEND,a4e552abf5c8981083928ed50ab84f51a59a4ce01e43b13aa4e701a4c45ce332,benchmark,BH_DIVIDEND,NYSE,ABBV,2023-04-13,,,2222.22222222234,2233.7188775831655,,,,,USD,EURUSD,0.9078529278256923,2023-04-13T15:00:00Z,,,,11.496655360825455,0.0,,112689.08018290348,DIVIDENDO_BRUTO,,,
340,2023-04-14T13:30:00Z,OPEN_ENTRY,a4e552abf5c8981083928ed50ab84f51a59a4ce01e43b13aa4e701a4c45ce332,benchmark,BH_BUY,NYSE,ABBV,2023-04-14,,,2233.7188775831655,2222.22222222234,8.556463432398134,8.634170495455958,162.63999938964844,162.80263938903806,USD,EURUSD,0.9078529278256923,2023-04-13T15:00:00Z,11.485170190634822,0.011485170190633553,0.011473696494139079,,0.0,,113394.71491431321,BH_REINVERSION_DIVIDENDO,,,
341,2023-04-17T15:30:00Z,CLOSE_DIVIDEND,a4e552abf5c8981083928ed50ab84f51a59a4ce01e43b13aa4e701a4c45ce332,benchmark,BH_DIVIDEND,XETRA,EXH1.DE,2023-04-17,,,2222.22222222234,2237.136695256313,,,,,EUR,EUR,1.0,,,,,14.914473033973128,0.0,,113981.23411918525,DIVIDENDO_BRUTO,,,
342,2023-04-17T15:30:00Z,CLOSE_DIVIDEND,a4e552abf5c8981083928ed50ab84f51a59a4ce01e43b13aa4e701a4c45ce332,benchmark,BH_DIVIDEND,XETRA,EXV1.DE,2023-04-17,,,2237.136695256313,2239.8988426943138,,,,,EUR,EUR,1.0,,,,,2.762147438000914,0.0,,113983.99626662325,DIVIDENDO_BRUTO,,,
343,2023-04-18T07:00:00Z,OPEN_ENTRY,a4e552abf5c8981083928ed50ab84f51a59a4ce01e43b13aa4e701a4c45ce332,benchmark,BH_BUY,XETRA,EXH1.DE,2023-04-18,,,2239.8988426943138,2224.9843696603407,33.00041826487367,33.418644977656044,35.59000015258789,35.62559015274047,EUR,EUR,1.0,,14.899573460512617,0.014899573460510851,0.014884688771738026,,0.0,,113778.2208302224,BH_REINVERSION_DIVIDENDO,,,
344,2023-04-18T07:00:00Z,OPEN_ENTRY,a4e552abf5c8981083928ed50ab84f51a59a4ce01e43b13aa4e701a4c45ce332,benchmark,BH_BUY,XETRA,EXV1.DE,2023-04-18,,,2224.9843696603407,2222.22222222234,89.62482358288439,89.80584745175473,15.227999687194824,15.243227686882017,EUR,EUR,1.0,,2.7593880499509633,0.002759388049950573,0.002756631418532084,,0.0,,113778.19503961802,BH_REINVERSION_DIVIDENDO,,,
345,2023-04-20T15:30:00Z,CLOSE_DIVIDEND,a4e552abf5c8981083928ed50ab84f51a59a4ce01e43b13aa4e701a4c45ce332,benchmark,BH_DIVIDEND,MCE,IBE.MC,2023-04-20,,,2222.22222222234,2222.795939993736,,,,,EUR,EUR,1.0,,,,,0.5737177713959962,0.0,,113824.14218688787,DIVIDENDO_BRUTO,,,
346,2023-04-20T15:30:00Z,CLOSE_DIVIDEND,a4e552abf5c8981083928ed50ab84f51a59a4ce01e43b13aa4e701a4c45ce332,benchmark,BH_DIVIDEND,XETRA,BSP.DE,2023-04-20,,,2222.795939993736,2246.937927145881,,,,,EUR,EUR,1.0,,,,,24.141987152145056,0.0,,113848.28417404,DIVIDENDO_BRUTO,,,
347,2023-04-21T07:00:00Z,OPEN_ENTRY,a4e552abf5c8981083928ed50ab84f51a59a4ce01e43b13aa4e701a4c45ce332,benchmark,BH_BUY,MCE,IBE.MC,2023-04-21,,,2246.937927145881,2246.364209374485,114.74355427919924,114.79199523262542,11.819999694824219,11.83181969451904,EUR,EUR,1.0,,0.5731446267692271,0.000573144626769162,0.0005725720547144081,,0.0,,113462.2697035066,BH_REINVERSION_DIVIDENDO,,,
348,2023-04-21T07:00:00Z,OPEN_ENTRY,a4e552abf5c8981083928ed50ab84f51a59a4ce01e43b13aa4e701a4c45ce332,benchmark,BH_BUY,XETRA,BSP.DE,2023-04-21,,,2246.364209374485,2222.22222222234,124.52577921315395,126.5624466402664,11.829999923706055,11.84182992362976,EUR,EUR,1.0,,24.117869282862195,0.024117869282861193,0.02409377550735322,,0.0,,113461.94654129299,BH_REINVERSION_DIVIDENDO,,,
349,2023-04-21T20:00:00Z,CLOSE_DIVIDEND,a4e552abf5c8981083928ed50ab84f51a59a4ce01e43b13aa4e701a4c45ce332,benchmark,BH_DIVIDEND,NYSE,CAT,2023-04-21,,,2222.22222222234,2228.422803142209,,,,,USD,EURUSD,0.9109127345600291,2023-04-21T15:00:00Z,,,,6.2005809198688215,0.0,,113236.20233182314,DIVIDENDO_BRUTO,,,
350,2023-04-24T13:30:00Z,OPEN_ENTRY,a4e552abf5c8981083928ed50ab84f51a59a4ce01e43b13aa4e701a4c45ce332,benchmark,BH_BUY,NYSE,CAT,2023-04-24,,,2228.422803142209,2222.22222222234,5.672498111526661,5.70330300958936,220.52999877929688,220.75052877807616,USD,EURUSD,0.9109127345600291,2023-04-21T15:00:00Z,6.194386533335487,0.006194386533334928,0.00618819833500013,,0.0,,113123.24576038902,BH_REINVERSION_DIVIDENDO,,,
351,2023-04-24T15:30:00Z,CLOSE_DIVIDEND,a4e552abf5c8981083928ed50ab84f51a59a4ce01e43b13aa4e701a4c45ce332,benchmark,BH_DIVIDEND,MIL,RACE.MI,2023-04-24,,,2222.22222222234,2234.313155440339,,,,,EUR,EUR,1.0,,,,,12.090933217998927,0.0,,112967.2945532015,DIVIDENDO_BRUTO,,,
352,2023-04-25T07:00:00Z,OPEN_ENTRY,a4e552abf5c8981083928ed50ab84f51a59a4ce01e43b13aa4e701a4c45ce332,benchmark,BH_BUY,MIL,RACE.MI,2023-04-25,,,2234.313155440339,2222.22222222234,6.68007360110438,6.72778727396828,252.89999389648438,253.15289389038082,EUR,EUR,1.0,,12.078854363635292,0.012078854363634761,0.012066787576057543,,0.0,,112727.4888519853,BH_REINVERSION_DIVIDENDO,,,
353,2023-04-25T15:30:00Z,CLOSE_DIVIDEND,a4e552abf5c8981083928ed50ab84f51a59a4ce01e43b13aa4e701a4c45ce332,benchmark,BH_DIVIDEND,PAR,AIR.PA,2023-04-25,,,2222.22222222234,2242.4636376939516,,,,,EUR,EUR,1.0,,,,,20.241415471611493,0.0,,112580.08437406411,DIVIDENDO_BRUTO,,,
354,2023-04-25T15:30:00Z,CLOSE_DIVIDEND,a4e552abf5c8981083928ed50ab84f51a59a4ce01e43b13aa4e701a4c45ce332,benchmark,BH_DIVIDEND,PAR,MC.PA,2023-04-25,,,2242.4636376939516,2256.527003532639,,,,,EUR,EUR,1.0,,,,,14.063365838687249,0.0,,112594.14773990281,DIVIDENDO_BRUTO,,,
355,2023-04-26T07:00:00Z,OPEN_ENTRY,a4e552abf5c8981083928ed50ab84f51a59a4ce01e43b13aa4e701a4c45ce332,benchmark,BH_BUY,PAR,AIR.PA,2023-04-26,,,2256.527003532639,2236.2855880610273,11.24523081756194,11.405074097535612,126.37999725341797,126.50637725067138,EUR,EUR,1.0,,20.22119427733416,0.020221194277333154,0.02020099328404864,,0.0,,111159.96773461842,BH_REINVERSION_DIVIDENDO,,,
356,2023-04-26T07:00:00Z,OPEN_ENTRY,a4e552abf5c8981083928ed50ab84f51a59a4ce01e43b13aa4e701a4c45ce332,benchmark,BH_BUY,PAR,MC.PA,2023-04-26,,,2236.2855880610273,2222.22222222234,2.009052262669607,2.02493287076508,883.7999877929688,884.6837877807616,EUR,EUR,1.0,,14.049316522165086,0.014049316522163124,0.01403528124092191,,0.0,,111160.02858200755,BH_REINVERSION_DIVIDENDO,,,
357,2023-04-26T15:30:00Z,CLOSE_DIVIDEND,a4e552abf5c8981083928ed50ab84f51a59a4ce01e43b13aa4e701a4c45ce332,benchmark,BH_DIVIDEND,PAR,OR.PA,2023-04-26,,,2222.22222222234,2243.7471435271677,,,,,EUR,EUR,1.0,,,,,21.524921304827785,0.0,,111148.40668903165,DIVIDENDO_BRUTO,,,
358,2023-04-27T07:00:00Z,OPEN_ENTRY,a4e552abf5c8981083928ed50ab84f51a59a4ce01e43b13aa4e701a4c45ce332,benchmark,BH_BUY,PAR,OR.PA,2023-04-27,,,2243.7471435271677,2222.22222222234,3.587486884137964,3.637884387835301,426.25,426.6762499999999,EUR,EUR,1.0,,21.503417886940845,0.021503417886940213,0.02148193595098608,,0.0,,110844.30146985,BH_REINVERSION_DIVIDENDO,,,
359,2023-04-27T15:30:00Z,CLOSE_DIVIDEND,a4e552abf5c8981083928ed50ab84f51a59a4ce01e43b13aa4e701a4c45ce332,benchmark,BH_DIVIDEND,MCE,ITX.MC,2023-04-27,,,2222.22222222234,2252.3841815234914,,,,,EUR,EUR,1.0,,,,,30.161959301151285,0.0,,110861.23316950652,DIVIDENDO_BRUTO,,,
360,2023-04-28T07:00:00Z,OPEN_ENTRY,a4e552abf5c8981083928ed50ab84f51a59a4ce01e43b13aa4e701a4c45ce332,benchmark,BH_BUY,MCE,ITX.MC,2023-04-28,,,2252.3841815234914,2222.22222222234,50.26993216858548,51.24189621170218,30.969999313354492,31.000969312667845,EUR,EUR,1.0,,30.13182747367761,0.030131827473674377,0.030101725747927997,,0.0,,112004.14185214427,BH_REINVERSION_DIVIDENDO,,,
361,2023-04-28T15:30:00Z,CLOSE_DIVIDEND,a4e552abf5c8981083928ed50ab84f51a59a4ce01e43b13aa4e701a4c45ce332,benchmark,BH_DIVIDEND,AMS,ASML.AS,2023-04-28,,,2222.22222222234,2226.1269122628064,,,,,EUR,EUR,1.0,,,,,3.9046900404663893,0.0,,112179.67456179163,DIVIDENDO_BRUTO,,,
362,2023-05-02T07:00:00Z,OPEN_ENTRY,a4e552abf5c8981083928ed50ab84f51a59a4ce01e43b13aa4e701a4c45ce332,benchmark,BH_BUY,AMS,ASML.AS,2023-05-02,,,2226.1269122628064,2222.22222222234,2.310467479565911,2.317163170904152,582.0,582.5819999999999,EUR,EUR,1.0,,3.9007892512151745,0.0039007892512148423,0.003896892358855515,,0.0,,112969.05064793598,BH_REINVERSION_DIVIDENDO,,,
363,2023-05-04T15:30:00Z,CLOSE_DIVIDEND,a4e552abf5c8981083928ed50ab84f51a59a4ce01e43b13aa4e701a4c45ce332,benchmark,BH_DIVIDEND,XETRA,MBG.DE,2023-05-04,,,2222.22222222234,2314.5115880149137,,,,,EUR,EUR,1.0,,,,,92.28936579257395,0.0,,111260.0038084866,DIVIDENDO_BRUTO,,,
364,2023-05-04T20:00:00Z,CLOSE_DIVIDEND,a4e552abf5c8981083928ed50ab84f51a59a4ce01e43b13aa4e701a4c45ce332,benchmark,BH_DIVIDEND,NASDAQ,INTC,2023-05-04,,,2314.5115880149137,2318.0794103311596,,,,,USD,EURUSD,0.9030160736861117,2023-05-04T15:00:00Z,,,,3.5678223162456826,0.0,,111051.53498092676,DIVIDENDO_BRUTO,,,
365,2023-05-05T07:00:00Z,OPEN_ENTRY,a4e552abf5c8981083928ed50ab84f51a59a4ce01e43b13aa4e701a4c45ce332,benchmark,BH_BUY,XETRA,MBG.DE,2023-05-05,,,2318.0794103311596,2225.790044538586,17.747954960110373,19.16169343137969,65.1500015258789,65.21515152740477,EUR,EUR,1.0,,92.19716862395,0.09219716862394023,0.0921050635603697,,0.0,,110844.90810641054,BH_REINVERSION_DIVIDENDO,,,
366,2023-05-05T13:30:00Z,OPEN_ENTRY,a4e552abf5c8981083928ed50ab84f51a59a4ce01e43b13aa4e701a4c45ce332,benchmark,BH_BUY,NASDAQ,INTC,2023-05-05,,,2225.790044538586,2222.22222222234,31.608051464083747,31.73370845461386,31.3799991607666,31.411379159927364,USD,EURUSD,0.9030160736861117,2023-05-04T15:00:00Z,3.5642580581874954,0.003564258058187164,0.0035606973608261912,,0.0,,110889.84075984811,BH_REINVERSION_DIVIDENDO,,,
367,2023-05-05T15:30:00Z,CLOSE_DIVIDEND,a4e552abf5c8981083928ed50ab84f51a59a4ce01e43b13aa4e701a4c45ce332,benchmark,BH_DIVIDEND,XETRA,ALV.DE,2023-05-05,,,2222.22222222234,2291.300753821957,,,,,EUR,EUR,1.0,,,,,69.07853159961708,0.0,,111275.62860252145,DIVIDENDO_BRUTO,,,
368,2023-05-08T07:00:00Z,OPEN_ENTRY,a4e552abf5c8981083928ed50ab84f51a59a4ce01e43b13aa4e701a4c45ce332,benchmark,BH_BUY,XETRA,ALV.DE,2023-05-08,,,2291.300753821957,2222.22222222234,6.059520315755885,6.377952562850774,216.5,216.71649999999997,EUR,EUR,1.0,,69.00952207753954,0.06900952207753619,0.0689405814960333,,0.0,,112919.69018206335,BH_REINVERSION_DIVIDENDO,,,
369,2023-05-08T15:30:00Z,CLOSE_DIVIDEND,a4e552abf5c8981083928ed50ab84f51a59a4ce01e43b13aa4e701a4c45ce332,benchmark,BH_DIVIDEND,XETRA,MUV2.DE,2023-05-08,,,2222.22222222234,2280.664518313131,,,,,EUR,EUR,1.0,,,,,58.442296090791125,0.0,,112840.93861982269,DIVIDENDO_BRUTO,,,
370,2023-05-09T07:00:00Z,OPEN_ENTRY,a4e552abf5c8981083928ed50ab84f51a59a4ce01e43b13aa4e701a4c45ce332,benchmark,BH_BUY,XETRA,MUV2.DE,2023-05-09,,,2280.664518313131,2222.22222222234,5.038128973344063,5.214766115790475,330.20001220703125,330.53021221923825,EUR,EUR,1.0,,58.38391217861252,0.05838391217860561,0.0583255865920152,,0.0,,113514.55122076043,BH_REINVERSION_DIVIDENDO,,,
371,2023-05-09T15:30:00Z,CLOSE_DIVIDEND,a4e552abf5c8981083928ed50ab84f51a59a4ce01e43b13aa4e701a4c45ce332,benchmark,BH_DIVIDEND,PAR,SU.PA,2023-05-09,,,2222.22222222234,2251.2532270002407,,,,,EUR,EUR,1.0,,,,,29.03100477790092,0.0,,113875.61437509672,DIVIDENDO_BRUTO,,,
372,2023-05-10T07:00:00Z,OPEN_ENTRY,a4e552abf5c8981083928ed50ab84f51a59a4ce01e43b13aa4e701a4c45ce332,benchmark,BH_BUY,PAR,SU.PA,2023-05-10,,,2251.2532270002407,2222.22222222234,9.21619199298442,9.402035680474352,155.89999389648438,156.05589389038084,EUR,EUR,1.0,,29.0020027751258,0.02900200277512255,0.02897302974537755,,0.0,,113694.68723503983,BH_REINVERSION_DIVIDENDO,,,
373,2023-05-11T20:00:00Z,CLOSE_DIVIDEND,a4e552abf5c8981083928ed50ab84f51a59a4ce01e43b13aa4e701a4c45ce332,benchmark,BH_DIVIDEND,NYSE,V,2023-05-11,,,2222.22222222234,2224.713669387035,,,,,USD,EURUSD,0.9149130832570906,2023-05-11T15:00:00Z,,,,2.4914471646953356,0.0,,114407.4994041176,DIVIDENDO_BRUTO,,,
374,2023-05-12T13:30:00Z,OPEN_ENTRY,a4e552abf5c8981083928ed50ab84f51a59a4ce01e43b13aa4e701a4c45ce332,benchmark,BH_BUY,NYSE,V,2023-05-12,,,2224.713669387035,2222.22222222234,6.051448335582226,6.06316261836708,232.0,232.23199999999997,USD,EURUSD,0.9149130832570906,2023-05-11T15:00:00Z,2.488958206488847,0.002488958206488423,0.002486471734753781,,0.0,,114544.09261621186,BH_REINVERSION_DIVIDENDO,,,
375,2023-05-12T15:30:00Z,CLOSE_DIVIDEND,a4e552abf5c8981083928ed50ab84f51a59a4ce01e43b13aa4e701a4c45ce332,benchmark,BH_DIVIDEND,XETRA,SAP.DE,2023-05-12,,,2222.22222222234,2247.8765392384516,,,,,EUR,EUR,1.0,,,,,25.65431701611181,0.0,,114721.86233249202,DIVIDENDO_BRUTO,,,
376,2023-05-12T20:00:00Z,CLOSE_DIVIDEND,a4e552abf5c8981083928ed50ab84f51a59a4ce01e43b13aa4e701a4c45ce332,benchmark,BH_DIVIDEND,NASDAQ,AAPL,2023-05-12,,,2247.8765392384516,2249.8041803539586,,,,,USD,EURUSD,0.9181050312155711,2023-05-12T15:00:00Z,,,,1.9276411155071622,0.0,,115101.70462222816,DIVIDENDO_BRUTO,,,
377,2023-05-12T20:00:00Z,CLOSE_DIVIDEND,a4e552abf5c8981083928ed50ab84f51a59a4ce01e43b13aa4e701a4c45ce332,benchmark,BH_DIVIDEND,NYSE,LLY,2023-05-12,,,2249.8041803539586,2254.0018152471894,,,,,USD,EURUSD,0.9181050312155711,2023-05-12T15:00:00Z,,,,4.197634893230967,0.0,,115105.9022571214,DIVIDENDO_BRUTO,,,
378,2023-05-15T07:00:00Z,OPEN_ENTRY,a4e552abf5c8981083928ed50ab84f51a59a4ce01e43b13aa4e701a4c45ce332,benchmark,BH_BUY,XETRA,SAP.DE,2023-05-15,,,2254.0018152471894,2228.3474982310777,12.514300983469177,12.726106789427842,120.87999725341797,121.00087725067138,EUR,EUR,1.0,,25.62868832778403,0.025628688327781646,0.02560308524254,,0.0,,114870.22683171135,BH_REINVERSION_DIVIDENDO,,,
379,2023-05-15T13:30:00Z,OPEN_ENTRY,a4e552abf5c8981083928ed50ab84f51a59a4ce01e43b13aa4e701a4c45ce332,benchmark,BH_BUY,NASDAQ,AAPL,2023-05-15,,,2228.3474982310777,2226.4198571155707,8.748277929210005,8.760378840365362,173.16000366210938,173.33316366577145,USD,EURUSD,0.9181050312155711,2023-05-12T15:00:00Z,1.9257154001070553,0.0019257154001068866,0.0019237916084981885,,0.0,,114927.138128885,BH_REINVERSION_DIVIDENDO,,,
380,2023-05-15T13:30:00Z,OPEN_ENTRY,a4e552abf5c8981083928ed50ab84f51a59a4ce01e43b13aa4e701a4c45ce332,benchmark,BH_BUY,NYSE,LLY,2023-05-15,,,2226.4198571155707,2222.22222222234,4.046074270537319,4.056554858421088,435.3699951171875,435.8053651123046,USD,EURUSD,0.9181050312155711,2023-05-12T15:00:00Z,4.193441451779188,0.004193441451779023,0.004189252199579036,,0.0,,114927.12070122421,BH_REINVERSION_DIVIDENDO,,,
381,2023-05-15T20:00:00Z,CLOSE_DIVIDEND,a4e552abf5c8981083928ed50ab84f51a59a4ce01e43b13aa4e701a4c45ce332,benchmark,BH_DIVIDEND,NYSE,XOM,2023-05-15,,,2222.22222222234,2232.433892621951,,,,,USD,EURUSD,0.9194556822361163,2023-05-15T15:00:00Z,,,,10.211670399611021,0.0,,114840.88992913938,DIVIDENDO_BRUTO,,,
382,2023-05-16T13:30:00Z,OPEN_ENTRY,a4e552abf5c8981083928ed50ab84f51a59a4ce01e43b13aa4e701a4c45ce332,benchmark,BH_BUY,NYSE,XOM,2023-05-16,,,2232.433892621951,2222.22222222234,12.204629369908732,12.310564893815767,104.62999725341797,104.73462725067138,USD,EURUSD,0.9194556822361163,2023-05-15T15:00:00Z,10.201468930680342,0.010201468930679525,0.010191277653026683,,0.0,,115535.747532125,BH_REINVERSION_DIVIDENDO,,,
383,2023-05-17T20:00:00Z,CLOSE_DIVIDEND,a4e552abf5c8981083928ed50ab84f51a59a4ce01e43b13aa4e701a4c45ce332,benchmark,BH_DIVIDEND,NASDAQ,MSFT,2023-05-17,,,2222.22222222234,2225.2301751555938,,,,,USD,EURUSD,0.9234463015975621,2023-05-17T15:00:00Z,,,,3.0079529332540336,0.0,,116146.0296721295,DIVIDENDO_BRUTO,,,
384,2023-05-18T13:30:00Z,OPEN_ENTRY,a4e552abf5c8981083928ed50ab84f51a59a4ce01e43b13aa4e701a4c45ce332,benchmark,BH_BUY,NASDAQ,MSFT,2023-05-18,,,2225.2301751555938,2222.22222222234,4.790165046207048,4.800500490770359,314.5299987792969,314.84452877807615,USD,EURUSD,0.9234463015975621,2023-05-17T15:00:00Z,3.0049479852687653,0.0030049479852682914,0.0030019460392293577,,0.0,,117539.28794643645,BH_REINVERSION_DIVIDENDO,,,
385,2023-05-18T15:30:00Z,CLOSE_DIVIDEND,a4e552abf5c8981083928ed50ab84f51a59a4ce01e43b13aa4e701a4c45ce332,benchmark,BH_DIVIDEND,XETRA,DBK.DE,2023-05-18,,,2222.22222222234,2257.8550038812214,,,,,EUR,EUR,1.0,,,,,35.632781658881555,0.0,,117612.74477111202,DIVIDENDO_BRUTO,,,
386,2023-05-18T15:30:00Z,CLOSE_DIVIDEND,a4e552abf5c8981083928ed50ab84f51a59a4ce01e43b13aa4e701a4c45ce332,benchmark,BH_DIVIDEND,XETRA,R6C0.DE,2023-05-18,,,2257.8550038812214,2268.3431192137036,,,,,EUR,EUR,1.0,,,,,10.488115332482483,0.0,,117623.2328864445,DIVIDENDO_BRUTO,,,
387,2023-05-18T20:00:00Z,CLOSE_DIVIDEND,a4e552abf5c8981083928ed50ab84f51a59a4ce01e43b13aa4e701a4c45ce332,benchmark,BH_DIVIDEND,NYSE,CVX,2023-05-18,,,2268.3431192137036,2278.150120951782,,,,,USD,EURUSD,0.9248127254231019,2023-05-18T15:00:00Z,,,,9.807001738078183,0.0,,118078.66974293707,DIVIDENDO_BRUTO,,,
388,2023-05-19T07:00:00Z,OPEN_ENTRY,a4e552abf5c8981083928ed50ab84f51a59a4ce01e43b13aa4e701a4c45ce332,benchmark,BH_BUY,XETRA,DBK.DE,2023-05-19,,,2278.150120951782,2242.5173392929005,118.77593886293852,122.41470113779411,9.77299976348877,9.782772763252257,EUR,EUR,1.0,,35.59718447440715,0.03559718447440474,0.03556162285155239,,0.0,,119181.84325144143,BH_REINVERSION_DIVIDENDO,,,
389,2023-05-19T07:00:00Z,OPEN_ENTRY,a4e552abf5c8981083928ed50ab84f51a59a4ce01e43b13aa4e701a4c45ce332,benchmark,BH_BUY,XETRA,R6C0.DE,2023-05-19,,,2242.5173392929005,2232.029223960418,42.271615407989486,42.64631276701485,27.934999465942383,27.96293446540832,EUR,EUR,1.0,,10.477637694787697,0.010477637694785713,0.010467170524261679,,0.0,,119181.78483675438,BH_REINVERSION_DIVIDENDO,,,
390,2023-05-19T08:00:00Z,CLOSE_DIVIDEND,a4e552abf5c8981083928ed50ab84f51a59a4ce01e43b13aa4e701a4c45ce332,benchmark,BH_DIVIDEND,HKG,0700.HK,2023-05-19,,,2232.029223960418,2239.4244787107245,,,,,HKD,EURHKD,0.11814744801512286,2023-05-18T15:00:00Z,,,,7.395254750306296,0.0,,119189.18009150469,DIVIDENDO_BRUTO,,,
391,2023-05-19T13:30:00Z,OPEN_ENTRY,a4e552abf5c8981083928ed50ab84f51a59a4ce01e43b13aa4e701a4c45ce332,benchmark,BH_BUY,NYSE,CVX,2023-05-19,,,2239.4244787107245,2229.6174769726463,7.022722502903271,7.091049277838368,154.88999938964844,155.04488938903808,USD,EURUSD,0.9248127254231019,2023-05-18T15:00:00Z,9.79720453354464,0.009797204533542825,0.00978741711642758,,0.0,,119099.66152482548,BH_REINVERSION_DIVIDENDO,,,
392,2023-05-22T01:30:00Z,OPEN_ENTRY,a4e552abf5c8981083928ed50ab84f51a59a4ce01e43b13aa4e701a4c45ce332,benchmark,BH_BUY,HKG,0700.HK,2023-05-22,,,2229.6174769726463,2222.22222222234,26.08059841941354,26.268545025975627,331.79998779296875,332.13178778076167,HKD,EURHKD,0.11835159893010154,2023-05-19T15:00:00Z,7.387866883422873,0.0073878668834224115,0.007380486397024756,,0.0,,119267.51314749123,BH_REINVERSION_DIVIDENDO,,,
393,2023-05-22T15:30:00Z,CLOSE_DIVIDEND,a4e552abf5c8981083928ed50ab84f51a59a4ce01e43b13aa4e701a4c45ce332,benchmark,BH_DIVIDEND,MIL,ENI.MI,2023-05-22,,,2222.22222222234,2241.794295835869,,,,,EUR,EUR,1.0,,,,,19.572073613529234,0.0,,119344.71970814891,DIVIDENDO_BRUTO,,,
394,2023-05-23T07:00:00Z,OPEN_ENTRY,a4e552abf5c8981083928ed50ab84f51a59a4ce01e43b13aa4e701a4c45ce332,benchmark,BH_BUY,MIL,ENI.MI,2023-05-23,,,2241.794295835869,2222.22222222234,88.96397097058743,90.43593686587906,13.270000457763672,13.283270458221434,EUR,EUR,1.0,,19.5525210924368,0.01955252109243588,0.01953298810433025,,0.0,,119526.67448886995,BH_REINVERSION_DIVIDENDO,,,
395,2023-05-24T20:00:00Z,CLOSE_DIVIDEND,a4e552abf5c8981083928ed50ab84f51a59a4ce01e43b13aa4e701a4c45ce332,benchmark,BH_DIVIDEND,NASDAQ,AMAT,2023-05-24,,,2222.22222222234,2225.779762480282,,,,,USD,EURUSD,0.9272137227630969,2023-05-24T15:00:00Z,,,,3.557540257941933,0.0,,117763.48372446204,DIVIDENDO_BRUTO,,,
396,2023-05-25T13:30:00Z,OPEN_ENTRY,a4e552abf5c8981083928ed50ab84f51a59a4ce01e43b13aa4e701a4c45ce332,benchmark,BH_BUY,NASDAQ,AMAT,2023-05-25,,,2225.779762480282,2222.22222222234,11.99002240059492,12.02013284412784,127.16999816894531,127.29716816711425,USD,EURUSD,0.9272137227630969,2023-05-24T15:00:00Z,3.5539862716702633,0.0035539862716698067,0.003550435835834226,,0.0,,117954.88797802564,BH_REINVERSION_DIVIDENDO,,,
397,2023-05-30T15:30:00Z,CLOSE_DIVIDEND,a4e552abf5c8981083928ed50ab84f51a59a4ce01e43b13aa4e701a4c45ce332,benchmark,BH_DIVIDEND,PAR,SAF.PA,2023-05-30,,,2222.22222222234,2238.9578795178195,,,,,EUR,EUR,1.0,,,,,16.735657295479758,0.0,,122533.29989075103,DIVIDENDO_BRUTO,,,
398,2023-05-31T07:00:00Z,OPEN_ENTRY,a4e552abf5c8981083928ed50ab84f51a59a4ce01e43b13aa4e701a4c45ce332,benchmark,BH_BUY,PAR,SAF.PA,2023-05-31,,,2238.9578795178195,2222.22222222234,12.396783181836858,12.519413405737295,136.1999969482422,136.3361969451904,EUR,EUR,1.0,,16.71893835712264,0.01671893835711913,0.016702236120999074,,0.0,,122587.97809679787,BH_REINVERSION_DIVIDENDO,,,
399,2023-05-31T20:00:00Z,CLOSE_DIVIDEND,a4e552abf5c8981083928ed50ab84f51a59a4ce01e43b13aa4e701a4c45ce332,benchmark,BH_DIVIDEND,NASDAQ,QCOM,2023-05-31,,,2222.22222222234,2229.0091018083585,,,,,USD,EURUSD,0.9360666479453337,2023-05-31T15:00:00Z,,,,6.786879586018756,0.0,,122101.91530785825,DIVIDENDO_BRUTO,,,
400,2023-05-31T20:00:00Z,CLOSE_DIVIDEND,a4e552abf5c8981083928ed50ab84f51a59a4ce01e43b13aa4e701a4c45ce332,benchmark,BH_DIVIDEND,NYSE,GS,2023-05-31,,,2229.0091018083585,2238.7554768858136,,,,,USD,EURUSD,0.9360666479453337,2023-05-31T15:00:00Z,,,,9.746375077454896,0.0,,122111.6616829357,DIVIDENDO_BRUTO,,,
401,2023-05-31T20:00:00Z,CLOSE_DIVIDEND,a4e552abf5c8981083928ed50ab84f51a59a4ce01e43b13aa4e701a4c45ce332,benchmark,BH_DIVIDEND,NYSE,LMT,2023-05-31,,,2238.7554768858136,2246.581849625146,,,,,USD,EURUSD,0.9360666479453337,2023-05-31T15:00:00Z,,,,7.8263727393323625,0.0,,122119.48805567503,DIVIDENDO_BRUTO,,,
402,2023-06-01T13:30:00Z,OPEN_ENTRY,a4e552abf5c8981083928ed50ab84f51a59a4ce01e43b13aa4e701a4c45ce332,benchmark,BH_BUY,NASDAQ,QCOM,2023-06-01,,,2246.581849625146,2239.7949700391273,9.063029327179796,9.126192250463069,114.55999755859375,114.67455755615234,USD,EURUSD,0.9360666479453337,2023-05-31T15:00:00Z,6.780099486532224,0.00678009948653191,0.0067733261603714345,,0.0,,121792.29184765375,BH_REINVERSION_DIVIDENDO,,,
403,2023-06-01T13:30:00Z,OPEN_ENTRY,a4e552abf5c8981083928ed50ab84f51a59a4ce01e43b13aa4e701a4c45ce332,benchmark,BH_BUY,NYSE,GS,2023-06-01,,,2239.7949700391273,2230.0485949616723,4.164820998098026,4.19684238194477,324.510009765625,324.83451977539056,USD,EURUSD,0.9360666479453337,2023-05-31T15:00:00Z,9.73663843901588,0.009736638439015621,0.009726911527486472,,0.0,,121792.25409939695,BH_REINVERSION_DIVIDENDO,,,
404,2023-06-01T13:30:00Z,OPEN_ENTRY,a4e552abf5c8981083928ed50ab84f51a59a4ce01e43b13aa4e701a4c45ce332,benchmark,BH_BUY,NYSE,LMT,2023-06-01,,,2230.0485949616723,2222.22222222234,2.7869713324762544,2.8056971338776924,445.6000061035156,446.0456061096191,USD,EURUSD,0.9360666479453337,2023-05-31T15:00:00Z,7.8185541851472165,0.007818554185146098,0.007810743441704565,,0.0,,121792.21059969245,BH_REINVERSION_DIVIDENDO,,,
405,2023-06-01T20:00:00Z,CLOSE_DIVIDEND,a4e552abf5c8981083928ed50ab84f51a59a4ce01e43b13aa4e701a4c45ce332,benchmark,BH_DIVIDEND,NYSE,INFY,2023-06-01,,,2222.22222222234,2235.1797997457547,,,,,USD,EURUSD,0.9348415443582312,2023-06-01T15:00:00Z,,,,12.957577523414825,0.0,,122360.51009212287,DIVIDENDO_BRUTO,,,
406,2023-06-02T13:30:00Z,OPEN_ENTRY,a4e552abf5c8981083928ed50ab84f51a59a4ce01e43b13aa4e701a4c45ce332,benchmark,BH_BUY,NYSE,INFY,2023-06-02,,,2235.1797997457547,2222.22222222234,65.07380599435136,65.9543305474158,15.710000038146973,15.725710038185118,USD,EURUSD,0.9348415443582312,2023-06-01T15:00:00Z,12.944632890524302,0.012944632890523167,0.012931701189334021,,0.0,,123028.41435279444,BH_REINVERSION_DIVIDENDO,,,
407,2023-06-07T20:00:00Z,CLOSE_DIVIDEND,a4e552abf5c8981083928ed50ab84f51a59a4ce01e43b13aa4e701a4c45ce332,benchmark,BH_DIVIDEND,NASDAQ,NVDA,2023-06-07,,,2222.22222222234,2222.497485568579,,,,,USD,EURUSD,0.9330969487729774,2023-06-07T15:00:00Z,,,,0.27526334623917637,0.0,,124090.84674745004,DIVIDENDO_BRUTO,,,
408,2023-06-08T13:30:00Z,OPEN_ENTRY,a4e552abf5c8981083928ed50ab84f51a59a4ce01e43b13aa4e701a4c45ce332,benchmark,BH_BUY,NASDAQ,NVDA,2023-06-08,,,2222.497485568579,2222.22222222234,73.74993204113133,73.75773637312555,37.7239990234375,37.761723022460934,USD,EURUSD,0.9330969487729774,2023-06-07T15:00:00Z,0.2749883578812951,0.0002749883578812562,0.00027471364423703524,,0.0,,123331.58353163356,BH_REINVERSION_DIVIDENDO,,,
409,2023-06-15T15:30:00Z,CLOSE_DIVIDEND,a4e552abf5c8981083928ed50ab84f51a59a4ce01e43b13aa4e701a4c45ce332,benchmark,BH_DIVIDEND,XETRA,EQQQ.DE,2023-06-15,,,2222.22222222234,2223.6819239502483,,,,,EUR,EUR,1.0,,,,,1.4597017279082671,0.0,,127443.59403086833,DIVIDENDO_BRUTO,,,
410,2023-06-15T15:30:00Z,CLOSE_DIVIDEND,a4e552abf5c8981083928ed50ab84f51a59a4ce01e43b13aa4e701a4c45ce332,benchmark,BH_DIVIDEND,XETRA,EXSA.DE,2023-06-15,,,2223.6819239502483,2238.0431060497417,,,,,EUR,EUR,1.0,,,,,14.361182099493197,0.0,,127457.95521296782,DIVIDENDO_BRUTO,,,
411,2023-06-15T20:00:00Z,CLOSE_DIVIDEND,a4e552abf5c8981083928ed50ab84f51a59a4ce01e43b13aa4e701a4c45ce332,benchmark,BH_DIVIDEND,NYSE,TSM,2023-06-15,,,2238.0431060497417,2243.7010888467603,,,,,USD,EURUSD,0.9242998428690267,2023-06-15T15:00:00Z,,,,5.6579827970185255,0.0,,127269.74880321974,DIVIDENDO_BRUTO,,,
412,2023-06-16T07:00:00Z,OPEN_ENTRY,a4e552abf5c8981083928ed50ab84f51a59a4ce01e43b13aa4e701a4c45ce332,benchmark,BH_BUY,XETRA,EQQQ.DE,2023-06-16,,,2243.7010888467603,2242.241387118852,4.142419746659895,4.146720858691848,338.70001220703125,339.0387122192382,EUR,EUR,1.0,,1.4582434844238434,0.0014582434844236936,0.0014567866977258574,,0.0,,127955.49239569285,BH_REINVERSION_DIVIDENDO,,,
413,2023-06-16T07:00:00Z,OPEN_ENTRY,a4e552abf5c8981083928ed50ab84f51a59a4ce01e43b13aa4e701a4c45ce332,benchmark,BH_BUY,XETRA,EXSA.DE,2023-06-16,,,2242.241387118852,2227.8802050193585,27.33219414060685,27.6424214679831,46.20000076293945,46.24620076370239,EUR,EUR,1.0,,14.34683526422897,0.014346835264227309,0.014332502761466763,,0.0,,127955.42803969148,BH_REINVERSION_DIVIDENDO,,,
414,2023-06-16T13:30:00Z,OPEN_ENTRY,a4e552abf5c8981083928ed50ab84f51a59a4ce01e43b13aa4e701a4c45ce332,benchmark,BH_BUY,NYSE,TSM,2023-06-16,,,2227.8802050193585,2222.22222222234,13.663775866282014,13.721720921455063,105.43000030517578,105.53543030548094,USD,EURUSD,0.9242998428690267,2023-06-15T15:00:00Z,5.652330466551974,0.005652330466551447,0.005646683782768481,,0.0,,128010.5228248117,BH_REINVERSION_DIVIDENDO,,,
415,2023-06-21T15:30:00Z,CLOSE_DIVIDEND,a4e552abf5c8981083928ed50ab84f51a59a4ce01e43b13aa4e701a4c45ce332,benchmark,BH_DIVIDEND,PAR,TTE.PA,2023-06-21,,,2222.22222222234,2238.553560264499,,,,,EUR,EUR,1.0,,,,,16.331338042159295,0.0,,126039.22161891154,DIVIDENDO_BRUTO,,,
416,2023-06-21T20:00:00Z,CLOSE_DIVIDEND,a4e552abf5c8981083928ed50ab84f51a59a4ce01e43b13aa4e701a4c45ce332,benchmark,BH_DIVIDEND,NASDAQ,AVGO,2023-06-21,,,2238.553560264499,2248.158389611196,,,,,USD,EURUSD,0.9154994049253867,2023-06-21T15:00:00Z,,,,9.60482934669687,0.0,,125787.38377977679,DIVIDENDO_BRUTO,,,
417,2023-06-22T07:00:00Z,OPEN_ENTRY,a4e552abf5c8981083928ed50ab84f51a59a4ce01e43b13aa4e701a4c45ce332,benchmark,BH_BUY,PAR,TTE.PA,2023-06-22,,,2248.158389611196,2231.827051569037,22.069375732647696,22.37505323430056,53.31999969482422,53.37331969451904,EUR,EUR,1.0,,16.315023019140156,0.01631502301913912,0.016298724294844406,,0.0,,124664.93783262112,BH_REINVERSION_DIVIDENDO,,,
418,2023-06-22T13:30:00Z,OPEN_ENTRY,a4e552abf5c8981083928ed50ab84f51a59a4ce01e43b13aa4e701a4c45ce332,benchmark,BH_BUY,NASDAQ,AVGO,2023-06-22,,,2231.827051569037,2222.22222222234,22.807293685645636,22.931190589935447,84.50900268554688,84.59351168823241,USD,EURUSD,0.9154994049253867,2023-06-21T15:00:00Z,9.595234112584288,0.009595234112582673,0.009585648464118931,,0.0,,124664.94780218072,BH_REINVERSION_DIVIDENDO,,,
419,2023-07-06T20:00:00Z,CLOSE_DIVIDEND,a4e552abf5c8981083928ed50ab84f51a59a4ce01e43b13aa4e701a4c45ce332,benchmark,BH_DIVIDEND,NASDAQ,MRVL,2023-07-06,,,2222.22222222234,2223.5191165770916,,,,,USD,EURUSD,0.9175153683824203,2023-07-06T15:00:00Z,,,,1.2968943547516079,0.0,,124879.67742228779,DIVIDENDO_BRUTO,,,
420,2023-07-06T20:00:00Z,CLOSE_DIVIDEND,a4e552abf5c8981083928ed50ab84f51a59a4ce01e43b13aa4e701a4c45ce332,benchmark,BH_DIVIDEND,NYSE,MA,2023-07-06,,,2223.5191165770916,2225.425175731975,,,,,USD,EURUSD,0.9175153683824203,2023-07-06T15:00:00Z,,,,1.9060591548833148,0.0,,124881.58348144266,DIVIDENDO_BRUTO,,,
421,2023-07-07T13:30:00Z,OPEN_ENTRY,a4e552abf5c8981083928ed50ab84f51a59a4ce01e43b13aa4e701a4c45ce332,benchmark,BH_BUY,NASDAQ,MRVL,2023-07-07,,,2225.425175731975,2224.128281377223,23.558085954062957,23.58163231402508,59.90999984741211,59.969909847259515,USD,EURUSD,0.9175153683824203,2023-07-06T15:00:00Z,1.2955987559956124,0.0012955987559954973,0.0012943044515439357,,0.0,,123996.11027274521,BH_REINVERSION_DIVIDENDO,,,
422,2023-07-07T13:30:00Z,OPEN_ENTRY,a4e552abf5c8981083928ed50ab84f51a59a4ce01e43b13aa4e701a4c45ce332,benchmark,BH_BUY,NYSE,MA,2023-07-07,,,2224.128281377223,2222.22222222234,3.644585741942676,3.649892825467144,390.6600036621094,391.0506636657714,USD,EURUSD,0.9175153683824203,2023-07-06T15:00:00Z,1.9041549998834315,0.0019041549998832785,0.001902252747136001,,0.0,,123996.11854233107,BH_REINVERSION_DIVIDENDO,,,
423,2023-07-07T15:30:00Z,CLOSE_DIVIDEND,a4e552abf5c8981083928ed50ab84f51a59a4ce01e43b13aa4e701a4c45ce332,benchmark,BH_DIVIDEND,MCE,IBE.MC,2023-07-07,,,2222.22222222234,2258.4964927158494,,,,,EUR,EUR,1.0,,,,,36.27427049350963,0.0,,124120.4583771202,DIVIDENDO_BRUTO,,,
424,2023-07-07T20:00:00Z,CLOSE_DIVIDEND,a4e552abf5c8981083928ed50ab84f51a59a4ce01e43b13aa4e701a4c45ce332,benchmark,BH_DIVIDEND,NASDAQ,MU,2023-07-07,,,2258.4964927158494,2260.576498557792,,,,,USD,EURUSD,0.9184423218221895,2023-07-07T15:00:00Z,,,,2.0800058419426666,0.0,,124266.63711545078,DIVIDENDO_BRUTO,,,
425,2023-07-10T07:00:00Z,OPEN_ENTRY,a4e552abf5c8981083928ed50ab84f51a59a4ce01e43b13aa4e701a4c45ce332,benchmark,BH_BUY,MCE,IBE.MC,2023-07-10,,,2260.576498557792,2224.3022280642826,114.79199523262542,118.05048593911798,11.109999656677246,11.121109656333923,EUR,EUR,1.0,,36.23803246104859,0.036238032461042735,0.03620183063041674,,0.0,,124062.06664453824,BH_REINVERSION_DIVIDENDO,,,
426,2023-07-10T13:30:00Z,OPEN_ENTRY,a4e552abf5c8981083928ed50ab84f51a59a4ce01e43b13aa4e701a4c45ce332,benchmark,BH_BUY,NASDAQ,MU,2023-07-10,,,2224.3022280642826,2222.22222222234,19.69313357136674,19.73028937700598,60.83000183105469,60.89083183288574,USD,EURUSD,0.9184423218221895,2023-07-07T15:00:00Z,2.077927914028638,0.00207792791402861,0.002075852061966516,,0.0,,124085.31518621114,BH_REINVERSION_DIVIDENDO,,,
427,2023-07-11T20:00:00Z,CLOSE_DIVIDEND,a4e552abf5c8981083928ed50ab84f51a59a4ce01e43b13aa4e701a4c45ce332,benchmark,BH_DIVIDEND,NYSE,ORCL,2023-07-11,,,2222.22222222234,2228.18697371227,,,,,USD,EURUSD,0.91000091000091,2023-07-11T15:00:00Z,,,,5.964751489930296,0.0,,124756.87533973066,DIVIDENDO_BRUTO,,,
428,2023-07-12T13:30:00Z,OPEN_ENTRY,a4e552abf5c8981083928ed50ab84f51a59a4ce01e43b13aa4e701a4c45ce332,benchmark,BH_BUY,NYSE,ORCL,2023-07-12,,,2228.18697371227,2222.22222222234,16.386663530711004,16.44321731149101,115.66999816894531,115.78566816711424,USD,EURUSD,0.91000091000091,2023-07-11T15:00:00Z,5.958792697233064,0.005958792697231985,0.005952839857374683,,0.0,,125198.84436847169,BH_REINVERSION_DIVIDENDO,,,
429,2023-07-13T15:30:00Z,CLOSE_DIVIDEND,a4e552abf5c8981083928ed50ab84f51a59a4ce01e43b13aa4e701a4c45ce332,benchmark,BH_DIVIDEND,XETRA,EUNH.DE,2023-07-13,,,2222.22222222234,2229.0818313869772,,,,,EUR,EUR,1.0,,,,,6.859609164637387,0.0,,125585.89208452697,DIVIDENDO_BRUTO,,,
430,2023-07-13T20:00:00Z,CLOSE_DIVIDEND,a4e552abf5c8981083928ed50ab84f51a59a4ce01e43b13aa4e701a4c45ce332,benchmark,BH_DIVIDEND,NYSE,ABBV,2023-07-13,,,2229.0818313869772,2240.5096370865613,,,,,USD,EURUSD,0.8942944017170452,2023-07-13T15:00:00Z,,,,11.42780569958399,0.0,,125879.91273156564,DIVIDENDO_BRUTO,,,
431,2023-07-14T07:00:00Z,OPEN_ENTRY,a4e552abf5c8981083928ed50ab84f51a59a4ce01e43b13aa4e701a4c45ce332,benchmark,BH_BUY,XETRA,EUNH.DE,2023-07-14,,,2240.5096370865613,2233.650027921924,9.980516753437199,10.044345112702885,107.25499725341797,107.36225225067138,EUR,EUR,1.0,,6.852756408229158,0.0068527564082287995,0.00684591049773068,,0.0,,127293.57105547609,BH_REINVERSION_DIVIDENDO,,,
432,2023-07-14T13:30:00Z,OPEN_ENTRY,a4e552abf5c8981083928ed50ab84f51a59a4ce01e43b13aa4e701a4c45ce332,benchmark,BH_BUY,NYSE,ABBV,2023-07-14,,,2233.650027921924,2222.22222222234,8.634170495455958,8.728826873973663,134.72999572753906,134.8647257232666,USD,EURUSD,0.8942944017170452,2023-07-13T15:00:00Z,11.416389310273718,0.011416389310271668,0.011404984325946617,,0.0,,127298.60548550208,BH_REINVERSION_DIVIDENDO,,,
433,2023-07-17T15:30:00Z,CLOSE_DIVIDEND,a4e552abf5c8981083928ed50ab84f51a59a4ce01e43b13aa4e701a4c45ce332,benchmark,BH_DIVIDEND,XETRA,EXH1.DE,2023-07-17,,,2222.22222222234,2231.027166289183,,,,,EUR,EUR,1.0,,,,,8.804944066842948,0.0,,126749.01209914984,DIVIDENDO_BRUTO,,,
434,2023-07-17T15:30:00Z,CLOSE_DIVIDEND,a4e552abf5c8981083928ed50ab84f51a59a4ce01e43b13aa4e701a4c45ce332,benchmark,BH_DIVIDEND,XETRA,EXV1.DE,2023-07-17,,,2231.027166289183,2280.451634822561,,,,,EUR,EUR,1.0,,,,,49.42446853337831,0.0,,126798.43656768321,DIVIDENDO_BRUTO,,,
435,2023-07-18T07:00:00Z,OPEN_ENTRY,a4e552abf5c8981083928ed50ab84f51a59a4ce01e43b13aa4e701a4c45ce332,benchmark,BH_BUY,XETRA,EXH1.DE,2023-07-18,,,2280.451634822561,2271.6466907557183,33.418644977656044,33.6857379913586,32.900001525878906,32.93290152740478,EUR,EUR,1.0,,8.796147918924024,0.00879614791892358,0.008787360558364416,,0.0,,127256.55031931428,BH_REINVERSION_DIVIDENDO,,,
436,2023-07-18T07:00:00Z,OPEN_ENTRY,a4e552abf5c8981083928ed50ab84f51a59a4ce01e43b13aa4e701a4c45ce332,benchmark,BH_BUY,XETRA,EXV1.DE,2023-07-18,,,2271.6466907557183,2222.22222222234,89.80584745175473,92.96492050542386,15.61400032043457,15.629614320755003,EUR,EUR,1.0,,49.375093439938375,0.0493750934399344,0.049325767672260545,,0.0,,127256.36316479328,BH_REINVERSION_DIVIDENDO,,,
437,2023-07-19T20:00:00Z,CLOSE_DIVIDEND,a4e552abf5c8981083928ed50ab84f51a59a4ce01e43b13aa4e701a4c45ce332,benchmark,BH_DIVIDEND,NYSE,CAT,2023-07-19,,,2222.22222222234,2228.829149608248,,,,,USD,EURUSD,0.8911067545891997,2023-07-19T15:00:00Z,,,,6.606927385908188,0.0,,127830.88109479818,DIVIDENDO_BRUTO,,,
438,2023-07-20T13:30:00Z,OPEN_ENTRY,a4e552abf5c8981083928ed50ab84f51a59a4ce01e43b13aa4e701a4c45ce332,benchmark,BH_BUY,NYSE,CAT,2023-07-20,,,2228.829149608248,2222.22222222234,5.70330300958936,5.731313333099932,264.1700134277344,264.4341834411621,USD,EURUSD,0.8911067545891997,2023-07-19T15:00:00Z,6.600327058849339,0.006600327058849054,0.006593733325522998,,0.0,,127737.3801103723,BH_REINVERSION_DIVIDENDO,,,
439,2023-08-01T15:30:00Z,CLOSE_DIVIDEND,a4e552abf5c8981083928ed50ab84f51a59a4ce01e43b13aa4e701a4c45ce332,benchmark,BH_DIVIDEND,AMS,ASML.AS,2023-08-01,,,2222.22222222234,2225.582108820151,,,,,EUR,EUR,1.0,,,,,3.35988659781102,0.0,,131823.20244056793,DIVIDENDO_BRUTO,,,
440,2023-08-02T07:00:00Z,OPEN_ENTRY,a4e552abf5c8981083928ed50ab84f51a59a4ce01e43b13aa4e701a4c45ce332,benchmark,BH_BUY,AMS,ASML.AS,2023-08-02,,,2225.582108820151,2222.22222222234,2.317163170904152,2.3224362905174782,635.9000244140625,636.5359244384765,EUR,EUR,1.0,,3.3565300677432774,0.0033565300677427246,0.003353176890852166,,0.0,,131040.94401780206,BH_REINVERSION_DIVIDENDO,,,
441,2023-08-04T20:00:00Z,CLOSE_DIVIDEND,a4e552abf5c8981083928ed50ab84f51a59a4ce01e43b13aa4e701a4c45ce332,benchmark,BH_DIVIDEND,NASDAQ,INTC,2023-08-04,,,2222.22222222234,2225.846115477252,,,,,USD,EURUSD,0.913575735428467,2023-08-04T15:00:00Z,,,,3.6238932549120526,0.0,,128770.90217253442,DIVIDENDO_BRUTO,,,
442,2023-08-07T13:30:00Z,OPEN_ENTRY,a4e552abf5c8981083928ed50ab84f51a59a4ce01e43b13aa4e701a4c45ce332,benchmark,BH_BUY,NASDAQ,INTC,2023-08-07,,,2225.846115477252,2222.22222222234,31.73370845461386,31.84550715642312,35.40999984741211,35.44540984725952,USD,EURUSD,0.913575735428467,2023-08-04T15:00:00Z,3.620272981930123,0.003620272981929684,0.0036166563256042803,,0.0,,128411.23716254438,BH_REINVERSION_DIVIDENDO,,,
443,2023-08-10T15:30:00Z,CLOSE_DIVIDEND,a4e552abf5c8981083928ed50ab84f51a59a4ce01e43b13aa4e701a4c45ce332,benchmark,BH_DIVIDEND,XETRA,R6C0.DE,2023-08-10,,,2222.22222222234,2234.404269403176,,,,,EUR,EUR,1.0,,,,,12.182047180836092,0.0,,126699.47576330647,DIVIDENDO_BRUTO,,,
444,2023-08-10T20:00:00Z,CLOSE_DIVIDEND,a4e552abf5c8981083928ed50ab84f51a59a4ce01e43b13aa4e701a4c45ce332,benchmark,BH_DIVIDEND,NASDAQ,AZN,2023-08-10,,,2234.404269403176,2242.961670801089,,,,,USD,EURUSD,0.9075233687267447,2023-08-10T15:00:00Z,,,,8.557401397912836,0.0,,127220.1118084805,DIVIDENDO_BRUTO,,,
445,2023-08-10T20:00:00Z,CLOSE_DIVIDEND,a4e552abf5c8981083928ed50ab84f51a59a4ce01e43b13aa4e701a4c45ce332,benchmark,BH_DIVIDEND,NYSE,V,2023-08-10,,,2242.961670801089,2245.43777859514,,,,,USD,EURUSD,0.9075233687267447,2023-08-10T15:00:00Z,,,,2.4761077940513534,0.0,,127222.58791627456,DIVIDENDO_BRUTO,,,
446,2023-08-11T07:00:00Z,OPEN_ENTRY,a4e552abf5c8981083928ed50ab84f51a59a4ce01e43b13aa4e701a4c45ce332,benchmark,BH_BUY,XETRA,R6C0.DE,2023-08-11,,,2245.43777859514,2233.255731414304,42.64631276701485,43.076294013627525,28.274999618530273,28.3032746181488,EUR,EUR,1.0,,12.16987730353256,0.012169877303531251,0.01215771958394767,,0.0,,127500.78899386864,BH_REINVERSION_DIVIDENDO,,,
447,2023-08-11T13:30:00Z,OPEN_ENTRY,a4e552abf5c8981083928ed50ab84f51a59a4ce01e43b13aa4e701a4c45ce332,benchmark,BH_BUY,NASDAQ,AZN,2023-08-11,,,2233.255731414304,2224.698330016391,10.139140430494788,10.206648109560247,139.39999389648438,139.53939389038084,USD,EURUSD,0.9075233687267447,2023-08-10T15:00:00Z,8.548852545367469,0.00854885254536697,0.008540312233132915,,0.0,,127479.39949017877,BH_REINVERSION_DIVIDENDO,,,
448,2023-08-11T13:30:00Z,OPEN_ENTRY,a4e552abf5c8981083928ed50ab84f51a59a4ce01e43b13aa4e701a4c45ce332,benchmark,BH_BUY,NYSE,V,2023-08-11,,,2224.698330016391,2222.22222222234,6.06316261836708,6.0745083454765725,240.0,240.23999999999998,USD,EURUSD,0.9075233687267447,2023-08-10T15:00:00Z,2.4736341598914624,0.0024736341598909917,0.002471162996894369,,0.0,,127479.39619286133,BH_REINVERSION_DIVIDENDO,,,
449,2023-08-11T20:00:00Z,CLOSE_DIVIDEND,a4e552abf5c8981083928ed50ab84f51a59a4ce01e43b13aa4e701a4c45ce332,benchmark,BH_DIVIDEND,NASDAQ,AAPL,2023-08-11,,,2222.22222222234,2224.1328828200203,,,,,USD,EURUSD,0.9087604507451835,2023-08-11T15:00:00Z,,,,1.9106605976805588,0.0,,126907.65144636697,DIVIDENDO_BRUTO,,,
450,2023-08-14T13:30:00Z,OPEN_ENTRY,a4e552abf5c8981083928ed50ab84f51a59a4ce01e43b13aa4e701a4c45ce332,benchmark,BH_BUY,NASDAQ,AAPL,2023-08-14,,,2224.1328828200203,2222.22222222234,8.760378840365362,8.772168986033314,177.97000122070312,178.1479712219238,USD,EURUSD,0.9087604507451835,2023-08-11T15:00:00Z,1.9087518458347243,0.0019087518458344999,0.001906845000833555,,0.0,,126360.84166086266,BH_REINVERSION_DIVIDENDO,,,
451,2023-08-14T20:00:00Z,CLOSE_DIVIDEND,a4e552abf5c8981083928ed50ab84f51a59a4ce01e43b13aa4e701a4c45ce332,benchmark,BH_DIVIDEND,NYSE,LLY,2023-08-14,,,2222.22222222234,2226.416098699939,,,,,USD,EURUSD,0.9149130832570906,2023-08-14T15:00:00Z,,,,4.193876477599112,0.0,,126975.60629304101,DIVIDENDO_BRUTO,,,
452,2023-08-15T13:30:00Z,OPEN_ENTRY,a4e552abf5c8981083928ed50ab84f51a59a4ce01e43b13aa4e701a4c45ce332,benchmark,BH_BUY,NYSE,LLY,2023-08-15,,,2226.416098699939,2222.22222222234,4.056554858421088,4.065062386503223,537.72998046875,538.2677104492187,USD,EURUSD,0.9149130832570906,2023-08-14T15:00:00Z,4.189686790808304,0.004189686790807556,0.004185501289518594,,0.0,,128007.31421873062,BH_REINVERSION_DIVIDENDO,,,
453,2023-08-15T20:00:00Z,CLOSE_DIVIDEND,a4e552abf5c8981083928ed50ab84f51a59a4ce01e43b13aa4e701a4c45ce332,benchmark,BH_DIVIDEND,NYSE,XOM,2023-08-15,,,2222.22222222234,2232.4753926903727,,,,,USD,EURUSD,0.9152480322167307,2023-08-15T15:00:00Z,,,,10.253170468032536,0.0,,127527.46166142375,DIVIDENDO_BRUTO,,,
454,2023-08-16T13:30:00Z,OPEN_ENTRY,a4e552abf5c8981083928ed50ab84f51a59a4ce01e43b13aa4e701a4c45ce332,benchmark,BH_BUY,NYSE,XOM,2023-08-16,,,2232.4753926903727,2222.22222222234,12.310564893815767,12.413817964691226,108.27999877929688,108.38827877807616,USD,EURUSD,0.9152480322167307,2023-08-15T15:00:00Z,10.242927540492046,0.010242927540490498,0.010232694845644907,,0.0,,126737.50154348554,BH_REINVERSION_DIVIDENDO,,,
455,2023-08-16T20:00:00Z,CLOSE_DIVIDEND,a4e552abf5c8981083928ed50ab84f51a59a4ce01e43b13aa4e701a4c45ce332,benchmark,BH_DIVIDEND,NASDAQ,MSFT,2023-08-16,,,2222.22222222234,2225.212640263494,,,,,USD,EURUSD,0.9160864785635765,2023-08-16T15:00:00Z,,,,2.990418041154127,0.0,,126675.36035267795,DIVIDENDO_BRUTO,,,
456,2023-08-17T13:30:00Z,OPEN_ENTRY,a4e552abf5c8981083928ed50ab84f51a59a4ce01e43b13aa4e701a4c45ce332,benchmark,BH_BUY,NASDAQ,MSFT,2023-08-17,,,2225.212640263494,2222.22222222234,4.800500490770359,4.810664031502217,320.5400085449219,320.86054855346674,USD,EURUSD,0.9160864785635765,2023-08-16T15:00:00Z,2.9874306105435835,0.0029874306105432957,0.002984446164378697,,0.0,,126056.31630721492,BH_REINVERSION_DIVIDENDO,,,
457,2023-08-17T20:00:00Z,CLOSE_DIVIDEND,a4e552abf5c8981083928ed50ab84f51a59a4ce01e43b13aa4e701a4c45ce332,benchmark,BH_DIVIDEND,NYSE,CVX,2023-08-17,,,2222.22222222234,2232.0456024145747,,,,,USD,EURUSD,0.9174311926605504,2023-08-17T15:00:00Z,,,,9.823380192234804,0.0,,125283.63780543066,DIVIDENDO_BRUTO,,,
458,2023-08-18T13:30:00Z,OPEN_ENTRY,a4e552abf5c8981083928ed50ab84f51a59a4ce01e43b13aa4e701a4c45ce332,benchmark,BH_BUY,NYSE,CVX,2023-08-18,,,2232.0456024145747,2222.22222222234,7.091049277838368,7.158520556983109,158.3800048828125,158.5383848876953,USD,EURUSD,0.9174311926605504,2023-08-17T15:00:00Z,9.813566625609196,0.009813566625608061,0.009803762862744862,,0.0,,124489.35158546464,BH_REINVERSION_DIVIDENDO,,,
459,2023-08-23T20:00:00Z,CLOSE_DIVIDEND,a4e552abf5c8981083928ed50ab84f51a59a4ce01e43b13aa4e701a4c45ce332,benchmark,BH_DIVIDEND,NASDAQ,AMAT,2023-08-23,,,2222.22222222234,2225.7820949758066,,,,,USD,EURUSD,0.9254974548819991,2023-08-23T15:00:00Z,,,,3.559872753466829,0.0,,126940.02973230874,DIVIDENDO_BRUTO,,,
460,2023-08-24T13:30:00Z,OPEN_ENTRY,a4e552abf5c8981083928ed50ab84f51a59a4ce01e43b13aa4e701a4c45ce332,benchmark,BH_BUY,NASDAQ,AMAT,2023-08-24,,,2225.7820949758066,2222.22222222234,12.02013284412784,12.045803309029603,149.5399932861328,149.68953327941892,USD,EURUSD,0.9254974548819991,2023-08-23T15:00:00Z,3.5563164370297993,0.003556316437029583,0.003552763673355946,,0.0,,128088.75214518119,BH_REINVERSION_DIVIDENDO,,,
461,2023-08-30T20:00:00Z,CLOSE_DIVIDEND,a4e552abf5c8981083928ed50ab84f51a59a4ce01e43b13aa4e701a4c45ce332,benchmark,BH_DIVIDEND,NASDAQ,QCOM,2023-08-30,,,2222.22222222234,2228.9289591324728,,,,,USD,EURUSD,0.9186110600771633,2023-08-30T15:00:00Z,,,,6.7067369101326975,0.0,,128979.13247364051,DIVIDENDO_BRUTO,,,
462,2023-08-30T20:00:00Z,CLOSE_DIVIDEND,a4e552abf5c8981083928ed50ab84f51a59a4ce01e43b13aa4e701a4c45ce332,benchmark,BH_DIVIDEND,NYSE,GS,2023-08-30,,,2228.9289591324728,2239.530940163474,,,,,USD,EURUSD,0.9186110600771633,2023-08-30T15:00:00Z,,,,10.601981031001394,0.0,,128989.7344546715,DIVIDENDO_BRUTO,,,
463,2023-08-31T13:30:00Z,OPEN_ENTRY,a4e552abf5c8981083928ed50ab84f51a59a4ce01e43b13aa4e701a4c45ce332,benchmark,BH_BUY,NASDAQ,QCOM,2023-08-31,,,2239.530940163474,2232.8242032533412,9.126192250463069,9.191000342135094,112.43000030517578,112.54243030548095,USD,EURUSD,0.9186110600771633,2023-08-30T15:00:00Z,6.700036873259439,0.006700036873258597,0.0066933435297292015,,0.0,,129599.19888955985,BH_REINVERSION_DIVIDENDO,,,
464,2023-08-31T13:30:00Z,OPEN_ENTRY,a4e552abf5c8981083928ed50ab84f51a59a4ce01e43b13aa4e701a4c45ce332,benchmark,BH_BUY,NYSE,GS,2023-08-31,,,2232.8242032533412,2222.22222222234,4.19684238194477,4.2318087410930625,329.4100036621094,329.73941366577145,USD,EURUSD,0.9186110600771633,2023-08-30T15:00:00Z,10.591389641360035,0.010591389641358973,0.010580808832526442,,0.0,,129599.1510568105,BH_REINVERSION_DIVIDENDO,,,
465,2023-08-31T20:00:00Z,CLOSE_DIVIDEND,a4e552abf5c8981083928ed50ab84f51a59a4ce01e43b13aa4e701a4c45ce332,benchmark,BH_DIVIDEND,NYSE,LMT,2023-08-31,,,2222.22222222234,2229.9670615687082,,,,,USD,EURUSD,0.9201324990798675,2023-08-31T15:00:00Z,,,,7.744839346368307,0.0,,129919.92799611896,DIVIDENDO_BRUTO,,,
466,2023-09-01T13:30:00Z,OPEN_ENTRY,a4e552abf5c8981083928ed50ab84f51a59a4ce01e43b13aa4e701a4c45ce332,benchmark,BH_BUY,NYSE,LMT,2023-09-01,,,2229.9670615687082,2222.22222222234,2.8056971338776924,2.8243511627901356,450.32000732421875,450.77032733154294,USD,EURUSD,0.9201324990798675,2023-08-31T15:00:00Z,7.737102244124184,0.007737102244123051,0.007729372871252512,,0.0,,130089.26349815373,BH_REINVERSION_DIVIDENDO,,,
467,2023-09-06T20:00:00Z,CLOSE_DIVIDEND,a4e552abf5c8981083928ed50ab84f51a59a4ce01e43b13aa4e701a4c45ce332,benchmark,BH_DIVIDEND,NASDAQ,NVDA,2023-09-06,,,2222.22222222234,2222.496797322845,,,,,USD,EURUSD,0.9306654257794322,2023-09-06T15:00:00Z,,,,0.27457510050488804,0.0,,130872.17055637366,DIVIDENDO_BRUTO,,,
468,2023-09-07T13:30:00Z,OPEN_ENTRY,a4e552abf5c8981083928ed50ab84f51a59a4ce01e43b13aa4e701a4c45ce332,benchmark,BH_BUY,NASDAQ,NVDA,2023-09-07,,,2222.496797322845,2222.22222222234,73.75773637312555,73.76420406686849,45.525001525878906,45.57052652740478,USD,EURUSD,0.9306654257794322,2023-09-06T15:00:00Z,0.2743007997051829,0.00027430079970514054,0.0002740267729322219,,0.0,,130300.07479966494,BH_REINVERSION_DIVIDENDO,,,
469,2023-09-14T15:30:00Z,CLOSE_DIVIDEND,a4e552abf5c8981083928ed50ab84f51a59a4ce01e43b13aa4e701a4c45ce332,benchmark,BH_DIVIDEND,XETRA,EQQQ.DE,2023-09-14,,,2222.22222222234,2223.7148136618216,,,,,EUR,EUR,1.0,,,,,1.4925914394818371,0.0,,130231.76173441776,DIVIDENDO_BRUTO,,,
470,2023-09-14T15:30:00Z,CLOSE_DIVIDEND,a4e552abf5c8981083928ed50ab84f51a59a4ce01e43b13aa4e701a4c45ce332,benchmark,BH_DIVIDEND,XETRA,IQQK.DE,2023-09-14,,,2223.7148136618216,2225.14937940712,,,,,EUR,EUR,1.0,,,,,1.4345657452982177,0.0,,130233.19630016305,DIVIDENDO_BRUTO,,,
471,2023-09-14T15:30:00Z,CLOSE_DIVIDEND,a4e552abf5c8981083928ed50ab84f51a59a4ce01e43b13aa4e701a4c45ce332,benchmark,BH_DIVIDEND,XETRA,IQQT.DE,2023-09-14,,,2225.14937940712,2249.5663078643934,,,,,EUR,EUR,1.0,,,,,24.41692845727378,0.0,,130257.61322862034,DIVIDENDO_BRUTO,,,
472,2023-09-14T20:00:00Z,CLOSE_DIVIDEND,a4e552abf5c8981083928ed50ab84f51a59a4ce01e43b13aa4e701a4c45ce332,benchmark,BH_DIVIDEND,NYSE,TSM,2023-09-14,,,2249.5663078643934,2255.5895423042866,,,,,USD,EURUSD,0.9319664492078286,2023-09-14T15:00:00Z,,,,6.023234439893136,0.0,,130990.58166559301,DIVIDENDO_BRUTO,,,
473,2023-09-15T07:00:00Z,OPEN_ENTRY,a4e552abf5c8981083928ed50ab84f51a59a4ce01e43b13aa4e701a4c45ce332,benchmark,BH_BUY,XETRA,EQQQ.DE,2023-09-15,,,2255.5895423042866,2254.096950864805,4.146720858691848,4.150906922209804,355.8500061035156,356.2058561096191,EUR,EUR,1.0,,1.4911003391426947,0.0014911003391424593,0.0014896107284141339,,0.0,,131550.96920595274,BH_REINVERSION_DIVIDENDO,,,
474,2023-09-15T07:00:00Z,OPEN_ENTRY,a4e552abf5c8981083928ed50ab84f51a59a4ce01e43b13aa4e701a4c45ce332,benchmark,BH_BUY,XETRA,IQQK.DE,2023-09-15,,,2254.096950864805,2252.662385119507,27.469472757701777,27.504021526022704,41.439998626708984,41.48143862533569,EUR,EUR,1.0,,1.4331326126855324,0.001433132612685295,0.0014317009117736938,,0.0,,131550.94457549005,BH_REINVERSION_DIVIDENDO,,,
475,2023-09-15T07:00:00Z,OPEN_ENTRY,a4e552abf5c8981083928ed50ab84f51a59a4ce01e43b13aa4e701a4c45ce332,benchmark,BH_BUY,XETRA,IQQT.DE,2023-09-15,,,2252.662385119507,2228.245456662233,16.807766727637784,17.191155135867724,63.560001373291016,63.6235613746643,EUR,EUR,1.0,,24.39253592135243,0.0243925359213506,0.02436816775359563,,0.0,,131550.79613298125,BH_REINVERSION_DIVIDENDO,,,
476,2023-09-15T13:30:00Z,OPEN_ENTRY,a4e552abf5c8981083928ed50ab84f51a59a4ce01e43b13aa4e701a4c45ce332,benchmark,BH_BUY,NYSE,TSM,2023-09-15,,,2228.245456662233,2222.22222222234,13.721720921455063,13.792984029439099,90.51000213623047,90.6005121383667,USD,EURUSD,0.9319664492078286,2023-09-14T15:00:00Z,6.017217222670466,0.006017217222670013,0.0060112060166536,,0.0,,131544.71185670918,BH_REINVERSION_DIVIDENDO,,,
477,2023-09-15T15:30:00Z,CLOSE_DIVIDEND,a4e552abf5c8981083928ed50ab84f51a59a4ce01e43b13aa4e701a4c45ce332,benchmark,BH_DIVIDEND,XETRA,EXSA.DE,2023-09-15,,,2222.22222222234,2234.3767331539193,,,,,EUR,EUR,1.0,,,,,12.15451093157951,0.0,,132022.98769046957,DIVIDENDO_BRUTO,,,
478,2023-09-18T07:00:00Z,OPEN_ENTRY,a4e552abf5c8981083928ed50ab84f51a59a4ce01e43b13aa4e701a4c45ce332,benchmark,BH_BUY,XETRA,EXSA.DE,2023-09-18,,,2234.3767331539193,2222.22222222234,27.6424214679831,27.908435475233034,45.599998474121094,45.64559847259521,EUR,EUR,1.0,,12.142368563016495,0.012142368563015538,0.012130238324690684,,0.0,,130818.62627366815,BH_REINVERSION_DIVIDENDO,,,
479,2023-09-18T15:30:00Z,CLOSE_DIVIDEND,a4e552abf5c8981083928ed50ab84f51a59a4ce01e43b13aa4e701a4c45ce332,benchmark,BH_DIVIDEND,MIL,ENI.MI,2023-09-18,,,2222.22222222234,2243.926847070151,,,,,EUR,EUR,1.0,,,,,21.704624847810972,0.0,,130750.25107767427,DIVIDENDO_BRUTO,,,
480,2023-09-19T07:00:00Z,OPEN_ENTRY,a4e552abf5c8981083928ed50ab84f51a59a4ce01e43b13aa4e701a4c45ce332,benchmark,BH_BUY,MIL,ENI.MI,2023-09-19,,,2243.926847070151,2222.22222222234,90.43593686587906,91.88040740512307,14.996000289916992,15.010996290206908,EUR,EUR,1.0,,21.68294190590507,0.021682941905901032,0.021661280625277866,,0.0,,130275.11014805235,BH_REINVERSION_DIVIDENDO,,,
481,2023-09-20T15:30:00Z,CLOSE_DIVIDEND,a4e552abf5c8981083928ed50ab84f51a59a4ce01e43b13aa4e701a4c45ce332,benchmark,BH_DIVIDEND,PAR,TTE.PA,2023-09-20,,,2222.22222222234,2238.7797616157222,,,,,EUR,EUR,1.0,,,,,16.557539393382413,0.0,,129493.90062758092,DIVIDENDO_BRUTO,,,
482,2023-09-20T20:00:00Z,CLOSE_DIVIDEND,a4e552abf5c8981083928ed50ab84f51a59a4ce01e43b13aa4e701a4c45ce332,benchmark,BH_DIVIDEND,NASDAQ,AVGO,2023-09-20,,,2238.7797616157222,2248.6361881447547,,,,,USD,EURUSD,0.9344047841524948,2023-09-20T15:00:00Z,,,,9.856426529032243,0.0,,129862.51542861799,DIVIDENDO_BRUTO,,,
483,2023-09-21T07:00:00Z,OPEN_ENTRY,a4e552abf5c8981083928ed50ab84f51a59a4ce01e43b13aa4e701a4c45ce332,benchmark,BH_BUY,PAR,TTE.PA,2023-09-21,,,2248.6361881447547,2232.0786487513724,22.37505323430056,22.64235304023132,61.81999969482422,61.88181969451904,EUR,EUR,1.0,,16.540998394987426,0.016540998394987128,0.016524473921065024,,0.0,,128932.48159794859,BH_REINVERSION_DIVIDENDO,,,
484,2023-09-21T13:30:00Z,OPEN_ENTRY,a4e552abf5c8981083928ed50ab84f51a59a4ce01e43b13aa4e701a4c45ce332,benchmark,BH_BUY,NASDAQ,AVGO,2023-09-21,,,2232.0786487513724,2222.22222222234,22.931190589935447,23.063590916542104,79.51100158691406,79.59051258850097,USD,EURUSD,0.9344047841524948,2023-09-20T15:00:00Z,9.84657994908316,0.009846579949082113,0.009836743205876594,,0.0,,128881.75181557648,BH_REINVERSION_DIVIDENDO,,,
485,2023-09-28T06:00:00Z,CLOSE_DIVIDEND,a4e552abf5c8981083928ed50ab84f51a59a4ce01e43b13aa4e701a4c45ce332,benchmark,BH_DIVIDEND,JPX,6501.T,2023-09-28,,,2222.22222222234,2234.276801869439,,,,,JPY,EURJPY,0.0063613231552162855,2023-09-27T15:00:00Z,,,,12.054579647099084,0.0,,127279.13132059162,DIVIDENDO_BRUTO,,,
486,2023-09-28T06:00:00Z,CLOSE_DIVIDEND,a4e552abf5c8981083928ed50ab84f51a59a4ce01e43b13aa4e701a4c45ce332,benchmark,BH_DIVIDEND,JPX,6758.T,2023-09-28,,,2234.276801869439,2237.8324599512944,,,,,JPY,EURJPY,0.0063613231552162855,2023-09-27T15:00:00Z,,,,3.5556580818550487,0.0,,127282.68697867349,DIVIDENDO_BRUTO,,,
487,2023-09-28T06:00:00Z,CLOSE_DIVIDEND,a4e552abf5c8981083928ed50ab84f51a59a4ce01e43b13aa4e701a4c45ce332,benchmark,BH_DIVIDEND,JPX,6857.T,2023-09-28,,,2237.8324599512944,2246.429762105612,,,,,JPY,EURJPY,0.0063613231552162855,2023-09-27T15:00:00Z,,,,8.59730215431758,0.0,,127291.28428082781,DIVIDENDO_BRUTO,,,
488,2023-09-28T06:00:00Z,CLOSE_DIVIDEND,a4e552abf5c8981083928ed50ab84f51a59a4ce01e43b13aa4e701a4c45ce332,benchmark,BH_DIVIDEND,JPX,7011.T,2023-09-28,,,2246.429762105612,2261.4415858353987,,,,,JPY,EURJPY,0.0063613231552162855,2023-09-27T15:00:00Z,,,,15.011823729786432,0.0,,127306.2961045576,DIVIDENDO_BRUTO,,,
489,2023-09-28T06:00:00Z,CLOSE_DIVIDEND,a4e552abf5c8981083928ed50ab84f51a59a4ce01e43b13aa4e701a4c45ce332,benchmark,BH_DIVIDEND,JPX,7203.T,2023-09-28,,,2261.4415858353987,2276.176875797331,,,,,JPY,EURJPY,0.0063613231552162855,2023-09-27T15:00:00Z,,,,14.73528996193206,0.0,,127321.03139451952,DIVIDENDO_BRUTO,,,
490,2023-09-28T06:00:00Z,CLOSE_DIVIDEND,a4e552abf5c8981083928ed50ab84f51a59a4ce01e43b13aa4e701a4c45ce332,benchmark,BH_DIVIDEND,JPX,8035.T,2023-09-28,,,2276.176875797331,2285.142902477541,,,,,JPY,EURJPY,0.0063613231552162855,2023-09-27T15:00:00Z,,,,8.966026680210193,0.0,,127329.99742119973,DIVIDENDO_BRUTO,,,
491,2023-09-29T00:00:00Z,OPEN_ENTRY,a4e552abf5c8981083928ed50ab84f51a59a4ce01e43b13aa4e701a4c45ce332,benchmark,BH_BUY,JPX,6501.T,2023-09-29,,,2285.142902477541,2273.088322830442,118.43624503274849,119.41623860217224,1931.4000244140625,1933.3314244384765,JPY,EURJPY,0.006356066865823428,2023-09-28T15:00:00Z,12.042537109989096,0.012042537109987705,0.012030506603385078,,0.0,,128202.28667835944,BH_REINVERSION_DIVIDENDO,,,
492,2023-09-29T00:00:00Z,OPEN_ENTRY,a4e552abf5c8981083928ed50ab84f51a59a4ce01e43b13aa4e701a4c45ce332,benchmark,BH_BUY,JPX,6758.T,2023-09-29,,,2273.088322830442,2269.5326647485867,69.8686813084517,70.09498635046484,2467.0,2469.4669999999996,JPY,EURJPY,0.006356066865823428,2023-09-28T15:00:00Z,3.55210597587917,0.0035521059758787388,0.003548557418460197,,0.0,,128202.2479326765,BH_REINVERSION_DIVIDENDO,,,
493,2023-09-29T00:00:00Z,OPEN_ENTRY,a4e552abf5c8981083928ed50ab84f51a59a4ce01e43b13aa4e701a4c45ce332,benchmark,BH_BUY,JPX,6857.T,2023-09-29,,,2269.5326647485867,2260.935362594269,83.16897837899837,83.49153808587528,4185.0,4189.1849999999995,JPY,EURJPY,0.006356066865823428,2023-09-28T15:00:00Z,8.588713440876704,0.00858871344087575,0.008580133307568093,,0.0,,128201.97448744661,BH_REINVERSION_DIVIDENDO,,,
494,2023-09-29T00:00:00Z,OPEN_ENTRY,a4e552abf5c8981083928ed50ab84f51a59a4ce01e43b13aa4e701a4c45ce332,benchmark,BH_BUY,JPX,7011.T,2023-09-29,,,2260.935362594269,2245.9235388644825,294.98233629030335,297.7488781716974,852.0,852.8519999999999,JPY,EURJPY,0.006356066865823428,2023-09-28T15:00:00Z,14.99682690288355,0.014996826902882177,0.014981845057823297,,0.0,,128201.9023059649,BH_REINVERSION_DIVIDENDO,,,
495,2023-09-29T00:00:00Z,OPEN_ENTRY,a4e552abf5c8981083928ed50ab84f51a59a4ce01e43b13aa4e701a4c45ce332,benchmark,BH_BUY,JPX,7203.T,2023-09-29,,,2245.9235388644825,2231.18824890255,77.21291940052399,78.06416057382025,2718.0,2720.718,JPY,EURJPY,0.006356066865823428,2023-09-28T15:00:00Z,14.720569392539522,0.014720569392537186,0.014705863529009683,,0.0,,128201.80795298218,BH_REINVERSION_DIVIDENDO,,,
496,2023-09-29T00:00:00Z,OPEN_ENTRY,a4e552abf5c8981083928ed50ab84f51a59a4ce01e43b13aa4e701a4c45ce332,benchmark,BH_BUY,JPX,8035.T,2023-09-29,,,2231.18824890255,2222.22222222234,9.523374284655691,9.592827069750992,20270.0,20290.269999999997,JPY,EURJPY,0.006356066865823428,2023-09-28T15:00:00Z,8.957069610599595,0.008957069610598722,0.008948121489109073,,0.0,,128201.63774873268,BH_REINVERSION_DIVIDENDO,,,
497,2023-10-05T20:00:00Z,CLOSE_DIVIDEND,a4e552abf5c8981083928ed50ab84f51a59a4ce01e43b13aa4e701a4c45ce332,benchmark,BH_DIVIDEND,NASDAQ,MRVL,2023-10-05,,,2222.22222222234,2223.5664155900404,,,,,USD,EURUSD,0.9500285008550257,2023-10-05T15:00:00Z,,,,1.3441933677004605,0.0,,126852.94855547194,DIVIDENDO_BRUTO,,,
498,2023-10-05T20:00:00Z,CLOSE_DIVIDEND,a4e552abf5c8981083928ed50ab84f51a59a4ce01e43b13aa4e701a4c45ce332,benchmark,BH_DIVIDEND,NYSE,MA,2023-10-05,,,2223.5664155900404,2225.5428918493185,,,,,USD,EURUSD,0.9500285008550257,2023-10-05T15:00:00Z,,,,1.9764762592782366,0.0,,126854.92503173121,DIVIDENDO_BRUTO,,,
499,2023-10-06T13:30:00Z,OPEN_ENTRY,a4e552abf5c8981083928ed50ab84f51a59a4ce01e43b13aa4e701a4c45ce332,benchmark,BH_BUY,NASDAQ,MRVL,2023-10-06,,,2225.5428918493185,2224.198698481618,23.58163231402508,23.608642115382693,52.279998779296875,52.332278778076166,USD,EURUSD,0.9500285008550257,2023-10-05T15:00:00Z,1.3428505171832774,0.0013428505171830807,0.0013415090081749465,,0.0,,126890.79340781369,BH_REINVERSION_DIVIDENDO,,,
500,2023-10-06T13:30:00Z,OPEN_ENTRY,a4e552abf5c8981083928ed50ab84f51a59a4ce01e43b13aa4e701a4c45ce332,benchmark,BH_BUY,NYSE,MA,2023-10-06,,,2224.198698481618,2222.22222222234,3.649892825467144,3.6551729012693257,393.2300109863281,393.6232409973144,USD,EURUSD,0.9500285008550257,2023-10-05T15:00:00Z,1.974501757520716,0.0019745017575205637,0.001972529228292073,,0.0,,126890.79432652466,BH_REINVERSION_DIVIDENDO,,,
501,2023-10-06T20:00:00Z,CLOSE_DIVIDEND,a4e552abf5c8981083928ed50ab84f51a59a4ce01e43b13aa4e701a4c45ce332,benchmark,BH_DIVIDEND,NASDAQ,MU,2023-10-06,,,2222.22222222234,2224.370270388917,,,,,USD,EURUSD,0.9467007478935908,2023-10-06T15:00:00Z,,,,2.1480481665773814,0.0,,127178.18429383948,DIVIDENDO_BRUTO,,,
502,2023-10-09T13:30:00Z,OPEN_ENTRY,a4e552abf5c8981083928ed50ab84f51a59a4ce01e43b13aa4e701a4c45ce332,benchmark,BH_BUY,NASDAQ,MU,2023-10-09,,,2224.370270388917,2222.22222222234,19.73028937700598,19.76281993425105,69.61000061035156,69.6796106109619,USD,EURUSD,0.9467007478935908,2023-10-06T15:00:00Z,2.1459022643130687,0.00214590226431266,0.0021437585058068837,,0.0,,128430.2359976652,BH_REINVERSION_DIVIDENDO,,,
503,2023-10-09T15:30:00Z,CLOSE_DIVIDEND,a4e552abf5c8981083928ed50ab84f51a59a4ce01e43b13aa4e701a4c45ce332,benchmark,BH_DIVIDEND,MCE,BBVA.MC,2023-10-09,,,2222.22222222234,2267.364578199281,,,,,EUR,EUR,1.0,,,,,45.14235597694084,0.0,,128688.4022026512,DIVIDENDO_BRUTO,,,
504,2023-10-10T07:00:00Z,OPEN_ENTRY,a4e552abf5c8981083928ed50ab84f51a59a4ce01e43b13aa4e701a4c45ce332,benchmark,BH_BUY,MCE,BBVA.MC,2023-10-10,,,2267.364578199281,2222.22222222234,282.1397248558803,288.15309990824977,7.492000102996826,7.499492103099822,EUR,EUR,1.0,,45.097258718222626,0.045097258718215016,0.04505220651170529,,0.0,,129237.95742981034,BH_REINVERSION_DIVIDENDO,,,
505,2023-10-11T20:00:00Z,CLOSE_DIVIDEND,a4e552abf5c8981083928ed50ab84f51a59a4ce01e43b13aa4e701a4c45ce332,benchmark,BH_DIVIDEND,NYSE,ORCL,2023-10-11,,,2222.22222222234,2228.424869265528,,,,,USD,EURUSD,0.9430403621274991,2023-10-11T15:00:00Z,,,,6.202647043187858,0.0,,130268.40830581369,DIVIDENDO_BRUTO,,,
506,2023-10-12T13:30:00Z,OPEN_ENTRY,a4e552abf5c8981083928ed50ab84f51a59a4ce01e43b13aa4e701a4c45ce332,benchmark,BH_BUY,NYSE,ORCL,2023-10-12,,,2228.424869265528,2222.22222222234,16.44321731149101,16.50291855968133,109.94999694824219,110.05994694519042,USD,EURUSD,0.9430403621274991,2023-10-11T15:00:00Z,6.196450592595264,0.006196450592594438,0.006190260332262369,,0.0,,130957.7119478612,BH_REINVERSION_DIVIDENDO,,,
507,2023-10-12T20:00:00Z,CLOSE_DIVIDEND,a4e552abf5c8981083928ed50ab84f51a59a4ce01e43b13aa4e701a4c45ce332,benchmark,BH_DIVIDEND,NYSE,ABBV,2023-10-12,,,2222.22222222234,2234.3878345902476,,,,,USD,EURUSD,0.9417082587814295,2023-10-12T15:00:00Z,,,,12.165612367907544,0.0,,131179.78724405062,DIVIDENDO_BRUTO,,,
508,2023-10-13T13:30:00Z,OPEN_ENTRY,a4e552abf5c8981083928ed50ab84f51a59a4ce01e43b13aa4e701a4c45ce332,benchmark,BH_BUY,NYSE,ABBV,2023-10-13,,,2234.3878345902476,2222.22222222234,8.728826873973663,8.815385218481689,148.9499969482422,149.09894694519042,USD,EURUSD,0.9417082587814295,2023-10-12T15:00:00Z,12.153458908998546,0.01215345890899755,0.012141317591406343,,0.0,,130874.52895125518,BH_REINVERSION_DIVIDENDO,,,
509,2023-10-16T15:30:00Z,CLOSE_DIVIDEND,a4e552abf5c8981083928ed50ab84f51a59a4ce01e43b13aa4e701a4c45ce332,benchmark,BH_DIVIDEND,XETRA,EXH1.DE,2023-10-16,,,2222.22222222234,2239.1892568482554,,,,,EUR,EUR,1.0,,,,,16.967034625915446,0.0,,129644.28448823937,DIVIDENDO_BRUTO,,,
510,2023-10-16T15:30:00Z,CLOSE_DIVIDEND,a4e552abf5c8981083928ed50ab84f51a59a4ce01e43b13aa4e701a4c45ce332,benchmark,BH_DIVIDEND,XETRA,EXV1.DE,2023-10-16,,,2239.1892568482554,2249.2829230921316,,,,,EUR,EUR,1.0,,,,,10.093666243876397,0.0,,129654.37815448325,DIVIDENDO_BRUTO,,,
511,2023-10-17T07:00:00Z,OPEN_ENTRY,a4e552abf5c8981083928ed50ab84f51a59a4ce01e43b13aa4e701a4c45ce332,benchmark,BH_BUY,XETRA,EXH1.DE,2023-10-17,,,2249.2829230921316,2232.315888466216,33.6857379913586,34.13765021015586,37.470001220703125,37.50747122192382,EUR,EUR,1.0,,16.950084541374075,0.016950084541370813,0.016933151389981423,,0.0,,130482.5349808527,BH_REINVERSION_DIVIDENDO,,,
512,2023-10-17T07:00:00Z,OPEN_ENTRY,a4e552abf5c8981083928ed50ab84f51a59a4ce01e43b13aa4e701a4c45ce332,benchmark,BH_BUY,XETRA,EXV1.DE,2023-10-17,,,2232.315888466216,2222.22222222234,92.96492050542386,93.6012761087475,15.829999923706055,15.84582992362976,EUR,EUR,1.0,,10.083582661215184,0.010083582661213342,0.010073509152062335,,0.0,,130482.53009640217,BH_REINVERSION_DIVIDENDO,,,
513,2023-10-19T15:30:00Z,CLOSE_DIVIDEND,a4e552abf5c8981083928ed50ab84f51a59a4ce01e43b13aa4e701a4c45ce332,benchmark,BH_DIVIDEND,XETRA,BSP.DE,2023-10-19,,,2222.22222222234,2239.220634586924,,,,,EUR,EUR,1.0,,,,,16.99841236458422,0.0,,128596.77783438661,DIVIDENDO_BRUTO,,,
514,2023-10-20T07:00:00Z,OPEN_ENTRY,a4e552abf5c8981083928ed50ab84f51a59a4ce01e43b13aa4e701a4c45ce332,benchmark,BH_BUY,XETRA,BSP.DE,2023-10-20,,,2239.220634586924,2222.22222222234,126.5624466402664,127.95984911040011,12.140000343322754,12.152140343666076,EUR,EUR,1.0,,16.98143093365057,0.016981430933647346,0.016964466467182755,,0.0,,127939.31844434584,BH_REINVERSION_DIVIDENDO,,,
515,2023-10-20T20:00:00Z,CLOSE_DIVIDEND,a4e552abf5c8981083928ed50ab84f51a59a4ce01e43b13aa4e701a4c45ce332,benchmark,BH_DIVIDEND,NYSE,CAT,2023-10-20,,,2222.22222222234,2229.257164468615,,,,,USD,EURUSD,0.9441979038806535,2023-10-20T15:00:00Z,,,,7.034942246275056,0.0,,126746.38022892,DIVIDENDO_BRUTO,,,
516,2023-10-23T13:30:00Z,OPEN_ENTRY,a4e552abf5c8981083928ed50ab84f51a59a4ce01e43b13aa4e701a4c45ce332,benchmark,BH_BUY,NYSE,CAT,2023-10-23,,,2229.257164468615,2222.22222222234,5.731313333099932,5.761341310704015,247.6300048828125,247.87763488769528,USD,EURUSD,0.9441979038806535,2023-10-20T15:00:00Z,7.027914331943114,0.0070279143319424975,0.0070208934385036755,,0.0,,125683.21178133323,BH_REINVERSION_DIVIDENDO,,,
517,2023-10-24T20:00:00Z,CLOSE_DIVIDEND,a4e552abf5c8981083928ed50ab84f51a59a4ce01e43b13aa4e701a4c45ce332,benchmark,BH_DIVIDEND,NYSE,INFY,2023-10-24,,,2222.22222222234,2235.6215218820857,,,,,USD,EURUSD,0.9405568096313018,2023-10-24T15:00:00Z,,,,13.399299659745875,0.0,,125876.46434417296,DIVIDENDO_BRUTO,,,
518,2023-10-25T13:30:00Z,OPEN_ENTRY,a4e552abf5c8981083928ed50ab84f51a59a4ce01e43b13aa4e701a4c45ce332,benchmark,BH_BUY,NYSE,INFY,2023-10-25,,,2235.6215218820857,2222.22222222234,65.9543305474158,66.81810251580856,16.459999084472656,16.476459083557128,USD,EURUSD,0.9405568096313018,2023-10-24T15:00:00Z,13.385913745999876,0.01338591374599929,0.013372541204794045,,0.0,,126816.5854521049,BH_REINVERSION_DIVIDENDO,,,
519,2023-10-31T16:30:00Z,CLOSE_DIVIDEND,a4e552abf5c8981083928ed50ab84f51a59a4ce01e43b13aa4e701a4c45ce332,benchmark,BH_DIVIDEND,MCE,ITX.MC,2023-10-31,,,2222.22222222234,2252.9673599493613,,,,,EUR,EUR,1.0,,,,,30.74513772702131,0.0,,124135.77559043973,DIVIDENDO_BRUTO,,,
520,2023-11-01T08:00:00Z,OPEN_ENTRY,a4e552abf5c8981083928ed50ab84f51a59a4ce01e43b13aa4e701a4c45ce332,benchmark,BH_BUY,MCE,ITX.MC,2023-11-01,,,2252.9673599493613,2222.22222222234,51.24189621170218,52.171706501525016,33.0,33.032999999999994,EUR,EUR,1.0,,30.714423303717595,0.030714423303713545,0.030683739564148004,,0.0,,124694.2992065031,BH_REINVERSION_DIVIDENDO,,,
521,2023-11-01T16:30:00Z,CLOSE_DIVIDEND,a4e552abf5c8981083928ed50ab84f51a59a4ce01e43b13aa4e701a4c45ce332,benchmark,BH_DIVIDEND,AMS,ASML.AS,2023-11-01,,,2222.22222222234,2225.58975484359,,,,,EUR,EUR,1.0,,,,,3.3675326212503434,0.0,,125223.35639021004,DIVIDENDO_BRUTO,,,
522,2023-11-02T08:00:00Z,OPEN_ENTRY,a4e552abf5c8981083928ed50ab84f51a59a4ce01e43b13aa4e701a4c45ce332,benchmark,BH_BUY,AMS,ASML.AS,2023-11-02,,,2225.58975484359,2222.22222222234,2.3224362905174782,2.3281910981290403,584.0,584.584,EUR,EUR,1.0,,3.3641684527975464,0.0033641684527969673,0.0033608076451520853,,0.0,,127148.23729356134,BH_REINVERSION_DIVIDENDO,,,
523,2023-11-06T21:00:00Z,CLOSE_DIVIDEND,a4e552abf5c8981083928ed50ab84f51a59a4ce01e43b13aa4e701a4c45ce332,benchmark,BH_DIVIDEND,NASDAQ,INTC,2023-11-06,,,2222.22222222234,2225.928290925955,,,,,USD,EURUSD,0.9310120100549296,2023-11-06T16:00:00Z,,,,3.706068703615017,0.0,,129978.37291335387,DIVIDENDO_BRUTO,,,
524,2023-11-07T14:30:00Z,OPEN_ENTRY,a4e552abf5c8981083928ed50ab84f51a59a4ce01e43b13aa4e701a4c45ce332,benchmark,BH_BUY,NASDAQ,INTC,2023-11-07,,,2225.928290925955,2222.22222222234,31.84550715642312,31.949396768597566,38.2400016784668,38.27824168014526,USD,EURUSD,0.9310120100549296,2023-11-06T16:00:00Z,3.7023663372777396,0.003702366337277496,0.0036986676696074837,,0.0,,130040.88316138781,BH_REINVERSION_DIVIDENDO,,,
525,2023-11-08T21:00:00Z,CLOSE_DIVIDEND,a4e552abf5c8981083928ed50ab84f51a59a4ce01e43b13aa4e701a4c45ce332,benchmark,BH_DIVIDEND,NYSE,V,2023-11-08,,,2222.22222222234,2225.1823424919003,,,,,USD,EURUSD,0.93711929528629,2023-11-08T16:00:00Z,,,,2.9601202695603206,0.0,,131164.8803015666,DIVIDENDO_BRUTO,,,
526,2023-11-09T14:30:00Z,OPEN_ENTRY,a4e552abf5c8981083928ed50ab84f51a59a4ce01e43b13aa4e701a4c45ce332,benchmark,BH_BUY,NYSE,V,2023-11-09,,,2225.1823424919003,2222.22222222234,6.0745083454765725,6.087410716413245,244.3300018310547,244.57433183288572,USD,EURUSD,0.93711929528629,2023-11-08T16:00:00Z,2.957163106453867,0.002957163106453553,0.002954208897556025,,0.0,,131399.12698675838,BH_REINVERSION_DIVIDENDO,,,
527,2023-11-10T21:00:00Z,CLOSE_DIVIDEND,a4e552abf5c8981083928ed50ab84f51a59a4ce01e43b13aa4e701a4c45ce332,benchmark,BH_DIVIDEND,NASDAQ,AAPL,2023-11-10,,,2222.22222222234,2224.192942578652,,,,,USD,EURUSD,0.9360666479453337,2023-11-10T16:00:00Z,,,,1.9707203563118931,0.0,,131416.7342017357,DIVIDENDO_BRUTO,,,
528,2023-11-13T14:30:00Z,OPEN_ENTRY,a4e552abf5c8981083928ed50ab84f51a59a4ce01e43b13aa4e701a4c45ce332,benchmark,BH_BUY,NASDAQ,AAPL,2023-11-13,,,2224.192942578652,2222.22222222234,8.772168986033314,8.783476251883432,185.82000732421875,186.00582733154295,USD,EURUSD,0.9360666479453337,2023-11-10T16:00:00Z,1.9687516047071862,0.0019687516047068865,0.001966784819887059,,0.0,,133178.34854100118,BH_REINVERSION_DIVIDENDO,,,
529,2023-11-14T21:00:00Z,CLOSE_DIVIDEND,a4e552abf5c8981083928ed50ab84f51a59a4ce01e43b13aa4e701a4c45ce332,benchmark,BH_DIVIDEND,NYSE,LLY,2023-11-14,,,2222.22222222234,2226.50562440133,,,,,USD,EURUSD,0.9324878776575904,2023-11-14T16:00:00Z,,,,4.283402178989782,0.0,,134181.25795948185,DIVIDENDO_BRUTO,,,
530,2023-11-14T21:00:00Z,CLOSE_DIVIDEND,a4e552abf5c8981083928ed50ab84f51a59a4ce01e43b13aa4e701a4c45ce332,benchmark,BH_DIVIDEND,NYSE,XOM,2023-11-14,,,2226.50562440133,2237.5025724304764,,,,,USD,EURUSD,0.9324878776575904,2023-11-14T16:00:00Z,,,,10.996948029146461,0.0,,134192.254907511,DIVIDENDO_BRUTO,,,
531,2023-11-15T14:30:00Z,OPEN_ENTRY,a4e552abf5c8981083928ed50ab84f51a59a4ce01e43b13aa4e701a4c45ce332,benchmark,BH_BUY,NYSE,LLY,2023-11-15,,,2237.5025724304764,2233.2191702514865,4.065062386503223,4.072566883591559,610.8800048828125,611.4908848876953,USD,EURUSD,0.9324878776575904,2023-11-14T16:00:00Z,4.279123055933848,0.004279123055933809,0.004274848207726046,,0.0,,135805.80691534822,BH_REINVERSION_DIVIDENDO,,,
532,2023-11-15T14:30:00Z,OPEN_ENTRY,a4e552abf5c8981083928ed50ab84f51a59a4ce01e43b13aa4e701a4c45ce332,benchmark,BH_BUY,NYSE,XOM,2023-11-15,,,2233.2191702514865,2222.22222222234,12.413817964691226,12.527030510364952,103.95999908447266,104.06395908355712,USD,EURUSD,0.9324878776575904,2023-11-14T16:00:00Z,10.985962067079383,0.010985962067078248,0.010974987079998723,,0.0,,135805.81979247008,BH_REINVERSION_DIVIDENDO,,,
533,2023-11-15T21:00:00Z,CLOSE_DIVIDEND,a4e552abf5c8981083928ed50ab84f51a59a4ce01e43b13aa4e701a4c45ce332,benchmark,BH_DIVIDEND,NASDAQ,MSFT,2023-11-15,,,2222.22222222234,2225.542058460495,,,,,USD,EURUSD,0.9201324990798675,2023-11-15T16:00:00Z,,,,3.319836238154824,0.0,,135319.85457442078,DIVIDENDO_BRUTO,,,
534,2023-11-16T14:30:00Z,OPEN_ENTRY,a4e552abf5c8981083928ed50ab84f51a59a4ce01e43b13aa4e701a4c45ce332,benchmark,BH_BUY,NASDAQ,MSFT,2023-11-16,,,2225.542058460495,2222.22222222234,4.810664031502217,4.820370719339456,370.9599914550781,371.33095144653316,USD,EURUSD,0.9201324990798675,2023-11-15T16:00:00Z,3.3165197184363877,0.0033165197184361617,0.0033132065119241064,,0.0,,134989.99455964236,BH_REINVERSION_DIVIDENDO,,,
535,2023-11-16T16:30:00Z,CLOSE_DIVIDEND,a4e552abf5c8981083928ed50ab84f51a59a4ce01e43b13aa4e701a4c45ce332,benchmark,BH_DIVIDEND,XETRA,R6C0.DE,2023-11-16,,,2222.22222222234,2234.5270948362145,,,,,EUR,EUR,1.0,,,,,12.304872613874743,0.0,,135082.09253304574,DIVIDENDO_BRUTO,,,
536,2023-11-16T21:00:00Z,CLOSE_DIVIDEND,a4e552abf5c8981083928ed50ab84f51a59a4ce01e43b13aa4e701a4c45ce332,benchmark,BH_DIVIDEND,NYSE,CVX,2023-11-16,,,2234.5270948362145,2244.4905624747475,,,,,USD,EURUSD,0.9217439395335976,2023-11-16T16:00:00Z,,,,9.96346763853304,0.0,,134921.80851834448,DIVIDENDO_BRUTO,,,
537,2023-11-17T08:00:00Z,OPEN_ENTRY,a4e552abf5c8981083928ed50ab84f51a59a4ce01e43b13aa4e701a4c45ce332,benchmark,BH_BUY,XETRA,R6C0.DE,2023-11-17,,,2244.4905624747475,2232.185689860873,43.076294013627525,43.49032974516103,29.65999984741211,29.689659847259517,EUR,EUR,1.0,,12.292580033840903,0.01229258003384004,0.012280299734104763,,0.0,,134912.55153209777,BH_REINVERSION_DIVIDENDO,,,
538,2023-11-17T14:30:00Z,OPEN_ENTRY,a4e552abf5c8981083928ed50ab84f51a59a4ce01e43b13aa4e701a4c45ce332,benchmark,BH_BUY,NYSE,CVX,2023-11-17,,,2232.185689860873,2222.22222222234,7.158520556983109,7.233985963937842,142.9499969482422,143.09294694519042,USD,EURUSD,0.9217439395335976,2023-11-16T16:00:00Z,9.953514124408631,0.009953514124408258,0.009943570553854081,,0.0,,134816.21805704854,BH_REINVERSION_DIVIDENDO,,,
539,2023-11-20T16:30:00Z,CLOSE_DIVIDEND,a4e552abf5c8981083928ed50ab84f51a59a4ce01e43b13aa4e701a4c45ce332,benchmark,BH_DIVIDEND,MIL,ENI.MI,2023-11-20,,,2222.22222222234,2243.354715925518,,,,,EUR,EUR,1.0,,,,,21.132493703178305,0.0,,135255.55047760715,DIVIDENDO_BRUTO,,,
540,2023-11-21T08:00:00Z,OPEN_ENTRY,a4e552abf5c8981083928ed50ab84f51a59a4ce01e43b13aa4e701a4c45ce332,benchmark,BH_BUY,MIL,ENI.MI,2023-11-21,,,2243.354715925518,2222.22222222234,91.88040740512307,93.29491392723341,14.90999984741211,14.924909847259519,EUR,EUR,1.0,,21.11138232085745,0.021111382320853522,0.02109029202882507,,0.0,,136424.8692462571,BH_REINVERSION_DIVIDENDO,,,
541,2023-11-22T21:00:00Z,CLOSE_DIVIDEND,a4e552abf5c8981083928ed50ab84f51a59a4ce01e43b13aa4e701a4c45ce332,benchmark,BH_DIVIDEND,NASDAQ,AMAT,2023-11-22,,,2222.22222222234,2225.755039616611,,,,,USD,EURUSD,0.9165062780680048,2023-11-22T16:00:00Z,,,,3.5328173942713526,0.0,,135829.70814083866,DIVIDENDO_BRUTO,,,
542,2023-11-24T14:30:00Z,OPEN_ENTRY,a4e552abf5c8981083928ed50ab84f51a59a4ce01e43b13aa4e701a4c45ce332,benchmark,BH_BUY,NASDAQ,AMAT,2023-11-24,,,2225.755039616611,2222.22222222234,12.045803309029603,12.07153880027478,149.3300018310547,149.47933183288572,USD,EURUSD,0.9174311926605504,2023-11-23T16:00:00Z,3.529288106165188,0.0035292881061645964,0.003525762343820835,,0.0,,136392.76901973799,BH_REINVERSION_DIVIDENDO,,,
543,2023-11-29T21:00:00Z,CLOSE_DIVIDEND,a4e552abf5c8981083928ed50ab84f51a59a4ce01e43b13aa4e701a4c45ce332,benchmark,BH_DIVIDEND,NASDAQ,QCOM,2023-11-29,,,2222.22222222234,2228.9157135957657,,,,,USD,EURUSD,0.9103322712790168,2023-11-29T16:00:00Z,,,,6.693491373425649,0.0,,136621.9399916806,DIVIDENDO_BRUTO,,,
544,2023-11-29T21:00:00Z,CLOSE_DIVIDEND,a4e552abf5c8981083928ed50ab84f51a59a4ce01e43b13aa4e701a4c45ce332,benchmark,BH_DIVIDEND,NYSE,GS,2023-11-29,,,2228.9157135957657,2239.5096817687345,,,,,USD,EURUSD,0.9103322712790168,2023-11-29T16:00:00Z,,,,10.593968172968522,0.0,,136632.53395985358,DIVIDENDO_BRUTO,,,
545,2023-11-30T14:30:00Z,OPEN_ENTRY,a4e552abf5c8981083928ed50ab84f51a59a4ce01e43b13aa4e701a4c45ce332,benchmark,BH_BUY,NASDAQ,QCOM,2023-11-30,,,2239.5096817687345,2232.8161903953087,9.191000342135094,9.24776615368965,129.27000427246094,129.3992742767334,USD,EURUSD,0.9103322712790168,2023-11-29T16:00:00Z,6.686804568856793,0.006686804568856175,0.006680124444412134,,0.0,,137159.7025351864,BH_REINVERSION_DIVIDENDO,,,
546,2023-11-30T14:30:00Z,OPEN_ENTRY,a4e552abf5c8981083928ed50ab84f51a59a4ce01e43b13aa4e701a4c45ce332,benchmark,BH_BUY,NYSE,GS,2023-11-30,,,2232.8161903953087,2222.22222222234,4.2318087410930625,4.265800295192869,341.67999267578125,342.021672668457,USD,EURUSD,0.9103322712790168,2023-11-29T16:00:00Z,10.583384788180343,0.010583384788178662,0.010572811976202311,,0.0,,137159.63743959417,BH_REINVERSION_DIVIDENDO,,,
547,2023-11-30T21:00:00Z,CLOSE_DIVIDEND,a4e552abf5c8981083928ed50ab84f51a59a4ce01e43b13aa4e701a4c45ce332,benchmark,BH_DIVIDEND,NYSE,LMT,2023-11-30,,,2222.22222222234,2230.3611904437184,,,,,USD,EURUSD,0.9148293843198244,2023-11-30T16:00:00Z,,,,8.138968221378581,0.0,,137693.79972575523,DIVIDENDO_BRUTO,,,
548,2023-12-01T14:30:00Z,OPEN_ENTRY,a4e552abf5c8981083928ed50ab84f51a59a4ce01e43b13aa4e701a4c45ce332,benchmark,BH_BUY,NYSE,LMT,2023-12-01,,,2230.3611904437184,2222.22222222234,2.8243511627901356,2.8441525444268385,448.3999938964844,448.8483938903808,USD,EURUSD,0.9148293843198244,2023-11-30T16:00:00Z,8.130837383994587,0.00813083738399456,0.008122714669324283,,0.0,,137569.33627997478,BH_REINVERSION_DIVIDENDO,,,
549,2023-12-04T16:30:00Z,CLOSE_DIVIDEND,a4e552abf5c8981083928ed50ab84f51a59a4ce01e43b13aa4e701a4c45ce332,benchmark,BH_DIVIDEND,PAR,MC.PA,2023-12-04,,,2222.22222222234,2233.3593530115477,,,,,EUR,EUR,1.0,,,,,11.13713078920794,0.0,,138889.03135696068,DIVIDENDO_BRUTO,,,
550,2023-12-05T08:00:00Z,OPEN_ENTRY,a4e552abf5c8981083928ed50ab84f51a59a4ce01e43b13aa4e701a4c45ce332,benchmark,BH_BUY,PAR,MC.PA,2023-12-05,,,2233.3593530115477,2222.22222222234,2.02493287076508,2.040840827971807,698.7000122070312,699.3987122192382,EUR,EUR,1.0,,11.126004784423518,0.011126004784422605,0.011114889894527342,,0.0,,137939.07470020076,BH_REINVERSION_DIVIDENDO,,,
551,2023-12-05T21:00:00Z,CLOSE_DIVIDEND,a4e552abf5c8981083928ed50ab84f51a59a4ce01e43b13aa4e701a4c45ce332,benchmark,BH_DIVIDEND,NASDAQ,NVDA,2023-12-05,,,2222.22222222234,2222.4949936157645,,,,,USD,EURUSD,0.924470740501063,2023-12-05T16:00:00Z,,,,0.2727713934246777,0.0,,138477.40903311264,DIVIDENDO_BRUTO,,,
552,2023-12-06T14:30:00Z,OPEN_ENTRY,a4e552abf5c8981083928ed50ab84f51a59a4ce01e43b13aa4e701a4c45ce332,benchmark,BH_BUY,NASDAQ,NVDA,2023-12-06,,,2222.4949936157645,2222.22222222234,73.76420406686849,73.77044080488977,47.21500015258789,47.262215152740474,USD,EURUSD,0.924470740501063,2023-12-05T16:00:00Z,0.2724988945301476,0.00027249889453012655,0.00027222666786225875,,0.0,,138661.0298903974,BH_REINVERSION_DIVIDENDO,,,
553,2023-12-14T16:30:00Z,CLOSE_DIVIDEND,a4e552abf5c8981083928ed50ab84f51a59a4ce01e43b13aa4e701a4c45ce332,benchmark,BH_DIVIDEND,XETRA,EQQQ.DE,2023-12-14,,,2222.22222222234,2223.9226869029994,,,,,EUR,EUR,1.0,,,,,1.7004646806593904,0.0,,141936.7858368562,DIVIDENDO_BRUTO,,,
554,2023-12-14T21:00:00Z,CLOSE_DIVIDEND,a4e552abf5c8981083928ed50ab84f51a59a4ce01e43b13aa4e701a4c45ce332,benchmark,BH_DIVIDEND,NYSE,TSM,2023-12-14,,,2223.9226869029994,2229.9734601881914,,,,,USD,EURUSD,0.9158347834050736,2023-12-14T16:00:00Z,,,,6.050773285192167,0.0,,141969.5226131237,DIVIDENDO_BRUTO,,,
555,2023-12-15T08:00:00Z,OPEN_ENTRY,a4e552abf5c8981083928ed50ab84f51a59a4ce01e43b13aa4e701a4c45ce332,benchmark,BH_BUY,XETRA,EQQQ.DE,2023-12-15,,,2229.9734601881914,2228.272995507532,4.150906922209804,4.155503533233064,369.20001220703125,369.56921221923824,EUR,EUR,1.0,,1.6987659147446459,0.0016987659147444933,0.001697068845898551,,0.0,,142294.7346112858,BH_REINVERSION_DIVIDENDO,,,
556,2023-12-15T14:30:00Z,OPEN_ENTRY,a4e552abf5c8981083928ed50ab84f51a59a4ce01e43b13aa4e701a4c45ce332,benchmark,BH_BUY,NYSE,TSM,2023-12-15,,,2228.272995507532,2222.22222222234,13.792984029439099,13.856690748912769,103.5,103.60349999999998,USD,EURUSD,0.9158347834050736,2023-12-14T16:00:00Z,6.044728556635532,0.0060447285566347375,0.0060386898667677495,,0.0,,142348.91439480145,BH_REINVERSION_DIVIDENDO,,,
557,2023-12-15T16:30:00Z,CLOSE_DIVIDEND,a4e552abf5c8981083928ed50ab84f51a59a4ce01e43b13aa4e701a4c45ce332,benchmark,BH_DIVIDEND,XETRA,EXSA.DE,2023-12-15,,,2222.22222222234,2226.9568045754067,,,,,EUR,EUR,1.0,,,,,4.734582353066858,0.0,,142162.0152216415,DIVIDENDO_BRUTO,,,
558,2023-12-18T08:00:00Z,OPEN_ENTRY,a4e552abf5c8981083928ed50ab84f51a59a4ce01e43b13aa4e701a4c45ce332,benchmark,BH_BUY,XETRA,EXSA.DE,2023-12-18,,,2226.9568045754067,2222.22222222234,27.908435475233034,28.00906644507506,46.95500183105469,47.00195683288574,EUR,EUR,1.0,,4.729852500566293,0.004729852500565457,0.004725127373192768,,0.0,,142466.40324464766,BH_REINVERSION_DIVIDENDO,,,
559,2023-12-19T21:00:00Z,CLOSE_DIVIDEND,a4e552abf5c8981083928ed50ab84f51a59a4ce01e43b13aa4e701a4c45ce332,benchmark,BH_DIVIDEND,NASDAQ,AVGO,2023-12-19,,,2222.22222222234,2233.268003312638,,,,,USD,EURUSD,0.9122422915526364,2023-12-19T16:00:00Z,,,,11.045781090297943,0.0,,142831.93797250025,DIVIDENDO_BRUTO,,,
560,2023-12-20T08:00:00Z,CLOSE_DIVIDEND,a4e552abf5c8981083928ed50ab84f51a59a4ce01e43b13aa4e701a4c45ce332,benchmark,BH_DIVIDEND,HKG,9988.HK,2023-12-20,,,2233.268003312638,2243.884146404549,,,,,HKD,EURHKD,0.11696180027602986,2023-12-19T16:00:00Z,,,,10.616143091911189,0.0,,143517.38293444618,DIVIDENDO_BRUTO,,,
561,2023-12-20T14:30:00Z,OPEN_ENTRY,a4e552abf5c8981083928ed50ab84f51a59a4ce01e43b13aa4e701a4c45ce332,benchmark,BH_BUY,NASDAQ,AVGO,2023-12-20,,,2243.884146404549,2232.838365314251,23.063590916542104,23.170275873685558,113.2699966430664,113.38326663970946,USD,EURUSD,0.9122422915526364,2023-12-19T16:00:00Z,11.03474634395399,0.011034746343952406,0.011023722621331552,,0.0,,143532.72040548376,BH_REINVERSION_DIVIDENDO,,,
562,2023-12-21T01:30:00Z,OPEN_ENTRY,a4e552abf5c8981083928ed50ab84f51a59a4ce01e43b13aa4e701a4c45ce332,benchmark,BH_BUY,HKG,9988.HK,2023-12-21,,,2232.838365314251,2222.22222222234,92.62889893709459,93.88180039287991,72.25,72.32225,HKD,EURHKD,0.11704256838212057,2023-12-20T16:00:00Z,10.605537554356834,0.010605537554354783,0.010594942611744622,,0.0,,142535.88188207764,BH_REINVERSION_DIVIDENDO,,,
563,2023-12-29T21:00:00Z,CLOSE_DIVIDEND,a4e552abf5c8981083928ed50ab84f51a59a4ce01e43b13aa4e701a4c45ce332,benchmark,BH_DIVIDEND,NASDAQ,MU,2023-12-29,,,2222.22222222234,2224.2789862878953,,,,,USD,EURUSD,0.9049773755656109,2023-12-29T16:00:00Z,,,,2.056764065555539,0.0,,143947.1878666613,DIVIDENDO_BRUTO,,,
564,2024-01-02T14:30:00Z,OPEN_ENTRY,a4e552abf5c8981083928ed50ab84f51a59a4ce01e43b13aa4e701a4c45ce332,benchmark,BH_BUY,NASDAQ,MU,2024-01-02,,,2224.2789862878953,2222.22222222234,19.76281993425105,19.789822144405182,84.0,84.08399999999999,USD,EURUSD,0.9049773755656109,2023-12-29T16:00:00Z,2.05470935619934,0.0020547093561988916,0.002052656699499571,,0.0,,143287.50335207675,BH_REINVERSION_DIVIDENDO,,,
565,2024-01-02T16:30:00Z,CLOSE_DIVIDEND,a4e552abf5c8981083928ed50ab84f51a59a4ce01e43b13aa4e701a4c45ce332,benchmark,BH_DIVIDEND,PAR,TTE.PA,2024-01-02,,,2222.22222222234,2238.9775634721113,,,,,EUR,EUR,1.0,,,,,16.755341249771178,0.0,,143942.5946203886,DIVIDENDO_BRUTO,,,
566,2024-01-03T08:00:00Z,OPEN_ENTRY,a4e552abf5c8981083928ed50ab84f51a59a4ce01e43b13aa4e701a4c45ce332,benchmark,BH_BUY,PAR,TTE.PA,2024-01-03,,,2238.9775634721113,2222.22222222234,22.64235304023132,22.91245287559833,61.90999984741211,61.97190984725952,EUR,EUR,1.0,,16.738602647124054,0.016738602647123457,0.0167218807663567,,0.0,,142206.55355455895,BH_REINVERSION_DIVIDENDO,,,
567,2024-01-04T21:00:00Z,CLOSE_DIVIDEND,a4e552abf5c8981083928ed50ab84f51a59a4ce01e43b13aa4e701a4c45ce332,benchmark,BH_DIVIDEND,NASDAQ,MRVL,2024-01-04,,,2222.22222222234,2223.5154921273183,,,,,USD,EURUSD,0.9129918743723181,2024-01-04T16:00:00Z,,,,1.2932699049785097,0.0,,140898.54960797678,DIVIDENDO_BRUTO,,,
568,2024-01-05T14:30:00Z,OPEN_ENTRY,a4e552abf5c8981083928ed50ab84f51a59a4ce01e43b13aa4e701a4c45ce332,benchmark,BH_BUY,NASDAQ,MRVL,2024-01-05,,,2223.5154921273183,2222.22222222234,23.608642115382693,23.632787115420044,58.54999923706055,58.6085492362976,USD,EURUSD,0.9129918743723181,2024-01-04T16:00:00Z,1.2919779270514584,0.0012919779270512688,0.0012906872398114476,,0.0,,140968.64586533164,BH_REINVERSION_DIVIDENDO,,,
569,2024-01-08T21:00:00Z,CLOSE_DIVIDEND,a4e552abf5c8981083928ed50ab84f51a59a4ce01e43b13aa4e701a4c45ce332,benchmark,BH_DIVIDEND,NYSE,MA,2024-01-08,,,2222.22222222234,2224.426145221461,,,,,USD,EURUSD,0.913575735428467,2024-01-08T16:00:00Z,,,,2.203922999120916,0.0,,141311.96636470794,DIVIDENDO_BRUTO,,,
570,2024-01-09T14:30:00Z,OPEN_ENTRY,a4e552abf5c8981083928ed50ab84f51a59a4ce01e43b13aa4e701a4c45ce332,benchmark,BH_BUY,NYSE,MA,2024-01-09,,,2224.426145221461,2222.22222222234,3.6551729012693257,3.660917583872881,419.1000061035156,419.5191061096191,USD,EURUSD,0.913575735428467,2024-01-08T16:00:00Z,2.2017212778430735,0.002201721277842683,0.00219952175608671,,0.0,,143164.98466736684,BH_REINVERSION_DIVIDENDO,,,
571,2024-01-09T16:30:00Z,CLOSE_DIVIDEND,a4e552abf5c8981083928ed50ab84f51a59a4ce01e43b13aa4e701a4c45ce332,benchmark,BH_DIVIDEND,MCE,IBE.MC,2024-01-09,,,2222.22222222234,2246.068420382042,,,,,EUR,EUR,1.0,,,,,23.84619815970183,0.0,,143259.1822310829,DIVIDENDO_BRUTO,,,
572,2024-01-10T08:00:00Z,OPEN_ENTRY,a4e552abf5c8981083928ed50ab84f51a59a4ce01e43b13aa4e701a4c45ce332,benchmark,BH_BUY,MCE,IBE.MC,2024-01-10,,,2246.068420382042,2222.22222222234,118.05048593911798,120.093282332764,11.649999618530273,11.661649618148802,EUR,EUR,1.0,,23.822375783917916,0.023822375783915106,0.023798577206707867,,0.0,,143304.3121404912,BH_REINVERSION_DIVIDENDO,,,
573,2024-01-10T21:00:00Z,CLOSE_DIVIDEND,a4e552abf5c8981083928ed50ab84f51a59a4ce01e43b13aa4e701a4c45ce332,benchmark,BH_DIVIDEND,NYSE,ORCL,2024-01-10,,,2222.22222222234,2228.2528886062905,,,,,USD,EURUSD,0.913575735428467,2024-01-10T16:00:00Z,,,,6.030666383950788,0.0,,143157.99759487514,DIVIDENDO_BRUTO,,,
574,2024-01-11T14:30:00Z,OPEN_ENTRY,a4e552abf5c8981083928ed50ab84f51a59a4ce01e43b13aa4e701a4c45ce332,benchmark,BH_BUY,NYSE,ORCL,2024-01-11,,,2228.2528886062905,2222.22222222234,16.50291855968133,16.56605210028976,104.3499984741211,104.4543484725952,USD,EURUSD,0.913575735428467,2024-01-10T16:00:00Z,6.02464174220858,0.006024641742207848,0.006018623119088625,,0.0,,144149.73867106257,BH_REINVERSION_DIVIDENDO,,,
575,2024-01-11T16:30:00Z,CLOSE_DIVIDEND,a4e552abf5c8981083928ed50ab84f51a59a4ce01e43b13aa4e701a4c45ce332,benchmark,BH_DIVIDEND,XETRA,EUNH.DE,2024-01-11,,,2222.22222222234,2231.4841128507633,,,,,EUR,EUR,1.0,,,,,9.26189062842333,0.0,,143853.05731523616,DIVIDENDO_BRUTO,,,
576,2024-01-12T08:00:00Z,OPEN_ENTRY,a4e552abf5c8981083928ed50ab84f51a59a4ce01e43b13aa4e701a4c45ce332,benchmark,BH_BUY,XETRA,EUNH.DE,2024-01-12,,,2231.4841128507633,2222.22222222234,10.044345112702885,10.127810681049917,110.74500274658203,110.8557477493286,EUR,EUR,1.0,,9.252637990432898,0.009252637990432078,0.00924339459583596,,0.0,,143762.35345028545,BH_REINVERSION_DIVIDENDO,,,
577,2024-01-12T21:00:00Z,CLOSE_DIVIDEND,a4e552abf5c8981083928ed50ab84f51a59a4ce01e43b13aa4e701a4c45ce332,benchmark,BH_DIVIDEND,NYSE,ABBV,2024-01-12,,,2222.22222222234,2234.709744694143,,,,,USD,EURUSD,0.9139097057210747,2024-01-12T16:00:00Z,,,,12.487522471802793,0.0,,144799.24018228965,DIVIDENDO_BRUTO,,,
578,2024-01-16T14:30:00Z,OPEN_ENTRY,a4e552abf5c8981083928ed50ab84f51a59a4ce01e43b13aa4e701a4c45ce332,benchmark,BH_BUY,NYSE,ABBV,2024-01-16,,,2234.709744694143,2222.22222222234,8.815385218481689,8.899594994174109,161.97999572753906,162.1419757232666,USD,EURUSD,0.9136592051164916,2024-01-15T16:00:00Z,12.475047424378415,0.01247504742437755,0.012462584839538545,,0.0,,144315.01604915026,BH_REINVERSION_DIVIDENDO,,,
579,2024-01-16T16:30:00Z,CLOSE_DIVIDEND,a4e552abf5c8981083928ed50ab84f51a59a4ce01e43b13aa4e701a4c45ce332,benchmark,BH_DIVIDEND,XETRA,EXH1.DE,2024-01-16,,,2222.22222222234,2236.886971586668,,,,,EUR,EUR,1.0,,,,,14.664749364328124,0.0,,144738.76110095263,DIVIDENDO_BRUTO,,,
580,2024-01-16T16:30:00Z,CLOSE_DIVIDEND,a4e552abf5c8981083928ed50ab84f51a59a4ce01e43b13aa4e701a4c45ce332,benchmark,BH_DIVIDEND,XETRA,EXV1.DE,2024-01-16,,,2236.886971586668,2248.5575530970114,,,,,EUR,EUR,1.0,,,,,11.670581510343073,0.0,,144750.43168246298,DIVIDENDO_BRUTO,,,
581,2024-01-17T08:00:00Z,OPEN_ENTRY,a4e552abf5c8981083928ed50ab84f51a59a4ce01e43b13aa4e701a4c45ce332,benchmark,BH_BUY,XETRA,EXH1.DE,2024-01-17,,,2248.5575530970114,2233.892803732683,34.13765021015586,34.56577550526545,34.185001373291016,34.219186374664304,EUR,EUR,1.0,,14.650099265063062,0.014650099265061556,0.014635463801260537,,0.0,,144776.97485292496,BH_REINVERSION_DIVIDENDO,,,
582,2024-01-17T08:00:00Z,OPEN_ENTRY,a4e552abf5c8981083928ed50ab84f51a59a4ce01e43b13aa4e701a4c45ce332,benchmark,BH_BUY,XETRA,EXV1.DE,2024-01-17,,,2233.892803732683,2222.22222222234,93.6012761087475,94.33261326652013,15.925999641418457,15.941925641059873,EUR,EUR,1.0,,11.658922587755319,0.011658922587754361,0.01164727531244112,,0.0,,144777.1212179018,BH_REINVERSION_DIVIDENDO,,,
583,2024-01-19T21:00:00Z,CLOSE_DIVIDEND,a4e552abf5c8981083928ed50ab84f51a59a4ce01e43b13aa4e701a4c45ce332,benchmark,BH_DIVIDEND,NYSE,CAT,2024-01-19,,,2222.22222222234,2229.101751664716,,,,,USD,EURUSD,0.918526683200147,2024-01-19T16:00:00Z,,,,6.87952944237643,0.0,,145655.14310061414,DIVIDENDO_BRUTO,,,
584,2024-01-22T14:30:00Z,OPEN_ENTRY,a4e552abf5c8981083928ed50ab84f51a59a4ce01e43b13aa4e701a4c45ce332,benchmark,BH_BUY,NYSE,CAT,2024-01-22,,,2229.101751664716,2222.22222222234,5.761341310704015,5.78746779269057,286.1000061035156,286.3861061096191,USD,EURUSD,0.918526683200147,2024-01-19T16:00:00Z,6.8726567855908405,0.0068726567855899034,0.006865790994595427,,0.0,,147055.2478201469,BH_REINVERSION_DIVIDENDO,,,
585,2024-02-05T16:30:00Z,CLOSE_DIVIDEND,a4e552abf5c8981083928ed50ab84f51a59a4ce01e43b13aa4e701a4c45ce332,benchmark,BH_DIVIDEND,AMS,ASML.AS,2024-02-05,,,2222.22222222234,2225.5980993146272,,,,,EUR,EUR,1.0,,,,,3.375877092287108,0.0,,153654.10286337766,DIVIDENDO_BRUTO,,,
586,2024-02-06T08:00:00Z,OPEN_ENTRY,a4e552abf5c8981083928ed50ab84f51a59a4ce01e43b13aa4e701a4c45ce332,benchmark,BH_BUY,AMS,ASML.AS,2024-02-06,,,2225.5980993146272,2222.22222222234,2.3281910981290403,2.3322259908862226,835.0,835.8349999999999,EUR,EUR,1.0,,3.3725045876994093,0.003372504587698888,0.0033691354522468503,,0.0,,153956.57577922475,BH_REINVERSION_DIVIDENDO,,,
587,2024-02-06T21:00:00Z,CLOSE_DIVIDEND,a4e552abf5c8981083928ed50ab84f51a59a4ce01e43b13aa4e701a4c45ce332,benchmark,BH_DIVIDEND,NASDAQ,INTC,2024-02-06,,,2222.22222222234,2225.939689034287,,,,,USD,EURUSD,0.9308386856557759,2024-02-06T16:00:00Z,,,,3.7174668119470313,0.0,,154780.52365167357,DIVIDENDO_BRUTO,,,
588,2024-02-07T14:30:00Z,OPEN_ENTRY,a4e552abf5c8981083928ed50ab84f51a59a4ce01e43b13aa4e701a4c45ce332,benchmark,BH_BUY,NASDAQ,INTC,2024-02-07,,,2225.939689034287,2222.22222222234,31.949396768597566,32.04232517308977,42.88999938964844,42.93288938903808,USD,EURUSD,0.9308386856557759,2024-02-06T16:00:00Z,3.7137530588881438,0.003713753058887548,0.0037100430158718586,,0.0,,155187.77958553165,BH_REINVERSION_DIVIDENDO,,,
589,2024-02-08T21:00:00Z,CLOSE_DIVIDEND,a4e552abf5c8981083928ed50ab84f51a59a4ce01e43b13aa4e701a4c45ce332,benchmark,BH_DIVIDEND,NYSE,V,2024-02-08,,,2222.22222222234,2225.164640490173,,,,,USD,EURUSD,0.9295408068414203,2024-02-08T16:00:00Z,,,,2.9424182678331356,0.0,,156968.65020887318,DIVIDENDO_BRUTO,,,
590,2024-02-09T14:30:00Z,OPEN_ENTRY,a4e552abf5c8981083928ed50ab84f51a59a4ce01e43b13aa4e701a4c45ce332,benchmark,BH_BUY,NYSE,V,2024-02-09,,,2225.164640490173,2222.22222222234,6.087410716413245,6.098898469682716,275.0,275.275,USD,EURUSD,0.9295408068414203,2024-02-08T16:00:00Z,2.939478789044092,0.002939478789043548,0.0029365422467970523,,0.0,,157497.84658934866,BH_REINVERSION_DIVIDENDO,,,
591,2024-02-09T16:30:00Z,CLOSE_DIVIDEND,a4e552abf5c8981083928ed50ab84f51a59a4ce01e43b13aa4e701a4c45ce332,benchmark,BH_DIVIDEND,XETRA,SIE.DE,2024-02-09,,,2222.22222222234,2269.929068903242,,,,,EUR,EUR,1.0,,,,,47.70684668090175,0.0,,157410.4540264389,DIVIDENDO_BRUTO,,,
592,2024-02-09T21:00:00Z,CLOSE_DIVIDEND,a4e552abf5c8981083928ed50ab84f51a59a4ce01e43b13aa4e701a4c45ce332,benchmark,BH_DIVIDEND,NASDAQ,AAPL,2024-02-09,,,2269.929068903242,2271.8860261075233,,,,,USD,EURUSD,0.9283327144448571,2024-02-09T16:00:00Z,,,,1.9569572042814927,0.0,,157494.68407911892,DIVIDENDO_BRUTO,,,
593,2024-02-12T08:00:00Z,OPEN_ENTRY,a4e552abf5c8981083928ed50ab84f51a59a4ce01e43b13aa4e701a4c45ce332,benchmark,BH_BUY,XETRA,SIE.DE,2024-02-12,,,2271.8860261075233,2224.1791794266214,10.150392910830158,10.43720963322468,166.0,166.16599999999997,EUR,EUR,1.0,,47.659187493408346,0.04765918749340159,0.047611575917481795,,0.0,,158213.73437851208,BH_REINVERSION_DIVIDENDO,,,
594,2024-02-12T14:30:00Z,OPEN_ENTRY,a4e552abf5c8981083928ed50ab84f51a59a4ce01e43b13aa4e701a4c45ce332,benchmark,BH_BUY,NASDAQ,AAPL,2024-02-12,,,2224.1791794266214,2222.22222222234,8.783476251883432,8.794641863644271,188.4199981689453,188.60841816711422,USD,EURUSD,0.9283327144448571,2024-02-09T16:00:00Z,1.9550022020794136,0.0019550022020791147,0.0019530491529261293,,0.0,,158213.7349276661,BH_REINVERSION_DIVIDENDO,,,
595,2024-02-13T21:00:00Z,CLOSE_DIVIDEND,a4e552abf5c8981083928ed50ab84f51a59a4ce01e43b13aa4e701a4c45ce332,benchmark,BH_DIVIDEND,NYSE,XOM,2024-02-13,,,2222.22222222234,2233.2485161024906,,,,,USD,EURUSD,0.9265264523302141,2024-02-13T16:00:00Z,,,,11.02629388015075,0.0,,158147.55304451368,DIVIDENDO_BRUTO,,,
596,2024-02-14T14:30:00Z,OPEN_ENTRY,a4e552abf5c8981083928ed50ab84f51a59a4ce01e43b13aa4e701a4c45ce332,benchmark,BH_BUY,NYSE,XOM,2024-02-14,,,2233.2485161024906,2222.22222222234,12.527030510364952,12.643619427231052,101.87000274658203,101.9718727493286,USD,EURUSD,0.9265264523302141,2024-02-13T16:00:00Z,11.015278601549202,0.011015278601547607,0.0110042743272202,,0.0,,157004.37535370185,BH_REINVERSION_DIVIDENDO,,,
597,2024-02-14T21:00:00Z,CLOSE_DIVIDEND,a4e552abf5c8981083928ed50ab84f51a59a4ce01e43b13aa4e701a4c45ce332,benchmark,BH_DIVIDEND,NASDAQ,MSFT,2024-02-14,,,2222.22222222234,2225.5968866856133,,,,,USD,EURUSD,0.9334453467749464,2024-02-14T16:00:00Z,,,,3.3746644632732123,0.0,,157882.24713904227,DIVIDENDO_BRUTO,,,
598,2024-02-14T21:00:00Z,CLOSE_DIVIDEND,a4e552abf5c8981083928ed50ab84f51a59a4ce01e43b13aa4e701a4c45ce332,benchmark,BH_DIVIDEND,NYSE,LLY,2024-02-14,,,2225.5968866856133,2230.538860874607,,,,,USD,EURUSD,0.9334453467749464,2024-02-14T16:00:00Z,,,,4.941974188993772,0.0,,157887.18911323126,DIVIDENDO_BRUTO,,,
599,2024-02-15T14:30:00Z,OPEN_ENTRY,a4e552abf5c8981083928ed50ab84f51a59a4ce01e43b13aa4e701a4c45ce332,benchmark,BH_BUY,NASDAQ,MSFT,2024-02-15,,,2230.538860874607,2227.1641964113337,4.820370719339456,4.8292109657875395,408.1400146484375,408.5481546630859,USD,EURUSD,0.9334453467749464,2024-02-14T16:00:00Z,3.3712931701031095,0.0033712931701028737,0.00336792524485779,,0.0,,160234.7786274697,BH_REINVERSION_DIVIDENDO,,,
600,2024-02-15T14:30:00Z,OPEN_ENTRY,a4e552abf5c8981083928ed50ab84f51a59a4ce01e43b13aa4e701a4c45ce332,benchmark,BH_BUY,NYSE,LLY,2024-02-15,,,2227.1641964113337,2222.22222222234,4.072566883591559,4.079557839164423,755.7999877929688,756.5557877807616,USD,EURUSD,0.9334453467749464,2024-02-14T16:00:00Z,4.93703715184193,0.004937037151841572,0.004932105046794672,,0.0,,160234.77861216041,BH_REINVERSION_DIVIDENDO,,,
601,2024-02-15T16:30:00Z,CLOSE_DIVIDEND,a4e552abf5c8981083928ed50ab84f51a59a4ce01e43b13aa4e701a4c45ce332,benchmark,BH_DIVIDEND,XETRA,R6C0.DE,2024-02-15,,,2222.22222222234,2235.1332833944452,,,,,EUR,EUR,1.0,,,,,12.911061172105445,0.0,,160022.51933810642,DIVIDENDO_BRUTO,,,
602,2024-02-15T21:00:00Z,CLOSE_DIVIDEND,a4e552abf5c8981083928ed50ab84f51a59a4ce01e43b13aa4e701a4c45ce332,benchmark,BH_DIVIDEND,NYSE,CVX,2024-02-15,,,2235.1332833944452,2246.109171992806,,,,,USD,EURUSD,0.9308386856557759,2024-02-15T16:00:00Z,,,,10.975888598360497,0.0,,160448.28432533814,DIVIDENDO_BRUTO,,,
603,2024-02-16T08:00:00Z,OPEN_ENTRY,a4e552abf5c8981083928ed50ab84f51a59a4ce01e43b13aa4e701a4c45ce332,benchmark,BH_BUY,XETRA,R6C0.DE,2024-02-16,,,2246.109171992806,2233.1981108207005,43.49032974516103,43.92689684656114,29.514999389648438,29.54451438903808,EUR,EUR,1.0,,12.89816300909635,0.012898163009094077,0.01288527773136294,,0.0,,161299.78927920831,BH_REINVERSION_DIVIDENDO,,,
604,2024-02-16T14:30:00Z,OPEN_ENTRY,a4e552abf5c8981083928ed50ab84f51a59a4ce01e43b13aa4e701a4c45ce332,benchmark,BH_BUY,NYSE,CVX,2024-02-16,,,2233.1981108207005,2222.22222222234,7.233985963937842,7.309726776346216,155.3699951171875,155.52536511230468,USD,EURUSD,0.9308386856557759,2024-02-15T16:00:00Z,10.964923674685812,0.010964923674684712,0.01095396970498056,,0.0,,161403.97268435333,BH_REINVERSION_DIVIDENDO,,,
605,2024-02-21T21:00:00Z,CLOSE_DIVIDEND,a4e552abf5c8981083928ed50ab84f51a59a4ce01e43b13aa4e701a4c45ce332,benchmark,BH_DIVIDEND,NASDAQ,AMAT,2024-02-21,,,2222.22222222234,2225.7959963143817,,,,,USD,EURUSD,0.9251549634563789,2024-02-21T16:00:00Z,,,,3.5737740920417522,0.0,,159071.31210114,DIVIDENDO_BRUTO,,,
606,2024-02-21T21:00:00Z,CLOSE_DIVIDEND,a4e552abf5c8981083928ed50ab84f51a59a4ce01e43b13aa4e701a4c45ce332,benchmark,BH_DIVIDEND,NASDAQ,META,2024-02-21,,,2225.7959963143817,2229.0260615644593,,,,,USD,EURUSD,0.9251549634563789,2024-02-21T16:00:00Z,,,,3.230065250077777,0.0,,159074.54216639008,DIVIDENDO_BRUTO,,,
607,2024-02-22T14:30:00Z,OPEN_ENTRY,a4e552abf5c8981083928ed50ab84f51a59a4ce01e43b13aa4e701a4c45ce332,benchmark,BH_BUY,NASDAQ,AMAT,2024-02-22,,,2229.0260615644593,2225.4522874724175,12.07153880027478,12.09098190209158,198.27999877929688,198.47827877807615,USD,EURUSD,0.9251549634563789,2024-02-21T16:00:00Z,3.570203888153599,0.0035702038881533227,0.0035666372509022184,,0.0,,158242.59679508136,BH_REINVERSION_DIVIDENDO,,,
608,2024-02-22T14:30:00Z,OPEN_ENTRY,a4e552abf5c8981083928ed50ab84f51a59a4ce01e43b13aa4e701a4c45ce332,benchmark,BH_BUY,NASDAQ,META,2024-02-22,,,2225.4522874724175,2222.22222222234,6.982755057618138,6.990010607561481,480.239990234375,480.72023022460934,USD,EURUSD,0.9251549634563789,2024-02-21T16:00:00Z,3.2268384116661113,0.0032268384116656,0.003223614796868995,,0.0,,158242.5083849623,BH_REINVERSION_DIVIDENDO,,,
609,2024-02-22T21:00:00Z,CLOSE_DIVIDEND,a4e552abf5c8981083928ed50ab84f51a59a4ce01e43b13aa4e701a4c45ce332,benchmark,BH_DIVIDEND,NASDAQ,AZN,2024-02-22,,,2222.22222222234,2240.7643623697336,,,,,USD,EURUSD,0.9221689413500553,2024-02-22T16:00:00Z,,,,18.54214014739366,0.0,,159229.48234019597,DIVIDENDO_BRUTO,,,
610,2024-02-23T14:30:00Z,OPEN_ENTRY,a4e552abf5c8981083928ed50ab84f51a59a4ce01e43b13aa4e701a4c45ce332,benchmark,BH_BUY,NASDAQ,AZN,2024-02-23,,,2240.7643623697336,2222.22222222234,10.206648109560247,10.361104260315035,129.9199981689453,130.04991816711424,USD,EURUSD,0.9221689413500553,2024-02-22T16:00:00Z,18.5236165308628,0.01852361653086021,0.01850511141944116,,0.0,,162093.77529521633,BH_REINVERSION_DIVIDENDO,,,
611,2024-02-26T16:30:00Z,CLOSE_DIVIDEND,a4e552abf5c8981083928ed50ab84f51a59a4ce01e43b13aa4e701a4c45ce332,benchmark,BH_DIVIDEND,XETRA,IFX.DE,2024-02-26,,,2222.22222222234,2237.8562156699054,,,,,EUR,EUR,1.0,,,,,15.63399344756536,0.0,,161889.28354643105,DIVIDENDO_BRUTO,,,
612,2024-02-27T08:00:00Z,OPEN_ENTRY,a4e552abf5c8981083928ed50ab84f51a59a4ce01e43b13aa4e701a4c45ce332,benchmark,BH_BUY,XETRA,IFX.DE,2024-02-27,,,2237.8562156699054,2222.22222222234,44.6685527073296,45.13759742659835,33.26499938964844,33.29826438903808,EUR,EUR,1.0,,15.618375072492869,0.01561837507249031,0.015602772300190545,,0.0,,163164.89046770762,BH_REINVERSION_DIVIDENDO,,,
613,2024-02-28T21:00:00Z,CLOSE_DIVIDEND,a4e552abf5c8981083928ed50ab84f51a59a4ce01e43b13aa4e701a4c45ce332,benchmark,BH_DIVIDEND,NASDAQ,QCOM,2024-02-28,,,2222.22222222234,2229.0673489090086,,,,,USD,EURUSD,0.9252405625462621,2024-02-28T16:00:00Z,,,,6.845126686668876,0.0,,164061.9001699659,DIVIDENDO_BRUTO,,,
614,2024-02-28T21:00:00Z,CLOSE_DIVIDEND,a4e552abf5c8981083928ed50ab84f51a59a4ce01e43b13aa4e701a4c45ce332,benchmark,BH_DIVIDEND,NYSE,GS,2024-02-28,,,2229.0673489090086,2239.9213004373028,,,,,USD,EURUSD,0.9252405625462621,2024-02-28T16:00:00Z,,,,10.853951528294216,0.0,,164072.7541214942,DIVIDENDO_BRUTO,,,
615,2024-02-29T14:30:00Z,OPEN_ENTRY,a4e552abf5c8981083928ed50ab84f51a59a4ce01e43b13aa4e701a4c45ce332,benchmark,BH_BUY,NASDAQ,QCOM,2024-02-29,,,2239.9213004373028,2233.076173750634,9.24776615368965,9.294833399766077,156.8699951171875,157.02686511230468,USD,EURUSD,0.9252405625462621,2024-02-28T16:00:00Z,6.838288398270606,0.006838288398269832,0.006831456941328803,,0.0,,163607.63326481535,BH_REINVERSION_DIVIDENDO,,,
616,2024-02-29T14:30:00Z,OPEN_ENTRY,a4e552abf5c8981083928ed50ab84f51a59a4ce01e43b13aa4e701a4c45ce332,benchmark,BH_BUY,NYSE,GS,2024-02-29,,,2233.076173750634,2222.22222222234,4.265800295192869,4.295423097733184,395.2200012207031,395.6152212219238,USD,EURUSD,0.9252405625462621,2024-02-28T16:00:00Z,10.843108419874342,0.01084310841987346,0.010832276143729168,,0.0,,163607.55567643087,BH_REINVERSION_DIVIDENDO,,,
617,2024-02-29T21:00:00Z,CLOSE_DIVIDEND,a4e552abf5c8981083928ed50ab84f51a59a4ce01e43b13aa4e701a4c45ce332,benchmark,BH_DIVIDEND,NYSE,LMT,2024-02-29,,,2222.22222222234,2230.4977445897375,,,,,USD,EURUSD,0.9237021984112322,2024-02-29T16:00:00Z,,,,8.275522367397507,0.0,,163649.24666183133,DIVIDENDO_BRUTO,,,
618,2024-03-01T14:30:00Z,OPEN_ENTRY,a4e552abf5c8981083928ed50ab84f51a59a4ce01e43b13aa4e701a4c45ce332,benchmark,BH_BUY,NYSE,LMT,2024-03-01,,,2230.4977445897375,2222.22222222234,2.8441525444268385,2.865048055814781,427.8999938964844,428.32789389038084,USD,EURUSD,0.9237021984112322,2024-02-29T16:00:00Z,8.267255112285222,0.008267255112285099,0.008258996116168588,,0.0,,164921.68182841127,BH_REINVERSION_DIVIDENDO,,,
619,2024-03-05T21:00:00Z,CLOSE_DIVIDEND,a4e552abf5c8981083928ed50ab84f51a59a4ce01e43b13aa4e701a4c45ce332,benchmark,BH_DIVIDEND,NASDAQ,NVDA,2024-03-05,,,2222.22222222234,2222.4942120492547,,,,,USD,EURUSD,0.9217439395335976,2024-03-05T16:00:00Z,,,,0.2719898269145166,0.0,,167235.7194218843,DIVIDENDO_BRUTO,,,
620,2024-03-06T14:30:00Z,OPEN_ENTRY,a4e552abf5c8981083928ed50ab84f51a59a4ce01e43b13aa4e701a4c45ce332,benchmark,BH_BUY,NASDAQ,NVDA,2024-03-06,,,2222.4942120492547,2222.22222222234,73.77044080488977,73.77378647384914,88.02200317382812,88.11002517700194,USD,EURUSD,0.9217439395335976,2024-03-05T16:00:00Z,0.27171810880571096,0.00027171810880566305,0.0002714466621435394,,0.0,,165749.82693838896,BH_REINVERSION_DIVIDENDO,,,
621,2024-03-08T14:30:00Z,OPEN_ENTRY,a4e552abf5c8981083928ed50ab84f51a59a4ce01e43b13aa4e701a4c45ce332,benchmark,BH_BUY,NASDAQ,ARM,2024-03-08,,,2222.22222222234,1111.1111111112289,0.0,8.64870821218358,139.69000244140625,139.82969244384765,USD,EURUSD,0.9178522257916476,2024-03-07T16:00:00Z,1110.0011100011102,1.1100011100008942,1.1088922177832619,,0.0,,169337.1614731781,BH_COMPRA_INICIAL,,,
622,2024-03-13T20:00:00Z,CLOSE_DIVIDEND,a4e552abf5c8981083928ed50ab84f51a59a4ce01e43b13aa4e701a4c45ce332,benchmark,BH_DIVIDEND,NYSE,CRM,2024-03-13,,,1111.1111111112289,1113.6235959296655,,,,,USD,EURUSD,0.9141603437242891,2024-03-13T16:00:00Z,,,,2.512484818436554,0.0,,168468.71167227445,DIVIDENDO_BRUTO,,,
623,2024-03-14T13:30:00Z,OPEN_ENTRY,a4e552abf5c8981083928ed50ab84f51a59a4ce01e43b13aa4e701a4c45ce332,benchmark,BH_BUY,NYSE,CRM,2024-03-14,,,1113.6235959296655,1111.1111111112289,6.871017857219367,6.880011032835247,305.0,305.30499999999995,USD,EURUSD,0.9141603437242891,2024-03-13T16:00:00Z,2.509974843592961,0.0025099748435928326,0.0025074673762163335,,0.0,,167859.4313132816,BH_REINVERSION_DIVIDENDO,,,
624,2024-03-14T16:30:00Z,CLOSE_DIVIDEND,a4e552abf5c8981083928ed50ab84f51a59a4ce01e43b13aa4e701a4c45ce332,benchmark,BH_DIVIDEND,XETRA,EQQQ.DE,2024-03-14,,,1111.1111111112289,1113.7853895655446,,,,,EUR,EUR,1.0,,,,,2.674278454315672,0.0,,167981.51509287045,DIVIDENDO_BRUTO,,,
625,2024-03-14T16:30:00Z,CLOSE_DIVIDEND,a4e552abf5c8981083928ed50ab84f51a59a4ce01e43b13aa4e701a4c45ce332,benchmark,BH_DIVIDEND,XETRA,IQQK.DE,2024-03-14,,,1113.7853895655446,1121.1590252085207,,,,,EUR,EUR,1.0,,,,,7.373635642976006,0.0,,167988.88872851344,DIVIDENDO_BRUTO,,,
626,2024-03-14T16:30:00Z,CLOSE_DIVIDEND,a4e552abf5c8981083928ed50ab84f51a59a4ce01e43b13aa4e701a4c45ce332,benchmark,BH_DIVIDEND,XETRA,IQQT.DE,2024-03-14,,,1121.1590252085207,1122.238990765311,,,,,EUR,EUR,1.0,,,,,1.0799655567903463,0.0,,167989.9686940702,DIVIDENDO_BRUTO,,,
627,2024-03-15T08:00:00Z,OPEN_ENTRY,a4e552abf5c8981083928ed50ab84f51a59a4ce01e43b13aa4e701a4c45ce332,benchmark,BH_BUY,XETRA,EQQQ.DE,2024-03-15,,,1122.238990765311,1119.5647123109952,4.155503533233064,4.162110632698111,403.95001220703125,404.3539622192382,EUR,EUR,1.0,,2.671606847468204,0.0026716068474677,0.0026689379095581924,,0.0,,167048.77928848282,BH_REINVERSION_DIVIDENDO,,,
628,2024-03-15T08:00:00Z,OPEN_ENTRY,a4e552abf5c8981083928ed50ab84f51a59a4ce01e43b13aa4e701a4c45ce332,benchmark,BH_BUY,XETRA,IQQK.DE,2024-03-15,,,1119.5647123109952,1112.1910766680192,27.504021526022704,27.678341327906875,42.21500015258789,42.25721515274047,EUR,EUR,1.0,,7.366269373602404,0.0073662693736018525,0.007358910463138017,,0.0,,167048.9510854378,BH_REINVERSION_DIVIDENDO,,,
629,2024-03-15T08:00:00Z,OPEN_ENTRY,a4e552abf5c8981083928ed50ab84f51a59a4ce01e43b13aa4e701a4c45ce332,benchmark,BH_BUY,XETRA,IQQT.DE,2024-03-15,,,1112.1910766680192,1111.1111111112289,17.191155135867724,17.205647657334097,74.37000274658203,74.44437274932861,EUR,EUR,1.0,,1.0788866701202262,0.0010788866701201272,0.001077808861258885,,0.0,,167048.95834879277,BH_REINVERSION_DIVIDENDO,,,
630,2024-03-15T16:30:00Z,CLOSE_DIVIDEND,a4e552abf5c8981083928ed50ab84f51a59a4ce01e43b13aa4e701a4c45ce332,benchmark,BH_DIVIDEND,XETRA,EXSA.DE,2024-03-15,,,1111.1111111112289,1114.7657621100486,,,,,EUR,EUR,1.0,,,,,3.6546509988198395,0.0,,167229.26010369867,DIVIDENDO_BRUTO,,,
631,2024-03-18T08:00:00Z,OPEN_ENTRY,a4e552abf5c8981083928ed50ab84f51a59a4ce01e43b13aa4e701a4c45ce332,benchmark,BH_BUY,XETRA,EXSA.DE,2024-03-18,,,1114.7657621100486,1111.1111111112289,28.00906644507506,28.081998913953075,50.0099983215332,50.06000831985473,EUR,EUR,1.0,,3.650999998821019,0.00365099999882057,0.003647352646174455,,0.0,,166648.15876815454,BH_REINVERSION_DIVIDENDO,,,
632,2024-03-18T16:30:00Z,CLOSE_DIVIDEND,a4e552abf5c8981083928ed50ab84f51a59a4ce01e43b13aa4e701a4c45ce332,benchmark,BH_DIVIDEND,MIL,ENI.MI,2024-03-18,,,1111.1111111112289,1133.5018904537649,,,,,EUR,EUR,1.0,,,,,22.390779342536018,0.0,,166690.57550839652,DIVIDENDO_BRUTO,,,
633,2024-03-18T20:00:00Z,CLOSE_DIVIDEND,a4e552abf5c8981083928ed50ab84f51a59a4ce01e43b13aa4e701a4c45ce332,benchmark,BH_DIVIDEND,NYSE,TSM,2024-03-18,,,1133.5018904537649,1140.5498216646515,,,,,USD,EURUSD,0.9181050312155711,2024-03-18T16:00:00Z,,,,7.04793121088659,0.0,,166855.07868377972,DIVIDENDO_BRUTO,,,
634,2024-03-19T08:00:00Z,OPEN_ENTRY,a4e552abf5c8981083928ed50ab84f51a59a4ce01e43b13aa4e701a4c45ce332,benchmark,BH_BUY,MIL,ENI.MI,2024-03-19,,,1140.5498216646515,1118.1590423221155,93.29491392723341,94.86880214661534,14.197999954223633,14.212197954177855,EUR,EUR,1.0,,22.368410931604416,0.0223684109316018,0.02234606486673493,,0.0,,167853.28503069683,BH_REINVERSION_DIVIDENDO,,,
635,2024-03-19T13:30:00Z,OPEN_ENTRY,a4e552abf5c8981083928ed50ab84f51a59a4ce01e43b13aa4e701a4c45ce332,benchmark,BH_BUY,NYSE,TSM,2024-03-19,,,1118.1590423221155,1111.1111111112289,13.856690748912769,13.913315111720573,135.3000030517578,135.43530305480957,USD,EURUSD,0.9181050312155711,2024-03-18T16:00:00Z,7.0408903205660245,0.0070408903205656515,0.007033856464101698,,0.0,,167821.25832977108,BH_REINVERSION_DIVIDENDO,,,
636,2024-03-20T16:30:00Z,CLOSE_DIVIDEND,a4e552abf5c8981083928ed50ab84f51a59a4ce01e43b13aa4e701a4c45ce332,benchmark,BH_DIVIDEND,PAR,TTE.PA,2024-03-20,,,1111.1111111112289,1128.0663262391715,,,,,EUR,EUR,1.0,,,,,16.955215127942765,0.0,,168268.12481387056,DIVIDENDO_BRUTO,,,
637,2024-03-20T20:00:00Z,CLOSE_DIVIDEND,a4e552abf5c8981083928ed50ab84f51a59a4ce01e43b13aa4e701a4c45ce332,benchmark,BH_DIVIDEND,NASDAQ,AVGO,2024-03-20,,,1128.0663262391715,1139.283953345115,,,,,USD,EURUSD,0.9221689413500553,2024-03-20T16:00:00Z,,,,11.217627105943304,0.0,,168395.10012909397,DIVIDENDO_BRUTO,,,
638,2024-03-21T08:00:00Z,OPEN_ENTRY,a4e552abf5c8981083928ed50ab84f51a59a4ce01e43b13aa4e701a4c45ce332,benchmark,BH_BUY,PAR,TTE.PA,2024-03-21,,,1139.283953345115,1122.3287382171723,22.91245287559833,23.178930914899055,63.5,63.56349999999999,EUR,EUR,1.0,,16.938276851091675,0.016938276851089284,0.01692135549559357,,0.0,,170336.50911295926,BH_REINVERSION_DIVIDENDO,,,
639,2024-03-21T13:30:00Z,OPEN_ENTRY,a4e552abf5c8981083928ed50ab84f51a59a4ce01e43b13aa4e701a4c45ce332,benchmark,BH_BUY,NASDAQ,AVGO,2024-03-21,,,1122.3287382171723,1111.1111111112289,23.170275873685558,23.261670284833972,132.83200073242188,132.96483273315428,USD,EURUSD,0.9221689413500553,2024-03-20T16:00:00Z,11.206420685258047,0.011206420685256901,0.011195225459796967,,0.0,,170381.86586359428,BH_REINVERSION_DIVIDENDO,,,
640,2024-03-28T06:00:00Z,CLOSE_DIVIDEND,a4e552abf5c8981083928ed50ab84f51a59a4ce01e43b13aa4e701a4c45ce332,benchmark,BH_DIVIDEND,JPX,6501.T,2024-03-28,,,1111.1111111112289,1125.7168154412402,,,,,JPY,EURJPY,0.00611545988258317,2024-03-27T16:00:00Z,,,,14.60570433001128,0.0,,172642.84071267516,DIVIDENDO_BRUTO,,,
641,2024-03-28T06:00:00Z,CLOSE_DIVIDEND,a4e552abf5c8981083928ed50ab84f51a59a4ce01e43b13aa4e701a4c45ce332,benchmark,BH_DIVIDEND,JPX,6758.T,2024-03-28,,,1125.7168154412402,1129.5747831342085,,,,,JPY,EURJPY,0.00611545988258317,2024-03-27T16:00:00Z,,,,3.8579676929683435,0.0,,172646.69868036814,DIVIDENDO_BRUTO,,,
642,2024-03-28T06:00:00Z,CLOSE_DIVIDEND,a4e552abf5c8981083928ed50ab84f51a59a4ce01e43b13aa4e701a4c45ce332,benchmark,BH_DIVIDEND,JPX,6857.T,2024-03-28,,,1129.5747831342085,1138.7653878647966,,,,,JPY,EURJPY,0.00611545988258317,2024-03-27T16:00:00Z,,,,9.190604730588031,0.0,,172655.8892850987,DIVIDENDO_BRUTO,,,
643,2024-03-28T06:00:00Z,CLOSE_DIVIDEND,a4e552abf5c8981083928ed50ab84f51a59a4ce01e43b13aa4e701a4c45ce332,benchmark,BH_DIVIDEND,JPX,7011.T,2024-03-28,,,1138.7653878647966,1160.6158436993146,,,,,JPY,EURJPY,0.00611545988258317,2024-03-27T16:00:00Z,,,,21.85045583451791,0.0,,172677.73974093323,DIVIDENDO_BRUTO,,,
644,2024-03-28T06:00:00Z,CLOSE_DIVIDEND,a4e552abf5c8981083928ed50ab84f51a59a4ce01e43b13aa4e701a4c45ce332,benchmark,BH_DIVIDEND,JPX,7203.T,2024-03-28,,,1160.6158436993146,1182.0987646008673,,,,,JPY,EURJPY,0.00611545988258317,2024-03-27T16:00:00Z,,,,21.48292090155278,0.0,,172699.2226618348,DIVIDENDO_BRUTO,,,
645,2024-03-28T06:00:00Z,CLOSE_DIVIDEND,a4e552abf5c8981083928ed50ab84f51a59a4ce01e43b13aa4e701a4c45ce332,benchmark,BH_DIVIDEND,JPX,8035.T,2024-03-28,,,1182.0987646008673,1196.4715791317442,,,,,JPY,EURJPY,0.00611545988258317,2024-03-27T16:00:00Z,,,,14.372814530876914,0.0,,172713.59547636568,DIVIDENDO_BRUTO,,,
646,2024-03-28T20:00:00Z,CLOSE_DIVIDEND,a4e552abf5c8981083928ed50ab84f51a59a4ce01e43b13aa4e701a4c45ce332,benchmark,BH_DIVIDEND,NASDAQ,MU,2024-03-28,,,1196.4715791317442,1198.5766846230092,,,,,USD,EURUSD,0.9249838127832763,2024-03-28T16:00:00Z,,,,2.1051054912650042,0.0,,172946.05594993822,DIVIDENDO_BRUTO,,,
647,2024-03-29T00:00:00Z,OPEN_ENTRY,a4e552abf5c8981083928ed50ab84f51a59a4ce01e43b13aa4e701a4c45ce332,benchmark,BH_BUY,JPX,6501.T,2024-03-29,,,1198.5766846230092,1183.9709802929979,119.41623860217224,120.28230000543094,2751.0,2753.7509999999997,JPY,EURJPY,0.00611807892321811,2024-03-28T16:00:00Z,14.591113216794486,0.014591113216793516,0.014576536680113045,,0.0,,172792.50255599243,BH_REINVERSION_DIVIDENDO,,,
648,2024-03-29T00:00:00Z,OPEN_ENTRY,a4e552abf5c8981083928ed50ab84f51a59a4ce01e43b13aa4e701a4c45ce332,benchmark,BH_BUY,JPX,6758.T,2024-03-29,,,1183.9709802929979,1180.1130126000296,70.09498635046484,70.33712776601394,2599.0,2601.5989999999997,JPY,EURJPY,0.00611807892321811,2024-03-28T16:00:00Z,3.854113579388955,0.003854113579388585,0.003850263316072446,,0.0,,172792.47559289174,BH_REINVERSION_DIVIDENDO,,,
649,2024-03-29T00:00:00Z,OPEN_ENTRY,a4e552abf5c8981083928ed50ab84f51a59a4ce01e43b13aa4e701a4c45ce332,benchmark,BH_BUY,JPX,6857.T,2024-03-29,,,1180.1130126000296,1170.9224078694415,83.49153808587528,83.71403800204327,6738.0,6744.737999999999,JPY,EURJPY,0.00611807892321811,2024-03-28T16:00:00Z,9.181423307280753,0.009181423307278891,0.009172251056223676,,0.0,,172792.39870451935,BH_REINVERSION_DIVIDENDO,,,
650,2024-03-29T00:00:00Z,OPEN_ENTRY,a4e552abf5c8981083928ed50ab84f51a59a4ce01e43b13aa4e701a4c45ce332,benchmark,BH_BUY,JPX,7011.T,2024-03-29,,,1170.9224078694415,1149.0719520349235,297.7488781716974,300.30394970735523,1395.0,1396.3949999999998,JPY,EURJPY,0.00611807892321811,2024-03-28T16:00:00Z,21.8286272073106,0.02182862720730938,0.021806820386919844,,0.0,,172791.88610519245,BH_REINVERSION_DIVIDENDO,,,
651,2024-03-29T00:00:00Z,OPEN_ENTRY,a4e552abf5c8981083928ed50ab84f51a59a4ce01e43b13aa4e701a4c45ce332,benchmark,BH_BUY,JPX,7203.T,2024-03-29,,,1149.0719520349235,1127.5890311333708,78.06416057382025,78.985393795334,3804.0,3807.8039999999996,JPY,EURJPY,0.00611807892321811,2024-03-28T16:00:00Z,21.461459442110673,0.021461459442107866,0.021440019422685915,,0.0,,172791.8544760687,BH_REINVERSION_DIVIDENDO,,,
652,2024-03-29T00:00:00Z,OPEN_ENTRY,a4e552abf5c8981083928ed50ab84f51a59a4ce01e43b13aa4e701a4c45ce332,benchmark,BH_BUY,JPX,8035.T,2024-03-29,,,1127.5890311333708,1113.216216602494,9.592827069750992,9.652636893738903,39200.0,39239.2,JPY,EURJPY,0.00611807892321811,2024-03-28T16:00:00Z,14.358456074802113,0.014358456074800685,0.01434411196283821,,0.0,,172791.8477287741,BH_REINVERSION_DIVIDENDO,,,
653,2024-04-01T13:30:00Z,OPEN_ENTRY,a4e552abf5c8981083928ed50ab84f51a59a4ce01e43b13aa4e701a4c45ce332,benchmark,BH_BUY,NASDAQ,MU,2024-04-01,,,1113.216216602494,1111.1111111112289,19.789822144405182,19.80887654678823,119.19999694824219,119.31919694519041,USD,EURUSD,0.9249838127832763,2024-03-28T16:00:00Z,2.1030024887762284,0.002103002488775818,0.0021009015871887426,,0.0,,172533.95421026592,BH_REINVERSION_DIVIDENDO,,,
654,2024-04-08T15:30:00Z,CLOSE_DIVIDEND,a4e552abf5c8981083928ed50ab84f51a59a4ce01e43b13aa4e701a4c45ce332,benchmark,BH_DIVIDEND,MCE,BBVA.MC,2024-04-08,,,1111.1111111112289,1223.4908200754462,,,,,EUR,EUR,1.0,,,,,112.37970896421741,0.0,,171162.29539037423,DIVIDENDO_BRUTO,,,
655,2024-04-08T20:00:00Z,CLOSE_DIVIDEND,a4e552abf5c8981083928ed50ab84f51a59a4ce01e43b13aa4e701a4c45ce332,benchmark,BH_DIVIDEND,NYSE,MA,2024-04-08,,,1223.4908200754462,1225.7232931470123,,,,,USD,EURUSD,0.9239582370876837,2024-04-08T15:00:00Z,,,,2.2324730715662033,0.0,,171575.15691357726,DIVIDENDO_BRUTO,,,
656,2024-04-09T07:00:00Z,OPEN_ENTRY,a4e552abf5c8981083928ed50ab84f51a59a4ce01e43b13aa4e701a4c45ce332,benchmark,BH_BUY,MCE,BBVA.MC,2024-04-09,,,1225.7232931470123,1113.343584182795,288.15309990824977,298.68411307761323,10.649999618530273,10.660649618148803,EUR,EUR,1.0,,112.26744152269474,0.11226744152267543,0.11215528623644691,,0.0,,172004.98029097478,BH_REINVERSION_DIVIDENDO,,,
657,2024-04-09T13:30:00Z,OPEN_ENTRY,a4e552abf5c8981083928ed50ab84f51a59a4ce01e43b13aa4e701a4c45ce332,benchmark,BH_BUY,NYSE,MA,2024-04-09,,,1113.343584182795,1111.1111111112289,3.660917583872881,3.6659626294342154,477.9700012207031,478.44797122192375,USD,EURUSD,0.9239582370876837,2024-04-08T15:00:00Z,2.2302428287374663,0.0022302428287370724,0.002228014813923185,,0.0,,172049.20034795208,BH_REINVERSION_DIVIDENDO,,,
658,2024-04-09T20:00:00Z,CLOSE_DIVIDEND,a4e552abf5c8981083928ed50ab84f51a59a4ce01e43b13aa4e701a4c45ce332,benchmark,BH_DIVIDEND,NYSE,ORCL,2024-04-09,,,1111.1111111112289,1117.2088573522483,,,,,USD,EURUSD,0.9202171712524155,2024-04-09T15:00:00Z,,,,6.097746241019513,0.0,,170801.03409268177,DIVIDENDO_BRUTO,,,
659,2024-04-10T13:30:00Z,OPEN_ENTRY,a4e552abf5c8981083928ed50ab84f51a59a4ce01e43b13aa4e701a4c45ce332,benchmark,BH_BUY,NYSE,ORCL,2024-04-10,,,1117.2088573522483,1111.1111111112289,16.56605210028976,16.620548910626646,121.3499984741211,121.4713484725952,USD,EURUSD,0.9202171712524155,2024-04-09T15:00:00Z,6.09165458643308,0.006091654586432682,0.0060855690174147084,,0.0,,170325.44764441706,BH_REINVERSION_DIVIDENDO,,,
660,2024-04-11T15:30:00Z,CLOSE_DIVIDEND,a4e552abf5c8981083928ed50ab84f51a59a4ce01e43b13aa4e701a4c45ce332,benchmark,BH_DIVIDEND,XETRA,DTE.DE,2024-04-11,,,1111.1111111112289,1160.3954008510743,,,,,EUR,EUR,1.0,,,,,49.28428973984545,0.0,,171611.93479582772,DIVIDENDO_BRUTO,,,
661,2024-04-11T20:00:00Z,CLOSE_DIVIDEND,a4e552abf5c8981083928ed50ab84f51a59a4ce01e43b13aa4e701a4c45ce332,benchmark,BH_DIVIDEND,NASDAQ,MRVL,2024-04-11,,,1160.3954008510743,1161.7170219032928,,,,,USD,EURUSD,0.9320533134495294,2024-04-11T15:00:00Z,,,,1.3216210522184757,0.0,,171153.813757738,DIVIDENDO_BRUTO,,,
662,2024-04-12T07:00:00Z,OPEN_ENTRY,a4e552abf5c8981083928ed50ab84f51a59a4ce01e43b13aa4e701a4c45ce332,benchmark,BH_BUY,XETRA,DTE.DE,2024-04-12,,,1161.7170219032928,1112.4327321634473,64.00557109070837,66.31476689249807,21.299999237060547,21.321299236297605,EUR,EUR,1.0,,49.23505468516029,0.04923505468515543,0.04918586881633897,,0.0,,172674.8314885552,BH_REINVERSION_DIVIDENDO,,,
663,2024-04-12T13:30:00Z,OPEN_ENTRY,a4e552abf5c8981083928ed50ab84f51a59a4ce01e43b13aa4e701a4c45ce332,benchmark,BH_BUY,NASDAQ,MRVL,2024-04-12,,,1112.4327321634473,1111.1111111112289,23.632787115420044,23.65300911417432,69.9800033569336,70.04998336029053,USD,EURUSD,0.9320533134495294,2024-04-11T15:00:00Z,1.3203007514670089,0.0013203007514668297,0.0013189817696972772,,0.0,,172668.6357065234,BH_REINVERSION_DIVIDENDO,,,
664,2024-04-12T20:00:00Z,CLOSE_DIVIDEND,a4e552abf5c8981083928ed50ab84f51a59a4ce01e43b13aa4e701a4c45ce332,benchmark,BH_DIVIDEND,NYSE,ABBV,2024-04-12,,,1111.1111111112289,1124.061141378756,,,,,USD,EURUSD,0.938790837401427,2024-04-12T15:00:00Z,,,,12.950030267527103,0.0,,173512.77280511663,DIVIDENDO_BRUTO,,,
665,2024-04-15T13:30:00Z,OPEN_ENTRY,a4e552abf5c8981083928ed50ab84f51a59a4ce01e43b13aa4e701a4c45ce332,benchmark,BH_BUY,NYSE,ABBV,2024-04-15,,,1124.061141378756,1111.1111111112289,8.899594994174109,8.98327372300332,164.52000427246094,164.68452427673338,USD,EURUSD,0.938790837401427,2024-04-12T15:00:00Z,12.937093174352752,0.012937093174350878,0.012924169005346296,,0.0,,171598.55726625427,BH_REINVERSION_DIVIDENDO,,,
666,2024-04-15T15:30:00Z,CLOSE_DIVIDEND,a4e552abf5c8981083928ed50ab84f51a59a4ce01e43b13aa4e701a4c45ce332,benchmark,BH_DIVIDEND,XETRA,EXH1.DE,2024-04-15,,,1111.1111111112289,1123.489979464052,,,,,EUR,EUR,1.0,,,,,12.37886835282319,0.0,,171510.8909417174,DIVIDENDO_BRUTO,,,
667,2024-04-15T15:30:00Z,CLOSE_DIVIDEND,a4e552abf5c8981083928ed50ab84f51a59a4ce01e43b13aa4e701a4c45ce332,benchmark,BH_DIVIDEND,XETRA,EXV1.DE,2024-04-15,,,1123.489979464052,1126.43900561999,,,,,EUR,EUR,1.0,,,,,2.9490261559379523,0.0,,171513.83996787333,DIVIDENDO_BRUTO,,,
668,2024-04-16T07:00:00Z,OPEN_ENTRY,a4e552abf5c8981083928ed50ab84f51a59a4ce01e43b13aa4e701a4c45ce332,benchmark,BH_BUY,XETRA,EXH1.DE,2024-04-16,,,1126.43900561999,1114.0601372671667,34.56577550526545,34.88691268517852,38.470001220703125,38.50847122192383,EUR,EUR,1.0,,12.366501850972218,0.012366501850971545,0.012354147703268583,,0.0,,169342.6332587553,BH_REINVERSION_DIVIDENDO,,,
669,2024-04-16T07:00:00Z,OPEN_ENTRY,a4e552abf5c8981083928ed50ab84f51a59a4ce01e43b13aa4e701a4c45ce332,benchmark,BH_BUY,XETRA,EXV1.DE,2024-04-16,,,1114.0601372671667,1111.1111111112289,94.33261326652013,94.48959732166621,18.74799919128418,18.766747190475463,EUR,EUR,1.0,,2.9460800758620906,0.0029460800758616124,0.0029431369389231053,,0.0,,169342.67666270168,BH_REINVERSION_DIVIDENDO,,,
670,2024-04-16T15:30:00Z,CLOSE_DIVIDEND,a4e552abf5c8981083928ed50ab84f51a59a4ce01e43b13aa4e701a4c45ce332,benchmark,BH_DIVIDEND,PAR,AIR.PA,2024-04-16,,,1111.1111111112289,1143.0453185843285,,,,,EUR,EUR,1.0,,,,,31.93420747309971,0.0,,169401.63084688594,DIVIDENDO_BRUTO,,,
671,2024-04-17T07:00:00Z,OPEN_ENTRY,a4e552abf5c8981083928ed50ab84f51a59a4ce01e43b13aa4e701a4c45ce332,benchmark,BH_BUY,PAR,AIR.PA,2024-04-17,,,1143.0453185843285,1111.1111111112289,11.405074097535612,11.605693728725026,158.86000061035156,159.0188606109619,EUR,EUR,1.0,,31.902305167931782,0.0319023051679288,0.03187043473319467,,0.0,,168316.49079750356,BH_REINVERSION_DIVIDENDO,,,
672,2024-04-18T15:30:00Z,CLOSE_DIVIDEND,a4e552abf5c8981083928ed50ab84f51a59a4ce01e43b13aa4e701a4c45ce332,benchmark,BH_DIVIDEND,XETRA,BSP.DE,2024-04-18,,,1111.1111111112289,1138.7583080497957,,,,,EUR,EUR,1.0,,,,,27.64719693856671,0.0,,166896.1869146898,DIVIDENDO_BRUTO,,,
673,2024-04-19T07:00:00Z,OPEN_ENTRY,a4e552abf5c8981083928ed50ab84f51a59a4ce01e43b13aa4e701a4c45ce332,benchmark,BH_BUY,XETRA,BSP.DE,2024-04-19,,,1138.7583080497957,1111.1111111112289,127.95984911040011,129.76678981430828,15.270000457763672,15.285270458221435,EUR,EUR,1.0,,27.619577361205508,0.027619577361203795,0.027591985375828163,,0.0,,166044.88270770153,BH_REINVERSION_DIVIDENDO,,,
674,2024-04-19T20:00:00Z,CLOSE_DIVIDEND,a4e552abf5c8981083928ed50ab84f51a59a4ce01e43b13aa4e701a4c45ce332,benchmark,BH_DIVIDEND,NYSE,CAT,2024-04-19,,,1111.1111111112289,1118.173636344025,,,,,USD,EURUSD,0.9387027128508402,2024-04-19T15:00:00Z,,,,7.062525232796153,0.0,,165552.5647185209,DIVIDENDO_BRUTO,,,
675,2024-04-22T13:30:00Z,OPEN_ENTRY,a4e552abf5c8981083928ed50ab84f51a59a4ce01e43b13aa4e701a4c45ce332,benchmark,BH_BUY,NYSE,CAT,2024-04-22,,,1118.173636344025,1111.1111111112289,5.78746779269057,5.808553676224987,356.1000061035156,356.4561061096191,USD,EURUSD,0.9387027128508402,2024-04-19T15:00:00Z,7.055469763033121,0.007055469763032285,0.007048421341690619,,0.0,,162950.50702661817,BH_REINVERSION_DIVIDENDO,,,
676,2024-04-22T15:30:00Z,CLOSE_DIVIDEND,a4e552abf5c8981083928ed50ab84f51a59a4ce01e43b13aa4e701a4c45ce332,benchmark,BH_DIVIDEND,MIL,RACE.MI,2024-04-22,,,1111.1111111112289,1127.5470954215334,,,,,EUR,EUR,1.0,,,,,16.43598431030451,0.0,,163137.6327949514,DIVIDENDO_BRUTO,,,
677,2024-04-23T07:00:00Z,OPEN_ENTRY,a4e552abf5c8981083928ed50ab84f51a59a4ce01e43b13aa4e701a4c45ce332,benchmark,BH_BUY,MIL,RACE.MI,2024-04-23,,,1127.5470954215334,1111.1111111112289,6.72778727396828,6.770470495683114,384.29998779296875,384.6842877807617,EUR,EUR,1.0,,16.41956474555895,0.016419564745557835,0.01640316158397327,,0.0,,164871.53487546535,BH_REINVERSION_DIVIDENDO,,,
678,2024-04-23T15:30:00Z,CLOSE_DIVIDEND,a4e552abf5c8981083928ed50ab84f51a59a4ce01e43b13aa4e701a4c45ce332,benchmark,BH_DIVIDEND,PAR,MC.PA,2024-04-23,,,1111.1111111112289,1126.4174173210174,,,,,EUR,EUR,1.0,,,,,15.306306209788552,0.0,,164598.152981346,DIVIDENDO_BRUTO,,,
679,2024-04-24T07:00:00Z,OPEN_ENTRY,a4e552abf5c8981083928ed50ab84f51a59a4ce01e43b13aa4e701a4c45ce332,benchmark,BH_BUY,PAR,MC.PA,2024-04-24,,,1126.4174173210174,1111.1111111112289,2.040840827971807,2.060067686946179,794.5,795.2944999999999,EUR,EUR,1.0,,15.29101519459396,0.01529101519459175,0.015275739455136078,,0.0,,167848.39514090715,BH_REINVERSION_DIVIDENDO,,,
680,2024-04-26T15:30:00Z,CLOSE_DIVIDEND,a4e552abf5c8981083928ed50ab84f51a59a4ce01e43b13aa4e701a4c45ce332,benchmark,BH_DIVIDEND,AMS,ASML.AS,2024-04-26,,,1111.1111111112289,1115.1925065952798,,,,,EUR,EUR,1.0,,,,,4.08139548405089,0.0,,165848.44785764086,DIVIDENDO_BRUTO,,,
681,2024-04-26T15:30:00Z,CLOSE_DIVIDEND,a4e552abf5c8981083928ed50ab84f51a59a4ce01e43b13aa4e701a4c45ce332,benchmark,BH_DIVIDEND,PAR,OR.PA,2024-04-26,,,1115.1925065952798,1139.2025435549929,,,,,EUR,EUR,1.0,,,,,24.010036959712984,0.0,,165872.45789460058,DIVIDENDO_BRUTO,,,
682,2024-04-26T15:30:00Z,CLOSE_DIVIDEND,a4e552abf5c8981083928ed50ab84f51a59a4ce01e43b13aa4e701a4c45ce332,benchmark,BH_DIVIDEND,XETRA,MUV2.DE,2024-04-26,,,1139.2025435549929,1217.42403529185,,,,,EUR,EUR,1.0,,,,,78.22149173685713,0.0,,165950.67938633743,DIVIDENDO_BRUTO,,,
683,2024-04-29T07:00:00Z,OPEN_ENTRY,a4e552abf5c8981083928ed50ab84f51a59a4ce01e43b13aa4e701a4c45ce332,benchmark,BH_BUY,AMS,ASML.AS,2024-04-29,,,1217.42403529185,1213.342639807799,2.3322259908862226,2.3369678359630144,859.0,859.8589999999999,EUR,EUR,1.0,,4.077318165885005,0.004077318165884414,0.00407324492096368,,0.0,,168574.05063289686,BH_REINVERSION_DIVIDENDO,,,
684,2024-04-29T07:00:00Z,OPEN_ENTRY,a4e552abf5c8981083928ed50ab84f51a59a4ce01e43b13aa4e701a4c45ce332,benchmark,BH_BUY,PAR,OR.PA,2024-04-29,,,1213.342639807799,1189.332602848086,3.637884387835301,3.6927740671160802,436.54998779296875,436.9865377807617,EUR,EUR,1.0,,23.98605090880418,0.023986050908803236,0.023962088819982824,,0.0,,168573.95328438084,BH_REINVERSION_DIVIDENDO,,,
685,2024-04-29T07:00:00Z,OPEN_ENTRY,a4e552abf5c8981083928ed50ab84f51a59a4ce01e43b13aa4e701a4c45ce332,benchmark,BH_BUY,XETRA,MUV2.DE,2024-04-29,,,1189.332602848086,1111.1111111112289,5.214766115790475,5.402694099065354,415.3999938964844,415.8153938903808,EUR,EUR,1.0,,78.14334838846867,0.07814334838846548,0.07806528310535024,,0.0,,168573.44001372813,BH_REINVERSION_DIVIDENDO,,,
686,2024-04-29T15:30:00Z,CLOSE_DIVIDEND,a4e552abf5c8981083928ed50ab84f51a59a4ce01e43b13aa4e701a4c45ce332,benchmark,BH_DIVIDEND,MCE,ITX.MC,2024-04-29,,,1111.1111111112289,1151.2833251174031,,,,,EUR,EUR,1.0,,,,,40.172214006174265,0.0,,168594.33108953477,DIVIDENDO_BRUTO,,,
687,2024-04-30T07:00:00Z,OPEN_ENTRY,a4e552abf5c8981083928ed50ab84f51a59a4ce01e43b13aa4e701a4c45ce332,benchmark,BH_BUY,MCE,ITX.MC,2024-04-30,,,1151.2833251174031,1111.1111111112289,52.171706501525016,53.08558821819806,43.869998931884766,43.91386893081665,EUR,EUR,1.0,,40.132081924250016,0.04013208192424855,0.04009198993431321,,0.0,,168183.40709630432,BH_REINVERSION_DIVIDENDO,,,
688,2024-05-06T20:00:00Z,CLOSE_DIVIDEND,a4e552abf5c8981083928ed50ab84f51a59a4ce01e43b13aa4e701a4c45ce332,benchmark,BH_DIVIDEND,NASDAQ,INTC,2024-05-06,,,1111.1111111112289,1114.8279732554718,,,,,USD,EURUSD,0.9279881217520417,2024-05-06T15:00:00Z,,,,3.7168621442429677,0.0,,168598.35618672892,DIVIDENDO_BRUTO,,,
689,2024-05-07T13:30:00Z,OPEN_ENTRY,a4e552abf5c8981083928ed50ab84f51a59a4ce01e43b13aa4e701a4c45ce332,benchmark,BH_BUY,NASDAQ,INTC,2024-05-07,,,1114.8279732554718,1111.1111111112289,32.04232517308977,32.170896805305766,31.09000015258789,31.121090152740475,USD,EURUSD,0.9279881217520417,2024-05-06T15:00:00Z,3.7131489952477206,0.0037131489952471064,0.0037094395556916183,,0.0,,170582.3680665179,BH_REINVERSION_DIVIDENDO,,,
690,2024-05-09T15:30:00Z,CLOSE_DIVIDEND,a4e552abf5c8981083928ed50ab84f51a59a4ce01e43b13aa4e701a4c45ce332,benchmark,BH_DIVIDEND,MCE,IBE.MC,2024-05-09,,,1111.1111111112289,1111.7115775228926,,,,,EUR,EUR,1.0,,,,,0.6004664116638201,0.0,,170168.47150991962,DIVIDENDO_BRUTO,,,
691,2024-05-09T15:30:00Z,CLOSE_DIVIDEND,a4e552abf5c8981083928ed50ab84f51a59a4ce01e43b13aa4e701a4c45ce332,benchmark,BH_DIVIDEND,XETRA,ALV.DE,2024-05-09,,,1111.7115775228926,1199.7273228902334,,,,,EUR,EUR,1.0,,,,,88.01574536734068,0.0,,170256.48725528695,DIVIDENDO_BRUTO,,,
692,2024-05-09T15:30:00Z,CLOSE_DIVIDEND,a4e552abf5c8981083928ed50ab84f51a59a4ce01e43b13aa4e701a4c45ce332,benchmark,BH_DIVIDEND,XETRA,MBG.DE,2024-05-09,,,1199.7273228902334,1301.2842980765458,,,,,EUR,EUR,1.0,,,,,101.55697518631234,0.0,,170358.0442304733,DIVIDENDO_BRUTO,,,
693,2024-05-10T07:00:00Z,OPEN_ENTRY,a4e552abf5c8981083928ed50ab84f51a59a4ce01e43b13aa4e701a4c45ce332,benchmark,BH_BUY,MCE,IBE.MC,2024-05-10,,,1301.2842980765458,1300.683831664882,120.093282332764,120.14324208962589,11.994999885559082,12.006994885444639,EUR,EUR,1.0,,0.5998665451187014,0.0005998665451186769,0.0005992672778407606,,0.0,,170647.44171222643,BH_REINVERSION_DIVIDENDO,,,
694,2024-05-10T07:00:00Z,OPEN_ENTRY,a4e552abf5c8981083928ed50ab84f51a59a4ce01e43b13aa4e701a4c45ce332,benchmark,BH_BUY,XETRA,ALV.DE,2024-05-10,,,1300.683831664882,1212.6680862975413,6.377952562850774,6.708924603515098,265.3999938964844,265.6653938903808,EUR,EUR,1.0,,87.9278175497909,0.08792781754978307,0.0878399775722032,,0.0,,170646.57090112584,BH_REINVERSION_DIVIDENDO,,,
695,2024-05-10T07:00:00Z,OPEN_ENTRY,a4e552abf5c8981083928ed50ab84f51a59a4ce01e43b13aa4e701a4c45ce332,benchmark,BH_BUY,XETRA,MBG.DE,2024-05-10,,,1212.6680862975413,1111.111111111229,19.16169343137969,20.638083282047607,68.6500015258789,68.71865152740477,EUR,EUR,1.0,,101.45551966664571,0.10145551966662936,0.10135416550112747,,0.0,,170645.9251699799,BH_REINVERSION_DIVIDENDO,,,
696,2024-05-10T20:00:00Z,CLOSE_DIVIDEND,a4e552abf5c8981083928ed50ab84f51a59a4ce01e43b13aa4e701a4c45ce332,benchmark,BH_DIVIDEND,NASDAQ,AAPL,2024-05-10,,,1111.111111111229,1113.1508740446284,,,,,USD,EURUSD,0.9277298450691158,2024-05-10T15:00:00Z,,,,2.039762933399265,0.0,,170600.30147032204,DIVIDENDO_BRUTO,,,
697,2024-05-13T13:30:00Z,OPEN_ENTRY,a4e552abf5c8981083928ed50ab84f51a59a4ce01e43b13aa4e701a4c45ce332,benchmark,BH_BUY,NASDAQ,AAPL,2024-05-13,,,1113.1508740446284,1111.111111111229,8.794641863644271,8.806474638144316,185.44000244140625,185.62544244384765,USD,EURUSD,0.9277298450691158,2024-05-10T15:00:00Z,2.037725208191074,0.002037725208190899,0.002035689518672292,,0.0,,170741.72699599186,BH_REINVERSION_DIVIDENDO,,,
698,2024-05-14T20:00:00Z,CLOSE_DIVIDEND,a4e552abf5c8981083928ed50ab84f51a59a4ce01e43b13aa4e701a4c45ce332,benchmark,BH_DIVIDEND,NYSE,XOM,2024-05-14,,,1111.111111111229,1122.2369340603486,,,,,USD,EURUSD,0.9262689885142646,2024-05-14T15:00:00Z,,,,11.12582294911958,0.0,,170771.50448801587,DIVIDENDO_BRUTO,,,
699,2024-05-15T13:30:00Z,OPEN_ENTRY,a4e552abf5c8981083928ed50ab84f51a59a4ce01e43b13aa4e701a4c45ce332,benchmark,BH_BUY,NYSE,XOM,2024-05-15,,,1122.2369340603486,1111.111111111229,12.643619427231052,12.745544871522158,117.61000061035156,117.7276106109619,USD,EURUSD,0.9262689885142646,2024-05-14T15:00:00Z,11.114708240878704,0.01111470824087668,0.011103604636241476,,0.0,,171557.54924867197,BH_REINVERSION_DIVIDENDO,,,
700,2024-05-15T20:00:00Z,CLOSE_DIVIDEND,a4e552abf5c8981083928ed50ab84f51a59a4ce01e43b13aa4e701a4c45ce332,benchmark,BH_DIVIDEND,NASDAQ,MSFT,2024-05-15,,,1111.111111111229,1114.4548225443352,,,,,USD,EURUSD,0.9231905465288036,2024-05-15T15:00:00Z,,,,3.343711433106218,0.0,,171970.9949723287,DIVIDENDO_BRUTO,,,
701,2024-05-15T20:00:00Z,CLOSE_DIVIDEND,a4e552abf5c8981083928ed50ab84f51a59a4ce01e43b13aa4e701a4c45ce332,benchmark,BH_DIVIDEND,NYSE,LLY,2024-05-15,,,1114.4548225443352,1119.3508945448095,,,,,USD,EURUSD,0.9231905465288036,2024-05-15T15:00:00Z,,,,4.896072000474289,0.0,,171975.89104432918,DIVIDENDO_BRUTO,,,
702,2024-05-16T13:30:00Z,OPEN_ENTRY,a4e552abf5c8981083928ed50ab84f51a59a4ce01e43b13aa4e701a4c45ce332,benchmark,BH_BUY,NASDAQ,MSFT,2024-05-16,,,1119.3508945448095,1116.0071831117034,4.8292109657875395,4.837780608660363,421.79998779296875,422.22178778076164,USD,EURUSD,0.9231905465288036,2024-05-15T15:00:00Z,3.340371062044174,0.0033403710620438787,0.0033370340280155716,,0.0,,173953.72129712653,BH_REINVERSION_DIVIDENDO,,,
703,2024-05-16T13:30:00Z,OPEN_ENTRY,a4e552abf5c8981083928ed50ab84f51a59a4ce01e43b13aa4e701a4c45ce332,benchmark,BH_BUY,NYSE,LLY,2024-05-16,,,1116.0071831117034,1111.111111111229,4.079557839164423,4.086302794729429,784.7100219726562,785.4947319946289,USD,EURUSD,0.9231905465288036,2024-05-15T15:00:00Z,4.891180819654635,0.004891180819654117,0.004886294525129246,,0.0,,173953.72590372697,BH_REINVERSION_DIVIDENDO,,,
704,2024-05-16T15:30:00Z,CLOSE_DIVIDEND,a4e552abf5c8981083928ed50ab84f51a59a4ce01e43b13aa4e701a4c45ce332,benchmark,BH_DIVIDEND,XETRA,R6C0.DE,2024-05-16,,,1111.111111111229,1124.1517768318613,,,,,EUR,EUR,1.0,,,,,13.040665720632301,0.0,,173700.97882675292,DIVIDENDO_BRUTO,,,
705,2024-05-16T15:30:00Z,CLOSE_DIVIDEND,a4e552abf5c8981083928ed50ab84f51a59a4ce01e43b13aa4e701a4c45ce332,benchmark,BH_DIVIDEND,XETRA,SAP.DE,2024-05-16,,,1124.1517768318613,1152.1492117686025,,,,,EUR,EUR,1.0,,,,,27.997434936741254,0.0,,173728.97626168968,DIVIDENDO_BRUTO,,,
706,2024-05-16T20:00:00Z,CLOSE_DIVIDEND,a4e552abf5c8981083928ed50ab84f51a59a4ce01e43b13aa4e701a4c45ce332,benchmark,BH_DIVIDEND,NYSE,CVX,2024-05-16,,,1152.1492117686025,1163.114474648636,,,,,USD,EURUSD,0.9203018590097551,2024-05-16T15:00:00Z,,,,10.965262880033436,0.0,,173307.95415493994,DIVIDENDO_BRUTO,,,
707,2024-05-16T20:00:00Z,CLOSE_DIVIDEND,a4e552abf5c8981083928ed50ab84f51a59a4ce01e43b13aa4e701a4c45ce332,benchmark,BH_DIVIDEND,NYSE,V,2024-05-16,,,1163.114474648636,1166.0331450004076,,,,,USD,EURUSD,0.9203018590097551,2024-05-16T15:00:00Z,,,,2.9186703517715924,0.0,,173310.8728252917,DIVIDENDO_BRUTO,,,
708,2024-05-17T07:00:00Z,OPEN_ENTRY,a4e552abf5c8981083928ed50ab84f51a59a4ce01e43b13aa4e701a4c45ce332,benchmark,BH_BUY,XETRA,R6C0.DE,2024-05-17,,,1166.0331450004076,1152.9924792797754,43.92689684656114,44.31908075255807,33.185001373291016,33.218186374664306,EUR,EUR,1.0,,13.027638082549753,0.01302763808254781,0.013014623459090416,,0.0,,172662.8901661889,BH_REINVERSION_DIVIDENDO,,,
709,2024-05-17T07:00:00Z,OPEN_ENTRY,a4e552abf5c8981083928ed50ab84f51a59a4ce01e43b13aa4e701a4c45ce332,benchmark,BH_BUY,XETRA,SAP.DE,2024-05-17,,,1152.9924792797754,1124.9950443430341,12.726106789427842,12.885136524388814,175.6999969482422,175.8756969451904,EUR,EUR,1.0,,27.969465471269988,0.027969465471265664,0.027941523947319954,,0.0,,172662.99964748273,BH_REINVERSION_DIVIDENDO,,,
710,2024-05-17T08:00:00Z,CLOSE_DIVIDEND,a4e552abf5c8981083928ed50ab84f51a59a4ce01e43b13aa4e701a4c45ce332,benchmark,BH_DIVIDEND,HKG,0700.HK,2024-05-17,,,1124.9950443430341,1135.5274924064693,,,,,HKD,EURHKD,0.11792730960635865,2024-05-16T15:00:00Z,,,,10.53244806343512,0.0,,172673.53209554616,DIVIDENDO_BRUTO,,,
711,2024-05-17T13:30:00Z,OPEN_ENTRY,a4e552abf5c8981083928ed50ab84f51a59a4ce01e43b13aa4e701a4c45ce332,benchmark,BH_BUY,NYSE,CVX,2024-05-17,,,1135.5274924064693,1124.5622295264359,7.309726776346216,7.383241834356216,161.75,161.91174999999998,USD,EURUSD,0.9203018590097551,2024-05-16T15:00:00Z,10.954308571461974,0.010954308571461624,0.010943365206254612,,0.0,,172744.78072016587,BH_REINVERSION_DIVIDENDO,,,
712,2024-05-17T13:30:00Z,OPEN_ENTRY,a4e552abf5c8981083928ed50ab84f51a59a4ce01e43b13aa4e701a4c45ce332,benchmark,BH_BUY,NYSE,V,2024-05-17,,,1124.5622295264359,1121.6435591746642,6.098898469682716,6.1102003585932705,280.04998779296875,280.3300377807617,USD,EURUSD,0.9203018590097551,2024-05-16T15:00:00Z,2.915754597174418,0.0029157545971743026,0.0029128417554188006,,0.0,,172744.77270741703,BH_REINVERSION_DIVIDENDO,,,
713,2024-05-17T15:30:00Z,CLOSE_DIVIDEND,a4e552abf5c8981083928ed50ab84f51a59a4ce01e43b13aa4e701a4c45ce332,benchmark,BH_DIVIDEND,XETRA,DBK.DE,2024-05-17,,,1121.6435591746642,1176.7301746866715,,,,,EUR,EUR,1.0,,,,,55.08661551200735,0.0,,172932.6611118282,DIVIDENDO_BRUTO,,,
714,2024-05-20T01:30:00Z,OPEN_ENTRY,a4e552abf5c8981083928ed50ab84f51a59a4ce01e43b13aa4e701a4c45ce332,benchmark,BH_BUY,HKG,0700.HK,2024-05-20,,,1176.7301746866715,1166.1977266232363,26.268545025975627,26.492541420315643,397.0,397.39699999999993,HKD,EURHKD,0.11820330969267138,2024-05-17T15:00:00Z,10.521926137297823,0.0105219261372973,0.010511414722573515,,0.0,,172935.96994776707,BH_REINVERSION_DIVIDENDO,,,
715,2024-05-20T07:00:00Z,OPEN_ENTRY,a4e552abf5c8981083928ed50ab84f51a59a4ce01e43b13aa4e701a4c45ce332,benchmark,BH_BUY,XETRA,DBK.DE,2024-05-20,,,1166.1977266232363,1111.111111111229,122.41470113779411,125.91639591414149,15.699999809265137,15.7156998090744,EUR,EUR,1.0,,55.03158392807928,0.05503158392806995,0.054976607320749715,,0.0,,172918.44325405583,BH_REINVERSION_DIVIDENDO,,,
716,2024-05-20T15:30:00Z,CLOSE_DIVIDEND,a4e552abf5c8981083928ed50ab84f51a59a4ce01e43b13aa4e701a4c45ce332,benchmark,BH_DIVIDEND,MIL,ENI.MI,2024-05-20,,,1111.111111111229,1132.9309356049507,,,,,EUR,EUR,1.0,,,,,21.81982449372153,0.0,,172774.57023733517,DIVIDENDO_BRUTO,,,
717,2024-05-21T07:00:00Z,OPEN_ENTRY,a4e552abf5c8981083928ed50ab84f51a59a4ce01e43b13aa4e701a4c45ce332,benchmark,BH_BUY,MIL,ENI.MI,2024-05-21,,,1132.9309356049507,1111.111111111229,94.86880214661534,96.35523564723422,14.649999618530273,14.664649618148802,EUR,EUR,1.0,,21.798026467254278,0.02179802646725193,0.021776250217034984,,0.0,,174284.18639803256,BH_REINVERSION_DIVIDENDO,,,
718,2024-05-22T20:00:00Z,CLOSE_DIVIDEND,a4e552abf5c8981083928ed50ab84f51a59a4ce01e43b13aa4e701a4c45ce332,benchmark,BH_DIVIDEND,NASDAQ,AMAT,2024-05-22,,,1111.111111111229,1115.5768477325003,,,,,USD,EURUSD,0.9233610341643583,2024-05-22T15:00:00Z,,,,4.4657366212711285,0.0,,174130.89595336028,DIVIDENDO_BRUTO,,,
719,2024-05-23T13:30:00Z,OPEN_ENTRY,a4e552abf5c8981083928ed50ab84f51a59a4ce01e43b13aa4e701a4c45ce332,benchmark,BH_BUY,NASDAQ,AMAT,2024-05-23,,,1115.5768477325003,1111.111111111229,12.09098190209158,12.112434055270121,225.0,225.22499999999997,USD,EURUSD,0.9233610341643583,2024-05-22T15:00:00Z,4.461275345925204,0.004461275345924776,0.004456818527397131,,0.0,,174076.1429750335,BH_REINVERSION_DIVIDENDO,,,
720,2024-05-28T15:30:00Z,CLOSE_DIVIDEND,a4e552abf5c8981083928ed50ab84f51a59a4ce01e43b13aa4e701a4c45ce332,benchmark,BH_DIVIDEND,PAR,SAF.PA,2024-05-28,,,1111.111111111229,1138.653820603851,,,,,EUR,EUR,1.0,,,,,27.542709492622052,0.0,,175557.5133786185,DIVIDENDO_BRUTO,,,
721,2024-05-28T15:30:00Z,CLOSE_DIVIDEND,a4e552abf5c8981083928ed50ab84f51a59a4ce01e43b13aa4e701a4c45ce332,benchmark,BH_DIVIDEND,PAR,SU.PA,2024-05-28,,,1138.653820603851,1171.5609454855112,,,,,EUR,EUR,1.0,,,,,32.90712488166023,0.0,,175590.42050350015,DIVIDENDO_BRUTO,,,
722,2024-05-29T07:00:00Z,OPEN_ENTRY,a4e552abf5c8981083928ed50ab84f51a59a4ce01e43b13aa4e701a4c45ce332,benchmark,BH_BUY,PAR,SAF.PA,2024-05-29,,,1171.5609454855112,1144.0182359928892,12.519413405737295,12.647441849996465,214.6999969482422,214.9146969451904,EUR,EUR,1.0,,27.51519429832373,0.027515194298320722,0.027487706591728188,,0.0,,175746.85244191543,BH_REINVERSION_DIVIDENDO,,,
723,2024-05-29T07:00:00Z,OPEN_ENTRY,a4e552abf5c8981083928ed50ab84f51a59a4ce01e43b13aa4e701a4c45ce332,benchmark,BH_BUY,PAR,SU.PA,2024-05-29,,,1144.0182359928892,1111.111111111229,9.402035680474352,9.543593478844212,232.0,232.23199999999997,EUR,EUR,1.0,,32.874250631029206,0.03287425063102489,0.03284140922180328,,0.0,,175746.88581628242,BH_REINVERSION_DIVIDENDO,,,
724,2024-05-30T20:00:00Z,CLOSE_DIVIDEND,a4e552abf5c8981083928ed50ab84f51a59a4ce01e43b13aa4e701a4c45ce332,benchmark,BH_DIVIDEND,NASDAQ,QCOM,2024-05-30,,,1111.111111111229,1118.4163430944018,,,,,USD,EURUSD,0.9246417013407305,2024-05-30T15:00:00Z,,,,7.3052319831725985,0.0,,174777.79447462174,DIVIDENDO_BRUTO,,,
725,2024-05-30T20:00:00Z,CLOSE_DIVIDEND,a4e552abf5c8981083928ed50ab84f51a59a4ce01e43b13aa4e701a4c45ce332,benchmark,BH_DIVIDEND,NYSE,GS,2024-05-30,,,1118.4163430944018,1129.338593227334,,,,,USD,EURUSD,0.9246417013407305,2024-05-30T15:00:00Z,,,,10.922250132932277,0.0,,174788.71672475466,DIVIDENDO_BRUTO,,,
726,2024-05-31T13:30:00Z,OPEN_ENTRY,a4e552abf5c8981083928ed50ab84f51a59a4ce01e43b13aa4e701a4c45ce332,benchmark,BH_BUY,NASDAQ,QCOM,2024-05-31,,,1129.338593227334,1122.0333612441614,9.294833399766077,9.332741240358787,208.0,208.20799999999997,USD,EURUSD,0.9246417013407305,2024-05-30T15:00:00Z,7.297934049123476,0.007297934049122823,0.007290643405716707,,0.0,,173177.7495717319,BH_REINVERSION_DIVIDENDO,,,
727,2024-05-31T13:30:00Z,OPEN_ENTRY,a4e552abf5c8981083928ed50ab84f51a59a4ce01e43b13aa4e701a4c45ce332,benchmark,BH_BUY,NYSE,GS,2024-05-31,,,1122.0333612441614,1111.111111111229,4.295423097733184,4.321634463407784,449.760009765625,450.20976977539055,USD,EURUSD,0.9246417013407305,2024-05-30T15:00:00Z,10.911338794138139,0.010911338794137748,0.01090043835578066,,0.0,,173177.73915096157,BH_REINVERSION_DIVIDENDO,,,
728,2024-05-31T20:00:00Z,CLOSE_DIVIDEND,a4e552abf5c8981083928ed50ab84f51a59a4ce01e43b13aa4e701a4c45ce332,benchmark,BH_DIVIDEND,NYSE,INFY,2024-05-31,,,1111.111111111229,1131.7377830083872,,,,,USD,EURUSD,0.9214891264283082,2024-05-31T15:00:00Z,,,,20.62667189715801,0.0,,172551.98645937932,DIVIDENDO_BRUTO,,,
729,2024-06-03T13:30:00Z,OPEN_ENTRY,a4e552abf5c8981083928ed50ab84f51a59a4ce01e43b13aa4e701a4c45ce332,benchmark,BH_BUY,NYSE,INFY,2024-06-03,,,1131.7377830083872,1111.111111111229,66.81810251580856,68.14230892751932,16.8700008392334,16.88687084007263,USD,EURUSD,0.9214891264283082,2024-05-31T15:00:00Z,20.606065831326685,0.020606065831323406,0.020585480350971515,,0.0,,172597.38418955207,BH_REINVERSION_DIVIDENDO,,,
730,2024-06-03T20:00:00Z,CLOSE_DIVIDEND,a4e552abf5c8981083928ed50ab84f51a59a4ce01e43b13aa4e701a4c45ce332,benchmark,BH_DIVIDEND,NYSE,LMT,2024-06-03,,,1111.111111111229,1119.4351300891083,,,,,USD,EURUSD,0.9223390518354546,2024-06-03T15:00:00Z,,,,8.324018977879136,0.0,,173252.31991926205,DIVIDENDO_BRUTO,,,
731,2024-06-04T13:30:00Z,OPEN_ENTRY,a4e552abf5c8981083928ed50ab84f51a59a4ce01e43b13aa4e701a4c45ce332,benchmark,BH_BUY,NYSE,LMT,2024-06-04,,,1119.4351300891083,1111.111111111229,2.865048055814781,2.884313693819473,467.510009765625,467.9775197753906,USD,EURUSD,0.9223390518354546,2024-06-03T15:00:00Z,8.315703274604532,0.008315703274604402,0.008307395878725185,,0.0,,173857.29563323737,BH_REINVERSION_DIVIDENDO,,,
732,2024-06-10T20:00:00Z,CLOSE_DIVIDEND,a4e552abf5c8981083928ed50ab84f51a59a4ce01e43b13aa4e701a4c45ce332,benchmark,BH_DIVIDEND,NASDAQ,GOOGL,2024-06-10,,,1111.111111111229,1113.134597324458,,,,,USD,EURUSD,0.9297136481963556,2024-06-10T15:00:00Z,,,,2.023486213228904,0.0,,178237.64760494075,DIVIDENDO_BRUTO,,,
733,2024-06-11T13:30:00Z,OPEN_ENTRY,a4e552abf5c8981083928ed50ab84f51a59a4ce01e43b13aa4e701a4c45ce332,benchmark,BH_BUY,NASDAQ,GOOGL,2024-06-11,,,1113.134597324458,1111.111111111229,10.882308854745043,10.894635011555001,176.22000122070312,176.3962212219238,USD,EURUSD,0.9297136481963556,2024-06-10T15:00:00Z,2.021464748480424,0.002021464748480195,0.002019445303177036,,0.0,,178983.6431527461,BH_REINVERSION_DIVIDENDO,,,
734,2024-06-11T20:00:00Z,CLOSE_DIVIDEND,a4e552abf5c8981083928ed50ab84f51a59a4ce01e43b13aa4e701a4c45ce332,benchmark,BH_DIVIDEND,NASDAQ,NVDA,2024-06-11,,,1111.111111111229,1111.7986580494755,,,,,USD,EURUSD,0.9319664492078286,2024-06-11T15:00:00Z,,,,0.6875469382464972,0.0,,178632.95123222214,DIVIDENDO_BRUTO,,,
735,2024-06-12T08:00:00Z,CLOSE_DIVIDEND,a4e552abf5c8981083928ed50ab84f51a59a4ce01e43b13aa4e701a4c45ce332,benchmark,BH_DIVIDEND,HKG,9988.HK,2024-06-12,,,1111.7986580494755,1130.0212978875038,,,,,HKD,EURHKD,0.11932889429846542,2024-06-11T15:00:00Z,,,,18.22263983802816,0.0,,178703.29625523917,DIVIDENDO_BRUTO,,,
736,2024-06-12T13:30:00Z,OPEN_ENTRY,a4e552abf5c8981083928ed50ab84f51a59a4ce01e43b13aa4e701a4c45ce332,benchmark,BH_BUY,NASDAQ,NVDA,2024-06-12,,,1130.0212978875038,1129.3337509492574,73.77378647384914,73.77976944649568,123.05999755859375,123.18305755615233,USD,EURUSD,0.9319664492078286,2024-06-11T15:00:00Z,0.686860078168329,0.0006868600781682055,0.0006861739042640142,,0.0,,178651.2099532217,BH_REINVERSION_DIVIDENDO,,,
737,2024-06-13T01:30:00Z,OPEN_ENTRY,a4e552abf5c8981083928ed50ab84f51a59a4ce01e43b13aa4e701a4c45ce332,benchmark,BH_BUY,HKG,9988.HK,2024-06-13,,,1129.3337509492574,1111.111111111229,93.88180039287991,95.9125256775405,75.30000305175781,75.37530305480956,HKD,EURHKD,0.11893151923122665,2024-06-12T15:00:00Z,18.20443540262554,0.018204435402623176,0.018186249153470474,,0.0,,180790.30084784608,BH_REINVERSION_DIVIDENDO,,,
738,2024-06-13T15:30:00Z,CLOSE_DIVIDEND,a4e552abf5c8981083928ed50ab84f51a59a4ce01e43b13aa4e701a4c45ce332,benchmark,BH_DIVIDEND,XETRA,EQQQ.DE,2024-06-13,,,1111.111111111229,1112.683381699616,,,,,EUR,EUR,1.0,,,,,1.572270588386773,0.0,,180720.06747795,DIVIDENDO_BRUTO,,,
739,2024-06-13T20:00:00Z,CLOSE_DIVIDEND,a4e552abf5c8981083928ed50ab84f51a59a4ce01e43b13aa4e701a4c45ce332,benchmark,BH_DIVIDEND,NYSE,TSM,2024-06-13,,,1112.683381699616,1119.7019679577538,,,,,USD,EURUSD,0.9272997032640949,2024-06-13T15:00:00Z,,,,7.018586258137975,0.0,,179915.30932622016,DIVIDENDO_BRUTO,,,
740,2024-06-14T07:00:00Z,OPEN_ENTRY,a4e552abf5c8981083928ed50ab84f51a59a4ce01e43b13aa4e701a4c45ce332,benchmark,BH_BUY,XETRA,EQQQ.DE,2024-06-14,,,1119.7019679577538,1118.129697369367,4.162110632698111,4.165620599817196,447.04998779296875,447.4970377807617,EUR,EUR,1.0,,1.5706998884982748,0.0015706998884981171,0.0015691307577403732,,0.0,,180322.14917812918,BH_REINVERSION_DIVIDENDO,,,
741,2024-06-14T13:30:00Z,OPEN_ENTRY,a4e552abf5c8981083928ed50ab84f51a59a4ce01e43b13aa4e701a4c45ce332,benchmark,BH_BUY,NYSE,TSM,2024-06-14,,,1118.129697369367,1111.111111111229,13.913315111720573,13.957232137361428,172.0,172.17199999999997,USD,EURUSD,0.9272997032640949,2024-06-13T15:00:00Z,7.011574683454521,0.007011574683454036,0.007004570113339904,,0.0,,180278.63554503937,BH_REINVERSION_DIVIDENDO,,,
742,2024-06-14T20:00:00Z,CLOSE_DIVIDEND,a4e552abf5c8981083928ed50ab84f51a59a4ce01e43b13aa4e701a4c45ce332,benchmark,BH_DIVIDEND,NASDAQ,META,2024-06-14,,,1111.111111111229,1114.3817505495415,,,,,USD,EURUSD,0.9358038555118847,2024-06-14T15:00:00Z,,,,3.270639438312503,0.0,,180421.99351312744,DIVIDENDO_BRUTO,,,
743,2024-06-17T13:30:00Z,OPEN_ENTRY,a4e552abf5c8981083928ed50ab84f51a59a4ce01e43b13aa4e701a4c45ce332,benchmark,BH_BUY,NASDAQ,META,2024-06-17,,,1114.3817505495415,1111.111111111229,6.990010607561481,6.996963436454709,501.6700134277344,502.17168344116203,USD,EURUSD,0.9358038555118847,2024-06-14T15:00:00Z,3.267372066246257,0.003267372066245944,0.0032641079582874607,,0.0,,180534.4242896509,BH_REINVERSION_DIVIDENDO,,,
744,2024-06-17T15:30:00Z,CLOSE_DIVIDEND,a4e552abf5c8981083928ed50ab84f51a59a4ce01e43b13aa4e701a4c45ce332,benchmark,BH_DIVIDEND,XETRA,EXSA.DE,2024-06-17,,,1111.111111111229,1128.051661202068,,,,,EUR,EUR,1.0,,,,,16.940550090838936,0.0,,180226.2283383507,DIVIDENDO_BRUTO,,,
745,2024-06-18T07:00:00Z,OPEN_ENTRY,a4e552abf5c8981083928ed50ab84f51a59a4ce01e43b13aa4e701a4c45ce332,benchmark,BH_BUY,XETRA,EXSA.DE,2024-06-18,,,1128.051661202068,1111.111111111229,28.081998913953075,28.412143808444124,51.209999084472656,51.26120908355713,EUR,EUR,1.0,,16.923626464374564,0.016923626464372177,0.016906719744629164,,0.0,,181836.7030351217,BH_REINVERSION_DIVIDENDO,,,
746,2024-06-19T15:30:00Z,CLOSE_DIVIDEND,a4e552abf5c8981083928ed50ab84f51a59a4ce01e43b13aa4e701a4c45ce332,benchmark,BH_DIVIDEND,PAR,TTE.PA,2024-06-19,,,1111.111111111229,1129.4224665339993,,,,,EUR,EUR,1.0,,,,,18.311355422770255,0.0,,183101.1484659367,DIVIDENDO_BRUTO,,,
747,2024-06-20T07:00:00Z,OPEN_ENTRY,a4e552abf5c8981083928ed50ab84f51a59a4ce01e43b13aa4e701a4c45ce332,benchmark,BH_BUY,PAR,TTE.PA,2024-06-20,,,1129.4224665339993,1111.111111111229,23.178930914899055,23.47435263155806,61.86000061035156,61.92186061096191,EUR,EUR,1.0,,18.29306236040985,0.01829306236040651,0.018274787572835047,,0.0,,183271.49431309215,BH_REINVERSION_DIVIDENDO,,,
748,2024-06-24T20:00:00Z,CLOSE_DIVIDEND,a4e552abf5c8981083928ed50ab84f51a59a4ce01e43b13aa4e701a4c45ce332,benchmark,BH_DIVIDEND,NASDAQ,AVGO,2024-06-24,,,1111.111111111229,1122.492636646679,,,,,USD,EURUSD,0.9319664492078286,2024-06-24T15:00:00Z,,,,11.381525535449986,0.0,,181621.48724380456,DIVIDENDO_BRUTO,,,
749,2024-06-25T13:30:00Z,OPEN_ENTRY,a4e552abf5c8981083928ed50ab84f51a59a4ce01e43b13aa4e701a4c45ce332,benchmark,BH_BUY,NASDAQ,AVGO,2024-06-25,,,1122.492636646679,1111.111111111229,23.261670284833972,23.33783902547935,160.01300048828125,160.17301348876953,USD,EURUSD,0.9319664492078286,2024-06-24T15:00:00Z,11.370155380069917,0.011370155380069136,0.01135879658348614,,0.0,,180409.09337958065,BH_REINVERSION_DIVIDENDO,,,
750,2024-07-04T15:30:00Z,CLOSE_DIVIDEND,a4e552abf5c8981083928ed50ab84f51a59a4ce01e43b13aa4e701a4c45ce332,benchmark,BH_DIVIDEND,MCE,IBE.MC,2024-07-04,,,1111.111111111229,1153.2813890846878,,,,,EUR,EUR,1.0,,,,,42.17027797345868,0.0,,184764.28046818453,DIVIDENDO_BRUTO,,,
751,2024-07-05T07:00:00Z,OPEN_ENTRY,a4e552abf5c8981083928ed50ab84f51a59a4ce01e43b13aa4e701a4c45ce332,benchmark,BH_BUY,MCE,IBE.MC,2024-07-05,,,1153.2813890846878,1111.111111111229,120.14324208962589,123.69480853731028,11.850000381469727,11.861850381851195,EUR,EUR,1.0,,42.12814982363505,0.042128149823632555,0.042086063759869424,,0.0,,185093.19063783714,BH_REINVERSION_DIVIDENDO,,,
752,2024-07-08T20:00:00Z,CLOSE_DIVIDEND,a4e552abf5c8981083928ed50ab84f51a59a4ce01e43b13aa4e701a4c45ce332,benchmark,BH_DIVIDEND,NASDAQ,MU,2024-07-08,,,1111.111111111229,1113.2135760885071,,,,,USD,EURUSD,0.9229349330872174,2024-07-08T15:00:00Z,,,,2.102464977277939,0.0,,185285.4371723622,DIVIDENDO_BRUTO,,,
753,2024-07-09T13:30:00Z,OPEN_ENTRY,a4e552abf5c8981083928ed50ab84f51a59a4ce01e43b13aa4e701a4c45ce332,benchmark,BH_BUY,NASDAQ,MU,2024-07-09,,,1113.2135760885071,1111.111111111229,19.80887654678823,19.826132498106915,131.75,131.88174999999998,USD,EURUSD,0.9229349330872174,2024-07-08T15:00:00Z,2.100364612665274,0.00210036461266494,0.0020982663463186765,,0.0,,185840.02991764038,BH_REINVERSION_DIVIDENDO,,,
754,2024-07-09T20:00:00Z,CLOSE_DIVIDEND,a4e552abf5c8981083928ed50ab84f51a59a4ce01e43b13aa4e701a4c45ce332,benchmark,BH_DIVIDEND,NYSE,CRM,2024-07-09,,,1111.111111111229,1113.6559644616398,,,,,USD,EURUSD,0.9247272054743851,2024-07-09T15:00:00Z,,,,2.5448533504106705,0.0,,185353.7622101918,DIVIDENDO_BRUTO,,,
755,2024-07-09T20:00:00Z,CLOSE_DIVIDEND,a4e552abf5c8981083928ed50ab84f51a59a4ce01e43b13aa4e701a4c45ce332,benchmark,BH_DIVIDEND,NYSE,MA,2024-07-09,,,1113.6559644616398,1115.8933746109153,,,,,USD,EURUSD,0.9247272054743851,2024-07-09T15:00:00Z,,,,2.2374101492755525,0.0,,185355.99962034108,DIVIDENDO_BRUTO,,,
756,2024-07-10T13:30:00Z,OPEN_ENTRY,a4e552abf5c8981083928ed50ab84f51a59a4ce01e43b13aa4e701a4c45ce332,benchmark,BH_BUY,NYSE,CRM,2024-07-10,,,1115.8933746109153,1113.3485212605046,6.880011032835247,6.89094458650839,251.1999969482422,251.4511969451904,USD,EURUSD,0.9247272054743851,2024-07-09T15:00:00Z,2.5423110393712993,0.0025423110393711923,0.0025397712681027897,,0.0,,185127.62663895809,BH_REINVERSION_DIVIDENDO,,,
757,2024-07-10T13:30:00Z,OPEN_ENTRY,a4e552abf5c8981083928ed50ab84f51a59a4ce01e43b13aa4e701a4c45ce332,benchmark,BH_BUY,NYSE,MA,2024-07-10,,,1113.3485212605046,1111.111111111229,3.6659626294342154,3.671518653444438,434.6099853515625,435.044595336914,USD,EURUSD,0.9247272054743851,2024-07-09T15:00:00Z,2.2351749743012514,0.002235174974301035,0.0022329420322688078,,0.0,,185127.6740114472,BH_REINVERSION_DIVIDENDO,,,
758,2024-07-11T20:00:00Z,CLOSE_DIVIDEND,a4e552abf5c8981083928ed50ab84f51a59a4ce01e43b13aa4e701a4c45ce332,benchmark,BH_DIVIDEND,NYSE,ORCL,2024-07-11,,,1111.111111111229,1117.2356800326945,,,,,USD,EURUSD,0.921234454168586,2024-07-11T15:00:00Z,,,,6.12456892146537,0.0,,186236.8018068414,DIVIDENDO_BRUTO,,,
759,2024-07-12T13:30:00Z,OPEN_ENTRY,a4e552abf5c8981083928ed50ab84f51a59a4ce01e43b13aa4e701a4c45ce332,benchmark,BH_BUY,NYSE,ORCL,2024-07-12,,,1117.2356800326945,1111.111111111229,16.620548910626646,16.667041397005153,142.7100067138672,142.85271672058104,USD,EURUSD,0.921234454168586,2024-07-11T15:00:00Z,6.118450470994376,0.006118450470993686,0.006112338132861009,,0.0,,184035.664547746,BH_REINVERSION_DIVIDENDO,,,
760,2024-07-12T20:00:00Z,CLOSE_DIVIDEND,a4e552abf5c8981083928ed50ab84f51a59a4ce01e43b13aa4e701a4c45ce332,benchmark,BH_DIVIDEND,NASDAQ,MRVL,2024-07-12,,,1111.111111111229,1112.414307205674,,,,,USD,EURUSD,0.9182736455463728,2024-07-12T15:00:00Z,,,,1.3031960944448662,0.0,,184375.31559876932,DIVIDENDO_BRUTO,,,
761,2024-07-15T13:30:00Z,OPEN_ENTRY,a4e552abf5c8981083928ed50ab84f51a59a4ce01e43b13aa4e701a4c45ce332,benchmark,BH_BUY,NASDAQ,MRVL,2024-07-15,,,1112.414307205674,1111.111111111229,23.65300911417432,23.672180019565268,73.87999725341797,73.95387725067138,USD,EURUSD,0.9182736455463728,2024-07-12T15:00:00Z,1.3018942002446217,0.0013018942002445133,0.0013005936066379116,,0.0,,185066.2440294605,BH_REINVERSION_DIVIDENDO,,,
762,2024-07-15T20:00:00Z,CLOSE_DIVIDEND,a4e552abf5c8981083928ed50ab84f51a59a4ce01e43b13aa4e701a4c45ce332,benchmark,BH_DIVIDEND,NYSE,ABBV,2024-07-15,,,1111.111111111229,1123.877292710803,,,,,USD,EURUSD,0.9168423947923352,2024-07-15T15:00:00Z,,,,12.766181599573802,0.0,,184660.16544419812,DIVIDENDO_BRUTO,,,
763,2024-07-16T13:30:00Z,OPEN_ENTRY,a4e552abf5c8981083928ed50ab84f51a59a4ce01e43b13aa4e701a4c45ce332,benchmark,BH_BUY,NYSE,ABBV,2024-07-16,,,1123.877292710803,1111.111111111229,8.98327372300332,9.065695237449637,168.60000610351562,168.76860610961913,USD,EURUSD,0.9168423947923352,2024-07-15T15:00:00Z,12.753428171402401,0.012753428171400572,0.012740687483917537,,0.0,,185812.08131689284,BH_REINVERSION_DIVIDENDO,,,
764,2024-07-16T15:30:00Z,CLOSE_DIVIDEND,a4e552abf5c8981083928ed50ab84f51a59a4ce01e43b13aa4e701a4c45ce332,benchmark,BH_DIVIDEND,XETRA,EXH1.DE,2024-07-16,,,1111.111111111229,1119.9516641071295,,,,,EUR,EUR,1.0,,,,,8.84055299590035,0.0,,185840.75833581967,DIVIDENDO_BRUTO,,,
765,2024-07-16T15:30:00Z,CLOSE_DIVIDEND,a4e552abf5c8981083928ed50ab84f51a59a4ce01e43b13aa4e701a4c45ce332,benchmark,BH_DIVIDEND,XETRA,EXV1.DE,2024-07-16,,,1119.9516641071295,1202.9455625290445,,,,,EUR,EUR,1.0,,,,,82.99389842191498,0.0,,185923.7522342416,DIVIDENDO_BRUTO,,,
766,2024-07-17T07:00:00Z,OPEN_ENTRY,a4e552abf5c8981083928ed50ab84f51a59a4ce01e43b13aa4e701a4c45ce332,benchmark,BH_BUY,XETRA,EXH1.DE,2024-07-17,,,1202.9455625290445,1194.105009533144,34.88691268517852,35.128503546779235,36.52000045776367,36.556520458221435,EUR,EUR,1.0,,8.831721274625725,0.008831721274624726,0.008822898376249324,,0.0,,185470.71228459728,BH_REINVERSION_DIVIDENDO,,,
767,2024-07-17T07:00:00Z,OPEN_ENTRY,a4e552abf5c8981083928ed50ab84f51a59a4ce01e43b13aa4e701a4c45ce332,benchmark,BH_BUY,XETRA,EXV1.DE,2024-07-17,,,1194.105009533144,1111.111111111229,94.48959732166621,98.70777620875398,19.63599967956543,19.655635679244995,EUR,EUR,1.0,,82.9109874344805,0.08291098743447378,0.08282815927520337,,0.0,,185470.4453084493,BH_REINVERSION_DIVIDENDO,,,
768,2024-07-18T15:30:00Z,CLOSE_DIVIDEND,a4e552abf5c8981083928ed50ab84f51a59a4ce01e43b13aa4e701a4c45ce332,benchmark,BH_DIVIDEND,XETRA,EUNH.DE,2024-07-18,,,1111.111111111229,1121.9600219127697,,,,,EUR,EUR,1.0,,,,,10.84891080154067,0.0,,180395.95264197033,DIVIDENDO_BRUTO,,,
769,2024-07-19T07:00:00Z,OPEN_ENTRY,a4e552abf5c8981083928ed50ab84f51a59a4ce01e43b13aa4e701a4c45ce332,benchmark,BH_BUY,XETRA,EUNH.DE,2024-07-19,,,1121.9600219127697,1111.111111111229,10.127810681049917,10.226240185443812,110.0,110.10999999999999,EUR,EUR,1.0,,10.83807272881186,0.010838072728811099,0.010827245483327077,,0.0,,179269.15953447003,BH_REINVERSION_DIVIDENDO,,,
770,2024-07-22T20:00:00Z,CLOSE_DIVIDEND,a4e552abf5c8981083928ed50ab84f51a59a4ce01e43b13aa4e701a4c45ce332,benchmark,BH_DIVIDEND,NYSE,CAT,2024-07-22,,,1111.111111111229,1118.6332094612264,,,,,USD,EURUSD,0.9184423218221895,2024-07-22T15:00:00Z,,,,7.5220983499974565,0.0,,178927.00459820073,DIVIDENDO_BRUTO,,,
771,2024-07-23T13:30:00Z,OPEN_ENTRY,a4e552abf5c8981083928ed50ab84f51a59a4ce01e43b13aa4e701a4c45ce332,benchmark,BH_BUY,NYSE,CAT,2024-07-23,,,1118.6332094612264,1111.111111111229,5.808553676224987,5.8321955494782065,345.7300109863281,346.0757409973144,USD,EURUSD,0.9184423218221895,2024-07-22T15:00:00Z,7.514583766231226,0.007514583766230487,0.007507076689541104,,0.0,,180241.6693711076,BH_REINVERSION_DIVIDENDO,,,
772,2024-07-29T15:30:00Z,CLOSE_DIVIDEND,a4e552abf5c8981083928ed50ab84f51a59a4ce01e43b13aa4e701a4c45ce332,benchmark,BH_DIVIDEND,AMS,ASML.AS,2024-07-29,,,1111.111111111229,1114.6633022218928,,,,,EUR,EUR,1.0,,,,,3.552191110663782,0.0,,176385.7010454834,DIVIDENDO_BRUTO,,,
773,2024-07-30T07:00:00Z,OPEN_ENTRY,a4e552abf5c8981083928ed50ab84f51a59a4ce01e43b13aa4e701a4c45ce332,benchmark,BH_BUY,AMS,ASML.AS,2024-07-30,,,1114.6633022218928,1111.111111111229,2.3369678359630144,2.341236466150642,830.5,831.3304999999999,EUR,EUR,1.0,,3.5486424681955864,0.0035486424681954176,0.0035450973708244012,,0.0,,175399.3846714057,BH_REINVERSION_DIVIDENDO,,,
774,2024-08-07T20:00:00Z,CLOSE_DIVIDEND,a4e552abf5c8981083928ed50ab84f51a59a4ce01e43b13aa4e701a4c45ce332,benchmark,BH_DIVIDEND,NASDAQ,INTC,2024-08-07,,,1111.111111111229,1114.7930027983407,,,,,USD,EURUSD,0.9155832265152902,2024-08-07T15:00:00Z,,,,3.681891687111537,0.0,,167440.4485675883,DIVIDENDO_BRUTO,,,
775,2024-08-08T13:30:00Z,OPEN_ENTRY,a4e552abf5c8981083928ed50ab84f51a59a4ce01e43b13aa4e701a4c45ce332,benchmark,BH_BUY,NASDAQ,INTC,2024-08-08,,,1114.7930027983407,1111.111111111229,32.170896805305766,32.38101886521821,19.100000381469727,19.119100381851194,USD,EURUSD,0.9155832265152902,2024-08-07T15:00:00Z,3.6782134736378995,0.003678213473637282,0.0036745389347027104,,0.0,,165865.61649775016,BH_REINVERSION_DIVIDENDO,,,
776,2024-08-09T20:00:00Z,CLOSE_DIVIDEND,a4e552abf5c8981083928ed50ab84f51a59a4ce01e43b13aa4e701a4c45ce332,benchmark,BH_DIVIDEND,NASDAQ,AZN,2024-08-09,,,1111.111111111229,1120.6019091879123,,,,,USD,EURUSD,0.9160025648071816,2024-08-09T15:00:00Z,,,,9.490798076683188,0.0,,170224.2075451879,DIVIDENDO_BRUTO,,,
777,2024-08-09T20:00:00Z,CLOSE_DIVIDEND,a4e552abf5c8981083928ed50ab84f51a59a4ce01e43b13aa4e701a4c45ce332,benchmark,BH_DIVIDEND,NYSE,V,2024-08-09,,,1120.6019091879123,1123.51232797189,,,,,USD,EURUSD,0.9160025648071816,2024-08-09T15:00:00Z,,,,2.910418783977742,0.0,,170227.1179639719,DIVIDENDO_BRUTO,,,
778,2024-08-12T13:30:00Z,OPEN_ENTRY,a4e552abf5c8981083928ed50ab84f51a59a4ce01e43b13aa4e701a4c45ce332,benchmark,BH_BUY,NASDAQ,AZN,2024-08-12,,,1123.51232797189,1114.0215298952069,10.361104260315035,10.424464635848583,163.1999969482422,163.36319694519042,USD,EURUSD,0.9160025648071816,2024-08-09T15:00:00Z,9.481316759923265,0.009481316759922365,0.009471844915007929,,0.0,,171043.69815759963,BH_REINVERSION_DIVIDENDO,,,
779,2024-08-12T13:30:00Z,OPEN_ENTRY,a4e552abf5c8981083928ed50ab84f51a59a4ce01e43b13aa4e701a4c45ce332,benchmark,BH_BUY,NYSE,V,2024-08-12,,,1114.0215298952069,1111.111111111229,6.1102003585932705,6.122372946298894,260.5,260.7605,USD,EURUSD,0.9160025648071816,2024-08-09T15:00:00Z,2.907511272705037,0.0029075112727046104,0.002904606666038765,,0.0,,171043.68409450064,BH_REINVERSION_DIVIDENDO,,,
780,2024-08-12T20:00:00Z,CLOSE_DIVIDEND,a4e552abf5c8981083928ed50ab84f51a59a4ce01e43b13aa4e701a4c45ce332,benchmark,BH_DIVIDEND,NASDAQ,AAPL,2024-08-12,,,1111.111111111229,1113.1263226989051,,,,,USD,EURUSD,0.9153318077803203,2024-08-12T15:00:00Z,,,,2.0152115876760446,0.0,,171091.8667994537,DIVIDENDO_BRUTO,,,
781,2024-08-13T13:30:00Z,OPEN_ENTRY,a4e552abf5c8981083928ed50ab84f51a59a4ce01e43b13aa4e701a4c45ce332,benchmark,BH_BUY,NASDAQ,AAPL,2024-08-13,,,1113.1263226989051,1111.111111111229,8.806474638144316,8.81650715754246,219.00999450683594,219.22900450134276,USD,EURUSD,0.9153318077803203,2024-08-12T15:00:00Z,2.013198389286758,0.0020131983892865968,0.002011187202084525,,0.0,,171961.8101911004,BH_REINVERSION_DIVIDENDO,,,
782,2024-08-15T15:30:00Z,CLOSE_DIVIDEND,a4e552abf5c8981083928ed50ab84f51a59a4ce01e43b13aa4e701a4c45ce332,benchmark,BH_DIVIDEND,XETRA,R6C0.DE,2024-08-15,,,1111.111111111229,1124.2682052524026,,,,,EUR,EUR,1.0,,,,,13.15709414117342,0.0,,175402.57927885294,DIVIDENDO_BRUTO,,,
783,2024-08-15T20:00:00Z,CLOSE_DIVIDEND,a4e552abf5c8981083928ed50ab84f51a59a4ce01e43b13aa4e701a4c45ce332,benchmark,BH_DIVIDEND,NASDAQ,MSFT,2024-08-15,,,1124.2682052524026,1127.5633968394477,,,,,USD,EURUSD,0.9081827263645446,2024-08-15T15:00:00Z,,,,3.295191587045021,0.0,,176680.85974305152,DIVIDENDO_BRUTO,,,
784,2024-08-15T20:00:00Z,CLOSE_DIVIDEND,a4e552abf5c8981083928ed50ab84f51a59a4ce01e43b13aa4e701a4c45ce332,benchmark,BH_DIVIDEND,NYSE,LLY,2024-08-15,,,1127.5633968394477,1132.3878393361767,,,,,USD,EURUSD,0.9081827263645446,2024-08-15T15:00:00Z,,,,4.8244424967289605,0.0,,176685.68418554825,DIVIDENDO_BRUTO,,,
785,2024-08-15T20:00:00Z,CLOSE_DIVIDEND,a4e552abf5c8981083928ed50ab84f51a59a4ce01e43b13aa4e701a4c45ce332,benchmark,BH_DIVIDEND,NYSE,XOM,2024-08-15,,,1132.3878393361767,1143.3843588420764,,,,,USD,EURUSD,0.9081827263645446,2024-08-15T15:00:00Z,,,,10.9965195058996,0.0,,176696.68070505414,DIVIDENDO_BRUTO,,,
786,2024-08-16T07:00:00Z,OPEN_ENTRY,a4e552abf5c8981083928ed50ab84f51a59a4ce01e43b13aa4e701a4c45ce332,benchmark,BH_BUY,XETRA,R6C0.DE,2024-08-16,,,1143.3843588420764,1130.2272647009029,44.31908075255807,44.71542300876911,33.130001068115234,33.16313106918334,EUR,EUR,1.0,,13.143950190982439,0.013143950190981357,0.013130819371608374,,0.0,,179117.147430343,BH_REINVERSION_DIVIDENDO,,,
787,2024-08-16T13:30:00Z,OPEN_ENTRY,a4e552abf5c8981083928ed50ab84f51a59a4ce01e43b13aa4e701a4c45ce332,benchmark,BH_BUY,NASDAQ,MSFT,2024-08-16,,,1130.2272647009029,1126.9320731138578,4.837780608660363,4.846389951512352,420.6000061035156,421.0206061096191,USD,EURUSD,0.9081827263645446,2024-08-15T15:00:00Z,3.2918996873576636,0.0032918996873574358,0.0032886110762811375,,0.0,,179180.6017171271,BH_REINVERSION_DIVIDENDO,,,
788,2024-08-16T13:30:00Z,OPEN_ENTRY,a4e552abf5c8981083928ed50ab84f51a59a4ce01e43b13aa4e701a4c45ce332,benchmark,BH_BUY,NYSE,LLY,2024-08-16,,,1126.9320731138578,1122.1076306171287,4.086302794729429,4.092013309790546,928.3900146484375,929.3184046630859,USD,EURUSD,0.9081827263645446,2024-08-15T15:00:00Z,4.819622873855106,0.004819622873854179,0.004814808065788902,,0.0,,179180.60862665856,BH_REINVERSION_DIVIDENDO,,,
789,2024-08-16T13:30:00Z,OPEN_ENTRY,a4e552abf5c8981083928ed50ab84f51a59a4ce01e43b13aa4e701a4c45ce332,benchmark,BH_BUY,NYSE,XOM,2024-08-16,,,1122.1076306171287,1111.111111111229,12.745544871522158,12.847961072792648,117.98999786376953,118.10798786163329,USD,EURUSD,0.9081827263645446,2024-08-15T15:00:00Z,10.985533971927675,0.010985533971926031,0.010974559412514209,,0.0,,179180.65549641856,BH_REINVERSION_DIVIDENDO,,,
790,2024-08-19T20:00:00Z,CLOSE_DIVIDEND,a4e552abf5c8981083928ed50ab84f51a59a4ce01e43b13aa4e701a4c45ce332,benchmark,BH_DIVIDEND,NYSE,CVX,2024-08-19,,,1111.111111111229,1122.0111058490252,,,,,USD,EURUSD,0.9057150620414817,2024-08-19T15:00:00Z,,,,10.89999473779606,0.0,,179811.58695037427,DIVIDENDO_BRUTO,,,
791,2024-08-20T13:30:00Z,OPEN_ENTRY,a4e552abf5c8981083928ed50ab84f51a59a4ce01e43b13aa4e701a4c45ce332,benchmark,BH_BUY,NYSE,CVX,2024-08-20,,,1122.0111058490252,1111.111111111229,7.383241834356216,7.465321043864198,146.3300018310547,146.47633183288573,USD,EURUSD,0.9057150620414817,2024-08-19T15:00:00Z,10.889105632163897,0.010889105632163165,0.010878227404758514,,0.0,,181058.58789702793,BH_REINVERSION_DIVIDENDO,,,
792,2024-08-22T20:00:00Z,CLOSE_DIVIDEND,a4e552abf5c8981083928ed50ab84f51a59a4ce01e43b13aa4e701a4c45ce332,benchmark,BH_DIVIDEND,NASDAQ,AMAT,2024-08-22,,,1111.111111111229,1115.462232460226,,,,,USD,EURUSD,0.898069151324652,2024-08-22T15:00:00Z,,,,4.351121348996901,0.0,,180585.19093568277,DIVIDENDO_BRUTO,,,
793,2024-08-23T13:30:00Z,OPEN_ENTRY,a4e552abf5c8981083928ed50ab84f51a59a4ce01e43b13aa4e701a4c45ce332,benchmark,BH_BUY,NASDAQ,AMAT,2024-08-23,,,1115.462232460226,1111.111111111229,12.112434055270121,12.1363522295026,202.16000366210938,202.36216366577148,USD,EURUSD,0.898069151324652,2024-08-22T15:00:00Z,4.346774574422478,0.004346774574422341,0.004342432142280017,,0.0,,178853.3515787715,BH_REINVERSION_DIVIDENDO,,,
794,2024-08-30T20:00:00Z,CLOSE_DIVIDEND,a4e552abf5c8981083928ed50ab84f51a59a4ce01e43b13aa4e701a4c45ce332,benchmark,BH_DIVIDEND,NYSE,GS,2024-08-30,,,1111.111111111229,1122.8048996836321,,,,,USD,EURUSD,0.9019572472264814,2024-08-30T15:00:00Z,,,,11.69378857240313,0.0,,180178.07285846127,DIVIDENDO_BRUTO,,,
795,2024-09-03T13:30:00Z,OPEN_ENTRY,a4e552abf5c8981083928ed50ab84f51a59a4ce01e43b13aa4e701a4c45ce332,benchmark,BH_BUY,NYSE,GS,2024-09-03,,,1122.8048996836321,1111.111111111229,4.321634463407784,4.347071768591595,507.4700012207031,507.9774712219238,USD,EURUSD,0.9040773890245004,2024-09-02T15:00:00Z,11.682106465937196,0.01168210646593515,0.011670436029906474,,0.0,,180961.8988326926,BH_REINVERSION_DIVIDENDO,,,
796,2024-09-03T20:00:00Z,CLOSE_DIVIDEND,a4e552abf5c8981083928ed50ab84f51a59a4ce01e43b13aa4e701a4c45ce332,benchmark,BH_DIVIDEND,NYSE,LMT,2024-09-03,,,1111.111111111229,1119.3445394171026,,,,,USD,EURUSD,0.9062075215224287,2024-09-03T15:00:00Z,,,,8.23342830587344,0.0,,180336.3778104501,DIVIDENDO_BRUTO,,,
797,2024-09-04T13:30:00Z,OPEN_ENTRY,a4e552abf5c8981083928ed50ab84f51a59a4ce01e43b13aa4e701a4c45ce332,benchmark,BH_BUY,NYSE,LMT,2024-09-04,,,1119.3445394171026,1111.111111111229,2.884313693819473,2.900239930781607,569.3400268554688,569.9093668823242,USD,EURUSD,0.9062075215224287,2024-09-03T15:00:00Z,8.22520310277067,0.00822520310276964,0.008216986116653844,,0.0,,175884.54056955947,BH_REINVERSION_DIVIDENDO,,,
798,2024-09-05T20:00:00Z,CLOSE_DIVIDEND,a4e552abf5c8981083928ed50ab84f51a59a4ce01e43b13aa4e701a4c45ce332,benchmark,BH_DIVIDEND,NASDAQ,QCOM,2024-09-05,,,1111.111111111229,1118.259736914874,,,,,USD,EURUSD,0.901144453455889,2024-09-05T15:00:00Z,,,,7.148625803645102,0.0,,174076.10309557986,DIVIDENDO_BRUTO,,,
799,2024-09-06T13:30:00Z,OPEN_ENTRY,a4e552abf5c8981083928ed50ab84f51a59a4ce01e43b13aa4e701a4c45ce332,benchmark,BH_BUY,NASDAQ,QCOM,2024-09-06,,,1118.259736914874,1111.111111111229,9.332741240358787,9.381389316392724,162.74000549316406,162.9027454986572,USD,EURUSD,0.901144453455889,2024-09-05T15:00:00Z,7.141484319325777,0.007141484319324931,0.007134349969355115,,0.0,,173355.67412716208,BH_REINVERSION_DIVIDENDO,,,
800,2024-09-09T20:00:00Z,CLOSE_DIVIDEND,a4e552abf5c8981083928ed50ab84f51a59a4ce01e43b13aa4e701a4c45ce332,benchmark,BH_DIVIDEND,NASDAQ,GOOGL,2024-09-09,,,1111.111111111229,1113.084240697674,,,,,USD,EURUSD,0.9055510278004165,2024-09-09T15:00:00Z,,,,1.973129586444807,0.0,,170617.51087106165,DIVIDENDO_BRUTO,,,
801,2024-09-10T13:30:00Z,OPEN_ENTRY,a4e552abf5c8981083928ed50ab84f51a59a4ce01e43b13aa4e701a4c45ce332,benchmark,BH_BUY,NASDAQ,GOOGL,2024-09-10,,,1113.084240697674,1111.111111111229,10.894635011555001,10.90908882159483,150.4499969482422,150.6004469451904,USD,EURUSD,0.9055510278004165,2024-09-09T15:00:00Z,1.9711584280167904,0.0019711584280166505,0.0019691892387777923,,0.0,,172752.93084478585,BH_REINVERSION_DIVIDENDO,,,
802,2024-09-12T15:30:00Z,CLOSE_DIVIDEND,a4e552abf5c8981083928ed50ab84f51a59a4ce01e43b13aa4e701a4c45ce332,benchmark,BH_DIVIDEND,XETRA,EQQQ.DE,2024-09-12,,,1111.111111111229,1112.7800045202368,,,,,EUR,EUR,1.0,,,,,1.6688934090077623,0.0,,176292.7130516933,DIVIDENDO_BRUTO,,,
803,2024-09-12T15:30:00Z,CLOSE_DIVIDEND,a4e552abf5c8981083928ed50ab84f51a59a4ce01e43b13aa4e701a4c45ce332,benchmark,BH_DIVIDEND,XETRA,IQQK.DE,2024-09-12,,,1112.7800045202368,1117.5936555739383,,,,,EUR,EUR,1.0,,,,,4.813651053701596,0.0,,176297.526702747,DIVIDENDO_BRUTO,,,
804,2024-09-12T15:30:00Z,CLOSE_DIVIDEND,a4e552abf5c8981083928ed50ab84f51a59a4ce01e43b13aa4e701a4c45ce332,benchmark,BH_DIVIDEND,XETRA,IQQT.DE,2024-09-12,,,1117.5936555739383,1137.0763158478917,,,,,EUR,EUR,1.0,,,,,19.48266027395335,0.0,,176317.00936302097,DIVIDENDO_BRUTO,,,
805,2024-09-12T20:00:00Z,CLOSE_DIVIDEND,a4e552abf5c8981083928ed50ab84f51a59a4ce01e43b13aa4e701a4c45ce332,benchmark,BH_DIVIDEND,NASDAQ,NVDA,2024-09-12,,,1137.0763158478917,1137.7460668414146,,,,,USD,EURUSD,0.907770515613653,2024-09-12T15:00:00Z,,,,0.6697509935230183,0.0,,177549.0981979477,DIVIDENDO_BRUTO,,,
806,2024-09-12T20:00:00Z,CLOSE_DIVIDEND,a4e552abf5c8981083928ed50ab84f51a59a4ce01e43b13aa4e701a4c45ce332,benchmark,BH_DIVIDEND,NYSE,TSM,2024-09-12,,,1137.7460668414146,1145.6774641888985,,,,,USD,EURUSD,0.907770515613653,2024-09-12T15:00:00Z,,,,7.931397347483891,0.0,,177557.02959529517,DIVIDENDO_BRUTO,,,
807,2024-09-13T07:00:00Z,OPEN_ENTRY,a4e552abf5c8981083928ed50ab84f51a59a4ce01e43b13aa4e701a4c45ce332,benchmark,BH_BUY,XETRA,EQQQ.DE,2024-09-13,,,1145.6774641888985,1144.0085707798908,4.165620599817196,4.169505742282269,428.70001220703125,429.12871221923825,EUR,EUR,1.0,,1.6672261828249375,0.001667226182824777,0.0016655606222026236,,0.0,,178633.44851776058,BH_REINVERSION_DIVIDENDO,,,
808,2024-09-13T07:00:00Z,OPEN_ENTRY,a4e552abf5c8981083928ed50ab84f51a59a4ce01e43b13aa4e701a4c45ce332,benchmark,BH_BUY,XETRA,IQQK.DE,2024-09-13,,,1144.0085707798908,1139.1949197261893,27.678341327906875,27.801206759129244,39.099998474121094,39.13909847259521,EUR,EUR,1.0,,4.808842211490107,0.0048088422114895835,0.004804038173315953,,0.0,,178633.39958797971,BH_REINVERSION_DIVIDENDO,,,
809,2024-09-13T07:00:00Z,OPEN_ENTRY,a4e552abf5c8981083928ed50ab84f51a59a4ce01e43b13aa4e701a4c45ce332,benchmark,BH_BUY,XETRA,IQQT.DE,2024-09-13,,,1139.1949197261893,1119.712259452236,17.205647657334097,17.449487058443328,79.73999786376953,79.81973786163329,EUR,EUR,1.0,,19.463197076876476,0.01946319707687394,0.019443753323549213,,0.0,,178633.3094749783,BH_REINVERSION_DIVIDENDO,,,
810,2024-09-13T13:30:00Z,OPEN_ENTRY,a4e552abf5c8981083928ed50ab84f51a59a4ce01e43b13aa4e701a4c45ce332,benchmark,BH_BUY,NASDAQ,NVDA,2024-09-13,,,1119.712259452236,1119.042508458713,73.77976944649568,73.78595288870427,119.08000183105469,119.19908183288572,USD,EURUSD,0.907770515613653,2024-09-12T15:00:00Z,0.669081911611407,0.0006690819116113023,0.0006684134981131942,,0.0,,178662.40642112194,BH_REINVERSION_DIVIDENDO,,,
811,2024-09-13T13:30:00Z,OPEN_ENTRY,a4e552abf5c8981083928ed50ab84f51a59a4ce01e43b13aa4e701a4c45ce332,benchmark,BH_BUY,NYSE,TSM,2024-09-13,,,1119.042508458713,1111.111111111229,13.957232137361428,14.007857884934776,172.24000549316406,172.4122454986572,USD,EURUSD,0.907770515613653,2024-09-12T15:00:00Z,7.923473873610281,0.007923473873609588,0.007915558315293744,,0.0,,178662.35335668633,BH_REINVERSION_DIVIDENDO,,,
812,2024-09-16T15:30:00Z,CLOSE_DIVIDEND,a4e552abf5c8981083928ed50ab84f51a59a4ce01e43b13aa4e701a4c45ce332,benchmark,BH_DIVIDEND,XETRA,EXSA.DE,2024-09-16,,,1111.111111111229,1124.5093405305456,,,,,EUR,EUR,1.0,,,,,13.398229419316571,0.0,,179580.87351234266,DIVIDENDO_BRUTO,,,
813,2024-09-16T20:00:00Z,CLOSE_DIVIDEND,a4e552abf5c8981083928ed50ab84f51a59a4ce01e43b13aa4e701a4c45ce332,benchmark,BH_DIVIDEND,NASDAQ,META,2024-09-16,,,1124.5093405305456,1127.6537605541187,,,,,USD,EURUSD,0.8987956138774043,2024-09-16T15:00:00Z,,,,3.144420023573031,0.0,,179354.23771946592,DIVIDENDO_BRUTO,,,
814,2024-09-17T07:00:00Z,OPEN_ENTRY,a4e552abf5c8981083928ed50ab84f51a59a4ce01e43b13aa4e701a4c45ce332,benchmark,BH_BUY,XETRA,EXSA.DE,2024-09-17,,,1127.6537605541187,1114.2555311348021,28.412143808444124,28.673305388568924,51.20000076293945,51.251200763702386,EUR,EUR,1.0,,13.38484457474183,0.013384844574741095,0.01337147310163838,,0.0,,179145.68813413972,BH_REINVERSION_DIVIDENDO,,,
815,2024-09-17T13:30:00Z,OPEN_ENTRY,a4e552abf5c8981083928ed50ab84f51a59a4ce01e43b13aa4e701a4c45ce332,benchmark,BH_BUY,NASDAQ,META,2024-09-17,,,1114.2555311348021,1111.111111111229,6.996963436454709,7.003458033543286,537.5999755859375,538.1375755615234,USD,EURUSD,0.8987956138774043,2024-09-16T15:00:00Z,3.141278744828203,0.0031412787448279467,0.0031381406042235442,,0.0,,179187.06503965592,BH_REINVERSION_DIVIDENDO,,,
816,2024-09-18T20:00:00Z,CLOSE_DIVIDEND,a4e552abf5c8981083928ed50ab84f51a59a4ce01e43b13aa4e701a4c45ce332,benchmark,BH_DIVIDEND,NYSE,CRM,2024-09-18,,,1111.111111111229,1113.588976838129,,,,,USD,EURUSD,0.8989572096368212,2024-09-18T15:00:00Z,,,,2.4778657268998163,0.0,,179432.20788690404,DIVIDENDO_BRUTO,,,
817,2024-09-19T13:30:00Z,OPEN_ENTRY,a4e552abf5c8981083928ed50ab84f51a59a4ce01e43b13aa4e701a4c45ce332,benchmark,BH_BUY,NYSE,CRM,2024-09-19,,,1113.588976838129,1111.111111111229,6.89094458650839,6.901495650194245,260.7200012207031,260.9807212219238,USD,EURUSD,0.8989572096368212,2024-09-18T15:00:00Z,2.4753903365632532,0.002475390336563077,0.0024729174191435834,,0.0,,179391.60616496488,BH_REINVERSION_DIVIDENDO,,,
818,2024-09-19T20:00:00Z,CLOSE_DIVIDEND,a4e552abf5c8981083928ed50ab84f51a59a4ce01e43b13aa4e701a4c45ce332,benchmark,BH_DIVIDEND,NASDAQ,AVGO,2024-09-19,,,1111.111111111229,1122.198467406948,,,,,USD,EURUSD,0.8963786303334529,2024-09-19T15:00:00Z,,,,11.087356295718948,0.0,,180888.70996304485,DIVIDENDO_BRUTO,,,
819,2024-09-20T13:30:00Z,OPEN_ENTRY,a4e552abf5c8981083928ed50ab84f51a59a4ce01e43b13aa4e701a4c45ce332,benchmark,BH_BUY,NASDAQ,AVGO,2024-09-20,,,1122.198467406948,1111.111111111229,23.33783902547935,23.411677727313887,167.17999267578125,167.347172668457,USD,EURUSD,0.8963786303334529,2024-09-19T15:00:00Z,11.076280015703245,0.011076280015702267,0.011065214800900659,,0.0,,183417.0978256048,BH_REINVERSION_DIVIDENDO,,,
820,2024-09-23T15:30:00Z,CLOSE_DIVIDEND,a4e552abf5c8981083928ed50ab84f51a59a4ce01e43b13aa4e701a4c45ce332,benchmark,BH_DIVIDEND,MIL,ENI.MI,2024-09-23,,,1111.111111111229,1135.1999200230377,,,,,EUR,EUR,1.0,,,,,24.088808911808556,0.0,,183198.55639213434,DIVIDENDO_BRUTO,,,
821,2024-09-24T07:00:00Z,OPEN_ENTRY,a4e552abf5c8981083928ed50ab84f51a59a4ce01e43b13aa4e701a4c45ce332,benchmark,BH_BUY,MIL,ENI.MI,2024-09-24,,,1135.1999200230377,1111.111111111229,96.35523564723422,98.05086991870508,14.178000450134277,14.19217845058441,EUR,EUR,1.0,,24.064744167640917,0.024064744167638707,0.02404070346417544,,0.0,,184471.12604902935,BH_REINVERSION_DIVIDENDO,,,
822,2024-09-25T15:30:00Z,CLOSE_DIVIDEND,a4e552abf5c8981083928ed50ab84f51a59a4ce01e43b13aa4e701a4c45ce332,benchmark,BH_DIVIDEND,PAR,TTE.PA,2024-09-25,,,1111.111111111229,1129.65584969016,,,,,EUR,EUR,1.0,,,,,18.54473857893087,0.0,,185015.3029242092,DIVIDENDO_BRUTO,,,
823,2024-09-26T07:00:00Z,OPEN_ENTRY,a4e552abf5c8981083928ed50ab84f51a59a4ce01e43b13aa4e701a4c45ce332,benchmark,BH_BUY,PAR,TTE.PA,2024-09-26,,,1129.65584969016,1111.111111111229,23.47435263155806,23.78640294741317,59.310001373291016,59.3693113746643,EUR,EUR,1.0,,18.526212366564305,0.018526212366563044,0.018507704661900114,,0.0,,185461.48999219656,BH_REINVERSION_DIVIDENDO,,,
824,2024-09-27T06:00:00Z,CLOSE_DIVIDEND,a4e552abf5c8981083928ed50ab84f51a59a4ce01e43b13aa4e701a4c45ce332,benchmark,BH_DIVIDEND,JPX,6501.T,2024-09-27,,,1111.111111111229,1126.8215744780287,,,,,JPY,EURJPY,0.006219679064560268,2024-09-26T15:00:00Z,,,,15.710463366799662,0.0,,187958.65091140408,DIVIDENDO_BRUTO,,,
825,2024-09-27T06:00:00Z,CLOSE_DIVIDEND,a4e552abf5c8981083928ed50ab84f51a59a4ce01e43b13aa4e701a4c45ce332,benchmark,BH_DIVIDEND,JPX,6758.T,2024-09-27,,,1126.8215744780287,1131.1963180883045,,,,,JPY,EURJPY,0.006219679064560268,2024-09-26T15:00:00Z,,,,4.374743610275776,0.0,,187963.02565501435,DIVIDENDO_BRUTO,,,
826,2024-09-27T06:00:00Z,CLOSE_DIVIDEND,a4e552abf5c8981083928ed50ab84f51a59a4ce01e43b13aa4e701a4c45ce332,benchmark,BH_DIVIDEND,JPX,6857.T,2024-09-27,,,1131.1963180883045,1141.0891326301555,,,,,JPY,EURJPY,0.006219679064560268,2024-09-26T15:00:00Z,,,,9.892814541851113,0.0,,187972.9184695562,DIVIDENDO_BRUTO,,,
827,2024-09-27T06:00:00Z,CLOSE_DIVIDEND,a4e552abf5c8981083928ed50ab84f51a59a4ce01e43b13aa4e701a4c45ce332,benchmark,BH_DIVIDEND,JPX,7011.T,2024-09-27,,,1141.0891326301555,1161.634868709151,,,,,JPY,EURJPY,0.006219679064560268,2024-09-26T15:00:00Z,,,,20.545736078995567,0.0,,187993.4642056352,DIVIDENDO_BRUTO,,,
828,2024-09-27T06:00:00Z,CLOSE_DIVIDEND,a4e552abf5c8981083928ed50ab84f51a59a4ce01e43b13aa4e701a4c45ce332,benchmark,BH_DIVIDEND,JPX,7203.T,2024-09-27,,,1161.634868709151,1181.2854207169466,,,,,JPY,EURJPY,0.006219679064560268,2024-09-26T15:00:00Z,,,,19.650552007795497,0.0,,188013.114757643,DIVIDENDO_BRUTO,,,
829,2024-09-27T06:00:00Z,CLOSE_DIVIDEND,a4e552abf5c8981083928ed50ab84f51a59a4ce01e43b13aa4e701a4c45ce332,benchmark,BH_DIVIDEND,JPX,8035.T,2024-09-27,,,1181.2854207169466,1197.195041172481,,,,,JPY,EURJPY,0.006219679064560268,2024-09-26T15:00:00Z,,,,15.909620455534327,0.0,,188029.02437809852,DIVIDENDO_BRUTO,,,
830,2024-09-30T00:00:00Z,OPEN_ENTRY,a4e552abf5c8981083928ed50ab84f51a59a4ce01e43b13aa4e701a4c45ce332,benchmark,BH_BUY,JPX,6501.T,2024-09-30,,,1197.195041172481,1181.4845778056815,120.28230000543094,120.93578644362222,3830.0,3833.8299999999995,JPY,EURJPY,0.006264486625321055,2024-09-27T15:00:00Z,15.694768598201462,0.01569476859820007,0.015679089508690614,,0.0,,188173.50882155474,BH_REINVERSION_DIVIDENDO,,,
831,2024-09-30T00:00:00Z,OPEN_ENTRY,a4e552abf5c8981083928ed50ab84f51a59a4ce01e43b13aa4e701a4c45ce332,benchmark,BH_BUY,JPX,6758.T,2024-09-30,,,1181.4845778056815,1177.1098341954057,70.33712776601394,70.59241924370419,2730.0,2732.7299999999996,JPY,EURJPY,0.006264486625321055,2024-09-27T15:00:00Z,4.370373237038738,0.004370373237038372,0.004366007229808232,,0.0,,188173.7095895505,BH_REINVERSION_DIVIDENDO,,,
832,2024-09-30T00:00:00Z,OPEN_ENTRY,a4e552abf5c8981083928ed50ab84f51a59a4ce01e43b13aa4e701a4c45ce332,benchmark,BH_BUY,JPX,6857.T,2024-09-30,,,1177.1098341954057,1167.2170196535546,83.71403800204327,83.94458749540286,6836.0,6842.835999999999,JPY,EURJPY,0.006264486625321055,2024-09-27T15:00:00Z,9.882931610240874,0.009882931610238899,0.00987305855168822,,0.0,,188174.22854784352,BH_REINVERSION_DIVIDENDO,,,
833,2024-09-30T00:00:00Z,OPEN_ENTRY,a4e552abf5c8981083928ed50ab84f51a59a4ce01e43b13aa4e701a4c45ce332,benchmark,BH_BUY,JPX,7011.T,2024-09-30,,,1167.2170196535546,1146.671283574559,300.30394970735523,301.8471681159524,2121.0,2123.1209999999996,JPY,EURJPY,0.006264486625321055,2024-09-27T15:00:00Z,20.52521086812744,0.020525210868125754,0.020504706161961997,,0.0,,188174.89324331537,BH_REINVERSION_DIVIDENDO,,,
834,2024-09-30T00:00:00Z,OPEN_ENTRY,a4e552abf5c8981083928ed50ab84f51a59a4ce01e43b13aa4e701a4c45ce332,benchmark,BH_BUY,JPX,7203.T,2024-09-30,,,1146.671283574559,1127.0207315667635,78.985393795334,80.18922128223716,2600.5,2603.1004999999996,JPY,EURJPY,0.006264486625321055,2024-09-27T15:00:00Z,19.630921086708792,0.019630921086704944,0.01961130977692851,,0.0,,188175.99274662434,BH_REINVERSION_DIVIDENDO,,,
835,2024-09-30T00:00:00Z,OPEN_ENTRY,a4e552abf5c8981083928ed50ab84f51a59a4ce01e43b13aa4e701a4c45ce332,benchmark,BH_BUY,JPX,8035.T,2024-09-30,,,1127.0207315667635,1111.111111111229,9.652636893738903,9.750120778996692,26000.0,26025.999999999996,JPY,EURJPY,0.006264486625321055,2024-09-27T15:00:00Z,15.893726728805524,0.015893726728803514,0.015877848879923377,,0.0,,188176.86173762943,BH_REINVERSION_DIVIDENDO,,,
836,2024-10-07T20:00:00Z,CLOSE_DIVIDEND,a4e552abf5c8981083928ed50ab84f51a59a4ce01e43b13aa4e701a4c45ce332,benchmark,BH_DIVIDEND,NASDAQ,MU,2024-10-07,,,1111.111111111229,1113.1872404476726,,,,,USD,EURUSD,0.9105809506465125,2024-10-07T15:00:00Z,,,,2.0761293364435396,0.0,,191073.50501991072,DIVIDENDO_BRUTO,,,
837,2024-10-08T13:30:00Z,OPEN_ENTRY,a4e552abf5c8981083928ed50ab84f51a59a4ce01e43b13aa4e701a4c45ce332,benchmark,BH_BUY,NASDAQ,MU,2024-10-08,,,1113.1872404476726,1111.111111111229,19.826132498106915,19.848401553214753,102.18000030517578,102.28218030548095,USD,EURUSD,0.9105809506465125,2024-10-07T15:00:00Z,2.0740552811623774,0.0020740552811622237,0.002071983297864356,,0.0,,189965.55795411998,BH_REINVERSION_DIVIDENDO,,,
838,2024-10-08T15:30:00Z,CLOSE_DIVIDEND,a4e552abf5c8981083928ed50ab84f51a59a4ce01e43b13aa4e701a4c45ce332,benchmark,BH_DIVIDEND,MCE,BBVA.MC,2024-10-08,,,1111.111111111229,1197.729503903737,,,,,EUR,EUR,1.0,,,,,86.61839279250783,0.0,,190060.56410403663,DIVIDENDO_BRUTO,,,
839,2024-10-09T07:00:00Z,OPEN_ENTRY,a4e552abf5c8981083928ed50ab84f51a59a4ce01e43b13aa4e701a4c45ce332,benchmark,BH_BUY,MCE,BBVA.MC,2024-10-09,,,1197.729503903737,1111.111111111229,298.68411307761323,307.98932468913375,9.289999961853027,9.29928996181488,EUR,EUR,1.0,,86.53186093157626,0.08653186093157217,0.0864454155160577,,0.0,,191712.9013308015,BH_REINVERSION_DIVIDENDO,,,
840,2024-10-09T20:00:00Z,CLOSE_DIVIDEND,a4e552abf5c8981083928ed50ab84f51a59a4ce01e43b13aa4e701a4c45ce332,benchmark,BH_DIVIDEND,NYSE,MA,2024-10-09,,,1111.111111111229,1113.3226674781847,,,,,USD,EURUSD,0.9126585744273068,2024-10-09T15:00:00Z,,,,2.2115563669556715,0.0,,192325.26161146467,DIVIDENDO_BRUTO,,,
841,2024-10-10T13:30:00Z,OPEN_ENTRY,a4e552abf5c8981083928ed50ab84f51a59a4ce01e43b13aa4e701a4c45ce332,benchmark,BH_BUY,NYSE,MA,2024-10-10,,,1113.3226674781847,1111.111111111229,3.671518653444438,3.676355379777592,500.0,500.49999999999994,USD,EURUSD,0.9126585744273068,2024-10-09T15:00:00Z,2.209347019935736,0.0022093470199355814,0.0022071398800554295,,0.0,,193224.98175615995,BH_REINVERSION_DIVIDENDO,,,
842,2024-10-10T20:00:00Z,CLOSE_DIVIDEND,a4e552abf5c8981083928ed50ab84f51a59a4ce01e43b13aa4e701a4c45ce332,benchmark,BH_DIVIDEND,NYSE,ORCL,2024-10-10,,,1111.111111111229,1117.2095528957168,,,,,USD,EURUSD,0.9147457006952068,2024-10-10T15:00:00Z,,,,6.0984417844877985,0.0,,193354.01147873697,DIVIDENDO_BRUTO,,,
843,2024-10-11T13:30:00Z,OPEN_ENTRY,a4e552abf5c8981083928ed50ab84f51a59a4ce01e43b13aa4e701a4c45ce332,benchmark,BH_BUY,NYSE,ORCL,2024-10-11,,,1117.2095528957168,1111.111111111229,16.667041397005153,16.704953094438203,175.5,175.67549999999997,USD,EURUSD,0.9147457006952068,2024-10-10T15:00:00Z,6.092349435052746,0.006092349435052213,0.006086263171879865,,0.0,,193686.59575951553,BH_REINVERSION_DIVIDENDO,,,
844,2024-10-11T20:00:00Z,CLOSE_DIVIDEND,a4e552abf5c8981083928ed50ab84f51a59a4ce01e43b13aa4e701a4c45ce332,benchmark,BH_DIVIDEND,NASDAQ,MRVL,2024-10-11,,,1111.111111111229,1112.4096399109858,,,,,USD,EURUSD,0.9142439202779301,2024-10-11T15:00:00Z,,,,1.2985287997567343,0.0,,194096.41179453497,DIVIDENDO_BRUTO,,,
845,2024-10-14T13:30:00Z,OPEN_ENTRY,a4e552abf5c8981083928ed50ab84f51a59a4ce01e43b13aa4e701a4c45ce332,benchmark,BH_BUY,NASDAQ,MRVL,2024-10-14,,,1112.4096399109858,1111.111111111229,23.672180019565268,23.691079944830463,75.0,75.07499999999999,USD,EURUSD,0.9142439202779301,2024-10-11T15:00:00Z,1.2972315681885458,0.001297231568188506,0.0012959356325557933,,0.0,,195115.73224589336,BH_REINVERSION_DIVIDENDO,,,
846,2024-10-15T15:30:00Z,CLOSE_DIVIDEND,a4e552abf5c8981083928ed50ab84f51a59a4ce01e43b13aa4e701a4c45ce332,benchmark,BH_DIVIDEND,XETRA,EXH1.DE,2024-10-15,,,1111.111111111229,1128.306864882413,,,,,EUR,EUR,1.0,,,,,17.195753771183902,0.0,,197454.66485215968,DIVIDENDO_BRUTO,,,
847,2024-10-15T15:30:00Z,CLOSE_DIVIDEND,a4e552abf5c8981083928ed50ab84f51a59a4ce01e43b13aa4e701a4c45ce332,benchmark,BH_DIVIDEND,XETRA,EXV1.DE,2024-10-15,,,1128.306864882413,1139.8336628647428,,,,,EUR,EUR,1.0,,,,,11.526797982329665,0.0,,197466.19165014202,DIVIDENDO_BRUTO,,,
848,2024-10-15T20:00:00Z,CLOSE_DIVIDEND,a4e552abf5c8981083928ed50ab84f51a59a4ce01e43b13aa4e701a4c45ce332,benchmark,BH_DIVIDEND,NYSE,ABBV,2024-10-15,,,1139.8336628647428,1152.7217006690598,,,,,USD,EURUSD,0.9171787581399614,2024-10-15T15:00:00Z,,,,12.888037804317102,0.0,,196567.19201879378,DIVIDENDO_BRUTO,,,
849,2024-10-16T07:00:00Z,OPEN_ENTRY,a4e552abf5c8981083928ed50ab84f51a59a4ce01e43b13aa4e701a4c45ce332,benchmark,BH_BUY,XETRA,EXH1.DE,2024-10-16,,,1152.7217006690598,1135.5259468978759,35.128503546779235,35.62898220889658,34.290000915527344,34.32429091644287,EUR,EUR,1.0,,17.178575195987918,0.017178575195984536,0.017161413782204944,,0.0,,194472.91618240366,BH_REINVERSION_DIVIDENDO,,,
850,2024-10-16T07:00:00Z,OPEN_ENTRY,a4e552abf5c8981083928ed50ab84f51a59a4ce01e43b13aa4e701a4c45ce332,benchmark,BH_BUY,XETRA,EXV1.DE,2024-10-16,,,1135.5259468978759,1123.9991489155461,98.70777620875398,99.28124476443567,20.059999465942383,20.080059465408322,EUR,EUR,1.0,,11.515282699630037,0.011515282699628315,0.011503778920707487,,0.0,,194472.9074998372,BH_REINVERSION_DIVIDENDO,,,
851,2024-10-16T13:30:00Z,OPEN_ENTRY,a4e552abf5c8981083928ed50ab84f51a59a4ce01e43b13aa4e701a4c45ce332,benchmark,BH_BUY,NYSE,ABBV,2024-10-16,,,1123.9991489155461,1111.111111111229,9.065695237449637,9.139330135254164,190.4499969482422,190.6404469451904,USD,EURUSD,0.9171787581399614,2024-10-15T15:00:00Z,12.875162641675429,0.012875162641673654,0.012862300341332424,,0.0,,194431.28702140128,BH_REINVERSION_DIVIDENDO,,,
852,2024-10-21T20:00:00Z,CLOSE_DIVIDEND,a4e552abf5c8981083928ed50ab84f51a59a4ce01e43b13aa4e701a4c45ce332,benchmark,BH_DIVIDEND,NYSE,CAT,2024-10-21,,,1111.111111111229,1118.6881826350145,,,,,USD,EURUSD,0.9214042200313278,2024-10-21T15:00:00Z,,,,7.577071523785378,0.0,,197292.0021749236,DIVIDENDO_BRUTO,,,
853,2024-10-22T13:30:00Z,OPEN_ENTRY,a4e552abf5c8981083928ed50ab84f51a59a4ce01e43b13aa4e701a4c45ce332,benchmark,BH_BUY,NYSE,CAT,2024-10-22,,,1118.6881826350145,1111.111111111229,5.8321955494782065,5.853253649545684,389.7300109863281,390.1197409973144,USD,EURUSD,0.9214042200313278,2024-10-21T15:00:00Z,7.569502021763615,0.007569502021762986,0.007561940081681079,,0.0,,197557.15601432274,BH_REINVERSION_DIVIDENDO,,,
854,2024-10-24T15:30:00Z,CLOSE_DIVIDEND,a4e552abf5c8981083928ed50ab84f51a59a4ce01e43b13aa4e701a4c45ce332,benchmark,BH_DIVIDEND,XETRA,BSP.DE,2024-10-24,,,1111.111111111229,1129.9038844077534,,,,,EUR,EUR,1.0,,,,,18.792773296524302,0.0,,195815.0873517976,DIVIDENDO_BRUTO,,,
855,2024-10-25T07:00:00Z,OPEN_ENTRY,a4e552abf5c8981083928ed50ab84f51a59a4ce01e43b13aa4e701a4c45ce332,benchmark,BH_BUY,XETRA,BSP.DE,2024-10-25,,,1129.9038844077534,1111.111111111229,129.76678981430828,130.97291481901078,15.550000190734863,15.565550190925597,EUR,EUR,1.0,,18.77399929722708,0.01877399929722401,0.018755244053172655,,0.0,,196378.50113955405,BH_REINVERSION_DIVIDENDO,,,
856,2024-10-29T16:30:00Z,CLOSE_DIVIDEND,a4e552abf5c8981083928ed50ab84f51a59a4ce01e43b13aa4e701a4c45ce332,benchmark,BH_DIVIDEND,AMS,ASML.AS,2024-10-29,,,1111.111111111229,1114.669790539778,,,,,EUR,EUR,1.0,,,,,3.558679428548976,0.0,,198407.0267515716,DIVIDENDO_BRUTO,,,
857,2024-10-29T20:00:00Z,CLOSE_DIVIDEND,a4e552abf5c8981083928ed50ab84f51a59a4ce01e43b13aa4e701a4c45ce332,benchmark,BH_DIVIDEND,NYSE,INFY,2024-10-29,,,1114.669790539778,1130.4815384810067,,,,,USD,EURUSD,0.9281603861147207,2024-10-29T16:00:00Z,,,,15.81174794122873,0.0,,198219.6500850968,DIVIDENDO_BRUTO,,,
858,2024-10-30T08:00:00Z,OPEN_ENTRY,a4e552abf5c8981083928ed50ab84f51a59a4ce01e43b13aa4e701a4c45ce332,benchmark,BH_BUY,AMS,ASML.AS,2024-10-30,,,1130.4815384810067,1126.9228590524579,2.341236466150642,2.3466686668203027,653.7999877929688,654.4537877807617,EUR,EUR,1.0,,3.555124304244732,0.003555124304244206,0.0035515727315129668,,0.0,,199615.65028422364,BH_REINVERSION_DIVIDENDO,,,
859,2024-10-30T13:30:00Z,OPEN_ENTRY,a4e552abf5c8981083928ed50ab84f51a59a4ce01e43b13aa4e701a4c45ce332,benchmark,BH_BUY,NYSE,INFY,2024-10-30,,,1126.9228590524579,1111.111111111229,68.14230892751932,68.93234409268852,21.520000457763672,21.541520458221434,USD,EURUSD,0.9281603861147207,2024-10-29T16:00:00Z,15.79595198923949,0.015795951989238333,0.015780171817421196,,0.0,,199586.94056699102,BH_REINVERSION_DIVIDENDO,,,
860,2024-10-31T16:30:00Z,CLOSE_DIVIDEND,a4e552abf5c8981083928ed50ab84f51a59a4ce01e43b13aa4e701a4c45ce332,benchmark,BH_DIVIDEND,MCE,ITX.MC,2024-10-31,,,1111.111111111229,1151.9870140392416,,,,,EUR,EUR,1.0,,,,,40.87590292801251,0.0,,196678.98519780353,DIVIDENDO_BRUTO,,,
861,2024-11-01T08:00:00Z,OPEN_ENTRY,a4e552abf5c8981083928ed50ab84f51a59a4ce01e43b13aa4e701a4c45ce332,benchmark,BH_BUY,MCE,ITX.MC,2024-11-01,,,1151.9870140392416,1111.111111111229,53.08558821819806,53.8649973406214,52.34000015258789,52.39234015274047,EUR,EUR,1.0,,40.83506786015236,0.04083506786015079,0.040794273586561895,,0.0,,191512.6090746049,BH_REINVERSION_DIVIDENDO,,,
862,2024-11-08T21:00:00Z,CLOSE_DIVIDEND,a4e552abf5c8981083928ed50ab84f51a59a4ce01e43b13aa4e701a4c45ce332,benchmark,BH_DIVIDEND,NASDAQ,AAPL,2024-11-08,,,1111.111111111229,1113.1572741166,,,,,USD,EURUSD,0.9283327144448571,2024-11-08T16:00:00Z,,,,2.046163005370976,0.0,,207045.56883278926,DIVIDENDO_BRUTO,,,
863,2024-11-11T14:30:00Z,OPEN_ENTRY,a4e552abf5c8981083928ed50ab84f51a59a4ce01e43b13aa4e701a4c45ce332,benchmark,BH_BUY,NASDAQ,AAPL,2024-11-11,,,1113.1572741166,1111.111111111229,8.81650715754246,8.82628371371749,225.0,225.22499999999997,USD,EURUSD,0.9283327144448571,2024-11-08T16:00:00Z,2.0441188864844917,0.0020441188864843696,0.0020420768096745074,,0.0,,209438.50872593038,BH_REINVERSION_DIVIDENDO,,,
864,2024-11-12T21:00:00Z,CLOSE_DIVIDEND,a4e552abf5c8981083928ed50ab84f51a59a4ce01e43b13aa4e701a4c45ce332,benchmark,BH_DIVIDEND,NYSE,V,2024-11-12,,,1111.111111111229,1114.513390510604,,,,,USD,EURUSD,0.941885655081473,2024-11-12T16:00:00Z,,,,3.4022793993749145,0.0,,211314.60500992546,DIVIDENDO_BRUTO,,,
865,2024-11-13T14:30:00Z,OPEN_ENTRY,a4e552abf5c8981083928ed50ab84f51a59a4ce01e43b13aa4e701a4c45ce332,benchmark,BH_BUY,NYSE,V,2024-11-13,,,1114.513390510604,1111.111111111229,6.122372946298894,6.1340210983366354,309.489990234375,309.79948022460934,USD,EURUSD,0.941885655081473,2024-11-12T16:00:00Z,3.3988805188560587,0.00339888051885584,0.0033954850338218526,,0.0,,210838.659451436,BH_REINVERSION_DIVIDENDO,,,
866,2024-11-14T16:30:00Z,CLOSE_DIVIDEND,a4e552abf5c8981083928ed50ab84f51a59a4ce01e43b13aa4e701a4c45ce332,benchmark,BH_DIVIDEND,XETRA,R6C0.DE,2024-11-14,,,1111.111111111229,1124.3858681706884,,,,,EUR,EUR,1.0,,,,,13.274757059459304,0.0,,210777.0431868759,DIVIDENDO_BRUTO,,,
867,2024-11-14T21:00:00Z,CLOSE_DIVIDEND,a4e552abf5c8981083928ed50ab84f51a59a4ce01e43b13aa4e701a4c45ce332,benchmark,BH_DIVIDEND,NYSE,XOM,2024-11-14,,,1124.3858681706884,1136.461707401738,,,,,USD,EURUSD,0.949397132820659,2024-11-14T16:00:00Z,,,,12.07583923104977,0.0,,211367.96598681406,DIVIDENDO_BRUTO,,,
868,2024-11-15T08:00:00Z,OPEN_ENTRY,a4e552abf5c8981083928ed50ab84f51a59a4ce01e43b13aa4e701a4c45ce332,benchmark,BH_BUY,XETRA,R6C0.DE,2024-11-15,,,1136.461707401738,1123.1869503422788,44.71542300876911,45.145840390869,30.780000686645508,30.81078068733215,EUR,EUR,1.0,,13.26149556389541,0.013261495563893888,0.013248247316578038,,0.0,,210698.2837700038,BH_REINVERSION_DIVIDENDO,,,
869,2024-11-15T14:30:00Z,OPEN_ENTRY,a4e552abf5c8981083928ed50ab84f51a59a4ce01e43b13aa4e701a4c45ce332,benchmark,BH_BUY,NYSE,XOM,2024-11-15,,,1123.1869503422788,1111.111111111229,12.847961072792648,12.953393634635615,120.4000015258789,120.52040152740477,USD,EURUSD,0.949397132820659,2024-11-14T16:00:00Z,12.063775455594177,0.012063775455592562,0.012051723731860997,,0.0,,210696.07541828137,BH_REINVERSION_DIVIDENDO,,,
870,2024-11-15T21:00:00Z,CLOSE_DIVIDEND,a4e552abf5c8981083928ed50ab84f51a59a4ce01e43b13aa4e701a4c45ce332,benchmark,BH_DIVIDEND,NYSE,LLY,2024-11-15,,,1111.111111111229,1116.1376794781645,,,,,USD,EURUSD,0.9449116507606539,2024-11-15T16:00:00Z,,,,5.026568366935377,0.0,,209644.02793161775,DIVIDENDO_BRUTO,,,
871,2024-11-18T14:30:00Z,OPEN_ENTRY,a4e552abf5c8981083928ed50ab84f51a59a4ce01e43b13aa4e701a4c45ce332,benchmark,BH_BUY,NYSE,LLY,2024-11-18,,,1116.1376794781645,1111.111111111229,4.092013309790546,4.099254262324056,733.1900024414062,733.9231924438476,USD,EURUSD,0.9449116507606539,2024-11-15T16:00:00Z,5.021546820115263,0.005021546820114686,0.005016530289825033,,0.0,,209239.1948632419,BH_REINVERSION_DIVIDENDO,,,
872,2024-11-18T16:30:00Z,CLOSE_DIVIDEND,a4e552abf5c8981083928ed50ab84f51a59a4ce01e43b13aa4e701a4c45ce332,benchmark,BH_DIVIDEND,MIL,ENI.MI,2024-11-18,,,1111.111111111229,1135.6238285909053,,,,,EUR,EUR,1.0,,,,,24.51271747967627,0.0,,209663.55274629552,DIVIDENDO_BRUTO,,,
873,2024-11-18T21:00:00Z,CLOSE_DIVIDEND,a4e552abf5c8981083928ed50ab84f51a59a4ce01e43b13aa4e701a4c45ce332,benchmark,BH_DIVIDEND,NYSE,CVX,2024-11-18,,,1135.6238285909053,1147.1557403626061,,,,,USD,EURUSD,0.9476876421531464,2024-11-18T16:00:00Z,,,,11.531911771700761,0.0,,209604.27158416298,DIVIDENDO_BRUTO,,,
874,2024-11-19T08:00:00Z,OPEN_ENTRY,a4e552abf5c8981083928ed50ab84f51a59a4ce01e43b13aa4e701a4c45ce332,benchmark,BH_BUY,MIL,ENI.MI,2024-11-19,,,1147.1557403626061,1122.64302288293,98.05086991870508,99.81135967447067,13.895999908447266,13.909895908355711,EUR,EUR,1.0,,24.488229250425846,0.024488229250422933,0.024463765484937956,,0.0,,209978.25172341417,BH_REINVERSION_DIVIDENDO,,,
875,2024-11-19T14:30:00Z,OPEN_ENTRY,a4e552abf5c8981083928ed50ab84f51a59a4ce01e43b13aa4e701a4c45ce332,benchmark,BH_BUY,NYSE,CVX,2024-11-19,,,1122.64302288293,1111.111111111229,7.465321043864198,7.541231614785734,159.97999572753906,160.1399757232666,USD,EURUSD,0.9476876421531464,2024-11-18T16:00:00Z,11.520391380320442,0.01152039138031924,0.011508882497821624,,0.0,,209924.80007414328,BH_REINVERSION_DIVIDENDO,,,
876,2024-11-21T21:00:00Z,CLOSE_DIVIDEND,a4e552abf5c8981083928ed50ab84f51a59a4ce01e43b13aa4e701a4c45ce332,benchmark,BH_DIVIDEND,NASDAQ,AMAT,2024-11-21,,,1111.111111111229,1115.7230633170063,,,,,USD,EURUSD,0.9500285008550257,2024-11-21T16:00:00Z,,,,4.611952205777161,0.0,,212184.84033638937,DIVIDENDO_BRUTO,,,
877,2024-11-21T21:00:00Z,CLOSE_DIVIDEND,a4e552abf5c8981083928ed50ab84f51a59a4ce01e43b13aa4e701a4c45ce332,benchmark,BH_DIVIDEND,NASDAQ,MSFT,2024-11-21,,,1115.7230633170063,1119.5445564385675,,,,,USD,EURUSD,0.9500285008550257,2024-11-21T16:00:00Z,,,,3.821493121561136,0.0,,212188.66182951094,DIVIDENDO_BRUTO,,,
878,2024-11-22T14:30:00Z,OPEN_ENTRY,a4e552abf5c8981083928ed50ab84f51a59a4ce01e43b13aa4e701a4c45ce332,benchmark,BH_BUY,NASDAQ,AMAT,2024-11-22,,,1119.5445564385675,1114.9326042327903,12.1363522295026,12.164018095704824,175.1199951171875,175.29511511230467,USD,EURUSD,0.9500285008550257,2024-11-21T16:00:00Z,4.607344860916245,0.004607344860915852,0.004602742118797023,,0.0,,212132.11999962665,BH_REINVERSION_DIVIDENDO,,,
879,2024-11-22T14:30:00Z,OPEN_ENTRY,a4e552abf5c8981083928ed50ab84f51a59a4ce01e43b13aa4e701a4c45ce332,benchmark,BH_BUY,NASDAQ,MSFT,2024-11-22,,,1114.9326042327903,1111.111111111229,4.846389951512352,4.856148734971348,411.3699951171875,411.7813651123046,USD,EURUSD,0.9500285008550257,2024-11-21T16:00:00Z,3.8176754461150213,0.0038176754461147766,0.0038138615845299305,,0.0,,212132.12627477324,BH_REINVERSION_DIVIDENDO,,,
880,2024-12-02T16:30:00Z,CLOSE_DIVIDEND,a4e552abf5c8981083928ed50ab84f51a59a4ce01e43b13aa4e701a4c45ce332,benchmark,BH_DIVIDEND,PAR,MC.PA,2024-12-02,,,1111.111111111229,1122.4414833894332,,,,,EUR,EUR,1.0,,,,,11.330372278203985,0.0,,214646.27544261358,DIVIDENDO_BRUTO,,,
881,2024-12-02T21:00:00Z,CLOSE_DIVIDEND,a4e552abf5c8981083928ed50ab84f51a59a4ce01e43b13aa4e701a4c45ce332,benchmark,BH_DIVIDEND,NYSE,GS,2024-12-02,,,1122.4414833894332,1134.8534138222635,,,,,USD,EURUSD,0.9517464547444561,2024-12-02T16:00:00Z,,,,12.41193043283029,0.0,,215780.63882715412,DIVIDENDO_BRUTO,,,
882,2024-12-02T21:00:00Z,CLOSE_DIVIDEND,a4e552abf5c8981083928ed50ab84f51a59a4ce01e43b13aa4e701a4c45ce332,benchmark,BH_DIVIDEND,NYSE,LMT,2024-12-02,,,1134.8534138222635,1143.9623809599616,,,,,USD,EURUSD,0.9517464547444561,2024-12-02T16:00:00Z,,,,9.108967137698013,0.0,,215789.74779429182,DIVIDENDO_BRUTO,,,
883,2024-12-03T08:00:00Z,OPEN_ENTRY,a4e552abf5c8981083928ed50ab84f51a59a4ce01e43b13aa4e701a4c45ce332,benchmark,BH_BUY,PAR,MC.PA,2024-12-03,,,1143.9623809599616,1132.6320086817575,2.060067686946179,2.0786049746174897,610.0,610.6099999999999,EUR,EUR,1.0,,11.319053224979006,0.011319053224978504,0.011307745479497654,,0.0,,217246.43475648615,BH_REINVERSION_DIVIDENDO,,,
884,2024-12-03T14:30:00Z,OPEN_ENTRY,a4e552abf5c8981083928ed50ab84f51a59a4ce01e43b13aa4e701a4c45ce332,benchmark,BH_BUY,NYSE,GS,2024-12-03,,,1132.6320086817575,1120.2200782489272,4.347071768591595,4.368444554122817,608.9600219726562,609.5689819946289,USD,EURUSD,0.9517464547444561,2024-12-02T16:00:00Z,12.399530901928363,0.012399530901927136,0.012387143758169473,,0.0,,217319.13900612216,BH_REINVERSION_DIVIDENDO,,,
885,2024-12-03T14:30:00Z,OPEN_ENTRY,a4e552abf5c8981083928ed50ab84f51a59a4ce01e43b13aa4e701a4c45ce332,benchmark,BH_BUY,NYSE,LMT,2024-12-03,,,1120.2200782489272,1111.111111111229,2.900239930781607,2.9186035993961665,520.1400146484375,520.6601546630859,USD,EURUSD,0.9517464547444561,2024-12-02T16:00:00Z,9.099867270427586,0.009099867270426998,0.00909077649393308,,0.0,,217319.12431120305,BH_REINVERSION_DIVIDENDO,,,
886,2024-12-05T21:00:00Z,CLOSE_DIVIDEND,a4e552abf5c8981083928ed50ab84f51a59a4ce01e43b13aa4e701a4c45ce332,benchmark,BH_DIVIDEND,NASDAQ,NVDA,2024-12-05,,,1111.111111111229,1111.8111675902492,,,,,USD,EURUSD,0.9487666034155597,2024-12-05T16:00:00Z,,,,0.7000564790199646,0.0,,222970.0579162664,DIVIDENDO_BRUTO,,,
887,2024-12-05T21:00:00Z,CLOSE_DIVIDEND,a4e552abf5c8981083928ed50ab84f51a59a4ce01e43b13aa4e701a4c45ce332,benchmark,BH_DIVIDEND,NASDAQ,QCOM,2024-12-05,,,1111.8111675902492,1119.376804135727,,,,,USD,EURUSD,0.9487666034155597,2024-12-05T16:00:00Z,,,,7.565636545478003,0.0,,222977.62355281189,DIVIDENDO_BRUTO,,,
888,2024-12-06T14:30:00Z,OPEN_ENTRY,a4e552abf5c8981083928ed50ab84f51a59a4ce01e43b13aa4e701a4c45ce332,benchmark,BH_BUY,NASDAQ,NVDA,2024-12-06,,,1119.376804135727,1118.676747656707,73.78595288870427,73.79104546124492,144.60000610351562,144.74460610961913,USD,EURUSD,0.9487666034155597,2024-12-05T16:00:00Z,0.6993571218980666,0.0006993571218979477,0.0006986584634345672,,0.0,,222345.40700742582,BH_REINVERSION_DIVIDENDO,,,
889,2024-12-06T14:30:00Z,OPEN_ENTRY,a4e552abf5c8981083928ed50ab84f51a59a4ce01e43b13aa4e701a4c45ce332,benchmark,BH_BUY,NASDAQ,QCOM,2024-12-06,,,1118.676747656707,1111.111111111229,9.381389316392724,9.431007475118744,160.38999938964844,160.55038938903806,USD,EURUSD,0.9487666034155597,2024-12-05T16:00:00Z,7.558078467010993,0.007558078467010176,0.00755052793907068,,0.0,,222345.39189881942,BH_REINVERSION_DIVIDENDO,,,
890,2024-12-09T21:00:00Z,CLOSE_DIVIDEND,a4e552abf5c8981083928ed50ab84f51a59a4ce01e43b13aa4e701a4c45ce332,benchmark,BH_DIVIDEND,NASDAQ,GOOGL,2024-12-09,,,1111.111111111229,1113.1756623643696,,,,,USD,EURUSD,0.9462528387585163,2024-12-09T16:00:00Z,,,,2.064551253140581,0.0,,224090.15307381065,DIVIDENDO_BRUTO,,,
891,2024-12-10T14:30:00Z,OPEN_ENTRY,a4e552abf5c8981083928ed50ab84f51a59a4ce01e43b13aa4e701a4c45ce332,benchmark,BH_BUY,NASDAQ,GOOGL,2024-12-10,,,1113.1756623643696,1111.111111111229,10.90908882159483,10.920997274385881,182.85000610351562,183.03285610961913,USD,EURUSD,0.9462528387585163,2024-12-09T16:00:00Z,2.062488764376205,0.0020624887643760914,0.00206042833604007,,0.0,,219847.9752533184,BH_REINVERSION_DIVIDENDO,,,
892,2024-12-12T16:30:00Z,CLOSE_DIVIDEND,a4e552abf5c8981083928ed50ab84f51a59a4ce01e43b13aa4e701a4c45ce332,benchmark,BH_DIVIDEND,XETRA,EQQQ.DE,2024-12-12,,,1111.111111111229,1112.9040778010196,,,,,EUR,EUR,1.0,,,,,1.7929666897904788,0.0,,221425.3151737678,DIVIDENDO_BRUTO,,,
893,2024-12-12T21:00:00Z,CLOSE_DIVIDEND,a4e552abf5c8981083928ed50ab84f51a59a4ce01e43b13aa4e701a4c45ce332,benchmark,BH_DIVIDEND,NYSE,TSM,2024-12-12,,,1112.9040778010196,1121.1290710877604,,,,,USD,EURUSD,0.9531979792202842,2024-12-12T16:00:00Z,,,,8.224993286740848,0.0,,221266.43401138278,DIVIDENDO_BRUTO,,,
894,2024-12-13T08:00:00Z,OPEN_ENTRY,a4e552abf5c8981083928ed50ab84f51a59a4ce01e43b13aa4e701a4c45ce332,benchmark,BH_BUY,XETRA,EQQQ.DE,2024-12-13,,,1121.1290710877604,1119.3361043979698,4.169505742282269,4.173031626278619,507.5,508.00749999999994,EUR,EUR,1.0,,1.7911755142762027,0.0017911755142760999,0.0017893861281478303,,0.0,,219997.01450472392,BH_REINVERSION_DIVIDENDO,,,
895,2024-12-13T14:30:00Z,OPEN_ENTRY,a4e552abf5c8981083928ed50ab84f51a59a4ce01e43b13aa4e701a4c45ce332,benchmark,BH_BUY,NYSE,TSM,2024-12-13,,,1119.3361043979698,1111.111111111229,14.007857884934776,14.0512391194648,198.50999450683594,198.70850450134276,USD,EURUSD,0.9531979792202842,2024-12-12T16:00:00Z,8.216776510230618,0.008216776510229451,0.008208567942287729,,0.0,,219927.41320332134,BH_REINVERSION_DIVIDENDO,,,
896,2024-12-16T16:30:00Z,CLOSE_DIVIDEND,a4e552abf5c8981083928ed50ab84f51a59a4ce01e43b13aa4e701a4c45ce332,benchmark,BH_DIVIDEND,XETRA,EXSA.DE,2024-12-16,,,1111.111111111229,1116.559841987608,,,,,EUR,EUR,1.0,,,,,5.448730876378976,0.0,,220710.87050989163,DIVIDENDO_BRUTO,,,
897,2024-12-16T21:00:00Z,CLOSE_DIVIDEND,a4e552abf5c8981083928ed50ab84f51a59a4ce01e43b13aa4e701a4c45ce332,benchmark,BH_DIVIDEND,NASDAQ,META,2024-12-16,,,1116.559841987608,1119.8954573588899,,,,,USD,EURUSD,0.9525623928367307,2024-12-16T16:00:00Z,,,,3.3356153712818086,0.0,,220912.30188525375,DIVIDENDO_BRUTO,,,
898,2024-12-17T08:00:00Z,OPEN_ENTRY,a4e552abf5c8981083928ed50ab84f51a59a4ce01e43b13aa4e701a4c45ce332,benchmark,BH_BUY,XETRA,EXSA.DE,2024-12-17,,,1119.8954573588899,1114.446726482511,28.673305388568924,28.78056080587113,50.70000076293945,50.75070076370239,EUR,EUR,1.0,,5.443287588790186,0.005443287588789758,0.0054378497390508975,,0.0,,222206.4711432356,BH_REINVERSION_DIVIDENDO,,,
899,2024-12-17T14:30:00Z,OPEN_ENTRY,a4e552abf5c8981083928ed50ab84f51a59a4ce01e43b13aa4e701a4c45ce332,benchmark,BH_BUY,NASDAQ,META,2024-12-17,,,1114.446726482511,1111.111111111229,7.003458033543286,7.009039163500512,626.1699829101562,626.7961528930664,USD,EURUSD,0.9525623928367307,2024-12-16T16:00:00Z,3.3322830881936154,0.003332283088193222,0.0033289541340594786,,0.0,,222147.17408441487,BH_REINVERSION_DIVIDENDO,,,
900,2024-12-18T21:00:00Z,CLOSE_DIVIDEND,a4e552abf5c8981083928ed50ab84f51a59a4ce01e43b13aa4e701a4c45ce332,benchmark,BH_DIVIDEND,NYSE,CRM,2024-12-18,,,1111.111111111229,1113.741254270602,,,,,USD,EURUSD,0.9527439024390243,2024-12-18T16:00:00Z,,,,2.6301431593728064,0.0,,220952.21943493185,DIVIDENDO_BRUTO,,,
901,2024-12-19T14:30:00Z,OPEN_ENTRY,a4e552abf5c8981083928ed50ab84f51a59a4ce01e43b13aa4e701a4c45ce332,benchmark,BH_BUY,NYSE,CRM,2024-12-19,,,1113.741254270602,1111.111111111229,6.901495650194245,6.909558527677124,341.70001220703125,342.04171221923826,USD,EURUSD,0.9527439024390243,2024-12-18T16:00:00Z,2.6275156437290774,0.0026275156437289837,0.0026248907529759654,,0.0,,215887.4206869796,BH_REINVERSION_DIVIDENDO,,,
902,2024-12-23T21:00:00Z,CLOSE_DIVIDEND,a4e552abf5c8981083928ed50ab84f51a59a4ce01e43b13aa4e701a4c45ce332,benchmark,BH_DIVIDEND,NASDAQ,AVGO,2024-12-23,,,1111.111111111229,1124.401681552021,,,,,USD,EURUSD,0.9621860867891852,2024-12-23T16:00:00Z,,,,13.290570440792065,0.0,,218046.50694832913,DIVIDENDO_BRUTO,,,
903,2024-12-24T14:30:00Z,OPEN_ENTRY,a4e552abf5c8981083928ed50ab84f51a59a4ce01e43b13aa4e701a4c45ce332,benchmark,BH_BUY,NASDAQ,AVGO,2024-12-24,,,1124.401681552021,1111.111111111229,23.411677727313887,23.469087796209465,240.1199951171875,240.36011511230467,USD,EURUSD,0.9621860867891852,2024-12-23T16:00:00Z,13.277293147644421,0.013277293147643476,0.01326402911852488,,0.0,,219488.94919624648,BH_REINVERSION_DIVIDENDO,,,
904,2024-12-30T21:00:00Z,CLOSE_DIVIDEND,a4e552abf5c8981083928ed50ab84f51a59a4ce01e43b13aa4e701a4c45ce332,benchmark,BH_DIVIDEND,NASDAQ,MU,2024-12-30,,,1111.111111111229,1113.2966398153842,,,,,USD,EURUSD,0.9574875526618154,2024-12-30T16:00:00Z,,,,2.185528704155206,0.0,,218359.02942085027,DIVIDENDO_BRUTO,,,
905,2024-12-31T14:30:00Z,OPEN_ENTRY,a4e552abf5c8981083928ed50ab84f51a59a4ce01e43b13aa4e701a4c45ce332,benchmark,BH_BUY,NASDAQ,MU,2024-12-31,,,1113.2966398153842,1111.111111111229,19.848401553214753,19.87506362975676,85.44000244140625,85.52544244384765,USD,EURUSD,0.9574875526618154,2024-12-30T16:00:00Z,2.1833453587964096,0.0021833453587962737,0.0021811641946016974,,0.0,,217007.032330433,BH_REINVERSION_DIVIDENDO,,,
906,2025-01-02T16:30:00Z,CLOSE_DIVIDEND,a4e552abf5c8981083928ed50ab84f51a59a4ce01e43b13aa4e701a4c45ce332,benchmark,BH_DIVIDEND,PAR,TTE.PA,2025-01-02,,,1111.111111111229,1129.9023694396856,,,,,EUR,EUR,1.0,,,,,18.791258328456404,0.0,,217074.81018939754,DIVIDENDO_BRUTO,,,
907,2025-01-03T08:00:00Z,OPEN_ENTRY,a4e552abf5c8981083928ed50ab84f51a59a4ce01e43b13aa4e701a4c45ce332,benchmark,BH_BUY,PAR,TTE.PA,2025-01-03,,,1129.9023694396856,1111.111111111229,23.78640294741317,24.135050127024755,53.790000915527344,53.84379091644286,EUR,EUR,1.0,,18.772485842613793,0.01877248584261082,0.018753732110500538,,0.0,,219233.47059352853,BH_REINVERSION_DIVIDENDO,,,
908,2025-01-10T16:30:00Z,CLOSE_DIVIDEND,a4e552abf5c8981083928ed50ab84f51a59a4ce01e43b13aa4e701a4c45ce332,benchmark,BH_DIVIDEND,MCE,IBE.MC,2025-01-10,,,1111.111111111229,1139.6846118833478,,,,,EUR,EUR,1.0,,,,,28.573500772118678,0.0,,220276.33609220822,DIVIDENDO_BRUTO,,,
909,2025-01-10T21:00:00Z,CLOSE_DIVIDEND,a4e552abf5c8981083928ed50ab84f51a59a4ce01e43b13aa4e701a4c45ce332,benchmark,BH_DIVIDEND,NASDAQ,MRVL,2025-01-10,,,1139.6846118833478,1141.0641390540484,,,,,USD,EURUSD,0.9704968944099379,2025-01-10T16:00:00Z,,,,1.3795271707005317,0.0,,219571.73262957102,DIVIDENDO_BRUTO,,,
910,2025-01-10T21:00:00Z,CLOSE_DIVIDEND,a4e552abf5c8981083928ed50ab84f51a59a4ce01e43b13aa4e701a4c45ce332,benchmark,BH_DIVIDEND,NYSE,MA,2025-01-10,,,1141.0641390540484,1143.7757365779526,,,,,USD,EURUSD,0.9704968944099379,2025-01-10T16:00:00Z,,,,2.7115975239042798,0.0,,219574.44422709494,DIVIDENDO_BRUTO,,,
911,2025-01-10T21:00:00Z,CLOSE_DIVIDEND,a4e552abf5c8981083928ed50ab84f51a59a4ce01e43b13aa4e701a4c45ce332,benchmark,BH_DIVIDEND,NYSE,ORCL,2025-01-10,,,1143.7757365779526,1150.260578617719,,,,,USD,EURUSD,0.9704968944099379,2025-01-10T16:00:00Z,,,,6.4848420397663835,0.0,,219580.9290691347,DIVIDENDO_BRUTO,,,
912,2025-01-13T08:00:00Z,OPEN_ENTRY,a4e552abf5c8981083928ed50ab84f51a59a4ce01e43b13aa4e701a4c45ce332,benchmark,BH_BUY,MCE,IBE.MC,2025-01-13,,,1150.260578617719,1121.6870778456002,123.69480853731028,125.87830305956868,13.0600004196167,13.073060420036315,EUR,EUR,1.0,,28.544955816302377,0.0285449558163009,0.028516439376923372,,0.0,,217468.74721662345,BH_REINVERSION_DIVIDENDO,,,
913,2025-01-13T14:30:00Z,OPEN_ENTRY,a4e552abf5c8981083928ed50ab84f51a59a4ce01e43b13aa4e701a4c45ce332,benchmark,BH_BUY,NASDAQ,MRVL,2025-01-13,,,1121.6870778456002,1120.3075506748996,23.691079944830463,23.703746249525214,112.0,112.112,USD,EURUSD,0.9704968944099379,2025-01-10T16:00:00Z,1.378149021678853,0.001378149021678654,0.0013767722494293594,,0.0,,217365.7311914962,BH_REINVERSION_DIVIDENDO,,,
914,2025-01-13T14:30:00Z,OPEN_ENTRY,a4e552abf5c8981083928ed50ab84f51a59a4ce01e43b13aa4e701a4c45ce332,benchmark,BH_BUY,NYSE,MA,2025-01-13,,,1120.3075506748996,1117.5959531509955,3.676355379777592,3.6819211490378354,501.0,501.5009999999999,USD,EURUSD,0.9704968944099379,2025-01-10T16:00:00Z,2.708888635269011,0.002708888635268636,0.0027061824528157607,,0.0,,217365.7456002294,BH_REINVERSION_DIVIDENDO,,,
915,2025-01-13T14:30:00Z,OPEN_ENTRY,a4e552abf5c8981083928ed50ab84f51a59a4ce01e43b13aa4e701a4c45ce332,benchmark,BH_BUY,NYSE,ORCL,2025-01-13,,,1117.5959531509955,1111.111111111229,16.704953094438203,16.748329164792548,153.74000549316406,153.8937454986572,USD,EURUSD,0.9704968944099379,2025-01-10T16:00:00Z,6.478363676090294,0.006478363676089671,0.006471891784305318,,0.0,,217365.7646429623,BH_REINVERSION_DIVIDENDO,,,
916,2025-01-15T16:30:00Z,CLOSE_DIVIDEND,a4e552abf5c8981083928ed50ab84f51a59a4ce01e43b13aa4e701a4c45ce332,benchmark,BH_DIVIDEND,XETRA,EXH1.DE,2025-01-15,,,1111.111111111229,1128.4436489733375,,,,,EUR,EUR,1.0,,,,,17.332537862108545,0.0,,215807.694494046,DIVIDENDO_BRUTO,,,
917,2025-01-15T16:30:00Z,CLOSE_DIVIDEND,a4e552abf5c8981083928ed50ab84f51a59a4ce01e43b13aa4e701a4c45ce332,benchmark,BH_DIVIDEND,XETRA,EXV1.DE,2025-01-15,,,1128.4436489733375,1149.9718933693025,,,,,EUR,EUR,1.0,,,,,21.528244395964997,0.0,,215829.22273844198,DIVIDENDO_BRUTO,,,
918,2025-01-15T21:00:00Z,CLOSE_DIVIDEND,a4e552abf5c8981083928ed50ab84f51a59a4ce01e43b13aa4e701a4c45ce332,benchmark,BH_DIVIDEND,NYSE,ABBV,2025-01-15,,,1149.9718933693025,1164.52383649728,,,,,USD,EURUSD,0.970873786407767,2025-01-15T16:00:00Z,,,,14.551943127977504,0.0,,216908.27146956447,DIVIDENDO_BRUTO,,,
919,2025-01-16T08:00:00Z,OPEN_ENTRY,a4e552abf5c8981083928ed50ab84f51a59a4ce01e43b13aa4e701a4c45ce332,benchmark,BH_BUY,XETRA,EXH1.DE,2025-01-16,,,1164.52383649728,1147.1912986351715,35.62898220889658,36.111962116142884,35.814998626708984,35.85081362533569,EUR,EUR,1.0,,17.315222639469077,0.01731522263946772,0.017297924714752458,,0.0,,220451.70844715525,BH_REINVERSION_DIVIDENDO,,,
920,2025-01-16T08:00:00Z,OPEN_ENTRY,a4e552abf5c8981083928ed50ab84f51a59a4ce01e43b13aa4e701a4c45ce332,benchmark,BH_BUY,XETRA,EXV1.DE,2025-01-16,,,1147.1912986351715,1125.6630542392065,99.28124476443567,100.26051786757662,21.940000534057617,21.961940534591673,EUR,EUR,1.0,,21.506737658306694,0.02150673765830291,0.02148525240589854,,0.0,,220451.51366716178,BH_REINVERSION_DIVIDENDO,,,
921,2025-01-16T14:30:00Z,OPEN_ENTRY,a4e552abf5c8981083928ed50ab84f51a59a4ce01e43b13aa4e701a4c45ce332,benchmark,BH_BUY,NYSE,ABBV,2025-01-16,,,1125.6630542392065,1111.111111111229,9.139330135254164,9.226577551940407,171.4499969482422,171.6214469451904,USD,EURUSD,0.970873786407767,2025-01-15T16:00:00Z,14.53740572225525,0.014537405722252927,0.014522882839413276,,0.0,,220538.62449549325,BH_REINVERSION_DIVIDENDO,,,
922,2025-01-16T16:30:00Z,CLOSE_DIVIDEND,a4e552abf5c8981083928ed50ab84f51a59a4ce01e43b13aa4e701a4c45ce332,benchmark,BH_DIVIDEND,XETRA,EUNH.DE,2025-01-16,,,1111.111111111229,1123.801875181365,,,,,EUR,EUR,1.0,,,,,12.690764070135772,0.0,,221013.18328877666,DIVIDENDO_BRUTO,,,
923,2025-01-17T08:00:00Z,OPEN_ENTRY,a4e552abf5c8981083928ed50ab84f51a59a4ce01e43b13aa4e701a4c45ce332,benchmark,BH_BUY,XETRA,EUNH.DE,2025-01-17,,,1123.801875181365,1111.111111111229,10.226240185443812,10.341119283526243,110.25,110.36025,EUR,EUR,1.0,,12.678085984151622,0.012678085984150655,0.012665420563587292,,0.0,,221506.14226606773,BH_REINVERSION_DIVIDENDO,,,
924,2025-01-21T21:00:00Z,CLOSE_DIVIDEND,a4e552abf5c8981083928ed50ab84f51a59a4ce01e43b13aa4e701a4c45ce332,benchmark,BH_DIVIDEND,NYSE,CAT,2025-01-21,,,1111.111111111229,1119.0797194397599,,,,,USD,EURUSD,0.9655305590421936,2025-01-21T16:00:00Z,,,,7.968608328530863,0.0,,223955.18081137902,DIVIDENDO_BRUTO,,,
925,2025-01-22T14:30:00Z,OPEN_ENTRY,a4e552abf5c8981083928ed50ab84f51a59a4ce01e43b13aa4e701a4c45ce332,benchmark,BH_BUY,NYSE,CAT,2025-01-22,,,1119.0797194397599,1111.111111111229,5.853253649545684,5.873913342402551,398.67999267578125,399.078672668457,USD,EURUSD,0.9655305590421936,2025-01-21T16:00:00Z,7.9606476808500135,0.007960647680849142,0.007952694985863297,,0.0,,225690.86996241112,BH_REINVERSION_DIVIDENDO,,,
926,2025-02-10T16:30:00Z,CLOSE_DIVIDEND,a4e552abf5c8981083928ed50ab84f51a59a4ce01e43b13aa4e701a4c45ce332,benchmark,BH_DIVIDEND,AMS,ASML.AS,2025-02-10,,,1111.111111111229,1114.678047484796,,,,,EUR,EUR,1.0,,,,,3.56693637356686,0.0,,236399.3623832696,DIVIDENDO_BRUTO,,,
927,2025-02-10T21:00:00Z,CLOSE_DIVIDEND,a4e552abf5c8981083928ed50ab84f51a59a4ce01e43b13aa4e701a4c45ce332,benchmark,BH_DIVIDEND,NASDAQ,AAPL,2025-02-10,,,1114.678047484796,1116.816197609243,,,,,USD,EURUSD,0.9689922480620154,2025-02-10T16:00:00Z,,,,2.1381501244470664,0.0,,236912.2704529096,DIVIDENDO_BRUTO,,,
928,2025-02-11T08:00:00Z,OPEN_ENTRY,a4e552abf5c8981083928ed50ab84f51a59a4ce01e43b13aa4e701a4c45ce332,benchmark,BH_BUY,AMS,ASML.AS,2025-02-11,,,1116.816197609243,1113.2492612356762,2.3466686668203027,2.351639084478366,716.2000122070312,716.9162122192382,EUR,EUR,1.0,,3.5633730005662945,0.0035633730005657505,0.003559813187378604,,0.0,,239545.04151733467,BH_REINVERSION_DIVIDENDO,,,
929,2025-02-11T14:30:00Z,OPEN_ENTRY,a4e552abf5c8981083928ed50ab84f51a59a4ce01e43b13aa4e701a4c45ce332,benchmark,BH_BUY,NASDAQ,AAPL,2025-02-11,,,1113.2492612356762,1111.111111111229,8.82628371371749,8.835933864580417,228.1999969482422,228.4281969451904,USD,EURUSD,0.9689922480620154,2025-02-10T16:00:00Z,2.13601411033673,0.0021360141103365926,0.0021338802301062833,,0.0,,239389.3458998484,BH_REINVERSION_DIVIDENDO,,,
930,2025-02-11T21:00:00Z,CLOSE_DIVIDEND,a4e552abf5c8981083928ed50ab84f51a59a4ce01e43b13aa4e701a4c45ce332,benchmark,BH_DIVIDEND,NYSE,V,2025-02-11,,,1111.111111111229,1114.6166055397632,,,,,USD,EURUSD,0.9686168151879117,2025-02-11T16:00:00Z,,,,3.5054944285341096,0.0,,239901.19723677103,DIVIDENDO_BRUTO,,,
931,2025-02-12T14:30:00Z,OPEN_ENTRY,a4e552abf5c8981083928ed50ab84f51a59a4ce01e43b13aa4e701a4c45ce332,benchmark,BH_BUY,NYSE,V,2025-02-12,,,1114.6166055397632,1111.111111111229,6.1340210983366354,6.144365482309597,349.1600036621094,349.50916366577144,USD,EURUSD,0.9686168151879117,2025-02-11T16:00:00Z,3.501992436098012,0.003501992436097723,0.003498493942155401,,0.0,,238646.02427827532,BH_REINVERSION_DIVIDENDO,,,
932,2025-02-12T21:00:00Z,CLOSE_DIVIDEND,a4e552abf5c8981083928ed50ab84f51a59a4ce01e43b13aa4e701a4c45ce332,benchmark,BH_DIVIDEND,NYSE,XOM,2025-02-12,,,1111.111111111229,1123.4774174740924,,,,,USD,EURUSD,0.9643201542912248,2025-02-12T16:00:00Z,,,,12.366306362863318,0.0,,238090.24028485396,DIVIDENDO_BRUTO,,,
933,2025-02-13T14:30:00Z,OPEN_ENTRY,a4e552abf5c8981083928ed50ab84f51a59a4ce01e43b13aa4e701a4c45ce332,benchmark,BH_BUY,NYSE,XOM,2025-02-13,,,1123.4774174740924,1111.111111111229,12.953393634635615,13.072836007169315,107.1500015258789,107.25715152740477,USD,EURUSD,0.9643201542912248,2025-02-12T16:00:00Z,12.353952410452866,0.012353952410451896,0.012341610799651773,,0.0,,238998.76110804573,BH_REINVERSION_DIVIDENDO,,,
934,2025-02-13T16:30:00Z,CLOSE_DIVIDEND,a4e552abf5c8981083928ed50ab84f51a59a4ce01e43b13aa4e701a4c45ce332,benchmark,BH_DIVIDEND,XETRA,R6C0.DE,2025-02-13,,,1111.111111111229,1125.0590990833496,,,,,EUR,EUR,1.0,,,,,13.94798797212054,0.0,,238691.4865137901,DIVIDENDO_BRUTO,,,
935,2025-02-14T08:00:00Z,OPEN_ENTRY,a4e552abf5c8981083928ed50ab84f51a59a4ce01e43b13aa4e701a4c45ce332,benchmark,BH_BUY,XETRA,R6C0.DE,2025-02-14,,,1125.0590990833496,1111.111111111229,45.145840390869,45.58138901987947,31.959999084472656,31.991959083557127,EUR,EUR,1.0,,13.93405391820234,0.013934053918200462,0.013920133784417105,,0.0,,244701.13816808476,BH_REINVERSION_DIVIDENDO,,,
936,2025-02-14T16:30:00Z,CLOSE_DIVIDEND,a4e552abf5c8981083928ed50ab84f51a59a4ce01e43b13aa4e701a4c45ce332,benchmark,BH_DIVIDEND,XETRA,SIE.DE,2025-02-14,,,1111.111111111229,1165.3846012039974,,,,,EUR,EUR,1.0,,,,,54.27349009276834,0.0,,244035.17974622833,DIVIDENDO_BRUTO,,,
937,2025-02-14T21:00:00Z,CLOSE_DIVIDEND,a4e552abf5c8981083928ed50ab84f51a59a4ce01e43b13aa4e701a4c45ce332,benchmark,BH_DIVIDEND,NYSE,CVX,2025-02-14,,,1165.3846012039974,1177.6918221061578,,,,,USD,EURUSD,0.954380606986066,2025-02-14T16:00:00Z,,,,12.30722090216034,0.0,,243790.6400508374,DIVIDENDO_BRUTO,,,
938,2025-02-14T21:00:00Z,CLOSE_DIVIDEND,a4e552abf5c8981083928ed50ab84f51a59a4ce01e43b13aa4e701a4c45ce332,benchmark,BH_DIVIDEND,NYSE,LLY,2025-02-14,,,1177.6918221061578,1183.5601952627585,,,,,USD,EURUSD,0.954380606986066,2025-02-14T16:00:00Z,,,,5.868373156600576,0.0,,243796.50842399398,DIVIDENDO_BRUTO,,,
939,2025-02-17T08:00:00Z,OPEN_ENTRY,a4e552abf5c8981083928ed50ab84f51a59a4ce01e43b13aa4e701a4c45ce332,benchmark,BH_BUY,XETRA,SIE.DE,2025-02-17,,,1183.5601952627585,1129.2867051699902,10.43720963322468,10.678802436317959,224.1999969482422,224.4241969451904,EUR,EUR,1.0,,54.2192708219464,0.05421927082193889,0.05416510571622364,,0.0,,244934.13160536502,BH_REINVERSION_DIVIDENDO,,,
940,2025-02-18T14:30:00Z,OPEN_ENTRY,a4e552abf5c8981083928ed50ab84f51a59a4ce01e43b13aa4e701a4c45ce332,benchmark,BH_BUY,NYSE,CVX,2025-02-18,,,1129.2867051699902,1116.9794842678298,7.541231614785734,7.624041017809761,155.33999633789062,155.4953363342285,USD,EURUSD,0.9548362455838825,2025-02-17T16:00:00Z,12.294925976184157,0.012294925976183535,0.012282643332850982,,0.0,,247003.27171239947,BH_REINVERSION_DIVIDENDO,,,
941,2025-02-18T14:30:00Z,OPEN_ENTRY,a4e552abf5c8981083928ed50ab84f51a59a4ce01e43b13aa4e701a4c45ce332,benchmark,BH_BUY,NYSE,LLY,2025-02-18,,,1116.9794842678298,1111.111111111229,4.099254262324056,4.106416255094168,856.4199829101562,857.2764028930663,USD,EURUSD,0.9548362455838825,2025-02-17T16:00:00Z,5.862510645954623,0.005862510645953556,0.005856653991962256,,0.0,,247003.17690534226,BH_REINVERSION_DIVIDENDO,,,
942,2025-02-20T21:00:00Z,CLOSE_DIVIDEND,a4e552abf5c8981083928ed50ab84f51a59a4ce01e43b13aa4e701a4c45ce332,benchmark,BH_DIVIDEND,NASDAQ,AMAT,2025-02-20,,,1111.111111111229,1115.7703155910547,,,,,USD,EURUSD,0.9575792396820837,2025-02-20T16:00:00Z,,,,4.659204479825654,0.0,,245181.18751600513,DIVIDENDO_BRUTO,,,
943,2025-02-20T21:00:00Z,CLOSE_DIVIDEND,a4e552abf5c8981083928ed50ab84f51a59a4ce01e43b13aa4e701a4c45ce332,benchmark,BH_DIVIDEND,NASDAQ,MSFT,2025-02-20,,,1115.7703155910547,1119.6299377781907,,,,,USD,EURUSD,0.9575792396820837,2025-02-20T16:00:00Z,,,,3.8596221871360896,0.0,,245185.04713819228,DIVIDENDO_BRUTO,,,
944,2025-02-21T14:30:00Z,OPEN_ENTRY,a4e552abf5c8981083928ed50ab84f51a59a4ce01e43b13aa4e701a4c45ce332,benchmark,BH_BUY,NASDAQ,AMAT,2025-02-21,,,1119.6299377781907,1114.970733298365,12.164018095704824,12.19158801829933,176.1300048828125,176.3061348876953,USD,EURUSD,0.9575792396820837,2025-02-20T16:00:00Z,4.654549929895759,0.004654549929894891,0.004649900029865389,,0.0,,242561.34156883342,BH_REINVERSION_DIVIDENDO,,,
945,2025-02-21T14:30:00Z,OPEN_ENTRY,a4e552abf5c8981083928ed50ab84f51a59a4ce01e43b13aa4e701a4c45ce332,benchmark,BH_BUY,NASDAQ,MSFT,2025-02-21,,,1114.970733298365,1111.111111111229,4.856148734971348,4.865787289517118,417.3399963378906,417.75733633422846,USD,EURUSD,0.9575792396820837,2025-02-20T16:00:00Z,3.8557664207153746,0.0038557664207150566,0.0038519145062086077,,0.0,,242561.32269331889,BH_REINVERSION_DIVIDENDO,,,
946,2025-02-21T16:30:00Z,CLOSE_DIVIDEND,a4e552abf5c8981083928ed50ab84f51a59a4ce01e43b13aa4e701a4c45ce332,benchmark,BH_DIVIDEND,XETRA,IFX.DE,2025-02-21,,,1111.111111111229,1126.9092702105386,,,,,EUR,EUR,1.0,,,,,15.798159099309421,0.0,,242199.30871605343,DIVIDENDO_BRUTO,,,
947,2025-02-21T21:00:00Z,CLOSE_DIVIDEND,a4e552abf5c8981083928ed50ab84f51a59a4ce01e43b13aa4e701a4c45ce332,benchmark,BH_DIVIDEND,NASDAQ,AZN,2025-02-21,,,1126.9092702105386,1147.8279283426762,,,,,USD,EURUSD,0.9555661729574774,2025-02-21T16:00:00Z,,,,20.918658132137626,0.0,,241927.744163587,DIVIDENDO_BRUTO,,,
948,2025-02-24T08:00:00Z,OPEN_ENTRY,a4e552abf5c8981083928ed50ab84f51a59a4ce01e43b13aa4e701a4c45ce332,benchmark,BH_BUY,XETRA,IFX.DE,2025-02-24,,,1147.8279283426762,1132.0297692433667,45.13759742659835,45.544477687565426,38.75,38.78874999999999,EUR,EUR,1.0,,15.782376722586836,0.015782376722585312,0.015766610112471588,,0.0,,237231.8257184378,BH_REINVERSION_DIVIDENDO,,,
949,2025-02-24T14:30:00Z,OPEN_ENTRY,a4e552abf5c8981083928ed50ab84f51a59a4ce01e43b13aa4e701a4c45ce332,benchmark,BH_BUY,NASDAQ,AZN,2025-02-24,,,1132.0297692433667,1111.111111111229,10.424464635848583,10.571014530550364,149.0800018310547,149.22908183288573,USD,EURUSD,0.9555661729574774,2025-02-21T16:00:00Z,20.897760371765862,0.020897760371763496,0.020876883488275266,,0.0,,237124.54304124793,BH_REINVERSION_DIVIDENDO,,,
950,2025-02-28T21:00:00Z,CLOSE_DIVIDEND,a4e552abf5c8981083928ed50ab84f51a59a4ce01e43b13aa4e701a4c45ce332,benchmark,BH_DIVIDEND,NYSE,GS,2025-02-28,,,1111.111111111229,1123.6990792817876,,,,,USD,EURUSD,0.9605225242531938,2025-02-28T16:00:00Z,,,,12.587968170558499,0.0,,226747.81726757114,DIVIDENDO_BRUTO,,,
951,2025-03-03T14:30:00Z,OPEN_ENTRY,a4e552abf5c8981083928ed50ab84f51a59a4ce01e43b13aa4e701a4c45ce332,benchmark,BH_BUY,NYSE,GS,2025-03-03,,,1123.6990792817876,1111.111111111229,4.368444554122817,4.389458631477653,622.4000244140625,623.0224244384765,USD,EURUSD,0.9605225242531938,2025-02-28T16:00:00Z,12.575392777780719,0.012575392777780081,0.012562829947831455,,0.0,,228991.34939570678,BH_REINVERSION_DIVIDENDO,,,
952,2025-03-03T21:00:00Z,CLOSE_DIVIDEND,a4e552abf5c8981083928ed50ab84f51a59a4ce01e43b13aa4e701a4c45ce332,benchmark,BH_DIVIDEND,NYSE,LMT,2025-03-03,,,1111.111111111229,1120.3145433883503,,,,,USD,EURUSD,0.9555661729574774,2025-03-03T16:00:00Z,,,,9.203432277121214,0.0,,229668.1735837928,DIVIDENDO_BRUTO,,,
953,2025-03-04T14:30:00Z,OPEN_ENTRY,a4e552abf5c8981083928ed50ab84f51a59a4ce01e43b13aa4e701a4c45ce332,benchmark,BH_BUY,NYSE,LMT,2025-03-04,,,1120.3145433883503,1111.111111111229,2.9186035993961665,2.9399269899103397,450.7799987792969,451.2307787780761,USD,EURUSD,0.9555661729574774,2025-03-03T16:00:00Z,9.194238039082133,0.009194238039080815,0.009185052986094872,,0.0,,227087.9727113724,BH_REINVERSION_DIVIDENDO,,,
954,2025-03-06T21:00:00Z,CLOSE_DIVIDEND,a4e552abf5c8981083928ed50ab84f51a59a4ce01e43b13aa4e701a4c45ce332,benchmark,BH_DIVIDEND,NASDAQ,QCOM,2025-03-06,,,1111.111111111229,1118.5364134026804,,,,,USD,EURUSD,0.9262689885142646,2025-03-06T16:00:00Z,,,,7.425302291451402,0.0,,225301.76289608868,DIVIDENDO_BRUTO,,,
955,2025-03-07T14:30:00Z,OPEN_ENTRY,a4e552abf5c8981083928ed50ab84f51a59a4ce01e43b13aa4e701a4c45ce332,benchmark,BH_BUY,NASDAQ,QCOM,2025-03-07,,,1118.5364134026804,1111.111111111229,9.431007475118744,9.482549464522618,155.22000122070312,155.37522122192382,USD,EURUSD,0.9262689885142646,2025-03-06T16:00:00Z,7.417884407044358,0.007417884407043829,0.0074104739331110085,,0.0,,218209.72053530347,BH_REINVERSION_DIVIDENDO,,,
956,2025-03-10T20:00:00Z,CLOSE_DIVIDEND,a4e552abf5c8981083928ed50ab84f51a59a4ce01e43b13aa4e701a4c45ce332,benchmark,BH_DIVIDEND,NASDAQ,GOOGL,2025-03-10,,,1111.111111111229,1113.1251262840067,,,,,USD,EURUSD,0.9220839096357768,2025-03-10T16:00:00Z,,,,2.014015172777479,0.0,,215493.8751189613,DIVIDENDO_BRUTO,,,
957,2025-03-11T13:30:00Z,OPEN_ENTRY,a4e552abf5c8981083928ed50ab84f51a59a4ce01e43b13aa4e701a4c45ce332,benchmark,BH_BUY,NASDAQ,GOOGL,2025-03-11,,,1113.1251262840067,1111.111111111229,10.920997274385881,10.934215621068514,164.91000366210938,165.07491366577148,USD,EURUSD,0.9220839096357768,2025-03-10T16:00:00Z,2.0120031696078713,0.0020120031696078122,0.0020099931764313347,,0.0,,209437.72589558968,BH_REINVERSION_DIVIDENDO,,,
958,2025-03-12T20:00:00Z,CLOSE_DIVIDEND,a4e552abf5c8981083928ed50ab84f51a59a4ce01e43b13aa4e701a4c45ce332,benchmark,BH_DIVIDEND,NASDAQ,NVDA,2025-03-12,,,1111.111111111229,1111.7889638161826,,,,,USD,EURUSD,0.9186110600771633,2025-03-12T16:00:00Z,,,,0.6778527049535634,0.0,,211045.11305013244,DIVIDENDO_BRUTO,,,
959,2025-03-13T13:30:00Z,OPEN_ENTRY,a4e552abf5c8981083928ed50ab84f51a59a4ce01e43b13aa4e701a4c45ce332,benchmark,BH_BUY,NASDAQ,NVDA,2025-03-13,,,1111.7889638161826,1111.111111111229,73.79104546124492,73.79733817979715,117.02999877929688,117.14702877807616,USD,EURUSD,0.9186110600771633,2025-03-12T16:00:00Z,0.6771755294241394,0.0006771755294240345,0.0006764990303936905,,0.0,,214156.242533107,BH_REINVERSION_DIVIDENDO,,,
960,2025-03-13T16:30:00Z,CLOSE_DIVIDEND,a4e552abf5c8981083928ed50ab84f51a59a4ce01e43b13aa4e701a4c45ce332,benchmark,BH_DIVIDEND,XETRA,EQQQ.DE,2025-03-13,,,1111.111111111229,1112.8525005167487,,,,,EUR,EUR,1.0,,,,,1.7413894055195627,0.0,,214887.54210675924,DIVIDENDO_BRUTO,,,
961,2025-03-13T16:30:00Z,CLOSE_DIVIDEND,a4e552abf5c8981083928ed50ab84f51a59a4ce01e43b13aa4e701a4c45ce332,benchmark,BH_DIVIDEND,XETRA,IQQK.DE,2025-03-13,,,1112.8525005167487,1119.4891489918746,,,,,EUR,EUR,1.0,,,,,6.636648475125815,0.0,,214894.17875523437,DIVIDENDO_BRUTO,,,
962,2025-03-14T08:00:00Z,OPEN_ENTRY,a4e552abf5c8981083928ed50ab84f51a59a4ce01e43b13aa4e701a4c45ce332,benchmark,BH_BUY,XETRA,EQQQ.DE,2025-03-14,,,1119.4891489918746,1117.747759586355,4.173031626278619,4.17701081767855,436.75,437.18674999999996,EUR,EUR,1.0,,1.739649755763799,0.0017396497557635726,0.0017379118439197236,,0.0,,212505.54740999395,BH_REINVERSION_DIVIDENDO,,,
963,2025-03-14T08:00:00Z,OPEN_ENTRY,a4e552abf5c8981083928ed50ab84f51a59a4ce01e43b13aa4e701a4c45ce332,benchmark,BH_BUY,XETRA,IQQK.DE,2025-03-14,,,1117.747759586355,1111.111111111229,27.801206759129244,27.986269483135324,35.790000915527344,35.82579091644287,EUR,EUR,1.0,,6.630018456669147,0.006630018456668552,0.006623395061607265,,0.0,,212505.48511507153,BH_REINVERSION_DIVIDENDO,,,
964,2025-03-14T20:00:00Z,CLOSE_DIVIDEND,a4e552abf5c8981083928ed50ab84f51a59a4ce01e43b13aa4e701a4c45ce332,benchmark,BH_DIVIDEND,NASDAQ,META,2025-03-14,,,1111.111111111229,1114.4904347964507,,,,,USD,EURUSD,0.918357975939021,2025-03-14T16:00:00Z,,,,3.3793236852215713,0.0,,213527.1368010428,DIVIDENDO_BRUTO,,,
965,2025-03-17T13:30:00Z,OPEN_ENTRY,a4e552abf5c8981083928ed50ab84f51a59a4ce01e43b13aa4e701a4c45ce332,benchmark,BH_BUY,NASDAQ,META,2025-03-17,,,1114.4904347964507,1111.111111111229,7.009039163500512,7.015084659436733,607.4600219726562,608.0674819946288,USD,EURUSD,0.918357975939021,2025-03-14T16:00:00Z,3.3759477374840876,0.003375947737483731,0.003372575162321135,,0.0,,218390.08102913838,BH_REINVERSION_DIVIDENDO,,,
966,2025-03-17T16:30:00Z,CLOSE_DIVIDEND,a4e552abf5c8981083928ed50ab84f51a59a4ce01e43b13aa4e701a4c45ce332,benchmark,BH_DIVIDEND,XETRA,EXSA.DE,2025-03-17,,,1111.111111111229,1115.3639570203911,,,,,EUR,EUR,1.0,,,,,4.252845909161965,0.0,,218211.32326859576,DIVIDENDO_BRUTO,,,
967,2025-03-18T08:00:00Z,OPEN_ENTRY,a4e552abf5c8981083928ed50ab84f51a59a4ce01e43b13aa4e701a4c45ce332,benchmark,BH_BUY,XETRA,EXSA.DE,2025-03-18,,,1115.3639570203911,1111.111111111229,28.78056080587113,28.85811156403651,54.72999954223633,54.78472954177856,EUR,EUR,1.0,,4.248597311850116,0.004248597311849345,0.004244352958890899,,0.0,,220400.59676461742,BH_REINVERSION_DIVIDENDO,,,
968,2025-03-18T20:00:00Z,CLOSE_DIVIDEND,a4e552abf5c8981083928ed50ab84f51a59a4ce01e43b13aa4e701a4c45ce332,benchmark,BH_DIVIDEND,NYSE,TSM,2025-03-18,,,1111.111111111229,1119.9140489732129,,,,,USD,EURUSD,0.9159186664224216,2025-03-18T16:00:00Z,,,,8.802937861983809,0.0,,220983.65972251713,DIVIDENDO_BRUTO,,,
969,2025-03-19T13:30:00Z,OPEN_ENTRY,a4e552abf5c8981083928ed50ab84f51a59a4ce01e43b13aa4e701a4c45ce332,benchmark,BH_BUY,NYSE,TSM,2025-03-19,,,1119.9140489732129,1111.111111111229,14.0512391194648,14.10668336372691,173.0,173.17299999999997,USD,EURUSD,0.9159186664224216,2025-03-18T16:00:00Z,8.794143718265545,0.008794143718263925,0.00878535835990429,,0.0,,218153.7318089727,BH_REINVERSION_DIVIDENDO,,,
970,2025-03-20T20:00:00Z,CLOSE_DIVIDEND,a4e552abf5c8981083928ed50ab84f51a59a4ce01e43b13aa4e701a4c45ce332,benchmark,BH_DIVIDEND,NASDAQ,AVGO,2025-03-20,,,1111.111111111229,1123.8931306808438,,,,,USD,EURUSD,0.9231053263177329,2025-03-20T16:00:00Z,,,,12.782019569614683,0.0,,221041.0247198721,DIVIDENDO_BRUTO,,,
971,2025-03-21T13:30:00Z,OPEN_ENTRY,a4e552abf5c8981083928ed50ab84f51a59a4ce01e43b13aa4e701a4c45ce332,benchmark,BH_BUY,NASDAQ,AVGO,2025-03-21,,,1123.8931306808438,1111.111111111229,23.469087796209465,23.542511680531092,188.2100067138672,188.39821672058105,USD,EURUSD,0.9231053263177329,2025-03-20T16:00:00Z,12.769250319295388,0.012769250319294656,0.012756493825469395,,0.0,,221139.50411904842,BH_REINVERSION_DIVIDENDO,,,
972,2025-03-24T16:30:00Z,CLOSE_DIVIDEND,a4e552abf5c8981083928ed50ab84f51a59a4ce01e43b13aa4e701a4c45ce332,benchmark,BH_DIVIDEND,MIL,ENI.MI,2025-03-24,,,1111.111111111229,1136.0639510298467,,,,,EUR,EUR,1.0,,,,,24.952839918617666,0.0,,221482.75819152457,DIVIDENDO_BRUTO,,,
973,2025-03-25T08:00:00Z,OPEN_ENTRY,a4e552abf5c8981083928ed50ab84f51a59a4ce01e43b13aa4e701a4c45ce332,benchmark,BH_BUY,MIL,ENI.MI,2025-03-25,,,1136.0639510298467,1111.111111111229,99.81135967447067,101.56016651420968,14.239999771118164,14.254239770889281,EUR,EUR,1.0,,24.92791200661106,0.024927912006607045,0.024903008997612008,,0.0,,224966.28171279377,BH_REINVERSION_DIVIDENDO,,,
974,2025-03-26T16:30:00Z,CLOSE_DIVIDEND,a4e552abf5c8981083928ed50ab84f51a59a4ce01e43b13aa4e701a4c45ce332,benchmark,BH_DIVIDEND,PAR,TTE.PA,2025-03-26,,,1111.111111111229,1130.1778007115786,,,,,EUR,EUR,1.0,,,,,19.06668960034956,0.0,,226010.40622066738,DIVIDENDO_BRUTO,,,
975,2025-03-27T08:00:00Z,OPEN_ENTRY,a4e552abf5c8981083928ed50ab84f51a59a4ce01e43b13aa4e701a4c45ce332,benchmark,BH_BUY,PAR,TTE.PA,2025-03-27,,,1130.1778007115786,1111.111111111229,24.135050127024755,24.451455407007536,60.13999938964844,60.20013938903808,EUR,EUR,1.0,,19.04764195839117,0.019047641958387374,0.019028613345043698,,0.0,,221449.91274887882,BH_REINVERSION_DIVIDENDO,,,
976,2025-03-28T06:30:00Z,CLOSE_DIVIDEND,a4e552abf5c8981083928ed50ab84f51a59a4ce01e43b13aa4e701a4c45ce332,benchmark,BH_DIVIDEND,JPX,6501.T,2025-03-28,,,1111.111111111229,1127.4789197963087,,,,,JPY,EURJPY,0.006151953245155336,2025-03-27T16:00:00Z,,,,16.367808685079595,0.0,,217404.61959176656,DIVIDENDO_BRUTO,,,
977,2025-03-28T06:30:00Z,CLOSE_DIVIDEND,a4e552abf5c8981083928ed50ab84f51a59a4ce01e43b13aa4e701a4c45ce332,benchmark,BH_DIVIDEND,JPX,6758.T,2025-03-28,,,1127.4789197963087,1131.8217324228053,,,,,JPY,EURJPY,0.006151953245155336,2025-03-27T16:00:00Z,,,,4.34281262649672,0.0,,217408.96240439307,DIVIDENDO_BRUTO,,,
978,2025-03-28T06:30:00Z,CLOSE_DIVIDEND,a4e552abf5c8981083928ed50ab84f51a59a4ce01e43b13aa4e701a4c45ce332,benchmark,BH_DIVIDEND,JPX,6857.T,2025-03-28,,,1131.8217324228053,1142.1501959719167,,,,,JPY,EURJPY,0.006151953245155336,2025-03-27T16:00:00Z,,,,10.328463549111394,0.0,,217419.29086794218,DIVIDENDO_BRUTO,,,
979,2025-03-28T06:30:00Z,CLOSE_DIVIDEND,a4e552abf5c8981083928ed50ab84f51a59a4ce01e43b13aa4e701a4c45ce332,benchmark,BH_DIVIDEND,JPX,7011.T,2025-03-28,,,1142.1501959719167,1164.4335919570992,,,,,JPY,EURJPY,0.006151953245155336,2025-03-27T16:00:00Z,,,,22.28339598518258,0.0,,217441.57426392735,DIVIDENDO_BRUTO,,,
980,2025-03-28T06:30:00Z,CLOSE_DIVIDEND,a4e552abf5c8981083928ed50ab84f51a59a4ce01e43b13aa4e701a4c45ce332,benchmark,BH_DIVIDEND,JPX,7203.T,2025-03-28,,,1164.4335919570992,1189.099608961786,,,,,JPY,EURJPY,0.006151953245155336,2025-03-27T16:00:00Z,,,,24.66601700468691,0.0,,217466.24028093205,DIVIDENDO_BRUTO,,,
981,2025-03-28T06:30:00Z,CLOSE_DIVIDEND,a4e552abf5c8981083928ed50ab84f51a59a4ce01e43b13aa4e701a4c45ce332,benchmark,BH_DIVIDEND,JPX,8035.T,2025-03-28,,,1189.099608961786,1208.713816865397,,,,,JPY,EURJPY,0.006151953245155336,2025-03-27T16:00:00Z,,,,19.61420790361069,0.0,,217485.85448883567,DIVIDENDO_BRUTO,,,
982,2025-03-31T00:00:00Z,OPEN_ENTRY,a4e552abf5c8981083928ed50ab84f51a59a4ce01e43b13aa4e701a4c45ce332,benchmark,BH_BUY,JPX,6501.T,2025-03-31,,,1208.713816865397,1192.3460081803173,120.93578644362222,121.69269363999787,3510.0,3513.5099999999998,JPY,EURJPY,0.006148548942449582,2025-03-28T16:00:00Z,16.351457227851746,0.016351457227848698,0.016335122105744903,,0.0,,212870.1807962293,BH_REINVERSION_DIVIDENDO,,,
983,2025-03-31T00:00:00Z,OPEN_ENTRY,a4e552abf5c8981083928ed50ab84f51a59a4ce01e43b13aa4e701a4c45ce332,benchmark,BH_BUY,JPX,6758.T,2025-03-31,,,1192.3460081803173,1188.0031955538207,70.59241924370419,70.77974439161959,3763.0,3766.7629999999995,JPY,EURJPY,0.006148548942449582,2025-03-28T16:00:00Z,4.338474152344376,0.004338474152343785,0.004334140012331429,,0.0,,212870.25044450827,BH_REINVERSION_DIVIDENDO,,,
984,2025-03-31T00:00:00Z,OPEN_ENTRY,a4e552abf5c8981083928ed50ab84f51a59a4ce01e43b13aa4e701a4c45ce332,benchmark,BH_BUY,JPX,6857.T,2025-03-31,,,1188.0031955538207,1177.6747320047093,83.94458749540286,84.1963848372108,6658.0,6664.657999999999,JPY,EURJPY,0.006148548942449582,2025-03-28T16:00:00Z,10.318145403707687,0.01031814540370668,0.010307837566140688,,0.0,,212870.77168442318,BH_REINVERSION_DIVIDENDO,,,
985,2025-03-31T00:00:00Z,OPEN_ENTRY,a4e552abf5c8981083928ed50ab84f51a59a4ce01e43b13aa4e701a4c45ce332,benchmark,BH_BUY,JPX,7011.T,2025-03-31,,,1177.6747320047093,1155.3913360195268,301.8471681159524,303.27059748943526,2541.0,2543.5409999999997,JPY,EURJPY,0.006148548942449582,2025-03-28T16:00:00Z,22.26113485033225,0.022261134850328546,0.022238895954375358,,0.0,,212871.6023869093,BH_REINVERSION_DIVIDENDO,,,
986,2025-03-31T00:00:00Z,OPEN_ENTRY,a4e552abf5c8981083928ed50ab84f51a59a4ce01e43b13aa4e701a4c45ce332,benchmark,BH_BUY,JPX,7203.T,2025-03-31,,,1155.3913360195268,1130.72531901484,80.18922128223716,81.7112397816279,2630.5,2633.1304999999998,JPY,EURJPY,0.006148548942449582,2025-03-28T16:00:00Z,24.641375629057855,0.024641375629055773,0.02461675887018539,,0.0,,212872.20820314123,BH_REINVERSION_DIVIDENDO,,,
987,2025-03-31T00:00:00Z,OPEN_ENTRY,a4e552abf5c8981083928ed50ab84f51a59a4ce01e43b13aa4e701a4c45ce332,benchmark,BH_BUY,JPX,8035.T,2025-03-31,,,1130.72531901484,1111.111111111229,9.750120778996692,9.904969233340875,20560.0,20580.559999999998,JPY,EURJPY,0.006148548942449582,2025-03-28T16:00:00Z,19.59461329032037,0.01959461329031953,0.01957503825206609,,0.0,,212873.0878035244,BH_REINVERSION_DIVIDENDO,,,
988,2025-03-31T20:00:00Z,CLOSE_DIVIDEND,a4e552abf5c8981083928ed50ab84f51a59a4ce01e43b13aa4e701a4c45ce332,benchmark,BH_DIVIDEND,NASDAQ,MU,2025-03-31,,,1111.111111111229,1113.2245020658495,,,,,USD,EURUSD,0.9246417013407305,2025-03-31T15:00:00Z,,,,2.11339095462046,0.0,,210478.8593915826,DIVIDENDO_BRUTO,,,
989,2025-04-01T13:30:00Z,OPEN_ENTRY,a4e552abf5c8981083928ed50ab84f51a59a4ce01e43b13aa4e701a4c45ce332,benchmark,BH_BUY,NASDAQ,MU,2025-04-01,,,1113.2245020658495,1111.111111111229,19.87506362975676,19.90082967439706,88.52999877929688,88.61852877807617,USD,EURUSD,0.9246417013407305,2025-03-31T15:00:00Z,2.1112796749455147,0.0021112796749451768,0.00210917050444099,,0.0,,209532.87974698603,BH_REINVERSION_DIVIDENDO,,,
990,2025-04-08T15:30:00Z,CLOSE_DIVIDEND,a4e552abf5c8981083928ed50ab84f51a59a4ce01e43b13aa4e701a4c45ce332,benchmark,BH_DIVIDEND,MCE,BBVA.MC,2025-04-08,,,1111.111111111229,1237.386734233774,,,,,EUR,EUR,1.0,,,,,126.27562312254483,0.0,,185247.26400233462,DIVIDENDO_BRUTO,,,
991,2025-04-09T07:00:00Z,OPEN_ENTRY,a4e552abf5c8981083928ed50ab84f51a59a4ce01e43b13aa4e701a4c45ce332,benchmark,BH_BUY,MCE,BBVA.MC,2025-04-09,,,1237.386734233774,1111.111111111229,307.98932468913375,320.0489852153438,10.449999809265137,10.460449809074401,EUR,EUR,1.0,,126.14947364889595,0.12614947364887996,0.12602345019868594,,0.0,,185900.71649089325,BH_REINVERSION_DIVIDENDO,,,
992,2025-04-09T20:00:00Z,CLOSE_DIVIDEND,a4e552abf5c8981083928ed50ab84f51a59a4ce01e43b13aa4e701a4c45ce332,benchmark,BH_DIVIDEND,NYSE,MA,2025-04-09,,,1111.111111111229,1113.6446195523959,,,,,USD,EURUSD,0.9053870529651425,2025-04-09T15:00:00Z,,,,2.533508441166822,0.0,,182820.38536614014,DIVIDENDO_BRUTO,,,
993,2025-04-10T13:30:00Z,OPEN_ENTRY,a4e552abf5c8981083928ed50ab84f51a59a4ce01e43b13aa4e701a4c45ce332,benchmark,BH_BUY,NYSE,MA,2025-04-10,,,1113.6446195523959,1111.111111111229,3.6819211490378354,3.687431225415933,506.8299865722656,507.3368165588378,USD,EURUSD,0.9053870529651425,2025-04-09T15:00:00Z,2.530977463703119,0.0025309774637030102,0.0025284490146881018,,0.0,,196462.06365340023,BH_REINVERSION_DIVIDENDO,,,
994,2025-04-10T15:30:00Z,CLOSE_DIVIDEND,a4e552abf5c8981083928ed50ab84f51a59a4ce01e43b13aa4e701a4c45ce332,benchmark,BH_DIVIDEND,XETRA,DTE.DE,2025-04-10,,,1111.111111111229,1170.7944013144775,,,,,EUR,EUR,1.0,,,,,59.68329020324826,0.0,,196009.3505058711,DIVIDENDO_BRUTO,,,
995,2025-04-10T20:00:00Z,CLOSE_DIVIDEND,a4e552abf5c8981083928ed50ab84f51a59a4ce01e43b13aa4e701a4c45ce332,benchmark,BH_DIVIDEND,NYSE,CRM,2025-04-10,,,1170.7944013144775,1173.388135611097,,,,,USD,EURUSD,0.9023641941887746,2025-04-10T15:00:00Z,,,,2.593734296619458,0.0,,199279.9593054257,DIVIDENDO_BRUTO,,,
996,2025-04-10T20:00:00Z,CLOSE_DIVIDEND,a4e552abf5c8981083928ed50ab84f51a59a4ce01e43b13aa4e701a4c45ce332,benchmark,BH_DIVIDEND,NYSE,ORCL,2025-04-10,,,1173.388135611097,1180.9446818864951,,,,,USD,EURUSD,0.9023641941887746,2025-04-10T15:00:00Z,,,,7.55654627539819,0.0,,199287.5158517011,DIVIDENDO_BRUTO,,,
997,2025-04-11T07:00:00Z,OPEN_ENTRY,a4e552abf5c8981083928ed50ab84f51a59a4ce01e43b13aa4e701a4c45ce332,benchmark,BH_BUY,XETRA,DTE.DE,2025-04-11,,,1180.9446818864951,1121.2613916832468,66.31476689249807,68.18491137353021,31.850000381469727,31.881850381851194,EUR,EUR,1.0,,59.62366653671156,0.05962366653670159,0.05956410243427346,,0.0,,194414.8520420835,BH_REINVERSION_DIVIDENDO,,,
998,2025-04-11T13:30:00Z,OPEN_ENTRY,a4e552abf5c8981083928ed50ab84f51a59a4ce01e43b13aa4e701a4c45ce332,benchmark,BH_BUY,NYSE,CRM,2025-04-11,,,1121.2613916832468,1118.6676573866273,6.909558527677124,6.920840378301512,254.27000427246094,254.52427427673337,USD,EURUSD,0.9023641941887746,2025-04-10T15:00:00Z,2.591143153465992,0.002591143153465758,0.002588554598866787,,0.0,,194499.74795326125,BH_REINVERSION_DIVIDENDO,,,
999,2025-04-11T13:30:00Z,OPEN_ENTRY,a4e552abf5c8981083928ed50ab84f51a59a4ce01e43b13aa4e701a4c45ce332,benchmark,BH_BUY,NYSE,ORCL,2025-04-11,,,1118.6676573866273,1111.111111111229,16.748329164792548,16.81159039636971,132.11000061035156,132.2421106109619,USD,EURUSD,0.9023641941887746,2025-04-10T15:00:00Z,7.54899727812007,0.007548997278119529,0.007541455822297072,,0.0,,194499.80364811287,BH_REINVERSION_DIVIDENDO,,,
1000,2025-04-11T20:00:00Z,CLOSE_DIVIDEND,a4e552abf5c8981083928ed50ab84f51a59a4ce01e43b13aa4e701a4c45ce332,benchmark,BH_DIVIDEND,NASDAQ,MRVL,2025-04-11,,,1111.111111111229,1112.364614350231,,,,,USD,EURUSD,0.8813678829543451,2025-04-11T15:00:00Z,,,,1.253503239001862,0.0,,191528.53920635517,DIVIDENDO_BRUTO,,,
1001,2025-04-14T13:30:00Z,OPEN_ENTRY,a4e552abf5c8981083928ed50ab84f51a59a4ce01e43b13aa4e701a4c45ce332,benchmark,BH_BUY,NASDAQ,MRVL,2025-04-14,,,1112.364614350231,1111.111111111229,23.703746249525214,23.729160477371106,55.849998474121094,55.90584847259521,USD,EURUSD,0.8813678829543451,2025-04-11T15:00:00Z,1.2522509880138482,0.0012522509880137367,0.0012509999880257105,,0.0,,192621.17818469377,BH_REINVERSION_DIVIDENDO,,,
1002,2025-04-15T15:30:00Z,CLOSE_DIVIDEND,a4e552abf5c8981083928ed50ab84f51a59a4ce01e43b13aa4e701a4c45ce332,benchmark,BH_DIVIDEND,XETRA,EXH1.DE,2025-04-15,,,1111.111111111229,1124.814914607025,,,,,EUR,EUR,1.0,,,,,13.703803495796018,0.0,,196000.06776102004,DIVIDENDO_BRUTO,,,
1003,2025-04-15T15:30:00Z,CLOSE_DIVIDEND,a4e552abf5c8981083928ed50ab84f51a59a4ce01e43b13aa4e701a4c45ce332,benchmark,BH_DIVIDEND,XETRA,EXV1.DE,2025-04-15,,,1124.814914607025,1128.597342904097,,,,,EUR,EUR,1.0,,,,,3.782428297072196,0.0,,196003.8501893171,DIVIDENDO_BRUTO,,,
1004,2025-04-15T20:00:00Z,CLOSE_DIVIDEND,a4e552abf5c8981083928ed50ab84f51a59a4ce01e43b13aa4e701a4c45ce332,benchmark,BH_DIVIDEND,NYSE,ABBV,2025-04-15,,,1128.597342904097,1141.959747694968,,,,,USD,EURUSD,0.8830801836806782,2025-04-15T15:00:00Z,,,,13.36240479087095,0.0,,197417.91908816452,DIVIDENDO_BRUTO,,,
1005,2025-04-16T07:00:00Z,OPEN_ENTRY,a4e552abf5c8981083928ed50ab84f51a59a4ce01e43b13aa4e701a4c45ce332,benchmark,BH_BUY,XETRA,EXH1.DE,2025-04-16,,,1141.959747694968,1128.255944199172,36.111962116142884,36.55030944341967,31.200000762939453,31.23120076370239,EUR,EUR,1.0,,13.690113382413607,0.01369011338241144,0.013676436945466844,,0.0,,198697.17299162623,BH_REINVERSION_DIVIDENDO,,,
1006,2025-04-16T07:00:00Z,OPEN_ENTRY,a4e552abf5c8981083928ed50ab84f51a59a4ce01e43b13aa4e701a4c45ce332,benchmark,BH_BUY,XETRA,EXV1.DE,2025-04-16,,,1128.255944199172,1124.4735159021,100.26051786757662,100.4179026779411,23.985000610351562,24.00898561096191,EUR,EUR,1.0,,3.7786496474247717,0.003778649647424359,0.0037748747726516862,,0.0,,198697.1937674157,BH_REINVERSION_DIVIDENDO,,,
1007,2025-04-16T13:30:00Z,OPEN_ENTRY,a4e552abf5c8981083928ed50ab84f51a59a4ce01e43b13aa4e701a4c45ce332,benchmark,BH_BUY,NYSE,ABBV,2025-04-16,,,1124.4735159021,1111.111111111229,9.226577551940407,9.312123178460254,176.52999877929688,176.70652877807615,USD,EURUSD,0.8830801836806782,2025-04-15T15:00:00Z,13.349055735135817,0.013349055735133675,0.013335720015118895,,0.0,,198460.04856417936,BH_REINVERSION_DIVIDENDO,,,
1008,2025-04-17T15:30:00Z,CLOSE_DIVIDEND,a4e552abf5c8981083928ed50ab84f51a59a4ce01e43b13aa4e701a4c45ce332,benchmark,BH_DIVIDEND,XETRA,BSP.DE,2025-04-17,,,1111.111111111229,1142.6215441579564,,,,,EUR,EUR,1.0,,,,,31.510433046727275,0.0,,194951.96048147028,DIVIDENDO_BRUTO,,,
1009,2025-04-17T15:30:00Z,CLOSE_DIVIDEND,a4e552abf5c8981083928ed50ab84f51a59a4ce01e43b13aa4e701a4c45ce332,benchmark,BH_DIVIDEND,XETRA,RRU.DE,2025-04-17,,,1142.6215441579564,1218.356935518096,,,,,EUR,EUR,1.0,,,,,75.73539136013969,0.0,,195027.6958728304,DIVIDENDO_BRUTO,,,
1010,2025-04-21T20:00:00Z,CLOSE_DIVIDEND,a4e552abf5c8981083928ed50ab84f51a59a4ce01e43b13aa4e701a4c45ce332,benchmark,BH_DIVIDEND,NYSE,CAT,2025-04-21,,,1218.356935518096,1225.6476202124513,,,,,USD,EURUSD,0.8802816901408451,2025-04-17T15:00:00Z,,,,7.290684694355279,0.0,,195453.07358765477,DIVIDENDO_BRUTO,,,
1011,2025-04-22T07:00:00Z,OPEN_ENTRY,a4e552abf5c8981083928ed50ab84f51a59a4ce01e43b13aa4e701a4c45ce332,benchmark,BH_BUY,XETRA,BSP.DE,2025-04-22,,,1225.6476202124513,1194.137187165724,130.97291481901078,132.53281099083964,20.15999984741211,20.18015984725952,EUR,EUR,1.0,,31.478954092634645,0.03147895409263057,0.03144750658604775,,0.0,,192814.94868935941,BH_REINVERSION_DIVIDENDO,,,
1012,2025-04-22T07:00:00Z,OPEN_ENTRY,a4e552abf5c8981083928ed50ab84f51a59a4ce01e43b13aa4e701a4c45ce332,benchmark,BH_BUY,XETRA,RRU.DE,2025-04-22,,,1194.137187165724,1118.4017958055845,1080.7916111559164,1089.83927055892,8.354000091552734,8.362354091644287,EUR,EUR,1.0,,75.65973162851118,0.07565973162850526,0.07558414748102617,,0.0,,192815.64792422167,BH_REINVERSION_DIVIDENDO,,,
1013,2025-04-22T13:30:00Z,OPEN_ENTRY,a4e552abf5c8981083928ed50ab84f51a59a4ce01e43b13aa4e701a4c45ce332,benchmark,BH_BUY,NYSE,CAT,2025-04-22,,,1118.4017958055845,1111.111111111229,5.873913342402551,5.902663527413778,287.5,287.78749999999997,USD,EURUSD,0.8802816901408451,2025-04-17T15:00:00Z,7.283401293062218,0.007283401293061154,0.007276125167893461,,0.0,,193054.4784466963,BH_REINVERSION_DIVIDENDO,,,
1014,2025-04-22T15:30:00Z,CLOSE_DIVIDEND,a4e552abf5c8981083928ed50ab84f51a59a4ce01e43b13aa4e701a4c45ce332,benchmark,BH_DIVIDEND,MIL,RACE.MI,2025-04-22,,,1111.111111111229,1131.3277360113389,,,,,EUR,EUR,1.0,,,,,20.216624900109778,0.0,,192171.542835511,DIVIDENDO_BRUTO,,,
1015,2025-04-22T15:30:00Z,CLOSE_DIVIDEND,a4e552abf5c8981083928ed50ab84f51a59a4ce01e43b13aa4e701a4c45ce332,benchmark,BH_DIVIDEND,PAR,AIR.PA,2025-04-22,,,1131.3277360113389,1166.144817197514,,,,,EUR,EUR,1.0,,,,,34.81708118617507,0.0,,192206.3599166972,DIVIDENDO_BRUTO,,,
1016,2025-04-23T07:00:00Z,OPEN_ENTRY,a4e552abf5c8981083928ed50ab84f51a59a4ce01e43b13aa4e701a4c45ce332,benchmark,BH_BUY,MIL,RACE.MI,2025-04-23,,,1166.144817197514,1145.9281922974042,6.770470495683114,6.822006261249956,391.5,391.89149999999995,EUR,EUR,1.0,,20.196428471638143,0.020196428471635386,0.020176252219416196,,0.0,,195785.35758793628,BH_REINVERSION_DIVIDENDO,,,
1017,2025-04-23T07:00:00Z,OPEN_ENTRY,a4e552abf5c8981083928ed50ab84f51a59a4ce01e43b13aa4e701a4c45ce332,benchmark,BH_BUY,PAR,AIR.PA,2025-04-23,,,1145.9281922974042,1111.111111111229,11.605693728725026,11.862133221979283,135.5,135.63549999999998,EUR,EUR,1.0,,34.78229888728779,0.034782298887286345,0.03474755133594648,,0.0,,195784.66234509644,BH_REINVERSION_DIVIDENDO,,,
1018,2025-04-24T15:30:00Z,CLOSE_DIVIDEND,a4e552abf5c8981083928ed50ab84f51a59a4ce01e43b13aa4e701a4c45ce332,benchmark,BH_DIVIDEND,PAR,MC.PA,2025-04-24,,,1111.111111111229,1126.7006484208603,,,,,EUR,EUR,1.0,,,,,15.589537309631172,0.0,,202460.41957827186,DIVIDENDO_BRUTO,,,
1019,2025-04-25T07:00:00Z,OPEN_ENTRY,a4e552abf5c8981083928ed50ab84f51a59a4ce01e43b13aa4e701a4c45ce332,benchmark,BH_BUY,PAR,MC.PA,2025-04-25,,,1126.7006484208603,1111.111111111229,2.0786049746174897,2.109474825691584,504.0,504.50399999999996,EUR,EUR,1.0,,15.57396334628489,0.015573963346282582,0.015558404941342382,,0.0,,207983.2400152719,BH_REINVERSION_DIVIDENDO,,,
1020,2025-04-25T15:30:00Z,CLOSE_DIVIDEND,a4e552abf5c8981083928ed50ab84f51a59a4ce01e43b13aa4e701a4c45ce332,benchmark,BH_DIVIDEND,AMS,ASML.AS,2025-04-25,,,1111.111111111229,1115.4381270266692,,,,,EUR,EUR,1.0,,,,,4.327015915440194,0.0,,208107.83954894918,DIVIDENDO_BRUTO,,,
1021,2025-04-28T07:00:00Z,OPEN_ENTRY,a4e552abf5c8981083928ed50ab84f51a59a4ce01e43b13aa4e701a4c45ce332,benchmark,BH_BUY,AMS,ASML.AS,2025-04-28,,,1115.4381270266692,1111.111111111229,2.351639084478366,2.3589066286699776,594.2000122070312,594.7942122192383,EUR,EUR,1.0,,4.322693222217977,0.004322693222217566,0.004318374847370461,,0.0,,211156.4766608266,BH_REINVERSION_DIVIDENDO,,,
1022,2025-04-29T15:30:00Z,CLOSE_DIVIDEND,a4e552abf5c8981083928ed50ab84f51a59a4ce01e43b13aa4e701a4c45ce332,benchmark,BH_DIVIDEND,MCE,ITX.MC,2025-04-29,,,1111.111111111229,1156.3577088773511,,,,,EUR,EUR,1.0,,,,,45.24659776612197,0.0,,211544.84479280477,DIVIDENDO_BRUTO,,,
1023,2025-04-30T07:00:00Z,OPEN_ENTRY,a4e552abf5c8981083928ed50ab84f51a59a4ce01e43b13aa4e701a4c45ce332,benchmark,BH_BUY,MCE,ITX.MC,2025-04-30,,,1156.3577088773511,1111.111111111229,53.8649973406214,54.82169732790357,47.20000076293945,47.24720076370239,EUR,EUR,1.0,,45.201396369752224,0.04520139636974818,0.04515624012961809,,0.0,,212492.90298109187,BH_REINVERSION_DIVIDENDO,,,
1024,2025-05-02T15:30:00Z,CLOSE_DIVIDEND,a4e552abf5c8981083928ed50ab84f51a59a4ce01e43b13aa4e701a4c45ce332,benchmark,BH_DIVIDEND,XETRA,MUV2.DE,2025-05-02,,,1111.111111111229,1219.1649930925362,,,,,EUR,EUR,1.0,,,,,108.05388198130707,0.0,,213572.6814297806,DIVIDENDO_BRUTO,,,
1025,2025-05-05T07:00:00Z,OPEN_ENTRY,a4e552abf5c8981083928ed50ab84f51a59a4ce01e43b13aa4e701a4c45ce332,benchmark,BH_BUY,XETRA,MUV2.DE,2025-05-05,,,1219.1649930925362,1111.111111111229,5.402694099065354,5.587982927153523,582.0,582.5819999999999,EUR,EUR,1.0,,107.94593604526182,0.1079459360452546,0.10783809794729228,,0.0,,219732.2609240257,BH_REINVERSION_DIVIDENDO,,,
1026,2025-05-05T15:30:00Z,CLOSE_DIVIDEND,a4e552abf5c8981083928ed50ab84f51a59a4ce01e43b13aa4e701a4c45ce332,benchmark,BH_DIVIDEND,PAR,OR.PA,2025-05-05,,,1111.111111111229,1136.9605295810416,,,,,EUR,EUR,1.0,,,,,25.849418469812562,0.0,,219827.94826786936,DIVIDENDO_BRUTO,,,
1027,2025-05-06T07:00:00Z,OPEN_ENTRY,a4e552abf5c8981083928ed50ab84f51a59a4ce01e43b13aa4e701a4c45ce332,benchmark,BH_BUY,PAR,OR.PA,2025-05-06,,,1136.9605295810416,1111.111111111229,3.6927740671160802,3.7589392312137972,389.8999938964844,390.2898938903808,EUR,EUR,1.0,,25.823594874937626,0.025823594874935907,0.02579779707785745,,0.0,,219583.49191537593,BH_REINVERSION_DIVIDENDO,,,
1028,2025-05-08T15:30:00Z,CLOSE_DIVIDEND,a4e552abf5c8981083928ed50ab84f51a59a4ce01e43b13aa4e701a4c45ce332,benchmark,BH_DIVIDEND,XETRA,MBG.DE,2025-05-08,,,1111.111111111229,1199.8548692240338,,,,,EUR,EUR,1.0,,,,,88.7437581128047,0.0,,216973.92869395827,DIVIDENDO_BRUTO,,,
1029,2025-05-09T07:00:00Z,OPEN_ENTRY,a4e552abf5c8981083928ed50ab84f51a59a4ce01e43b13aa4e701a4c45ce332,benchmark,BH_BUY,XETRA,MBG.DE,2025-05-09,,,1199.8548692240338,1111.111111111229,20.638083282047607,22.364526513831102,51.29999923706055,51.3512992362976,EUR,EUR,1.0,,88.65510300979491,0.08865510300978485,0.08856653647330757,,0.0,,220720.75613088228,BH_REINVERSION_DIVIDENDO,,,
1030,2025-05-09T15:30:00Z,CLOSE_DIVIDEND,a4e552abf5c8981083928ed50ab84f51a59a4ce01e43b13aa4e701a4c45ce332,benchmark,BH_DIVIDEND,XETRA,ALV.DE,2025-05-09,,,1111.111111111229,1214.4285500053616,,,,,EUR,EUR,1.0,,,,,103.31743889413251,0.0,,221354.2035704441,DIVIDENDO_BRUTO,,,
1031,2025-05-12T07:00:00Z,OPEN_ENTRY,a4e552abf5c8981083928ed50ab84f51a59a4ce01e43b13aa4e701a4c45ce332,benchmark,BH_BUY,XETRA,ALV.DE,2025-05-12,,,1214.4285500053616,1111.111111111229,6.708924603515098,6.990957185119356,365.6000061035156,365.9656061096191,EUR,EUR,1.0,,103.21422466946305,0.10321422466945762,0.10311111355589637,,0.0,,220964.71020696187,BH_REINVERSION_DIVIDENDO,,,
1032,2025-05-12T20:00:00Z,CLOSE_DIVIDEND,a4e552abf5c8981083928ed50ab84f51a59a4ce01e43b13aa4e701a4c45ce332,benchmark,BH_DIVIDEND,NASDAQ,AAPL,2025-05-12,,,1111.111111111229,1113.1796711731695,,,,,USD,EURUSD,0.9004141905276427,2025-05-12T15:00:00Z,,,,2.0685600619403104,0.0,,223962.68274706585,DIVIDENDO_BRUTO,,,
1033,2025-05-13T13:30:00Z,OPEN_ENTRY,a4e552abf5c8981083928ed50ab84f51a59a4ce01e43b13aa4e701a4c45ce332,benchmark,BH_BUY,NASDAQ,AAPL,2025-05-13,,,1113.1796711731695,1111.111111111229,8.835933864580417,8.846829435943024,210.42999267578125,210.640422668457,USD,EURUSD,0.9004141905276427,2025-05-12T15:00:00Z,2.0664935683719388,0.00206649356837163,0.002064429139232461,,0.0,,227922.00200733042,BH_REINVERSION_DIVIDENDO,,,
1034,2025-05-13T15:30:00Z,CLOSE_DIVIDEND,a4e552abf5c8981083928ed50ab84f51a59a4ce01e43b13aa4e701a4c45ce332,benchmark,BH_DIVIDEND,PAR,SU.PA,2025-05-13,,,1111.111111111229,1148.3311256787215,,,,,EUR,EUR,1.0,,,,,37.22001456749243,0.0,,227875.59128957803,DIVIDENDO_BRUTO,,,
1035,2025-05-13T20:00:00Z,CLOSE_DIVIDEND,a4e552abf5c8981083928ed50ab84f51a59a4ce01e43b13aa4e701a4c45ce332,benchmark,BH_DIVIDEND,NYSE,V,2025-05-13,,,1148.3311256787215,1151.5935227580615,,,,,USD,EURUSD,0.8999280057595392,2025-05-13T15:00:00Z,,,,3.2623970793400487,0.0,,228298.7727985544,DIVIDENDO_BRUTO,,,
1036,2025-05-14T07:00:00Z,OPEN_ENTRY,a4e552abf5c8981083928ed50ab84f51a59a4ce01e43b13aa4e701a4c45ce332,benchmark,BH_BUY,PAR,SU.PA,2025-05-14,,,1151.5935227580615,1114.373508190569,9.543593478844212,9.71243750634288,220.0,220.21999999999997,EUR,EUR,1.0,,37.18283173575667,0.03718283173575543,0.037145686049701976,,0.0,,233155.39758205833,BH_REINVERSION_DIVIDENDO,,,
1037,2025-05-14T13:30:00Z,OPEN_ENTRY,a4e552abf5c8981083928ed50ab84f51a59a4ce01e43b13aa4e701a4c45ce332,benchmark,BH_BUY,NYSE,V,2025-05-14,,,1114.373508190569,1111.111111111229,6.144365482309597,6.154509133326312,356.6700134277344,357.02668344116205,USD,EURUSD,0.8999280057595392,2025-05-13T15:00:00Z,3.2591379413986505,0.0032591379413982047,0.0032558820593387634,,0.0,,233407.1049065399,BH_REINVERSION_DIVIDENDO,,,
1038,2025-05-14T15:30:00Z,CLOSE_DIVIDEND,a4e552abf5c8981083928ed50ab84f51a59a4ce01e43b13aa4e701a4c45ce332,benchmark,BH_DIVIDEND,XETRA,SAP.DE,2025-05-14,,,1111.111111111229,1141.3911819435427,,,,,EUR,EUR,1.0,,,,,30.280070832313715,0.0,,232336.2208869863,DIVIDENDO_BRUTO,,,
1039,2025-05-15T07:00:00Z,OPEN_ENTRY,a4e552abf5c8981083928ed50ab84f51a59a4ce01e43b13aa4e701a4c45ce332,benchmark,BH_BUY,XETRA,SAP.DE,2025-05-15,,,1141.3911819435427,1111.111111111229,12.885136524388814,13.002198705773216,258.1499938964844,258.4081438903808,EUR,EUR,1.0,,30.249821011302416,0.03024982101129936,0.030219601409887154,,0.0,,232944.8541206679,BH_REINVERSION_DIVIDENDO,,,
1040,2025-05-15T15:30:00Z,CLOSE_DIVIDEND,a4e552abf5c8981083928ed50ab84f51a59a4ce01e43b13aa4e701a4c45ce332,benchmark,BH_DIVIDEND,XETRA,R6C0.DE,2025-05-15,,,1111.111111111229,1125.193663574477,,,,,EUR,EUR,1.0,,,,,14.082552463247842,0.0,,233311.60736832587,DIVIDENDO_BRUTO,,,
1041,2025-05-15T20:00:00Z,CLOSE_DIVIDEND,a4e552abf5c8981083928ed50ab84f51a59a4ce01e43b13aa4e701a4c45ce332,benchmark,BH_DIVIDEND,NASDAQ,MSFT,2025-05-15,,,1125.193663574477,1128.8043953136805,,,,,USD,EURUSD,0.8940545373267769,2025-05-15T15:00:00Z,,,,3.610731739203583,0.0,,233960.63996552417,DIVIDENDO_BRUTO,,,
1042,2025-05-15T20:00:00Z,CLOSE_DIVIDEND,a4e552abf5c8981083928ed50ab84f51a59a4ce01e43b13aa4e701a4c45ce332,benchmark,BH_DIVIDEND,NYSE,XOM,2025-05-15,,,1128.8043953136805,1140.3753453781396,,,,,USD,EURUSD,0.8940545373267769,2025-05-15T15:00:00Z,,,,11.570950064459206,0.0,,233972.21091558863,DIVIDENDO_BRUTO,,,
1043,2025-05-16T07:00:00Z,OPEN_ENTRY,a4e552abf5c8981083928ed50ab84f51a59a4ce01e43b13aa4e701a4c45ce332,benchmark,BH_BUY,XETRA,Q8Y0.DE,2025-05-16,,,1140.3753453781396,29.26423426702854,0.0,65.71602356788178,16.874000549316406,16.89087454986572,EUR,EUR,1.0,,1110.0011100011102,1.1100011100008942,1.108892217783226,,0.0,,233193.5376446931,BH_COMPRA_INICIAL,,,
1044,2025-05-16T07:00:00Z,OPEN_ENTRY,a4e552abf5c8981083928ed50ab84f51a59a4ce01e43b13aa4e701a4c45ce332,benchmark,BH_BUY,XETRA,R6C0.DE,2025-05-16,,,29.26423426702854,15.1816818037807,45.58138901987947,46.05120112482993,29.915000915527344,29.944915916442866,EUR,EUR,1.0,,14.068483979268574,0.014068483979267299,0.014054429549716668,,0.0,,233193.35213425843,BH_REINVERSION_DIVIDENDO,,,
1045,2025-05-16T08:00:00Z,CLOSE_DIVIDEND,a4e552abf5c8981083928ed50ab84f51a59a4ce01e43b13aa4e701a4c45ce332,benchmark,BH_DIVIDEND,HKG,0700.HK,2025-05-16,,,15.1816818037807,28.83372147070545,,,,,HKD,EURHKD,0.1145147437732608,2025-05-15T15:00:00Z,,,,13.65203966692475,0.0,,233207.00417392535,DIVIDENDO_BRUTO,,,
1046,2025-05-16T13:30:00Z,OPEN_ENTRY,a4e552abf5c8981083928ed50ab84f51a59a4ce01e43b13aa4e701a4c45ce332,benchmark,BH_BUY,NASDAQ,MSFT,2025-05-16,,,28.83372147070545,25.222989731501865,4.865787289517118,4.874703423687927,452.04998779296875,452.50203778076167,USD,EURUSD,0.8940545373267769,2025-05-15T15:00:00Z,3.6071246145889946,0.003607124614588564,0.0036035210934950977,,0.0,,233186.4261903589,BH_REINVERSION_DIVIDENDO,,,
1047,2025-05-16T13:30:00Z,OPEN_ENTRY,a4e552abf5c8981083928ed50ab84f51a59a4ce01e43b13aa4e701a4c45ce332,benchmark,BH_BUY,NYSE,XOM,2025-05-16,,,25.222989731501865,13.65203966704266,13.072836007169315,13.191715547206377,108.6500015258789,108.75865152740478,USD,EURUSD,0.8940545373267769,2025-05-15T15:00:00Z,11.55939067378542,0.011559390673784975,0.011547842830953899,,0.0,,233186.39564322238,BH_REINVERSION_DIVIDENDO,,,
1048,2025-05-16T20:00:00Z,CLOSE_DIVIDEND,a4e552abf5c8981083928ed50ab84f51a59a4ce01e43b13aa4e701a4c45ce332,benchmark,BH_DIVIDEND,NYSE,LLY,2025-05-16,,,13.65203966704266,19.15465212250206,,,,,USD,EURUSD,0.8933357155619082,2025-05-16T15:00:00Z,,,,5.5026124554594,0.0,,233322.6372395106,DIVIDENDO_BRUTO,,,
1049,2025-05-19T01:30:00Z,OPEN_ENTRY,a4e552abf5c8981083928ed50ab84f51a59a4ce01e43b13aa4e701a4c45ce332,benchmark,BH_BUY,HKG,0700.HK,2025-05-19,,,19.15465212250206,5.50261245557731,26.492541420315643,26.727161144276195,508.0,508.5079999999999,HKD,EURHKD,0.11431445620613183,2025-05-16T15:00:00Z,13.638401265659093,0.013638401265657407,0.013624776489167899,,0.0,,234245.21439879027,BH_REINVERSION_DIVIDENDO,,,
1050,2025-05-19T13:30:00Z,OPEN_ENTRY,a4e552abf5c8981083928ed50ab84f51a59a4ce01e43b13aa4e701a4c45ce332,benchmark,BH_BUY,NYSE,LLY,2025-05-19,,,5.50261245557731,0.0,4.106416255094168,4.114580031439641,753.0,753.7529999999999,USD,EURUSD,0.8933357155619082,2025-05-16T15:00:00Z,5.497115340119281,0.005497115340118874,0.005491623716402362,,0.0,,234372.5107110555,BH_REINVERSION_DIVIDENDO,,,
1051,2025-05-19T15:30:00Z,CLOSE_DIVIDEND,a4e552abf5c8981083928ed50ab84f51a59a4ce01e43b13aa4e701a4c45ce332,benchmark,BH_DIVIDEND,MIL,ENI.MI,2025-05-19,,,0.0,25.39004162855242,,,,,EUR,EUR,1.0,,,,,25.39004162855242,0.0,,233607.56596387722,DIVIDENDO_BRUTO,,,
1052,2025-05-19T20:00:00Z,CLOSE_DIVIDEND,a4e552abf5c8981083928ed50ab84f51a59a4ce01e43b13aa4e701a4c45ce332,benchmark,BH_DIVIDEND,NYSE,CVX,2025-05-19,,,25.39004162855242,36.96623603492313,,,,,USD,EURUSD,0.8879417510211329,2025-05-19T15:00:00Z,,,,11.576194406370707,0.0,,233821.19572028887,DIVIDENDO_BRUTO,,,
1053,2025-05-20T07:00:00Z,OPEN_ENTRY,a4e552abf5c8981083928ed50ab84f51a59a4ce01e43b13aa4e701a4c45ce332,benchmark,BH_BUY,MIL,ENI.MI,2025-05-20,,,36.96623603492313,11.576194406370707,101.56016651420968,103.50247362234565,13.045999526977539,13.059045526504516,EUR,EUR,1.0,,25.364676951600824,0.02536467695159672,0.025339337613985238,,0.0,,233804.8574171354,BH_REINVERSION_DIVIDENDO,,,
1054,2025-05-20T13:30:00Z,OPEN_ENTRY,a4e552abf5c8981083928ed50ab84f51a59a4ce01e43b13aa4e701a4c45ce332,benchmark,BH_BUY,NYSE,CVX,2025-05-20,,,11.576194406370707,0.0,7.624041017809761,7.718126458630485,138.2899932861328,138.42828327941893,USD,EURUSD,0.8879417510211329,2025-05-19T15:00:00Z,11.564629776594114,0.01156462977659345,0.011553076699893328,,0.0,,234059.08149833966,BH_REINVERSION_DIVIDENDO,,,
1055,2025-05-22T15:30:00Z,CLOSE_DIVIDEND,a4e552abf5c8981083928ed50ab84f51a59a4ce01e43b13aa4e701a4c45ce332,benchmark,BH_DIVIDEND,MCE,IBE.MC,2025-05-22,,,0.0,0.6293915152978434,,,,,EUR,EUR,1.0,,,,,0.6293915152978434,0.0,,230939.9160543813,DIVIDENDO_BRUTO,,,
1056,2025-05-22T20:00:00Z,CLOSE_DIVIDEND,a4e552abf5c8981083928ed50ab84f51a59a4ce01e43b13aa4e701a4c45ce332,benchmark,BH_DIVIDEND,NASDAQ,AMAT,2025-05-22,,,0.6293915152978434,5.5883892060023195,,,,,USD,EURUSD,0.8842514811212309,2025-05-22T15:00:00Z,,,,4.958997690704476,0.0,,230672.27164880832,DIVIDENDO_BRUTO,,,
1057,2025-05-23T07:00:00Z,OPEN_ENTRY,a4e552abf5c8981083928ed50ab84f51a59a4ce01e43b13aa4e701a4c45ce332,benchmark,BH_BUY,MCE,IBE.MC,2025-05-23,,,5.5883892060023195,4.958997690704476,125.87830305956868,125.91702899326279,16.219999313354492,16.236219312667846,EUR,EUR,1.0,,0.6287627525452982,0.0006287627525451978,0.000628134617927328,,0.0,,231534.40164656856,BH_REINVERSION_DIVIDENDO,,,
1058,2025-05-23T13:30:00Z,OPEN_ENTRY,a4e552abf5c8981083928ed50ab84f51a59a4ce01e43b13aa4e701a4c45ce332,benchmark,BH_BUY,NASDAQ,AMAT,2025-05-23,,,4.958997690704476,0.0,12.19158801829933,12.227319192017642,156.63999938964844,156.79663938903806,USD,EURUSD,0.8842514811212309,2025-05-22T15:00:00Z,4.954043647057419,0.004954043647057205,0.004949094552504189,,0.0,,231518.09288310213,BH_REINVERSION_DIVIDENDO,,,
1059,2025-05-23T15:30:00Z,CLOSE_DIVIDEND,a4e552abf5c8981083928ed50ab84f51a59a4ce01e43b13aa4e701a4c45ce332,benchmark,BH_DIVIDEND,XETRA,DBK.DE,2025-05-23,,,0.0,85.62314922161622,,,,,EUR,EUR,1.0,,,,,85.62314922161622,0.0,,231794.17341569765,DIVIDENDO_BRUTO,,,
1060,2025-05-26T07:00:00Z,OPEN_ENTRY,a4e552abf5c8981083928ed50ab84f51a59a4ce01e43b13aa4e701a4c45ce332,benchmark,BH_BUY,XETRA,DBK.DE,2025-05-26,,,85.62314922161622,0.0,125.91639591414149,129.3837182052083,24.645000457763672,24.66964545822143,EUR,EUR,1.0,,85.53761161000622,0.08553761160999329,0.08545215945054169,,0.0,,230244.53744987957,BH_REINVERSION_DIVIDENDO,,,
1061,2025-05-27T15:30:00Z,CLOSE_DIVIDEND,a4e552abf5c8981083928ed50ab84f51a59a4ce01e43b13aa4e701a4c45ce332,benchmark,BH_DIVIDEND,PAR,SAF.PA,2025-05-27,,,0.0,36.67758136498975,,,,,EUR,EUR,1.0,,,,,36.67758136498975,0.0,,230978.03517217835,DIVIDENDO_BRUTO,,,
1062,2025-05-28T07:00:00Z,OPEN_ENTRY,a4e552abf5c8981083928ed50ab84f51a59a4ce01e43b13aa4e701a4c45ce332,benchmark,BH_BUY,PAR,SAF.PA,2025-05-28,,,36.67758136498975,0.0,12.647441849996465,12.789209217765318,258.20001220703125,258.45821221923825,EUR,EUR,1.0,,36.64094042456519,0.03664094042456156,0.03660433608847207,,0.0,,234344.81676306174,BH_REINVERSION_DIVIDENDO,,,
1063,2025-05-30T20:00:00Z,CLOSE_DIVIDEND,a4e552abf5c8981083928ed50ab84f51a59a4ce01e43b13aa4e701a4c45ce332,benchmark,BH_DIVIDEND,NYSE,GS,2025-05-30,,,0.0,11.613348526706906,,,,,USD,EURUSD,0.8819119851838787,2025-05-30T15:00:00Z,,,,11.613348526706906,0.0,,233676.53808481057,DIVIDENDO_BRUTO,,,
1064,2025-05-30T20:00:00Z,CLOSE_DIVIDEND,a4e552abf5c8981083928ed50ab84f51a59a4ce01e43b13aa4e701a4c45ce332,benchmark,BH_DIVIDEND,NYSE,INFY,2025-05-30,,,11.613348526706906,27.23695945520232,,,,,USD,EURUSD,0.8819119851838787,2025-05-30T15:00:00Z,,,,15.623610928495415,0.0,,233692.16169573908,DIVIDENDO_BRUTO,,,
1065,2025-06-02T13:30:00Z,OPEN_ENTRY,a4e552abf5c8981083928ed50ab84f51a59a4ce01e43b13aa4e701a4c45ce332,benchmark,BH_BUY,NYSE,GS,2025-06-02,,,27.23695945520232,15.623610928495415,4.389458631477653,4.41141332431288,598.5999755859375,599.1985755615234,USD,EURUSD,0.8819119851838787,2025-05-30T15:00:00Z,11.60174677992698,0.011601746779925648,0.01159015662330292,,0.0,,234725.07244078926,BH_REINVERSION_DIVIDENDO,,,
1066,2025-06-02T13:30:00Z,OPEN_ENTRY,a4e552abf5c8981083928ed50ab84f51a59a4ce01e43b13aa4e701a4c45ce332,benchmark,BH_BUY,NYSE,INFY,2025-06-02,,,15.623610928495415,0.0,68.93234409268852,69.91077434070257,18.06999969482422,18.088069694519042,USD,EURUSD,0.8819119851838787,2025-05-30T15:00:00Z,15.608002925569847,0.015608002925567632,0.015592410515054155,,0.0,,234725.14478782346,BH_REINVERSION_DIVIDENDO,,,
1067,2025-06-02T20:00:00Z,CLOSE_DIVIDEND,a4e552abf5c8981083928ed50ab84f51a59a4ce01e43b13aa4e701a4c45ce332,benchmark,BH_DIVIDEND,NYSE,LMT,2025-06-02,,,0.0,8.496154712938193,,,,,USD,EURUSD,0.875733426744899,2025-06-02T15:00:00Z,,,,8.496154712938193,0.0,,234101.9228798554,DIVIDENDO_BRUTO,,,
1068,2025-06-03T13:30:00Z,OPEN_ENTRY,a4e552abf5c8981083928ed50ab84f51a59a4ce01e43b13aa4e701a4c45ce332,benchmark,BH_BUY,NYSE,LMT,2025-06-03,,,8.496154712938193,0.0,2.9399269899103397,2.960140736497165,479.0,479.4789999999999,USD,EURUSD,0.875733426744899,2025-06-02T15:00:00Z,8.487667045892302,0.0084876670458911,0.008479187858032998,,0.0,,235367.40683515635,BH_REINVERSION_DIVIDENDO,,,
1069,2025-06-05T20:00:00Z,CLOSE_DIVIDEND,a4e552abf5c8981083928ed50ab84f51a59a4ce01e43b13aa4e701a4c45ce332,benchmark,BH_DIVIDEND,NASDAQ,QCOM,2025-06-05,,,0.0,7.388137112339254,,,,,USD,EURUSD,0.8754267705506433,2025-06-05T15:00:00Z,,,,7.388137112339254,0.0,,238385.3813105853,DIVIDENDO_BRUTO,,,
1070,2025-06-06T13:30:00Z,OPEN_ENTRY,a4e552abf5c8981083928ed50ab84f51a59a4ce01e43b13aa4e701a4c45ce332,benchmark,BH_BUY,NASDAQ,QCOM,2025-06-06,,,7.388137112339254,0.0,9.482549464522618,9.538775200160016,149.8000030517578,149.94980305480956,USD,EURUSD,0.8754267705506433,2025-06-05T15:00:00Z,7.380756355983271,0.007380756355982676,0.007373382973009959,,0.0,,236884.62673498565,BH_REINVERSION_DIVIDENDO,,,
1071,2025-06-09T20:00:00Z,CLOSE_DIVIDEND,a4e552abf5c8981083928ed50ab84f51a59a4ce01e43b13aa4e701a4c45ce332,benchmark,BH_DIVIDEND,NASDAQ,GOOGL,2025-06-09,,,0.0,2.0124323228960455,,,,,USD,EURUSD,0.8764241893076249,2025-06-09T15:00:00Z,,,,2.0124323228960455,0.0,,239511.5284456837,DIVIDENDO_BRUTO,,,
1072,2025-06-10T13:30:00Z,OPEN_ENTRY,a4e552abf5c8981083928ed50ab84f51a59a4ce01e43b13aa4e701a4c45ce332,benchmark,BH_BUY,NASDAQ,GOOGL,2025-06-10,,,2.0124323228960455,0.0,10.934215621068514,10.947221295466564,176.1999969482422,176.3761969451904,USD,EURUSD,0.8764241893076249,2025-06-09T15:00:00Z,2.0104219009950506,0.0020104219009948743,0.002008413487507214,,0.0,,239212.0735738547,BH_REINVERSION_DIVIDENDO,,,
1073,2025-06-11T08:00:00Z,CLOSE_DIVIDEND,a4e552abf5c8981083928ed50ab84f51a59a4ce01e43b13aa4e701a4c45ce332,benchmark,BH_DIVIDEND,HKG,9988.HK,2025-06-11,,,0.0,20.95506912036811,,,,,HKD,EURHKD,0.11148272017837234,2025-06-10T15:00:00Z,,,,20.95506912036811,0.0,,239165.9717831166,DIVIDENDO_BRUTO,,,
1074,2025-06-11T20:00:00Z,CLOSE_DIVIDEND,a4e552abf5c8981083928ed50ab84f51a59a4ce01e43b13aa4e701a4c45ce332,benchmark,BH_DIVIDEND,NASDAQ,NVDA,2025-06-11,,,20.95506912036811,21.60054570726391,,,,,USD,EURUSD,0.8746610688358262,2025-06-11T15:00:00Z,,,,0.645476586895803,0.0,,239100.45684553238,DIVIDENDO_BRUTO,,,
1075,2025-06-12T01:30:00Z,OPEN_ENTRY,a4e552abf5c8981083928ed50ab84f51a59a4ce01e43b13aa4e701a4c45ce332,benchmark,BH_BUY,HKG,9988.HK,2025-06-12,,,21.60054570726391,0.6454765868958035,95.9125256775405,97.53461087250099,115.69999694824219,115.81569694519041,HKD,EURHKD,0.11143302874972141,2025-06-11T15:00:00Z,20.934134985382727,0.020934134985381547,0.020913221763615618,,0.0,,239593.46155807684,BH_REINVERSION_DIVIDENDO,,,
1076,2025-06-12T13:30:00Z,OPEN_ENTRY,a4e552abf5c8981083928ed50ab84f51a59a4ce01e43b13aa4e701a4c45ce332,benchmark,BH_BUY,NASDAQ,NVDA,2025-06-12,,,0.6454765868958035,0.0,73.79733817979715,73.80252589297369,141.97000122070312,142.11197122192382,USD,EURUSD,0.8746610688358262,2025-06-11T15:00:00Z,0.6448317551406624,0.0006448317551406291,0.0006441875675730697,,0.0,,239594.9556444212,BH_REINVERSION_DIVIDENDO,,,
1077,2025-06-12T15:30:00Z,CLOSE_DIVIDEND,a4e552abf5c8981083928ed50ab84f51a59a4ce01e43b13aa4e701a4c45ce332,benchmark,BH_DIVIDEND,XETRA,EQQQ.DE,2025-06-12,,,0.0,1.8186579789847874,,,,,EUR,EUR,1.0,,,,,1.8186579789847874,0.0,,237767.7773790614,DIVIDENDO_BRUTO,,,
1078,2025-06-12T20:00:00Z,CLOSE_DIVIDEND,a4e552abf5c8981083928ed50ab84f51a59a4ce01e43b13aa4e701a4c45ce332,benchmark,BH_DIVIDEND,NYSE,TSM,2025-06-12,,,1.8186579789847874,11.309095294585092,,,,,USD,EURUSD,0.8625150940141453,2025-06-12T15:00:00Z,,,,9.490437315600303,0.0,,237035.64826025473,DIVIDENDO_BRUTO,,,
1079,2025-06-13T07:00:00Z,OPEN_ENTRY,a4e552abf5c8981083928ed50ab84f51a59a4ce01e43b13aa4e701a4c45ce332,benchmark,BH_BUY,XETRA,EQQQ.DE,2025-06-13,,,11.309095294585092,9.490437315600303,4.17701081767855,4.1809802569606385,457.25,457.70724999999993,EUR,EUR,1.0,,1.8168411378469407,0.0018168411378467475,0.0018150261117349314,,0.0,,237322.97386909733,BH_REINVERSION_DIVIDENDO,,,
1080,2025-06-13T13:30:00Z,OPEN_ENTRY,a4e552abf5c8981083928ed50ab84f51a59a4ce01e43b13aa4e701a4c45ce332,benchmark,BH_BUY,NYSE,TSM,2025-06-13,,,9.490437315600303,0.0,14.10668336372691,14.158947604036468,210.11000061035156,210.3201106109619,USD,EURUSD,0.8625150940141453,2025-06-12T15:00:00Z,9.480956359241063,0.009480956359240622,0.009471484874366276,,0.0,,237273.81339393943,BH_REINVERSION_DIVIDENDO,,,
1081,2025-06-16T15:30:00Z,CLOSE_DIVIDEND,a4e552abf5c8981083928ed50ab84f51a59a4ce01e43b13aa4e701a4c45ce332,benchmark,BH_DIVIDEND,XETRA,EXSA.DE,2025-06-16,,,0.0,17.436994466560908,,,,,EUR,EUR,1.0,,,,,17.436994466560908,0.0,,236196.24259225716,DIVIDENDO_BRUTO,,,
1082,2025-06-16T20:00:00Z,CLOSE_DIVIDEND,a4e552abf5c8981083928ed50ab84f51a59a4ce01e43b13aa4e701a4c45ce332,benchmark,BH_DIVIDEND,NASDAQ,META,2025-06-16,,,17.436994466560908,20.619057233283115,,,,,USD,EURUSD,0.8640055296353897,2025-06-16T15:00:00Z,,,,3.182062766722209,0.0,,237249.37848680004,DIVIDENDO_BRUTO,,,
1083,2025-06-17T07:00:00Z,OPEN_ENTRY,a4e552abf5c8981083928ed50ab84f51a59a4ce01e43b13aa4e701a4c45ce332,benchmark,BH_BUY,XETRA,EXSA.DE,2025-06-17,,,20.619057233283115,3.1820627667222077,28.85811156403651,29.17971889212109,54.11000061035156,54.164110610961906,EUR,EUR,1.0,,17.41957489166924,0.017419574891668788,0.017402172718947676,,0.0,,239581.59875606874,BH_REINVERSION_DIVIDENDO,,,
1084,2025-06-17T13:30:00Z,OPEN_ENTRY,a4e552abf5c8981083928ed50ab84f51a59a4ce01e43b13aa4e701a4c45ce332,benchmark,BH_BUY,NASDAQ,META,2025-06-17,,,3.1820627667222077,0.0,7.015084659436733,7.020320506504192,702.0,702.7019999999999,USD,EURUSD,0.8640055296353897,2025-06-16T15:00:00Z,3.17888388283937,0.0031788838828390453,0.0031757081746641835,,0.0,,239600.82657326656,BH_REINVERSION_DIVIDENDO,,,
1085,2025-06-18T20:00:00Z,CLOSE_DIVIDEND,a4e552abf5c8981083928ed50ab84f51a59a4ce01e43b13aa4e701a4c45ce332,benchmark,BH_DIVIDEND,NYSE,CRM,2025-06-18,,,0.0,2.5017983988298824,,,,,USD,EURUSD,0.8689607229753215,2025-06-18T15:00:00Z,,,,2.5017983988298824,0.0,,238219.999300552,DIVIDENDO_BRUTO,,,
1086,2025-06-19T15:30:00Z,CLOSE_DIVIDEND,a4e552abf5c8981083928ed50ab84f51a59a4ce01e43b13aa4e701a4c45ce332,benchmark,BH_DIVIDEND,PAR,TTE.PA,2025-06-19,,,2.5017983988298824,23.285535494786288,,,,,EUR,EUR,1.0,,,,,20.783737095956404,0.0,,238675.8366961822,DIVIDENDO_BRUTO,,,
1087,2025-06-20T07:00:00Z,OPEN_ENTRY,a4e552abf5c8981083928ed50ab84f51a59a4ce01e43b13aa4e701a4c45ce332,benchmark,BH_BUY,PAR,TTE.PA,2025-06-20,,,23.285535494786288,2.5017983988298838,24.451455407007536,24.831002183051492,54.650001525878906,54.70465152740478,EUR,EUR,1.0,,20.76297412183457,0.020762974121833366,0.020742231889941825,,0.0,,237636.9126074218,BH_REINVERSION_DIVIDENDO,,,
1088,2025-06-20T13:30:00Z,OPEN_ENTRY,a4e552abf5c8981083928ed50ab84f51a59a4ce01e43b13aa4e701a4c45ce332,benchmark,BH_BUY,NYSE,CRM,2025-06-20,,,2.5017983988298838,0.0,6.920840378301512,6.931833625645692,260.69000244140625,260.95069244384763,USD,EURUSD,0.8712319219376199,2025-06-19T15:00:00Z,2.4992990997301527,0.0024992990997296793,0.0024968022974324587,,0.0,,237764.47112591605,BH_REINVERSION_DIVIDENDO,,,
1089,2025-06-20T20:00:00Z,CLOSE_DIVIDEND,a4e552abf5c8981083928ed50ab84f51a59a4ce01e43b13aa4e701a4c45ce332,benchmark,BH_DIVIDEND,NASDAQ,AVGO,2025-06-20,,,0.0,12.062598255764954,,,,,USD,EURUSD,0.8684324793747287,2025-06-20T15:00:00Z,,,,12.062598255764954,0.0,,237903.6194354642,DIVIDENDO_BRUTO,,,
1090,2025-06-23T13:30:00Z,OPEN_ENTRY,a4e552abf5c8981083928ed50ab84f51a59a4ce01e43b13aa4e701a4c45ce332,benchmark,BH_BUY,NASDAQ,AVGO,2025-06-23,,,12.062598255764954,0.0,23.542511680531092,23.59815915878777,249.11000061035156,249.3591106109619,USD,EURUSD,0.8684324793747287,2025-06-20T15:00:00Z,12.050547708056898,0.012050547708055248,0.012038509198856975,,0.0,,236477.79781800823,BH_REINVERSION_DIVIDENDO,,,
1091,2025-07-04T15:30:00Z,CLOSE_DIVIDEND,a4e552abf5c8981083928ed50ab84f51a59a4ce01e43b13aa4e701a4c45ce332,benchmark,BH_DIVIDEND,MCE,IBE.MC,2025-07-04,,,0.0,51.50006485824448,,,,,EUR,EUR,1.0,,,,,51.50006485824448,0.0,,244107.60239387752,DIVIDENDO_BRUTO,,,
1092,2025-07-07T07:00:00Z,OPEN_ENTRY,a4e552abf5c8981083928ed50ab84f51a59a4ce01e43b13aa4e701a4c45ce332,benchmark,BH_BUY,MCE,IBE.MC,2025-07-07,,,51.50006485824448,0.0,125.91702899326279,129.15362966408017,15.880000114440918,15.895880114555357,EUR,EUR,1.0,,51.44861624200248,0.05144861624199848,0.051397219022974075,,0.0,,243348.5657567325,BH_REINVERSION_DIVIDENDO,,,
1093,2025-07-07T20:00:00Z,CLOSE_DIVIDEND,a4e552abf5c8981083928ed50ab84f51a59a4ce01e43b13aa4e701a4c45ce332,benchmark,BH_DIVIDEND,NASDAQ,MU,2025-07-07,,,0.0,1.9513944513605574,,,,,USD,EURUSD,0.8526603001364256,2025-07-07T15:00:00Z,,,,1.9513944513605574,0.0,,244552.91183460123,DIVIDENDO_BRUTO,,,
1094,2025-07-08T13:30:00Z,OPEN_ENTRY,a4e552abf5c8981083928ed50ab84f51a59a4ce01e43b13aa4e701a4c45ce332,benchmark,BH_BUY,NASDAQ,MU,2025-07-08,,,1.9513944513605574,0.0,19.90082967439706,19.919482390896018,122.44999694824219,122.57244694519042,USD,EURUSD,0.8526603001364256,2025-07-07T15:00:00Z,1.9494450063542035,0.001949445006353967,0.0019474975088452245,,0.0,,244783.23474285455,BH_REINVERSION_DIVIDENDO,,,
1095,2025-07-09T20:00:00Z,CLOSE_DIVIDEND,a4e552abf5c8981083928ed50ab84f51a59a4ce01e43b13aa4e701a4c45ce332,benchmark,BH_DIVIDEND,NYSE,MA,2025-07-09,,,0.0,2.395663986421704,,,,,USD,EURUSD,0.8548469823901522,2025-07-09T15:00:00Z,,,,2.395663986421704,0.0,,246157.1628720778,DIVIDENDO_BRUTO,,,
1096,2025-07-10T13:30:00Z,OPEN_ENTRY,a4e552abf5c8981083928ed50ab84f51a59a4ce01e43b13aa4e701a4c45ce332,benchmark,BH_BUY,NYSE,MA,2025-07-10,,,2.395663986421704,0.0,3.687431225415933,3.6923757160219366,565.6500244140625,566.2156744384765,USD,EURUSD,0.8548469823901522,2025-07-09T15:00:00Z,2.3932707157059983,0.002393270715705942,0.0023908798358699746,,0.0,,247843.53693324846,BH_REINVERSION_DIVIDENDO,,,
1097,2025-07-10T20:00:00Z,CLOSE_DIVIDEND,a4e552abf5c8981083928ed50ab84f51a59a4ce01e43b13aa4e701a4c45ce332,benchmark,BH_DIVIDEND,NYSE,ORCL,2025-07-10,,,0.0,7.178918095639982,,,,,USD,EURUSD,0.8540438978563498,2025-07-10T15:00:00Z,,,,7.178918095639982,0.0,,247535.62675268413,DIVIDENDO_BRUTO,,,
1098,2025-07-11T13:30:00Z,OPEN_ENTRY,a4e552abf5c8981083928ed50ab84f51a59a4ce01e43b13aa4e701a4c45ce332,benchmark,BH_BUY,NYSE,ORCL,2025-07-11,,,7.178918095639982,0.0,16.81159039636971,16.847848376957657,231.3699951171875,231.60136511230465,USD,EURUSD,0.8540438978563498,2025-07-10T15:00:00Z,7.171746349290692,0.007171746349289521,0.007164581767521967,,0.0,,247069.57945256386,BH_REINVERSION_DIVIDENDO,,,
1099,2025-07-11T20:00:00Z,CLOSE_DIVIDEND,a4e552abf5c8981083928ed50ab84f51a59a4ce01e43b13aa4e701a4c45ce332,benchmark,BH_DIVIDEND,NASDAQ,MRVL,2025-07-11,,,0.0,1.218650713551542,,,,,USD,EURUSD,0.8559445347941455,2025-07-11T15:00:00Z,,,,1.218650713551542,0.0,,246891.72673859395,DIVIDENDO_BRUTO,,,
1100,2025-07-14T13:30:00Z,OPEN_ENTRY,a4e552abf5c8981083928ed50ab84f51a59a4ce01e43b13aa4e701a4c45ce332,benchmark,BH_BUY,NASDAQ,MRVL,2025-07-14,,,1.218650713551542,0.0,23.729160477371106,23.748865183832336,72.11000061035156,72.1821106109619,USD,EURUSD,0.8559445347941455,2025-07-11T15:00:00Z,1.2174332802712708,0.0012174332802712406,0.0012162170632078176,,0.0,,246316.70025502561,BH_REINVERSION_DIVIDENDO,,,
1101,2025-07-15T15:30:00Z,CLOSE_DIVIDEND,a4e552abf5c8981083928ed50ab84f51a59a4ce01e43b13aa4e701a4c45ce332,benchmark,BH_DIVIDEND,XETRA,EXH1.DE,2025-07-15,,,0.0,11.077485034564416,,,,,EUR,EUR,1.0,,,,,11.077485034564416,0.0,,248469.68525501934,DIVIDENDO_BRUTO,,,
1102,2025-07-15T15:30:00Z,CLOSE_DIVIDEND,a4e552abf5c8981083928ed50ab84f51a59a4ce01e43b13aa4e701a4c45ce332,benchmark,BH_DIVIDEND,XETRA,EXV1.DE,2025-07-15,,,11.077485034564416,99.76537166488986,,,,,EUR,EUR,1.0,,,,,88.68788663032544,0.0,,248558.37314164967,DIVIDENDO_BRUTO,,,
1103,2025-07-15T20:00:00Z,CLOSE_DIVIDEND,a4e552abf5c8981083928ed50ab84f51a59a4ce01e43b13aa4e701a4c45ce332,benchmark,BH_DIVIDEND,NYSE,ABBV,2025-07-15,,,99.76537166488986,112.85742654073624,,,,,USD,EURUSD,0.8572653236176596,2025-07-15T15:00:00Z,,,,13.09205487584639,0.0,,248307.62366692073,DIVIDENDO_BRUTO,,,
1104,2025-07-16T07:00:00Z,OPEN_ENTRY,a4e552abf5c8981083928ed50ab84f51a59a4ce01e43b13aa4e701a4c45ce332,benchmark,BH_BUY,XETRA,EXH1.DE,2025-07-16,,,112.85742654073624,101.77994150617182,36.55030944341967,36.849183808141085,36.9900016784668,37.02699168014526,EUR,EUR,1.0,,11.06641861594847,0.011066418615946816,0.01105536325269411,,0.0,,248477.35559778207,BH_REINVERSION_DIVIDENDO,,,
1105,2025-07-16T07:00:00Z,OPEN_ENTRY,a4e552abf5c8981083928ed50ab84f51a59a4ce01e43b13aa4e701a4c45ce332,benchmark,BH_BUY,XETRA,EXV1.DE,2025-07-16,,,101.77994150617182,13.092054875846387,100.4179026779411,103.67197525454976,27.200000762939453,27.22720076370239,EUR,EUR,1.0,,88.59928734298246,0.08859928734297284,0.0885107765664021,,0.0,,248477.19475535012,BH_REINVERSION_DIVIDENDO,,,
1106,2025-07-16T13:30:00Z,OPEN_ENTRY,a4e552abf5c8981083928ed50ab84f51a59a4ce01e43b13aa4e701a4c45ce332,benchmark,BH_BUY,NYSE,ABBV,2025-07-16,,,13.092054875846387,0.0,9.312123178460254,9.393662789805148,186.9199981689453,187.10691816711423,USD,EURUSD,0.8572653236176596,2025-07-15T15:00:00Z,13.078975899946444,0.013078975899945888,0.013065909989954567,,0.0,,248447.47245674167,BH_REINVERSION_DIVIDENDO,,,
1107,2025-07-17T15:30:00Z,CLOSE_DIVIDEND,a4e552abf5c8981083928ed50ab84f51a59a4ce01e43b13aa4e701a4c45ce332,benchmark,BH_DIVIDEND,XETRA,EUNH.DE,2025-07-17,,,0.0,13.49205832921669,,,,,EUR,EUR,1.0,,,,,13.49205832921669,0.0,,249447.8669092842,DIVIDENDO_BRUTO,,,
1108,2025-07-18T07:00:00Z,OPEN_ENTRY,a4e552abf5c8981083928ed50ab84f51a59a4ce01e43b13aa4e701a4c45ce332,benchmark,BH_BUY,XETRA,EUNH.DE,2025-07-18,,,13.49205832921669,0.0,10.341119283526243,10.463573946557737,109.95999908447266,110.06995908355712,EUR,EUR,1.0,,13.478579749467224,0.013478579749465425,0.013465114634831655,,0.0,,252466.2210462952,BH_REINVERSION_DIVIDENDO,,,
1109,2025-07-21T20:00:00Z,CLOSE_DIVIDEND,a4e552abf5c8981083928ed50ab84f51a59a4ce01e43b13aa4e701a4c45ce332,benchmark,BH_DIVIDEND,NYSE,CAT,2025-07-21,,,0.0,7.639514807915321,,,,,USD,EURUSD,0.8571183680466272,2025-07-21T15:00:00Z,,,,7.639514807915321,0.0,,250833.16344641845,DIVIDENDO_BRUTO,,,
1110,2025-07-22T13:30:00Z,OPEN_ENTRY,a4e552abf5c8981083928ed50ab84f51a59a4ce01e43b13aa4e701a4c45ce332,benchmark,BH_BUY,NYSE,CAT,2025-07-22,,,7.639514807915321,0.0,5.902663527413778,5.924339102442197,410.3800048828125,410.79038488769527,USD,EURUSD,0.8571183680466272,2025-07-21T15:00:00Z,7.6318829249903315,0.007631882924989064,0.007624258666323181,,0.0,,251337.04831603766,BH_REINVERSION_DIVIDENDO,,,
1111,2025-07-28T15:30:00Z,CLOSE_DIVIDEND,a4e552abf5c8981083928ed50ab84f51a59a4ce01e43b13aa4e701a4c45ce332,benchmark,BH_DIVIDEND,AMS,ASML.AS,2025-07-28,,,0.0,3.7742506058719645,,,,,EUR,EUR,1.0,,,,,3.7742506058719645,0.0,,252414.9286366146,DIVIDENDO_BRUTO,,,
1112,2025-07-29T07:00:00Z,OPEN_ENTRY,a4e552abf5c8981083928ed50ab84f51a59a4ce01e43b13aa4e701a4c45ce332,benchmark,BH_BUY,AMS,ASML.AS,2025-07-29,,,3.7742506058719645,0.0,2.3589066286699776,2.3648581427591435,632.9000244140625,633.5329244384765,EUR,EUR,1.0,,3.770480125746219,0.0037704801257456566,0.003766713412333339,,0.0,,252482.80742863347,BH_REINVERSION_DIVIDENDO,,,
1113,2025-08-07T15:30:00Z,CLOSE_DIVIDEND,a4e552abf5c8981083928ed50ab84f51a59a4ce01e43b13aa4e701a4c45ce332,benchmark,BH_DIVIDEND,XETRA,RRU.DE,2025-08-07,,,0.0,57.27704778385931,,,,,EUR,EUR,1.0,,,,,57.27704778385931,0.0,,254507.81060741286,DIVIDENDO_BRUTO,,,
1114,2025-08-08T07:00:00Z,OPEN_ENTRY,a4e552abf5c8981083928ed50ab84f51a59a4ce01e43b13aa4e701a4c45ce332,benchmark,BH_BUY,XETRA,RRU.DE,2025-08-08,,,57.27704778385931,0.0,1089.83927055892,1094.412283782169,12.5,12.5125,EUR,EUR,1.0,,57.21982795590341,0.05721982795589753,0.05716266529060955,,0.0,,256957.57429159727,BH_REINVERSION_DIVIDENDO,,,
1115,2025-08-08T20:00:00Z,CLOSE_DIVIDEND,a4e552abf5c8981083928ed50ab84f51a59a4ce01e43b13aa4e701a4c45ce332,benchmark,BH_DIVIDEND,NASDAQ,AZN,2025-08-08,,,0.0,9.34765192862884,,,,,USD,EURUSD,0.8585164835164835,2025-08-08T15:00:00Z,,,,9.34765192862884,0.0,,256467.75468639194,DIVIDENDO_BRUTO,,,
1116,2025-08-11T13:30:00Z,OPEN_ENTRY,a4e552abf5c8981083928ed50ab84f51a59a4ce01e43b13aa4e701a4c45ce332,benchmark,BH_BUY,NASDAQ,AZN,2025-08-11,,,9.34765192862884,0.0,10.571014530550364,10.644575329410875,147.72000122070312,147.8677212219238,USD,EURUSD,0.8585164835164835,2025-08-08T15:00:00Z,9.338313615013828,0.009338313615012694,0.009328984630381766,,0.0,,258164.7922900609,BH_REINVERSION_DIVIDENDO,,,
1117,2025-08-11T20:00:00Z,CLOSE_DIVIDEND,a4e552abf5c8981083928ed50ab84f51a59a4ce01e43b13aa4e701a4c45ce332,benchmark,BH_DIVIDEND,NASDAQ,AAPL,2025-08-11,,,0.0,1.97915647336533,,,,,USD,EURUSD,0.8604371020478404,2025-08-11T15:00:00Z,,,,1.97915647336533,0.0,,258961.7423197611,DIVIDENDO_BRUTO,,,
1118,2025-08-12T13:30:00Z,OPEN_ENTRY,a4e552abf5c8981083928ed50ab84f51a59a4ce01e43b13aa4e701a4c45ce332,benchmark,BH_BUY,NASDAQ,AAPL,2025-08-12,,,1.97915647336533,0.0,8.846829435943024,8.85689733756436,228.00999450683594,228.23800450134274,USD,EURUSD,0.8604371020478404,2025-08-11T15:00:00Z,1.977179294071259,0.001977179294071041,0.001975204089981018,,0.0,,259585.9155405645,BH_REINVERSION_DIVIDENDO,,,
1119,2025-08-12T20:00:00Z,CLOSE_DIVIDEND,a4e552abf5c8981083928ed50ab84f51a59a4ce01e43b13aa4e701a4c45ce332,benchmark,BH_DIVIDEND,NYSE,V,2025-08-12,,,0.0,3.128692390713875,,,,,USD,EURUSD,0.8616232982939858,2025-08-12T15:00:00Z,,,,3.128692390713875,0.0,,260185.35698422158,DIVIDENDO_BRUTO,,,
1120,2025-08-13T13:30:00Z,OPEN_ENTRY,a4e552abf5c8981083928ed50ab84f51a59a4ce01e43b13aa4e701a4c45ce332,benchmark,BH_BUY,NYSE,V,2025-08-13,,,3.128692390713875,0.0,6.154509133326312,6.165263210211326,336.9800109863281,337.3169909973144,USD,EURUSD,0.8616232982939858,2025-08-12T15:00:00Z,3.1255668238899856,0.003125566823889425,0.0031224443795100374,,0.0,,263044.898066028,BH_REINVERSION_DIVIDENDO,,,
1121,2025-08-14T15:30:00Z,CLOSE_DIVIDEND,a4e552abf5c8981083928ed50ab84f51a59a4ce01e43b13aa4e701a4c45ce332,benchmark,BH_DIVIDEND,XETRA,R6C0.DE,2025-08-14,,,0.0,14.227702792320706,,,,,EUR,EUR,1.0,,,,,14.227702792320706,0.0,,260390.77857850748,DIVIDENDO_BRUTO,,,
1122,2025-08-15T07:00:00Z,OPEN_ENTRY,a4e552abf5c8981083928ed50ab84f51a59a4ce01e43b13aa4e701a4c45ce332,benchmark,BH_BUY,XETRA,R6C0.DE,2025-08-15,,,14.227702792320706,0.0,46.05120112482993,46.510427838218305,30.920000076293945,30.950920076370235,EUR,EUR,1.0,,14.21348930301769,0.014213489303015692,0.014199290013002533,,0.0,,261044.1301250851,BH_REINVERSION_DIVIDENDO,,,
1123,2025-08-15T20:00:00Z,CLOSE_DIVIDEND,a4e552abf5c8981083928ed50ab84f51a59a4ce01e43b13aa4e701a4c45ce332,benchmark,BH_DIVIDEND,NYSE,LLY,2025-08-15,,,0.0,5.280518520841429,,,,,USD,EURUSD,0.8555783709787816,2025-08-15T15:00:00Z,,,,5.280518520841429,0.0,,260404.18371516516,DIVIDENDO_BRUTO,,,
1124,2025-08-15T20:00:00Z,CLOSE_DIVIDEND,a4e552abf5c8981083928ed50ab84f51a59a4ce01e43b13aa4e701a4c45ce332,benchmark,BH_DIVIDEND,NYSE,XOM,2025-08-15,,,5.280518520841429,16.454199554152787,,,,,USD,EURUSD,0.8555783709787816,2025-08-15T15:00:00Z,,,,11.173681033311356,0.0,,260415.3573961985,DIVIDENDO_BRUTO,,,
1125,2025-08-18T13:30:00Z,OPEN_ENTRY,a4e552abf5c8981083928ed50ab84f51a59a4ce01e43b13aa4e701a4c45ce332,benchmark,BH_BUY,NYSE,LLY,2025-08-18,,,16.454199554152787,11.173681033311357,4.114580031439641,4.1234424305431565,695.02001953125,695.7150395507812,USD,EURUSD,0.8555783709787816,2025-08-15T15:00:00Z,5.275243277563866,0.005275243277563568,0.005269973304259006,,0.0,,259671.37463199598,BH_REINVERSION_DIVIDENDO,,,
1126,2025-08-18T13:30:00Z,OPEN_ENTRY,a4e552abf5c8981083928ed50ab84f51a59a4ce01e43b13aa4e701a4c45ce332,benchmark,BH_BUY,NYSE,XOM,2025-08-18,,,11.173681033311357,0.0,13.191715547206377,13.314559261717372,106.0999984741211,106.2060984725952,USD,EURUSD,0.8555783709787816,2025-08-15T15:00:00Z,11.16251851479656,0.011162518514796105,0.011151367147647466,,0.0,,259671.39330799197,BH_REINVERSION_DIVIDENDO,,,
1127,2025-08-19T20:00:00Z,CLOSE_DIVIDEND,a4e552abf5c8981083928ed50ab84f51a59a4ce01e43b13aa4e701a4c45ce332,benchmark,BH_DIVIDEND,NYSE,CVX,2025-08-19,,,0.0,11.297719777656337,,,,,USD,EURUSD,0.8560178051703476,2025-08-19T15:00:00Z,,,,11.297719777656337,0.0,,259374.20701573684,DIVIDENDO_BRUTO,,,
1128,2025-08-20T13:30:00Z,OPEN_ENTRY,a4e552abf5c8981083928ed50ab84f51a59a4ce01e43b13aa4e701a4c45ce332,benchmark,BH_BUY,NYSE,CVX,2025-08-20,,,11.297719777656337,0.0,7.718126458630485,7.804543201520303,152.4199981689453,152.57241816711425,USD,EURUSD,0.8560178051703476,2025-08-19T15:00:00Z,11.286433344312027,0.011286433344309899,0.011275158186125345,,0.0,,254126.92636901955,BH_REINVERSION_DIVIDENDO,,,
1129,2025-08-21T20:00:00Z,CLOSE_DIVIDEND,a4e552abf5c8981083928ed50ab84f51a59a4ce01e43b13aa4e701a4c45ce332,benchmark,BH_DIVIDEND,NASDAQ,AMAT,2025-08-21,,,0.0,4.832517250904817,,,,,USD,EURUSD,0.8591803419537761,2025-08-21T15:00:00Z,,,,4.832517250904817,0.0,,253397.06842444924,DIVIDENDO_BRUTO,,,
1130,2025-08-21T20:00:00Z,CLOSE_DIVIDEND,a4e552abf5c8981083928ed50ab84f51a59a4ce01e43b13aa4e701a4c45ce332,benchmark,BH_DIVIDEND,NASDAQ,MSFT,2025-08-21,,,4.832517250904817,8.30876421512939,,,,,USD,EURUSD,0.8591803419537761,2025-08-21T15:00:00Z,,,,3.476246964224572,0.0,,253400.54467141346,DIVIDENDO_BRUTO,,,
1131,2025-08-22T13:30:00Z,OPEN_ENTRY,a4e552abf5c8981083928ed50ab84f51a59a4ce01e43b13aa4e701a4c45ce332,benchmark,BH_BUY,NASDAQ,AMAT,2025-08-22,,,8.30876421512939,3.476246964224573,12.227319192017642,12.262254061334124,160.67999267578125,160.84067266845702,USD,EURUSD,0.8591803419537761,2025-08-21T15:00:00Z,4.827689561343474,0.0048276895613428294,0.0048228666946484085,,0.0,,253354.73608848138,BH_REINVERSION_DIVIDENDO,,,
1132,2025-08-22T13:30:00Z,OPEN_ENTRY,a4e552abf5c8981083928ed50ab84f51a59a4ce01e43b13aa4e701a4c45ce332,benchmark,BH_BUY,NASDAQ,MSFT,2025-08-22,,,3.476246964224573,0.0,4.874703423687927,4.882711205454561,504.25,504.75424999999996,USD,EURUSD,0.8591803419537761,2025-08-21T15:00:00Z,3.4727741900345377,0.0034727741900342224,0.0034693048851490876,,0.0,,253354.72907753385,BH_REINVERSION_DIVIDENDO,,,
1133,2025-08-29T20:00:00Z,CLOSE_DIVIDEND,a4e552abf5c8981083928ed50ab84f51a59a4ce01e43b13aa4e701a4c45ce332,benchmark,BH_DIVIDEND,NYSE,GS,2025-08-29,,,0.0,15.136089635659223,,,,,USD,EURUSD,0.857780065191285,2025-08-29T15:00:00Z,,,,15.136089635659223,0.0,,257792.14729181665,DIVIDENDO_BRUTO,,,
1134,2025-09-02T13:30:00Z,OPEN_ENTRY,a4e552abf5c8981083928ed50ab84f51a59a4ce01e43b13aa4e701a4c45ce332,benchmark,BH_BUY,NYSE,GS,2025-09-02,,,15.136089635659223,0.0,4.41141332431288,4.435444772218315,736.3900146484375,737.1264046630859,USD,EURUSD,0.8536064874093043,2025-09-01T15:00:00Z,15.120968666992233,0.015120968666989754,0.015105862804186255,,0.0,,255060.27874599735,BH_REINVERSION_DIVIDENDO,,,
1135,2025-09-02T20:00:00Z,CLOSE_DIVIDEND,a4e552abf5c8981083928ed50ab84f51a59a4ce01e43b13aa4e701a4c45ce332,benchmark,BH_DIVIDEND,NYSE,LMT,2025-09-02,,,0.0,8.387827949888926,,,,,USD,EURUSD,0.858663918942126,2025-09-02T15:00:00Z,,,,8.387827949888926,0.0,,253935.07812825288,DIVIDENDO_BRUTO,,,
1136,2025-09-03T13:30:00Z,OPEN_ENTRY,a4e552abf5c8981083928ed50ab84f51a59a4ce01e43b13aa4e701a4c45ce332,benchmark,BH_BUY,NYSE,LMT,2025-09-03,,,8.387827949888926,0.0,2.960140736497165,2.9817536937092384,451.07000732421875,451.5210773315429,USD,EURUSD,0.858663918942126,2025-09-02T15:00:00Z,8.37944850138754,0.008379448501386833,0.008371077423962791,,0.0,,252886.73977702286,BH_REINVERSION_DIVIDENDO,,,
1137,2025-09-04T20:00:00Z,CLOSE_DIVIDEND,a4e552abf5c8981083928ed50ab84f51a59a4ce01e43b13aa4e701a4c45ce332,benchmark,BH_DIVIDEND,NASDAQ,QCOM,2025-09-04,,,0.0,7.289009983809062,,,,,USD,EURUSD,0.8585901948999742,2025-09-04T15:00:00Z,,,,7.289009983809062,0.0,,254597.19098188507,DIVIDENDO_BRUTO,,,
1138,2025-09-05T13:30:00Z,OPEN_ENTRY,a4e552abf5c8981083928ed50ab84f51a59a4ce01e43b13aa4e701a4c45ce332,benchmark,BH_BUY,NASDAQ,QCOM,2025-09-05,,,7.289009983809062,0.0,9.538775200160016,9.591702213190926,160.0800018310547,160.24008183288572,USD,EURUSD,0.8585901948999742,2025-09-04T15:00:00Z,7.281728255553509,0.007281728255552622,0.0072744538017508065,,0.0,,256393.9893523933,BH_REINVERSION_DIVIDENDO,,,
1139,2025-09-08T20:00:00Z,CLOSE_DIVIDEND,a4e552abf5c8981083928ed50ab84f51a59a4ce01e43b13aa4e701a4c45ce332,benchmark,BH_DIVIDEND,NASDAQ,GOOGL,2025-09-08,,,0.0,1.9601948090450017,,,,,USD,EURUSD,0.8526603001364256,2025-09-08T15:00:00Z,,,,1.9601948090450017,0.0,,255948.33240644855,DIVIDENDO_BRUTO,,,
1140,2025-09-09T13:30:00Z,OPEN_ENTRY,a4e552abf5c8981083928ed50ab84f51a59a4ce01e43b13aa4e701a4c45ce332,benchmark,BH_BUY,NASDAQ,GOOGL,2025-09-09,,,1.9601948090450017,0.0,10.947221295466564,10.957018987504867,234.1699981689453,234.40416816711422,USD,EURUSD,0.8526603001364256,2025-09-08T15:00:00Z,1.9582365724725292,0.001958236572472405,0.0019562802921800453,,0.0,,259567.85697342345,BH_REINVERSION_DIVIDENDO,,,
1141,2025-09-11T15:30:00Z,CLOSE_DIVIDEND,a4e552abf5c8981083928ed50ab84f51a59a4ce01e43b13aa4e701a4c45ce332,benchmark,BH_DIVIDEND,XETRA,EQQQ.DE,2025-09-11,,,0.0,1.502272197108784,,,,,EUR,EUR,1.0,,,,,1.502272197108784,0.0,,266925.43989984423,DIVIDENDO_BRUTO,,,
1142,2025-09-11T15:30:00Z,CLOSE_DIVIDEND,a4e552abf5c8981083928ed50ab84f51a59a4ce01e43b13aa4e701a4c45ce332,benchmark,BH_DIVIDEND,XETRA,IQQK.DE,2025-09-11,,,1.502272197108784,9.209942689189601,,,,,EUR,EUR,1.0,,,,,7.707670492080817,0.0,,266933.1475703363,DIVIDENDO_BRUTO,,,
1143,2025-09-11T15:30:00Z,CLOSE_DIVIDEND,a4e552abf5c8981083928ed50ab84f51a59a4ce01e43b13aa4e701a4c45ce332,benchmark,BH_DIVIDEND,XETRA,IQQT.DE,2025-09-11,,,9.209942689189601,36.01054006430447,,,,,EUR,EUR,1.0,,,,,26.800597375114872,0.0,,266959.94816771144,DIVIDENDO_BRUTO,,,
1144,2025-09-11T20:00:00Z,CLOSE_DIVIDEND,a4e552abf5c8981083928ed50ab84f51a59a4ce01e43b13aa4e701a4c45ce332,benchmark,BH_DIVIDEND,NASDAQ,NVDA,2025-09-11,,,36.01054006430447,36.642140628215245,,,,,USD,EURUSD,0.8557980316645271,2025-09-11T15:00:00Z,,,,0.6316005639107718,0.0,,267677.3094064772,DIVIDENDO_BRUTO,,,
1145,2025-09-12T07:00:00Z,OPEN_ENTRY,a4e552abf5c8981083928ed50ab84f51a59a4ce01e43b13aa4e701a4c45ce332,benchmark,BH_BUY,XETRA,EQQQ.DE,2025-09-12,,,36.642140628215245,35.139868431106464,4.1809802569606385,4.183980301289862,499.75,500.24974999999995,EUR,EUR,1.0,,1.500771425683101,0.0015007714256829452,0.0014992721535294188,,0.0,,267875.719841174,BH_REINVERSION_DIVIDENDO,,,
1146,2025-09-12T07:00:00Z,OPEN_ENTRY,a4e552abf5c8981083928ed50ab84f51a59a4ce01e43b13aa4e701a4c45ce332,benchmark,BH_BUY,XETRA,IQQK.DE,2025-09-12,,,35.139868431106464,27.43219793902565,27.986269483135324,28.151766004630037,46.47999954223633,46.526479541778556,EUR,EUR,1.0,,7.699970521559258,0.007699970521558797,0.007692278243314608,,0.0,,267875.6746595009,BH_REINVERSION_DIVIDENDO,,,
1147,2025-09-12T07:00:00Z,OPEN_ENTRY,a4e552abf5c8981083928ed50ab84f51a59a4ce01e43b13aa4e701a4c45ce332,benchmark,BH_BUY,XETRA,IQQT.DE,2025-09-12,,,27.43219793902565,0.6316005639107765,17.449487058443328,17.732854752563913,94.38999938964844,94.48438938903807,EUR,EUR,1.0,,26.77382355156331,0.02677382355156155,0.02674707647508407,,0.0,,267875.5474623951,BH_REINVERSION_DIVIDENDO,,,
1148,2025-09-12T13:30:00Z,OPEN_ENTRY,a4e552abf5c8981083928ed50ab84f51a59a4ce01e43b13aa4e701a4c45ce332,benchmark,BH_BUY,NASDAQ,NVDA,2025-09-12,,,0.6316005639107765,0.0,73.80252589297369,73.80666917587766,177.77000427246094,177.94777427673338,USD,EURUSD,0.8557980316645271,2025-09-11T15:00:00Z,0.6309695943164554,0.0006309695943164106,0.0006303392550613416,,0.0,,268043.2397762794,BH_REINVERSION_DIVIDENDO,,,
1149,2025-09-15T15:30:00Z,CLOSE_DIVIDEND,a4e552abf5c8981083928ed50ab84f51a59a4ce01e43b13aa4e701a4c45ce332,benchmark,BH_DIVIDEND,XETRA,EXSA.DE,2025-09-15,,,0.0,15.786665616420892,,,,,EUR,EUR,1.0,,,,,15.786665616420892,0.0,,268362.5843740268,DIVIDENDO_BRUTO,,,
1150,2025-09-16T07:00:00Z,OPEN_ENTRY,a4e552abf5c8981083928ed50ab84f51a59a4ce01e43b13aa4e701a4c45ce332,benchmark,BH_BUY,XETRA,EXSA.DE,2025-09-16,,,15.786665616420892,0.0,29.17971889212109,29.465448666450303,55.13999938964844,55.19513938903808,EUR,EUR,1.0,,15.770894721699195,0.01577089472169746,0.015755139582116186,,0.0,,270779.3598276807,BH_REINVERSION_DIVIDENDO,,,
1151,2025-09-16T20:00:00Z,CLOSE_DIVIDEND,a4e552abf5c8981083928ed50ab84f51a59a4ce01e43b13aa4e701a4c45ce332,benchmark,BH_DIVIDEND,NYSE,TSM,2025-09-16,,,0.0,9.857419268669412,,,,,USD,EURUSD,0.8469551960701278,2025-09-16T15:00:00Z,,,,9.857419268669412,0.0,,268864.48314491333,DIVIDENDO_BRUTO,,,
1152,2025-09-17T13:30:00Z,OPEN_ENTRY,a4e552abf5c8981083928ed50ab84f51a59a4ce01e43b13aa4e701a4c45ce332,benchmark,BH_BUY,NYSE,TSM,2025-09-17,,,9.857419268669412,0.0,14.158947604036468,14.202888788310672,264.3399963378906,264.6043363342285,USD,EURUSD,0.8469551960701278,2025-09-16T15:00:00Z,9.847571696972441,0.009847571696971258,0.009837733963008553,,0.0,,269130.97886391374,BH_REINVERSION_DIVIDENDO,,,
1153,2025-09-17T20:00:00Z,CLOSE_DIVIDEND,a4e552abf5c8981083928ed50ab84f51a59a4ce01e43b13aa4e701a4c45ce332,benchmark,BH_DIVIDEND,NYSE,CRM,2025-09-17,,,0.0,2.436126373463384,,,,,USD,EURUSD,0.8448086508405847,2025-09-17T15:00:00Z,,,,2.436126373463384,0.0,,268375.92521792185,DIVIDENDO_BRUTO,,,
1154,2025-09-18T13:30:00Z,OPEN_ENTRY,a4e552abf5c8981083928ed50ab84f51a59a4ce01e43b13aa4e701a4c45ce332,benchmark,BH_BUY,NYSE,CRM,2025-09-18,,,2.436126373463384,0.0,6.931833625645692,6.9436205035083045,244.16000366210938,244.40416366577145,USD,EURUSD,0.8448086508405847,2025-09-17T15:00:00Z,2.4336926807826016,0.0024336926807824177,0.002431261419362888,,0.0,,268012.33531045815,BH_REINVERSION_DIVIDENDO,,,
1155,2025-09-22T15:30:00Z,CLOSE_DIVIDEND,a4e552abf5c8981083928ed50ab84f51a59a4ce01e43b13aa4e701a4c45ce332,benchmark,BH_DIVIDEND,MIL,ENI.MI,2025-09-22,,,0.0,26.91064314180987,,,,,EUR,EUR,1.0,,,,,26.91064314180987,0.0,,275577.4580814383,DIVIDENDO_BRUTO,,,
1156,2025-09-22T20:00:00Z,CLOSE_DIVIDEND,a4e552abf5c8981083928ed50ab84f51a59a4ce01e43b13aa4e701a4c45ce332,benchmark,BH_DIVIDEND,NASDAQ,AVGO,2025-09-22,,,26.91064314180987,38.72875187934046,,,,,USD,EURUSD,0.848824378236143,2025-09-22T15:00:00Z,,,,11.818108737530586,0.0,,275578.67433060927,DIVIDENDO_BRUTO,,,
1157,2025-09-22T20:00:00Z,CLOSE_DIVIDEND,a4e552abf5c8981083928ed50ab84f51a59a4ce01e43b13aa4e701a4c45ce332,benchmark,BH_DIVIDEND,NASDAQ,META,2025-09-22,,,38.72875187934046,41.85723695354019,,,,,USD,EURUSD,0.848824378236143,2025-09-22T15:00:00Z,,,,3.1284850741997294,0.0,,275581.8028156835,DIVIDENDO_BRUTO,,,
1158,2025-09-23T07:00:00Z,OPEN_ENTRY,a4e552abf5c8981083928ed50ab84f51a59a4ce01e43b13aa4e701a4c45ce332,benchmark,BH_BUY,MIL,ENI.MI,2025-09-23,,,41.85723695354019,14.946593811730317,103.50247362234565,105.34198744277226,14.600000381469727,14.614600381851195,EUR,EUR,1.0,,26.883759382427446,0.026883759382425154,0.026856902479945804,,0.0,,275738.8599350415,BH_REINVERSION_DIVIDENDO,,,
1159,2025-09-23T13:30:00Z,OPEN_ENTRY,a4e552abf5c8981083928ed50ab84f51a59a4ce01e43b13aa4e701a4c45ce332,benchmark,BH_BUY,NASDAQ,AVGO,2025-09-23,,,14.946593811730317,3.1284850741997303,23.59815915878777,23.638998302297693,340.239990234375,340.58023022460935,USD,EURUSD,0.848824378236143,2025-09-22T15:00:00Z,11.806302435095493,0.01180630243509384,0.01179450792716752,,0.0,,275669.25191637303,BH_REINVERSION_DIVIDENDO,,,
1160,2025-09-23T13:30:00Z,OPEN_ENTRY,a4e552abf5c8981083928ed50ab84f51a59a4ce01e43b13aa4e701a4c45ce332,benchmark,BH_BUY,NASDAQ,META,2025-09-23,,,3.1284850741997303,0.0,7.020320506504192,7.025102187325334,769.25,770.0192499999999,USD,EURUSD,0.848824378236143,2025-09-22T15:00:00Z,3.1253597144852447,0.003125359714484688,0.0031222374770080038,,0.0,,275669.22906814516,BH_REINVERSION_DIVIDENDO,,,
1161,2025-09-29T06:30:00Z,CLOSE_DIVIDEND,a4e552abf5c8981083928ed50ab84f51a59a4ce01e43b13aa4e701a4c45ce332,benchmark,BH_DIVIDEND,JPX,6501.T,2025-09-29,,,0.0,16.013112613535963,,,,,JPY,EURJPY,0.005721151095600435,2025-09-26T15:00:00Z,,,,16.013112613535963,0.0,,276754.3894522991,DIVIDENDO_BRUTO,,,
1162,2025-09-29T06:30:00Z,CLOSE_DIVIDEND,a4e552abf5c8981083928ed50ab84f51a59a4ce01e43b13aa4e701a4c45ce332,benchmark,BH_DIVIDEND,JPX,6758.T,2025-09-29,,,16.013112613535963,21.074882765691378,,,,,JPY,EURJPY,0.005721151095600435,2025-09-26T15:00:00Z,,,,5.061770152155415,0.0,,276759.4512224513,DIVIDENDO_BRUTO,,,
1163,2025-09-29T06:30:00Z,CLOSE_DIVIDEND,a4e552abf5c8981083928ed50ab84f51a59a4ce01e43b13aa4e701a4c45ce332,benchmark,BH_DIVIDEND,JPX,6857.T,2025-09-29,,,21.074882765691378,35.04418970704451,,,,,JPY,EURJPY,0.005721151095600435,2025-09-26T15:00:00Z,,,,13.96930694135313,0.0,,276773.4205293926,DIVIDENDO_BRUTO,,,
1164,2025-09-29T06:30:00Z,CLOSE_DIVIDEND,a4e552abf5c8981083928ed50ab84f51a59a4ce01e43b13aa4e701a4c45ce332,benchmark,BH_DIVIDEND,JPX,7011.T,2025-09-29,,,35.04418970704451,55.86487264012548,,,,,JPY,EURJPY,0.005721151095600435,2025-09-26T15:00:00Z,,,,20.820682933080974,0.0,,276794.2412123257,DIVIDENDO_BRUTO,,,
1165,2025-09-29T06:30:00Z,CLOSE_DIVIDEND,a4e552abf5c8981083928ed50ab84f51a59a4ce01e43b13aa4e701a4c45ce332,benchmark,BH_DIVIDEND,JPX,7203.T,2025-09-29,,,55.86487264012548,76.90157834510435,,,,,JPY,EURJPY,0.005721151095600435,2025-09-26T15:00:00Z,,,,21.036705704978864,0.0,,276815.2779180307,DIVIDENDO_BRUTO,,,
1166,2025-09-29T06:30:00Z,CLOSE_DIVIDEND,a4e552abf5c8981083928ed50ab84f51a59a4ce01e43b13aa4e701a4c45ce332,benchmark,BH_DIVIDEND,JPX,8035.T,2025-09-29,,,76.90157834510435,91.86188429854558,,,,,JPY,EURJPY,0.005721151095600435,2025-09-26T15:00:00Z,,,,14.960305953441221,0.0,,276830.23822398414,DIVIDENDO_BRUTO,,,
1167,2025-09-30T00:00:00Z,OPEN_ENTRY,a4e552abf5c8981083928ed50ab84f51a59a4ce01e43b13aa4e701a4c45ce332,benchmark,BH_BUY,JPX,6501.T,2025-09-30,,,91.86188429854558,75.84877168500961,121.69269363999787,122.39731821909712,3955.0,3958.9549999999995,JPY,EURJPY,0.005734602592040372,2025-09-29T15:00:00Z,15.997115498037926,0.015997115498036507,0.015981134363672125,,0.0,,278666.58808354154,BH_REINVERSION_DIVIDENDO,,,
1168,2025-09-30T00:00:00Z,OPEN_ENTRY,a4e552abf5c8981083928ed50ab84f51a59a4ce01e43b13aa4e701a4c45ce332,benchmark,BH_BUY,JPX,6758.T,2025-09-30,,,75.84877168500961,70.78700153285419,70.77974439161959,70.98460689875046,4300.0,4304.299999999999,JPY,EURJPY,0.005734602592040372,2025-09-29T15:00:00Z,5.056713438716699,0.005056713438715832,0.005051661776938905,,0.0,,278666.5403814043,BH_REINVERSION_DIVIDENDO,,,
1169,2025-09-30T00:00:00Z,OPEN_ENTRY,a4e552abf5c8981083928ed50ab84f51a59a4ce01e43b13aa4e701a4c45ce332,benchmark,BH_BUY,JPX,6857.T,2025-09-30,,,70.78700153285419,56.81769459150106,84.1963848372108,84.35277615963703,15545.0,15560.544999999998,JPY,EURJPY,0.005734602592040372,2025-09-29T15:00:00Z,13.955351589763369,0.013955351589761023,0.013941410179582218,,0.0,,278666.1537478093,BH_REINVERSION_DIVIDENDO,,,
1170,2025-09-30T00:00:00Z,OPEN_ENTRY,a4e552abf5c8981083928ed50ab84f51a59a4ce01e43b13aa4e701a4c45ce332,benchmark,BH_BUY,JPX,7011.T,2025-09-30,,,56.81769459150106,35.997011658420085,303.27059748943526,304.2088316028786,3862.0,3865.8619999999996,JPY,EURJPY,0.005734602592040372,2025-09-29T15:00:00Z,20.799883050030946,0.020799883050028,0.020779103946082848,,0.0,,278666.4511340084,BH_REINVERSION_DIVIDENDO,,,
1171,2025-09-30T00:00:00Z,OPEN_ENTRY,a4e552abf5c8981083928ed50ab84f51a59a4ce01e43b13aa4e701a4c45ce332,benchmark,BH_BUY,JPX,7203.T,2025-09-30,,,35.997011658420085,14.960305953441221,81.7112397816279,82.99132893192144,2860.0,2862.8599999999997,JPY,EURJPY,0.005734602592040372,2025-09-29T15:00:00Z,21.0156900149639,0.02101569001496273,0.020994695319641855,,0.0,,278666.48253164865,BH_REINVERSION_DIVIDENDO,,,
1172,2025-09-30T00:00:00Z,OPEN_ENTRY,a4e552abf5c8981083928ed50ab84f51a59a4ce01e43b13aa4e701a4c45ce332,benchmark,BH_BUY,JPX,8035.T,2025-09-30,,,14.960305953441221,0.0,9.904969233340875,10.002117308406888,26800.0,26826.799999999996,JPY,EURJPY,0.005734602592040372,2025-09-29T15:00:00Z,14.945360592848374,0.014945360592847123,0.014930430162683257,,0.0,,278666.288309705,BH_REINVERSION_DIVIDENDO,,,
1173,2025-10-01T15:30:00Z,CLOSE_DIVIDEND,a4e552abf5c8981083928ed50ab84f51a59a4ce01e43b13aa4e701a4c45ce332,benchmark,BH_DIVIDEND,PAR,TTE.PA,2025-10-01,,,0.0,21.10635185559377,,,,,EUR,EUR,1.0,,,,,21.10635185559377,0.0,,279845.803343351,DIVIDENDO_BRUTO,,,
1174,2025-10-02T07:00:00Z,OPEN_ENTRY,a4e552abf5c8981083928ed50ab84f51a59a4ce01e43b13aa4e701a4c45ce332,benchmark,BH_BUY,PAR,TTE.PA,2025-10-02,,,21.10635185559377,0.0,24.831002183051492,25.239698380421412,51.540000915527344,51.59154091644287,EUR,EUR,1.0,,21.085266589004767,0.021085266589000895,0.021064202386616337,,0.0,,282313.7137435261,BH_REINVERSION_DIVIDENDO,,,
1175,2025-10-03T20:00:00Z,CLOSE_DIVIDEND,a4e552abf5c8981083928ed50ab84f51a59a4ce01e43b13aa4e701a4c45ce332,benchmark,BH_DIVIDEND,NASDAQ,MU,2025-10-03,,,0.0,1.9522247102037176,,,,,USD,EURUSD,0.8522243054371911,2025-10-03T15:00:00Z,,,,1.9522247102037176,0.0,,284478.2967656023,DIVIDENDO_BRUTO,,,
1176,2025-10-06T13:30:00Z,OPEN_ENTRY,a4e552abf5c8981083928ed50ab84f51a59a4ce01e43b13aa4e701a4c45ce332,benchmark,BH_BUY,NASDAQ,MU,2025-10-06,,,1.9522247102037176,0.0,19.919482390896018,19.9312057175022,195.00999450683594,195.20500450134276,USD,EURUSD,0.8522243054371911,2025-10-03T15:00:00Z,1.9502744357679498,0.0019502744357677848,0.0019483261096581213,,0.0,,284732.2215363854,BH_REINVERSION_DIVIDENDO,,,
1177,2025-10-09T20:00:00Z,CLOSE_DIVIDEND,a4e552abf5c8981083928ed50ab84f51a59a4ce01e43b13aa4e701a4c45ce332,benchmark,BH_DIVIDEND,NYSE,MA,2025-10-09,,,0.0,2.4168508691556903,,,,,USD,EURUSD,0.8612522607871845,2025-10-09T15:00:00Z,,,,2.4168508691556903,0.0,,288730.20351096574,DIVIDENDO_BRUTO,,,
1178,2025-10-09T20:00:00Z,CLOSE_DIVIDEND,a4e552abf5c8981083928ed50ab84f51a59a4ce01e43b13aa4e701a4c45ce332,benchmark,BH_DIVIDEND,NYSE,ORCL,2025-10-09,,,2.4168508691556903,9.67197462118293,,,,,USD,EURUSD,0.8612522607871845,2025-10-09T15:00:00Z,,,,7.25512375202724,0.0,,288737.4586347178,DIVIDENDO_BRUTO,,,
1179,2025-10-10T13:30:00Z,OPEN_ENTRY,a4e552abf5c8981083928ed50ab84f51a59a4ce01e43b13aa4e701a4c45ce332,benchmark,BH_BUY,NYSE,MA,2025-10-10,,,9.67197462118293,7.25512375202724,3.6923757160219366,3.697310000979419,567.5800170898438,568.1475971069335,USD,EURUSD,0.8612522607871845,2025-10-09T15:00:00Z,2.4144364327229675,0.0024144364327227663,0.002412024408314328,,0.0,,287339.1665580193,BH_REINVERSION_DIVIDENDO,,,
1180,2025-10-10T13:30:00Z,OPEN_ENTRY,a4e552abf5c8981083928ed50ab84f51a59a4ce01e43b13aa4e701a4c45ce332,benchmark,BH_BUY,NYSE,ORCL,2025-10-10,,,7.25512375202724,0.0,16.847848376957657,16.875845917960714,300.2799987792969,300.58027877807615,USD,EURUSD,0.8612522607871845,2025-10-09T15:00:00Z,7.247875876151089,0.007247875876150722,0.007240635240909631,,0.0,,287339.0720143525,BH_REINVERSION_DIVIDENDO,,,
1181,2025-10-10T20:00:00Z,CLOSE_DIVIDEND,a4e552abf5c8981083928ed50ab84f51a59a4ce01e43b13aa4e701a4c45ce332,benchmark,BH_DIVIDEND,NASDAQ,MRVL,2025-10-10,,,0.0,1.231787613269312,,,,,USD,EURUSD,0.8644536652835407,2025-10-10T15:00:00Z,,,,1.231787613269312,0.0,,285786.1084208066,DIVIDENDO_BRUTO,,,
1182,2025-10-13T13:30:00Z,OPEN_ENTRY,a4e552abf5c8981083928ed50ab84f51a59a4ce01e43b13aa4e701a4c45ce332,benchmark,BH_BUY,NASDAQ,MRVL,2025-10-13,,,1.231787613269312,0.0,23.748865183832336,23.764759743985554,89.47000122070312,89.55947122192381,USD,EURUSD,0.8644536652835407,2025-10-10T15:00:00Z,1.230557056213099,0.0012305570562129997,0.0012293277284844302,,0.0,,279115.69332373084,BH_REINVERSION_DIVIDENDO,,,
1183,2025-10-15T15:30:00Z,CLOSE_DIVIDEND,a4e552abf5c8981083928ed50ab84f51a59a4ce01e43b13aa4e701a4c45ce332,benchmark,BH_DIVIDEND,XETRA,EXH1.DE,2025-10-15,,,0.0,17.922963964890318,,,,,EUR,EUR,1.0,,,,,17.922963964890318,0.0,,280570.5381273548,DIVIDENDO_BRUTO,,,
1184,2025-10-15T15:30:00Z,CLOSE_DIVIDEND,a4e552abf5c8981083928ed50ab84f51a59a4ce01e43b13aa4e701a4c45ce332,benchmark,BH_DIVIDEND,XETRA,EXV1.DE,2025-10-15,,,17.922963964890318,32.70876474766946,,,,,EUR,EUR,1.0,,,,,14.785800782779141,0.0,,280585.3239281376,DIVIDENDO_BRUTO,,,
1185,2025-10-15T20:00:00Z,CLOSE_DIVIDEND,a4e552abf5c8981083928ed50ab84f51a59a4ce01e43b13aa4e701a4c45ce332,benchmark,BH_DIVIDEND,NYSE,ABBV,2025-10-15,,,32.70876474766946,45.96432056876776,,,,,USD,EURUSD,0.8604371020478404,2025-10-15T15:00:00Z,,,,13.2555558210983,0.0,,281005.8857532582,DIVIDENDO_BRUTO,,,
1186,2025-10-16T07:00:00Z,OPEN_ENTRY,a4e552abf5c8981083928ed50ab84f51a59a4ce01e43b13aa4e701a4c45ce332,benchmark,BH_BUY,XETRA,EXH1.DE,2025-10-16,,,45.96432056876776,28.041356603877443,36.849183808141085,37.31554209122626,38.35499954223633,38.393354541778564,EUR,EUR,1.0,,17.905058905984337,0.017905058905981264,0.01788717173424977,,0.0,,282545.4358172071,BH_REINVERSION_DIVIDENDO,,,
1187,2025-10-16T07:00:00Z,OPEN_ENTRY,a4e552abf5c8981083928ed50ab84f51a59a4ce01e43b13aa4e701a4c45ce332,benchmark,BH_BUY,XETRA,EXV1.DE,2025-10-16,,,28.041356603877443,13.255555821098302,103.67197525454976,104.15882031359133,30.309999465942383,30.34030946540832,EUR,EUR,1.0,,14.771029753026117,0.014771029753024578,0.014756273479544621,,0.0,,282545.34543427144,BH_REINVERSION_DIVIDENDO,,,
1188,2025-10-16T13:30:00Z,OPEN_ENTRY,a4e552abf5c8981083928ed50ab84f51a59a4ce01e43b13aa4e701a4c45ce332,benchmark,BH_BUY,NYSE,ABBV,2025-10-16,,,13.255555821098302,0.0,9.393662789805148,9.461626903648492,226.22000122070312,226.4462212219238,USD,EURUSD,0.8604371020478404,2025-10-15T15:00:00Z,13.24231350759071,0.013242313507589643,0.01322908442316547,,0.0,,282365.9781537242,BH_REINVERSION_DIVIDENDO,,,
1189,2025-10-20T20:00:00Z,CLOSE_DIVIDEND,a4e552abf5c8981083928ed50ab84f51a59a4ce01e43b13aa4e701a4c45ce332,benchmark,BH_DIVIDEND,NYSE,CAT,2025-10-20,,,0.0,7.675462929804992,,,,,USD,EURUSD,0.858000858000858,2025-10-20T15:00:00Z,,,,7.675462929804992,0.0,,282720.1925756336,DIVIDENDO_BRUTO,,,
1190,2025-10-21T13:30:00Z,OPEN_ENTRY,a4e552abf5c8981083928ed50ab84f51a59a4ce01e43b13aa4e701a4c45ce332,benchmark,BH_BUY,NYSE,CAT,2025-10-21,,,7.675462929804992,0.0,5.924339102442197,5.941342334806607,525.0700073242188,525.5950773315429,USD,EURUSD,0.858000858000858,2025-10-20T15:00:00Z,7.667795134670322,0.007667795134669753,0.007660134999670213,,0.0,,283048.8464310105,BH_REINVERSION_DIVIDENDO,,,
1191,2025-10-23T15:30:00Z,CLOSE_DIVIDEND,a4e552abf5c8981083928ed50ab84f51a59a4ce01e43b13aa4e701a4c45ce332,benchmark,BH_DIVIDEND,XETRA,BSP.DE,2025-10-23,,,0.0,20.895984444087215,,,,,EUR,EUR,1.0,,,,,20.895984444087215,0.0,,279292.3732162028,DIVIDENDO_BRUTO,,,
1192,2025-10-24T07:00:00Z,OPEN_ENTRY,a4e552abf5c8981083928ed50ab84f51a59a4ce01e43b13aa4e701a4c45ce332,benchmark,BH_BUY,XETRA,BSP.DE,2025-10-24,,,20.895984444087215,0.0,132.53281099083964,133.50639899295888,21.420000076293945,21.441420076370235,EUR,EUR,1.0,,20.875109334752466,0.020875109334749453,0.020854255079669034,,0.0,,282885.9944231309,BH_REINVERSION_DIVIDENDO,,,
1193,2025-10-27T20:00:00Z,CLOSE_DIVIDEND,a4e552abf5c8981083928ed50ab84f51a59a4ce01e43b13aa4e701a4c45ce332,benchmark,BH_DIVIDEND,NYSE,INFY,2025-10-27,,,0.0,15.555747898833307,,,,,USD,EURUSD,0.859106529209622,2025-10-27T16:00:00Z,,,,15.555747898833307,0.0,,287537.8485945018,DIVIDENDO_BRUTO,,,
1194,2025-10-28T13:30:00Z,OPEN_ENTRY,a4e552abf5c8981083928ed50ab84f51a59a4ce01e43b13aa4e701a4c45ce332,benchmark,BH_BUY,NYSE,INFY,2025-10-28,,,15.555747898833307,0.0,69.91077434070257,70.97438418560598,16.989999771118164,17.00698977088928,USD,EURUSD,0.859106529209622,2025-10-27T16:00:00Z,15.540207691142166,0.015540207691140395,0.015524683008132293,,0.0,,290187.918525622,BH_REINVERSION_DIVIDENDO,,,
1195,2025-10-28T16:30:00Z,CLOSE_DIVIDEND,a4e552abf5c8981083928ed50ab84f51a59a4ce01e43b13aa4e701a4c45ce332,benchmark,BH_DIVIDEND,AMS,ASML.AS,2025-10-28,,,0.0,3.78377302841463,,,,,EUR,EUR,1.0,,,,,3.78377302841463,0.0,,290440.30753226974,DIVIDENDO_BRUTO,,,
1196,2025-10-29T08:00:00Z,OPEN_ENTRY,a4e552abf5c8981083928ed50ab84f51a59a4ce01e43b13aa4e701a4c45ce332,benchmark,BH_BUY,AMS,ASML.AS,2025-10-29,,,3.78377302841463,0.0,2.3648581427591435,2.3690353737531264,904.0,904.9039999999999,EUR,EUR,1.0,,3.779993035379251,0.0037799930353790145,0.0037762168185602003,,0.0,,293272.11789714743,BH_REINVERSION_DIVIDENDO,,,
1197,2025-10-30T16:30:00Z,CLOSE_DIVIDEND,a4e552abf5c8981083928ed50ab84f51a59a4ce01e43b13aa4e701a4c45ce332,benchmark,BH_DIVIDEND,MCE,ITX.MC,2025-10-30,,,0.0,46.050225755439,,,,,EUR,EUR,1.0,,,,,46.050225755439,0.0,,297155.56429090194,DIVIDENDO_BRUTO,,,
1198,2025-10-31T08:00:00Z,OPEN_ENTRY,a4e552abf5c8981083928ed50ab84f51a59a4ce01e43b13aa4e701a4c45ce332,benchmark,BH_BUY,MCE,ITX.MC,2025-10-31,,,46.050225755439,0.0,54.82169732790357,55.782162630645225,47.849998474121094,47.89784847259521,EUR,EUR,1.0,,46.0042215339051,0.046004221533898715,0.0459582632706271,,0.0,,295283.2110784216,BH_REINVERSION_DIVIDENDO,,,
1199,2025-11-05T16:30:00Z,CLOSE_DIVIDEND,a4e552abf5c8981083928ed50ab84f51a59a4ce01e43b13aa4e701a4c45ce332,benchmark,BH_DIVIDEND,MCE,BBVA.MC,2025-11-05,,,0.0,102.41567526891002,,,,,EUR,EUR,1.0,,,,,102.41567526891002,0.0,,290927.72811768646,DIVIDENDO_BRUTO,,,
1200,2025-11-06T08:00:00Z,OPEN_ENTRY,a4e552abf5c8981083928ed50ab84f51a59a4ce01e43b13aa4e701a4c45ce332,benchmark,BH_BUY,MCE,BBVA.MC,2025-11-06,,,102.41567526891002,0.0,320.0489852153438,325.8630438728992,17.579999923706055,17.59757992362976,EUR,EUR,1.0,,102.31336190700303,0.1023133619069938,0.10221115075623655,,0.0,,292942.9118396519,BH_REINVERSION_DIVIDENDO,,,
1201,2025-11-10T21:00:00Z,CLOSE_DIVIDEND,a4e552abf5c8981083928ed50ab84f51a59a4ce01e43b13aa4e701a4c45ce332,benchmark,BH_DIVIDEND,NASDAQ,AAPL,2025-11-10,,,0.0,1.9901419996255585,,,,,USD,EURUSD,0.8642295393656555,2025-11-10T16:00:00Z,,,,1.9901419996255585,0.0,,287419.2758658113,DIVIDENDO_BRUTO,,,
1202,2025-11-11T14:30:00Z,OPEN_ENTRY,a4e552abf5c8981083928ed50ab84f51a59a4ce01e43b13aa4e701a4c45ce332,benchmark,BH_BUY,NASDAQ,AAPL,2025-11-11,,,1.9901419996255585,0.0,8.85689733756436,8.865415163594259,269.80999755859375,270.07980755615233,USD,EURUSD,0.8642295393656555,2025-11-10T16:00:00Z,1.988153845779779,0.00198815384577955,0.0019861676781015906,,0.0,,292803.2514042245,BH_REINVERSION_DIVIDENDO,,,
1203,2025-11-12T21:00:00Z,CLOSE_DIVIDEND,a4e552abf5c8981083928ed50ab84f51a59a4ce01e43b13aa4e701a4c45ce332,benchmark,BH_DIVIDEND,NYSE,V,2025-11-12,,,0.0,3.568353793055968,,,,,USD,EURUSD,0.8638562543192813,2025-11-12T16:00:00Z,,,,3.568353793055968,0.0,,291005.353761356,DIVIDENDO_BRUTO,,,
1204,2025-11-13T14:30:00Z,OPEN_ENTRY,a4e552abf5c8981083928ed50ab84f51a59a4ce01e43b13aa4e701a4c45ce332,benchmark,BH_BUY,NYSE,V,2025-11-13,,,3.568353793055968,0.0,6.165263210211326,6.177422475106078,339.0400085449219,339.37904855346676,USD,EURUSD,0.8638562543192813,2025-11-12T16:00:00Z,3.564789004051917,0.0035647890040513275,0.003561227776275249,,0.0,,290779.4409265781,BH_REINVERSION_DIVIDENDO,,,
1205,2025-11-13T16:30:00Z,CLOSE_DIVIDEND,a4e552abf5c8981083928ed50ab84f51a59a4ce01e43b13aa4e701a4c45ce332,benchmark,BH_DIVIDEND,XETRA,R6C0.DE,2025-11-13,,,0.0,14.369582722328898,,,,,EUR,EUR,1.0,,,,,14.369582722328898,0.0,,290155.53521081374,DIVIDENDO_BRUTO,,,
1206,2025-11-14T08:00:00Z,OPEN_ENTRY,a4e552abf5c8981083928ed50ab84f51a59a4ce01e43b13aa4e701a4c45ce332,benchmark,BH_BUY,XETRA,R6C0.DE,2025-11-14,,,14.369582722328898,0.0,46.510427838218305,46.95496867375373,32.2599983215332,32.29225831985473,EUR,EUR,1.0,,14.355227494834066,0.014355227494831979,0.014340886608223694,,0.0,,282296.4104958916,BH_REINVERSION_DIVIDENDO,,,
1207,2025-11-14T21:00:00Z,CLOSE_DIVIDEND,a4e552abf5c8981083928ed50ab84f51a59a4ce01e43b13aa4e701a4c45ce332,benchmark,BH_DIVIDEND,NYSE,LLY,2025-11-14,,,0.0,5.310064943178858,,,,,USD,EURUSD,0.8585164835164835,2025-11-14T16:00:00Z,,,,5.310064943178858,0.0,,281525.72053810855,DIVIDENDO_BRUTO,,,
1208,2025-11-14T21:00:00Z,CLOSE_DIVIDEND,a4e552abf5c8981083928ed50ab84f51a59a4ce01e43b13aa4e701a4c45ce332,benchmark,BH_DIVIDEND,NYSE,XOM,2025-11-14,,,5.310064943178858,17.083756598028526,,,,,USD,EURUSD,0.8585164835164835,2025-11-14T16:00:00Z,,,,11.773691654849667,0.0,,281537.4942297634,DIVIDENDO_BRUTO,,,
1209,2025-11-17T14:30:00Z,OPEN_ENTRY,a4e552abf5c8981083928ed50ab84f51a59a4ce01e43b13aa4e701a4c45ce332,benchmark,BH_BUY,NYSE,LLY,2025-11-17,,,17.083756598028526,11.773691654849667,4.1234424305431565,4.129592364817135,1003.719970703125,1004.7236906738281,USD,EURUSD,0.8585164835164835,2025-11-14T16:00:00Z,5.304760182995863,0.005304760182995416,0.005299460722273244,,0.0,,282347.5575383178,BH_REINVERSION_DIVIDENDO,,,
1210,2025-11-17T14:30:00Z,OPEN_ENTRY,a4e552abf5c8981083928ed50ab84f51a59a4ce01e43b13aa4e701a4c45ce332,benchmark,BH_BUY,NYSE,XOM,2025-11-17,,,11.773691654849667,0.0,13.314559261717372,13.429601784994313,118.97000122070312,119.08897122192381,USD,EURUSD,0.8585164835164835,2025-11-14T16:00:00Z,11.761929725124544,0.011761929725123466,0.011750179545577517,,0.0,,282347.5656312672,BH_REINVERSION_DIVIDENDO,,,
1211,2025-11-18T21:00:00Z,CLOSE_DIVIDEND,a4e552abf5c8981083928ed50ab84f51a59a4ce01e43b13aa4e701a4c45ce332,benchmark,BH_DIVIDEND,NYSE,CVX,2025-11-18,,,0.0,11.514899805521758,,,,,USD,EURUSD,0.8628127696289905,2025-11-18T16:00:00Z,,,,11.514899805521758,0.0,,276399.27369918086,DIVIDENDO_BRUTO,,,
1212,2025-11-19T14:30:00Z,OPEN_ENTRY,a4e552abf5c8981083928ed50ab84f51a59a4ce01e43b13aa4e701a4c45ce332,benchmark,BH_BUY,NYSE,CVX,2025-11-19,,,11.514899805521758,0.0,7.804543201520303,7.892655909896609,151.16000366210938,151.31116366577146,USD,EURUSD,0.8628127696289905,2025-11-18T16:00:00Z,11.503396409112646,0.011503396409111133,0.011491904504606174,,0.0,,273775.08930275217,BH_REINVERSION_DIVIDENDO,,,
1213,2025-11-20T21:00:00Z,CLOSE_DIVIDEND,a4e552abf5c8981083928ed50ab84f51a59a4ce01e43b13aa4e701a4c45ce332,benchmark,BH_DIVIDEND,NASDAQ,AMAT,2025-11-20,,,0.0,4.89893770037667,,,,,USD,EURUSD,0.8685079034219212,2025-11-20T16:00:00Z,,,,4.89893770037667,0.0,,277137.66367137985,DIVIDENDO_BRUTO,,,
1214,2025-11-20T21:00:00Z,CLOSE_DIVIDEND,a4e552abf5c8981083928ed50ab84f51a59a4ce01e43b13aa4e701a4c45ce332,benchmark,BH_DIVIDEND,NASDAQ,MSFT,2025-11-20,,,4.89893770037667,8.757950377954966,,,,,USD,EURUSD,0.8685079034219212,2025-11-20T16:00:00Z,,,,3.8590126775782974,0.0,,277141.5226840574,DIVIDENDO_BRUTO,,,
1215,2025-11-21T14:30:00Z,OPEN_ENTRY,a4e552abf5c8981083928ed50ab84f51a59a4ce01e43b13aa4e701a4c45ce332,benchmark,BH_BUY,NASDAQ,AMAT,2025-11-21,,,8.757950377954966,3.8590126775782965,12.262254061334124,12.287935505550488,219.1999969482422,219.4191969451904,USD,EURUSD,0.8685079034219212,2025-11-20T16:00:00Z,4.89404365671995,0.004894043656719305,0.004889154502217232,,0.0,,270246.7157355335,BH_REINVERSION_DIVIDENDO,,,
1216,2025-11-21T14:30:00Z,OPEN_ENTRY,a4e552abf5c8981083928ed50ab84f51a59a4ce01e43b13aa4e701a4c45ce332,benchmark,BH_BUY,NASDAQ,MSFT,2025-11-21,,,3.8590126775782965,0.0,4.882711205454561,4.8919784864882505,478.5,478.97849999999994,USD,EURUSD,0.8685079034219212,2025-11-20T16:00:00Z,3.8551575200582398,0.003855157520057606,0.0038513062138439123,,0.0,,270246.7074656013,BH_REINVERSION_DIVIDENDO,,,
1217,2025-11-24T16:30:00Z,CLOSE_DIVIDEND,a4e552abf5c8981083928ed50ab84f51a59a4ce01e43b13aa4e701a4c45ce332,benchmark,BH_DIVIDEND,MIL,ENI.MI,2025-11-24,,,0.0,27.38891673512079,,,,,EUR,EUR,1.0,,,,,27.38891673512079,0.0,,267637.57568369916,DIVIDENDO_BRUTO,,,
1218,2025-11-25T08:00:00Z,OPEN_ENTRY,a4e552abf5c8981083928ed50ab84f51a59a4ce01e43b13aa4e701a4c45ce332,benchmark,BH_BUY,MIL,ENI.MI,2025-11-25,,,27.38891673512079,0.0,105.34198744277226,107.07859616935804,15.739999771118164,15.75573977088928,EUR,EUR,1.0,,27.361555179940854,0.02736155517993666,0.02733422095897746,,0.0,,273906.3145336573,BH_REINVERSION_DIVIDENDO,,,
1219,2025-12-01T21:00:00Z,CLOSE_DIVIDEND,a4e552abf5c8981083928ed50ab84f51a59a4ce01e43b13aa4e701a4c45ce332,benchmark,BH_DIVIDEND,NYSE,LMT,2025-12-01,,,0.0,8.833118876263844,,,,,USD,EURUSD,0.858663918942126,2025-12-01T16:00:00Z,,,,8.833118876263844,0.0,,279949.89747222874,DIVIDENDO_BRUTO,,,
1220,2025-12-02T14:30:00Z,OPEN_ENTRY,a4e552abf5c8981083928ed50ab84f51a59a4ce01e43b13aa4e701a4c45ce332,benchmark,BH_BUY,NYSE,LMT,2025-12-02,,,8.833118876263844,0.0,2.9817536937092384,3.0050348101024764,440.9800109863281,441.4209909973144,USD,EURUSD,0.858663918942126,2025-12-01T16:00:00Z,8.824294581682164,0.008824294581680547,0.008815479102578341,,0.0,,279837.2533578736,BH_REINVERSION_DIVIDENDO,,,
1221,2025-12-02T16:30:00Z,CLOSE_DIVIDEND,a4e552abf5c8981083928ed50ab84f51a59a4ce01e43b13aa4e701a4c45ce332,benchmark,BH_DIVIDEND,PAR,MC.PA,2025-12-02,,,0.0,11.602111541303712,,,,,EUR,EUR,1.0,,,,,11.602111541303712,0.0,,280140.75638651504,DIVIDENDO_BRUTO,,,
1222,2025-12-02T21:00:00Z,CLOSE_DIVIDEND,a4e552abf5c8981083928ed50ab84f51a59a4ce01e43b13aa4e701a4c45ce332,benchmark,BH_DIVIDEND,NYSE,GS,2025-12-02,,,11.602111541303712,26.878311893355768,,,,,USD,EURUSD,0.8610297916307904,2025-12-02T16:00:00Z,,,,15.276200352052056,0.0,,280813.39662143623,DIVIDENDO_BRUTO,,,
1223,2025-12-03T08:00:00Z,OPEN_ENTRY,a4e552abf5c8981083928ed50ab84f51a59a4ce01e43b13aa4e701a4c45ce332,benchmark,BH_BUY,PAR,MC.PA,2025-12-03,,,26.878311893355768,15.276200352052056,2.109474825691584,2.127839523674463,630.5,631.1305,EUR,EUR,1.0,,11.590521020283429,0.011590521020282907,0.011578942078204923,,0.0,,283294.5365921457,BH_REINVERSION_DIVIDENDO,,,
1224,2025-12-03T14:30:00Z,OPEN_ENTRY,a4e552abf5c8981083928ed50ab84f51a59a4ce01e43b13aa4e701a4c45ce332,benchmark,BH_BUY,NYSE,GS,2025-12-03,,,15.276200352052056,0.0,4.435444772218315,4.457225138070188,812.9500122070312,813.7629622192381,USD,EURUSD,0.8610297916307904,2025-12-02T16:00:00Z,15.260939412639418,0.015260939412637953,0.015245693718917992,,0.0,,283198.56555338454,BH_REINVERSION_DIVIDENDO,,,
1225,2025-12-04T21:00:00Z,CLOSE_DIVIDEND,a4e552abf5c8981083928ed50ab84f51a59a4ce01e43b13aa4e701a4c45ce332,benchmark,BH_DIVIDEND,NASDAQ,NVDA,2025-12-04,,,0.0,0.6326647452072489,,,,,USD,EURUSD,0.8571918395336876,2025-12-04T16:00:00Z,,,,0.6326647452072489,0.0,,286471.37955691275,DIVIDENDO_BRUTO,,,
1226,2025-12-04T21:00:00Z,CLOSE_DIVIDEND,a4e552abf5c8981083928ed50ab84f51a59a4ce01e43b13aa4e701a4c45ce332,benchmark,BH_DIVIDEND,NASDAQ,QCOM,2025-12-04,,,0.6326647452072489,7.950181434509429,,,,,USD,EURUSD,0.8571918395336876,2025-12-04T16:00:00Z,,,,7.31751668930218,0.0,,286478.69707360206,DIVIDENDO_BRUTO,,,
1227,2025-12-05T14:30:00Z,OPEN_ENTRY,a4e552abf5c8981083928ed50ab84f51a59a4ce01e43b13aa4e701a4c45ce332,benchmark,BH_BUY,NASDAQ,NVDA,2025-12-05,,,7.950181434509429,7.31751668930218,73.80666917587766,73.81067479212689,183.88999938964844,184.07388938903807,USD,EURUSD,0.8571918395336876,2025-12-04T16:00:00Z,0.6320327124947542,0.000632032712494679,0.0006314013111835239,,0.0,,287096.216280231,BH_REINVERSION_DIVIDENDO,,,
1228,2025-12-05T14:30:00Z,OPEN_ENTRY,a4e552abf5c8981083928ed50ab84f51a59a4ce01e43b13aa4e701a4c45ce332,benchmark,BH_BUY,NASDAQ,QCOM,2025-12-05,,,7.31751668930218,0.0,9.591702213190926,9.640457890469847,174.74000549316406,174.9147454986572,USD,EURUSD,0.8571918395336876,2025-12-04T16:00:00Z,7.310206482819361,0.007310206482818771,0.007302903579238896,,0.0,,287096.18536788865,BH_REINVERSION_DIVIDENDO,,,
1229,2025-12-08T21:00:00Z,CLOSE_DIVIDEND,a4e552abf5c8981083928ed50ab84f51a59a4ce01e43b13aa4e701a4c45ce332,benchmark,BH_DIVIDEND,NASDAQ,GOOGL,2025-12-08,,,0.0,1.9742376554062822,,,,,USD,EURUSD,0.858000858000858,2025-12-08T16:00:00Z,,,,1.9742376554062822,0.0,,288984.9990961314,DIVIDENDO_BRUTO,,,
1230,2025-12-09T14:30:00Z,OPEN_ENTRY,a4e552abf5c8981083928ed50ab84f51a59a4ce01e43b13aa4e701a4c45ce332,benchmark,BH_BUY,NASDAQ,GOOGL,2025-12-09,,,1.9742376554062822,0.0,10.957018987504867,10.964370458417653,312.3699951171875,312.68236511230464,USD,EURUSD,0.858000858000858,2025-12-08T16:00:00Z,1.972265390016266,0.001972265390016048,0.0019702950949210297,,0.0,,288990.6956705572,BH_REINVERSION_DIVIDENDO,,,
1231,2025-12-11T16:30:00Z,CLOSE_DIVIDEND,a4e552abf5c8981083928ed50ab84f51a59a4ce01e43b13aa4e701a4c45ce332,benchmark,BH_DIVIDEND,XETRA,EQQQ.DE,2025-12-11,,,0.0,1.4768697347098982,,,,,EUR,EUR,1.0,,,,,1.4768697347098982,0.0,,289918.3758492506,DIVIDENDO_BRUTO,,,
1232,2025-12-11T21:00:00Z,CLOSE_DIVIDEND,a4e552abf5c8981083928ed50ab84f51a59a4ce01e43b13aa4e701a4c45ce332,benchmark,BH_DIVIDEND,NYSE,TSM,2025-12-11,,,1.4768697347098982,11.601005075532342,,,,,USD,EURUSD,0.8536793580331228,2025-12-11T16:00:00Z,,,,10.124135340822443,0.0,,289954.8900176236,DIVIDENDO_BRUTO,,,
1233,2025-12-12T08:00:00Z,OPEN_ENTRY,a4e552abf5c8981083928ed50ab84f51a59a4ce01e43b13aa4e701a4c45ce332,benchmark,BH_BUY,XETRA,EQQQ.DE,2025-12-12,,,11.601005075532342,10.124135340822443,4.183980301289862,4.186739935229805,534.0999755859375,534.6340755615233,EUR,EUR,1.0,,1.4753943403695289,0.0014753943403693626,0.0014739204199492883,,0.0,,289837.9438452324,BH_REINVERSION_DIVIDENDO,,,
1234,2025-12-12T14:30:00Z,OPEN_ENTRY,a4e552abf5c8981083928ed50ab84f51a59a4ce01e43b13aa4e701a4c45ce332,benchmark,BH_BUY,NYSE,TSM,2025-12-12,,,10.124135340822443,0.0,14.202888788310672,14.241786280397905,304.2799987792969,304.5842787780761,USD,EURUSD,0.8536793580331228,2025-12-11T16:00:00Z,10.11402131950294,0.010114021319502342,0.010103917402098834,,0.0,,289984.92572428373,BH_REINVERSION_DIVIDENDO,,,
1235,2025-12-15T16:30:00Z,CLOSE_DIVIDEND,a4e552abf5c8981083928ed50ab84f51a59a4ce01e43b13aa4e701a4c45ce332,benchmark,BH_DIVIDEND,XETRA,EXSA.DE,2025-12-15,,,0.0,5.71570773231803,,,,,EUR,EUR,1.0,,,,,5.71570773231803,0.0,,283049.9979336183,DIVIDENDO_BRUTO,,,
1236,2025-12-15T21:00:00Z,CLOSE_DIVIDEND,a4e552abf5c8981083928ed50ab84f51a59a4ce01e43b13aa4e701a4c45ce332,benchmark,BH_DIVIDEND,NASDAQ,META,2025-12-15,,,5.71570773231803,8.853781967275744,,,,,USD,EURUSD,0.8508465923593976,2025-12-15T16:00:00Z,,,,3.1380742349577138,0.0,,283961.85391736,DIVIDENDO_BRUTO,,,
1237,2025-12-16T08:00:00Z,OPEN_ENTRY,a4e552abf5c8981083928ed50ab84f51a59a4ce01e43b13aa4e701a4c45ce332,benchmark,BH_BUY,XETRA,EXSA.DE,2025-12-16,,,8.853781967275744,3.1380742349577133,29.465448666450303,29.564619274860345,57.52000045776367,57.57752045822143,EUR,EUR,1.0,,5.709997734583448,0.005709997734582473,0.005704293441141618,,0.0,,282244.2906117791,BH_REINVERSION_DIVIDENDO,,,
1238,2025-12-16T14:30:00Z,OPEN_ENTRY,a4e552abf5c8981083928ed50ab84f51a59a4ce01e43b13aa4e701a4c45ce332,benchmark,BH_BUY,NASDAQ,META,2025-12-16,,,3.1380742349577133,0.0,7.025102187325334,7.030822176977006,643.5,644.1434999999999,USD,EURUSD,0.8508465923593976,2025-12-15T16:00:00Z,3.134939295662052,0.003134939295661887,0.003131807488173409,,0.0,,282097.89474141266,BH_REINVERSION_DIVIDENDO,,,
1239,2025-12-18T21:00:00Z,CLOSE_DIVIDEND,a4e552abf5c8981083928ed50ab84f51a59a4ce01e43b13aa4e701a4c45ce332,benchmark,BH_DIVIDEND,NYSE,CRM,2025-12-18,,,0.0,2.464840113882972,,,,,USD,EURUSD,0.8533151292772422,2025-12-18T16:00:00Z,,,,2.464840113882972,0.0,,278619.55546735623,DIVIDENDO_BRUTO,,,
1240,2025-12-19T14:30:00Z,OPEN_ENTRY,a4e552abf5c8981083928ed50ab84f51a59a4ce01e43b13aa4e701a4c45ce332,benchmark,BH_BUY,NYSE,CRM,2025-12-19,,,2.464840113882972,0.0,6.9436205035083045,6.954679187612553,260.67999267578125,260.940672668457,USD,EURUSD,0.8533151292772422,2025-12-18T16:00:00Z,2.4623777361468253,0.0024623777361467702,0.0024599178183283125,,0.0,,282557.04452312173,BH_REINVERSION_DIVIDENDO,,,
1241,2025-12-22T21:00:00Z,CLOSE_DIVIDEND,a4e552abf5c8981083928ed50ab84f51a59a4ce01e43b13aa4e701a4c45ce332,benchmark,BH_DIVIDEND,NASDAQ,AVGO,2025-12-22,,,0.0,13.082459681986803,,,,,USD,EURUSD,0.8514261387824605,2025-12-22T16:00:00Z,,,,13.082459681986803,0.0,,286933.6743583196,DIVIDENDO_BRUTO,,,
1242,2025-12-23T14:30:00Z,OPEN_ENTRY,a4e552abf5c8981083928ed50ab84f51a59a4ce01e43b13aa4e701a4c45ce332,benchmark,BH_BUY,NASDAQ,AVGO,2025-12-23,,,13.082459681986803,0.0,23.638998302297693,23.683993062848185,340.80999755859375,341.1508075561523,USD,EURUSD,0.8514261387824605,2025-12-22T16:00:00Z,13.06939029169511,0.01306939029169385,0.013056333957735753,,0.0,,288061.01566901297,BH_REINVERSION_DIVIDENDO,,,
1243,2025-12-29T21:00:00Z,CLOSE_DIVIDEND,a4e552abf5c8981083928ed50ab84f51a59a4ce01e43b13aa4e701a4c45ce332,benchmark,BH_DIVIDEND,NASDAQ,MU,2025-12-29,,,0.0,1.9480610721679013,,,,,USD,EURUSD,0.8499065102838687,2025-12-29T16:00:00Z,,,,1.9480610721679013,0.0,,287471.7737796923,DIVIDENDO_BRUTO,,,
1244,2025-12-30T14:30:00Z,OPEN_ENTRY,a4e552abf5c8981083928ed50ab84f51a59a4ce01e43b13aa4e701a4c45ce332,benchmark,BH_BUY,NASDAQ,MU,2025-12-30,,,1.9480610721679013,0.0,19.9312057175022,19.938967886665935,294.70001220703125,294.99471221923824,USD,EURUSD,0.8499065102838687,2025-12-29T16:00:00Z,1.9461149572106908,0.0019461149572104208,0.0019441707864239818,,0.0,,286385.3650811727,BH_REINVERSION_DIVIDENDO,,,
1245,2025-12-31T13:05:00Z,CLOSE_DIVIDEND,a4e552abf5c8981083928ed50ab84f51a59a4ce01e43b13aa4e701a4c45ce332,benchmark,BH_DIVIDEND,PAR,TTE.PA,2025-12-31,,,0.0,21.4537436233582,,,,,EUR,EUR,1.0,,,,,21.4537436233582,0.0,,286088.9859989737,DIVIDENDO_BRUTO,,,
1246,2026-01-02T08:00:00Z,OPEN_ENTRY,a4e552abf5c8981083928ed50ab84f51a59a4ce01e43b13aa4e701a4c45ce332,benchmark,BH_BUY,PAR,TTE.PA,2026-01-02,,,21.4537436233582,0.0,25.239698380421412,25.624440515633715,55.650001525878906,55.70565152740478,EUR,EUR,1.0,,21.432311312046156,0.021432311312043595,0.02141090041163352,,0.0,,284253.81944838085,BH_REINVERSION_DIVIDENDO,,,
1247,2026-01-09T21:00:00Z,CLOSE_DIVIDEND,a4e552abf5c8981083928ed50ab84f51a59a4ce01e43b13aa4e701a4c45ce332,benchmark,BH_DIVIDEND,NASDAQ,MRVL,2026-01-09,,,0.0,1.224777172856153,,,,,USD,EURUSD,0.8589589417625838,2026-01-09T16:00:00Z,,,,1.224777172856153,0.0,,292498.14466284617,DIVIDENDO_BRUTO,,,
1248,2026-01-09T21:00:00Z,CLOSE_DIVIDEND,a4e552abf5c8981083928ed50ab84f51a59a4ce01e43b13aa4e701a4c45ce332,benchmark,BH_DIVIDEND,NYSE,MA,2026-01-09,,,1.224777172856153,3.9877557855104175,,,,,USD,EURUSD,0.8589589417625838,2026-01-09T16:00:00Z,,,,2.7629786126542646,0.0,,292500.90764145885,DIVIDENDO_BRUTO,,,
1249,2026-01-09T21:00:00Z,CLOSE_DIVIDEND,a4e552abf5c8981083928ed50ab84f51a59a4ce01e43b13aa4e701a4c45ce332,benchmark,BH_DIVIDEND,NYSE,ORCL,2026-01-09,,,3.9877557855104175,11.235585161030395,,,,,USD,EURUSD,0.8589589417625838,2026-01-09T16:00:00Z,,,,7.247829375519977,0.0,,292508.15547083435,DIVIDENDO_BRUTO,,,
1250,2026-01-12T14:30:00Z,OPEN_ENTRY,a4e552abf5c8981083928ed50ab84f51a59a4ce01e43b13aa4e701a4c45ce332,benchmark,BH_BUY,NASDAQ,MRVL,2026-01-12,,,11.235585161030395,10.010807988174243,23.764759743985554,23.782025433345474,82.41999816894531,82.50241816711424,USD,EURUSD,0.8589589417625838,2026-01-09T16:00:00Z,1.223553619236916,0.0012235536192368723,0.0012223312879487466,,0.0,,294554.2356354537,BH_REINVERSION_DIVIDENDO,,,
1251,2026-01-12T14:30:00Z,OPEN_ENTRY,a4e552abf5c8981083928ed50ab84f51a59a4ce01e43b13aa4e701a4c45ce332,benchmark,BH_BUY,NYSE,MA,2026-01-12,,,10.010807988174243,7.247829375519978,3.697310000979419,3.703001605773194,564.030029296875,564.5940593261718,USD,EURUSD,0.8589589417625838,2026-01-09T16:00:00Z,2.7602183942600047,0.0027602183942598835,0.002757460933326114,,0.0,,294554.2863882428,BH_REINVERSION_DIVIDENDO,,,
1252,2026-01-12T14:30:00Z,OPEN_ENTRY,a4e552abf5c8981083928ed50ab84f51a59a4ce01e43b13aa4e701a4c45ce332,benchmark,BH_BUY,NYSE,ORCL,2026-01-12,,,7.247829375519978,0.0,16.875845917960714,16.918462679767444,197.60000610351562,197.79760610961912,USD,EURUSD,0.8589589417625838,2026-01-09T16:00:00Z,7.240588786733245,0.007240588786732616,0.007233355431301353,,0.0,,294554.30559179635,BH_REINVERSION_DIVIDENDO,,,
1253,2026-01-12T16:30:00Z,CLOSE_DIVIDEND,a4e552abf5c8981083928ed50ab84f51a59a4ce01e43b13aa4e701a4c45ce332,benchmark,BH_DIVIDEND,MCE,IBE.MC,2026-01-12,,,0.0,32.67586830501229,,,,,EUR,EUR,1.0,,,,,32.67586830501229,0.0,,293798.4355247044,DIVIDENDO_BRUTO,,,
1254,2026-01-13T08:00:00Z,OPEN_ENTRY,a4e552abf5c8981083928ed50ab84f51a59a4ce01e43b13aa4e701a4c45ce332,benchmark,BH_BUY,MCE,IBE.MC,2026-01-13,,,32.67586830501229,0.0,129.15362966408017,130.9259457043819,18.399999618530273,18.4183996181488,EUR,EUR,1.0,,32.64322507993236,0.032643225079930005,0.032610614465461304,,0.0,,296799.61716077605,BH_REINVERSION_DIVIDENDO,,,
1255,2026-01-15T16:30:00Z,CLOSE_DIVIDEND,a4e552abf5c8981083928ed50ab84f51a59a4ce01e43b13aa4e701a4c45ce332,benchmark,BH_DIVIDEND,XETRA,EUNH.DE,2026-01-15,,,0.0,14.837347856218871,,,,,EUR,EUR,1.0,,,,,14.837347856218871,0.0,,295880.95198101643,DIVIDENDO_BRUTO,,,
1256,2026-01-15T16:30:00Z,CLOSE_DIVIDEND,a4e552abf5c8981083928ed50ab84f51a59a4ce01e43b13aa4e701a4c45ce332,benchmark,BH_DIVIDEND,XETRA,EXH1.DE,2026-01-15,,,14.837347856218871,29.681992917697954,,,,,EUR,EUR,1.0,,,,,14.844645061479085,0.0,,295895.7966260779,DIVIDENDO_BRUTO,,,
1257,2026-01-15T16:30:00Z,CLOSE_DIVIDEND,a4e552abf5c8981083928ed50ab84f51a59a4ce01e43b13aa4e701a4c45ce332,benchmark,BH_DIVIDEND,XETRA,EXV1.DE,2026-01-15,,,29.681992917697954,60.07032874418823,,,,,EUR,EUR,1.0,,,,,30.388335826490273,0.0,,295926.1849619044,DIVIDENDO_BRUTO,,,
1258,2026-01-16T08:00:00Z,OPEN_ENTRY,a4e552abf5c8981083928ed50ab84f51a59a4ce01e43b13aa4e701a4c45ce332,benchmark,BH_BUY,XETRA,EUNH.DE,2026-01-16,,,60.07032874418823,45.23298088796936,10.463573946557737,10.59850850006171,109.73999786376953,109.84973786163329,EUR,EUR,1.0,,14.822525330887984,0.014822525330886904,0.01480771761327281,,0.0,,295802.2727345119,BH_REINVERSION_DIVIDENDO,,,
1259,2026-01-16T08:00:00Z,OPEN_ENTRY,a4e552abf5c8981083928ed50ab84f51a59a4ce01e43b13aa4e701a4c45ce332,benchmark,BH_BUY,XETRA,EXH1.DE,2026-01-16,,,45.23298088796936,30.388335826490277,37.31554209122626,37.66874271951986,41.94499969482422,41.98694469451904,EUR,EUR,1.0,,14.829815246232853,0.014829815246232059,0.014815000245985461,,0.0,,295802.2430896964,BH_REINVERSION_DIVIDENDO,,,
1260,2026-01-16T08:00:00Z,OPEN_ENTRY,a4e552abf5c8981083928ed50ab84f51a59a4ce01e43b13aa4e701a4c45ce332,benchmark,BH_BUY,XETRA,EXV1.DE,2026-01-16,,,30.388335826490277,0.0,104.15882031359133,104.99950359999612,36.07500076293945,36.11107576370239,EUR,EUR,1.0,,30.357977848641635,0.03035797784863803,0.030327650198439374,,0.0,,295802.20762354066,BH_REINVERSION_DIVIDENDO,,,
1261,2026-01-16T21:00:00Z,CLOSE_DIVIDEND,a4e552abf5c8981083928ed50ab84f51a59a4ce01e43b13aa4e701a4c45ce332,benchmark,BH_DIVIDEND,NYSE,ABBV,2026-01-16,,,0.0,14.090225138428075,,,,,USD,EURUSD,0.860807437376259,2026-01-16T16:00:00Z,,,,14.090225138428075,0.0,,296482.7675691329,DIVIDENDO_BRUTO,,,
1262,2026-01-20T14:30:00Z,OPEN_ENTRY,a4e552abf5c8981083928ed50ab84f51a59a4ce01e43b13aa4e701a4c45ce332,benchmark,BH_BUY,NYSE,ABBV,2026-01-20,,,14.090225138428075,0.0,9.461626903648492,9.538885351981575,211.6999969482422,211.9116969451904,USD,EURUSD,0.8597713008339781,2026-01-19T16:00:00Z,14.076148989438638,0.014076148989436987,0.01406208690253506,,0.0,,292791.6544213159,BH_REINVERSION_DIVIDENDO,,,
1263,2026-01-20T21:00:00Z,CLOSE_DIVIDEND,a4e552abf5c8981083928ed50ab84f51a59a4ce01e43b13aa4e701a4c45ce332,benchmark,BH_DIVIDEND,NYSE,CAT,2026-01-20,,,0.0,7.649579574998274,,,,,USD,EURUSD,0.8526603001364256,2026-01-20T16:00:00Z,,,,7.649579574998274,0.0,,290636.5337502076,DIVIDENDO_BRUTO,,,
1264,2026-01-21T14:30:00Z,OPEN_ENTRY,a4e552abf5c8981083928ed50ab84f51a59a4ce01e43b13aa4e701a4c45ce332,benchmark,BH_BUY,NYSE,CAT,2026-01-21,,,7.649579574998274,0.0,5.941342334806607,5.955471946736507,633.6699829101562,634.3036528930663,USD,EURUSD,0.8526603001364256,2026-01-20T16:00:00Z,7.641937637360914,0.007641937637360208,0.007634303334025946,,0.0,,287755.4850304431,BH_REINVERSION_DIVIDENDO,,,
1265,2026-02-09T16:30:00Z,CLOSE_DIVIDEND,a4e552abf5c8981083928ed50ab84f51a59a4ce01e43b13aa4e701a4c45ce332,benchmark,BH_DIVIDEND,AMS,ASML.AS,2026-02-09,,,0.0,3.7904565980050027,,,,,EUR,EUR,1.0,,,,,3.7904565980050027,0.0,,280233.5661410809,DIVIDENDO_BRUTO,,,
1266,2026-02-09T21:00:00Z,CLOSE_DIVIDEND,a4e552abf5c8981083928ed50ab84f51a59a4ce01e43b13aa4e701a4c45ce332,benchmark,BH_DIVIDEND,NASDAQ,AAPL,2026-02-09,,,3.7904565980050027,5.7297195481434064,,,,,USD,EURUSD,0.8413259296651522,2026-02-09T16:00:00Z,,,,1.939262950138404,0.0,,282115.0710097534,DIVIDENDO_BRUTO,,,
1267,2026-02-10T08:00:00Z,OPEN_ENTRY,a4e552abf5c8981083928ed50ab84f51a59a4ce01e43b13aa4e701a4c45ce332,benchmark,BH_BUY,AMS,ASML.AS,2026-02-10,,,5.7297195481434064,1.9392629501384038,2.3690353737531264,2.372198322784093,1196.0,1197.196,EUR,EUR,1.0,,3.7866699280769263,0.0037866699280764138,0.0037828870410356145,,0.0,,285955.85168502084,BH_REINVERSION_DIVIDENDO,,,
1268,2026-02-10T14:30:00Z,OPEN_ENTRY,a4e552abf5c8981083928ed50ab84f51a59a4ce01e43b13aa4e701a4c45ce332,benchmark,BH_BUY,NASDAQ,AAPL,2026-02-10,,,1.9392629501384038,0.0,8.865415163594259,8.873783619012354,274.8900146484375,275.1649046630859,USD,EURUSD,0.8413259296651522,2026-02-09T16:00:00Z,1.9373256245138903,0.0019373256245136528,0.00193539023427939,,0.0,,285989.2908283908,BH_REINVERSION_DIVIDENDO,,,
1269,2026-02-10T21:00:00Z,CLOSE_DIVIDEND,a4e552abf5c8981083928ed50ab84f51a59a4ce01e43b13aa4e701a4c45ce332,benchmark,BH_DIVIDEND,NYSE,V,2026-02-10,,,0.0,3.479799107382775,,,,,USD,EURUSD,0.8407600470825626,2026-02-10T16:00:00Z,,,,3.479799107382775,0.0,,285312.6147247566,DIVIDENDO_BRUTO,,,
1270,2026-02-11T14:30:00Z,OPEN_ENTRY,a4e552abf5c8981083928ed50ab84f51a59a4ce01e43b13aa4e701a4c45ce332,benchmark,BH_BUY,NYSE,V,2026-02-11,,,3.479799107382775,0.0,6.177422475106078,6.190057393565121,326.9200134277344,327.24693344116207,USD,EURUSD,0.8407600470825626,2026-02-10T16:00:00Z,3.4763227845981772,0.003476322784597752,0.0034728499346631035,,0.0,,284937.826824115,BH_REINVERSION_DIVIDENDO,,,
1271,2026-02-12T21:00:00Z,CLOSE_DIVIDEND,a4e552abf5c8981083928ed50ab84f51a59a4ce01e43b13aa4e701a4c45ce332,benchmark,BH_DIVIDEND,NYSE,XOM,2026-02-12,,,0.0,11.649393497173778,,,,,USD,EURUSD,0.8421761832575375,2026-02-12T16:00:00Z,,,,11.649393497173778,0.0,,284594.460185253,DIVIDENDO_BRUTO,,,
1272,2026-02-13T14:30:00Z,OPEN_ENTRY,a4e552abf5c8981083928ed50ab84f51a59a4ce01e43b13aa4e701a4c45ce332,benchmark,BH_BUY,NYSE,XOM,2026-02-13,,,11.649393497173778,0.0,13.429601784994313,13.521298005660146,150.5500030517578,150.70055305480955,USD,EURUSD,0.8421761832575375,2026-02-12T16:00:00Z,11.637755741432347,0.011637755741430666,0.011626129611818685,,0.0,,279286.3904050267,BH_REINVERSION_DIVIDENDO,,,
1273,2026-02-13T16:30:00Z,CLOSE_DIVIDEND,a4e552abf5c8981083928ed50ab84f51a59a4ce01e43b13aa4e701a4c45ce332,benchmark,BH_DIVIDEND,XETRA,SIE.DE,2026-02-13,,,0.0,57.131593034301076,,,,,EUR,EUR,1.0,,,,,57.131593034301076,0.0,,279591.95308679953,DIVIDENDO_BRUTO,,,
1274,2026-02-13T21:00:00Z,CLOSE_DIVIDEND,a4e552abf5c8981083928ed50ab84f51a59a4ce01e43b13aa4e701a4c45ce332,benchmark,BH_DIVIDEND,NYSE,LLY,2026-02-13,,,57.131593034301076,63.154350403322866,,,,,USD,EURUSD,0.8430281571404485,2026-02-13T16:00:00Z,,,,6.022757369021788,0.0,,279852.1619007423,DIVIDENDO_BRUTO,,,
1275,2026-02-16T08:00:00Z,OPEN_ENTRY,a4e552abf5c8981083928ed50ab84f51a59a4ce01e43b13aa4e701a4c45ce332,benchmark,BH_BUY,XETRA,SIE.DE,2026-02-16,,,63.154350403322866,6.0227573690217895,10.678802436317959,10.90416805297713,253.0,253.253,EUR,EUR,1.0,,57.0745185157853,0.05707451851577616,0.05701750101476736,,0.0,,281212.2218898963,BH_REINVERSION_DIVIDENDO,,,
1276,2026-02-17T14:30:00Z,OPEN_ENTRY,a4e552abf5c8981083928ed50ab84f51a59a4ce01e43b13aa4e701a4c45ce332,benchmark,BH_BUY,NYSE,LLY,2026-02-17,,,6.0227573690217895,0.0,4.129592364817135,4.136407257936456,1045.6099853515625,1046.6555953369138,USD,EURUSD,0.8435259384226065,2026-02-16T16:00:00Z,6.016740628393395,0.00601674062839308,0.006010729898493667,,0.0,,281480.67347458156,BH_REINVERSION_DIVIDENDO,,,
1277,2026-02-17T21:00:00Z,CLOSE_DIVIDEND,a4e552abf5c8981083928ed50ab84f51a59a4ce01e43b13aa4e701a4c45ce332,benchmark,BH_DIVIDEND,NYSE,CVX,2026-02-17,,,0.0,11.87969517978688,,,,,USD,EURUSD,0.8455944529003889,2026-02-17T16:00:00Z,,,,11.87969517978688,0.0,,282226.6867651232,DIVIDENDO_BRUTO,,,
1278,2026-02-18T14:30:00Z,OPEN_ENTRY,a4e552abf5c8981083928ed50ab84f51a59a4ce01e43b13aa4e701a4c45ce332,benchmark,BH_BUY,NYSE,CVX,2026-02-18,,,11.87969517978688,0.0,7.892655909896609,7.969176523781699,183.22999572753906,183.41322572326658,USD,EURUSD,0.8455944529003889,2026-02-17T16:00:00Z,11.867827352434448,0.011867827352432414,0.011855971381051867,,0.0,,282227.41634515586,BH_REINVERSION_DIVIDENDO,,,
1279,2026-02-19T16:30:00Z,CLOSE_DIVIDEND,a4e552abf5c8981083928ed50ab84f51a59a4ce01e43b13aa4e701a4c45ce332,benchmark,BH_DIVIDEND,XETRA,R6C0.DE,2026-02-19,,,0.0,15.074235323147203,,,,,EUR,EUR,1.0,,,,,15.074235323147203,0.0,,286573.61737596965,DIVIDENDO_BRUTO,,,
1280,2026-02-19T21:00:00Z,CLOSE_DIVIDEND,a4e552abf5c8981083928ed50ab84f51a59a4ce01e43b13aa4e701a4c45ce332,benchmark,BH_DIVIDEND,NASDAQ,AMAT,2026-02-19,,,15.074235323147203,19.883603427080857,,,,,USD,EURUSD,0.8508465923593976,2026-02-19T16:00:00Z,,,,4.8093681039336555,0.0,,285816.8666523042,DIVIDENDO_BRUTO,,,
1281,2026-02-19T21:00:00Z,CLOSE_DIVIDEND,a4e552abf5c8981083928ed50ab84f51a59a4ce01e43b13aa4e701a4c45ce332,benchmark,BH_DIVIDEND,NASDAQ,AZN,2026-02-19,,,19.883603427080857,39.38311051822492,,,,,USD,EURUSD,0.8508465923593976,2026-02-19T16:00:00Z,,,,19.49950709114406,0.0,,285836.3661593953,DIVIDENDO_BRUTO,,,
1282,2026-02-19T21:00:00Z,CLOSE_DIVIDEND,a4e552abf5c8981083928ed50ab84f51a59a4ce01e43b13aa4e701a4c45ce332,benchmark,BH_DIVIDEND,NASDAQ,MSFT,2026-02-19,,,39.38311051822492,43.17082465308777,,,,,USD,EURUSD,0.8508465923593976,2026-02-19T16:00:00Z,,,,3.7877141348628505,0.0,,285840.15387353016,DIVIDENDO_BRUTO,,,
1283,2026-02-20T08:00:00Z,OPEN_ENTRY,a4e552abf5c8981083928ed50ab84f51a59a4ce01e43b13aa4e701a4c45ce332,benchmark,BH_BUY,XETRA,R6C0.DE,2026-02-20,,,43.17082465308777,28.096589329940567,46.95496867375373,47.3994695297851,33.845001220703125,33.87884622192382,EUR,EUR,1.0,,15.059176147000205,0.015059176146998254,0.015044132014982796,,0.0,,285417.04275594326,BH_REINVERSION_DIVIDENDO,,,
1284,2026-02-20T14:30:00Z,OPEN_ENTRY,a4e552abf5c8981083928ed50ab84f51a59a4ce01e43b13aa4e701a4c45ce332,benchmark,BH_BUY,NASDAQ,AMAT,2026-02-20,,,28.096589329940567,23.287221226006913,12.287935505550488,12.303337156070228,366.2699890136719,366.6362590026855,USD,EURUSD,0.8508465923593976,2026-02-19T16:00:00Z,4.8045635403932625,0.0048045635403930476,0.00479976377661611,,0.0,,285202.7863429602,BH_REINVERSION_DIVIDENDO,,,
1285,2026-02-20T14:30:00Z,OPEN_ENTRY,a4e552abf5c8981083928ed50ab84f51a59a4ce01e43b13aa4e701a4c45ce332,benchmark,BH_BUY,NASDAQ,AZN,2026-02-20,,,23.287221226006913,3.7877141348628527,10.644575329410875,10.755282024129697,206.60000610351562,206.8066061096191,USD,EURUSD,0.8508465923593976,2026-02-19T16:00:00Z,19.480027064079984,0.01948002706407692,0.019460566497579577,,0.0,,285202.93767404795,BH_REINVERSION_DIVIDENDO,,,
1286,2026-02-20T14:30:00Z,OPEN_ENTRY,a4e552abf5c8981083928ed50ab84f51a59a4ce01e43b13aa4e701a4c45ce332,benchmark,BH_BUY,NASDAQ,MSFT,2026-02-20,,,3.7877141348628527,0.0,4.8919784864882505,4.90319458939773,396.1099853515625,396.50609533691403,USD,EURUSD,0.8508465923593976,2026-02-19T16:00:00Z,3.783930204658193,0.003783930204657615,0.0037801500546032728,,0.0,,285202.9525365059,BH_REINVERSION_DIVIDENDO,,,
1287,2026-02-20T16:30:00Z,CLOSE_DIVIDEND,a4e552abf5c8981083928ed50ab84f51a59a4ce01e43b13aa4e701a4c45ce332,benchmark,BH_DIVIDEND,XETRA,IFX.DE,2026-02-20,,,0.0,15.940567190647897,,,,,EUR,EUR,1.0,,,,,15.940567190647897,0.0,,284962.5288563963,DIVIDENDO_BRUTO,,,
1288,2026-02-23T08:00:00Z,OPEN_ENTRY,a4e552abf5c8981083928ed50ab84f51a59a4ce01e43b13aa4e701a4c45ce332,benchmark,BH_BUY,XETRA,IFX.DE,2026-02-23,,,15.940567190647897,0.0,45.544477687565426,45.897221243053885,45.099998474121094,45.14509847259521,EUR,EUR,1.0,,15.924642548099799,0.015924642548098333,0.01590873381428319,,0.0,,286766.45149455126,BH_REINVERSION_DIVIDENDO,,,
1289,2026-02-27T16:30:00Z,CLOSE_DIVIDEND,a4e552abf5c8981083928ed50ab84f51a59a4ce01e43b13aa4e701a4c45ce332,benchmark,BH_DIVIDEND,XETRA,ENR.DE,2026-02-27,,,0.0,47.870770591663835,,,,,EUR,EUR,1.0,,,,,47.870770591663835,0.0,,289337.9352922574,DIVIDENDO_BRUTO,,,
1290,2026-03-02T08:00:00Z,OPEN_ENTRY,a4e552abf5c8981083928ed50ab84f51a59a4ce01e43b13aa4e701a4c45ce332,benchmark,BH_BUY,XETRA,ENR.DE,2026-03-02,,,47.870770591663835,0.0,68.38681513094834,68.68081619231171,162.5,162.6625,EUR,EUR,1.0,,47.82294764401982,0.047822947644014846,0.047775172471546605,,0.0,,288015.6953844252,BH_REINVERSION_DIVIDENDO,,,
1291,2026-03-02T21:00:00Z,CLOSE_DIVIDEND,a4e552abf5c8981083928ed50ab84f51a59a4ce01e43b13aa4e701a4c45ce332,benchmark,BH_DIVIDEND,NYSE,GS,2026-03-02,,,0.0,17.146104566007736,,,,,USD,EURUSD,0.8548469823901522,2026-03-02T16:00:00Z,,,,17.146104566007736,0.0,,287167.72703064256,DIVIDENDO_BRUTO,,,
1292,2026-03-02T21:00:00Z,CLOSE_DIVIDEND,a4e552abf5c8981083928ed50ab84f51a59a4ce01e43b13aa4e701a4c45ce332,benchmark,BH_DIVIDEND,NYSE,LMT,2026-03-02,,,17.146104566007736,26.008619606915197,,,,,USD,EURUSD,0.8548469823901522,2026-03-02T16:00:00Z,,,,8.862515040907459,0.0,,287176.58954568347,DIVIDENDO_BRUTO,,,
1293,2026-03-03T14:30:00Z,OPEN_ENTRY,a4e552abf5c8981083928ed50ab84f51a59a4ce01e43b13aa4e701a4c45ce332,benchmark,BH_BUY,NYSE,GS,2026-03-03,,,26.008619606915197,8.86251504090746,4.457225138070188,4.481169466045646,836.0,836.8359999999999,USD,EURUSD,0.8548469823901522,2026-03-02T16:00:00Z,17.12897559041732,0.01712897559041693,0.01711186372668856,,0.0,,287541.11949071684,BH_REINVERSION_DIVIDENDO,,,
1294,2026-03-03T14:30:00Z,OPEN_ENTRY,a4e552abf5c8981083928ed50ab84f51a59a4ce01e43b13aa4e701a4c45ce332,benchmark,BH_BUY,NYSE,LMT,2026-03-03,,,8.86251504090746,0.0,3.0050348101024764,3.0202058752276324,682.0,682.6819999999999,USD,EURUSD,0.8548469823901522,2026-03-02T16:00:00Z,8.853661379527932,0.008853661379527367,0.008844816562963704,,0.0,,287541.0330570192,BH_REINVERSION_DIVIDENDO,,,
1295,2026-03-05T21:00:00Z,CLOSE_DIVIDEND,a4e552abf5c8981083928ed50ab84f51a59a4ce01e43b13aa4e701a4c45ce332,benchmark,BH_DIVIDEND,NASDAQ,QCOM,2026-03-05,,,0.0,7.385098573350115,,,,,USD,EURUSD,0.8607333448097779,2026-03-05T16:00:00Z,,,,7.385098573350115,0.0,,287238.0664645629,DIVIDENDO_BRUTO,,,
1296,2026-03-06T14:30:00Z,OPEN_ENTRY,a4e552abf5c8981083928ed50ab84f51a59a4ce01e43b13aa4e701a4c45ce332,benchmark,BH_BUY,NASDAQ,QCOM,2026-03-06,,,7.385098573350115,0.0,9.640457890469847,9.704278963213966,134.1699981689453,134.30416816711426,USD,EURUSD,0.8607333448097779,2026-03-05T16:00:00Z,7.377720852497618,0.007377720852496772,0.007370350501995497,,0.0,,288052.29480565054,BH_REINVERSION_DIVIDENDO,,,
1297,2026-03-09T20:00:00Z,CLOSE_DIVIDEND,a4e552abf5c8981083928ed50ab84f51a59a4ce01e43b13aa4e701a4c45ce332,benchmark,BH_DIVIDEND,NASDAQ,GOOGL,2026-03-09,,,0.0,1.992659278466211,,,,,USD,EURUSD,0.8654262224145391,2026-03-09T16:00:00Z,,,,1.992659278466211,0.0,,283510.03291268094,DIVIDENDO_BRUTO,,,
1298,2026-03-10T13:30:00Z,OPEN_ENTRY,a4e552abf5c8981083928ed50ab84f51a59a4ce01e43b13aa4e701a4c45ce332,benchmark,BH_BUY,NASDAQ,GOOGL,2026-03-10,,,1.992659278466211,0.0,10.964370458417653,10.971875829806914,306.1700134277344,306.47618344116205,USD,EURUSD,0.8654262224145391,2026-03-09T16:00:00Z,1.9906686098563549,0.0019906686098560833,0.0019886799299260417,,0.0,,286656.98601538356,BH_REINVERSION_DIVIDENDO,,,
1299,2026-03-11T20:00:00Z,CLOSE_DIVIDEND,a4e552abf5c8981083928ed50ab84f51a59a4ce01e43b13aa4e701a4c45ce332,benchmark,BH_DIVIDEND,NASDAQ,NVDA,2026-03-11,,,0.0,0.6373428442459796,,,,,USD,EURUSD,0.8634832915983076,2026-03-11T16:00:00Z,,,,0.6373428442459796,0.0,,287554.8325311404,DIVIDENDO_BRUTO,,,
1300,2026-03-12T13:30:00Z,OPEN_ENTRY,a4e552abf5c8981083928ed50ab84f51a59a4ce01e43b13aa4e701a4c45ce332,benchmark,BH_BUY,NASDAQ,NVDA,2026-03-12,,,0.6373428442459796,0.0,73.81067479212689,73.81467714330093,184.0500030517578,184.23405305480955,USD,EURUSD,0.8634832915983076,2026-03-11T16:00:00Z,0.6367061381078718,0.0006367061381078454,0.000636070068039762,,0.0,,287799.3900263853,BH_REINVERSION_DIVIDENDO,,,
1301,2026-03-12T16:30:00Z,CLOSE_DIVIDEND,a4e552abf5c8981083928ed50ab84f51a59a4ce01e43b13aa4e701a4c45ce332,benchmark,BH_DIVIDEND,XETRA,EQQQ.DE,2026-03-12,,,0.0,1.3476822779709274,,,,,EUR,EUR,1.0,,,,,1.3476822779709274,0.0,,288258.72064546956,DIVIDENDO_BRUTO,,,
1302,2026-03-13T08:00:00Z,OPEN_ENTRY,a4e552abf5c8981083928ed50ab84f51a59a4ce01e43b13aa4e701a4c45ce332,benchmark,BH_BUY,XETRA,EQQQ.DE,2026-03-13,,,1.3476822779709274,0.0,4.186739935229805,4.189320996473505,521.0999755859375,521.6210755615234,EUR,EUR,1.0,,1.3463359420288987,0.001346335942028709,0.0013449909510777553,,0.0,,284197.1582255123,BH_REINVERSION_DIVIDENDO,,,
1303,2026-03-16T16:30:00Z,CLOSE_DIVIDEND,a4e552abf5c8981083928ed50ab84f51a59a4ce01e43b13aa4e701a4c45ce332,benchmark,BH_DIVIDEND,XETRA,EXSA.DE,2026-03-16,,,0.0,4.230637888993965,,,,,EUR,EUR,1.0,,,,,4.230637888993965,0.0,,283592.71124970773,DIVIDENDO_BRUTO,,,
1304,2026-03-16T20:00:00Z,CLOSE_DIVIDEND,a4e552abf5c8981083928ed50ab84f51a59a4ce01e43b13aa4e701a4c45ce332,benchmark,BH_DIVIDEND,NASDAQ,META,2026-03-16,,,4.230637888993965,7.446513165969858,,,,,USD,EURUSD,0.8712319219376199,2026-03-16T16:00:00Z,,,,3.215875276975892,0.0,,284491.5692360851,DIVIDENDO_BRUTO,,,
1305,2026-03-17T08:00:00Z,OPEN_ENTRY,a4e552abf5c8981083928ed50ab84f51a59a4ce01e43b13aa4e701a4c45ce332,benchmark,BH_BUY,XETRA,EXSA.DE,2026-03-17,,,7.446513165969858,3.2158752769758925,29.564619274860345,29.635927995574974,59.209999084472656,59.26920908355712,EUR,EUR,1.0,,4.226411477516449,0.004226411477516123,0.004222189288227739,,0.0,,285721.293633065,BH_REINVERSION_DIVIDENDO,,,
1306,2026-03-17T13:30:00Z,OPEN_ENTRY,a4e552abf5c8981083928ed50ab84f51a59a4ce01e43b13aa4e701a4c45ce332,benchmark,BH_BUY,NASDAQ,META,2026-03-17,,,3.2158752769758925,0.0,7.030822176977006,7.0366882105057424,627.989990234375,628.6179802246093,USD,EURUSD,0.8712319219376199,2026-03-16T16:00:00Z,3.212662614361531,0.0032126626143611503,0.0032094531611997173,,0.0,,285716.4616797531,BH_REINVERSION_DIVIDENDO,,,
1307,2026-03-17T20:00:00Z,CLOSE_DIVIDEND,a4e552abf5c8981083928ed50ab84f51a59a4ce01e43b13aa4e701a4c45ce332,benchmark,BH_DIVIDEND,NYSE,TSM,2026-03-17,,,0.0,11.807430131003725,,,,,USD,EURUSD,0.8672274737663689,2026-03-17T16:00:00Z,,,,11.807430131003725,0.0,,285920.9774371021,DIVIDENDO_BRUTO,,,
1308,2026-03-18T13:30:00Z,OPEN_ENTRY,a4e552abf5c8981083928ed50ab84f51a59a4ce01e43b13aa4e701a4c45ce332,benchmark,BH_BUY,NYSE,TSM,2026-03-18,,,11.807430131003725,0.0,14.241786280397905,14.281082822209786,345.7799987792969,346.12577877807615,USD,EURUSD,0.8672274737663689,2026-03-17T16:00:00Z,11.795634496507219,0.011795634496506224,0.011783850645860723,,0.0,,287963.4915162021,BH_REINVERSION_DIVIDENDO,,,
1309,2026-03-19T16:30:00Z,CLOSE_DIVIDEND,a4e552abf5c8981083928ed50ab84f51a59a4ce01e43b13aa4e701a4c45ce332,benchmark,BH_DIVIDEND,XETRA,IQQK.DE,2026-03-19,,,0.0,7.002836248949736,,,,,EUR,EUR,1.0,,,,,7.002836248949736,0.0,,285519.9270684638,DIVIDENDO_BRUTO,,,
1310,2026-03-20T08:00:00Z,OPEN_ENTRY,a4e552abf5c8981083928ed50ab84f51a59a4ce01e43b13aa4e701a4c45ce332,benchmark,BH_BUY,XETRA,IQQK.DE,2026-03-20,,,7.002836248949736,0.0,28.151766004630037,28.234907234227535,84.05999755859375,84.14405755615233,EUR,EUR,1.0,,6.995840408541195,0.006995840408540843,0.006988851556983333,,0.0,,282576.94980215415,BH_REINVERSION_DIVIDENDO,,,
1311,2026-03-23T16:30:00Z,CLOSE_DIVIDEND,a4e552abf5c8981083928ed50ab84f51a59a4ce01e43b13aa4e701a4c45ce332,benchmark,BH_DIVIDEND,MIL,ENI.MI,2026-03-23,,,0.0,27.84043500403309,,,,,EUR,EUR,1.0,,,,,27.84043500403309,0.0,,274351.47403140203,DIVIDENDO_BRUTO,,,
1312,2026-03-23T20:00:00Z,CLOSE_DIVIDEND,a4e552abf5c8981083928ed50ab84f51a59a4ce01e43b13aa4e701a4c45ce332,benchmark,BH_DIVIDEND,NASDAQ,AVGO,2026-03-23,,,27.84043500403309,41.116215868858305,,,,,USD,EURUSD,0.8623663332183512,2026-03-23T16:00:00Z,,,,13.275780864825217,0.0,,275983.3002611211,DIVIDENDO_BRUTO,,,
1313,2026-03-24T08:00:00Z,OPEN_ENTRY,a4e552abf5c8981083928ed50ab84f51a59a4ce01e43b13aa4e701a4c45ce332,benchmark,BH_BUY,MIL,ENI.MI,2026-03-24,,,41.116215868858305,13.275780864825215,107.07859616935804,108.29990770975836,22.75,22.77275,EUR,EUR,1.0,,27.81262238165144,0.027812622381649277,0.027784837544105493,,0.0,,278663.1188448318,BH_REINVERSION_DIVIDENDO,,,
1314,2026-03-24T13:30:00Z,OPEN_ENTRY,a4e552abf5c8981083928ed50ab84f51a59a4ce01e43b13aa4e701a4c45ce332,benchmark,BH_BUY,NASDAQ,AVGO,2026-03-24,,,13.275780864825215,0.0,23.683993062848185,23.73200510166742,320.0,320.31999999999994,USD,EURUSD,0.8623663332183512,2026-03-23T16:00:00Z,13.262518346478739,0.013262518346477847,0.013249269077398705,,0.0,,278800.16082067223,BH_REINVERSION_DIVIDENDO,,,
1315,2026-03-30T06:30:00Z,CLOSE_DIVIDEND,a4e552abf5c8981083928ed50ab84f51a59a4ce01e43b13aa4e701a4c45ce332,benchmark,BH_DIVIDEND,JPX,6501.T,2026-03-30,,,0.0,17.944871806666065,,,,,JPY,EURJPY,0.005430060816681147,2026-03-27T16:00:00Z,,,,17.944871806666065,0.0,,267138.2449852149,DIVIDENDO_BRUTO,,,
1316,2026-03-30T06:30:00Z,CLOSE_DIVIDEND,a4e552abf5c8981083928ed50ab84f51a59a4ce01e43b13aa4e701a4c45ce332,benchmark,BH_DIVIDEND,JPX,6758.T,2026-03-30,,,17.944871806666065,22.763005963021303,,,,,JPY,EURJPY,0.005430060816681147,2026-03-27T16:00:00Z,,,,4.818134156355238,0.0,,267143.06311937125,DIVIDENDO_BRUTO,,,
1317,2026-03-30T06:30:00Z,CLOSE_DIVIDEND,a4e552abf5c8981083928ed50ab84f51a59a4ce01e43b13aa4e701a4c45ce332,benchmark,BH_DIVIDEND,JPX,6857.T,2026-03-30,,,22.763005963021303,36.50422710110293,,,,,JPY,EURJPY,0.005430060816681147,2026-03-27T16:00:00Z,,,,13.74122113808162,0.0,,267156.80434050935,DIVIDENDO_BRUTO,,,
1318,2026-03-30T06:30:00Z,CLOSE_DIVIDEND,a4e552abf5c8981083928ed50ab84f51a59a4ce01e43b13aa4e701a4c45ce332,benchmark,BH_DIVIDEND,JPX,7011.T,2026-03-30,,,36.50422710110293,57.9785690365798,,,,,JPY,EURJPY,0.005430060816681147,2026-03-27T16:00:00Z,,,,21.474341935476875,0.0,,267178.2786824448,DIVIDENDO_BRUTO,,,
1319,2026-03-30T06:30:00Z,CLOSE_DIVIDEND,a4e552abf5c8981083928ed50ab84f51a59a4ce01e43b13aa4e701a4c45ce332,benchmark,BH_DIVIDEND,JPX,7203.T,2026-03-30,,,57.9785690365798,80.51096720445595,,,,,JPY,EURJPY,0.005430060816681147,2026-03-27T16:00:00Z,,,,22.532398167876153,0.0,,267200.8110806127,DIVIDENDO_BRUTO,,,
1320,2026-03-30T06:30:00Z,CLOSE_DIVIDEND,a4e552abf5c8981083928ed50ab84f51a59a4ce01e43b13aa4e701a4c45ce332,benchmark,BH_DIVIDEND,JPX,8035.T,2026-03-30,,,80.51096720445595,100.28057352645914,,,,,JPY,EURJPY,0.005430060816681147,2026-03-27T16:00:00Z,,,,19.769606322003188,0.0,,267220.5806869347,DIVIDENDO_BRUTO,,,
1321,2026-03-30T20:00:00Z,CLOSE_DIVIDEND,a4e552abf5c8981083928ed50ab84f51a59a4ce01e43b13aa4e701a4c45ce332,benchmark,BH_DIVIDEND,NASDAQ,MU,2026-03-30,,,100.28057352645914,102.88493192335908,,,,,USD,EURUSD,0.8707767328456983,2026-03-30T15:00:00Z,,,,2.604358396899939,0.0,,266970.544786607,DIVIDENDO_BRUTO,,,
1322,2026-03-31T00:00:00Z,OPEN_ENTRY,a4e552abf5c8981083928ed50ab84f51a59a4ce01e43b13aa4e701a4c45ce332,benchmark,BH_BUY,JPX,6501.T,2026-03-31,,,102.88493192335908,84.94006011669302,122.39731821909712,123.13180929198695,4465.0,4469.464999999999,JPY,EURJPY,0.005460899956312801,2026-03-30T15:00:00Z,17.926944861804262,0.01792694486180224,0.017909035825975222,,0.0,,264844.46982840705,BH_REINVERSION_DIVIDENDO,,,
1323,2026-03-31T00:00:00Z,OPEN_ENTRY,a4e552abf5c8981083928ed50ab84f51a59a4ce01e43b13aa4e701a4c45ce332,benchmark,BH_BUY,JPX,6758.T,2026-03-31,,,84.94006011669302,80.12192596033778,70.98460689875046,71.26063660929081,3190.0,3193.1899999999996,JPY,EURJPY,0.005460899956312801,2026-03-30T15:00:00Z,4.813320835519718,0.004813320835519441,0.00480851232319592,,0.0,,264844.4571918326,BH_REINVERSION_DIVIDENDO,,,
1324,2026-03-31T00:00:00Z,OPEN_ENTRY,a4e552abf5c8981083928ed50ab84f51a59a4ce01e43b13aa4e701a4c45ce332,benchmark,BH_BUY,JPX,6857.T,2026-03-31,,,80.12192596033778,66.38070482225615,84.35277615963703,84.4776527070662,20110.0,20130.109999999997,JPY,EURJPY,0.005460899956312801,2026-03-30T15:00:00Z,13.727493644437185,0.01372749364443493,0.01371377986457053,,0.0,,264844.9855303,BH_REINVERSION_DIVIDENDO,,,
1325,2026-03-31T00:00:00Z,OPEN_ENTRY,a4e552abf5c8981083928ed50ab84f51a59a4ce01e43b13aa4e701a4c45ce332,benchmark,BH_BUY,JPX,7011.T,2026-03-31,,,66.38070482225615,44.90636288677928,304.2088316028786,305.1283556220137,4268.0,4272.267999999999,JPY,EURJPY,0.005460899956312801,2026-03-30T15:00:00Z,21.452889046430446,0.02145288904642939,0.02143145758883719,,0.0,,264845.69586025475,BH_REINVERSION_DIVIDENDO,,,
1326,2026-03-31T00:00:00Z,OPEN_ENTRY,a4e552abf5c8981083928ed50ab84f51a59a4ce01e43b13aa4e701a4c45ce332,benchmark,BH_BUY,JPX,7203.T,2026-03-31,,,44.90636288677928,22.373964718903125,82.99132893192144,84.27817044720608,3200.0,3203.2,JPY,EURJPY,0.005460899956312801,2026-03-30T15:00:00Z,22.50988827959656,0.022509888279593326,0.022487400878716562,,0.0,,264845.8195184722,BH_REINVERSION_DIVIDENDO,,,
1327,2026-03-31T00:00:00Z,OPEN_ENTRY,a4e552abf5c8981083928ed50ab84f51a59a4ce01e43b13aa4e701a4c45ce332,benchmark,BH_BUY,JPX,8035.T,2026-03-31,,,22.373964718903125,2.6043583968999364,10.002117308406888,10.099897571877362,36950.0,36986.95,JPY,EURJPY,0.005460899956312801,2026-03-30T15:00:00Z,19.749856465537654,0.019749856465534066,0.0197301263391969,,0.0,,264846.7892384564,BH_REINVERSION_DIVIDENDO,,,
1328,2026-03-31T13:30:00Z,OPEN_ENTRY,a4e552abf5c8981083928ed50ab84f51a59a4ce01e43b13aa4e701a4c45ce332,benchmark,BH_BUY,NASDAQ,MU,2026-03-31,,,2.6043583968999364,0.0,19.938967886665935,19.94824718634766,321.6700134277344,321.9916834411621,USD,EURUSD,0.8707767328456983,2026-03-30T15:00:00Z,2.60175664025968,0.0026017566402591896,0.002599157482776676,,0.0,,264028.7118567894,BH_REINVERSION_DIVIDENDO,,,
1329,2026-03-31T15:30:00Z,CLOSE_DIVIDEND,a4e552abf5c8981083928ed50ab84f51a59a4ce01e43b13aa4e701a4c45ce332,benchmark,BH_DIVIDEND,PAR,TTE.PA,2026-03-31,,,0.0,21.780774438288656,,,,,EUR,EUR,1.0,,,,,21.780774438288656,0.0,,263850.98670428223,DIVIDENDO_BRUTO,,,
1330,2026-04-01T07:00:00Z,OPEN_ENTRY,a4e552abf5c8981083928ed50ab84f51a59a4ce01e43b13aa4e701a4c45ce332,benchmark,BH_BUY,PAR,TTE.PA,2026-04-01,,,21.780774438288656,0.0,25.624440515633715,25.896156492442728,80.0,80.07999999999998,EUR,EUR,1.0,,21.759015422865794,0.021759015422862404,0.02173727814471675,,0.0,,272497.10409826605,BH_REINVERSION_DIVIDENDO,,,
1331,2026-04-02T15:30:00Z,CLOSE_DIVIDEND,a4e552abf5c8981083928ed50ab84f51a59a4ce01e43b13aa4e701a4c45ce332,benchmark,BH_DIVIDEND,XETRA,DTE.DE,2026-04-02,,,0.0,68.18491137353021,,,,,EUR,EUR,1.0,,,,,68.18491137353021,0.0,,276698.2136619611,DIVIDENDO_BRUTO,,,
1332,2026-04-07T07:00:00Z,OPEN_ENTRY,a4e552abf5c8981083928ed50ab84f51a59a4ce01e43b13aa4e701a4c45ce332,benchmark,BH_BUY,XETRA,DTE.DE,2026-04-07,,,68.18491137353021,0.0,68.18491137353021,70.41090896961914,30.56999969482422,30.600569694519038,EUR,EUR,1.0,,68.11679457895127,0.06811679457894115,0.06804874583310704,,0.0,,278085.6235588447,BH_REINVERSION_DIVIDENDO,,,
1333,2026-04-08T15:30:00Z,CLOSE_DIVIDEND,a4e552abf5c8981083928ed50ab84f51a59a4ce01e43b13aa4e701a4c45ce332,benchmark,BH_DIVIDEND,MCE,BBVA.MC,2026-04-08,,,0.0,195.5178263237395,,,,,EUR,EUR,1.0,,,,,195.5178263237395,0.0,,277820.9181591402,DIVIDENDO_BRUTO,,,
1334,2026-04-09T07:00:00Z,OPEN_ENTRY,a4e552abf5c8981083928ed50ab84f51a59a4ce01e43b13aa4e701a4c45ce332,benchmark,BH_BUY,MCE,BBVA.MC,2026-04-09,,,195.5178263237395,0.0,325.8630438728992,335.8747103036311,19.489999771118164,19.50948977088928,EUR,EUR,1.0,,195.3225038199196,0.19532250381990934,0.19512737644346986,,0.0,,285287.5008170181,BH_REINVERSION_DIVIDENDO,,,
1335,2026-04-09T20:00:00Z,CLOSE_DIVIDEND,a4e552abf5c8981083928ed50ab84f51a59a4ce01e43b13aa4e701a4c45ce332,benchmark,BH_DIVIDEND,NYSE,CRM,2026-04-09,,,0.0,2.6187923342315127,,,,,USD,EURUSD,0.8557980316645271,2026-04-09T15:00:00Z,,,,2.6187923342315127,0.0,,284990.86126548663,DIVIDENDO_BRUTO,,,
1336,2026-04-09T20:00:00Z,CLOSE_DIVIDEND,a4e552abf5c8981083928ed50ab84f51a59a4ce01e43b13aa4e701a4c45ce332,benchmark,BH_DIVIDEND,NYSE,MA,2026-04-09,,,2.6187923342315127,5.375841026591528,,,,,USD,EURUSD,0.8557980316645271,2026-04-09T15:00:00Z,,,,2.7570486923600153,0.0,,284993.618314179,DIVIDENDO_BRUTO,,,
1337,2026-04-09T20:00:00Z,CLOSE_DIVIDEND,a4e552abf5c8981083928ed50ab84f51a59a4ce01e43b13aa4e701a4c45ce332,benchmark,BH_DIVIDEND,NYSE,ORCL,2026-04-09,,,5.375841026591528,12.615234556658898,,,,,USD,EURUSD,0.8557980316645271,2026-04-09T15:00:00Z,,,,7.239393530067369,0.0,,285000.8577077091,DIVIDENDO_BRUTO,,,
1338,2026-04-10T13:30:00Z,OPEN_ENTRY,a4e552abf5c8981083928ed50ab84f51a59a4ce01e43b13aa4e701a4c45ce332,benchmark,BH_BUY,NYSE,CRM,2026-04-10,,,12.615234556658898,9.996442222427385,6.954679187612553,6.972511419253165,171.25999450683594,171.43125450134275,USD,EURUSD,0.8557980316645271,2026-04-09T15:00:00Z,2.6161761580734395,0.0026161761580731913,0.0026135625954775976,,0.0,,284009.93718553364,BH_REINVERSION_DIVIDENDO,,,
1339,2026-04-10T13:30:00Z,OPEN_ENTRY,a4e552abf5c8981083928ed50ab84f51a59a4ce01e43b13aa4e701a4c45ce332,benchmark,BH_BUY,NYSE,MA,2026-04-10,,,9.996442222427385,7.239393530067369,3.703001605773194,3.7094062147723124,502.010009765625,502.51201977539057,USD,EURUSD,0.8557980316645271,2026-04-09T15:00:00Z,2.7542943979620533,0.0027542943979619317,0.0027515428551066453,,0.0,,284009.94023012376,BH_REINVERSION_DIVIDENDO,,,
1340,2026-04-10T13:30:00Z,OPEN_ENTRY,a4e552abf5c8981083928ed50ab84f51a59a4ce01e43b13aa4e701a4c45ce332,benchmark,BH_BUY,NYSE,ORCL,2026-04-10,,,7.239393530067369,0.0,16.918462679767444,16.979941981914365,137.32000732421875,137.45732733154296,USD,EURUSD,0.8557980316645271,2026-04-09T15:00:00Z,7.232161368698671,0.007232161368698087,0.007224936432265736,,0.0,,284009.9541841603,BH_REINVERSION_DIVIDENDO,,,
1341,2026-04-10T20:00:00Z,CLOSE_DIVIDEND,a4e552abf5c8981083928ed50ab84f51a59a4ce01e43b13aa4e701a4c45ce332,benchmark,BH_DIVIDEND,NASDAQ,MRVL,2026-04-10,,,0.0,1.2184455008118251,,,,,USD,EURUSD,0.853898044573478,2026-04-10T15:00:00Z,,,,1.2184455008118251,0.0,,284058.0321823898,DIVIDENDO_BRUTO,,,
1342,2026-04-13T13:30:00Z,OPEN_ENTRY,a4e552abf5c8981083928ed50ab84f51a59a4ce01e43b13aa4e701a4c45ce332,benchmark,BH_BUY,NASDAQ,MRVL,2026-04-13,,,1.2184455008118251,0.0,23.782025433345474,23.792982361441478,129.97000122070312,130.09997122192382,USD,EURUSD,0.853898044573478,2026-04-10T15:00:00Z,1.217228272539286,0.001217228272539117,0.0012160122602789625,,0.0,,284290.0035208993,BH_REINVERSION_DIVIDENDO,,,
1343,2026-04-15T15:30:00Z,CLOSE_DIVIDEND,a4e552abf5c8981083928ed50ab84f51a59a4ce01e43b13aa4e701a4c45ce332,benchmark,BH_DIVIDEND,XETRA,EXH1.DE,2026-04-15,,,0.0,15.170106742975918,,,,,EUR,EUR,1.0,,,,,15.170106742975918,0.0,,292620.3122131943,DIVIDENDO_BRUTO,,,
1344,2026-04-15T15:30:00Z,CLOSE_DIVIDEND,a4e552abf5c8981083928ed50ab84f51a59a4ce01e43b13aa4e701a4c45ce332,benchmark,BH_DIVIDEND,XETRA,EXV1.DE,2026-04-15,,,15.170106742975918,18.182332502252606,,,,,EUR,EUR,1.0,,,,,3.012225759276689,0.0,,292623.3244389536,DIVIDENDO_BRUTO,,,
1345,2026-04-15T20:00:00Z,CLOSE_DIVIDEND,a4e552abf5c8981083928ed50ab84f51a59a4ce01e43b13aa4e701a4c45ce332,benchmark,BH_DIVIDEND,NYSE,ABBV,2026-04-15,,,18.182332502252606,32.19105207689448,,,,,USD,EURUSD,0.8488964346349746,2026-04-15T15:00:00Z,,,,14.008719574641871,0.0,,291911.7289694332,DIVIDENDO_BRUTO,,,
1346,2026-04-16T07:00:00Z,OPEN_ENTRY,a4e552abf5c8981083928ed50ab84f51a59a4ce01e43b13aa4e701a4c45ce332,benchmark,BH_BUY,XETRA,EXH1.DE,2026-04-16,,,32.19105207689448,17.02094533391856,37.66874271951986,37.95062341654602,53.709999084472656,53.763709083557124,EUR,EUR,1.0,,15.154951791184734,0.015154951791183535,0.015139811979204233,,0.0,,295527.98700211477,BH_REINVERSION_DIVIDENDO,,,
1347,2026-04-16T07:00:00Z,OPEN_ENTRY,a4e552abf5c8981083928ed50ab84f51a59a4ce01e43b13aa4e701a4c45ce332,benchmark,BH_BUY,XETRA,EXV1.DE,2026-04-16,,,17.02094533391856,14.008719574641873,104.99950359999612,105.08117190263799,36.810001373291016,36.846811374664306,EUR,EUR,1.0,,3.0092165427339554,0.0030092165427335615,0.0030062103324014658,,0.0,,295527.9752699316,BH_REINVERSION_DIVIDENDO,,,
1348,2026-04-16T13:30:00Z,OPEN_ENTRY,a4e552abf5c8981083928ed50ab84f51a59a4ce01e43b13aa4e701a4c45ce332,benchmark,BH_BUY,NYSE,ABBV,2026-04-16,,,14.008719574641873,0.0,9.538885351981575,9.618148595090899,207.77999877929688,207.98777877807615,USD,EURUSD,0.8488964346349746,2026-04-15T15:00:00Z,13.99472484979208,0.01399472484979114,0.01398074410568479,,0.0,,295754.65352613013,BH_REINVERSION_DIVIDENDO,,,
1349,2026-04-17T15:30:00Z,CLOSE_DIVIDEND,a4e552abf5c8981083928ed50ab84f51a59a4ce01e43b13aa4e701a4c45ce332,benchmark,BH_DIVIDEND,XETRA,MBG.DE,2026-04-17,,,0.0,78.27584279840886,,,,,EUR,EUR,1.0,,,,,78.27584279840886,0.0,,294865.54667979217,DIVIDENDO_BRUTO,,,
1350,2026-04-20T07:00:00Z,OPEN_ENTRY,a4e552abf5c8981083928ed50ab84f51a59a4ce01e43b13aa4e701a4c45ce332,benchmark,BH_BUY,XETRA,MBG.DE,2026-04-20,,,78.27584279840886,0.0,22.364526513831102,23.878764261390195,51.59000015258789,51.64159015274047,EUR,EUR,1.0,,78.1976451532556,0.07819764515325289,0.078119525627615,,0.0,,298922.6147595525,BH_REINVERSION_DIVIDENDO,,,
1351,2026-04-20T15:30:00Z,CLOSE_DIVIDEND,a4e552abf5c8981083928ed50ab84f51a59a4ce01e43b13aa4e701a4c45ce332,benchmark,BH_DIVIDEND,MIL,RACE.MI,2026-04-20,,,0.0,24.66155263441859,,,,,EUR,EUR,1.0,,,,,24.66155263441859,0.0,,299613.06100775325,DIVIDENDO_BRUTO,,,
1352,2026-04-20T20:00:00Z,CLOSE_DIVIDEND,a4e552abf5c8981083928ed50ab84f51a59a4ce01e43b13aa4e701a4c45ce332,benchmark,BH_DIVIDEND,NYSE,CAT,2026-04-20,,,24.66155263441859,32.30845964085747,,,,,USD,EURUSD,0.8503401360544218,2026-04-20T15:00:00Z,,,,7.646907006438883,0.0,,297819.67284258164,DIVIDENDO_BRUTO,,,
1353,2026-04-21T07:00:00Z,OPEN_ENTRY,a4e552abf5c8981083928ed50ab84f51a59a4ce01e43b13aa4e701a4c45ce332,benchmark,BH_BUY,MIL,RACE.MI,2026-04-21,,,32.30845964085747,7.64690700643888,6.822006261249956,6.900264777673755,314.5,314.81449999999995,EUR,EUR,1.0,,24.636915718699893,0.024636915718698305,0.02461230341528091,,0.0,,297907.6947353936,BH_REINVERSION_DIVIDENDO,,,
1354,2026-04-21T13:30:00Z,OPEN_ENTRY,a4e552abf5c8981083928ed50ab84f51a59a4ce01e43b13aa4e701a4c45ce332,benchmark,BH_BUY,NYSE,CAT,2026-04-21,,,7.64690700643888,0.0,5.955471946736507,5.966622433768374,804.8800048828125,805.6848848876953,USD,EURUSD,0.8503401360544218,2026-04-20T15:00:00Z,7.639267738700184,0.0076392677386989405,0.007631636102597103,,0.0,,297896.8518842838,BH_REINVERSION_DIVIDENDO,,,
1355,2026-04-21T15:30:00Z,CLOSE_DIVIDEND,a4e552abf5c8981083928ed50ab84f51a59a4ce01e43b13aa4e701a4c45ce332,benchmark,BH_DIVIDEND,PAR,AIR.PA,2026-04-21,,,0.0,37.958826310333706,,,,,EUR,EUR,1.0,,,,,37.958826310333706,0.0,,297807.1462897987,DIVIDENDO_BRUTO,,,
1356,2026-04-22T07:00:00Z,OPEN_ENTRY,a4e552abf5c8981083928ed50ab84f51a59a4ce01e43b13aa4e701a4c45ce332,benchmark,BH_BUY,PAR,AIR.PA,2026-04-22,,,37.958826310333706,0.0,11.862133221979283,12.083671364567273,171.0,171.171,EUR,EUR,1.0,,37.92090540492878,0.0379209054049241,0.03788302238254452,,0.0,,295356.3469776063,BH_REINVERSION_DIVIDENDO,,,
1357,2026-04-23T15:30:00Z,CLOSE_DIVIDEND,a4e552abf5c8981083928ed50ab84f51a59a4ce01e43b13aa4e701a4c45ce332,benchmark,BH_DIVIDEND,XETRA,BSP.DE,2026-04-23,,,0.0,35.55024413152388,,,,,EUR,EUR,1.0,,,,,35.55024413152388,0.0,,300837.2120301916,DIVIDENDO_BRUTO,,,
1358,2026-04-23T15:30:00Z,CLOSE_DIVIDEND,a4e552abf5c8981083928ed50ab84f51a59a4ce01e43b13aa4e701a4c45ce332,benchmark,BH_DIVIDEND,XETRA,RRU.DE,2026-04-23,,,35.55024413152388,99.45844944298364,,,,,EUR,EUR,1.0,,,,,63.90820531145976,0.0,,300901.12023550307,DIVIDENDO_BRUTO,,,
1359,2026-04-24T07:00:00Z,OPEN_ENTRY,a4e552abf5c8981083928ed50ab84f51a59a4ce01e43b13aa4e701a4c45ce332,benchmark,BH_BUY,XETRA,BSP.DE,2026-04-24,,,99.45844944298364,63.90820531145975,133.50639899295888,135.0027824396881,23.709999084472656,23.733709083557127,EUR,EUR,1.0,,35.514729402121766,0.03551472940211653,0.03547925015196653,,0.0,,298589.323976575,BH_REINVERSION_DIVIDENDO,,,
1360,2026-04-24T07:00:00Z,OPEN_ENTRY,a4e552abf5c8981083928ed50ab84f51a59a4ce01e43b13aa4e701a4c45ce332,benchmark,BH_BUY,XETRA,RRU.DE,2026-04-24,,,63.90820531145975,0.0,1094.412283782169,1099.2302759845018,13.23799991607666,13.251237915992736,EUR,EUR,1.0,,63.844360950509255,0.06384436095050461,0.06378058037013323,,0.0,,298590.1503138692,BH_REINVERSION_DIVIDENDO,,,
1361,2026-04-24T15:30:00Z,CLOSE_DIVIDEND,a4e552abf5c8981083928ed50ab84f51a59a4ce01e43b13aa4e701a4c45ce332,benchmark,BH_DIVIDEND,AMS,ASML.AS,2026-04-24,,,0.0,6.404935471517051,,,,,EUR,EUR,1.0,,,,,6.404935471517051,0.0,,298341.7735150173,DIVIDENDO_BRUTO,,,
1362,2026-04-27T07:00:00Z,OPEN_ENTRY,a4e552abf5c8981083928ed50ab84f51a59a4ce01e43b13aa4e701a4c45ce332,benchmark,BH_BUY,AMS,ASML.AS,2026-04-27,,,6.404935471517051,0.0,2.372198322784093,2.377328455039143,1246.0,1247.2459999999999,EUR,EUR,1.0,,6.398536934582469,0.006398536934582033,0.006392144789791996,,0.0,,301899.3145602487,BH_REINVERSION_DIVIDENDO,,,
1363,2026-04-28T15:30:00Z,CLOSE_DIVIDEND,a4e552abf5c8981083928ed50ab84f51a59a4ce01e43b13aa4e701a4c45ce332,benchmark,BH_DIVIDEND,PAR,MC.PA,2026-04-28,,,0.0,15.958796427558473,,,,,EUR,EUR,1.0,,,,,15.958796427558473,0.0,,301260.3177790501,DIVIDENDO_BRUTO,,,
1364,2026-04-29T07:00:00Z,OPEN_ENTRY,a4e552abf5c8981083928ed50ab84f51a59a4ce01e43b13aa4e701a4c45ce332,benchmark,BH_BUY,PAR,MC.PA,2026-04-29,,,15.958796427558473,0.0,2.127839523674463,2.1630293743871354,452.6000061035156,453.0526061096191,EUR,EUR,1.0,,15.942853573984491,0.015942853573982063,0.01592692664733543,,0.0,,297909.46920577,BH_REINVERSION_DIVIDENDO,,,
1365,2026-04-29T15:30:00Z,CLOSE_DIVIDEND,a4e552abf5c8981083928ed50ab84f51a59a4ce01e43b13aa4e701a4c45ce332,benchmark,BH_DIVIDEND,MCE,ITX.MC,2026-04-29,,,0.0,48.80939230181457,,,,,EUR,EUR,1.0,,,,,48.80939230181457,0.0,,297624.89911410847,DIVIDENDO_BRUTO,,,
1366,2026-04-29T15:30:00Z,CLOSE_DIVIDEND,a4e552abf5c8981083928ed50ab84f51a59a4ce01e43b13aa4e701a4c45ce332,benchmark,BH_DIVIDEND,PAR,OR.PA,2026-04-29,,,48.80939230181457,75.8737547665539,,,,,EUR,EUR,1.0,,,,,27.06436246473934,0.0,,297651.9634765732,DIVIDENDO_BRUTO,,,
1367,2026-04-30T07:00:00Z,OPEN_ENTRY,a4e552abf5c8981083928ed50ab84f51a59a4ce01e43b13aa4e701a4c45ce332,benchmark,BH_BUY,MCE,ITX.MC,2026-04-30,,,75.8737547665539,27.064362464739332,55.782162630645225,56.754456467651146,50.099998474121094,50.15009847259521,EUR,EUR,1.0,,48.76063167014443,0.04876063167014166,0.04871191975039011,,0.0,,296201.5311960362,BH_REINVERSION_DIVIDENDO,,,
1368,2026-04-30T07:00:00Z,OPEN_ENTRY,a4e552abf5c8981083928ed50ab84f51a59a4ce01e43b13aa4e701a4c45ce332,benchmark,BH_BUY,PAR,OR.PA,2026-04-30,,,27.064362464739332,0.0,3.7589392312137972,3.833801525389577,360.79998779296875,361.16078778076167,EUR,EUR,1.0,,27.037325139599744,0.027037325139595225,0.027010314824771023,,0.0,,296201.83648877905,BH_REINVERSION_DIVIDENDO,,,
1369,2026-04-30T15:30:00Z,CLOSE_DIVIDEND,a4e552abf5c8981083928ed50ab84f51a59a4ce01e43b13aa4e701a4c45ce332,benchmark,BH_DIVIDEND,XETRA,MUV2.DE,2026-04-30,,,0.0,134.11159025168456,,,,,EUR,EUR,1.0,,,,,134.11159025168456,0.0,,296808.520582667,DIVIDENDO_BRUTO,,,
1370,2026-05-04T07:00:00Z,OPEN_ENTRY,a4e552abf5c8981083928ed50ab84f51a59a4ce01e43b13aa4e701a4c45ce332,benchmark,BH_BUY,XETRA,MUV2.DE,2026-05-04,,,134.11159025168456,0.0,5.587982927153523,5.8511440896859,508.6000061035156,509.1086061096191,EUR,EUR,1.0,,133.97761263904553,0.13397761263902908,0.133843768870158,,0.0,,302407.1610104874,BH_REINVERSION_DIVIDENDO,,,
1371,2026-05-06T15:30:00Z,CLOSE_DIVIDEND,a4e552abf5c8981083928ed50ab84f51a59a4ce01e43b13aa4e701a4c45ce332,benchmark,BH_DIVIDEND,XETRA,SAP.DE,2026-05-06,,,0.0,32.50549676443304,,,,,EUR,EUR,1.0,,,,,32.50549676443304,0.0,,304898.51360104483,DIVIDENDO_BRUTO,,,
1372,2026-05-07T07:00:00Z,OPEN_ENTRY,a4e552abf5c8981083928ed50ab84f51a59a4ce01e43b13aa4e701a4c45ce332,benchmark,BH_BUY,XETRA,SAP.DE,2026-05-07,,,32.50549676443304,0.0,13.002198705773216,13.217607615751856,150.60000610351562,150.75060610961913,EUR,EUR,1.0,,32.473023740692355,0.03247302374068539,0.03244058315753198,,0.0,,312171.9550797459,BH_REINVERSION_DIVIDENDO,,,
1373,2026-05-08T15:30:00Z,CLOSE_DIVIDEND,a4e552abf5c8981083928ed50ab84f51a59a4ce01e43b13aa4e701a4c45ce332,benchmark,BH_DIVIDEND,XETRA,ALV.DE,2026-05-08,,,0.0,119.545367865541,,,,,EUR,EUR,1.0,,,,,119.545367865541,0.0,,311445.11192680546,DIVIDENDO_BRUTO,,,
1374,2026-05-11T07:00:00Z,OPEN_ENTRY,a4e552abf5c8981083928ed50ab84f51a59a4ce01e43b13aa4e701a4c45ce332,benchmark,BH_BUY,XETRA,ALV.DE,2026-05-11,,,119.545367865541,0.0,6.990957185119356,7.314106240763014,369.20001220703125,369.56921221923824,EUR,EUR,1.0,,119.42594192361739,0.119425941923609,0.11930663528831525,,0.0,,312992.044639505,BH_REINVERSION_DIVIDENDO,,,
1375,2026-05-11T15:30:00Z,CLOSE_DIVIDEND,a4e552abf5c8981083928ed50ab84f51a59a4ce01e43b13aa4e701a4c45ce332,benchmark,BH_DIVIDEND,PAR,SU.PA,2026-05-11,,,0.0,40.7922375266401,,,,,EUR,EUR,1.0,,,,,40.7922375266401,0.0,,312825.2471085218,DIVIDENDO_BRUTO,,,
1376,2026-05-11T20:00:00Z,CLOSE_DIVIDEND,a4e552abf5c8981083928ed50ab84f51a59a4ce01e43b13aa4e701a4c45ce332,benchmark,BH_DIVIDEND,NASDAQ,AAPL,2026-05-11,,,40.7922375266401,42.828719955142724,,,,,USD,EURUSD,0.8499787505312366,2026-05-11T15:00:00Z,,,,2.0364824285026226,0.0,,313080.6598413126,DIVIDENDO_BRUTO,,,
1377,2026-05-12T07:00:00Z,OPEN_ENTRY,a4e552abf5c8981083928ed50ab84f51a59a4ce01e43b13aa4e701a4c45ce332,benchmark,BH_BUY,PAR,SU.PA,2026-05-12,,,42.828719955142724,2.036482428502623,9.71243750634288,9.86369433780687,269.1499938964844,269.41914389038084,EUR,EUR,1.0,,40.7514860405995,0.040751486040598195,0.04071077526533087,,0.0,,315004.61921067396,BH_REINVERSION_DIVIDENDO,,,
1378,2026-05-12T13:30:00Z,OPEN_ENTRY,a4e552abf5c8981083928ed50ab84f51a59a4ce01e43b13aa4e701a4c45ce332,benchmark,BH_BUY,NASDAQ,AAPL,2026-05-12,,,2.036482428502623,0.0,8.873783619012354,8.881956769587026,292.55999755859375,292.8525575561523,USD,EURUSD,0.8499787505312366,2026-05-11T15:00:00Z,2.034447980522101,0.0020344479805216586,0.0020324155649568787,,0.0,,314956.96481679345,BH_REINVERSION_DIVIDENDO,,,
1379,2026-05-12T20:00:00Z,CLOSE_DIVIDEND,a4e552abf5c8981083928ed50ab84f51a59a4ce01e43b13aa4e701a4c45ce332,benchmark,BH_DIVIDEND,NYSE,V,2026-05-12,,,0.0,3.5332581817078133,,,,,USD,EURUSD,0.8519338899301414,2026-05-12T15:00:00Z,,,,3.5332581817078133,0.0,,312314.10056614556,DIVIDENDO_BRUTO,,,
1380,2026-05-13T13:30:00Z,OPEN_ENTRY,a4e552abf5c8981083928ed50ab84f51a59a4ce01e43b13aa4e701a4c45ce332,benchmark,BH_BUY,NYSE,V,2026-05-13,,,3.5332581817078133,0.0,6.190057393565121,6.202840543424589,323.7900085449219,324.1137985534668,USD,EURUSD,0.8519338899301414,2026-05-12T15:00:00Z,3.529728453254559,0.003529728453254055,0.0035262022510033626,,0.0,,310971.73351220944,BH_REINVERSION_DIVIDENDO,,,
1381,2026-05-15T08:00:00Z,CLOSE_DIVIDEND,a4e552abf5c8981083928ed50ab84f51a59a4ce01e43b13aa4e701a4c45ce332,benchmark,BH_DIVIDEND,HKG,0700.HK,2026-05-15,,,0.0,15.453945371545878,,,,,HKD,EURHKD,0.10909646309266653,2026-05-14T15:00:00Z,,,,15.453945371545878,0.0,,316197.63133665075,DIVIDENDO_BRUTO,,,
1382,2026-05-15T20:00:00Z,CLOSE_DIVIDEND,a4e552abf5c8981083928ed50ab84f51a59a4ce01e43b13aa4e701a4c45ce332,benchmark,BH_DIVIDEND,NYSE,LLY,2026-05-15,,,15.453945371545878,21.608042857123852,,,,,USD,EURUSD,0.8599931200550395,2026-05-15T15:00:00Z,,,,6.154097485577974,0.0,,314106.3078443967,DIVIDENDO_BRUTO,,,
1383,2026-05-15T20:00:00Z,CLOSE_DIVIDEND,a4e552abf5c8981083928ed50ab84f51a59a4ce01e43b13aa4e701a4c45ce332,benchmark,BH_DIVIDEND,NYSE,XOM,2026-05-15,,,21.608042857123852,33.58511281397796,,,,,USD,EURUSD,0.8599931200550395,2026-05-15T15:00:00Z,,,,11.977069956854102,0.0,,314118.2849143535,DIVIDENDO_BRUTO,,,
1384,2026-05-18T01:30:00Z,OPEN_ENTRY,a4e552abf5c8981083928ed50ab84f51a59a4ce01e43b13aa4e701a4c45ce332,benchmark,BH_BUY,HKG,0700.HK,2026-05-18,,,33.58511281397796,18.13116744243208,26.727161144276195,27.0358431496625,455.0,455.4549999999999,HKD,EURHKD,0.10981167298083785,2026-05-15T15:00:00Z,15.438506864681198,0.015438506864679624,0.015423083780897833,,0.0,,311432.91816233855,BH_REINVERSION_DIVIDENDO,,,
1385,2026-05-18T13:30:00Z,OPEN_ENTRY,a4e552abf5c8981083928ed50ab84f51a59a4ce01e43b13aa4e701a4c45ce332,benchmark,BH_BUY,NYSE,LLY,2026-05-18,,,18.13116744243208,11.977069956854105,4.136407257936456,4.143544598289875,1000.6099853515625,1001.610595336914,USD,EURUSD,0.8599931200550395,2026-05-15T15:00:00Z,6.147949536041933,0.006147949536041253,0.006141807728313252,,0.0,,311230.85043782595,BH_REINVERSION_DIVIDENDO,,,
1386,2026-05-18T13:30:00Z,OPEN_ENTRY,a4e552abf5c8981083928ed50ab84f51a59a4ce01e43b13aa4e701a4c45ce332,benchmark,BH_BUY,NYSE,XOM,2026-05-18,,,11.977069956854105,0.0,13.521298005660146,13.6096473836796,157.32000732421875,157.47732733154294,USD,EURUSD,0.8599931200550395,2026-05-15T15:00:00Z,11.965104852002101,0.011965104852000863,0.011953151700299454,,0.0,,311230.87210678816,BH_REINVERSION_DIVIDENDO,,,
1387,2026-05-18T15:30:00Z,CLOSE_DIVIDEND,a4e552abf5c8981083928ed50ab84f51a59a4ce01e43b13aa4e701a4c45ce332,benchmark,BH_DIVIDEND,MIL,ENI.MI,2026-05-18,,,0.0,29.24097508163476,,,,,EUR,EUR,1.0,,,,,29.24097508163476,0.0,,310892.86973267567,DIVIDENDO_BRUTO,,,
1388,2026-05-19T07:00:00Z,OPEN_ENTRY,a4e552abf5c8981083928ed50ab84f51a59a4ce01e43b13aa4e701a4c45ce332,benchmark,BH_BUY,MIL,ENI.MI,2026-05-19,,,29.24097508163476,0.0,108.29990770975836,109.52606660358457,23.799999237060547,23.823799236297607,EUR,EUR,1.0,,29.211763318316446,0.029211763318311768,0.02918258073757779,,0.0,,309597.73999893566,BH_REINVERSION_DIVIDENDO,,,
1389,2026-05-19T20:00:00Z,CLOSE_DIVIDEND,a4e552abf5c8981083928ed50ab84f51a59a4ce01e43b13aa4e701a4c45ce332,benchmark,BH_DIVIDEND,NYSE,CVX,2026-05-19,,,0.0,12.207516533848043,,,,,USD,EURUSD,0.8605851979345955,2026-05-19T15:00:00Z,,,,12.207516533848043,0.0,,309877.6547143109,DIVIDENDO_BRUTO,,,
1390,2026-05-20T13:30:00Z,OPEN_ENTRY,a4e552abf5c8981083928ed50ab84f51a59a4ce01e43b13aa4e701a4c45ce332,benchmark,BH_BUY,NYSE,CVX,2026-05-20,,,12.207516533848043,0.0,7.969176523781699,8.04131311711999,196.25,196.44625,USD,EURUSD,0.8605851979345955,2026-05-19T15:00:00Z,12.19532121263541,0.012195321212633559,0.012183138074560354,,0.0,,308845.94373348186,BH_REINVERSION_DIVIDENDO,,,
1391,2026-05-21T15:30:00Z,CLOSE_DIVIDEND,a4e552abf5c8981083928ed50ab84f51a59a4ce01e43b13aa4e701a4c45ce332,benchmark,BH_DIVIDEND,MCE,IBE.MC,2026-05-21,,,0.0,0.6546297285219095,,,,,EUR,EUR,1.0,,,,,0.6546297285219095,0.0,,316242.933872188,DIVIDENDO_BRUTO,,,
1392,2026-05-21T15:30:00Z,CLOSE_DIVIDEND,a4e552abf5c8981083928ed50ab84f51a59a4ce01e43b13aa4e701a4c45ce332,benchmark,BH_DIVIDEND,XETRA,R6C0.DE,2026-05-21,,,0.6546297285219095,16.632411685494812,,,,,EUR,EUR,1.0,,,,,15.977781956972903,0.0,,316258.91165414493,DIVIDENDO_BRUTO,,,
1393,2026-05-21T20:00:00Z,CLOSE_DIVIDEND,a4e552abf5c8981083928ed50ab84f51a59a4ce01e43b13aa4e701a4c45ce332,benchmark,BH_DIVIDEND,NASDAQ,AMAT,2026-05-21,,,16.632411685494812,22.254248647920214,,,,,USD,EURUSD,0.8621432882145013,2026-05-21T15:00:00Z,,,,5.6218369624254,0.0,,316080.81252881297,DIVIDENDO_BRUTO,,,
1394,2026-05-21T20:00:00Z,CLOSE_DIVIDEND,a4e552abf5c8981083928ed50ab84f51a59a4ce01e43b13aa4e701a4c45ce332,benchmark,BH_DIVIDEND,NASDAQ,MSFT,2026-05-21,,,22.254248647920214,26.101051886433822,,,,,USD,EURUSD,0.8621432882145013,2026-05-21T15:00:00Z,,,,3.846803238513609,0.0,,316084.6593320515,DIVIDENDO_BRUTO,,,
1395,2026-05-22T07:00:00Z,OPEN_ENTRY,a4e552abf5c8981083928ed50ab84f51a59a4ce01e43b13aa4e701a4c45ce332,benchmark,BH_BUY,MCE,IBE.MC,2026-05-22,,,26.101051886433822,25.44642215791191,130.9259457043819,130.9591767539958,19.65999984741211,19.67965984725952,EUR,EUR,1.0,,0.6539757527691404,0.0006539757527690426,0.0006533224303387045,,0.0,,317248.3500134667,BH_REINVERSION_DIVIDENDO,,,
1396,2026-05-22T07:00:00Z,OPEN_ENTRY,a4e552abf5c8981083928ed50ab84f51a59a4ce01e43b13aa4e701a4c45ce332,benchmark,BH_BUY,XETRA,R6C0.DE,2026-05-22,,,25.44642215791191,9.468640200939008,47.3994695297851,47.8285834783333,37.15999984741211,37.19715984725952,EUR,EUR,1.0,,15.961820136836069,0.015961820136833893,0.01594587426257303,,0.0,,317248.45971416106,BH_REINVERSION_DIVIDENDO,,,
1397,2026-05-22T13:30:00Z,OPEN_ENTRY,a4e552abf5c8981083928ed50ab84f51a59a4ce01e43b13aa4e701a4c45ce332,benchmark,BH_BUY,NASDAQ,AMAT,2026-05-22,,,9.468640200939008,3.8468032385136084,12.303337156070228,12.318319881061917,434.3500061035156,434.78435610961907,USD,EURUSD,0.8621432882145013,2026-05-21T15:00:00Z,5.616220741683716,0.005616220741683442,0.005610610131551232,,0.0,,317295.53488678555,BH_REINVERSION_DIVIDENDO,,,
1398,2026-05-22T13:30:00Z,OPEN_ENTRY,a4e552abf5c8981083928ed50ab84f51a59a4ce01e43b13aa4e701a4c45ce332,benchmark,BH_BUY,NASDAQ,MSFT,2026-05-22,,,3.8468032385136084,0.0,4.90319458939773,4.913808586965064,419.5400085449219,419.95954855346673,USD,EURUSD,0.8621432882145013,2026-05-21T15:00:00Z,3.842960278235374,0.0038429602782348304,0.003839121157077701,,0.0,,317295.52308673837,BH_REINVERSION_DIVIDENDO,,,
1399,2026-05-26T15:30:00Z,CLOSE_DIVIDEND,a4e552abf5c8981083928ed50ab84f51a59a4ce01e43b13aa4e701a4c45ce332,benchmark,BH_DIVIDEND,PAR,SAF.PA,2026-05-26,,,0.0,42.843850879513816,,,,,EUR,EUR,1.0,,,,,42.843850879513816,0.0,,320829.5803410456,DIVIDENDO_BRUTO,,,
1400,2026-05-27T07:00:00Z,OPEN_ENTRY,a4e552abf5c8981083928ed50ab84f51a59a4ce01e43b13aa4e701a4c45ce332,benchmark,BH_BUY,PAR,SAF.PA,2026-05-27,,,42.843850879513816,0.0,12.789209217765318,12.933079640988451,297.20001220703125,297.49721221923824,EUR,EUR,1.0,,42.80104982968414,0.04280104982967714,0.042758291538139453,,0.0,,325355.9710913427,BH_REINVERSION_DIVIDENDO,,,
1401,2026-05-29T15:30:00Z,CLOSE_DIVIDEND,a4e552abf5c8981083928ed50ab84f51a59a4ce01e43b13aa4e701a4c45ce332,benchmark,BH_DIVIDEND,XETRA,DBK.DE,2026-05-29,,,0.0,129.3837182052083,,,,,EUR,EUR,1.0,,,,,129.3837182052083,0.0,,329380.9311188414,DIVIDENDO_BRUTO,,,
1402,2026-06-01T07:00:00Z,OPEN_ENTRY,a4e552abf5c8981083928ed50ab84f51a59a4ce01e43b13aa4e701a4c45ce332,benchmark,BH_BUY,XETRA,DBK.DE,2026-06-01,,,129.3837182052083,0.0,129.3837182052083,134.03688355306647,27.75,27.777749999999997,EUR,EUR,1.0,,129.25446374146685,0.12925446374146077,0.12912533840305218,,0.0,,333176.7159330017,BH_REINVERSION_DIVIDENDO,,,
1403,2026-06-01T20:00:00Z,CLOSE_DIVIDEND,a4e552abf5c8981083928ed50ab84f51a59a4ce01e43b13aa4e701a4c45ce332,benchmark,BH_DIVIDEND,NYSE,GS,2026-06-01,,,0.0,17.315183408213468,,,,,USD,EURUSD,0.858663918942126,2026-06-01T15:00:00Z,,,,17.315183408213468,0.0,,332212.6079699587,DIVIDENDO_BRUTO,,,
1404,2026-06-01T20:00:00Z,CLOSE_DIVIDEND,a4e552abf5c8981083928ed50ab84f51a59a4ce01e43b13aa4e701a4c45ce332,benchmark,BH_DIVIDEND,NYSE,LMT,2026-06-01,,,17.315183408213468,26.262212662494193,,,,,USD,EURUSD,0.858663918942126,2026-06-01T15:00:00Z,,,,8.947029254280725,0.0,,332221.55499921297,DIVIDENDO_BRUTO,,,
1405,2026-06-02T13:30:00Z,OPEN_ENTRY,a4e552abf5c8981083928ed50ab84f51a59a4ce01e43b13aa4e701a4c45ce332,benchmark,BH_BUY,NYSE,GS,2026-06-02,,,26.262212662494193,8.947029254280725,4.481169466045646,4.500340872941124,1049.739990234375,1050.7897302246092,USD,EURUSD,0.858663918942126,2026-06-01T15:00:00Z,17.29788552269078,0.017297885522687295,0.017280604917770614,,0.0,,336656.55212407233,BH_REINVERSION_DIVIDENDO,,,
1406,2026-06-02T13:30:00Z,OPEN_ENTRY,a4e552abf5c8981083928ed50ab84f51a59a4ce01e43b13aa4e701a4c45ce332,benchmark,BH_BUY,NYSE,LMT,2026-06-02,,,8.947029254280725,0.0,3.0202058752276324,3.040417541051734,514.5,515.0145,USD,EURUSD,0.858663918942126,2026-06-01T15:00:00Z,8.938091163117608,0.008938091163116724,0.008929162001116459,,0.0,,336656.56896687555,BH_REINVERSION_DIVIDENDO,,,
1407,2026-06-04T20:00:00Z,CLOSE_DIVIDEND,a4e552abf5c8981083928ed50ab84f51a59a4ce01e43b13aa4e701a4c45ce332,benchmark,BH_DIVIDEND,NASDAQ,NVDA,2026-06-04,,,0.0,15.853667771327519,,,,,USD,EURUSD,0.859106529209622,2026-06-04T15:00:00Z,,,,15.853667771327519,0.0,,336425.76377627323,DIVIDENDO_BRUTO,,,
1408,2026-06-04T20:00:00Z,CLOSE_DIVIDEND,a4e552abf5c8981083928ed50ab84f51a59a4ce01e43b13aa4e701a4c45ce332,benchmark,BH_DIVIDEND,NASDAQ,QCOM,2026-06-04,,,15.853667771327519,23.523716436410723,,,,,USD,EURUSD,0.859106529209622,2026-06-04T15:00:00Z,,,,7.670048665083205,0.0,,336433.4338249383,DIVIDENDO_BRUTO,,,
1409,2026-06-05T13:30:00Z,OPEN_ENTRY,a4e552abf5c8981083928ed50ab84f51a59a4ce01e43b13aa4e701a4c45ce332,benchmark,BH_BUY,NASDAQ,NVDA,2026-06-05,,,23.523716436410723,7.670048665083204,73.81467714330093,73.90052442498336,214.52999877929688,214.74452877807616,USD,EURUSD,0.859106529209622,2026-06-04T15:00:00Z,15.837829941386135,0.015837829941384385,0.015822007933451725,,0.0,,333685.9886817689,BH_REINVERSION_DIVIDENDO,,,
1410,2026-06-05T13:30:00Z,OPEN_ENTRY,a4e552abf5c8981083928ed50ab84f51a59a4ce01e43b13aa4e701a4c45ce332,benchmark,BH_BUY,NASDAQ,QCOM,2026-06-05,,,7.670048665083204,0.0,9.704278963213966,9.741771526857322,237.64999389648438,237.88764389038084,USD,EURUSD,0.859106529209622,2026-06-04T15:00:00Z,7.6623862788044015,0.007662386278803446,0.007654731547256632,,0.0,,333686.1318388062,BH_REINVERSION_DIVIDENDO,,,
1411,2026-06-08T20:00:00Z,CLOSE_DIVIDEND,a4e552abf5c8981083928ed50ab84f51a59a4ce01e43b13aa4e701a4c45ce332,benchmark,BH_DIVIDEND,NASDAQ,GOOGL,2026-06-08,,,0.0,2.0916920992699493,,,,,USD,EURUSD,0.8665511265164645,2026-06-08T15:00:00Z,,,,2.0916920992699493,0.0,,322048.3380631324,DIVIDENDO_BRUTO,,,
1412,2026-06-09T13:30:00Z,OPEN_ENTRY,a4e552abf5c8981083928ed50ab84f51a59a4ce01e43b13aa4e701a4c45ce332,benchmark,BH_BUY,NASDAQ,GOOGL,2026-06-09,,,2.0916920992699493,0.0,10.971875829806914,10.97843823225051,367.0899963378906,367.45708633422845,USD,EURUSD,0.8665511265164645,2026-06-08T15:00:00Z,2.089602496773176,0.0020896024967731464,0.00208751498179101,,0.0,,326452.323901835,BH_REINVERSION_DIVIDENDO,,,
1413,2026-06-10T08:00:00Z,CLOSE_DIVIDEND,a4e552abf5c8981083928ed50ab84f51a59a4ce01e43b13aa4e701a4c45ce332,benchmark,BH_DIVIDEND,HKG,9988.HK,2026-06-10,,,0.0,11.065219922241278,,,,,HKD,EURHKD,0.1102645245945022,2026-06-09T15:00:00Z,,,,11.065219922241278,0.0,,319859.85649632156,DIVIDENDO_BRUTO,,,
1414,2026-06-10T20:00:00Z,CLOSE_DIVIDEND,a4e552abf5c8981083928ed50ab84f51a59a4ce01e43b13aa4e701a4c45ce332,benchmark,BH_DIVIDEND,NYSE,INFY,2026-06-10,,,11.065219922241278,26.995859929236644,,,,,USD,EURUSD,0.8666262241095416,2026-06-10T15:00:00Z,,,,15.930640006995366,0.0,,319231.2738069084,DIVIDENDO_BRUTO,,,
1415,2026-06-11T01:30:00Z,OPEN_ENTRY,a4e552abf5c8981083928ed50ab84f51a59a4ce01e43b13aa4e701a4c45ce332,benchmark,BH_BUY,HKG,9988.HK,2026-06-11,,,26.995859929236644,15.930640006995366,97.53461087250099,98.42382314333982,112.30000305175781,112.41230305480956,HKD,EURHKD,0.11058766284033353,2026-06-10T15:00:00Z,11.054165756484794,0.01105416575648377,0.011043122633849503,,0.0,,314364.38152876095,BH_REINVERSION_DIVIDENDO,,,
1416,2026-06-11T13:30:00Z,OPEN_ENTRY,a4e552abf5c8981083928ed50ab84f51a59a4ce01e43b13aa4e701a4c45ce332,benchmark,BH_BUY,NYSE,INFY,2026-06-11,,,15.930640006995366,0.0,70.97438418560598,72.54238898439195,11.699999809265137,11.7116998090744,USD,EURUSD,0.8666262241095416,2026-06-10T15:00:00Z,15.914725281713654,0.01591472528171245,0.015898826455255578,,0.0,,314029.00800948066,BH_REINVERSION_DIVIDENDO,,,
1417,2026-06-11T15:30:00Z,CLOSE_DIVIDEND,a4e552abf5c8981083928ed50ab84f51a59a4ce01e43b13aa4e701a4c45ce332,benchmark,BH_DIVIDEND,XETRA,EQQQ.DE,2026-06-11,,,0.0,1.7043959221682703,,,,,EUR,EUR,1.0,,,,,1.7043959221682703,0.0,,314056.84015084355,DIVIDENDO_BRUTO,,,
1418,2026-06-11T20:00:00Z,CLOSE_DIVIDEND,a4e552abf5c8981083928ed50ab84f51a59a4ce01e43b13aa4e701a4c45ce332,benchmark,BH_DIVIDEND,NYSE,CRM,2026-06-11,,,1.7043959221682703,4.363583773838022,,,,,USD,EURUSD,0.8667764583513912,2026-06-11T15:00:00Z,,,,2.6591878516697522,0.0,,315762.8637001636,DIVIDENDO_BRUTO,,,
1419,2026-06-11T20:00:00Z,CLOSE_DIVIDEND,a4e552abf5c8981083928ed50ab84f51a59a4ce01e43b13aa4e701a4c45ce332,benchmark,BH_DIVIDEND,NYSE,TSM,2026-06-11,,,4.363583773838022,16.185057376343305,,,,,USD,EURUSD,0.8667764583513912,2026-06-11T15:00:00Z,,,,11.821473602505282,0.0,,315774.6851737661,DIVIDENDO_BRUTO,,,
1420,2026-06-12T07:00:00Z,OPEN_ENTRY,a4e552abf5c8981083928ed50ab84f51a59a4ce01e43b13aa4e701a4c45ce332,benchmark,BH_BUY,XETRA,EQQQ.DE,2026-06-12,,,16.185057376343305,14.480661454175035,4.189320996473505,4.192068964545722,619.0,619.6189999999999,EUR,EUR,1.0,,1.702693228939331,0.0017026932289392338,0.0017009922367023937,,0.0,,322322.1244904604,BH_REINVERSION_DIVIDENDO,,,
1421,2026-06-12T13:30:00Z,OPEN_ENTRY,a4e552abf5c8981083928ed50ab84f51a59a4ce01e43b13aa4e701a4c45ce332,benchmark,BH_BUY,NYSE,CRM,2026-06-12,,,14.480661454175035,11.821473602505282,6.972511419253165,6.991096937668777,164.74000549316406,164.9047454986572,USD,EURUSD,0.8667764583513912,2026-06-11T15:00:00Z,2.656531320349403,0.0026565313203490426,0.0026538774429061716,,0.0,,322402.95284715464,BH_REINVERSION_DIVIDENDO,,,
1422,2026-06-12T13:30:00Z,OPEN_ENTRY,a4e552abf5c8981083928ed50ab84f51a59a4ce01e43b13aa4e701a4c45ce332,benchmark,BH_BUY,NYSE,TSM,2026-06-12,,,11.821473602505282,0.0,14.281082822209786,14.31348658005621,420.04998779296875,420.4700377807617,USD,EURUSD,0.8667764583513912,2026-06-11T15:00:00Z,11.809663938566716,0.011809663938565862,0.011797866072493302,,0.0,,322402.95788872393,BH_REINVERSION_DIVIDENDO,,,
1423,2026-06-15T15:30:00Z,CLOSE_DIVIDEND,a4e552abf5c8981083928ed50ab84f51a59a4ce01e43b13aa4e701a4c45ce332,benchmark,BH_DIVIDEND,XETRA,EXSA.DE,2026-06-15,,,0.0,20.828041287506107,,,,,EUR,EUR,1.0,,,,,20.828041287506107,0.0,,326801.47059481166,DIVIDENDO_BRUTO,,,
1424,2026-06-15T20:00:00Z,CLOSE_DIVIDEND,a4e552abf5c8981083928ed50ab84f51a59a4ce01e43b13aa4e701a4c45ce332,benchmark,BH_DIVIDEND,NASDAQ,META,2026-06-15,,,20.828041287506107,24.010828666256444,,,,,USD,EURUSD,0.8615490652192642,2026-06-15T15:00:00Z,,,,3.1827873787503362,0.0,,328803.2195874339,DIVIDENDO_BRUTO,,,
1425,2026-06-16T07:00:00Z,OPEN_ENTRY,a4e552abf5c8981083928ed50ab84f51a59a4ce01e43b13aa4e701a4c45ce332,benchmark,BH_BUY,XETRA,EXSA.DE,2026-06-16,,,24.010828666256444,3.182787378750337,29.635927995574974,29.964359774768504,63.290000915527344,63.353290916442866,EUR,EUR,1.0,,20.807234053452657,0.020807234053449974,0.020786447605845113,,0.0,,336404.01809405413,BH_REINVERSION_DIVIDENDO,,,
1426,2026-06-16T13:30:00Z,OPEN_ENTRY,a4e552abf5c8981083928ed50ab84f51a59a4ce01e43b13aa4e701a4c45ce332,benchmark,BH_BUY,NASDAQ,META,2026-06-16,,,3.182787378750337,0.0,7.0366882105057424,7.042898744834548,593.6500244140625,594.2436744384765,USD,EURUSD,0.8615490652192642,2026-06-15T15:00:00Z,3.179607770979357,0.0031796077709791426,0.0031764313396396297,,0.0,,336291.1621216679,BH_REINVERSION_DIVIDENDO,,,
1427,2026-06-22T20:00:00Z,CLOSE_DIVIDEND,a4e552abf5c8981083928ed50ab84f51a59a4ce01e43b13aa4e701a4c45ce332,benchmark,BH_DIVIDEND,NASDAQ,AVGO,2026-06-22,,,0.0,13.465261274514509,,,,,USD,EURUSD,0.8729050279329609,2026-06-22T15:00:00Z,,,,13.465261274514509,0.0,,342322.97974005685,DIVIDENDO_BRUTO,,,
1428,2026-06-23T13:30:00Z,OPEN_ENTRY,a4e552abf5c8981083928ed50ab84f51a59a4ce01e43b13aa4e701a4c45ce332,benchmark,BH_BUY,NASDAQ,AVGO,2026-06-23,,,13.465261274514509,0.0,23.73200510166742,23.77274662156624,377.8699951171875,378.2478651123046,USD,EURUSD,0.8729050279329609,2026-06-22T15:00:00Z,13.451809465049461,0.01345180946504776,0.013438371093953226,,0.0,,340618.96137810184,BH_REINVERSION_DIVIDENDO,,,
1429,2026-06-30T15:30:00Z,CLOSE_DIVIDEND,a4e552abf5c8981083928ed50ab84f51a59a4ce01e43b13aa4e701a4c45ce332,benchmark,BH_DIVIDEND,PAR,TTE.PA,2026-06-30,,,0.0,22.01173301857632,,,,,EUR,EUR,1.0,,,,,22.01173301857632,0.0,,336683.0447312889,DIVIDENDO_BRUTO,,,
1430,2026-07-01T07:00:00Z,OPEN_ENTRY,a4e552abf5c8981083928ed50ab84f51a59a4ce01e43b13aa4e701a4c45ce332,benchmark,BH_BUY,PAR,TTE.PA,2026-07-01,,,22.01173301857632,0.0,25.896156492442728,26.220451978013603,67.73999786376953,67.8077378616333,EUR,EUR,1.0,,21.98974327530102,0.02198974327529868,0.02196777549980074,,0.0,,342401.1568028977,BH_REINVERSION_DIVIDENDO,,,
1431,2026-07-06T15:30:00Z,CLOSE_DIVIDEND,a4e552abf5c8981083928ed50ab84f51a59a4ce01e43b13aa4e701a4c45ce332,benchmark,BH_DIVIDEND,MCE,IBE.MC,2026-07-06,,,0.0,55.919568473956204,,,,,EUR,EUR,1.0,,,,,55.919568473956204,0.0,,338587.5710675775,DIVIDENDO_BRUTO,,,
1432,2026-07-06T20:00:00Z,CLOSE_DIVIDEND,a4e552abf5c8981083928ed50ab84f51a59a4ce01e43b13aa4e701a4c45ce332,benchmark,BH_DIVIDEND,NASDAQ,MU,2026-07-06,,,55.919568473956204,58.540888734974295,,,,,USD,EURUSD,0.8760402978537013,2026-07-06T15:00:00Z,,,,2.6213202610180892,0.0,,339032.060122206,DIVIDENDO_BRUTO,,,
1433,2026-07-07T07:00:00Z,OPEN_ENTRY,a4e552abf5c8981083928ed50ab84f51a59a4ce01e43b13aa4e701a4c45ce332,benchmark,BH_BUY,MCE,IBE.MC,2026-07-07,,,58.540888734974295,2.6213202610180915,130.9591767539958,133.62431025203685,20.940000534057617,20.96094053459167,EUR,EUR,1.0,,55.863704769187024,0.055863704769180345,0.05580789687230532,,0.0,,341176.23633403546,BH_REINVERSION_DIVIDENDO,,,
1434,2026-07-07T13:30:00Z,OPEN_ENTRY,a4e552abf5c8981083928ed50ab84f51a59a4ce01e43b13aa4e701a4c45ce332,benchmark,BH_BUY,NASDAQ,MU,2026-07-07,,,2.6213202610180915,0.0,19.94824718634766,19.951482537575664,923.010009765625,923.9330197753906,USD,EURUSD,0.8760402978537013,2026-07-06T15:00:00Z,2.6187015594586307,0.002618701559458536,0.002616085473984468,,0.0,,341186.7928718497,BH_REINVERSION_DIVIDENDO,,,
1435,2026-07-09T20:00:00Z,CLOSE_DIVIDEND,a4e552abf5c8981083928ed50ab84f51a59a4ce01e43b13aa4e701a4c45ce332,benchmark,BH_DIVIDEND,NYSE,MA,2026-07-09,,,0.0,2.8221979946234472,,,,,USD,EURUSD,0.8745080891998251,2026-07-09T15:00:00Z,,,,2.8221979946234472,0.0,,333538.4122566366,DIVIDENDO_BRUTO,,,
1436,2026-07-10T13:30:00Z,OPEN_ENTRY,a4e552abf5c8981083928ed50ab84f51a59a4ce01e43b13aa4e701a4c45ce332,benchmark,BH_BUY,NYSE,MA,2026-07-10,,,2.8221979946234472,0.0,3.7094062147723124,3.715514659655374,527.260009765625,527.7872697753905,USD,EURUSD,0.8745080891998251,2026-07-09T15:00:00Z,2.81937861600744,0.0028193786160071177,0.00281656205395304,,0.0,,336120.51465119433,BH_REINVERSION_DIVIDENDO,,,
1437,2026-07-10T20:00:00Z,CLOSE_DIVIDEND,a4e552abf5c8981083928ed50ab84f51a59a4ce01e43b13aa4e701a4c45ce332,benchmark,BH_DIVIDEND,NASDAQ,MRVL,2026-07-10,,,0.0,1.248975452044172,,,,,USD,EURUSD,0.8748906386701663,2026-07-10T15:00:00Z,,,,1.248975452044172,0.0,,336037.90418204205,DIVIDENDO_BRUTO,,,
1438,2026-07-10T20:00:00Z,CLOSE_DIVIDEND,a4e552abf5c8981083928ed50ab84f51a59a4ce01e43b13aa4e701a4c45ce332,benchmark,BH_DIVIDEND,NYSE,ORCL,2026-07-10,,,1.248975452044172,8.676771594613886,,,,,USD,EURUSD,0.8748906386701663,2026-07-10T15:00:00Z,,,,7.427796142569714,0.0,,336045.33197818464,DIVIDENDO_BRUTO,,,
1439,2026-07-13T13:30:00Z,OPEN_ENTRY,a4e552abf5c8981083928ed50ab84f51a59a4ce01e43b13aa4e701a4c45ce332,benchmark,BH_BUY,NASDAQ,MRVL,2026-07-13,,,8.676771594613886,7.427796142569713,23.792982361441478,23.79920986414468,228.77999877929688,229.00877877807613,USD,EURUSD,0.8748906386701663,2026-07-10T15:00:00Z,1.2477277243198523,0.0012477277243196916,0.0012464812430765726,,0.0,,334417.5606022674,BH_REINVERSION_DIVIDENDO,,,
1440,2026-07-13T13:30:00Z,OPEN_ENTRY,a4e552abf5c8981083928ed50ab84f51a59a4ce01e43b13aa4e701a4c45ce332,benchmark,BH_BUY,NYSE,ORCL,2026-07-13,,,7.427796142569713,0.0,16.979941981914365,17.04088578224066,139.02999877929688,139.16902877807615,USD,EURUSD,0.8748906386701663,2026-07-10T15:00:00Z,7.420375766802912,0.007420375766802323,0.007412962803997944,,0.0,,334417.63161280955,BH_REINVERSION_DIVIDENDO,,,
1441,2026-07-15T15:30:00Z,CLOSE_DIVIDEND,a4e552abf5c8981083928ed50ab84f51a59a4ce01e43b13aa4e701a4c45ce332,benchmark,BH_DIVIDEND,XETRA,EXH1.DE,2026-07-15,,,0.0,7.92090231700782,,,,,EUR,EUR,1.0,,,,,7.92090231700782,0.0,,334695.84436872153,DIVIDENDO_BRUTO,,,
1442,2026-07-15T15:30:00Z,CLOSE_DIVIDEND,a4e552abf5c8981083928ed50ab84f51a59a4ce01e43b13aa4e701a4c45ce332,benchmark,BH_DIVIDEND,XETRA,EXV1.DE,2026-07-15,,,7.92090231700782,110.77729564812316,,,,,EUR,EUR,1.0,,,,,102.85639333111534,0.0,,334798.7007620527,DIVIDENDO_BRUTO,,,
1443,2026-07-15T20:00:00Z,CLOSE_DIVIDEND,a4e552abf5c8981083928ed50ab84f51a59a4ce01e43b13aa4e701a4c45ce332,benchmark,BH_DIVIDEND,NYSE,ABBV,2026-07-15,,,110.77729564812316,125.36557994542919,,,,,USD,EURUSD,0.8767315448009819,2026-07-15T15:00:00Z,,,,14.588284297306027,0.0,,333881.2651750048,DIVIDENDO_BRUTO,,,
1444,2026-07-16T07:00:00Z,OPEN_ENTRY,a4e552abf5c8981083928ed50ab84f51a59a4ce01e43b13aa4e701a4c45ce332,benchmark,BH_BUY,XETRA,EXH1.DE,2026-07-16,,,125.36557994542919,117.44467762842137,37.95062341654602,38.10550359095119,51.040000915527344,51.091040916442864,EUR,EUR,1.0,,7.91298932768014,0.007912989327679476,0.007905084243435648,,0.0,,331410.20767079364,BH_REINVERSION_DIVIDENDO,,,
1445,2026-07-16T07:00:00Z,OPEN_ENTRY,a4e552abf5c8981083928ed50ab84f51a59a4ce01e43b13aa4e701a4c45ce332,benchmark,BH_BUY,XETRA,EXV1.DE,2026-07-16,,,117.44467762842137,14.588284297306032,105.08117190263799,107.60083278809587,40.7400016784668,40.78074168014526,EUR,EUR,1.0,,102.75363969142393,0.10275363969141438,0.1026509887027165,,0.0,,331409.6873085546,BH_REINVERSION_DIVIDENDO,,,
1446,2026-07-16T13:30:00Z,OPEN_ENTRY,a4e552abf5c8981083928ed50ab84f51a59a4ce01e43b13aa4e701a4c45ce332,benchmark,BH_BUY,NYSE,ABBV,2026-07-16,,,14.588284297306032,0.0,9.618148595090899,9.685998107356824,244.75,244.99474999999998,USD,EURUSD,0.8767315448009819,2026-07-15T15:00:00Z,14.57371058671931,0.01457371058671697,0.01455915143528296,,0.0,,331622.04014888254,BH_REINVERSION_DIVIDENDO,,,
1447,2026-07-16T15:30:00Z,CLOSE_DIVIDEND,a4e552abf5c8981083928ed50ab84f51a59a4ce01e43b13aa4e701a4c45ce332,benchmark,BH_DIVIDEND,XETRA,EUNH.DE,2026-07-16,,,0.0,14.936478029136968,,,,,EUR,EUR,1.0,,,,,14.936478029136968,0.0,,330586.42175661784,DIVIDENDO_BRUTO,,,
1448,2026-07-17T07:00:00Z,OPEN_ENTRY,a4e552abf5c8981083928ed50ab84f51a59a4ce01e43b13aa4e701a4c45ce332,benchmark,BH_BUY,XETRA,EUNH.DE,2026-07-17,,,14.936478029136968,0.0,10.59850850006171,10.737233078432462,107.45500183105469,107.56245683288573,EUR,EUR,1.0,,14.921556472664305,0.0149215564726628,0.014906649822839685,,0.0,,324500.7342800474,BH_REINVERSION_DIVIDENDO,,,
1449,2026-07-20T20:00:00Z,CLOSE_DIVIDEND,a4e552abf5c8981083928ed50ab84f51a59a4ce01e43b13aa4e701a4c45ce332,benchmark,BH_DIVIDEND,NYSE,CAT,2026-07-20,,,0.0,8.511810403502931,,,,,USD,EURUSD,0.875196919306844,2026-07-20T15:00:00Z,,,,8.511810403502931,0.0,,321977.0053031113,DIVIDENDO_BRUTO,,,
1450,2026-07-21T13:30:00Z,OPEN_ENTRY,a4e552abf5c8981083928ed50ab84f51a59a4ce01e43b13aa4e701a4c45ce332,benchmark,BH_BUY,NYSE,CAT,2026-07-21,,,8.511810403502931,0.0,5.966622433768374,5.977559089530852,887.489990234375,888.3774802246093,USD,EURUSD,0.875196919306844,2026-07-20T15:00:00Z,8.503307096406525,0.008503307096406232,0.008494812284121283,,0.0,,323834.47154087253,BH_REINVERSION_DIVIDENDO,,,
1451,2026-07-27T15:30:00Z,CLOSE_DIVIDEND,a4e552abf5c8981083928ed50ab84f51a59a4ce01e43b13aa4e701a4c45ce332,benchmark,BH_DIVIDEND,AMS,ASML.AS,2026-07-27,,,0.0,4.469377495473589,,,,,EUR,EUR,1.0,,,,,4.469377495473589,0.0,,322618.28412670037,DIVIDENDO_BRUTO,,,
1452,2026-07-28T07:00:00Z,OPEN_ENTRY,a4e552abf5c8981083928ed50ab84f51a59a4ce01e43b13aa4e701a4c45ce332,benchmark,BH_BUY,AMS,ASML.AS,2026-07-28,,,4.469377495473589,0.0,2.377328455039143,2.380544354196144,1387.0,1388.387,EUR,EUR,1.0,,4.464912582890698,0.004464912582890612,0.004460452130759757,,0.0,,320768.0593342833,BH_REINVERSION_DIVIDENDO,,,
1453,2026-08-06T15:30:00Z,CLOSE_DIVIDEND,a4e552abf5c8981083928ed50ab84f51a59a4ce01e43b13aa4e701a4c45ce332,benchmark,BH_DIVIDEND,XETRA,RRU.DE,2026-08-06,,,0.0,77.02746235933797,,,,,EUR,EUR,1.0,,,,,77.02746235933797,0.0,,338592.2550566272,DIVIDENDO_BRUTO,,,
1454,2026-08-07T07:00:00Z,OPEN_ENTRY,a4e552abf5c8981083928ed50ab84f51a59a4ce01e43b13aa4e701a4c45ce332,benchmark,BH_BUY,XETRA,RRU.DE,2026-08-07,,,77.02746235933797,0.0,1099.2302759845018,1103.4925093622442,18.035999298095703,18.054035297393796,EUR,EUR,1.0,,76.95051184749049,0.07695051184748536,0.07687363820926765,,0.0,,335679.0169686787,BH_REINVERSION_DIVIDENDO,,,
1455,2026-08-10T20:00:00Z,CLOSE_DIVIDEND,a4e552abf5c8981083928ed50ab84f51a59a4ce01e43b13aa4e701a4c45ce332,benchmark,BH_DIVIDEND,NASDAQ,AAPL,2026-08-10,,,0.0,2.075403139583295,,,,,USD,EURUSD,0.8654262224145391,2026-08-10T15:00:00Z,,,,2.075403139583295,0.0,,341064.2909931801,DIVIDENDO_BRUTO,,,
1456,2026-08-11T13:30:00Z,OPEN_ENTRY,a4e552abf5c8981083928ed50ab84f51a59a4ce01e43b13aa4e701a4c45ce332,benchmark,BH_BUY,NASDAQ,AAPL,2026-08-11,,,2.075403139583295,0.0,8.881956769587026,8.88973366400112,307.75,308.05774999999994,USD,EURUSD,0.8654262224145391,2026-08-10T15:00:00Z,2.0733298097735213,0.002073329809773483,0.0020712585512219074,,0.0,,340872.87943849666,BH_REINVERSION_DIVIDENDO,,,
1457,2026-08-11T20:00:00Z,CLOSE_DIVIDEND,a4e552abf5c8981083928ed50ab84f51a59a4ce01e43b13aa4e701a4c45ce332,benchmark,BH_DIVIDEND,NYSE,V,2026-08-11,,,0.0,3.6013025685394067,,,,,USD,EURUSD,0.8665511265164645,2026-08-11T15:00:00Z,,,,3.6013025685394067,0.0,,341483.84425837174,DIVIDENDO_BRUTO,,,
1458,2026-08-12T13:30:00Z,OPEN_ENTRY,a4e552abf5c8981083928ed50ab84f51a59a4ce01e43b13aa4e701a4c45ce332,benchmark,BH_BUY,NYSE,V,2026-08-12,,,3.6013025685394067,0.0,6.202840543424589,6.214329750651384,361.0,361.36099999999993,USD,EURUSD,0.8665511265164645,2026-08-11T15:00:00Z,3.597704863675731,0.0035977048636754994,0.0035941107529221432,,0.0,,340858.6337710424,BH_REINVERSION_DIVIDENDO,,,
1459,2026-08-13T15:30:00Z,CLOSE_DIVIDEND,a4e552abf5c8981083928ed50ab84f51a59a4ce01e43b13aa4e701a4c45ce332,benchmark,BH_DIVIDEND,XETRA,R6C0.DE,2026-08-13,,,0.0,16.122431025256052,,,,,EUR,EUR,1.0,,,,,16.122431025256052,0.0,,343035.54449885496,DIVIDENDO_BRUTO,,,
1460,2026-08-14T07:00:00Z,OPEN_ENTRY,a4e552abf5c8981083928ed50ab84f51a59a4ce01e43b13aa4e701a4c45ce332,benchmark,BH_BUY,XETRA,R6C0.DE,2026-08-14,,,16.122431025256052,0.0,47.8285834783333,48.245213072095545,38.619998931884766,38.658618930816644,EUR,EUR,1.0,,16.106324700555497,0.016106324700555064,0.016090234466086713,,0.0,,346752.4385491795,BH_REINVERSION_DIVIDENDO,,,
1461,2026-08-14T20:00:00Z,CLOSE_DIVIDEND,a4e552abf5c8981083928ed50ab84f51a59a4ce01e43b13aa4e701a4c45ce332,benchmark,BH_DIVIDEND,NYSE,LLY,2026-08-14,,,0.0,6.1972267269313415,,,,,USD,EURUSD,0.864528399757932,2026-08-14T15:00:00Z,,,,6.1972267269313415,0.0,,346249.6120952782,DIVIDENDO_BRUTO,,,
1462,2026-08-17T13:30:00Z,OPEN_ENTRY,a4e552abf5c8981083928ed50ab84f51a59a4ce01e43b13aa4e701a4c45ce332,benchmark,BH_BUY,NYSE,LLY,2026-08-17,,,6.1972267269313415,0.0,4.143544598289875,4.1496320874528525,1175.199951171875,1176.3751511230466,USD,EURUSD,0.864528399757932,2026-08-14T15:00:00Z,6.191035691240102,0.006191035691239577,0.00618485084039844,,0.0,,345198.3414864066,BH_REINVERSION_DIVIDENDO,,,
1463,2026-08-17T20:00:00Z,CLOSE_DIVIDEND,a4e552abf5c8981083928ed50ab84f51a59a4ce01e43b13aa4e701a4c45ce332,benchmark,BH_DIVIDEND,NYSE,XOM,2026-08-17,,,0.0,12.091725010946252,,,,,USD,EURUSD,0.8625894936599672,2026-08-17T15:00:00Z,,,,12.091725010946252,0.0,,345356.68256508757,DIVIDENDO_BRUTO,,,
1464,2026-08-18T13:30:00Z,OPEN_ENTRY,a4e552abf5c8981083928ed50ab84f51a59a4ce01e43b13aa4e701a4c45ce332,benchmark,BH_BUY,NYSE,XOM,2026-08-18,,,12.091725010946252,0.0,13.6096473836796,13.694770245923833,164.35000610351562,164.51435610961911,USD,EURUSD,0.8625894936599672,2026-08-17T15:00:00Z,12.079645365580673,0.012079645365579594,0.012067577787790995,,0.0,,344529.6727490062,BH_REINVERSION_DIVIDENDO,,,
1465,2026-08-19T20:00:00Z,CLOSE_DIVIDEND,a4e552abf5c8981083928ed50ab84f51a59a4ce01e43b13aa4e701a4c45ce332,benchmark,BH_DIVIDEND,NYSE,CVX,2026-08-19,,,0.0,12.33393998145074,,,,,USD,EURUSD,0.8616975441619991,2026-08-19T15:00:00Z,,,,12.33393998145074,0.0,,336406.61224337434,DIVIDENDO_BRUTO,,,
1466,2026-08-20T13:30:00Z,OPEN_ENTRY,a4e552abf5c8981083928ed50ab84f51a59a4ce01e43b13aa4e701a4c45ce332,benchmark,BH_BUY,NYSE,CVX,2026-08-20,,,12.33393998145074,0.0,8.04131311711999,8.109694895839834,208.89999389648438,209.10889389038084,USD,EURUSD,0.8616975441619991,2026-08-19T15:00:00Z,12.321618363087653,0.012321618363086984,0.01230930905403255,,0.0,,337185.5181084127,BH_REINVERSION_DIVIDENDO,,,
1467,2026-08-20T20:00:00Z,CLOSE_DIVIDEND,a4e552abf5c8981083928ed50ab84f51a59a4ce01e43b13aa4e701a4c45ce332,benchmark,BH_DIVIDEND,NASDAQ,AMAT,2026-08-20,,,0.0,5.5891700513336335,,,,,USD,EURUSD,0.856091088091773,2026-08-20T15:00:00Z,,,,5.5891700513336335,0.0,,335268.6820894239,DIVIDENDO_BRUTO,,,
1468,2026-08-20T20:00:00Z,CLOSE_DIVIDEND,a4e552abf5c8981083928ed50ab84f51a59a4ce01e43b13aa4e701a4c45ce332,benchmark,BH_DIVIDEND,NASDAQ,MSFT,2026-08-20,,,5.5891700513336335,9.417237694633187,,,,,USD,EURUSD,0.856091088091773,2026-08-20T15:00:00Z,,,,3.828067643299554,0.0,,335272.51015706715,DIVIDENDO_BRUTO,,,
1469,2026-08-21T13:30:00Z,OPEN_ENTRY,a4e552abf5c8981083928ed50ab84f51a59a4ce01e43b13aa4e701a4c45ce332,benchmark,BH_BUY,NASDAQ,AMAT,2026-08-21,,,9.417237694633187,3.828067643299553,12.318319881061917,12.331273502688031,503.0,503.50299999999993,USD,EURUSD,0.856091088091773,2026-08-20T15:00:00Z,5.583586464868765,0.00558358646486834,0.005578008456411567,,0.0,,335473.92298409407,BH_REINVERSION_DIVIDENDO,,,
1470,2026-08-21T13:30:00Z,OPEN_ENTRY,a4e552abf5c8981083928ed50ab84f51a59a4ce01e43b13aa4e701a4c45ce332,benchmark,BH_BUY,NASDAQ,MSFT,2026-08-21,,,3.828067643299553,0.0,4.913808586965064,4.923108070239915,479.8800048828125,480.3598848876953,USD,EURUSD,0.856091088091773,2026-08-20T15:00:00Z,3.824243399899655,0.0038242433998991743,0.0038204229769224175,,0.0,,335473.9254500703,BH_REINVERSION_DIVIDENDO,,,
1471,2026-08-27T06:30:00Z,CLOSE_EXIT,a4e552abf5c8981083928ed50ab84f51a59a4ce01e43b13aa4e701a4c45ce332,benchmark,BH_SELL_FINAL,JPX,6501.T,2026-08-27,,,0.0,3596.7990443848635,123.13180929198695,0.0,5433.0,5427.567,JPY,EURJPY,0.005387350501023597,2026-08-26T15:00:00Z,3600.3994438286923,3.6003994438286924,,,0.0,,336130.5078075143,final,,,
1472,2026-08-27T06:30:00Z,CLOSE_EXIT,a4e552abf5c8981083928ed50ab84f51a59a4ce01e43b13aa4e701a4c45ce332,benchmark,BH_SELL_FINAL,JPX,6758.T,2026-08-27,,,3596.7990443848635,5079.545419394362,71.26063660929081,0.0,3870.0,3866.13,JPY,EURJPY,0.005387350501023597,2026-08-26T15:00:00Z,1484.2306056151142,1.4842306056151142,,,0.0,,336124.46661237604,final,,,
1473,2026-08-27T06:30:00Z,CLOSE_EXIT,a4e552abf5c8981083928ed50ab84f51a59a4ce01e43b13aa4e701a4c45ce332,benchmark,BH_SELL_FINAL,JPX,6857.T,2026-08-27,,,5079.545419394362,20799.440586093737,84.4776527070662,0.0,34610.0,34575.39,JPY,EURJPY,0.005387350501023597,2026-08-26T15:00:00Z,15735.630797496871,15.73563079749687,,,0.0,,335596.9089095449,final,,,
1474,2026-08-27T06:30:00Z,CLOSE_EXIT,a4e552abf5c8981083928ed50ab84f51a59a4ce01e43b13aa4e701a4c45ce332,benchmark,BH_SELL_FINAL,JPX,7011.T,2026-08-27,,,20799.440586093737,27337.02188172952,305.1283556220137,0.0,3985.0,3981.015,JPY,EURJPY,0.005387350501023597,2026-08-26T15:00:00Z,6544.125421056841,6.544125421056841,,,0.0,,335690.66327899654,final,,,
1475,2026-08-27T06:30:00Z,CLOSE_EXIT,a4e552abf5c8981083928ed50ab84f51a59a4ce01e43b13aa4e701a4c45ce332,benchmark,BH_SELL_FINAL,JPX,7203.T,2026-08-27,,,27337.02188172952,28731.29804770868,84.27817044720608,0.0,3077.0,3073.923,JPY,EURJPY,0.005387350501023597,2026-08-26T15:00:00Z,1395.6718378169758,1.395671837816976,,,0.0,,335691.0487905585,final,,,
1476,2026-08-27T06:30:00Z,CLOSE_EXIT,a4e552abf5c8981083928ed50ab84f51a59a4ce01e43b13aa4e701a4c45ce332,benchmark,BH_SELL_FINAL,JPX,8035.T,2026-08-27,,,28731.29804770868,31772.261527351744,10.099897571877362,0.0,56000.0,55944.0,JPY,EURJPY,0.005387350501023597,2026-08-26T15:00:00Z,3044.007487130197,3.044007487130197,,,0.0,,335712.16357265174,final,,,
1477,2026-08-27T08:00:00Z,CLOSE_EXIT,a4e552abf5c8981083928ed50ab84f51a59a4ce01e43b13aa4e701a4c45ce332,benchmark,BH_SELL_FINAL,HKG,0700.HK,2026-08-27,,,31772.261527351744,33093.281944195376,27.0358431496625,0.0,447.79998779296875,447.3521878051758,HKD,EURHKD,0.10933382898002471,2026-08-26T15:00:00Z,1322.342759603238,1.322342759603238,,,0.0,,335716.61178282753,final,,,
1478,2026-08-27T08:00:00Z,CLOSE_EXIT,a4e552abf5c8981083928ed50ab84f51a59a4ce01e43b13aa4e701a4c45ce332,benchmark,BH_SELL_FINAL,HKG,1810.HK,2026-08-27,,,33093.281944195376,35441.69881893957,783.20046559378,0.0,27.479999542236328,27.45251954269409,HKD,EURHKD,0.10933382898002471,2026-08-26T15:00:00Z,2350.767642386578,2.350767642386578,,,0.0,,335627.99023397337,final,,,
1479,2026-08-27T08:00:00Z,CLOSE_EXIT,a4e552abf5c8981083928ed50ab84f51a59a4ce01e43b13aa4e701a4c45ce332,benchmark,BH_SELL_FINAL,HKG,9988.HK,2026-08-27,,,35441.69881893957,36682.11593163664,98.42382314333982,0.0,115.5,115.3845,HKD,EURHKD,0.10933382898002471,2026-08-26T15:00:00Z,1241.6587714685386,1.2416587714685385,,,0.0,,335613.668531157,final,,,
1480,2026-08-27T15:30:00Z,CLOSE_EXIT,a4e552abf5c8981083928ed50ab84f51a59a4ce01e43b13aa4e701a4c45ce332,benchmark,BH_SELL_FINAL,AMS,ADYEN.AS,2026-08-27,,,36682.11593163664,37648.130518647595,0.8965816413364542,0.0,1079.5999755859375,1078.5203756103515,EUR,EUR,1.0,,966.981568579538,0.966981568579538,,,0.0,,335960.9766455672,final,,,
1481,2026-08-27T15:30:00Z,CLOSE_EXIT,a4e552abf5c8981083928ed50ab84f51a59a4ce01e43b13aa4e701a4c45ce332,benchmark,BH_SELL_FINAL,AMS,ASML.AS,2026-08-27,,,37648.130518647595,41179.498360912294,2.380544354196144,0.0,1486.4000244140625,1484.9136243896485,EUR,EUR,1.0,,3534.902745009711,3.534902745009711,,,0.0,,335927.24132110656,final,,,
1482,2026-08-27T15:30:00Z,CLOSE_EXIT,a4e552abf5c8981083928ed50ab84f51a59a4ce01e43b13aa4e701a4c45ce332,benchmark,BH_SELL_FINAL,MCE,BBVA.MC,2026-08-27,,,41179.498360912294,49445.61160781005,335.8747103036311,0.0,24.65999984741211,24.635339847564698,EUR,EUR,1.0,,8274.387634532293,8.274387634532294,,,0.0,,335813.2802896766,final,,,
1483,2026-08-27T15:30:00Z,CLOSE_EXIT,a4e552abf5c8981083928ed50ab84f51a59a4ce01e43b13aa4e701a4c45ce332,benchmark,BH_SELL_FINAL,MCE,IBE.MC,2026-08-27,,,49445.61160781005,52120.75687342184,133.62431025203685,0.0,20.059999465942383,20.03993946647644,EUR,EUR,1.0,,2677.8230887004856,2.6778230887004857,,,0.0,,335794.5594809968,final,,,
1484,2026-08-27T15:30:00Z,CLOSE_EXIT,a4e552abf5c8981083928ed50ab84f51a59a4ce01e43b13aa4e701a4c45ce332,benchmark,BH_SELL_FINAL,MCE,ITX.MC,2026-08-27,,,52120.75687342184,55388.94286527474,56.754456467651146,0.0,57.70000076293945,57.64230076217651,EUR,EUR,1.0,,3271.4574493022014,3.2714574493022015,,,0.0,,335756.2309343048,final,,,
1485,2026-08-27T15:30:00Z,CLOSE_EXIT,a4e552abf5c8981083928ed50ab84f51a59a4ce01e43b13aa4e701a4c45ce332,benchmark,BH_SELL_FINAL,MIL,ENI.MI,2026-08-27,,,55388.94286527474,57871.307551160324,109.52606660358457,0.0,22.709999084472656,22.687289085388183,EUR,EUR,1.0,,2484.8495354210036,2.4848495354210036,,,0.0,,335716.75797842373,final,,,
1486,2026-08-27T15:30:00Z,CLOSE_EXIT,a4e552abf5c8981083928ed50ab84f51a59a4ce01e43b13aa4e701a4c45ce332,benchmark,BH_SELL_FINAL,MIL,RACE.MI,2026-08-27,,,57871.307551160324,60321.513901691695,6.900264777673755,0.0,355.79998779296875,355.4441878051758,EUR,EUR,1.0,,2452.6590095409097,2.4526590095409095,,,0.0,,335709.4350705025,final,,,
1487,2026-08-27T15:30:00Z,CLOSE_EXIT,a4e552abf5c8981083928ed50ab84f51a59a4ce01e43b13aa4e701a4c45ce332,benchmark,BH_SELL_FINAL,PAR,AIR.PA,2026-08-27,,,60321.513901691695,62774.419403946886,12.083671364567273,0.0,203.39999389648438,203.1965939025879,EUR,EUR,1.0,,2455.3608631183065,2.4553608631183064,,,0.0,,335674.91674860864,final,,,
1488,2026-08-27T15:30:00Z,CLOSE_EXIT,a4e552abf5c8981083928ed50ab84f51a59a4ce01e43b13aa4e701a4c45ce332,benchmark,BH_SELL_FINAL,PAR,MC.PA,2026-08-27,,,62774.419403946886,63740.224221927136,2.1630293743871354,0.0,447.3999938964844,446.95259390258786,EUR,EUR,1.0,,966.771589569822,0.966771589569822,,,0.0,,335659.1388628961,final,,,
1489,2026-08-27T15:30:00Z,CLOSE_EXIT,a4e552abf5c8981083928ed50ab84f51a59a4ce01e43b13aa4e701a4c45ce332,benchmark,BH_SELL_FINAL,PAR,OR.PA,2026-08-27,,,63740.224221927136,65212.71336073063,3.833801525389577,0.0,384.8500061035156,384.4651560974121,EUR,EUR,1.0,,1473.9631019054002,1.4739631019054003,,,0.0,,335647.18000426947,final,,,
1490,2026-08-27T15:30:00Z,CLOSE_EXIT,a4e552abf5c8981083928ed50ab84f51a59a4ce01e43b13aa4e701a4c45ce332,benchmark,BH_SELL_FINAL,PAR,SAF.PA,2026-08-27,,,65212.71336073063,69642.47362384414,12.933079640988451,0.0,343.20001220703125,342.8568121948242,EUR,EUR,1.0,,4434.194457571082,4.434194457571082,,,0.0,,335545.1892401179,final,,,
1491,2026-08-27T15:30:00Z,CLOSE_EXIT,a4e552abf5c8981083928ed50ab84f51a59a4ce01e43b13aa4e701a4c45ce332,benchmark,BH_SELL_FINAL,PAR,SU.PA,2026-08-27,,,69642.47362384414,72571.54880433466,9.86369433780687,0.0,297.54998779296875,297.25243780517576,EUR,EUR,1.0,,2932.007187678201,2.932007187678201,,,0.0,,335523.0469543302,final,,,
1492,2026-08-27T15:30:00Z,CLOSE_EXIT,a4e552abf5c8981083928ed50ab84f51a59a4ce01e43b13aa4e701a4c45ce332,benchmark,BH_SELL_FINAL,PAR,TTE.PA,2026-08-27,,,72571.54880433466,74512.43208255332,26.220451978013603,0.0,74.16999816894531,74.09582817077637,EUR,EUR,1.0,,1942.8261043229893,1.9428261043229893,,,0.0,,335490.0546396513,final,,,
1493,2026-08-27T15:30:00Z,CLOSE_EXIT,a4e552abf5c8981083928ed50ab84f51a59a4ce01e43b13aa4e701a4c45ce332,benchmark,BH_SELL_FINAL,XETRA,ALV.DE,2026-08-27,,,74512.43208255332,77762.16304608938,7.314106240763014,0.0,445.20001220703125,444.75481219482424,EUR,EUR,1.0,,3252.983947483546,3.2529839474835462,,,0.0,,335436.0037249512,final,,,
1494,2026-08-27T15:30:00Z,CLOSE_EXIT,a4e552abf5c8981083928ed50ab84f51a59a4ce01e43b13aa4e701a4c45ce332,benchmark,BH_SELL_FINAL,XETRA,BSP.DE,2026-08-27,,,77762.16304608938,81065.81410700375,135.0027824396881,0.0,24.520000457763672,24.49548045730591,EUR,EUR,1.0,,3306.9580189333014,3.3069580189333014,,,0.0,,335438.83665221627,final,,,
1495,2026-08-27T15:30:00Z,CLOSE_EXIT,a4e552abf5c8981083928ed50ab84f51a59a4ce01e43b13aa4e701a4c45ce332,benchmark,BH_SELL_FINAL,XETRA,DBK.DE,2026-08-27,,,81065.81410700375,85672.8163485588,134.03688355306647,0.0,34.439998626708984,34.405558628082275,EUR,EUR,1.0,,4611.6138554104655,4.611613855410465,,,0.0,,335404.1414731618,final,,,
1496,2026-08-27T15:30:00Z,CLOSE_EXIT,a4e552abf5c8981083928ed50ab84f51a59a4ce01e43b13aa4e701a4c45ce332,benchmark,BH_SELL_FINAL,XETRA,DTE.DE,2026-08-27,,,85672.8163485588,87653.7321277765,70.41090896961914,0.0,28.190000534057617,28.16181053352356,EUR,EUR,1.0,,1982.898677895589,1.9828986778955888,,,0.0,,335348.0696344007,final,,,
1497,2026-08-27T15:30:00Z,CLOSE_EXIT,a4e552abf5c8981083928ed50ab84f51a59a4ce01e43b13aa4e701a4c45ce332,benchmark,BH_SELL_FINAL,XETRA,ENR.DE,2026-08-27,,,87653.7321277765,97951.7114359866,68.68081619231171,0.0,150.24000549316406,150.0897654876709,EUR,EUR,1.0,,10308.287595805894,10.308287595805893,,,0.0,,335268.37719675805,final,,,
1498,2026-08-27T15:30:00Z,CLOSE_EXIT,a4e552abf5c8981083928ed50ab84f51a59a4ce01e43b13aa4e701a4c45ce332,benchmark,BH_SELL_FINAL,XETRA,EQQQ.DE,2026-08-27,,,97951.7114359866,100542.66999418817,4.192068964545722,0.0,619.2999877929688,618.6806878051758,EUR,EUR,1.0,,2593.5521103118786,2.5935521103118786,,,0.0,,335292.531979141,final,,,
1499,2026-08-27T15:30:00Z,CLOSE_EXIT,a4e552abf5c8981083928ed50ab84f51a59a4ce01e43b13aa4e701a4c45ce332,benchmark,BH_SELL_FINAL,XETRA,EUNH.DE,2026-08-27,,,100542.66999418817,101688.66794400118,10.737233078432462,0.0,106.94499969482422,106.8380546951294,EUR,EUR,1.0,,1147.14509490792,1.14714509490792,,,0.0,,335288.5722826376,final,,,
1500,2026-08-27T15:30:00Z,CLOSE_EXIT,a4e552abf5c8981083928ed50ab84f51a59a4ce01e43b13aa4e701a4c45ce332,benchmark,BH_SELL_FINAL,XETRA,EUNL.DE,2026-08-27,,,101688.66794400118,103737.95363778823,16.15189542674127,0.0,127.12999725341797,127.00286725616455,EUR,EUR,1.0,,2051.337030817873,2.051337030817873,,,0.0,,335291.7358588359,final,,,
1501,2026-08-27T15:30:00Z,CLOSE_EXIT,a4e552abf5c8981083928ed50ab84f51a59a4ce01e43b13aa4e701a4c45ce332,benchmark,BH_SELL_FINAL,XETRA,EUNN.DE,2026-08-27,,,103737.95363778823,105713.03706629353,27.87772345507903,0.0,70.98999786376953,70.91900786590575,EUR,EUR,1.0,,1977.060488994295,1.9770604889942949,,,0.0,,335297.2580827018,final,,,
1502,2026-08-27T15:30:00Z,CLOSE_EXIT,a4e552abf5c8981083928ed50ab84f51a59a4ce01e43b13aa4e701a4c45ce332,benchmark,BH_SELL_FINAL,XETRA,EXH1.DE,2026-08-27,,,105713.03706629353,107749.50769569002,38.10550359095119,0.0,53.54999923706055,53.496449237823484,EUR,EUR,1.0,,2038.5091385350206,2.0385091385350207,,,0.0,,335274.5072631567,final,,,
1503,2026-08-27T15:30:00Z,CLOSE_EXIT,a4e552abf5c8981083928ed50ab84f51a59a4ce01e43b13aa4e701a4c45ce332,benchmark,BH_SELL_FINAL,XETRA,EXSA.DE,2026-08-27,,,107749.50769569002,109699.57757139839,29.964359774768504,0.0,65.20999908447266,65.14478908538818,EUR,EUR,1.0,,1952.021897605984,1.952021897605984,,,0.0,,335258.0162891466,final,,,
1504,2026-08-27T15:30:00Z,CLOSE_EXIT,a4e552abf5c8981083928ed50ab84f51a59a4ce01e43b13aa4e701a4c45ce332,benchmark,BH_SELL_FINAL,XETRA,EXV1.DE,2026-08-27,,,109699.57757139839,114197.42905758262,107.60083278809587,0.0,41.8849983215332,41.84311332321167,EUR,EUR,1.0,,4502.353840024245,4.502353840024245,,,0.0,,335172.61017137324,final,,,
1505,2026-08-27T15:30:00Z,CLOSE_EXIT,a4e552abf5c8981083928ed50ab84f51a59a4ce01e43b13aa4e701a4c45ce332,benchmark,BH_SELL_FINAL,XETRA,ICGA.DE,2026-08-27,,,114197.42905758262,115361.25740137607,240.6189035185936,0.0,4.846499919891357,4.8416534199714665,EUR,EUR,1.0,,1164.993337130583,1.1649933371305832,,,0.0,,335165.2260435949,final,,,
1506,2026-08-27T15:30:00Z,CLOSE_EXIT,a4e552abf5c8981083928ed50ab84f51a59a4ce01e43b13aa4e701a4c45ce332,benchmark,BH_SELL_FINAL,XETRA,IFX.DE,2026-08-27,,,115361.25740137607,117979.95619163635,45.897221243053885,0.0,57.16999816894531,57.11282817077637,EUR,EUR,1.0,,2621.3201103706433,2.621320110370643,,,0.0,,335250.85725648125,final,,,
1507,2026-08-27T15:30:00Z,CLOSE_EXIT,a4e552abf5c8981083928ed50ab84f51a59a4ce01e43b13aa4e701a4c45ce332,benchmark,BH_SELL_FINAL,XETRA,IQQK.DE,2026-08-27,,,117979.95619163635,121146.08860979343,28.234907234227535,0.0,112.36000061035156,112.24764060974121,EUR,EUR,1.0,,3169.3017198769544,3.1693017198769544,,,0.0,,335266.5386737436,final,,,
1508,2026-08-27T15:30:00Z,CLOSE_EXIT,a4e552abf5c8981083928ed50ab84f51a59a4ce01e43b13aa4e701a4c45ce332,benchmark,BH_SELL_FINAL,XETRA,IQQT.DE,2026-08-27,,,121146.08860979343,124206.67818082648,17.732854752563913,0.0,172.94000244140625,172.76706243896484,EUR,EUR,1.0,,3063.653224257304,3.063653224257304,,,0.0,,335305.44990317244,final,,,
1509,2026-08-27T15:30:00Z,CLOSE_EXIT,a4e552abf5c8981083928ed50ab84f51a59a4ce01e43b13aa4e701a4c45ce332,benchmark,BH_SELL_FINAL,XETRA,IS3N.DE,2026-08-27,,,124206.67818082648,126049.98735866851,38.84171866197812,0.0,47.551998138427734,47.5044461402893,EUR,EUR,1.0,,1845.1543321742095,1.8451543321742094,,,0.0,,335307.46745525766,final,,,
1510,2026-08-27T15:30:00Z,CLOSE_EXIT,a4e552abf5c8981083928ed50ab84f51a59a4ce01e43b13aa4e701a4c45ce332,benchmark,BH_SELL_FINAL,XETRA,MBG.DE,2026-08-27,,,126049.98735866851,127136.56322849647,23.878764261390195,0.0,45.595001220703125,45.54940621948242,EUR,EUR,1.0,,1087.663533361321,1.087663533361321,,,0.0,,335328.0953030316,final,,,
1511,2026-08-27T15:30:00Z,CLOSE_EXIT,a4e552abf5c8981083928ed50ab84f51a59a4ce01e43b13aa4e701a4c45ce332,benchmark,BH_SELL_FINAL,XETRA,MUV2.DE,2026-08-27,,,127136.56322849647,130140.37524358458,5.8511440896859,0.0,514.4000244140625,513.8856243896485,EUR,EUR,1.0,,3006.81883392204,3.0068188339220403,,,0.0,,335313.8872680848,final,,,
1512,2026-08-27T15:30:00Z,CLOSE_EXIT,a4e552abf5c8981083928ed50ab84f51a59a4ce01e43b13aa4e701a4c45ce332,benchmark,BH_SELL_FINAL,XETRA,Q8Y0.DE,2026-08-27,,,130140.37524358458,131624.55598181183,65.71602356788178,0.0,22.6299991607666,22.607369161605835,EUR,EUR,1.0,,1485.6664046318926,1.4856664046318926,,,0.0,,335330.9577300218,final,,,
1513,2026-08-27T15:30:00Z,CLOSE_EXIT,a4e552abf5c8981083928ed50ab84f51a59a4ce01e43b13aa4e701a4c45ce332,benchmark,BH_SELL_FINAL,XETRA,QDV5.DE,2026-08-27,,,131624.55598181183,132950.86103407486,174.38153512530863,0.0,7.620999813079834,7.613378813266754,EUR,EUR,1.0,,1327.6326849479572,1.3276326849479572,,,0.0,,335324.6390562661,final,,,
1514,2026-08-27T15:30:00Z,CLOSE_EXIT,a4e552abf5c8981083928ed50ab84f51a59a4ce01e43b13aa4e701a4c45ce332,benchmark,BH_SELL_FINAL,XETRA,R6C0.DE,2026-08-27,,,132950.86103407486,134817.58890356607,48.245213072095545,0.0,38.77000045776367,38.731230457305905,EUR,EUR,1.0,,1868.59646595716,1.8685964659571601,,,0.0,,335290.5054571004,final,,,
1515,2026-08-27T15:30:00Z,CLOSE_EXIT,a4e552abf5c8981083928ed50ab84f51a59a4ce01e43b13aa4e701a4c45ce332,benchmark,BH_SELL_FINAL,XETRA,RRU.DE,2026-08-27,,,134817.58890356607,154444.71973940168,1103.4925093622442,0.0,17.82200050354004,17.8041785030365,EUR,EUR,1.0,,19646.77761344907,19.64677761344907,,,0.0,,335116.5664355325,final,,,
1516,2026-08-27T15:30:00Z,CLOSE_EXIT,a4e552abf5c8981083928ed50ab84f51a59a4ce01e43b13aa4e701a4c45ce332,benchmark,BH_SELL_FINAL,XETRA,SAP.DE,2026-08-27,,,154444.71973940168,156949.46212898192,13.217607615751856,0.0,189.8800048828125,189.6901248779297,EUR,EUR,1.0,,2507.249639219444,2.507249639219444,,,0.0,,335241.87504565343,final,,,
1517,2026-08-27T15:30:00Z,CLOSE_EXIT,a4e552abf5c8981083928ed50ab84f51a59a4ce01e43b13aa4e701a4c45ce332,benchmark,BH_SELL_FINAL,XETRA,SIE.DE,2026-08-27,,,156949.46212898192,160072.15851153055,10.90416805297713,0.0,286.95001220703125,286.6630621948242,EUR,EUR,1.0,,3125.822204753398,3.125822204753398,,,0.0,,335223.0805455856,final,,,
1518,2026-08-27T15:30:00Z,CLOSE_EXIT,a4e552abf5c8981083928ed50ab84f51a59a4ce01e43b13aa4e701a4c45ce332,benchmark,BH_SELL_FINAL,XETRA,SXR8.DE,2026-08-27,,,160072.15851153055,162188.44472325407,2.9688420357975125,0.0,714.260009765625,713.5457497558593,EUR,EUR,1.0,,2118.404616339848,2.118404616339848,,,0.0,,335232.4389630888,final,,,
1519,2026-08-27T15:30:00Z,CLOSE_EXIT,a4e552abf5c8981083928ed50ab84f51a59a4ce01e43b13aa4e701a4c45ce332,benchmark,BH_SELL_FINAL,XETRA,VVSM.DE,2026-08-27,,,162188.44472325407,167278.79244373398,56.334699091837415,0.0,90.54000091552734,90.44946091461182,EUR,EUR,1.0,,5095.443163643567,5.095443163643567,,,0.0,,335297.73169649666,final,,,
1520,2026-08-27T15:30:00Z,CLOSE_EXIT,a4e552abf5c8981083928ed50ab84f51a59a4ce01e43b13aa4e701a4c45ce332,benchmark,BH_SELL_FINAL,XETRA,ZPRR.DE,2026-08-27,,,167278.79244373398,169072.3822128962,23.76282430146387,0.0,75.62999725341797,75.55436725616455,EUR,EUR,1.0,,1795.385154316513,1.7953851543165131,,,0.0,,335302.6937602579,final,,,
1521,2026-08-27T20:00:00Z,CLOSE_EXIT,a4e552abf5c8981083928ed50ab84f51a59a4ce01e43b13aa4e701a4c45ce332,benchmark,BH_SELL_FINAL,NASDAQ,AAPL,2026-08-27,,,169072.3822128962,171469.0692275733,8.88973366400112,0.0,314.5799865722656,314.26540658569337,USD,EURUSD,0.8587376556462,2026-08-27T15:00:00Z,2399.0861007778767,2.3990861007778768,,,0.0,,335306.51935329614,final,,,
1522,2026-08-27T20:00:00Z,CLOSE_EXIT,a4e552abf5c8981083928ed50ab84f51a59a4ce01e43b13aa4e701a4c45ce332,benchmark,BH_SELL_FINAL,NASDAQ,ADBE,2026-08-27,,,171469.0692275733,172242.531919512,3.121222286431986,0.0,289.1499938964844,288.8608439025879,USD,EURUSD,0.8587376556462,2026-08-27T15:00:00Z,774.2369288675898,0.7742369288675898,,,0.0,,335346.99736298446,final,,,
1523,2026-08-27T20:00:00Z,CLOSE_EXIT,a4e552abf5c8981083928ed50ab84f51a59a4ce01e43b13aa4e701a4c45ce332,benchmark,BH_SELL_FINAL,NASDAQ,AMAT,2026-08-27,,,172242.531919512,177340.1898228382,12.331273502688031,0.0,482.3599853515625,481.87762536621096,USD,EURUSD,0.8587376556462,2026-08-27T15:00:00Z,5102.760663990199,5.102760663990199,,,0.0,,335364.31873039634,final,,,
1524,2026-08-27T20:00:00Z,CLOSE_EXIT,a4e552abf5c8981083928ed50ab84f51a59a4ce01e43b13aa4e701a4c45ce332,benchmark,BH_SELL_FINAL,NASDAQ,AMD,2026-08-27,,,177340.1898228382,182758.47114058983,13.263319587241064,0.0,476.6700134277344,476.19334341430664,USD,EURUSD,0.8587376556462,2026-08-27T15:00:00Z,5423.705022774395,5.423705022774395,,,0.0,,335304.9459545899,final,,,
1525,2026-08-27T20:00:00Z,CLOSE_EXIT,a4e552abf5c8981083928ed50ab84f51a59a4ce01e43b13aa4e701a4c45ce332,benchmark,BH_SELL_FINAL,NASDAQ,AMZN,2026-08-27,,,182758.47114058983,185202.23729981942,11.127236649643567,0.0,256.260009765625,256.00374975585936,USD,EURUSD,0.8587376556462,2026-08-27T15:00:00Z,2446.212371601184,2.4462123716011837,,,0.0,,335261.63857016456,final,,,
1526,2026-08-27T20:00:00Z,CLOSE_EXIT,a4e552abf5c8981083928ed50ab84f51a59a4ce01e43b13aa4e701a4c45ce332,benchmark,BH_SELL_FINAL,NASDAQ,APP,2026-08-27,,,185202.23729981942,194370.6066023383,34.21920829818214,0.0,312.6300048828125,312.3173748779297,USD,EURUSD,0.8587376556462,2026-08-27T15:00:00Z,9177.546849368237,9.177546849368238,,,0.0,,335376.09652232274,final,,,
1527,2026-08-27T20:00:00Z,CLOSE_EXIT,a4e552abf5c8981083928ed50ab84f51a59a4ce01e43b13aa4e701a4c45ce332,benchmark,BH_SELL_FINAL,NASDAQ,ARM,2026-08-27,,,194370.6066023383,196262.25504748448,8.64870821218358,0.0,255.2100067138672,254.95479670715332,USD,EURUSD,0.8587376556462,2026-08-27T15:00:00Z,1893.5419871333206,1.8935419871333206,,,0.0,,335403.1295422772,final,,,
1528,2026-08-27T20:00:00Z,CLOSE_EXIT,a4e552abf5c8981083928ed50ab84f51a59a4ce01e43b13aa4e701a4c45ce332,benchmark,BH_SELL_FINAL,NASDAQ,AVGO,2026-08-27,,,196262.25504748448,203831.9160715065,23.77274662156624,0.0,371.5400085449219,371.16846853637696,USD,EURUSD,0.8587376556462,2026-08-27T15:00:00Z,7577.238262284303,7.577238262284303,,,0.0,,335713.5798457287,final,,,
1529,2026-08-27T20:00:00Z,CLOSE_EXIT,a4e552abf5c8981083928ed50ab84f51a59a4ce01e43b13aa4e701a4c45ce332,benchmark,BH_SELL_FINAL,NASDAQ,AZN,2026-08-27,,,203831.9160715065,205348.3797004728,10.755282024129697,0.0,164.52000427246094,164.35548426818846,USD,EURUSD,0.8587376556462,2026-08-27T15:00:00Z,1517.9816105768814,1.5179816105768815,,,0.0,,335694.3794230819,final,,,
1530,2026-08-27T20:00:00Z,CLOSE_EXIT,a4e552abf5c8981083928ed50ab84f51a59a4ce01e43b13aa4e701a4c45ce332,benchmark,BH_SELL_FINAL,NASDAQ,COIN,2026-08-27,,,205348.3797004728,208957.8360472691,22.082796451285112,0.0,190.72000122070312,190.5292812194824,USD,EURUSD,0.8587376556462,2026-08-27T15:00:00Z,3613.069416212528,3.613069416212528,,,0.0,,335856.6818738214,final,,,
1531,2026-08-27T20:00:00Z,CLOSE_EXIT,a4e552abf5c8981083928ed50ab84f51a59a4ce01e43b13aa4e701a4c45ce332,benchmark,BH_SELL_FINAL,NASDAQ,CRWD,2026-08-27,,,208957.8360472691,214765.46565176267,29.726841376729965,0.0,227.9600067138672,227.73204670715333,USD,EURUSD,0.8587376556462,2026-08-27T15:00:00Z,5813.443047541095,5.813443047541096,,,0.0,,336835.008228917,final,,,
1532,2026-08-27T20:00:00Z,CLOSE_EXIT,a4e552abf5c8981083928ed50ab84f51a59a4ce01e43b13aa4e701a4c45ce332,benchmark,BH_SELL_FINAL,NASDAQ,GOOGL,2026-08-27,,,214765.46565176267,217970.55714749507,10.97843823225051,0.0,340.6499938964844,340.3093439025879,USD,EURUSD,0.8587376556462,2026-08-27T15:00:00Z,3208.299795527915,3.2082997955279153,,,0.0,,336815.8611025544,final,,,
1533,2026-08-27T20:00:00Z,CLOSE_EXIT,a4e552abf5c8981083928ed50ab84f51a59a4ce01e43b13aa4e701a4c45ce332,benchmark,BH_SELL_FINAL,NASDAQ,INTC,2026-08-27,,,217970.55714749507,220526.16638310315,32.38101886521821,0.0,92.08999633789062,91.99790634155273,USD,EURUSD,0.8587376556462,2026-08-27T15:00:00Z,2558.167403011075,2.558167403011075,,,0.0,,336917.7983454673,final,,,
1534,2026-08-27T20:00:00Z,CLOSE_EXIT,a4e552abf5c8981083928ed50ab84f51a59a4ce01e43b13aa4e701a4c45ce332,benchmark,BH_SELL_FINAL,NASDAQ,META,2026-08-27,,,220526.16638310315,223973.27580759957,7.042898744834548,0.0,571.0999755859375,570.5288756103515,USD,EURUSD,0.8587376556462,2026-08-27T15:00:00Z,3450.5599844809017,3.450559984480902,,,0.0,,336880.4116033545,final,,,
1535,2026-08-27T20:00:00Z,CLOSE_EXIT,a4e552abf5c8981083928ed50ab84f51a59a4ce01e43b13aa4e701a4c45ce332,benchmark,BH_SELL_FINAL,NASDAQ,MRVL,2026-08-27,,,223973.27580759957,228897.99221557667,23.79920986414468,0.0,241.4499969482422,241.20854695129395,USD,EURUSD,0.8587376556462,2026-08-27T15:00:00Z,4929.64605403112,4.92964605403112,,,0.0,,336795.7468654953,final,,,
1536,2026-08-27T20:00:00Z,CLOSE_EXIT,a4e552abf5c8981083928ed50ab84f51a59a4ce01e43b13aa4e701a4c45ce332,benchmark,BH_SELL_FINAL,NASDAQ,MSFT,2026-08-27,,,228897.99221557667,231028.94499058838,4.923108070239915,0.0,505.05999755859375,504.55493756103516,USD,EURUSD,0.8587376556462,2026-08-27T15:00:00Z,2133.085860872588,2.1330858608725882,,,0.0,,336828.21691935085,final,,,
1537,2026-08-27T20:00:00Z,CLOSE_EXIT,a4e552abf5c8981083928ed50ab84f51a59a4ce01e43b13aa4e701a4c45ce332,benchmark,BH_SELL_FINAL,NASDAQ,MU,2026-08-27,,,231028.94499058838,247023.02946496566,19.951482537575664,0.0,935.3900146484375,934.4546246337891,USD,EURUSD,0.8587376556462,2026-08-27T15:00:00Z,16010.09456894621,16.01009456894621,,,0.0,,336744.6099378606,final,,,
1538,2026-08-27T20:00:00Z,CLOSE_EXIT,a4e552abf5c8981083928ed50ab84f51a59a4ce01e43b13aa4e701a4c45ce332,benchmark,BH_SELL_FINAL,NASDAQ,NFLX,2026-08-27,,,247023.02946496566,251696.24242014936,68.29730707741463,0.0,79.83999633789062,79.76015634155273,USD,EURUSD,0.8587376556462,2026-08-27T15:00:00Z,4677.890846029734,4.677890846029735,,,0.0,,336640.2371721356,final,,,
1539,2026-08-27T20:00:00Z,CLOSE_EXIT,a4e552abf5c8981083928ed50ab84f51a59a4ce01e43b13aa4e701a4c45ce332,benchmark,BH_SELL_FINAL,NASDAQ,NVDA,2026-08-27,,,251696.24242014936,266135.1968280725,73.90052442498336,0.0,227.97999572753906,227.75201573181153,USD,EURUSD,0.8587376556462,2026-08-27T15:00:00Z,14453.407815738883,14.453407815738883,,,0.0,,337773.92389300524,final,,,
1540,2026-08-27T20:00:00Z,CLOSE_EXIT,a4e552abf5c8981083928ed50ab84f51a59a4ce01e43b13aa4e701a4c45ce332,benchmark,BH_SELL_FINAL,NASDAQ,PANW,2026-08-27,,,266135.1968280725,270872.552425271,14.438292746624633,0.0,382.8500061035156,382.4671560974121,USD,EURUSD,0.8587376556462,2026-08-27T15:00:00Z,4742.097694893444,4.742097694893444,,,0.0,,338304.27470136096,final,,,
1541,2026-08-27T20:00:00Z,CLOSE_EXIT,a4e552abf5c8981083928ed50ab84f51a59a4ce01e43b13aa4e701a4c45ce332,benchmark,BH_SELL_FINAL,NASDAQ,PLTR,2026-08-27,,,270872.552425271,294755.83312878147,149.8832312451064,0.0,185.92999267578125,185.74406268310545,USD,EURUSD,0.8587376556462,2026-08-27T15:00:00Z,23907.187891401827,23.90718789140183,,,0.0,,339341.46390980366,final,,,
1542,2026-08-27T20:00:00Z,CLOSE_EXIT,a4e552abf5c8981083928ed50ab84f51a59a4ce01e43b13aa4e701a4c45ce332,benchmark,BH_SELL_FINAL,NASDAQ,QCOM,2026-08-27,,,294755.83312878147,296131.56538069405,9.741771526857322,0.0,164.77999877929688,164.61521878051758,USD,EURUSD,0.8587376556462,2026-08-27T15:00:00Z,1377.1093612738812,1.3771093612738812,,,0.0,,339347.5758557747,final,,,
1543,2026-08-27T20:00:00Z,CLOSE_EXIT,a4e552abf5c8981083928ed50ab84f51a59a4ce01e43b13aa4e701a4c45ce332,benchmark,BH_SELL_FINAL,NASDAQ,TSLA,2026-08-27,,,296131.56538069405,297746.5689831962,5.311120602626141,0.0,354.80999755859375,354.45518756103513,USD,EURUSD,0.8587376556462,2026-08-27T15:00:00Z,1616.6202227248832,1.6166202227248831,,,0.0,,339385.343077255,final,,,
1544,2026-08-27T20:00:00Z,CLOSE_EXIT,a4e552abf5c8981083928ed50ab84f51a59a4ce01e43b13aa4e701a4c45ce332,benchmark,BH_SELL_FINAL,NASDAQ,VRTX,2026-08-27,,,297746.5689831962,299955.1397522232,4.706478322066533,0.0,547.5499877929688,547.0024378051758,USD,EURUSD,0.8587376556462,2026-08-27T15:00:00Z,2210.7815505775925,2.2107815505775927,,,0.0,,339381.9701644701,final,,,
1545,2026-08-27T20:00:00Z,CLOSE_EXIT,a4e552abf5c8981083928ed50ab84f51a59a4ce01e43b13aa4e701a4c45ce332,benchmark,BH_SELL_FINAL,NYSE,ABBV,2026-08-27,,,299955.1397522232,302098.0697410865,9.685998107356824,0.0,258.1499938964844,257.8918439025879,USD,EURUSD,0.8587376556462,2026-08-27T15:00:00Z,2145.075063927203,2.145075063927203,,,0.0,,339338.16864341026,final,,,
1546,2026-08-27T20:00:00Z,CLOSE_EXIT,a4e552abf5c8981083928ed50ab84f51a59a4ce01e43b13aa4e701a4c45ce332,benchmark,BH_SELL_FINAL,NYSE,BRK-B,2026-08-27,,,302098.0697410865,303872.2148265001,4.109847313776379,0.0,503.70001220703125,503.1963121948242,USD,EURUSD,0.8587376556462,2026-08-27T15:00:00Z,1775.9210064199897,1.7759210064199897,,,0.0,,339330.34462427296,final,,,
1547,2026-08-27T20:00:00Z,CLOSE_EXIT,a4e552abf5c8981083928ed50ab84f51a59a4ce01e43b13aa4e701a4c45ce332,benchmark,BH_SELL_FINAL,NYSE,CAT,2026-08-27,,,303872.2148265001,308057.61914445646,5.977559089530852,0.0,817.0,816.183,USD,EURUSD,0.8587376556462,2026-08-27T15:00:00Z,4189.5939118682345,4.189593911868235,,,0.0,,339296.65482571826,final,,,
1548,2026-08-27T20:00:00Z,CLOSE_EXIT,a4e552abf5c8981083928ed50ab84f51a59a4ce01e43b13aa4e701a4c45ce332,benchmark,BH_SELL_FINAL,NYSE,CRM,2026-08-27,,,308057.61914445646,309567.78106336726,6.991096937668777,0.0,252.0500030517578,251.79795304870606,USD,EURUSD,0.8587376556462,2026-08-27T15:00:00Z,1511.6735925032847,1.5116735925032847,,,0.0,,339572.37336275936,final,,,
1549,2026-08-27T20:00:00Z,CLOSE_EXIT,a4e552abf5c8981083928ed50ab84f51a59a4ce01e43b13aa4e701a4c45ce332,benchmark,BH_SELL_FINAL,NYSE,CVX,2026-08-27,,,309567.78106336726,310956.21838109684,8.109694895839834,0.0,199.77000427246094,199.57023426818847,USD,EURUSD,0.8587376556462,2026-08-27T15:00:00Z,1389.827144874442,1.389827144874442,,,0.0,,339566.5280960806,final,,,
1550,2026-08-27T20:00:00Z,CLOSE_EXIT,a4e552abf5c8981083928ed50ab84f51a59a4ce01e43b13aa4e701a4c45ce332,benchmark,BH_SELL_FINAL,NYSE,GS,2026-08-27,,,310956.21838109684,314970.7361373431,4.500340872941124,0.0,1040.8699951171875,1039.8291251220703,USD,EURUSD,0.8587376556462,2026-08-27T15:00:00Z,4018.536292538826,4.018536292538826,,,0.0,,339560.0716240179,final,,,
1551,2026-08-27T20:00:00Z,CLOSE_EXIT,a4e552abf5c8981083928ed50ab84f51a59a4ce01e43b13aa4e701a4c45ce332,benchmark,BH_SELL_FINAL,NYSE,INFY,2026-08-27,,,314970.7361373431,315710.56332127907,72.54238898439195,0.0,11.899999618530273,11.888099618911744,USD,EURUSD,0.8587376556462,2026-08-27T15:00:00Z,740.5677516876748,0.7405677516876747,,,0.0,,339571.6716746026,final,,,
1552,2026-08-27T20:00:00Z,CLOSE_EXIT,a4e552abf5c8981083928ed50ab84f51a59a4ce01e43b13aa4e701a4c45ce332,benchmark,BH_SELL_FINAL,NYSE,LLY,2026-08-27,,,315710.56332127907,319893.1535426038,4.1496320874528525,0.0,1176.0999755859375,1174.9238756103516,USD,EURUSD,0.8587376556462,2026-08-27T15:00:00Z,4186.776998323038,4.1867769983230385,,,0.0,,339515.86426349246,final,,,
1553,2026-08-27T20:00:00Z,CLOSE_EXIT,a4e552abf5c8981083928ed50ab84f51a59a4ce01e43b13aa4e701a4c45ce332,benchmark,BH_SELL_FINAL,NYSE,LMT,2026-08-27,,,319893.1535426038,321367.6941725148,3.040417541051734,0.0,565.8900146484375,565.3241246337891,USD,EURUSD,0.8587376556462,2026-08-27T15:00:00Z,1476.0166465575687,1.4760166465575688,,,0.0,,339513.6157523782,final,,,
1554,2026-08-27T20:00:00Z,CLOSE_EXIT,a4e552abf5c8981083928ed50ab84f51a59a4ce01e43b13aa4e701a4c45ce332,benchmark,BH_SELL_FINAL,NYSE,MA,2026-08-27,,,321367.6941725148,323251.92470298853,3.715514659655374,0.0,591.72998046875,591.1382504882813,USD,EURUSD,0.8587376556462,2026-08-27T15:00:00Z,1886.1166471208583,1.8861166471208584,,,0.0,,339488.33666541014,final,,,
1555,2026-08-27T20:00:00Z,CLOSE_EXIT,a4e552abf5c8981083928ed50ab84f51a59a4ce01e43b13aa4e701a4c45ce332,benchmark,BH_SELL_FINAL,NYSE,NOW,2026-08-27,,,323251.92470298853,324808.1808094185,13.117751184899841,0.0,138.42999267578125,138.29156268310547,USD,EURUSD,0.8587376556462,2026-08-27T15:00:00Z,1557.813920350328,1.557813920350328,,,0.0,,339627.4926094592,final,,,
1556,2026-08-27T20:00:00Z,CLOSE_EXIT,a4e552abf5c8981083928ed50ab84f51a59a4ce01e43b13aa4e701a4c45ce332,benchmark,BH_SELL_FINAL,NYSE,ORCL,2026-08-27,,,324808.1808094185,327027.1730224669,17.04088578224066,0.0,151.94000244140625,151.78806243896486,USD,EURUSD,0.8587376556462,2026-08-27T15:00:00Z,2221.2134264748934,2.2212134264748933,,,0.0,,339667.9733727912,final,,,
1557,2026-08-27T20:00:00Z,CLOSE_EXIT,a4e552abf5c8981083928ed50ab84f51a59a4ce01e43b13aa4e701a4c45ce332,benchmark,BH_SELL_FINAL,NYSE,TSM,2026-08-27,,,327027.1730224669,332268.84451392555,14.31348658005621,0.0,427.29998779296875,426.87268780517576,USD,EURUSD,0.8587376556462,2026-08-27T15:00:00Z,5246.918409868533,5.246918409868533,,,0.0,,339775.5957061831,final,,,
1558,2026-08-27T20:00:00Z,CLOSE_EXIT,a4e552abf5c8981083928ed50ab84f51a59a4ce01e43b13aa4e701a4c45ce332,benchmark,BH_SELL_FINAL,NYSE,UBER,2026-08-27,,,332268.84451392555,335788.9336112954,53.376926811394824,0.0,76.94999694824219,76.87304695129394,USD,EURUSD,0.8587376556462,2026-08-27T15:00:00Z,3523.6127100799777,3.523612710079978,,,0.0,,339697.95627508505,final,,,
1559,2026-08-27T20:00:00Z,CLOSE_EXIT,a4e552abf5c8981083928ed50ab84f51a59a4ce01e43b13aa4e701a4c45ce332,benchmark,BH_SELL_FINAL,NYSE,V,2026-08-27,,,335788.9336112954,337810.9311641598,6.214329750651384,0.0,379.6600036621094,379.2803436584473,USD,EURUSD,0.8587376556462,2026-08-27T15:00:00Z,2024.021574438789,2.024021574438789,,,0.0,,339671.2795872059,final,,,
1560,2026-08-27T20:00:00Z,CLOSE_EXIT,a4e552abf5c8981083928ed50ab84f51a59a4ce01e43b13aa4e701a4c45ce332,benchmark,BH_SELL_FINAL,NYSE,XOM,2026-08-27,,,337810.9311641598,339647.02151481266,13.694770245923833,0.0,156.44000244140625,156.28356243896485,USD,EURUSD,0.8587376556462,2026-08-27T15:00:00Z,1837.9282789318293,1.8379282789318292,,,0.0,,339647.02151481266,final,,,
