seq,timestamp_utc,fase,system_sha256,policy_id,event_type,market,asset,session_date,signal_id,position_id,cash_before,cash_after,units_before,units_after,market_price,effective_price,currency,fx_pair,fx_rate,fx_timestamp_available,notional_base,fee_base,slippage_base,dividend_base,receivable_after,realized_pnl_base,equity_after,reason,stop,target2,cash_requerido_base
1,2022-06-14T00:00:00Z,OPEN_ENTRY,30ffe0fa733c104a08525a3d8ae1bf13c3838864ba1ac15ce6aa0056d6575399,benchmark,BH_BUY,JPX,6501.T,2022-06-14,,,100000.0,98888.88888888889,0.0,115.98832723984435,1344.0,1344.672,JPY,EURJPY,0.007116931179275497,2022-06-13T15:00:00Z,1110.0011100011102,1.1100011100008942,0.5547231934038742,,0.0,,99998.88999889,BH_COMPRA_INICIAL,,,
2,2022-06-14T00:00:00Z,OPEN_ENTRY,30ffe0fa733c104a08525a3d8ae1bf13c3838864ba1ac15ce6aa0056d6575399,benchmark,BH_BUY,JPX,6758.T,2022-06-14,,,98888.88888888889,97777.77777777778,0.0,69.40708451039661,2246.0,2247.123,JPY,EURJPY,0.007116931179275497,2022-06-13T15:00:00Z,1110.0011100011102,1.1100011100008942,0.5547231934038764,,0.0,,99997.77999778,BH_COMPRA_INICIAL,,,
3,2022-06-14T00:00:00Z,OPEN_ENTRY,30ffe0fa733c104a08525a3d8ae1bf13c3838864ba1ac15ce6aa0056d6575399,benchmark,BH_BUY,JPX,6857.T,2022-06-14,,,97777.77777777778,96666.66666666667,0.0,81.93866586615023,1902.5,1903.4512499999998,JPY,EURJPY,0.007116931179275497,2022-06-13T15:00:00Z,1110.0011100011102,1.1100011100008942,0.5547231934037631,,0.0,,99996.66999667,BH_COMPRA_INICIAL,,,
4,2022-06-14T00:00:00Z,OPEN_ENTRY,30ffe0fa733c104a08525a3d8ae1bf13c3838864ba1ac15ce6aa0056d6575399,benchmark,BH_BUY,JPX,7011.T,2022-06-14,,,96666.66666666667,95555.55555555556,0.0,287.2987814678975,542.5999755859375,542.8712755737305,JPY,EURJPY,0.007116931179275497,2022-06-13T15:00:00Z,1110.0011100011102,1.1100011100008942,0.5547231934038885,,0.0,,99995.55999556,BH_COMPRA_INICIAL,,,
5,2022-06-14T00:00:00Z,OPEN_ENTRY,30ffe0fa733c104a08525a3d8ae1bf13c3838864ba1ac15ce6aa0056d6575399,benchmark,BH_BUY,JPX,7203.T,2022-06-14,,,95555.55555555556,94444.44444444445,0.0,74.83836380717754,2083.0,2084.0415,JPY,EURJPY,0.007116931179275497,2022-06-13T15:00:00Z,1110.0011100011102,1.1100011100008942,0.5547231934037544,,0.0,,99994.44999445,BH_COMPRA_INICIAL,,,
6,2022-06-14T00:00:00Z,OPEN_ENTRY,30ffe0fa733c104a08525a3d8ae1bf13c3838864ba1ac15ce6aa0056d6575399,benchmark,BH_BUY,JPX,8035.T,2022-06-14,,,94444.44444444445,93333.33333333334,0.0,9.143009490343157,17050.0,17058.524999999998,JPY,EURJPY,0.007116931179275497,2022-06-13T15:00:00Z,1110.0011100011102,1.1100011100008942,0.5547231934037112,,0.0,,99993.33999334,BH_COMPRA_INICIAL,,,
7,2022-06-14T01:30:00Z,OPEN_ENTRY,30ffe0fa733c104a08525a3d8ae1bf13c3838864ba1ac15ce6aa0056d6575399,benchmark,BH_BUY,HKG,0700.HK,2022-06-14,,,93333.33333333334,92222.22222222223,0.0,26.093632201732085,348.9486389160156,349.1231132354736,HKD,EURHKD,0.12184571895066466,2022-06-13T15:00:00Z,1110.0011100011102,1.1100011100008942,0.5547231934038271,,0.0,,99992.22999223,BH_COMPRA_INICIAL,,,
8,2022-06-14T01:30:00Z,OPEN_ENTRY,30ffe0fa733c104a08525a3d8ae1bf13c3838864ba1ac15ce6aa0056d6575399,benchmark,BH_BUY,HKG,1810.HK,2022-06-14,,,92222.22222222223,91111.11111111112,0.0,783.5918701243115,11.619999885559082,11.62580988550186,HKD,EURHKD,0.12184571895066466,2022-06-13T15:00:00Z,1110.0011100011102,1.1100011100008942,0.5547231934037568,,0.0,,99991.11999112001,BH_COMPRA_INICIAL,,,
9,2022-06-14T01:30:00Z,OPEN_ENTRY,30ffe0fa733c104a08525a3d8ae1bf13c3838864ba1ac15ce6aa0056d6575399,benchmark,BH_BUY,HKG,9988.HK,2022-06-14,,,91111.11111111112,90000.00000000001,0.0,92.67519024091122,98.25,98.29912499999999,HKD,EURHKD,0.12184571895066466,2022-06-13T15:00:00Z,1110.0011100011102,1.1100011100008942,0.5547231934037338,,0.0,,99990.00999001,BH_COMPRA_INICIAL,,,
10,2022-06-14T07:00:00Z,OPEN_ENTRY,30ffe0fa733c104a08525a3d8ae1bf13c3838864ba1ac15ce6aa0056d6575399,benchmark,BH_BUY,AMS,ADYEN.AS,2022-06-14,,,90000.00000000001,88888.8888888889,0.0,0.8970297081237286,1236.800048828125,1237.418448852539,EUR,EUR,1.0,,1110.0011100011102,1.1100011100008942,0.5547231934038743,,0.0,,100044.5353987755,BH_COMPRA_INICIAL,,,
11,2022-06-14T07:00:00Z,OPEN_ENTRY,30ffe0fa733c104a08525a3d8ae1bf13c3838864ba1ac15ce6aa0056d6575399,benchmark,BH_BUY,AMS,ASML.AS,2022-06-14,,,88888.8888888889,87777.7777777778,0.0,2.294140555842398,483.6000061035156,483.84180610656733,EUR,EUR,1.0,,1110.0011100011102,1.1100011100008942,0.5547231934037384,,0.0,,100043.4253976655,BH_COMPRA_INICIAL,,,
12,2022-06-14T07:00:00Z,OPEN_ENTRY,30ffe0fa733c104a08525a3d8ae1bf13c3838864ba1ac15ce6aa0056d6575399,benchmark,BH_BUY,MCE,BBVA.MC,2022-06-14,,,87777.7777777778,86666.66666666669,0.0,262.1874861872236,4.231500148773193,4.23361589884758,EUR,EUR,1.0,,1110.0011100011102,1.1100011100008942,0.5547231934038196,,0.0,,100042.3153965555,BH_COMPRA_INICIAL,,,
13,2022-06-14T07:00:00Z,OPEN_ENTRY,30ffe0fa733c104a08525a3d8ae1bf13c3838864ba1ac15ce6aa0056d6575399,benchmark,BH_BUY,MCE,IBE.MC,2022-06-14,,,86666.66666666669,85555.55555555558,0.0,109.90058023388661,10.095000267028809,10.100047767162323,EUR,EUR,1.0,,1110.0011100011102,1.1100011100008942,0.5547231934038532,,0.0,,100041.2053954455,BH_COMPRA_INICIAL,,,
14,2022-06-14T07:00:00Z,OPEN_ENTRY,30ffe0fa733c104a08525a3d8ae1bf13c3838864ba1ac15ce6aa0056d6575399,benchmark,BH_BUY,MCE,ITX.MC,2022-06-14,,,85555.55555555558,84444.44444444447,0.0,49.308728302564724,22.5,22.51125,EUR,EUR,1.0,,1110.0011100011102,1.1100011100008942,0.5547231934038742,,0.0,,100040.0953943355,BH_COMPRA_INICIAL,,,
15,2022-06-14T07:00:00Z,OPEN_ENTRY,30ffe0fa733c104a08525a3d8ae1bf13c3838864ba1ac15ce6aa0056d6575399,benchmark,BH_BUY,MIL,ENI.MI,2022-06-14,,,84444.44444444447,83333.33333333336,0.0,84.43275173668353,13.140000343322754,13.146570343494414,EUR,EUR,1.0,,1110.0011100011102,1.1100011100008942,0.5547231934037357,,0.0,,100038.9853932255,BH_COMPRA_INICIAL,,,
16,2022-06-14T07:00:00Z,OPEN_ENTRY,30ffe0fa733c104a08525a3d8ae1bf13c3838864ba1ac15ce6aa0056d6575399,benchmark,BH_BUY,MIL,RACE.MI,2022-06-14,,,83333.33333333336,82222.22222222225,0.0,6.683411968721122,166.0,166.083,EUR,EUR,1.0,,1110.0011100011102,1.1100011100008942,0.5547231934038426,,0.0,,100037.8753921155,BH_COMPRA_INICIAL,,,
17,2022-06-14T07:00:00Z,OPEN_ENTRY,30ffe0fa733c104a08525a3d8ae1bf13c3838864ba1ac15ce6aa0056d6575399,benchmark,BH_BUY,PAR,AIR.PA,2022-06-14,,,82222.22222222225,81111.11111111114,0.0,11.250850623067967,98.61000061035156,98.65930561065673,EUR,EUR,1.0,,1110.0011100011102,1.1100011100008942,0.5547231934037637,,0.0,,100036.76539100551,BH_COMPRA_INICIAL,,,
18,2022-06-14T07:00:00Z,OPEN_ENTRY,30ffe0fa733c104a08525a3d8ae1bf13c3838864ba1ac15ce6aa0056d6575399,benchmark,BH_BUY,PAR,MC.PA,2022-06-14,,,81111.11111111114,80000.00000000003,0.0,1.9961252450062428,555.7999877929688,556.0778877868652,EUR,EUR,1.0,,1110.0011100011102,1.1100011100008942,0.5547231934037371,,0.0,,100035.6553898955,BH_COMPRA_INICIAL,,,
19,2022-06-14T07:00:00Z,OPEN_ENTRY,30ffe0fa733c104a08525a3d8ae1bf13c3838864ba1ac15ce6aa0056d6575399,benchmark,BH_BUY,PAR,OR.PA,2022-06-14,,,80000.00000000003,78888.88888888892,0.0,3.589279731156524,309.1000061035156,309.25455610656735,EUR,EUR,1.0,,1110.0011100011102,1.1100011100008942,0.5547231934037341,,0.0,,100034.54538878551,BH_COMPRA_INICIAL,,,
20,2022-06-14T07:00:00Z,OPEN_ENTRY,30ffe0fa733c104a08525a3d8ae1bf13c3838864ba1ac15ce6aa0056d6575399,benchmark,BH_BUY,PAR,SAF.PA,2022-06-14,,,78888.88888888892,77777.77777777781,0.0,12.402978475780804,89.44999694824219,89.4947219467163,EUR,EUR,1.0,,1110.0011100011102,1.1100011100008942,0.5547231934037051,,0.0,,100033.4353876755,BH_COMPRA_INICIAL,,,
21,2022-06-14T07:00:00Z,OPEN_ENTRY,30ffe0fa733c104a08525a3d8ae1bf13c3838864ba1ac15ce6aa0056d6575399,benchmark,BH_BUY,PAR,SU.PA,2022-06-14,,,77777.77777777781,76666.6666666667,0.0,9.220797786084363,120.31999969482422,120.38015969467162,EUR,EUR,1.0,,1110.0011100011102,1.1100011100008942,0.5547231934037421,,0.0,,100032.3253865655,BH_COMPRA_INICIAL,,,
22,2022-06-14T07:00:00Z,OPEN_ENTRY,30ffe0fa733c104a08525a3d8ae1bf13c3838864ba1ac15ce6aa0056d6575399,benchmark,BH_BUY,PAR,TTE.PA,2022-06-14,,,76666.6666666667,75555.55555555559,0.0,20.614016965786046,53.81999969482422,53.84690969467163,EUR,EUR,1.0,,1110.0011100011102,1.1100011100008942,0.5547231934038472,,0.0,,100031.2153854555,BH_COMPRA_INICIAL,,,
23,2022-06-14T07:00:00Z,OPEN_ENTRY,30ffe0fa733c104a08525a3d8ae1bf13c3838864ba1ac15ce6aa0056d6575399,benchmark,BH_BUY,XETRA,ALV.DE,2022-06-14,,,75555.55555555559,74444.44444444448,0.0,6.062548561790745,183.0,183.0915,EUR,EUR,1.0,,1110.0011100011102,1.1100011100008942,0.5547231934038311,,0.0,,100030.10538434552,BH_COMPRA_INICIAL,,,
24,2022-06-14T07:00:00Z,OPEN_ENTRY,30ffe0fa733c104a08525a3d8ae1bf13c3838864ba1ac15ce6aa0056d6575399,benchmark,BH_BUY,XETRA,BSP.DE,2022-06-14,,,74444.44444444448,73333.33333333337,0.0,122.9984845347526,9.020000457763672,9.024510457992553,EUR,EUR,1.0,,1110.0011100011102,1.1100011100008942,0.5547231934038235,,0.0,,100028.99538323551,BH_COMPRA_INICIAL,,,
25,2022-06-14T07:00:00Z,OPEN_ENTRY,30ffe0fa733c104a08525a3d8ae1bf13c3838864ba1ac15ce6aa0056d6575399,benchmark,BH_BUY,XETRA,DBK.DE,2022-06-14,,,73333.33333333337,72222.22222222226,0.0,118.83529715322486,9.336000442504883,9.340668442726134,EUR,EUR,1.0,,1110.0011100011102,1.1100011100008942,0.5547231934036979,,0.0,,100027.8853821255,BH_COMPRA_INICIAL,,,
26,2022-06-14T07:00:00Z,OPEN_ENTRY,30ffe0fa733c104a08525a3d8ae1bf13c3838864ba1ac15ce6aa0056d6575399,benchmark,BH_BUY,XETRA,DTE.DE,2022-06-14,,,72222.22222222226,71111.11111111115,0.0,62.11905648898338,17.860000610351562,17.868930610656736,EUR,EUR,1.0,,1110.0011100011102,1.1100011100008942,0.554723193403742,,0.0,,100026.77538101551,BH_COMPRA_INICIAL,,,
27,2022-06-14T07:00:00Z,OPEN_ENTRY,30ffe0fa733c104a08525a3d8ae1bf13c3838864ba1ac15ce6aa0056d6575399,benchmark,BH_BUY,XETRA,ENR.DE,2022-06-14,,,71111.11111111115,70000.00000000004,0.0,68.4209914503541,16.21500015258789,16.223107652664183,EUR,EUR,1.0,,1110.0011100011102,1.1100011100008942,0.5547231934037365,,0.0,,100025.6653799055,BH_COMPRA_INICIAL,,,
28,2022-06-14T07:00:00Z,OPEN_ENTRY,30ffe0fa733c104a08525a3d8ae1bf13c3838864ba1ac15ce6aa0056d6575399,benchmark,BH_BUY,XETRA,EQQQ.DE,2022-06-14,,,70000.00000000004,68888.88888888893,0.0,4.122037570004188,269.1499938964844,269.2845688934326,EUR,EUR,1.0,,1110.0011100011102,1.1100011100008942,0.5547231934038082,,0.0,,100024.55537879551,BH_COMPRA_INICIAL,,,
29,2022-06-14T07:00:00Z,OPEN_ENTRY,30ffe0fa733c104a08525a3d8ae1bf13c3838864ba1ac15ce6aa0056d6575399,benchmark,BH_BUY,XETRA,EUNH.DE,2022-06-14,,,68888.88888888893,67777.77777777782,0.0,9.934154582521876,111.68000030517578,111.73584030532837,EUR,EUR,1.0,,1110.0011100011102,1.1100011100008942,0.5547231934038284,,0.0,,100023.44537768551,BH_COMPRA_INICIAL,,,
30,2022-06-14T07:00:00Z,OPEN_ENTRY,30ffe0fa733c104a08525a3d8ae1bf13c3838864ba1ac15ce6aa0056d6575399,benchmark,BH_BUY,XETRA,EUNL.DE,2022-06-14,,,67777.77777777782,66666.66666666672,0.0,16.15996733849876,68.65399932861328,68.68832632827758,EUR,EUR,1.0,,1110.0011100011102,1.1100011100008942,0.5547231934037724,,0.0,,100022.33537657552,BH_COMPRA_INICIAL,,,
31,2022-06-14T07:00:00Z,OPEN_ENTRY,30ffe0fa733c104a08525a3d8ae1bf13c3838864ba1ac15ce6aa0056d6575399,benchmark,BH_BUY,XETRA,EUNN.DE,2022-06-14,,,66666.66666666672,65555.5555555556,0.0,27.89165535085868,39.777000427246094,39.79688892745971,EUR,EUR,1.0,,1110.0011100011102,1.1100011100008942,0.5547231934037121,,0.0,,100021.22537546551,BH_COMPRA_INICIAL,,,
32,2022-06-14T07:00:00Z,OPEN_ENTRY,30ffe0fa733c104a08525a3d8ae1bf13c3838864ba1ac15ce6aa0056d6575399,benchmark,BH_BUY,XETRA,EXH1.DE,2022-06-14,,,65555.5555555556,64444.444444444496,0.0,32.1020353796953,34.560001373291016,34.57728137397766,EUR,EUR,1.0,,1110.0011100011102,1.1100011100008942,0.5547231934038915,,0.0,,100020.11537435552,BH_COMPRA_INICIAL,,,
33,2022-06-14T07:00:00Z,OPEN_ENTRY,30ffe0fa733c104a08525a3d8ae1bf13c3838864ba1ac15ce6aa0056d6575399,benchmark,BH_BUY,XETRA,EXSA.DE,2022-06-14,,,64444.444444444496,63333.33333333339,0.0,26.564022579219422,41.76499938964844,41.78588188934326,EUR,EUR,1.0,,1110.0011100011102,1.1100011100008942,0.5547231934037656,,0.0,,100019.00537324551,BH_COMPRA_INICIAL,,,
34,2022-06-14T07:00:00Z,OPEN_ENTRY,30ffe0fa733c104a08525a3d8ae1bf13c3838864ba1ac15ce6aa0056d6575399,benchmark,BH_BUY,XETRA,EXV1.DE,2022-06-14,,,63333.33333333339,62222.22222222228,0.0,84.9239418090245,13.064000129699707,13.070532129764556,EUR,EUR,1.0,,1110.0011100011102,1.1100011100008942,0.5547231934038183,,0.0,,100017.8953721355,BH_COMPRA_INICIAL,,,
35,2022-06-14T07:00:00Z,OPEN_ENTRY,30ffe0fa733c104a08525a3d8ae1bf13c3838864ba1ac15ce6aa0056d6575399,benchmark,BH_BUY,XETRA,ICGA.DE,2022-06-14,,,62222.22222222228,61111.11111111117,0.0,240.73915284568938,4.608500003814697,4.610804253816604,EUR,EUR,1.0,,1110.0011100011102,1.1100011100008942,0.5547231934037249,,0.0,,100016.78537102551,BH_COMPRA_INICIAL,,,
36,2022-06-14T07:00:00Z,OPEN_ENTRY,30ffe0fa733c104a08525a3d8ae1bf13c3838864ba1ac15ce6aa0056d6575399,benchmark,BH_BUY,XETRA,IFX.DE,2022-06-14,,,61111.11111111117,60000.00000000006,0.0,44.28927826737502,25.049999237060547,25.062524236679074,EUR,EUR,1.0,,1110.0011100011102,1.1100011100008942,0.5547231934037299,,0.0,,100015.67536991552,BH_COMPRA_INICIAL,,,
37,2022-06-14T07:00:00Z,OPEN_ENTRY,30ffe0fa733c104a08525a3d8ae1bf13c3838864ba1ac15ce6aa0056d6575399,benchmark,BH_BUY,XETRA,IQQK.DE,2022-06-14,,,60000.00000000006,58888.88888888895,0.0,27.11919801871835,40.90999984741211,40.93045484733581,EUR,EUR,1.0,,1110.0011100011102,1.1100011100008942,0.554723193403696,,0.0,,100014.56536880552,BH_COMPRA_INICIAL,,,
38,2022-06-14T07:00:00Z,OPEN_ENTRY,30ffe0fa733c104a08525a3d8ae1bf13c3838864ba1ac15ce6aa0056d6575399,benchmark,BH_BUY,XETRA,IQQT.DE,2022-06-14,,,58888.88888888895,57777.77777777784,0.0,16.279477064815783,68.1500015258789,68.18407652664185,EUR,EUR,1.0,,1110.0011100011102,1.1100011100008942,0.554723193403855,,0.0,,100013.45536769551,BH_COMPRA_INICIAL,,,
39,2022-06-14T07:00:00Z,OPEN_ENTRY,30ffe0fa733c104a08525a3d8ae1bf13c3838864ba1ac15ce6aa0056d6575399,benchmark,BH_BUY,XETRA,IS3N.DE,2022-06-14,,,57777.77777777784,56666.66666666673,0.0,38.86112981573223,28.548999786376953,28.56327428627014,EUR,EUR,1.0,,1110.0011100011102,1.1100011100008942,0.5547231934037858,,0.0,,100012.34536658552,BH_COMPRA_INICIAL,,,
40,2022-06-14T07:00:00Z,OPEN_ENTRY,30ffe0fa733c104a08525a3d8ae1bf13c3838864ba1ac15ce6aa0056d6575399,benchmark,BH_BUY,XETRA,MBG.DE,2022-06-14,,,56666.66666666673,55555.55555555562,0.0,17.75682450281907,62.47999954223633,62.511239542007445,EUR,EUR,1.0,,1110.0011100011102,1.1100011100008942,0.554723193403829,,0.0,,100011.23536547553,BH_COMPRA_INICIAL,,,
41,2022-06-14T07:00:00Z,OPEN_ENTRY,30ffe0fa733c104a08525a3d8ae1bf13c3838864ba1ac15ce6aa0056d6575399,benchmark,BH_BUY,XETRA,MUV2.DE,2022-06-14,,,55555.55555555562,54444.44444444451,0.0,5.040646778927941,220.10000610351562,220.21005610656738,EUR,EUR,1.0,,1110.0011100011102,1.1100011100008942,0.5547231934038325,,0.0,,100010.12536436552,BH_COMPRA_INICIAL,,,
42,2022-06-14T07:00:00Z,OPEN_ENTRY,30ffe0fa733c104a08525a3d8ae1bf13c3838864ba1ac15ce6aa0056d6575399,benchmark,BH_BUY,XETRA,QDV5.DE,2022-06-14,,,54444.44444444451,53333.3333333334,0.0,174.4686823192743,6.359000205993652,6.362179706096649,EUR,EUR,1.0,,1110.0011100011102,1.1100011100008942,0.554723193403816,,0.0,,100009.01536325552,BH_COMPRA_INICIAL,,,
43,2022-06-14T07:00:00Z,OPEN_ENTRY,30ffe0fa733c104a08525a3d8ae1bf13c3838864ba1ac15ce6aa0056d6575399,benchmark,BH_BUY,XETRA,R6C0.DE,2022-06-14,,,53333.3333333334,52222.22222222229,0.0,41.25869884678385,26.889999389648438,26.90344438934326,EUR,EUR,1.0,,1110.0011100011102,1.1100011100008942,0.5547231934037911,,0.0,,100007.90536214552,BH_COMPRA_INICIAL,,,
44,2022-06-14T07:00:00Z,OPEN_ENTRY,30ffe0fa733c104a08525a3d8ae1bf13c3838864ba1ac15ce6aa0056d6575399,benchmark,BH_BUY,XETRA,RRU.DE,2022-06-14,,,52222.22222222229,51111.11111111118,0.0,1081.331736898623,1.0260000228881836,1.0265130228996275,EUR,EUR,1.0,,1110.0011100011102,1.1100011100008942,0.5547231934036919,,0.0,,100006.79536103553,BH_COMPRA_INICIAL,,,
45,2022-06-14T07:00:00Z,OPEN_ENTRY,30ffe0fa733c104a08525a3d8ae1bf13c3838864ba1ac15ce6aa0056d6575399,benchmark,BH_BUY,XETRA,SAP.DE,2022-06-14,,,51111.11111111118,50000.00000000007,0.0,12.520555006949172,88.61000061035156,88.65430561065673,EUR,EUR,1.0,,1110.0011100011102,1.1100011100008942,0.5547231934038105,,0.0,,100005.68535992553,BH_COMPRA_INICIAL,,,
46,2022-06-14T07:00:00Z,OPEN_ENTRY,30ffe0fa733c104a08525a3d8ae1bf13c3838864ba1ac15ce6aa0056d6575399,benchmark,BH_BUY,XETRA,SIE.DE,2022-06-14,,,50000.00000000007,48888.88888888896,0.0,9.868763608592351,112.41999816894531,112.47620816802979,EUR,EUR,1.0,,1110.0011100011102,1.1100011100008942,0.5547231934038553,,0.0,,100004.57535881552,BH_COMPRA_INICIAL,,,
47,2022-06-14T07:00:00Z,OPEN_ENTRY,30ffe0fa733c104a08525a3d8ae1bf13c3838864ba1ac15ce6aa0056d6575399,benchmark,BH_BUY,XETRA,SXR8.DE,2022-06-14,,,48888.88888888896,47777.777777777854,0.0,2.970325714975822,373.510009765625,373.6967647705078,EUR,EUR,1.0,,1110.0011100011102,1.1100011100008942,0.5547231934038099,,0.0,,100003.46535770551,BH_COMPRA_INICIAL,,,
48,2022-06-14T07:00:00Z,OPEN_ENTRY,30ffe0fa733c104a08525a3d8ae1bf13c3838864ba1ac15ce6aa0056d6575399,benchmark,BH_BUY,XETRA,VVSM.DE,2022-06-14,,,47777.777777777854,46666.666666666744,0.0,56.36285236474688,19.68400001525879,19.693842015266416,EUR,EUR,1.0,,1110.0011100011102,1.1100011100008942,0.554723193403701,,0.0,,100002.35535659552,BH_COMPRA_INICIAL,,,
49,2022-06-14T07:00:00Z,OPEN_ENTRY,30ffe0fa733c104a08525a3d8ae1bf13c3838864ba1ac15ce6aa0056d6575399,benchmark,BH_BUY,XETRA,ZPRR.DE,2022-06-14,,,46666.666666666744,45555.555555555635,0.0,23.774699775877394,46.665000915527344,46.688333415985106,EUR,EUR,1.0,,1110.0011100011102,1.1100011100008942,0.5547231934038194,,0.0,,100001.24535548553,BH_COMPRA_INICIAL,,,
50,2022-06-14T13:30:00Z,OPEN_ENTRY,30ffe0fa733c104a08525a3d8ae1bf13c3838864ba1ac15ce6aa0056d6575399,benchmark,BH_BUY,NASDAQ,AAPL,2022-06-14,,,45555.555555555635,44444.444444444525,0.0,8.712733079432248,133.1300048828125,133.1965698852539,USD,EURUSD,0.9564801530368244,2022-06-13T15:00:00Z,1110.0011100011102,1.1100011100008942,0.5547231934037471,,0.0,,100050.11420074705,BH_COMPRA_INICIAL,,,
51,2022-06-14T13:30:00Z,OPEN_ENTRY,30ffe0fa733c104a08525a3d8ae1bf13c3838864ba1ac15ce6aa0056d6575399,benchmark,BH_BUY,NASDAQ,ADBE,2022-06-14,,,44444.444444444525,43333.333333333416,0.0,3.1227821176595882,371.44000244140625,371.6257224426269,USD,EURUSD,0.9564801530368244,2022-06-13T15:00:00Z,1110.0011100011102,1.1100011100008942,0.5547231934037214,,0.0,,100049.00419963704,BH_COMPRA_INICIAL,,,
52,2022-06-14T13:30:00Z,OPEN_ENTRY,30ffe0fa733c104a08525a3d8ae1bf13c3838864ba1ac15ce6aa0056d6575399,benchmark,BH_BUY,NASDAQ,AMAT,2022-06-14,,,43333.333333333416,42222.222222222306,0.0,11.908893010635815,97.4000015258789,97.44870152664184,USD,EURUSD,0.9564801530368244,2022-06-13T15:00:00Z,1110.0011100011102,1.1100011100008942,0.5547231934038,,0.0,,100047.89419852704,BH_COMPRA_INICIAL,,,
53,2022-06-14T13:30:00Z,OPEN_ENTRY,30ffe0fa733c104a08525a3d8ae1bf13c3838864ba1ac15ce6aa0056d6575399,benchmark,BH_BUY,NASDAQ,AMD,2022-06-14,,,42222.222222222306,41111.1111111112,0.0,13.269947932861875,87.41000366210938,87.45370866394042,USD,EURUSD,0.9564801530368244,2022-06-13T15:00:00Z,1110.0011100011102,1.1100011100008942,0.5547231934037046,,0.0,,100046.78419741704,BH_COMPRA_INICIAL,,,
54,2022-06-14T13:30:00Z,OPEN_ENTRY,30ffe0fa733c104a08525a3d8ae1bf13c3838864ba1ac15ce6aa0056d6575399,benchmark,BH_BUY,NASDAQ,AMZN,2022-06-14,,,41111.1111111112,40000.00000000009,0.0,11.132797487549437,104.19000244140625,104.24209744262694,USD,EURUSD,0.9564801530368244,2022-06-13T15:00:00Z,1110.0011100011102,1.1100011100008942,0.5547231934037394,,0.0,,100045.67419630705,BH_COMPRA_INICIAL,,,
55,2022-06-14T13:30:00Z,OPEN_ENTRY,30ffe0fa733c104a08525a3d8ae1bf13c3838864ba1ac15ce6aa0056d6575399,benchmark,BH_BUY,NASDAQ,APP,2022-06-14,,,40000.00000000009,38888.88888888898,0.0,34.23630935180441,33.880001068115234,33.89694106864929,USD,EURUSD,0.9564801530368244,2022-06-13T15:00:00Z,1110.0011100011102,1.1100011100008942,0.5547231934038103,,0.0,,100044.56419519705,BH_COMPRA_INICIAL,,,
56,2022-06-14T13:30:00Z,OPEN_ENTRY,30ffe0fa733c104a08525a3d8ae1bf13c3838864ba1ac15ce6aa0056d6575399,benchmark,BH_BUY,NASDAQ,AVGO,2022-06-14,,,38888.88888888898,37777.77777777787,0.0,22.095094214828727,52.49700164794922,52.523250148773194,USD,EURUSD,0.9564801530368244,2022-06-13T15:00:00Z,1110.0011100011102,1.1100011100008942,0.5547231934038616,,0.0,,100043.45419408704,BH_COMPRA_INICIAL,,,
57,2022-06-14T13:30:00Z,OPEN_ENTRY,30ffe0fa733c104a08525a3d8ae1bf13c3838864ba1ac15ce6aa0056d6575399,benchmark,BH_BUY,NASDAQ,AZN,2022-06-14,,,37777.77777777787,36666.66666666676,0.0,9.925776068365945,116.86000061035156,116.91843061065673,USD,EURUSD,0.9564801530368244,2022-06-13T15:00:00Z,1110.0011100011102,1.1100011100008942,0.554723193403753,,0.0,,100042.34419297703,BH_COMPRA_INICIAL,,,
58,2022-06-14T13:30:00Z,OPEN_ENTRY,30ffe0fa733c104a08525a3d8ae1bf13c3838864ba1ac15ce6aa0056d6575399,benchmark,BH_BUY,NASDAQ,COIN,2022-06-14,,,36666.66666666676,35555.55555555565,0.0,22.09383233157061,52.5,52.52625,USD,EURUSD,0.9564801530368244,2022-06-13T15:00:00Z,1110.0011100011102,1.1100011100008942,0.5547231934037992,,0.0,,100041.23419186704,BH_COMPRA_INICIAL,,,
59,2022-06-14T13:30:00Z,OPEN_ENTRY,30ffe0fa733c104a08525a3d8ae1bf13c3838864ba1ac15ce6aa0056d6575399,benchmark,BH_BUY,NASDAQ,CRWD,2022-06-14,,,35555.55555555565,34444.44444444454,0.0,29.741697369421974,39.0,39.0195,USD,EURUSD,0.9564801530368244,2022-06-13T15:00:00Z,1110.0011100011102,1.1100011100008942,0.5547231934038742,,0.0,,100040.12419075705,BH_COMPRA_INICIAL,,,
60,2022-06-14T13:30:00Z,OPEN_ENTRY,30ffe0fa733c104a08525a3d8ae1bf13c3838864ba1ac15ce6aa0056d6575399,benchmark,BH_BUY,NASDAQ,GOOGL,2022-06-14,,,34444.44444444454,33333.33333333343,0.0,10.88774728995481,106.53500366210938,106.58827116394042,USD,EURUSD,0.9564801530368244,2022-06-13T15:00:00Z,1110.0011100011102,1.1100011100008942,0.5547231934037442,,0.0,,100039.01418964704,BH_COMPRA_INICIAL,,,
61,2022-06-14T13:30:00Z,OPEN_ENTRY,30ffe0fa733c104a08525a3d8ae1bf13c3838864ba1ac15ce6aa0056d6575399,benchmark,BH_BUY,NASDAQ,INTC,2022-06-14,,,33333.33333333343,32222.22222222232,0.0,30.51634434696469,38.0099983215332,38.02900332069397,USD,EURUSD,0.9564801530368244,2022-06-13T15:00:00Z,1110.0011100011102,1.1100011100008942,0.5547231934037685,,0.0,,100037.90418853705,BH_COMPRA_INICIAL,,,
62,2022-06-14T13:30:00Z,OPEN_ENTRY,30ffe0fa733c104a08525a3d8ae1bf13c3838864ba1ac15ce6aa0056d6575399,benchmark,BH_BUY,NASDAQ,META,2022-06-14,,,32222.22222222232,31111.11111111121,0.0,6.986244690330591,166.02999877929688,166.1130137786865,USD,EURUSD,0.9564801530368244,2022-06-13T15:00:00Z,1110.0011100011102,1.1100011100008942,0.5547231934037484,,0.0,,100036.79418742705,BH_COMPRA_INICIAL,,,
63,2022-06-14T13:30:00Z,OPEN_ENTRY,30ffe0fa733c104a08525a3d8ae1bf13c3838864ba1ac15ce6aa0056d6575399,benchmark,BH_BUY,NASDAQ,MRVL,2022-06-14,,,31111.11111111121,30000.000000000102,0.0,23.43285247287792,49.5,49.52475,USD,EURUSD,0.9564801530368244,2022-06-13T15:00:00Z,1110.0011100011102,1.1100011100008942,0.5547231934037946,,0.0,,100035.68418631706,BH_COMPRA_INICIAL,,,
64,2022-06-14T13:30:00Z,OPEN_ENTRY,30ffe0fa733c104a08525a3d8ae1bf13c3838864ba1ac15ce6aa0056d6575399,benchmark,BH_BUY,NASDAQ,MSFT,2022-06-14,,,30000.000000000102,28888.888888888992,0.0,4.75652503282336,243.86000061035156,243.98193061065672,USD,EURUSD,0.9564801530368244,2022-06-13T15:00:00Z,1110.0011100011102,1.1100011100008942,0.5547231934037622,,0.0,,100034.57418520705,BH_COMPRA_INICIAL,,,
65,2022-06-14T13:30:00Z,OPEN_ENTRY,30ffe0fa733c104a08525a3d8ae1bf13c3838864ba1ac15ce6aa0056d6575399,benchmark,BH_BUY,NASDAQ,MU,2022-06-14,,,28888.888888888992,27777.777777777883,0.0,19.54053546969105,59.36000061035156,59.38968061065673,USD,EURUSD,0.9564801530368244,2022-06-13T15:00:00Z,1110.0011100011102,1.1100011100008942,0.5547231934037459,,0.0,,100033.46418409704,BH_COMPRA_INICIAL,,,
66,2022-06-14T13:30:00Z,OPEN_ENTRY,30ffe0fa733c104a08525a3d8ae1bf13c3838864ba1ac15ce6aa0056d6575399,benchmark,BH_BUY,NASDAQ,NFLX,2022-06-14,,,27777.777777777883,26666.666666666773,0.0,68.33143866515945,16.975000381469727,16.983487881660462,USD,EURUSD,0.9564801530368244,2022-06-13T15:00:00Z,1110.0011100011102,1.1100011100008942,0.5547231934039033,,0.0,,100032.35418298705,BH_COMPRA_INICIAL,,,
67,2022-06-14T13:30:00Z,OPEN_ENTRY,30ffe0fa733c104a08525a3d8ae1bf13c3838864ba1ac15ce6aa0056d6575399,benchmark,BH_BUY,NASDAQ,NVDA,2022-06-14,,,26666.666666666773,25555.555555555664,0.0,73.7350582509271,15.730999946594238,15.738865446567534,USD,EURUSD,0.9564801530368244,2022-06-13T15:00:00Z,1110.0011100011102,1.1100011100008942,0.554723193403735,,0.0,,100031.24418187705,BH_COMPRA_INICIAL,,,
68,2022-06-14T13:30:00Z,OPEN_ENTRY,30ffe0fa733c104a08525a3d8ae1bf13c3838864ba1ac15ce6aa0056d6575399,benchmark,BH_BUY,NASDAQ,PANW,2022-06-14,,,25555.555555555664,24444.444444444554,0.0,14.445508285228644,80.29666900634766,80.33681734085083,USD,EURUSD,0.9564801530368244,2022-06-13T15:00:00Z,1110.0011100011102,1.1100011100008942,0.5547231934038297,,0.0,,100030.13418076705,BH_COMPRA_INICIAL,,,
69,2022-06-14T13:30:00Z,OPEN_ENTRY,30ffe0fa733c104a08525a3d8ae1bf13c3838864ba1ac15ce6aa0056d6575399,benchmark,BH_BUY,NASDAQ,PLTR,2022-06-14,,,24444.444444444554,23333.333333333445,0.0,149.9581354086472,7.735000133514404,7.738867633581161,USD,EURUSD,0.9564801530368244,2022-06-13T15:00:00Z,1110.0011100011102,1.1100011100008942,0.5547231934037544,,0.0,,100029.02417965705,BH_COMPRA_INICIAL,,,
70,2022-06-14T13:30:00Z,OPEN_ENTRY,30ffe0fa733c104a08525a3d8ae1bf13c3838864ba1ac15ce6aa0056d6575399,benchmark,BH_BUY,NASDAQ,QCOM,2022-06-14,,,23333.333333333445,22222.222222222335,0.0,8.908118712844875,130.2100067138672,130.27511171722412,USD,EURUSD,0.9564801530368244,2022-06-13T15:00:00Z,1110.0011100011102,1.1100011100008942,0.5547231934038512,,0.0,,100027.91417854706,BH_COMPRA_INICIAL,,,
71,2022-06-14T13:30:00Z,OPEN_ENTRY,30ffe0fa733c104a08525a3d8ae1bf13c3838864ba1ac15ce6aa0056d6575399,benchmark,BH_BUY,NASDAQ,TSLA,2022-06-14,,,22222.222222222335,21111.111111111226,0.0,5.313774835810861,218.2866668701172,218.39581020355223,USD,EURUSD,0.9564801530368244,2022-06-13T15:00:00Z,1110.0011100011102,1.1100011100008942,0.5547231934037723,,0.0,,100026.80417743705,BH_COMPRA_INICIAL,,,
72,2022-06-14T13:30:00Z,OPEN_ENTRY,30ffe0fa733c104a08525a3d8ae1bf13c3838864ba1ac15ce6aa0056d6575399,benchmark,BH_BUY,NASDAQ,VRTX,2022-06-14,,,21111.111111111226,20000.000000000116,0.0,4.708830385196001,246.3300018310547,246.4531668319702,USD,EURUSD,0.9564801530368244,2022-06-13T15:00:00Z,1110.0011100011102,1.1100011100008942,0.5547231934038214,,0.0,,100025.69417632706,BH_COMPRA_INICIAL,,,
73,2022-06-14T13:30:00Z,OPEN_ENTRY,30ffe0fa733c104a08525a3d8ae1bf13c3838864ba1ac15ce6aa0056d6575399,benchmark,BH_BUY,NYSE,ABBV,2022-06-14,,,20000.000000000116,18888.888888889007,0.0,8.3184608225668,139.44000244140625,139.50972244262695,USD,EURUSD,0.9564801530368244,2022-06-13T15:00:00Z,1110.0011100011102,1.1100011100008942,0.554723193403844,,0.0,,100024.58417521705,BH_COMPRA_INICIAL,,,
74,2022-06-14T13:30:00Z,OPEN_ENTRY,30ffe0fa733c104a08525a3d8ae1bf13c3838864ba1ac15ce6aa0056d6575399,benchmark,BH_BUY,NYSE,BRK-B,2022-06-14,,,18888.888888889007,17777.777777777897,0.0,4.1119012104849135,282.0899963378906,282.23104133605955,USD,EURUSD,0.9564801530368244,2022-06-13T15:00:00Z,1110.0011100011102,1.1100011100008942,0.5547231934037639,,0.0,,100023.47417410706,BH_COMPRA_INICIAL,,,
75,2022-06-14T13:30:00Z,OPEN_ENTRY,30ffe0fa733c104a08525a3d8ae1bf13c3838864ba1ac15ce6aa0056d6575399,benchmark,BH_BUY,NYSE,CAT,2022-06-14,,,17777.777777777897,16666.666666666788,0.0,5.574960160618089,208.05999755859375,208.16402755737303,USD,EURUSD,0.9564801530368244,2022-06-13T15:00:00Z,1110.0011100011102,1.1100011100008942,0.5547231934037744,,0.0,,100022.36417299705,BH_COMPRA_INICIAL,,,
76,2022-06-14T13:30:00Z,OPEN_ENTRY,30ffe0fa733c104a08525a3d8ae1bf13c3838864ba1ac15ce6aa0056d6575399,benchmark,BH_BUY,NYSE,CRM,2022-06-14,,,16666.666666666788,15555.555555555677,0.0,6.87445164925196,168.72999572753906,168.81436072540282,USD,EURUSD,0.9564801530368244,2022-06-13T15:00:00Z,1110.0011100011102,1.1100011100008942,0.5547231934037814,,0.0,,100021.25417188706,BH_COMPRA_INICIAL,,,
77,2022-06-14T13:30:00Z,OPEN_ENTRY,30ffe0fa733c104a08525a3d8ae1bf13c3838864ba1ac15ce6aa0056d6575399,benchmark,BH_BUY,NYSE,CVX,2022-06-14,,,15555.555555555677,14444.444444444565,0.0,6.848475118659013,169.3699951171875,169.45468011474608,USD,EURUSD,0.9564801530368244,2022-06-13T15:00:00Z,1110.0011100011102,1.1100011100008942,0.5547231934037802,,0.0,,100020.14417077706,BH_COMPRA_INICIAL,,,
78,2022-06-14T13:30:00Z,OPEN_ENTRY,30ffe0fa733c104a08525a3d8ae1bf13c3838864ba1ac15ce6aa0056d6575399,benchmark,BH_BUY,NYSE,GS,2022-06-14,,,14444.444444444565,13333.333333333454,0.0,4.07950709452395,284.3299865722656,284.47215156555177,USD,EURUSD,0.9564801530368244,2022-06-13T15:00:00Z,1110.0011100011102,1.1100011100008942,0.5547231934038975,,0.0,,100019.03416966707,BH_COMPRA_INICIAL,,,
79,2022-06-14T13:30:00Z,OPEN_ENTRY,30ffe0fa733c104a08525a3d8ae1bf13c3838864ba1ac15ce6aa0056d6575399,benchmark,BH_BUY,NYSE,INFY,2022-06-14,,,13333.333333333454,12222.222222222343,0.0,64.40456316859648,18.010000228881836,18.019005228996274,USD,EURUSD,0.9564801530368244,2022-06-13T15:00:00Z,1110.0011100011102,1.1100011100008942,0.5547231934036975,,0.0,,100017.92416855705,BH_COMPRA_INICIAL,,,
80,2022-06-14T13:30:00Z,OPEN_ENTRY,30ffe0fa733c104a08525a3d8ae1bf13c3838864ba1ac15ce6aa0056d6575399,benchmark,BH_BUY,NYSE,LLY,2022-06-14,,,12222.222222222343,11111.111111111231,0.0,4.0112257272392835,289.1700134277344,289.3145984344482,USD,EURUSD,0.9564801530368244,2022-06-13T15:00:00Z,1110.0011100011102,1.1100011100008942,0.5547231934037468,,0.0,,100016.81416744705,BH_COMPRA_INICIAL,,,
81,2022-06-14T13:30:00Z,OPEN_ENTRY,30ffe0fa733c104a08525a3d8ae1bf13c3838864ba1ac15ce6aa0056d6575399,benchmark,BH_BUY,NYSE,LMT,2022-06-14,,,11111.111111111231,10000.00000000012,0.0,2.7356104117650806,424.010009765625,424.22201477050777,USD,EURUSD,0.9564801530368244,2022-06-13T15:00:00Z,1110.0011100011102,1.1100011100008942,0.5547231934037402,,0.0,,100015.70416633705,BH_COMPRA_INICIAL,,,
82,2022-06-14T13:30:00Z,OPEN_ENTRY,30ffe0fa733c104a08525a3d8ae1bf13c3838864ba1ac15ce6aa0056d6575399,benchmark,BH_BUY,NYSE,MA,2022-06-14,,,10000.00000000012,8888.888888889009,0.0,3.6236369112481492,320.1000061035156,320.2600561065674,USD,EURUSD,0.9564801530368244,2022-06-13T15:00:00Z,1110.0011100011102,1.1100011100008942,0.5547231934038784,,0.0,,100014.59416522704,BH_COMPRA_INICIAL,,,
83,2022-06-14T13:30:00Z,OPEN_ENTRY,30ffe0fa733c104a08525a3d8ae1bf13c3838864ba1ac15ce6aa0056d6575399,benchmark,BH_BUY,NYSE,NOW,2022-06-14,,,8888.888888889009,7777.777777777897,0.0,13.124306782693395,88.37999725341797,88.42418725204467,USD,EURUSD,0.9564801530368244,2022-06-13T15:00:00Z,1110.0011100011102,1.1100011100008942,0.5547231934038162,,0.0,,100013.48416411705,BH_COMPRA_INICIAL,,,
84,2022-06-14T13:30:00Z,OPEN_ENTRY,30ffe0fa733c104a08525a3d8ae1bf13c3838864ba1ac15ce6aa0056d6575399,benchmark,BH_BUY,NYSE,ORCL,2022-06-14,,,7777.777777777897,6666.666666666786,0.0,16.11008607510357,72.0,72.036,USD,EURUSD,0.9564801530368244,2022-06-13T15:00:00Z,1110.0011100011102,1.1100011100008942,0.5547231934038742,,0.0,,100012.37416300704,BH_COMPRA_INICIAL,,,
85,2022-06-14T13:30:00Z,OPEN_ENTRY,30ffe0fa733c104a08525a3d8ae1bf13c3838864ba1ac15ce6aa0056d6575399,benchmark,BH_BUY,NYSE,TSM,2022-06-14,,,6666.666666666786,5555.555555555675,0.0,13.372448996703827,86.73999786376953,86.78336786270141,USD,EURUSD,0.9564801530368244,2022-06-13T15:00:00Z,1110.0011100011102,1.1100011100008942,0.5547231934037877,,0.0,,100011.26416189705,BH_COMPRA_INICIAL,,,
86,2022-06-14T13:30:00Z,OPEN_ENTRY,30ffe0fa733c104a08525a3d8ae1bf13c3838864ba1ac15ce6aa0056d6575399,benchmark,BH_BUY,NYSE,UBER,2022-06-14,,,5555.555555555675,4444.4444444445635,0.0,53.40360193723758,21.719999313354492,21.73085931301117,USD,EURUSD,0.9564801530368244,2022-06-13T15:00:00Z,1110.0011100011102,1.1100011100008942,0.5547231934038604,,0.0,,100010.15416078705,BH_COMPRA_INICIAL,,,
87,2022-06-14T13:30:00Z,OPEN_ENTRY,30ffe0fa733c104a08525a3d8ae1bf13c3838864ba1ac15ce6aa0056d6575399,benchmark,BH_BUY,NYSE,V,2022-06-14,,,4444.4444444445635,3333.333333333452,0.0,6.01871206963676,192.72000122070312,192.81636122131346,USD,EURUSD,0.9564801530368244,2022-06-13T15:00:00Z,1110.0011100011102,1.1100011100008942,0.5547231934037407,,0.0,,100009.04415967705,BH_COMPRA_INICIAL,,,
88,2022-06-14T13:30:00Z,OPEN_ENTRY,30ffe0fa733c104a08525a3d8ae1bf13c3838864ba1ac15ce6aa0056d6575399,benchmark,BH_BUY,NYSE,XOM,2022-06-14,,,3333.333333333452,2222.222222222341,0.0,11.907670196081165,97.41000366210938,97.45870866394043,USD,EURUSD,0.9564801530368244,2022-06-13T15:00:00Z,1110.0011100011102,1.1100011100008942,0.5547231934038298,,0.0,,100007.93415856703,BH_COMPRA_INICIAL,,,
89,2022-06-15T15:30:00Z,CLOSE_DIVIDEND,30ffe0fa733c104a08525a3d8ae1bf13c3838864ba1ac15ce6aa0056d6575399,benchmark,BH_DIVIDEND,XETRA,EXSA.DE,2022-06-15,,,2222.222222222341,2235.2204234947144,,,,,EUR,EUR,1.0,,,,,12.998201272373331,0.0,,99319.56916353104,DIVIDENDO_BRUTO,,,
90,2022-06-16T07:00:00Z,OPEN_ENTRY,30ffe0fa733c104a08525a3d8ae1bf13c3838864ba1ac15ce6aa0056d6575399,benchmark,BH_BUY,XETRA,EXSA.DE,2022-06-16,,,2235.2204234947144,2222.222222222341,26.564022579219422,26.88146729551613,40.8849983215332,40.90544082069397,EUR,EUR,1.0,,12.985216056317014,0.012985216056316418,0.006489363346484832,,0.0,,100833.77167325027,BH_REINVERSION_DIVIDENDO,,,
91,2022-06-16T15:30:00Z,CLOSE_DIVIDEND,30ffe0fa733c104a08525a3d8ae1bf13c3838864ba1ac15ce6aa0056d6575399,benchmark,BH_DIVIDEND,XETRA,EQQQ.DE,2022-06-16,,,2222.222222222341,2223.7616960817604,,,,,EUR,EUR,1.0,,,,,1.539473859419744,0.0,,100971.96950635168,DIVIDENDO_BRUTO,,,
92,2022-06-16T20:00:00Z,CLOSE_DIVIDEND,30ffe0fa733c104a08525a3d8ae1bf13c3838864ba1ac15ce6aa0056d6575399,benchmark,BH_DIVIDEND,NYSE,TSM,2022-06-16,,,2223.7616960817604,2229.7664400062417,,,,,USD,EURUSD,0.9615384615384615,2022-06-16T15:00:00Z,,,,6.00474392448143,0.0,,99688.83126725553,DIVIDENDO_BRUTO,,,
93,2022-06-17T07:00:00Z,OPEN_ENTRY,30ffe0fa733c104a08525a3d8ae1bf13c3838864ba1ac15ce6aa0056d6575399,benchmark,BH_BUY,XETRA,EQQQ.DE,2022-06-17,,,2229.7664400062417,2228.226966146822,4.122037570004188,4.127939536860708,260.45001220703125,260.58023721313475,EUR,EUR,1.0,,1.5379359234962477,0.0015379359234961587,0.0007685836699130815,,0.0,,97395.92712086815,BH_REINVERSION_DIVIDENDO,,,
94,2022-06-17T13:30:00Z,OPEN_ENTRY,30ffe0fa733c104a08525a3d8ae1bf13c3838864ba1ac15ce6aa0056d6575399,benchmark,BH_BUY,NYSE,TSM,2022-06-17,,,2228.226966146822,2222.222222222341,13.372448996703827,13.445808728443536,85.0,85.04249999999999,USD,EURUSD,0.9615384615384615,2022-06-16T15:00:00Z,5.998745179302128,0.0059987451793013236,0.00299787365282393,,0.0,,97457.82216830747,BH_REINVERSION_DIVIDENDO,,,
95,2022-06-21T15:30:00Z,CLOSE_DIVIDEND,30ffe0fa733c104a08525a3d8ae1bf13c3838864ba1ac15ce6aa0056d6575399,benchmark,BH_DIVIDEND,PAR,TTE.PA,2022-06-21,,,2222.222222222341,2235.82747341976,,,,,EUR,EUR,1.0,,,,,13.605251197418792,0.0,,97560.48115644591,DIVIDENDO_BRUTO,,,
96,2022-06-21T20:00:00Z,CLOSE_DIVIDEND,30ffe0fa733c104a08525a3d8ae1bf13c3838864ba1ac15ce6aa0056d6575399,benchmark,BH_DIVIDEND,NASDAQ,AVGO,2022-06-21,,,2235.82747341976,2244.4141924985083,,,,,USD,EURUSD,0.9478672985781991,2022-06-21T15:00:00Z,,,,8.586719078748605,0.0,,97926.15073087747,DIVIDENDO_BRUTO,,,
97,2022-06-22T07:00:00Z,OPEN_ENTRY,30ffe0fa733c104a08525a3d8ae1bf13c3838864ba1ac15ce6aa0056d6575399,benchmark,BH_BUY,PAR,TTE.PA,2022-06-22,,,2244.4141924985083,2230.8089413010894,20.614016965786046,20.888458725469455,49.5,49.52475,EUR,EUR,1.0,,13.591659537880911,0.013591659537880219,0.0067924335521636564,,0.0,,99082.88524599954,BH_REINVERSION_DIVIDENDO,,,
98,2022-06-22T13:30:00Z,OPEN_ENTRY,30ffe0fa733c104a08525a3d8ae1bf13c3838864ba1ac15ce6aa0056d6575399,benchmark,BH_BUY,NASDAQ,AVGO,2022-06-22,,,2230.8089413010894,2222.222222222341,22.095094214828727,22.277347562269778,49.63100051879883,49.65581601905822,USD,EURUSD,0.9478672985781991,2022-06-21T15:00:00Z,8.578140937810794,0.00857814093781073,0.004286927005401636,,0.0,,98966.01033739134,BH_REINVERSION_DIVIDENDO,,,
99,2022-07-07T20:00:00Z,CLOSE_DIVIDEND,30ffe0fa733c104a08525a3d8ae1bf13c3838864ba1ac15ce6aa0056d6575399,benchmark,BH_DIVIDEND,NASDAQ,MRVL,2022-07-07,,,2222.222222222341,2223.6033333700548,,,,,USD,EURUSD,0.9823182711198428,2022-07-07T15:00:00Z,,,,1.3811111477138263,0.0,,101905.12616211678,DIVIDENDO_BRUTO,,,
100,2022-07-07T20:00:00Z,CLOSE_DIVIDEND,30ffe0fa733c104a08525a3d8ae1bf13c3838864ba1ac15ce6aa0056d6575399,benchmark,BH_DIVIDEND,NYSE,MA,2022-07-07,,,2223.6033333700548,2225.347520095508,,,,,USD,EURUSD,0.9823182711198428,2022-07-07T15:00:00Z,,,,1.7441867254534311,0.0,,101906.87034884223,DIVIDENDO_BRUTO,,,
101,2022-07-08T13:30:00Z,OPEN_ENTRY,30ffe0fa733c104a08525a3d8ae1bf13c3838864ba1ac15ce6aa0056d6575399,benchmark,BH_BUY,NASDAQ,MRVL,2022-07-08,,,2225.347520095508,2223.966408947794,23.43285247287792,23.463754181881566,45.43000030517578,45.45271530532837,USD,EURUSD,0.9823182711198428,2022-07-07T15:00:00Z,1.379731416297529,0.001379731416297325,0.0006895209476749029,,0.0,,103294.949220793,BH_REINVERSION_DIVIDENDO,,,
102,2022-07-08T13:30:00Z,OPEN_ENTRY,30ffe0fa733c104a08525a3d8ae1bf13c3838864ba1ac15ce6aa0056d6575399,benchmark,BH_BUY,NYSE,MA,2022-07-08,,,2223.966408947794,2222.222222222341,3.6236369112481492,3.6291295744367904,322.7799987792969,322.94138877868653,USD,EURUSD,0.9823182711198428,2022-07-07T15:00:00Z,1.7424442811722591,0.0017424442811719842,0.0008707867472125602,,0.0,,103294.95356785908,BH_REINVERSION_DIVIDENDO,,,
103,2022-07-08T15:30:00Z,CLOSE_DIVIDEND,30ffe0fa733c104a08525a3d8ae1bf13c3838864ba1ac15ce6aa0056d6575399,benchmark,BH_DIVIDEND,MCE,IBE.MC,2022-07-08,,,2222.222222222341,2252.3349812064257,,,,,EUR,EUR,1.0,,,,,30.112758984084934,0.0,,103411.60259170728,DIVIDENDO_BRUTO,,,
104,2022-07-08T20:00:00Z,CLOSE_DIVIDEND,30ffe0fa733c104a08525a3d8ae1bf13c3838864ba1ac15ce6aa0056d6575399,benchmark,BH_DIVIDEND,NASDAQ,MU,2022-07-08,,,2252.3349812064257,2254.5461015242595,,,,,USD,EURUSD,0.9839614287119945,2022-07-08T15:00:00Z,,,,2.2111203178337804,0.0,,103691.99726325671,DIVIDENDO_BRUTO,,,
105,2022-07-11T07:00:00Z,OPEN_ENTRY,30ffe0fa733c104a08525a3d8ae1bf13c3838864ba1ac15ce6aa0056d6575399,benchmark,BH_BUY,MCE,IBE.MC,2022-07-11,,,2254.5461015242595,2224.4333425401746,109.90058023388661,112.93771595561482,9.899999618530273,9.904949618339538,EUR,EUR,1.0,,30.08267630777716,0.030082676307774392,0.015033821243265265,,0.0,,103816.17505112206,BH_REINVERSION_DIVIDENDO,,,
106,2022-07-11T13:30:00Z,OPEN_ENTRY,30ffe0fa733c104a08525a3d8ae1bf13c3838864ba1ac15ce6aa0056d6575399,benchmark,BH_BUY,NASDAQ,MU,2022-07-11,,,2224.4333425401746,2222.222222222341,19.54053546969105,19.579148354588696,58.11000061035156,58.13905561065673,USD,EURUSD,0.9839614287119945,2022-07-08T15:00:00Z,2.208911406427353,0.0022089114064272053,0.0011039037513378112,,0.0,,103646.2203750072,BH_REINVERSION_DIVIDENDO,,,
107,2022-07-11T20:00:00Z,CLOSE_DIVIDEND,30ffe0fa733c104a08525a3d8ae1bf13c3838864ba1ac15ce6aa0056d6575399,benchmark,BH_DIVIDEND,NYSE,ORCL,2022-07-11,,,2222.222222222341,2227.3274188395258,,,,,USD,EURUSD,0.9902951079421667,2022-07-11T15:00:00Z,,,,5.105196617184732,0.0,,103399.62266656834,DIVIDENDO_BRUTO,,,
108,2022-07-12T13:30:00Z,OPEN_ENTRY,30ffe0fa733c104a08525a3d8ae1bf13c3838864ba1ac15ce6aa0056d6575399,benchmark,BH_BUY,NYSE,ORCL,2022-07-12,,,2227.3274188395258,2222.222222222341,16.11008607510357,16.181978586617657,71.5999984741211,71.63579847335815,USD,EURUSD,0.9902951079421667,2022-07-11T15:00:00Z,5.100096520664069,0.005100096520663122,0.0025487738733950536,,0.0,,101968.09039877247,BH_REINVERSION_DIVIDENDO,,,
109,2022-07-14T15:30:00Z,CLOSE_DIVIDEND,30ffe0fa733c104a08525a3d8ae1bf13c3838864ba1ac15ce6aa0056d6575399,benchmark,BH_DIVIDEND,XETRA,EUNH.DE,2022-07-14,,,2222.222222222341,2223.864337974832,,,,,EUR,EUR,1.0,,,,,1.642115752490866,0.0,,101582.51475261123,DIVIDENDO_BRUTO,,,
110,2022-07-14T20:00:00Z,CLOSE_DIVIDEND,30ffe0fa733c104a08525a3d8ae1bf13c3838864ba1ac15ce6aa0056d6575399,benchmark,BH_DIVIDEND,NYSE,ABBV,2022-07-14,,,2223.864337974832,2235.587506150563,,,,,USD,EURUSD,0.9995002498750625,2022-07-14T15:00:00Z,,,,11.723168175731322,0.0,,100997.27019958658,DIVIDENDO_BRUTO,,,
111,2022-07-15T07:00:00Z,OPEN_ENTRY,30ffe0fa733c104a08525a3d8ae1bf13c3838864ba1ac15ce6aa0056d6575399,benchmark,BH_BUY,XETRA,EUNH.DE,2022-07-15,,,2235.587506150563,2233.945390398072,9.934154582521876,9.948258539239665,116.25499725341797,116.31312475204467,EUR,EUR,1.0,,1.6404752772136526,0.001640475277213449,0.000819827724744374,,0.0,,100771.77947330683,BH_REINVERSION_DIVIDENDO,,,
112,2022-07-15T13:30:00Z,OPEN_ENTRY,30ffe0fa733c104a08525a3d8ae1bf13c3838864ba1ac15ce6aa0056d6575399,benchmark,BH_BUY,NYSE,ABBV,2022-07-15,,,2233.945390398072,2222.222222222341,8.3184608225668,8.395591071522752,151.83999633789062,151.91591633605955,USD,EURUSD,0.9995002498750625,2022-07-14T15:00:00Z,11.711456719012311,0.011711456719011082,0.005852801958525543,,0.0,,100631.47276277996,BH_REINVERSION_DIVIDENDO,,,
113,2022-07-15T15:30:00Z,CLOSE_DIVIDEND,30ffe0fa733c104a08525a3d8ae1bf13c3838864ba1ac15ce6aa0056d6575399,benchmark,BH_DIVIDEND,XETRA,EXH1.DE,2022-07-15,,,2222.222222222341,2228.680606006134,,,,,EUR,EUR,1.0,,,,,6.45838378379324,0.0,,100355.62693315795,DIVIDENDO_BRUTO,,,
114,2022-07-15T15:30:00Z,CLOSE_DIVIDEND,30ffe0fa733c104a08525a3d8ae1bf13c3838864ba1ac15ce6aa0056d6575399,benchmark,BH_DIVIDEND,XETRA,EXV1.DE,2022-07-15,,,2228.680606006134,2271.265886474153,,,,,EUR,EUR,1.0,,,,,42.58528046801895,0.0,,100398.21221362597,DIVIDENDO_BRUTO,,,
115,2022-07-18T07:00:00Z,OPEN_ENTRY,30ffe0fa733c104a08525a3d8ae1bf13c3838864ba1ac15ce6aa0056d6575399,benchmark,BH_BUY,XETRA,EXH1.DE,2022-07-18,,,2271.265886474153,2264.80750269036,32.1020353796953,32.31137501398541,30.80500030517578,30.820402805328367,EUR,EUR,1.0,,6.451931851941299,0.0064519318519407065,0.003224353749095691,,0.0,,102425.19500570833,BH_REINVERSION_DIVIDENDO,,,
116,2022-07-18T07:00:00Z,OPEN_ENTRY,30ffe0fa733c104a08525a3d8ae1bf13c3838864ba1ac15ce6aa0056d6575399,benchmark,BH_BUY,XETRA,EXV1.DE,2022-07-18,,,2264.80750269036,2222.222222222341,84.9239418090245,88.52929013652812,11.793999671936035,11.799896671772002,EUR,EUR,1.0,,42.542737730288664,0.04254273773028672,0.02126073849589203,,0.0,,102424.58319118428,BH_REINVERSION_DIVIDENDO,,,
117,2022-07-19T20:00:00Z,CLOSE_DIVIDEND,30ffe0fa733c104a08525a3d8ae1bf13c3838864ba1ac15ce6aa0056d6575399,benchmark,BH_DIVIDEND,NYSE,CAT,2022-07-19,,,2222.222222222341,2228.752190199639,,,,,USD,EURUSD,0.9760858955588092,2022-07-19T15:00:00Z,,,,6.5299679772979085,0.0,,102611.93954613531,DIVIDENDO_BRUTO,,,
118,2022-07-20T13:30:00Z,OPEN_ENTRY,30ffe0fa733c104a08525a3d8ae1bf13c3838864ba1ac15ce6aa0056d6575399,benchmark,BH_BUY,NYSE,CAT,2022-07-20,,,2228.752190199639,2222.222222222341,5.574960160618089,5.612324121938978,178.77999877929688,178.86938877868653,USD,EURUSD,0.9760858955588092,2022-07-19T15:00:00Z,6.5234445327651445,0.006523444532763989,0.003260092220272585,,0.0,,104393.7247043524,BH_REINVERSION_DIVIDENDO,,,
119,2022-08-04T15:30:00Z,CLOSE_DIVIDEND,30ffe0fa733c104a08525a3d8ae1bf13c3838864ba1ac15ce6aa0056d6575399,benchmark,BH_DIVIDEND,AMS,ASML.AS,2022-08-04,,,2222.222222222341,2225.365194783845,,,,,EUR,EUR,1.0,,,,,3.1429725615040853,0.0,,110049.65575804054,DIVIDENDO_BRUTO,,,
120,2022-08-04T20:00:00Z,CLOSE_DIVIDEND,30ffe0fa733c104a08525a3d8ae1bf13c3838864ba1ac15ce6aa0056d6575399,benchmark,BH_DIVIDEND,NASDAQ,INTC,2022-08-04,,,2225.365194783845,2236.305638440305,,,,,USD,EURUSD,0.9822217856792064,2022-08-04T15:00:00Z,,,,10.940443656460182,0.0,,110075.9469108905,DIVIDENDO_BRUTO,,,
121,2022-08-05T07:00:00Z,OPEN_ENTRY,30ffe0fa733c104a08525a3d8ae1bf13c3838864ba1ac15ce6aa0056d6575399,benchmark,BH_BUY,AMS,ASML.AS,2022-08-05,,,2236.305638440305,2233.162665878801,2.294140555842398,2.299588930142705,576.0,576.288,EUR,EUR,1.0,,3.1398327287753105,0.0031398327287748273,0.0015691317984884705,,0.0,,110569.72068098006,BH_REINVERSION_DIVIDENDO,,,
122,2022-08-05T13:30:00Z,OPEN_ENTRY,30ffe0fa733c104a08525a3d8ae1bf13c3838864ba1ac15ce6aa0056d6575399,benchmark,BH_BUY,NASDAQ,INTC,2022-08-05,,,2233.162665878801,2222.222222222341,30.51634434696469,30.83096324200385,35.349998474121094,35.36767347335815,USD,EURUSD,0.9822217856792064,2022-08-04T15:00:00Z,10.929514142317865,0.010929514142317132,0.005462026058129341,,0.0,,110541.60854614466,BH_REINVERSION_DIVIDENDO,,,
123,2022-08-05T20:00:00Z,CLOSE_DIVIDEND,30ffe0fa733c104a08525a3d8ae1bf13c3838864ba1ac15ce6aa0056d6575399,benchmark,BH_DIVIDEND,NASDAQ,AAPL,2022-08-05,,,2222.222222222341,2224.1805224356403,,,,,USD,EURUSD,0.9772305286817159,2022-08-05T15:00:00Z,,,,1.9583002132995377,0.0,,110081.44253836297,DIVIDENDO_BRUTO,,,
124,2022-08-08T13:30:00Z,OPEN_ENTRY,30ffe0fa733c104a08525a3d8ae1bf13c3838864ba1ac15ce6aa0056d6575399,benchmark,BH_BUY,NASDAQ,AAPL,2022-08-08,,,2224.1805224356403,2222.222222222341,8.712733079432248,8.72476004509435,166.3699951171875,166.4531801147461,USD,EURUSD,0.9772305286817159,2022-08-05T15:00:00Z,1.9563438694301079,0.0019563438694298885,0.0009776830931684216,,0.0,,109952.81769481122,BH_REINVERSION_DIVIDENDO,,,
125,2022-08-11T15:30:00Z,CLOSE_DIVIDEND,30ffe0fa733c104a08525a3d8ae1bf13c3838864ba1ac15ce6aa0056d6575399,benchmark,BH_DIVIDEND,XETRA,R6C0.DE,2022-08-11,,,2222.222222222341,2231.1237864985346,,,,,EUR,EUR,1.0,,,,,8.901564276193616,0.0,,110008.12880333174,DIVIDENDO_BRUTO,,,
126,2022-08-11T20:00:00Z,CLOSE_DIVIDEND,30ffe0fa733c104a08525a3d8ae1bf13c3838864ba1ac15ce6aa0056d6575399,benchmark,BH_DIVIDEND,NASDAQ,AZN,2022-08-11,,,2231.1237864985346,2240.0529524335125,,,,,USD,EURUSD,0.967305088024763,2022-08-11T15:00:00Z,,,,8.929165934978071,0.0,,110259.6863389686,DIVIDENDO_BRUTO,,,
127,2022-08-11T20:00:00Z,CLOSE_DIVIDEND,30ffe0fa733c104a08525a3d8ae1bf13c3838864ba1ac15ce6aa0056d6575399,benchmark,BH_DIVIDEND,NYSE,V,2022-08-11,,,2240.0529524335125,2242.236176486631,,,,,USD,EURUSD,0.967305088024763,2022-08-11T15:00:00Z,,,,2.183224053118384,0.0,,110261.86956302173,DIVIDENDO_BRUTO,,,
128,2022-08-11T20:00:00Z,CLOSE_DIVIDEND,30ffe0fa733c104a08525a3d8ae1bf13c3838864ba1ac15ce6aa0056d6575399,benchmark,BH_DIVIDEND,NYSE,XOM,2022-08-11,,,2242.236176486631,2252.372324457758,,,,,USD,EURUSD,0.967305088024763,2022-08-11T15:00:00Z,,,,10.136147971127322,0.0,,110272.00571099285,DIVIDENDO_BRUTO,,,
129,2022-08-12T07:00:00Z,OPEN_ENTRY,30ffe0fa733c104a08525a3d8ae1bf13c3838864ba1ac15ce6aa0056d6575399,benchmark,BH_BUY,XETRA,R6C0.DE,2022-08-12,,,2252.372324457758,2243.4707601815644,41.25869884678385,41.59736248582465,26.2450008392334,26.258123339653014,EUR,EUR,1.0,,8.892671604589028,0.008892671604588287,0.004444113745421582,,0.0,,109795.18816372831,BH_REINVERSION_DIVIDENDO,,,
130,2022-08-12T13:30:00Z,OPEN_ENTRY,30ffe0fa733c104a08525a3d8ae1bf13c3838864ba1ac15ce6aa0056d6575399,benchmark,BH_BUY,NASDAQ,AZN,2022-08-12,,,2243.4707601815644,2234.5415942465866,9.925776068365945,9.996994902806378,129.4199981689453,129.48470816802978,USD,EURUSD,0.967305088024763,2022-08-11T15:00:00Z,8.920245689288784,0.008920245689287398,0.004457893897695418,,0.0,,109817.86597911932,BH_REINVERSION_DIVIDENDO,,,
131,2022-08-12T13:30:00Z,OPEN_ENTRY,30ffe0fa733c104a08525a3d8ae1bf13c3838864ba1ac15ce6aa0056d6575399,benchmark,BH_BUY,NYSE,V,2022-08-12,,,2234.5415942465866,2232.358370193468,6.01871206963676,6.029292517740642,213.0,213.10649999999998,USD,EURUSD,0.967305088024763,2022-08-11T15:00:00Z,2.181043010108276,0.00218104301010813,0.001089976516795563,,0.0,,109817.84305783767,BH_REINVERSION_DIVIDENDO,,,
132,2022-08-12T13:30:00Z,OPEN_ENTRY,30ffe0fa733c104a08525a3d8ae1bf13c3838864ba1ac15ce6aa0056d6575399,benchmark,BH_BUY,NYSE,XOM,2022-08-12,,,2232.358370193468,2222.222222222341,11.907670196081165,12.020808708043523,92.4800033569336,92.52624335861205,USD,EURUSD,0.967305088024763,2022-08-11T15:00:00Z,10.126021949178146,0.010126021949176334,0.005060480734220743,,0.0,,109817.90557325016,BH_REINVERSION_DIVIDENDO,,,
133,2022-08-12T20:00:00Z,CLOSE_DIVIDEND,30ffe0fa733c104a08525a3d8ae1bf13c3838864ba1ac15ce6aa0056d6575399,benchmark,BH_DIVIDEND,NYSE,LLY,2022-08-12,,,2222.222222222341,2226.0442943785824,,,,,USD,EURUSD,0.9722897423432183,2022-08-12T15:00:00Z,,,,3.822072156241612,0.0,,110332.99403965268,DIVIDENDO_BRUTO,,,
134,2022-08-15T13:30:00Z,OPEN_ENTRY,30ffe0fa733c104a08525a3d8ae1bf13c3838864ba1ac15ce6aa0056d6575399,benchmark,BH_BUY,NYSE,LLY,2022-08-15,,,2226.0442943785824,2222.222222222341,4.0112257272392835,4.023919727081571,309.2099914550781,309.36459645080566,USD,EURUSD,0.9722897423432183,2022-08-12T15:00:00Z,3.818253902339273,0.0038182539023390305,0.0019081728647372623,,0.0,,111482.90420656283,BH_REINVERSION_DIVIDENDO,,,
135,2022-08-17T20:00:00Z,CLOSE_DIVIDEND,30ffe0fa733c104a08525a3d8ae1bf13c3838864ba1ac15ce6aa0056d6575399,benchmark,BH_DIVIDEND,NASDAQ,MSFT,2022-08-17,,,2222.222222222341,2225.1236837732563,,,,,USD,EURUSD,0.9838646202282566,2022-08-17T15:00:00Z,,,,2.9014615509154695,0.0,,111801.90957689412,DIVIDENDO_BRUTO,,,
136,2022-08-18T13:30:00Z,OPEN_ENTRY,30ffe0fa733c104a08525a3d8ae1bf13c3838864ba1ac15ce6aa0056d6575399,benchmark,BH_BUY,NASDAQ,MSFT,2022-08-18,,,2225.1236837732563,2222.222222222341,4.75652503282336,4.766672271124481,290.19000244140625,290.33509744262693,USD,EURUSD,0.9838646202282566,2022-08-17T15:00:00Z,2.8985629879275425,0.0028985629879270114,0.0014485572153558799,,0.0,,110865.32009694686,BH_REINVERSION_DIVIDENDO,,,
137,2022-08-18T20:00:00Z,CLOSE_DIVIDEND,30ffe0fa733c104a08525a3d8ae1bf13c3838864ba1ac15ce6aa0056d6575399,benchmark,BH_DIVIDEND,NYSE,CVX,2022-08-18,,,2222.222222222341,2231.776982163877,,,,,USD,EURUSD,0.982511298879937,2022-08-18T15:00:00Z,,,,9.55475994153645,0.0,,111119.56390069202,DIVIDENDO_BRUTO,,,
138,2022-08-19T13:30:00Z,OPEN_ENTRY,30ffe0fa733c104a08525a3d8ae1bf13c3838864ba1ac15ce6aa0056d6575399,benchmark,BH_BUY,NYSE,CVX,2022-08-19,,,2231.776982163877,2222.222222222341,6.848475118659013,6.909754078682487,158.4600067138672,158.5392367172241,USD,EURUSD,0.982511298879937,2022-08-18T15:00:00Z,9.545214726809641,0.009545214726808027,0.0047702222522773815,,0.0,,111350.30064516923,BH_REINVERSION_DIVIDENDO,,,
139,2022-08-24T20:00:00Z,CLOSE_DIVIDEND,30ffe0fa733c104a08525a3d8ae1bf13c3838864ba1ac15ce6aa0056d6575399,benchmark,BH_DIVIDEND,NASDAQ,AMAT,2022-08-24,,,2222.222222222341,2225.3391058369625,,,,,USD,EURUSD,1.00664384940608,2022-08-24T15:00:00Z,,,,3.1168836146218157,0.0,,108931.27044918426,DIVIDENDO_BRUTO,,,
140,2022-08-25T13:30:00Z,OPEN_ENTRY,30ffe0fa733c104a08525a3d8ae1bf13c3838864ba1ac15ce6aa0056d6575399,benchmark,BH_BUY,NASDAQ,AMAT,2022-08-25,,,2225.3391058369625,2222.222222222341,11.908893010635815,11.939212448609991,101.97000122070312,102.02098622131346,USD,EURUSD,1.00664384940608,2022-08-24T15:00:00Z,3.113769844777039,0.003113769844776737,0.0015561068689536645,,0.0,,109390.06922411261,BH_REINVERSION_DIVIDENDO,,,
141,2022-08-31T20:00:00Z,CLOSE_DIVIDEND,30ffe0fa733c104a08525a3d8ae1bf13c3838864ba1ac15ce6aa0056d6575399,benchmark,BH_DIVIDEND,NASDAQ,QCOM,2022-08-31,,,2222.222222222341,2228.9033112569746,,,,,USD,EURUSD,1.0,2022-08-31T15:00:00Z,,,,6.681089034633656,0.0,,104874.00877923112,DIVIDENDO_BRUTO,,,
142,2022-08-31T20:00:00Z,CLOSE_DIVIDEND,30ffe0fa733c104a08525a3d8ae1bf13c3838864ba1ac15ce6aa0056d6575399,benchmark,BH_DIVIDEND,NYSE,GS,2022-08-31,,,2228.9033112569746,2239.1020789932845,,,,,USD,EURUSD,1.0,2022-08-31T15:00:00Z,,,,10.198767736309875,0.0,,104884.20754696743,DIVIDENDO_BRUTO,,,
143,2022-08-31T20:00:00Z,CLOSE_DIVIDEND,30ffe0fa733c104a08525a3d8ae1bf13c3838864ba1ac15ce6aa0056d6575399,benchmark,BH_DIVIDEND,NYSE,LMT,2022-08-31,,,2239.1020789932845,2246.7617881462265,,,,,USD,EURUSD,1.0,2022-08-31T15:00:00Z,,,,7.659709152942225,0.0,,104891.86725612037,DIVIDENDO_BRUTO,,,
144,2022-09-01T13:30:00Z,OPEN_ENTRY,30ffe0fa733c104a08525a3d8ae1bf13c3838864ba1ac15ce6aa0056d6575399,benchmark,BH_BUY,NASDAQ,QCOM,2022-09-01,,,2246.7617881462265,2240.080699111593,8.908118712844875,8.959442603441525,129.97999572753906,130.04498572540282,USD,EURUSD,1.0,2022-08-31T15:00:00Z,6.674414620013643,0.00667441462001328,0.003335539540236318,,0.0,,104273.3913926226,BH_REINVERSION_DIVIDENDO,,,
145,2022-09-01T13:30:00Z,OPEN_ENTRY,30ffe0fa733c104a08525a3d8ae1bf13c3838864ba1ac15ce6aa0056d6575399,benchmark,BH_BUY,NYSE,GS,2022-09-01,,,2240.080699111593,2229.881931375283,4.07950709452395,4.110378309136325,329.8699951171875,330.0349301147461,USD,EURUSD,1.0,2022-08-31T15:00:00Z,10.188579157152724,0.010188579157151878,0.00509174370672286,,0.0,,104273.4625522659,BH_REINVERSION_DIVIDENDO,,,
146,2022-09-01T13:30:00Z,OPEN_ENTRY,30ffe0fa733c104a08525a3d8ae1bf13c3838864ba1ac15ce6aa0056d6575399,benchmark,BH_BUY,NYSE,LMT,2022-09-01,,,2229.881931375283,2222.222222222341,2.7356104117650806,2.7538971207310756,418.239990234375,418.4491102294922,USD,EURUSD,1.0,2022-08-31T15:00:00Z,7.65205709584638,0.007652057095845599,0.0038241164896784256,,0.0,,104273.48527214878,BH_REINVERSION_DIVIDENDO,,,
147,2022-09-07T20:00:00Z,CLOSE_DIVIDEND,30ffe0fa733c104a08525a3d8ae1bf13c3838864ba1ac15ce6aa0056d6575399,benchmark,BH_DIVIDEND,NASDAQ,NVDA,2022-09-07,,,2222.222222222341,2222.5205937276555,,,,,USD,EURUSD,1.0116337885685383,2022-09-07T15:00:00Z,,,,0.298371505314829,0.0,,102861.18324128086,DIVIDENDO_BRUTO,,,
148,2022-09-08T13:30:00Z,OPEN_ENTRY,30ffe0fa733c104a08525a3d8ae1bf13c3838864ba1ac15ce6aa0056d6575399,benchmark,BH_BUY,NASDAQ,NVDA,2022-09-08,,,2222.5205937276555,2222.222222222341,73.7350582509271,73.756939397094,13.458999633789062,13.465729133605956,USD,EURUSD,1.0116337885685383,2022-09-07T15:00:00Z,0.29807343188294605,0.0002980734318829281,0.00014896223482404117,,0.0,,103756.6154419701,BH_REINVERSION_DIVIDENDO,,,
149,2022-09-15T15:30:00Z,CLOSE_DIVIDEND,30ffe0fa733c104a08525a3d8ae1bf13c3838864ba1ac15ce6aa0056d6575399,benchmark,BH_DIVIDEND,XETRA,EQQQ.DE,2022-09-15,,,2222.222222222341,2223.9125474156526,,,,,EUR,EUR,1.0,,,,,1.6903251933118704,0.0,,104120.41529895035,DIVIDENDO_BRUTO,,,
150,2022-09-15T15:30:00Z,CLOSE_DIVIDEND,30ffe0fa733c104a08525a3d8ae1bf13c3838864ba1ac15ce6aa0056d6575399,benchmark,BH_DIVIDEND,XETRA,EXSA.DE,2022-09-15,,,2223.9125474156526,2234.7543001608783,,,,,EUR,EUR,1.0,,,,,10.84175274522568,0.0,,104131.25705169557,DIVIDENDO_BRUTO,,,
151,2022-09-15T15:30:00Z,CLOSE_DIVIDEND,30ffe0fa733c104a08525a3d8ae1bf13c3838864ba1ac15ce6aa0056d6575399,benchmark,BH_DIVIDEND,XETRA,IQQK.DE,2022-09-15,,,2234.7543001608783,2237.0061970067586,,,,,EUR,EUR,1.0,,,,,2.2518968458803155,0.0,,104133.50894854146,DIVIDENDO_BRUTO,,,
152,2022-09-15T15:30:00Z,CLOSE_DIVIDEND,30ffe0fa733c104a08525a3d8ae1bf13c3838864ba1ac15ce6aa0056d6575399,benchmark,BH_DIVIDEND,XETRA,IQQT.DE,2022-09-15,,,2237.0061970067586,2269.0146443399663,,,,,EUR,EUR,1.0,,,,,32.008447333207755,0.0,,104165.51739587467,DIVIDENDO_BRUTO,,,
153,2022-09-15T20:00:00Z,CLOSE_DIVIDEND,30ffe0fa733c104a08525a3d8ae1bf13c3838864ba1ac15ce6aa0056d6575399,benchmark,BH_DIVIDEND,NYSE,TSM,2022-09-15,,,2269.0146443399663,2275.043189486426,,,,,USD,EURUSD,1.00080064051241,2022-09-15T15:00:00Z,,,,6.028545146459872,0.0,,103812.39373074591,DIVIDENDO_BRUTO,,,
154,2022-09-16T07:00:00Z,OPEN_ENTRY,30ffe0fa733c104a08525a3d8ae1bf13c3838864ba1ac15ce6aa0056d6575399,benchmark,BH_BUY,XETRA,EQQQ.DE,2022-09-16,,,2275.043189486426,2273.352864293114,4.127939536860708,4.133773594004301,289.29998779296875,289.4446377868652,EUR,EUR,1.0,,1.6886365567551154,0.0016886365567549966,0.0008438963302122552,,0.0,,102979.2844304831,BH_REINVERSION_DIVIDENDO,,,
155,2022-09-16T07:00:00Z,OPEN_ENTRY,30ffe0fa733c104a08525a3d8ae1bf13c3838864ba1ac15ce6aa0056d6575399,benchmark,BH_BUY,XETRA,EXSA.DE,2022-09-16,,,2273.352864293114,2262.5111115478885,26.88146729551613,27.14876381573509,40.5,40.52025,EUR,EUR,1.0,,10.830921823402278,0.010830921823401951,0.005412754534433177,,0.0,,102979.37911510735,BH_REINVERSION_DIVIDENDO,,,
156,2022-09-16T07:00:00Z,OPEN_ENTRY,30ffe0fa733c104a08525a3d8ae1bf13c3838864ba1ac15ce6aa0056d6575399,benchmark,BH_BUY,XETRA,IQQK.DE,2022-09-16,,,2262.5111115478885,2260.259214702008,27.11919801871835,27.17982144627194,37.09000015258789,37.108545152664185,EUR,EUR,1.0,,2.249647198681634,0.0022496471986812594,0.0011242614686065243,,0.0,,102979.38331912711,BH_REINVERSION_DIVIDENDO,,,
157,2022-09-16T07:00:00Z,OPEN_ENTRY,30ffe0fa733c104a08525a3d8ae1bf13c3838864ba1ac15ce6aa0056d6575399,benchmark,BH_BUY,XETRA,IQQT.DE,2022-09-16,,,2260.259214702008,2228.2507673688006,16.279477064815783,16.808974915939988,60.36000061035156,60.390180610656735,EUR,EUR,1.0,,31.976470862345412,0.03197647086234312,0.01598024530851667,,0.0,,102979.57893093769,BH_REINVERSION_DIVIDENDO,,,
158,2022-09-16T13:30:00Z,OPEN_ENTRY,30ffe0fa733c104a08525a3d8ae1bf13c3838864ba1ac15ce6aa0056d6575399,benchmark,BH_BUY,NYSE,TSM,2022-09-16,,,2228.2507673688006,2222.222222222341,13.445808728443536,13.523810248473364,77.11000061035156,77.14855561065673,USD,EURUSD,1.00080064051241,2022-09-15T15:00:00Z,6.0225226238360365,0.006022522623835513,0.0030097564337004225,,0.0,,102924.80062129615,BH_REINVERSION_DIVIDENDO,,,
159,2022-09-19T15:30:00Z,CLOSE_DIVIDEND,30ffe0fa733c104a08525a3d8ae1bf13c3838864ba1ac15ce6aa0056d6575399,benchmark,BH_DIVIDEND,MIL,ENI.MI,2022-09-19,,,2222.222222222341,2240.797427604411,,,,,EUR,EUR,1.0,,,,,18.575205382070376,0.0,,101593.05180109393,DIVIDENDO_BRUTO,,,
160,2022-09-20T07:00:00Z,OPEN_ENTRY,30ffe0fa733c104a08525a3d8ae1bf13c3838864ba1ac15ce6aa0056d6575399,benchmark,BH_BUY,MIL,ENI.MI,2022-09-20,,,2240.797427604411,2222.222222222341,84.43275173668353,86.07556618384761,11.289999961853027,11.295644961833954,EUR,EUR,1.0,,18.556648733337042,0.018556648733333958,0.009273687522907394,,0.0,,101720.9828363687,BH_REINVERSION_DIVIDENDO,,,
161,2022-09-21T15:30:00Z,CLOSE_DIVIDEND,30ffe0fa733c104a08525a3d8ae1bf13c3838864ba1ac15ce6aa0056d6575399,benchmark,BH_DIVIDEND,PAR,TTE.PA,2022-09-21,,,2222.222222222341,2236.6352587429146,,,,,EUR,EUR,1.0,,,,,14.413036520573923,0.0,,101139.0290607651,DIVIDENDO_BRUTO,,,
162,2022-09-21T20:00:00Z,CLOSE_DIVIDEND,30ffe0fa733c104a08525a3d8ae1bf13c3838864ba1ac15ce6aa0056d6575399,benchmark,BH_DIVIDEND,NASDAQ,AVGO,2022-09-21,,,2236.6352587429146,2245.85564285409,,,,,USD,EURUSD,1.0094891984655763,2022-09-21T15:00:00Z,,,,9.220384111175658,0.0,,101772.1585610862,DIVIDENDO_BRUTO,,,
163,2022-09-22T07:00:00Z,OPEN_ENTRY,30ffe0fa733c104a08525a3d8ae1bf13c3838864ba1ac15ce6aa0056d6575399,benchmark,BH_BUY,PAR,TTE.PA,2022-09-22,,,2245.85564285409,2231.4426063335163,20.888458725469455,21.18418341242859,48.665000915527344,48.689333415985104,EUR,EUR,1.0,,14.398637882691235,0.014398637882688803,0.007195721080804106,,0.0,,101047.99121964446,BH_REINVERSION_DIVIDENDO,,,
164,2022-09-22T13:30:00Z,OPEN_ENTRY,30ffe0fa733c104a08525a3d8ae1bf13c3838864ba1ac15ce6aa0056d6575399,benchmark,BH_BUY,NASDAQ,AVGO,2022-09-22,,,2231.4426063335163,2222.222222222341,22.277347562269778,22.466391110409393,48.24300003051758,48.26712153053283,USD,EURUSD,1.0094891984655763,2022-09-21T15:00:00Z,9.211172938237421,0.0092111729382367,0.004603284826704642,,0.0,,101005.1372204132,BH_REINVERSION_DIVIDENDO,,,
165,2022-09-29T06:00:00Z,CLOSE_DIVIDEND,30ffe0fa733c104a08525a3d8ae1bf13c3838864ba1ac15ce6aa0056d6575399,benchmark,BH_DIVIDEND,JPX,6501.T,2022-09-29,,,2222.222222222341,2233.955993313878,,,,,JPY,EURJPY,0.007225955632632416,2022-09-28T15:00:00Z,,,,11.733771091537113,0.0,,99586.50530090317,DIVIDENDO_BRUTO,,,
166,2022-09-29T06:00:00Z,CLOSE_DIVIDEND,30ffe0fa733c104a08525a3d8ae1bf13c3838864ba1ac15ce6aa0056d6575399,benchmark,BH_DIVIDEND,JPX,6758.T,2022-09-29,,,2233.955993313878,2237.4667209067156,,,,,JPY,EURJPY,0.007225955632632416,2022-09-28T15:00:00Z,,,,3.510727592837462,0.0,,99590.016028496,DIVIDENDO_BRUTO,,,
167,2022-09-29T06:00:00Z,CLOSE_DIVIDEND,30ffe0fa733c104a08525a3d8ae1bf13c3838864ba1ac15ce6aa0056d6575399,benchmark,BH_DIVIDEND,JPX,6857.T,2022-09-29,,,2237.4667209067156,2247.0881048240863,,,,,JPY,EURJPY,0.007225955632632416,2022-09-28T15:00:00Z,,,,9.621383917370775,0.0,,99599.63741241337,DIVIDENDO_BRUTO,,,
168,2022-09-29T06:00:00Z,CLOSE_DIVIDEND,30ffe0fa733c104a08525a3d8ae1bf13c3838864ba1ac15ce6aa0056d6575399,benchmark,BH_DIVIDEND,JPX,7011.T,2022-09-29,,,2247.0881048240863,2259.5441543132647,,,,,JPY,EURJPY,0.007225955632632416,2022-09-28T15:00:00Z,,,,12.456049489178303,0.0,,99612.09346190255,DIVIDENDO_BRUTO,,,
169,2022-09-29T06:00:00Z,CLOSE_DIVIDEND,30ffe0fa733c104a08525a3d8ae1bf13c3838864ba1ac15ce6aa0056d6575399,benchmark,BH_DIVIDEND,JPX,7203.T,2022-09-29,,,2259.5441543132647,2273.0636217255014,,,,,JPY,EURJPY,0.007225955632632416,2022-09-28T15:00:00Z,,,,13.519467412236713,0.0,,99625.61292931478,DIVIDENDO_BRUTO,,,
170,2022-09-29T06:00:00Z,CLOSE_DIVIDEND,30ffe0fa733c104a08525a3d8ae1bf13c3838864ba1ac15ce6aa0056d6575399,benchmark,BH_DIVIDEND,JPX,8035.T,2022-09-29,,,2273.0636217255014,2291.936755502903,,,,,JPY,EURJPY,0.007225955632632416,2022-09-28T15:00:00Z,,,,18.873133777401776,0.0,,99644.48606309219,DIVIDENDO_BRUTO,,,
171,2022-09-30T00:00:00Z,OPEN_ENTRY,30ffe0fa733c104a08525a3d8ae1bf13c3838864ba1ac15ce6aa0056d6575399,benchmark,BH_BUY,JPX,6501.T,2022-09-30,,,2291.936755502903,2280.202984411366,115.98832723984435,117.29461086949604,1259.800048828125,1260.429948852539,JPY,EURJPY,0.007119464616260856,2022-09-29T15:00:00Z,11.72204904249462,0.01172204904249341,0.005858095473509304,,0.0,,96996.36480109936,BH_REINVERSION_DIVIDENDO,,,
172,2022-09-30T00:00:00Z,OPEN_ENTRY,30ffe0fa733c104a08525a3d8ae1bf13c3838864ba1ac15ce6aa0056d6575399,benchmark,BH_BUY,JPX,6758.T,2022-09-30,,,2280.202984411366,2276.692256818528,69.40708451039661,69.66963008900085,1875.4000244140625,1876.3377244262695,JPY,EURJPY,0.007119464616260856,2022-09-29T15:00:00Z,3.5072203724649973,0.003507220372464648,0.0017527338193227045,,0.0,,96996.43879459058,BH_REINVERSION_DIVIDENDO,,,
173,2022-09-30T00:00:00Z,OPEN_ENTRY,30ffe0fa733c104a08525a3d8ae1bf13c3838864ba1ac15ce6aa0056d6575399,benchmark,BH_BUY,JPX,6857.T,2022-09-30,,,2276.692256818528,2267.0708729011576,81.93866586615023,82.7300997770648,1705.0,1705.8525,JPY,EURJPY,0.007119464616260856,2022-09-29T15:00:00Z,9.611772145225551,0.009611772145223796,0.004803484330447347,,0.0,,96996.56524397722,BH_REINVERSION_DIVIDENDO,,,
174,2022-09-30T00:00:00Z,OPEN_ENTRY,30ffe0fa733c104a08525a3d8ae1bf13c3838864ba1ac15ce6aa0056d6575399,benchmark,BH_BUY,JPX,7011.T,2022-09-30,,,2267.0708729011576,2254.614823411979,287.2987814678975,290.8786081168018,488.0,488.24399999999997,JPY,EURJPY,0.007119464616260856,2022-09-29T15:00:00Z,12.44360588329501,0.012443605883293074,0.006218693594849349,,0.0,,96996.52619282954,BH_REINVERSION_DIVIDENDO,,,
175,2022-09-30T00:00:00Z,OPEN_ENTRY,30ffe0fa733c104a08525a3d8ae1bf13c3838864ba1ac15ce6aa0056d6575399,benchmark,BH_BUY,JPX,7203.T,2022-09-30,,,2254.614823411979,2241.0953559997424,74.83836380717754,75.82207291002035,1927.5,1928.46375,JPY,EURJPY,0.007119464616260856,2022-09-29T15:00:00Z,13.505961450785929,0.013505961450784199,0.0067496059224309846,,0.0,,96996.72304520883,BH_REINVERSION_DIVIDENDO,,,
176,2022-09-30T00:00:00Z,OPEN_ENTRY,30ffe0fa733c104a08525a3d8ae1bf13c3838864ba1ac15ce6aa0056d6575399,benchmark,BH_BUY,JPX,8035.T,2022-09-30,,,2241.0953559997424,2222.222222222341,9.143009490343157,9.363588542340123,12000.0,12006.0,JPY,EURJPY,0.007119464616260856,2022-09-29T15:00:00Z,18.854279497903875,0.018854279497901416,0.009422428534684594,,0.0,,96997.21823624152,BH_REINVERSION_DIVIDENDO,,,
177,2022-10-06T20:00:00Z,CLOSE_DIVIDEND,30ffe0fa733c104a08525a3d8ae1bf13c3838864ba1ac15ce6aa0056d6575399,benchmark,BH_DIVIDEND,NASDAQ,MRVL,2022-10-06,,,2222.222222222341,2223.650036878439,,,,,USD,EURUSD,1.0141987829614605,2022-10-06T15:00:00Z,,,,1.4278146560982696,0.0,,100858.79616871198,DIVIDENDO_BRUTO,,,
178,2022-10-06T20:00:00Z,CLOSE_DIVIDEND,30ffe0fa733c104a08525a3d8ae1bf13c3838864ba1ac15ce6aa0056d6575399,benchmark,BH_DIVIDEND,NYSE,MA,2022-10-06,,,2223.650036878439,2225.4535596892647,,,,,USD,EURUSD,1.0141987829614605,2022-10-06T15:00:00Z,,,,1.8035228108255854,0.0,,100860.59969152282,DIVIDENDO_BRUTO,,,
179,2022-10-07T13:30:00Z,OPEN_ENTRY,30ffe0fa733c104a08525a3d8ae1bf13c3838864ba1ac15ce6aa0056d6575399,benchmark,BH_BUY,NASDAQ,MRVL,2022-10-07,,,2225.4535596892647,2224.0257450331665,23.463754181881566,23.494207301005062,46.15999984741211,46.18307984733581,USD,EURUSD,1.0141987829614605,2022-10-06T15:00:00Z,1.4263882678304394,0.0014263882678302586,0.0007128377150575697,,0.0,,100573.27593156924,BH_REINVERSION_DIVIDENDO,,,
180,2022-10-07T13:30:00Z,OPEN_ENTRY,30ffe0fa733c104a08525a3d8ae1bf13c3838864ba1ac15ce6aa0056d6575399,benchmark,BH_BUY,NYSE,MA,2022-10-07,,,2224.0257450331665,2222.222222222341,3.6291295744367904,3.6351149083812575,296.6600036621094,296.8083336639404,USD,EURUSD,1.0141987829614605,2022-10-06T15:00:00Z,1.8017210897358498,0.0018017210897356417,0.0009004103396979102,,0.0,,100573.28883020056,BH_REINVERSION_DIVIDENDO,,,
181,2022-10-07T15:30:00Z,CLOSE_DIVIDEND,30ffe0fa733c104a08525a3d8ae1bf13c3838864ba1ac15ce6aa0056d6575399,benchmark,BH_DIVIDEND,MCE,BBVA.MC,2022-10-07,,,2222.222222222341,2253.684720564808,,,,,EUR,EUR,1.0,,,,,31.462498342466834,0.0,,100948.451131416,DIVIDENDO_BRUTO,,,
182,2022-10-07T20:00:00Z,CLOSE_DIVIDEND,30ffe0fa733c104a08525a3d8ae1bf13c3838864ba1ac15ce6aa0056d6575399,benchmark,BH_DIVIDEND,NASDAQ,MU,2022-10-07,,,2253.684720564808,2255.982977236011,,,,,USD,EURUSD,1.0207206287639072,2022-10-07T15:00:00Z,,,,2.2982566712031236,0.0,,100301.68885300687,DIVIDENDO_BRUTO,,,
183,2022-10-10T07:00:00Z,OPEN_ENTRY,30ffe0fa733c104a08525a3d8ae1bf13c3838864ba1ac15ce6aa0056d6575399,benchmark,BH_BUY,MCE,BBVA.MC,2022-10-10,,,2255.982977236011,2224.520478893544,262.1874861872236,269.04673512144046,4.579999923706055,4.582289923667908,EUR,EUR,1.0,,31.431067275191644,0.031431067275189406,0.015707679797697365,,0.0,,98498.1447406655,BH_REINVERSION_DIVIDENDO,,,
184,2022-10-10T13:30:00Z,OPEN_ENTRY,30ffe0fa733c104a08525a3d8ae1bf13c3838864ba1ac15ce6aa0056d6575399,benchmark,BH_BUY,NASDAQ,MU,2022-10-10,,,2224.520478893544,2222.222222222341,19.579148354588696,19.62151181052804,53.06999969482422,53.096534694671625,USD,EURUSD,1.0207206287639072,2022-10-07T15:00:00Z,2.2959607104926314,0.0022959607104922064,0.0011474066519201122,,0.0,,98427.98520975871,BH_REINVERSION_DIVIDENDO,,,
185,2022-10-11T20:00:00Z,CLOSE_DIVIDEND,30ffe0fa733c104a08525a3d8ae1bf13c3838864ba1ac15ce6aa0056d6575399,benchmark,BH_DIVIDEND,NYSE,ORCL,2022-10-11,,,2222.222222222341,2227.5479788280363,,,,,USD,EURUSD,1.0284891494394734,2022-10-11T15:00:00Z,,,,5.325756605695413,0.0,,97197.35723426388,DIVIDENDO_BRUTO,,,
186,2022-10-12T13:30:00Z,OPEN_ENTRY,30ffe0fa733c104a08525a3d8ae1bf13c3838864ba1ac15ce6aa0056d6575399,benchmark,BH_BUY,NYSE,ORCL,2022-10-12,,,2227.5479788280363,2222.222222222341,16.181978586617657,16.264547653024525,62.619998931884766,62.651308931350705,USD,EURUSD,1.0284891494394734,2022-10-11T15:00:00Z,5.3204361695258875,0.0053204361695256,0.002658888640442486,,0.0,,96419.75813657384,BH_REINVERSION_DIVIDENDO,,,
187,2022-10-13T20:00:00Z,CLOSE_DIVIDEND,30ffe0fa733c104a08525a3d8ae1bf13c3838864ba1ac15ce6aa0056d6575399,benchmark,BH_DIVIDEND,NYSE,ABBV,2022-10-13,,,2222.222222222341,2234.377251907983,,,,,USD,EURUSD,1.0267994660642776,2022-10-13T15:00:00Z,,,,12.155029685642344,0.0,,96468.15427054041,DIVIDENDO_BRUTO,,,
188,2022-10-14T13:30:00Z,OPEN_ENTRY,30ffe0fa733c104a08525a3d8ae1bf13c3838864ba1ac15ce6aa0056d6575399,benchmark,BH_BUY,NYSE,ABBV,2022-10-14,,,2234.377251907983,2222.222222222341,8.395591071522752,8.478480601142396,142.60000610351562,142.67130610656739,USD,EURUSD,1.0267994660642776,2022-10-13T15:00:00Z,12.142886798843502,0.012142886798841346,0.006068409194824571,,0.0,,97655.99936537372,BH_REINVERSION_DIVIDENDO,,,
189,2022-10-17T15:30:00Z,CLOSE_DIVIDEND,30ffe0fa733c104a08525a3d8ae1bf13c3838864ba1ac15ce6aa0056d6575399,benchmark,BH_DIVIDEND,XETRA,EXH1.DE,2022-10-17,,,2222.222222222341,2233.581900024633,,,,,EUR,EUR,1.0,,,,,11.359677802291838,0.0,,96274.32775747604,DIVIDENDO_BRUTO,,,
190,2022-10-17T15:30:00Z,CLOSE_DIVIDEND,30ffe0fa733c104a08525a3d8ae1bf13c3838864ba1ac15ce6aa0056d6575399,benchmark,BH_DIVIDEND,XETRA,EXV1.DE,2022-10-17,,,2233.581900024633,2242.900581633694,,,,,EUR,EUR,1.0,,,,,9.318681609061086,0.0,,96283.6464390851,DIVIDENDO_BRUTO,,,
191,2022-10-18T07:00:00Z,OPEN_ENTRY,30ffe0fa733c104a08525a3d8ae1bf13c3838864ba1ac15ce6aa0056d6575399,benchmark,BH_BUY,XETRA,EXH1.DE,2022-10-18,,,2242.900581633694,2231.540903831402,32.31137501398541,32.657135051730556,32.80500030517578,32.82140280532837,EUR,EUR,1.0,,11.348329472819021,0.011348329472816943,0.005671329071873318,,0.0,,98331.3203652699,BH_REINVERSION_DIVIDENDO,,,
192,2022-10-18T07:00:00Z,OPEN_ENTRY,30ffe0fa733c104a08525a3d8ae1bf13c3838864ba1ac15ce6aa0056d6575399,benchmark,BH_BUY,XETRA,EXV1.DE,2022-10-18,,,2231.540903831402,2222.222222222341,88.52929013652812,89.28601754664807,12.295999526977539,12.302147526741027,EUR,EUR,1.0,,9.309372236824263,0.00930937223682271,0.0046523599384425875,,0.0,,98331.2367853319,BH_REINVERSION_DIVIDENDO,,,
193,2022-10-20T15:30:00Z,CLOSE_DIVIDEND,30ffe0fa733c104a08525a3d8ae1bf13c3838864ba1ac15ce6aa0056d6575399,benchmark,BH_DIVIDEND,XETRA,BSP.DE,2022-10-20,,,2222.222222222341,2237.161814951507,,,,,EUR,EUR,1.0,,,,,14.939592729166307,0.0,,98445.1610218315,DIVIDENDO_BRUTO,,,
194,2022-10-21T07:00:00Z,OPEN_ENTRY,30ffe0fa733c104a08525a3d8ae1bf13c3838864ba1ac15ce6aa0056d6575399,benchmark,BH_BUY,XETRA,BSP.DE,2022-10-21,,,2237.161814951507,2222.222222222341,122.9984845347526,124.58880535291671,9.380000114440918,9.384690114498138,EUR,EUR,1.0,,14.924668061105203,0.01492466806110393,0.00745860472818792,,0.0,,98798.72067275745,BH_REINVERSION_DIVIDENDO,,,
195,2022-10-21T20:00:00Z,CLOSE_DIVIDEND,30ffe0fa733c104a08525a3d8ae1bf13c3838864ba1ac15ce6aa0056d6575399,benchmark,BH_DIVIDEND,NYSE,CAT,2022-10-21,,,2222.222222222341,2229.143896370673,,,,,USD,EURUSD,1.027749229188078,2022-10-21T15:00:00Z,,,,6.92167414833173,0.0,,98981.14521073253,DIVIDENDO_BRUTO,,,
196,2022-10-24T13:30:00Z,OPEN_ENTRY,30ffe0fa733c104a08525a3d8ae1bf13c3838864ba1ac15ce6aa0056d6575399,benchmark,BH_BUY,NYSE,CAT,2022-10-24,,,2229.143896370673,2222.222222222341,5.612324121938978,5.647970550530241,188.64999389648438,188.74431889343262,USD,EURUSD,1.027749229188078,2022-10-21T15:00:00Z,6.914759388942788,0.006914759388942038,0.003455651868537234,,0.0,,100069.56288453931,BH_REINVERSION_DIVIDENDO,,,
197,2022-10-27T20:00:00Z,CLOSE_DIVIDEND,30ffe0fa733c104a08525a3d8ae1bf13c3838864ba1ac15ce6aa0056d6575399,benchmark,BH_DIVIDEND,NYSE,INFY,2022-10-27,,,2222.222222222341,2235.1198183136908,,,,,USD,EURUSD,0.9963136395337252,2022-10-27T15:00:00Z,,,,12.897596091349898,0.0,,101404.04099102547,DIVIDENDO_BRUTO,,,
198,2022-10-28T13:30:00Z,OPEN_ENTRY,30ffe0fa733c104a08525a3d8ae1bf13c3838864ba1ac15ce6aa0056d6575399,benchmark,BH_BUY,NYSE,INFY,2022-10-28,,,2235.1198183136908,2222.222222222341,64.40456316859648,65.10667734340824,18.40999984741211,18.419204847335813,USD,EURUSD,0.9963136395337252,2022-10-27T15:00:00Z,12.88471137996993,0.01288471137996794,0.0064391361219221345,,0.0,,100909.83810459399,BH_REINVERSION_DIVIDENDO,,,
199,2022-10-31T16:30:00Z,CLOSE_DIVIDEND,30ffe0fa733c104a08525a3d8ae1bf13c3838864ba1ac15ce6aa0056d6575399,benchmark,BH_DIVIDEND,MCE,ITX.MC,2022-10-31,,,2222.222222222341,2245.1507808830333,,,,,EUR,EUR,1.0,,,,,22.928558660692598,0.0,,102692.38988195642,DIVIDENDO_BRUTO,,,
200,2022-11-01T08:00:00Z,OPEN_ENTRY,30ffe0fa733c104a08525a3d8ae1bf13c3838864ba1ac15ce6aa0056d6575399,benchmark,BH_BUY,MCE,ITX.MC,2022-11-01,,,2245.1507808830333,2222.222222222341,49.308728302564724,50.295547490144436,23.200000762939453,23.21160076332092,EUR,EUR,1.0,,22.905653007684915,0.022905653007683213,0.0114471029523635,,0.0,,102303.01417057561,BH_REINVERSION_DIVIDENDO,,,
201,2022-11-03T16:30:00Z,CLOSE_DIVIDEND,30ffe0fa733c104a08525a3d8ae1bf13c3838864ba1ac15ce6aa0056d6575399,benchmark,BH_DIVIDEND,AMS,ASML.AS,2022-11-03,,,2222.222222222341,2225.372659056636,,,,,EUR,EUR,1.0,,,,,3.150436834295506,0.0,,102023.52542023615,DIVIDENDO_BRUTO,,,
202,2022-11-04T08:00:00Z,OPEN_ENTRY,30ffe0fa733c104a08525a3d8ae1bf13c3838864ba1ac15ce6aa0056d6575399,benchmark,BH_BUY,AMS,ASML.AS,2022-11-04,,,2225.372659056636,2222.222222222341,2.299588930142705,2.3065377187479257,452.70001220703125,452.9263622131347,EUR,EUR,1.0,,3.147289544750756,0.003147289544750187,0.0015728583432034822,,0.0,,100846.3188495985,BH_REINVERSION_DIVIDENDO,,,
203,2022-11-04T20:00:00Z,CLOSE_DIVIDEND,30ffe0fa733c104a08525a3d8ae1bf13c3838864ba1ac15ce6aa0056d6575399,benchmark,BH_DIVIDEND,NASDAQ,AAPL,2022-11-04,,,2222.222222222341,2224.2549357660723,,,,,USD,EURUSD,1.012965964343598,2022-11-04T16:00:00Z,,,,2.032713543731463,0.0,,101111.241819974,DIVIDENDO_BRUTO,,,
204,2022-11-04T20:00:00Z,CLOSE_DIVIDEND,30ffe0fa733c104a08525a3d8ae1bf13c3838864ba1ac15ce6aa0056d6575399,benchmark,BH_DIVIDEND,NASDAQ,INTC,2022-11-04,,,2224.2549357660723,2235.654147256481,,,,,USD,EURUSD,1.012965964343598,2022-11-04T16:00:00Z,,,,11.399211490408634,0.0,,101122.64103146442,DIVIDENDO_BRUTO,,,
205,2022-11-07T14:30:00Z,OPEN_ENTRY,30ffe0fa733c104a08525a3d8ae1bf13c3838864ba1ac15ce6aa0056d6575399,benchmark,BH_BUY,NASDAQ,AAPL,2022-11-07,,,2235.654147256481,2233.6214337127494,8.72476004509435,8.739373773248342,137.11000061035156,137.17855561065673,USD,EURUSD,1.012965964343598,2022-11-04T16:00:00Z,2.0306828608705927,0.002030682860870492,0.0010148340134284576,,0.0,,101578.87473970772,BH_REINVERSION_DIVIDENDO,,,
206,2022-11-07T14:30:00Z,OPEN_ENTRY,30ffe0fa733c104a08525a3d8ae1bf13c3838864ba1ac15ce6aa0056d6575399,benchmark,BH_BUY,NASDAQ,INTC,2022-11-07,,,2233.6214337127494,2222.222222222341,30.83096324200385,31.227170613700967,28.360000610351562,28.374180610656737,USD,EURUSD,1.012965964343598,2022-11-04T16:00:00Z,11.387823666741893,0.01138782366674107,0.005691066300220198,,0.0,,101578.79344574582,BH_REINVERSION_DIVIDENDO,,,
207,2022-11-09T21:00:00Z,CLOSE_DIVIDEND,30ffe0fa733c104a08525a3d8ae1bf13c3838864ba1ac15ce6aa0056d6575399,benchmark,BH_DIVIDEND,NYSE,V,2022-11-09,,,2222.222222222341,2224.9248635541303,,,,,USD,EURUSD,0.9961151509114453,2022-11-09T16:00:00Z,,,,2.7026413317893105,0.0,,101747.28747114389,DIVIDENDO_BRUTO,,,
208,2022-11-10T14:30:00Z,OPEN_ENTRY,30ffe0fa733c104a08525a3d8ae1bf13c3838864ba1ac15ce6aa0056d6575399,benchmark,BH_BUY,NYSE,V,2022-11-10,,,2224.9248635541303,2222.222222222341,6.029292517740642,6.042632005910273,203.08999633789062,203.19154133605957,USD,EURUSD,0.9961151509114453,2022-11-09T16:00:00Z,2.699941390398912,0.0026999413903987524,0.0013492960471758921,,0.0,,100426.26041806399,BH_REINVERSION_DIVIDENDO,,,
209,2022-11-10T16:30:00Z,CLOSE_DIVIDEND,30ffe0fa733c104a08525a3d8ae1bf13c3838864ba1ac15ce6aa0056d6575399,benchmark,BH_DIVIDEND,XETRA,R6C0.DE,2022-11-10,,,2222.222222222341,2231.1968531786574,,,,,EUR,EUR,1.0,,,,,8.974630956316668,0.0,,100880.50836968324,DIVIDENDO_BRUTO,,,
210,2022-11-11T08:00:00Z,OPEN_ENTRY,30ffe0fa733c104a08525a3d8ae1bf13c3838864ba1ac15ce6aa0056d6575399,benchmark,BH_BUY,XETRA,R6C0.DE,2022-11-11,,,2231.1968531786574,2222.222222222341,41.59736248582465,41.93298737131584,26.700000762939453,26.71335076332092,EUR,EUR,1.0,,8.965665291025644,0.008965665291023939,0.0044805923493376285,,0.0,,105336.9339328429,BH_REINVERSION_DIVIDENDO,,,
211,2022-11-14T21:00:00Z,CLOSE_DIVIDEND,30ffe0fa733c104a08525a3d8ae1bf13c3838864ba1ac15ce6aa0056d6575399,benchmark,BH_DIVIDEND,NYSE,LLY,2022-11-14,,,2222.222222222341,2226.043756607979,,,,,USD,EURUSD,0.9690861517588913,2022-11-14T16:00:00Z,,,,3.821534385638085,0.0,,105275.14122878887,DIVIDENDO_BRUTO,,,
212,2022-11-14T21:00:00Z,CLOSE_DIVIDEND,30ffe0fa733c104a08525a3d8ae1bf13c3838864ba1ac15ce6aa0056d6575399,benchmark,BH_DIVIDEND,NYSE,XOM,2022-11-14,,,2226.043756607979,2236.644527927215,,,,,USD,EURUSD,0.9690861517588913,2022-11-14T16:00:00Z,,,,10.600771319235978,0.0,,105285.7420001081,DIVIDENDO_BRUTO,,,
213,2022-11-15T14:30:00Z,OPEN_ENTRY,30ffe0fa733c104a08525a3d8ae1bf13c3838864ba1ac15ce6aa0056d6575399,benchmark,BH_BUY,NYSE,LLY,2022-11-15,,,2236.644527927215,2232.822993541577,4.023919727081571,4.034951085397381,356.94000244140625,357.1184724426269,USD,EURUSD,0.9690861517588913,2022-11-14T16:00:00Z,3.817716668969116,0.003817716668968796,0.0019079043822929497,,0.0,,105281.36434567864,BH_REINVERSION_DIVIDENDO,,,
214,2022-11-15T14:30:00Z,OPEN_ENTRY,30ffe0fa733c104a08525a3d8ae1bf13c3838864ba1ac15ce6aa0056d6575399,benchmark,BH_BUY,NYSE,XOM,2022-11-15,,,2232.822993541577,2222.222222222341,12.020808708043523,12.116788904442235,113.80000305175781,113.85690305328369,USD,EURUSD,0.9690861517588913,2022-11-14T16:00:00Z,10.590181138097881,0.010590181138097066,0.005292444346875154,,0.0,,105281.30846740073,BH_REINVERSION_DIVIDENDO,,,
215,2022-11-16T21:00:00Z,CLOSE_DIVIDEND,30ffe0fa733c104a08525a3d8ae1bf13c3838864ba1ac15ce6aa0056d6575399,benchmark,BH_DIVIDEND,NASDAQ,MSFT,2022-11-16,,,2222.222222222341,2225.335300540017,,,,,USD,EURUSD,0.9604302727621975,2022-11-16T16:00:00Z,,,,3.11307831767638,0.0,,105606.09282731473,DIVIDENDO_BRUTO,,,
216,2022-11-17T14:30:00Z,OPEN_ENTRY,30ffe0fa733c104a08525a3d8ae1bf13c3838864ba1ac15ce6aa0056d6575399,benchmark,BH_BUY,NASDAQ,MSFT,2022-11-17,,,2225.335300540017,2222.222222222341,4.766672271124481,4.780283511857647,237.77999877929688,237.8988887786865,USD,EURUSD,0.9604302727621975,2022-11-16T16:00:00Z,3.1099683493270533,0.0031099683493267527,0.001554207071127814,,0.0,,104471.34580091092,BH_REINVERSION_DIVIDENDO,,,
217,2022-11-17T21:00:00Z,CLOSE_DIVIDEND,30ffe0fa733c104a08525a3d8ae1bf13c3838864ba1ac15ce6aa0056d6575399,benchmark,BH_DIVIDEND,NYSE,CVX,2022-11-17,,,2222.222222222341,2231.73075094773,,,,,USD,EURUSD,0.9690861517588913,2022-11-17T16:00:00Z,,,,9.508528725389214,0.0,,104896.0454798529,DIVIDENDO_BRUTO,,,
218,2022-11-18T14:30:00Z,OPEN_ENTRY,30ffe0fa733c104a08525a3d8ae1bf13c3838864ba1ac15ce6aa0056d6575399,benchmark,BH_BUY,NYSE,CVX,2022-11-18,,,2231.73075094773,2222.222222222341,6.909754078682487,6.963893942765236,180.9600067138672,181.05048671722412,USD,EURUSD,0.9690861517588913,2022-11-17T16:00:00Z,9.49902969569352,0.00949902969569294,0.004747141277207977,,0.0,,104663.32138680255,BH_REINVERSION_DIVIDENDO,,,
219,2022-11-21T16:30:00Z,CLOSE_DIVIDEND,30ffe0fa733c104a08525a3d8ae1bf13c3838864ba1ac15ce6aa0056d6575399,benchmark,BH_DIVIDEND,MIL,ENI.MI,2022-11-21,,,2222.222222222341,2241.1588467827874,,,,,EUR,EUR,1.0,,,,,18.936624560446475,0.0,,105286.87088927605,DIVIDENDO_BRUTO,,,
220,2022-11-22T08:00:00Z,OPEN_ENTRY,30ffe0fa733c104a08525a3d8ae1bf13c3838864ba1ac15ce6aa0056d6575399,benchmark,BH_BUY,MIL,ENI.MI,2022-11-22,,,2241.1588467827874,2222.222222222341,86.07556618384761,87.45171269346946,13.739999771118164,13.746869771003722,EUR,EUR,1.0,,18.917706853592886,0.018917706853589067,0.009454126363612427,,0.0,,104422.04465829198,BH_REINVERSION_DIVIDENDO,,,
221,2022-11-23T21:00:00Z,CLOSE_DIVIDEND,30ffe0fa733c104a08525a3d8ae1bf13c3838864ba1ac15ce6aa0056d6575399,benchmark,BH_DIVIDEND,NASDAQ,AMAT,2022-11-23,,,2222.222222222341,2225.228706713032,,,,,USD,EURUSD,0.9685230024213075,2022-11-23T16:00:00Z,,,,3.006484490691136,0.0,,105505.21346817177,DIVIDENDO_BRUTO,,,
222,2022-11-25T14:30:00Z,OPEN_ENTRY,30ffe0fa733c104a08525a3d8ae1bf13c3838864ba1ac15ce6aa0056d6575399,benchmark,BH_BUY,NASDAQ,AMAT,2022-11-25,,,2225.228706713032,2222.222222222341,11.939212448609991,11.968448904352767,106.91999816894531,106.97345816802978,USD,EURUSD,0.9603380389897245,2022-11-24T16:00:00Z,3.003481009681455,0.003003481009681064,0.0015009900098356468,,0.0,,105998.98618705053,BH_REINVERSION_DIVIDENDO,,,
223,2022-11-30T21:00:00Z,CLOSE_DIVIDEND,30ffe0fa733c104a08525a3d8ae1bf13c3838864ba1ac15ce6aa0056d6575399,benchmark,BH_DIVIDEND,NASDAQ,NVDA,2022-11-30,,,2222.222222222341,2222.5065589200935,,,,,USD,EURUSD,0.9637625289128758,2022-11-30T16:00:00Z,,,,0.2843366977528682,0.0,,105309.81572533393,DIVIDENDO_BRUTO,,,
224,2022-11-30T21:00:00Z,CLOSE_DIVIDEND,30ffe0fa733c104a08525a3d8ae1bf13c3838864ba1ac15ce6aa0056d6575399,benchmark,BH_DIVIDEND,NASDAQ,QCOM,2022-11-30,,,2222.5065589200935,2228.9826402159506,,,,,USD,EURUSD,0.9637625289128758,2022-11-30T16:00:00Z,,,,6.476081295856924,0.0,,105316.29180662979,DIVIDENDO_BRUTO,,,
225,2022-11-30T21:00:00Z,CLOSE_DIVIDEND,30ffe0fa733c104a08525a3d8ae1bf13c3838864ba1ac15ce6aa0056d6575399,benchmark,BH_DIVIDEND,NYSE,GS,2022-11-30,,,2228.9826402159506,2238.8862117009553,,,,,USD,EURUSD,0.9637625289128758,2022-11-30T16:00:00Z,,,,9.903571485004639,0.0,,105326.19537811479,DIVIDENDO_BRUTO,,,
226,2022-11-30T21:00:00Z,CLOSE_DIVIDEND,30ffe0fa733c104a08525a3d8ae1bf13c3838864ba1ac15ce6aa0056d6575399,benchmark,BH_DIVIDEND,NYSE,LMT,2022-11-30,,,2238.8862117009553,2246.84852026128,,,,,USD,EURUSD,0.9637625289128758,2022-11-30T16:00:00Z,,,,7.962308560325007,0.0,,105334.15768667511,DIVIDENDO_BRUTO,,,
227,2022-12-01T14:30:00Z,OPEN_ENTRY,30ffe0fa733c104a08525a3d8ae1bf13c3838864ba1ac15ce6aa0056d6575399,benchmark,BH_BUY,NASDAQ,NVDA,2022-12-01,,,2246.84852026128,2246.5641835635274,73.756939397094,73.77426898837457,16.999000549316406,17.007500049591062,USD,EURUSD,0.9637625289128758,2022-11-30T16:00:00Z,0.28405264510776046,0.0002840526451077241,0.000141955344881402,,0.0,,107109.1492962575,BH_REINVERSION_DIVIDENDO,,,
228,2022-12-01T14:30:00Z,OPEN_ENTRY,30ffe0fa733c104a08525a3d8ae1bf13c3838864ba1ac15ce6aa0056d6575399,benchmark,BH_BUY,NASDAQ,QCOM,2022-12-01,,,2246.5641835635274,2240.0881022676704,8.959442603441525,9.012390159168334,126.72000122070312,126.78336122131347,USD,EURUSD,0.9637625289128758,2022-11-30T16:00:00Z,6.469611684172752,0.0064696116841718165,0.0032331892474623085,,0.0,,107109.12785664512,BH_REINVERSION_DIVIDENDO,,,
229,2022-12-01T14:30:00Z,OPEN_ENTRY,30ffe0fa733c104a08525a3d8ae1bf13c3838864ba1ac15ce6aa0056d6575399,benchmark,BH_BUY,NYSE,GS,2022-12-01,,,2240.0881022676704,2230.1845307826657,4.110378309136325,4.136925656659842,386.5,386.69325,USD,EURUSD,0.9637625289128758,2022-11-30T16:00:00Z,9.893677807197442,0.009893677807196966,0.004944366720238032,,0.0,,107109.10406357584,BH_REINVERSION_DIVIDENDO,,,
230,2022-12-01T14:30:00Z,OPEN_ENTRY,30ffe0fa733c104a08525a3d8ae1bf13c3838864ba1ac15ce6aa0056d6575399,benchmark,BH_BUY,NYSE,LMT,2022-12-01,,,2230.1845307826657,2222.222222222341,2.7538971207310756,2.7708528747677375,486.5199890136719,486.76324900817866,USD,EURUSD,0.9637625289128758,2022-11-30T16:00:00Z,7.9543542061188885,0.007954354206118452,0.003975189508304482,,0.0,,107109.07040029544,BH_REINVERSION_DIVIDENDO,,,
231,2022-12-01T16:30:00Z,CLOSE_DIVIDEND,30ffe0fa733c104a08525a3d8ae1bf13c3838864ba1ac15ce6aa0056d6575399,benchmark,BH_DIVIDEND,PAR,MC.PA,2022-12-01,,,2222.222222222341,2232.202848447372,,,,,EUR,EUR,1.0,,,,,9.980626225031214,0.0,,106847.1304824649,DIVIDENDO_BRUTO,,,
232,2022-12-02T08:00:00Z,OPEN_ENTRY,30ffe0fa733c104a08525a3d8ae1bf13c3838864ba1ac15ce6aa0056d6575399,benchmark,BH_BUY,PAR,MC.PA,2022-12-02,,,2232.202848447372,2222.222222222341,1.9961252450062428,2.0100632488287538,715.0,715.3575,EUR,EUR,1.0,,9.970655569461753,0.009970655569460973,0.004982836366547032,,0.0,,106944.74283292146,BH_REINVERSION_DIVIDENDO,,,
233,2022-12-06T16:30:00Z,CLOSE_DIVIDEND,30ffe0fa733c104a08525a3d8ae1bf13c3838864ba1ac15ce6aa0056d6575399,benchmark,BH_DIVIDEND,PAR,TTE.PA,2022-12-06,,,2222.222222222341,2243.4064056347693,,,,,EUR,EUR,1.0,,,,,21.18418341242859,0.0,,105289.6013166728,DIVIDENDO_BRUTO,,,
234,2022-12-07T08:00:00Z,OPEN_ENTRY,30ffe0fa733c104a08525a3d8ae1bf13c3838864ba1ac15ce6aa0056d6575399,benchmark,BH_BUY,PAR,TTE.PA,2022-12-07,,,2243.4064056347693,2222.222222222341,21.18418341242859,21.555148757923806,57.02000045776367,57.04851045799255,EUR,EUR,1.0,,21.163020392036557,0.021163020392034326,0.010576222084974062,,0.0,,103927.40780196594,BH_REINVERSION_DIVIDENDO,,,
235,2022-12-15T16:30:00Z,CLOSE_DIVIDEND,30ffe0fa733c104a08525a3d8ae1bf13c3838864ba1ac15ce6aa0056d6575399,benchmark,BH_DIVIDEND,XETRA,EQQQ.DE,2022-12-15,,,2222.222222222341,2223.699827192197,,,,,EUR,EUR,1.0,,,,,1.4776049698560556,0.0,,104646.33827865685,DIVIDENDO_BRUTO,,,
236,2022-12-15T16:30:00Z,CLOSE_DIVIDEND,30ffe0fa733c104a08525a3d8ae1bf13c3838864ba1ac15ce6aa0056d6575399,benchmark,BH_DIVIDEND,XETRA,EXSA.DE,2022-12-15,,,2223.699827192197,2228.5164251245656,,,,,EUR,EUR,1.0,,,,,4.816597932368641,0.0,,104651.15487658922,DIVIDENDO_BRUTO,,,
237,2022-12-15T21:00:00Z,CLOSE_DIVIDEND,30ffe0fa733c104a08525a3d8ae1bf13c3838864ba1ac15ce6aa0056d6575399,benchmark,BH_DIVIDEND,NYSE,TSM,2022-12-15,,,2228.5164251245656,2234.259046744057,,,,,USD,EURUSD,0.9415309292910272,2022-12-15T16:00:00Z,,,,5.74262161949109,0.0,,103077.4312927642,DIVIDENDO_BRUTO,,,
238,2022-12-16T08:00:00Z,OPEN_ENTRY,30ffe0fa733c104a08525a3d8ae1bf13c3838864ba1ac15ce6aa0056d6575399,benchmark,BH_BUY,XETRA,EQQQ.DE,2022-12-16,,,2234.259046744057,2232.7814417742006,4.133773594004301,4.1394427242461544,260.25,260.38012499999996,EUR,EUR,1.0,,1.4761288410150408,0.0014761288410147788,0.0007376955727209562,,0.0,,101453.56742525558,BH_REINVERSION_DIVIDENDO,,,
239,2022-12-16T08:00:00Z,OPEN_ENTRY,30ffe0fa733c104a08525a3d8ae1bf13c3838864ba1ac15ce6aa0056d6575399,benchmark,BH_BUY,XETRA,EXSA.DE,2022-12-16,,,2232.7814417742006,2227.964843841832,27.14876381573509,27.26215250727545,42.415000915527344,42.43620841598511,EUR,EUR,1.0,,4.811786146222419,0.004811786146222019,0.0024046907277472324,,0.0,,101453.56587812677,BH_REINVERSION_DIVIDENDO,,,
240,2022-12-16T14:30:00Z,OPEN_ENTRY,30ffe0fa733c104a08525a3d8ae1bf13c3838864ba1ac15ce6aa0056d6575399,benchmark,BH_BUY,NYSE,TSM,2022-12-16,,,2227.964843841832,2222.222222222341,13.523810248473364,13.602280808694685,77.61000061035156,77.64880561065674,USD,EURUSD,0.9415309292910272,2022-12-15T16:00:00Z,5.736884734756335,0.005736884734755421,0.0028670088629466016,,0.0,,101457.3301042784,BH_REINVERSION_DIVIDENDO,,,
241,2022-12-19T21:00:00Z,CLOSE_DIVIDEND,30ffe0fa733c104a08525a3d8ae1bf13c3838864ba1ac15ce6aa0056d6575399,benchmark,BH_DIVIDEND,NASDAQ,AVGO,2022-12-19,,,2222.222222222341,2231.9736280638094,,,,,USD,EURUSD,0.9435742592942064,2022-12-19T16:00:00Z,,,,9.751405841468504,0.0,,100823.91895677842,DIVIDENDO_BRUTO,,,
242,2022-12-20T14:30:00Z,OPEN_ENTRY,30ffe0fa733c104a08525a3d8ae1bf13c3838864ba1ac15ce6aa0056d6575399,benchmark,BH_BUY,NASDAQ,AVGO,2022-12-20,,,2231.9736280638094,2222.222222222341,22.466391110409393,22.65567255455505,54.516998291015625,54.54425679016113,USD,EURUSD,0.9435742592942064,2022-12-19T16:00:00Z,9.741664177291213,0.009741664177290943,0.004868397889699965,,0.0,,100015.44643551385,BH_REINVERSION_DIVIDENDO,,,
243,2022-12-30T21:00:00Z,CLOSE_DIVIDEND,30ffe0fa733c104a08525a3d8ae1bf13c3838864ba1ac15ce6aa0056d6575399,benchmark,BH_DIVIDEND,NASDAQ,MU,2022-12-30,,,2222.222222222341,2224.3377986879427,,,,,USD,EURUSD,0.9375585974123383,2022-12-30T16:00:00Z,,,,2.1155764656016545,0.0,,99700.59524454206,DIVIDENDO_BRUTO,,,
244,2023-01-02T16:30:00Z,CLOSE_DIVIDEND,30ffe0fa733c104a08525a3d8ae1bf13c3838864ba1ac15ce6aa0056d6575399,benchmark,BH_DIVIDEND,PAR,TTE.PA,2023-01-02,,,2224.3377986879427,2239.2108513309104,,,,,EUR,EUR,1.0,,,,,14.873052642967425,0.0,,99688.18737043624,DIVIDENDO_BRUTO,,,
245,2023-01-03T08:00:00Z,OPEN_ENTRY,30ffe0fa733c104a08525a3d8ae1bf13c3838864ba1ac15ce6aa0056d6575399,benchmark,BH_BUY,PAR,TTE.PA,2023-01-03,,,2239.2108513309104,2224.3377986879427,21.555148757923806,21.803489380891293,59.79999923706055,59.829899236679076,EUR,EUR,1.0,,14.858194448518907,0.014858194448517992,0.007425384531993076,,0.0,,100501.5890205336,BH_REINVERSION_DIVIDENDO,,,
246,2023-01-03T14:30:00Z,OPEN_ENTRY,30ffe0fa733c104a08525a3d8ae1bf13c3838864ba1ac15ce6aa0056d6575399,benchmark,BH_BUY,NASDAQ,MU,2023-01-03,,,2224.3377986879427,2222.222222222341,19.62151181052804,19.66614559459231,50.560001373291016,50.58528137397766,USD,EURUSD,0.9360666479453337,2023-01-02T16:00:00Z,2.1134630025990555,0.0021134630025989587,0.0010562033995995927,,0.0,,100587.83177270296,BH_REINVERSION_DIVIDENDO,,,
247,2023-01-05T21:00:00Z,CLOSE_DIVIDEND,30ffe0fa733c104a08525a3d8ae1bf13c3838864ba1ac15ce6aa0056d6575399,benchmark,BH_DIVIDEND,NASDAQ,MRVL,2023-01-05,,,2222.222222222341,2223.5519575662333,,,,,USD,EURUSD,0.9433072351664937,2023-01-05T16:00:00Z,,,,1.3297353438923722,0.0,,102447.27977669348,DIVIDENDO_BRUTO,,,
248,2023-01-06T14:30:00Z,OPEN_ENTRY,30ffe0fa733c104a08525a3d8ae1bf13c3838864ba1ac15ce6aa0056d6575399,benchmark,BH_BUY,NASDAQ,MRVL,2023-01-06,,,2223.5519575662333,2222.222222222341,23.494207301005062,23.53425112355279,35.150001525878906,35.167576526641845,USD,EURUSD,0.9433072351664937,2023-01-05T16:00:00Z,1.328406936955417,0.0013284069369552398,0.0006638715327113335,,0.0,,101859.32395460503,BH_REINVERSION_DIVIDENDO,,,
249,2023-01-06T16:30:00Z,CLOSE_DIVIDEND,30ffe0fa733c104a08525a3d8ae1bf13c3838864ba1ac15ce6aa0056d6575399,benchmark,BH_DIVIDEND,MCE,IBE.MC,2023-01-06,,,2222.222222222341,2242.5510110943515,,,,,EUR,EUR,1.0,,,,,20.328788872010666,0.0,,102288.16081096359,DIVIDENDO_BRUTO,,,
250,2023-01-06T21:00:00Z,CLOSE_DIVIDEND,30ffe0fa733c104a08525a3d8ae1bf13c3838864ba1ac15ce6aa0056d6575399,benchmark,BH_DIVIDEND,NYSE,MA,2023-01-06,,,2242.5510110943515,2244.524359187473,,,,,USD,EURUSD,0.9523809523809523,2023-01-06T16:00:00Z,,,,1.973348093121254,0.0,,102938.02903247916,DIVIDENDO_BRUTO,,,
251,2023-01-09T08:00:00Z,OPEN_ENTRY,30ffe0fa733c104a08525a3d8ae1bf13c3838864ba1ac15ce6aa0056d6575399,benchmark,BH_BUY,MCE,IBE.MC,2023-01-09,,,2244.524359187473,2224.195570315462,112.93771595561482,114.80337137955772,10.880000114440918,10.885440114498138,EUR,EUR,1.0,,20.30848039161905,0.020308480391616257,0.010149165613002387,,0.0,,103870.8609298628,BH_REINVERSION_DIVIDENDO,,,
252,2023-01-09T14:30:00Z,OPEN_ENTRY,30ffe0fa733c104a08525a3d8ae1bf13c3838864ba1ac15ce6aa0056d6575399,benchmark,BH_BUY,NYSE,MA,2023-01-09,,,2224.195570315462,2222.222222222341,3.6351149083812575,3.640682034473052,371.6300048828125,371.81581988525386,USD,EURUSD,0.9523809523809523,2023-01-06T16:00:00Z,1.9713767164048492,0.0019713767164046825,0.0009851957603220127,,0.0,,104092.55384785357,BH_REINVERSION_DIVIDENDO,,,
253,2023-01-09T21:00:00Z,CLOSE_DIVIDEND,30ffe0fa733c104a08525a3d8ae1bf13c3838864ba1ac15ce6aa0056d6575399,benchmark,BH_DIVIDEND,NYSE,ORCL,2023-01-09,,,2222.222222222341,2227.0882050654295,,,,,USD,EURUSD,0.9349289454001495,2023-01-09T16:00:00Z,,,,4.8659828430888625,0.0,,103812.45922825394,DIVIDENDO_BRUTO,,,
254,2023-01-10T14:30:00Z,OPEN_ENTRY,30ffe0fa733c104a08525a3d8ae1bf13c3838864ba1ac15ce6aa0056d6575399,benchmark,BH_BUY,NYSE,ORCL,2023-01-10,,,2227.0882050654295,2222.222222222341,16.264547653024525,16.325230247624365,85.63999938964844,85.68281938934325,USD,EURUSD,0.9349289454001495,2023-01-09T16:00:00Z,4.861121721367495,0.004861121721367212,0.002429346187589359,,0.0,,104188.68649117943,BH_REINVERSION_DIVIDENDO,,,
255,2023-01-12T16:30:00Z,CLOSE_DIVIDEND,30ffe0fa733c104a08525a3d8ae1bf13c3838864ba1ac15ce6aa0056d6575399,benchmark,BH_DIVIDEND,XETRA,EUNH.DE,2023-01-12,,,2222.222222222341,2226.301008223429,,,,,EUR,EUR,1.0,,,,,4.078786001088263,0.0,,105117.86946813481,DIVIDENDO_BRUTO,,,
256,2023-01-12T21:00:00Z,CLOSE_DIVIDEND,30ffe0fa733c104a08525a3d8ae1bf13c3838864ba1ac15ce6aa0056d6575399,benchmark,BH_DIVIDEND,NYSE,ABBV,2023-01-12,,,2226.301008223429,2237.9498675714526,,,,,USD,EURUSD,0.9283327144448571,2023-01-12T16:00:00Z,,,,11.648859348023343,0.0,,105479.48638298495,DIVIDENDO_BRUTO,,,
257,2023-01-13T08:00:00Z,OPEN_ENTRY,30ffe0fa733c104a08525a3d8ae1bf13c3838864ba1ac15ce6aa0056d6575399,benchmark,BH_BUY,XETRA,EUNH.DE,2023-01-13,,,2237.9498675714526,2233.8710815703644,9.948258539239665,9.985530206462515,109.2699966430664,109.32463164138794,EUR,EUR,1.0,,4.074711289798465,0.004074711289797861,0.0020363374761611136,,0.0,,105996.12231561652,BH_REINVERSION_DIVIDENDO,,,
258,2023-01-13T14:30:00Z,OPEN_ENTRY,30ffe0fa733c104a08525a3d8ae1bf13c3838864ba1ac15ce6aa0056d6575399,benchmark,BH_BUY,NYSE,ABBV,2023-01-13,,,2233.8710815703644,2222.222222222341,8.478480601142396,8.560861765585859,152.08999633789062,152.16604133605955,USD,EURUSD,0.9283327144448571,2023-01-12T16:00:00Z,11.637222125897447,0.011637222125896685,0.005815703211341488,,0.0,,106056.76812478561,BH_REINVERSION_DIVIDENDO,,,
259,2023-01-16T16:30:00Z,CLOSE_DIVIDEND,30ffe0fa733c104a08525a3d8ae1bf13c3838864ba1ac15ce6aa0056d6575399,benchmark,BH_DIVIDEND,XETRA,EXH1.DE,2023-01-16,,,2222.222222222341,2235.0568681832915,,,,,EUR,EUR,1.0,,,,,12.834645960950729,0.0,,106437.1359343429,DIVIDENDO_BRUTO,,,
260,2023-01-16T16:30:00Z,CLOSE_DIVIDEND,30ffe0fa733c104a08525a3d8ae1bf13c3838864ba1ac15ce6aa0056d6575399,benchmark,BH_DIVIDEND,XETRA,EXV1.DE,2023-01-16,,,2235.0568681832915,2240.9072451970183,,,,,EUR,EUR,1.0,,,,,5.850377013726568,0.0,,106442.98631135662,DIVIDENDO_BRUTO,,,
261,2023-01-17T08:00:00Z,OPEN_ENTRY,30ffe0fa733c104a08525a3d8ae1bf13c3838864ba1ac15ce6aa0056d6575399,benchmark,BH_BUY,XETRA,EXH1.DE,2023-01-17,,,2240.9072451970183,2228.0725992360676,32.657135051730556,33.017371626678155,35.57500076293945,35.59278826332092,EUR,EUR,1.0,,12.821824136813916,0.012821824136812765,0.00640770821429856,,0.0,,106588.56077284401,BH_REINVERSION_DIVIDENDO,,,
262,2023-01-17T08:00:00Z,OPEN_ENTRY,30ffe0fa733c104a08525a3d8ae1bf13c3838864ba1ac15ce6aa0056d6575399,benchmark,BH_BUY,XETRA,EXV1.DE,2023-01-17,,,2228.0725992360676,2222.222222222341,89.28601754664807,89.67201012912065,15.133999824523926,15.141566824436186,EUR,EUR,1.0,,5.844532481245324,0.005844532481244613,0.002920805837703163,,0.0,,106588.55046364726,BH_REINVERSION_DIVIDENDO,,,
263,2023-01-19T21:00:00Z,CLOSE_DIVIDEND,30ffe0fa733c104a08525a3d8ae1bf13c3838864ba1ac15ce6aa0056d6575399,benchmark,BH_DIVIDEND,NYSE,CAT,2023-01-19,,,2222.222222222341,2228.4890411410984,,,,,USD,EURUSD,0.9246417013407305,2023-01-19T16:00:00Z,,,,6.266818918757549,0.0,,105780.58215062722,DIVIDENDO_BRUTO,,,
264,2023-01-20T14:30:00Z,OPEN_ENTRY,30ffe0fa733c104a08525a3d8ae1bf13c3838864ba1ac15ce6aa0056d6575399,benchmark,BH_BUY,NYSE,CAT,2023-01-20,,,2228.4890411410984,2222.222222222341,5.647970550530241,5.675383400595217,246.8699951171875,246.99343011474608,USD,EURUSD,0.9246417013407305,2023-01-19T16:00:00Z,6.260558360397153,0.0062605583603962955,0.003128714822786728,,0.0,,105532.1963383748,BH_REINVERSION_DIVIDENDO,,,
265,2023-02-06T16:30:00Z,CLOSE_DIVIDEND,30ffe0fa733c104a08525a3d8ae1bf13c3838864ba1ac15ce6aa0056d6575399,benchmark,BH_DIVIDEND,AMS,ASML.AS,2023-02-06,,,2222.222222222341,2225.3821788970254,,,,,EUR,EUR,1.0,,,,,3.1599566746846586,0.0,,112238.11191057894,DIVIDENDO_BRUTO,,,
266,2023-02-06T21:00:00Z,CLOSE_DIVIDEND,30ffe0fa733c104a08525a3d8ae1bf13c3838864ba1ac15ce6aa0056d6575399,benchmark,BH_DIVIDEND,NASDAQ,INTC,2023-02-06,,,2225.3821788970254,2235.9593107400106,,,,,USD,EURUSD,0.9279881217520417,2023-02-06T16:00:00Z,,,,10.577131842985201,0.0,,111619.76303508895,DIVIDENDO_BRUTO,,,
267,2023-02-07T08:00:00Z,OPEN_ENTRY,30ffe0fa733c104a08525a3d8ae1bf13c3838864ba1ac15ce6aa0056d6575399,benchmark,BH_BUY,AMS,ASML.AS,2023-02-07,,,2235.9593107400106,2232.799354065326,2.3065377187479257,2.311630894314799,619.5,619.80975,EUR,EUR,1.0,,3.156799874809849,0.003156799874809657,0.0015776111318390467,,0.0,,111218.55564790739,BH_REINVERSION_DIVIDENDO,,,
268,2023-02-07T14:30:00Z,OPEN_ENTRY,30ffe0fa733c104a08525a3d8ae1bf13c3838864ba1ac15ce6aa0056d6575399,benchmark,BH_BUY,NASDAQ,INTC,2023-02-07,,,2232.799354065326,2222.222222222341,31.227170613700967,31.624407628522256,28.649999618530273,28.66432461833954,USD,EURUSD,0.9279881217520417,2023-02-06T16:00:00Z,10.566565277707495,0.010566565277706275,0.0052806423176948265,,0.0,,111247.82541626412,BH_REINVERSION_DIVIDENDO,,,
269,2023-02-09T21:00:00Z,CLOSE_DIVIDEND,30ffe0fa733c104a08525a3d8ae1bf13c3838864ba1ac15ce6aa0056d6575399,benchmark,BH_DIVIDEND,NYSE,V,2023-02-09,,,2222.222222222341,2224.7467644214494,,,,,USD,EURUSD,0.9284189026088572,2023-02-09T16:00:00Z,,,,2.5245421991083683,0.0,,112199.2855833784,DIVIDENDO_BRUTO,,,
270,2023-02-10T14:30:00Z,OPEN_ENTRY,30ffe0fa733c104a08525a3d8ae1bf13c3838864ba1ac15ce6aa0056d6575399,benchmark,BH_BUY,NYSE,V,2023-02-10,,,2224.7467644214494,2222.222222222341,6.042632005910273,6.054490454110479,228.9600067138672,229.07448671722412,USD,EURUSD,0.9284189026088572,2023-02-09T16:00:00Z,2.522020178929439,0.0025220201789291075,0.0012603798995149346,,0.0,,111884.14690243317,BH_REINVERSION_DIVIDENDO,,,
271,2023-02-10T16:30:00Z,CLOSE_DIVIDEND,30ffe0fa733c104a08525a3d8ae1bf13c3838864ba1ac15ce6aa0056d6575399,benchmark,BH_DIVIDEND,XETRA,SIE.DE,2023-02-10,,,2222.222222222341,2264.164467558858,,,,,EUR,EUR,1.0,,,,,41.942245336517495,0.0,,112350.73056810444,DIVIDENDO_BRUTO,,,
272,2023-02-10T21:00:00Z,CLOSE_DIVIDEND,30ffe0fa733c104a08525a3d8ae1bf13c3838864ba1ac15ce6aa0056d6575399,benchmark,BH_DIVIDEND,NASDAQ,AAPL,2023-02-10,,,2264.164467558858,2266.044781841222,,,,,USD,EURUSD,0.9354536950420954,2023-02-10T16:00:00Z,,,,1.8803142823640027,0.0,,111943.26956275897,DIVIDENDO_BRUTO,,,
273,2023-02-13T08:00:00Z,OPEN_ENTRY,30ffe0fa733c104a08525a3d8ae1bf13c3838864ba1ac15ce6aa0056d6575399,benchmark,BH_BUY,XETRA,SIE.DE,2023-02-13,,,2266.044781841222,2224.102536504705,9.868763608592351,10.15560885029702,146.0,146.07299999999998,EUR,EUR,1.0,,41.90034499152598,0.04190034499151807,0.02093970264443477,,0.0,,111370.85071925122,BH_REINVERSION_DIVIDENDO,,,
274,2023-02-13T14:30:00Z,OPEN_ENTRY,30ffe0fa733c104a08525a3d8ae1bf13c3838864ba1ac15ce6aa0056d6575399,benchmark,BH_BUY,NASDAQ,AAPL,2023-02-13,,,2224.102536504705,2222.222222222341,8.739373773248342,8.752669860948275,150.9499969482422,151.0254719467163,USD,EURUSD,0.9354536950420954,2023-02-10T16:00:00Z,1.8784358465174853,0.0018784358465173678,0.0009387485489840724,,0.0,,111385.2974310171,BH_REINVERSION_DIVIDENDO,,,
275,2023-02-13T21:00:00Z,CLOSE_DIVIDEND,30ffe0fa733c104a08525a3d8ae1bf13c3838864ba1ac15ce6aa0056d6575399,benchmark,BH_DIVIDEND,NYSE,XOM,2023-02-13,,,2222.222222222341,2232.5406555959535,,,,,USD,EURUSD,0.9358038555118847,2023-02-13T16:00:00Z,,,,10.31843337361261,0.0,,111710.28814666819,DIVIDENDO_BRUTO,,,
276,2023-02-14T14:30:00Z,OPEN_ENTRY,30ffe0fa733c104a08525a3d8ae1bf13c3838864ba1ac15ce6aa0056d6575399,benchmark,BH_BUY,NYSE,XOM,2023-02-14,,,2232.5406555959535,2222.222222222341,12.116788904442235,12.210881354322742,117.01000213623047,117.06850713729858,USD,EURUSD,0.9358038555118847,2023-02-13T16:00:00Z,10.308125248364247,0.010308125248362998,0.005151486880741553,,0.0,,112214.53963085187,BH_REINVERSION_DIVIDENDO,,,
277,2023-02-14T21:00:00Z,CLOSE_DIVIDEND,30ffe0fa733c104a08525a3d8ae1bf13c3838864ba1ac15ce6aa0056d6575399,benchmark,BH_DIVIDEND,NYSE,LLY,2023-02-14,,,2222.222222222341,2226.460064704448,,,,,USD,EURUSD,0.9294544102611766,2023-02-14T16:00:00Z,,,,4.23784248210711,0.0,,111915.19196620879,DIVIDENDO_BRUTO,,,
278,2023-02-15T14:30:00Z,OPEN_ENTRY,30ffe0fa733c104a08525a3d8ae1bf13c3838864ba1ac15ce6aa0056d6575399,benchmark,BH_BUY,NYSE,LLY,2023-02-15,,,2226.460064704448,2222.222222222341,4.034951085397381,4.048114778832801,345.8500061035156,346.02293110656734,USD,EURUSD,0.9294544102611766,2023-02-14T16:00:00Z,4.233608873233877,0.004233608873233763,0.0021157465633347646,,0.0,,112593.67891920792,BH_REINVERSION_DIVIDENDO,,,
279,2023-02-15T21:00:00Z,CLOSE_DIVIDEND,30ffe0fa733c104a08525a3d8ae1bf13c3838864ba1ac15ce6aa0056d6575399,benchmark,BH_DIVIDEND,NASDAQ,MSFT,2023-02-15,,,2222.222222222341,2225.2601594074467,,,,,USD,EURUSD,0.9345794392523364,2023-02-15T16:00:00Z,,,,3.0379371851057946,0.0,,113157.90371696146,DIVIDENDO_BRUTO,,,
280,2023-02-15T21:00:00Z,CLOSE_DIVIDEND,30ffe0fa733c104a08525a3d8ae1bf13c3838864ba1ac15ce6aa0056d6575399,benchmark,BH_DIVIDEND,NYSE,CVX,2023-02-15,,,2225.2601594074467,2235.0877106724706,,,,,USD,EURUSD,0.9345794392523364,2023-02-15T16:00:00Z,,,,9.827551265023837,0.0,,113167.73126822647,DIVIDENDO_BRUTO,,,
281,2023-02-16T14:30:00Z,OPEN_ENTRY,30ffe0fa733c104a08525a3d8ae1bf13c3838864ba1ac15ce6aa0056d6575399,benchmark,BH_BUY,NASDAQ,MSFT,2023-02-16,,,2235.0877106724706,2232.0497734873647,4.780283511857647,4.792576984762692,264.0199890136719,264.1519990081787,USD,EURUSD,0.9345794392523364,2023-02-15T16:00:00Z,3.034902282822972,0.00303490228282266,0.0015166927950135925,,0.0,,113672.47973058611,BH_REINVERSION_DIVIDENDO,,,
282,2023-02-16T14:30:00Z,OPEN_ENTRY,30ffe0fa733c104a08525a3d8ae1bf13c3838864ba1ac15ce6aa0056d6575399,benchmark,BH_BUY,NYSE,CVX,2023-02-16,,,2232.0497734873647,2222.222222222341,6.963893942765236,7.026321702226424,168.19000244140625,168.27409744262695,USD,EURUSD,0.9345794392523364,2023-02-15T16:00:00Z,9.817733531492346,0.009817733531491513,0.004906413558966689,,0.0,,113672.51284781043,BH_REINVERSION_DIVIDENDO,,,
283,2023-02-16T16:30:00Z,CLOSE_DIVIDEND,30ffe0fa733c104a08525a3d8ae1bf13c3838864ba1ac15ce6aa0056d6575399,benchmark,BH_DIVIDEND,XETRA,R6C0.DE,2023-02-16,,,2222.222222222341,2232.626319712847,,,,,EUR,EUR,1.0,,,,,10.404097490505853,0.0,,113670.43488269512,DIVIDENDO_BRUTO,,,
284,2023-02-17T08:00:00Z,OPEN_ENTRY,30ffe0fa733c104a08525a3d8ae1bf13c3838864ba1ac15ce6aa0056d6575399,benchmark,BH_BUY,XETRA,R6C0.DE,2023-02-17,,,2232.626319712847,2222.222222222341,41.93298737131584,42.29326168592635,28.834999084472656,28.84941658401489,EUR,EUR,1.0,,10.393703786719135,0.010393703786718334,0.005194254765975474,,0.0,,112823.46690927217,BH_REINVERSION_DIVIDENDO,,,
285,2023-02-17T16:30:00Z,CLOSE_DIVIDEND,30ffe0fa733c104a08525a3d8ae1bf13c3838864ba1ac15ce6aa0056d6575399,benchmark,BH_DIVIDEND,XETRA,IFX.DE,2023-02-17,,,2222.222222222341,2236.394791267901,,,,,EUR,EUR,1.0,,,,,14.172569045560007,0.0,,113103.29120587227,DIVIDENDO_BRUTO,,,
286,2023-02-20T08:00:00Z,OPEN_ENTRY,30ffe0fa733c104a08525a3d8ae1bf13c3838864ba1ac15ce6aa0056d6575399,benchmark,BH_BUY,XETRA,IFX.DE,2023-02-20,,,2236.394791267901,2222.222222222341,44.28927826737502,44.691076520554034,35.220001220703125,35.23761122131347,EUR,EUR,1.0,,14.158410634925083,0.014158410634923513,0.007075667483718764,,0.0,,112237.94934207572,BH_REINVERSION_DIVIDENDO,,,
287,2023-02-22T21:00:00Z,CLOSE_DIVIDEND,30ffe0fa733c104a08525a3d8ae1bf13c3838864ba1ac15ce6aa0056d6575399,benchmark,BH_DIVIDEND,NASDAQ,AMAT,2023-02-22,,,2222.222222222341,2225.145744126824,,,,,USD,EURUSD,0.9394964299135663,2023-02-22T16:00:00Z,,,,2.9235219044830134,0.0,,110093.00487634345,DIVIDENDO_BRUTO,,,
288,2023-02-23T14:30:00Z,OPEN_ENTRY,30ffe0fa733c104a08525a3d8ae1bf13c3838864ba1ac15ce6aa0056d6575399,benchmark,BH_BUY,NASDAQ,AMAT,2023-02-23,,,2225.145744126824,2222.222222222341,11.968448904352767,11.996058060515889,112.54000091552734,112.5962709159851,USD,EURUSD,0.9394964299135663,2023-02-22T16:00:00Z,2.9206013031798337,0.002920601303179726,0.0014595708661566881,,0.0,,110235.57735329703,BH_REINVERSION_DIVIDENDO,,,
289,2023-02-23T21:00:00Z,CLOSE_DIVIDEND,30ffe0fa733c104a08525a3d8ae1bf13c3838864ba1ac15ce6aa0056d6575399,benchmark,BH_DIVIDEND,NASDAQ,AZN,2023-02-23,,,2222.222222222341,2240.7735409474053,,,,,USD,EURUSD,0.9419743782969102,2023-02-23T16:00:00Z,,,,18.551318725064586,0.0,,110880.77468584951,DIVIDENDO_BRUTO,,,
290,2023-02-24T14:30:00Z,OPEN_ENTRY,30ffe0fa733c104a08525a3d8ae1bf13c3838864ba1ac15ce6aa0056d6575399,benchmark,BH_BUY,NASDAQ,AZN,2023-02-24,,,2240.7735409474053,2222.222222222341,9.996994902806378,10.144317152549942,133.47999572753906,133.5467357254028,USD,EURUSD,0.9419743782969102,2023-02-23T16:00:00Z,18.532785939125464,0.01853278593912222,0.009261762088515634,,0.0,,111430.5732576725,BH_REINVERSION_DIVIDENDO,,,
291,2023-02-28T21:00:00Z,CLOSE_DIVIDEND,30ffe0fa733c104a08525a3d8ae1bf13c3838864ba1ac15ce6aa0056d6575399,benchmark,BH_DIVIDEND,NYSE,LMT,2023-02-28,,,2222.222222222341,2230.050227330452,,,,,USD,EURUSD,0.9417082587814295,2023-02-28T16:00:00Z,,,,7.8280051081111335,0.0,,110713.23523143266,DIVIDENDO_BRUTO,,,
292,2023-03-01T14:30:00Z,OPEN_ENTRY,30ffe0fa733c104a08525a3d8ae1bf13c3838864ba1ac15ce6aa0056d6575399,benchmark,BH_BUY,NYSE,LMT,2023-03-01,,,2230.050227330452,2222.222222222341,2.7708528747677375,2.788390653436257,473.2699890136719,473.5066240081787,USD,EURUSD,0.9417082587814295,2023-02-28T16:00:00Z,7.820184923187947,0.007820184923186702,0.003908138392397196,,0.0,,111011.5314947803,BH_REINVERSION_DIVIDENDO,,,
293,2023-03-01T21:00:00Z,CLOSE_DIVIDEND,30ffe0fa733c104a08525a3d8ae1bf13c3838864ba1ac15ce6aa0056d6575399,benchmark,BH_DIVIDEND,NASDAQ,QCOM,2023-03-01,,,2222.222222222341,2228.5487783992185,,,,,USD,EURUSD,0.9359790340696368,2023-03-01T16:00:00Z,,,,6.326556176877808,0.0,,110614.71421940906,DIVIDENDO_BRUTO,,,
294,2023-03-01T21:00:00Z,CLOSE_DIVIDEND,30ffe0fa733c104a08525a3d8ae1bf13c3838864ba1ac15ce6aa0056d6575399,benchmark,BH_DIVIDEND,NYSE,GS,2023-03-01,,,2228.5487783992185,2238.2289675995644,,,,,USD,EURUSD,0.9359790340696368,2023-03-01T16:00:00Z,,,,9.680189200345941,0.0,,110624.39440860941,DIVIDENDO_BRUTO,,,
295,2023-03-02T14:30:00Z,OPEN_ENTRY,30ffe0fa733c104a08525a3d8ae1bf13c3838864ba1ac15ce6aa0056d6575399,benchmark,BH_BUY,NASDAQ,QCOM,2023-03-02,,,2238.2289675995644,2231.902411422687,9.012390159168334,9.067638729029355,122.16000366210938,122.22108366394042,USD,EURUSD,0.9359790340696368,2023-03-01T16:00:00Z,6.320235940936872,0.006320235940935781,0.0031585387011173363,,0.0,,110387.56866908968,BH_REINVERSION_DIVIDENDO,,,
296,2023-03-02T14:30:00Z,OPEN_ENTRY,30ffe0fa733c104a08525a3d8ae1bf13c3838864ba1ac15ce6aa0056d6575399,benchmark,BH_BUY,NYSE,GS,2023-03-02,,,2231.902411422687,2222.222222222341,4.136925656659842,4.166946352154728,343.989990234375,344.1619852294922,USD,EURUSD,0.9359790340696368,2023-03-01T16:00:00Z,9.670518681664278,0.009670518681662799,0.004832842919372478,,0.0,,110387.6171074923,BH_REINVERSION_DIVIDENDO,,,
297,2023-03-07T21:00:00Z,CLOSE_DIVIDEND,30ffe0fa733c104a08525a3d8ae1bf13c3838864ba1ac15ce6aa0056d6575399,benchmark,BH_DIVIDEND,NASDAQ,NVDA,2023-03-07,,,2222.222222222341,2222.498918964913,,,,,USD,EURUSD,0.9376465072667605,2023-03-07T16:00:00Z,,,,0.27669674257243165,0.0,,112503.09963249648,DIVIDENDO_BRUTO,,,
298,2023-03-08T14:30:00Z,OPEN_ENTRY,30ffe0fa733c104a08525a3d8ae1bf13c3838864ba1ac15ce6aa0056d6575399,benchmark,BH_BUY,NASDAQ,NVDA,2023-03-08,,,2222.498918964913,2222.222222222341,73.77426898837457,73.78681443701988,23.48699951171875,23.49874301147461,USD,EURUSD,0.9376465072667605,2023-03-07T16:00:00Z,0.2764203222501815,0.00027642032225017044,0.00013814109057979618,,0.0,,111832.87092390457,BH_REINVERSION_DIVIDENDO,,,
299,2023-03-15T16:30:00Z,CLOSE_DIVIDEND,30ffe0fa733c104a08525a3d8ae1bf13c3838864ba1ac15ce6aa0056d6575399,benchmark,BH_DIVIDEND,XETRA,EXSA.DE,2023-03-15,,,2222.222222222341,2225.8993413525222,,,,,EUR,EUR,1.0,,,,,3.6771191301813126,0.0,,110533.4003803215,DIVIDENDO_BRUTO,,,
300,2023-03-16T08:00:00Z,OPEN_ENTRY,30ffe0fa733c104a08525a3d8ae1bf13c3838864ba1ac15ce6aa0056d6575399,benchmark,BH_BUY,XETRA,EXSA.DE,2023-03-16,,,2225.8993413525222,2222.222222222341,27.26215250727545,27.3462480155757,43.65999984741211,43.68182984733581,EUR,EUR,1.0,,3.673445684496816,0.003673445684496457,0.0018358049397782846,,0.0,,108482.62415963704,BH_REINVERSION_DIVIDENDO,,,
301,2023-03-16T16:30:00Z,CLOSE_DIVIDEND,30ffe0fa733c104a08525a3d8ae1bf13c3838864ba1ac15ce6aa0056d6575399,benchmark,BH_DIVIDEND,XETRA,EQQQ.DE,2023-03-16,,,2222.222222222341,2223.6865583649283,,,,,EUR,EUR,1.0,,,,,1.4643361425875256,0.0,,108192.68795808597,DIVIDENDO_BRUTO,,,
302,2023-03-16T16:30:00Z,CLOSE_DIVIDEND,30ffe0fa733c104a08525a3d8ae1bf13c3838864ba1ac15ce6aa0056d6575399,benchmark,BH_DIVIDEND,XETRA,IQQK.DE,2023-03-16,,,2223.6865583649283,2235.382089892902,,,,,EUR,EUR,1.0,,,,,11.69553152797371,0.0,,108204.38348961393,DIVIDENDO_BRUTO,,,
303,2023-03-16T16:30:00Z,CLOSE_DIVIDEND,30ffe0fa733c104a08525a3d8ae1bf13c3838864ba1ac15ce6aa0056d6575399,benchmark,BH_DIVIDEND,XETRA,IQQT.DE,2023-03-16,,,2235.382089892902,2235.845815892883,,,,,EUR,EUR,1.0,,,,,0.46372599998095243,0.0,,108204.84721561392,DIVIDENDO_BRUTO,,,
304,2023-03-16T20:00:00Z,CLOSE_DIVIDEND,30ffe0fa733c104a08525a3d8ae1bf13c3838864ba1ac15ce6aa0056d6575399,benchmark,BH_DIVIDEND,NYSE,TSM,2023-03-16,,,2235.845815892883,2241.6102558014286,,,,,USD,EURUSD,0.9438414346389805,2023-03-16T16:00:00Z,,,,5.764439908545458,0.0,,109126.84118819295,DIVIDENDO_BRUTO,,,
305,2023-03-17T08:00:00Z,OPEN_ENTRY,30ffe0fa733c104a08525a3d8ae1bf13c3838864ba1ac15ce6aa0056d6575399,benchmark,BH_BUY,XETRA,EQQQ.DE,2023-03-17,,,2241.6102558014286,2240.145919658841,4.1394427242461544,4.144501164861853,289.04998779296875,289.19451278686523,EUR,EUR,1.0,,1.4628732693182076,0.0014628732693180435,0.0007310710991095374,,0.0,,110511.11998641,BH_REINVERSION_DIVIDENDO,,,
306,2023-03-17T08:00:00Z,OPEN_ENTRY,30ffe0fa733c104a08525a3d8ae1bf13c3838864ba1ac15ce6aa0056d6575399,benchmark,BH_BUY,XETRA,IQQK.DE,2023-03-17,,,2240.145919658841,2228.4503881308674,27.17982144627194,27.48338287869713,38.470001220703125,38.489236221313476,EUR,EUR,1.0,,11.683847680293418,0.011683847680291848,0.005839004337977548,,0.0,,110511.04478614472,BH_REINVERSION_DIVIDENDO,,,
307,2023-03-17T08:00:00Z,OPEN_ENTRY,30ffe0fa733c104a08525a3d8ae1bf13c3838864ba1ac15ce6aa0056d6575399,benchmark,BH_BUY,XETRA,IQQT.DE,2023-03-17,,,2228.4503881308674,2227.9866621308865,16.808974915939988,16.816434739105922,62.06999969482422,62.101034694671625,EUR,EUR,1.0,,0.46326273724370876,0.00046326273724367484,0.00023151561081640547,,0.0,,110511.04110742573,BH_REINVERSION_DIVIDENDO,,,
308,2023-03-17T13:30:00Z,OPEN_ENTRY,30ffe0fa733c104a08525a3d8ae1bf13c3838864ba1ac15ce6aa0056d6575399,benchmark,BH_BUY,NYSE,TSM,2023-03-17,,,2227.9866621308865,2222.222222222341,13.602280808694685,13.670754576836433,89.05999755859375,89.10452755737305,USD,EURUSD,0.9438414346389805,2023-03-16T16:00:00Z,5.7586812273181405,0.005758681227317375,0.0028779016628276274,,0.0,,110574.31669141815,BH_REINVERSION_DIVIDENDO,,,
309,2023-03-20T16:30:00Z,CLOSE_DIVIDEND,30ffe0fa733c104a08525a3d8ae1bf13c3838864ba1ac15ce6aa0056d6575399,benchmark,BH_DIVIDEND,MIL,ENI.MI,2023-03-20,,,2222.222222222341,2241.461599014904,,,,,EUR,EUR,1.0,,,,,19.23937679256328,0.0,,108930.54960679528,DIVIDENDO_BRUTO,,,
310,2023-03-21T08:00:00Z,OPEN_ENTRY,30ffe0fa733c104a08525a3d8ae1bf13c3838864ba1ac15ce6aa0056d6575399,benchmark,BH_BUY,MIL,ENI.MI,2023-03-21,,,2241.461599014904,2222.222222222341,87.45171269346946,89.01075765873702,12.321999549865723,12.328160549640655,EUR,EUR,1.0,,19.220156635927356,0.019220156635924468,0.00960527568012315,,0.0,,109808.1500029538,BH_REINVERSION_DIVIDENDO,,,
311,2023-03-21T20:00:00Z,CLOSE_DIVIDEND,30ffe0fa733c104a08525a3d8ae1bf13c3838864ba1ac15ce6aa0056d6575399,benchmark,BH_DIVIDEND,NASDAQ,AVGO,2023-03-21,,,2222.222222222341,2231.893351931969,,,,,USD,EURUSD,0.9279881217520417,2023-03-21T16:00:00Z,,,,9.671129709628179,0.0,,110319.75193088596,DIVIDENDO_BRUTO,,,
312,2023-03-22T13:30:00Z,OPEN_ENTRY,30ffe0fa733c104a08525a3d8ae1bf13c3838864ba1ac15ce6aa0056d6575399,benchmark,BH_BUY,NASDAQ,AVGO,2023-03-22,,,2231.893351931969,2222.222222222341,22.65567255455505,22.819057629193203,63.689998626708984,63.721843626022334,USD,EURUSD,0.9279881217520417,2023-03-21T16:00:00Z,9.661468241386792,0.009661468241386473,0.004828319960712334,,0.0,,111361.98711804255,BH_REINVERSION_DIVIDENDO,,,
313,2023-03-22T16:30:00Z,CLOSE_DIVIDEND,30ffe0fa733c104a08525a3d8ae1bf13c3838864ba1ac15ce6aa0056d6575399,benchmark,BH_DIVIDEND,PAR,TTE.PA,2023-03-22,,,2222.222222222341,2237.266629895156,,,,,EUR,EUR,1.0,,,,,15.044407672814991,0.0,,111310.34183104431,DIVIDENDO_BRUTO,,,
314,2023-03-23T08:00:00Z,OPEN_ENTRY,30ffe0fa733c104a08525a3d8ae1bf13c3838864ba1ac15ce6aa0056d6575399,benchmark,BH_BUY,PAR,TTE.PA,2023-03-23,,,2237.266629895156,2222.222222222341,21.803489380891293,22.081157916649676,54.099998474121094,54.12704847335815,EUR,EUR,1.0,,15.029378294520471,0.015029378294519447,0.0075109336804191585,,0.0,,110687.73164464632,BH_REINVERSION_DIVIDENDO,,,
315,2023-03-30T06:00:00Z,CLOSE_DIVIDEND,30ffe0fa733c104a08525a3d8ae1bf13c3838864ba1ac15ce6aa0056d6575399,benchmark,BH_DIVIDEND,JPX,6501.T,2023-03-30,,,2222.222222222341,2234.4761514815864,,,,,JPY,EURJPY,0.006964758322886195,2023-03-29T15:00:00Z,,,,12.253929259245302,0.0,,111933.03487255014,DIVIDENDO_BRUTO,,,
316,2023-03-30T06:00:00Z,CLOSE_DIVIDEND,30ffe0fa733c104a08525a3d8ae1bf13c3838864ba1ac15ce6aa0056d6575399,benchmark,BH_DIVIDEND,JPX,6758.T,2023-03-30,,,2234.4761514815864,2238.3580085697045,,,,,JPY,EURJPY,0.006964758322886195,2023-03-29T15:00:00Z,,,,3.881857088118169,0.0,,111936.91672963825,DIVIDENDO_BRUTO,,,
317,2023-03-30T06:00:00Z,CLOSE_DIVIDEND,30ffe0fa733c104a08525a3d8ae1bf13c3838864ba1ac15ce6aa0056d6575399,benchmark,BH_DIVIDEND,JPX,6857.T,2023-03-30,,,2238.3580085697045,2248.441423711776,,,,,JPY,EURJPY,0.006964758322886195,2023-03-29T15:00:00Z,,,,10.083415142071553,0.0,,111947.00014478032,DIVIDENDO_BRUTO,,,
318,2023-03-30T06:00:00Z,CLOSE_DIVIDEND,30ffe0fa733c104a08525a3d8ae1bf13c3838864ba1ac15ce6aa0056d6575399,benchmark,BH_DIVIDEND,JPX,7011.T,2023-03-30,,,2248.441423711776,2262.6227181595937,,,,,JPY,EURJPY,0.006964758322886195,2023-03-29T15:00:00Z,,,,14.18129444781733,0.0,,111961.18143922814,DIVIDENDO_BRUTO,,,
319,2023-03-30T06:00:00Z,CLOSE_DIVIDEND,30ffe0fa733c104a08525a3d8ae1bf13c3838864ba1ac15ce6aa0056d6575399,benchmark,BH_DIVIDEND,JPX,7203.T,2023-03-30,,,2262.6227181595937,2281.1056026271426,,,,,JPY,EURJPY,0.006964758322886195,2023-03-29T15:00:00Z,,,,18.482884467549184,0.0,,111979.66432369569,DIVIDENDO_BRUTO,,,
320,2023-03-30T06:00:00Z,CLOSE_DIVIDEND,30ffe0fa733c104a08525a3d8ae1bf13c3838864ba1ac15ce6aa0056d6575399,benchmark,BH_DIVIDEND,JPX,8035.T,2023-03-30,,,2281.1056026271426,2299.669741883742,,,,,JPY,EURJPY,0.006964758322886195,2023-03-29T15:00:00Z,,,,18.564139256599383,0.0,,111998.22846295229,DIVIDENDO_BRUTO,,,
321,2023-03-31T00:00:00Z,OPEN_ENTRY,30ffe0fa733c104a08525a3d8ae1bf13c3838864ba1ac15ce6aa0056d6575399,benchmark,BH_BUY,JPX,6501.T,2023-03-31,,,2299.669741883742,2287.4158126244965,117.29461086949604,118.49669317467074,1470.0,1470.735,JPY,EURJPY,0.006924248719013987,2023-03-30T15:00:00Z,12.24168757167363,0.012241687571671989,0.006117784893389288,,0.0,,112629.57923522501,BH_REINVERSION_DIVIDENDO,,,
322,2023-03-31T00:00:00Z,OPEN_ENTRY,30ffe0fa733c104a08525a3d8ae1bf13c3838864ba1ac15ce6aa0056d6575399,benchmark,BH_BUY,JPX,6758.T,2023-03-31,,,2287.4158126244965,2283.5339555363785,69.66963008900085,69.90384676431303,2390.0,2391.1949999999997,JPY,EURJPY,0.006924248719013987,2023-03-30T15:00:00Z,3.87797910900916,0.003877979109008667,0.001938020544231992,,0.0,,112629.50368292125,BH_REINVERSION_DIVIDENDO,,,
323,2023-03-31T00:00:00Z,OPEN_ENTRY,30ffe0fa733c104a08525a3d8ae1bf13c3838864ba1ac15ce6aa0056d6575399,benchmark,BH_BUY,JPX,6857.T,2023-03-31,,,2283.5339555363785,2273.4505403943067,82.7300997770648,83.2111800054519,3022.5,3024.01125,JPY,EURJPY,0.006924248719013987,2023-03-30T15:00:00Z,10.073341800271283,0.010073341800270086,0.00503415382322409,,0.0,,112629.31369166999,BH_REINVERSION_DIVIDENDO,,,
324,2023-03-31T00:00:00Z,OPEN_ENTRY,30ffe0fa733c104a08525a3d8ae1bf13c3838864ba1ac15ce6aa0056d6575399,benchmark,BH_BUY,JPX,7011.T,2023-03-31,,,2273.4505403943067,2259.2692459464893,290.8786081168018,295.13369343648526,480.6000061035156,480.84030610656737,JPY,EURJPY,0.006924248719013987,2023-03-30T15:00:00Z,14.167127320496833,0.014167127320495965,0.007080023648423777,,0.0,,112629.271819871,BH_REINVERSION_DIVIDENDO,,,
325,2023-03-31T00:00:00Z,OPEN_ENTRY,30ffe0fa733c104a08525a3d8ae1bf13c3838864ba1ac15ce6aa0056d6575399,benchmark,BH_BUY,JPX,7203.T,2023-03-31,,,2259.2692459464893,2240.7863614789403,75.82207291002035,77.25272180632378,1863.0,1863.9315,JPY,EURJPY,0.006924248719013987,2023-03-30T15:00:00Z,18.464420047501683,0.018464420047500596,0.009227596225637175,,0.0,,112629.03609831019,BH_REINVERSION_DIVIDENDO,,,
326,2023-03-31T00:00:00Z,OPEN_ENTRY,30ffe0fa733c104a08525a3d8ae1bf13c3838864ba1ac15ce6aa0056d6575399,benchmark,BH_BUY,JPX,8035.T,2023-03-31,,,2240.7863614789403,2222.222222222341,9.363588542340123,9.528327996416241,16250.0,16258.125,JPY,EURJPY,0.006924248719013987,2023-03-30T15:00:00Z,18.545593662936447,0.01854559366293529,0.009268162750093177,,0.0,,112628.75733122393,BH_REINVERSION_DIVIDENDO,,,
327,2023-04-03T15:30:00Z,CLOSE_DIVIDEND,30ffe0fa733c104a08525a3d8ae1bf13c3838864ba1ac15ce6aa0056d6575399,benchmark,BH_DIVIDEND,MCE,BBVA.MC,2023-04-03,,,2222.222222222341,2305.6267101099875,,,,,EUR,EUR,1.0,,,,,83.40448788764654,0.0,,113986.85465980976,DIVIDENDO_BRUTO,,,
328,2023-04-04T07:00:00Z,OPEN_ENTRY,30ffe0fa733c104a08525a3d8ae1bf13c3838864ba1ac15ce6aa0056d6575399,benchmark,BH_BUY,MCE,BBVA.MC,2023-04-04,,,2305.6267101099875,2222.222222222341,269.04673512144046,282.29093447621364,6.288000106811523,6.2911441068649285,EUR,EUR,1.0,,83.32116672092562,0.08332116672092127,0.041639763478714606,,0.0,,113923.6437242293,BH_REINVERSION_DIVIDENDO,,,
329,2023-04-05T20:00:00Z,CLOSE_DIVIDEND,30ffe0fa733c104a08525a3d8ae1bf13c3838864ba1ac15ce6aa0056d6575399,benchmark,BH_DIVIDEND,NASDAQ,MRVL,2023-04-05,,,2222.222222222341,2223.512948975004,,,,,USD,EURUSD,0.9140767824497257,2023-04-05T15:00:00Z,,,,1.2907267526628585,0.0,,112938.12985758895,DIVIDENDO_BRUTO,,,
330,2023-04-05T20:00:00Z,CLOSE_DIVIDEND,30ffe0fa733c104a08525a3d8ae1bf13c3838864ba1ac15ce6aa0056d6575399,benchmark,BH_DIVIDEND,NYSE,MA,2023-04-05,,,2223.512948975004,2225.4098308394,,,,,USD,EURUSD,0.9140767824497257,2023-04-05T15:00:00Z,,,,1.8968818643963796,0.0,,112940.02673945334,DIVIDENDO_BRUTO,,,
331,2023-04-06T13:30:00Z,OPEN_ENTRY,30ffe0fa733c104a08525a3d8ae1bf13c3838864ba1ac15ce6aa0056d6575399,benchmark,BH_BUY,NASDAQ,MRVL,2023-04-06,,,2225.4098308394,2224.119104086737,23.53425112355279,23.569927728738318,39.52000045776367,39.53976045799255,USD,EURUSD,0.9140767824497257,2023-04-05T15:00:00Z,1.2894373153475112,0.0012894373153473637,0.0006443964594439094,,0.0,,112433.58767185904,BH_REINVERSION_DIVIDENDO,,,
332,2023-04-06T13:30:00Z,OPEN_ENTRY,30ffe0fa733c104a08525a3d8ae1bf13c3838864ba1ac15ce6aa0056d6575399,benchmark,BH_BUY,NYSE,MA,2023-04-06,,,2224.119104086737,2222.222222222341,3.640682034473052,3.6464185302877343,361.2099914550781,361.3905964508056,USD,EURUSD,0.9140767824497257,2023-04-05T15:00:00Z,1.894986877518861,0.0018949868775186562,0.0009470199287947876,,0.0,,112433.59835842374,BH_REINVERSION_DIVIDENDO,,,
333,2023-04-06T15:30:00Z,CLOSE_DIVIDEND,30ffe0fa733c104a08525a3d8ae1bf13c3838864ba1ac15ce6aa0056d6575399,benchmark,BH_DIVIDEND,XETRA,DTE.DE,2023-04-06,,,2222.222222222341,2265.7055617646292,,,,,EUR,EUR,1.0,,,,,43.48333954228836,0.0,,112604.0066829374,DIVIDENDO_BRUTO,,,
334,2023-04-06T20:00:00Z,CLOSE_DIVIDEND,30ffe0fa733c104a08525a3d8ae1bf13c3838864ba1ac15ce6aa0056d6575399,benchmark,BH_DIVIDEND,NASDAQ,MU,2023-04-06,,,2265.7055617646292,2267.7775789367574,,,,,USD,EURUSD,0.9161704076958315,2023-04-06T15:00:00Z,,,,2.07201717212837,0.0,,112686.82672394365,DIVIDENDO_BRUTO,,,
335,2023-04-10T13:30:00Z,OPEN_ENTRY,30ffe0fa733c104a08525a3d8ae1bf13c3838864ba1ac15ce6aa0056d6575399,benchmark,BH_BUY,NASDAQ,MU,2023-04-10,,,2267.7775789367574,2265.7055617646292,19.66614559459231,19.70305664845917,61.18000030517578,61.21059030532837,USD,EURUSD,0.9161704076958315,2023-04-06T15:00:00Z,2.069947224903467,0.002069947224903057,0.0010344563842595268,,0.0,,112806.5166103568,BH_REINVERSION_DIVIDENDO,,,
336,2023-04-10T20:00:00Z,CLOSE_DIVIDEND,30ffe0fa733c104a08525a3d8ae1bf13c3838864ba1ac15ce6aa0056d6575399,benchmark,BH_DIVIDEND,NYSE,ORCL,2023-04-10,,,2265.7055617646292,2271.688238905307,,,,,USD,EURUSD,0.9161704076958315,2023-04-06T15:00:00Z,,,,5.982677140677733,0.0,,112812.49928749749,DIVIDENDO_BRUTO,,,
337,2023-04-11T07:00:00Z,OPEN_ENTRY,30ffe0fa733c104a08525a3d8ae1bf13c3838864ba1ac15ce6aa0056d6575399,benchmark,BH_BUY,XETRA,DTE.DE,2023-04-11,,,2271.688238905307,2228.2048993630187,62.11905648898338,64.03851665416893,22.6200008392334,22.631310839653015,EUR,EUR,1.0,,43.43989964264572,0.04343989964264239,0.021709095273685197,,0.0,,113223.13564475345,BH_REINVERSION_DIVIDENDO,,,
338,2023-04-11T13:30:00Z,OPEN_ENTRY,30ffe0fa733c104a08525a3d8ae1bf13c3838864ba1ac15ce6aa0056d6575399,benchmark,BH_BUY,NYSE,ORCL,2023-04-11,,,2228.2048993630187,2222.222222222341,16.325230247624365,16.394996013087702,93.45999908447266,93.50672908401489,USD,EURUSD,0.9161704076958315,2023-04-06T15:00:00Z,5.976700440237496,0.005976700440236904,0.0029868567917229016,,0.0,,113231.4021306516,BH_REINVERSION_DIVIDENDO,,,
339,2023-04-13T20:00:00Z,CLOSE_DIVIDEND,30ffe0fa733c104a08525a3d8ae1bf13c3838864ba1ac15ce6aa0056d6575399,benchmark,BH_DIVIDEND,NYSE,ABBV,2023-04-13,,,2222.222222222341,2233.724787281866,,,,,USD,EURUSD,0.9078529278256923,2023-04-13T15:00:00Z,,,,11.502565059525258,0.0,,112744.9433655676,DIVIDENDO_BRUTO,,,
340,2023-04-14T13:30:00Z,OPEN_ENTRY,30ffe0fa733c104a08525a3d8ae1bf13c3838864ba1ac15ce6aa0056d6575399,benchmark,BH_BUY,NYSE,ABBV,2023-04-14,,,2233.724787281866,2222.222222222341,8.560861765585859,8.638647626974965,162.63999938964844,162.72131938934325,USD,EURUSD,0.9078529278256923,2023-04-13T15:00:00Z,11.49107398553972,0.011491073985538947,0.005742665659939088,,0.0,,113450.93765814418,BH_REINVERSION_DIVIDENDO,,,
341,2023-04-17T15:30:00Z,CLOSE_DIVIDEND,30ffe0fa733c104a08525a3d8ae1bf13c3838864ba1ac15ce6aa0056d6575399,benchmark,BH_DIVIDEND,XETRA,EXH1.DE,2023-04-17,,,2222.222222222341,2237.144357294275,,,,,EUR,EUR,1.0,,,,,14.922135071933939,0.0,,114037.75377620691,DIVIDENDO_BRUTO,,,
342,2023-04-17T15:30:00Z,CLOSE_DIVIDEND,30ffe0fa733c104a08525a3d8ae1bf13c3838864ba1ac15ce6aa0056d6575399,benchmark,BH_DIVIDEND,XETRA,EXV1.DE,2023-04-17,,,2237.144357294275,2239.907958974444,,,,,EUR,EUR,1.0,,,,,2.7636016801693692,0.0,,114040.51737788708,DIVIDENDO_BRUTO,,,
343,2023-04-18T07:00:00Z,OPEN_ENTRY,30ffe0fa733c104a08525a3d8ae1bf13c3838864ba1ac15ce6aa0056d6575399,benchmark,BH_BUY,XETRA,EXH1.DE,2023-04-18,,,2239.907958974444,2224.98582390251,33.017371626678155,33.43602231201761,35.59000015258789,35.60779515266418,EUR,EUR,1.0,,14.907227844089851,0.0149072278440876,0.00744988897755472,,0.0,,113834.64496264218,BH_REINVERSION_DIVIDENDO,,,
344,2023-04-18T07:00:00Z,OPEN_ENTRY,30ffe0fa733c104a08525a3d8ae1bf13c3838864ba1ac15ce6aa0056d6575399,benchmark,BH_BUY,XETRA,EXV1.DE,2023-04-18,,,2224.98582390251,2222.222222222341,89.67201012912065,89.85321981952379,15.227999687194824,15.235613687038422,EUR,EUR,1.0,,2.7608408393300397,0.0027608408393295925,0.001379730554387813,,0.0,,113834.62052667394,BH_REINVERSION_DIVIDENDO,,,
345,2023-04-20T15:30:00Z,CLOSE_DIVIDEND,30ffe0fa733c104a08525a3d8ae1bf13c3838864ba1ac15ce6aa0056d6575399,benchmark,BH_DIVIDEND,MCE,IBE.MC,2023-04-20,,,2222.222222222341,2222.7962390792386,,,,,EUR,EUR,1.0,,,,,0.5740168568977886,0.0,,113880.59356413338,DIVIDENDO_BRUTO,,,
346,2023-04-20T15:30:00Z,CLOSE_DIVIDEND,30ffe0fa733c104a08525a3d8ae1bf13c3838864ba1ac15ce6aa0056d6575399,benchmark,BH_DIVIDEND,XETRA,BSP.DE,2023-04-20,,,2222.7962390792386,2246.950445197336,,,,,EUR,EUR,1.0,,,,,24.154206118097456,0.0,,113904.74777025147,DIVIDENDO_BRUTO,,,
347,2023-04-21T07:00:00Z,OPEN_ENTRY,30ffe0fa733c104a08525a3d8ae1bf13c3838864ba1ac15ce6aa0056d6575399,benchmark,BH_BUY,MCE,IBE.MC,2023-04-21,,,2246.950445197336,2246.3764283404385,114.80337137955772,114.85186180678825,11.819999694824219,11.82590969467163,EUR,EUR,1.0,,0.5734434134843044,0.0005734434134841981,0.00028657841753333316,,0.0,,113518.53890976791,BH_REINVERSION_DIVIDENDO,,,
348,2023-04-21T07:00:00Z,OPEN_ENTRY,30ffe0fa733c104a08525a3d8ae1bf13c3838864ba1ac15ce6aa0056d6575399,benchmark,BH_BUY,XETRA,BSP.DE,2023-04-21,,,2246.3764283404385,2222.222222222341,124.58880535291671,126.62752193694718,11.829999923706055,11.835914923667907,EUR,EUR,1.0,,24.130076042055403,0.024130076042052195,0.012059008516768506,,0.0,,113518.22749347787,BH_REINVERSION_DIVIDENDO,,,
349,2023-04-21T20:00:00Z,CLOSE_DIVIDEND,30ffe0fa733c104a08525a3d8ae1bf13c3838864ba1ac15ce6aa0056d6575399,benchmark,BH_DIVIDEND,NYSE,CAT,2023-04-21,,,2222.222222222341,2228.4259570380764,,,,,USD,EURUSD,0.9109127345600291,2023-04-21T15:00:00Z,,,,6.203734815735343,0.0,,113292.36967036284,DIVIDENDO_BRUTO,,,
350,2023-04-24T13:30:00Z,OPEN_ENTRY,30ffe0fa733c104a08525a3d8ae1bf13c3838864ba1ac15ce6aa0056d6575399,benchmark,BH_BUY,NYSE,CAT,2023-04-24,,,2228.4259570380764,2222.222222222341,5.675383400595217,5.706219370004292,220.52999877929688,220.64026377868652,USD,EURUSD,0.9109127345600291,2023-04-21T15:00:00Z,6.1975372784568865,0.006197537278456622,0.003097220029213658,,0.0,,113179.35865774054,BH_REINVERSION_DIVIDENDO,,,
351,2023-04-24T15:30:00Z,CLOSE_DIVIDEND,30ffe0fa733c104a08525a3d8ae1bf13c3838864ba1ac15ce6aa0056d6575399,benchmark,BH_DIVIDEND,MIL,RACE.MI,2023-04-24,,,2222.222222222341,2234.319197885726,,,,,EUR,EUR,1.0,,,,,12.096975663385232,0.0,,113023.32837509034,DIVIDENDO_BRUTO,,,
352,2023-04-25T07:00:00Z,OPEN_ENTRY,30ffe0fa733c104a08525a3d8ae1bf13c3838864ba1ac15ce6aa0056d6575399,benchmark,BH_BUY,MIL,RACE.MI,2023-04-25,,,2234.319197885726,2222.222222222341,6.683411968721122,6.731173343329472,252.89999389648438,253.0264438934326,EUR,EUR,1.0,,12.08489077261262,0.01208489077261099,0.006039425673468729,,0.0,,112783.40984321806,BH_REINVERSION_DIVIDENDO,,,
353,2023-04-25T15:30:00Z,CLOSE_DIVIDEND,30ffe0fa733c104a08525a3d8ae1bf13c3838864ba1ac15ce6aa0056d6575399,benchmark,BH_DIVIDEND,PAR,AIR.PA,2023-04-25,,,2222.222222222341,2242.4737533438633,,,,,EUR,EUR,1.0,,,,,20.25153112152234,0.0,,112635.93144667646,DIVIDENDO_BRUTO,,,
354,2023-04-25T15:30:00Z,CLOSE_DIVIDEND,30ffe0fa733c104a08525a3d8ae1bf13c3838864ba1ac15ce6aa0056d6575399,benchmark,BH_DIVIDEND,PAR,MC.PA,2023-04-25,,,2242.4737533438633,2256.5441960856647,,,,,EUR,EUR,1.0,,,,,14.070442741801276,0.0,,112650.00188941827,DIVIDENDO_BRUTO,,,
355,2023-04-26T07:00:00Z,OPEN_ENTRY,30ffe0fa733c104a08525a3d8ae1bf13c3838864ba1ac15ce6aa0056d6575399,benchmark,BH_BUY,PAR,AIR.PA,2023-04-26,,,2256.5441960856647,2236.292664964142,11.250850623067967,11.410853706360804,126.37999725341797,126.44318725204467,EUR,EUR,1.0,,20.23129982170064,0.02023129982169891,0.010110594613541676,,0.0,,111215.10761466718,BH_REINVERSION_DIVIDENDO,,,
356,2023-04-26T07:00:00Z,OPEN_ENTRY,30ffe0fa733c104a08525a3d8ae1bf13c3838864ba1ac15ce6aa0056d6575399,benchmark,BH_BUY,PAR,MC.PA,2023-04-26,,,2236.292664964142,2222.222222222341,2.0100632488287538,2.0259597886213063,883.7999877929688,884.2418877868652,EUR,EUR,1.0,,14.056386355445833,0.014056386355443706,0.007024680837303137,,0.0,,111215.17555480497,BH_REINVERSION_DIVIDENDO,,,
357,2023-04-26T15:30:00Z,CLOSE_DIVIDEND,30ffe0fa733c104a08525a3d8ae1bf13c3838864ba1ac15ce6aa0056d6575399,benchmark,BH_DIVIDEND,PAR,OR.PA,2023-04-26,,,2222.222222222341,2243.75790060928,,,,,EUR,EUR,1.0,,,,,21.535678386939146,0.0,,111203.54765357239,DIVIDENDO_BRUTO,,,
358,2023-04-27T07:00:00Z,OPEN_ENTRY,30ffe0fa733c104a08525a3d8ae1bf13c3838864ba1ac15ce6aa0056d6575399,benchmark,BH_BUY,PAR,OR.PA,2023-04-27,,,2243.75790060928,2222.222222222341,3.589279731156524,3.6397276197581854,426.25,426.463125,EUR,EUR,1.0,,21.51416422271643,0.021514164222715237,0.010751706258228643,,0.0,,110899.29875687894,BH_REINVERSION_DIVIDENDO,,,
359,2023-04-27T15:30:00Z,CLOSE_DIVIDEND,30ffe0fa733c104a08525a3d8ae1bf13c3838864ba1ac15ce6aa0056d6575399,benchmark,BH_DIVIDEND,MCE,ITX.MC,2023-04-27,,,2222.222222222341,2252.3995507164277,,,,,EUR,EUR,1.0,,,,,30.17732849408666,0.0,,110916.23942441372,DIVIDENDO_BRUTO,,,
360,2023-04-28T07:00:00Z,OPEN_ENTRY,30ffe0fa733c104a08525a3d8ae1bf13c3838864ba1ac15ce6aa0056d6575399,benchmark,BH_BUY,MCE,ITX.MC,2023-04-28,,,2252.3995507164277,2222.222222222341,50.295547490144436,51.26849278957017,30.969999313354492,30.985484313011167,EUR,EUR,1.0,,30.14718131277389,0.0301471813127705,0.015066057627570587,,0.0,,112059.7362735322,BH_REINVERSION_DIVIDENDO,,,
361,2023-04-28T15:30:00Z,CLOSE_DIVIDEND,30ffe0fa733c104a08525a3d8ae1bf13c3838864ba1ac15ce6aa0056d6575399,benchmark,BH_DIVIDEND,AMS,ASML.AS,2023-04-28,,,2222.222222222341,2226.128878433733,,,,,EUR,EUR,1.0,,,,,3.9066562113920105,0.0,,112235.35674453394,DIVIDENDO_BRUTO,,,
362,2023-05-02T07:00:00Z,OPEN_ENTRY,30ffe0fa733c104a08525a3d8ae1bf13c3838864ba1ac15ce6aa0056d6575399,benchmark,BH_BUY,AMS,ASML.AS,2023-05-02,,,2226.128878433733,2222.222222222341,2.311630894314799,2.3183333050646375,582.0,582.2909999999999,EUR,EUR,1.0,,3.902753457934077,0.00390275345793345,0.001950401528202535,,0.0,,113025.13284004161,BH_REINVERSION_DIVIDENDO,,,
363,2023-05-04T15:30:00Z,CLOSE_DIVIDEND,30ffe0fa733c104a08525a3d8ae1bf13c3838864ba1ac15ce6aa0056d6575399,benchmark,BH_DIVIDEND,XETRA,MBG.DE,2023-05-04,,,2222.222222222341,2314.5577096370002,,,,,EUR,EUR,1.0,,,,,92.33548741465917,0.0,,111315.21477937627,DIVIDENDO_BRUTO,,,
364,2023-05-04T20:00:00Z,CLOSE_DIVIDEND,30ffe0fa733c104a08525a3d8ae1bf13c3838864ba1ac15ce6aa0056d6575399,benchmark,BH_DIVIDEND,NASDAQ,INTC,2023-05-04,,,2314.5577096370002,2318.12737818817,,,,,USD,EURUSD,0.9030160736861117,2023-05-04T15:00:00Z,,,,3.5696685511696606,0.0,,111106.6402416181,DIVIDENDO_BRUTO,,,
365,2023-05-05T07:00:00Z,OPEN_ENTRY,30ffe0fa733c104a08525a3d8ae1bf13c3838864ba1ac15ce6aa0056d6575399,benchmark,BH_BUY,XETRA,MBG.DE,2023-05-05,,,2318.12737818817,2225.7918907735107,17.75682450281907,19.171976359125125,65.1500015258789,65.18257652664184,EUR,EUR,1.0,,92.2432441704887,0.09224324417047569,0.04609857279883496,,0.0,,110899.95455052715,BH_REINVERSION_DIVIDENDO,,,
366,2023-05-05T13:30:00Z,OPEN_ENTRY,30ffe0fa733c104a08525a3d8ae1bf13c3838864ba1ac15ce6aa0056d6575399,benchmark,BH_BUY,NASDAQ,INTC,2023-05-05,,,2225.7918907735107,2222.222222222341,31.624407628522256,31.750192472152996,31.3799991607666,31.395689160346983,USD,EURUSD,0.9030160736861117,2023-05-04T15:00:00Z,3.5661024487209403,0.003566102448720354,0.0017821601442880868,,0.0,,110944.91143109293,BH_REINVERSION_DIVIDENDO,,,
367,2023-05-05T15:30:00Z,CLOSE_DIVIDEND,30ffe0fa733c104a08525a3d8ae1bf13c3838864ba1ac15ce6aa0056d6575399,benchmark,BH_DIVIDEND,XETRA,ALV.DE,2023-05-05,,,2222.222222222341,2291.335275826755,,,,,EUR,EUR,1.0,,,,,69.1130536044145,0.0,,111330.89380311433,DIVIDENDO_BRUTO,,,
368,2023-05-08T07:00:00Z,OPEN_ENTRY,30ffe0fa733c104a08525a3d8ae1bf13c3838864ba1ac15ce6aa0056d6575399,benchmark,BH_BUY,XETRA,ALV.DE,2023-05-08,,,2291.335275826755,2222.222222222341,6.062548561790745,6.381299161524687,216.5,216.60825,EUR,EUR,1.0,,69.04400959481968,0.06904400959481904,0.034504752421198666,,0.0,,112975.82281615947,BH_REINVERSION_DIVIDENDO,,,
369,2023-05-08T15:30:00Z,CLOSE_DIVIDEND,30ffe0fa733c104a08525a3d8ae1bf13c3838864ba1ac15ce6aa0056d6575399,benchmark,BH_DIVIDEND,XETRA,MUV2.DE,2023-05-08,,,2222.222222222341,2280.693724857905,,,,,EUR,EUR,1.0,,,,,58.47150263556412,0.0,,112897.03073820627,DIVIDENDO_BRUTO,,,
370,2023-05-09T07:00:00Z,OPEN_ENTRY,30ffe0fa733c104a08525a3d8ae1bf13c3838864ba1ac15ce6aa0056d6575399,benchmark,BH_BUY,XETRA,MUV2.DE,2023-05-09,,,2280.693724857905,2222.222222222341,5.040646778927941,5.2174605143575254,330.20001220703125,330.36511221313475,EUR,EUR,1.0,,58.41308954601811,0.058413089546014874,0.029191948798607096,,0.0,,113571.01269315483,BH_REINVERSION_DIVIDENDO,,,
371,2023-05-09T15:30:00Z,CLOSE_DIVIDEND,30ffe0fa733c104a08525a3d8ae1bf13c3838864ba1ac15ce6aa0056d6575399,benchmark,BH_DIVIDEND,PAR,SU.PA,2023-05-09,,,2222.222222222341,2251.2677352485066,,,,,EUR,EUR,1.0,,,,,29.045513026165743,0.0,,113932.25843646115,DIVIDENDO_BRUTO,,,
372,2023-05-10T07:00:00Z,OPEN_ENTRY,30ffe0fa733c104a08525a3d8ae1bf13c3838864ba1ac15ce6aa0056d6575399,benchmark,BH_BUY,PAR,SU.PA,2023-05-10,,,2251.2677352485066,2222.222222222341,9.220797786084363,9.406827270800873,155.89999389648438,155.9779438934326,EUR,EUR,1.0,,29.01649652963611,0.029016496529632008,0.014500997765933651,,0.0,,113751.25179816943,BH_REINVERSION_DIVIDENDO,,,
373,2023-05-11T20:00:00Z,CLOSE_DIVIDEND,30ffe0fa733c104a08525a3d8ae1bf13c3838864ba1ac15ce6aa0056d6575399,benchmark,BH_DIVIDEND,NYSE,V,2023-05-11,,,2222.222222222341,2224.7149218603554,,,,,USD,EURUSD,0.9149130832570906,2023-05-11T15:00:00Z,,,,2.492699638014379,0.0,,114464.42070632876,DIVIDENDO_BRUTO,,,
374,2023-05-12T13:30:00Z,OPEN_ENTRY,30ffe0fa733c104a08525a3d8ae1bf13c3838864ba1ac15ce6aa0056d6575399,benchmark,BH_BUY,NYSE,V,2023-05-12,,,2224.7149218603554,2222.222222222341,6.054490454110479,6.066216482929881,232.0,232.11599999999999,USD,EURUSD,0.9149130832570906,2023-05-11T15:00:00Z,2.4902094285857936,0.002490209428585466,0.0012444824730562126,,0.0,,114601.08291060195,BH_REINVERSION_DIVIDENDO,,,
375,2023-05-12T15:30:00Z,CLOSE_DIVIDEND,30ffe0fa733c104a08525a3d8ae1bf13c3838864ba1ac15ce6aa0056d6575399,benchmark,BH_DIVIDEND,XETRA,SAP.DE,2023-05-12,,,2222.222222222341,2247.8893599865864,,,,,EUR,EUR,1.0,,,,,25.6671377642458,0.0,,114778.94193664454,DIVIDENDO_BRUTO,,,
376,2023-05-12T20:00:00Z,CLOSE_DIVIDEND,30ffe0fa733c104a08525a3d8ae1bf13c3838864ba1ac15ce6aa0056d6575399,benchmark,BH_DIVIDEND,NASDAQ,AAPL,2023-05-12,,,2247.8893599865864,2249.8179688432037,,,,,USD,EURUSD,0.9181050312155711,2023-05-12T15:00:00Z,,,,1.9286088566173212,0.0,,115158.97823816194,DIVIDENDO_BRUTO,,,
377,2023-05-12T20:00:00Z,CLOSE_DIVIDEND,30ffe0fa733c104a08525a3d8ae1bf13c3838864ba1ac15ce6aa0056d6575399,benchmark,BH_DIVIDEND,NYSE,LLY,2023-05-12,,,2249.8179688432037,2254.0177206794883,,,,,USD,EURUSD,0.9181050312155711,2023-05-12T15:00:00Z,,,,4.199751836284489,0.0,,115163.17798999824,DIVIDENDO_BRUTO,,,
378,2023-05-15T07:00:00Z,OPEN_ENTRY,30ffe0fa733c104a08525a3d8ae1bf13c3838864ba1ac15ce6aa0056d6575399,benchmark,BH_BUY,XETRA,SAP.DE,2023-05-15,,,2254.0177206794883,2228.3505829152427,12.520555006949172,12.732572565762357,120.87999725341797,120.94043725204467,EUR,EUR,1.0,,25.641496267977825,0.025641496267976294,0.012814340963506412,,0.0,,114927.39808592908,BH_REINVERSION_DIVIDENDO,,,
379,2023-05-15T13:30:00Z,OPEN_ENTRY,30ffe0fa733c104a08525a3d8ae1bf13c3838864ba1ac15ce6aa0056d6575399,benchmark,BH_BUY,NASDAQ,AAPL,2023-05-15,,,2228.3505829152427,2226.4219740586254,8.752669860948275,8.764782897638648,173.16000366210938,173.2465836639404,USD,EURUSD,0.9181050312155711,2023-05-12T15:00:00Z,1.9266821744428786,0.0019266821744425844,0.0009628596573925583,,0.0,,114984.33878312718,BH_REINVERSION_DIVIDENDO,,,
380,2023-05-15T13:30:00Z,OPEN_ENTRY,30ffe0fa733c104a08525a3d8ae1bf13c3838864ba1ac15ce6aa0056d6575399,benchmark,BH_BUY,NYSE,LLY,2023-05-15,,,2226.4219740586254,2222.222222222341,4.048114778832801,4.058605892582797,435.3699951171875,435.5876801147461,USD,EURUSD,0.9181050312155711,2023-05-12T15:00:00Z,4.195556280004484,0.004195556280004453,0.0020967297751146715,,0.0,,114984.32343678996,BH_REINVERSION_DIVIDENDO,,,
381,2023-05-15T20:00:00Z,CLOSE_DIVIDEND,30ffe0fa733c104a08525a3d8ae1bf13c3838864ba1ac15ce6aa0056d6575399,benchmark,BH_DIVIDEND,NYSE,XOM,2023-05-15,,,2222.222222222341,2232.439123686513,,,,,USD,EURUSD,0.9194556822361163,2023-05-15T15:00:00Z,,,,10.21690146417221,0.0,,114898.04660107012,DIVIDENDO_BRUTO,,,
382,2023-05-16T13:30:00Z,OPEN_ENTRY,30ffe0fa733c104a08525a3d8ae1bf13c3838864ba1ac15ce6aa0056d6575399,benchmark,BH_BUY,NYSE,XOM,2023-05-16,,,2232.439123686513,2222.222222222341,12.210881354322742,12.316924113528088,104.62999725341797,104.68231225204467,USD,EURUSD,0.9194556822361163,2023-05-15T15:00:00Z,10.206694769402809,0.010206694769401281,0.0051007969862072915,,0.0,,115593.26053039603,BH_REINVERSION_DIVIDENDO,,,
383,2023-05-17T20:00:00Z,CLOSE_DIVIDEND,30ffe0fa733c104a08525a3d8ae1bf13c3838864ba1ac15ce6aa0056d6575399,benchmark,BH_DIVIDEND,NASDAQ,MSFT,2023-05-17,,,2222.222222222341,2225.2316897166975,,,,,USD,EURUSD,0.9234463015975621,2023-05-17T15:00:00Z,,,,3.0094674943564788,0.0,,116203.84916599879,DIVIDENDO_BRUTO,,,
384,2023-05-18T13:30:00Z,OPEN_ENTRY,30ffe0fa733c104a08525a3d8ae1bf13c3838864ba1ac15ce6aa0056d6575399,benchmark,BH_BUY,NASDAQ,MSFT,2023-05-18,,,2225.2316897166975,2222.222222222341,4.792576984762692,4.802922801157967,314.5299987792969,314.6872637786865,USD,EURUSD,0.9234463015975621,2023-05-17T15:00:00Z,3.006461033323156,0.0030064610333226938,0.0015024792770227061,,0.0,,117597.81199647098,BH_REINVERSION_DIVIDENDO,,,
385,2023-05-18T15:30:00Z,CLOSE_DIVIDEND,30ffe0fa733c104a08525a3d8ae1bf13c3838864ba1ac15ce6aa0056d6575399,benchmark,BH_DIVIDEND,XETRA,DBK.DE,2023-05-18,,,2222.222222222341,2257.8728113683082,,,,,EUR,EUR,1.0,,,,,35.65058914596746,0.0,,117671.30540948937,DIVIDENDO_BRUTO,,,
386,2023-05-18T15:30:00Z,CLOSE_DIVIDEND,30ffe0fa733c104a08525a3d8ae1bf13c3838864ba1ac15ce6aa0056d6575399,benchmark,BH_DIVIDEND,XETRA,R6C0.DE,2023-05-18,,,2257.8728113683082,2268.3662974124923,,,,,EUR,EUR,1.0,,,,,10.493486044184168,0.0,,117681.79889553356,DIVIDENDO_BRUTO,,,
387,2023-05-18T20:00:00Z,CLOSE_DIVIDEND,30ffe0fa733c104a08525a3d8ae1bf13c3838864ba1ac15ce6aa0056d6575399,benchmark,BH_DIVIDEND,NYSE,CVX,2023-05-18,,,2268.3662974124923,2278.1783253144267,,,,,USD,EURUSD,0.9248127254231019,2023-05-18T15:00:00Z,,,,9.812027901934616,0.0,,118137.46938948687,DIVIDENDO_BRUTO,,,
388,2023-05-19T07:00:00Z,OPEN_ENTRY,30ffe0fa733c104a08525a3d8ae1bf13c3838864ba1ac15ce6aa0056d6575399,benchmark,BH_BUY,XETRA,DBK.DE,2023-05-19,,,2278.1783253144267,2242.5277361684593,118.83529715322486,122.47769728066497,9.77299976348877,9.777886263370513,EUR,EUR,1.0,,35.614974171795666,0.035614974171792824,0.017798587792000227,,0.0,,119241.21453290645,BH_REINVERSION_DIVIDENDO,,,
389,2023-05-19T07:00:00Z,OPEN_ENTRY,30ffe0fa733c104a08525a3d8ae1bf13c3838864ba1ac15ce6aa0056d6575399,benchmark,BH_BUY,XETRA,R6C0.DE,2023-05-19,,,2242.5277361684593,2232.0342501242753,42.29326168592635,42.66833826940142,27.934999465942383,27.948966965675353,EUR,EUR,1.0,,10.483003041143027,0.010483003041141359,0.005238882079531534,,0.0,,119241.1613032199,BH_REINVERSION_DIVIDENDO,,,
390,2023-05-19T08:00:00Z,CLOSE_DIVIDEND,30ffe0fa733c104a08525a3d8ae1bf13c3838864ba1ac15ce6aa0056d6575399,benchmark,BH_DIVIDEND,HKG,0700.HK,2023-05-19,,,2232.0342501242753,2239.433200654067,,,,,HKD,EURHKD,0.11814744801512286,2023-05-18T15:00:00Z,,,,7.398950529791706,0.0,,119248.56025374969,DIVIDENDO_BRUTO,,,
391,2023-05-19T13:30:00Z,OPEN_ENTRY,30ffe0fa733c104a08525a3d8ae1bf13c3838864ba1ac15ce6aa0056d6575399,benchmark,BH_BUY,NYSE,CVX,2023-05-19,,,2239.433200654067,2229.6211727521327,7.026321702226424,7.094717658974014,154.88999938964844,154.96744438934326,USD,EURUSD,0.9248127254231019,2023-05-18T15:00:00Z,9.80222567625836,0.009802225676256882,0.004898663506375675,,0.0,,119159.0018151622,BH_REINVERSION_DIVIDENDO,,,
392,2023-05-22T01:30:00Z,OPEN_ENTRY,30ffe0fa733c104a08525a3d8ae1bf13c3838864ba1ac15ce6aa0056d6575399,benchmark,BH_BUY,HKG,0700.HK,2023-05-22,,,2229.6211727521327,2222.222222222341,26.093632201732085,26.281766707914095,331.79998779296875,331.9658877868652,HKD,EURHKD,0.11835159893010154,2023-05-19T15:00:00Z,7.391558970820886,0.00739155897082,0.003693932519150321,,0.0,,119326.94570279664,BH_REINVERSION_DIVIDENDO,,,
393,2023-05-22T15:30:00Z,CLOSE_DIVIDEND,30ffe0fa733c104a08525a3d8ae1bf13c3838864ba1ac15ce6aa0056d6575399,benchmark,BH_DIVIDEND,MIL,ENI.MI,2023-05-22,,,2222.222222222341,2241.804588907263,,,,,EUR,EUR,1.0,,,,,19.582366684922146,0.0,,119404.19200646607,DIVIDENDO_BRUTO,,,
394,2023-05-23T07:00:00Z,OPEN_ENTRY,30ffe0fa733c104a08525a3d8ae1bf13c3838864ba1ac15ce6aa0056d6575399,benchmark,BH_BUY,MIL,ENI.MI,2023-05-23,,,2241.804588907263,2222.222222222341,89.01075765873702,90.48423367176292,13.270000457763672,13.276635457992553,EUR,EUR,1.0,,19.562803881041106,0.01956280388104048,0.009776513683677605,,0.0,,119586.24392607482,BH_REINVERSION_DIVIDENDO,,,
395,2023-05-24T20:00:00Z,CLOSE_DIVIDEND,30ffe0fa733c104a08525a3d8ae1bf13c3838864ba1ac15ce6aa0056d6575399,benchmark,BH_DIVIDEND,NASDAQ,AMAT,2023-05-24,,,2222.222222222341,2225.7815533112284,,,,,USD,EURUSD,0.9272137227630969,2023-05-24T15:00:00Z,,,,3.5593310888874217,0.0,,117822.16133407933,DIVIDENDO_BRUTO,,,
396,2023-05-25T13:30:00Z,OPEN_ENTRY,30ffe0fa733c104a08525a3d8ae1bf13c3838864ba1ac15ce6aa0056d6575399,benchmark,BH_BUY,NASDAQ,AMAT,2023-05-25,,,2225.7815533112284,2222.222222222341,11.996058060515889,12.02619871662415,127.16999816894531,127.23358316802978,USD,EURUSD,0.9272137227630969,2023-05-24T15:00:00Z,3.5557753135738484,0.0035557753135733172,0.0017769991572082185,,0.0,,118013.66417701125,BH_REINVERSION_DIVIDENDO,,,
397,2023-05-30T15:30:00Z,CLOSE_DIVIDEND,30ffe0fa733c104a08525a3d8ae1bf13c3838864ba1ac15ce6aa0056d6575399,benchmark,BH_DIVIDEND,PAR,SAF.PA,2023-05-30,,,2222.222222222341,2238.9662431646448,,,,,EUR,EUR,1.0,,,,,16.744020942304086,0.0,,122594.3833191926,DIVIDENDO_BRUTO,,,
398,2023-05-31T07:00:00Z,OPEN_ENTRY,30ffe0fa733c104a08525a3d8ae1bf13c3838864ba1ac15ce6aa0056d6575399,benchmark,BH_BUY,PAR,SAF.PA,2023-05-31,,,2238.9662431646448,2222.222222222341,12.402978475780804,12.525731299247592,136.1999969482422,136.2680969467163,EUR,EUR,1.0,,16.727293648655433,0.01672729364865333,0.008359467090781041,,0.0,,122649.0903750899,BH_REINVERSION_DIVIDENDO,,,
399,2023-05-31T20:00:00Z,CLOSE_DIVIDEND,30ffe0fa733c104a08525a3d8ae1bf13c3838864ba1ac15ce6aa0056d6575399,benchmark,BH_DIVIDEND,NASDAQ,QCOM,2023-05-31,,,2222.222222222341,2229.0125535742304,,,,,USD,EURUSD,0.9360666479453337,2023-05-31T15:00:00Z,,,,6.790331351889435,0.0,,122162.77526196114,DIVIDENDO_BRUTO,,,
400,2023-05-31T20:00:00Z,CLOSE_DIVIDEND,30ffe0fa733c104a08525a3d8ae1bf13c3838864ba1ac15ce6aa0056d6575399,benchmark,BH_DIVIDEND,NYSE,GS,2023-05-31,,,2229.0125535742304,2238.763902334304,,,,,USD,EURUSD,0.9360666479453337,2023-05-31T15:00:00Z,,,,9.75134876007378,0.0,,122172.52661072122,DIVIDENDO_BRUTO,,,
401,2023-05-31T20:00:00Z,CLOSE_DIVIDEND,30ffe0fa733c104a08525a3d8ae1bf13c3838864ba1ac15ce6aa0056d6575399,benchmark,BH_DIVIDEND,NYSE,LMT,2023-05-31,,,2238.763902334304,2246.5942608106766,,,,,USD,EURUSD,0.9360666479453337,2023-05-31T15:00:00Z,,,,7.830358476372528,0.0,,122180.35696919759,DIVIDENDO_BRUTO,,,
402,2023-06-01T13:30:00Z,OPEN_ENTRY,30ffe0fa733c104a08525a3d8ae1bf13c3838864ba1ac15ce6aa0056d6575399,benchmark,BH_BUY,NASDAQ,QCOM,2023-06-01,,,2246.5942608106766,2239.803929458787,9.067638729029355,9.130865358325945,114.55999755859375,114.61727755737304,USD,EURUSD,0.9360666479453337,2023-05-31T15:00:00Z,6.783547804085351,0.0067835478040843,0.0033900788626111617,,0.0,,121853.00053578665,BH_REINVERSION_DIVIDENDO,,,
403,2023-06-01T13:30:00Z,OPEN_ENTRY,30ffe0fa733c104a08525a3d8ae1bf13c3838864ba1ac15ce6aa0056d6575399,benchmark,BH_BUY,NYSE,GS,2023-06-01,,,2239.803929458787,2230.0525806987134,4.166946352154728,4.199000087723491,324.510009765625,324.6722647705078,USD,EURUSD,0.9360666479453337,2023-05-31T15:00:00Z,9.74160715292086,0.00974160715291994,0.004868369391764439,,0.0,,121852.96762262995,BH_REINVERSION_DIVIDENDO,,,
404,2023-06-01T13:30:00Z,OPEN_ENTRY,30ffe0fa733c104a08525a3d8ae1bf13c3838864ba1ac15ce6aa0056d6575399,benchmark,BH_BUY,NYSE,LMT,2023-06-01,,,2230.0525806987134,2222.222222222341,2.788390653436257,2.8071353543144935,445.6000061035156,445.8228061065674,USD,EURUSD,0.9360666479453337,2023-05-31T15:00:00Z,7.822535940432096,0.007822535940431585,0.0039093133135592924,,0.0,,121852.92799224494,BH_REINVERSION_DIVIDENDO,,,
405,2023-06-01T20:00:00Z,CLOSE_DIVIDEND,30ffe0fa733c104a08525a3d8ae1bf13c3838864ba1ac15ce6aa0056d6575399,benchmark,BH_DIVIDEND,NYSE,INFY,2023-06-01,,,2222.222222222341,2235.1863451298345,,,,,USD,EURUSD,0.9348415443582312,2023-06-01T15:00:00Z,,,,12.964122907493646,0.0,,122421.52017211453,DIVIDENDO_BRUTO,,,
406,2023-06-02T13:30:00Z,OPEN_ENTRY,30ffe0fa733c104a08525a3d8ae1bf13c3838864ba1ac15ce6aa0056d6575399,benchmark,BH_BUY,NYSE,INFY,2023-06-02,,,2235.1863451298345,2222.222222222341,65.10667734340824,65.9880869487329,15.710000038146973,15.717855038166045,USD,EURUSD,0.9348415443582312,2023-06-01T15:00:00Z,12.951171735757889,0.012951171735757327,0.006472349693031223,,0.0,,123089.76538020076,BH_REINVERSION_DIVIDENDO,,,
407,2023-06-07T20:00:00Z,CLOSE_DIVIDEND,30ffe0fa733c104a08525a3d8ae1bf13c3838864ba1ac15ce6aa0056d6575399,benchmark,BH_DIVIDEND,NASDAQ,NVDA,2023-06-07,,,2222.222222222341,2222.497623227984,,,,,USD,EURUSD,0.9330969487729774,2023-06-07T15:00:00Z,,,,0.27540100564344455,0.0,,124152.74125911362,DIVIDENDO_BRUTO,,,
408,2023-06-08T13:30:00Z,OPEN_ENTRY,30ffe0fa733c104a08525a3d8ae1bf13c3838864ba1ac15ce6aa0056d6575399,benchmark,BH_BUY,NASDAQ,NVDA,2023-06-08,,,2222.497623227984,2222.222222222341,73.78681443701988,73.79462657413274,37.7239990234375,37.742861022949214,USD,EURUSD,0.9330969487729774,2023-06-07T15:00:00Z,0.2751258797636809,0.000275125879763638,0.00013749419278541046,,0.0,,123393.10049410851,BH_REINVERSION_DIVIDENDO,,,
409,2023-06-15T15:30:00Z,CLOSE_DIVIDEND,30ffe0fa733c104a08525a3d8ae1bf13c3838864ba1ac15ce6aa0056d6575399,benchmark,BH_DIVIDEND,XETRA,EQQQ.DE,2023-06-15,,,2222.222222222341,2223.6826573983135,,,,,EUR,EUR,1.0,,,,,1.4604351759728549,0.0,,127507.19058249281,DIVIDENDO_BRUTO,,,
410,2023-06-15T15:30:00Z,CLOSE_DIVIDEND,30ffe0fa733c104a08525a3d8ae1bf13c3838864ba1ac15ce6aa0056d6575399,benchmark,BH_DIVIDEND,XETRA,EXSA.DE,2023-06-15,,,2223.6826573983135,2238.0512238393853,,,,,EUR,EUR,1.0,,,,,14.368566441071955,0.0,,127521.55914893388,DIVIDENDO_BRUTO,,,
411,2023-06-15T20:00:00Z,CLOSE_DIVIDEND,30ffe0fa733c104a08525a3d8ae1bf13c3838864ba1ac15ce6aa0056d6575399,benchmark,BH_DIVIDEND,NYSE,TSM,2023-06-15,,,2238.0512238393853,2243.7120964250425,,,,,USD,EURUSD,0.9242998428690267,2023-06-15T15:00:00Z,,,,5.6608725856573825,0.0,,127333.25780242516,DIVIDENDO_BRUTO,,,
412,2023-06-16T07:00:00Z,OPEN_ENTRY,30ffe0fa733c104a08525a3d8ae1bf13c3838864ba1ac15ce6aa0056d6575399,benchmark,BH_BUY,XETRA,EQQQ.DE,2023-06-16,,,2243.7120964250425,2242.25166124907,4.144501164861853,4.148806588610535,338.70001220703125,338.86936221313476,EUR,EUR,1.0,,1.458976199773082,0.0014589761997729767,0.0007291235381174743,,0.0,,128019.34685152618,BH_REINVERSION_DIVIDENDO,,,
413,2023-06-16T07:00:00Z,OPEN_ENTRY,30ffe0fa733c104a08525a3d8ae1bf13c3838864ba1ac15ce6aa0056d6575399,benchmark,BH_BUY,XETRA,EXSA.DE,2023-06-16,,,2242.25166124907,2227.883094807998,27.3462480155757,27.6567899738563,46.20000076293945,46.22310076332092,EUR,EUR,1.0,,14.354212228843114,0.01435421222884159,0.007173519354743814,,0.0,,128019.28961094815,BH_REINVERSION_DIVIDENDO,,,
414,2023-06-16T13:30:00Z,OPEN_ENTRY,30ffe0fa733c104a08525a3d8ae1bf13c3838864ba1ac15ce6aa0056d6575399,benchmark,BH_BUY,NYSE,TSM,2023-06-16,,,2227.883094807998,2222.222222222341,13.670754576836433,13.728758200018126,105.43000030517578,105.48271530532837,USD,EURUSD,0.9242998428690267,2023-06-15T15:00:00Z,5.655217368289094,0.0056552173682886675,0.0028261955863513894,,0.0,,128074.41483489957,BH_REINVERSION_DIVIDENDO,,,
415,2023-06-21T15:30:00Z,CLOSE_DIVIDEND,30ffe0fa733c104a08525a3d8ae1bf13c3838864ba1ac15ce6aa0056d6575399,benchmark,BH_DIVIDEND,PAR,TTE.PA,2023-06-21,,,2222.222222222341,2238.5622790806615,,,,,EUR,EUR,1.0,,,,,16.34005685832076,0.0,,126102.11647095993,DIVIDENDO_BRUTO,,,
416,2023-06-21T20:00:00Z,CLOSE_DIVIDEND,30ffe0fa733c104a08525a3d8ae1bf13c3838864ba1ac15ce6aa0056d6575399,benchmark,BH_DIVIDEND,NASDAQ,AVGO,2023-06-21,,,2238.5622790806615,2248.1720625736843,,,,,USD,EURUSD,0.9154994049253867,2023-06-21T15:00:00Z,,,,9.609783493022862,0.0,,125850.1526319951,DIVIDENDO_BRUTO,,,
417,2023-06-22T07:00:00Z,OPEN_ENTRY,30ffe0fa733c104a08525a3d8ae1bf13c3838864ba1ac15ce6aa0056d6575399,benchmark,BH_BUY,PAR,TTE.PA,2023-06-22,,,2248.1720625736843,2231.8320057153637,22.081157916649676,22.387151454363643,53.31999969482422,53.34665969467163,EUR,EUR,1.0,,16.323733125195567,0.016323733125194195,0.008157787668762951,,0.0,,124727.14848530634,BH_REINVERSION_DIVIDENDO,,,
418,2023-06-22T13:30:00Z,OPEN_ENTRY,30ffe0fa733c104a08525a3d8ae1bf13c3838864ba1ac15ce6aa0056d6575399,benchmark,BH_BUY,NASDAQ,AVGO,2023-06-22,,,2231.8320057153637,2222.222222222341,22.819057629193203,22.943080388618544,84.50900268554688,84.55125718688964,USD,EURUSD,0.9154994049253867,2023-06-21T15:00:00Z,9.60018330971315,0.009600183309711241,0.004797692808451729,,0.0,,124727.16326748357,BH_REINVERSION_DIVIDENDO,,,
419,2023-07-06T20:00:00Z,CLOSE_DIVIDEND,30ffe0fa733c104a08525a3d8ae1bf13c3838864ba1ac15ce6aa0056d6575399,benchmark,BH_DIVIDEND,NASDAQ,MRVL,2023-07-06,,,2222.222222222341,2223.5197684777077,,,,,USD,EURUSD,0.9175153683824203,2023-07-06T15:00:00Z,,,,1.2975462553668216,0.0,,124941.98847497998,DIVIDENDO_BRUTO,,,
420,2023-07-06T20:00:00Z,CLOSE_DIVIDEND,30ffe0fa733c104a08525a3d8ae1bf13c3838864ba1ac15ce6aa0056d6575399,benchmark,BH_DIVIDEND,NYSE,MA,2023-07-06,,,2223.5197684777077,2225.4267861511307,,,,,USD,EURUSD,0.9175153683824203,2023-07-06T15:00:00Z,,,,1.9070176734232576,0.0,,124943.8954926534,DIVIDENDO_BRUTO,,,
421,2023-07-07T13:30:00Z,OPEN_ENTRY,30ffe0fa733c104a08525a3d8ae1bf13c3838864ba1ac15ce6aa0056d6575399,benchmark,BH_BUY,NASDAQ,MRVL,2023-07-07,,,2225.4267861511307,2224.129239895764,23.569927728738318,23.59349769779221,59.90999984741211,59.93995484733581,USD,EURUSD,0.9175153683824203,2023-07-06T15:00:00Z,1.2962500053614603,0.0012962500053612658,0.000647801102129599,,0.0,,124057.97507480733,BH_REINVERSION_DIVIDENDO,,,
422,2023-07-07T13:30:00Z,OPEN_ENTRY,30ffe0fa733c104a08525a3d8ae1bf13c3838864ba1ac15ce6aa0056d6575399,benchmark,BH_BUY,NYSE,MA,2023-07-07,,,2224.129239895764,2222.222222222341,3.6464185302877343,3.6517309361864068,390.6600036621094,390.8553336639404,USD,EURUSD,0.9175153683824203,2023-07-06T15:00:00Z,1.9051125608623953,0.0019051125608622321,0.0009520802403110332,,0.0,,124057.98430571894,BH_REINVERSION_DIVIDENDO,,,
423,2023-07-07T15:30:00Z,CLOSE_DIVIDEND,30ffe0fa733c104a08525a3d8ae1bf13c3838864ba1ac15ce6aa0056d6575399,benchmark,BH_DIVIDEND,MCE,IBE.MC,2023-07-07,,,2222.222222222341,2258.515410553286,,,,,EUR,EUR,1.0,,,,,36.293188330945085,0.0,,124182.38769972265,DIVIDENDO_BRUTO,,,
424,2023-07-07T20:00:00Z,CLOSE_DIVIDEND,30ffe0fa733c104a08525a3d8ae1bf13c3838864ba1ac15ce6aa0056d6575399,benchmark,BH_DIVIDEND,NASDAQ,MU,2023-07-07,,,2258.515410553286,2260.596464479235,,,,,USD,EURUSD,0.9184423218221895,2023-07-07T15:00:00Z,,,,2.081053925948572,0.0,,124328.64120244823,DIVIDENDO_BRUTO,,,
425,2023-07-10T07:00:00Z,OPEN_ENTRY,30ffe0fa733c104a08525a3d8ae1bf13c3838864ba1ac15ce6aa0056d6575399,benchmark,BH_BUY,MCE,IBE.MC,2023-07-10,,,2260.596464479235,2224.3032761482896,114.85186180678825,118.11368116893097,11.109999656677246,11.115554656505584,EUR,EUR,1.0,,36.25693139954554,0.036256931399542225,0.01811940599677077,,0.0,,124123.98482525228,BH_REINVERSION_DIVIDENDO,,,
426,2023-07-10T13:30:00Z,OPEN_ENTRY,30ffe0fa733c104a08525a3d8ae1bf13c3838864ba1ac15ce6aa0056d6575399,benchmark,BH_BUY,NASDAQ,MU,2023-07-10,,,2224.3032761482896,2222.222222222341,19.70305664845917,19.74024975433118,60.83000183105469,60.86041683197021,USD,EURUSD,0.9184423218221895,2023-07-07T15:00:00Z,2.0789749509975746,0.002078974950997292,0.0010389679915029579,,0.0,,124147.24604445905,BH_REINVERSION_DIVIDENDO,,,
427,2023-07-11T20:00:00Z,CLOSE_DIVIDEND,30ffe0fa733c104a08525a3d8ae1bf13c3838864ba1ac15ce6aa0056d6575399,benchmark,BH_DIVIDEND,NYSE,ORCL,2023-07-11,,,2222.222222222341,2228.190006738889,,,,,USD,EURUSD,0.91000091000091,2023-07-11T15:00:00Z,,,,5.96778451654844,0.0,,124819.15021897097,DIVIDENDO_BRUTO,,,
428,2023-07-12T13:30:00Z,OPEN_ENTRY,30ffe0fa733c104a08525a3d8ae1bf13c3838864ba1ac15ce6aa0056d6575399,benchmark,BH_BUY,NYSE,ORCL,2023-07-12,,,2228.190006738889,2222.222222222341,16.394996013087702,16.45160682812616,115.66999816894531,115.72783316802978,USD,EURUSD,0.91000091000091,2023-07-11T15:00:00Z,5.961822693854587,0.005961822693853591,0.0029794216361087355,,0.0,,125261.34331272486,BH_REINVERSION_DIVIDENDO,,,
429,2023-07-13T15:30:00Z,CLOSE_DIVIDEND,30ffe0fa733c104a08525a3d8ae1bf13c3838864ba1ac15ce6aa0056d6575399,benchmark,BH_DIVIDEND,XETRA,EUNH.DE,2023-07-13,,,2222.222222222341,2229.0852771332425,,,,,EUR,EUR,1.0,,,,,6.863054910901687,0.0,,125648.59313477085,DIVIDENDO_BRUTO,,,
430,2023-07-13T20:00:00Z,CLOSE_DIVIDEND,30ffe0fa733c104a08525a3d8ae1bf13c3838864ba1ac15ce6aa0056d6575399,benchmark,BH_DIVIDEND,NYSE,ABBV,2023-07-13,,,2229.0852771332425,2240.5190085658332,,,,,USD,EURUSD,0.8942944017170452,2023-07-13T15:00:00Z,,,,11.433731432590724,0.0,,125942.76396067307,DIVIDENDO_BRUTO,,,
431,2023-07-14T07:00:00Z,OPEN_ENTRY,30ffe0fa733c104a08525a3d8ae1bf13c3838864ba1ac15ce6aa0056d6575399,benchmark,BH_BUY,XETRA,EUNH.DE,2023-07-14,,,2240.5190085658332,2233.6559536549316,9.985530206462515,10.049422542498244,107.25499725341797,107.30862475204466,EUR,EUR,1.0,,6.8561987121894985,0.006856198712188899,0.003426386163012415,,0.0,,127357.13548745635,BH_REINVERSION_DIVIDENDO,,,
432,2023-07-14T13:30:00Z,OPEN_ENTRY,30ffe0fa733c104a08525a3d8ae1bf13c3838864ba1ac15ce6aa0056d6575399,benchmark,BH_BUY,NYSE,ABBV,2023-07-14,,,2233.6559536549316,2222.222222222341,8.638647626974965,8.73340041733471,134.72999572753906,134.79736072540283,USD,EURUSD,0.8942944017170452,2023-07-13T15:00:00Z,11.422309123467258,0.011422309123465979,0.005708300411527287,,0.0,,127362.178115622,BH_REINVERSION_DIVIDENDO,,,
433,2023-07-17T15:30:00Z,CLOSE_DIVIDEND,30ffe0fa733c104a08525a3d8ae1bf13c3838864ba1ac15ce6aa0056d6575399,benchmark,BH_DIVIDEND,XETRA,EXH1.DE,2023-07-17,,,2222.222222222341,2231.0317447649772,,,,,EUR,EUR,1.0,,,,,8.809522542636529,0.0,,126812.30495053121,DIVIDENDO_BRUTO,,,
434,2023-07-17T15:30:00Z,CLOSE_DIVIDEND,30ffe0fa733c104a08525a3d8ae1bf13c3838864ba1ac15ce6aa0056d6575399,benchmark,BH_DIVIDEND,XETRA,EXV1.DE,2023-07-17,,,2231.0317447649772,2280.4822845862127,,,,,EUR,EUR,1.0,,,,,49.450539821235274,0.0,,126861.75549035244,DIVIDENDO_BRUTO,,,
435,2023-07-18T07:00:00Z,OPEN_ENTRY,30ffe0fa733c104a08525a3d8ae1bf13c3838864ba1ac15ce6aa0056d6575399,benchmark,BH_BUY,XETRA,EXH1.DE,2023-07-18,,,2280.4822845862127,2271.6727620435763,33.43602231201761,33.70338776037685,32.900001525878906,32.91645152664184,EUR,EUR,1.0,,8.800721820815713,0.008800721820815482,0.004398161829492487,,0.0,,127320.10215815628,BH_REINVERSION_DIVIDENDO,,,
436,2023-07-18T07:00:00Z,OPEN_ENTRY,30ffe0fa733c104a08525a3d8ae1bf13c3838864ba1ac15ce6aa0056d6575399,benchmark,BH_BUY,XETRA,EXV1.DE,2023-07-18,,,2271.6727620435763,2222.222222222341,89.85321981952379,93.01553885654235,15.61400032043457,15.621807320594787,EUR,EUR,1.0,,49.40113868255273,0.049401138682547696,0.024688225228659245,,0.0,,127319.93952424536,BH_REINVERSION_DIVIDENDO,,,
437,2023-07-19T20:00:00Z,CLOSE_DIVIDEND,30ffe0fa733c104a08525a3d8ae1bf13c3838864ba1ac15ce6aa0056d6575399,benchmark,BH_DIVIDEND,NYSE,CAT,2023-07-19,,,2222.222222222341,2228.832528033253,,,,,USD,EURUSD,0.8911067545891997,2023-07-19T15:00:00Z,,,,6.610305810912118,0.0,,127894.74752524917,DIVIDENDO_BRUTO,,,
438,2023-07-20T13:30:00Z,OPEN_ENTRY,30ffe0fa733c104a08525a3d8ae1bf13c3838864ba1ac15ce6aa0056d6575399,benchmark,BH_BUY,NYSE,CAT,2023-07-20,,,2228.832528033253,2222.222222222341,5.706219370004292,5.734258021798564,264.1700134277344,264.3020984344482,USD,EURUSD,0.8911067545891997,2023-07-19T15:00:00Z,6.603702108803316,0.006603702108802345,0.003300200953924287,,0.0,,127801.20141260458,BH_REINVERSION_DIVIDENDO,,,
439,2023-08-01T15:30:00Z,CLOSE_DIVIDEND,30ffe0fa733c104a08525a3d8ae1bf13c3838864ba1ac15ce6aa0056d6575399,benchmark,BH_DIVIDEND,AMS,ASML.AS,2023-08-01,,,2222.222222222341,2225.5838055146846,,,,,EUR,EUR,1.0,,,,,3.3615832923437243,0.0,,131889.0989046516,DIVIDENDO_BRUTO,,,
440,2023-08-02T07:00:00Z,OPEN_ENTRY,30ffe0fa733c104a08525a3d8ae1bf13c3838864ba1ac15ce6aa0056d6575399,benchmark,BH_BUY,AMS,ASML.AS,2023-08-02,,,2225.5838055146846,2222.222222222341,2.3183333050646375,2.323611724100668,635.9000244140625,636.2179744262695,EUR,EUR,1.0,,3.3582250672764484,0.0033582250672758995,0.001678273396939625,,0.0,,131106.44223204683,BH_REINVERSION_DIVIDENDO,,,
441,2023-08-04T20:00:00Z,CLOSE_DIVIDEND,30ffe0fa733c104a08525a3d8ae1bf13c3838864ba1ac15ce6aa0056d6575399,benchmark,BH_DIVIDEND,NASDAQ,INTC,2023-08-04,,,2222.222222222341,2225.8479979020585,,,,,USD,EURUSD,0.913575735428467,2023-08-04T15:00:00Z,,,,3.625775679717819,0.0,,128835.25468398283,DIVIDENDO_BRUTO,,,
442,2023-08-07T13:30:00Z,OPEN_ENTRY,30ffe0fa733c104a08525a3d8ae1bf13c3838864ba1ac15ce6aa0056d6575399,benchmark,BH_BUY,NASDAQ,INTC,2023-08-07,,,2225.8479979020585,2222.222222222341,31.750192472152996,31.862105148033482,35.40999984741211,35.42770484733581,USD,EURUSD,0.913575735428467,2023-08-04T15:00:00Z,3.6221535261916276,0.0036221535261913296,0.0018101716772567027,,0.0,,128475.41126513001,BH_REINVERSION_DIVIDENDO,,,
443,2023-08-10T15:30:00Z,CLOSE_DIVIDEND,30ffe0fa733c104a08525a3d8ae1bf13c3838864ba1ac15ce6aa0056d6575399,benchmark,BH_DIVIDEND,XETRA,R6C0.DE,2023-08-10,,,2222.222222222341,2234.41056105401,,,,,EUR,EUR,1.0,,,,,12.188338831669322,0.0,,126762.79180051952,DIVIDENDO_BRUTO,,,
444,2023-08-10T20:00:00Z,CLOSE_DIVIDEND,30ffe0fa733c104a08525a3d8ae1bf13c3838864ba1ac15ce6aa0056d6575399,benchmark,BH_DIVIDEND,NASDAQ,AZN,2023-08-10,,,2234.41056105401,2242.972331588425,,,,,USD,EURUSD,0.9075233687267447,2023-08-10T15:00:00Z,,,,8.561770534414599,0.0,,127283.69720715449,DIVIDENDO_BRUTO,,,
445,2023-08-10T20:00:00Z,CLOSE_DIVIDEND,30ffe0fa733c104a08525a3d8ae1bf13c3838864ba1ac15ce6aa0056d6575399,benchmark,BH_DIVIDEND,NYSE,V,2023-08-10,,,2242.972331588425,2245.4496865365313,,,,,USD,EURUSD,0.9075233687267447,2023-08-10T15:00:00Z,,,,2.4773549481064037,0.0,,127286.1745621026,DIVIDENDO_BRUTO,,,
446,2023-08-11T07:00:00Z,OPEN_ENTRY,30ffe0fa733c104a08525a3d8ae1bf13c3838864ba1ac15ce6aa0056d6575399,benchmark,BH_BUY,XETRA,R6C0.DE,2023-08-11,,,2245.4496865365313,2233.261347704862,42.66833826940142,43.09875658219989,28.274999618530273,28.289137118339536,EUR,EUR,1.0,,12.176162669000323,0.012176162668998458,0.00608503881509138,,0.0,,127564.5205041943,BH_REINVERSION_DIVIDENDO,,,
447,2023-08-11T13:30:00Z,OPEN_ENTRY,30ffe0fa733c104a08525a3d8ae1bf13c3838864ba1ac15ce6aa0056d6575399,benchmark,BH_BUY,NASDAQ,AZN,2023-08-11,,,2233.261347704862,2224.6995771704474,10.144317152549942,10.211893053081502,139.39999389648438,139.4696938934326,USD,EURUSD,0.9075233687267447,2023-08-10T15:00:00Z,8.553217317097502,0.008553217317096795,0.004274471422836622,,0.0,,127543.1245775278,BH_REINVERSION_DIVIDENDO,,,
448,2023-08-11T13:30:00Z,OPEN_ENTRY,30ffe0fa733c104a08525a3d8ae1bf13c3838864ba1ac15ce6aa0056d6575399,benchmark,BH_BUY,NYSE,V,2023-08-11,,,2224.6995771704474,2222.222222222341,6.066216482929881,6.077573597484984,240.0,240.11999999999998,USD,EURUSD,0.9075233687267447,2023-08-10T15:00:00Z,2.4748800680383654,0.00247488006803831,0.0012368216232073329,,0.0,,127543.12251495932,BH_REINVERSION_DIVIDENDO,,,
449,2023-08-11T20:00:00Z,CLOSE_DIVIDEND,30ffe0fa733c104a08525a3d8ae1bf13c3838864ba1ac15ce6aa0056d6575399,benchmark,BH_DIVIDEND,NASDAQ,AAPL,2023-08-11,,,2222.222222222341,2224.133843355959,,,,,USD,EURUSD,0.9087604507451835,2023-08-11T15:00:00Z,,,,1.9116211336180255,0.0,,126971.08584559272,DIVIDENDO_BRUTO,,,
450,2023-08-14T13:30:00Z,OPEN_ENTRY,30ffe0fa733c104a08525a3d8ae1bf13c3838864ba1ac15ce6aa0056d6575399,benchmark,BH_BUY,NASDAQ,AAPL,2023-08-14,,,2224.133843355959,2222.222222222341,8.764782897638648,8.776584865590843,177.97000122070312,178.05898622131346,USD,EURUSD,0.9087604507451835,2023-08-11T15:00:00Z,1.90971142219583,0.001909711422195537,0.0009543785218368284,,0.0,,126424.00193973052,BH_REINVERSION_DIVIDENDO,,,
451,2023-08-14T20:00:00Z,CLOSE_DIVIDEND,30ffe0fa733c104a08525a3d8ae1bf13c3838864ba1ac15ce6aa0056d6575399,benchmark,BH_DIVIDEND,NYSE,LLY,2023-08-14,,,2222.222222222341,2226.418219165267,,,,,USD,EURUSD,0.9149130832570906,2023-08-14T15:00:00Z,,,,4.195996942926405,0.0,,127039.07657710375,DIVIDENDO_BRUTO,,,
452,2023-08-15T13:30:00Z,OPEN_ENTRY,30ffe0fa733c104a08525a3d8ae1bf13c3838864ba1ac15ce6aa0056d6575399,benchmark,BH_BUY,NYSE,LLY,2023-08-15,,,2226.418219165267,2222.222222222341,4.058605892582797,4.067121975942965,537.72998046875,537.9988454589843,USD,EURUSD,0.9149130832570906,2023-08-14T15:00:00Z,4.1918051377886165,0.004191805137788052,0.0020948551413231082,,0.0,,128071.30645507494,BH_REINVERSION_DIVIDENDO,,,
453,2023-08-15T20:00:00Z,CLOSE_DIVIDEND,30ffe0fa733c104a08525a3d8ae1bf13c3838864ba1ac15ce6aa0056d6575399,benchmark,BH_DIVIDEND,NYSE,XOM,2023-08-15,,,2222.222222222341,2232.480689130002,,,,,USD,EURUSD,0.9152480322167307,2023-08-15T15:00:00Z,,,,10.25846690766114,0.0,,127591.2077079477,DIVIDENDO_BRUTO,,,
454,2023-08-16T13:30:00Z,OPEN_ENTRY,30ffe0fa733c104a08525a3d8ae1bf13c3838864ba1ac15ce6aa0056d6575399,benchmark,BH_BUY,NYSE,XOM,2023-08-16,,,2232.480689130002,2222.222222222341,12.316924113528088,12.420282148823366,108.27999877929688,108.33413877868652,USD,EURUSD,0.9152480322167307,2023-08-15T15:00:00Z,10.248218688972168,0.010248218688971633,0.005121548570200909,,0.0,,126800.85270499205,BH_REINVERSION_DIVIDENDO,,,
455,2023-08-16T20:00:00Z,CLOSE_DIVIDEND,30ffe0fa733c104a08525a3d8ae1bf13c3838864ba1ac15ce6aa0056d6575399,benchmark,BH_DIVIDEND,NASDAQ,MSFT,2023-08-16,,,2222.222222222341,2225.2141492146343,,,,,USD,EURUSD,0.9160864785635765,2023-08-16T15:00:00Z,,,,2.991926992293348,0.0,,126738.6808253494,DIVIDENDO_BRUTO,,,
456,2023-08-17T13:30:00Z,OPEN_ENTRY,30ffe0fa733c104a08525a3d8ae1bf13c3838864ba1ac15ce6aa0056d6575399,benchmark,BH_BUY,NASDAQ,MSFT,2023-08-17,,,2225.2141492146343,2222.222222222341,4.802922801157967,4.813096552159268,320.5400085449219,320.7002785491943,USD,EURUSD,0.9160864785635765,2023-08-16T15:00:00Z,2.988938054239109,0.002988938054238943,0.0014937221660362822,,0.0,,126119.32560541401,BH_REINVERSION_DIVIDENDO,,,
457,2023-08-17T20:00:00Z,CLOSE_DIVIDEND,30ffe0fa733c104a08525a3d8ae1bf13c3838864ba1ac15ce6aa0056d6575399,benchmark,BH_DIVIDEND,NYSE,CVX,2023-08-17,,,2222.222222222341,2232.050684300369,,,,,USD,EURUSD,0.9174311926605504,2023-08-17T15:00:00Z,,,,9.82846207802822,0.0,,125346.258711847,DIVIDENDO_BRUTO,,,
458,2023-08-18T13:30:00Z,OPEN_ENTRY,30ffe0fa733c104a08525a3d8ae1bf13c3838864ba1ac15ce6aa0056d6575399,benchmark,BH_BUY,NYSE,CVX,2023-08-18,,,2232.050684300369,2222.222222222341,7.094717658974014,7.162257578960715,158.3800048828125,158.4591948852539,USD,EURUSD,0.9174311926605504,2023-08-17T15:00:00Z,9.818643434593628,0.009818643434591934,0.00490686828315532,,0.0,,124551.57937537099,BH_REINVERSION_DIVIDENDO,,,
459,2023-08-23T20:00:00Z,CLOSE_DIVIDEND,30ffe0fa733c104a08525a3d8ae1bf13c3838864ba1ac15ce6aa0056d6575399,benchmark,BH_DIVIDEND,NASDAQ,AMAT,2023-08-23,,,2222.222222222341,2225.7838914396657,,,,,USD,EURUSD,0.9254974548819991,2023-08-23T15:00:00Z,,,,3.5616692173250604,0.0,,127003.49491328032,DIVIDENDO_BRUTO,,,
460,2023-08-24T13:30:00Z,OPEN_ENTRY,30ffe0fa733c104a08525a3d8ae1bf13c3838864ba1ac15ce6aa0056d6575399,benchmark,BH_BUY,NASDAQ,AMAT,2023-08-24,,,2225.7838914396657,2222.222222222341,12.02619871662415,12.051894971231077,149.5399932861328,149.61476328277587,USD,EURUSD,0.9254974548819991,2023-08-23T15:00:00Z,3.558111106218842,0.003558111106218398,0.0017781664698742353,,0.0,,128152.79783495686,BH_REINVERSION_DIVIDENDO,,,
461,2023-08-30T20:00:00Z,CLOSE_DIVIDEND,30ffe0fa733c104a08525a3d8ae1bf13c3838864ba1ac15ce6aa0056d6575399,benchmark,BH_DIVIDEND,NASDAQ,QCOM,2023-08-30,,,2222.222222222341,2228.932393347328,,,,,USD,EURUSD,0.9186110600771633,2023-08-30T15:00:00Z,,,,6.710171124986916,0.0,,129043.63601081495,DIVIDENDO_BRUTO,,,
462,2023-08-30T20:00:00Z,CLOSE_DIVIDEND,30ffe0fa733c104a08525a3d8ae1bf13c3838864ba1ac15ce6aa0056d6575399,benchmark,BH_DIVIDEND,NYSE,GS,2023-08-30,,,2228.932393347328,2239.539825132409,,,,,USD,EURUSD,0.9186110600771633,2023-08-30T15:00:00Z,,,,10.60743178508139,0.0,,129054.24344260004,DIVIDENDO_BRUTO,,,
463,2023-08-31T13:30:00Z,OPEN_ENTRY,30ffe0fa733c104a08525a3d8ae1bf13c3838864ba1ac15ce6aa0056d6575399,benchmark,BH_BUY,NASDAQ,QCOM,2023-08-31,,,2239.539825132409,2232.829654007422,9.130865358325945,9.195739039709581,112.43000030517578,112.48621530532836,USD,EURUSD,0.9186110600771633,2023-08-30T15:00:00Z,6.703467657329587,0.0067034676573287655,0.0033500587992644835,,0.0,,129664.01809587769,BH_REINVERSION_DIVIDENDO,,,
464,2023-08-31T13:30:00Z,OPEN_ENTRY,30ffe0fa733c104a08525a3d8ae1bf13c3838864ba1ac15ce6aa0056d6575399,benchmark,BH_BUY,NYSE,GS,2023-08-31,,,2232.829654007422,2222.222222222341,4.199000087723491,4.2340019074125,329.4100036621094,329.5747086639404,USD,EURUSD,0.9186110600771633,2023-08-30T15:00:00Z,10.59683495013126,0.010596834950129974,0.005295769590269049,,0.0,,129663.97551568494,BH_REINVERSION_DIVIDENDO,,,
465,2023-08-31T20:00:00Z,CLOSE_DIVIDEND,30ffe0fa733c104a08525a3d8ae1bf13c3838864ba1ac15ce6aa0056d6575399,benchmark,BH_DIVIDEND,NYSE,LMT,2023-08-31,,,2222.222222222341,2229.9710316288033,,,,,USD,EURUSD,0.9201324990798675,2023-08-31T15:00:00Z,,,,7.748809406462533,0.0,,129984.9111754568,DIVIDENDO_BRUTO,,,
466,2023-09-01T13:30:00Z,OPEN_ENTRY,30ffe0fa733c104a08525a3d8ae1bf13c3838864ba1ac15ce6aa0056d6575399,benchmark,BH_BUY,NYSE,LMT,2023-09-01,,,2229.9710316288033,2222.222222222341,2.8071353543144935,2.825808272547686,450.32000732421875,450.54516732788085,USD,EURUSD,0.9201324990798675,2023-08-31T15:00:00Z,7.741068338124409,0.007741068338123824,0.0038685998691274297,,0.0,,130154.33674832771,BH_REINVERSION_DIVIDENDO,,,
467,2023-09-06T20:00:00Z,CLOSE_DIVIDEND,30ffe0fa733c104a08525a3d8ae1bf13c3838864ba1ac15ce6aa0056d6575399,benchmark,BH_DIVIDEND,NASDAQ,NVDA,2023-09-06,,,2222.222222222341,2222.496934652584,,,,,USD,EURUSD,0.9306654257794322,2023-09-06T15:00:00Z,,,,0.2747124302433978,0.0,,130937.64035159697,DIVIDENDO_BRUTO,,,
468,2023-09-07T13:30:00Z,OPEN_ENTRY,30ffe0fa733c104a08525a3d8ae1bf13c3838864ba1ac15ce6aa0056d6575399,benchmark,BH_BUY,NASDAQ,NVDA,2023-09-07,,,2222.496934652584,2222.222222222341,73.79462657413274,73.80110073656365,45.525001525878906,45.54776402664184,USD,EURUSD,0.9306654257794322,2023-09-06T15:00:00Z,0.2744379922511467,0.00027443799225113086,0.00013715042091510138,,0.0,,130365.25571098867,BH_REINVERSION_DIVIDENDO,,,
469,2023-09-14T15:30:00Z,CLOSE_DIVIDEND,30ffe0fa733c104a08525a3d8ae1bf13c3838864ba1ac15ce6aa0056d6575399,benchmark,BH_DIVIDEND,XETRA,EQQQ.DE,2023-09-14,,,2222.222222222341,2223.7155644098784,,,,,EUR,EUR,1.0,,,,,1.493342187537419,0.0,,130296.91527147128,DIVIDENDO_BRUTO,,,
470,2023-09-14T15:30:00Z,CLOSE_DIVIDEND,30ffe0fa733c104a08525a3d8ae1bf13c3838864ba1ac15ce6aa0056d6575399,benchmark,BH_DIVIDEND,XETRA,IQQK.DE,2023-09-14,,,2223.7155644098784,2225.1508565973354,,,,,EUR,EUR,1.0,,,,,1.435292187457079,0.0,,130298.35056365874,DIVIDENDO_BRUTO,,,
471,2023-09-14T15:30:00Z,CLOSE_DIVIDEND,30ffe0fa733c104a08525a3d8ae1bf13c3838864ba1ac15ce6aa0056d6575399,benchmark,BH_DIVIDEND,XETRA,IQQT.DE,2023-09-14,,,2225.1508565973354,2249.5803772222253,,,,,EUR,EUR,1.0,,,,,24.42952062488974,0.0,,130322.78008428363,DIVIDENDO_BRUTO,,,
472,2023-09-14T20:00:00Z,CLOSE_DIVIDEND,30ffe0fa733c104a08525a3d8ae1bf13c3838864ba1ac15ce6aa0056d6575399,benchmark,BH_DIVIDEND,NYSE,TSM,2023-09-14,,,2249.5803772222253,2255.6067007191577,,,,,USD,EURUSD,0.9319664492078286,2023-09-14T15:00:00Z,,,,6.026323496932466,0.0,,131056.12529181471,DIVIDENDO_BRUTO,,,
473,2023-09-15T07:00:00Z,OPEN_ENTRY,30ffe0fa733c104a08525a3d8ae1bf13c3838864ba1ac15ce6aa0056d6575399,benchmark,BH_BUY,XETRA,EQQQ.DE,2023-09-15,,,2255.6067007191577,2254.11335853162,4.148806588610535,4.152996850685096,355.8500061035156,356.02793110656734,EUR,EUR,1.0,,1.491850337200219,0.001491850337200118,0.0007455523924037151,,0.0,,131616.79968516895,BH_REINVERSION_DIVIDENDO,,,
474,2023-09-15T07:00:00Z,OPEN_ENTRY,30ffe0fa733c104a08525a3d8ae1bf13c3838864ba1ac15ce6aa0056d6575399,benchmark,BH_BUY,XETRA,IQQK.DE,2023-09-15,,,2254.11335853162,2252.678066344163,27.48338287869713,27.517966416480483,41.439998626708984,41.460718626022334,EUR,EUR,1.0,,1.4338583291279512,0.0014338583291277907,0.0007165708791242582,,0.0,,131616.77574720592,BH_REINVERSION_DIVIDENDO,,,
475,2023-09-15T07:00:00Z,OPEN_ENTRY,30ffe0fa733c104a08525a3d8ae1bf13c3838864ba1ac15ce6aa0056d6575399,benchmark,BH_BUY,XETRA,IQQT.DE,2023-09-15,,,2252.678066344163,2228.2485457192734,16.816434739105922,17.200212563568112,63.560001373291016,63.59178137397766,EUR,EUR,1.0,,24.405115509380362,0.02440511550937785,0.012196459524927478,,0.0,,131616.63936257668,BH_REINVERSION_DIVIDENDO,,,
476,2023-09-15T13:30:00Z,OPEN_ENTRY,30ffe0fa733c104a08525a3d8ae1bf13c3838864ba1ac15ce6aa0056d6575399,benchmark,BH_BUY,NYSE,TSM,2023-09-15,,,2228.2485457192734,2222.222222222341,13.728758200018126,13.80009348778709,90.51000213623047,90.55525713729858,USD,EURUSD,0.9319664492078286,2023-09-14T15:00:00Z,6.020303193738728,0.00602030319373803,0.003008647273232642,,0.0,,131610.55505479855,BH_REINVERSION_DIVIDENDO,,,
477,2023-09-15T15:30:00Z,CLOSE_DIVIDEND,30ffe0fa733c104a08525a3d8ae1bf13c3838864ba1ac15ce6aa0056d6575399,benchmark,BH_DIVIDEND,XETRA,EXSA.DE,2023-09-15,,,2222.222222222341,2234.3830510577955,,,,,EUR,EUR,1.0,,,,,12.160828835454485,0.0,,132089.07300464113,DIVIDENDO_BRUTO,,,
478,2023-09-18T07:00:00Z,OPEN_ENTRY,30ffe0fa733c104a08525a3d8ae1bf13c3838864ba1ac15ce6aa0056d6575399,benchmark,BH_BUY,XETRA,EXSA.DE,2023-09-18,,,2234.3830510577955,2222.222222222341,27.6567899738563,27.923075264584213,45.599998474121094,45.62279847335815,EUR,EUR,1.0,,12.148680155299187,0.012148680155297242,0.006071304425436315,,0.0,,130884.11212099344,BH_REINVERSION_DIVIDENDO,,,
479,2023-09-18T15:30:00Z,CLOSE_DIVIDEND,30ffe0fa733c104a08525a3d8ae1bf13c3838864ba1ac15ce6aa0056d6575399,benchmark,BH_DIVIDEND,MIL,ENI.MI,2023-09-18,,,2222.222222222341,2243.938438303564,,,,,EUR,EUR,1.0,,,,,21.716216081223102,0.0,,130815.70331922531,DIVIDENDO_BRUTO,,,
480,2023-09-19T07:00:00Z,OPEN_ENTRY,30ffe0fa733c104a08525a3d8ae1bf13c3838864ba1ac15ce6aa0056d6575399,benchmark,BH_BUY,MIL,ENI.MI,2023-09-19,,,2243.938438303564,2222.222222222341,90.48423367176292,91.93019788225865,14.996000289916992,15.00349829006195,EUR,EUR,1.0,,21.694521559663443,0.021694521559659563,0.010841839859900806,,0.0,,130340.32771168943,BH_REINVERSION_DIVIDENDO,,,
481,2023-09-20T15:30:00Z,CLOSE_DIVIDEND,30ffe0fa733c104a08525a3d8ae1bf13c3838864ba1ac15ce6aa0056d6575399,benchmark,BH_DIVIDEND,PAR,TTE.PA,2023-09-20,,,2222.222222222341,2238.78871429857,,,,,EUR,EUR,1.0,,,,,16.566492076229096,0.0,,129558.72823613757,DIVIDENDO_BRUTO,,,
482,2023-09-20T20:00:00Z,CLOSE_DIVIDEND,30ffe0fa733c104a08525a3d8ae1bf13c3838864ba1ac15ce6aa0056d6575399,benchmark,BH_DIVIDEND,NASDAQ,AVGO,2023-09-20,,,2238.78871429857,2248.6502513745977,,,,,USD,EURUSD,0.9344047841524948,2023-09-20T15:00:00Z,,,,9.861537076027407,0.0,,129927.53195295336,DIVIDENDO_BRUTO,,,
483,2023-09-21T07:00:00Z,OPEN_ENTRY,30ffe0fa733c104a08525a3d8ae1bf13c3838864ba1ac15ce6aa0056d6575399,benchmark,BH_BUY,PAR,TTE.PA,2023-09-21,,,2248.6502513745977,2232.0837592983685,22.387151454363643,22.65472944498325,61.81999969482422,61.85090969467163,EUR,EUR,1.0,,16.549942134095,0.016549942134094664,0.00827083564922222,,0.0,,128997.03730175411,BH_REINVERSION_DIVIDENDO,,,
484,2023-09-21T13:30:00Z,OPEN_ENTRY,30ffe0fa733c104a08525a3d8ae1bf13c3838864ba1ac15ce6aa0056d6575399,benchmark,BH_BUY,NASDAQ,AVGO,2023-09-21,,,2232.0837592983685,2222.222222222341,22.943080388618544,23.075615566045393,79.51100158691406,79.55075708770751,USD,EURUSD,0.9344047841524948,2023-09-20T15:00:00Z,9.85168539063677,0.009851685390636078,0.004923381004814753,,0.0,,128946.28724324275,BH_REINVERSION_DIVIDENDO,,,
485,2023-09-28T06:00:00Z,CLOSE_DIVIDEND,30ffe0fa733c104a08525a3d8ae1bf13c3838864ba1ac15ce6aa0056d6575399,benchmark,BH_DIVIDEND,JPX,6501.T,2023-09-28,,,2222.222222222341,2234.2829543520784,,,,,JPY,EURJPY,0.0063613231552162855,2023-09-27T15:00:00Z,,,,12.060732129737481,0.0,,127342.85339627552,DIVIDENDO_BRUTO,,,
486,2023-09-28T06:00:00Z,CLOSE_DIVIDEND,30ffe0fa733c104a08525a3d8ae1bf13c3838864ba1ac15ce6aa0056d6575399,benchmark,BH_DIVIDEND,JPX,6758.T,2023-09-28,,,2234.2829543520784,2237.8404020245625,,,,,JPY,EURJPY,0.0063613231552162855,2023-09-27T15:00:00Z,,,,3.5574476724841237,0.0,,127346.410843948,DIVIDENDO_BRUTO,,,
487,2023-09-28T06:00:00Z,CLOSE_DIVIDEND,30ffe0fa733c104a08525a3d8ae1bf13c3838864ba1ac15ce6aa0056d6575399,benchmark,BH_DIVIDEND,JPX,6857.T,2023-09-28,,,2237.8404020245625,2246.4420666243627,,,,,JPY,EURJPY,0.0063613231552162855,2023-09-27T15:00:00Z,,,,8.601664599800213,0.0,,127355.0125085478,DIVIDENDO_BRUTO,,,
488,2023-09-28T06:00:00Z,CLOSE_DIVIDEND,30ffe0fa733c104a08525a3d8ae1bf13c3838864ba1ac15ce6aa0056d6575399,benchmark,BH_DIVIDEND,JPX,7011.T,2023-09-28,,,2246.4420666243627,2261.461593007899,,,,,JPY,EURJPY,0.0063613231552162855,2023-09-27T15:00:00Z,,,,15.019526383536146,0.0,,127370.03203493134,DIVIDENDO_BRUTO,,,
489,2023-09-28T06:00:00Z,CLOSE_DIVIDEND,30ffe0fa733c104a08525a3d8ae1bf13c3838864ba1ac15ce6aa0056d6575399,benchmark,BH_DIVIDEND,JPX,7203.T,2023-09-28,,,2261.461593007899,2276.2044788488006,,,,,JPY,EURJPY,0.0063613231552162855,2023-09-27T15:00:00Z,,,,14.742885840901486,0.0,,127384.77492077224,DIVIDENDO_BRUTO,,,
490,2023-09-28T06:00:00Z,CLOSE_DIVIDEND,30ffe0fa733c104a08525a3d8ae1bf13c3838864ba1ac15ce6aa0056d6575399,benchmark,BH_DIVIDEND,JPX,8035.T,2023-09-28,,,2276.2044788488006,2285.175169328887,,,,,JPY,EURJPY,0.0063613231552162855,2023-09-27T15:00:00Z,,,,8.970690480086537,0.0,,127393.74561125232,DIVIDENDO_BRUTO,,,
491,2023-09-29T00:00:00Z,OPEN_ENTRY,30ffe0fa733c104a08525a3d8ae1bf13c3838864ba1ac15ce6aa0056d6575399,benchmark,BH_BUY,JPX,6501.T,2023-09-29,,,2285.175169328887,2273.1144371991495,118.49669317467074,119.47767692047167,1931.4000244140625,1932.3657244262695,JPY,EURJPY,0.006356066865823428,2023-09-28T15:00:00Z,12.048683446291191,0.012048683446289843,0.006021331057616469,,0.0,,128266.48469748405,BH_REINVERSION_DIVIDENDO,,,
492,2023-09-29T00:00:00Z,OPEN_ENTRY,30ffe0fa733c104a08525a3d8ae1bf13c3838864ba1ac15ce6aa0056d6575399,benchmark,BH_BUY,JPX,6758.T,2023-09-29,,,2273.1144371991495,2269.5569895266653,69.90384676431303,70.13037886032572,2467.0,2468.2335,JPY,EURJPY,0.006356066865823428,2023-09-28T15:00:00Z,3.553893778705419,0.003553893778704964,0.0017760588599224916,,0.0,,128266.44769076211,BH_REINVERSION_DIVIDENDO,,,
493,2023-09-29T00:00:00Z,OPEN_ENTRY,30ffe0fa733c104a08525a3d8ae1bf13c3838864ba1ac15ce6aa0056d6575399,benchmark,BH_BUY,JPX,6857.T,2023-09-29,,,2269.5569895266653,2260.955324926865,83.2111800054519,83.53406466671578,4185.0,4187.0925,JPY,EURJPY,0.006356066865823428,2023-09-28T15:00:00Z,8.593071528271942,0.008593071528270713,0.004294388569850523,,0.0,,128266.1782687399,BH_REINVERSION_DIVIDENDO,,,
494,2023-09-29T00:00:00Z,OPEN_ENTRY,30ffe0fa733c104a08525a3d8ae1bf13c3838864ba1ac15ce6aa0056d6575399,benchmark,BH_BUY,JPX,7011.T,2023-09-29,,,2260.955324926865,2245.935798543329,295.13369343648526,297.9030381356113,852.0,852.4259999999999,JPY,EURJPY,0.006356066865823428,2023-09-28T15:00:00Z,15.004521861674473,0.015004521861673226,0.00749851167499852,,0.0,,128266.11352014042,BH_REINVERSION_DIVIDENDO,,,
495,2023-09-29T00:00:00Z,OPEN_ENTRY,30ffe0fa733c104a08525a3d8ae1bf13c3838864ba1ac15ce6aa0056d6575399,benchmark,BH_BUY,JPX,7203.T,2023-09-29,,,2245.935798543329,2231.1929127024273,77.25272180632378,78.10482741220396,2718.0,2719.359,JPY,EURJPY,0.006356066865823428,2023-09-28T15:00:00Z,14.728157683218269,0.014728157683217447,0.007360398642287577,,0.0,,128266.02643910161,BH_REINVERSION_DIVIDENDO,,,
496,2023-09-29T00:00:00Z,OPEN_ENTRY,30ffe0fa733c104a08525a3d8ae1bf13c3838864ba1ac15ce6aa0056d6575399,benchmark,BH_BUY,JPX,8035.T,2023-09-29,,,2231.1929127024273,2222.222222222341,9.528327996416241,9.597851635408169,20270.0,20280.135,JPY,EURJPY,0.006356066865823428,2023-09-28T15:00:00Z,8.961728751335203,0.008961728751334164,0.004478625063135326,,0.0,,128265.86054431791,BH_REINVERSION_DIVIDENDO,,,
497,2023-10-05T20:00:00Z,CLOSE_DIVIDEND,30ffe0fa733c104a08525a3d8ae1bf13c3838864ba1ac15ce6aa0056d6575399,benchmark,BH_DIVIDEND,NASDAQ,MRVL,2023-10-05,,,2222.222222222341,2223.5670919372064,,,,,USD,EURUSD,0.9500285008550257,2023-10-05T15:00:00Z,,,,1.344869714865602,0.0,,126916.46539697291,DIVIDENDO_BRUTO,,,
498,2023-10-05T20:00:00Z,CLOSE_DIVIDEND,30ffe0fa733c104a08525a3d8ae1bf13c3838864ba1ac15ce6aa0056d6575399,benchmark,BH_DIVIDEND,NYSE,MA,2023-10-05,,,2223.5670919372064,2225.5445635633,,,,,USD,EURUSD,0.9500285008550257,2023-10-05T15:00:00Z,,,,1.9774716260937222,0.0,,126918.442868599,DIVIDENDO_BRUTO,,,
499,2023-10-06T13:30:00Z,OPEN_ENTRY,30ffe0fa733c104a08525a3d8ae1bf13c3838864ba1ac15ce6aa0056d6575399,benchmark,BH_BUY,NASDAQ,MRVL,2023-10-06,,,2225.5445635633,2224.1996938484344,23.59349769779221,23.620534594401704,52.279998779296875,52.306138778686524,USD,EURUSD,0.9500285008550257,2023-10-05T15:00:00Z,1.3435261886769252,0.0013435261886767247,0.0006714273806481517,,0.0,,126954.32883706392,BH_REINVERSION_DIVIDENDO,,,
500,2023-10-06T13:30:00Z,OPEN_ENTRY,30ffe0fa733c104a08525a3d8ae1bf13c3838864ba1ac15ce6aa0056d6575399,benchmark,BH_BUY,NYSE,MA,2023-10-06,,,2224.1996938484344,2222.222222222341,3.6517309361864068,3.6570163111179017,393.2300109863281,393.42662599182125,USD,EURUSD,0.9500285008550257,2023-10-05T15:00:00Z,1.9754961299637586,0.0019754961299636165,0.000987254437762822,,0.0,,126954.33074493859,BH_REINVERSION_DIVIDENDO,,,
501,2023-10-06T20:00:00Z,CLOSE_DIVIDEND,30ffe0fa733c104a08525a3d8ae1bf13c3838864ba1ac15ce6aa0056d6575399,benchmark,BH_DIVIDEND,NASDAQ,MU,2023-10-06,,,2222.222222222341,2224.3713547810344,,,,,USD,EURUSD,0.9467007478935908,2023-10-06T15:00:00Z,,,,2.1491325586936343,0.0,,127241.87000863098,DIVIDENDO_BRUTO,,,
502,2023-10-09T13:30:00Z,OPEN_ENTRY,30ffe0fa733c104a08525a3d8ae1bf13c3838864ba1ac15ce6aa0056d6575399,benchmark,BH_BUY,NASDAQ,MU,2023-10-09,,,2224.3713547810344,2222.222222222341,19.74024975433118,19.77281299922794,69.61000061035156,69.64480561065673,USD,EURUSD,0.9467007478935908,2023-10-06T15:00:00Z,2.146985573120514,0.002146985573120208,0.0010729563084058648,,0.0,,128494.55237408871,BH_REINVERSION_DIVIDENDO,,,
503,2023-10-09T15:30:00Z,CLOSE_DIVIDEND,30ffe0fa733c104a08525a3d8ae1bf13c3838864ba1ac15ce6aa0056d6575399,benchmark,BH_DIVIDEND,MCE,BBVA.MC,2023-10-09,,,2222.222222222341,2267.388771738535,,,,,EUR,EUR,1.0,,,,,45.16654951619418,0.0,,128752.85065117665,DIVIDENDO_BRUTO,,,
504,2023-10-10T07:00:00Z,OPEN_ENTRY,30ffe0fa733c104a08525a3d8ae1bf13c3838864ba1ac15ce6aa0056d6575399,benchmark,BH_BUY,MCE,BBVA.MC,2023-10-10,,,2267.388771738535,2222.222222222341,282.29093447621364,288.3105391250099,7.492000102996826,7.495746103048324,EUR,EUR,1.0,,45.12142808810608,0.04512142808810182,0.02254943932438802,,0.0,,129302.7108542008,BH_REINVERSION_DIVIDENDO,,,
505,2023-10-11T20:00:00Z,CLOSE_DIVIDEND,30ffe0fa733c104a08525a3d8ae1bf13c3838864ba1ac15ce6aa0056d6575399,benchmark,BH_DIVIDEND,NYSE,ORCL,2023-10-11,,,2222.222222222341,2228.428033926651,,,,,USD,EURUSD,0.9430403621274991,2023-10-11T15:00:00Z,,,,6.205811704310132,0.0,,130333.6927030724,DIVIDENDO_BRUTO,,,
506,2023-10-12T13:30:00Z,OPEN_ENTRY,30ffe0fa733c104a08525a3d8ae1bf13c3838864ba1ac15ce6aa0056d6575399,benchmark,BH_BUY,NYSE,ORCL,2023-10-12,,,2228.428033926651,2222.222222222341,16.45160682812616,16.511368387501605,109.94999694824219,110.0049719467163,USD,EURUSD,0.9430403621274991,2023-10-11T15:00:00Z,6.199612092217914,0.006199612092217421,0.003098256917649415,,0.0,,131023.34906578063,BH_REINVERSION_DIVIDENDO,,,
507,2023-10-12T20:00:00Z,CLOSE_DIVIDEND,30ffe0fa733c104a08525a3d8ae1bf13c3838864ba1ac15ce6aa0056d6575399,benchmark,BH_DIVIDEND,NYSE,ABBV,2023-10-12,,,2222.222222222341,2234.39420886671,,,,,USD,EURUSD,0.9417082587814295,2023-10-12T15:00:00Z,,,,12.171986644368934,0.0,,131245.53743351938,DIVIDENDO_BRUTO,,,
508,2023-10-13T13:30:00Z,OPEN_ENTRY,30ffe0fa733c104a08525a3d8ae1bf13c3838864ba1ac15ce6aa0056d6575399,benchmark,BH_BUY,NYSE,ABBV,2023-10-13,,,2234.39420886671,2222.222222222341,8.73340041733471,8.820047395034955,148.9499969482422,149.0244719467163,USD,EURUSD,0.9417082587814295,2023-10-12T15:00:00Z,12.159826817551384,0.012159826817550012,0.006076874971288488,,0.0,,130940.13144332825,BH_REINVERSION_DIVIDENDO,,,
509,2023-10-16T15:30:00Z,CLOSE_DIVIDEND,30ffe0fa733c104a08525a3d8ae1bf13c3838864ba1ac15ce6aa0056d6575399,benchmark,BH_DIVIDEND,XETRA,EXH1.DE,2023-10-16,,,2222.222222222341,2239.198146789814,,,,,EUR,EUR,1.0,,,,,16.97592456747317,0.0,,129709.2656923531,DIVIDENDO_BRUTO,,,
510,2023-10-16T15:30:00Z,CLOSE_DIVIDEND,30ffe0fa733c104a08525a3d8ae1bf13c3838864ba1ac15ce6aa0056d6575399,benchmark,BH_DIVIDEND,XETRA,EXV1.DE,2023-10-16,,,2239.198146789814,2249.297308921163,,,,,EUR,EUR,1.0,,,,,10.099162131349086,0.0,,129719.36485448445,DIVIDENDO_BRUTO,,,
511,2023-10-17T07:00:00Z,OPEN_ENTRY,30ffe0fa733c104a08525a3d8ae1bf13c3838864ba1ac15ce6aa0056d6575399,benchmark,BH_BUY,XETRA,EXH1.DE,2023-10-17,,,2249.297308921163,2232.32138435369,33.70338776037685,34.155762721798716,37.470001220703125,37.488736221313474,EUR,EUR,1.0,,16.958965601871302,0.01695896560186938,0.008475245178345142,,0.0,,130547.95016999585,BH_REINVERSION_DIVIDENDO,,,
512,2023-10-17T07:00:00Z,OPEN_ENTRY,30ffe0fa733c104a08525a3d8ae1bf13c3838864ba1ac15ce6aa0056d6575399,benchmark,BH_BUY,XETRA,EXV1.DE,2023-10-17,,,2232.32138435369,2222.222222222341,93.01553885654235,93.65255914026757,15.829999923706055,15.837914923667906,EUR,EUR,1.0,,10.089073058290797,0.010089073058288989,0.005042015521383747,,0.0,,130547.95032750099,BH_REINVERSION_DIVIDENDO,,,
513,2023-10-19T15:30:00Z,CLOSE_DIVIDEND,30ffe0fa733c104a08525a3d8ae1bf13c3838864ba1ac15ce6aa0056d6575399,benchmark,BH_DIVIDEND,XETRA,BSP.DE,2023-10-19,,,2222.222222222341,2239.2293747524095,,,,,EUR,EUR,1.0,,,,,17.00715253006847,0.0,,128661.24431325495,DIVIDENDO_BRUTO,,,
514,2023-10-20T07:00:00Z,OPEN_ENTRY,30ffe0fa733c104a08525a3d8ae1bf13c3838864ba1ac15ce6aa0056d6575399,benchmark,BH_BUY,XETRA,BSP.DE,2023-10-20,,,2239.2293747524095,2222.222222222341,126.62752193694718,128.02634162819,12.140000343322754,12.146070343494415,EUR,EUR,1.0,,16.990162367700773,0.016990162367697792,0.008490835765967084,,0.0,,128003.45487883266,BH_REINVERSION_DIVIDENDO,,,
515,2023-10-20T20:00:00Z,CLOSE_DIVIDEND,30ffe0fa733c104a08525a3d8ae1bf13c3838864ba1ac15ce6aa0056d6575399,benchmark,BH_DIVIDEND,NYSE,CAT,2023-10-20,,,2222.222222222341,2229.2607789481817,,,,,USD,EURUSD,0.9441979038806535,2023-10-20T15:00:00Z,,,,7.038556725840936,0.0,,126809.90823252308,DIVIDENDO_BRUTO,,,
516,2023-10-23T13:30:00Z,OPEN_ENTRY,30ffe0fa733c104a08525a3d8ae1bf13c3838864ba1ac15ce6aa0056d6575399,benchmark,BH_BUY,NYSE,CAT,2023-10-23,,,2229.2607789481817,2222.222222222341,5.734258021798564,5.764316441658437,247.6300048828125,247.7538198852539,USD,EURUSD,0.9441979038806535,2023-10-20T15:00:00Z,7.031525200640296,0.0070315252006398765,0.003514005597521323,,0.0,,125746.20567642519,BH_REINVERSION_DIVIDENDO,,,
517,2023-10-24T20:00:00Z,CLOSE_DIVIDEND,30ffe0fa733c104a08525a3d8ae1bf13c3838864ba1ac15ce6aa0056d6575399,benchmark,BH_DIVIDEND,NYSE,INFY,2023-10-24,,,2222.222222222341,2235.628379841722,,,,,USD,EURUSD,0.9405568096313018,2023-10-24T15:00:00Z,,,,13.406157619381403,0.0,,125939.55079863248,DIVIDENDO_BRUTO,,,
518,2023-10-25T13:30:00Z,OPEN_ENTRY,30ffe0fa733c104a08525a3d8ae1bf13c3838864ba1ac15ce6aa0056d6575399,benchmark,BH_BUY,NYSE,INFY,2023-10-25,,,2235.628379841722,2222.222222222341,65.9880869487329,66.85273289947173,16.459999084472656,16.46822908401489,USD,EURUSD,0.9405568096313018,2023-10-24T15:00:00Z,13.392764854526877,0.013392764854526007,0.006693035909306821,,0.0,,126880.15277320452,BH_REINVERSION_DIVIDENDO,,,
519,2023-10-31T16:30:00Z,CLOSE_DIVIDEND,30ffe0fa733c104a08525a3d8ae1bf13c3838864ba1ac15ce6aa0056d6575399,benchmark,BH_DIVIDEND,MCE,ITX.MC,2023-10-31,,,2222.222222222341,2252.983317896083,,,,,EUR,EUR,1.0,,,,,30.761095673742098,0.0,,124197.98829193182,DIVIDENDO_BRUTO,,,
520,2023-11-01T08:00:00Z,OPEN_ENTRY,30ffe0fa733c104a08525a3d8ae1bf13c3838864ba1ac15ce6aa0056d6575399,benchmark,BH_BUY,MCE,ITX.MC,2023-11-01,,,2252.983317896083,2222.222222222341,51.26849278957017,52.199250601828695,33.0,33.0165,EUR,EUR,1.0,,30.73036530843367,0.030730365308428986,0.015357503902266284,,0.0,,124756.80831898176,BH_REINVERSION_DIVIDENDO,,,
521,2023-11-01T16:30:00Z,CLOSE_DIVIDEND,30ffe0fa733c104a08525a3d8ae1bf13c3838864ba1ac15ce6aa0056d6575399,benchmark,BH_DIVIDEND,AMS,ASML.AS,2023-11-01,,,2222.222222222341,2225.5914592222866,,,,,EUR,EUR,1.0,,,,,3.3692369999459686,0.0,,125286.13350091147,DIVIDENDO_BRUTO,,,
522,2023-11-02T08:00:00Z,OPEN_ENTRY,30ffe0fa733c104a08525a3d8ae1bf13c3838864ba1ac15ce6aa0056d6575399,benchmark,BH_BUY,AMS,ASML.AS,2023-11-02,,,2225.5914592222866,2222.222222222341,2.323611724100668,2.3293723217621407,584.0,584.2919999999999,EUR,EUR,1.0,,3.365871128817152,0.0033658711288167,0.0016820945171495193,,0.0,,127211.99272765621,BH_REINVERSION_DIVIDENDO,,,
523,2023-11-06T21:00:00Z,CLOSE_DIVIDEND,30ffe0fa733c104a08525a3d8ae1bf13c3838864ba1ac15ce6aa0056d6575399,benchmark,BH_DIVIDEND,NASDAQ,INTC,2023-11-06,,,2222.222222222341,2225.9302225421475,,,,,USD,EURUSD,0.9310120100549296,2023-11-06T16:00:00Z,,,,3.7080003198065214,0.0,,130043.55721179032,DIVIDENDO_BRUTO,,,
524,2023-11-07T14:30:00Z,OPEN_ENTRY,30ffe0fa733c104a08525a3d8ae1bf13c3838864ba1ac15ce6aa0056d6575399,benchmark,BH_BUY,NASDAQ,INTC,2023-11-07,,,2225.9302225421475,2222.222222222341,31.862105148033482,31.9661008537503,38.2400016784668,38.25912167930603,USD,EURUSD,0.9310120100549296,2023-11-06T16:00:00Z,3.704296023782739,0.0037042960237823053,0.0018512224006906992,,0.0,,130106.09891865322,BH_REINVERSION_DIVIDENDO,,,
525,2023-11-08T21:00:00Z,CLOSE_DIVIDEND,30ffe0fa733c104a08525a3d8ae1bf13c3838864ba1ac15ce6aa0056d6575399,benchmark,BH_DIVIDEND,NYSE,V,2023-11-08,,,2222.222222222341,2225.1838361954383,,,,,USD,EURUSD,0.93711929528629,2023-11-08T16:00:00Z,,,,2.9616139730973594,0.0,,131230.6567887126,DIVIDENDO_BRUTO,,,
526,2023-11-09T14:30:00Z,OPEN_ENTRY,30ffe0fa733c104a08525a3d8ae1bf13c3838864ba1ac15ce6aa0056d6575399,benchmark,BH_BUY,NYSE,V,2023-11-09,,,2225.1838361954383,2222.222222222341,6.077573597484984,6.090488930290247,244.3300018310547,244.4521668319702,USD,EURUSD,0.93711929528629,2023-11-08T16:00:00Z,2.9586553177795802,0.0029586553177791686,0.0014785883647072935,,0.0,,131465.02462654948,BH_REINVERSION_DIVIDENDO,,,
527,2023-11-10T21:00:00Z,CLOSE_DIVIDEND,30ffe0fa733c104a08525a3d8ae1bf13c3838864ba1ac15ce6aa0056d6575399,benchmark,BH_DIVIDEND,NASDAQ,AAPL,2023-11-10,,,2222.222222222341,2224.1939346324707,,,,,USD,EURUSD,0.9360666479453337,2023-11-10T16:00:00Z,,,,1.9717124101299284,0.0,,131482.6433980104,DIVIDENDO_BRUTO,,,
528,2023-11-13T14:30:00Z,OPEN_ENTRY,30ffe0fa733c104a08525a3d8ae1bf13c3838864ba1ac15ce6aa0056d6575399,benchmark,BH_BUY,NASDAQ,AAPL,2023-11-13,,,2224.1939346324707,2222.222222222341,8.776584865590843,8.787903477131637,185.82000732421875,185.91291732788085,USD,EURUSD,0.9360666479453337,2023-11-10T16:00:00Z,1.969742667462466,0.001969742667462304,0.000984379144159033,,0.0,,133245.14801893852,BH_REINVERSION_DIVIDENDO,,,
529,2023-11-14T21:00:00Z,CLOSE_DIVIDEND,30ffe0fa733c104a08525a3d8ae1bf13c3838864ba1ac15ce6aa0056d6575399,benchmark,BH_DIVIDEND,NYSE,LLY,2023-11-14,,,2222.222222222341,2226.5077946140004,,,,,USD,EURUSD,0.9324878776575904,2023-11-14T16:00:00Z,,,,4.285572391659409,0.0,,134248.5743817158,DIVIDENDO_BRUTO,,,
530,2023-11-14T21:00:00Z,CLOSE_DIVIDEND,30ffe0fa733c104a08525a3d8ae1bf13c3838864ba1ac15ce6aa0056d6575399,benchmark,BH_DIVIDEND,NYSE,XOM,2023-11-14,,,2226.5077946140004,2237.5104690278217,,,,,USD,EURUSD,0.9324878776575904,2023-11-14T16:00:00Z,,,,11.002674413821518,0.0,,134259.5770561296,DIVIDENDO_BRUTO,,,
531,2023-11-15T14:30:00Z,OPEN_ENTRY,30ffe0fa733c104a08525a3d8ae1bf13c3838864ba1ac15ce6aa0056d6575399,benchmark,BH_BUY,NYSE,LLY,2023-11-15,,,2237.5104690278217,2233.224896636162,4.067121975942965,4.074634027505484,610.8800048828125,611.1854448852539,USD,EURUSD,0.9324878776575904,2023-11-14T16:00:00Z,4.2812911005588505,0.004281291100558526,0.002139575762398188,,0.0,,135873.94756079424,BH_REINVERSION_DIVIDENDO,,,
532,2023-11-15T14:30:00Z,OPEN_ENTRY,30ffe0fa733c104a08525a3d8ae1bf13c3838864ba1ac15ce6aa0056d6575399,benchmark,BH_BUY,NYSE,XOM,2023-11-15,,,2233.224896636162,2222.222222222341,12.420282148823366,12.533610254534153,103.95999908447266,104.01197908401488,USD,EURUSD,0.9324878776575904,2023-11-14T16:00:00Z,10.991682731090428,0.01099168273109008,0.005493094818135065,,0.0,,135873.96594964818,BH_REINVERSION_DIVIDENDO,,,
533,2023-11-15T21:00:00Z,CLOSE_DIVIDEND,30ffe0fa733c104a08525a3d8ae1bf13c3838864ba1ac15ce6aa0056d6575399,benchmark,BH_DIVIDEND,NASDAQ,MSFT,2023-11-15,,,2222.222222222341,2225.543737141479,,,,,USD,EURUSD,0.9201324990798675,2023-11-15T16:00:00Z,,,,3.321514919138251,0.0,,135387.75496609492,DIVIDENDO_BRUTO,,,
534,2023-11-16T14:30:00Z,OPEN_ENTRY,30ffe0fa733c104a08525a3d8ae1bf13c3838864ba1ac15ce6aa0056d6575399,benchmark,BH_BUY,NASDAQ,MSFT,2023-11-16,,,2225.543737141479,2222.222222222341,4.813096552159268,4.822813001571475,370.9599914550781,371.14547145080564,USD,EURUSD,0.9201324990798675,2023-11-15T16:00:00Z,3.3181967224158355,0.0033181967224154008,0.0016582692265944413,,0.0,,135057.731767264,BH_REINVERSION_DIVIDENDO,,,
535,2023-11-16T16:30:00Z,CLOSE_DIVIDEND,30ffe0fa733c104a08525a3d8ae1bf13c3838864ba1ac15ce6aa0056d6575399,benchmark,BH_DIVIDEND,XETRA,R6C0.DE,2023-11-16,,,2222.222222222341,2234.533511336316,,,,,EUR,EUR,1.0,,,,,12.311289113975144,0.0,,135149.87615900414,DIVIDENDO_BRUTO,,,
536,2023-11-16T21:00:00Z,CLOSE_DIVIDEND,30ffe0fa733c104a08525a3d8ae1bf13c3838864ba1ac15ce6aa0056d6575399,benchmark,BH_DIVIDEND,NYSE,CVX,2023-11-16,,,2234.533511336316,2244.5021802866627,,,,,USD,EURUSD,0.9217439395335976,2023-11-16T16:00:00Z,,,,9.96866895034628,0.0,,134989.50733979326,DIVIDENDO_BRUTO,,,
537,2023-11-17T08:00:00Z,OPEN_ENTRY,30ffe0fa733c104a08525a3d8ae1bf13c3838864ba1ac15ce6aa0056d6575399,benchmark,BH_BUY,XETRA,R6C0.DE,2023-11-17,,,2244.5021802866627,2232.1908911726873,43.09875658219989,43.51321523915342,29.65999984741211,29.674829847335815,EUR,EUR,1.0,,12.298990123851295,0.012298990123849052,0.006146421850999865,,0.0,,134980.25322655396,BH_REINVERSION_DIVIDENDO,,,
538,2023-11-17T14:30:00Z,OPEN_ENTRY,30ffe0fa733c104a08525a3d8ae1bf13c3838864ba1ac15ce6aa0056d6575399,benchmark,BH_BUY,NYSE,CVX,2023-11-17,,,2232.1908911726873,2222.222222222341,7.162257578960715,7.237800115283627,142.9499969482422,143.0214719467163,USD,EURUSD,0.9217439395335976,2023-11-16T16:00:00Z,9.958710240106177,0.009958710240104196,0.0049768666867093855,,0.0,,134883.87643083386,BH_REINVERSION_DIVIDENDO,,,
539,2023-11-20T16:30:00Z,CLOSE_DIVIDEND,30ffe0fa733c104a08525a3d8ae1bf13c3838864ba1ac15ce6aa0056d6575399,benchmark,BH_DIVIDEND,MIL,ENI.MI,2023-11-20,,,2222.222222222341,2243.36616773526,,,,,EUR,EUR,1.0,,,,,21.14394551291949,0.0,,135323.4383125286,DIVIDENDO_BRUTO,,,
540,2023-11-21T08:00:00Z,OPEN_ENTRY,30ffe0fa733c104a08525a3d8ae1bf13c3838864ba1ac15ce6aa0056d6575399,benchmark,BH_BUY,MIL,ENI.MI,2023-11-21,,,2243.36616773526,2222.222222222341,91.93019788225865,93.34617821579401,14.90999984741211,14.917454847335815,EUR,EUR,1.0,,21.122822690229263,0.02112282269022714,0.01055613327847487,,0.0,,136493.3597934606,BH_REINVERSION_DIVIDENDO,,,
541,2023-11-22T21:00:00Z,CLOSE_DIVIDEND,30ffe0fa733c104a08525a3d8ae1bf13c3838864ba1ac15ce6aa0056d6575399,benchmark,BH_DIVIDEND,NASDAQ,AMAT,2023-11-22,,,2222.222222222341,2225.7568261915408,,,,,USD,EURUSD,0.9165062780680048,2023-11-22T16:00:00Z,,,,3.534603969199839,0.0,,135897.89543586088,DIVIDENDO_BRUTO,,,
542,2023-11-24T14:30:00Z,OPEN_ENTRY,30ffe0fa733c104a08525a3d8ae1bf13c3838864ba1ac15ce6aa0056d6575399,benchmark,BH_BUY,NASDAQ,AMAT,2023-11-24,,,2225.7568261915408,2222.222222222341,12.051894971231077,12.077656344945725,149.3300018310547,149.40466683197022,USD,EURUSD,0.9174311926605504,2023-11-23T16:00:00Z,3.5310728963035363,0.0035310728963029447,0.0017646541210912922,,0.0,,136461.2474865327,BH_REINVERSION_DIVIDENDO,,,
543,2023-11-29T21:00:00Z,CLOSE_DIVIDEND,30ffe0fa733c104a08525a3d8ae1bf13c3838864ba1ac15ce6aa0056d6575399,benchmark,BH_DIVIDEND,NASDAQ,QCOM,2023-11-29,,,2222.222222222341,2228.919164627227,,,,,USD,EURUSD,0.9103322712790168,2023-11-29T16:00:00Z,,,,6.696942404886359,0.0,,136690.53207779114,DIVIDENDO_BRUTO,,,
544,2023-11-29T21:00:00Z,CLOSE_DIVIDEND,30ffe0fa733c104a08525a3d8ae1bf13c3838864ba1ac15ce6aa0056d6575399,benchmark,BH_DIVIDEND,NYSE,GS,2023-11-29,,,2228.919164627227,2239.518623202907,,,,,USD,EURUSD,0.9103322712790168,2023-11-29T16:00:00Z,,,,10.599458575679904,0.0,,136701.1315363668,DIVIDENDO_BRUTO,,,
545,2023-11-30T14:30:00Z,OPEN_ENTRY,30ffe0fa733c104a08525a3d8ae1bf13c3838864ba1ac15ce6aa0056d6575399,benchmark,BH_BUY,NASDAQ,QCOM,2023-11-30,,,2239.518623202907,2232.8216807980207,9.195739039709581,9.252562501939018,129.27000427246094,129.33463927459715,USD,EURUSD,0.9103322712790168,2023-11-29T16:00:00Z,6.690252152733626,0.006690252152733223,0.0033434543491913586,,0.0,,137228.56928314074,BH_REINVERSION_DIVIDENDO,,,
546,2023-11-30T14:30:00Z,OPEN_ENTRY,30ffe0fa733c104a08525a3d8ae1bf13c3838864ba1ac15ce6aa0056d6575399,benchmark,BH_BUY,NYSE,GS,2023-11-30,,,2232.8216807980207,2222.222222222341,4.2340019074125,4.268028073974945,341.67999267578125,341.8508326721191,USD,EURUSD,0.9103322712790168,2023-11-29T16:00:00Z,10.58886970597393,0.01058886970597328,0.005291788958506796,,0.0,,137228.5094183446,BH_REINVERSION_DIVIDENDO,,,
547,2023-11-30T21:00:00Z,CLOSE_DIVIDEND,30ffe0fa733c104a08525a3d8ae1bf13c3838864ba1ac15ce6aa0056d6575399,benchmark,BH_DIVIDEND,NYSE,LMT,2023-11-30,,,2222.222222222341,2230.36538941521,,,,,USD,EURUSD,0.9148293843198244,2023-11-30T16:00:00Z,,,,8.143167192869099,0.0,,137762.94261602015,DIVIDENDO_BRUTO,,,
548,2023-12-01T14:30:00Z,OPEN_ENTRY,30ffe0fa733c104a08525a3d8ae1bf13c3838864ba1ac15ce6aa0056d6575399,benchmark,BH_BUY,NYSE,LMT,2023-12-01,,,2230.36538941521,2222.222222222341,2.825808272547686,2.8456297707546745,448.3999938964844,448.6241938934326,USD,EURUSD,0.9148293843198244,2023-11-30T16:00:00Z,8.135032160708391,0.008135032160707212,0.004065483338684878,,0.0,,137638.42205023443,BH_REINVERSION_DIVIDENDO,,,
549,2023-12-04T16:30:00Z,CLOSE_DIVIDEND,30ffe0fa733c104a08525a3d8ae1bf13c3838864ba1ac15ce6aa0056d6575399,benchmark,BH_DIVIDEND,PAR,MC.PA,2023-12-04,,,2222.222222222341,2233.365001059758,,,,,EUR,EUR,1.0,,,,,11.142778837417184,0.0,,138958.7878816326,DIVIDENDO_BRUTO,,,
550,2023-12-05T08:00:00Z,OPEN_ENTRY,30ffe0fa733c104a08525a3d8ae1bf13c3838864ba1ac15ce6aa0056d6575399,benchmark,BH_BUY,PAR,MC.PA,2023-12-05,,,2233.365001059758,2222.222222222341,2.0259597886213063,2.041883767372943,698.7000122070312,699.0493622131347,EUR,EUR,1.0,,11.131647190226959,0.011131647190225635,0.005563042074075616,,0.0,,138008.35466938067,BH_REINVERSION_DIVIDENDO,,,
551,2023-12-05T21:00:00Z,CLOSE_DIVIDEND,30ffe0fa733c104a08525a3d8ae1bf13c3838864ba1ac15ce6aa0056d6575399,benchmark,BH_DIVIDEND,NASDAQ,NVDA,2023-12-05,,,2222.222222222341,2222.4951300553316,,,,,USD,EURUSD,0.924470740501063,2023-12-05T16:00:00Z,,,,0.2729078329908982,0.0,,138546.96271953412,DIVIDENDO_BRUTO,,,
552,2023-12-06T14:30:00Z,OPEN_ENTRY,30ffe0fa733c104a08525a3d8ae1bf13c3838864ba1ac15ce6aa0056d6575399,benchmark,BH_BUY,NASDAQ,NVDA,2023-12-06,,,2222.4951300553316,2222.222222222341,73.80110073656365,73.80734371255527,47.21500015258789,47.23860765266418,USD,EURUSD,0.924470740501063,2023-12-05T16:00:00Z,0.27263519779310513,0.00027263519779308076,0.00013624947415943908,,0.0,,138730.67544576625,BH_REINVERSION_DIVIDENDO,,,
553,2023-12-14T16:30:00Z,CLOSE_DIVIDEND,30ffe0fa733c104a08525a3d8ae1bf13c3838864ba1ac15ce6aa0056d6575399,benchmark,BH_DIVIDEND,XETRA,EQQQ.DE,2023-12-14,,,2222.222222222341,2223.9235430651893,,,,,EUR,EUR,1.0,,,,,1.701320842848507,0.0,,142008.08631196723,DIVIDENDO_BRUTO,,,
554,2023-12-14T21:00:00Z,CLOSE_DIVIDEND,30ffe0fa733c104a08525a3d8ae1bf13c3838864ba1ac15ce6aa0056d6575399,benchmark,BH_DIVIDEND,NYSE,TSM,2023-12-14,,,2223.9235430651893,2229.9774351621304,,,,,USD,EURUSD,0.9158347834050736,2023-12-14T16:00:00Z,,,,6.053892096941126,0.0,,142040.83985238711,DIVIDENDO_BRUTO,,,
555,2023-12-15T08:00:00Z,OPEN_ENTRY,30ffe0fa733c104a08525a3d8ae1bf13c3838864ba1ac15ce6aa0056d6575399,benchmark,BH_BUY,XETRA,EQQQ.DE,2023-12-15,,,2229.9774351621304,2228.276114319282,4.152996850685096,4.1575980743566605,369.20001220703125,369.38461221313474,EUR,EUR,1.0,,1.6996212216268802,0.0016996212216267015,0.0008493859178544146,,0.0,,142366.22408732367,BH_REINVERSION_DIVIDENDO,,,
556,2023-12-15T14:30:00Z,OPEN_ENTRY,30ffe0fa733c104a08525a3d8ae1bf13c3838864ba1ac15ce6aa0056d6575399,benchmark,BH_BUY,NYSE,TSM,2023-12-15,,,2228.276114319282,2222.222222222341,13.80009348778709,13.863864898115843,103.5,103.55175,USD,EURUSD,0.9158347834050736,2023-12-14T16:00:00Z,6.047844252688438,0.006047844252687895,0.003022410920883684,,0.0,,142420.43405307535,BH_REINVERSION_DIVIDENDO,,,
557,2023-12-15T16:30:00Z,CLOSE_DIVIDEND,30ffe0fa733c104a08525a3d8ae1bf13c3838864ba1ac15ce6aa0056d6575399,benchmark,BH_DIVIDEND,XETRA,EXSA.DE,2023-12-15,,,2222.222222222341,2226.9592881717517,,,,,EUR,EUR,1.0,,,,,4.737065949410918,0.0,,142233.44018378286,DIVIDENDO_BRUTO,,,
558,2023-12-18T08:00:00Z,OPEN_ENTRY,30ffe0fa733c104a08525a3d8ae1bf13c3838864ba1ac15ce6aa0056d6575399,benchmark,BH_BUY,XETRA,EXSA.DE,2023-12-18,,,2226.9592881717517,2222.222222222341,27.923075264584213,28.023809338634468,46.95500183105469,46.97847933197021,EUR,EUR,1.0,,4.732333615795124,0.004732333615794282,0.002364984315739526,,0.0,,142537.9839171361,BH_REINVERSION_DIVIDENDO,,,
559,2023-12-19T21:00:00Z,CLOSE_DIVIDEND,30ffe0fa733c104a08525a3d8ae1bf13c3838864ba1ac15ce6aa0056d6575399,benchmark,BH_DIVIDEND,NASDAQ,AVGO,2023-12-19,,,2222.222222222341,2233.2737622443933,,,,,USD,EURUSD,0.9122422915526364,2023-12-19T16:00:00Z,,,,11.051540022052391,0.0,,142903.70373959825,DIVIDENDO_BRUTO,,,
560,2023-12-20T08:00:00Z,CLOSE_DIVIDEND,30ffe0fa733c104a08525a3d8ae1bf13c3838864ba1ac15ce6aa0056d6575399,benchmark,BH_DIVIDEND,HKG,9988.HK,2023-12-20,,,2233.2737622443933,2243.895210755141,,,,,HKD,EURHKD,0.11696180027602986,2023-12-19T16:00:00Z,,,,10.621448510747726,0.0,,143589.4955100533,DIVIDENDO_BRUTO,,,
561,2023-12-20T14:30:00Z,OPEN_ENTRY,30ffe0fa733c104a08525a3d8ae1bf13c3838864ba1ac15ce6aa0056d6575399,benchmark,BH_BUY,NASDAQ,AVGO,2023-12-20,,,2243.895210755141,2232.8436707330884,23.075615566045393,23.18240948907396,113.2699966430664,113.32663164138793,USD,EURUSD,0.9122422915526364,2023-12-19T16:00:00Z,11.040499522529862,0.011040499522529501,0.005517491015756499,,0.0,,143604.84621880285,BH_REINVERSION_DIVIDENDO,,,
562,2023-12-21T01:30:00Z,OPEN_ENTRY,30ffe0fa733c104a08525a3d8ae1bf13c3838864ba1ac15ce6aa0056d6575399,benchmark,BH_BUY,HKG,9988.HK,2023-12-21,,,2232.8436707330884,2222.222222222341,92.67519024091122,93.92934428492703,72.25,72.286125,HKD,EURHKD,0.11704256838212057,2023-12-20T16:00:00Z,10.610837673074652,0.010610837673073803,0.005302767452810686,,0.0,,142607.50990203454,BH_REINVERSION_DIVIDENDO,,,
563,2023-12-29T21:00:00Z,CLOSE_DIVIDEND,30ffe0fa733c104a08525a3d8ae1bf13c3838864ba1ac15ce6aa0056d6575399,benchmark,BH_DIVIDEND,NASDAQ,MU,2023-12-29,,,2222.222222222341,2224.2800262901337,,,,,USD,EURUSD,0.9049773755656109,2023-12-29T16:00:00Z,,,,2.0578040677929534,0.0,,144019.53289199376,DIVIDENDO_BRUTO,,,
564,2024-01-02T14:30:00Z,OPEN_ENTRY,30ffe0fa733c104a08525a3d8ae1bf13c3838864ba1ac15ce6aa0056d6575399,benchmark,BH_BUY,NASDAQ,MU,2024-01-02,,,2224.2800262901337,2222.222222222341,19.77281299922794,19.799842364224233,84.0,84.042,USD,EURUSD,0.9049773755656109,2023-12-29T16:00:00Z,2.05574831947348,0.002055748319473416,0.0010273604794970304,,0.0,,143359.51825164884,BH_REINVERSION_DIVIDENDO,,,
565,2024-01-02T16:30:00Z,CLOSE_DIVIDEND,30ffe0fa733c104a08525a3d8ae1bf13c3838864ba1ac15ce6aa0056d6575399,benchmark,BH_DIVIDEND,PAR,TTE.PA,2024-01-02,,,2222.222222222341,2238.9867220116284,,,,,EUR,EUR,1.0,,,,,16.764499789287605,0.0,,144014.9421976772,DIVIDENDO_BRUTO,,,
566,2024-01-03T08:00:00Z,OPEN_ENTRY,30ffe0fa733c104a08525a3d8ae1bf13c3838864ba1ac15ce6aa0056d6575399,benchmark,BH_BUY,PAR,TTE.PA,2024-01-03,,,2238.9867220116284,2222.222222222341,22.65472944498325,22.925111974256943,61.90999984741211,61.94095484733581,EUR,EUR,1.0,,16.747752037250358,0.01674775203724721,0.0083696911730372,,0.0,,142278.0422461606,BH_REINVERSION_DIVIDENDO,,,
567,2024-01-04T21:00:00Z,CLOSE_DIVIDEND,30ffe0fa733c104a08525a3d8ae1bf13c3838864ba1ac15ce6aa0056d6575399,benchmark,BH_DIVIDEND,NASDAQ,MRVL,2024-01-04,,,2222.222222222341,2223.516143591522,,,,,USD,EURUSD,0.9129918743723181,2024-01-04T16:00:00Z,,,,1.2939213691811395,0.0,,140969.3770391233,DIVIDENDO_BRUTO,,,
568,2024-01-05T14:30:00Z,OPEN_ENTRY,30ffe0fa733c104a08525a3d8ae1bf13c3838864ba1ac15ce6aa0056d6575399,benchmark,BH_BUY,NASDAQ,MRVL,2024-01-05,,,2223.516143591522,2222.222222222341,23.620534594401704,23.644703829644946,58.54999923706055,58.579274236679076,USD,EURUSD,0.9129918743723181,2024-01-04T16:00:00Z,1.292628740440699,0.001292628740440449,0.0006459913745330617,,0.0,,141039.50974672148,BH_REINVERSION_DIVIDENDO,,,
569,2024-01-08T21:00:00Z,CLOSE_DIVIDEND,30ffe0fa733c104a08525a3d8ae1bf13c3838864ba1ac15ce6aa0056d6575399,benchmark,BH_DIVIDEND,NYSE,MA,2024-01-08,,,2222.222222222341,2224.427256723837,,,,,USD,EURUSD,0.913575735428467,2024-01-08T16:00:00Z,,,,2.2050345014962685,0.0,,141383.00017929278,DIVIDENDO_BRUTO,,,
570,2024-01-09T14:30:00Z,OPEN_ENTRY,30ffe0fa733c104a08525a3d8ae1bf13c3838864ba1ac15ce6aa0056d6575399,benchmark,BH_BUY,NYSE,MA,2024-01-09,,,2224.427256723837,2222.222222222341,3.6570163111179017,3.662766763285463,419.1000061035156,419.30955610656736,USD,EURUSD,0.913575735428467,2024-01-08T16:00:00Z,2.202831669826442,0.0022028316698263772,0.0011008654022119765,,0.0,,143236.95465526707,BH_REINVERSION_DIVIDENDO,,,
571,2024-01-09T16:30:00Z,CLOSE_DIVIDEND,30ffe0fa733c104a08525a3d8ae1bf13c3838864ba1ac15ce6aa0056d6575399,benchmark,BH_DIVIDEND,MCE,IBE.MC,2024-01-09,,,2222.222222222341,2246.0811858184647,,,,,EUR,EUR,1.0,,,,,23.858963596124056,0.0,,143331.20091387114,DIVIDENDO_BRUTO,,,
572,2024-01-10T08:00:00Z,OPEN_ENTRY,30ffe0fa733c104a08525a3d8ae1bf13c3838864ba1ac15ce6aa0056d6575399,benchmark,BH_BUY,MCE,IBE.MC,2024-01-10,,,2246.0811858184647,2222.222222222341,118.11368116893097,120.15859255427848,11.649999618530273,11.655824618339539,EUR,EUR,1.0,,23.835128467656403,0.023835128467652567,0.01191160842961354,,0.0,,143376.3577938184,BH_REINVERSION_DIVIDENDO,,,
573,2024-01-10T21:00:00Z,CLOSE_DIVIDEND,30ffe0fa733c104a08525a3d8ae1bf13c3838864ba1ac15ce6aa0056d6575399,benchmark,BH_DIVIDEND,NYSE,ORCL,2024-01-10,,,2222.222222222341,2228.255976429358,,,,,USD,EURUSD,0.913575735428467,2024-01-10T16:00:00Z,,,,6.033754207016849,0.0,,143229.9667025541,DIVIDENDO_BRUTO,,,
574,2024-01-11T14:30:00Z,OPEN_ENTRY,30ffe0fa733c104a08525a3d8ae1bf13c3838864ba1ac15ce6aa0056d6575399,benchmark,BH_BUY,NYSE,ORCL,2024-01-11,,,2228.255976429358,2222.222222222341,16.511368387501605,16.574565820908283,104.3499984741211,104.40217347335815,USD,EURUSD,0.913575735428467,2024-01-10T16:00:00Z,6.027726480536313,0.006027726480535733,0.0030123570617368554,,0.0,,144222.21094471938,BH_REINVERSION_DIVIDENDO,,,
575,2024-01-11T16:30:00Z,CLOSE_DIVIDEND,30ffe0fa733c104a08525a3d8ae1bf13c3838864ba1ac15ce6aa0056d6575399,benchmark,BH_DIVIDEND,XETRA,EUNH.DE,2024-01-11,,,2222.222222222341,2231.4887947487787,,,,,EUR,EUR,1.0,,,,,9.266572526437631,0.0,,143925.3790038027,DIVIDENDO_BRUTO,,,
576,2024-01-12T08:00:00Z,OPEN_ENTRY,30ffe0fa733c104a08525a3d8ae1bf13c3838864ba1ac15ce6aa0056d6575399,benchmark,BH_BUY,XETRA,EUNH.DE,2024-01-12,,,2231.4887947487787,2222.222222222341,10.049422542498244,10.132972035814579,110.74500274658203,110.80037524795532,EUR,EUR,1.0,,9.257315211226405,0.009257315211225858,0.004626344433395954,,0.0,,143834.6296125269,BH_REINVERSION_DIVIDENDO,,,
577,2024-01-12T21:00:00Z,CLOSE_DIVIDEND,30ffe0fa733c104a08525a3d8ae1bf13c3838864ba1ac15ce6aa0056d6575399,benchmark,BH_DIVIDEND,NYSE,ABBV,2024-01-12,,,2222.222222222341,2234.7163489471664,,,,,USD,EURUSD,0.9139097057210747,2024-01-12T16:00:00Z,,,,12.494126724825607,0.0,,144872.0453869138,DIVIDENDO_BRUTO,,,
578,2024-01-16T14:30:00Z,OPEN_ENTRY,30ffe0fa733c104a08525a3d8ae1bf13c3838864ba1ac15ce6aa0056d6575399,benchmark,BH_BUY,NYSE,ABBV,2024-01-16,,,2234.7163489471664,2222.222222222341,8.820047395034955,8.904343812699162,161.97999572753906,162.06098572540282,USD,EURUSD,0.9136592051164916,2024-01-15T16:00:00Z,12.481645079745862,0.012481645079745363,0.006237703688027656,,0.0,,144387.58420070985,BH_REINVERSION_DIVIDENDO,,,
579,2024-01-16T16:30:00Z,CLOSE_DIVIDEND,30ffe0fa733c104a08525a3d8ae1bf13c3838864ba1ac15ce6aa0056d6575399,benchmark,BH_DIVIDEND,XETRA,EXH1.DE,2024-01-16,,,2222.222222222341,2236.894752305083,,,,,EUR,EUR,1.0,,,,,14.672530082742126,0.0,,144811.5442196665,DIVIDENDO_BRUTO,,,
580,2024-01-16T16:30:00Z,CLOSE_DIVIDEND,30ffe0fa733c104a08525a3d8ae1bf13c3838864ba1ac15ce6aa0056d6575399,benchmark,BH_DIVIDEND,XETRA,EXV1.DE,2024-01-16,,,2236.894752305083,2248.571727988928,,,,,EUR,EUR,1.0,,,,,11.676975683845122,0.0,,144823.22119535034,DIVIDENDO_BRUTO,,,
581,2024-01-17T08:00:00Z,OPEN_ENTRY,30ffe0fa733c104a08525a3d8ae1bf13c3838864ba1ac15ce6aa0056d6575399,benchmark,BH_BUY,XETRA,EXH1.DE,2024-01-17,,,2248.571727988928,2233.899197906186,34.155762721798716,34.584329237771115,34.185001373291016,34.20209387397766,EUR,EUR,1.0,,14.657872210531597,0.014657872210529277,0.007325273468530899,,0.0,,144849.7785221545,BH_REINVERSION_DIVIDENDO,,,
582,2024-01-17T08:00:00Z,OPEN_ENTRY,30ffe0fa733c104a08525a3d8ae1bf13c3838864ba1ac15ce6aa0056d6575399,benchmark,BH_BUY,XETRA,EXV1.DE,2024-01-17,,,2233.899197906186,2222.222222222341,93.65255914026757,94.38466267509577,15.925999641418457,15.933962641239166,EUR,EUR,1.0,,11.665310373471652,0.01166531037346985,0.0058297403165773086,,0.0,,144849.930876079,BH_REINVERSION_DIVIDENDO,,,
583,2024-01-19T21:00:00Z,CLOSE_DIVIDEND,30ffe0fa733c104a08525a3d8ae1bf13c3838864ba1ac15ce6aa0056d6575399,benchmark,BH_DIVIDEND,NYSE,CAT,2024-01-19,,,2222.222222222341,2229.105304223035,,,,,USD,EURUSD,0.918526683200147,2024-01-19T16:00:00Z,,,,6.883082000694377,0.0,,145728.3939774956,DIVIDENDO_BRUTO,,,
584,2024-01-22T14:30:00Z,OPEN_ENTRY,30ffe0fa733c104a08525a3d8ae1bf13c3838864ba1ac15ce6aa0056d6575399,benchmark,BH_BUY,NYSE,CAT,2024-01-22,,,2229.105304223035,2222.222222222341,5.764316441658437,5.790469478698818,286.1000061035156,286.2430561065674,USD,EURUSD,0.918526683200147,2024-01-19T16:00:00Z,6.876205794899478,0.00687620579489856,0.003436384705097464,,0.0,,147129.21405737574,BH_REINVERSION_DIVIDENDO,,,
585,2024-02-05T16:30:00Z,CLOSE_DIVIDEND,30ffe0fa733c104a08525a3d8ae1bf13c3838864ba1ac15ce6aa0056d6575399,benchmark,BH_DIVIDEND,AMS,ASML.AS,2024-02-05,,,2222.222222222341,2225.5998120888958,,,,,EUR,EUR,1.0,,,,,3.377589866555104,0.0,,153731.42133848454,DIVIDENDO_BRUTO,,,
586,2024-02-06T08:00:00Z,OPEN_ENTRY,30ffe0fa733c104a08525a3d8ae1bf13c3838864ba1ac15ce6aa0056d6575399,benchmark,BH_BUY,AMS,ASML.AS,2024-02-06,,,2225.5998120888958,2222.222222222341,2.3293723217621407,2.3334112791108965,835.0,835.4174999999999,EUR,EUR,1.0,,3.3742156509042003,0.003374215650903789,0.0016862646931051616,,0.0,,154034.05058952206,BH_REINVERSION_DIVIDENDO,,,
587,2024-02-06T21:00:00Z,CLOSE_DIVIDEND,30ffe0fa733c104a08525a3d8ae1bf13c3838864ba1ac15ce6aa0056d6575399,benchmark,BH_DIVIDEND,NASDAQ,INTC,2024-02-06,,,2222.222222222341,2225.9416326353717,,,,,USD,EURUSD,0.9308386856557759,2024-02-06T16:00:00Z,,,,3.719410413030613,0.0,,154858.42112288118,DIVIDENDO_BRUTO,,,
588,2024-02-07T14:30:00Z,OPEN_ENTRY,30ffe0fa733c104a08525a3d8ae1bf13c3838864ba1ac15ce6aa0056d6575399,benchmark,BH_BUY,NASDAQ,INTC,2024-02-07,,,2225.9416326353717,2222.222222222341,31.9661008537503,32.05912430921045,42.88999938964844,42.91144438934326,USD,EURUSD,0.9308386856557759,2024-02-06T16:00:00Z,3.7156947183123012,0.0037156947183119016,0.001856918899706091,,0.0,,155265.88231600818,BH_REINVERSION_DIVIDENDO,,,
589,2024-02-08T21:00:00Z,CLOSE_DIVIDEND,30ffe0fa733c104a08525a3d8ae1bf13c3838864ba1ac15ce6aa0056d6575399,benchmark,BH_DIVIDEND,NYSE,V,2024-02-08,,,2222.222222222341,2225.166128379388,,,,,USD,EURUSD,0.9295408068414203,2024-02-08T16:00:00Z,,,,2.9439061570467824,0.0,,157047.64666016778,DIVIDENDO_BRUTO,,,
590,2024-02-09T14:30:00Z,OPEN_ENTRY,30ffe0fa733c104a08525a3d8ae1bf13c3838864ba1ac15ce6aa0056d6575399,benchmark,BH_BUY,NYSE,V,2024-02-09,,,2225.166128379388,2222.222222222341,6.090488930290247,6.101988236467695,275.0,275.1375,USD,EURUSD,0.9295408068414203,2024-02-08T16:00:00Z,2.9409651918549278,0.0029409651918546054,0.0014697477220663093,,0.0,,157577.11158179335,BH_REINVERSION_DIVIDENDO,,,
591,2024-02-09T16:30:00Z,CLOSE_DIVIDEND,30ffe0fa733c104a08525a3d8ae1bf13c3838864ba1ac15ce6aa0056d6575399,benchmark,BH_DIVIDEND,XETRA,SIE.DE,2024-02-09,,,2222.222222222341,2269.9535838187367,,,,,EUR,EUR,1.0,,,,,47.73136159639599,0.0,,157489.67485305606,DIVIDENDO_BRUTO,,,
592,2024-02-09T21:00:00Z,CLOSE_DIVIDEND,30ffe0fa733c104a08525a3d8ae1bf13c3838864ba1ac15ce6aa0056d6575399,benchmark,BH_DIVIDEND,NASDAQ,AAPL,2024-02-09,,,2269.9535838187367,2271.911527408146,,,,,USD,EURUSD,0.9283327144448571,2024-02-09T16:00:00Z,,,,1.9579435894092025,0.0,,157573.94783478434,DIVIDENDO_BRUTO,,,
593,2024-02-12T08:00:00Z,OPEN_ENTRY,30ffe0fa733c104a08525a3d8ae1bf13c3838864ba1ac15ce6aa0056d6575399,benchmark,BH_BUY,XETRA,SIE.DE,2024-02-12,,,2271.911527408146,2224.18016581175,10.15560885029702,10.442716368336058,166.0,166.083,EUR,EUR,1.0,,47.68367791847752,0.047683677918470835,0.023829923997239683,,0.0,,158293.38137938708,BH_REINVERSION_DIVIDENDO,,,
594,2024-02-12T14:30:00Z,OPEN_ENTRY,30ffe0fa733c104a08525a3d8ae1bf13c3838864ba1ac15ce6aa0056d6575399,benchmark,BH_BUY,NASDAQ,AAPL,2024-02-12,,,2224.18016581175,2222.222222222341,8.787903477131637,8.799080299638241,188.4199981689453,188.51420816802977,USD,EURUSD,0.9283327144448571,2024-02-09T16:00:00Z,1.9559876018073954,0.001955987601807152,0.0009775050483793288,,0.0,,158293.38290757505,BH_REINVERSION_DIVIDENDO,,,
595,2024-02-13T21:00:00Z,CLOSE_DIVIDEND,30ffe0fa733c104a08525a3d8ae1bf13c3838864ba1ac15ce6aa0056d6575399,benchmark,BH_DIVIDEND,NYSE,XOM,2024-02-13,,,2222.222222222341,2233.254307594163,,,,,USD,EURUSD,0.9265264523302141,2024-02-13T16:00:00Z,,,,11.032085371821966,0.0,,158227.18080334432,DIVIDENDO_BRUTO,,,
596,2024-02-14T14:30:00Z,OPEN_ENTRY,30ffe0fa733c104a08525a3d8ae1bf13c3838864ba1ac15ce6aa0056d6575399,benchmark,BH_BUY,NYSE,XOM,2024-02-14,,,2233.254307594163,2222.222222222341,12.533610254534153,12.650318704926516,101.87000274658203,101.92093774795532,USD,EURUSD,0.9265264523302141,2024-02-13T16:00:00Z,11.021064307514452,0.011021064307513484,0.0055077782646247905,,0.0,,157083.42888419572,BH_REINVERSION_DIVIDENDO,,,
597,2024-02-14T21:00:00Z,CLOSE_DIVIDEND,30ffe0fa733c104a08525a3d8ae1bf13c3838864ba1ac15ce6aa0056d6575399,benchmark,BH_DIVIDEND,NASDAQ,MSFT,2024-02-14,,,2222.222222222341,2225.598596488353,,,,,USD,EURUSD,0.9334453467749464,2024-02-14T16:00:00Z,,,,3.3763742660119545,0.0,,157961.7451623853,DIVIDENDO_BRUTO,,,
598,2024-02-14T21:00:00Z,CLOSE_DIVIDEND,30ffe0fa733c104a08525a3d8ae1bf13c3838864ba1ac15ce6aa0056d6575399,benchmark,BH_DIVIDEND,NYSE,LLY,2024-02-14,,,2225.598596488353,2230.5430791129747,,,,,USD,EURUSD,0.9334453467749464,2024-02-14T16:00:00Z,,,,4.9444826246216085,0.0,,157966.68964500993,DIVIDENDO_BRUTO,,,
599,2024-02-15T14:30:00Z,OPEN_ENTRY,30ffe0fa733c104a08525a3d8ae1bf13c3838864ba1ac15ce6aa0056d6575399,benchmark,BH_BUY,NASDAQ,MSFT,2024-02-15,,,2230.5430791129747,2227.1667048469626,4.822813001571475,4.831662147159001,408.1400146484375,408.3440846557617,USD,EURUSD,0.9334453467749464,2024-02-14T16:00:00Z,3.3730012647472076,0.003373001264746822,0.0016856578034718714,,0.0,,160315.46256006268,BH_REINVERSION_DIVIDENDO,,,
600,2024-02-15T14:30:00Z,OPEN_ENTRY,30ffe0fa733c104a08525a3d8ae1bf13c3838864ba1ac15ce6aa0056d6575399,benchmark,BH_BUY,NYSE,LLY,2024-02-15,,,2227.1667048469626,2222.222222222341,4.074634027505484,4.0816320270353845,755.7999877929688,756.1778877868652,USD,EURUSD,0.9334453467749464,2024-02-14T16:00:00Z,4.939543081540069,0.0049395430815390995,0.002468537272133736,,0.0,,160315.46501574377,BH_REINVERSION_DIVIDENDO,,,
601,2024-02-15T16:30:00Z,CLOSE_DIVIDEND,30ffe0fa733c104a08525a3d8ae1bf13c3838864ba1ac15ce6aa0056d6575399,benchmark,BH_DIVIDEND,XETRA,R6C0.DE,2024-02-15,,,2222.222222222341,2235.1400774568187,,,,,EUR,EUR,1.0,,,,,12.917855234477955,0.0,,160103.09855472448,DIVIDENDO_BRUTO,,,
602,2024-02-15T21:00:00Z,CLOSE_DIVIDEND,30ffe0fa733c104a08525a3d8ae1bf13c3838864ba1ac15ce6aa0056d6575399,benchmark,BH_DIVIDEND,NYSE,CVX,2024-02-15,,,2235.1400774568187,2246.121753141369,,,,,USD,EURUSD,0.9308386856557759,2024-02-15T16:00:00Z,,,,10.981675684550229,0.0,,160529.0782771526,DIVIDENDO_BRUTO,,,
603,2024-02-16T08:00:00Z,OPEN_ENTRY,30ffe0fa733c104a08525a3d8ae1bf13c3838864ba1ac15ce6aa0056d6575399,benchmark,BH_BUY,XETRA,R6C0.DE,2024-02-16,,,2246.121753141369,2233.203897906891,43.51321523915342,43.95023036029215,29.514999389648438,29.52975688934326,EUR,EUR,1.0,,12.904950284193763,0.012904950284191585,0.006449250516838214,,0.0,,161381.02018644864,BH_REINVERSION_DIVIDENDO,,,
604,2024-02-16T14:30:00Z,OPEN_ENTRY,30ffe0fa733c104a08525a3d8ae1bf13c3838864ba1ac15ce6aa0056d6575399,benchmark,BH_BUY,NYSE,CVX,2024-02-16,,,2233.203897906891,2222.222222222341,7.237800115283627,7.3136187338107925,155.3699951171875,155.44768011474608,USD,EURUSD,0.9308386856557759,2024-02-15T16:00:00Z,10.970704979570659,0.0109707049795702,0.005482611184192093,,0.0,,161485.26129830972,BH_REINVERSION_DIVIDENDO,,,
605,2024-02-21T21:00:00Z,CLOSE_DIVIDEND,30ffe0fa733c104a08525a3d8ae1bf13c3838864ba1ac15ce6aa0056d6575399,benchmark,BH_DIVIDEND,NASDAQ,AMAT,2024-02-21,,,2222.222222222341,2225.7978074109637,,,,,USD,EURUSD,0.9251549634563789,2024-02-21T16:00:00Z,,,,3.575585188623029,0.0,,159151.42948267618,DIVIDENDO_BRUTO,,,
606,2024-02-21T21:00:00Z,CLOSE_DIVIDEND,30ffe0fa733c104a08525a3d8ae1bf13c3838864ba1ac15ce6aa0056d6575399,benchmark,BH_DIVIDEND,NASDAQ,META,2024-02-21,,,2225.7978074109637,2229.029486886554,,,,,USD,EURUSD,0.9251549634563789,2024-02-21T16:00:00Z,,,,3.2316794755900595,0.0,,159154.66116215175,DIVIDENDO_BRUTO,,,
607,2024-02-22T14:30:00Z,OPEN_ENTRY,30ffe0fa733c104a08525a3d8ae1bf13c3838864ba1ac15ce6aa0056d6575399,benchmark,BH_BUY,NASDAQ,AMAT,2024-02-22,,,2229.029486886554,2225.453901697931,12.077656344945725,12.097119021642031,198.27999877929688,198.37913877868652,USD,EURUSD,0.9251549634563789,2024-02-21T16:00:00Z,3.572013175447582,0.0035720131754470863,0.001785114030708453,,0.0,,158322.31104091447,BH_REINVERSION_DIVIDENDO,,,
608,2024-02-22T14:30:00Z,OPEN_ENTRY,30ffe0fa733c104a08525a3d8ae1bf13c3838864ba1ac15ce6aa0056d6575399,benchmark,BH_BUY,NASDAQ,META,2024-02-22,,,2225.453901697931,2222.222222222341,6.986244690330591,6.99350749400999,480.239990234375,480.48011022949214,USD,EURUSD,0.9251549634563789,2024-02-21T16:00:00Z,3.2284510245654943,0.00322845102456526,0.0016134188028809919,,0.0,,158322.22415743963,BH_REINVERSION_DIVIDENDO,,,
609,2024-02-22T21:00:00Z,CLOSE_DIVIDEND,30ffe0fa733c104a08525a3d8ae1bf13c3838864ba1ac15ce6aa0056d6575399,benchmark,BH_DIVIDEND,NASDAQ,AZN,2024-02-22,,,2222.222222222341,2240.773890716043,,,,,USD,EURUSD,0.9221689413500553,2024-02-22T16:00:00Z,,,,18.5516684937021,0.0,,159309.69844983777,DIVIDENDO_BRUTO,,,
610,2024-02-23T14:30:00Z,OPEN_ENTRY,30ffe0fa733c104a08525a3d8ae1bf13c3838864ba1ac15ce6aa0056d6575399,benchmark,BH_BUY,NASDAQ,AZN,2024-02-23,,,2240.773890716043,2222.222222222341,10.211893053081502,10.366505804170812,129.9199981689453,129.98495816802978,USD,EURUSD,0.9221689413500553,2024-02-22T16:00:00Z,18.533135358343756,0.01853313535834289,0.009261936710815368,,0.0,,162175.44287347302,BH_REINVERSION_DIVIDENDO,,,
611,2024-02-26T16:30:00Z,CLOSE_DIVIDEND,30ffe0fa733c104a08525a3d8ae1bf13c3838864ba1ac15ce6aa0056d6575399,benchmark,BH_DIVIDEND,XETRA,IFX.DE,2024-02-26,,,2222.222222222341,2237.8640990045346,,,,,EUR,EUR,1.0,,,,,15.641876782193911,0.0,,161970.85056142177,DIVIDENDO_BRUTO,,,
612,2024-02-27T08:00:00Z,OPEN_ENTRY,30ffe0fa733c104a08525a3d8ae1bf13c3838864ba1ac15ce6aa0056d6575399,benchmark,BH_BUY,XETRA,IFX.DE,2024-02-27,,,2237.8640990045346,2222.222222222341,44.691076520554034,45.16059227577954,33.26499938964844,33.28163188934326,EUR,EUR,1.0,,15.62625053166225,0.015626250531660446,0.0078092206555023065,,0.0,,163247.1050192479,BH_REINVERSION_DIVIDENDO,,,
613,2024-02-28T21:00:00Z,CLOSE_DIVIDEND,30ffe0fa733c104a08525a3d8ae1bf13c3838864ba1ac15ce6aa0056d6575399,benchmark,BH_DIVIDEND,NASDAQ,QCOM,2024-02-28,,,2222.222222222341,2229.0708991297715,,,,,USD,EURUSD,0.9252405625462621,2024-02-28T16:00:00Z,,,,6.848676907430805,0.0,,164144.56487810996,DIVIDENDO_BRUTO,,,
614,2024-02-28T21:00:00Z,CLOSE_DIVIDEND,30ffe0fa733c104a08525a3d8ae1bf13c3838864ba1ac15ce6aa0056d6575399,benchmark,BH_DIVIDEND,NYSE,GS,2024-02-28,,,2229.0708991297715,2239.9305190441232,,,,,USD,EURUSD,0.9252405625462621,2024-02-28T16:00:00Z,,,,10.8596199143515,0.0,,164155.42449802434,DIVIDENDO_BRUTO,,,
615,2024-02-29T14:30:00Z,OPEN_ENTRY,30ffe0fa733c104a08525a3d8ae1bf13c3838864ba1ac15ce6aa0056d6575399,benchmark,BH_BUY,NASDAQ,QCOM,2024-02-29,,,2239.9305190441232,2233.0818421366926,9.252562501939018,9.299677693475491,156.8699951171875,156.9484301147461,USD,EURUSD,0.9252405625462621,2024-02-28T16:00:00Z,6.841835072358448,0.006841835072357583,0.0034192079322128794,,0.0,,163690.0728161989,BH_REINVERSION_DIVIDENDO,,,
616,2024-02-29T14:30:00Z,OPEN_ENTRY,30ffe0fa733c104a08525a3d8ae1bf13c3838864ba1ac15ce6aa0056d6575399,benchmark,BH_BUY,NYSE,GS,2024-02-29,,,2233.0818421366926,2222.222222222341,4.268028073974945,4.297681158508444,395.2200012207031,395.41761122131345,USD,EURUSD,0.9252405625462621,2024-02-28T16:00:00Z,10.848771143208293,0.010848771143207259,0.005421674734236304,,0.0,,163690.00057559588,BH_REINVERSION_DIVIDENDO,,,
617,2024-02-29T21:00:00Z,CLOSE_DIVIDEND,30ffe0fa733c104a08525a3d8ae1bf13c3838864ba1ac15ce6aa0056d6575399,benchmark,BH_DIVIDEND,NYSE,LMT,2024-02-29,,,2222.222222222341,2230.502042818939,,,,,USD,EURUSD,0.9237021984112322,2024-02-29T16:00:00Z,,,,8.279820596598213,0.0,,163731.7132505366,DIVIDENDO_BRUTO,,,
618,2024-03-01T14:30:00Z,OPEN_ENTRY,30ffe0fa733c104a08525a3d8ae1bf13c3838864ba1ac15ce6aa0056d6575399,benchmark,BH_BUY,NYSE,LMT,2024-03-01,,,2230.502042818939,2222.222222222341,2.8456297707546745,2.8665465830346952,427.8999938964844,428.1139438934326,USD,EURUSD,0.9237021984112322,2024-02-29T16:00:00Z,8.271549047550664,0.008271549047549343,0.004133707669939581,,0.0,,165004.79489577303,BH_REINVERSION_DIVIDENDO,,,
619,2024-03-05T21:00:00Z,CLOSE_DIVIDEND,30ffe0fa733c104a08525a3d8ae1bf13c3838864ba1ac15ce6aa0056d6575399,benchmark,BH_DIVIDEND,NASDAQ,NVDA,2024-03-05,,,2222.222222222341,2222.4943481093815,,,,,USD,EURUSD,0.9217439395335976,2024-03-05T16:00:00Z,,,,0.27212588704048396,0.0,,167320.01553901253,DIVIDENDO_BRUTO,,,
620,2024-03-06T14:30:00Z,OPEN_ENTRY,30ffe0fa733c104a08525a3d8ae1bf13c3838864ba1ac15ce6aa0056d6575399,benchmark,BH_BUY,NASDAQ,NVDA,2024-03-06,,,2222.4943481093815,2222.222222222341,73.80734371255527,73.81069272798615,88.02200317382812,88.06601417541503,USD,EURUSD,0.9217439395335976,2024-03-05T16:00:00Z,0.2718540330074765,0.00027185403300744593,0.00013585908696024407,,0.0,,165833.373685039,BH_REINVERSION_DIVIDENDO,,,
621,2024-03-08T14:30:00Z,OPEN_ENTRY,30ffe0fa733c104a08525a3d8ae1bf13c3838864ba1ac15ce6aa0056d6575399,benchmark,BH_BUY,NASDAQ,ARM,2024-03-08,,,2222.222222222341,1111.1111111112298,0.0,8.653030405193167,139.69000244140625,139.75984744262695,USD,EURUSD,0.9178522257916476,2024-03-07T16:00:00Z,1110.0011100011102,1.1100011100008942,0.5547231934038207,,0.0,,169422.52863597652,BH_COMPRA_INICIAL,,,
622,2024-03-13T20:00:00Z,CLOSE_DIVIDEND,30ffe0fa733c104a08525a3d8ae1bf13c3838864ba1ac15ce6aa0056d6575399,benchmark,BH_DIVIDEND,NYSE,CRM,2024-03-13,,,1111.1111111112298,1113.6248515442683,,,,,USD,EURUSD,0.9141603437242891,2024-03-13T16:00:00Z,,,,2.513740433038471,0.0,,168554.2036362516,DIVIDENDO_BRUTO,,,
623,2024-03-14T13:30:00Z,OPEN_ENTRY,30ffe0fa733c104a08525a3d8ae1bf13c3838864ba1ac15ce6aa0056d6575399,benchmark,BH_BUY,NYSE,CRM,2024-03-14,,,1113.6248515442683,1111.1111111112298,6.87445164925196,6.883453815795163,305.0,305.1525,USD,EURUSD,0.9141603437242891,2024-03-13T16:00:00Z,2.511229203834637,0.0025112292038342865,0.0012549871083629312,,0.0,,167944.61505172972,BH_REINVERSION_DIVIDENDO,,,
624,2024-03-14T16:30:00Z,CLOSE_DIVIDEND,30ffe0fa733c104a08525a3d8ae1bf13c3838864ba1ac15ce6aa0056d6575399,benchmark,BH_DIVIDEND,XETRA,EQQQ.DE,2024-03-14,,,1111.1111111112298,1113.78673750958,,,,,EUR,EUR,1.0,,,,,2.6756263983503032,0.0,,168066.76074257304,DIVIDENDO_BRUTO,,,
625,2024-03-14T16:30:00Z,CLOSE_DIVIDEND,30ffe0fa733c104a08525a3d8ae1bf13c3838864ba1ac15ce6aa0056d6575399,benchmark,BH_DIVIDEND,XETRA,IQQK.DE,2024-03-14,,,1113.78673750958,1121.1641116800736,,,,,EUR,EUR,1.0,,,,,7.3773741704935025,0.0,,168074.13811674353,DIVIDENDO_BRUTO,,,
626,2024-03-14T16:30:00Z,CLOSE_DIVIDEND,30ffe0fa733c104a08525a3d8ae1bf13c3838864ba1ac15ce6aa0056d6575399,benchmark,BH_DIVIDEND,XETRA,IQQT.DE,2024-03-14,,,1121.1641116800736,1122.2446462335295,,,,,EUR,EUR,1.0,,,,,1.0805345534559123,0.0,,168075.218651297,DIVIDENDO_BRUTO,,,
627,2024-03-15T08:00:00Z,OPEN_ENTRY,30ffe0fa733c104a08525a3d8ae1bf13c3838864ba1ac15ce6aa0056d6575399,benchmark,BH_BUY,XETRA,EQQQ.DE,2024-03-15,,,1122.2446462335295,1119.5690198351792,4.1575980743566605,4.16421180762898,403.95001220703125,404.15198721313476,EUR,EUR,1.0,,2.672953444905398,0.002672953444905257,0.001335808818043638,,0.0,,167133.55654590458,BH_REINVERSION_DIVIDENDO,,,
628,2024-03-15T08:00:00Z,OPEN_ENTRY,30ffe0fa733c104a08525a3d8ae1bf13c3838864ba1ac15ce6aa0056d6575399,benchmark,BH_BUY,XETRA,IQQK.DE,2024-03-15,,,1119.5690198351792,1112.1916456646857,27.517966416480483,27.692461761244154,42.21500015258789,42.23610765266418,EUR,EUR,1.0,,7.370004166327176,0.007370004166326716,0.0036831605029115076,,0.0,,167133.73220270555,BH_REINVERSION_DIVIDENDO,,,
629,2024-03-15T08:00:00Z,OPEN_ENTRY,30ffe0fa733c104a08525a3d8ae1bf13c3838864ba1ac15ce6aa0056d6575399,benchmark,BH_BUY,XETRA,IQQT.DE,2024-03-15,,,1112.1916456646857,1111.1111111112298,17.200212563568112,17.214719967100336,74.37000274658203,74.40718774795532,EUR,EUR,1.0,,1.0794550983575548,0.0010794550983574958,0.0005394578202686019,,0.0,,167133.7400135164,BH_REINVERSION_DIVIDENDO,,,
630,2024-03-15T16:30:00Z,CLOSE_DIVIDEND,30ffe0fa733c104a08525a3d8ae1bf13c3838864ba1ac15ce6aa0056d6575399,benchmark,BH_DIVIDEND,XETRA,EXSA.DE,2024-03-15,,,1111.1111111112298,1114.767685777544,,,,,EUR,EUR,1.0,,,,,3.6565746663143646,0.0,,167314.13314200472,DIVIDENDO_BRUTO,,,
631,2024-03-18T08:00:00Z,OPEN_ENTRY,30ffe0fa733c104a08525a3d8ae1bf13c3838864ba1ac15ce6aa0056d6575399,benchmark,BH_BUY,XETRA,EXSA.DE,2024-03-18,,,1114.767685777544,1111.1111111112298,28.023809338634468,28.096816663549724,50.0099983215332,50.03500332069397,EUR,EUR,1.0,,3.6529217445697952,0.0036529217445693263,0.001825548098235585,,0.0,,166732.74903027105,BH_REINVERSION_DIVIDENDO,,,
632,2024-03-18T16:30:00Z,CLOSE_DIVIDEND,30ffe0fa733c104a08525a3d8ae1bf13c3838864ba1ac15ce6aa0056d6575399,benchmark,BH_DIVIDEND,MIL,ENI.MI,2024-03-18,,,1111.1111111112298,1133.5141938830204,,,,,EUR,EUR,1.0,,,,,22.40308277179056,0.0,,166775.18757649095,DIVIDENDO_BRUTO,,,
633,2024-03-18T20:00:00Z,CLOSE_DIVIDEND,30ffe0fa733c104a08525a3d8ae1bf13c3838864ba1ac15ce6aa0056d6575399,benchmark,BH_DIVIDEND,NYSE,TSM,2024-03-18,,,1133.5141938830204,1140.5657740827598,,,,,USD,EURUSD,0.9181050312155711,2024-03-18T16:00:00Z,,,,7.051580199739421,0.0,,166939.77253231287,DIVIDENDO_BRUTO,,,
634,2024-03-19T08:00:00Z,OPEN_ENTRY,30ffe0fa733c104a08525a3d8ae1bf13c3838864ba1ac15ce6aa0056d6575399,benchmark,BH_BUY,MIL,ENI.MI,2024-03-19,,,1140.5657740827598,1118.1626913109692,93.34617821579401,94.92171824841746,14.197999954223633,14.205098954200745,EUR,EUR,1.0,,22.380702069720844,0.022380702069717984,0.011184758655532678,,0.0,,167938.49370044185,BH_REINVERSION_DIVIDENDO,,,
635,2024-03-19T13:30:00Z,OPEN_ENTRY,30ffe0fa733c104a08525a3d8ae1bf13c3838864ba1ac15ce6aa0056d6575399,benchmark,BH_BUY,NYSE,TSM,2024-03-19,,,1118.1626913109692,1111.1111111112298,13.863864898115843,13.920546890247971,135.3000030517578,135.36765305328368,USD,EURUSD,0.9181050312155711,2024-03-18T16:00:00Z,7.0445356640753465,0.0070445356640744805,0.0035205075782476975,,0.0,,167906.45442782895,BH_REINVERSION_DIVIDENDO,,,
636,2024-03-20T16:30:00Z,CLOSE_DIVIDEND,30ffe0fa733c104a08525a3d8ae1bf13c3838864ba1ac15ce6aa0056d6575399,benchmark,BH_DIVIDEND,PAR,TTE.PA,2024-03-20,,,1111.1111111112298,1128.0756939721798,,,,,EUR,EUR,1.0,,,,,16.964582860950138,0.0,,168353.555544796,DIVIDENDO_BRUTO,,,
637,2024-03-20T20:00:00Z,CLOSE_DIVIDEND,30ffe0fa733c104a08525a3d8ae1bf13c3838864ba1ac15ce6aa0056d6575399,benchmark,BH_DIVIDEND,NASDAQ,AVGO,2024-03-20,,,1128.0756939721798,1139.2991954308334,,,,,USD,EURUSD,0.9221689413500553,2024-03-20T16:00:00Z,,,,11.223501458653477,0.0,,168480.59259850503,DIVIDENDO_BRUTO,,,
638,2024-03-21T08:00:00Z,OPEN_ENTRY,30ffe0fa733c104a08525a3d8ae1bf13c3838864ba1ac15ce6aa0056d6575399,benchmark,BH_BUY,PAR,TTE.PA,2024-03-21,,,1139.2991954308334,1122.3346125698833,22.925111974256943,23.191870488318408,63.5,63.531749999999995,EUR,EUR,1.0,,16.947635225724415,0.016947635225722735,0.008469582821450224,,0.0,,170422.99247371708,BH_REINVERSION_DIVIDENDO,,,
639,2024-03-21T13:30:00Z,OPEN_ENTRY,30ffe0fa733c104a08525a3d8ae1bf13c3838864ba1ac15ce6aa0056d6575399,benchmark,BH_BUY,NASDAQ,AVGO,2024-03-21,,,1122.3346125698833,1111.1111111112298,23.18240948907396,23.27389745916645,132.83200073242188,132.8984167327881,USD,EURUSD,0.9221689413500553,2024-03-20T16:00:00Z,11.212289169483993,0.01121228916948347,0.005603342913285909,,0.0,,170468.37738014947,BH_REINVERSION_DIVIDENDO,,,
640,2024-03-28T06:00:00Z,CLOSE_DIVIDEND,30ffe0fa733c104a08525a3d8ae1bf13c3838864ba1ac15ce6aa0056d6575399,benchmark,BH_DIVIDEND,JPX,6501.T,2024-03-28,,,1111.1111111112298,1125.7243299126574,,,,,JPY,EURJPY,0.00611545988258317,2024-03-27T16:00:00Z,,,,14.613218801427552,0.0,,172730.51816261033,DIVIDENDO_BRUTO,,,
641,2024-03-28T06:00:00Z,CLOSE_DIVIDEND,30ffe0fa733c104a08525a3d8ae1bf13c3838864ba1ac15ce6aa0056d6575399,benchmark,BH_DIVIDEND,JPX,6758.T,2024-03-28,,,1125.7243299126574,1129.5842455788934,,,,,JPY,EURJPY,0.00611545988258317,2024-03-27T16:00:00Z,,,,3.8599156662361263,0.0,,172734.37807827655,DIVIDENDO_BRUTO,,,
642,2024-03-28T06:00:00Z,CLOSE_DIVIDEND,30ffe0fa733c104a08525a3d8ae1bf13c3838864ba1ac15ce6aa0056d6575399,benchmark,BH_DIVIDEND,JPX,6857.T,2024-03-28,,,1129.5842455788934,1138.7795315622648,,,,,JPY,EURJPY,0.00611545988258317,2024-03-27T16:00:00Z,,,,9.195285983371354,0.0,,172743.57336425994,DIVIDENDO_BRUTO,,,
643,2024-03-28T06:00:00Z,CLOSE_DIVIDEND,30ffe0fa733c104a08525a3d8ae1bf13c3838864ba1ac15ce6aa0056d6575399,benchmark,BH_DIVIDEND,JPX,7011.T,2024-03-28,,,1138.7795315622648,1160.6413005056804,,,,,JPY,EURJPY,0.00611545988258317,2024-03-27T16:00:00Z,,,,21.861768943415704,0.0,,172765.43513320334,DIVIDENDO_BRUTO,,,
644,2024-03-28T06:00:00Z,CLOSE_DIVIDEND,30ffe0fa733c104a08525a3d8ae1bf13c3838864ba1ac15ce6aa0056d6575399,benchmark,BH_DIVIDEND,JPX,7203.T,2024-03-28,,,1160.6413005056804,1182.135412746074,,,,,JPY,EURJPY,0.00611545988258317,2024-03-27T16:00:00Z,,,,21.4941122403937,0.0,,172786.92924544375,DIVIDENDO_BRUTO,,,
645,2024-03-28T06:00:00Z,CLOSE_DIVIDEND,30ffe0fa733c104a08525a3d8ae1bf13c3838864ba1ac15ce6aa0056d6575399,benchmark,BH_DIVIDEND,JPX,8035.T,2024-03-28,,,1182.135412746074,1196.5157555217284,,,,,JPY,EURJPY,0.00611545988258317,2024-03-27T16:00:00Z,,,,14.380342775654363,0.0,,172801.3095882194,DIVIDENDO_BRUTO,,,
646,2024-03-28T20:00:00Z,CLOSE_DIVIDEND,30ffe0fa733c104a08525a3d8ae1bf13c3838864ba1ac15ce6aa0056d6575399,benchmark,BH_DIVIDEND,NASDAQ,MU,2024-03-28,,,1196.5157555217284,1198.6219268952236,,,,,USD,EURUSD,0.9249838127832763,2024-03-28T16:00:00Z,,,,2.1061713734953167,0.0,,173033.88952238922,DIVIDENDO_BRUTO,,,
647,2024-03-29T00:00:00Z,OPEN_ENTRY,30ffe0fa733c104a08525a3d8ae1bf13c3838864ba1ac15ce6aa0056d6575399,benchmark,BH_BUY,JPX,6501.T,2024-03-29,,,1198.6219268952236,1184.008708093796,119.47767692047167,120.3446169396023,2751.0,2752.3754999999996,JPY,EURJPY,0.00611807892321811,2024-03-28T16:00:00Z,14.598620181246307,0.01459862018124447,0.0072956622594915355,,0.0,,172880.26826472362,BH_REINVERSION_DIVIDENDO,,,
648,2024-03-29T00:00:00Z,OPEN_ENTRY,30ffe0fa733c104a08525a3d8ae1bf13c3838864ba1ac15ce6aa0056d6575399,benchmark,BH_BUY,JPX,6758.T,2024-03-29,,,1184.008708093796,1180.14879242756,70.13037886032572,70.3727636097377,2599.0,2600.2995,JPY,EURJPY,0.00611807892321811,2024-03-28T16:00:00Z,3.856059606629497,0.0038560596066292696,0.0019270662701797775,,0.0,,172880.24320352037,BH_REINVERSION_DIVIDENDO,,,
649,2024-03-29T00:00:00Z,OPEN_ENTRY,30ffe0fa733c104a08525a3d8ae1bf13c3838864ba1ac15ce6aa0056d6575399,benchmark,BH_BUY,JPX,6857.T,2024-03-29,,,1180.14879242756,1170.9535064441886,83.53406466671578,83.7567891646562,6738.0,6741.369,JPY,EURJPY,0.00611807892321811,2024-03-28T16:00:00Z,9.186099883487868,0.009186099883486065,0.004590754564461277,,0.0,,172880.17083288552,BH_REINVERSION_DIVIDENDO,,,
650,2024-03-29T00:00:00Z,OPEN_ENTRY,30ffe0fa733c104a08525a3d8ae1bf13c3838864ba1ac15ce6aa0056d6575399,benchmark,BH_BUY,JPX,7011.T,2024-03-29,,,1170.9535064441886,1149.091737500773,297.9030381356113,300.4607101221298,1395.0,1395.6975,JPY,EURJPY,0.00611807892321811,2024-03-28T16:00:00Z,21.839929014401307,0.021839929014397796,0.010914507253573723,,0.0,,172879.66863727703,BH_REINVERSION_DIVIDENDO,,,
651,2024-03-29T00:00:00Z,OPEN_ENTRY,30ffe0fa733c104a08525a3d8ae1bf13c3838864ba1ac15ce6aa0056d6575399,benchmark,BH_BUY,JPX,7203.T,2024-03-29,,,1149.091737500773,1127.5976252603793,78.10482741220396,79.02700116832001,3804.0,3805.9019999999996,JPY,EURJPY,0.00611807892321811,2024-03-28T16:00:00Z,21.47263960079291,0.021472639600791155,0.01073095432323252,,0.0,,172879.64771754676,BH_REINVERSION_DIVIDENDO,,,
652,2024-03-29T00:00:00Z,OPEN_ENTRY,30ffe0fa733c104a08525a3d8ae1bf13c3838864ba1ac15ce6aa0056d6575399,benchmark,BH_BUY,JPX,8035.T,2024-03-29,,,1127.5976252603793,1113.217282484725,9.597851635408169,9.657722692424889,39200.0,39219.6,JPY,EURJPY,0.00611807892321811,2024-03-28T16:00:00Z,14.36597679885551,0.014365976798853097,0.007179398700077183,,0.0,,172879.64814992237,BH_REINVERSION_DIVIDENDO,,,
653,2024-04-01T13:30:00Z,OPEN_ENTRY,30ffe0fa733c104a08525a3d8ae1bf13c3838864ba1ac15ce6aa0056d6575399,benchmark,BH_BUY,NASDAQ,MU,2024-04-01,,,1113.217282484725,1111.1111111112298,19.799842364224233,19.818915941722047,119.19999694824219,119.2595969467163,USD,EURUSD,0.9249838127832763,2024-03-28T16:00:00Z,2.104067306189128,0.0021040673061887283,0.0010515078991448431,,0.0,,172621.62166086302,BH_REINVERSION_DIVIDENDO,,,
654,2024-04-08T15:30:00Z,CLOSE_DIVIDEND,30ffe0fa733c104a08525a3d8ae1bf13c3838864ba1ac15ce6aa0056d6575399,benchmark,BH_DIVIDEND,MCE,BBVA.MC,2024-04-08,,,1111.1111111112298,1223.5522213699837,,,,,EUR,EUR,1.0,,,,,112.44111025875385,0.0,,171249.27730189622,DIVIDENDO_BRUTO,,,
655,2024-04-08T20:00:00Z,CLOSE_DIVIDEND,30ffe0fa733c104a08525a3d8ae1bf13c3838864ba1ac15ce6aa0056d6575399,benchmark,BH_DIVIDEND,NYSE,MA,2024-04-08,,,1223.5522213699837,1225.785822094153,,,,,USD,EURUSD,0.9239582370876837,2024-04-08T15:00:00Z,,,,2.2336007241692744,0.0,,171662.34751435864,DIVIDENDO_BRUTO,,,
656,2024-04-09T07:00:00Z,OPEN_ENTRY,30ffe0fa733c104a08525a3d8ae1bf13c3838864ba1ac15ce6aa0056d6575399,benchmark,BH_BUY,MCE,BBVA.MC,2024-04-09,,,1225.785822094153,1113.344711835399,288.3105391250099,298.8525719115043,10.649999618530273,10.655324618339538,EUR,EUR,1.0,,112.32878147727659,0.11232878147725955,0.05613632257734393,,0.0,,172092.44667534615,BH_REINVERSION_DIVIDENDO,,,
657,2024-04-09T13:30:00Z,OPEN_ENTRY,30ffe0fa733c104a08525a3d8ae1bf13c3838864ba1ac15ce6aa0056d6575399,benchmark,BH_BUY,NYSE,MA,2024-04-09,,,1113.344711835399,1111.1111111112298,3.662766763285463,3.6678168797038064,477.9700012207031,478.20898622131347,USD,EURUSD,0.9239582370876837,2024-04-08T15:00:00Z,2.23136935481446,0.002231369354814383,0.0011151271138502583,,0.0,,172136.68995032067,BH_REINVERSION_DIVIDENDO,,,
658,2024-04-09T20:00:00Z,CLOSE_DIVIDEND,30ffe0fa733c104a08525a3d8ae1bf13c3838864ba1ac15ce6aa0056d6575399,benchmark,BH_DIVIDEND,NYSE,ORCL,2024-04-09,,,1111.1111111112298,1117.2119911410111,,,,,USD,EURUSD,0.9202171712524155,2024-04-09T15:00:00Z,,,,6.100880029781277,0.0,,170887.88412802783,DIVIDENDO_BRUTO,,,
659,2024-04-10T13:30:00Z,OPEN_ENTRY,30ffe0fa733c104a08525a3d8ae1bf13c3838864ba1ac15ce6aa0056d6575399,benchmark,BH_BUY,NYSE,ORCL,2024-04-10,,,1117.2119911410111,1111.1111111112298,16.574565820908283,16.629117887343295,121.3499984741211,121.41067347335814,USD,EURUSD,0.9202171712524155,2024-04-09T15:00:00Z,6.094785244536741,0.006094785244536105,0.0030458696874241793,,0.0,,170412.06239961006,BH_REINVERSION_DIVIDENDO,,,
660,2024-04-11T15:30:00Z,CLOSE_DIVIDEND,30ffe0fa733c104a08525a3d8ae1bf13c3838864ba1ac15ce6aa0056d6575399,benchmark,BH_DIVIDEND,XETRA,DTE.DE,2024-04-11,,,1111.1111111112298,1160.4207689349398,,,,,EUR,EUR,1.0,,,,,49.309657823710076,0.0,,171699.20279749838,DIVIDENDO_BRUTO,,,
661,2024-04-11T20:00:00Z,CLOSE_DIVIDEND,30ffe0fa733c104a08525a3d8ae1bf13c3838864ba1ac15ce6aa0056d6575399,benchmark,BH_DIVIDEND,NASDAQ,MRVL,2024-04-11,,,1160.4207689349398,1161.743056407937,,,,,USD,EURUSD,0.9320533134495294,2024-04-11T15:00:00Z,,,,1.322287472997201,0.0,,171240.8410078228,DIVIDENDO_BRUTO,,,
662,2024-04-12T07:00:00Z,OPEN_ENTRY,30ffe0fa733c104a08525a3d8ae1bf13c3838864ba1ac15ce6aa0056d6575399,benchmark,BH_BUY,XETRA,DTE.DE,2024-04-12,,,1161.743056407937,1112.433398584227,64.03851665416893,66.35005568234169,21.299999237060547,21.310649236679076,EUR,EUR,1.0,,49.260397426283795,0.04926039742628063,0.024617889768255272,,0.0,,172762.6509269236,BH_REINVERSION_DIVIDENDO,,,
663,2024-04-12T13:30:00Z,OPEN_ENTRY,30ffe0fa733c104a08525a3d8ae1bf13c3838864ba1ac15ce6aa0056d6575399,benchmark,BH_BUY,NASDAQ,MRVL,2024-04-12,,,1112.433398584227,1111.1111111112298,23.644703829644946,23.664946136282822,69.9800033569336,70.01499335861206,USD,EURUSD,0.9320533134495294,2024-04-11T15:00:00Z,1.3209665064907103,0.0013209665064906062,0.0006601531766570095,,0.0,,172756.4524723587,BH_REINVERSION_DIVIDENDO,,,
664,2024-04-12T20:00:00Z,CLOSE_DIVIDEND,30ffe0fa733c104a08525a3d8ae1bf13c3838864ba1ac15ce6aa0056d6575399,benchmark,BH_DIVIDEND,NYSE,ABBV,2024-04-12,,,1111.1111111112298,1124.0680515071026,,,,,USD,EURUSD,0.938790837401427,2024-04-12T15:00:00Z,,,,12.956940395872795,0.0,,173601.02420690487,DIVIDENDO_BRUTO,,,
665,2024-04-15T13:30:00Z,OPEN_ENTRY,30ffe0fa733c104a08525a3d8ae1bf13c3838864ba1ac15ce6aa0056d6575399,benchmark,BH_BUY,NYSE,ABBV,2024-04-15,,,1124.0680515071026,1111.1111111112298,8.904343812699162,8.988109033217134,164.52000427246094,164.60226427459716,USD,EURUSD,0.938790837401427,2024-04-12T15:00:00Z,12.943996399473324,0.012943996399471303,0.006468763817827195,,0.0,,171685.84570631327,BH_REINVERSION_DIVIDENDO,,,
666,2024-04-15T15:30:00Z,CLOSE_DIVIDEND,30ffe0fa733c104a08525a3d8ae1bf13c3838864ba1ac15ce6aa0056d6575399,benchmark,BH_DIVIDEND,XETRA,EXH1.DE,2024-04-15,,,1111.1111111112298,1123.4966240195065,,,,,EUR,EUR,1.0,,,,,12.385512908276782,0.0,,171598.13444735287,DIVIDENDO_BRUTO,,,
667,2024-04-15T15:30:00Z,CLOSE_DIVIDEND,30ffe0fa733c104a08525a3d8ae1bf13c3838864ba1ac15ce6aa0056d6575399,benchmark,BH_DIVIDEND,XETRA,EXV1.DE,2024-04-15,,,1123.4966240195065,1126.4472773440552,,,,,EUR,EUR,1.0,,,,,2.9506533245488438,0.0,,171601.08510067742,DIVIDENDO_BRUTO,,,
668,2024-04-16T07:00:00Z,OPEN_ENTRY,30ffe0fa733c104a08525a3d8ae1bf13c3838864ba1ac15ce6aa0056d6575399,benchmark,BH_BUY,XETRA,EXH1.DE,2024-04-16,,,1126.4472773440552,1114.0617644357785,34.584329237771115,34.90579936768906,38.470001220703125,38.489236221313476,EUR,EUR,1.0,,12.373139768508276,0.012373139768506292,0.006183478145181364,,0.0,,169428.78833021224,BH_REINVERSION_DIVIDENDO,,,
669,2024-04-16T07:00:00Z,OPEN_ENTRY,30ffe0fa733c104a08525a3d8ae1bf13c3838864ba1ac15ce6aa0056d6575399,benchmark,BH_BUY,XETRA,EXV1.DE,2024-04-16,,,1114.0617644357785,1111.1111111112298,94.38466267509577,94.54181184459479,18.74799919128418,18.75737319087982,EUR,EUR,1.0,,2.947705618929914,0.0029477056189297635,0.001473116251339256,,0.0,,169428.83325439985,BH_REINVERSION_DIVIDENDO,,,
670,2024-04-16T15:30:00Z,CLOSE_DIVIDEND,30ffe0fa733c104a08525a3d8ae1bf13c3838864ba1ac15ce6aa0056d6575399,benchmark,BH_DIVIDEND,PAR,AIR.PA,2024-04-16,,,1111.1111111112298,1143.06150148904,,,,,EUR,EUR,1.0,,,,,31.950390377810248,0.0,,169487.8173196227,DIVIDENDO_BRUTO,,,
671,2024-04-17T07:00:00Z,OPEN_ENTRY,30ffe0fa733c104a08525a3d8ae1bf13c3838864ba1ac15ce6aa0056d6575399,benchmark,BH_BUY,PAR,AIR.PA,2024-04-17,,,1143.06150148904,1111.1111111112298,11.410853706360804,11.61167531358106,158.86000061035156,158.93943061065673,EUR,EUR,1.0,,31.918471905904347,0.03191847190590025,0.01595126032278882,,0.0,,168402.1267773451,BH_REINVERSION_DIVIDENDO,,,
672,2024-04-18T15:30:00Z,CLOSE_DIVIDEND,30ffe0fa733c104a08525a3d8ae1bf13c3838864ba1ac15ce6aa0056d6575399,benchmark,BH_DIVIDEND,XETRA,BSP.DE,2024-04-18,,,1111.1111111112298,1138.772674522929,,,,,EUR,EUR,1.0,,,,,27.661563411699174,0.0,,166981.11373745074,DIVIDENDO_BRUTO,,,
673,2024-04-19T07:00:00Z,OPEN_ENTRY,30ffe0fa733c104a08525a3d8ae1bf13c3838864ba1ac15ce6aa0056d6575399,benchmark,BH_BUY,XETRA,BSP.DE,2024-04-19,,,1138.772674522929,1111.1111111112298,128.02634162819,129.83512477124899,15.270000457763672,15.277635457992552,EUR,EUR,1.0,,27.63392948221696,0.02763392948221366,0.01381005971125049,,0.0,,166129.38835626876,BH_REINVERSION_DIVIDENDO,,,
674,2024-04-19T20:00:00Z,CLOSE_DIVIDEND,30ffe0fa733c104a08525a3d8ae1bf13c3838864ba1ac15ce6aa0056d6575399,benchmark,BH_DIVIDEND,NYSE,CAT,2024-04-19,,,1111.1111111112298,1118.1772993420648,,,,,USD,EURUSD,0.9387027128508402,2024-04-19T15:00:00Z,,,,7.066188230834942,0.0,,165636.81913010534,DIVIDENDO_BRUTO,,,
675,2024-04-22T13:30:00Z,OPEN_ENTRY,30ffe0fa733c104a08525a3d8ae1bf13c3838864ba1ac15ce6aa0056d6575399,benchmark,BH_BUY,NYSE,CAT,2024-04-22,,,1118.1772993420648,1111.1111111112298,5.790469478698818,5.811576841622756,356.1000061035156,356.27805610656736,USD,EURUSD,0.9387027128508402,2024-04-19T15:00:00Z,7.059129101733209,0.007059129101732786,0.0035278006505409286,,0.0,,163033.45538939888,BH_REINVERSION_DIVIDENDO,,,
676,2024-04-22T15:30:00Z,CLOSE_DIVIDEND,30ffe0fa733c104a08525a3d8ae1bf13c3838864ba1ac15ce6aa0056d6575399,benchmark,BH_DIVIDEND,MIL,RACE.MI,2024-04-22,,,1111.1111111112298,1127.5553675889837,,,,,EUR,EUR,1.0,,,,,16.4442564777539,0.0,,163220.67613345606,DIVIDENDO_BRUTO,,,
677,2024-04-23T07:00:00Z,OPEN_ENTRY,30ffe0fa733c104a08525a3d8ae1bf13c3838864ba1ac15ce6aa0056d6575399,benchmark,BH_BUY,MIL,RACE.MI,2024-04-23,,,1127.5553675889837,1111.1111111112298,6.731173343329472,6.773899389026175,384.29998779296875,384.4921377868652,EUR,EUR,1.0,,16.427828649104796,0.016427828649103304,0.008209809419841623,,0.0,,164955.4724212658,BH_REINVERSION_DIVIDENDO,,,
678,2024-04-23T15:30:00Z,CLOSE_DIVIDEND,30ffe0fa733c104a08525a3d8ae1bf13c3838864ba1ac15ce6aa0056d6575399,benchmark,BH_DIVIDEND,PAR,MC.PA,2024-04-23,,,1111.1111111112298,1126.4252393665267,,,,,EUR,EUR,1.0,,,,,15.31412825529707,0.0,,164681.9509671749,DIVIDENDO_BRUTO,,,
679,2024-04-24T07:00:00Z,OPEN_ENTRY,30ffe0fa733c104a08525a3d8ae1bf13c3838864ba1ac15ce6aa0056d6575399,benchmark,BH_BUY,PAR,MC.PA,2024-04-24,,,1126.4252393665267,1111.1111111112298,2.041883767372943,2.061130065464767,794.5,794.89725,EUR,EUR,1.0,,15.298829425871201,0.015298829425869798,0.007645591916976832,,0.0,,167933.85780800533,BH_REINVERSION_DIVIDENDO,,,
680,2024-04-26T15:30:00Z,CLOSE_DIVIDEND,30ffe0fa733c104a08525a3d8ae1bf13c3838864ba1ac15ce6aa0056d6575399,benchmark,BH_DIVIDEND,AMS,ASML.AS,2024-04-26,,,1111.1111111112298,1115.194580849674,,,,,EUR,EUR,1.0,,,,,4.083469738444069,0.0,,165932.89298450682,DIVIDENDO_BRUTO,,,
681,2024-04-26T15:30:00Z,CLOSE_DIVIDEND,30ffe0fa733c104a08525a3d8ae1bf13c3838864ba1ac15ce6aa0056d6575399,benchmark,BH_DIVIDEND,PAR,OR.PA,2024-04-26,,,1115.194580849674,1139.216783140078,,,,,EUR,EUR,1.0,,,,,24.02220229040402,0.0,,165956.91518679724,DIVIDENDO_BRUTO,,,
682,2024-04-26T15:30:00Z,CLOSE_DIVIDEND,30ffe0fa733c104a08525a3d8ae1bf13c3838864ba1ac15ce6aa0056d6575399,benchmark,BH_DIVIDEND,XETRA,MUV2.DE,2024-04-26,,,1139.216783140078,1217.4786908554408,,,,,EUR,EUR,1.0,,,,,78.26190771536288,0.0,,166035.1770945126,DIVIDENDO_BRUTO,,,
683,2024-04-29T07:00:00Z,OPEN_ENTRY,30ffe0fa733c104a08525a3d8ae1bf13c3838864ba1ac15ce6aa0056d6575399,benchmark,BH_BUY,AMS,ASML.AS,2024-04-29,,,1217.4786908554408,1213.3952211169967,2.3334112791108965,2.338157905039022,859.0,859.4295,EUR,EUR,1.0,,4.0793903480959735,0.004079390348095124,0.0020386758361297407,,0.0,,168659.88331440225,BH_REINVERSION_DIVIDENDO,,,
684,2024-04-29T07:00:00Z,OPEN_ENTRY,30ffe0fa733c104a08525a3d8ae1bf13c3838864ba1ac15ce6aa0056d6575399,benchmark,BH_BUY,PAR,OR.PA,2024-04-29,,,1213.3952211169967,1189.3730188265927,3.6397276197581854,3.6946725553933746,436.54998779296875,436.7682627868652,EUR,EUR,1.0,,23.998204086317706,0.0239982040863147,0.0119931054904114,,0.0,,168659.79787298595,BH_REINVERSION_DIVIDENDO,,,
685,2024-04-29T07:00:00Z,OPEN_ENTRY,30ffe0fa733c104a08525a3d8ae1bf13c3838864ba1ac15ce6aa0056d6575399,benchmark,BH_BUY,XETRA,MUV2.DE,2024-04-29,,,1189.3730188265927,1111.1111111112298,5.2174605143575254,5.405579563018398,415.3999938964844,415.6076938934326,EUR,EUR,1.0,,78.18372399137152,0.07818372399135853,0.03907232583276818,,0.0,,168659.3231918919,BH_REINVERSION_DIVIDENDO,,,
686,2024-04-29T15:30:00Z,CLOSE_DIVIDEND,30ffe0fa733c104a08525a3d8ae1bf13c3838864ba1ac15ce6aa0056d6575399,benchmark,BH_DIVIDEND,MCE,ITX.MC,2024-04-29,,,1111.1111111112298,1151.3045340746378,,,,,EUR,EUR,1.0,,,,,40.193422963408096,0.0,,168680.22608910073,DIVIDENDO_BRUTO,,,
687,2024-04-30T07:00:00Z,OPEN_ENTRY,30ffe0fa733c104a08525a3d8ae1bf13c3838864ba1ac15ce6aa0056d6575399,benchmark,BH_BUY,MCE,ITX.MC,2024-04-30,,,1151.3045340746378,1111.1111111112298,52.199250601828695,53.114071756816216,43.869998931884766,43.89193393135071,EUR,EUR,1.0,,40.153269693714385,0.040153269693711025,0.0200666015460829,,0.0,,168269.1202475686,BH_REINVERSION_DIVIDENDO,,,
688,2024-05-06T20:00:00Z,CLOSE_DIVIDEND,30ffe0fa733c104a08525a3d8ae1bf13c3838864ba1ac15ce6aa0056d6575399,benchmark,BH_DIVIDEND,NASDAQ,INTC,2024-05-06,,,1111.1111111112298,1114.8299219303196,,,,,USD,EURUSD,0.9279881217520417,2024-05-06T15:00:00Z,,,,3.7188108190899287,0.0,,168684.2478310368,DIVIDENDO_BRUTO,,,
689,2024-05-07T13:30:00Z,OPEN_ENTRY,30ffe0fa733c104a08525a3d8ae1bf13c3838864ba1ac15ce6aa0056d6575399,benchmark,BH_BUY,NASDAQ,INTC,2024-05-07,,,1114.8299219303196,1111.1111111112298,32.05912430921045,32.187827636281284,31.09000015258789,31.105545152664185,USD,EURUSD,0.9279881217520417,2024-05-06T15:00:00Z,3.7150957233665625,0.0037150957233662574,0.0018566195519073342,,0.0,,170669.26530831715,BH_REINVERSION_DIVIDENDO,,,
690,2024-05-09T15:30:00Z,CLOSE_DIVIDEND,30ffe0fa733c104a08525a3d8ae1bf13c3838864ba1ac15ce6aa0056d6575399,benchmark,BH_DIVIDEND,MCE,IBE.MC,2024-05-09,,,1111.1111111112298,1111.7119040740013,,,,,EUR,EUR,1.0,,,,,0.6007929627713925,0.0,,170255.1725519737,DIVIDENDO_BRUTO,,,
691,2024-05-09T15:30:00Z,CLOSE_DIVIDEND,30ffe0fa733c104a08525a3d8ae1bf13c3838864ba1ac15ce6aa0056d6575399,benchmark,BH_DIVIDEND,XETRA,ALV.DE,2024-05-09,,,1111.7119040740013,1199.773832503042,,,,,EUR,EUR,1.0,,,,,88.06192842904069,0.0,,170343.23448040272,DIVIDENDO_BRUTO,,,
692,2024-05-09T15:30:00Z,CLOSE_DIVIDEND,30ffe0fa733c104a08525a3d8ae1bf13c3838864ba1ac15ce6aa0056d6575399,benchmark,BH_DIVIDEND,XETRA,MBG.DE,2024-05-09,,,1199.773832503042,1301.3853072064053,,,,,EUR,EUR,1.0,,,,,101.61147470336316,0.0,,170444.84595510608,DIVIDENDO_BRUTO,,,
693,2024-05-10T07:00:00Z,OPEN_ENTRY,30ffe0fa733c104a08525a3d8ae1bf13c3838864ba1ac15ce6aa0056d6575399,benchmark,BH_BUY,MCE,IBE.MC,2024-05-10,,,1301.3853072064053,1300.7845142436338,120.15859255427848,120.20860446168265,11.994999885559082,12.000997385501861,EUR,EUR,1.0,,0.6001927700013912,0.0006001927700013399,0.0002999464117947925,,0.0,,170734.377814505,BH_REINVERSION_DIVIDENDO,,,
694,2024-05-10T07:00:00Z,OPEN_ENTRY,30ffe0fa733c104a08525a3d8ae1bf13c3838864ba1ac15ce6aa0056d6575399,benchmark,BH_BUY,XETRA,ALV.DE,2024-05-10,,,1300.7845142436338,1212.722585814593,6.381299161524687,6.712610357839643,265.3999938964844,265.5326938934326,EUR,EUR,1.0,,87.97395447456613,0.08797395447456324,0.04396499473991476,,0.0,,170733.55012002136,BH_REINVERSION_DIVIDENDO,,,
695,2024-05-10T07:00:00Z,OPEN_ENTRY,30ffe0fa733c104a08525a3d8ae1bf13c3838864ba1ac15ce6aa0056d6575399,benchmark,BH_BUY,XETRA,MBG.DE,2024-05-10,,,1212.722585814593,1111.1111111112298,19.171976359125125,20.64989672133833,68.6500015258789,68.68432652664184,EUR,EUR,1.0,,101.50996473862455,0.10150996473861085,0.050729617560523445,,0.0,,170732.95449982016,BH_REINVERSION_DIVIDENDO,,,
696,2024-05-10T20:00:00Z,CLOSE_DIVIDEND,30ffe0fa733c104a08525a3d8ae1bf13c3838864ba1ac15ce6aa0056d6575399,benchmark,BH_DIVIDEND,NASDAQ,AAPL,2024-05-10,,,1111.1111111112298,1113.1519034620133,,,,,USD,EURUSD,0.9277298450691158,2024-05-10T15:00:00Z,,,,2.0407923507835237,0.0,,170687.3171904608,DIVIDENDO_BRUTO,,,
697,2024-05-13T13:30:00Z,OPEN_ENTRY,30ffe0fa733c104a08525a3d8ae1bf13c3838864ba1ac15ce6aa0056d6575399,benchmark,BH_BUY,NASDAQ,AAPL,2024-05-13,,,1113.1519034620133,1111.1111111112298,8.799080299638241,8.810924962258802,185.44000244140625,185.53272244262695,USD,EURUSD,0.9277298450691158,2024-05-10T15:00:00Z,2.0387535971863375,0.0020387535971861936,0.0010188673649106585,,0.0,,170828.81739155515,BH_REINVERSION_DIVIDENDO,,,
698,2024-05-14T20:00:00Z,CLOSE_DIVIDEND,30ffe0fa733c104a08525a3d8ae1bf13c3838864ba1ac15ce6aa0056d6575399,benchmark,BH_DIVIDEND,NYSE,XOM,2024-05-14,,,1111.1111111112298,1122.2428291268654,,,,,USD,EURUSD,0.9262689885142646,2024-05-14T15:00:00Z,,,,11.131718015635597,0.0,,170858.6119231358,DIVIDENDO_BRUTO,,,
699,2024-05-15T13:30:00Z,OPEN_ENTRY,30ffe0fa733c104a08525a3d8ae1bf13c3838864ba1ac15ce6aa0056d6575399,benchmark,BH_BUY,NYSE,XOM,2024-05-15,,,1122.2428291268654,1111.1111111112298,12.650318704926516,12.752349119108098,117.61000061035156,117.66880561065673,USD,EURUSD,0.9262689885142646,2024-05-14T15:00:00Z,11.12059741821738,0.01112059741821625,0.005557519949133629,,0.0,,171645.06611325673,BH_REINVERSION_DIVIDENDO,,,
700,2024-05-15T20:00:00Z,CLOSE_DIVIDEND,30ffe0fa733c104a08525a3d8ae1bf13c3838864ba1ac15ce6aa0056d6575399,benchmark,BH_DIVIDEND,NASDAQ,MSFT,2024-05-15,,,1111.1111111112298,1114.4565197249385,,,,,USD,EURUSD,0.9231905465288036,2024-05-15T15:00:00Z,,,,3.3454086137086883,0.0,,172058.7255237105,DIVIDENDO_BRUTO,,,
701,2024-05-15T20:00:00Z,CLOSE_DIVIDEND,30ffe0fa733c104a08525a3d8ae1bf13c3838864ba1ac15ce6aa0056d6575399,benchmark,BH_DIVIDEND,NYSE,LLY,2024-05-15,,,1114.4565197249385,1119.3550810572372,,,,,USD,EURUSD,0.9231905465288036,2024-05-15T15:00:00Z,,,,4.898561332298745,0.0,,172063.6240850428,DIVIDENDO_BRUTO,,,
702,2024-05-16T13:30:00Z,OPEN_ENTRY,30ffe0fa733c104a08525a3d8ae1bf13c3838864ba1ac15ce6aa0056d6575399,benchmark,BH_BUY,NASDAQ,MSFT,2024-05-16,,,1119.3550810572372,1116.0096724435284,4.831662147159001,4.840240424612624,421.79998779296875,422.0108877868652,USD,EURUSD,0.9231905465288036,2024-05-15T15:00:00Z,3.342066547161527,0.003342066547161071,0.0016701981744934482,,0.0,,174042.45674268805,BH_REINVERSION_DIVIDENDO,,,
703,2024-05-16T13:30:00Z,OPEN_ENTRY,30ffe0fa733c104a08525a3d8ae1bf13c3838864ba1ac15ce6aa0056d6575399,benchmark,BH_BUY,NYSE,LLY,2024-05-16,,,1116.0096724435284,1111.1111111112298,4.0816320270353845,4.0883837844745825,784.7100219726562,785.1023769836426,USD,EURUSD,0.9231905465288036,2024-05-15T15:00:00Z,4.893667664634111,0.004893667664633838,0.0024456110268035237,,0.0,,174042.46380199064,BH_REINVERSION_DIVIDENDO,,,
704,2024-05-16T15:30:00Z,CLOSE_DIVIDEND,30ffe0fa733c104a08525a3d8ae1bf13c3838864ba1ac15ce6aa0056d6575399,benchmark,BH_DIVIDEND,XETRA,R6C0.DE,2024-05-16,,,1111.1111111112298,1124.1587038987504,,,,,EUR,EUR,1.0,,,,,13.047592787520653,0.0,,173789.5889427654,DIVIDENDO_BRUTO,,,
705,2024-05-16T15:30:00Z,CLOSE_DIVIDEND,30ffe0fa733c104a08525a3d8ae1bf13c3838864ba1ac15ce6aa0056d6575399,benchmark,BH_DIVIDEND,XETRA,SAP.DE,2024-05-16,,,1124.1587038987504,1152.1703635434276,,,,,EUR,EUR,1.0,,,,,28.011659644677188,0.0,,173817.6006024101,DIVIDENDO_BRUTO,,,
706,2024-05-16T20:00:00Z,CLOSE_DIVIDEND,30ffe0fa733c104a08525a3d8ae1bf13c3838864ba1ac15ce6aa0056d6575399,benchmark,BH_DIVIDEND,NYSE,CVX,2024-05-16,,,1152.1703635434276,1163.1414647178356,,,,,USD,EURUSD,0.9203018590097551,2024-05-16T15:00:00Z,,,,10.971101174407869,0.0,,173396.35400840337,DIVIDENDO_BRUTO,,,
707,2024-05-16T20:00:00Z,CLOSE_DIVIDEND,30ffe0fa733c104a08525a3d8ae1bf13c3838864ba1ac15ce6aa0056d6575399,benchmark,BH_DIVIDEND,NYSE,V,2024-05-16,,,1163.1414647178356,1166.0616136990275,,,,,USD,EURUSD,0.9203018590097551,2024-05-16T15:00:00Z,,,,2.9201489811919763,0.0,,173399.27415738456,DIVIDENDO_BRUTO,,,
708,2024-05-17T07:00:00Z,OPEN_ENTRY,30ffe0fa733c104a08525a3d8ae1bf13c3838864ba1ac15ce6aa0056d6575399,benchmark,BH_BUY,XETRA,R6C0.DE,2024-05-17,,,1166.0616136990275,1153.0140209115068,43.95023036029215,44.3428186883937,33.185001373291016,33.20159387397766,EUR,EUR,1.0,,13.034558229291363,0.013034558229289672,0.006514022103592368,,0.0,,172750.971723139,BH_REINVERSION_DIVIDENDO,,,
709,2024-05-17T07:00:00Z,OPEN_ENTRY,30ffe0fa733c104a08525a3d8ae1bf13c3838864ba1ac15ce6aa0056d6575399,benchmark,BH_BUY,XETRA,SAP.DE,2024-05-17,,,1153.0140209115068,1125.0023612668297,12.732572565762357,12.8917626147604,175.6999969482422,175.7878469467163,EUR,EUR,1.0,,27.983675968708482,0.027983675968705768,0.013984845561569835,,0.0,,172751.09531362867,BH_REINVERSION_DIVIDENDO,,,
710,2024-05-17T08:00:00Z,CLOSE_DIVIDEND,30ffe0fa733c104a08525a3d8ae1bf13c3838864ba1ac15ce6aa0056d6575399,benchmark,BH_DIVIDEND,HKG,0700.HK,2024-05-17,,,1125.0023612668297,1135.540110601355,,,,,HKD,EURHKD,0.11792730960635865,2024-05-16T15:00:00Z,,,,10.537749334525335,0.0,,172761.6330629632,DIVIDENDO_BRUTO,,,
711,2024-05-17T13:30:00Z,OPEN_ENTRY,30ffe0fa733c104a08525a3d8ae1bf13c3838864ba1ac15ce6aa0056d6575399,benchmark,BH_BUY,NYSE,CVX,2024-05-17,,,1135.540110601355,1124.569009426947,7.3136187338107925,7.387209692562419,161.75,161.830875,USD,EURUSD,0.9203018590097551,2024-05-16T15:00:00Z,10.960141033374494,0.010960141033374171,0.005477331850761312,,0.0,,172832.9231625391,BH_REINVERSION_DIVIDENDO,,,
712,2024-05-17T13:30:00Z,OPEN_ENTRY,30ffe0fa733c104a08525a3d8ae1bf13c3838864ba1ac15ce6aa0056d6575399,benchmark,BH_BUY,NYSE,V,2024-05-17,,,1124.569009426947,1121.6488604457552,6.101988236467695,6.113301502017083,280.04998779296875,280.1900127868652,USD,EURUSD,0.9203018590097551,2024-05-16T15:00:00Z,2.917231749442534,0.0029172317494423616,0.0014578869312555397,,0.0,,172832.9166010693,BH_REINVERSION_DIVIDENDO,,,
713,2024-05-17T15:30:00Z,CLOSE_DIVIDEND,30ffe0fa733c104a08525a3d8ae1bf13c3838864ba1ac15ce6aa0056d6575399,benchmark,BH_DIVIDEND,XETRA,DBK.DE,2024-05-17,,,1121.6488604457552,1176.7638242220544,,,,,EUR,EUR,1.0,,,,,55.114963776299234,0.0,,173020.90018374656,DIVIDENDO_BRUTO,,,
714,2024-05-20T01:30:00Z,OPEN_ENTRY,30ffe0fa733c104a08525a3d8ae1bf13c3838864ba1ac15ce6aa0056d6575399,benchmark,BH_BUY,HKG,0700.HK,2024-05-20,,,1176.7638242220544,1166.226074887529,26.281766707914095,26.505987844376126,397.0,397.19849999999997,HKD,EURHKD,0.11820330969267138,2024-05-17T15:00:00Z,10.527222112412923,0.01052722211241175,0.005260980565922633,,0.0,,173024.21727475687,BH_REINVERSION_DIVIDENDO,,,
715,2024-05-20T07:00:00Z,OPEN_ENTRY,30ffe0fa733c104a08525a3d8ae1bf13c3838864ba1ac15ce6aa0056d6575399,benchmark,BH_BUY,XETRA,DBK.DE,2024-05-20,,,1166.226074887529,1111.1111111112298,122.47769728066497,125.9829449460892,15.699999809265137,15.707849809169769,EUR,EUR,1.0,,55.059903872426815,0.05505990387241866,0.027516193839292467,,0.0,,173006.70899535075,BH_REINVERSION_DIVIDENDO,,,
716,2024-05-20T15:30:00Z,CLOSE_DIVIDEND,30ffe0fa733c104a08525a3d8ae1bf13c3838864ba1ac15ce6aa0056d6575399,benchmark,BH_DIVIDEND,MIL,ENI.MI,2024-05-20,,,1111.1111111112298,1132.9431063083657,,,,,EUR,EUR,1.0,,,,,21.831995197136017,0.0,,172862.7639038608,DIVIDENDO_BRUTO,,,
717,2024-05-21T07:00:00Z,OPEN_ENTRY,30ffe0fa733c104a08525a3d8ae1bf13c3838864ba1ac15ce6aa0056d6575399,benchmark,BH_BUY,MIL,ENI.MI,2024-05-21,,,1132.9431063083657,1111.1111111112298,94.92171824841746,96.40972411442895,14.649999618530273,14.657324618339537,EUR,EUR,1.0,,21.810185012123895,0.021810185012121508,0.010899642684717136,,0.0,,174373.15029407237,BH_REINVERSION_DIVIDENDO,,,
718,2024-05-22T20:00:00Z,CLOSE_DIVIDEND,30ffe0fa733c104a08525a3d8ae1bf13c3838864ba1ac15ce6aa0056d6575399,benchmark,BH_DIVIDEND,NASDAQ,AMAT,2024-05-22,,,1111.1111111112298,1115.5791144433229,,,,,USD,EURUSD,0.9233610341643583,2024-05-22T15:00:00Z,,,,4.468003332093088,0.0,,174219.7752216163,DIVIDENDO_BRUTO,,,
719,2024-05-23T13:30:00Z,OPEN_ENTRY,30ffe0fa733c104a08525a3d8ae1bf13c3838864ba1ac15ce6aa0056d6575399,benchmark,BH_BUY,NASDAQ,AMAT,2024-05-23,,,1115.5791144433229,1111.1111111112298,12.097119021642031,12.118592789624982,225.0,225.11249999999998,USD,EURUSD,0.9233610341643583,2024-05-22T15:00:00Z,4.463539792300788,0.004463539792300075,0.002230654568865623,,0.0,,174164.9977559867,BH_REINVERSION_DIVIDENDO,,,
720,2024-05-28T15:30:00Z,CLOSE_DIVIDEND,30ffe0fa733c104a08525a3d8ae1bf13c3838864ba1ac15ce6aa0056d6575399,benchmark,BH_DIVIDEND,PAR,SAF.PA,2024-05-28,,,1111.1111111112298,1138.6677199695746,,,,,EUR,EUR,1.0,,,,,27.556608858344706,0.0,,175647.11673511146,DIVIDENDO_BRUTO,,,
721,2024-05-28T15:30:00Z,CLOSE_DIVIDEND,30ffe0fa733c104a08525a3d8ae1bf13c3838864ba1ac15ce6aa0056d6575399,benchmark,BH_DIVIDEND,PAR,SU.PA,2024-05-28,,,1138.6677199695746,1171.5916154173776,,,,,EUR,EUR,1.0,,,,,32.923895447803055,0.0,,175680.04063055926,DIVIDENDO_BRUTO,,,
722,2024-05-29T07:00:00Z,OPEN_ENTRY,30ffe0fa733c104a08525a3d8ae1bf13c3838864ba1ac15ce6aa0056d6575399,benchmark,BH_BUY,PAR,SAF.PA,2024-05-29,,,1171.5916154173776,1144.0350065590328,12.525731299247592,12.653888367289566,214.6999969482422,214.8073469467163,EUR,EUR,1.0,,27.529079778566143,0.02752907977856367,0.013757661058753607,,0.0,,175836.55354525356,BH_REINVERSION_DIVIDENDO,,,
723,2024-05-29T07:00:00Z,OPEN_ENTRY,30ffe0fa733c104a08525a3d8ae1bf13c3838864ba1ac15ce6aa0056d6575399,benchmark,BH_BUY,PAR,SU.PA,2024-05-29,,,1144.0350065590328,1111.1111111112298,9.406827270800873,9.548527991317165,232.0,232.11599999999999,EUR,EUR,1.0,,32.8910044433597,0.03289100444335702,0.016437283579887843,,0.0,,175836.60340703747,BH_REINVERSION_DIVIDENDO,,,
724,2024-05-30T20:00:00Z,CLOSE_DIVIDEND,30ffe0fa733c104a08525a3d8ae1bf13c3838864ba1ac15ce6aa0056d6575399,benchmark,BH_DIVIDEND,NASDAQ,QCOM,2024-05-30,,,1111.1111111112298,1118.420150444983,,,,,USD,EURUSD,0.9246417013407305,2024-05-30T15:00:00Z,,,,7.309039333753276,0.0,,174867.0123920931,DIVIDENDO_BRUTO,,,
725,2024-05-30T20:00:00Z,CLOSE_DIVIDEND,30ffe0fa733c104a08525a3d8ae1bf13c3838864ba1ac15ce6aa0056d6575399,benchmark,BH_DIVIDEND,NYSE,GS,2024-05-30,,,1118.420150444983,1129.348142295097,,,,,USD,EURUSD,0.9246417013407305,2024-05-30T15:00:00Z,,,,10.927991850113935,0.0,,174877.9403839432,DIVIDENDO_BRUTO,,,
726,2024-05-31T13:30:00Z,OPEN_ENTRY,30ffe0fa733c104a08525a3d8ae1bf13c3838864ba1ac15ce6aa0056d6575399,benchmark,BH_BUY,NASDAQ,QCOM,2024-05-31,,,1129.348142295097,1122.0391029613438,9.299677693475491,9.337624245248854,208.0,208.10399999999998,USD,EURUSD,0.9246417013407305,2024-05-30T15:00:00Z,7.301737596157119,0.007301737596156599,0.003649044275940063,,0.0,,173266.16923992304,BH_REINVERSION_DIVIDENDO,,,
727,2024-05-31T13:30:00Z,OPEN_ENTRY,30ffe0fa733c104a08525a3d8ae1bf13c3838864ba1ac15ce6aa0056d6575399,benchmark,BH_BUY,NYSE,GS,2024-05-31,,,1122.0391029613438,1111.1111111112298,4.297681158508444,4.323919409254041,449.760009765625,449.9848897705078,USD,EURUSD,0.9246417013407305,2024-05-30T15:00:00Z,10.917074775338598,0.010917074775337099,0.005455809482926986,,0.0,,173266.16426972937,BH_REINVERSION_DIVIDENDO,,,
728,2024-05-31T20:00:00Z,CLOSE_DIVIDEND,30ffe0fa733c104a08525a3d8ae1bf13c3838864ba1ac15ce6aa0056d6575399,benchmark,BH_DIVIDEND,NYSE,INFY,2024-05-31,,,1111.1111111112298,1131.7484733682543,,,,,USD,EURUSD,0.9214891264283082,2024-05-31T15:00:00Z,,,,20.63736225702454,0.0,,172640.09792609443,DIVIDENDO_BRUTO,,,
729,2024-06-03T13:30:00Z,OPEN_ENTRY,30ffe0fa733c104a08525a3d8ae1bf13c3838864ba1ac15ce6aa0056d6575399,benchmark,BH_BUY,NYSE,INFY,2024-06-03,,,1131.7484733682543,1111.1111111112298,66.85273289947173,68.17828773415206,16.8700008392334,16.878435839653015,USD,EURUSD,0.9214891264283082,2024-05-31T15:00:00Z,20.61674551151303,0.020616745511510715,0.010303221145183993,,0.0,,172685.53418520198,BH_REINVERSION_DIVIDENDO,,,
730,2024-06-03T20:00:00Z,CLOSE_DIVIDEND,30ffe0fa733c104a08525a3d8ae1bf13c3838864ba1ac15ce6aa0056d6575399,benchmark,BH_DIVIDEND,NYSE,LMT,2024-06-03,,,1111.1111111112298,1119.4394838621606,,,,,USD,EURUSD,0.9223390518354546,2024-06-03T15:00:00Z,,,,8.328372750930907,0.0,,173340.79938646875,DIVIDENDO_BRUTO,,,
731,2024-06-04T13:30:00Z,OPEN_ENTRY,30ffe0fa733c104a08525a3d8ae1bf13c3838864ba1ac15ce6aa0056d6575399,benchmark,BH_BUY,NYSE,LMT,2024-06-04,,,1119.4394838621606,1111.1111111112298,2.8665465830346952,2.8858319307289606,467.510009765625,467.74376477050777,USD,EURUSD,0.9223390518354546,2024-06-03T15:00:00Z,8.320052698232676,0.008320052698230995,0.004157947375427807,,0.0,,173946.08166274417,BH_REINVERSION_DIVIDENDO,,,
732,2024-06-10T20:00:00Z,CLOSE_DIVIDEND,30ffe0fa733c104a08525a3d8ae1bf13c3838864ba1ac15ce6aa0056d6575399,benchmark,BH_DIVIDEND,NASDAQ,GOOGL,2024-06-10,,,1111.1111111112298,1113.1356085619466,,,,,USD,EURUSD,0.9297136481963556,2024-06-10T15:00:00Z,,,,2.024497450716774,0.0,,178328.6432395777,DIVIDENDO_BRUTO,,,
733,2024-06-11T13:30:00Z,OPEN_ENTRY,30ffe0fa733c104a08525a3d8ae1bf13c3838864ba1ac15ce6aa0056d6575399,benchmark,BH_BUY,NASDAQ,GOOGL,2024-06-11,,,1113.1356085619466,1111.1111111112298,10.88774728995481,10.90008576984004,176.22000122070312,176.30811122131345,USD,EURUSD,0.9297136481963556,2024-06-10T15:00:00Z,2.022474975741033,0.0020224749757407068,0.0010107321218093433,,0.0,,179075.0203334393,BH_REINVERSION_DIVIDENDO,,,
734,2024-06-11T20:00:00Z,CLOSE_DIVIDEND,30ffe0fa733c104a08525a3d8ae1bf13c3838864ba1ac15ce6aa0056d6575399,benchmark,BH_DIVIDEND,NASDAQ,NVDA,2024-06-11,,,1111.1111111112298,1111.7990020033824,,,,,USD,EURUSD,0.9319664492078286,2024-06-11T15:00:00Z,,,,0.6878908921527135,0.0,,178724.13938892074,DIVIDENDO_BRUTO,,,
735,2024-06-12T08:00:00Z,CLOSE_DIVIDEND,30ffe0fa733c104a08525a3d8ae1bf13c3838864ba1ac15ce6aa0056d6575399,benchmark,BH_DIVIDEND,HKG,9988.HK,2024-06-12,,,1111.7990020033824,1130.0308702032191,,,,,HKD,EURHKD,0.11932889429846542,2024-06-11T15:00:00Z,,,,18.231868199836807,0.0,,178794.51656519633,DIVIDENDO_BRUTO,,,
736,2024-06-12T13:30:00Z,OPEN_ENTRY,30ffe0fa733c104a08525a3d8ae1bf13c3838864ba1ac15ce6aa0056d6575399,benchmark,BH_BUY,NASDAQ,NVDA,2024-06-12,,,1130.0308702032191,1129.3429793110665,73.81069272798615,73.81668168517626,123.05999755859375,123.12152755737304,USD,EURUSD,0.9319664492078286,2024-06-11T15:00:00Z,0.6872036884642493,0.0006872036884641997,0.00034343012916751553,,0.0,,178742.4043241739,BH_REINVERSION_DIVIDENDO,,,
737,2024-06-13T01:30:00Z,OPEN_ENTRY,30ffe0fa733c104a08525a3d8ae1bf13c3838864ba1ac15ce6aa0056d6575399,benchmark,BH_BUY,HKG,9988.HK,2024-06-13,,,1129.3429793110665,1111.1111111112298,93.92934428492703,95.96211334450214,75.30000305175781,75.33765305328369,HKD,EURHKD,0.11893151923122665,2024-06-12T15:00:00Z,18.21365454529152,0.01821365454528845,0.009102276134577673,,0.0,,180882.58926660946,BH_REINVERSION_DIVIDENDO,,,
738,2024-06-13T15:30:00Z,CLOSE_DIVIDEND,30ffe0fa733c104a08525a3d8ae1bf13c3838864ba1ac15ce6aa0056d6575399,benchmark,BH_DIVIDEND,XETRA,EQQQ.DE,2024-06-13,,,1111.1111111112298,1112.684175435256,,,,,EUR,EUR,1.0,,,,,1.573064324026308,0.0,,180812.3194222148,DIVIDENDO_BRUTO,,,
739,2024-06-13T20:00:00Z,CLOSE_DIVIDEND,30ffe0fa733c104a08525a3d8ae1bf13c3838864ba1ac15ce6aa0056d6575399,benchmark,BH_DIVIDEND,NYSE,TSM,2024-06-13,,,1112.684175435256,1119.706409771583,,,,,USD,EURUSD,0.9272997032640949,2024-06-13T15:00:00Z,,,,7.02223433632687,0.0,,180007.13418654562,DIVIDENDO_BRUTO,,,
740,2024-06-14T07:00:00Z,OPEN_ENTRY,30ffe0fa733c104a08525a3d8ae1bf13c3838864ba1ac15ce6aa0056d6575399,benchmark,BH_BUY,XETRA,EQQQ.DE,2024-06-14,,,1119.706409771583,1118.1333454475566,4.16421180762898,4.16772530169082,447.04998779296875,447.2735127868652,EUR,EUR,1.0,,1.571492831195113,0.0015714928311949539,0.000785353738728012,,0.0,,180414.19122699305,BH_REINVERSION_DIVIDENDO,,,
741,2024-06-14T13:30:00Z,OPEN_ENTRY,30ffe0fa733c104a08525a3d8ae1bf13c3838864ba1ac15ce6aa0056d6575399,benchmark,BH_BUY,NYSE,TSM,2024-06-14,,,1118.1333454475566,1111.1111111112298,13.920546890247971,13.964508701760813,172.0,172.08599999999998,USD,EURUSD,0.9272997032640949,2024-06-13T15:00:00Z,7.015219117209662,0.007015219117208815,0.003505856630289047,,0.0,,180370.65903518145,BH_REINVERSION_DIVIDENDO,,,
742,2024-06-14T20:00:00Z,CLOSE_DIVIDEND,30ffe0fa733c104a08525a3d8ae1bf13c3838864ba1ac15ce6aa0056d6575399,benchmark,BH_DIVIDEND,NASDAQ,META,2024-06-14,,,1111.1111111112298,1114.3833867494527,,,,,USD,EURUSD,0.9358038555118847,2024-06-14T15:00:00Z,,,,3.272275638222904,0.0,,180514.07950077564,DIVIDENDO_BRUTO,,,
743,2024-06-17T13:30:00Z,OPEN_ENTRY,30ffe0fa733c104a08525a3d8ae1bf13c3838864ba1ac15ce6aa0056d6575399,benchmark,BH_BUY,NASDAQ,META,2024-06-17,,,1114.3833867494527,1111.1111111112298,6.99350749400999,7.000467277604185,501.6700134277344,501.9208484344482,USD,EURUSD,0.9358038555118847,2024-06-14T15:00:00Z,3.269006631591313,0.0032690066315907984,0.0016336864725591223,,0.0,,180626.56228346526,BH_REINVERSION_DIVIDENDO,,,
744,2024-06-17T15:30:00Z,CLOSE_DIVIDEND,30ffe0fa733c104a08525a3d8ae1bf13c3838864ba1ac15ce6aa0056d6575399,benchmark,BH_DIVIDEND,XETRA,EXSA.DE,2024-06-17,,,1111.1111111112298,1128.060600053966,,,,,EUR,EUR,1.0,,,,,16.949488942736362,0.0,,180318.2091991051,DIVIDENDO_BRUTO,,,
745,2024-06-18T07:00:00Z,OPEN_ENTRY,30ffe0fa733c104a08525a3d8ae1bf13c3838864ba1ac15ce6aa0056d6575399,benchmark,BH_BUY,XETRA,EXSA.DE,2024-06-18,,,1128.060600053966,1111.1111111112298,28.096816663549724,28.427300839330776,51.209999084472656,51.23560408401489,EUR,EUR,1.0,,16.932556386350015,0.016932556386347386,0.008462047169588654,,0.0,,181929.52261285298,BH_REINVERSION_DIVIDENDO,,,
746,2024-06-19T15:30:00Z,CLOSE_DIVIDEND,30ffe0fa733c104a08525a3d8ae1bf13c3838864ba1ac15ce6aa0056d6575399,benchmark,BH_DIVIDEND,PAR,TTE.PA,2024-06-19,,,1111.1111111112298,1129.4326887970012,,,,,EUR,EUR,1.0,,,,,18.321577685771544,0.0,,183194.6199392873,DIVIDENDO_BRUTO,,,
747,2024-06-20T07:00:00Z,OPEN_ENTRY,30ffe0fa733c104a08525a3d8ae1bf13c3838864ba1ac15ce6aa0056d6575399,benchmark,BH_BUY,PAR,TTE.PA,2024-06-20,,,1129.4326887970012,1111.1111111112298,23.191870488318408,23.487604842783078,61.86000061035156,61.89093061065673,EUR,EUR,1.0,,18.303274411360185,0.018303274411358927,0.009147063673841138,,0.0,,183365.06215223312,BH_REINVERSION_DIVIDENDO,,,
748,2024-06-24T20:00:00Z,CLOSE_DIVIDEND,30ffe0fa733c104a08525a3d8ae1bf13c3838864ba1ac15ce6aa0056d6575399,benchmark,BH_DIVIDEND,NASDAQ,AVGO,2024-06-24,,,1111.1111111112298,1122.4986191877092,,,,,USD,EURUSD,0.9319664492078286,2024-06-24T15:00:00Z,,,,11.387508076479392,0.0,,181714.2302330692,DIVIDENDO_BRUTO,,,
749,2024-06-25T13:30:00Z,OPEN_ENTRY,30ffe0fa733c104a08525a3d8ae1bf13c3838864ba1ac15ce6aa0056d6575399,benchmark,BH_BUY,NASDAQ,AVGO,2024-06-25,,,1122.4986191877092,1111.1111111112298,23.27389745916645,23.350144322200016,160.01300048828125,160.0930069885254,USD,EURUSD,0.9319664492078286,2024-06-24T15:00:00Z,11.376131944534858,0.011376131944533796,0.0056852233605869905,,0.0,,180501.23646415336,BH_REINVERSION_DIVIDENDO,,,
750,2024-07-04T15:30:00Z,CLOSE_DIVIDEND,30ffe0fa733c104a08525a3d8ae1bf13c3838864ba1ac15ce6aa0056d6575399,benchmark,BH_DIVIDEND,MCE,IBE.MC,2024-07-04,,,1111.1111111112298,1153.3043312772804,,,,,EUR,EUR,1.0,,,,,42.19322016605061,0.0,,184858.6424277917,DIVIDENDO_BRUTO,,,
751,2024-07-05T07:00:00Z,OPEN_ENTRY,30ffe0fa733c104a08525a3d8ae1bf13c3838864ba1ac15ce6aa0056d6575399,benchmark,BH_BUY,MCE,IBE.MC,2024-07-05,,,1153.3043312772804,1111.1111111112298,120.20860446168265,123.76387895439798,11.850000381469727,11.85592538166046,EUR,EUR,1.0,,42.15106909695366,0.04215106909694555,0.021065002047450227,,0.0,,185187.74549662037,BH_REINVERSION_DIVIDENDO,,,
752,2024-07-08T20:00:00Z,CLOSE_DIVIDEND,30ffe0fa733c104a08525a3d8ae1bf13c3838864ba1ac15ce6aa0056d6575399,benchmark,BH_DIVIDEND,NASDAQ,MU,2024-07-08,,,1111.1111111112298,1113.2146416449611,,,,,USD,EURUSD,0.9229349330872174,2024-07-08T15:00:00Z,,,,2.1035305337314587,0.0,,185380.07577178394,DIVIDENDO_BRUTO,,,
753,2024-07-09T13:30:00Z,OPEN_ENTRY,30ffe0fa733c104a08525a3d8ae1bf13c3838864ba1ac15ce6aa0056d6575399,benchmark,BH_BUY,NASDAQ,MU,2024-07-09,,,1113.2146416449611,1111.1111111112298,19.818915941722047,19.83618926661454,131.75,131.815875,USD,EURUSD,0.9229349330872174,2024-07-08T15:00:00Z,2.101429104626832,0.0021014291046266287,0.0010501894575847108,,0.0,,185934.9563602263,BH_REINVERSION_DIVIDENDO,,,
754,2024-07-09T20:00:00Z,CLOSE_DIVIDEND,30ffe0fa733c104a08525a3d8ae1bf13c3838864ba1ac15ce6aa0056d6575399,benchmark,BH_DIVIDEND,NYSE,CRM,2024-07-09,,,1111.1111111112298,1113.6572379156667,,,,,USD,EURUSD,0.9247272054743851,2024-07-09T15:00:00Z,,,,2.546126804436902,0.0,,185448.42818453626,DIVIDENDO_BRUTO,,,
755,2024-07-09T20:00:00Z,CLOSE_DIVIDEND,30ffe0fa733c104a08525a3d8ae1bf13c3838864ba1ac15ce6aa0056d6575399,benchmark,BH_DIVIDEND,NYSE,MA,2024-07-09,,,1113.6572379156667,1115.8957797508845,,,,,USD,EURUSD,0.9247272054743851,2024-07-09T15:00:00Z,,,,2.238541835217785,0.0,,185450.66672637148,DIVIDENDO_BRUTO,,,
756,2024-07-10T13:30:00Z,OPEN_ENTRY,30ffe0fa733c104a08525a3d8ae1bf13c3838864ba1ac15ce6aa0056d6575399,benchmark,BH_BUY,NYSE,CRM,2024-07-10,,,1115.8957797508845,1113.3496529464476,6.883453815795163,6.894398307438033,251.1999969482422,251.3255969467163,USD,EURUSD,0.9247272054743851,2024-07-09T15:00:00Z,2.5435832212156866,0.0025435832212155063,0.001271156032591488,,0.0,,185222.1753767762,BH_REINVERSION_DIVIDENDO,,,
757,2024-07-10T13:30:00Z,OPEN_ENTRY,30ffe0fa733c104a08525a3d8ae1bf13c3838864ba1ac15ce6aa0056d6575399,benchmark,BH_BUY,NYSE,MA,2024-07-10,,,1113.3496529464476,1111.1111111112298,3.6678168797038064,3.673378491988744,434.6099853515625,434.82729034423824,USD,EURUSD,0.9247272054743851,2024-07-09T15:00:00Z,2.236305529688097,0.0022363055296876766,0.001117593967859885,,0.0,,185222.22391562437,BH_REINVERSION_DIVIDENDO,,,
758,2024-07-11T20:00:00Z,CLOSE_DIVIDEND,30ffe0fa733c104a08525a3d8ae1bf13c3838864ba1ac15ce6aa0056d6575399,benchmark,BH_DIVIDEND,NYSE,ORCL,2024-07-11,,,1111.1111111112298,1117.2388376473305,,,,,USD,EURUSD,0.921234454168586,2024-07-11T15:00:00Z,,,,6.127726536100709,0.0,,186331.92735744783,DIVIDENDO_BRUTO,,,
759,2024-07-12T13:30:00Z,OPEN_ENTRY,30ffe0fa733c104a08525a3d8ae1bf13c3838864ba1ac15ce6aa0056d6575399,benchmark,BH_BUY,NYSE,ORCL,2024-07-12,,,1117.2388376473305,1111.1111111112298,16.629117887343295,16.67565759023494,142.7100067138672,142.78136171722412,USD,EURUSD,0.921234454168586,2024-07-11T15:00:00Z,6.12160493116954,0.006121604931168534,0.0030592728291699315,,0.0,,184129.67942158287,BH_REINVERSION_DIVIDENDO,,,
760,2024-07-12T20:00:00Z,CLOSE_DIVIDEND,30ffe0fa733c104a08525a3d8ae1bf13c3838864ba1ac15ce6aa0056d6575399,benchmark,BH_DIVIDEND,NASDAQ,MRVL,2024-07-12,,,1111.1111111112298,1112.414964892843,,,,,USD,EURUSD,0.9182736455463728,2024-07-12T15:00:00Z,,,,1.3038537816133784,0.0,,184469.51450702414,DIVIDENDO_BRUTO,,,
761,2024-07-15T13:30:00Z,OPEN_ENTRY,30ffe0fa733c104a08525a3d8ae1bf13c3838864ba1ac15ce6aa0056d6575399,benchmark,BH_BUY,NASDAQ,MRVL,2024-07-15,,,1112.414964892843,1111.1111111112298,23.664946136282822,23.68413630219906,73.87999725341797,73.91693725204468,USD,EURUSD,0.9182736455463728,2024-07-12T15:00:00Z,1.3025512303829956,0.001302551230382809,0.0006509501401214011,,0.0,,185160.79475728588,BH_REINVERSION_DIVIDENDO,,,
762,2024-07-15T20:00:00Z,CLOSE_DIVIDEND,30ffe0fa733c104a08525a3d8ae1bf13c3838864ba1ac15ce6aa0056d6575399,benchmark,BH_DIVIDEND,NYSE,ABBV,2024-07-15,,,1111.1111111112298,1123.8841641977674,,,,,USD,EURUSD,0.9168423947923352,2024-07-15T15:00:00Z,,,,12.773053086537598,0.0,,184754.5029943814,DIVIDENDO_BRUTO,,,
763,2024-07-16T13:30:00Z,OPEN_ENTRY,30ffe0fa733c104a08525a3d8ae1bf13c3838864ba1ac15ce6aa0056d6575399,benchmark,BH_BUY,NYSE,ABBV,2024-07-16,,,1123.8841641977674,1111.1111111112298,8.988109033217134,9.070616123955876,168.60000610351562,168.68430610656736,USD,EURUSD,0.9168423947923352,2024-07-15T15:00:00Z,12.760292793743854,0.012760292793743133,0.006376957917911423,,0.0,,185907.0096900353,BH_REINVERSION_DIVIDENDO,,,
764,2024-07-16T15:30:00Z,CLOSE_DIVIDEND,30ffe0fa733c104a08525a3d8ae1bf13c3838864ba1ac15ce6aa0056d6575399,benchmark,BH_DIVIDEND,XETRA,EXH1.DE,2024-07-16,,,1111.1111111112298,1119.9564501057985,,,,,EUR,EUR,1.0,,,,,8.845338994568616,0.0,,185935.7012939257,DIVIDENDO_BRUTO,,,
765,2024-07-16T15:30:00Z,CLOSE_DIVIDEND,30ffe0fa733c104a08525a3d8ae1bf13c3838864ba1ac15ce6aa0056d6575399,benchmark,BH_DIVIDEND,XETRA,EXV1.DE,2024-07-16,,,1119.9564501057985,1202.996210579568,,,,,EUR,EUR,1.0,,,,,83.03976047376955,0.0,,186018.74105439946,DIVIDENDO_BRUTO,,,
766,2024-07-17T07:00:00Z,OPEN_ENTRY,30ffe0fa733c104a08525a3d8ae1bf13c3838864ba1ac15ce6aa0056d6575399,benchmark,BH_BUY,XETRA,EXH1.DE,2024-07-17,,,1202.996210579568,1194.1508715849993,34.90579936768906,35.14764181944551,36.52000045776367,36.53826045799255,EUR,EUR,1.0,,8.83650249207654,0.008836502492075127,0.004416043224425123,,0.0,,185565.46284908018,BH_REINVERSION_DIVIDENDO,,,
767,2024-07-17T07:00:00Z,OPEN_ENTRY,30ffe0fa733c104a08525a3d8ae1bf13c3838864ba1ac15ce6aa0056d6575399,benchmark,BH_BUY,XETRA,EXV1.DE,2024-07-17,,,1194.1508715849993,1111.1111111112298,94.54181184459479,98.76443087852095,19.63599967956543,19.645817679405212,EUR,EUR,1.0,,82.95680367009946,0.08295680367008629,0.0414576729985495,,0.0,,185565.23709103797,BH_REINVERSION_DIVIDENDO,,,
768,2024-07-18T15:30:00Z,CLOSE_DIVIDEND,30ffe0fa733c104a08525a3d8ae1bf13c3838864ba1ac15ce6aa0056d6575399,benchmark,BH_DIVIDEND,XETRA,EUNH.DE,2024-07-18,,,1111.1111111112298,1121.9655507559944,,,,,EUR,EUR,1.0,,,,,10.854439644764575,0.0,,180488.1753878036,DIVIDENDO_BRUTO,,,
769,2024-07-19T07:00:00Z,OPEN_ENTRY,30ffe0fa733c104a08525a3d8ae1bf13c3838864ba1ac15ce6aa0056d6575399,benchmark,BH_BUY,XETRA,EUNH.DE,2024-07-19,,,1121.9655507559944,1111.1111111112298,10.132972035814579,10.231500917271267,110.0,110.05499999999999,EUR,EUR,1.0,,10.843596048715861,0.010843596048713877,0.005419088480117145,,0.0,,179360.82577336117,BH_REINVERSION_DIVIDENDO,,,
770,2024-07-22T20:00:00Z,CLOSE_DIVIDEND,30ffe0fa733c104a08525a3d8ae1bf13c3838864ba1ac15ce6aa0056d6575399,benchmark,BH_DIVIDEND,NYSE,CAT,2024-07-22,,,1111.1111111112298,1118.6371244715237,,,,,USD,EURUSD,0.9184423218221895,2024-07-22T15:00:00Z,,,,7.526013360293979,0.0,,179018.48670029108,DIVIDENDO_BRUTO,,,
771,2024-07-23T13:30:00Z,OPEN_ENTRY,30ffe0fa733c104a08525a3d8ae1bf13c3838864ba1ac15ce6aa0056d6575399,benchmark,BH_BUY,NYSE,CAT,2024-07-23,,,1118.6371244715237,1111.1111111112298,5.811576841622756,5.835242840889187,345.7300109863281,345.90287599182125,USD,EURUSD,0.9184423218221895,2024-07-22T15:00:00Z,7.5184948654285515,0.007518494865427883,0.0037573687483391975,,0.0,,180333.82239035278,BH_REINVERSION_DIVIDENDO,,,
772,2024-07-29T15:30:00Z,CLOSE_DIVIDEND,30ffe0fa733c104a08525a3d8ae1bf13c3838864ba1ac15ce6aa0056d6575399,benchmark,BH_DIVIDEND,AMS,ASML.AS,2024-07-29,,,1111.1111111112298,1114.665111126889,,,,,EUR,EUR,1.0,,,,,3.5540000156593137,0.0,,176475.91002044798,DIVIDENDO_BRUTO,,,
773,2024-07-30T07:00:00Z,OPEN_ENTRY,30ffe0fa733c104a08525a3d8ae1bf13c3838864ba1ac15ce6aa0056d6575399,benchmark,BH_BUY,AMS,ASML.AS,2024-07-30,,,1114.665111126889,1111.1111111112298,2.338157905039022,2.3424308433032954,830.5,830.9152499999999,EUR,EUR,1.0,,3.5504495660932207,0.0035504495660929614,0.0017743376142390671,,0.0,,175489.0904101442,BH_REINVERSION_DIVIDENDO,,,
774,2024-08-07T20:00:00Z,CLOSE_DIVIDEND,30ffe0fa733c104a08525a3d8ae1bf13c3838864ba1ac15ce6aa0056d6575399,benchmark,BH_DIVIDEND,NASDAQ,INTC,2024-08-07,,,1111.1111111112298,1114.794940496448,,,,,USD,EURUSD,0.9155832265152902,2024-08-07T15:00:00Z,,,,3.683829385218056,0.0,,167526.05631446032,DIVIDENDO_BRUTO,,,
775,2024-08-08T13:30:00Z,OPEN_ENTRY,30ffe0fa733c104a08525a3d8ae1bf13c3838864ba1ac15ce6aa0056d6575399,benchmark,BH_BUY,NASDAQ,INTC,2024-08-08,,,1114.794940496448,1111.1111111112298,32.187827636281284,32.398165342572746,19.100000381469727,19.109550381660462,USD,EURUSD,0.9155832265152902,2024-08-07T15:00:00Z,3.6801492359820744,0.003680149235981478,0.0018391550404709004,,0.0,,165950.4278671661,BH_REINVERSION_DIVIDENDO,,,
776,2024-08-09T20:00:00Z,CLOSE_DIVIDEND,30ffe0fa733c104a08525a3d8ae1bf13c3838864ba1ac15ce6aa0056d6575399,benchmark,BH_DIVIDEND,NASDAQ,AZN,2024-08-09,,,1111.1111111112298,1120.6068570159389,,,,,USD,EURUSD,0.9160025648071816,2024-08-09T15:00:00Z,,,,9.495745904708999,0.0,,170311.23566899844,DIVIDENDO_BRUTO,,,
777,2024-08-09T20:00:00Z,CLOSE_DIVIDEND,30ffe0fa733c104a08525a3d8ae1bf13c3838864ba1ac15ce6aa0056d6575399,benchmark,BH_DIVIDEND,NYSE,V,2024-08-09,,,1120.6068570159389,1123.5187529406883,,,,,USD,EURUSD,0.9160025648071816,2024-08-09T15:00:00Z,,,,2.9118959247493668,0.0,,170314.14756492322,DIVIDENDO_BRUTO,,,
778,2024-08-12T13:30:00Z,OPEN_ENTRY,30ffe0fa733c104a08525a3d8ae1bf13c3838864ba1ac15ce6aa0056d6575399,benchmark,BH_BUY,NASDAQ,AZN,2024-08-12,,,1123.5187529406883,1114.0230070359792,10.366505804170812,10.429930892167077,163.1999969482422,163.2815969467163,USD,EURUSD,0.9160025648071816,2024-08-09T15:00:00Z,9.486259645063935,0.009486259645063555,0.004740759442809573,,0.0,,171131.1462876661,BH_REINVERSION_DIVIDENDO,,,
779,2024-08-12T13:30:00Z,OPEN_ENTRY,30ffe0fa733c104a08525a3d8ae1bf13c3838864ba1ac15ce6aa0056d6575399,benchmark,BH_BUY,NYSE,V,2024-08-12,,,1114.0230070359792,1111.1111111112298,6.113301502017083,6.125486354082447,260.5,260.63025,USD,EURUSD,0.9160025648071816,2024-08-09T15:00:00Z,2.9089869378115556,0.0029089869378111644,0.0014537665856128546,,0.0,,171131.13366561834,BH_REINVERSION_DIVIDENDO,,,
780,2024-08-12T20:00:00Z,CLOSE_DIVIDEND,30ffe0fa733c104a08525a3d8ae1bf13c3838864ba1ac15ce6aa0056d6575399,benchmark,BH_DIVIDEND,NASDAQ,AAPL,2024-08-12,,,1111.1111111112298,1113.12734107971,,,,,USD,EURUSD,0.9153318077803203,2024-08-12T15:00:00Z,,,,2.016229968480275,0.0,,171179.3437706585,DIVIDENDO_BRUTO,,,
781,2024-08-13T13:30:00Z,OPEN_ENTRY,30ffe0fa733c104a08525a3d8ae1bf13c3838864ba1ac15ce6aa0056d6575399,benchmark,BH_BUY,NASDAQ,AAPL,2024-08-13,,,1113.12734107971,1111.1111111112298,8.810924962258802,8.820967567845411,219.00999450683594,219.11949950408933,USD,EURUSD,0.9153318077803203,2024-08-12T15:00:00Z,2.014215752727548,0.0020142157527271998,0.001006604574076531,,0.0,,172049.7377315317,BH_REINVERSION_DIVIDENDO,,,
782,2024-08-15T15:30:00Z,CLOSE_DIVIDEND,30ffe0fa733c104a08525a3d8ae1bf13c3838864ba1ac15ce6aa0056d6575399,benchmark,BH_DIVIDEND,XETRA,R6C0.DE,2024-08-15,,,1111.1111111112298,1124.2752523808906,,,,,EUR,EUR,1.0,,,,,13.164141269660815,0.0,,175492.25502939578,DIVIDENDO_BRUTO,,,
783,2024-08-15T20:00:00Z,CLOSE_DIVIDEND,30ffe0fa733c104a08525a3d8ae1bf13c3838864ba1ac15ce6aa0056d6575399,benchmark,BH_DIVIDEND,NASDAQ,MSFT,2024-08-15,,,1124.2752523808906,1127.572119439704,,,,,USD,EURUSD,0.9081827263645446,2024-08-15T15:00:00Z,,,,3.2968670588134303,0.0,,176771.1988747659,DIVIDENDO_BRUTO,,,
784,2024-08-15T20:00:00Z,CLOSE_DIVIDEND,30ffe0fa733c104a08525a3d8ae1bf13c3838864ba1ac15ce6aa0056d6575399,benchmark,BH_DIVIDEND,NYSE,LLY,2024-08-15,,,1127.572119439704,1132.3990188310554,,,,,USD,EURUSD,0.9081827263645446,2024-08-15T15:00:00Z,,,,4.826899391351337,0.0,,176776.02577415726,DIVIDENDO_BRUTO,,,
785,2024-08-15T20:00:00Z,CLOSE_DIVIDEND,30ffe0fa733c104a08525a3d8ae1bf13c3838864ba1ac15ce6aa0056d6575399,benchmark,BH_DIVIDEND,NYSE,XOM,2024-08-15,,,1132.3990188310554,1143.4014088620722,,,,,USD,EURUSD,0.9081827263645446,2024-08-15T15:00:00Z,,,,11.002390031016885,0.0,,176787.02816418826,DIVIDENDO_BRUTO,,,
786,2024-08-16T07:00:00Z,OPEN_ENTRY,30ffe0fa733c104a08525a3d8ae1bf13c3838864ba1ac15ce6aa0056d6575399,benchmark,BH_BUY,XETRA,R6C0.DE,2024-08-16,,,1143.4014088620722,1130.2372675924114,44.3428186883937,44.73957140938883,33.130001068115234,33.14656606864929,EUR,EUR,1.0,,13.150990279381435,0.013150990279379826,0.006572209035173311,,0.0,,179208.7351524389,BH_REINVERSION_DIVIDENDO,,,
787,2024-08-16T13:30:00Z,OPEN_ENTRY,30ffe0fa733c104a08525a3d8ae1bf13c3838864ba1ac15ce6aa0056d6575399,benchmark,BH_BUY,NASDAQ,MSFT,2024-08-16,,,1130.2372675924114,1126.940400533598,4.840240424612624,4.848858449675386,420.6000061035156,420.81030610656734,USD,EURUSD,0.9081827263645446,2024-08-15T15:00:00Z,3.2935734853281025,0.003293573485327883,0.0016459637607833142,,0.0,,179272.2236115549,BH_REINVERSION_DIVIDENDO,,,
788,2024-08-16T13:30:00Z,OPEN_ENTRY,30ffe0fa733c104a08525a3d8ae1bf13c3838864ba1ac15ce6aa0056d6575399,benchmark,BH_BUY,NYSE,LLY,2024-08-16,,,1126.940400533598,1122.1135011422466,4.0883837844745825,4.094100062955415,928.3900146484375,928.8542096557617,USD,EURUSD,0.9081827263645446,2024-08-15T15:00:00Z,4.8220773140373,0.004822077314036832,0.0024098337401483685,,0.0,,179272.23294030342,BH_REINVERSION_DIVIDENDO,,,
789,2024-08-16T13:30:00Z,OPEN_ENTRY,30ffe0fa733c104a08525a3d8ae1bf13c3838864ba1ac15ce6aa0056d6575399,benchmark,BH_BUY,NYSE,XOM,2024-08-16,,,1122.1135011422466,1111.1111111112298,12.752349119108098,12.854871205409967,117.98999786376953,118.04899286270141,USD,EURUSD,0.9081827263645446,2024-08-15T15:00:00Z,10.991398632384502,0.010991398632382854,0.005492952839771889,,0.0,,179272.28535696646,BH_REINVERSION_DIVIDENDO,,,
790,2024-08-19T20:00:00Z,CLOSE_DIVIDEND,30ffe0fa733c104a08525a3d8ae1bf13c3838864ba1ac15ce6aa0056d6575399,benchmark,BH_DIVIDEND,NYSE,CVX,2024-08-19,,,1111.1111111112298,1122.0169636598002,,,,,USD,EURUSD,0.9057150620414817,2024-08-19T15:00:00Z,,,,10.905852548570548,0.0,,179903.54981516628,DIVIDENDO_BRUTO,,,
791,2024-08-20T13:30:00Z,OPEN_ENTRY,30ffe0fa733c104a08525a3d8ae1bf13c3838864ba1ac15ce6aa0056d6575399,benchmark,BH_BUY,NYSE,CVX,2024-08-20,,,1122.0169636598002,1111.1111111112298,7.387209692562419,7.469374053733695,146.3300018310547,146.4031668319702,USD,EURUSD,0.9057150620414817,2024-08-19T15:00:00Z,10.89495759097957,0.010894957590977583,0.005444756417279775,,0.0,,181151.18499333315,BH_REINVERSION_DIVIDENDO,,,
792,2024-08-22T20:00:00Z,CLOSE_DIVIDEND,30ffe0fa733c104a08525a3d8ae1bf13c3838864ba1ac15ce6aa0056d6575399,benchmark,BH_DIVIDEND,NASDAQ,AMAT,2024-08-22,,,1111.1111111112298,1115.4644448479607,,,,,USD,EURUSD,0.898069151324652,2024-08-22T15:00:00Z,,,,4.353333736731022,0.0,,180677.53609848893,DIVIDENDO_BRUTO,,,
793,2024-08-23T13:30:00Z,OPEN_ENTRY,30ffe0fa733c104a08525a3d8ae1bf13c3838864ba1ac15ce6aa0056d6575399,benchmark,BH_BUY,NASDAQ,AMAT,2024-08-23,,,1115.4644448479607,1111.1111111112298,12.118592789624982,12.142535084571719,202.16000366210938,202.2610836639404,USD,EURUSD,0.898069151324652,2024-08-22T15:00:00Z,4.348984751979043,0.004348984751978868,0.002173405673152549,,0.0,,178944.82450919886,BH_REINVERSION_DIVIDENDO,,,
794,2024-08-30T20:00:00Z,CLOSE_DIVIDEND,30ffe0fa733c104a08525a3d8ae1bf13c3838864ba1ac15ce6aa0056d6575399,benchmark,BH_DIVIDEND,NYSE,GS,2024-08-30,,,1111.1111111112298,1122.8110824540295,,,,,USD,EURUSD,0.9019572472264814,2024-08-30T15:00:00Z,,,,11.699971342799786,0.0,,180270.25167247988,DIVIDENDO_BRUTO,,,
795,2024-09-03T13:30:00Z,OPEN_ENTRY,30ffe0fa733c104a08525a3d8ae1bf13c3838864ba1ac15ce6aa0056d6575399,benchmark,BH_BUY,NYSE,GS,2024-09-03,,,1122.8110824540295,1111.1111111112298,4.323919409254041,4.3493828827339245,507.4700012207031,507.72373622131346,USD,EURUSD,0.9040773890245004,2024-09-02T15:00:00Z,11.688283059740048,0.01168828305973868,0.0058412209194099105,,0.0,,181054.48315445415,BH_REINVERSION_DIVIDENDO,,,
796,2024-09-03T20:00:00Z,CLOSE_DIVIDEND,30ffe0fa733c104a08525a3d8ae1bf13c3838864ba1ac15ce6aa0056d6575399,benchmark,BH_DIVIDEND,NYSE,LMT,2024-09-03,,,1111.1111111112298,1119.3488733058798,,,,,USD,EURUSD,0.9062075215224287,2024-09-03T15:00:00Z,,,,8.237762194649955,0.0,,180428.62769488475,DIVIDENDO_BRUTO,,,
797,2024-09-04T13:30:00Z,OPEN_ENTRY,30ffe0fa733c104a08525a3d8ae1bf13c3838864ba1ac15ce6aa0056d6575399,benchmark,BH_BUY,NYSE,LMT,2024-09-04,,,1119.3488733058798,1111.1111111112298,2.8858319307289606,2.9017745142272213,569.3400268554688,569.6246968688964,USD,EURUSD,0.9062075215224287,2024-09-03T15:00:00Z,8.229532661987967,0.008229532661987449,0.0041127099760050745,,0.0,,175974.52817570462,BH_REINVERSION_DIVIDENDO,,,
798,2024-09-05T20:00:00Z,CLOSE_DIVIDEND,30ffe0fa733c104a08525a3d8ae1bf13c3838864ba1ac15ce6aa0056d6575399,benchmark,BH_DIVIDEND,NASDAQ,QCOM,2024-09-05,,,1111.1111111112298,1118.2634771637317,,,,,USD,EURUSD,0.901144453455889,2024-09-05T15:00:00Z,,,,7.152366052502051,0.0,,174165.16778829863,DIVIDENDO_BRUTO,,,
799,2024-09-06T13:30:00Z,OPEN_ENTRY,30ffe0fa733c104a08525a3d8ae1bf13c3838864ba1ac15ce6aa0056d6575399,benchmark,BH_BUY,NASDAQ,QCOM,2024-09-06,,,1118.2634771637317,1111.1111111112298,9.337624245248854,9.386322099156272,162.74000549316406,162.82137549591064,USD,EURUSD,0.901144453455889,2024-09-05T15:00:00Z,7.145220831670382,0.007145220831669796,0.003570825003333494,,0.0,,173444.36965292116,BH_REINVERSION_DIVIDENDO,,,
800,2024-09-09T20:00:00Z,CLOSE_DIVIDEND,30ffe0fa733c104a08525a3d8ae1bf13c3838864ba1ac15ce6aa0056d6575399,benchmark,BH_DIVIDEND,NASDAQ,GOOGL,2024-09-09,,,1111.1111111112298,1113.085227885628,,,,,USD,EURUSD,0.9055510278004165,2024-09-09T15:00:00Z,,,,1.9741167743982686,0.0,,170704.80820157865,DIVIDENDO_BRUTO,,,
801,2024-09-10T13:30:00Z,OPEN_ENTRY,30ffe0fa733c104a08525a3d8ae1bf13c3838864ba1ac15ce6aa0056d6575399,benchmark,BH_BUY,NASDAQ,GOOGL,2024-09-10,,,1113.085227885628,1111.1111111112298,10.90008576984004,10.914554038257037,150.4499969482422,150.5252219467163,USD,EURUSD,0.9055510278004165,2024-09-09T15:00:00Z,1.9721446297685004,0.0019721446297682466,0.0009855795251215791,,0.0,,172841.31032074988,BH_REINVERSION_DIVIDENDO,,,
802,2024-09-12T15:30:00Z,CLOSE_DIVIDEND,30ffe0fa733c104a08525a3d8ae1bf13c3838864ba1ac15ce6aa0056d6575399,benchmark,BH_DIVIDEND,XETRA,EQQQ.DE,2024-09-12,,,1111.1111111112298,1112.7808477374726,,,,,EUR,EUR,1.0,,,,,1.6697366262429016,0.0,,176382.87475715348,DIVIDENDO_BRUTO,,,
803,2024-09-12T15:30:00Z,CLOSE_DIVIDEND,30ffe0fa733c104a08525a3d8ae1bf13c3838864ba1ac15ce6aa0056d6575399,benchmark,BH_DIVIDEND,XETRA,IQQK.DE,2024-09-12,,,1112.7808477374726,1117.5969545322178,,,,,EUR,EUR,1.0,,,,,4.816106794745016,0.0,,176387.69086394823,DIVIDENDO_BRUTO,,,
804,2024-09-12T15:30:00Z,CLOSE_DIVIDEND,30ffe0fa733c104a08525a3d8ae1bf13c3838864ba1ac15ce6aa0056d6575399,benchmark,BH_DIVIDEND,XETRA,IQQT.DE,2024-09-12,,,1117.5969545322178,1137.0898877544842,,,,,EUR,EUR,1.0,,,,,19.492933222266362,0.0,,176407.1837971705,DIVIDENDO_BRUTO,,,
805,2024-09-12T20:00:00Z,CLOSE_DIVIDEND,30ffe0fa733c104a08525a3d8ae1bf13c3838864ba1ac15ce6aa0056d6575399,benchmark,BH_DIVIDEND,NASDAQ,NVDA,2024-09-12,,,1137.0898877544842,1137.7599738264266,,,,,USD,EURUSD,0.907770515613653,2024-09-12T15:00:00Z,,,,0.6700860719424135,0.0,,177639.90800536697,DIVIDENDO_BRUTO,,,
806,2024-09-12T20:00:00Z,CLOSE_DIVIDEND,30ffe0fa733c104a08525a3d8ae1bf13c3838864ba1ac15ce6aa0056d6575399,benchmark,BH_DIVIDEND,NYSE,TSM,2024-09-12,,,1137.7599738264266,1145.6955061859967,,,,,USD,EURUSD,0.907770515613653,2024-09-12T15:00:00Z,,,,7.935532359569962,0.0,,177647.84353772653,DIVIDENDO_BRUTO,,,
807,2024-09-13T07:00:00Z,OPEN_ENTRY,30ffe0fa733c104a08525a3d8ae1bf13c3838864ba1ac15ce6aa0056d6575399,benchmark,BH_BUY,XETRA,EQQQ.DE,2024-09-13,,,1145.6955061859967,1144.0257695597538,4.16772530169082,4.171614349726139,428.70001220703125,428.9143622131347,EUR,EUR,1.0,,1.6680685576852166,0.0016680685576850873,0.0008336174701073884,,0.0,,178724.80989551236,BH_REINVERSION_DIVIDENDO,,,
808,2024-09-13T07:00:00Z,OPEN_ENTRY,30ffe0fa733c104a08525a3d8ae1bf13c3838864ba1ac15ce6aa0056d6575399,benchmark,BH_BUY,XETRA,IQQK.DE,2024-09-13,,,1144.0257695597538,1139.2096627650087,27.692461761244154,27.815451307059654,39.099998474121094,39.11954847335815,EUR,EUR,1.0,,4.81129549924577,0.004811295499245638,0.0024044455268590363,,0.0,,178724.76332315418,BH_REINVERSION_DIVIDENDO,,,
809,2024-09-13T07:00:00Z,OPEN_ENTRY,30ffe0fa733c104a08525a3d8ae1bf13c3838864ba1ac15ce6aa0056d6575399,benchmark,BH_BUY,XETRA,IQQT.DE,2024-09-13,,,1139.2096627650087,1119.7167295427423,17.214719967100336,17.458809864516777,79.73999786376953,79.77986786270141,EUR,EUR,1.0,,19.47345976250386,0.019473459762501477,0.009731863949275433,,0.0,,178724.6828591755,BH_REINVERSION_DIVIDENDO,,,
810,2024-09-13T13:30:00Z,OPEN_ENTRY,30ffe0fa733c104a08525a3d8ae1bf13c3838864ba1ac15ce6aa0056d6575399,benchmark,BH_BUY,NASDAQ,NVDA,2024-09-13,,,1119.7167295427423,1119.0466434707998,73.81668168517626,73.82287131270148,119.08000183105469,119.1395418319702,USD,EURUSD,0.907770515613653,2024-09-12T15:00:00Z,0.6694166552871265,0.0006694166552870806,0.0003345410571149559,,0.0,,178753.7946471521,BH_REINVERSION_DIVIDENDO,,,
811,2024-09-13T13:30:00Z,OPEN_ENTRY,30ffe0fa733c104a08525a3d8ae1bf13c3838864ba1ac15ce6aa0056d6575399,benchmark,BH_BUY,NYSE,TSM,2024-09-13,,,1119.0466434707998,1111.1111111112298,13.964508701760813,14.015186156341613,172.24000549316406,172.32612549591065,USD,EURUSD,0.907770515613653,2024-09-12T15:00:00Z,7.927604754815147,0.007927604754814688,0.003961821466674268,,0.0,,178753.745494302,BH_REINVERSION_DIVIDENDO,,,
812,2024-09-16T15:30:00Z,CLOSE_DIVIDEND,30ffe0fa733c104a08525a3d8ae1bf13c3838864ba1ac15ce6aa0056d6575399,benchmark,BH_DIVIDEND,XETRA,EXSA.DE,2024-09-16,,,1111.1111111112298,1124.5164880861305,,,,,EUR,EUR,1.0,,,,,13.405376974900696,0.0,,179672.74111973314,DIVIDENDO_BRUTO,,,
813,2024-09-16T20:00:00Z,CLOSE_DIVIDEND,30ffe0fa733c104a08525a3d8ae1bf13c3838864ba1ac15ce6aa0056d6575399,benchmark,BH_DIVIDEND,NASDAQ,META,2024-09-16,,,1124.5164880861305,1127.662482728232,,,,,USD,EURUSD,0.8987956138774043,2024-09-16T15:00:00Z,,,,3.1459946421014675,0.0,,179445.99182121432,DIVIDENDO_BRUTO,,,
814,2024-09-17T07:00:00Z,OPEN_ENTRY,30ffe0fa733c104a08525a3d8ae1bf13c3838864ba1ac15ce6aa0056d6575399,benchmark,BH_BUY,XETRA,EXSA.DE,2024-09-17,,,1127.662482728232,1114.2571057533312,28.427300839330776,28.688732326523795,51.20000076293945,51.22560076332092,EUR,EUR,1.0,,13.391984989910787,0.013391984989908678,0.006692646171868552,,0.0,,179237.34385559493,BH_REINVERSION_DIVIDENDO,,,
815,2024-09-17T13:30:00Z,OPEN_ENTRY,30ffe0fa733c104a08525a3d8ae1bf13c3838864ba1ac15ce6aa0056d6575399,benchmark,BH_BUY,NASDAQ,META,2024-09-17,,,1114.2571057533312,1111.1111111112298,7.000467277604185,7.0069683742669735,537.5999755859375,537.8687755737304,USD,EURUSD,0.8987956138774043,2024-09-16T15:00:00Z,3.142851790311157,0.003142851790310708,0.0015706405748679266,,0.0,,179278.74321035855,BH_REINVERSION_DIVIDENDO,,,
816,2024-09-18T20:00:00Z,CLOSE_DIVIDEND,30ffe0fa733c104a08525a3d8ae1bf13c3838864ba1ac15ce6aa0056d6575399,benchmark,BH_DIVIDEND,NYSE,CRM,2024-09-18,,,1111.1111111112298,1113.5902187370616,,,,,USD,EURUSD,0.8989572096368212,2024-09-18T15:00:00Z,,,,2.479107625831727,0.0,,179524.01121603747,DIVIDENDO_BRUTO,,,
817,2024-09-19T13:30:00Z,OPEN_ENTRY,30ffe0fa733c104a08525a3d8ae1bf13c3838864ba1ac15ce6aa0056d6575399,benchmark,BH_BUY,NYSE,CRM,2024-09-19,,,1113.5902187370616,1111.1111111112298,6.894398307438033,6.904959934823778,260.7200012207031,260.85036122131345,USD,EURUSD,0.8989572096368212,2024-09-18T15:00:00Z,2.4766309948368903,0.002476630994836526,0.001237696649093635,,0.0,,179483.39651585207,BH_REINVERSION_DIVIDENDO,,,
818,2024-09-19T20:00:00Z,CLOSE_DIVIDEND,30ffe0fa733c104a08525a3d8ae1bf13c3838864ba1ac15ce6aa0056d6575399,benchmark,BH_DIVIDEND,NASDAQ,AVGO,2024-09-19,,,1111.1111111112298,1122.2043134156095,,,,,USD,EURUSD,0.8963786303334529,2024-09-19T15:00:00Z,,,,11.093202304379716,0.0,,180981.27529541054,DIVIDENDO_BRUTO,,,
819,2024-09-20T13:30:00Z,OPEN_ENTRY,30ffe0fa733c104a08525a3d8ae1bf13c3838864ba1ac15ce6aa0056d6575399,benchmark,BH_BUY,NASDAQ,AVGO,2024-09-20,,,1122.2043134156095,1111.1111111112298,23.350144322200016,23.42405887717953,167.17999267578125,167.26358267211913,USD,EURUSD,0.8963786303334529,2024-09-19T15:00:00Z,11.08212018419552,0.011082120184195077,0.0055382909466236046,,0.0,,183510.95536271835,BH_REINVERSION_DIVIDENDO,,,
820,2024-09-23T15:30:00Z,CLOSE_DIVIDEND,30ffe0fa733c104a08525a3d8ae1bf13c3838864ba1ac15ce6aa0056d6575399,benchmark,BH_DIVIDEND,MIL,ENI.MI,2024-09-23,,,1111.1111111112298,1135.213542139837,,,,,EUR,EUR,1.0,,,,,24.10243102860724,0.0,,183292.29106140303,DIVIDENDO_BRUTO,,,
821,2024-09-24T07:00:00Z,OPEN_ENTRY,30ffe0fa733c104a08525a3d8ae1bf13c3838864ba1ac15ce6aa0056d6575399,benchmark,BH_BUY,MIL,ENI.MI,2024-09-24,,,1135.213542139837,1111.1111111112298,96.40972411442895,98.10716513235086,14.178000450134277,14.185089450359344,EUR,EUR,1.0,,24.07835267593131,0.024078352675928727,0.012033159758085962,,0.0,,184565.52528840344,BH_REINVERSION_DIVIDENDO,,,
822,2024-09-25T15:30:00Z,CLOSE_DIVIDEND,30ffe0fa733c104a08525a3d8ae1bf13c3838864ba1ac15ce6aa0056d6575399,benchmark,BH_DIVIDEND,PAR,TTE.PA,2024-09-25,,,1111.1111111112298,1129.6663189370283,,,,,EUR,EUR,1.0,,,,,18.555207825798632,0.0,,185109.98547908626,DIVIDENDO_BRUTO,,,
823,2024-09-26T07:00:00Z,OPEN_ENTRY,30ffe0fa733c104a08525a3d8ae1bf13c3838864ba1ac15ce6aa0056d6575399,benchmark,BH_BUY,PAR,TTE.PA,2024-09-26,,,1129.6663189370283,1111.1111111112298,23.487604842783078,23.79998735874879,59.310001373291016,59.33965637397766,EUR,EUR,1.0,,18.53667115464399,0.018536671154642193,0.009263703725459229,,0.0,,185556.40230552867,BH_REINVERSION_DIVIDENDO,,,
824,2024-09-27T06:00:00Z,CLOSE_DIVIDEND,30ffe0fa733c104a08525a3d8ae1bf13c3838864ba1ac15ce6aa0056d6575399,benchmark,BH_DIVIDEND,JPX,6501.T,2024-09-27,,,1111.1111111112298,1126.829713895977,,,,,JPY,EURJPY,0.006219679064560268,2024-09-26T15:00:00Z,,,,15.718602784747159,0.0,,188054.84334933976,DIVIDENDO_BRUTO,,,
825,2024-09-27T06:00:00Z,CLOSE_DIVIDEND,30ffe0fa733c104a08525a3d8ae1bf13c3838864ba1ac15ce6aa0056d6575399,benchmark,BH_DIVIDEND,JPX,6758.T,2024-09-27,,,1126.829713895977,1131.2066739413642,,,,,JPY,EURJPY,0.006219679064560268,2024-09-26T15:00:00Z,,,,4.376960045387343,0.0,,188059.22030938516,DIVIDENDO_BRUTO,,,
826,2024-09-27T06:00:00Z,CLOSE_DIVIDEND,30ffe0fa733c104a08525a3d8ae1bf13c3838864ba1ac15ce6aa0056d6575399,benchmark,BH_DIVIDEND,JPX,6857.T,2024-09-27,,,1131.2066739413642,1141.104540554926,,,,,JPY,EURJPY,0.006219679064560268,2024-09-26T15:00:00Z,,,,9.897866613561808,0.0,,188069.1181759987,DIVIDENDO_BRUTO,,,
827,2024-09-27T06:00:00Z,CLOSE_DIVIDEND,30ffe0fa733c104a08525a3d8ae1bf13c3838864ba1ac15ce6aa0056d6575399,benchmark,BH_DIVIDEND,JPX,7011.T,2024-09-27,,,1141.104540554926,1161.6610016280906,,,,,JPY,EURJPY,0.006219679064560268,2024-09-26T15:00:00Z,,,,20.556461073164744,0.0,,188089.67463707188,DIVIDENDO_BRUTO,,,
828,2024-09-27T06:00:00Z,CLOSE_DIVIDEND,30ffe0fa733c104a08525a3d8ae1bf13c3838864ba1ac15ce6aa0056d6575399,benchmark,BH_DIVIDEND,JPX,7203.T,2024-09-27,,,1161.6610016280906,1181.3219050161538,,,,,JPY,EURJPY,0.006219679064560268,2024-09-26T15:00:00Z,,,,19.660903388063193,0.0,,188109.33554045993,DIVIDENDO_BRUTO,,,
829,2024-09-27T06:00:00Z,CLOSE_DIVIDEND,30ffe0fa733c104a08525a3d8ae1bf13c3838864ba1ac15ce6aa0056d6575399,benchmark,BH_DIVIDEND,JPX,8035.T,2024-09-27,,,1181.3219050161538,1197.2399079611257,,,,,JPY,EURJPY,0.006219679064560268,2024-09-26T15:00:00Z,,,,15.918002944971981,0.0,,188125.25354340492,DIVIDENDO_BRUTO,,,
830,2024-09-30T00:00:00Z,OPEN_ENTRY,30ffe0fa733c104a08525a3d8ae1bf13c3838864ba1ac15ce6aa0056d6575399,benchmark,BH_BUY,JPX,6501.T,2024-09-30,,,1197.2399079611257,1181.5213051763785,120.3446169396023,120.99876869104266,3830.0,3831.915,JPY,EURJPY,0.006264486625321055,2024-09-27T15:00:00Z,15.702899884862298,0.015702899884860955,0.00784752617934133,,0.0,,188269.8297136218,BH_REINVERSION_DIVIDENDO,,,
831,2024-09-30T00:00:00Z,OPEN_ENTRY,30ffe0fa733c104a08525a3d8ae1bf13c3838864ba1ac15ce6aa0056d6575399,benchmark,BH_BUY,JPX,6758.T,2024-09-30,,,1181.5213051763785,1177.1443451309913,70.3727636097377,70.6283120757645,2730.0,2731.365,JPY,EURJPY,0.006264486625321055,2024-09-27T15:00:00Z,4.372587457929415,0.004372587457928567,0.0021852011284001576,,0.0,,188270.03287110635,BH_REINVERSION_DIVIDENDO,,,
832,2024-09-30T00:00:00Z,OPEN_ENTRY,30ffe0fa733c104a08525a3d8ae1bf13c3838864ba1ac15ce6aa0056d6575399,benchmark,BH_BUY,JPX,6857.T,2024-09-30,,,1177.1443451309913,1167.2464785174295,83.7567891646562,83.98757167122231,6836.0,6839.418,JPY,EURJPY,0.006264486625321055,2024-09-27T15:00:00Z,9.887978634926883,0.009887978634925076,0.004941518558183865,,0.0,,188270.55730036343,BH_REINVERSION_DIVIDENDO,,,
833,2024-09-30T00:00:00Z,OPEN_ENTRY,30ffe0fa733c104a08525a3d8ae1bf13c3838864ba1ac15ce6aa0056d6575399,benchmark,BH_BUY,JPX,7011.T,2024-09-30,,,1167.2464785174295,1146.6900174442649,300.4607101221298,302.0055057259205,2121.0,2122.0605,JPY,EURJPY,0.006264486625321055,2024-09-27T15:00:00Z,20.53592514801673,0.020535925148013945,0.010262831158429608,,0.0,,188271.23294825922,BH_REINVERSION_DIVIDENDO,,,
834,2024-09-30T00:00:00Z,OPEN_ENTRY,30ffe0fa733c104a08525a3d8ae1bf13c3838864ba1ac15ce6aa0056d6575399,benchmark,BH_BUY,JPX,7203.T,2024-09-30,,,1146.6900174442649,1127.0291140562017,79.02700116832001,80.2320647288925,2600.5,2601.80025,JPY,EURJPY,0.006264486625321055,2024-09-27T15:00:00Z,19.64126212593726,0.019641262125933423,0.009815723201366271,,0.0,,188272.34340606217,BH_REINVERSION_DIVIDENDO,,,
835,2024-09-30T00:00:00Z,OPEN_ENTRY,30ffe0fa733c104a08525a3d8ae1bf13c3838864ba1ac15ce6aa0056d6575399,benchmark,BH_BUY,JPX,8035.T,2024-09-30,,,1127.0291140562017,1111.1111111112298,9.657722692424889,9.755306683419704,26000.0,26013.0,JPY,EURJPY,0.006264486625321055,2024-09-27T15:00:00Z,15.902100844127855,0.015902100844126466,0.007947076883622116,,0.0,,188273.22124445392,BH_REINVERSION_DIVIDENDO,,,
836,2024-10-07T20:00:00Z,CLOSE_DIVIDEND,30ffe0fa733c104a08525a3d8ae1bf13c3838864ba1ac15ce6aa0056d6575399,benchmark,BH_DIVIDEND,NASDAQ,MU,2024-10-07,,,1111.1111111112298,1113.1882935603835,,,,,USD,EURUSD,0.9105809506465125,2024-10-07T15:00:00Z,,,,2.0771824491537716,0.0,,191171.32300596542,DIVIDENDO_BRUTO,,,
837,2024-10-08T13:30:00Z,OPEN_ENTRY,30ffe0fa733c104a08525a3d8ae1bf13c3838864ba1ac15ce6aa0056d6575399,benchmark,BH_BUY,NASDAQ,MU,2024-10-08,,,1113.1882935603835,1111.1111111112298,19.83618926661454,19.858480752267013,102.18000030517578,102.23109030532837,USD,EURUSD,0.9105809506465125,2024-10-07T15:00:00Z,2.0751073418119597,0.0020751073418119326,0.0010370351533292368,,0.0,,190062.81663289986,BH_REINVERSION_DIVIDENDO,,,
838,2024-10-08T15:30:00Z,CLOSE_DIVIDEND,30ffe0fa733c104a08525a3d8ae1bf13c3838864ba1ac15ce6aa0056d6575399,benchmark,BH_DIVIDEND,MCE,BBVA.MC,2024-10-08,,,1111.1111111112298,1197.778356965566,,,,,EUR,EUR,1.0,,,,,86.66724585433624,0.0,,190157.87606816072,DIVIDENDO_BRUTO,,,
839,2024-10-09T07:00:00Z,OPEN_ENTRY,30ffe0fa733c104a08525a3d8ae1bf13c3838864ba1ac15ce6aa0056d6575399,benchmark,BH_BUY,MCE,BBVA.MC,2024-10-09,,,1197.778356965566,1111.1111111112298,298.8525719115043,308.16768459678366,9.289999961853027,9.294644961833953,EUR,EUR,1.0,,86.58066518914711,0.08658066518913188,0.04326869824544131,,0.0,,191811.07613779788,BH_REINVERSION_DIVIDENDO,,,
840,2024-10-09T20:00:00Z,CLOSE_DIVIDEND,30ffe0fa733c104a08525a3d8ae1bf13c3838864ba1ac15ce6aa0056d6575399,benchmark,BH_DIVIDEND,NYSE,MA,2024-10-09,,,1111.1111111112298,1113.3237877605977,,,,,USD,EURUSD,0.9126585744273068,2024-10-09T15:00:00Z,,,,2.212676649368049,0.0,,192423.75124334375,DIVIDENDO_BRUTO,,,
841,2024-10-10T13:30:00Z,OPEN_ENTRY,30ffe0fa733c104a08525a3d8ae1bf13c3838864ba1ac15ce6aa0056d6575399,benchmark,BH_BUY,NYSE,MA,2024-10-10,,,1113.3237877605977,1111.1111111112298,3.673378491988744,3.6782200867851773,500.0,500.25,USD,EURUSD,0.9126585744273068,2024-10-09T15:00:00Z,2.2104661831848644,0.002210466183184767,0.0011046807512168238,,0.0,,193323.9313059145,BH_REINVERSION_DIVIDENDO,,,
842,2024-10-10T20:00:00Z,CLOSE_DIVIDEND,30ffe0fa733c104a08525a3d8ae1bf13c3838864ba1ac15ce6aa0056d6575399,benchmark,BH_DIVIDEND,NYSE,ORCL,2024-10-10,,,1111.1111111112298,1117.212705546003,,,,,USD,EURUSD,0.9147457006952068,2024-10-10T15:00:00Z,,,,6.101594434773122,0.0,,193453.0280925394,DIVIDENDO_BRUTO,,,
843,2024-10-11T13:30:00Z,OPEN_ENTRY,30ffe0fa733c104a08525a3d8ae1bf13c3838864ba1ac15ce6aa0056d6575399,benchmark,BH_BUY,NYSE,ORCL,2024-10-11,,,1117.212705546003,1111.1111111112298,16.67565759023494,16.713607842668026,175.5,175.58775,USD,EURUSD,0.9147457006952068,2024-10-10T15:00:00Z,6.095498935837285,0.0060954989358368294,0.003046226354741264,,0.0,,193785.7798947629,BH_REINVERSION_DIVIDENDO,,,
844,2024-10-11T20:00:00Z,CLOSE_DIVIDEND,30ffe0fa733c104a08525a3d8ae1bf13c3838864ba1ac15ce6aa0056d6575399,benchmark,BH_DIVIDEND,NASDAQ,MRVL,2024-10-11,,,1111.1111111112298,1112.4102957685088,,,,,USD,EURUSD,0.9142439202779301,2024-10-11T15:00:00Z,,,,1.2991846572791583,0.0,,194195.81274447616,DIVIDENDO_BRUTO,,,
845,2024-10-14T13:30:00Z,OPEN_ENTRY,30ffe0fa733c104a08525a3d8ae1bf13c3838864ba1ac15ce6aa0056d6575399,benchmark,BH_BUY,NASDAQ,MRVL,2024-10-14,,,1112.4102957685088,1111.1111111112298,23.68413630219906,23.70305522339956,75.0,75.0375,USD,EURUSD,0.9142439202779301,2024-10-11T15:00:00Z,1.2978867705086499,0.0012978867705084607,0.0006486190757163685,,0.0,,195215.64794030454,BH_REINVERSION_DIVIDENDO,,,
846,2024-10-15T15:30:00Z,CLOSE_DIVIDEND,30ffe0fa733c104a08525a3d8ae1bf13c3838864ba1ac15ce6aa0056d6575399,benchmark,BH_DIVIDEND,XETRA,EXH1.DE,2024-10-15,,,1111.1111111112298,1128.3162332582665,,,,,EUR,EUR,1.0,,,,,17.20512214703677,0.0,,197555.78017083879,DIVIDENDO_BRUTO,,,
847,2024-10-15T15:30:00Z,CLOSE_DIVIDEND,30ffe0fa733c104a08525a3d8ae1bf13c3838864ba1ac15ce6aa0056d6575399,benchmark,BH_DIVIDEND,XETRA,EXV1.DE,2024-10-15,,,1128.3162332582665,1139.8496472029676,,,,,EUR,EUR,1.0,,,,,11.533413944701042,0.0,,197567.3135847835,DIVIDENDO_BRUTO,,,
848,2024-10-15T20:00:00Z,CLOSE_DIVIDEND,30ffe0fa733c104a08525a3d8ae1bf13c3838864ba1ac15ce6aa0056d6575399,benchmark,BH_DIVIDEND,NYSE,ABBV,2024-10-15,,,1139.8496472029676,1152.7446806727755,,,,,USD,EURUSD,0.9171787581399614,2024-10-15T15:00:00Z,,,,12.895033469807949,0.0,,196667.84898946882,DIVIDENDO_BRUTO,,,
849,2024-10-16T07:00:00Z,OPEN_ENTRY,30ffe0fa733c104a08525a3d8ae1bf13c3838864ba1ac15ce6aa0056d6575399,benchmark,BH_BUY,XETRA,EXH1.DE,2024-10-16,,,1152.7446806727755,1135.5395585257388,35.14764181944551,35.648643396636324,34.290000915527344,34.3071459159851,EUR,EUR,1.0,,17.18793421282395,0.01718793421282072,0.008589672270274674,,0.0,,194572.5113900268,BH_REINVERSION_DIVIDENDO,,,
850,2024-10-16T07:00:00Z,OPEN_ENTRY,30ffe0fa733c104a08525a3d8ae1bf13c3838864ba1ac15ce6aa0056d6575399,benchmark,BH_BUY,XETRA,EXV1.DE,2024-10-16,,,1135.5395585257388,1124.0061445810377,98.76443087852095,99.33851533974976,20.059999465942383,20.070029465675354,EUR,EUR,1.0,,11.521892052648395,0.011521892052646976,0.005758066992827882,,0.0,,194572.50846196027,BH_REINVERSION_DIVIDENDO,,,
851,2024-10-16T13:30:00Z,OPEN_ENTRY,30ffe0fa733c104a08525a3d8ae1bf13c3838864ba1ac15ce6aa0056d6575399,benchmark,BH_BUY,NYSE,ABBV,2024-10-16,,,1124.0061445810377,1111.1111111112298,9.070616123955876,9.144327810027315,190.4499969482422,190.5452219467163,USD,EURUSD,0.9171787581399614,2024-10-15T15:00:00Z,12.882151318489461,0.0128821513184878,0.006437856730879414,,0.0,,194530.87346050233,BH_REINVERSION_DIVIDENDO,,,
852,2024-10-21T20:00:00Z,CLOSE_DIVIDEND,30ffe0fa733c104a08525a3d8ae1bf13c3838864ba1ac15ce6aa0056d6575399,benchmark,BH_DIVIDEND,NYSE,CAT,2024-10-21,,,1111.1111111112298,1118.692141614919,,,,,USD,EURUSD,0.9214042200313278,2024-10-21T15:00:00Z,,,,7.581030503689076,0.0,,197393.02487766047,DIVIDENDO_BRUTO,,,
853,2024-10-22T13:30:00Z,OPEN_ENTRY,30ffe0fa733c104a08525a3d8ae1bf13c3838864ba1ac15ce6aa0056d6575399,benchmark,BH_BUY,NYSE,CAT,2024-10-22,,,1118.692141614919,1111.1111111112298,5.835242840889187,5.856322472989636,389.7300109863281,389.9248759918213,USD,EURUSD,0.9214042200313278,2024-10-21T15:00:00Z,7.573457046642435,0.007573457046641252,0.003784836105268707,,0.0,,197658.30427741405,BH_REINVERSION_DIVIDENDO,,,
854,2024-10-24T15:30:00Z,CLOSE_DIVIDEND,30ffe0fa733c104a08525a3d8ae1bf13c3838864ba1ac15ce6aa0056d6575399,benchmark,BH_DIVIDEND,XETRA,BSP.DE,2024-10-24,,,1111.1111111112298,1129.9137806482008,,,,,EUR,EUR,1.0,,,,,18.80266953697112,0.0,,195915.35258050586,DIVIDENDO_BRUTO,,,
855,2024-10-25T07:00:00Z,OPEN_ENTRY,30ffe0fa733c104a08525a3d8ae1bf13c3838864ba1ac15ce6aa0056d6575399,benchmark,BH_BUY,XETRA,BSP.DE,2024-10-25,,,1129.9137806482008,1111.1111111112298,129.83512477124899,131.0424879977334,15.550000190734863,15.55777519083023,EUR,EUR,1.0,,18.783885651319803,0.018783885651316723,0.009387249201057674,,0.0,,196479.05308805924,BH_REINVERSION_DIVIDENDO,,,
856,2024-10-29T16:30:00Z,CLOSE_DIVIDEND,30ffe0fa733c104a08525a3d8ae1bf13c3838864ba1ac15ce6aa0056d6575399,benchmark,BH_DIVIDEND,AMS,ASML.AS,2024-10-29,,,1111.1111111112298,1114.671605993051,,,,,EUR,EUR,1.0,,,,,3.560494881821009,0.0,,198508.60485959056,DIVIDENDO_BRUTO,,,
857,2024-10-29T20:00:00Z,CLOSE_DIVIDEND,30ffe0fa733c104a08525a3d8ae1bf13c3838864ba1ac15ce6aa0056d6575399,benchmark,BH_DIVIDEND,NYSE,INFY,2024-10-29,,,1114.671605993051,1130.4917024600436,,,,,USD,EURUSD,0.9281603861147207,2024-10-29T16:00:00Z,,,,15.820096466992776,0.0,,198321.1257814621,DIVIDENDO_BRUTO,,,
858,2024-10-30T08:00:00Z,OPEN_ENTRY,30ffe0fa733c104a08525a3d8ae1bf13c3838864ba1ac15ce6aa0056d6575399,benchmark,BH_BUY,AMS,ASML.AS,2024-10-30,,,1130.4917024600436,1126.9312075782225,2.3424308433032954,2.347868531327268,653.7999877929688,654.1268877868652,EUR,EUR,1.0,,3.556937943877132,0.0035569379438769033,0.0017775801818472072,,0.0,,199717.83474469237,BH_REINVERSION_DIVIDENDO,,,
859,2024-10-30T13:30:00Z,OPEN_ENTRY,30ffe0fa733c104a08525a3d8ae1bf13c3838864ba1ac15ce6aa0056d6575399,benchmark,BH_BUY,NYSE,INFY,2024-10-30,,,1126.9312075782225,1111.1111111112298,68.17828773415206,68.96913506266934,21.520000457763672,21.530760457992553,USD,EURUSD,0.9281603861147207,2024-10-29T16:00:00Z,15.80429217481796,0.015804292174816936,0.007898196988914084,,0.0,,199689.1181471022,BH_REINVERSION_DIVIDENDO,,,
860,2024-10-31T16:30:00Z,CLOSE_DIVIDEND,30ffe0fa733c104a08525a3d8ae1bf13c3838864ba1ac15ce6aa0056d6575399,benchmark,BH_DIVIDEND,MCE,ITX.MC,2024-10-31,,,1111.1111111112298,1152.0089463639783,,,,,EUR,EUR,1.0,,,,,40.897835252748486,0.0,,196779.68117561168,DIVIDENDO_BRUTO,,,
861,2024-11-01T08:00:00Z,OPEN_ENTRY,30ffe0fa733c104a08525a3d8ae1bf13c3838864ba1ac15ce6aa0056d6575399,benchmark,BH_BUY,MCE,ITX.MC,2024-11-01,,,1152.0089463639783,1111.1111111112298,53.114071756816216,53.894288796851086,52.34000015258789,52.36617015266418,EUR,EUR,1.0,,40.85697827447402,0.04085697827446921,0.02041827999723644,,0.0,,191610.7020334364,BH_REINVERSION_DIVIDENDO,,,
862,2024-11-08T21:00:00Z,CLOSE_DIVIDEND,30ffe0fa733c104a08525a3d8ae1bf13c3838864ba1ac15ce6aa0056d6575399,benchmark,BH_DIVIDEND,NASDAQ,AAPL,2024-11-08,,,1111.1111111112298,1113.1583093028019,,,,,USD,EURUSD,0.9283327144448571,2024-11-08T16:00:00Z,,,,2.047198191571995,0.0,,207151.5108024349,DIVIDENDO_BRUTO,,,
863,2024-11-11T14:30:00Z,OPEN_ENTRY,30ffe0fa733c104a08525a3d8ae1bf13c3838864ba1ac15ce6aa0056d6575399,benchmark,BH_BUY,NASDAQ,AAPL,2024-11-11,,,1113.1583093028019,1111.1111111112298,8.820967567845411,8.830753958441706,225.0,225.11249999999998,USD,EURUSD,0.9283327144448571,2024-11-08T16:00:00Z,2.0451530385334618,0.002045153038533254,0.0010220654865233142,,0.0,,209545.65057468016,BH_REINVERSION_DIVIDENDO,,,
864,2024-11-12T21:00:00Z,CLOSE_DIVIDEND,30ffe0fa733c104a08525a3d8ae1bf13c3838864ba1ac15ce6aa0056d6575399,benchmark,BH_DIVIDEND,NYSE,V,2024-11-12,,,1111.1111111112298,1114.5151206703413,,,,,USD,EURUSD,0.941885655081473,2024-11-12T16:00:00Z,,,,3.404009559111466,0.0,,211422.65704970807,DIVIDENDO_BRUTO,,,
865,2024-11-13T14:30:00Z,OPEN_ENTRY,30ffe0fa733c104a08525a3d8ae1bf13c3838864ba1ac15ce6aa0056d6575399,benchmark,BH_BUY,NYSE,V,2024-11-13,,,1114.5151206703413,1111.1111111112298,6.125486354082447,6.137146253675801,309.489990234375,309.6447352294922,USD,EURUSD,0.941885655081473,2024-11-12T16:00:00Z,3.400608950161305,0.0034006089501610326,0.001699454747706919,,0.0,,210946.46121348615,BH_REINVERSION_DIVIDENDO,,,
866,2024-11-14T16:30:00Z,CLOSE_DIVIDEND,30ffe0fa733c104a08525a3d8ae1bf13c3838864ba1ac15ce6aa0056d6575399,benchmark,BH_DIVIDEND,XETRA,R6C0.DE,2024-11-14,,,1111.1111111112298,1124.3930371546778,,,,,EUR,EUR,1.0,,,,,13.281926043448081,0.0,,210884.81565951966,DIVIDENDO_BRUTO,,,
867,2024-11-14T21:00:00Z,CLOSE_DIVIDEND,30ffe0fa733c104a08525a3d8ae1bf13c3838864ba1ac15ce6aa0056d6575399,benchmark,BH_DIVIDEND,NYSE,XOM,2024-11-14,,,1124.3930371546778,1136.475371241221,,,,,USD,EURUSD,0.949397132820659,2024-11-14T16:00:00Z,,,,12.08233408654312,0.0,,211476.05926052204,DIVIDENDO_BRUTO,,,
868,2024-11-15T08:00:00Z,OPEN_ENTRY,30ffe0fa733c104a08525a3d8ae1bf13c3838864ba1ac15ce6aa0056d6575399,benchmark,BH_BUY,XETRA,R6C0.DE,2024-11-15,,,1136.475371241221,1123.193445197773,44.73957140938883,45.17043645412645,30.780000686645508,30.795390686988828,EUR,EUR,1.0,,13.26865738606202,0.013268657386060312,0.006631013186436629,,0.0,,210806.0476537432,BH_REINVERSION_DIVIDENDO,,,
869,2024-11-15T14:30:00Z,OPEN_ENTRY,30ffe0fa733c104a08525a3d8ae1bf13c3838864ba1ac15ce6aa0056d6575399,benchmark,BH_BUY,NYSE,XOM,2024-11-15,,,1123.193445197773,1111.1111111112298,12.854871205409967,12.960413191255471,120.4000015258789,120.46020152664184,USD,EURUSD,0.949397132820659,2024-11-14T16:00:00Z,12.0702638227204,0.012070263822719696,0.006032115853432823,,0.0,,210803.84402019664,BH_REINVERSION_DIVIDENDO,,,
870,2024-11-15T21:00:00Z,CLOSE_DIVIDEND,30ffe0fa733c104a08525a3d8ae1bf13c3838864ba1ac15ce6aa0056d6575399,benchmark,BH_DIVIDEND,NYSE,LLY,2024-11-15,,,1111.1111111112298,1116.1402428147562,,,,,USD,EURUSD,0.9449116507606539,2024-11-15T16:00:00Z,,,,5.029131703526448,0.0,,209751.27270129992,DIVIDENDO_BRUTO,,,
871,2024-11-18T14:30:00Z,OPEN_ENTRY,30ffe0fa733c104a08525a3d8ae1bf13c3838864ba1ac15ce6aa0056d6575399,benchmark,BH_BUY,NYSE,LLY,2024-11-18,,,1116.1402428147562,1111.1111111112298,4.094100062955415,4.101348328579785,733.1900024414062,733.5565974426269,USD,EURUSD,0.9449116507606539,2024-11-15T16:00:00Z,5.024107595930518,0.005024107595930083,0.0025107983987652845,,0.0,,209346.21737382576,BH_REINVERSION_DIVIDENDO,,,
872,2024-11-18T16:30:00Z,CLOSE_DIVIDEND,30ffe0fa733c104a08525a3d8ae1bf13c3838864ba1ac15ce6aa0056d6575399,benchmark,BH_DIVIDEND,MIL,ENI.MI,2024-11-18,,,1111.1111111112298,1135.6379023943175,,,,,EUR,EUR,1.0,,,,,24.526791283087714,0.0,,209770.79298387832,DIVIDENDO_BRUTO,,,
873,2024-11-18T21:00:00Z,CLOSE_DIVIDEND,30ffe0fa733c104a08525a3d8ae1bf13c3838864ba1ac15ce6aa0056d6575399,benchmark,BH_DIVIDEND,NYSE,CVX,2024-11-18,,,1135.6379023943175,1147.1760749754262,,,,,USD,EURUSD,0.9476876421531464,2024-11-18T16:00:00Z,,,,11.538172581108721,0.0,,209711.48645835993,DIVIDENDO_BRUTO,,,
874,2024-11-19T08:00:00Z,OPEN_ENTRY,30ffe0fa733c104a08525a3d8ae1bf13c3838864ba1ac15ce6aa0056d6575399,benchmark,BH_BUY,MIL,ENI.MI,2024-11-19,,,1147.1760749754262,1122.6492836923385,98.10716513235086,99.86954597097049,13.895999908447266,13.902947908401488,EUR,EUR,1.0,,24.50228899409362,0.02450228899409268,0.012245021986052308,,0.0,,210085.67263492377,BH_REINVERSION_DIVIDENDO,,,
875,2024-11-19T14:30:00Z,OPEN_ENTRY,30ffe0fa733c104a08525a3d8ae1bf13c3838864ba1ac15ce6aa0056d6575399,benchmark,BH_BUY,NYSE,CVX,2024-11-19,,,1122.6492836923385,1111.1111111112298,7.469374053733695,7.545363794302969,159.97999572753906,160.0599857254028,USD,EURUSD,0.9476876421531464,2024-11-18T16:00:00Z,11.52664593517355,0.011526645935171942,0.005760442746212146,,0.0,,210032.19989609707,BH_REINVERSION_DIVIDENDO,,,
876,2024-11-21T21:00:00Z,CLOSE_DIVIDEND,30ffe0fa733c104a08525a3d8ae1bf13c3838864ba1ac15ce6aa0056d6575399,benchmark,BH_DIVIDEND,NASDAQ,AMAT,2024-11-21,,,1111.1111111112298,1115.7254128724198,,,,,USD,EURUSD,0.9500285008550257,2024-11-21T16:00:00Z,,,,4.614301761190089,0.0,,212293.3619336232,DIVIDENDO_BRUTO,,,
877,2024-11-21T21:00:00Z,CLOSE_DIVIDEND,30ffe0fa733c104a08525a3d8ae1bf13c3838864ba1ac15ce6aa0056d6575399,benchmark,BH_DIVIDEND,NASDAQ,MSFT,2024-11-21,,,1115.7254128724198,1119.5488524631767,,,,,USD,EURUSD,0.9500285008550257,2024-11-21T16:00:00Z,,,,3.823439590756764,0.0,,212297.18537321396,DIVIDENDO_BRUTO,,,
878,2024-11-22T14:30:00Z,OPEN_ENTRY,30ffe0fa733c104a08525a3d8ae1bf13c3838864ba1ac15ce6aa0056d6575399,benchmark,BH_BUY,NASDAQ,AMAT,2024-11-22,,,1119.5488524631767,1114.9345507019866,12.142535084571719,12.1702288781914,175.1199951171875,175.20755511474607,USD,EURUSD,0.9500285008550257,2024-11-21T16:00:00Z,4.609692069120968,0.004609692069120541,0.002303694187466165,,0.0,,212240.6295460341,BH_REINVERSION_DIVIDENDO,,,
879,2024-11-22T14:30:00Z,OPEN_ENTRY,30ffe0fa733c104a08525a3d8ae1bf13c3838864ba1ac15ce6aa0056d6575399,benchmark,BH_BUY,NASDAQ,MSFT,2024-11-22,,,1114.9345507019866,1111.1111111112298,4.848858449675386,4.858627083186794,411.3699951171875,411.5756801147461,USD,EURUSD,0.9500285008550257,2024-11-21T16:00:00Z,3.8196199707859786,0.003819619970785393,0.0019088555576141654,,0.0,,212240.63773827892,BH_REINVERSION_DIVIDENDO,,,
880,2024-12-02T16:30:00Z,CLOSE_DIVIDEND,30ffe0fa733c104a08525a3d8ae1bf13c3838864ba1ac15ce6aa0056d6575399,benchmark,BH_DIVIDEND,PAR,MC.PA,2024-12-02,,,1111.1111111112298,1122.447326471286,,,,,EUR,EUR,1.0,,,,,11.336215360056217,0.0,,214756.0468519954,DIVIDENDO_BRUTO,,,
881,2024-12-02T21:00:00Z,CLOSE_DIVIDEND,30ffe0fa733c104a08525a3d8ae1bf13c3838864ba1ac15ce6aa0056d6575399,benchmark,BH_DIVIDEND,NYSE,GS,2024-12-02,,,1122.447326471286,1134.8658556881908,,,,,USD,EURUSD,0.9517464547444561,2024-12-02T16:00:00Z,,,,12.418529216904705,0.0,,215890.99358682366,DIVIDENDO_BRUTO,,,
882,2024-12-02T21:00:00Z,CLOSE_DIVIDEND,30ffe0fa733c104a08525a3d8ae1bf13c3838864ba1ac15ce6aa0056d6575399,benchmark,BH_DIVIDEND,NYSE,LMT,2024-12-02,,,1134.8658556881908,1143.9796425892566,,,,,USD,EURUSD,0.9517464547444561,2024-12-02T16:00:00Z,,,,9.113786901065795,0.0,,215900.10737372472,DIVIDENDO_BRUTO,,,
883,2024-12-03T08:00:00Z,OPEN_ENTRY,30ffe0fa733c104a08525a3d8ae1bf13c3838864ba1ac15ce6aa0056d6575399,benchmark,BH_BUY,PAR,MC.PA,2024-12-03,,,1143.9796425892566,1132.6434272292004,2.061130065464767,2.0796861816191266,610.0,610.305,EUR,EUR,1.0,,11.32489046958663,0.01132489046958618,0.005659615427078848,,0.0,,217357.54162394057,BH_REINVERSION_DIVIDENDO,,,
884,2024-12-03T14:30:00Z,OPEN_ENTRY,30ffe0fa733c104a08525a3d8ae1bf13c3838864ba1ac15ce6aa0056d6575399,benchmark,BH_BUY,NYSE,GS,2024-12-03,,,1132.6434272292004,1120.2248980122956,4.3493828827339245,4.370777717805108,608.9600219726562,609.2645019836425,USD,EURUSD,0.9517464547444561,2024-12-02T16:00:00Z,12.406123093810896,0.012406123093809285,0.006199961566120868,,0.0,,217430.2885295298,BH_REINVERSION_DIVIDENDO,,,
885,2024-12-03T14:30:00Z,OPEN_ENTRY,30ffe0fa733c104a08525a3d8ae1bf13c3838864ba1ac15ce6aa0056d6575399,benchmark,BH_BUY,NYSE,LMT,2024-12-03,,,1120.2248980122956,1111.1111111112298,2.9017745142272213,2.9201570815814724,520.1400146484375,520.4000846557617,USD,EURUSD,0.9517464547444561,2024-12-02T16:00:00Z,9.10468221884695,0.009104682218845639,0.004550066076384996,,0.0,,217430.27837410374,BH_REINVERSION_DIVIDENDO,,,
886,2024-12-05T21:00:00Z,CLOSE_DIVIDEND,30ffe0fa733c104a08525a3d8ae1bf13c3838864ba1ac15ce6aa0056d6575399,benchmark,BH_DIVIDEND,NASDAQ,NVDA,2024-12-05,,,1111.1111111112298,1111.811517859927,,,,,USD,EURUSD,0.9487666034155597,2024-12-05T16:00:00Z,,,,0.7004067486973574,0.0,,223084.08164851047,DIVIDENDO_BRUTO,,,
887,2024-12-05T21:00:00Z,CLOSE_DIVIDEND,30ffe0fa733c104a08525a3d8ae1bf13c3838864ba1ac15ce6aa0056d6575399,benchmark,BH_DIVIDEND,NASDAQ,QCOM,2024-12-05,,,1111.811517859927,1119.3811324560209,,,,,USD,EURUSD,0.9487666034155597,2024-12-05T16:00:00Z,,,,7.569614596093768,0.0,,223091.65126310656,DIVIDENDO_BRUTO,,,
888,2024-12-06T14:30:00Z,OPEN_ENTRY,30ffe0fa733c104a08525a3d8ae1bf13c3838864ba1ac15ce6aa0056d6575399,benchmark,BH_BUY,NASDAQ,NVDA,2024-12-06,,,1119.3811324560209,1118.6807257073235,73.82287131270148,73.82796897957189,144.60000610351562,144.67230610656736,USD,EURUSD,0.9487666034155597,2024-12-05T16:00:00Z,0.6997070416557017,0.0006997070416556728,0.0003496786814870062,,0.0,,222459.11149915683,BH_REINVERSION_DIVIDENDO,,,
889,2024-12-06T14:30:00Z,OPEN_ENTRY,30ffe0fa733c104a08525a3d8ae1bf13c3838864ba1ac15ce6aa0056d6575399,benchmark,BH_BUY,NASDAQ,QCOM,2024-12-06,,,1118.6807257073235,1111.1111111112298,9.386322099156272,9.435991157084647,160.38999938964844,160.47019438934325,USD,EURUSD,0.9487666034155597,2024-12-05T16:00:00Z,7.562052543550219,0.007562052543549136,0.0037791367034227764,,0.0,,222459.10015796762,BH_REINVERSION_DIVIDENDO,,,
890,2024-12-09T21:00:00Z,CLOSE_DIVIDEND,30ffe0fa733c104a08525a3d8ae1bf13c3838864ba1ac15ce6aa0056d6575399,benchmark,BH_DIVIDEND,NASDAQ,GOOGL,2024-12-09,,,1111.1111111112298,1113.1766966597265,,,,,USD,EURUSD,0.9462528387585163,2024-12-09T16:00:00Z,,,,2.06558554849679,0.0,,224204.7300035511,DIVIDENDO_BRUTO,,,
891,2024-12-10T14:30:00Z,OPEN_ENTRY,30ffe0fa733c104a08525a3d8ae1bf13c3838864ba1ac15ce6aa0056d6575399,benchmark,BH_BUY,NASDAQ,GOOGL,2024-12-10,,,1113.1766966597265,1111.1111111112298,10.914554038257037,10.92647441115662,182.85000610351562,182.94143110656736,USD,EURUSD,0.9462528387585163,2024-12-09T16:00:00Z,2.06352202647032,0.0020635220264701992,0.0010312453905396825,,0.0,,219960.43024160742,BH_REINVERSION_DIVIDENDO,,,
892,2024-12-12T16:30:00Z,CLOSE_DIVIDEND,30ffe0fa733c104a08525a3d8ae1bf13c3838864ba1ac15ce6aa0056d6575399,benchmark,BH_DIVIDEND,XETRA,EQQQ.DE,2024-12-12,,,1111.1111111112298,1112.9049845422846,,,,,EUR,EUR,1.0,,,,,1.7938734310548843,0.0,,221538.55498574275,DIVIDENDO_BRUTO,,,
893,2024-12-12T21:00:00Z,CLOSE_DIVIDEND,30ffe0fa733c104a08525a3d8ae1bf13c3838864ba1ac15ce6aa0056d6575399,benchmark,BH_DIVIDEND,NYSE,TSM,2024-12-12,,,1112.9049845422846,1121.134280769819,,,,,USD,EURUSD,0.9531979792202842,2024-12-12T16:00:00Z,,,,8.22929622753449,0.0,,221379.5937043303,DIVIDENDO_BRUTO,,,
894,2024-12-13T08:00:00Z,OPEN_ENTRY,30ffe0fa733c104a08525a3d8ae1bf13c3838864ba1ac15ce6aa0056d6575399,benchmark,BH_BUY,XETRA,EQQQ.DE,2024-12-13,,,1121.134280769819,1119.3404073387642,4.171614349726139,4.1751437797888515,507.5,507.75374999999997,EUR,EUR,1.0,,1.7920813497051793,0.0017920813497049881,0.0008955928784132707,,0.0,,220109.5275403743,BH_REINVERSION_DIVIDENDO,,,
895,2024-12-13T14:30:00Z,OPEN_ENTRY,30ffe0fa733c104a08525a3d8ae1bf13c3838864ba1ac15ce6aa0056d6575399,benchmark,BH_BUY,NYSE,TSM,2024-12-13,,,1119.3404073387642,1111.1111111112298,14.015186156341613,14.058611777071258,198.50999450683594,198.60924950408935,USD,EURUSD,0.9531979792202842,2024-12-12T16:00:00Z,8.22107515238211,0.008221075152381019,0.004108483334523491,,0.0,,220039.89480351875,BH_REINVERSION_DIVIDENDO,,,
896,2024-12-16T16:30:00Z,CLOSE_DIVIDEND,30ffe0fa733c104a08525a3d8ae1bf13c3838864ba1ac15ce6aa0056d6575399,benchmark,BH_DIVIDEND,XETRA,EXSA.DE,2024-12-16,,,1111.1111111112298,1116.5627735377745,,,,,EUR,EUR,1.0,,,,,5.451662426544663,0.0,,220823.77508759502,DIVIDENDO_BRUTO,,,
897,2024-12-16T21:00:00Z,CLOSE_DIVIDEND,30ffe0fa733c104a08525a3d8ae1bf13c3838864ba1ac15ce6aa0056d6575399,benchmark,BH_DIVIDEND,NASDAQ,META,2024-12-16,,,1116.5627735377745,1119.900060818336,,,,,USD,EURUSD,0.9525623928367307,2024-12-16T16:00:00Z,,,,3.337287280561523,0.0,,221025.30042851873,DIVIDENDO_BRUTO,,,
898,2024-12-17T08:00:00Z,OPEN_ENTRY,30ffe0fa733c104a08525a3d8ae1bf13c3838864ba1ac15ce6aa0056d6575399,benchmark,BH_BUY,XETRA,EXSA.DE,2024-12-17,,,1119.900060818336,1114.4483983917912,28.688732326523795,28.796099079604435,50.70000076293945,50.72535076332092,EUR,EUR,1.0,,5.446216210334329,0.005446216210334143,0.0027217472315508888,,0.0,,222320.12768960456,BH_REINVERSION_DIVIDENDO,,,
899,2024-12-17T14:30:00Z,OPEN_ENTRY,30ffe0fa733c104a08525a3d8ae1bf13c3838864ba1ac15ce6aa0056d6575399,benchmark,BH_BUY,NASDAQ,META,2024-12-17,,,1114.4483983917912,1111.1111111112298,7.0069683742669735,7.012555092220347,626.1699829101562,626.4830679016113,USD,EURUSD,0.9525623928367307,2024-12-16T16:00:00Z,3.3339533272342887,0.0033339533272340738,0.001666143591821195,,0.0,,222260.8023877376,BH_REINVERSION_DIVIDENDO,,,
900,2024-12-18T21:00:00Z,CLOSE_DIVIDEND,30ffe0fa733c104a08525a3d8ae1bf13c3838864ba1ac15ce6aa0056d6575399,benchmark,BH_DIVIDEND,NYSE,CRM,2024-12-18,,,1111.1111111112298,1113.7425745010255,,,,,USD,EURUSD,0.9527439024390243,2024-12-18T16:00:00Z,,,,2.631463389795647,0.0,,221065.228519683,DIVIDENDO_BRUTO,,,
901,2024-12-19T14:30:00Z,OPEN_ENTRY,30ffe0fa733c104a08525a3d8ae1bf13c3838864ba1ac15ce6aa0056d6575399,benchmark,BH_BUY,NYSE,CRM,2024-12-19,,,1113.7425745010255,1111.1111111112298,6.904959934823778,6.913030891006819,341.70001220703125,341.8708622131347,USD,EURUSD,0.9527439024390243,2024-12-18T16:00:00Z,2.628834555240407,0.0026288345552401005,0.0013137603974212062,,0.0,,215997.8674009379,BH_REINVERSION_DIVIDENDO,,,
902,2024-12-23T21:00:00Z,CLOSE_DIVIDEND,30ffe0fa733c104a08525a3d8ae1bf13c3838864ba1ac15ce6aa0056d6575399,benchmark,BH_DIVIDEND,NASDAQ,AVGO,2024-12-23,,,1111.1111111112298,1124.4087102044039,,,,,USD,EURUSD,0.9621860867891852,2024-12-23T16:00:00Z,,,,13.297599093174178,0.0,,218158.00713100753,DIVIDENDO_BRUTO,,,
903,2024-12-24T14:30:00Z,OPEN_ENTRY,30ffe0fa733c104a08525a3d8ae1bf13c3838864ba1ac15ce6aa0056d6575399,benchmark,BH_BUY,NASDAQ,AVGO,2024-12-24,,,1124.4087102044039,1111.1111111112298,23.42405887717953,23.481528012967864,240.1199951171875,240.24005511474607,USD,EURUSD,0.9621860867891852,2024-12-23T16:00:00Z,13.284314778395784,0.01328431477839409,0.006638837970211491,,0.0,,219601.19427129396,BH_REINVERSION_DIVIDENDO,,,
904,2024-12-30T21:00:00Z,CLOSE_DIVIDEND,30ffe0fa733c104a08525a3d8ae1bf13c3838864ba1ac15ce6aa0056d6575399,benchmark,BH_DIVIDEND,NASDAQ,MU,2024-12-30,,,1111.1111111112298,1113.297749646763,,,,,USD,EURUSD,0.9574875526618154,2024-12-30T16:00:00Z,,,,2.1866385355330396,0.0,,218470.72730250005,DIVIDENDO_BRUTO,,,
905,2024-12-31T14:30:00Z,OPEN_ENTRY,30ffe0fa733c104a08525a3d8ae1bf13c3838864ba1ac15ce6aa0056d6575399,benchmark,BH_BUY,NASDAQ,MU,2024-12-31,,,1113.297749646763,1111.1111111112298,19.858480752267013,19.885169699196602,85.44000244140625,85.48272244262695,USD,EURUSD,0.9574875526618154,2024-12-30T16:00:00Z,2.1844540814515883,0.0021844540814512925,0.001091681200125676,,0.0,,217118.04827161523,BH_REINVERSION_DIVIDENDO,,,
906,2025-01-02T16:30:00Z,CLOSE_DIVIDEND,30ffe0fa733c104a08525a3d8ae1bf13c3838864ba1ac15ce6aa0056d6575399,benchmark,BH_DIVIDEND,PAR,TTE.PA,2025-01-02,,,1111.1111111112298,1129.9131011246413,,,,,EUR,EUR,1.0,,,,,18.801990013411544,0.0,,217185.8747457653,DIVIDENDO_BRUTO,,,
907,2025-01-03T08:00:00Z,OPEN_ENTRY,30ffe0fa733c104a08525a3d8ae1bf13c3838864ba1ac15ce6aa0056d6575399,benchmark,BH_BUY,PAR,TTE.PA,2025-01-03,,,1129.9131011246413,1111.1111111112298,23.79998735874879,24.149007986692993,53.790000915527344,53.81689591598511,EUR,EUR,1.0,,18.78320680660494,0.018783206806602948,0.009386909948328167,,0.0,,219345.6420152678,BH_REINVERSION_DIVIDENDO,,,
908,2025-01-10T16:30:00Z,CLOSE_DIVIDEND,30ffe0fa733c104a08525a3d8ae1bf13c3838864ba1ac15ce6aa0056d6575399,benchmark,BH_DIVIDEND,MCE,IBE.MC,2025-01-10,,,1111.1111111112298,1139.7005671496956,,,,,EUR,EUR,1.0,,,,,28.589456038465936,0.0,,220389.0848283633,DIVIDENDO_BRUTO,,,
909,2025-01-10T21:00:00Z,CLOSE_DIVIDEND,30ffe0fa733c104a08525a3d8ae1bf13c3838864ba1ac15ce6aa0056d6575399,benchmark,BH_DIVIDEND,NASDAQ,MRVL,2025-01-10,,,1139.7005671496956,1141.080791638636,,,,,USD,EURUSD,0.9704968944099379,2025-01-10T16:00:00Z,,,,1.3802244889401916,0.0,,219684.11725536617,DIVIDENDO_BRUTO,,,
910,2025-01-10T21:00:00Z,CLOSE_DIVIDEND,30ffe0fa733c104a08525a3d8ae1bf13c3838864ba1ac15ce6aa0056d6575399,benchmark,BH_DIVIDEND,NYSE,MA,2025-01-10,,,1141.080791638636,1143.7937645287336,,,,,USD,EURUSD,0.9704968944099379,2025-01-10T16:00:00Z,,,,2.7129728900977628,0.0,,219686.83022825627,DIVIDENDO_BRUTO,,,
911,2025-01-10T21:00:00Z,CLOSE_DIVIDEND,30ffe0fa733c104a08525a3d8ae1bf13c3838864ba1ac15ce6aa0056d6575399,benchmark,BH_DIVIDEND,NYSE,ORCL,2025-01-10,,,1143.7937645287336,1150.2819663310115,,,,,USD,EURUSD,0.9704968944099379,2025-01-10T16:00:00Z,,,,6.488201802277961,0.0,,219693.31843005854,DIVIDENDO_BRUTO,,,
912,2025-01-13T08:00:00Z,OPEN_ENTRY,30ffe0fa733c104a08525a3d8ae1bf13c3838864ba1ac15ce6aa0056d6575399,benchmark,BH_BUY,MCE,IBE.MC,2025-01-13,,,1150.2819663310115,1121.6925102925456,123.76387895439798,125.94968453749185,13.0600004196167,13.066530419826506,EUR,EUR,1.0,,28.560895143322618,0.028560895143318277,0.014273310916200228,,0.0,,217580.08143712883,BH_REINVERSION_DIVIDENDO,,,
913,2025-01-13T14:30:00Z,OPEN_ENTRY,30ffe0fa733c104a08525a3d8ae1bf13c3838864ba1ac15ce6aa0056d6575399,benchmark,BH_BUY,NASDAQ,MRVL,2025-01-13,,,1121.6925102925456,1120.3122858036054,23.70305522339956,23.715734263797692,112.0,112.056,USD,EURUSD,0.9704968944099379,2025-01-10T16:00:00Z,1.3788456432968947,0.0013788456432968221,0.0006890782825071616,,0.0,,217477.01423022355,BH_REINVERSION_DIVIDENDO,,,
914,2025-01-13T14:30:00Z,OPEN_ENTRY,30ffe0fa733c104a08525a3d8ae1bf13c3838864ba1ac15ce6aa0056d6575399,benchmark,BH_BUY,NYSE,MA,2025-01-13,,,1120.3122858036054,1117.5993129135077,3.6782200867851773,3.6837914619984597,501.0,501.2505,USD,EURUSD,0.9704968944099379,2025-01-10T16:00:00Z,2.710262627470293,0.0027102626274699837,0.0013544540866917366,,0.0,,217477.03000927804,BH_REINVERSION_DIVIDENDO,,,
915,2025-01-13T14:30:00Z,OPEN_ENTRY,30ffe0fa733c104a08525a3d8ae1bf13c3838864ba1ac15ce6aa0056d6575399,benchmark,BH_BUY,NYSE,ORCL,2025-01-13,,,1117.5993129135077,1111.1111111112298,16.713607842668026,16.757028074363422,153.74000549316406,153.81687549591064,USD,EURUSD,0.9704968944099379,2025-01-10T16:00:00Z,6.481720082195766,0.00648172008219472,0.0032392404208871042,,0.0,,217477.05231387808,BH_REINVERSION_DIVIDENDO,,,
916,2025-01-15T16:30:00Z,CLOSE_DIVIDEND,30ffe0fa733c104a08525a3d8ae1bf13c3838864ba1ac15ce6aa0056d6575399,benchmark,BH_DIVIDEND,XETRA,EXH1.DE,2025-01-15,,,1111.1111111112298,1128.4532136103217,,,,,EUR,EUR,1.0,,,,,17.34210249909186,0.0,,215918.20870368506,DIVIDENDO_BRUTO,,,
917,2025-01-15T16:30:00Z,CLOSE_DIVIDEND,30ffe0fa733c104a08525a3d8ae1bf13c3838864ba1ac15ce6aa0056d6575399,benchmark,BH_DIVIDEND,XETRA,EXV1.DE,2025-01-15,,,1128.4532136103217,1149.9938766151083,,,,,EUR,EUR,1.0,,,,,21.54066300478668,0.0,,215939.74936668985,DIVIDENDO_BRUTO,,,
918,2025-01-15T21:00:00Z,CLOSE_DIVIDEND,30ffe0fa733c104a08525a3d8ae1bf13c3838864ba1ac15ce6aa0056d6575399,benchmark,BH_DIVIDEND,NYSE,ABBV,2025-01-15,,,1149.9938766151083,1164.5537772058315,,,,,USD,EURUSD,0.970873786407767,2025-01-15T16:00:00Z,,,,14.559900590723103,0.0,,217019.3579944715,DIVIDENDO_BRUTO,,,
919,2025-01-16T08:00:00Z,OPEN_ENTRY,30ffe0fa733c104a08525a3d8ae1bf13c3838864ba1ac15ce6aa0056d6575399,benchmark,BH_BUY,XETRA,EXH1.DE,2025-01-16,,,1164.5537772058315,1147.2116747067396,35.648643396636324,36.13213132977912,35.814998626708984,35.83290612602234,EUR,EUR,1.0,,17.32477772137049,0.01732477772137031,0.008658059830768927,,0.0,,220564.59336784735,BH_REINVERSION_DIVIDENDO,,,
920,2025-01-16T08:00:00Z,OPEN_ENTRY,30ffe0fa733c104a08525a3d8ae1bf13c3838864ba1ac15ce6aa0056d6575399,benchmark,BH_BUY,XETRA,EXV1.DE,2025-01-16,,,1147.2116747067396,1125.671011701953,99.33851533974976,100.31884301260943,21.940000534057617,21.950970534324643,EUR,EUR,1.0,,21.519143860925755,0.021519143860924572,0.010754194833043487,,0.0,,220564.40914304624,BH_REINVERSION_DIVIDENDO,,,
921,2025-01-16T14:30:00Z,OPEN_ENTRY,30ffe0fa733c104a08525a3d8ae1bf13c3838864ba1ac15ce6aa0056d6575399,benchmark,BH_BUY,NYSE,ABBV,2025-01-16,,,1125.671011701953,1111.1111111112298,9.144327810027315,9.231666562110721,171.4499969482422,171.5357219467163,USD,EURUSD,0.970873786407767,2025-01-15T16:00:00Z,14.545355235487618,0.014545355235485502,0.007269043096195633,,0.0,,220651.57092588194,BH_REINVERSION_DIVIDENDO,,,
922,2025-01-16T16:30:00Z,CLOSE_DIVIDEND,30ffe0fa733c104a08525a3d8ae1bf13c3838864ba1ac15ce6aa0056d6575399,benchmark,BH_DIVIDEND,XETRA,EUNH.DE,2025-01-16,,,1111.1111111112298,1123.8084037495635,,,,,EUR,EUR,1.0,,,,,12.697292638333645,0.0,,221126.37244334642,DIVIDENDO_BRUTO,,,
923,2025-01-17T08:00:00Z,OPEN_ENTRY,30ffe0fa733c104a08525a3d8ae1bf13c3838864ba1ac15ce6aa0056d6575399,benchmark,BH_BUY,XETRA,EUNH.DE,2025-01-17,,,1123.8084037495635,1111.1111111112298,10.231500917271267,10.346496553514854,110.25,110.30512499999999,EUR,EUR,1.0,,12.684608030303343,0.012684608030301803,0.0063391344479265185,,0.0,,221619.59265735757,BH_REINVERSION_DIVIDENDO,,,
924,2025-01-21T21:00:00Z,CLOSE_DIVIDEND,30ffe0fa733c104a08525a3d8ae1bf13c3838864ba1ac15ce6aa0056d6575399,benchmark,BH_DIVIDEND,NYSE,CAT,2025-01-21,,,1111.1111111112298,1119.0838973301304,,,,,USD,EURUSD,0.9655305590421936,2025-01-21T16:00:00Z,,,,7.972786218900635,0.0,,224069.8773745685,DIVIDENDO_BRUTO,,,
925,2025-01-22T14:30:00Z,OPEN_ENTRY,30ffe0fa733c104a08525a3d8ae1bf13c3838864ba1ac15ce6aa0056d6575399,benchmark,BH_BUY,NYSE,CAT,2025-01-22,,,1119.0838973301304,1111.1111111112298,5.856322472989636,5.877003327688556,398.67999267578125,398.8793326721191,USD,EURUSD,0.9655305590421936,2025-01-21T16:00:00Z,7.964821397503132,0.00796482139750232,0.003980420488506886,,0.0,,225806.45959902264,BH_REINVERSION_DIVIDENDO,,,
926,2025-02-10T16:30:00Z,CLOSE_DIVIDEND,30ffe0fa733c104a08525a3d8ae1bf13c3838864ba1ac15ce6aa0056d6575399,benchmark,BH_DIVIDEND,AMS,ASML.AS,2025-02-10,,,1111.1111111112298,1114.6798712788473,,,,,EUR,EUR,1.0,,,,,3.5687601676174476,0.0,,236520.3780615612,DIVIDENDO_BRUTO,,,
927,2025-02-10T21:00:00Z,CLOSE_DIVIDEND,30ffe0fa733c104a08525a3d8ae1bf13c3838864ba1ac15ce6aa0056d6575399,benchmark,BH_DIVIDEND,NASDAQ,AAPL,2025-02-10,,,1114.6798712788473,1116.8191043114155,,,,,USD,EURUSD,0.9689922480620154,2025-02-10T16:00:00Z,,,,2.1392330325682427,0.0,,237033.54829023423,DIVIDENDO_BRUTO,,,
928,2025-02-11T08:00:00Z,OPEN_ENTRY,30ffe0fa733c104a08525a3d8ae1bf13c3838864ba1ac15ce6aa0056d6575399,benchmark,BH_BUY,AMS,ASML.AS,2025-02-11,,,1116.8191043114155,1113.250344143798,2.347868531327268,2.35284397562394,716.2000122070312,716.5581122131347,EUR,EUR,1.0,,3.5651949726448033,0.003565194972644292,0.00178170663300546,,0.0,,239667.65102702557,BH_REINVERSION_DIVIDENDO,,,
929,2025-02-11T14:30:00Z,OPEN_ENTRY,30ffe0fa733c104a08525a3d8ae1bf13c3838864ba1ac15ce6aa0056d6575399,benchmark,BH_BUY,NASDAQ,AAPL,2025-02-11,,,1113.250344143798,1111.1111111112298,8.830753958441706,8.840413821919688,228.1999969482422,228.3140969467163,USD,EURUSD,0.9689922480620154,2025-02-10T16:00:00Z,2.1370959366316113,0.0021370959366313613,0.001068013961334968,,0.0,,239511.87829451895,BH_REINVERSION_DIVIDENDO,,,
930,2025-02-11T21:00:00Z,CLOSE_DIVIDEND,30ffe0fa733c104a08525a3d8ae1bf13c3838864ba1ac15ce6aa0056d6575399,benchmark,BH_DIVIDEND,NYSE,V,2025-02-11,,,1111.1111111112298,1114.6183915157908,,,,,USD,EURUSD,0.9686168151879117,2025-02-11T16:00:00Z,,,,3.5072804045609476,0.0,,240023.9992330802,DIVIDENDO_BRUTO,,,
931,2025-02-12T14:30:00Z,OPEN_ENTRY,30ffe0fa733c104a08525a3d8ae1bf13c3838864ba1ac15ce6aa0056d6575399,benchmark,BH_BUY,NYSE,V,2025-02-12,,,1114.6183915157908,1111.1111111112298,6.137146253675801,6.147501080136836,349.1600036621094,349.3345836639404,USD,EURUSD,0.9686168151879117,2025-02-11T16:00:00Z,3.503776627933015,0.0035037766279324423,0.0017510128075624984,,0.0,,238768.2063811249,BH_REINVERSION_DIVIDENDO,,,
932,2025-02-12T21:00:00Z,CLOSE_DIVIDEND,30ffe0fa733c104a08525a3d8ae1bf13c3838864ba1ac15ce6aa0056d6575399,benchmark,BH_DIVIDEND,NYSE,XOM,2025-02-12,,,1111.1111111112298,1123.4841188830167,,,,,USD,EURUSD,0.9643201542912248,2025-02-12T16:00:00Z,,,,12.373007771786806,0.0,,238212.14790040668,DIVIDENDO_BRUTO,,,
933,2025-02-13T14:30:00Z,OPEN_ENTRY,30ffe0fa733c104a08525a3d8ae1bf13c3838864ba1ac15ce6aa0056d6575399,benchmark,BH_BUY,NYSE,XOM,2025-02-13,,,1123.4841188830167,1111.1111111112298,12.960413191255471,13.07998001433706,107.1500015258789,107.20357652664184,USD,EURUSD,0.9643201542912248,2025-02-12T16:00:00Z,12.360647124662146,0.012360647124660673,0.006177234944857923,,0.0,,239121.1273663411,BH_REINVERSION_DIVIDENDO,,,
934,2025-02-13T16:30:00Z,CLOSE_DIVIDEND,30ffe0fa733c104a08525a3d8ae1bf13c3838864ba1ac15ce6aa0056d6575399,benchmark,BH_DIVIDEND,XETRA,R6C0.DE,2025-02-13,,,1111.1111111112298,1125.066698135478,,,,,EUR,EUR,1.0,,,,,13.955587024248183,0.0,,238813.69659433144,DIVIDENDO_BRUTO,,,
935,2025-02-14T08:00:00Z,OPEN_ENTRY,30ffe0fa733c104a08525a3d8ae1bf13c3838864ba1ac15ce6aa0056d6575399,benchmark,BH_BUY,XETRA,R6C0.DE,2025-02-14,,,1125.066698135478,1111.1111111112298,45.17043645412645,45.60644015997823,31.959999084472656,31.97597908401489,EUR,EUR,1.0,,13.941645378869316,0.013941645378867662,0.0069673390199242865,,0.0,,244826.37700405638,BH_REINVERSION_DIVIDENDO,,,
936,2025-02-14T16:30:00Z,CLOSE_DIVIDEND,30ffe0fa733c104a08525a3d8ae1bf13c3838864ba1ac15ce6aa0056d6575399,benchmark,BH_DIVIDEND,XETRA,SIE.DE,2025-02-14,,,1111.1111111112298,1165.4132362265773,,,,,EUR,EUR,1.0,,,,,54.3021251153475,0.0,,244160.08013356684,DIVIDENDO_BRUTO,,,
937,2025-02-14T21:00:00Z,CLOSE_DIVIDEND,30ffe0fa733c104a08525a3d8ae1bf13c3838864ba1ac15ce6aa0056d6575399,benchmark,BH_DIVIDEND,NYSE,CVX,2025-02-14,,,1165.4132362265773,1177.7272008078505,,,,,USD,EURUSD,0.954380606986066,2025-02-14T16:00:00Z,,,,12.313964581273217,0.0,,243915.41641613806,DIVIDENDO_BRUTO,,,
938,2025-02-14T21:00:00Z,CLOSE_DIVIDEND,30ffe0fa733c104a08525a3d8ae1bf13c3838864ba1ac15ce6aa0056d6575399,benchmark,BH_DIVIDEND,NYSE,LLY,2025-02-14,,,1177.7272008078505,1183.5985717687875,,,,,USD,EURUSD,0.954380606986066,2025-02-14T16:00:00Z,,,,5.871370960936894,0.0,,243921.287787099,DIVIDENDO_BRUTO,,,
939,2025-02-17T08:00:00Z,OPEN_ENTRY,30ffe0fa733c104a08525a3d8ae1bf13c3838864ba1ac15ce6aa0056d6575399,benchmark,BH_BUY,XETRA,SIE.DE,2025-02-17,,,1183.5985717687875,1129.29644665344,10.442716368336058,10.684557436992268,224.1999969482422,224.3120969467163,EUR,EUR,1.0,,54.247877238109396,0.054247877238104536,0.027110383427341192,,0.0,,245059.50508437454,BH_REINVERSION_DIVIDENDO,,,
940,2025-02-18T14:30:00Z,OPEN_ENTRY,30ffe0fa733c104a08525a3d8ae1bf13c3838864ba1ac15ce6aa0056d6575399,benchmark,BH_BUY,NYSE,CVX,2025-02-18,,,1129.29644665344,1116.9824820721667,7.545363794302969,7.628259979003974,155.33999633789062,155.41766633605957,USD,EURUSD,0.9548362455838825,2025-02-17T16:00:00Z,12.301662918354863,0.012301662918353884,0.006147757580387076,,0.0,,247129.71830386523,BH_REINVERSION_DIVIDENDO,,,
941,2025-02-18T14:30:00Z,OPEN_ENTRY,30ffe0fa733c104a08525a3d8ae1bf13c3838864ba1ac15ce6aa0056d6575399,benchmark,BH_BUY,NYSE,LLY,2025-02-18,,,1116.9824820721667,1111.1111111112298,4.101348328579785,4.108517561023077,856.4199829101562,856.8481929016112,USD,EURUSD,0.9548362455838825,2025-02-17T16:00:00Z,5.865505455481413,0.005865505455481035,0.0029312870841980165,,0.0,,247129.62633519107,BH_REINVERSION_DIVIDENDO,,,
942,2025-02-20T21:00:00Z,CLOSE_DIVIDEND,30ffe0fa733c104a08525a3d8ae1bf13c3838864ba1ac15ce6aa0056d6575399,benchmark,BH_DIVIDEND,NASDAQ,AMAT,2025-02-20,,,1111.1111111112298,1115.772694517604,,,,,USD,EURUSD,0.9575792396820837,2025-02-20T16:00:00Z,,,,4.6615834063741834,0.0,,245306.7219668985,DIVIDENDO_BRUTO,,,
943,2025-02-20T21:00:00Z,CLOSE_DIVIDEND,30ffe0fa733c104a08525a3d8ae1bf13c3838864ba1ac15ce6aa0056d6575399,benchmark,BH_DIVIDEND,NASDAQ,MSFT,2025-02-20,,,1115.772694517604,1119.6342864730238,,,,,USD,EURUSD,0.9575792396820837,2025-02-20T16:00:00Z,,,,3.861591955419935,0.0,,245310.58355885392,DIVIDENDO_BRUTO,,,
944,2025-02-21T14:30:00Z,OPEN_ENTRY,30ffe0fa733c104a08525a3d8ae1bf13c3838864ba1ac15ce6aa0056d6575399,benchmark,BH_BUY,NASDAQ,AMAT,2025-02-21,,,1119.6342864730238,1114.9727030666497,12.1702288781914,12.197826662721218,176.1300048828125,176.2180698852539,USD,EURUSD,0.9575792396820837,2025-02-20T16:00:00Z,4.65692647989429,0.004656926479893464,0.0023272995901518164,,0.0,,242685.5657225379,BH_REINVERSION_DIVIDENDO,,,
945,2025-02-21T14:30:00Z,OPEN_ENTRY,30ffe0fa733c104a08525a3d8ae1bf13c3838864ba1ac15ce6aa0056d6575399,benchmark,BH_BUY,NASDAQ,MSFT,2025-02-21,,,1114.9727030666497,1111.1111111112298,4.858627083186794,4.8682753761212405,417.3399963378906,417.54866633605957,USD,EURUSD,0.9575792396820837,2025-02-20T16:00:00Z,3.8577342211987364,0.0038577342211985055,0.0019279031590198413,,0.0,,242685.5487577834,BH_REINVERSION_DIVIDENDO,,,
946,2025-02-21T16:30:00Z,CLOSE_DIVIDEND,30ffe0fa733c104a08525a3d8ae1bf13c3838864ba1ac15ce6aa0056d6575399,benchmark,BH_DIVIDEND,XETRA,IFX.DE,2025-02-21,,,1111.1111111112298,1126.9173184077526,,,,,EUR,EUR,1.0,,,,,15.806207296522839,0.0,,242323.34989976767,DIVIDENDO_BRUTO,,,
947,2025-02-21T21:00:00Z,CLOSE_DIVIDEND,30ffe0fa733c104a08525a3d8ae1bf13c3838864ba1ac15ce6aa0056d6575399,benchmark,BH_DIVIDEND,NASDAQ,AZN,2025-02-21,,,1126.9173184077526,1147.8469456161147,,,,,USD,EURUSD,0.9555661729574774,2025-02-21T16:00:00Z,,,,20.929627208362028,0.0,,242051.64806043814,DIVIDENDO_BRUTO,,,
948,2025-02-24T08:00:00Z,OPEN_ENTRY,30ffe0fa733c104a08525a3d8ae1bf13c3838864ba1ac15ce6aa0056d6575399,benchmark,BH_BUY,XETRA,IFX.DE,2025-02-24,,,1147.8469456161147,1132.0407383195918,45.16059227577954,45.567883259439796,38.75,38.769375,EUR,EUR,1.0,,15.790416879643198,0.015790416879641,0.007891262808416002,,0.0,,237353.37056577296,BH_REINVERSION_DIVIDENDO,,,
949,2025-02-24T14:30:00Z,OPEN_ENTRY,30ffe0fa733c104a08525a3d8ae1bf13c3838864ba1ac15ce6aa0056d6575399,benchmark,BH_BUY,NASDAQ,AZN,2025-02-24,,,1132.0407383195918,1111.1111111112298,10.429930892167077,10.576630909685157,149.0800018310547,149.15454183197022,USD,EURUSD,0.9555661729574774,2025-02-21T16:00:00Z,20.908718489872157,0.020908718489870637,0.01044913467759811,,0.0,,237246.0435913602,BH_REINVERSION_DIVIDENDO,,,
950,2025-02-28T21:00:00Z,CLOSE_DIVIDEND,30ffe0fa733c104a08525a3d8ae1bf13c3838864ba1ac15ce6aa0056d6575399,benchmark,BH_DIVIDEND,NYSE,GS,2025-02-28,,,1111.1111111112298,1123.705802450597,,,,,USD,EURUSD,0.9605225242531938,2025-02-28T16:00:00Z,,,,12.594691339367328,0.0,,226864.10698999307,DIVIDENDO_BRUTO,,,
951,2025-03-03T14:30:00Z,OPEN_ENTRY,30ffe0fa733c104a08525a3d8ae1bf13c3838864ba1ac15ce6aa0056d6575399,benchmark,BH_BUY,NYSE,GS,2025-03-03,,,1123.705802450597,1111.1111111112298,4.370777717805108,4.3918135260668985,622.4000244140625,622.7112244262695,USD,EURUSD,0.9605225242531938,2025-02-28T16:00:00Z,12.582109230137192,0.01258210923013614,0.006287910659738009,,0.0,,229108.78927684325,BH_REINVERSION_DIVIDENDO,,,
952,2025-03-03T21:00:00Z,CLOSE_DIVIDEND,30ffe0fa733c104a08525a3d8ae1bf13c3838864ba1ac15ce6aa0056d6575399,benchmark,BH_DIVIDEND,NYSE,LMT,2025-03-03,,,1111.1111111112298,1120.3194420899388,,,,,USD,EURUSD,0.9555661729574774,2025-03-03T16:00:00Z,,,,9.208330978708895,0.0,,229785.97512509208,DIVIDENDO_BRUTO,,,
953,2025-03-04T14:30:00Z,OPEN_ENTRY,30ffe0fa733c104a08525a3d8ae1bf13c3838864ba1ac15ce6aa0056d6575399,benchmark,BH_BUY,NYSE,LMT,2025-03-04,,,1120.3194420899388,1111.1111111112298,2.9201570815814724,2.9415024839142707,450.7799987792969,451.0053887786865,USD,EURUSD,0.9555661729574774,2025-03-03T16:00:00Z,9.199131846862034,0.009199131846861164,0.0045972672897855405,,0.0,,227204.466705349,BH_REINVERSION_DIVIDENDO,,,
954,2025-03-06T21:00:00Z,CLOSE_DIVIDEND,30ffe0fa733c104a08525a3d8ae1bf13c3838864ba1ac15ce6aa0056d6575399,benchmark,BH_DIVIDEND,NASDAQ,QCOM,2025-03-06,,,1111.1111111112298,1118.5403371982268,,,,,USD,EURUSD,0.9262689885142646,2025-03-06T16:00:00Z,,,,7.429226086996991,0.0,,225417.34150899237,DIVIDENDO_BRUTO,,,
955,2025-03-07T14:30:00Z,OPEN_ENTRY,30ffe0fa733c104a08525a3d8ae1bf13c3838864ba1ac15ce6aa0056d6575399,benchmark,BH_BUY,NASDAQ,QCOM,2025-03-07,,,1118.5403371982268,1111.1111111112298,9.435991157084647,9.487586154848003,155.22000122070312,155.29761122131347,USD,EURUSD,0.9262689885142646,2025-03-06T16:00:00Z,7.421804282714278,0.007421804282713218,0.003709047617548245,,0.0,,218321.7271812211,BH_REINVERSION_DIVIDENDO,,,
956,2025-03-10T20:00:00Z,CLOSE_DIVIDEND,30ffe0fa733c104a08525a3d8ae1bf13c3838864ba1ac15ce6aa0056d6575399,benchmark,BH_DIVIDEND,NASDAQ,GOOGL,2025-03-10,,,1111.1111111112298,1113.1261363599447,,,,,USD,EURUSD,0.9220839096357768,2025-03-10T16:00:00Z,,,,2.015025248714914,0.0,,215604.49442490813,DIVIDENDO_BRUTO,,,
957,2025-03-11T13:30:00Z,OPEN_ENTRY,30ffe0fa733c104a08525a3d8ae1bf13c3838864ba1ac15ce6aa0056d6575399,benchmark,BH_BUY,NASDAQ,GOOGL,2025-03-11,,,1113.1261363599447,1111.1111111112298,10.92647441115662,10.939705996334144,164.91000366210938,164.99245866394043,USD,EURUSD,0.9220839096357768,2025-03-10T16:00:00Z,2.0130122364784357,0.0020130122364783176,0.0010060031166808248,,0.0,,209545.29260761707,BH_REINVERSION_DIVIDENDO,,,
958,2025-03-12T20:00:00Z,CLOSE_DIVIDEND,30ffe0fa733c104a08525a3d8ae1bf13c3838864ba1ac15ce6aa0056d6575399,benchmark,BH_DIVIDEND,NASDAQ,NVDA,2025-03-12,,,1111.1111111112298,1111.7893029997065,,,,,USD,EURUSD,0.9186110600771633,2025-03-12T16:00:00Z,,,,0.6781918884766847,0.0,,211153.46407901176,DIVIDENDO_BRUTO,,,
959,2025-03-13T13:30:00Z,OPEN_ENTRY,30ffe0fa733c104a08525a3d8ae1bf13c3838864ba1ac15ce6aa0056d6575399,benchmark,BH_BUY,NASDAQ,NVDA,2025-03-13,,,1111.7893029997065,1111.1111111112298,73.82796897957189,73.83426799323126,117.02999877929688,117.08851377868652,USD,EURUSD,0.9186110600771633,2025-03-12T16:00:00Z,0.6775143741025822,0.0006775143741024614,0.0003385878931047112,,0.0,,214266.15841627985,BH_REINVERSION_DIVIDENDO,,,
960,2025-03-13T16:30:00Z,CLOSE_DIVIDEND,30ffe0fa733c104a08525a3d8ae1bf13c3838864ba1ac15ce6aa0056d6575399,benchmark,BH_DIVIDEND,XETRA,EQQQ.DE,2025-03-13,,,1111.1111111112298,1112.8533819099605,,,,,EUR,EUR,1.0,,,,,1.7422707987307686,0.0,,214997.83165602357,DIVIDENDO_BRUTO,,,
961,2025-03-13T16:30:00Z,CLOSE_DIVIDEND,30ffe0fa733c104a08525a3d8ae1bf13c3838864ba1ac15ce6aa0056d6575399,benchmark,BH_DIVIDEND,XETRA,IQQK.DE,2025-03-13,,,1112.8533819099605,1119.4934308150791,,,,,EUR,EUR,1.0,,,,,6.640048905118666,0.0,,215004.4717049287,DIVIDENDO_BRUTO,,,
962,2025-03-14T08:00:00Z,OPEN_ENTRY,30ffe0fa733c104a08525a3d8ae1bf13c3838864ba1ac15ce6aa0056d6575399,benchmark,BH_BUY,XETRA,EQQQ.DE,2025-03-14,,,1119.4934308150791,1117.7511600163484,4.1751437797888515,4.179126974839208,436.75,436.968375,EUR,EUR,1.0,,1.7405302684623065,0.0017405302684621038,0.0008698302191215146,,0.0,,212614.64308773127,BH_REINVERSION_DIVIDENDO,,,
963,2025-03-14T08:00:00Z,OPEN_ENTRY,30ffe0fa733c104a08525a3d8ae1bf13c3838864ba1ac15ce6aa0056d6575399,benchmark,BH_BUY,XETRA,IQQK.DE,2025-03-14,,,1117.7511600163484,1111.1111111112298,27.815451307059654,28.000701384450206,35.790000915527344,35.80789591598511,EUR,EUR,1.0,,6.633415489629038,0.006633415489628369,0.0033150502197045297,,0.0,,212614.58404810814,BH_REINVERSION_DIVIDENDO,,,
964,2025-03-14T20:00:00Z,CLOSE_DIVIDEND,30ffe0fa733c104a08525a3d8ae1bf13c3838864ba1ac15ce6aa0056d6575399,benchmark,BH_DIVIDEND,NASDAQ,META,2025-03-14,,,1111.1111111112298,1114.4921299590724,,,,,USD,EURUSD,0.918357975939021,2025-03-14T16:00:00Z,,,,3.381018847842485,0.0,,213636.7748351295,DIVIDENDO_BRUTO,,,
965,2025-03-17T13:30:00Z,OPEN_ENTRY,30ffe0fa733c104a08525a3d8ae1bf13c3838864ba1ac15ce6aa0056d6575399,benchmark,BH_BUY,NASDAQ,META,2025-03-17,,,1114.4921299590724,1111.1111111112298,7.012555092220347,7.018606643498128,607.4600219726562,607.7637519836426,USD,EURUSD,0.918357975939021,2025-03-14T16:00:00Z,3.37764120663585,0.0033776412066353068,0.0016879766150104196,,0.0,,218502.18667883502,BH_REINVERSION_DIVIDENDO,,,
966,2025-03-17T16:30:00Z,CLOSE_DIVIDEND,30ffe0fa733c104a08525a3d8ae1bf13c3838864ba1ac15ce6aa0056d6575399,benchmark,BH_DIVIDEND,XETRA,EXSA.DE,2025-03-17,,,1111.1111111112298,1115.3662530800248,,,,,EUR,EUR,1.0,,,,,4.255141968794988,0.0,,218323.3376894464,DIVIDENDO_BRUTO,,,
967,2025-03-18T08:00:00Z,OPEN_ENTRY,30ffe0fa733c104a08525a3d8ae1bf13c3838864ba1ac15ce6aa0056d6575399,benchmark,BH_BUY,XETRA,EXSA.DE,2025-03-18,,,1115.3662530800248,1111.1111111112298,28.796099079604435,28.87373048340321,54.72999954223633,54.757364542007444,EUR,EUR,1.0,,4.250891077717272,0.004250891077716368,0.0021243833471848803,,0.0,,220513.73428371176,BH_REINVERSION_DIVIDENDO,,,
968,2025-03-18T20:00:00Z,CLOSE_DIVIDEND,30ffe0fa733c104a08525a3d8ae1bf13c3838864ba1ac15ce6aa0056d6575399,benchmark,BH_DIVIDEND,NYSE,TSM,2025-03-18,,,1111.1111111112298,1119.918667857444,,,,,USD,EURUSD,0.9159186664224216,2025-03-18T16:00:00Z,,,,8.807556746214269,0.0,,221097.1110767763,DIVIDENDO_BRUTO,,,
969,2025-03-19T13:30:00Z,OPEN_ENTRY,30ffe0fa733c104a08525a3d8ae1bf13c3838864ba1ac15ce6aa0056d6575399,benchmark,BH_BUY,NYSE,TSM,2025-03-19,,,1119.918667857444,1111.1111111112298,14.058611777071258,14.114112835626058,173.0,173.0865,USD,EURUSD,0.9159186664224216,2025-03-18T16:00:00Z,8.798757988226043,0.008798757988225603,0.004397180403911113,,0.0,,218265.7653393495,BH_REINVERSION_DIVIDENDO,,,
970,2025-03-20T20:00:00Z,CLOSE_DIVIDEND,30ffe0fa733c104a08525a3d8ae1bf13c3838864ba1ac15ce6aa0056d6575399,benchmark,BH_DIVIDEND,NASDAQ,AVGO,2025-03-20,,,1111.1111111112298,1123.899906022751,,,,,USD,EURUSD,0.9231053263177329,2025-03-20T16:00:00Z,,,,12.788794911521315,0.0,,221154.50715139834,DIVIDENDO_BRUTO,,,
971,2025-03-21T13:30:00Z,OPEN_ENTRY,30ffe0fa733c104a08525a3d8ae1bf13c3838864ba1ac15ce6aa0056d6575399,benchmark,BH_BUY,NASDAQ,AVGO,2025-03-21,,,1123.899906022751,1111.1111111112298,23.481528012967864,23.555027530000018,188.2100067138672,188.30411171722412,USD,EURUSD,0.9231053263177329,2025-03-20T16:00:00Z,12.776018892628688,0.012776018892626695,0.006384817037795185,,0.0,,221253.0373429592,BH_REINVERSION_DIVIDENDO,,,
972,2025-03-24T16:30:00Z,CLOSE_DIVIDEND,30ffe0fa733c104a08525a3d8ae1bf13c3838864ba1ac15ce6aa0056d6575399,benchmark,BH_DIVIDEND,MIL,ENI.MI,2025-03-24,,,1111.1111111112298,1136.0784976039724,,,,,EUR,EUR,1.0,,,,,24.967386492742623,0.0,,221596.44755567925,DIVIDENDO_BRUTO,,,
973,2025-03-25T08:00:00Z,OPEN_ENTRY,30ffe0fa733c104a08525a3d8ae1bf13c3838864ba1ac15ce6aa0056d6575399,benchmark,BH_BUY,MIL,ENI.MI,2025-03-25,,,1136.0784976039724,1111.1111111112298,99.86954597097049,101.6202467757365,14.239999771118164,14.247119771003723,EUR,EUR,1.0,,24.942444048693933,0.024942444048690504,0.012464989529581454,,0.0,,225081.7293958873,BH_REINVERSION_DIVIDENDO,,,
974,2025-03-26T16:30:00Z,CLOSE_DIVIDEND,30ffe0fa733c104a08525a3d8ae1bf13c3838864ba1ac15ce6aa0056d6575399,benchmark,BH_DIVIDEND,PAR,TTE.PA,2025-03-26,,,1111.1111111112298,1130.1888274207172,,,,,EUR,EUR,1.0,,,,,19.077716309487464,0.0,,226126.40113594223,DIVIDENDO_BRUTO,,,
975,2025-03-27T08:00:00Z,OPEN_ENTRY,30ffe0fa733c104a08525a3d8ae1bf13c3838864ba1ac15ce6aa0056d6575399,benchmark,BH_BUY,PAR,TTE.PA,2025-03-27,,,1130.1888274207172,1111.1111111112298,24.149007986692993,24.465754466217764,60.13999938964844,60.17006938934326,EUR,EUR,1.0,,19.05865765183563,0.01905865765183279,0.009524566542646402,,0.0,,221563.60771426922,BH_REINVERSION_DIVIDENDO,,,
976,2025-03-28T06:30:00Z,CLOSE_DIVIDEND,30ffe0fa733c104a08525a3d8ae1bf13c3838864ba1ac15ce6aa0056d6575399,benchmark,BH_DIVIDEND,JPX,6501.T,2025-03-28,,,1111.1111111112298,1127.4874440008202,,,,,JPY,EURJPY,0.006151953245155336,2025-03-27T16:00:00Z,,,,16.376332889590515,0.0,,217516.2729582301,DIVIDENDO_BRUTO,,,
977,2025-03-28T06:30:00Z,CLOSE_DIVIDEND,30ffe0fa733c104a08525a3d8ae1bf13c3838864ba1ac15ce6aa0056d6575399,benchmark,BH_DIVIDEND,JPX,6758.T,2025-03-28,,,1127.4874440008202,1131.8324647375637,,,,,JPY,EURJPY,0.006151953245155336,2025-03-27T16:00:00Z,,,,4.345020736743432,0.0,,217520.61797896685,DIVIDENDO_BRUTO,,,
978,2025-03-28T06:30:00Z,CLOSE_DIVIDEND,30ffe0fa733c104a08525a3d8ae1bf13c3838864ba1ac15ce6aa0056d6575399,benchmark,BH_DIVIDEND,JPX,6857.T,2025-03-28,,,1131.8324647375637,1142.1662170194736,,,,,JPY,EURJPY,0.006151953245155336,2025-03-27T16:00:00Z,,,,10.33375228190985,0.0,,217530.95173124876,DIVIDENDO_BRUTO,,,
979,2025-03-28T06:30:00Z,CLOSE_DIVIDEND,30ffe0fa733c104a08525a3d8ae1bf13c3838864ba1ac15ce6aa0056d6575399,benchmark,BH_DIVIDEND,JPX,7011.T,2025-03-28,,,1142.1662170194736,1164.4613020315378,,,,,JPY,EURJPY,0.006151953245155336,2025-03-27T16:00:00Z,,,,22.29508501206426,0.0,,217553.24681626083,DIVIDENDO_BRUTO,,,
980,2025-03-28T06:30:00Z,CLOSE_DIVIDEND,30ffe0fa733c104a08525a3d8ae1bf13c3838864ba1ac15ce6aa0056d6575399,benchmark,BH_DIVIDEND,JPX,7203.T,2025-03-28,,,1164.4613020315378,1189.1404975802589,,,,,JPY,EURJPY,0.006151953245155336,2025-03-27T16:00:00Z,,,,24.679195548721157,0.0,,217577.92601180956,DIVIDENDO_BRUTO,,,
981,2025-03-28T06:30:00Z,CLOSE_DIVIDEND,30ffe0fa733c104a08525a3d8ae1bf13c3838864ba1ac15ce6aa0056d6575399,benchmark,BH_DIVIDEND,JPX,8035.T,2025-03-28,,,1189.1404975802589,1208.7651379092545,,,,,JPY,EURJPY,0.006151953245155336,2025-03-27T16:00:00Z,,,,19.62464032899565,0.0,,217597.55065213854,DIVIDENDO_BRUTO,,,
982,2025-03-31T00:00:00Z,OPEN_ENTRY,30ffe0fa733c104a08525a3d8ae1bf13c3838864ba1ac15ce6aa0056d6575399,benchmark,BH_BUY,JPX,6501.T,2025-03-31,,,1208.7651379092545,1192.388805019664,120.99876869104266,121.75644853920058,3510.0,3511.7549999999997,JPY,EURJPY,0.006148548942449582,2025-03-28T16:00:00Z,16.359972916673843,0.01635997291667124,0.00817589850908077,,0.0,,212979.52368065706,BH_REINVERSION_DIVIDENDO,,,
983,2025-03-31T00:00:00Z,OPEN_ENTRY,30ffe0fa733c104a08525a3d8ae1bf13c3838864ba1ac15ce6aa0056d6575399,benchmark,BH_BUY,JPX,6758.T,2025-03-31,,,1192.388805019664,1188.0437842829206,70.6283120757645,70.81582613282566,3763.0,3764.8815,JPY,EURJPY,0.006148548942449582,2025-03-28T16:00:00Z,4.340680056686746,0.00434068005668653,0.002169255400643005,,0.0,,212979.59557059788,BH_REINVERSION_DIVIDENDO,,,
984,2025-03-31T00:00:00Z,OPEN_ENTRY,30ffe0fa733c104a08525a3d8ae1bf13c3838864ba1ac15ce6aa0056d6575399,benchmark,BH_BUY,JPX,6857.T,2025-03-31,,,1188.0437842829206,1177.7100320010106,83.98757167122231,84.2396238470961,6658.0,6661.329,JPY,EURJPY,0.006148548942449582,2025-03-28T16:00:00Z,10.323428853056795,0.010323428853055816,0.005159134859098419,,0.0,,212980.122502333,BH_REINVERSION_DIVIDENDO,,,
985,2025-03-31T00:00:00Z,OPEN_ENTRY,30ffe0fa733c104a08525a3d8ae1bf13c3838864ba1ac15ce6aa0056d6575399,benchmark,BH_BUY,JPX,7011.T,2025-03-31,,,1177.7100320010106,1155.4149469889464,302.0055057259205,303.4303935087847,2541.0,2542.2705,JPY,EURJPY,0.006148548942449582,2025-03-28T16:00:00Z,22.272812199864397,0.022272812199862102,0.011130840679593135,,0.0,,212980.96519790715,BH_REINVERSION_DIVIDENDO,,,
986,2025-03-31T00:00:00Z,OPEN_ENTRY,30ffe0fa733c104a08525a3d8ae1bf13c3838864ba1ac15ce6aa0056d6575399,benchmark,BH_BUY,JPX,7203.T,2025-03-31,,,1155.4149469889464,1130.7357514402254,80.2320647288925,81.75565744669231,2630.5,2631.8152499999997,JPY,EURJPY,0.006148548942449582,2025-03-28T16:00:00Z,24.654541007713448,0.024654541007709696,0.012321109948879014,,0.0,,212981.58397416375,BH_REINVERSION_DIVIDENDO,,,
987,2025-03-31T00:00:00Z,OPEN_ENTRY,30ffe0fa733c104a08525a3d8ae1bf13c3838864ba1ac15ce6aa0056d6575399,benchmark,BH_BUY,JPX,8035.T,2025-03-31,,,1130.7357514402254,1111.1111111112298,9.755306683419704,9.910314925415811,20560.0,20570.28,JPY,EURJPY,0.006148548942449582,2025-03-28T16:00:00Z,19.60503529370195,0.019605035293700723,0.00979761883743115,,0.0,,212982.47428962032,BH_REINVERSION_DIVIDENDO,,,
988,2025-03-31T20:00:00Z,CLOSE_DIVIDEND,30ffe0fa733c104a08525a3d8ae1bf13c3838864ba1ac15ce6aa0056d6575399,benchmark,BH_DIVIDEND,NASDAQ,MU,2025-03-31,,,1111.1111111112298,1113.2255766825729,,,,,USD,EURUSD,0.9246417013407305,2025-03-31T15:00:00Z,,,,2.1144655713431435,0.0,,210587.00809559508,DIVIDENDO_BRUTO,,,
989,2025-04-01T13:30:00Z,OPEN_ENTRY,30ffe0fa733c104a08525a3d8ae1bf13c3838864ba1ac15ce6aa0056d6575399,benchmark,BH_BUY,NASDAQ,MU,2025-04-01,,,1113.2255766825729,1111.1111111112298,19.885169699196602,19.910961728483013,88.52999877929688,88.57426377868651,USD,EURUSD,0.9246417013407305,2025-03-31T15:00:00Z,2.1123532181250186,0.0021123532181248628,0.0010556487846699626,,0.0,,209640.55859526896,BH_REINVERSION_DIVIDENDO,,,
990,2025-04-08T15:30:00Z,CLOSE_DIVIDEND,30ffe0fa733c104a08525a3d8ae1bf13c3838864ba1ac15ce6aa0056d6575399,benchmark,BH_DIVIDEND,MCE,BBVA.MC,2025-04-08,,,1111.1111111112298,1237.4598617959111,,,,,EUR,EUR,1.0,,,,,126.34875068468129,0.0,,185342.39106229655,DIVIDENDO_BRUTO,,,
991,2025-04-09T07:00:00Z,OPEN_ENTRY,30ffe0fa733c104a08525a3d8ae1bf13c3838864ba1ac15ce6aa0056d6575399,benchmark,BH_BUY,MCE,BBVA.MC,2025-04-09,,,1237.4598617959111,1111.1111111112298,308.16768459678366,320.2403593082658,10.449999809265137,10.455224809169769,EUR,EUR,1.0,,126.22252815652477,0.1262225281565179,0.06307972421614864,,0.0,,185996.2407788085,BH_REINVERSION_DIVIDENDO,,,
992,2025-04-09T20:00:00Z,CLOSE_DIVIDEND,30ffe0fa733c104a08525a3d8ae1bf13c3838864ba1ac15ce6aa0056d6575399,benchmark,BH_DIVIDEND,NYSE,MA,2025-04-09,,,1111.1111111112298,1113.6459065038227,,,,,USD,EURUSD,0.9053870529651425,2025-04-09T15:00:00Z,,,,2.534795392592874,0.0,,182914.30339770255,DIVIDENDO_BRUTO,,,
993,2025-04-10T13:30:00Z,OPEN_ENTRY,30ffe0fa733c104a08525a3d8ae1bf13c3838864ba1ac15ce6aa0056d6575399,benchmark,BH_BUY,NYSE,MA,2025-04-10,,,1113.6459065038227,1111.1111111112298,3.6837914619984597,3.6893070924013824,506.8299865722656,507.08340156555175,USD,EURUSD,0.9053870529651425,2025-04-09T15:00:00Z,2.532263129463411,0.002532263129463086,0.001265498815324021,,0.0,,196562.91920816543,BH_REINVERSION_DIVIDENDO,,,
994,2025-04-10T15:30:00Z,CLOSE_DIVIDEND,30ffe0fa733c104a08525a3d8ae1bf13c3838864ba1ac15ce6aa0056d6575399,benchmark,BH_DIVIDEND,XETRA,DTE.DE,2025-04-10,,,1111.1111111112298,1170.8261612253373,,,,,EUR,EUR,1.0,,,,,59.71505011410752,0.0,,196109.97504332097,DIVIDENDO_BRUTO,,,
995,2025-04-10T20:00:00Z,CLOSE_DIVIDEND,30ffe0fa733c104a08525a3d8ae1bf13c3838864ba1ac15ce6aa0056d6575399,benchmark,BH_DIVIDEND,NYSE,CRM,2025-04-10,,,1170.8261612253373,1173.4211989898733,,,,,USD,EURUSD,0.9023641941887746,2025-04-10T15:00:00Z,,,,2.595037764536037,0.0,,199382.30384161542,DIVIDENDO_BRUTO,,,
996,2025-04-10T20:00:00Z,CLOSE_DIVIDEND,30ffe0fa733c104a08525a3d8ae1bf13c3838864ba1ac15ce6aa0056d6575399,benchmark,BH_DIVIDEND,NYSE,ORCL,2025-04-10,,,1173.4211989898733,1180.981670057534,,,,,USD,EURUSD,0.9023641941887746,2025-04-10T15:00:00Z,,,,7.560471067660811,0.0,,199389.8643126831,DIVIDENDO_BRUTO,,,
997,2025-04-11T07:00:00Z,OPEN_ENTRY,30ffe0fa733c104a08525a3d8ae1bf13c3838864ba1ac15ce6aa0056d6575399,benchmark,BH_BUY,XETRA,DTE.DE,2025-04-11,,,1180.981670057534,1121.2666199434266,66.35005568234169,68.2221304457415,31.850000381469727,31.86592538166046,EUR,EUR,1.0,,59.65539471938814,0.05965539471937831,0.02981279096421005,,0.0,,194514.74346780186,BH_REINVERSION_DIVIDENDO,,,
998,2025-04-11T13:30:00Z,OPEN_ENTRY,30ffe0fa733c104a08525a3d8ae1bf13c3838864ba1ac15ce6aa0056d6575399,benchmark,BH_BUY,NYSE,CRM,2025-04-11,,,1121.2666199434266,1118.6715821788905,6.913030891006819,6.924324052207248,254.27000427246094,254.39713927459715,USD,EURUSD,0.9023641941887746,2025-04-10T15:00:00Z,2.5924453192168206,0.002592445319216541,0.001295574872172155,,0.0,,194599.68272422237,BH_REINVERSION_DIVIDENDO,,,
999,2025-04-11T13:30:00Z,OPEN_ENTRY,30ffe0fa733c104a08525a3d8ae1bf13c3838864ba1ac15ce6aa0056d6575399,benchmark,BH_BUY,NYSE,ORCL,2025-04-11,,,1118.6715821788905,1111.1111111112298,16.757028074363422,16.820353794401125,132.11000061035156,132.17605561065673,USD,EURUSD,0.9023641941887746,2025-04-10T15:00:00Z,7.5529181495113,0.007552918149510646,0.0037745717888608694,,0.0,,194599.74225419565,BH_REINVERSION_DIVIDENDO,,,
1000,2025-04-11T20:00:00Z,CLOSE_DIVIDEND,30ffe0fa733c104a08525a3d8ae1bf13c3838864ba1ac15ce6aa0056d6575399,benchmark,BH_DIVIDEND,NASDAQ,MRVL,2025-04-11,,,1111.1111111112298,1112.3652483012772,,,,,USD,EURUSD,0.8813678829543451,2025-04-11T15:00:00Z,,,,1.2541371900474716,0.0,,191626.9609396294,DIVIDENDO_BRUTO,,,
1001,2025-04-14T13:30:00Z,OPEN_ENTRY,30ffe0fa733c104a08525a3d8ae1bf13c3838864ba1ac15ce6aa0056d6575399,benchmark,BH_BUY,NASDAQ,MRVL,2025-04-14,,,1112.3652483012772,1111.1111111112298,23.715734263797692,23.74117405190958,55.849998474121094,55.87792347335815,USD,EURUSD,0.8813678829543451,2025-04-11T15:00:00Z,1.25288430574173,0.0012528843057415529,0.0006261290883266456,,0.0,,192720.16712690634,BH_REINVERSION_DIVIDENDO,,,
1002,2025-04-15T15:30:00Z,CLOSE_DIVIDEND,30ffe0fa733c104a08525a3d8ae1bf13c3838864ba1ac15ce6aa0056d6575399,benchmark,BH_DIVIDEND,XETRA,EXH1.DE,2025-04-15,,,1111.1111111112298,1124.8225684403858,,,,,EUR,EUR,1.0,,,,,13.71145732915591,0.0,,196100.8209642359,DIVIDENDO_BRUTO,,,
1003,2025-04-15T15:30:00Z,CLOSE_DIVIDEND,30ffe0fa733c104a08525a3d8ae1bf13c3838864ba1ac15ce6aa0056d6575399,benchmark,BH_DIVIDEND,XETRA,EXV1.DE,2025-04-15,,,1124.8225684403858,1128.6071971118795,,,,,EUR,EUR,1.0,,,,,3.784628671493704,0.0,,196104.6055929074,DIVIDENDO_BRUTO,,,
1004,2025-04-15T20:00:00Z,CLOSE_DIVIDEND,30ffe0fa733c104a08525a3d8ae1bf13c3838864ba1ac15ce6aa0056d6575399,benchmark,BH_DIVIDEND,NYSE,ABBV,2025-04-15,,,1128.6071971118795,1141.9769720693694,,,,,USD,EURUSD,0.8830801836806782,2025-04-15T15:00:00Z,,,,13.369774957489916,0.0,,197519.4165498867,DIVIDENDO_BRUTO,,,
1005,2025-04-16T07:00:00Z,OPEN_ENTRY,30ffe0fa733c104a08525a3d8ae1bf13c3838864ba1ac15ce6aa0056d6575399,benchmark,BH_BUY,XETRA,EXH1.DE,2025-04-16,,,1141.9769720693694,1128.2655147402133,36.13213132977912,36.570942668809366,31.200000762939453,31.21560076332092,EUR,EUR,1.0,,13.697759569586326,0.013697759569584633,0.006845457056264382,,0.0,,198799.31097301692,BH_REINVERSION_DIVIDENDO,,,
1006,2025-04-16T07:00:00Z,OPEN_ENTRY,30ffe0fa733c104a08525a3d8ae1bf13c3838864ba1ac15ce6aa0056d6575399,benchmark,BH_BUY,XETRA,EXV1.DE,2025-04-16,,,1128.2655147402133,1124.4808860687197,100.31884301260943,100.476398078206,23.985000610351562,23.99699311065674,EUR,EUR,1.0,,3.780847823670034,0.0037808478236698306,0.0018894791722489554,,0.0,,198799.33366264982,BH_REINVERSION_DIVIDENDO,,,
1007,2025-04-16T13:30:00Z,OPEN_ENTRY,30ffe0fa733c104a08525a3d8ae1bf13c3838864ba1ac15ce6aa0056d6575399,benchmark,BH_BUY,NYSE,ABBV,2025-04-16,,,1124.4808860687197,1111.1111111112298,9.231666562110721,9.317302147185096,176.52999877929688,176.61826377868653,USD,EURUSD,0.8830801836806782,2025-04-15T15:00:00Z,13.356418538950967,0.0133564185389492,0.006674871833558877,,0.0,,198562.07559246392,BH_REINVERSION_DIVIDENDO,,,
1008,2025-04-17T15:30:00Z,CLOSE_DIVIDEND,30ffe0fa733c104a08525a3d8ae1bf13c3838864ba1ac15ce6aa0056d6575399,benchmark,BH_DIVIDEND,XETRA,BSP.DE,2025-04-17,,,1111.1111111112298,1142.6382825881356,,,,,EUR,EUR,1.0,,,,,31.52717147690588,0.0,,195052.23425659043,DIVIDENDO_BRUTO,,,
1009,2025-04-17T15:30:00Z,CLOSE_DIVIDEND,30ffe0fa733c104a08525a3d8ae1bf13c3838864ba1ac15ce6aa0056d6575399,benchmark,BH_DIVIDEND,XETRA,RRU.DE,2025-04-17,,,1142.6382825881356,1218.4115227195696,,,,,EUR,EUR,1.0,,,,,75.7732401314341,0.0,,195128.00749672187,DIVIDENDO_BRUTO,,,
1010,2025-04-21T20:00:00Z,CLOSE_DIVIDEND,30ffe0fa733c104a08525a3d8ae1bf13c3838864ba1ac15ce6aa0056d6575399,benchmark,BH_DIVIDEND,NYSE,CAT,2025-04-21,,,1218.4115227195696,1225.7060426949577,,,,,USD,EURUSD,0.8802816901408451,2025-04-17T15:00:00Z,,,,7.294519975388084,0.0,,195553.59238333648,DIVIDENDO_BRUTO,,,
1011,2025-04-22T07:00:00Z,OPEN_ENTRY,30ffe0fa733c104a08525a3d8ae1bf13c3838864ba1ac15ce6aa0056d6575399,benchmark,BH_BUY,XETRA,BSP.DE,2025-04-22,,,1225.7060426949577,1194.1788712180519,131.0424879977334,132.60399276318253,20.15999984741211,20.170079847335813,EUR,EUR,1.0,,31.49567580110478,0.03149567580110002,0.0157399679165909,,0.0,,192914.1428736123,BH_REINVERSION_DIVIDENDO,,,
1012,2025-04-22T07:00:00Z,OPEN_ENTRY,30ffe0fa733c104a08525a3d8ae1bf13c3838864ba1ac15ce6aa0056d6575399,benchmark,BH_BUY,XETRA,RRU.DE,2025-04-22,,,1194.1788712180519,1118.4056310866179,1081.331736898623,1090.3884416991152,8.354000091552734,8.35817709159851,EUR,EUR,1.0,,75.69754258884525,0.07569754258884132,0.03782985636622947,,0.0,,192914.88067522083,BH_REINVERSION_DIVIDENDO,,,
1013,2025-04-22T13:30:00Z,OPEN_ENTRY,30ffe0fa733c104a08525a3d8ae1bf13c3838864ba1ac15ce6aa0056d6575399,benchmark,BH_BUY,NYSE,CAT,2025-04-22,,,1118.4056310866179,1111.1111111112298,5.877003327688556,5.9057830122659025,287.5,287.64375,USD,EURUSD,0.8802816901408451,2025-04-17T15:00:00Z,7.28723274264544,0.007287232742644534,0.0036417954735862147,,0.0,,193153.83445456068,BH_REINVERSION_DIVIDENDO,,,
1014,2025-04-22T15:30:00Z,CLOSE_DIVIDEND,30ffe0fa733c104a08525a3d8ae1bf13c3838864ba1ac15ce6aa0056d6575399,benchmark,BH_DIVIDEND,MIL,RACE.MI,2025-04-22,,,1111.1111111112298,1131.337974686862,,,,,EUR,EUR,1.0,,,,,20.22686357563216,0.0,,192270.45118160357,DIVIDENDO_BRUTO,,,
1015,2025-04-22T15:30:00Z,CLOSE_DIVIDEND,30ffe0fa733c104a08525a3d8ae1bf13c3838864ba1ac15ce6aa0056d6575399,benchmark,BH_DIVIDEND,PAR,AIR.PA,2025-04-22,,,1131.337974686862,1166.1730006276052,,,,,EUR,EUR,1.0,,,,,34.83502594074318,0.0,,192305.2862075443,DIVIDENDO_BRUTO,,,
1016,2025-04-23T07:00:00Z,OPEN_ENTRY,30ffe0fa733c104a08525a3d8ae1bf13c3838864ba1ac15ce6aa0056d6575399,benchmark,BH_BUY,MIL,RACE.MI,2025-04-23,,,1166.1730006276052,1145.946137051973,6.773899389026175,6.825487022843273,391.5,391.69575,EUR,EUR,1.0,,20.20665691871345,0.020206656918709598,0.01009827931969561,,0.0,,195886.1304156563,BH_REINVERSION_DIVIDENDO,,,
1017,2025-04-23T07:00:00Z,OPEN_ENTRY,30ffe0fa733c104a08525a3d8ae1bf13c3838864ba1ac15ce6aa0056d6575399,benchmark,BH_BUY,PAR,AIR.PA,2025-04-23,,,1145.946137051973,1111.1111111112298,11.61167531358106,11.86837519769825,135.5,135.56775,EUR,EUR,1.0,,34.800225715028155,0.03480022571502417,0.017391417148936925,,0.0,,195885.4518756695,BH_REINVERSION_DIVIDENDO,,,
1018,2025-04-24T15:30:00Z,CLOSE_DIVIDEND,30ffe0fa733c104a08525a3d8ae1bf13c3838864ba1ac15ce6aa0056d6575399,benchmark,BH_DIVIDEND,PAR,MC.PA,2025-04-24,,,1111.1111111112298,1126.7087574733732,,,,,EUR,EUR,1.0,,,,,15.597646362143449,0.0,,202564.62430564602,DIVIDENDO_BRUTO,,,
1019,2025-04-25T07:00:00Z,OPEN_ENTRY,30ffe0fa733c104a08525a3d8ae1bf13c3838864ba1ac15ce6aa0056d6575399,benchmark,BH_BUY,PAR,MC.PA,2025-04-25,,,1126.7087574733732,1111.1111111112298,2.0796861816191266,2.1105875251890986,504.0,504.25199999999995,EUR,EUR,1.0,,15.582064297845605,0.0155820642978437,0.007787138579631525,,0.0,,208090.25564484124,BH_REINVERSION_DIVIDENDO,,,
1020,2025-04-25T15:30:00Z,CLOSE_DIVIDEND,30ffe0fa733c104a08525a3d8ae1bf13c3838864ba1ac15ce6aa0056d6575399,benchmark,BH_DIVIDEND,AMS,ASML.AS,2025-04-25,,,1111.1111111112298,1115.4403440263777,,,,,EUR,EUR,1.0,,,,,4.32923291514805,0.0,,208214.91805853133,DIVIDENDO_BRUTO,,,
1021,2025-04-28T07:00:00Z,OPEN_ENTRY,30ffe0fa733c104a08525a3d8ae1bf13c3838864ba1ac15ce6aa0056d6575399,benchmark,BH_BUY,AMS,ASML.AS,2025-04-28,,,1115.4403440263777,1111.1111111112298,2.35284397562394,2.3601188772480044,594.2000122070312,594.4971122131348,EUR,EUR,1.0,,4.32490800714091,0.004324908007140138,0.0021613733169119262,,0.0,,211265.11400974437,BH_REINVERSION_DIVIDENDO,,,
1022,2025-04-29T15:30:00Z,CLOSE_DIVIDEND,30ffe0fa733c104a08525a3d8ae1bf13c3838864ba1ac15ce6aa0056d6575399,benchmark,BH_DIVIDEND,MCE,ITX.MC,2025-04-29,,,1111.1111111112298,1156.3823137005847,,,,,EUR,EUR,1.0,,,,,45.271202589354914,0.0,,211653.6874805899,DIVIDENDO_BRUTO,,,
1023,2025-04-30T07:00:00Z,OPEN_ENTRY,30ffe0fa733c104a08525a3d8ae1bf13c3838864ba1ac15ce6aa0056d6575399,benchmark,BH_BUY,MCE,ITX.MC,2025-04-30,,,1156.3823137005847,1111.1111111112298,53.894288796851086,54.85198740266917,47.20000076293945,47.22360076332092,EUR,EUR,1.0,,45.22597661274218,0.04522597661273409,0.02260168746263411,,0.0,,212602.23464358388,BH_REINVERSION_DIVIDENDO,,,
1024,2025-05-02T15:30:00Z,CLOSE_DIVIDEND,30ffe0fa733c104a08525a3d8ae1bf13c3838864ba1ac15ce6aa0056d6575399,benchmark,BH_DIVIDEND,XETRA,MUV2.DE,2025-05-02,,,1111.1111111112298,1219.2227023715977,,,,,EUR,EUR,1.0,,,,,108.11159126036796,0.0,,213682.554550738,DIVIDENDO_BRUTO,,,
1025,2025-05-05T07:00:00Z,OPEN_ENTRY,30ffe0fa733c104a08525a3d8ae1bf13c3838864ba1ac15ce6aa0056d6575399,benchmark,BH_BUY,XETRA,MUV2.DE,2025-05-05,,,1219.2227023715977,1111.1111111112298,5.405579563018398,5.591059997496512,582.0,582.2909999999999,EUR,EUR,1.0,,108.00358767269528,0.10800358767268392,0.05397480643311994,,0.0,,219845.32288493408,BH_REINVERSION_DIVIDENDO,,,
1026,2025-05-05T15:30:00Z,CLOSE_DIVIDEND,30ffe0fa733c104a08525a3d8ae1bf13c3838864ba1ac15ce6aa0056d6575399,benchmark,BH_DIVIDEND,PAR,OR.PA,2025-05-05,,,1111.1111111112298,1136.9738189989835,,,,,EUR,EUR,1.0,,,,,25.862707887753622,0.0,,219941.06013771126,DIVIDENDO_BRUTO,,,
1027,2025-05-06T07:00:00Z,OPEN_ENTRY,30ffe0fa733c104a08525a3d8ae1bf13c3838864ba1ac15ce6aa0056d6575399,benchmark,BH_BUY,PAR,OR.PA,2025-05-06,,,1136.9738189989835,1111.1111111112298,3.6946725553933746,3.760904818644126,389.8999938964844,390.09494389343257,EUR,EUR,1.0,,25.83687101673689,0.025836871016732488,0.0129119795186061,,0.0,,219696.50917350187,BH_REINVERSION_DIVIDENDO,,,
1028,2025-05-08T15:30:00Z,CLOSE_DIVIDEND,30ffe0fa733c104a08525a3d8ae1bf13c3838864ba1ac15ce6aa0056d6575399,benchmark,BH_DIVIDEND,XETRA,MBG.DE,2025-05-08,,,1111.1111111112298,1199.9056670129846,,,,,EUR,EUR,1.0,,,,,88.79455590175482,0.0,,217085.6377952764,DIVIDENDO_BRUTO,,,
1029,2025-05-09T07:00:00Z,OPEN_ENTRY,30ffe0fa733c104a08525a3d8ae1bf13c3838864ba1ac15ce6aa0056d6575399,benchmark,BH_BUY,XETRA,MBG.DE,2025-05-09,,,1199.9056670129846,1111.1111111112298,20.64989672133833,22.378191470083774,51.29999923706055,51.32564923667908,EUR,EUR,1.0,,88.70585005170312,0.08870585005169573,0.044330759646027666,,0.0,,220834.39819502734,BH_REINVERSION_DIVIDENDO,,,
1030,2025-05-09T15:30:00Z,CLOSE_DIVIDEND,30ffe0fa733c104a08525a3d8ae1bf13c3838864ba1ac15ce6aa0056d6575399,benchmark,BH_DIVIDEND,XETRA,ALV.DE,2025-05-09,,,1111.1111111112298,1214.4853106219603,,,,,EUR,EUR,1.0,,,,,103.3741995107305,0.0,,221468.1716163612,DIVIDENDO_BRUTO,,,
1031,2025-05-12T07:00:00Z,OPEN_ENTRY,30ffe0fa733c104a08525a3d8ae1bf13c3838864ba1ac15ce6aa0056d6575399,benchmark,BH_BUY,XETRA,ALV.DE,2025-05-12,,,1214.4853106219603,1111.1111111112298,6.712610357839643,6.994938905978293,365.6000061035156,365.78280610656736,EUR,EUR,1.0,,103.27092858214837,0.10327092858213405,0.05160965946133813,,0.0,,221078.55071228757,BH_REINVERSION_DIVIDENDO,,,
1032,2025-05-12T20:00:00Z,CLOSE_DIVIDEND,30ffe0fa733c104a08525a3d8ae1bf13c3838864ba1ac15ce6aa0056d6575399,benchmark,BH_DIVIDEND,NASDAQ,AAPL,2025-05-12,,,1111.1111111112298,1113.180719965632,,,,,USD,EURUSD,0.9004141905276427,2025-05-12T15:00:00Z,,,,2.069608854402232,0.0,,224078.0632302853,DIVIDENDO_BRUTO,,,
1033,2025-05-13T13:30:00Z,OPEN_ENTRY,30ffe0fa733c104a08525a3d8ae1bf13c3838864ba1ac15ce6aa0056d6575399,benchmark,BH_BUY,NASDAQ,AAPL,2025-05-13,,,1113.180719965632,1111.1111111112298,8.840413821919688,8.851320365332098,210.42999267578125,210.53520767211913,USD,EURUSD,0.9004141905276427,2025-05-12T15:00:00Z,2.0675413130891434,0.0020675413130888387,0.0010332540295296842,,0.0,,228039.40232160906,BH_REINVERSION_DIVIDENDO,,,
1034,2025-05-13T15:30:00Z,CLOSE_DIVIDEND,30ffe0fa733c104a08525a3d8ae1bf13c3838864ba1ac15ce6aa0056d6575399,benchmark,BH_DIVIDEND,PAR,SU.PA,2025-05-13,,,1111.1111111112298,1148.3503702773667,,,,,EUR,EUR,1.0,,,,,37.23925916613695,0.0,,227992.9681381466,DIVIDENDO_BRUTO,,,
1035,2025-05-13T20:00:00Z,CLOSE_DIVIDEND,30ffe0fa733c104a08525a3d8ae1bf13c3838864ba1ac15ce6aa0056d6575399,benchmark,BH_DIVIDEND,NYSE,V,2025-05-13,,,1148.3503702773667,1151.6144322259634,,,,,USD,EURUSD,0.8999280057595392,2025-05-13T15:00:00Z,,,,3.2640619485967717,0.0,,228416.37288371703,DIVIDENDO_BRUTO,,,
1036,2025-05-14T07:00:00Z,OPEN_ENTRY,30ffe0fa733c104a08525a3d8ae1bf13c3838864ba1ac15ce6aa0056d6575399,benchmark,BH_BUY,PAR,SU.PA,2025-05-14,,,1151.6144322259634,1114.3751730598265,9.548527991317165,9.7175437430278,220.0,220.10999999999999,EUR,EUR,1.0,,37.202057109027926,0.03720205710902036,0.01859173268816738,,0.0,,233275.45743908317,BH_REINVERSION_DIVIDENDO,,,
1037,2025-05-14T13:30:00Z,OPEN_ENTRY,30ffe0fa733c104a08525a3d8ae1bf13c3838864ba1ac15ce6aa0056d6575399,benchmark,BH_BUY,NYSE,V,2025-05-14,,,1114.3751730598265,1111.1111111112298,6.147501080136836,6.157654979548006,356.6700134277344,356.8483484344482,USD,EURUSD,0.8999280057595392,2025-05-13T15:00:00Z,3.260801147449323,0.0032608011474488663,0.00162958578083397,,0.0,,233527.29335956607,BH_REINVERSION_DIVIDENDO,,,
1038,2025-05-14T15:30:00Z,CLOSE_DIVIDEND,30ffe0fa733c104a08525a3d8ae1bf13c3838864ba1ac15ce6aa0056d6575399,benchmark,BH_DIVIDEND,XETRA,SAP.DE,2025-05-14,,,1111.1111111112298,1141.4067532559168,,,,,EUR,EUR,1.0,,,,,30.295642144686944,0.0,,232455.86669069176,DIVIDENDO_BRUTO,,,
1039,2025-05-15T07:00:00Z,OPEN_ENTRY,30ffe0fa733c104a08525a3d8ae1bf13c3838864ba1ac15ce6aa0056d6575399,benchmark,BH_BUY,XETRA,SAP.DE,2025-05-15,,,1141.4067532559168,1111.1111111112298,12.8917626147604,13.008943526467988,258.1499938964844,258.2790688934326,EUR,EUR,1.0,,30.26537676791903,0.03026537676791463,0.015125125821049629,,0.0,,233064.81637197227,BH_REINVERSION_DIVIDENDO,,,
1040,2025-05-15T15:30:00Z,CLOSE_DIVIDEND,30ffe0fa733c104a08525a3d8ae1bf13c3838864ba1ac15ce6aa0056d6575399,benchmark,BH_DIVIDEND,XETRA,R6C0.DE,2025-05-15,,,1111.1111111112298,1125.2014032244158,,,,,EUR,EUR,1.0,,,,,14.090292113185914,0.0,,233431.75759484092,DIVIDENDO_BRUTO,,,
1041,2025-05-15T20:00:00Z,CLOSE_DIVIDEND,30ffe0fa733c104a08525a3d8ae1bf13c3838864ba1ac15ce6aa0056d6575399,benchmark,BH_DIVIDEND,NASDAQ,MSFT,2025-05-15,,,1125.2014032244158,1128.813981286267,,,,,USD,EURUSD,0.8940545373267769,2025-05-15T15:00:00Z,,,,3.6125780618512553,0.0,,234081.12221192176,DIVIDENDO_BRUTO,,,
1042,2025-05-15T20:00:00Z,CLOSE_DIVIDEND,30ffe0fa733c104a08525a3d8ae1bf13c3838864ba1ac15ce6aa0056d6575399,benchmark,BH_DIVIDEND,NYSE,XOM,2025-05-15,,,1128.813981286267,1140.391254611429,,,,,USD,EURUSD,0.8940545373267769,2025-05-15T15:00:00Z,,,,11.577273325161993,0.0,,234092.6994852469,DIVIDENDO_BRUTO,,,
1043,2025-05-16T07:00:00Z,OPEN_ENTRY,30ffe0fa733c104a08525a3d8ae1bf13c3838864ba1ac15ce6aa0056d6575399,benchmark,BH_BUY,XETRA,Q8Y0.DE,2025-05-16,,,1140.391254611429,29.28014350031799,0.0,65.74886515887022,16.874000549316406,16.882437549591064,EUR,EUR,1.0,,1110.0011100011102,1.1100011100008942,0.5547231934038027,,0.0,,233313.64367082933,BH_COMPRA_INICIAL,,,
1044,2025-05-16T07:00:00Z,OPEN_ENTRY,30ffe0fa733c104a08525a3d8ae1bf13c3838864ba1ac15ce6aa0056d6575399,benchmark,BH_BUY,XETRA,R6C0.DE,2025-05-16,,,29.28014350031799,15.189851387132077,45.60644015997823,46.07674538732431,29.915000915527344,29.929958415985105,EUR,EUR,1.0,,14.076215897288627,0.014076215897286914,0.007034590653316559,,0.0,,233313.4650073052,BH_REINVERSION_DIVIDENDO,,,
1045,2025-05-16T08:00:00Z,CLOSE_DIVIDEND,30ffe0fa733c104a08525a3d8ae1bf13c3838864ba1ac15ce6aa0056d6575399,benchmark,BH_DIVIDEND,HKG,0700.HK,2025-05-16,,,15.189851387132077,28.84882021618362,,,,,HKD,EURHKD,0.1145147437732608,2025-05-15T15:00:00Z,,,,13.65896882905154,0.0,,233327.12397613426,DIVIDENDO_BRUTO,,,
1046,2025-05-16T13:30:00Z,OPEN_ENTRY,30ffe0fa733c104a08525a3d8ae1bf13c3838864ba1ac15ce6aa0056d6575399,benchmark,BH_BUY,NASDAQ,MSFT,2025-05-16,,,28.84882021618362,25.236242154332363,4.8682753761212405,4.877200527613086,452.04998779296875,452.27601278686524,USD,EURUSD,0.8940545373267769,2025-05-15T15:00:00Z,3.608969092758497,0.0036089690927583185,0.0018035827550017727,,0.0,,233306.53618807468,BH_REINVERSION_DIVIDENDO,,,
1047,2025-05-16T13:30:00Z,OPEN_ENTRY,30ffe0fa733c104a08525a3d8ae1bf13c3838864ba1ac15ce6aa0056d6575399,benchmark,BH_BUY,NYSE,XOM,2025-05-16,,,25.236242154332363,13.65896882917037,13.07998001433706,13.19898396186672,108.6500015258789,108.70432652664184,USD,EURUSD,0.8940545373267769,2025-05-15T15:00:00Z,11.56570761754445,0.011565707617542387,0.005779963826857756,,0.0,,233306.51139471435,BH_REINVERSION_DIVIDENDO,,,
1048,2025-05-16T20:00:00Z,CLOSE_DIVIDEND,30ffe0fa733c104a08525a3d8ae1bf13c3838864ba1ac15ce6aa0056d6575399,benchmark,BH_DIVIDEND,NYSE,LLY,2025-05-16,,,13.65896882917037,19.164397042083195,,,,,USD,EURUSD,0.8933357155619082,2025-05-16T15:00:00Z,,,,5.505428212912824,0.0,,233443.38526805208,DIVIDENDO_BRUTO,,,
1049,2025-05-19T01:30:00Z,OPEN_ENTRY,30ffe0fa733c104a08525a3d8ae1bf13c3838864ba1ac15ce6aa0056d6575399,benchmark,BH_BUY,HKG,0700.HK,2025-05-19,,,19.164397042083195,5.505428213031655,26.505987844376126,26.740843961517978,508.0,508.25399999999996,HKD,EURHKD,0.11431445620613183,2025-05-16T15:00:00Z,13.645323505545996,0.013645323505544482,0.006819252126708629,,0.0,,234366.43017070252,BH_REINVERSION_DIVIDENDO,,,
1050,2025-05-19T13:30:00Z,OPEN_ENTRY,30ffe0fa733c104a08525a3d8ae1bf13c3838864ba1ac15ce6aa0056d6575399,benchmark,BH_BUY,NYSE,LLY,2025-05-19,,,5.505428213031655,0.0,4.108517561023077,4.116689596813698,753.0,753.3765,USD,EURUSD,0.8933357155619082,2025-05-16T15:00:00Z,5.499928284628196,0.005499928284627309,0.002748589847390144,,0.0,,234493.7944972757,BH_REINVERSION_DIVIDENDO,,,
1051,2025-05-19T15:30:00Z,CLOSE_DIVIDEND,30ffe0fa733c104a08525a3d8ae1bf13c3838864ba1ac15ce6aa0056d6575399,benchmark,BH_DIVIDEND,MIL,ENI.MI,2025-05-19,,,0.0,25.405061693934126,,,,,EUR,EUR,1.0,,,,,25.405061693934126,0.0,,233728.463055649,DIVIDENDO_BRUTO,,,
1052,2025-05-19T20:00:00Z,CLOSE_DIVIDEND,30ffe0fa733c104a08525a3d8ae1bf13c3838864ba1ac15ce6aa0056d6575399,benchmark,BH_DIVIDEND,NYSE,CVX,2025-05-19,,,25.405061693934126,36.98766208826621,,,,,USD,EURUSD,0.8879417510211329,2025-05-19T15:00:00Z,,,,11.582600394332085,0.0,,233942.2053437056,DIVIDENDO_BRUTO,,,
1053,2025-05-20T07:00:00Z,OPEN_ENTRY,30ffe0fa733c104a08525a3d8ae1bf13c3838864ba1ac15ce6aa0056d6575399,benchmark,BH_BUY,MIL,ENI.MI,2025-05-20,,,36.98766208826621,11.582600394332086,101.6202467757365,103.56467414293132,13.045999526977539,13.052522526741027,EUR,EUR,1.0,,25.379682011922206,0.02537968201191987,0.012683499256332135,,0.0,,233925.87509422278,BH_REINVERSION_DIVIDENDO,,,
1054,2025-05-20T13:30:00Z,OPEN_ENTRY,30ffe0fa733c104a08525a3d8ae1bf13c3838864ba1ac15ce6aa0056d6575399,benchmark,BH_BUY,NYSE,CVX,2025-05-20,,,11.582600394332086,0.0,7.628259979003974,7.722444529678125,138.2899932861328,138.35913828277586,USD,EURUSD,0.8879417510211329,2025-05-19T15:00:00Z,11.571029364967119,0.011571029364965568,0.005782623370796526,,0.0,,234180.23258977517,BH_REINVERSION_DIVIDENDO,,,
1055,2025-05-22T15:30:00Z,CLOSE_DIVIDEND,30ffe0fa733c104a08525a3d8ae1bf13c3838864ba1ac15ce6aa0056d6575399,benchmark,BH_DIVIDEND,MCE,IBE.MC,2025-05-22,,,0.0,0.6297484226874592,,,,,EUR,EUR,1.0,,,,,0.6297484226874592,0.0,,231059.50827610248,DIVIDENDO_BRUTO,,,
1056,2025-05-22T20:00:00Z,CLOSE_DIVIDEND,30ffe0fa733c104a08525a3d8ae1bf13c3838864ba1ac15ce6aa0056d6575399,benchmark,BH_DIVIDEND,NASDAQ,AMAT,2025-05-22,,,0.6297484226874592,5.591283717454248,,,,,USD,EURUSD,0.8842514811212309,2025-05-22T15:00:00Z,,,,4.961535294766788,0.0,,230791.71599401257,DIVIDENDO_BRUTO,,,
1057,2025-05-23T07:00:00Z,OPEN_ENTRY,30ffe0fa733c104a08525a3d8ae1bf13c3838864ba1ac15ce6aa0056d6575399,benchmark,BH_BUY,MCE,IBE.MC,2025-05-23,,,5.591283717454248,4.961535294766788,125.94968453749185,125.98845179566405,16.219999313354492,16.228109313011167,EUR,EUR,1.0,,0.6291193033840752,0.0006291193033840514,0.00031440245046671393,,0.0,,231654.28866294932,BH_REINVERSION_DIVIDENDO,,,
1058,2025-05-23T13:30:00Z,OPEN_ENTRY,30ffe0fa733c104a08525a3d8ae1bf13c3838864ba1ac15ce6aa0056d6575399,benchmark,BH_BUY,NASDAQ,AMAT,2025-05-23,,,4.961535294766788,0.0,12.197826662721218,12.233593986489257,156.63999938964844,156.71831938934326,USD,EURUSD,0.8842514811212309,2025-05-22T15:00:00Z,4.956578716050738,0.004956578716050153,0.002477050832609151,,0.0,,231637.9742855233,BH_REINVERSION_DIVIDENDO,,,
1059,2025-05-23T15:30:00Z,CLOSE_DIVIDEND,30ffe0fa733c104a08525a3d8ae1bf13c3838864ba1ac15ce6aa0056d6575399,benchmark,BH_DIVIDEND,XETRA,DBK.DE,2025-05-23,,,0.0,85.66840256334066,,,,,EUR,EUR,1.0,,,,,85.66840256334066,0.0,,231914.19863114957,DIVIDENDO_BRUTO,,,
1060,2025-05-26T07:00:00Z,OPEN_ENTRY,30ffe0fa733c104a08525a3d8ae1bf13c3838864ba1ac15ce6aa0056d6575399,benchmark,BH_BUY,XETRA,DBK.DE,2025-05-26,,,85.66840256334066,0.0,125.9829449460892,129.45383348858834,24.645000457763672,24.65732295799255,EUR,EUR,1.0,,85.58281974359707,0.08558281974359261,0.04277002485936185,,0.0,,230363.77966714706,BH_REINVERSION_DIVIDENDO,,,
1061,2025-05-27T15:30:00Z,CLOSE_DIVIDEND,30ffe0fa733c104a08525a3d8ae1bf13c3838864ba1ac15ce6aa0056d6575399,benchmark,BH_DIVIDEND,PAR,SAF.PA,2025-05-27,,,0.0,36.696276265139744,,,,,EUR,EUR,1.0,,,,,36.696276265139744,0.0,,231097.67797576493,DIVIDENDO_BRUTO,,,
1062,2025-05-28T07:00:00Z,OPEN_ENTRY,30ffe0fa733c104a08525a3d8ae1bf13c3838864ba1ac15ce6aa0056d6575399,benchmark,BH_BUY,PAR,SAF.PA,2025-05-28,,,36.696276265139744,0.0,12.653888367289566,12.795798879559841,258.20001220703125,258.32911221313475,EUR,EUR,1.0,,36.65961664849126,0.03665961664848538,0.018320648000243186,,0.0,,234466.1883744949,BH_REINVERSION_DIVIDENDO,,,
1063,2025-05-30T20:00:00Z,CLOSE_DIVIDEND,30ffe0fa733c104a08525a3d8ae1bf13c3838864ba1ac15ce6aa0056d6575399,benchmark,BH_DIVIDEND,NYSE,GS,2025-05-30,,,0.0,11.619578955993207,,,,,USD,EURUSD,0.8819119851838787,2025-05-30T15:00:00Z,,,,11.619578955993207,0.0,,233797.56790104503,DIVIDENDO_BRUTO,,,
1064,2025-05-30T20:00:00Z,CLOSE_DIVIDEND,30ffe0fa733c104a08525a3d8ae1bf13c3838864ba1ac15ce6aa0056d6575399,benchmark,BH_DIVIDEND,NYSE,INFY,2025-05-30,,,11.619578955993207,27.251528608613388,,,,,USD,EURUSD,0.8819119851838787,2025-05-30T15:00:00Z,,,,15.63194965262018,0.0,,233813.19985069765,DIVIDENDO_BRUTO,,,
1065,2025-06-02T13:30:00Z,OPEN_ENTRY,30ffe0fa733c104a08525a3d8ae1bf13c3838864ba1ac15ce6aa0056d6575399,benchmark,BH_BUY,NYSE,GS,2025-06-02,,,27.251528608613388,15.63194965262018,4.3918135260668985,4.413790975091681,598.5999755859375,598.8992755737304,USD,EURUSD,0.8819119851838787,2025-05-30T15:00:00Z,11.6079709850082,0.011607970985007654,0.005801084950027605,,0.0,,234846.62370562914,BH_REINVERSION_DIVIDENDO,,,
1066,2025-06-02T13:30:00Z,OPEN_ENTRY,30ffe0fa733c104a08525a3d8ae1bf13c3838864ba1ac15ce6aa0056d6575399,benchmark,BH_BUY,NYSE,INFY,2025-06-02,,,15.63194965262018,0.0,68.96913506266934,69.94857675575786,18.06999969482422,18.07903469467163,USD,EURUSD,0.8819119851838787,2025-05-30T15:00:00Z,15.616333319300882,0.015616333319298903,0.007804264527386428,,0.0,,234846.70393952035,BH_REINVERSION_DIVIDENDO,,,
1067,2025-06-02T20:00:00Z,CLOSE_DIVIDEND,30ffe0fa733c104a08525a3d8ae1bf13c3838864ba1ac15ce6aa0056d6575399,benchmark,BH_DIVIDEND,NYSE,LMT,2025-06-02,,,0.0,8.500707765055692,,,,,USD,EURUSD,0.875733426744899,2025-06-02T15:00:00Z,,,,8.500707765055692,0.0,,234223.16902970473,DIVIDENDO_BRUTO,,,
1068,2025-06-03T13:30:00Z,OPEN_ENTRY,30ffe0fa733c104a08525a3d8ae1bf13c3838864ba1ac15ce6aa0056d6575399,benchmark,BH_BUY,NYSE,LMT,2025-06-03,,,8.500707765055692,0.0,2.9415024839142707,2.961737170195308,479.0,479.23949999999996,USD,EURUSD,0.875733426744899,2025-06-02T15:00:00Z,8.492215549506186,0.008492215549505744,0.004243985781861526,,0.0,,235489.29801311434,BH_REINVERSION_DIVIDENDO,,,
1069,2025-06-05T20:00:00Z,CLOSE_DIVIDEND,30ffe0fa733c104a08525a3d8ae1bf13c3838864ba1ac15ce6aa0056d6575399,benchmark,BH_DIVIDEND,NASDAQ,QCOM,2025-06-05,,,0.0,7.39206134799503,,,,,USD,EURUSD,0.8754267705506433,2025-06-05T15:00:00Z,,,,7.39206134799503,0.0,,238508.82199077666,DIVIDENDO_BRUTO,,,
1070,2025-06-06T13:30:00Z,OPEN_ENTRY,30ffe0fa733c104a08525a3d8ae1bf13c3838864ba1ac15ce6aa0056d6575399,benchmark,BH_BUY,NASDAQ,QCOM,2025-06-06,,,7.39206134799503,0.0,9.487586154848003,9.543869868730734,149.8000030517578,149.87490305328367,USD,EURUSD,0.8754267705506433,2025-06-05T15:00:00Z,7.3846766713237075,0.0073846766713225875,0.0036904930891164447,,0.0,,237007.33028628863,BH_REINVERSION_DIVIDENDO,,,
1071,2025-06-09T20:00:00Z,CLOSE_DIVIDEND,30ffe0fa733c104a08525a3d8ae1bf13c3838864ba1ac15ce6aa0056d6575399,benchmark,BH_DIVIDEND,NASDAQ,GOOGL,2025-06-09,,,0.0,2.013442821411192,,,,,USD,EURUSD,0.8764241893076249,2025-06-09T15:00:00Z,,,,2.013442821411192,0.0,,239635.55736118517,DIVIDENDO_BRUTO,,,
1072,2025-06-10T13:30:00Z,OPEN_ENTRY,30ffe0fa733c104a08525a3d8ae1bf13c3838864ba1ac15ce6aa0056d6575399,benchmark,BH_BUY,NASDAQ,GOOGL,2025-06-10,,,2.013442821411192,0.0,10.939705996334144,10.952724704095836,176.1999969482422,176.2880969467163,USD,EURUSD,0.8764241893076249,2025-06-09T15:00:00Z,2.011431390021171,0.0020114313900210234,0.0010052130884663497,,0.0,,239335.95361992743,BH_REINVERSION_DIVIDENDO,,,
1073,2025-06-11T08:00:00Z,CLOSE_DIVIDEND,30ffe0fa733c104a08525a3d8ae1bf13c3838864ba1ac15ce6aa0056d6575399,benchmark,BH_DIVIDEND,HKG,9988.HK,2025-06-11,,,0.0,20.965903085810663,,,,,HKD,EURHKD,0.11148272017837234,2025-06-10T15:00:00Z,,,,20.965903085810663,0.0,,239289.83088813635,DIVIDENDO_BRUTO,,,
1074,2025-06-11T20:00:00Z,CLOSE_DIVIDEND,30ffe0fa733c104a08525a3d8ae1bf13c3838864ba1ac15ce6aa0056d6575399,benchmark,BH_DIVIDEND,NASDAQ,NVDA,2025-06-11,,,20.965903085810663,21.61170268340737,,,,,USD,EURUSD,0.8746610688358262,2025-06-11T15:00:00Z,,,,0.6457995975967049,0.0,,239224.27145264874,DIVIDENDO_BRUTO,,,
1075,2025-06-12T01:30:00Z,OPEN_ENTRY,30ffe0fa733c104a08525a3d8ae1bf13c3838864ba1ac15ce6aa0056d6575399,benchmark,BH_BUY,HKG,9988.HK,2025-06-12,,,21.61170268340737,0.6457995975967066,95.96211334450214,97.58584822896614,115.69999694824219,115.7578469467163,HKD,EURHKD,0.11143302874972141,2025-06-11T15:00:00Z,20.94495812768298,0.020944958127682156,0.010467245441119181,,0.0,,239717.54068834393,BH_REINVERSION_DIVIDENDO,,,
1076,2025-06-12T13:30:00Z,OPEN_ENTRY,30ffe0fa733c104a08525a3d8ae1bf13c3838864ba1ac15ce6aa0056d6575399,benchmark,BH_BUY,NASDAQ,NVDA,2025-06-12,,,0.6457995975967066,0.0,73.83426799323126,73.83946089631142,141.97000122070312,142.04098622131346,USD,EURUSD,0.8746610688358262,2025-06-11T15:00:00Z,0.6451544431535514,0.000645154443153495,0.0003224160135699164,,0.0,,239719.0407579729,BH_REINVERSION_DIVIDENDO,,,
1077,2025-06-12T15:30:00Z,CLOSE_DIVIDEND,30ffe0fa733c104a08525a3d8ae1bf13c3838864ba1ac15ce6aa0056d6575399,benchmark,BH_DIVIDEND,XETRA,EQQQ.DE,2025-06-12,,,0.0,1.8195793474640665,,,,,EUR,EUR,1.0,,,,,1.8195793474640665,0.0,,237890.93291370996,DIVIDENDO_BRUTO,,,
1078,2025-06-12T20:00:00Z,CLOSE_DIVIDEND,30ffe0fa733c104a08525a3d8ae1bf13c3838864ba1ac15ce6aa0056d6575399,benchmark,BH_DIVIDEND,NYSE,TSM,2025-06-12,,,1.8195793474640665,11.315014927754152,,,,,USD,EURUSD,0.8625150940141453,2025-06-12T15:00:00Z,,,,9.495435580290085,0.0,,237158.42794494104,DIVIDENDO_BRUTO,,,
1079,2025-06-13T07:00:00Z,OPEN_ENTRY,30ffe0fa733c104a08525a3d8ae1bf13c3838864ba1ac15ce6aa0056d6575399,benchmark,BH_BUY,XETRA,EQQQ.DE,2025-06-13,,,11.315014927754152,9.495435580290085,4.179126974839208,4.183100409851343,457.25,457.47862499999997,EUR,EUR,1.0,,1.8177615858781884,0.001817761585878097,0.0009084265796491323,,0.0,,237445.9104261784,BH_REINVERSION_DIVIDENDO,,,
1080,2025-06-13T13:30:00Z,OPEN_ENTRY,30ffe0fa733c104a08525a3d8ae1bf13c3838864ba1ac15ce6aa0056d6575399,benchmark,BH_BUY,NYSE,TSM,2025-06-13,,,9.495435580290085,0.0,14.114112835626058,14.166430734407562,210.11000061035156,210.21505561065672,USD,EURUSD,0.8625150940141453,2025-06-12T15:00:00Z,9.485949630659427,0.009485949630658297,0.004740604513072326,,0.0,,237396.72953213166,BH_REINVERSION_DIVIDENDO,,,
1081,2025-06-16T15:30:00Z,CLOSE_DIVIDEND,30ffe0fa733c104a08525a3d8ae1bf13c3838864ba1ac15ce6aa0056d6575399,benchmark,BH_DIVIDEND,XETRA,EXSA.DE,2025-06-16,,,0.0,17.44643191744769,,,,,EUR,EUR,1.0,,,,,17.44643191744769,0.0,,236318.6026077263,DIVIDENDO_BRUTO,,,
1082,2025-06-16T20:00:00Z,CLOSE_DIVIDEND,30ffe0fa733c104a08525a3d8ae1bf13c3838864ba1ac15ce6aa0056d6575399,benchmark,BH_DIVIDEND,NASDAQ,META,2025-06-16,,,17.44643191744769,20.630092266364674,,,,,USD,EURUSD,0.8640055296353897,2025-06-16T15:00:00Z,,,,3.1836603489169844,0.0,,237372.2875881549,DIVIDENDO_BRUTO,,,
1083,2025-06-17T07:00:00Z,OPEN_ENTRY,30ffe0fa733c104a08525a3d8ae1bf13c3838864ba1ac15ce6aa0056d6575399,benchmark,BH_BUY,XETRA,EXSA.DE,2025-06-17,,,20.630092266364674,3.183660348916984,28.87373048340321,29.195672685799277,54.11000061035156,54.13705561065674,EUR,EUR,1.0,,17.429002914533157,0.017429002914532532,0.008710146384074377,,0.0,,239705.69232142068,BH_REINVERSION_DIVIDENDO,,,
1084,2025-06-17T13:30:00Z,OPEN_ENTRY,30ffe0fa733c104a08525a3d8ae1bf13c3838864ba1ac15ce6aa0056d6575399,benchmark,BH_BUY,NASDAQ,META,2025-06-17,,,3.183660348916984,0.0,7.018606643498128,7.023847737196914,702.0,702.351,USD,EURUSD,0.8640055296353897,2025-06-16T15:00:00Z,3.180479869047937,0.00318047986904757,0.0015894452119180052,,0.0,,239724.93200098566,BH_REINVERSION_DIVIDENDO,,,
1085,2025-06-18T20:00:00Z,CLOSE_DIVIDEND,30ffe0fa733c104a08525a3d8ae1bf13c3838864ba1ac15ce6aa0056d6575399,benchmark,BH_DIVIDEND,NYSE,CRM,2025-06-18,,,0.0,2.503057703960909,,,,,USD,EURUSD,0.8689607229753215,2025-06-18T15:00:00Z,,,,2.503057703960909,0.0,,238343.3849027507,DIVIDENDO_BRUTO,,,
1086,2025-06-19T15:30:00Z,CLOSE_DIVIDEND,30ffe0fa733c104a08525a3d8ae1bf13c3838864ba1ac15ce6aa0056d6575399,benchmark,BH_DIVIDEND,PAR,TTE.PA,2025-06-19,,,2.503057703960909,23.298949000246008,,,,,EUR,EUR,1.0,,,,,20.7958912962851,0.0,,238799.44986271995,DIVIDENDO_BRUTO,,,
1087,2025-06-20T07:00:00Z,OPEN_ENTRY,30ffe0fa733c104a08525a3d8ae1bf13c3838864ba1ac15ce6aa0056d6575399,benchmark,BH_BUY,PAR,TTE.PA,2025-06-20,,,23.298949000246008,2.503057703960909,24.465754466217764,24.84571298832989,54.650001525878906,54.67732652664184,EUR,EUR,1.0,,20.775116180104995,0.02077511618010419,0.010382366906597796,,0.0,,237759.98970515782,BH_REINVERSION_DIVIDENDO,,,
1088,2025-06-20T13:30:00Z,OPEN_ENTRY,30ffe0fa733c104a08525a3d8ae1bf13c3838864ba1ac15ce6aa0056d6575399,benchmark,BH_BUY,NYSE,CRM,2025-06-20,,,2.503057703960909,0.0,6.924324052207248,6.935328329754054,260.69000244140625,260.82034744262694,USD,EURUSD,0.8712319219376199,2025-06-19T15:00:00Z,2.5005571468140952,0.0025005571468139642,0.0012496537465336499,,0.0,,237887.6139556162,BH_REINVERSION_DIVIDENDO,,,
1089,2025-06-20T20:00:00Z,CLOSE_DIVIDEND,30ffe0fa733c104a08525a3d8ae1bf13c3838864ba1ac15ce6aa0056d6575399,benchmark,BH_DIVIDEND,NASDAQ,AVGO,2025-06-20,,,0.0,12.069011066174564,,,,,USD,EURUSD,0.8684324793747287,2025-06-20T15:00:00Z,,,,12.069011066174564,0.0,,238026.8441764361,DIVIDENDO_BRUTO,,,
1090,2025-06-23T13:30:00Z,OPEN_ENTRY,30ffe0fa733c104a08525a3d8ae1bf13c3838864ba1ac15ce6aa0056d6575399,benchmark,BH_BUY,NASDAQ,AVGO,2025-06-23,,,12.069011066174564,0.0,23.555027530000018,23.610732416611842,249.11000061035156,249.2345556106567,USD,EURUSD,0.8684324793747287,2025-06-20T15:00:00Z,12.056954112062503,0.012056954112061646,0.006025464323868097,,0.0,,236600.30538173718,BH_REINVERSION_DIVIDENDO,,,
1091,2025-07-04T15:30:00Z,CLOSE_DIVIDEND,30ffe0fa733c104a08525a3d8ae1bf13c3838864ba1ac15ce6aa0056d6575399,benchmark,BH_DIVIDEND,MCE,IBE.MC,2025-07-04,,,0.0,51.52927678442659,,,,,EUR,EUR,1.0,,,,,51.52927678442659,0.0,,244234.02497344784,DIVIDENDO_BRUTO,,,
1092,2025-07-07T07:00:00Z,OPEN_ENTRY,30ffe0fa733c104a08525a3d8ae1bf13c3838864ba1ac15ce6aa0056d6575399,benchmark,BH_BUY,MCE,IBE.MC,2025-07-07,,,51.52927678442659,0.0,125.98845179566405,129.22850674391165,15.880000114440918,15.887940114498138,EUR,EUR,1.0,,51.477798985441154,0.05147779898543803,0.025726036474480622,,0.0,,243474.59916680356,BH_REINVERSION_DIVIDENDO,,,
1093,2025-07-07T20:00:00Z,CLOSE_DIVIDEND,30ffe0fa733c104a08525a3d8ae1bf13c3838864ba1ac15ce6aa0056d6575399,benchmark,BH_DIVIDEND,NASDAQ,MU,2025-07-07,,,0.0,1.9523879593925193,,,,,USD,EURUSD,0.8526603001364256,2025-07-07T15:00:00Z,,,,1.9523879593925193,0.0,,244679.5687595881,DIVIDENDO_BRUTO,,,
1094,2025-07-08T13:30:00Z,OPEN_ENTRY,30ffe0fa733c104a08525a3d8ae1bf13c3838864ba1ac15ce6aa0056d6575399,benchmark,BH_BUY,NASDAQ,MU,2025-07-08,,,1.9523879593925193,0.0,19.910961728483013,19.929633268030997,122.44999694824219,122.5112219467163,USD,EURUSD,0.8526603001364256,2025-07-07T15:00:00Z,1.950437521870649,0.0019504375218704073,0.0009747313952376386,,0.0,,244909.99980997376,BH_REINVERSION_DIVIDENDO,,,
1095,2025-07-09T20:00:00Z,CLOSE_DIVIDEND,30ffe0fa733c104a08525a3d8ae1bf13c3838864ba1ac15ce6aa0056d6575399,benchmark,BH_DIVIDEND,NYSE,MA,2025-07-09,,,0.0,2.3968827066379306,,,,,USD,EURUSD,0.8548469823901522,2025-07-09T15:00:00Z,,,,2.3968827066379306,0.0,,246284.67312252836,DIVIDENDO_BRUTO,,,
1096,2025-07-10T13:30:00Z,OPEN_ENTRY,30ffe0fa733c104a08525a3d8ae1bf13c3838864ba1ac15ce6aa0056d6575399,benchmark,BH_BUY,NYSE,MA,2025-07-10,,,2.3968827066379306,0.0,3.6893070924013824,3.694256570631435,565.6500244140625,565.9328494262695,USD,EURUSD,0.8548469823901522,2025-07-09T15:00:00Z,2.3944882184195113,0.002394488218419255,0.0011966457863165204,,0.0,,247971.89763545597,BH_REINVERSION_DIVIDENDO,,,
1097,2025-07-10T20:00:00Z,CLOSE_DIVIDEND,30ffe0fa733c104a08525a3d8ae1bf13c3838864ba1ac15ce6aa0056d6575399,benchmark,BH_DIVIDEND,NYSE,ORCL,2025-07-10,,,0.0,7.182660258946591,,,,,USD,EURUSD,0.8540438978563498,2025-07-10T15:00:00Z,,,,7.182660258946591,0.0,,247663.82291212186,DIVIDENDO_BRUTO,,,
1098,2025-07-11T13:30:00Z,OPEN_ENTRY,30ffe0fa733c104a08525a3d8ae1bf13c3838864ba1ac15ce6aa0056d6575399,benchmark,BH_BUY,NYSE,ORCL,2025-07-11,,,7.182660258946591,0.0,16.820353794401125,16.856648804606134,231.3699951171875,231.4856801147461,USD,EURUSD,0.8540438978563498,2025-07-10T15:00:00Z,7.175484774172419,0.0071754847741720695,0.003585949412379858,,0.0,,247197.54703654032,BH_REINVERSION_DIVIDENDO,,,
1099,2025-07-11T20:00:00Z,CLOSE_DIVIDEND,30ffe0fa733c104a08525a3d8ae1bf13c3838864ba1ac15ce6aa0056d6575399,benchmark,BH_DIVIDEND,NASDAQ,MRVL,2025-07-11,,,0.0,1.219267690759715,,,,,USD,EURUSD,0.8559445347941455,2025-07-11T15:00:00Z,,,,1.219267690759715,0.0,,247019.58074139067,DIVIDENDO_BRUTO,,,
1100,2025-07-14T13:30:00Z,OPEN_ENTRY,30ffe0fa733c104a08525a3d8ae1bf13c3838864ba1ac15ce6aa0056d6575399,benchmark,BH_BUY,NASDAQ,MRVL,2025-07-14,,,1.219267690759715,0.0,23.74117405190958,23.76089858686404,72.11000061035156,72.14605561065673,USD,EURUSD,0.8559445347941455,2025-07-11T15:00:00Z,1.2180496411185966,0.0012180496411184905,0.0006087204603290109,,0.0,,246444.27054364732,BH_REINVERSION_DIVIDENDO,,,
1101,2025-07-15T15:30:00Z,CLOSE_DIVIDEND,30ffe0fa733c104a08525a3d8ae1bf13c3838864ba1ac15ce6aa0056d6575399,benchmark,BH_DIVIDEND,XETRA,EXH1.DE,2025-07-15,,,0.0,11.083738449349397,,,,,EUR,EUR,1.0,,,,,11.083738449349397,0.0,,248598.33007455713,DIVIDENDO_BRUTO,,,
1102,2025-07-15T15:30:00Z,CLOSE_DIVIDEND,30ffe0fa733c104a08525a3d8ae1bf13c3838864ba1ac15ce6aa0056d6575399,benchmark,BH_DIVIDEND,XETRA,EXV1.DE,2025-07-15,,,11.083738449349397,99.823287515244,,,,,EUR,EUR,1.0,,,,,88.73954906589461,0.0,,248687.069623623,DIVIDENDO_BRUTO,,,
1103,2025-07-15T20:00:00Z,CLOSE_DIVIDEND,30ffe0fa733c104a08525a3d8ae1bf13c3838864ba1ac15ce6aa0056d6575399,benchmark,BH_DIVIDEND,NYSE,ABBV,2025-07-15,,,99.823287515244,112.92262358158224,,,,,USD,EURUSD,0.8572653236176596,2025-07-15T15:00:00Z,,,,13.099336066338239,0.0,,248436.1668975066,DIVIDENDO_BRUTO,,,
1104,2025-07-16T07:00:00Z,OPEN_ENTRY,30ffe0fa733c104a08525a3d8ae1bf13c3838864ba1ac15ce6aa0056d6575399,benchmark,BH_BUY,XETRA,EXH1.DE,2025-07-16,,,112.92262358158224,101.83888513223285,36.570942668809366,36.87013519963587,36.9900016784668,37.00849667930603,EUR,EUR,1.0,,11.072665783565833,0.011072665783563806,0.005533566108727719,,0.0,,248605.9922089665,BH_REINVERSION_DIVIDENDO,,,
1105,2025-07-16T07:00:00Z,OPEN_ENTRY,30ffe0fa733c104a08525a3d8ae1bf13c3838864ba1ac15ce6aa0056d6575399,benchmark,BH_BUY,XETRA,EXV1.DE,2025-07-16,,,101.83888513223285,13.099336066338239,100.476398078206,103.733993386476,27.200000762939453,27.213600763320922,EUR,EUR,1.0,,88.6508981677269,0.08865089816771388,0.044303297435144676,,0.0,,248605.87554001354,BH_REINVERSION_DIVIDENDO,,,
1106,2025-07-16T13:30:00Z,OPEN_ENTRY,30ffe0fa733c104a08525a3d8ae1bf13c3838864ba1ac15ce6aa0056d6575399,benchmark,BH_BUY,NYSE,ABBV,2025-07-16,,,13.099336066338239,0.0,9.317302147185096,9.398927879153845,186.9199981689453,187.01345816802979,USD,EURUSD,0.8572653236176596,2025-07-15T15:00:00Z,13.086249816521718,0.013086249816520734,0.006539854980770506,,0.0,,248576.14494504602,BH_REINVERSION_DIVIDENDO,,,
1107,2025-07-17T15:30:00Z,CLOSE_DIVIDEND,30ffe0fa733c104a08525a3d8ae1bf13c3838864ba1ac15ce6aa0056d6575399,benchmark,BH_DIVIDEND,XETRA,EUNH.DE,2025-07-17,,,0.0,13.49907405337083,,,,,EUR,EUR,1.0,,,,,13.49907405337083,0.0,,249577.04407145875,DIVIDENDO_BRUTO,,,
1108,2025-07-18T07:00:00Z,OPEN_ENTRY,30ffe0fa733c104a08525a3d8ae1bf13c3838864ba1ac15ce6aa0056d6575399,benchmark,BH_BUY,XETRA,EUNH.DE,2025-07-18,,,13.49907405337083,0.0,10.346496553514854,10.4690761201992,109.95999908447266,110.01497908401488,EUR,EUR,1.0,,13.485588464905925,0.013485588464904552,0.006739424520191627,,0.0,,252596.95185691214,BH_REINVERSION_DIVIDENDO,,,
1109,2025-07-21T20:00:00Z,CLOSE_DIVIDEND,30ffe0fa733c104a08525a3d8ae1bf13c3838864ba1ac15ce6aa0056d6575399,benchmark,BH_DIVIDEND,NYSE,CAT,2025-07-21,,,0.0,7.643552197241376,,,,,USD,EURUSD,0.8571183680466272,2025-07-21T15:00:00Z,,,,7.643552197241376,0.0,,250963.05659603787,DIVIDENDO_BRUTO,,,
1110,2025-07-22T13:30:00Z,OPEN_ENTRY,30ffe0fa733c104a08525a3d8ae1bf13c3838864ba1ac15ce6aa0056d6575399,benchmark,BH_BUY,NYSE,CAT,2025-07-22,,,7.643552197241376,0.0,5.9057830122659025,5.927480880664412,410.3800048828125,410.5851948852539,USD,EURUSD,0.8571183680466272,2025-07-21T15:00:00Z,7.635916280960417,0.007635916280959165,0.0038160501154220826,,0.0,,251467.20757454424,BH_REINVERSION_DIVIDENDO,,,
1111,2025-07-28T15:30:00Z,CLOSE_DIVIDEND,30ffe0fa733c104a08525a3d8ae1bf13c3838864ba1ac15ce6aa0056d6575399,benchmark,BH_DIVIDEND,AMS,ASML.AS,2025-07-28,,,0.0,3.776190203596807,,,,,EUR,EUR,1.0,,,,,3.776190203596807,0.0,,252545.68414112987,DIVIDENDO_BRUTO,,,
1112,2025-07-29T07:00:00Z,OPEN_ENTRY,30ffe0fa733c104a08525a3d8ae1bf13c3838864ba1ac15ce6aa0056d6575399,benchmark,BH_BUY,AMS,ASML.AS,2025-07-29,,,3.776190203596807,0.0,2.3601188772480044,2.3660764256349585,632.9000244140625,633.2164744262695,EUR,EUR,1.0,,3.7724177858109966,0.0037724177858105,0.0018852662597756756,,0.0,,252613.5909430586,BH_REINVERSION_DIVIDENDO,,,
1113,2025-08-07T15:30:00Z,CLOSE_DIVIDEND,30ffe0fa733c104a08525a3d8ae1bf13c3838864ba1ac15ce6aa0056d6575399,benchmark,BH_DIVIDEND,XETRA,RRU.DE,2025-08-07,,,0.0,57.30590974771785,,,,,EUR,EUR,1.0,,,,,57.30590974771785,0.0,,254639.68490477678,DIVIDENDO_BRUTO,,,
1114,2025-08-08T07:00:00Z,OPEN_ENTRY,30ffe0fa733c104a08525a3d8ae1bf13c3838864ba1ac15ce6aa0056d6575399,benchmark,BH_BUY,XETRA,RRU.DE,2025-08-08,,,57.30590974771785,0.0,1090.3884416991152,1094.9660457840032,12.5,12.50625,EUR,EUR,1.0,,57.24866108663122,0.05724866108662496,0.02861002553054871,,0.0,,257090.7360837397,BH_REINVERSION_DIVIDENDO,,,
1115,2025-08-08T20:00:00Z,CLOSE_DIVIDEND,30ffe0fa733c104a08525a3d8ae1bf13c3838864ba1ac15ce6aa0056d6575399,benchmark,BH_DIVIDEND,NASDAQ,AZN,2025-08-08,,,0.0,9.352618335315686,,,,,USD,EURUSD,0.8585164835164835,2025-08-08T15:00:00Z,,,,9.352618335315686,0.0,,256600.67793389145,DIVIDENDO_BRUTO,,,
1116,2025-08-11T13:30:00Z,OPEN_ENTRY,30ffe0fa733c104a08525a3d8ae1bf13c3838864ba1ac15ce6aa0056d6575399,benchmark,BH_BUY,NASDAQ,AZN,2025-08-11,,,9.352618335315686,0.0,10.576630909685157,10.65026757294202,147.72000122070312,147.79386122131348,USD,EURUSD,0.8585164835164835,2025-08-08T15:00:00Z,9.343275060255431,0.009343275060254896,0.004669302878688428,,0.0,,258298.57260843125,BH_REINVERSION_DIVIDENDO,,,
1117,2025-08-11T20:00:00Z,CLOSE_DIVIDEND,30ffe0fa733c104a08525a3d8ae1bf13c3838864ba1ac15ce6aa0056d6575399,benchmark,BH_DIVIDEND,NASDAQ,AAPL,2025-08-11,,,0.0,1.9801611555552796,,,,,USD,EURUSD,0.8604371020478404,2025-08-11T15:00:00Z,,,,1.9801611555552796,0.0,,259095.92684169352,DIVIDENDO_BRUTO,,,
1118,2025-08-12T13:30:00Z,OPEN_ENTRY,30ffe0fa733c104a08525a3d8ae1bf13c3838864ba1ac15ce6aa0056d6575399,benchmark,BH_BUY,NASDAQ,AAPL,2025-08-12,,,1.9801611555552796,0.0,8.851320365332098,8.86139841172675,228.00999450683594,228.12399950408934,USD,EURUSD,0.8604371020478404,2025-08-11T15:00:00Z,1.9781829725826972,0.001978182972582454,0.0009885971876973697,,0.0,,259720.42397409337,BH_REINVERSION_DIVIDENDO,,,
1119,2025-08-12T20:00:00Z,CLOSE_DIVIDEND,30ffe0fa733c104a08525a3d8ae1bf13c3838864ba1ac15ce6aa0056d6575399,benchmark,BH_DIVIDEND,NYSE,V,2025-08-12,,,0.0,3.1302916060083774,,,,,USD,EURUSD,0.8616232982939858,2025-08-12T15:00:00Z,,,,3.1302916060083774,0.0,,260320.16424994674,DIVIDENDO_BRUTO,,,
1120,2025-08-13T13:30:00Z,OPEN_ENTRY,30ffe0fa733c104a08525a3d8ae1bf13c3838864ba1ac15ce6aa0056d6575399,benchmark,BH_BUY,NYSE,V,2025-08-13,,,3.1302916060083774,0.0,6.157654979548006,6.168419930423378,336.9800109863281,337.14850099182127,USD,EURUSD,0.8616232982939858,2025-08-12T15:00:00Z,3.1271644415668107,0.0031271644415666877,0.0015628008203729994,,0.0,,263181.1705379639,BH_REINVERSION_DIVIDENDO,,,
1121,2025-08-14T15:30:00Z,CLOSE_DIVIDEND,30ffe0fa733c104a08525a3d8ae1bf13c3838864ba1ac15ce6aa0056d6575399,benchmark,BH_DIVIDEND,XETRA,R6C0.DE,2025-08-14,,,0.0,14.235594794395395,,,,,EUR,EUR,1.0,,,,,14.235594794395395,0.0,,260525.72025998327,DIVIDENDO_BRUTO,,,
1122,2025-08-15T07:00:00Z,OPEN_ENTRY,30ffe0fa733c104a08525a3d8ae1bf13c3838864ba1ac15ce6aa0056d6575399,benchmark,BH_BUY,XETRA,R6C0.DE,2025-08-15,,,14.235594794395395,0.0,46.07674538732431,46.53645645630094,30.920000076293945,30.93546007633209,EUR,EUR,1.0,,14.221373420974421,0.014221373420973293,0.007107133143914992,,0.0,,261179.4552032748,BH_REINVERSION_DIVIDENDO,,,
1123,2025-08-15T20:00:00Z,CLOSE_DIVIDEND,30ffe0fa733c104a08525a3d8ae1bf13c3838864ba1ac15ce6aa0056d6575399,benchmark,BH_DIVIDEND,NYSE,LLY,2025-08-15,,,0.0,5.283225868600741,,,,,USD,EURUSD,0.8555783709787816,2025-08-15T15:00:00Z,,,,5.283225868600741,0.0,,260539.19155631887,DIVIDENDO_BRUTO,,,
1124,2025-08-15T20:00:00Z,CLOSE_DIVIDEND,30ffe0fa733c104a08525a3d8ae1bf13c3838864ba1ac15ce6aa0056d6575399,benchmark,BH_DIVIDEND,NYSE,XOM,2025-08-15,,,5.283225868600741,16.463063413303047,,,,,USD,EURUSD,0.8555783709787816,2025-08-15T15:00:00Z,,,,11.179837544702304,0.0,,260550.37139386358,DIVIDENDO_BRUTO,,,
1125,2025-08-18T13:30:00Z,OPEN_ENTRY,30ffe0fa733c104a08525a3d8ae1bf13c3838864ba1ac15ce6aa0056d6575399,benchmark,BH_BUY,NYSE,LLY,2025-08-18,,,16.463063413303047,11.179837544702306,4.116689596813698,4.125560970968547,695.02001953125,695.3675295410156,USD,EURUSD,0.8555783709787816,2025-08-15T15:00:00Z,5.277947920680062,0.00527794792067926,0.0026376551327737755,,0.0,,259806.013451802,BH_REINVERSION_DIVIDENDO,,,
1126,2025-08-18T13:30:00Z,OPEN_ENTRY,30ffe0fa733c104a08525a3d8ae1bf13c3838864ba1ac15ce6aa0056d6575399,benchmark,BH_BUY,NYSE,XOM,2025-08-18,,,11.179837544702306,0.0,13.19898396186672,13.321956786197264,106.0999984741211,106.15304847335815,USD,EURUSD,0.8555783709787816,2025-08-15T15:00:00Z,11.168668875826478,0.01116866887582546,0.005581543666080223,,0.0,,259806.03773455182,BH_REINVERSION_DIVIDENDO,,,
1127,2025-08-19T20:00:00Z,CLOSE_DIVIDEND,30ffe0fa733c104a08525a3d8ae1bf13c3838864ba1ac15ce6aa0056d6575399,benchmark,BH_DIVIDEND,NYSE,CVX,2025-08-19,,,0.0,11.304040528804652,,,,,USD,EURUSD,0.8560178051703476,2025-08-19T15:00:00Z,,,,11.304040528804652,0.0,,259508.7041235791,DIVIDENDO_BRUTO,,,
1128,2025-08-20T13:30:00Z,OPEN_ENTRY,30ffe0fa733c104a08525a3d8ae1bf13c3838864ba1ac15ce6aa0056d6575399,benchmark,BH_BUY,NYSE,CVX,2025-08-20,,,11.304040528804652,0.0,7.722444529678125,7.808952831204257,152.4199981689453,152.49620816802977,USD,EURUSD,0.8560178051703476,2025-08-19T15:00:00Z,11.29274778102363,0.011292747781022072,0.005643552114453258,,0.0,,254258.77826883396,BH_REINVERSION_DIVIDENDO,,,
1129,2025-08-21T20:00:00Z,CLOSE_DIVIDEND,30ffe0fa733c104a08525a3d8ae1bf13c3838864ba1ac15ce6aa0056d6575399,benchmark,BH_DIVIDEND,NASDAQ,AMAT,2025-08-21,,,0.0,4.83499719373233,,,,,USD,EURUSD,0.8591803419537761,2025-08-21T15:00:00Z,,,,4.83499719373233,0.0,,253528.56011299838,DIVIDENDO_BRUTO,,,
1130,2025-08-21T20:00:00Z,CLOSE_DIVIDEND,30ffe0fa733c104a08525a3d8ae1bf13c3838864ba1ac15ce6aa0056d6575399,benchmark,BH_DIVIDEND,NASDAQ,MSFT,2025-08-21,,,4.83499719373233,8.31302489191848,,,,,USD,EURUSD,0.8591803419537761,2025-08-21T15:00:00Z,,,,3.478027698186151,0.0,,253532.03814069656,DIVIDENDO_BRUTO,,,
1131,2025-08-22T13:30:00Z,OPEN_ENTRY,30ffe0fa733c104a08525a3d8ae1bf13c3838864ba1ac15ce6aa0056d6575399,benchmark,BH_BUY,NASDAQ,AMAT,2025-08-22,,,8.31302489191848,3.4780276981861507,12.233593986489257,12.268564251286163,160.67999267578125,160.76033267211912,USD,EURUSD,0.8591803419537761,2025-08-21T15:00:00Z,4.830167026705625,0.0048301670267054675,0.0024138765750646445,,0.0,,253486.20794010448,BH_REINVERSION_DIVIDENDO,,,
1132,2025-08-22T13:30:00Z,OPEN_ENTRY,30ffe0fa733c104a08525a3d8ae1bf13c3838864ba1ac15ce6aa0056d6575399,benchmark,BH_BUY,NASDAQ,MSFT,2025-08-22,,,3.4780276981861507,0.0,4.877200527613086,4.8852164153668065,504.25,504.502125,USD,EURUSD,0.8591803419537761,2025-08-21T15:00:00Z,3.4745531450411105,0.0034745531450406375,0.0017364083683362366,,0.0,,253486.20266020478,BH_REINVERSION_DIVIDENDO,,,
1133,2025-08-29T20:00:00Z,CLOSE_DIVIDEND,30ffe0fa733c104a08525a3d8ae1bf13c3838864ba1ac15ce6aa0056d6575399,benchmark,BH_DIVIDEND,NYSE,GS,2025-08-29,,,0.0,15.14424764141939,,,,,USD,EURUSD,0.857780065191285,2025-08-29T15:00:00Z,,,,15.14424764141939,0.0,,257925.80201470453,DIVIDENDO_BRUTO,,,
1134,2025-09-02T13:30:00Z,OPEN_ENTRY,30ffe0fa733c104a08525a3d8ae1bf13c3838864ba1ac15ce6aa0056d6575399,benchmark,BH_BUY,NYSE,GS,2025-09-02,,,15.14424764141939,0.0,4.413790975091681,4.437847391589373,736.3900146484375,736.7582096557617,USD,EURUSD,0.8536064874093043,2025-09-01T15:00:00Z,15.129118522896496,0.015129118522894558,0.007560778872011347,,0.0,,255192.55539712857,BH_REINVERSION_DIVIDENDO,,,
1135,2025-09-02T20:00:00Z,CLOSE_DIVIDEND,30ffe0fa733c104a08525a3d8ae1bf13c3838864ba1ac15ce6aa0056d6575399,benchmark,BH_DIVIDEND,NYSE,LMT,2025-09-02,,,0.0,8.392351589940336,,,,,USD,EURUSD,0.858663918942126,2025-09-02T15:00:00Z,,,,8.392351589940336,0.0,,254066.7560989328,DIVIDENDO_BRUTO,,,
1136,2025-09-03T13:30:00Z,OPEN_ENTRY,30ffe0fa733c104a08525a3d8ae1bf13c3838864ba1ac15ce6aa0056d6575399,benchmark,BH_BUY,NYSE,LMT,2025-09-03,,,8.392351589940336,0.0,2.961737170195308,2.983372590395975,451.07000732421875,451.2955423278808,USD,EURUSD,0.858663918942126,2025-09-02T15:00:00Z,8.38396762231802,0.008383967622316746,0.004189888866724727,,0.0,,253017.88145599474,BH_REINVERSION_DIVIDENDO,,,
1137,2025-09-04T20:00:00Z,CLOSE_DIVIDEND,30ffe0fa733c104a08525a3d8ae1bf13c3838864ba1ac15ce6aa0056d6575399,benchmark,BH_DIVIDEND,NASDAQ,QCOM,2025-09-04,,,0.0,7.292903050717227,,,,,USD,EURUSD,0.8585901948999742,2025-09-04T15:00:00Z,,,,7.292903050717227,0.0,,254729.22538697286,DIVIDENDO_BRUTO,,,
1138,2025-09-05T13:30:00Z,OPEN_ENTRY,30ffe0fa733c104a08525a3d8ae1bf13c3838864ba1ac15ce6aa0056d6575399,benchmark,BH_BUY,NASDAQ,QCOM,2025-09-05,,,7.292903050717227,0.0,9.543869868730734,9.596851614536273,160.0800018310547,160.1600418319702,USD,EURUSD,0.8585901948999742,2025-09-04T15:00:00Z,7.285617433283944,0.0072856174332827095,0.003640988222530231,,0.0,,256526.94559912058,BH_REINVERSION_DIVIDENDO,,,
1139,2025-09-08T20:00:00Z,CLOSE_DIVIDEND,30ffe0fa733c104a08525a3d8ae1bf13c3838864ba1ac15ce6aa0056d6575399,benchmark,BH_DIVIDEND,NASDAQ,GOOGL,2025-09-08,,,0.0,1.9611802420362594,,,,,USD,EURUSD,0.8526603001364256,2025-09-08T15:00:00Z,,,,1.9611802420362594,0.0,,256081.0765096352,DIVIDENDO_BRUTO,,,
1140,2025-09-09T13:30:00Z,OPEN_ENTRY,30ffe0fa733c104a08525a3d8ae1bf13c3838864ba1ac15ce6aa0056d6575399,benchmark,BH_BUY,NASDAQ,GOOGL,2025-09-09,,,1.9611802420362594,0.0,10.952724704095836,10.962532220508503,234.1699981689453,234.28708316802977,USD,EURUSD,0.8526603001364256,2025-09-08T15:00:00Z,1.9592210210152443,0.0019592210210150895,0.0009791209500324537,,0.0,,259702.43108821605,BH_REINVERSION_DIVIDENDO,,,
1141,2025-09-11T15:30:00Z,CLOSE_DIVIDEND,30ffe0fa733c104a08525a3d8ae1bf13c3838864ba1ac15ce6aa0056d6575399,benchmark,BH_DIVIDEND,XETRA,EQQQ.DE,2025-09-11,,,0.0,1.5030339913640958,,,,,EUR,EUR,1.0,,,,,1.5030339913640958,0.0,,267063.8053381953,DIVIDENDO_BRUTO,,,
1142,2025-09-11T15:30:00Z,CLOSE_DIVIDEND,30ffe0fa733c104a08525a3d8ae1bf13c3838864ba1ac15ce6aa0056d6575399,benchmark,BH_DIVIDEND,XETRA,IQQK.DE,2025-09-11,,,1.5030339913640958,9.214679158954143,,,,,EUR,EUR,1.0,,,,,7.7116451675900475,0.0,,267071.51698336285,DIVIDENDO_BRUTO,,,
1143,2025-09-11T15:30:00Z,CLOSE_DIVIDEND,30ffe0fa733c104a08525a3d8ae1bf13c3838864ba1ac15ce6aa0056d6575399,benchmark,BH_DIVIDEND,XETRA,IQQT.DE,2025-09-11,,,9.214679158954143,36.029595394626,,,,,EUR,EUR,1.0,,,,,26.81491623567186,0.0,,267098.33189959853,DIVIDENDO_BRUTO,,,
1144,2025-09-11T20:00:00Z,CLOSE_DIVIDEND,30ffe0fa733c104a08525a3d8ae1bf13c3838864ba1ac15ce6aa0056d6575399,benchmark,BH_DIVIDEND,NASDAQ,NVDA,2025-09-11,,,36.029595394626,36.66151204756833,,,,,USD,EURUSD,0.8557980316645271,2025-09-11T15:00:00Z,,,,0.6319166529423313,0.0,,267816.06981997757,DIVIDENDO_BRUTO,,,
1145,2025-09-12T07:00:00Z,OPEN_ENTRY,30ffe0fa733c104a08525a3d8ae1bf13c3838864ba1ac15ce6aa0056d6575399,benchmark,BH_BUY,XETRA,EQQQ.DE,2025-09-12,,,36.66151204756833,35.15847805620423,4.183100409851343,4.18610347551992,499.75,499.999875,EUR,EUR,1.0,,1.5015324589051908,0.0015015324589049417,0.0007503910339355512,,0.0,,268014.58425735467,BH_REINVERSION_DIVIDENDO,,,
1146,2025-09-12T07:00:00Z,OPEN_ENTRY,30ffe0fa733c104a08525a3d8ae1bf13c3838864ba1ac15ce6aa0056d6575399,benchmark,BH_BUY,XETRA,IQQK.DE,2025-09-12,,,35.15847805620423,27.446832888614182,28.000701384450206,28.16636599840478,46.47999954223633,46.50323954200744,EUR,EUR,1.0,,7.703941226363685,0.007703941226362865,0.003850045590385981,,0.0,,268014.5428836868,BH_REINVERSION_DIVIDENDO,,,
1147,2025-09-12T07:00:00Z,OPEN_ENTRY,30ffe0fa733c104a08525a3d8ae1bf13c3838864ba1ac15ce6aa0056d6575399,benchmark,BH_BUY,XETRA,IQQT.DE,2025-09-12,,,27.446832888614182,0.6319166529423228,17.458809864516777,17.742470643310384,94.38999938964844,94.43719438934326,EUR,EUR,1.0,,26.788128107564297,0.026788128107561704,0.013387370368597785,,0.0,,268014.4289557799,BH_REINVERSION_DIVIDENDO,,,
1148,2025-09-12T13:30:00Z,OPEN_ENTRY,30ffe0fa733c104a08525a3d8ae1bf13c3838864ba1ac15ce6aa0056d6575399,benchmark,BH_BUY,NASDAQ,NVDA,2025-09-12,,,0.6319166529423228,0.0,73.83946089631142,73.84360832439343,177.77000427246094,177.85888927459715,USD,EURUSD,0.8557980316645271,2025-09-11T15:00:00Z,0.6312853675747566,0.0006312853675747299,0.0003154849413166433,,0.0,,268182.2080266089,BH_REINVERSION_DIVIDENDO,,,
1149,2025-09-15T15:30:00Z,CLOSE_DIVIDEND,30ffe0fa733c104a08525a3d8ae1bf13c3838864ba1ac15ce6aa0056d6575399,benchmark,BH_DIVIDEND,XETRA,EXSA.DE,2025-09-15,,,0.0,15.795296858107697,,,,,EUR,EUR,1.0,,,,,15.795296858107697,0.0,,268501.7016032427,DIVIDENDO_BRUTO,,,
1150,2025-09-16T07:00:00Z,OPEN_ENTRY,30ffe0fa733c104a08525a3d8ae1bf13c3838864ba1ac15ce6aa0056d6575399,benchmark,BH_BUY,XETRA,EXSA.DE,2025-09-16,,,15.795296858107697,0.0,29.195672685799277,29.48170155231329,55.13999938964844,55.16756938934326,EUR,EUR,1.0,,15.779517340766931,0.01577951734076599,0.007885815762500753,,0.0,,270919.7230878572,BH_REINVERSION_DIVIDENDO,,,
1151,2025-09-16T20:00:00Z,CLOSE_DIVIDEND,30ffe0fa733c104a08525a3d8ae1bf13c3838864ba1ac15ce6aa0056d6575399,benchmark,BH_DIVIDEND,NYSE,TSM,2025-09-16,,,0.0,9.862629002865262,,,,,USD,EURUSD,0.8469551960701278,2025-09-16T15:00:00Z,,,,9.862629002865262,0.0,,269003.84202328045,DIVIDENDO_BRUTO,,,
1152,2025-09-17T13:30:00Z,OPEN_ENTRY,30ffe0fa733c104a08525a3d8ae1bf13c3838864ba1ac15ce6aa0056d6575399,benchmark,BH_BUY,NYSE,TSM,2025-09-17,,,9.862629002865262,0.0,14.166430734407562,14.210417113208612,264.3399963378906,264.47216633605956,USD,EURUSD,0.8469551960701278,2025-09-16T15:00:00Z,9.852776226638625,0.009852776226637161,0.004923926150243751,,0.0,,269270.4781670459,BH_REINVERSION_DIVIDENDO,,,
1153,2025-09-17T20:00:00Z,CLOSE_DIVIDEND,30ffe0fa733c104a08525a3d8ae1bf13c3838864ba1ac15ce6aa0056d6575399,benchmark,BH_DIVIDEND,NYSE,CRM,2025-09-17,,,0.0,2.4373545536687393,,,,,USD,EURUSD,0.8448086508405847,2025-09-17T15:00:00Z,,,,2.4373545536687393,0.0,,268515.0275254975,DIVIDENDO_BRUTO,,,
1154,2025-09-18T13:30:00Z,OPEN_ENTRY,30ffe0fa733c104a08525a3d8ae1bf13c3838864ba1ac15ce6aa0056d6575399,benchmark,BH_BUY,NYSE,CRM,2025-09-18,,,2.4373545536687393,0.0,6.935328329754054,6.94712704346886,244.16000366210938,244.28208366394043,USD,EURUSD,0.8448086508405847,2025-09-17T15:00:00Z,2.434919634034705,0.002434919634034305,0.0012168513913216577,,0.0,,268151.2604316758,BH_REINVERSION_DIVIDENDO,,,
1155,2025-09-22T15:30:00Z,CLOSE_DIVIDEND,30ffe0fa733c104a08525a3d8ae1bf13c3838864ba1ac15ce6aa0056d6575399,benchmark,BH_DIVIDEND,MIL,ENI.MI,2025-09-22,,,0.0,26.926815277162145,,,,,EUR,EUR,1.0,,,,,26.926815277162145,0.0,,275720.2195022666,DIVIDENDO_BRUTO,,,
1156,2025-09-22T20:00:00Z,CLOSE_DIVIDEND,30ffe0fa733c104a08525a3d8ae1bf13c3838864ba1ac15ce6aa0056d6575399,benchmark,BH_DIVIDEND,NASDAQ,AVGO,2025-09-22,,,26.926815277162145,38.75122078246814,,,,,USD,EURUSD,0.848824378236143,2025-09-22T15:00:00Z,,,,11.82440550530599,0.0,,275721.4136269308,DIVIDENDO_BRUTO,,,
1157,2025-09-22T20:00:00Z,CLOSE_DIVIDEND,30ffe0fa733c104a08525a3d8ae1bf13c3838864ba1ac15ce6aa0056d6575399,benchmark,BH_DIVIDEND,NASDAQ,META,2025-09-22,,,38.75122078246814,41.881277706352684,,,,,USD,EURUSD,0.848824378236143,2025-09-22T15:00:00Z,,,,3.130056923884543,0.0,,275724.5436838547,DIVIDENDO_BRUTO,,,
1158,2025-09-23T07:00:00Z,OPEN_ENTRY,30ffe0fa733c104a08525a3d8ae1bf13c3838864ba1ac15ce6aa0056d6575399,benchmark,BH_BUY,MIL,ENI.MI,2025-09-23,,,41.881277706352684,14.954462429190539,103.56467414293132,105.40621328150982,14.600000381469727,14.60730038166046,EUR,EUR,1.0,,26.899915361800346,0.02689991536179903,0.013443236062866255,,0.0,,275881.70344824414,BH_REINVERSION_DIVIDENDO,,,
1159,2025-09-23T13:30:00Z,OPEN_ENTRY,30ffe0fa733c104a08525a3d8ae1bf13c3838864ba1ac15ce6aa0056d6575399,benchmark,BH_BUY,NASDAQ,AVGO,2025-09-23,,,14.954462429190539,3.130056923884549,23.610732416611842,23.651613739733264,340.239990234375,340.41011022949215,USD,EURUSD,0.848824378236143,2025-09-22T15:00:00Z,11.812592912393598,0.011812592912392006,0.005903344783803509,,0.0,,275812.0663715233,BH_REINVERSION_DIVIDENDO,,,
1160,2025-09-23T13:30:00Z,OPEN_ENTRY,30ffe0fa733c104a08525a3d8ae1bf13c3838864ba1ac15ce6aa0056d6575399,benchmark,BH_BUY,NASDAQ,META,2025-09-23,,,3.130056923884549,0.0,7.023847737196914,7.028634211331706,769.25,769.6346249999999,USD,EURUSD,0.848824378236143,2025-09-22T15:00:00Z,3.1269299938906525,0.003126929993890304,0.0015626836551174202,,0.0,,275812.045064638,BH_REINVERSION_DIVIDENDO,,,
1161,2025-09-29T06:30:00Z,CLOSE_DIVIDEND,30ffe0fa733c104a08525a3d8ae1bf13c3838864ba1ac15ce6aa0056d6575399,benchmark,BH_DIVIDEND,JPX,6501.T,2025-09-29,,,0.0,16.021501895998703,,,,,JPY,EURJPY,0.005721151095600435,2025-09-26T15:00:00Z,,,,16.021501895998703,0.0,,276897.82004082354,DIVIDENDO_BRUTO,,,
1162,2025-09-29T06:30:00Z,CLOSE_DIVIDEND,30ffe0fa733c104a08525a3d8ae1bf13c3838864ba1ac15ce6aa0056d6575399,benchmark,BH_DIVIDEND,JPX,6758.T,2025-09-29,,,16.021501895998703,21.085852411819523,,,,,JPY,EURJPY,0.005721151095600435,2025-09-26T15:00:00Z,,,,5.064350515820818,0.0,,276902.8843913394,DIVIDENDO_BRUTO,,,
1163,2025-09-29T06:30:00Z,CLOSE_DIVIDEND,30ffe0fa733c104a08525a3d8ae1bf13c3838864ba1ac15ce6aa0056d6575399,benchmark,BH_DIVIDEND,JPX,6857.T,2025-09-29,,,21.085852411819523,35.06233328352722,,,,,JPY,EURJPY,0.005721151095600435,2025-09-26T15:00:00Z,,,,13.976480871707691,0.0,,276916.8608722111,DIVIDENDO_BRUTO,,,
1164,2025-09-29T06:30:00Z,CLOSE_DIVIDEND,30ffe0fa733c104a08525a3d8ae1bf13c3838864ba1ac15ce6aa0056d6575399,benchmark,BH_DIVIDEND,JPX,7011.T,2025-09-29,,,35.06233328352722,55.89398682266227,,,,,JPY,EURJPY,0.005721151095600435,2025-09-26T15:00:00Z,,,,20.831653539135058,0.0,,276937.69252575026,DIVIDENDO_BRUTO,,,
1165,2025-09-29T06:30:00Z,CLOSE_DIVIDEND,30ffe0fa733c104a08525a3d8ae1bf13c3838864ba1ac15ce6aa0056d6575399,benchmark,BH_DIVIDEND,JPX,7203.T,2025-09-29,,,55.89398682266227,76.94212793543277,,,,,JPY,EURJPY,0.005721151095600435,2025-09-26T15:00:00Z,,,,21.048141112770494,0.0,,276958.740666863,DIVIDENDO_BRUTO,,,
1166,2025-09-29T06:30:00Z,CLOSE_DIVIDEND,30ffe0fa733c104a08525a3d8ae1bf13c3838864ba1ac15ce6aa0056d6575399,benchmark,BH_DIVIDEND,JPX,8035.T,2025-09-29,,,76.94212793543277,91.91050793606081,,,,,JPY,EURJPY,0.005721151095600435,2025-09-26T15:00:00Z,,,,14.968380000628038,0.0,,276973.70904686366,DIVIDENDO_BRUTO,,,
1167,2025-09-30T00:00:00Z,OPEN_ENTRY,30ffe0fa733c104a08525a3d8ae1bf13c3838864ba1ac15ce6aa0056d6575399,benchmark,BH_BUY,JPX,6501.T,2025-09-30,,,91.91050793606081,75.8890060400621,121.75644853920058,122.46179459238438,3955.0,3956.9775,JPY,EURJPY,0.005734602592040372,2025-09-29T15:00:00Z,16.005496399599107,0.016005496399596808,0.007998748825386712,,0.0,,278810.96661713615,BH_REINVERSION_DIVIDENDO,,,
1168,2025-09-30T00:00:00Z,OPEN_ENTRY,30ffe0fa733c104a08525a3d8ae1bf13c3838864ba1ac15ce6aa0056d6575399,benchmark,BH_BUY,JPX,6758.T,2025-09-30,,,75.8890060400621,70.82465552424128,70.81582613282566,71.02089550598677,4300.0,4302.15,JPY,EURJPY,0.005734602592040372,2025-09-29T15:00:00Z,5.0592912245962225,0.005059291224595697,0.00252838142158689,,0.0,,278810.92139774,BH_REINVERSION_DIVIDENDO,,,
1169,2025-09-30T00:00:00Z,OPEN_ENTRY,30ffe0fa733c104a08525a3d8ae1bf13c3838864ba1ac15ce6aa0056d6575399,benchmark,BH_BUY,JPX,6857.T,2025-09-30,,,70.82465552424128,56.84817465253359,84.2396238470961,84.39617368092527,15545.0,15552.7725,JPY,EURJPY,0.005734602592040372,2025-09-29T15:00:00Z,13.962518353354339,0.013962518353352493,0.006977770291530619,,0.0,,278810.5413570183,BH_REINVERSION_DIVIDENDO,,,
1170,2025-09-30T00:00:00Z,OPEN_ENTRY,30ffe0fa733c104a08525a3d8ae1bf13c3838864ba1ac15ce6aa0056d6575399,benchmark,BH_BUY,JPX,7011.T,2025-09-30,,,56.84817465253359,36.016521113398525,303.4303935087847,304.36959111593785,3862.0,3863.9309999999996,JPY,EURJPY,0.005734602592040372,2025-09-29T15:00:00Z,20.81084269643862,0.02081084269643796,0.010400221237598277,,0.0,,278810.84945923137,BH_REINVERSION_DIVIDENDO,,,
1171,2025-09-30T00:00:00Z,OPEN_ENTRY,30ffe0fa733c104a08525a3d8ae1bf13c3838864ba1ac15ce6aa0056d6575399,benchmark,BH_BUY,JPX,7203.T,2025-09-30,,,36.016521113398525,14.96838000062803,81.75565744669231,83.03708251706125,2860.0,2861.43,JPY,EURJPY,0.005734602592040372,2025-09-29T15:00:00Z,21.027113998771725,0.021027113998769664,0.01050830284796068,,0.0,,278810.8914084498,BH_REINVERSION_DIVIDENDO,,,
1172,2025-09-30T00:00:00Z,OPEN_ENTRY,30ffe0fa733c104a08525a3d8ae1bf13c3838864ba1ac15ce6aa0056d6575399,benchmark,BH_BUY,JPX,8035.T,2025-09-30,,,14.96838000062803,0.0,9.910314925415811,10.0075640070684,26800.0,26813.399999999998,JPY,EURJPY,0.005734602592040372,2025-09-29T15:00:00Z,14.953426574053985,0.014953426574052742,0.007472976798626461,,0.0,,278810.7044650199,BH_REINVERSION_DIVIDENDO,,,
1173,2025-10-01T15:30:00Z,CLOSE_DIVIDEND,30ffe0fa733c104a08525a3d8ae1bf13c3838864ba1ac15ce6aa0056d6575399,benchmark,BH_DIVIDEND,PAR,TTE.PA,2025-10-01,,,0.0,21.118856040080406,,,,,EUR,EUR,1.0,,,,,21.118856040080406,0.0,,279990.81586926844,DIVIDENDO_BRUTO,,,
1174,2025-10-02T07:00:00Z,OPEN_ENTRY,30ffe0fa733c104a08525a3d8ae1bf13c3838864ba1ac15ce6aa0056d6575399,benchmark,BH_BUY,PAR,TTE.PA,2025-10-02,,,21.118856040080406,0.0,24.84571298832989,25.25485567944126,51.540000915527344,51.565770915985105,EUR,EUR,1.0,,21.09775828179861,0.021097758281797496,0.010543607337229782,,0.0,,282460.0280425715,BH_REINVERSION_DIVIDENDO,,,
1175,2025-10-03T20:00:00Z,CLOSE_DIVIDEND,30ffe0fa733c104a08525a3d8ae1bf13c3838864ba1ac15ce6aa0056d6575399,benchmark,BH_DIVIDEND,NASDAQ,MU,2025-10-03,,,0.0,1.9532195549885503,,,,,USD,EURUSD,0.8522243054371911,2025-10-03T15:00:00Z,,,,1.9532195549885503,0.0,,284625.729633315,DIVIDENDO_BRUTO,,,
1176,2025-10-06T13:30:00Z,OPEN_ENTRY,30ffe0fa733c104a08525a3d8ae1bf13c3838864ba1ac15ce6aa0056d6575399,benchmark,BH_BUY,NASDAQ,MU,2025-10-06,,,1.9532195549885503,0.0,19.929633268030997,19.941368430510327,195.00999450683594,195.10749950408933,USD,EURUSD,0.8522243054371911,2025-10-03T15:00:00Z,1.9512682867018487,0.0019512682867015574,0.0009751465700656641,,0.0,,284879.8372104159,BH_REINVERSION_DIVIDENDO,,,
1177,2025-10-09T20:00:00Z,CLOSE_DIVIDEND,30ffe0fa733c104a08525a3d8ae1bf13c3838864ba1ac15ce6aa0056d6575399,benchmark,BH_DIVIDEND,NYSE,MA,2025-10-09,,,0.0,2.4180819857720186,,,,,USD,EURUSD,0.8612522607871845,2025-10-09T15:00:00Z,,,,2.4180819857720186,0.0,,288879.8302954603,DIVIDENDO_BRUTO,,,
1178,2025-10-09T20:00:00Z,CLOSE_DIVIDEND,30ffe0fa733c104a08525a3d8ae1bf13c3838864ba1ac15ce6aa0056d6575399,benchmark,BH_DIVIDEND,NYSE,ORCL,2025-10-09,,,2.4180819857720186,9.67699543190333,,,,,USD,EURUSD,0.8612522607871845,2025-10-09T15:00:00Z,,,,7.258913446131312,0.0,,288887.0892089064,DIVIDENDO_BRUTO,,,
1179,2025-10-10T13:30:00Z,OPEN_ENTRY,30ffe0fa733c104a08525a3d8ae1bf13c3838864ba1ac15ce6aa0056d6575399,benchmark,BH_BUY,NYSE,MA,2025-10-10,,,9.67699543190333,7.258913446131312,3.694256570631435,3.69919583622374,567.5800170898438,567.8638070983886,USD,EURUSD,0.8612522607871845,2025-10-09T15:00:00Z,2.4156663194525665,0.0024156663194521144,0.001207229544953644,,0.0,,287488.0796258967,BH_REINVERSION_DIVIDENDO,,,
1180,2025-10-10T13:30:00Z,OPEN_ENTRY,30ffe0fa733c104a08525a3d8ae1bf13c3838864ba1ac15ce6aa0056d6575399,benchmark,BH_BUY,NYSE,ORCL,2025-10-10,,,7.258913446131312,0.0,16.856648804606134,16.884674969131552,300.2799987792969,300.4301387786865,USD,EURUSD,0.8612522607871845,2025-10-09T15:00:00Z,7.2516617843469655,0.0072516617843465525,0.0036240188827318426,,0.0,,287487.98861321533,BH_REINVERSION_DIVIDENDO,,,
1181,2025-10-10T20:00:00Z,CLOSE_DIVIDEND,30ffe0fa733c104a08525a3d8ae1bf13c3838864ba1ac15ce6aa0056d6575399,benchmark,BH_DIVIDEND,NASDAQ,MRVL,2025-10-10,,,0.0,1.2324117524307074,,,,,USD,EURUSD,0.8644536652835407,2025-10-10T15:00:00Z,,,,1.2324117524307074,0.0,,285934.20929921605,DIVIDENDO_BRUTO,,,
1182,2025-10-13T13:30:00Z,OPEN_ENTRY,30ffe0fa733c104a08525a3d8ae1bf13c3838864ba1ac15ce6aa0056d6575399,benchmark,BH_BUY,NASDAQ,MRVL,2025-10-13,,,1.2324117524307074,0.0,23.76089858686404,23.776809148025784,89.47000122070312,89.51473622131347,USD,EURUSD,0.8644536652835407,2025-10-10T15:00:00Z,1.2311805718588487,0.001231180571858781,0.0006152826446070287,,0.0,,279260.4157961795,BH_REINVERSION_DIVIDENDO,,,
1183,2025-10-15T15:30:00Z,CLOSE_DIVIDEND,30ffe0fa733c104a08525a3d8ae1bf13c3838864ba1ac15ce6aa0056d6575399,benchmark,BH_DIVIDEND,XETRA,EXH1.DE,2025-10-15,,,0.0,17.93315444934529,,,,,EUR,EUR,1.0,,,,,17.93315444934529,0.0,,280716.02462377935,DIVIDENDO_BRUTO,,,
1184,2025-10-15T15:30:00Z,CLOSE_DIVIDEND,30ffe0fa733c104a08525a3d8ae1bf13c3838864ba1ac15ce6aa0056d6575399,benchmark,BH_DIVIDEND,XETRA,EXV1.DE,2025-10-15,,,17.93315444934529,32.727800320117886,,,,,EUR,EUR,1.0,,,,,14.794645870772593,0.0,,280730.81926965015,DIVIDENDO_BRUTO,,,
1185,2025-10-15T20:00:00Z,CLOSE_DIVIDEND,30ffe0fa733c104a08525a3d8ae1bf13c3838864ba1ac15ce6aa0056d6575399,benchmark,BH_DIVIDEND,NYSE,ABBV,2025-10-15,,,32.727800320117886,45.99078579749898,,,,,USD,EURUSD,0.8604371020478404,2025-10-15T15:00:00Z,,,,13.262985477381093,0.0,,281151.5924472657,DIVIDENDO_BRUTO,,,
1186,2025-10-16T07:00:00Z,OPEN_ENTRY,30ffe0fa733c104a08525a3d8ae1bf13c3838864ba1ac15ce6aa0056d6575399,benchmark,BH_BUY,XETRA,EXH1.DE,2025-10-16,,,45.99078579749898,28.057631348153688,36.87013519963587,37.3369918358192,38.35499954223633,38.374177042007446,EUR,EUR,1.0,,17.91523921013516,0.01791523921013294,0.008953143033550645,,0.0,,282691.94711449736,BH_REINVERSION_DIVIDENDO,,,
1187,2025-10-16T07:00:00Z,OPEN_ENTRY,30ffe0fa733c104a08525a3d8ae1bf13c3838864ba1ac15ce6aa0056d6575399,benchmark,BH_BUY,XETRA,EXV1.DE,2025-10-16,,,28.057631348153688,13.262985477381095,103.733993386476,104.22137312996576,30.309999465942383,30.325154465675354,EUR,EUR,1.0,,14.779866004767827,0.014779866004765552,0.007386239882442581,,0.0,,282691.8640259236,BH_REINVERSION_DIVIDENDO,,,
1188,2025-10-16T13:30:00Z,OPEN_ENTRY,30ffe0fa733c104a08525a3d8ae1bf13c3838864ba1ac15ce6aa0056d6575399,benchmark,BH_BUY,NYSE,ABBV,2025-10-16,,,13.262985477381095,0.0,9.398927879153845,9.466964070570294,226.22000122070312,226.33311122131346,USD,EURUSD,0.8604371020478404,2025-10-15T15:00:00Z,13.249735741639455,0.013249735741638347,0.0066215570922725535,,0.0,,282512.41335691366,BH_REINVERSION_DIVIDENDO,,,
1189,2025-10-20T20:00:00Z,CLOSE_DIVIDEND,30ffe0fa733c104a08525a3d8ae1bf13c3838864ba1ac15ce6aa0056d6575399,benchmark,BH_DIVIDEND,NYSE,CAT,2025-10-20,,,0.0,7.679533358904559,,,,,USD,EURUSD,0.858000858000858,2025-10-20T15:00:00Z,,,,7.679533358904559,0.0,,282866.855388615,DIVIDENDO_BRUTO,,,
1190,2025-10-21T13:30:00Z,OPEN_ENTRY,30ffe0fa733c104a08525a3d8ae1bf13c3838864ba1ac15ce6aa0056d6575399,benchmark,BH_BUY,NYSE,CAT,2025-10-21,,,7.679533358904559,0.0,5.927480880664412,5.9445016320071815,525.0700073242188,525.3325423278808,USD,EURUSD,0.858000858000858,2025-10-20T15:00:00Z,7.671861497407153,0.007671861497406063,0.0038340137418316103,,0.0,,283195.6753593642,BH_REINVERSION_DIVIDENDO,,,
1191,2025-10-23T15:30:00Z,CLOSE_DIVIDEND,30ffe0fa733c104a08525a3d8ae1bf13c3838864ba1ac15ce6aa0056d6575399,benchmark,BH_DIVIDEND,XETRA,BSP.DE,2025-10-23,,,0.0,20.90720742499632,,,,,EUR,EUR,1.0,,,,,20.90720742499632,0.0,,279437.29679895396,DIVIDENDO_BRUTO,,,
1192,2025-10-24T07:00:00Z,OPEN_ENTRY,30ffe0fa733c104a08525a3d8ae1bf13c3838864ba1ac15ce6aa0056d6575399,benchmark,BH_BUY,XETRA,BSP.DE,2025-10-24,,,20.90720742499632,0.0,132.60399276318253,133.57859047970706,21.420000076293945,21.43071007633209,EUR,EUR,1.0,,20.886321103892428,0.020886321103890992,0.010437941581153753,,0.0,,283032.76153420424,BH_REINVERSION_DIVIDENDO,,,
1193,2025-10-27T20:00:00Z,CLOSE_DIVIDEND,30ffe0fa733c104a08525a3d8ae1bf13c3838864ba1ac15ce6aa0056d6575399,benchmark,BH_DIVIDEND,NYSE,INFY,2025-10-27,,,0.0,15.564159260946122,,,,,USD,EURUSD,0.859106529209622,2025-10-27T16:00:00Z,,,,15.564159260946122,0.0,,287687.0041442728,DIVIDENDO_BRUTO,,,
1194,2025-10-28T13:30:00Z,OPEN_ENTRY,30ffe0fa733c104a08525a3d8ae1bf13c3838864ba1ac15ce6aa0056d6575399,benchmark,BH_BUY,NYSE,INFY,2025-10-28,,,15.564159260946122,0.0,69.94857675575786,71.01329354631847,16.989999771118164,16.998494771003724,USD,EURUSD,0.859106529209622,2025-10-27T16:00:00Z,15.548610650295828,0.015548610650293782,0.007770420115091123,,0.0,,290338.4184531962,BH_REINVERSION_DIVIDENDO,,,
1195,2025-10-28T16:30:00Z,CLOSE_DIVIDEND,30ffe0fa733c104a08525a3d8ae1bf13c3838864ba1ac15ce6aa0056d6575399,benchmark,BH_DIVIDEND,AMS,ASML.AS,2025-10-28,,,0.0,3.785722281015934,,,,,EUR,EUR,1.0,,,,,3.785722281015934,0.0,,290590.93772433646,DIVIDENDO_BRUTO,,,
1196,2025-10-29T08:00:00Z,OPEN_ENTRY,30ffe0fa733c104a08525a3d8ae1bf13c3838864ba1ac15ce6aa0056d6575399,benchmark,BH_BUY,AMS,ASML.AS,2025-10-29,,,3.785722281015934,0.0,2.3660764256349585,2.3702578972229205,904.0,904.452,EUR,EUR,1.0,,3.781940340675259,0.0037819403406746943,0.0018900251577587427,,0.0,,293424.2149400742,BH_REINVERSION_DIVIDENDO,,,
1197,2025-10-30T16:30:00Z,CLOSE_DIVIDEND,30ffe0fa733c104a08525a3d8ae1bf13c3838864ba1ac15ce6aa0056d6575399,benchmark,BH_DIVIDEND,MCE,ITX.MC,2025-10-30,,,0.0,46.0756694182421,,,,,EUR,EUR,1.0,,,,,46.0756694182421,0.0,,297309.66346545774,DIVIDENDO_BRUTO,,,
1198,2025-10-31T08:00:00Z,OPEN_ENTRY,30ffe0fa733c104a08525a3d8ae1bf13c3838864ba1ac15ce6aa0056d6575399,benchmark,BH_BUY,MCE,ITX.MC,2025-10-31,,,46.0756694182421,0.0,54.85198740266917,55.813463639394975,47.849998474121094,47.873923473358154,EUR,EUR,1.0,,46.02963977846364,0.04602963977846031,0.023003318230116487,,0.0,,295436.3860277728,BH_REINVERSION_DIVIDENDO,,,
1199,2025-11-05T16:30:00Z,CLOSE_DIVIDEND,30ffe0fa733c104a08525a3d8ae1bf13c3838864ba1ac15ce6aa0056d6575399,benchmark,BH_DIVIDEND,MCE,BBVA.MC,2025-11-05,,,0.0,102.47691497864506,,,,,EUR,EUR,1.0,,,,,102.47691497864506,0.0,,291078.6635557158,DIVIDENDO_BRUTO,,,
1200,2025-11-06T08:00:00Z,OPEN_ENTRY,30ffe0fa733c104a08525a3d8ae1bf13c3838864ba1ac15ce6aa0056d6575399,benchmark,BH_BUY,MCE,BBVA.MC,2025-11-06,,,102.47691497864506,0.0,320.2403593082658,326.06080181070587,17.579999923706055,17.588789923667907,EUR,EUR,1.0,,102.37454043820686,0.10237454043819127,0.051161689374411096,,0.0,,293094.96036864276,BH_REINVERSION_DIVIDENDO,,,
1201,2025-11-10T21:00:00Z,CLOSE_DIVIDEND,30ffe0fa733c104a08525a3d8ae1bf13c3838864ba1ac15ce6aa0056d6575399,benchmark,BH_DIVIDEND,NASDAQ,AAPL,2025-11-10,,,0.0,1.991153389550562,,,,,USD,EURUSD,0.8642295393656555,2025-11-10T16:00:00Z,,,,1.991153389550562,0.0,,287568.54158029123,DIVIDENDO_BRUTO,,,
1202,2025-11-11T14:30:00Z,OPEN_ENTRY,30ffe0fa733c104a08525a3d8ae1bf13c3838864ba1ac15ce6aa0056d6575399,benchmark,BH_BUY,NASDAQ,AAPL,2025-11-11,,,1.991153389550562,0.0,8.86139841172675,8.869924825462734,269.80999755859375,269.94490255737304,USD,EURUSD,0.8642295393656555,2025-11-10T16:00:00Z,1.989164225325237,0.001989164225324913,0.0009940850701275112,,0.0,,292955.2260435307,BH_REINVERSION_DIVIDENDO,,,
1203,2025-11-12T21:00:00Z,CLOSE_DIVIDEND,30ffe0fa733c104a08525a3d8ae1bf13c3838864ba1ac15ce6aa0056d6575399,benchmark,BH_DIVIDEND,NYSE,V,2025-11-12,,,0.0,3.5701808512298405,,,,,USD,EURUSD,0.8638562543192813,2025-11-12T16:00:00Z,,,,3.5701808512298405,0.0,,291156.4995109873,DIVIDENDO_BRUTO,,,
1204,2025-11-13T14:30:00Z,OPEN_ENTRY,30ffe0fa733c104a08525a3d8ae1bf13c3838864ba1ac15ce6aa0056d6575399,benchmark,BH_BUY,NYSE,V,2025-11-13,,,3.5701808512298405,0.0,6.168419930423378,6.180591500775194,339.0400085449219,339.2095285491943,USD,EURUSD,0.8638562543192813,2025-11-12T16:00:00Z,3.566614236992848,0.00356661423699256,0.0017824159105409574,,0.0,,290930.496769499,BH_REINVERSION_DIVIDENDO,,,
1205,2025-11-13T16:30:00Z,CLOSE_DIVIDEND,30ffe0fa733c104a08525a3d8ae1bf13c3838864ba1ac15ce6aa0056d6575399,benchmark,BH_DIVIDEND,XETRA,R6C0.DE,2025-11-13,,,0.0,14.377624368000001,,,,,EUR,EUR,1.0,,,,,14.377624368000001,0.0,,290306.27318379964,DIVIDENDO_BRUTO,,,
1206,2025-11-14T08:00:00Z,OPEN_ENTRY,30ffe0fa733c104a08525a3d8ae1bf13c3838864ba1ac15ce6aa0056d6575399,benchmark,BH_BUY,XETRA,R6C0.DE,2025-11-14,,,14.377624368000001,0.0,46.53645645630094,46.981468353768335,32.2599983215332,32.27612832069397,EUR,EUR,1.0,,14.363261106893109,0.014363261106892011,0.00717804153268072,,0.0,,282443.15037037496,BH_REINVERSION_DIVIDENDO,,,
1207,2025-11-14T21:00:00Z,CLOSE_DIVIDEND,30ffe0fa733c104a08525a3d8ae1bf13c3838864ba1ac15ce6aa0056d6575399,benchmark,BH_DIVIDEND,NYSE,LLY,2025-11-14,,,0.0,5.312793145993148,,,,,USD,EURUSD,0.8585164835164835,2025-11-14T16:00:00Z,,,,5.312793145993148,0.0,,281672.03472985636,DIVIDENDO_BRUTO,,,
1208,2025-11-14T21:00:00Z,CLOSE_DIVIDEND,30ffe0fa733c104a08525a3d8ae1bf13c3838864ba1ac15ce6aa0056d6575399,benchmark,BH_DIVIDEND,NYSE,XOM,2025-11-14,,,5.312793145993148,17.093026224447115,,,,,USD,EURUSD,0.8585164835164835,2025-11-14T16:00:00Z,,,,11.780233078453968,0.0,,281683.8149629348,DIVIDENDO_BRUTO,,,
1209,2025-11-17T14:30:00Z,OPEN_ENTRY,30ffe0fa733c104a08525a3d8ae1bf13c3838864ba1ac15ce6aa0056d6575399,benchmark,BH_BUY,NYSE,LLY,2025-11-17,,,17.093026224447115,11.780233078453968,4.125560970968547,4.13171713996252,1003.719970703125,1004.2218306884765,USD,EURUSD,0.8585164835164835,2025-11-14T16:00:00Z,5.307485660332816,0.005307485660332567,0.002652416621855307,,0.0,,282494.2987091634,BH_REINVERSION_DIVIDENDO,,,
1210,2025-11-17T14:30:00Z,OPEN_ENTRY,30ffe0fa733c104a08525a3d8ae1bf13c3838864ba1ac15ce6aa0056d6575399,benchmark,BH_BUY,NYSE,XOM,2025-11-17,,,11.780233078453968,0.0,13.321956786197264,13.43712075117241,118.97000122070312,119.02948622131348,USD,EURUSD,0.8585164835164835,2025-11-14T16:00:00Z,11.768464613840129,0.011768464613838958,0.005881291661089498,,0.0,,282494.31269782886,BH_REINVERSION_DIVIDENDO,,,
1211,2025-11-18T21:00:00Z,CLOSE_DIVIDEND,30ffe0fa733c104a08525a3d8ae1bf13c3838864ba1ac15ce6aa0056d6575399,benchmark,BH_DIVIDEND,NYSE,CVX,2025-11-18,,,0.0,11.521405816530871,,,,,USD,EURUSD,0.8628127696289905,2025-11-18T16:00:00Z,,,,11.521405816530871,0.0,,276542.9065733635,DIVIDENDO_BRUTO,,,
1212,2025-11-19T14:30:00Z,OPEN_ENTRY,30ffe0fa733c104a08525a3d8ae1bf13c3838864ba1ac15ce6aa0056d6575399,benchmark,BH_BUY,NYSE,CVX,2025-11-19,,,11.521405816530871,0.0,7.808952831204257,7.897159383186295,151.16000366210938,151.23558366394042,USD,EURUSD,0.8628127696289905,2025-11-18T16:00:00Z,11.509895920610262,0.011509895920609026,0.005752071924342026,,0.0,,273917.4008544566,BH_REINVERSION_DIVIDENDO,,,
1213,2025-11-20T21:00:00Z,CLOSE_DIVIDEND,30ffe0fa733c104a08525a3d8ae1bf13c3838864ba1ac15ce6aa0056d6575399,benchmark,BH_DIVIDEND,NASDAQ,AMAT,2025-11-20,,,0.0,4.901458707305572,,,,,USD,EURUSD,0.8685079034219212,2025-11-20T16:00:00Z,,,,4.901458707305572,0.0,,277281.7313732985,DIVIDENDO_BRUTO,,,
1214,2025-11-20T21:00:00Z,CLOSE_DIVIDEND,30ffe0fa733c104a08525a3d8ae1bf13c3838864ba1ac15ce6aa0056d6575399,benchmark,BH_DIVIDEND,NASDAQ,MSFT,2025-11-20,,,4.901458707305572,8.762451357977618,,,,,USD,EURUSD,0.8685079034219212,2025-11-20T16:00:00Z,,,,3.8609926506720464,0.0,,277285.5923659492,DIVIDENDO_BRUTO,,,
1215,2025-11-21T14:30:00Z,OPEN_ENTRY,30ffe0fa733c104a08525a3d8ae1bf13c3838864ba1ac15ce6aa0056d6575399,benchmark,BH_BUY,NASDAQ,AMAT,2025-11-21,,,8.762451357977618,3.8609926506720456,12.268564251286163,12.29427175215448,219.1999969482422,219.30959694671628,USD,EURUSD,0.8685079034219212,2025-11-20T16:00:00Z,4.896562145160412,0.00489656214516021,0.0024470575438077335,,0.0,,270387.2712983601,BH_REINVERSION_DIVIDENDO,,,
1216,2025-11-21T14:30:00Z,OPEN_ENTRY,30ffe0fa733c104a08525a3d8ae1bf13c3838864ba1ac15ce6aa0056d6575399,benchmark,BH_BUY,NASDAQ,MSFT,2025-11-21,,,3.8609926506720456,0.0,4.8852164153668065,4.894493084936205,478.5,478.73924999999997,USD,EURUSD,0.8685079034219212,2025-11-20T16:00:00Z,3.85713551515689,0.003857135515156429,0.0019276039556004026,,0.0,,270387.2649495813,BH_REINVERSION_DIVIDENDO,,,
1217,2025-11-24T16:30:00Z,CLOSE_DIVIDEND,30ffe0fa733c104a08525a3d8ae1bf13c3838864ba1ac15ce6aa0056d6575399,benchmark,BH_DIVIDEND,MIL,ENI.MI,2025-11-24,,,0.0,27.405615453192553,,,,,EUR,EUR,1.0,,,,,27.405615453192553,0.0,,267776.7983123386,DIVIDENDO_BRUTO,,,
1218,2025-11-25T08:00:00Z,OPEN_ENTRY,30ffe0fa733c104a08525a3d8ae1bf13c3838864ba1ac15ce6aa0056d6575399,benchmark,BH_BUY,MIL,ENI.MI,2025-11-25,,,27.405615453192553,0.0,105.40621328150982,107.14474919869068,15.739999771118164,15.747869771003723,EUR,EUR,1.0,,27.37823721597658,0.027378237215973655,0.013682277469252995,,0.0,,274048.7375455526,BH_REINVERSION_DIVIDENDO,,,
1219,2025-12-01T21:00:00Z,CLOSE_DIVIDEND,30ffe0fa733c104a08525a3d8ae1bf13c3838864ba1ac15ce6aa0056d6575399,benchmark,BH_DIVIDEND,NYSE,LMT,2025-12-01,,,0.0,8.837914680462058,,,,,USD,EURUSD,0.858663918942126,2025-12-01T16:00:00Z,,,,8.837914680462058,0.0,,280095.4714304098,DIVIDENDO_BRUTO,,,
1220,2025-12-02T14:30:00Z,OPEN_ENTRY,30ffe0fa733c104a08525a3d8ae1bf13c3838864ba1ac15ce6aa0056d6575399,benchmark,BH_BUY,NYSE,LMT,2025-12-02,,,8.837914680462058,0.0,2.983372590395975,3.006677987966167,440.9800109863281,441.2005009918213,USD,EURUSD,0.858663918942126,2025-12-01T16:00:00Z,8.829085594867191,0.008829085594866726,0.004412336629118982,,0.0,,279982.75217588054,BH_REINVERSION_DIVIDENDO,,,
1221,2025-12-02T16:30:00Z,CLOSE_DIVIDEND,30ffe0fa733c104a08525a3d8ae1bf13c3838864ba1ac15ce6aa0056d6575399,benchmark,BH_DIVIDEND,PAR,MC.PA,2025-12-02,,,0.0,11.608231388540043,,,,,EUR,EUR,1.0,,,,,11.608231388540043,0.0,,280286.40827742073,DIVIDENDO_BRUTO,,,
1222,2025-12-02T21:00:00Z,CLOSE_DIVIDEND,30ffe0fa733c104a08525a3d8ae1bf13c3838864ba1ac15ce6aa0056d6575399,benchmark,BH_DIVIDEND,NYSE,GS,2025-12-02,,,11.608231388540043,26.89270664801782,,,,,USD,EURUSD,0.8610297916307904,2025-12-02T16:00:00Z,,,,15.284475259477778,0.0,,280959.3989661373,DIVIDENDO_BRUTO,,,
1223,2025-12-03T08:00:00Z,OPEN_ENTRY,30ffe0fa733c104a08525a3d8ae1bf13c3838864ba1ac15ce6aa0056d6575399,benchmark,BH_BUY,PAR,MC.PA,2025-12-03,,,26.89270664801782,15.284475259477778,2.1105875251890986,2.1289710927293353,630.5,630.81525,EUR,EUR,1.0,,11.596634753786258,0.011596634753784585,0.005795419667059449,,0.0,,283441.8001967864,BH_REINVERSION_DIVIDENDO,,,
1224,2025-12-03T14:30:00Z,OPEN_ENTRY,30ffe0fa733c104a08525a3d8ae1bf13c3838864ba1ac15ce6aa0056d6575399,benchmark,BH_BUY,NYSE,GS,2025-12-03,,,15.284475259477778,0.0,4.437847391589373,4.459650446202252,812.9500122070312,813.3564872131348,USD,EURUSD,0.8610297916307904,2025-12-02T16:00:00Z,15.269206053424355,0.01526920605342319,0.007630787632895542,,0.0,,283345.78768716665,BH_REINVERSION_DIVIDENDO,,,
1225,2025-12-04T21:00:00Z,CLOSE_DIVIDEND,30ffe0fa733c104a08525a3d8ae1bf13c3838864ba1ac15ce6aa0056d6575399,benchmark,BH_DIVIDEND,NASDAQ,NVDA,2025-12-04,,,0.0,0.6329813845739193,,,,,USD,EURUSD,0.8571918395336876,2025-12-04T16:00:00Z,,,,0.6329813845739193,0.0,,286620.31094690674,DIVIDENDO_BRUTO,,,
1226,2025-12-04T21:00:00Z,CLOSE_DIVIDEND,30ffe0fa733c104a08525a3d8ae1bf13c3838864ba1ac15ce6aa0056d6575399,benchmark,BH_DIVIDEND,NASDAQ,QCOM,2025-12-04,,,0.6329813845739193,7.954426555958527,,,,,USD,EURUSD,0.8571918395336876,2025-12-04T16:00:00Z,,,,7.321445171384608,0.0,,286627.6323920781,DIVIDENDO_BRUTO,,,
1227,2025-12-05T14:30:00Z,OPEN_ENTRY,30ffe0fa733c104a08525a3d8ae1bf13c3838864ba1ac15ce6aa0056d6575399,benchmark,BH_BUY,NASDAQ,NVDA,2025-12-05,,,7.954426555958527,7.321445171384608,73.84360832439343,73.84761794820356,183.88999938964844,183.98194438934325,USD,EURUSD,0.8571918395336876,2025-12-04T16:00:00Z,0.632349035538381,0.0006323490355383266,0.0003160165095144098,,0.0,,287245.45220795803,BH_REINVERSION_DIVIDENDO,,,
1228,2025-12-05T14:30:00Z,OPEN_ENTRY,30ffe0fa733c104a08525a3d8ae1bf13c3838864ba1ac15ce6aa0056d6575399,benchmark,BH_BUY,NASDAQ,QCOM,2025-12-05,,,7.321445171384608,0.0,9.596851614536273,9.64565784552534,174.74000549316406,174.82737549591064,USD,EURUSD,0.8571918395336876,2025-12-04T16:00:00Z,7.3141310403442645,0.007314131040343064,0.0036552379012215024,,0.0,,287245.4249224565,BH_REINVERSION_DIVIDENDO,,,
1229,2025-12-08T21:00:00Z,CLOSE_DIVIDEND,30ffe0fa733c104a08525a3d8ae1bf13c3838864ba1ac15ce6aa0056d6575399,benchmark,BH_DIVIDEND,NASDAQ,GOOGL,2025-12-08,,,0.0,1.975231030722253,,,,,USD,EURUSD,0.858000858000858,2025-12-08T16:00:00Z,,,,1.975231030722253,0.0,,289135.1961420258,DIVIDENDO_BRUTO,,,
1230,2025-12-09T14:30:00Z,OPEN_ENTRY,30ffe0fa733c104a08525a3d8ae1bf13c3838864ba1ac15ce6aa0056d6575399,benchmark,BH_BUY,NASDAQ,GOOGL,2025-12-09,,,1.975231030722253,0.0,10.962532220508503,10.969891066201136,312.3699951171875,312.52618011474607,USD,EURUSD,0.858000858000858,2025-12-08T16:00:00Z,1.973257772949304,0.0019732577729489886,0.0009861358185652115,,0.0,,289140.9095739509,BH_REINVERSION_DIVIDENDO,,,
1231,2025-12-11T16:30:00Z,CLOSE_DIVIDEND,30ffe0fa733c104a08525a3d8ae1bf13c3838864ba1ac15ce6aa0056d6575399,benchmark,BH_DIVIDEND,XETRA,EQQQ.DE,2025-12-11,,,0.0,1.4776191769959723,,,,,EUR,EUR,1.0,,,,,1.4776191769959723,0.0,,290069.0701344845,DIVIDENDO_BRUTO,,,
1232,2025-12-11T21:00:00Z,CLOSE_DIVIDEND,30ffe0fa733c104a08525a3d8ae1bf13c3838864ba1ac15ce6aa0056d6575399,benchmark,BH_DIVIDEND,NYSE,TSM,2025-12-11,,,1.4776191769959723,11.607120875415974,,,,,USD,EURUSD,0.8536793580331228,2025-12-11T16:00:00Z,,,,10.129501698420002,0.0,,290105.6311668514,DIVIDENDO_BRUTO,,,
1233,2025-12-12T08:00:00Z,OPEN_ENTRY,30ffe0fa733c104a08525a3d8ae1bf13c3838864ba1ac15ce6aa0056d6575399,benchmark,BH_BUY,XETRA,EQQQ.DE,2025-12-12,,,11.607120875415974,10.129501698420002,4.18610347551992,4.1888658896722095,534.0999755859375,534.3670255737304,EUR,EUR,1.0,,1.4761430339620105,0.0014761430339618187,0.0007377026656480355,,0.0,,289988.6238784921,BH_REINVERSION_DIVIDENDO,,,
1234,2025-12-12T14:30:00Z,OPEN_ENTRY,30ffe0fa733c104a08525a3d8ae1bf13c3838864ba1ac15ce6aa0056d6575399,benchmark,BH_BUY,NYSE,TSM,2025-12-12,,,10.129501698420002,0.0,14.210417113208612,14.249354672471044,304.2799987792969,304.4321387786865,USD,EURUSD,0.8536793580331228,2025-12-11T16:00:00Z,10.119382316103898,0.010119382316103653,0.005057162576763508,,0.0,,290135.6857495016,BH_REINVERSION_DIVIDENDO,,,
1235,2025-12-15T16:30:00Z,CLOSE_DIVIDEND,30ffe0fa733c104a08525a3d8ae1bf13c3838864ba1ac15ce6aa0056d6575399,benchmark,BH_DIVIDEND,XETRA,EXSA.DE,2025-12-15,,,0.0,5.718860467117732,,,,,EUR,EUR,1.0,,,,,5.718860467117732,0.0,,283197.19176481914,DIVIDENDO_BRUTO,,,
1236,2025-12-15T21:00:00Z,CLOSE_DIVIDEND,30ffe0fa733c104a08525a3d8ae1bf13c3838864ba1ac15ce6aa0056d6575399,benchmark,BH_DIVIDEND,NASDAQ,META,2025-12-15,,,5.718860467117732,8.858512437635172,,,,,USD,EURUSD,0.8508465923593976,2025-12-15T16:00:00Z,,,,3.139651970517439,0.0,,284109.52899827284,DIVIDENDO_BRUTO,,,
1237,2025-12-16T08:00:00Z,OPEN_ENTRY,30ffe0fa733c104a08525a3d8ae1bf13c3838864ba1ac15ce6aa0056d6575399,benchmark,BH_BUY,XETRA,EXSA.DE,2025-12-16,,,8.858512437635172,3.1396519705174395,29.48170155231329,29.580976450231695,57.52000045776367,57.54876045799255,EUR,EUR,1.0,,5.713147319797935,0.005713147319797329,0.002855146086855196,,0.0,,282391.0864172129,BH_REINVERSION_DIVIDENDO,,,
1238,2025-12-16T14:30:00Z,OPEN_ENTRY,30ffe0fa733c104a08525a3d8ae1bf13c3838864ba1ac15ce6aa0056d6575399,benchmark,BH_BUY,NASDAQ,META,2025-12-16,,,3.1396519705174395,0.0,7.028634211331706,7.034359936836219,643.5,643.82175,USD,EURUSD,0.8508465923593976,2025-12-15T16:00:00Z,3.136515455062377,0.0031365154550622165,0.0015674739905356858,,0.0,,282244.6175295729,BH_REINVERSION_DIVIDENDO,,,
1239,2025-12-18T21:00:00Z,CLOSE_DIVIDEND,30ffe0fa733c104a08525a3d8ae1bf13c3838864ba1ac15ce6aa0056d6575399,benchmark,BH_DIVIDEND,NYSE,CRM,2025-12-18,,,0.0,2.466084862260471,,,,,USD,EURUSD,0.8533151292772422,2025-12-18T16:00:00Z,,,,2.466084862260471,0.0,,278764.50322233414,DIVIDENDO_BRUTO,,,
1240,2025-12-19T14:30:00Z,OPEN_ENTRY,30ffe0fa733c104a08525a3d8ae1bf13c3838864ba1ac15ce6aa0056d6575399,benchmark,BH_BUY,NYSE,CRM,2025-12-19,,,2.466084862260471,0.0,6.94712704346886,6.958196841596759,260.67999267578125,260.8103326721191,USD,EURUSD,0.8533151292772422,2025-12-18T16:00:00Z,2.463621241019452,0.002463621241019176,0.001231195022997866,,0.0,,282703.9891374085,BH_REINVERSION_DIVIDENDO,,,
1241,2025-12-22T21:00:00Z,CLOSE_DIVIDEND,30ffe0fa733c104a08525a3d8ae1bf13c3838864ba1ac15ce6aa0056d6575399,benchmark,BH_DIVIDEND,NASDAQ,AVGO,2025-12-22,,,0.0,13.089441405556936,,,,,USD,EURUSD,0.8514261387824605,2025-12-22T16:00:00Z,,,,13.089441405556936,0.0,,287082.8685642374,DIVIDENDO_BRUTO,,,
1242,2025-12-23T14:30:00Z,OPEN_ENTRY,30ffe0fa733c104a08525a3d8ae1bf13c3838864ba1ac15ce6aa0056d6575399,benchmark,BH_BUY,NASDAQ,AVGO,2025-12-23,,,13.089441405556936,0.0,23.651613739733264,23.69665501080016,340.80999755859375,340.98040255737305,USD,EURUSD,0.8514261387824605,2025-12-22T16:00:00Z,13.076365040516421,0.013076365040515014,0.006534915062727126,,0.0,,288210.7864344603,BH_REINVERSION_DIVIDENDO,,,
1243,2025-12-29T21:00:00Z,CLOSE_DIVIDEND,30ffe0fa733c104a08525a3d8ae1bf13c3838864ba1ac15ce6aa0056d6575399,benchmark,BH_DIVIDEND,NASDAQ,MU,2025-12-29,,,0.0,1.949054368101893,,,,,USD,EURUSD,0.8499065102838687,2025-12-29T16:00:00Z,,,,1.949054368101893,0.0,,287621.27166950726,DIVIDENDO_BRUTO,,,
1244,2025-12-30T14:30:00Z,OPEN_ENTRY,30ffe0fa733c104a08525a3d8ae1bf13c3838864ba1ac15ce6aa0056d6575399,benchmark,BH_BUY,NASDAQ,MU,2025-12-30,,,1.949054368101893,0.0,19.941368430510327,19.949138438645754,294.70001220703125,294.8473622131348,USD,EURUSD,0.8499065102838687,2025-12-29T16:00:00Z,1.9471072608410522,0.0019471072608407969,0.0009730670968721351,,0.0,,286534.3271574026,BH_REINVERSION_DIVIDENDO,,,
1245,2025-12-31T13:05:00Z,CLOSE_DIVIDEND,30ffe0fa733c104a08525a3d8ae1bf13c3838864ba1ac15ce6aa0056d6575399,benchmark,BH_DIVIDEND,PAR,TTE.PA,2025-12-31,,,0.0,21.46662732752507,,,,,EUR,EUR,1.0,,,,,21.46662732752507,0.0,,286237.8188523966,DIVIDENDO_BRUTO,,,
1246,2026-01-02T08:00:00Z,OPEN_ENTRY,30ffe0fa733c104a08525a3d8ae1bf13c3838864ba1ac15ce6aa0056d6575399,benchmark,BH_BUY,PAR,TTE.PA,2026-01-02,,,21.46662732752507,0.0,25.25485567944126,25.640021255815153,55.650001525878906,55.677826526641844,EUR,EUR,1.0,,21.445182145379693,0.021445182145377828,0.010717232456461112,,0.0,,284401.7324310252,BH_REINVERSION_DIVIDENDO,,,
1247,2026-01-09T21:00:00Z,CLOSE_DIVIDEND,30ffe0fa733c104a08525a3d8ae1bf13c3838864ba1ac15ce6aa0056d6575399,benchmark,BH_DIVIDEND,NASDAQ,MRVL,2026-01-09,,,0.0,1.2253981694567488,,,,,USD,EURUSD,0.8589589417625838,2026-01-09T16:00:00Z,,,,1.2253981694567488,0.0,,292650.3530085473,DIVIDENDO_BRUTO,,,
1248,2026-01-09T21:00:00Z,CLOSE_DIVIDEND,30ffe0fa733c104a08525a3d8ae1bf13c3838864ba1ac15ce6aa0056d6575399,benchmark,BH_DIVIDEND,NYSE,MA,2026-01-09,,,1.2253981694567488,3.98978605600086,,,,,USD,EURUSD,0.8589589417625838,2026-01-09T16:00:00Z,,,,2.764387886544111,0.0,,292653.1173964338,DIVIDENDO_BRUTO,,,
1249,2026-01-09T21:00:00Z,CLOSE_DIVIDEND,30ffe0fa733c104a08525a3d8ae1bf13c3838864ba1ac15ce6aa0056d6575399,benchmark,BH_DIVIDEND,NYSE,ORCL,2026-01-09,,,3.98978605600086,11.241407327746073,,,,,USD,EURUSD,0.8589589417625838,2026-01-09T16:00:00Z,,,,7.251621271745213,0.0,,292660.36901770555,DIVIDENDO_BRUTO,,,
1250,2026-01-12T14:30:00Z,OPEN_ENTRY,30ffe0fa733c104a08525a3d8ae1bf13c3838864ba1ac15ce6aa0056d6575399,benchmark,BH_BUY,NASDAQ,MRVL,2026-01-12,,,11.241407327746073,10.016009158289323,23.776809148025784,23.79409222448292,82.41999816894531,82.46120816802978,USD,EURUSD,0.8589589417625838,2026-01-09T16:00:00Z,1.2241739954612878,0.001224173995461042,0.0006117811071770504,,0.0,,294707.50204568193,BH_REINVERSION_DIVIDENDO,,,
1251,2026-01-12T14:30:00Z,OPEN_ENTRY,30ffe0fa733c104a08525a3d8ae1bf13c3838864ba1ac15ce6aa0056d6575399,benchmark,BH_BUY,NYSE,MA,2026-01-12,,,10.016009158289323,7.251621271745212,3.69919583622374,3.704893189885835,564.030029296875,564.3120443115234,USD,EURUSD,0.8589589417625838,2026-01-09T16:00:00Z,2.7616262602838275,0.002761626260283645,0.0013801230686076055,,0.0,,294707.5542312376,BH_REINVERSION_DIVIDENDO,,,
1252,2026-01-12T14:30:00Z,OPEN_ENTRY,30ffe0fa733c104a08525a3d8ae1bf13c3838864ba1ac15ce6aa0056d6575399,benchmark,BH_BUY,NYSE,ORCL,2026-01-12,,,7.251621271745212,0.0,16.884674969131552,16.927335335914133,197.60000610351562,197.69880610656736,USD,EURUSD,0.8589589417625838,2026-01-09T16:00:00Z,7.2443768948503635,0.00724437689484958,0.0036203782582952177,,0.0,,294707.5770784386,BH_REINVERSION_DIVIDENDO,,,
1253,2026-01-12T16:30:00Z,CLOSE_DIVIDEND,30ffe0fa733c104a08525a3d8ae1bf13c3838864ba1ac15ce6aa0056d6575399,benchmark,BH_DIVIDEND,MCE,IBE.MC,2026-01-12,,,0.0,32.69481220620965,,,,,EUR,EUR,1.0,,,,,32.69481220620965,0.0,,293951.3218472651,DIVIDENDO_BRUTO,,,
1254,2026-01-13T08:00:00Z,OPEN_ENTRY,30ffe0fa733c104a08525a3d8ae1bf13c3838864ba1ac15ce6aa0056d6575399,benchmark,BH_BUY,MCE,IBE.MC,2026-01-13,,,32.69481220620965,0.0,129.22850674391165,131.00273651670497,18.399999618530273,18.40919961833954,EUR,EUR,1.0,,32.6621500561535,0.032662150056147254,0.016322913571291457,,0.0,,296954.087564579,BH_REINVERSION_DIVIDENDO,,,
1255,2026-01-15T16:30:00Z,CLOSE_DIVIDEND,30ffe0fa733c104a08525a3d8ae1bf13c3838864ba1ac15ce6aa0056d6575399,benchmark,BH_DIVIDEND,XETRA,EUNH.DE,2026-01-15,,,0.0,14.845149938442464,,,,,EUR,EUR,1.0,,,,,14.845149938442464,0.0,,296035.01424433605,DIVIDENDO_BRUTO,,,
1256,2026-01-15T16:30:00Z,CLOSE_DIVIDEND,30ffe0fa733c104a08525a3d8ae1bf13c3838864ba1ac15ce6aa0056d6575399,benchmark,BH_DIVIDEND,XETRA,EXH1.DE,2026-01-15,,,14.845149938442464,29.698328008617043,,,,,EUR,EUR,1.0,,,,,14.853178070174579,0.0,,296049.86742240627,DIVIDENDO_BRUTO,,,
1257,2026-01-15T16:30:00Z,CLOSE_DIVIDEND,30ffe0fa733c104a08525a3d8ae1bf13c3838864ba1ac15ce6aa0056d6575399,benchmark,BH_DIVIDEND,XETRA,EXV1.DE,2026-01-15,,,29.698328008617043,60.10491361928455,,,,,EUR,EUR,1.0,,,,,30.40658561066751,0.0,,296080.2740080169,DIVIDENDO_BRUTO,,,
1258,2026-01-16T08:00:00Z,OPEN_ENTRY,30ffe0fa733c104a08525a3d8ae1bf13c3838864ba1ac15ce6aa0056d6575399,benchmark,BH_BUY,XETRA,EUNH.DE,2026-01-16,,,60.10491361928455,45.259763680842084,10.4690761201992,10.604149096810174,109.73999786376953,109.79486786270141,EUR,EUR,1.0,,14.830319618823642,0.014830319618821974,0.0074114540823696845,,0.0,,295956.2970001438,BH_REINVERSION_DIVIDENDO,,,
1259,2026-01-16T08:00:00Z,OPEN_ENTRY,30ffe0fa733c104a08525a3d8ae1bf13c3838864ba1ac15ce6aa0056d6575399,benchmark,BH_BUY,XETRA,EXH1.DE,2026-01-16,,,45.259763680842084,30.406585610667506,37.3369918358192,37.69057210465253,41.94499969482422,41.96597219467163,EUR,EUR,1.0,,14.838339730444137,0.01483833973044213,0.007415462134154288,,0.0,,295956.2747463419,BH_REINVERSION_DIVIDENDO,,,
1260,2026-01-16T08:00:00Z,OPEN_ENTRY,30ffe0fa733c104a08525a3d8ae1bf13c3838864ba1ac15ce6aa0056d6575399,benchmark,BH_BUY,XETRA,EXV1.DE,2026-01-16,,,30.406585610667506,0.0,104.22137312996576,105.06298167451811,36.07500076293945,36.09303826332092,EUR,EUR,1.0,,30.376209401266248,0.03037620940126118,0.015180514443409506,,0.0,,295956.25443684706,BH_REINVERSION_DIVIDENDO,,,
1261,2026-01-16T21:00:00Z,CLOSE_DIVIDEND,30ffe0fa733c104a08525a3d8ae1bf13c3838864ba1ac15ce6aa0056d6575399,benchmark,BH_DIVIDEND,NYSE,ABBV,2026-01-16,,,0.0,14.098173230684868,,,,,USD,EURUSD,0.860807437376259,2026-01-16T16:00:00Z,,,,14.098173230684868,0.0,,296637.1642328403,DIVIDENDO_BRUTO,,,
1262,2026-01-20T14:30:00Z,OPEN_ENTRY,30ffe0fa733c104a08525a3d8ae1bf13c3838864ba1ac15ce6aa0056d6575399,benchmark,BH_BUY,NYSE,ABBV,2026-01-20,,,14.098173230684868,0.0,9.466964070570294,9.544304730975433,211.6999969482422,211.8058469467163,USD,EURUSD,0.8597713008339781,2026-01-19T16:00:00Z,14.084089141543325,0.014084089141542577,0.007038525308116137,,0.0,,292944.178838578,BH_REINVERSION_DIVIDENDO,,,
1263,2026-01-20T21:00:00Z,CLOSE_DIVIDEND,30ffe0fa733c104a08525a3d8ae1bf13c3838864ba1ac15ce6aa0056d6575399,benchmark,BH_DIVIDEND,NYSE,CAT,2026-01-20,,,0.0,7.65364722402016,,,,,USD,EURUSD,0.8526603001364256,2026-01-20T16:00:00Z,,,,7.65364722402016,0.0,,290787.9353014492,DIVIDENDO_BRUTO,,,
1264,2026-01-21T14:30:00Z,OPEN_ENTRY,30ffe0fa733c104a08525a3d8ae1bf13c3838864ba1ac15ce6aa0056d6575399,benchmark,BH_BUY,NYSE,CAT,2026-01-21,,,7.65364722402016,0.0,5.9445016320071815,5.958645822360818,633.6699829101562,633.9868179016113,USD,EURUSD,0.8526603001364256,2026-01-20T16:00:00Z,7.646001222797364,0.00764600122279635,0.0038210900663650273,,0.0,,287905.4142994869,BH_REINVERSION_DIVIDENDO,,,
1265,2026-02-09T16:30:00Z,CLOSE_DIVIDEND,30ffe0fa733c104a08525a3d8ae1bf13c3838864ba1ac15ce6aa0056d6575399,benchmark,BH_DIVIDEND,AMS,ASML.AS,2026-02-09,,,0.0,3.7924126355566727,,,,,EUR,EUR,1.0,,,,,3.7924126355566727,0.0,,280379.8698342566,DIVIDENDO_BRUTO,,,
1266,2026-02-09T21:00:00Z,CLOSE_DIVIDEND,30ffe0fa733c104a08525a3d8ae1bf13c3838864ba1ac15ce6aa0056d6575399,benchmark,BH_DIVIDEND,NASDAQ,AAPL,2026-02-09,,,3.7924126355566727,5.732662050515709,,,,,USD,EURUSD,0.8413259296651522,2026-02-09T16:00:00Z,,,,1.9402494149590366,0.0,,282262.3582737861,DIVIDENDO_BRUTO,,,
1267,2026-02-10T08:00:00Z,OPEN_ENTRY,30ffe0fa733c104a08525a3d8ae1bf13c3838864ba1ac15ce6aa0056d6575399,benchmark,BH_BUY,AMS,ASML.AS,2026-02-10,,,5.732662050515709,1.9402494149590366,2.3702578972229205,2.373424059970598,1196.0,1196.598,EUR,EUR,1.0,,3.788624011545128,0.0037886240115447833,0.0018933653231108702,,0.0,,286105.08864723664,BH_REINVERSION_DIVIDENDO,,,
1268,2026-02-10T14:30:00Z,OPEN_ENTRY,30ffe0fa733c104a08525a3d8ae1bf13c3838864ba1ac15ce6aa0056d6575399,benchmark,BH_BUY,NASDAQ,AAPL,2026-02-10,,,1.9402494149590366,0.0,8.869924825462734,8.878301722013084,274.8900146484375,275.02745965576173,USD,EURUSD,0.8413259296651522,2026-02-09T16:00:00Z,1.9383111038551817,0.001938311103854895,0.0009686712163195209,,0.0,,286138.54585095,BH_REINVERSION_DIVIDENDO,,,
1269,2026-02-10T21:00:00Z,CLOSE_DIVIDEND,30ffe0fa733c104a08525a3d8ae1bf13c3838864ba1ac15ce6aa0056d6575399,benchmark,BH_DIVIDEND,NYSE,V,2026-02-10,,,0.0,3.4815842487971924,,,,,USD,EURUSD,0.8407600470825626,2026-02-10T16:00:00Z,,,,3.4815842487971924,0.0,,285461.51876740623,DIVIDENDO_BRUTO,,,
1270,2026-02-11T14:30:00Z,OPEN_ENTRY,30ffe0fa733c104a08525a3d8ae1bf13c3838864ba1ac15ce6aa0056d6575399,benchmark,BH_BUY,NYSE,V,2026-02-11,,,3.4815842487971924,0.0,6.180591500775194,6.19323921850497,326.9200134277344,327.08347343444825,USD,EURUSD,0.8407600470825626,2026-02-10T16:00:00Z,3.4781061426545383,0.0034781061426540916,0.001738183979337697,,0.0,,285086.5430065255,BH_REINVERSION_DIVIDENDO,,,
1271,2026-02-12T21:00:00Z,CLOSE_DIVIDEND,30ffe0fa733c104a08525a3d8ae1bf13c3838864ba1ac15ce6aa0056d6575399,benchmark,BH_DIVIDEND,NYSE,XOM,2026-02-12,,,0.0,11.655915760238827,,,,,USD,EURUSD,0.8421761832575375,2026-02-12T16:00:00Z,,,,11.655915760238827,0.0,,284743.00420479965,DIVIDENDO_BRUTO,,,
1272,2026-02-13T14:30:00Z,OPEN_ENTRY,30ffe0fa733c104a08525a3d8ae1bf13c3838864ba1ac15ce6aa0056d6575399,benchmark,BH_BUY,NYSE,XOM,2026-02-13,,,11.655915760238827,0.0,13.43712075117241,13.528914161577607,150.5500030517578,150.6252780532837,USD,EURUSD,0.8421761832575375,2026-02-12T16:00:00Z,11.644271488750078,0.011644271488748359,0.00581922613130956,,0.0,,279432.2562288751,BH_REINVERSION_DIVIDENDO,,,
1273,2026-02-13T16:30:00Z,CLOSE_DIVIDEND,30ffe0fa733c104a08525a3d8ae1bf13c3838864ba1ac15ce6aa0056d6575399,benchmark,BH_DIVIDEND,XETRA,SIE.DE,2026-02-13,,,0.0,57.16238228790863,,,,,EUR,EUR,1.0,,,,,57.16238228790863,0.0,,279737.97828980436,DIVIDENDO_BRUTO,,,
1274,2026-02-13T21:00:00Z,CLOSE_DIVIDEND,30ffe0fa733c104a08525a3d8ae1bf13c3838864ba1ac15ce6aa0056d6575399,benchmark,BH_DIVIDEND,NYSE,LLY,2026-02-13,,,57.16238228790863,63.18823851125643,,,,,USD,EURUSD,0.8430281571404485,2026-02-13T16:00:00Z,,,,6.0258562233478,0.0,,279998.2818662877,DIVIDENDO_BRUTO,,,
1275,2026-02-16T08:00:00Z,OPEN_ENTRY,30ffe0fa733c104a08525a3d8ae1bf13c3838864ba1ac15ce6aa0056d6575399,benchmark,BH_BUY,XETRA,SIE.DE,2026-02-16,,,63.18823851125643,6.025856223347802,10.684557436992268,10.910157194468857,253.0,253.1265,EUR,EUR,1.0,,57.10527701089774,0.05710527701089063,0.028538369320786884,,0.0,,281359.0478405827,BH_REINVERSION_DIVIDENDO,,,
1276,2026-02-17T14:30:00Z,OPEN_ENTRY,30ffe0fa733c104a08525a3d8ae1bf13c3838864ba1ac15ce6aa0056d6575399,benchmark,BH_BUY,NYSE,LLY,2026-02-17,,,6.025856223347802,0.0,4.13171713996252,4.138538947005194,1045.6099853515625,1046.1327903442382,USD,EURUSD,0.8435259384226065,2026-02-16T16:00:00Z,6.01983638696084,0.006019836386959909,0.0030084139864865593,,0.0,,281627.6493538422,BH_REINVERSION_DIVIDENDO,,,
1277,2026-02-17T21:00:00Z,CLOSE_DIVIDEND,30ffe0fa733c104a08525a3d8ae1bf13c3838864ba1ac15ce6aa0056d6575399,benchmark,BH_DIVIDEND,NYSE,CVX,2026-02-17,,,0.0,11.886473619204807,,,,,USD,EURUSD,0.8455944529003889,2026-02-17T16:00:00Z,,,,11.886473619204807,0.0,,282374.0617245164,DIVIDENDO_BRUTO,,,
1278,2026-02-18T14:30:00Z,OPEN_ENTRY,30ffe0fa733c104a08525a3d8ae1bf13c3838864ba1ac15ce6aa0056d6575399,benchmark,BH_BUY,NYSE,CVX,2026-02-18,,,11.886473619204807,0.0,7.897159383186295,7.9737619220015645,183.22999572753906,183.32161072540282,USD,EURUSD,0.8455944529003889,2026-02-17T16:00:00Z,11.874599020184624,0.011874599020183396,0.005934332343919586,,0.0,,282374.808840634,BH_REINVERSION_DIVIDENDO,,,
1279,2026-02-19T16:30:00Z,CLOSE_DIVIDEND,30ffe0fa733c104a08525a3d8ae1bf13c3838864ba1ac15ce6aa0056d6575399,benchmark,BH_DIVIDEND,XETRA,R6C0.DE,2026-02-19,,,0.0,15.08274267442037,,,,,EUR,EUR,1.0,,,,,15.08274267442037,0.0,,286723.26005600835,DIVIDENDO_BRUTO,,,
1280,2026-02-19T21:00:00Z,CLOSE_DIVIDEND,30ffe0fa733c104a08525a3d8ae1bf13c3838864ba1ac15ce6aa0056d6575399,benchmark,BH_DIVIDEND,NASDAQ,AMAT,2026-02-19,,,15.08274267442037,19.894590718316447,,,,,USD,EURUSD,0.8508465923593976,2026-02-19T16:00:00Z,,,,4.811848043896078,0.0,,285966.11287468544,DIVIDENDO_BRUTO,,,
1281,2026-02-19T21:00:00Z,CLOSE_DIVIDEND,30ffe0fa733c104a08525a3d8ae1bf13c3838864ba1ac15ce6aa0056d6575399,benchmark,BH_DIVIDEND,NASDAQ,AZN,2026-02-19,,,19.894590718316447,39.40452527506295,,,,,USD,EURUSD,0.8508465923593976,2026-02-19T16:00:00Z,,,,19.509934556746508,0.0,,285985.62280924217,DIVIDENDO_BRUTO,,,
1282,2026-02-19T21:00:00Z,CLOSE_DIVIDEND,30ffe0fa733c104a08525a3d8ae1bf13c3838864ba1ac15ce6aa0056d6575399,benchmark,BH_DIVIDEND,NASDAQ,MSFT,2026-02-19,,,39.40452527506295,43.19418638906954,,,,,USD,EURUSD,0.8508465923593976,2026-02-19T16:00:00Z,,,,3.7896611140065914,0.0,,285989.4124703562,DIVIDENDO_BRUTO,,,
1283,2026-02-20T08:00:00Z,OPEN_ENTRY,30ffe0fa733c104a08525a3d8ae1bf13c3838864ba1ac15ce6aa0056d6575399,benchmark,BH_BUY,XETRA,R6C0.DE,2026-02-20,,,43.19418638906954,28.111443714649173,46.981468353768335,47.42644233467471,33.845001220703125,33.861923721313474,EUR,EUR,1.0,,15.06767499942095,0.015067674999420078,0.0075300724634775225,,0.0,,285566.082599321,BH_REINVERSION_DIVIDENDO,,,
1284,2026-02-20T14:30:00Z,OPEN_ENTRY,30ffe0fa733c104a08525a3d8ae1bf13c3838864ba1ac15ce6aa0056d6575399,benchmark,BH_BUY,NASDAQ,AMAT,2026-02-20,,,28.111443714649173,23.299595670753096,12.29427175215448,12.309689045446744,366.2699890136719,366.4531240081787,USD,EURUSD,0.8508465923593976,2026-02-19T16:00:00Z,4.807041002893185,0.0048070410028930866,0.0024023193417754365,,0.0,,285351.719027879,BH_REINVERSION_DIVIDENDO,,,
1285,2026-02-20T14:30:00Z,OPEN_ENTRY,30ffe0fa733c104a08525a3d8ae1bf13c3838864ba1ac15ce6aa0056d6575399,benchmark,BH_BUY,NASDAQ,AZN,2026-02-20,,,23.299595670753096,3.789661114006588,10.65026757294202,10.761088823927569,206.60000610351562,206.70330610656737,USD,EURUSD,0.8508465923593976,2026-02-19T16:00:00Z,19.490444112633877,0.019490444112630456,0.009740351880375336,,0.0,,285351.8802656522,BH_REINVERSION_DIVIDENDO,,,
1286,2026-02-20T14:30:00Z,OPEN_ENTRY,30ffe0fa733c104a08525a3d8ae1bf13c3838864ba1ac15ce6aa0056d6575399,benchmark,BH_BUY,NASDAQ,MSFT,2026-02-20,,,3.789661114006588,0.0,4.894493084936205,4.905720561331231,396.1099853515625,396.30804034423824,USD,EURUSD,0.8508465923593976,2026-02-19T16:00:00Z,3.785875238767824,0.003785875238767389,0.001891991623571696,,0.0,,285351.8970370648,BH_REINVERSION_DIVIDENDO,,,
1287,2026-02-20T16:30:00Z,CLOSE_DIVIDEND,30ffe0fa733c104a08525a3d8ae1bf13c3838864ba1ac15ce6aa0056d6575399,benchmark,BH_DIVIDEND,XETRA,IFX.DE,2026-02-20,,,0.0,15.948759140803928,,,,,EUR,EUR,1.0,,,,,15.948759140803928,0.0,,285111.3491350416,DIVIDENDO_BRUTO,,,
1288,2026-02-23T08:00:00Z,OPEN_ENTRY,30ffe0fa733c104a08525a3d8ae1bf13c3838864ba1ac15ce6aa0056d6575399,benchmark,BH_BUY,XETRA,IFX.DE,2026-02-23,,,15.948759140803928,0.0,45.567883259439796,45.92098446612135,45.099998474121094,45.12254847335815,EUR,EUR,1.0,,15.93282631448944,0.015932826314488224,0.00796243194127292,,0.0,,286916.20897326164,BH_REINVERSION_DIVIDENDO,,,
1289,2026-02-27T16:30:00Z,CLOSE_DIVIDEND,30ffe0fa733c104a08525a3d8ae1bf13c3838864ba1ac15ce6aa0056d6575399,benchmark,BH_DIVIDEND,XETRA,ENR.DE,2026-02-27,,,0.0,47.894694015247865,,,,,EUR,EUR,1.0,,,,,47.894694015247865,0.0,,289489.03766039544,DIVIDENDO_BRUTO,,,
1290,2026-03-02T08:00:00Z,OPEN_ENTRY,30ffe0fa733c104a08525a3d8ae1bf13c3838864ba1ac15ce6aa0056d6575399,benchmark,BH_BUY,XETRA,ENR.DE,2026-03-02,,,47.894694015247865,0.0,68.4209914503541,68.71528643927859,162.5,162.58124999999998,EUR,EUR,1.0,,47.84684716807979,0.04784684716807419,0.02391146785010982,,0.0,,288166.13107504253,BH_REINVERSION_DIVIDENDO,,,
1291,2026-03-02T21:00:00Z,CLOSE_DIVIDEND,30ffe0fa733c104a08525a3d8ae1bf13c3838864ba1ac15ce6aa0056d6575399,benchmark,BH_DIVIDEND,NYSE,GS,2026-03-02,,,0.0,17.15543426902901,,,,,USD,EURUSD,0.8548469823901522,2026-03-02T16:00:00Z,,,,17.15543426902901,0.0,,287317.68705884647,DIVIDENDO_BRUTO,,,
1292,2026-03-02T21:00:00Z,CLOSE_DIVIDEND,30ffe0fa733c104a08525a3d8ae1bf13c3838864ba1ac15ce6aa0056d6575399,benchmark,BH_DIVIDEND,NYSE,LMT,2026-03-02,,,17.15543426902901,26.022795406388624,,,,,USD,EURUSD,0.8548469823901522,2026-03-02T16:00:00Z,,,,8.867361137359616,0.0,,287326.5544199838,DIVIDENDO_BRUTO,,,
1293,2026-03-03T14:30:00Z,OPEN_ENTRY,30ffe0fa733c104a08525a3d8ae1bf13c3838864ba1ac15ce6aa0056d6575399,benchmark,BH_BUY,NYSE,GS,2026-03-03,,,26.022795406388624,8.867361137359616,4.459650446202252,4.483619775687367,836.0,836.418,USD,EURUSD,0.8548469823901522,2026-03-02T16:00:00Z,17.138295973055953,0.01713829597305505,0.008564865553751232,,0.0,,287691.2505515337,BH_REINVERSION_DIVIDENDO,,,
1294,2026-03-03T14:30:00Z,OPEN_ENTRY,30ffe0fa733c104a08525a3d8ae1bf13c3838864ba1ac15ce6aa0056d6575399,benchmark,BH_BUY,NYSE,LMT,2026-03-03,,,8.867361137359616,0.0,3.006677987966167,3.021864934642537,682.0,682.341,USD,EURUSD,0.8548469823901522,2026-03-02T16:00:00Z,8.858502634724893,0.008858502634723209,0.004427037798463321,,0.0,,287691.16845881945,BH_REINVERSION_DIVIDENDO,,,
1295,2026-03-05T21:00:00Z,CLOSE_DIVIDEND,30ffe0fa733c104a08525a3d8ae1bf13c3838864ba1ac15ce6aa0056d6575399,benchmark,BH_DIVIDEND,NASDAQ,QCOM,2026-03-05,,,0.0,7.389082012840036,,,,,USD,EURUSD,0.8607333448097779,2026-03-05T16:00:00Z,,,,7.389082012840036,0.0,,287387.91340736096,DIVIDENDO_BRUTO,,,
1296,2026-03-06T14:30:00Z,OPEN_ENTRY,30ffe0fa733c104a08525a3d8ae1bf13c3838864ba1ac15ce6aa0056d6575399,benchmark,BH_BUY,NASDAQ,QCOM,2026-03-06,,,7.389082012840036,0.0,9.64565784552534,9.709545254434245,134.1699981689453,134.23708316802978,USD,EURUSD,0.8607333448097779,2026-03-05T16:00:00Z,7.381700312527509,0.007381700312526718,0.0036890056534369733,,0.0,,288202.54973504855,BH_REINVERSION_DIVIDENDO,,,
1297,2026-03-09T20:00:00Z,CLOSE_DIVIDEND,30ffe0fa733c104a08525a3d8ae1bf13c3838864ba1ac15ce6aa0056d6575399,benchmark,BH_DIVIDEND,NASDAQ,GOOGL,2026-03-09,,,0.0,1.9936625910015042,,,,,USD,EURUSD,0.8654262224145391,2026-03-09T16:00:00Z,,,,1.9936625910015042,0.0,,283657.9255816108,DIVIDENDO_BRUTO,,,
1298,2026-03-10T13:30:00Z,OPEN_ENTRY,30ffe0fa733c104a08525a3d8ae1bf13c3838864ba1ac15ce6aa0056d6575399,benchmark,BH_BUY,NASDAQ,GOOGL,2026-03-10,,,1.9936625910015042,0.0,10.969891066201136,10.977403969276079,306.1700134277344,306.32309843444824,USD,EURUSD,0.8654262224145391,2026-03-09T16:00:00Z,1.991670920081423,0.0019916709200811233,0.00099533779114513,,0.0,,286806.50272627635,BH_REINVERSION_DIVIDENDO,,,
1299,2026-03-11T20:00:00Z,CLOSE_DIVIDEND,30ffe0fa733c104a08525a3d8ae1bf13c3838864ba1ac15ce6aa0056d6575399,benchmark,BH_DIVIDEND,NASDAQ,NVDA,2026-03-11,,,0.0,0.6376618422260908,,,,,USD,EURUSD,0.8634832915983076,2026-03-11T16:00:00Z,,,,0.6376618422260908,0.0,,287704.8727631139,DIVIDENDO_BRUTO,,,
1300,2026-03-12T13:30:00Z,OPEN_ENTRY,30ffe0fa733c104a08525a3d8ae1bf13c3838864ba1ac15ce6aa0056d6575399,benchmark,BH_BUY,NASDAQ,NVDA,2026-03-12,,,0.6376618422260908,0.0,73.84761794820356,73.85162430378051,184.0500030517578,184.14202805328367,USD,EURUSD,0.8634832915983076,2026-03-11T16:00:00Z,0.6370248174086822,0.0006370248174085713,0.00031835323208821286,,0.0,,287949.5668494239,BH_REINVERSION_DIVIDENDO,,,
1301,2026-03-12T16:30:00Z,CLOSE_DIVIDEND,30ffe0fa733c104a08525a3d8ae1bf13c3838864ba1ac15ce6aa0056d6575399,benchmark,BH_DIVIDEND,XETRA,EQQQ.DE,2026-03-12,,,0.0,1.3483666078242564,,,,,EUR,EUR,1.0,,,,,1.3483666078242564,0.0,,288409.1328503402,DIVIDENDO_BRUTO,,,
1302,2026-03-13T08:00:00Z,OPEN_ENTRY,30ffe0fa733c104a08525a3d8ae1bf13c3838864ba1ac15ce6aa0056d6575399,benchmark,BH_BUY,XETRA,EQQQ.DE,2026-03-13,,,1.3483666078242564,0.0,4.1888658896722095,4.1914495520750235,521.0999755859375,521.3605255737305,EUR,EUR,1.0,,1.3470195882360205,0.0013470195882359093,0.0006731732075142202,,0.0,,284345.46252302366,BH_REINVERSION_DIVIDENDO,,,
1303,2026-03-16T16:30:00Z,CLOSE_DIVIDEND,30ffe0fa733c104a08525a3d8ae1bf13c3838864ba1ac15ce6aa0056d6575399,benchmark,BH_DIVIDEND,XETRA,EXSA.DE,2026-03-16,,,0.0,4.232978568075255,,,,,EUR,EUR,1.0,,,,,4.232978568075255,0.0,,283740.71293585334,DIVIDENDO_BRUTO,,,
1304,2026-03-16T20:00:00Z,CLOSE_DIVIDEND,30ffe0fa733c104a08525a3d8ae1bf13c3838864ba1ac15ce6aa0056d6575399,benchmark,BH_DIVIDEND,NASDAQ,META,2026-03-16,,,4.232978568075255,7.450472004944933,,,,,USD,EURUSD,0.8712319219376199,2026-03-16T16:00:00Z,,,,3.217493436869677,0.0,,284640.03968620923,DIVIDENDO_BRUTO,,,
1305,2026-03-17T08:00:00Z,OPEN_ENTRY,30ffe0fa733c104a08525a3d8ae1bf13c3838864ba1ac15ce6aa0056d6575399,benchmark,BH_BUY,XETRA,EXSA.DE,2026-03-17,,,7.450472004944933,3.2174934368696775,29.580976450231695,29.65236028008072,59.209999084472656,59.23960408401489,EUR,EUR,1.0,,4.228749818256999,0.004228749818256716,0.00211331825000351,,0.0,,285870.39578659233,BH_REINVERSION_DIVIDENDO,,,
1306,2026-03-17T13:30:00Z,OPEN_ENTRY,30ffe0fa733c104a08525a3d8ae1bf13c3838864ba1ac15ce6aa0056d6575399,benchmark,BH_BUY,NASDAQ,META,2026-03-17,,,3.2174934368696775,0.0,7.034359936836219,7.040231855054077,627.989990234375,628.3039852294921,USD,EURUSD,0.8712319219376199,2026-03-16T16:00:00Z,3.2142791577119656,0.0032142791577114416,0.0016063364106503506,,0.0,,285865.56288013194,BH_REINVERSION_DIVIDENDO,,,
1307,2026-03-17T20:00:00Z,CLOSE_DIVIDEND,30ffe0fa733c104a08525a3d8ae1bf13c3838864ba1ac15ce6aa0056d6575399,benchmark,BH_DIVIDEND,NYSE,TSM,2026-03-17,,,0.0,11.813704853770112,,,,,USD,EURUSD,0.8672274737663689,2026-03-17T16:00:00Z,,,,11.813704853770112,0.0,,286070.2114512697,DIVIDENDO_BRUTO,,,
1308,2026-03-18T13:30:00Z,OPEN_ENTRY,30ffe0fa733c104a08525a3d8ae1bf13c3838864ba1ac15ce6aa0056d6575399,benchmark,BH_BUY,NYSE,TSM,2026-03-18,,,11.813704853770112,0.0,14.249354672471044,14.288691746199877,345.7799987792969,345.9528887786865,USD,EURUSD,0.8672274737663689,2026-03-17T16:00:00Z,11.801902950819294,0.011801902950818288,0.005898002474171274,,0.0,,288113.77622743434,BH_REINVERSION_DIVIDENDO,,,
1309,2026-03-19T16:30:00Z,CLOSE_DIVIDEND,30ffe0fa733c104a08525a3d8ae1bf13c3838864ba1ac15ce6aa0056d6575399,benchmark,BH_DIVIDEND,XETRA,IQQK.DE,2026-03-19,,,0.0,7.006468041201184,,,,,EUR,EUR,1.0,,,,,7.006468041201184,0.0,,285668.95093533373,DIVIDENDO_BRUTO,,,
1310,2026-03-20T08:00:00Z,OPEN_ENTRY,30ffe0fa733c104a08525a3d8ae1bf13c3838864ba1ac15ce6aa0056d6575399,benchmark,BH_BUY,XETRA,IQQK.DE,2026-03-20,,,7.006468041201184,0.0,28.16636599840478,28.249591917873293,84.05999755859375,84.10202755737305,EUR,EUR,1.0,,6.999468572628556,0.006999468572627343,0.0034979852936675958,,0.0,,282724.45720977243,BH_REINVERSION_DIVIDENDO,,,
1311,2026-03-23T16:30:00Z,CLOSE_DIVIDEND,30ffe0fa733c104a08525a3d8ae1bf13c3838864ba1ac15ce6aa0056d6575399,benchmark,BH_DIVIDEND,MIL,ENI.MI,2026-03-23,,,0.0,27.857634791659578,,,,,EUR,EUR,1.0,,,,,27.857634791659578,0.0,,274494.7342968275,DIVIDENDO_BRUTO,,,
1312,2026-03-23T20:00:00Z,CLOSE_DIVIDEND,30ffe0fa733c104a08525a3d8ae1bf13c3838864ba1ac15ce6aa0056d6575399,benchmark,BH_DIVIDEND,NASDAQ,AVGO,2026-03-23,,,27.857634791659578,41.14051316094218,,,,,USD,EURUSD,0.8623663332183512,2026-03-23T16:00:00Z,,,,13.282878369282603,0.0,,276127.3969013974,DIVIDENDO_BRUTO,,,
1313,2026-03-24T08:00:00Z,OPEN_ENTRY,30ffe0fa733c104a08525a3d8ae1bf13c3838864ba1ac15ce6aa0056d6575399,benchmark,BH_BUY,MIL,ENI.MI,2026-03-24,,,41.14051316094218,13.2828783692826,107.14474919869068,108.36742599157655,22.75,22.761374999999997,EUR,EUR,1.0,,27.829804986672908,0.02782980498666987,0.013907948519073824,,0.0,,278808.58614350273,BH_REINVERSION_DIVIDENDO,,,
1314,2026-03-24T13:30:00Z,OPEN_ENTRY,30ffe0fa733c104a08525a3d8ae1bf13c3838864ba1ac15ce6aa0056d6575399,benchmark,BH_BUY,NASDAQ,AVGO,2026-03-24,,,13.2828783692826,0.0,23.69665501080016,23.74471672468916,320.0,320.15999999999997,USD,EURUSD,0.8623663332183512,2026-03-23T16:00:00Z,13.269608760522082,0.013269608760520413,0.006631488635941751,,0.0,,278945.7048067455,BH_REINVERSION_DIVIDENDO,,,
1315,2026-03-30T06:30:00Z,CLOSE_DIVIDEND,30ffe0fa733c104a08525a3d8ae1bf13c3838864ba1ac15ce6aa0056d6575399,benchmark,BH_DIVIDEND,JPX,6501.T,2026-03-30,,,0.0,17.954324793627162,,,,,JPY,EURJPY,0.005430060816681147,2026-03-27T16:00:00Z,,,,17.954324793627162,0.0,,267277.915397322,DIVIDENDO_BRUTO,,,
1316,2026-03-30T06:30:00Z,CLOSE_DIVIDEND,30ffe0fa733c104a08525a3d8ae1bf13c3838864ba1ac15ce6aa0056d6575399,benchmark,BH_DIVIDEND,JPX,6758.T,2026-03-30,,,17.954324793627162,22.77492206678547,,,,,JPY,EURJPY,0.005430060816681147,2026-03-27T16:00:00Z,,,,4.820597273158311,0.0,,267282.7359945951,DIVIDENDO_BRUTO,,,
1317,2026-03-30T06:30:00Z,CLOSE_DIVIDEND,30ffe0fa733c104a08525a3d8ae1bf13c3838864ba1ac15ce6aa0056d6575399,benchmark,BH_DIVIDEND,JPX,6857.T,2026-03-30,,,22.77492206678547,36.523212740263745,,,,,JPY,EURJPY,0.005430060816681147,2026-03-27T16:00:00Z,,,,13.74829067347827,0.0,,267296.4842852686,DIVIDENDO_BRUTO,,,
1318,2026-03-30T06:30:00Z,CLOSE_DIVIDEND,30ffe0fa733c104a08525a3d8ae1bf13c3838864ba1ac15ce6aa0056d6575399,benchmark,BH_DIVIDEND,JPX,7011.T,2026-03-30,,,36.523212740263745,58.00890281686665,,,,,JPY,EURJPY,0.005430060816681147,2026-03-27T16:00:00Z,,,,21.48569007660291,0.0,,267317.9699753452,DIVIDENDO_BRUTO,,,
1319,2026-03-30T06:30:00Z,CLOSE_DIVIDEND,30ffe0fa733c104a08525a3d8ae1bf13c3838864ba1ac15ce6aa0056d6575399,benchmark,BH_DIVIDEND,JPX,7203.T,2026-03-30,,,58.00890281686665,80.55372322223732,,,,,JPY,EURJPY,0.005430060816681147,2026-03-27T16:00:00Z,,,,22.54482040537067,0.0,,267340.51479575055,DIVIDENDO_BRUTO,,,
1320,2026-03-30T06:30:00Z,CLOSE_DIVIDEND,30ffe0fa733c104a08525a3d8ae1bf13c3838864ba1ac15ce6aa0056d6575399,benchmark,BH_DIVIDEND,JPX,8035.T,2026-03-30,,,80.55372322223732,100.33409517365402,,,,,JPY,EURJPY,0.005430060816681147,2026-03-27T16:00:00Z,,,,19.78037195141669,0.0,,267360.29516770196,DIVIDENDO_BRUTO,,,
1321,2026-03-30T20:00:00Z,CLOSE_DIVIDEND,30ffe0fa733c104a08525a3d8ae1bf13c3838864ba1ac15ce6aa0056d6575399,benchmark,BH_DIVIDEND,NASDAQ,MU,2026-03-30,,,100.33409517365402,102.9397820125576,,,,,USD,EURUSD,0.8707767328456983,2026-03-30T15:00:00Z,,,,2.6056868389035728,0.0,,267110.1634894987,DIVIDENDO_BRUTO,,,
1322,2026-03-31T00:00:00Z,OPEN_ENTRY,30ffe0fa733c104a08525a3d8ae1bf13c3838864ba1ac15ce6aa0056d6575399,benchmark,BH_BUY,JPX,6501.T,2026-03-31,,,102.9397820125576,84.98545721893043,122.46179459238438,123.19703983533161,4465.0,4467.2325,JPY,EURJPY,0.005460899956312801,2026-03-30T15:00:00Z,17.93638840522194,0.017936388405221493,0.008963712346438044,,0.0,,264983.0143830714,BH_REINVERSION_DIVIDENDO,,,
1323,2026-03-31T00:00:00Z,OPEN_ENTRY,30ffe0fa733c104a08525a3d8ae1bf13c3838864ba1ac15ce6aa0056d6575399,benchmark,BH_BUY,JPX,6758.T,2026-03-31,,,84.98545721893043,80.16485994577212,71.02089550598677,71.29720434428047,3190.0,3191.595,JPY,EURJPY,0.005460899956312801,2026-03-30T15:00:00Z,4.8157814916666455,0.004815781491665838,0.002406687402131955,,0.0,,264983.0041428126,BH_REINVERSION_DIVIDENDO,,,
1324,2026-03-31T00:00:00Z,OPEN_ENTRY,30ffe0fa733c104a08525a3d8ae1bf13c3838864ba1ac15ce6aa0056d6575399,benchmark,BH_BUY,JPX,6857.T,2026-03-31,,,80.16485994577212,66.41656927229386,84.39617368092527,84.521176913581,20110.0,20120.055,JPY,EURJPY,0.005460899956312801,2026-03-30T15:00:00Z,13.73455611736091,0.013734556117359631,0.006863846135612847,,0.0,,264983.5398879808,BH_REINVERSION_DIVIDENDO,,,
1325,2026-03-31T00:00:00Z,OPEN_ENTRY,30ffe0fa733c104a08525a3d8ae1bf13c3838864ba1ac15ce6aa0056d6575399,benchmark,BH_BUY,JPX,7011.T,2026-03-31,,,66.41656927229386,44.93087919569095,304.36959111593785,305.29006083370075,4268.0,4270.134,JPY,EURJPY,0.005460899956312801,2026-03-30T15:00:00Z,21.46422585075216,0.021464225850749585,0.010726749550600854,,0.0,,264984.2616859616,BH_REINVERSION_DIVIDENDO,,,
1326,2026-03-31T00:00:00Z,OPEN_ENTRY,30ffe0fa733c104a08525a3d8ae1bf13c3838864ba1ac15ce6aa0056d6575399,benchmark,BH_BUY,JPX,7203.T,2026-03-31,,,44.93087919569095,22.38605879032028,83.03708251706125,84.32527692904341,3200.0,3201.6,JPY,EURJPY,0.005460899956312801,2026-03-30T15:00:00Z,22.522298107263406,0.022522298107261918,0.01125552129298457,,0.0,,264984.3967409616,BH_REINVERSION_DIVIDENDO,,,
1327,2026-03-31T00:00:00Z,OPEN_ENTRY,30ffe0fa733c104a08525a3d8ae1bf13c3838864ba1ac15ce6aa0056d6575399,benchmark,BH_BUY,JPX,8035.T,2026-03-31,,,22.38605879032028,2.6056868389035905,10.0075640070684,10.10544640953685,36950.0,36968.475,JPY,EURJPY,0.005460899956312801,2026-03-30T15:00:00Z,19.760611340076615,0.01976061134007523,0.009875367986044508,,0.0,,264985.3773591362,BH_REINVERSION_DIVIDENDO,,,
1328,2026-03-31T13:30:00Z,OPEN_ENTRY,30ffe0fa733c104a08525a3d8ae1bf13c3838864ba1ac15ce6aa0056d6575399,benchmark,BH_BUY,NASDAQ,MU,2026-03-31,,,2.6056868389035905,0.0,19.949138438645754,19.958427111248007,321.6700134277344,321.8308484344482,USD,EURUSD,0.8707767328456983,2026-03-30T15:00:00Z,2.6030837551484245,0.0026030837551482833,0.001300891431858169,,0.0,,264166.87067367864,BH_REINVERSION_DIVIDENDO,,,
1329,2026-03-31T15:30:00Z,CLOSE_DIVIDEND,30ffe0fa733c104a08525a3d8ae1bf13c3838864ba1ac15ce6aa0056d6575399,benchmark,BH_DIVIDEND,PAR,TTE.PA,2026-03-31,,,0.0,21.79401806744288,,,,,EUR,EUR,1.0,,,,,21.79401806744288,0.0,,263989.0560675727,DIVIDENDO_BRUTO,,,
1330,2026-04-01T07:00:00Z,OPEN_ENTRY,30ffe0fa733c104a08525a3d8ae1bf13c3838864ba1ac15ce6aa0056d6575399,benchmark,BH_BUY,PAR,TTE.PA,2026-04-01,,,21.79401806744288,0.0,25.640021255815153,25.9120383200533,80.0,80.03999999999999,EUR,EUR,1.0,,21.77224582162126,0.021772245821619407,0.010880682569523703,,0.0,,272639.6365726349,BH_REINVERSION_DIVIDENDO,,,
1331,2026-04-02T15:30:00Z,CLOSE_DIVIDEND,30ffe0fa733c104a08525a3d8ae1bf13c3838864ba1ac15ce6aa0056d6575399,benchmark,BH_DIVIDEND,XETRA,DTE.DE,2026-04-02,,,0.0,68.2221304457415,,,,,EUR,EUR,1.0,,,,,68.2221304457415,0.0,,276842.9159482683,DIVIDENDO_BRUTO,,,
1332,2026-04-07T07:00:00Z,OPEN_ENTRY,30ffe0fa733c104a08525a3d8ae1bf13c3838864ba1ac15ce6aa0056d6575399,benchmark,BH_BUY,XETRA,DTE.DE,2026-04-07,,,68.2221304457415,0.0,68.2221304457415,70.45045616347286,30.56999969482422,30.58528469467163,EUR,EUR,1.0,,68.15397646927224,0.06815397646926158,0.034059958255502794,,0.0,,278231.0755191179,BH_REINVERSION_DIVIDENDO,,,
1333,2026-04-08T15:30:00Z,CLOSE_DIVIDEND,30ffe0fa733c104a08525a3d8ae1bf13c3838864ba1ac15ce6aa0056d6575399,benchmark,BH_DIVIDEND,MCE,BBVA.MC,2026-04-08,,,0.0,195.63648108642352,,,,,EUR,EUR,1.0,,,,,195.63648108642352,0.0,,277966.2764999044,DIVIDENDO_BRUTO,,,
1334,2026-04-09T07:00:00Z,OPEN_ENTRY,30ffe0fa733c104a08525a3d8ae1bf13c3838864ba1ac15ce6aa0056d6575399,benchmark,BH_BUY,MCE,BBVA.MC,2026-04-09,,,195.63648108642352,0.0,326.06080181070587,336.0835504333955,19.489999771118164,19.499744771003723,EUR,EUR,1.0,,195.44104004637717,0.19544104004634733,0.09767168418109491,,0.0,,285436.84628139343,BH_REINVERSION_DIVIDENDO,,,
1335,2026-04-09T20:00:00Z,CLOSE_DIVIDEND,30ffe0fa733c104a08525a3d8ae1bf13c3838864ba1ac15ce6aa0056d6575399,benchmark,BH_DIVIDEND,NYSE,CRM,2026-04-09,,,0.0,2.6201169108280475,,,,,USD,EURUSD,0.8557980316645271,2026-04-09T15:00:00Z,,,,2.6201169108280475,0.0,,285140.0587765205,DIVIDENDO_BRUTO,,,
1336,2026-04-09T20:00:00Z,CLOSE_DIVIDEND,30ffe0fa733c104a08525a3d8ae1bf13c3838864ba1ac15ce6aa0056d6575399,benchmark,BH_DIVIDEND,NYSE,MA,2026-04-09,,,2.6201169108280475,5.378573971333546,,,,,USD,EURUSD,0.8557980316645271,2026-04-09T15:00:00Z,,,,2.758457060505499,0.0,,285142.817233581,DIVIDENDO_BRUTO,,,
1337,2026-04-09T20:00:00Z,CLOSE_DIVIDEND,30ffe0fa733c104a08525a3d8ae1bf13c3838864ba1ac15ce6aa0056d6575399,benchmark,BH_DIVIDEND,NYSE,ORCL,2026-04-09,,,5.378573971333546,12.621764102233902,,,,,USD,EURUSD,0.8557980316645271,2026-04-09T15:00:00Z,,,,7.243190130900356,0.0,,285150.0604237119,DIVIDENDO_BRUTO,,,
1338,2026-04-10T13:30:00Z,OPEN_ENTRY,30ffe0fa733c104a08525a3d8ae1bf13c3838864ba1ac15ce6aa0056d6575399,benchmark,BH_BUY,NYSE,CRM,2026-04-10,,,12.621764102233902,10.001647191405855,6.958196841596759,6.976047008889285,171.25999450683594,171.34562450408936,USD,EURUSD,0.8557980316645271,2026-04-09T15:00:00Z,2.617499411416631,0.002617499411416535,0.0013080956578794105,,0.0,,284158.65850853926,BH_REINVERSION_DIVIDENDO,,,
1339,2026-04-10T13:30:00Z,OPEN_ENTRY,30ffe0fa733c104a08525a3d8ae1bf13c3838864ba1ac15ce6aa0056d6575399,benchmark,BH_BUY,NYSE,MA,2026-04-10,,,10.001647191405855,7.243190130900356,3.704893189885835,3.711304272855581,502.010009765625,502.26101477050776,USD,EURUSD,0.8557980316645271,2026-04-09T15:00:00Z,2.7557013591463533,0.0027557013591459345,0.0013771620985236082,,0.0,,284158.66293474624,BH_REINVERSION_DIVIDENDO,,,
1340,2026-04-10T13:30:00Z,OPEN_ENTRY,30ffe0fa733c104a08525a3d8ae1bf13c3838864ba1ac15ce6aa0056d6575399,benchmark,BH_BUY,NYSE,ORCL,2026-04-10,,,7.243190130900356,0.0,16.927335335914133,16.988877620441308,137.32000732421875,137.38866732788085,USD,EURUSD,0.8557980316645271,2026-04-09T15:00:00Z,7.235954176723633,0.0072359541767230695,0.003616169003859551,,0.0,,284158.68052286305,BH_REINVERSION_DIVIDENDO,,,
1341,2026-04-10T20:00:00Z,CLOSE_DIVIDEND,30ffe0fa733c104a08525a3d8ae1bf13c3838864ba1ac15ce6aa0056d6575399,benchmark,BH_DIVIDEND,NASDAQ,MRVL,2026-04-10,,,0.0,1.2190637293732178,,,,,USD,EURUSD,0.853898044573478,2026-04-10T15:00:00Z,,,,1.2190637293732178,0.0,,284206.7910870933,DIVIDENDO_BRUTO,,,
1342,2026-04-13T13:30:00Z,OPEN_ENTRY,30ffe0fa733c104a08525a3d8ae1bf13c3838864ba1ac15ce6aa0056d6575399,benchmark,BH_BUY,NASDAQ,MRVL,2026-04-13,,,1.2190637293732178,0.0,23.79409222448292,23.805060190532668,129.97000122070312,130.03498622131346,USD,EURUSD,0.853898044573478,2026-04-10T15:00:00Z,1.2178458834897283,0.001217845883489499,0.0006086186324284943,,0.0,,284438.88182340475,BH_REINVERSION_DIVIDENDO,,,
1343,2026-04-15T15:30:00Z,CLOSE_DIVIDEND,30ffe0fa733c104a08525a3d8ae1bf13c3838864ba1ac15ce6aa0056d6575399,benchmark,BH_DIVIDEND,XETRA,EXH1.DE,2026-04-15,,,0.0,15.178897960274087,,,,,EUR,EUR,1.0,,,,,15.178897960274087,0.0,,292773.42787512345,DIVIDENDO_BRUTO,,,
1344,2026-04-15T15:30:00Z,CLOSE_DIVIDEND,30ffe0fa733c104a08525a3d8ae1bf13c3838864ba1ac15ce6aa0056d6575399,benchmark,BH_DIVIDEND,XETRA,EXV1.DE,2026-04-15,,,15.178897960274087,18.192944778552665,,,,,EUR,EUR,1.0,,,,,3.014046818278576,0.0,,292776.4419219417,DIVIDENDO_BRUTO,,,
1345,2026-04-15T20:00:00Z,CLOSE_DIVIDEND,30ffe0fa733c104a08525a3d8ae1bf13c3838864ba1ac15ce6aa0056d6575399,benchmark,BH_DIVIDEND,NYSE,ABBV,2026-04-15,,,18.192944778552665,32.20962320349961,,,,,USD,EURUSD,0.8488964346349746,2026-04-15T15:00:00Z,,,,14.016678424946944,0.0,,292064.46435585077,DIVIDENDO_BRUTO,,,
1346,2026-04-16T07:00:00Z,OPEN_ENTRY,30ffe0fa733c104a08525a3d8ae1bf13c3838864ba1ac15ce6aa0056d6575399,benchmark,BH_BUY,XETRA,EXH1.DE,2026-04-16,,,32.20962320349961,17.030725243225525,37.69057210465253,37.97275710570116,53.709999084472656,53.73685408401489,EUR,EUR,1.0,,15.16373422604804,0.015163734226046444,0.007578078073985375,,0.0,,295682.5569959256,BH_REINVERSION_DIVIDENDO,,,
1347,2026-04-16T07:00:00Z,OPEN_ENTRY,30ffe0fa733c104a08525a3d8ae1bf13c3838864ba1ac15ce6aa0056d6575399,benchmark,BH_BUY,XETRA,EXV1.DE,2026-04-16,,,17.030725243225525,14.01667842494695,105.06298167451811,105.14474018863682,36.810001373291016,36.82840637397766,EUR,EUR,1.0,,3.01103578249608,0.003011035782495952,0.0015047655084934586,,0.0,,295682.5467570533,BH_REINVERSION_DIVIDENDO,,,
1348,2026-04-16T13:30:00Z,OPEN_ENTRY,30ffe0fa733c104a08525a3d8ae1bf13c3838864ba1ac15ce6aa0056d6575399,benchmark,BH_BUY,NYSE,ABBV,2026-04-16,,,14.01667842494695,0.0,9.544304730975433,9.623652640664172,207.77999877929688,207.88388877868653,USD,EURUSD,0.8488964346349746,2026-04-15T15:00:00Z,14.002675749197747,0.014002675749196669,0.006997838955121467,,0.0,,295909.34789085767,BH_REINVERSION_DIVIDENDO,,,
1349,2026-04-17T15:30:00Z,CLOSE_DIVIDEND,30ffe0fa733c104a08525a3d8ae1bf13c3838864ba1ac15ce6aa0056d6575399,benchmark,BH_DIVIDEND,XETRA,MBG.DE,2026-04-17,,,0.0,78.3236701452932,,,,,EUR,EUR,1.0,,,,,78.3236701452932,0.0,,295019.7756999576,DIVIDENDO_BRUTO,,,
1350,2026-04-20T07:00:00Z,OPEN_ENTRY,30ffe0fa733c104a08525a3d8ae1bf13c3838864ba1ac15ce6aa0056d6575399,benchmark,BH_BUY,XETRA,MBG.DE,2026-04-20,,,78.3236701452932,0.0,22.378191470083774,23.894111635396463,51.59000015258789,51.615795152664184,EUR,EUR,1.0,,78.24542472057264,0.0782454247205635,0.03910316077989525,,0.0,,299078.9694958166,BH_REINVERSION_DIVIDENDO,,,
1351,2026-04-20T15:30:00Z,CLOSE_DIVIDEND,30ffe0fa733c104a08525a3d8ae1bf13c3838864ba1ac15ce6aa0056d6575399,benchmark,BH_DIVIDEND,MIL,RACE.MI,2026-04-20,,,0.0,24.674135587578434,,,,,EUR,EUR,1.0,,,,,24.674135587578434,0.0,,299769.77073601243,DIVIDENDO_BRUTO,,,
1352,2026-04-20T20:00:00Z,CLOSE_DIVIDEND,30ffe0fa733c104a08525a3d8ae1bf13c3838864ba1ac15ce6aa0056d6575399,benchmark,BH_DIVIDEND,NYSE,CAT,2026-04-20,,,24.674135587578434,32.32511789350092,,,,,USD,EURUSD,0.8503401360544218,2026-04-20T15:00:00Z,,,,7.650982305922479,0.0,,297975.4411443932,DIVIDENDO_BRUTO,,,
1353,2026-04-21T07:00:00Z,OPEN_ENTRY,30ffe0fa733c104a08525a3d8ae1bf13c3838864ba1ac15ce6aa0056d6575399,benchmark,BH_BUY,MIL,RACE.MI,2026-04-21,,,32.32511789350092,7.650982305922483,6.825487022843273,6.903824598416303,314.5,314.65725,EUR,EUR,1.0,,24.64948610147696,0.024649486101473883,0.012318583758857199,,0.0,,298063.5103313931,BH_REINVERSION_DIVIDENDO,,,
1354,2026-04-21T13:30:00Z,OPEN_ENTRY,30ffe0fa733c104a08525a3d8ae1bf13c3838864ba1ac15ce6aa0056d6575399,benchmark,BH_BUY,NYSE,CAT,2026-04-21,,,7.650982305922483,0.0,5.958645822360818,5.969807827297385,804.8800048828125,805.2824448852539,USD,EURUSD,0.8503401360544218,2026-04-20T15:00:00Z,7.6433389669555245,0.0076433389669547935,0.0038197596036756826,,0.0,,298052.66553081956,BH_REINVERSION_DIVIDENDO,,,
1355,2026-04-21T15:30:00Z,CLOSE_DIVIDEND,30ffe0fa733c104a08525a3d8ae1bf13c3838864ba1ac15ce6aa0056d6575399,benchmark,BH_DIVIDEND,PAR,AIR.PA,2026-04-21,,,0.0,37.978800632634396,,,,,EUR,EUR,1.0,,,,,37.978800632634396,0.0,,297962.9139956543,DIVIDENDO_BRUTO,,,
1356,2026-04-22T07:00:00Z,OPEN_ENTRY,30ffe0fa733c104a08525a3d8ae1bf13c3838864ba1ac15ce6aa0056d6575399,benchmark,BH_BUY,PAR,AIR.PA,2026-04-22,,,37.978800632634396,0.0,11.86837519769825,12.090140687893863,171.0,171.0855,EUR,EUR,1.0,,37.940859772861536,0.03794085977285988,0.01896094941172405,,0.0,,295510.8676017312,BH_REINVERSION_DIVIDENDO,,,
1357,2026-04-23T15:30:00Z,CLOSE_DIVIDEND,30ffe0fa733c104a08525a3d8ae1bf13c3838864ba1ac15ce6aa0056d6575399,benchmark,BH_DIVIDEND,XETRA,BSP.DE,2026-04-23,,,0.0,35.56946736724497,,,,,EUR,EUR,1.0,,,,,35.56946736724497,0.0,,300994.5176977067,DIVIDENDO_BRUTO,,,
1358,2026-04-23T15:30:00Z,CLOSE_DIVIDEND,30ffe0fa733c104a08525a3d8ae1bf13c3838864ba1ac15ce6aa0056d6575399,benchmark,BH_DIVIDEND,XETRA,RRU.DE,2026-04-23,,,35.56946736724497,99.51000961080183,,,,,EUR,EUR,1.0,,,,,63.94054224355687,0.0,,301058.45823995024,DIVIDENDO_BRUTO,,,
1359,2026-04-24T07:00:00Z,OPEN_ENTRY,30ffe0fa733c104a08525a3d8ae1bf13c3838864ba1ac15ce6aa0056d6575399,benchmark,BH_BUY,XETRA,BSP.DE,2026-04-24,,,99.51000961080183,63.94054224355686,133.57859047970706,135.07653129444952,23.709999084472656,23.72185408401489,EUR,EUR,1.0,,35.533933433811164,0.035533933433804066,0.01775808767306475,,0.0,,298745.51420225593,BH_REINVERSION_DIVIDENDO,,,
1360,2026-04-24T07:00:00Z,OPEN_ENTRY,30ffe0fa733c104a08525a3d8ae1bf13c3838864ba1ac15ce6aa0056d6575399,benchmark,BH_BUY,XETRA,RRU.DE,2026-04-24,,,63.94054224355686,0.0,1094.9660457840032,1099.7888848541893,13.23799991607666,13.244618916034698,EUR,EUR,1.0,,63.8766655779789,0.06387666557797189,0.03192237160318491,,0.0,,298746.37332513387,BH_REINVERSION_DIVIDENDO,,,
1361,2026-04-24T15:30:00Z,CLOSE_DIVIDEND,30ffe0fa733c104a08525a3d8ae1bf13c3838864ba1ac15ce6aa0056d6575399,benchmark,BH_DIVIDEND,AMS,ASML.AS,2026-04-24,,,0.0,6.408244961920614,,,,,EUR,EUR,1.0,,,,,6.408244961920614,0.0,,298497.86907723924,DIVIDENDO_BRUTO,,,
1362,2026-04-27T07:00:00Z,OPEN_ENTRY,30ffe0fa733c104a08525a3d8ae1bf13c3838864ba1ac15ce6aa0056d6575399,benchmark,BH_BUY,AMS,ASML.AS,2026-04-27,,,6.408244961920614,0.0,2.373424059970598,2.3785594081222055,1246.0,1246.6229999999998,EUR,EUR,1.0,,6.401843118801813,0.006401843118800876,0.0031993218984507567,,0.0,,302057.2104338061,BH_REINVERSION_DIVIDENDO,,,
1363,2026-04-28T15:30:00Z,CLOSE_DIVIDEND,30ffe0fa733c104a08525a3d8ae1bf13c3838864ba1ac15ce6aa0056d6575399,benchmark,BH_DIVIDEND,PAR,MC.PA,2026-04-28,,,0.0,15.967283195470014,,,,,EUR,EUR,1.0,,,,,15.967283195470014,0.0,,301417.87954362767,DIVIDENDO_BRUTO,,,
1364,2026-04-29T07:00:00Z,OPEN_ENTRY,30ffe0fa733c104a08525a3d8ae1bf13c3838864ba1ac15ce6aa0056d6575399,benchmark,BH_BUY,PAR,MC.PA,2026-04-29,,,15.967283195470014,0.0,2.1289710927293353,2.164197252624411,452.6000061035156,452.82630610656736,EUR,EUR,1.0,,15.95133186360641,0.015951331863604423,0.00797168009175646,,0.0,,298065.3454365293,BH_REINVERSION_DIVIDENDO,,,
1365,2026-04-29T15:30:00Z,CLOSE_DIVIDEND,30ffe0fa733c104a08525a3d8ae1bf13c3838864ba1ac15ce6aa0056d6575399,benchmark,BH_DIVIDEND,MCE,ITX.MC,2026-04-29,,,0.0,48.836780684470604,,,,,EUR,EUR,1.0,,,,,48.836780684470604,0.0,,297780.6313679129,DIVIDENDO_BRUTO,,,
1366,2026-04-29T15:30:00Z,CLOSE_DIVIDEND,30ffe0fa733c104a08525a3d8ae1bf13c3838864ba1ac15ce6aa0056d6575399,benchmark,BH_DIVIDEND,PAR,OR.PA,2026-04-29,,,48.836780684470604,75.91529537870831,,,,,EUR,EUR,1.0,,,,,27.078514694237708,0.0,,297807.70988260716,DIVIDENDO_BRUTO,,,
1367,2026-04-30T07:00:00Z,OPEN_ENTRY,30ffe0fa733c104a08525a3d8ae1bf13c3838864ba1ac15ce6aa0056d6575399,benchmark,BH_BUY,MCE,ITX.MC,2026-04-30,,,75.91529537870831,27.078514694237704,55.813463639394975,56.78678923563275,50.099998474121094,50.12504847335815,EUR,EUR,1.0,,48.78799269177883,0.048787992691771365,0.024381805443162412,,0.0,,296356.5441336359,BH_REINVERSION_DIVIDENDO,,,
1368,2026-04-30T07:00:00Z,OPEN_ENTRY,30ffe0fa733c104a08525a3d8ae1bf13c3838864ba1ac15ce6aa0056d6575399,benchmark,BH_BUY,PAR,OR.PA,2026-04-30,,,27.078514694237704,0.0,3.760904818644126,3.8358436910766605,360.79998779296875,360.9803877868652,EUR,EUR,1.0,,27.051463231006704,0.027051463231003936,0.013518972129436658,,0.0,,296356.86327116034,BH_REINVERSION_DIVIDENDO,,,
1369,2026-04-30T15:30:00Z,CLOSE_DIVIDEND,30ffe0fa733c104a08525a3d8ae1bf13c3838864ba1ac15ce6aa0056d6575399,benchmark,BH_DIVIDEND,XETRA,MUV2.DE,2026-04-30,,,0.0,134.18543993991628,,,,,EUR,EUR,1.0,,,,,134.18543993991628,0.0,,296963.87183549063,DIVIDENDO_BRUTO,,,
1370,2026-05-04T07:00:00Z,OPEN_ENTRY,30ffe0fa733c104a08525a3d8ae1bf13c3838864ba1ac15ce6aa0056d6575399,benchmark,BH_BUY,XETRA,MUV2.DE,2026-05-04,,,134.18543993991628,0.0,5.591059997496512,5.854497659205698,508.6000061035156,508.8543061065674,EUR,EUR,1.0,,134.05138855136494,0.1340513885513417,0.06699219817659298,,0.0,,302565.4870106187,BH_REINVERSION_DIVIDENDO,,,
1371,2026-05-06T15:30:00Z,CLOSE_DIVIDEND,30ffe0fa733c104a08525a3d8ae1bf13c3838864ba1ac15ce6aa0056d6575399,benchmark,BH_DIVIDEND,XETRA,SAP.DE,2026-05-06,,,0.0,32.52235881616997,,,,,EUR,EUR,1.0,,,,,32.52235881616997,0.0,,305058.09793371515,DIVIDENDO_BRUTO,,,
1372,2026-05-07T07:00:00Z,OPEN_ENTRY,30ffe0fa733c104a08525a3d8ae1bf13c3838864ba1ac15ce6aa0056d6575399,benchmark,BH_BUY,XETRA,SAP.DE,2026-05-07,,,32.52235881616997,0.0,13.008943526467988,13.224571885133766,150.60000610351562,150.67530610656738,EUR,EUR,1.0,,32.48986894722275,0.032489868947216394,0.016236816065577166,,0.0,,312335.32574625005,BH_REINVERSION_DIVIDENDO,,,
1373,2026-05-08T15:30:00Z,CLOSE_DIVIDEND,30ffe0fa733c104a08525a3d8ae1bf13c3838864ba1ac15ce6aa0056d6575399,benchmark,BH_DIVIDEND,XETRA,ALV.DE,2026-05-08,,,0.0,119.61345529222882,,,,,EUR,EUR,1.0,,,,,119.61345529222882,0.0,,311608.055639289,DIVIDENDO_BRUTO,,,
1374,2026-05-11T07:00:00Z,OPEN_ENTRY,30ffe0fa733c104a08525a3d8ae1bf13c3838864ba1ac15ce6aa0056d6575399,benchmark,BH_BUY,XETRA,ALV.DE,2026-05-11,,,119.61345529222882,0.0,6.994938905978293,7.318433597906472,369.20001220703125,369.38461221313474,EUR,EUR,1.0,,119.49396133089793,0.11949396133088896,0.059717122104389855,,0.0,,313155.82519994694,BH_REINVERSION_DIVIDENDO,,,
1375,2026-05-11T15:30:00Z,CLOSE_DIVIDEND,30ffe0fa733c104a08525a3d8ae1bf13c3838864ba1ac15ce6aa0056d6575399,benchmark,BH_DIVIDEND,PAR,SU.PA,2026-05-11,,,0.0,40.81368372071676,,,,,EUR,EUR,1.0,,,,,40.81368372071676,0.0,,312988.94099800667,DIVIDENDO_BRUTO,,,
1376,2026-05-11T20:00:00Z,CLOSE_DIVIDEND,30ffe0fa733c104a08525a3d8ae1bf13c3838864ba1ac15ce6aa0056d6575399,benchmark,BH_DIVIDEND,NASDAQ,AAPL,2026-05-11,,,40.81368372071676,42.85120302793608,,,,,USD,EURUSD,0.8499787505312366,2026-05-11T15:00:00Z,,,,2.0375193072193225,0.0,,313244.4849318553,DIVIDENDO_BRUTO,,,
1377,2026-05-12T07:00:00Z,OPEN_ENTRY,30ffe0fa733c104a08525a3d8ae1bf13c3838864ba1ac15ce6aa0056d6575399,benchmark,BH_BUY,PAR,SU.PA,2026-05-12,,,42.85120302793608,2.03751930721932,9.7175437430278,9.868955726928156,269.1499938964844,269.2845688934326,EUR,EUR,1.0,,40.77291080990686,0.04077291080989909,0.02037626727131612,,0.0,,315169.4492514693,BH_REINVERSION_DIVIDENDO,,,
1378,2026-05-12T13:30:00Z,OPEN_ENTRY,30ffe0fa733c104a08525a3d8ae1bf13c3838864ba1ac15ce6aa0056d6575399,benchmark,BH_BUY,NASDAQ,AAPL,2026-05-12,,,2.03751930721932,0.0,8.878301722013084,8.886483120574843,292.55999755859375,292.706277557373,USD,EURUSD,0.8499787505312366,2026-05-11T15:00:00Z,2.0354838233959267,0.0020354838233958006,0.0010172332950503054,,0.0,,315121.77164167026,BH_REINVERSION_DIVIDENDO,,,
1379,2026-05-12T20:00:00Z,CLOSE_DIVIDEND,30ffe0fa733c104a08525a3d8ae1bf13c3838864ba1ac15ce6aa0056d6575399,benchmark,BH_DIVIDEND,NYSE,V,2026-05-12,,,0.0,3.5350743537215283,,,,,USD,EURUSD,0.8519338899301414,2026-05-12T15:00:00Z,,,,3.5350743537215283,0.0,,312477.52546084713,DIVIDENDO_BRUTO,,,
1380,2026-05-13T13:30:00Z,OPEN_ENTRY,30ffe0fa733c104a08525a3d8ae1bf13c3838864ba1ac15ce6aa0056d6575399,benchmark,BH_BUY,NYSE,V,2026-05-13,,,3.5350743537215283,0.0,6.19323921850497,6.206035330847669,323.7900085449219,323.9519035491943,USD,EURUSD,0.8519338899301414,2026-05-12T15:00:00Z,3.531542810910618,0.003531542810910171,0.0017648889609744155,,0.0,,311134.4577696387,BH_REINVERSION_DIVIDENDO,,,
1381,2026-05-15T08:00:00Z,CLOSE_DIVIDEND,30ffe0fa733c104a08525a3d8ae1bf13c3838864ba1ac15ce6aa0056d6575399,benchmark,BH_DIVIDEND,HKG,0700.HK,2026-05-15,,,0.0,15.461856930466855,,,,,HKD,EURHKD,0.10909646309266653,2026-05-14T15:00:00Z,,,,15.461856930466855,0.0,,316363.066033719,DIVIDENDO_BRUTO,,,
1382,2026-05-15T20:00:00Z,CLOSE_DIVIDEND,30ffe0fa733c104a08525a3d8ae1bf13c3838864ba1ac15ce6aa0056d6575399,benchmark,BH_DIVIDEND,NYSE,LLY,2026-05-15,,,15.461856930466855,21.619125917669283,,,,,USD,EURUSD,0.8599931200550395,2026-05-15T15:00:00Z,,,,6.157268987202429,0.0,,314270.6448374187,DIVIDENDO_BRUTO,,,
1383,2026-05-15T20:00:00Z,CLOSE_DIVIDEND,30ffe0fa733c104a08525a3d8ae1bf13c3838864ba1ac15ce6aa0056d6575399,benchmark,BH_DIVIDEND,NYSE,XOM,2026-05-15,,,21.619125917669283,33.602942211464374,,,,,USD,EURUSD,0.8599931200550395,2026-05-15T15:00:00Z,,,,11.983816293795092,0.0,,314282.62865371245,DIVIDENDO_BRUTO,,,
1384,2026-05-18T01:30:00Z,OPEN_ENTRY,30ffe0fa733c104a08525a3d8ae1bf13c3838864ba1ac15ce6aa0056d6575399,benchmark,BH_BUY,HKG,0700.HK,2026-05-18,,,33.602942211464374,18.14108528099752,26.740843961517978,27.049838337736237,455.0,455.22749999999996,HKD,EURHKD,0.10981167298083785,2026-05-15T15:00:00Z,15.446410519946909,0.015446410519945886,0.007719345587178632,,0.0,,311595.89086844743,BH_REINVERSION_DIVIDENDO,,,
1385,2026-05-18T13:30:00Z,OPEN_ENTRY,30ffe0fa733c104a08525a3d8ae1bf13c3838864ba1ac15ce6aa0056d6575399,benchmark,BH_BUY,NYSE,LLY,2026-05-18,,,18.14108528099752,11.98381629379509,4.138538947005194,4.14568353429737,1000.6099853515625,1001.1102903442383,USD,EURUSD,0.8599931200550395,2026-05-15T15:00:00Z,6.151117869333097,0.00615111786933209,0.0030740219237045123,,0.0,,311393.71800065687,BH_REINVERSION_DIVIDENDO,,,
1386,2026-05-18T13:30:00Z,OPEN_ENTRY,30ffe0fa733c104a08525a3d8ae1bf13c3838864ba1ac15ce6aa0056d6575399,benchmark,BH_BUY,NYSE,XOM,2026-05-18,,,11.98381629379509,0.0,13.528914161577607,13.617357481727836,157.32000732421875,157.39866732788084,USD,EURUSD,0.8599931200550395,2026-05-15T15:00:00Z,11.971844449345747,0.01197184444934507,0.005982930759292052,,0.0,,311393.7456815734,BH_REINVERSION_DIVIDENDO,,,
1387,2026-05-18T15:30:00Z,CLOSE_DIVIDEND,30ffe0fa733c104a08525a3d8ae1bf13c3838864ba1ac15ce6aa0056d6575399,benchmark,BH_DIVIDEND,MIL,ENI.MI,2026-05-18,,,0.0,29.259205017725673,,,,,EUR,EUR,1.0,,,,,29.259205017725673,0.0,,311055.57226484106,DIVIDENDO_BRUTO,,,
1388,2026-05-19T07:00:00Z,OPEN_ENTRY,30ffe0fa733c104a08525a3d8ae1bf13c3838864ba1ac15ce6aa0056d6575399,benchmark,BH_BUY,MIL,ENI.MI,2026-05-19,,,29.259205017725673,0.0,108.36742599157655,109.59496247458242,23.799999237060547,23.811899236679075,EUR,EUR,1.0,,29.229975042682995,0.029229975042678547,0.014607683679499026,,0.0,,309759.83170910453,BH_REINVERSION_DIVIDENDO,,,
1389,2026-05-19T20:00:00Z,CLOSE_DIVIDEND,30ffe0fa733c104a08525a3d8ae1bf13c3838864ba1ac15ce6aa0056d6575399,benchmark,BH_DIVIDEND,NYSE,CVX,2026-05-19,,,0.0,12.214540637833721,,,,,USD,EURUSD,0.8605851979345955,2026-05-19T15:00:00Z,,,,12.214540637833721,0.0,,310039.88338905113,DIVIDENDO_BRUTO,,,
1390,2026-05-20T13:30:00Z,OPEN_ENTRY,30ffe0fa733c104a08525a3d8ae1bf13c3838864ba1ac15ce6aa0056d6575399,benchmark,BH_BUY,NYSE,CVX,2026-05-20,,,12.214540637833721,0.0,7.9737619220015645,8.04597609315323,196.25,196.34812499999998,USD,EURUSD,0.8605851979345955,2026-05-19T15:00:00Z,12.202338299534189,0.012202338299532656,0.006098120089721103,,0.0,,309007.64893872046,BH_REINVERSION_DIVIDENDO,,,
1391,2026-05-21T15:30:00Z,CLOSE_DIVIDEND,30ffe0fa733c104a08525a3d8ae1bf13c3838864ba1ac15ce6aa0056d6575399,benchmark,BH_DIVIDEND,MCE,IBE.MC,2026-05-21,,,0.0,0.6550136825835249,,,,,EUR,EUR,1.0,,,,,0.6550136825835249,0.0,,316408.47235798714,DIVIDENDO_BRUTO,,,
1392,2026-05-21T15:30:00Z,CLOSE_DIVIDEND,30ffe0fa733c104a08525a3d8ae1bf13c3838864ba1ac15ce6aa0056d6575399,benchmark,BH_DIVIDEND,XETRA,R6C0.DE,2026-05-21,,,0.6550136825835249,16.64188784247704,,,,,EUR,EUR,1.0,,,,,15.986874159893516,0.0,,316424.459232147,DIVIDENDO_BRUTO,,,
1393,2026-05-21T20:00:00Z,CLOSE_DIVIDEND,30ffe0fa733c104a08525a3d8ae1bf13c3838864ba1ac15ce6aa0056d6575399,benchmark,BH_DIVIDEND,NASDAQ,AMAT,2026-05-21,,,16.64188784247704,22.266627211462964,,,,,USD,EURUSD,0.8621432882145013,2026-05-21T15:00:00Z,,,,5.624739368985925,0.0,,316246.2604451774,DIVIDENDO_BRUTO,,,
1394,2026-05-21T20:00:00Z,CLOSE_DIVIDEND,30ffe0fa733c104a08525a3d8ae1bf13c3838864ba1ac15ce6aa0056d6575399,benchmark,BH_DIVIDEND,NASDAQ,MSFT,2026-05-21,,,22.266627211462964,26.115412202247878,,,,,USD,EURUSD,0.8621432882145013,2026-05-21T15:00:00Z,,,,3.8487849907849125,0.0,,316250.10923016816,DIVIDENDO_BRUTO,,,
1395,2026-05-22T07:00:00Z,OPEN_ENTRY,30ffe0fa733c104a08525a3d8ae1bf13c3838864ba1ac15ce6aa0056d6575399,benchmark,BH_BUY,MCE,IBE.MC,2026-05-22,,,26.115412202247878,25.460398519664352,131.00273651670497,131.03600367398792,19.65999984741211,19.669829847335816,EUR,EUR,1.0,,0.6543593232602647,0.0006543593232601896,0.00032701615355336605,,0.0,,317414.3957235823,BH_REINVERSION_DIVIDENDO,,,
1396,2026-05-22T07:00:00Z,OPEN_ENTRY,30ffe0fa733c104a08525a3d8ae1bf13c3838864ba1ac15ce6aa0056d6575399,benchmark,BH_BUY,XETRA,R6C0.DE,2026-05-22,,,25.460398519664352,9.473524359770837,47.42644233467471,47.85601504353603,37.15999984741211,37.17857984733581,EUR,EUR,1.0,,15.97090325663688,0.015970903256635083,0.007981460897867748,,0.0,,317414.5135309986,BH_REINVERSION_DIVIDENDO,,,
1397,2026-05-22T13:30:00Z,OPEN_ENTRY,30ffe0fa733c104a08525a3d8ae1bf13c3838864ba1ac15ce6aa0056d6575399,benchmark,BH_BUY,NASDAQ,AMAT,2026-05-22,,,9.473524359770837,3.848784990784911,12.309689045446744,12.324686997109623,434.3500061035156,434.5671811065674,USD,EURUSD,0.8621432882145013,2026-05-21T15:00:00Z,5.619120248737189,0.005619120248736564,0.0028081560463453217,,0.0,,317461.6153903008,BH_REINVERSION_DIVIDENDO,,,
1398,2026-05-22T13:30:00Z,OPEN_ENTRY,30ffe0fa733c104a08525a3d8ae1bf13c3838864ba1ac15ce6aa0056d6575399,benchmark,BH_BUY,NASDAQ,MSFT,2026-05-22,,,3.848784990784911,0.0,4.905720561331231,4.916345333976165,419.5400085449219,419.74977854919433,USD,EURUSD,0.8621432882145013,2026-05-21T15:00:00Z,3.844940050734179,0.0038449400507336584,0.0019215092707316863,,0.0,,317461.6055017053,BH_REINVERSION_DIVIDENDO,,,
1399,2026-05-26T15:30:00Z,CLOSE_DIVIDEND,30ffe0fa733c104a08525a3d8ae1bf13c3838864ba1ac15ce6aa0056d6575399,benchmark,BH_DIVIDEND,PAR,SAF.PA,2026-05-26,,,0.0,42.86592624652547,,,,,EUR,EUR,1.0,,,,,42.86592624652547,0.0,,320997.53885903436,DIVIDENDO_BRUTO,,,
1400,2026-05-27T07:00:00Z,OPEN_ENTRY,30ffe0fa733c104a08525a3d8ae1bf13c3838864ba1ac15ce6aa0056d6575399,benchmark,BH_BUY,PAR,SAF.PA,2026-05-27,,,42.86592624652547,0.0,12.795798879559841,12.939815368571356,297.20001220703125,297.34861221313474,EUR,EUR,1.0,,42.82310314338209,0.042823103143376784,0.021400851146114713,,0.0,,325526.2405351906,BH_REINVERSION_DIVIDENDO,,,
1401,2026-05-29T15:30:00Z,CLOSE_DIVIDEND,30ffe0fa733c104a08525a3d8ae1bf13c3838864ba1ac15ce6aa0056d6575399,benchmark,BH_DIVIDEND,XETRA,DBK.DE,2026-05-29,,,0.0,129.45383348858834,,,,,EUR,EUR,1.0,,,,,129.45383348858834,0.0,,329553.2047123121,DIVIDENDO_BRUTO,,,
1402,2026-06-01T07:00:00Z,OPEN_ENTRY,30ffe0fa733c104a08525a3d8ae1bf13c3838864ba1ac15ce6aa0056d6575399,benchmark,BH_BUY,XETRA,DBK.DE,2026-06-01,,,129.45383348858834,0.0,129.45383348858834,134.11184714769064,27.75,27.763875,EUR,EUR,1.0,,129.32450897960874,0.12932450897960734,0.06462993952003852,,0.0,,333350.9702284976,BH_REINVERSION_DIVIDENDO,,,
1403,2026-06-01T20:00:00Z,CLOSE_DIVIDEND,30ffe0fa733c104a08525a3d8ae1bf13c3838864ba1ac15ce6aa0056d6575399,benchmark,BH_DIVIDEND,NYSE,GS,2026-06-01,,,0.0,17.324651374371587,,,,,USD,EURUSD,0.858663918942126,2026-06-01T15:00:00Z,,,,17.324651374371587,0.0,,332386.3597197177,DIVIDENDO_BRUTO,,,
1404,2026-06-01T20:00:00Z,CLOSE_DIVIDEND,30ffe0fa733c104a08525a3d8ae1bf13c3838864ba1ac15ce6aa0056d6575399,benchmark,BH_DIVIDEND,NYSE,LMT,2026-06-01,,,17.324651374371587,26.276595410535723,,,,,USD,EURUSD,0.858663918942126,2026-06-01T15:00:00Z,,,,8.951944036164136,0.0,,332395.3116637539,DIVIDENDO_BRUTO,,,
1405,2026-06-02T13:30:00Z,OPEN_ENTRY,30ffe0fa733c104a08525a3d8ae1bf13c3838864ba1ac15ce6aa0056d6575399,benchmark,BH_BUY,NYSE,GS,2026-06-02,,,26.276595410535723,8.951944036164136,4.483619775687367,4.5028112516864125,1049.739990234375,1050.2648602294921,USD,EURUSD,0.858663918942126,2026-06-01T15:00:00Z,17.30734403034125,0.017307344030339067,0.008649347341498675,,0.0,,336832.56739505974,BH_REINVERSION_DIVIDENDO,,,
1406,2026-06-02T13:30:00Z,OPEN_ENTRY,30ffe0fa733c104a08525a3d8ae1bf13c3838864ba1ac15ce6aa0056d6575399,benchmark,BH_BUY,NYSE,LMT,2026-06-02,,,8.951944036164136,0.0,3.021864934642537,3.0420978094694795,514.5,514.75725,USD,EURUSD,0.858663918942126,2026-06-01T15:00:00Z,8.943001035129008,0.008943001035127907,0.004469265884622177,,0.0,,336832.58872927196,BH_REINVERSION_DIVIDENDO,,,
1407,2026-06-04T20:00:00Z,CLOSE_DIVIDEND,30ffe0fa733c104a08525a3d8ae1bf13c3838864ba1ac15ce6aa0056d6575399,benchmark,BH_DIVIDEND,NASDAQ,NVDA,2026-06-04,,,0.0,15.861603158028462,,,,,USD,EURUSD,0.859106529209622,2026-06-04T15:00:00Z,,,,15.861603158028462,0.0,,336601.7707324362,DIVIDENDO_BRUTO,,,
1408,2026-06-04T20:00:00Z,CLOSE_DIVIDEND,30ffe0fa733c104a08525a3d8ae1bf13c3838864ba1ac15ce6aa0056d6575399,benchmark,BH_DIVIDEND,NASDAQ,QCOM,2026-06-04,,,15.861603158028462,23.535814183869963,,,,,USD,EURUSD,0.859106529209622,2026-06-04T15:00:00Z,,,,7.6742110258415,0.0,,336609.4449434621,DIVIDENDO_BRUTO,,,
1409,2026-06-05T13:30:00Z,OPEN_ENTRY,30ffe0fa733c104a08525a3d8ae1bf13c3838864ba1ac15ce6aa0056d6575399,benchmark,BH_BUY,NASDAQ,NVDA,2026-06-05,,,23.535814183869963,7.674211025841501,73.85162430378051,73.9375574790811,214.52999877929688,214.6372637786865,USD,EURUSD,0.859106529209622,2026-06-04T15:00:00Z,15.845757400627836,0.015845757400626326,0.007918919240692044,,0.0,,333860.5894512791,BH_REINVERSION_DIVIDENDO,,,
1410,2026-06-05T13:30:00Z,OPEN_ENTRY,30ffe0fa733c104a08525a3d8ae1bf13c3838864ba1ac15ce6aa0056d6575399,benchmark,BH_BUY,NASDAQ,QCOM,2026-06-05,,,7.674211025841501,0.0,9.709545254434245,9.74707691151962,237.64999389648438,237.7688188934326,USD,EURUSD,0.859106529209622,2026-06-04T15:00:00Z,7.666544481360141,0.007666544481359061,0.0038313565623986144,,0.0,,333860.736592774,BH_REINVERSION_DIVIDENDO,,,
1411,2026-06-08T20:00:00Z,CLOSE_DIVIDEND,30ffe0fa733c104a08525a3d8ae1bf13c3838864ba1ac15ce6aa0056d6575399,benchmark,BH_DIVIDEND,NASDAQ,GOOGL,2026-06-08,,,0.0,2.092745990676549,,,,,USD,EURUSD,0.8665511265164645,2026-06-08T15:00:00Z,,,,2.092745990676549,0.0,,322216.9571815704,DIVIDENDO_BRUTO,,,
1412,2026-06-09T13:30:00Z,OPEN_ENTRY,30ffe0fa733c104a08525a3d8ae1bf13c3838864ba1ac15ce6aa0056d6575399,benchmark,BH_BUY,NASDAQ,GOOGL,2026-06-09,,,2.092745990676549,0.0,10.977403969276079,10.983972959375956,367.0899963378906,367.27354133605957,USD,EURUSD,0.8665511265164645,2026-06-08T15:00:00Z,2.090655335341208,0.0020906553353410295,0.0010448052650380592,,0.0,,326623.2083881482,BH_REINVERSION_DIVIDENDO,,,
1413,2026-06-10T08:00:00Z,CLOSE_DIVIDEND,30ffe0fa733c104a08525a3d8ae1bf13c3838864ba1ac15ce6aa0056d6575399,benchmark,BH_DIVIDEND,HKG,9988.HK,2026-06-10,,,0.0,11.071032757423062,,,,,HKD,EURHKD,0.1102645245945022,2026-06-09T15:00:00Z,,,,11.071032757423062,0.0,,320027.3877601014,DIVIDENDO_BRUTO,,,
1414,2026-06-10T20:00:00Z,CLOSE_DIVIDEND,30ffe0fa733c104a08525a3d8ae1bf13c3838864ba1ac15ce6aa0056d6575399,benchmark,BH_DIVIDEND,NYSE,INFY,2026-06-10,,,11.071032757423062,27.01040621135883,,,,,USD,EURUSD,0.8666262241095416,2026-06-10T15:00:00Z,,,,15.939373453935769,0.0,,319398.490420075,DIVIDENDO_BRUTO,,,
1415,2026-06-11T01:30:00Z,OPEN_ENTRY,30ffe0fa733c104a08525a3d8ae1bf13c3838864ba1ac15ce6aa0056d6575399,benchmark,BH_BUY,HKG,9988.HK,2026-06-11,,,27.01040621135883,15.939373453935769,97.58584822896614,98.47597224251209,112.30000305175781,112.35615305328369,HKD,EURHKD,0.11058766284033353,2026-06-10T15:00:00Z,11.059972784638425,0.01105997278463633,0.005527222780928726,,0.0,,314529.1101466101,BH_REINVERSION_DIVIDENDO,,,
1416,2026-06-11T13:30:00Z,OPEN_ENTRY,30ffe0fa733c104a08525a3d8ae1bf13c3838864ba1ac15ce6aa0056d6575399,benchmark,BH_BUY,NYSE,INFY,2026-06-11,,,15.939373453935769,0.0,71.01329354631847,72.58294199210184,11.699999809265137,11.705849809169768,USD,EURUSD,0.8666262241095416,2026-06-10T15:00:00Z,15.923450003931839,0.01592345000393003,0.007957746128900059,,0.0,,314193.5697684843,BH_REINVERSION_DIVIDENDO,,,
1417,2026-06-11T15:30:00Z,CLOSE_DIVIDEND,30ffe0fa733c104a08525a3d8ae1bf13c3838864ba1ac15ce6aa0056d6575399,benchmark,BH_DIVIDEND,XETRA,EQQQ.DE,2026-06-11,,,0.0,1.7052619101148587,,,,,EUR,EUR,1.0,,,,,1.7052619101148587,0.0,,314221.4161280097,DIVIDENDO_BRUTO,,,
1418,2026-06-11T20:00:00Z,CLOSE_DIVIDEND,30ffe0fa733c104a08525a3d8ae1bf13c3838864ba1ac15ce6aa0056d6575399,benchmark,BH_DIVIDEND,NYSE,CRM,2026-06-11,,,1.7052619101148587,4.365798170764322,,,,,USD,EURUSD,0.8667764583513912,2026-06-11T15:00:00Z,,,,2.6605362606494634,0.0,,315928.32558959955,DIVIDENDO_BRUTO,,,
1419,2026-06-11T20:00:00Z,CLOSE_DIVIDEND,30ffe0fa733c104a08525a3d8ae1bf13c3838864ba1ac15ce6aa0056d6575399,benchmark,BH_DIVIDEND,NYSE,TSM,2026-06-11,,,4.365798170764322,16.19357022382914,,,,,USD,EURUSD,0.8667764583513912,2026-06-11T15:00:00Z,,,,11.82777205306482,0.0,,315940.1533616526,DIVIDENDO_BRUTO,,,
1420,2026-06-12T07:00:00Z,OPEN_ENTRY,30ffe0fa733c104a08525a3d8ae1bf13c3838864ba1ac15ce6aa0056d6575399,benchmark,BH_BUY,XETRA,EQQQ.DE,2026-06-12,,,16.19357022382914,14.488308313714283,4.1914495520750235,4.194200290359779,619.0,619.3095,EUR,EUR,1.0,,1.703558351763096,0.001703558351762835,0.0008513534991318644,,0.0,,322490.9640722,BH_REINVERSION_DIVIDENDO,,,
1421,2026-06-12T13:30:00Z,OPEN_ENTRY,30ffe0fa733c104a08525a3d8ae1bf13c3838864ba1ac15ce6aa0056d6575399,benchmark,BH_BUY,NYSE,CRM,2026-06-12,,,14.488308313714283,11.82777205306482,6.976047008889285,6.994651244390658,164.74000549316406,164.82237549591065,USD,EURUSD,0.8667764583513912,2026-06-11T15:00:00Z,2.6578783822671963,0.0026578783822670538,0.0013282750536068608,,0.0,,322571.83542365546,BH_REINVERSION_DIVIDENDO,,,
1422,2026-06-12T13:30:00Z,OPEN_ENTRY,30ffe0fa733c104a08525a3d8ae1bf13c3838864ba1ac15ce6aa0056d6575399,benchmark,BH_BUY,NYSE,TSM,2026-06-12,,,11.82777205306482,0.0,14.288691746199877,14.321128971094707,420.04998779296875,420.2600127868652,USD,EURUSD,0.8667764583513912,2026-06-11T15:00:00Z,11.815956096967852,0.011815956096967284,0.0059050255357156085,,0.0,,322571.84638136235,BH_REINVERSION_DIVIDENDO,,,
1423,2026-06-15T15:30:00Z,CLOSE_DIVIDEND,30ffe0fa733c104a08525a3d8ae1bf13c3838864ba1ac15ce6aa0056d6575399,benchmark,BH_DIVIDEND,XETRA,EXSA.DE,2026-06-15,,,0.0,20.83958984775989,,,,,EUR,EUR,1.0,,,,,20.83958984775989,0.0,,326972.6786033549,DIVIDENDO_BRUTO,,,
1424,2026-06-15T20:00:00Z,CLOSE_DIVIDEND,30ffe0fa733c104a08525a3d8ae1bf13c3838864ba1ac15ce6aa0056d6575399,benchmark,BH_DIVIDEND,NASDAQ,META,2026-06-15,,,20.83958984775989,24.02398006392547,,,,,USD,EURUSD,0.8615490652192642,2026-06-15T15:00:00Z,,,,3.1843902161655815,0.0,,328975.46232286486,DIVIDENDO_BRUTO,,,
1425,2026-06-16T07:00:00Z,OPEN_ENTRY,30ffe0fa733c104a08525a3d8ae1bf13c3838864ba1ac15ce6aa0056d6575399,benchmark,BH_BUY,XETRA,EXSA.DE,2026-06-16,,,24.02398006392547,3.184390216165582,29.65236028008072,29.98113839024396,63.290000915527344,63.3216459159851,EUR,EUR,1.0,,20.81877107668321,0.020818771076680065,0.01040418344661628,,0.0,,336580.12442525546,BH_REINVERSION_DIVIDENDO,,,
1426,2026-06-16T13:30:00Z,OPEN_ENTRY,30ffe0fa733c104a08525a3d8ae1bf13c3838864ba1ac15ce6aa0056d6575399,benchmark,BH_BUY,NASDAQ,META,2026-06-16,,,3.184390216165582,0.0,7.040231855054077,7.0464486222583735,593.6500244140625,593.9468494262695,USD,EURUSD,0.8615490652192642,2026-06-15T15:00:00Z,3.1812090071584236,0.0031812090071579036,0.0015898095987797781,,0.0,,336467.21224225307,BH_REINVERSION_DIVIDENDO,,,
1427,2026-06-22T20:00:00Z,CLOSE_DIVIDEND,30ffe0fa733c104a08525a3d8ae1bf13c3838864ba1ac15ce6aa0056d6575399,benchmark,BH_DIVIDEND,NASDAQ,AVGO,2026-06-22,,,0.0,13.472473700286272,,,,,USD,EURUSD,0.8729050279329609,2026-06-22T15:00:00Z,,,,13.472473700286272,0.0,,342502.23936057213,DIVIDENDO_BRUTO,,,
1428,2026-06-23T13:30:00Z,OPEN_ENTRY,30ffe0fa733c104a08525a3d8ae1bf13c3838864ba1ac15ce6aa0056d6575399,benchmark,BH_BUY,NASDAQ,AVGO,2026-06-23,,,13.472473700286272,0.0,23.74471672468916,23.785500438538065,377.8699951171875,378.0589301147461,USD,EURUSD,0.8729050279329609,2026-06-22T15:00:00Z,13.459014685600673,0.013459014685599513,0.006726144270664875,,0.0,,340797.3653279104,BH_REINVERSION_DIVIDENDO,,,
1429,2026-06-30T15:30:00Z,CLOSE_DIVIDEND,30ffe0fa733c104a08525a3d8ae1bf13c3838864ba1ac15ce6aa0056d6575399,benchmark,BH_DIVIDEND,PAR,TTE.PA,2026-06-30,,,0.0,22.025232572045304,,,,,EUR,EUR,1.0,,,,,22.025232572045304,0.0,,336859.3568735461,DIVIDENDO_BRUTO,,,
1430,2026-07-01T07:00:00Z,OPEN_ENTRY,30ffe0fa733c104a08525a3d8ae1bf13c3838864ba1ac15ce6aa0056d6575399,benchmark,BH_BUY,PAR,TTE.PA,2026-07-01,,,22.025232572045304,0.0,25.9120383200533,26.23669485857752,67.73999786376953,67.77386786270141,EUR,EUR,1.0,,22.003229342702603,0.022003229342701047,0.010996116613042234,,0.0,,342580.4309634132,BH_REINVERSION_DIVIDENDO,,,
1431,2026-07-06T15:30:00Z,CLOSE_DIVIDEND,30ffe0fa733c104a08525a3d8ae1bf13c3838864ba1ac15ce6aa0056d6575399,benchmark,BH_DIVIDEND,MCE,IBE.MC,2026-07-06,,,0.0,55.952373568792844,,,,,EUR,EUR,1.0,,,,,55.952373568792844,0.0,,338764.93224956136,DIVIDENDO_BRUTO,,,
1432,2026-07-06T20:00:00Z,CLOSE_DIVIDEND,30ffe0fa733c104a08525a3d8ae1bf13c3838864ba1ac15ce6aa0056d6575399,benchmark,BH_DIVIDEND,NASDAQ,MU,2026-07-06,,,55.952373568792844,58.57503153347721,,,,,USD,EURUSD,0.8760402978537013,2026-07-06T15:00:00Z,,,,2.6226579646843633,0.0,,339209.6442024902,DIVIDENDO_BRUTO,,,
1433,2026-07-07T07:00:00Z,OPEN_ENTRY,30ffe0fa733c104a08525a3d8ae1bf13c3838864ba1ac15ce6aa0056d6575399,benchmark,BH_BUY,MCE,IBE.MC,2026-07-07,,,58.57503153347721,2.6226579646843646,131.03600367398792,133.70403334903136,20.940000534057617,20.950470534324644,EUR,EUR,1.0,,55.89647709170115,0.055896477091692987,0.027934271410140803,,0.0,,341354.929422963,BH_REINVERSION_DIVIDENDO,,,
1434,2026-07-07T13:30:00Z,OPEN_ENTRY,30ffe0fa733c104a08525a3d8ae1bf13c3838864ba1ac15ce6aa0056d6575399,benchmark,BH_BUY,NASDAQ,MU,2026-07-07,,,2.6226579646843646,0.0,19.958427111248007,19.961665731222265,923.010009765625,923.4715147705077,USD,EURUSD,0.8760402978537013,2026-07-06T15:00:00Z,2.620037926757606,0.002620037926757135,0.001309364281237934,,0.0,,341365.49308151996,BH_REINVERSION_DIVIDENDO,,,
1435,2026-07-09T20:00:00Z,CLOSE_DIVIDEND,30ffe0fa733c104a08525a3d8ae1bf13c3838864ba1ac15ce6aa0056d6575399,benchmark,BH_DIVIDEND,NYSE,MA,2026-07-09,,,0.0,2.82364207904185,,,,,USD,EURUSD,0.8745080891998251,2026-07-09T15:00:00Z,,,,2.82364207904185,0.0,,333713.17477389425,DIVIDENDO_BRUTO,,,
1436,2026-07-10T13:30:00Z,OPEN_ENTRY,30ffe0fa733c104a08525a3d8ae1bf13c3838864ba1ac15ce6aa0056d6575399,benchmark,BH_BUY,NYSE,MA,2026-07-10,,,2.82364207904185,0.0,3.711304272855581,3.71741889761378,527.260009765625,527.5236397705078,USD,EURUSD,0.8745080891998251,2026-07-09T15:00:00Z,2.820821257784066,0.002820821257783823,0.0014097057760038075,,0.0,,336296.5998006522,BH_REINVERSION_DIVIDENDO,,,
1437,2026-07-10T20:00:00Z,CLOSE_DIVIDEND,30ffe0fa733c104a08525a3d8ae1bf13c3838864ba1ac15ce6aa0056d6575399,benchmark,BH_DIVIDEND,NASDAQ,MRVL,2026-07-10,,,0.0,1.2496094588206126,,,,,USD,EURUSD,0.8748906386701663,2026-07-10T15:00:00Z,,,,1.2496094588206126,0.0,,336213.96519487095,DIVIDENDO_BRUTO,,,
1438,2026-07-10T20:00:00Z,CLOSE_DIVIDEND,30ffe0fa733c104a08525a3d8ae1bf13c3838864ba1ac15ce6aa0056d6575399,benchmark,BH_DIVIDEND,NYSE,ORCL,2026-07-10,,,1.2496094588206126,8.681314454639207,,,,,USD,EURUSD,0.8748906386701663,2026-07-10T15:00:00Z,,,,7.431704995818595,0.0,,336221.39689986676,DIVIDENDO_BRUTO,,,
1439,2026-07-13T13:30:00Z,OPEN_ENTRY,30ffe0fa733c104a08525a3d8ae1bf13c3838864ba1ac15ce6aa0056d6575399,benchmark,BH_BUY,NASDAQ,MRVL,2026-07-13,,,8.681314454639207,7.431704995818594,23.805060190532668,23.811293968225126,228.77999877929688,228.8943887786865,USD,EURUSD,0.8748906386701663,2026-07-10T15:00:00Z,1.2483610977228898,0.00124836109772275,0.0006238686145540662,,0.0,,334592.7916906716,BH_REINVERSION_DIVIDENDO,,,
1440,2026-07-13T13:30:00Z,OPEN_ENTRY,30ffe0fa733c104a08525a3d8ae1bf13c3838864ba1ac15ce6aa0056d6575399,benchmark,BH_BUY,NYSE,ORCL,2026-07-13,,,7.431704995818594,0.0,16.988877620441308,17.049883964941294,139.02999877929688,139.09951377868651,USD,EURUSD,0.8748906386701663,2026-07-10T15:00:00Z,7.4242807151034915,0.007424280715103038,0.0037102852149437883,,0.0,,334592.86648808455,BH_REINVERSION_DIVIDENDO,,,
1441,2026-07-15T15:30:00Z,CLOSE_DIVIDEND,30ffe0fa733c104a08525a3d8ae1bf13c3838864ba1ac15ce6aa0056d6575399,benchmark,BH_DIVIDEND,XETRA,EXH1.DE,2026-07-15,,,0.0,7.925521972073525,,,,,EUR,EUR,1.0,,,,,7.925521972073525,0.0,,334871.27446407353,DIVIDENDO_BRUTO,,,
1442,2026-07-15T15:30:00Z,CLOSE_DIVIDEND,30ffe0fa733c104a08525a3d8ae1bf13c3838864ba1ac15ce6aa0056d6575399,benchmark,BH_DIVIDEND,XETRA,EXV1.DE,2026-07-15,,,7.925521972073525,110.84413772143652,,,,,EUR,EUR,1.0,,,,,102.918615749363,0.0,,334974.19307982293,DIVIDENDO_BRUTO,,,
1443,2026-07-15T20:00:00Z,CLOSE_DIVIDEND,30ffe0fa733c104a08525a3d8ae1bf13c3838864ba1ac15ce6aa0056d6575399,benchmark,BH_DIVIDEND,NYSE,ABBV,2026-07-15,,,110.84413772143652,125.44077025549669,,,,,USD,EURUSD,0.8767315448009819,2026-07-15T15:00:00Z,,,,14.596632534060157,0.0,,334056.2600875915,DIVIDENDO_BRUTO,,,
1444,2026-07-16T07:00:00Z,OPEN_ENTRY,30ffe0fa733c104a08525a3d8ae1bf13c3838864ba1ac15ce6aa0056d6575399,benchmark,BH_BUY,XETRA,EXH1.DE,2026-07-16,,,125.44077025549669,117.51524828342316,37.97275710570116,38.12780505636698,51.040000915527344,51.065520915985104,EUR,EUR,1.0,,7.917604367705819,0.007917604367705167,0.003956823771966398,,0.0,,331583.93411935057,BH_REINVERSION_DIVIDENDO,,,
1445,2026-07-16T07:00:00Z,OPEN_ENTRY,30ffe0fa733c104a08525a3d8ae1bf13c3838864ba1ac15ce6aa0056d6575399,benchmark,BH_BUY,XETRA,EXV1.DE,2026-07-16,,,117.51524828342316,14.596632534060163,105.14474018863682,107.66718529189413,40.7400016784668,40.760371679306026,EUR,EUR,1.0,,102.8157999494136,0.10281579994939705,0.05138220887026035,,0.0,,331583.46461570385,BH_REINVERSION_DIVIDENDO,,,
1446,2026-07-16T13:30:00Z,OPEN_ENTRY,30ffe0fa733c104a08525a3d8ae1bf13c3838864ba1ac15ce6aa0056d6575399,benchmark,BH_BUY,NYSE,ABBV,2026-07-16,,,14.596632534060163,0.0,9.623652640664172,9.691574907443213,244.75,244.87237499999998,USD,EURUSD,0.8767315448009819,2026-07-15T15:00:00Z,14.582050483576582,0.014582050483575415,0.007287381551011405,,0.0,,331795.9325362998,BH_REINVERSION_DIVIDENDO,,,
1447,2026-07-16T15:30:00Z,CLOSE_DIVIDEND,30ffe0fa733c104a08525a3d8ae1bf13c3838864ba1ac15ce6aa0056d6575399,benchmark,BH_DIVIDEND,XETRA,EUNH.DE,2026-07-16,,,0.0,14.944427322134578,,,,,EUR,EUR,1.0,,,,,14.944427322134578,0.0,,330759.78189325886,DIVIDENDO_BRUTO,,,
1448,2026-07-17T07:00:00Z,OPEN_ENTRY,30ffe0fa733c104a08525a3d8ae1bf13c3838864ba1ac15ce6aa0056d6575399,benchmark,BH_BUY,XETRA,EUNH.DE,2026-07-17,,,14.944427322134578,0.0,10.604149096810174,10.743016869846635,107.45500183105469,107.50872933197022,EUR,EUR,1.0,,14.92949782431027,0.014929497824308413,0.0074610184029537535,,0.0,,324670.9774272056,BH_REINVERSION_DIVIDENDO,,,
1449,2026-07-20T20:00:00Z,CLOSE_DIVIDEND,30ffe0fa733c104a08525a3d8ae1bf13c3838864ba1ac15ce6aa0056d6575399,benchmark,BH_DIVIDEND,NYSE,CAT,2026-07-20,,,0.0,8.516354593466422,,,,,USD,EURUSD,0.875196919306844,2026-07-20T15:00:00Z,,,,8.516354593466422,0.0,,322145.95339237555,DIVIDENDO_BRUTO,,,
1450,2026-07-21T13:30:00Z,OPEN_ENTRY,30ffe0fa733c104a08525a3d8ae1bf13c3838864ba1ac15ce6aa0056d6575399,benchmark,BH_BUY,NYSE,CAT,2026-07-21,,,8.516354593466422,0.0,5.969807827297385,5.980755790312091,887.489990234375,887.9337352294922,USD,EURUSD,0.875196919306844,2026-07-20T15:00:00Z,8.507846746719704,0.008507846746718783,0.0042517974746225234,,0.0,,324004.3848754584,BH_REINVERSION_DIVIDENDO,,,
1451,2026-07-27T15:30:00Z,CLOSE_DIVIDEND,30ffe0fa733c104a08525a3d8ae1bf13c3838864ba1ac15ce6aa0056d6575399,benchmark,BH_DIVIDEND,AMS,ASML.AS,2026-07-27,,,0.0,4.471691687269746,,,,,EUR,EUR,1.0,,,,,4.471691687269746,0.0,,322787.71813525393,DIVIDENDO_BRUTO,,,
1452,2026-07-28T07:00:00Z,OPEN_ENTRY,30ffe0fa733c104a08525a3d8ae1bf13c3838864ba1ac15ce6aa0056d6575399,benchmark,BH_BUY,AMS,ASML.AS,2026-07-28,,,4.471691687269746,0.0,2.3785594081222055,2.3817785804126332,1387.0,1387.6934999999999,EUR,EUR,1.0,,4.467224462806939,0.004467224462806563,0.0022324959834113074,,0.0,,320936.52931877243,BH_REINVERSION_DIVIDENDO,,,
1453,2026-08-06T15:30:00Z,CLOSE_DIVIDEND,30ffe0fa733c104a08525a3d8ae1bf13c3838864ba1ac15ce6aa0056d6575399,benchmark,BH_DIVIDEND,XETRA,RRU.DE,2026-08-06,,,0.0,77.06660631727246,,,,,EUR,EUR,1.0,,,,,77.06660631727246,0.0,,338769.9238534488,DIVIDENDO_BRUTO,,,
1454,2026-08-07T07:00:00Z,OPEN_ENTRY,30ffe0fa733c104a08525a3d8ae1bf13c3838864ba1ac15ce6aa0056d6575399,benchmark,BH_BUY,XETRA,RRU.DE,2026-08-07,,,77.06660631727246,0.0,1099.7888848541893,1104.0554153556698,18.035999298095703,18.04501729774475,EUR,EUR,1.0,,76.9896167005719,0.07698961670055837,0.03847557056499666,,0.0,,335855.2953000706,BH_REINVERSION_DIVIDENDO,,,
1455,2026-08-10T20:00:00Z,CLOSE_DIVIDEND,30ffe0fa733c104a08525a3d8ae1bf13c3838864ba1ac15ce6aa0056d6575399,benchmark,BH_DIVIDEND,NASDAQ,AAPL,2026-08-10,,,0.0,2.076460789749206,,,,,USD,EURUSD,0.8654262224145391,2026-08-10T15:00:00Z,,,,2.076460789749206,0.0,,341243.3093508251,DIVIDENDO_BRUTO,,,
1456,2026-08-11T13:30:00Z,OPEN_ENTRY,30ffe0fa733c104a08525a3d8ae1bf13c3838864ba1ac15ce6aa0056d6575399,benchmark,BH_BUY,NASDAQ,AAPL,2026-08-11,,,2.076460789749206,0.0,8.886483120574843,8.894267866671546,307.75,307.90387499999997,USD,EURUSD,0.8654262224145391,2026-08-10T15:00:00Z,2.0743864033458603,0.002074386403345674,0.0010366748642406138,,0.0,,341051.800421454,BH_REINVERSION_DIVIDENDO,,,
1457,2026-08-11T20:00:00Z,CLOSE_DIVIDEND,30ffe0fa733c104a08525a3d8ae1bf13c3838864ba1ac15ce6aa0056d6575399,benchmark,BH_DIVIDEND,NYSE,V,2026-08-11,,,0.0,3.603157427788508,,,,,USD,EURUSD,0.8665511265164645,2026-08-11T15:00:00Z,,,,3.603157427788508,0.0,,341663.09194137185,DIVIDENDO_BRUTO,,,
1458,2026-08-12T13:30:00Z,OPEN_ENTRY,30ffe0fa733c104a08525a3d8ae1bf13c3838864ba1ac15ce6aa0056d6575399,benchmark,BH_BUY,NYSE,V,2026-08-12,,,3.603157427788508,0.0,6.206035330847669,6.217536200307361,361.0,361.1805,USD,EURUSD,0.8665511265164645,2026-08-11T15:00:00Z,3.59955786991859,0.0035995578699181685,0.0017988794952116397,,0.0,,341037.5783191124,BH_REINVERSION_DIVIDENDO,,,
1459,2026-08-13T15:30:00Z,CLOSE_DIVIDEND,30ffe0fa733c104a08525a3d8ae1bf13c3838864ba1ac15ce6aa0056d6575399,benchmark,BH_DIVIDEND,XETRA,R6C0.DE,2026-08-13,,,0.0,16.131677870672164,,,,,EUR,EUR,1.0,,,,,16.131677870672164,0.0,,343215.62333771586,DIVIDENDO_BRUTO,,,
1460,2026-08-14T07:00:00Z,OPEN_ENTRY,30ffe0fa733c104a08525a3d8ae1bf13c3838864ba1ac15ce6aa0056d6575399,benchmark,BH_BUY,XETRA,R6C0.DE,2026-08-14,,,16.131677870672164,0.0,47.85601504353603,48.27309192079064,38.619998931884766,38.639308931350705,EUR,EUR,1.0,,16.115562308363803,0.016115562308360865,0.00805375427704203,,0.0,,346934.39746414486,BH_REINVERSION_DIVIDENDO,,,
1461,2026-08-14T20:00:00Z,CLOSE_DIVIDEND,30ffe0fa733c104a08525a3d8ae1bf13c3838864ba1ac15ce6aa0056d6575399,benchmark,BH_DIVIDEND,NYSE,LLY,2026-08-14,,,0.0,6.200425792629419,,,,,USD,EURUSD,0.864528399757932,2026-08-14T15:00:00Z,,,,6.200425792629419,0.0,,346431.32711797045,DIVIDENDO_BRUTO,,,
1462,2026-08-17T13:30:00Z,OPEN_ENTRY,30ffe0fa733c104a08525a3d8ae1bf13c3838864ba1ac15ce6aa0056d6575399,benchmark,BH_BUY,NYSE,LLY,2026-08-17,,,6.200425792629419,0.0,4.14568353429737,4.151777209672394,1175.199951171875,1175.7875511474608,USD,EURUSD,0.864528399757932,2026-08-14T15:00:00Z,6.194231561068351,0.006194231561067909,0.0030955679965352758,,0.0,,345379.5183103698,BH_REINVERSION_DIVIDENDO,,,
1463,2026-08-17T20:00:00Z,CLOSE_DIVIDEND,30ffe0fa733c104a08525a3d8ae1bf13c3838864ba1ac15ce6aa0056d6575399,benchmark,BH_DIVIDEND,NYSE,XOM,2026-08-17,,,0.0,12.098575180004891,,,,,USD,EURUSD,0.8625894936599672,2026-08-17T15:00:00Z,,,,12.098575180004891,0.0,,345537.92125110916,DIVIDENDO_BRUTO,,,
1464,2026-08-18T13:30:00Z,OPEN_ENTRY,30ffe0fa733c104a08525a3d8ae1bf13c3838864ba1ac15ce6aa0056d6575399,benchmark,BH_BUY,NYSE,XOM,2026-08-18,,,12.098575180004891,0.0,13.617357481727836,13.702571131790405,164.35000610351562,164.43218110656738,USD,EURUSD,0.8625894936599672,2026-08-17T15:00:00Z,12.08648869131358,0.012086488691311459,0.00604022423354012,,0.0,,344710.498999496,BH_REINVERSION_DIVIDENDO,,,
1465,2026-08-19T20:00:00Z,CLOSE_DIVIDEND,30ffe0fa733c104a08525a3d8ae1bf13c3838864ba1ac15ce6aa0056d6575399,benchmark,BH_DIVIDEND,NYSE,CVX,2026-08-19,,,0.0,12.341092154944205,,,,,USD,EURUSD,0.8616975441619991,2026-08-19T15:00:00Z,,,,12.341092154944205,0.0,,336583.2527368374,DIVIDENDO_BRUTO,,,
1466,2026-08-20T13:30:00Z,OPEN_ENTRY,30ffe0fa733c104a08525a3d8ae1bf13c3838864ba1ac15ce6aa0056d6575399,benchmark,BH_BUY,NYSE,CVX,2026-08-20,,,12.341092154944205,0.0,8.04597609315323,8.114431718542669,208.89999389648438,209.0044438934326,USD,EURUSD,0.8616975441619991,2026-08-19T15:00:00Z,12.328763391552654,0.012328763391550979,0.006161301045253164,,0.0,,337362.5419238709,BH_REINVERSION_DIVIDENDO,,,
1467,2026-08-20T20:00:00Z,CLOSE_DIVIDEND,30ffe0fa733c104a08525a3d8ae1bf13c3838864ba1ac15ce6aa0056d6575399,benchmark,BH_DIVIDEND,NASDAQ,AMAT,2026-08-20,,,0.0,5.592058991925436,,,,,USD,EURUSD,0.856091088091773,2026-08-20T15:00:00Z,,,,5.592058991925436,0.0,,335444.7230576225,DIVIDENDO_BRUTO,,,
1468,2026-08-20T20:00:00Z,CLOSE_DIVIDEND,30ffe0fa733c104a08525a3d8ae1bf13c3838864ba1ac15ce6aa0056d6575399,benchmark,BH_DIVIDEND,NASDAQ,MSFT,2026-08-20,,,5.592058991925436,9.42210286994813,,,,,USD,EURUSD,0.856091088091773,2026-08-20T15:00:00Z,,,,3.8300438780226953,0.0,,335448.55310150055,DIVIDENDO_BRUTO,,,
1469,2026-08-21T13:30:00Z,OPEN_ENTRY,30ffe0fa733c104a08525a3d8ae1bf13c3838864ba1ac15ce6aa0056d6575399,benchmark,BH_BUY,NASDAQ,AMAT,2026-08-21,,,9.42210286994813,3.8300438780226944,12.324686997109623,12.33765379114783,503.0,503.25149999999996,USD,EURUSD,0.856091088091773,2026-08-20T15:00:00Z,5.586472519406031,0.005586472519405028,0.0027918403395328553,,0.0,,335650.06587701314,BH_REINVERSION_DIVIDENDO,,,
1470,2026-08-21T13:30:00Z,OPEN_ENTRY,30ffe0fa733c104a08525a3d8ae1bf13c3838864ba1ac15ce6aa0056d6575399,benchmark,BH_BUY,NASDAQ,MSFT,2026-08-21,,,3.8300438780226944,0.0,4.916345333976165,4.925654267913782,479.8800048828125,480.11994488525386,USD,EURUSD,0.856091088091773,2026-08-20T15:00:00Z,3.8262176603623335,0.0038262176603618414,0.0019121527538038807,,0.0,,335650.0702595603,BH_REINVERSION_DIVIDENDO,,,
1471,2026-08-27T06:30:00Z,CLOSE_EXIT,30ffe0fa733c104a08525a3d8ae1bf13c3838864ba1ac15ce6aa0056d6575399,benchmark,BH_SELL_FINAL,JPX,6501.T,2026-08-27,,,0.0,3600.5056449411563,123.19703983533161,0.0,5433.0,5430.2835000000005,JPY,EURJPY,0.005387350501023597,2026-08-26T15:00:00Z,3604.109754695852,3.6041097546958523,,,0.0,,336308.80495218385,final,,,
1472,2026-08-27T06:30:00Z,CLOSE_EXIT,30ffe0fa733c104a08525a3d8ae1bf13c3838864ba1ac15ce6aa0056d6575399,benchmark,BH_SELL_FINAL,JPX,6758.T,2026-08-27,,,3600.5056449411563,5084.755394436024,71.29720434428047,0.0,3870.0,3868.065,JPY,EURJPY,0.005387350501023597,2026-08-26T15:00:00Z,1485.7354849798473,1.4857354849798474,,,0.0,,336303.5031531003,final,,,
1473,2026-08-27T06:30:00Z,CLOSE_EXIT,30ffe0fa733c104a08525a3d8ae1bf13c3838864ba1ac15ce6aa0056d6575399,benchmark,BH_SELL_FINAL,JPX,6857.T,2026-08-27,,,5084.755394436024,20820.621565745885,84.521176913581,0.0,34610.0,34592.695,JPY,EURJPY,0.005387350501023597,2026-08-26T15:00:00Z,15751.61778909896,15.75161778909896,,,0.0,,335783.5455133185,final,,,
1474,2026-08-27T06:30:00Z,CLOSE_EXIT,30ffe0fa733c104a08525a3d8ae1bf13c3838864ba1ac15ce6aa0056d6575399,benchmark,BH_SELL_FINAL,JPX,7011.T,2026-08-27,,,20820.621565745885,27364.941301626233,305.29006083370075,0.0,3985.0,3983.0075,JPY,EURJPY,0.005387350501023597,2026-08-26T15:00:00Z,6550.870606486836,6.550870606486836,,,0.0,,335880.62336541415,final,,,
1475,2026-08-27T06:30:00Z,CLOSE_EXIT,30ffe0fa733c104a08525a3d8ae1bf13c3838864ba1ac15ce6aa0056d6575399,benchmark,BH_SELL_FINAL,JPX,7203.T,2026-08-27,,,27364.941301626233,28760.69501097565,84.32527692904341,0.0,3077.0,3075.4615000000003,JPY,EURJPY,0.005387350501023597,2026-08-26T15:00:00Z,1397.1508602096287,1.3971508602096288,,,0.0,,335881.7073184218,final,,,
1476,2026-08-27T06:30:00Z,CLOSE_EXIT,30ffe0fa733c104a08525a3d8ae1bf13c3838864ba1ac15ce6aa0056d6575399,benchmark,BH_SELL_FINAL,JPX,8035.T,2026-08-27,,,28760.69501097565,31804.852022009818,10.10544640953685,0.0,56000.0,55972.0,JPY,EURJPY,0.005387350501023597,2026-08-26T15:00:00Z,3047.2042152494155,3.0472042152494154,,,0.0,,335904.35654080554,final,,,
1477,2026-08-27T08:00:00Z,CLOSE_EXIT,30ffe0fa733c104a08525a3d8ae1bf13c3838864ba1ac15ce6aa0056d6575399,benchmark,BH_SELL_FINAL,HKG,0700.HK,2026-08-27,,,31804.852022009818,33127.21778280736,27.049838337736237,0.0,447.79998779296875,447.5760877990723,HKD,EURHKD,0.10933382898002471,2026-08-26T15:00:00Z,1323.6894502477883,1.3236894502477883,,,0.0,,335909.4685672484,final,,,
1478,2026-08-27T08:00:00Z,CLOSE_EXIT,30ffe0fa733c104a08525a3d8ae1bf13c3838864ba1ac15ce6aa0056d6575399,benchmark,BH_SELL_FINAL,HKG,1810.HK,2026-08-27,,,33127.21778280736,35477.984250397516,783.5918701243115,0.0,27.479999542236328,27.466259542465213,HKD,EURHKD,0.10933382898002471,2026-08-26T15:00:00Z,2353.1195871773325,2.3531195871773325,,,0.0,,335821.9787009835,final,,,
1479,2026-08-27T08:00:00Z,CLOSE_EXIT,30ffe0fa733c104a08525a3d8ae1bf13c3838864ba1ac15ce6aa0056d6575399,benchmark,BH_SELL_FINAL,HKG,9988.HK,2026-08-27,,,35477.984250397516,36719.679746806614,98.47597224251209,0.0,115.5,115.44225,HKD,EURHKD,0.10933382898002471,2026-08-26T15:00:00Z,1242.9384348439414,1.2429384348439414,,,0.0,,335808.2705682514,final,,,
1480,2026-08-27T15:30:00Z,CLOSE_EXIT,30ffe0fa733c104a08525a3d8ae1bf13c3838864ba1ac15ce6aa0056d6575399,benchmark,BH_SELL_FINAL,AMS,ADYEN.AS,2026-08-27,,,36719.679746806614,37686.66083213699,0.8970297081237286,0.0,1079.5999755859375,1079.0601755981445,EUR,EUR,1.0,,967.9490343647429,0.967949034364743,,,0.0,,336156.2403658692,final,,,
1481,2026-08-27T15:30:00Z,CLOSE_EXIT,30ffe0fa733c104a08525a3d8ae1bf13c3838864ba1ac15ce6aa0056d6575399,benchmark,BH_SELL_FINAL,AMS,ASML.AS,2026-08-27,,,37686.66083213699,41221.627928738984,2.3817785804126332,0.0,1486.4000244140625,1485.6568244018556,EUR,EUR,1.0,,3538.505602204192,3.538505602204192,,,0.0,,336124.25591859414,final,,,
1482,2026-08-27T15:30:00Z,CLOSE_EXIT,30ffe0fa733c104a08525a3d8ae1bf13c3838864ba1ac15ce6aa0056d6575399,benchmark,BH_SELL_FINAL,MCE,BBVA.MC,2026-08-27,,,41221.627928738984,49497.02064460078,336.0835504333955,0.0,24.65999984741211,24.647669847488405,EUR,EUR,1.0,,8283.67639225405,8.283676392254051,,,0.0,,336014.3637947313,final,,,
1483,2026-08-27T15:30:00Z,CLOSE_EXIT,30ffe0fa733c104a08525a3d8ae1bf13c3838864ba1ac15ce6aa0056d6575399,benchmark,BH_SELL_FINAL,MCE,IBE.MC,2026-08-27,,,49497.02064460078,52175.10166897174,133.70403334903136,0.0,20.059999465942383,20.04996946620941,EUR,EUR,1.0,,2680.761786157124,2.680761786157124,,,0.0,,335996.97152718744,final,,,
1484,2026-08-27T15:30:00Z,CLOSE_EXIT,30ffe0fa733c104a08525a3d8ae1bf13c3838864ba1ac15ce6aa0056d6575399,benchmark,BH_SELL_FINAL,MCE,ITX.MC,2026-08-27,,,52175.10166897174,55446.786192818196,56.78678923563275,0.0,57.70000076293945,57.671150762557986,EUR,EUR,1.0,,3274.9594833297815,3.2749594833297815,,,0.0,,335960.2578054806,final,,,
1485,2026-08-27T15:30:00Z,CLOSE_EXIT,30ffe0fa733c104a08525a3d8ae1bf13c3838864ba1ac15ce6aa0056d6575399,benchmark,BH_SELL_FINAL,MIL,ENI.MI,2026-08-27,,,55446.786192818196,57931.95558248334,109.59496247458242,0.0,22.709999084472656,22.69864408493042,EUR,EUR,1.0,,2487.6570467118518,2.4876570467118517,,,0.0,,335922.00322597567,final,,,
1486,2026-08-27T15:30:00Z,CLOSE_EXIT,30ffe0fa733c104a08525a3d8ae1bf13c3838864ba1ac15ce6aa0056d6575399,benchmark,BH_SELL_FINAL,MIL,RACE.MI,2026-08-27,,,57931.95558248334,60384.65294745324,6.903824598416303,0.0,355.79998779296875,355.6220877990723,EUR,EUR,1.0,,2455.1525174873977,2.455152517487398,,,0.0,,335915.90350235725,final,,,
1487,2026-08-27T15:30:00Z,CLOSE_EXIT,30ffe0fa733c104a08525a3d8ae1bf13c3838864ba1ac15ce6aa0056d6575399,benchmark,BH_SELL_FINAL,PAR,AIR.PA,2026-08-27,,,60384.65294745324,62840.100017332574,12.090140687893863,0.0,203.39999389648438,203.29829389953613,EUR,EUR,1.0,,2457.9049748541865,2.457904974854187,,,0.0,,335882.59503784124,final,,,
1488,2026-08-27T15:30:00Z,CLOSE_EXIT,30ffe0fa733c104a08525a3d8ae1bf13c3838864ba1ac15ce6aa0056d6575399,benchmark,BH_SELL_FINAL,PAR,MC.PA,2026-08-27,,,62840.100017332574,63806.90994632202,2.164197252624411,0.0,447.3999938964844,447.1762938995362,EUR,EUR,1.0,,967.7777066961423,0.9677777066961424,,,0.0,,335867.29228000814,final,,,
1489,2026-08-27T15:30:00Z,CLOSE_EXIT,30ffe0fa733c104a08525a3d8ae1bf13c3838864ba1ac15ce6aa0056d6575399,benchmark,BH_SELL_FINAL,PAR,OR.PA,2026-08-27,,,63806.90994632202,65280.92081565535,3.8358436910766605,0.0,384.8500061035156,384.6575811004639,EUR,EUR,1.0,,1475.4863556890234,1.4754863556890234,,,0.0,,335856.06442533236,final,,,
1490,2026-08-27T15:30:00Z,CLOSE_EXIT,30ffe0fa733c104a08525a3d8ae1bf13c3838864ba1ac15ce6aa0056d6575399,benchmark,BH_SELL_FINAL,PAR,SAF.PA,2026-08-27,,,65280.92081565535,69715.20641138949,12.939815368571356,0.0,343.20001220703125,343.02841220092773,EUR,EUR,1.0,,4438.724320054194,4.438724320054194,,,0.0,,335756.23879489745,final,,,
1491,2026-08-27T15:30:00Z,CLOSE_EXIT,30ffe0fa733c104a08525a3d8ae1bf13c3838864ba1ac15ce6aa0056d6575399,benchmark,BH_SELL_FINAL,PAR,SU.PA,2026-08-27,,,69715.20641138949,72647.31077423603,9.868955726928156,0.0,297.54998779296875,297.40121279907225,EUR,EUR,1.0,,2935.0394022487835,2.935039402248784,,,0.0,,335735.5514837764,final,,,
1492,2026-08-27T15:30:00Z,CLOSE_EXIT,30ffe0fa733c104a08525a3d8ae1bf13c3838864ba1ac15ce6aa0056d6575399,benchmark,BH_SELL_FINAL,PAR,TTE.PA,2026-08-27,,,72647.31077423603,74590.36839342928,26.23669485857752,0.0,74.16999816894531,74.13291316986084,EUR,EUR,1.0,,1945.0026218150615,1.9450026218150616,,,0.0,,335703.5107460432,final,,,
1493,2026-08-27T15:30:00Z,CLOSE_EXIT,30ffe0fa733c104a08525a3d8ae1bf13c3838864ba1ac15ce6aa0056d6575399,benchmark,BH_SELL_FINAL,XETRA,ALV.DE,2026-08-27,,,74590.36839342928,77843.64949954627,7.318433597906472,0.0,445.20001220703125,444.97741220092774,EUR,EUR,1.0,,3256.5376437607465,3.2565376437607467,,,0.0,,335651.0553066494,final,,,
1494,2026-08-27T15:30:00Z,CLOSE_EXIT,30ffe0fa733c104a08525a3d8ae1bf13c3838864ba1ac15ce6aa0056d6575399,benchmark,BH_SELL_FINAL,XETRA,BSP.DE,2026-08-27,,,77843.64949954627,81150.75964984385,135.07653129444952,0.0,24.520000457763672,24.50774045753479,EUR,EUR,1.0,,3310.420570868445,3.310420570868445,,,0.0,,335655.54416374257,final,,,
1495,2026-08-27T15:30:00Z,CLOSE_EXIT,30ffe0fa733c104a08525a3d8ae1bf13c3838864ba1ac15ce6aa0056d6575399,benchmark,BH_SELL_FINAL,XETRA,DBK.DE,2026-08-27,,,81150.75964984385,85762.64557309425,134.11184714769064,0.0,34.439998626708984,34.42277862739563,EUR,EUR,1.0,,4616.502425676075,4.616502425676075,,,0.0,,335623.1366770215,final,,,
1496,2026-08-27T15:30:00Z,CLOSE_EXIT,30ffe0fa733c104a08525a3d8ae1bf13c3838864ba1ac15ce6aa0056d6575399,benchmark,BH_SELL_FINAL,XETRA,DTE.DE,2026-08-27,,,85762.64557309425,87745.66596537105,70.45045616347286,0.0,28.190000534057617,28.17590553379059,EUR,EUR,1.0,,1985.0053976744664,1.9850053976744664,,,0.0,,335568.02535098925,final,,,
1497,2026-08-27T15:30:00Z,CLOSE_EXIT,30ffe0fa733c104a08525a3d8ae1bf13c3838864ba1ac15ce6aa0056d6575399,benchmark,BH_SELL_FINAL,XETRA,ENR.DE,2026-08-27,,,87745.66596537105,98053.97046184697,68.71528643927859,0.0,150.24000549316406,150.16488549041748,EUR,EUR,1.0,,10318.623119595506,10.318623119595506,,,0.0,,335493.4496470854,final,,,
1498,2026-08-27T15:30:00Z,CLOSE_EXIT,30ffe0fa733c104a08525a3d8ae1bf13c3838864ba1ac15ce6aa0056d6575399,benchmark,BH_SELL_FINAL,XETRA,EQQQ.DE,2026-08-27,,,98053.97046184697,100647.54374691921,4.194200290359779,0.0,619.2999877929688,618.9903377990723,EUR,EUR,1.0,,2596.169454526767,2.596169454526767,,,0.0,,335518.914145569,final,,,
1499,2026-08-27T15:30:00Z,CLOSE_EXIT,30ffe0fa733c104a08525a3d8ae1bf13c3838864ba1ac15ce6aa0056d6575399,benchmark,BH_SELL_FINAL,XETRA,EUNH.DE,2026-08-27,,,100647.54374691921,101794.73288933861,10.743016869846635,0.0,106.94499969482422,106.89152719497682,EUR,EUR,1.0,,1148.3374798993063,1.1483374798993065,,,0.0,,335515.5261976204,final,,,
1500,2026-08-27T15:30:00Z,CLOSE_EXIT,30ffe0fa733c104a08525a3d8ae1bf13c3838864ba1ac15ce6aa0056d6575399,benchmark,BH_SELL_FINAL,XETRA,EUNL.DE,2026-08-27,,,101794.73288933861,103846.06889500056,16.15996733849876,0.0,127.12999725341797,127.06643225479127,EUR,EUR,1.0,,2053.3893950569923,2.053389395056992,,,0.0,,335519.71753590973,final,,,
1501,2026-08-27T15:30:00Z,CLOSE_EXIT,30ffe0fa733c104a08525a3d8ae1bf13c3838864ba1ac15ce6aa0056d6575399,benchmark,BH_SELL_FINAL,XETRA,EUNN.DE,2026-08-27,,,103846.06889500056,105823.12839595863,27.89165535085868,0.0,70.98999786376953,70.95450286483765,EUR,EUR,1.0,,1979.0385394975667,1.9790385394975667,,,0.0,,335526.2315437703,final,,,
1502,2026-08-27T15:30:00Z,CLOSE_EXIT,30ffe0fa733c104a08525a3d8ae1bf13c3838864ba1ac15ce6aa0056d6575399,benchmark,BH_SELL_FINAL,XETRA,EXH1.DE,2026-08-27,,,105823.12839595863,107861.81073261233,38.12780505636698,0.0,53.54999923706055,53.52322423744202,EUR,EUR,1.0,,2040.7230597134057,2.0407230597134056,,,0.0,,335504.48726027086,final,,,
1503,2026-08-27T15:30:00Z,CLOSE_EXIT,30ffe0fa733c104a08525a3d8ae1bf13c3838864ba1ac15ce6aa0056d6575399,benchmark,BH_SELL_FINAL,XETRA,EXSA.DE,2026-08-27,,,107861.81073261233,109813.94911211613,29.98113839024396,0.0,65.20999908447266,65.17739408493043,EUR,EUR,1.0,,1954.0924719757672,1.9540924719757673,,,0.0,,335488.96360956866,final,,,
1504,2026-08-27T15:30:00Z,CLOSE_EXIT,30ffe0fa733c104a08525a3d8ae1bf13c3838864ba1ac15ce6aa0056d6575399,benchmark,BH_SELL_FINAL,XETRA,EXV1.DE,2026-08-27,,,109813.94911211613,114316.8267823584,107.66718529189413,0.0,41.8849983215332,41.864055822372436,EUR,EUR,1.0,,4507.385055297572,4.507385055297572,,,0.0,,335405.75739087304,final,,,
1505,2026-08-27T15:30:00Z,CLOSE_EXIT,30ffe0fa733c104a08525a3d8ae1bf13c3838864ba1ac15ce6aa0056d6575399,benchmark,BH_SELL_FINAL,XETRA,ICGA.DE,2026-08-27,,,114316.8267823584,115481.81953728342,240.73915284568938,0.0,4.846499919891357,4.844076669931412,EUR,EUR,1.0,,1166.1589138388563,1.1661589138388564,,,0.0,,335398.95236064726,final,,,
1506,2026-08-27T15:30:00Z,CLOSE_EXIT,30ffe0fa733c104a08525a3d8ae1bf13c3838864ba1ac15ce6aa0056d6575399,benchmark,BH_SELL_FINAL,XETRA,IFX.DE,2026-08-27,,,115481.81953728342,118103.18549388227,45.92098446612135,0.0,57.16999816894531,57.14141316986084,EUR,EUR,1.0,,2623.9899465454014,2.6239899465454015,,,0.0,,335485.9392476237,final,,,
1507,2026-08-27T15:30:00Z,CLOSE_EXIT,30ffe0fa733c104a08525a3d8ae1bf13c3838864ba1ac15ce6aa0056d6575399,benchmark,BH_SELL_FINAL,XETRA,IQQK.DE,2026-08-27,,,118103.18549388227,121272.55005983108,28.249591917873293,0.0,112.36000061035156,112.30382061004639,EUR,EUR,1.0,,3172.5371030518586,3.1725371030518588,,,0.0,,335503.21429564967,final,,,
1508,2026-08-27T15:30:00Z,CLOSE_EXIT,30ffe0fa733c104a08525a3d8ae1bf13c3838864ba1ac15ce6aa0056d6575399,benchmark,BH_SELL_FINAL,XETRA,IQQT.DE,2026-08-27,,,121272.55005983108,124336.33193601866,17.742470643310384,0.0,172.94000244140625,172.85353244018555,EUR,EUR,1.0,,3066.848724912491,3.066848724912491,,,0.0,,335543.6792825087,final,,,
1509,2026-08-27T15:30:00Z,CLOSE_EXIT,30ffe0fa733c104a08525a3d8ae1bf13c3838864ba1ac15ce6aa0056d6575399,benchmark,BH_SELL_FINAL,XETRA,IS3N.DE,2026-08-27,,,124336.33193601866,126181.48534607676,38.86112981573223,0.0,47.551998138427734,47.528222139358526,EUR,EUR,1.0,,1847.0004104685702,1.8470004104685702,,,0.0,,335546.6208810899,final,,,
1510,2026-08-27T15:30:00Z,CLOSE_EXIT,30ffe0fa733c104a08525a3d8ae1bf13c3838864ba1ac15ce6aa0056d6575399,benchmark,BH_SELL_FINAL,XETRA,MBG.DE,2026-08-27,,,126181.48534607676,127269.30376191252,23.894111635396463,0.0,45.595001220703125,45.57220372009277,EUR,EUR,1.0,,1088.9073231589266,1.0889073231589266,,,0.0,,335567.80616810534,final,,,
1511,2026-08-27T15:30:00Z,CLOSE_EXIT,30ffe0fa733c104a08525a3d8ae1bf13c3838864ba1ac15ce6aa0056d6575399,benchmark,BH_SELL_FINAL,XETRA,MUV2.DE,2026-08-27,,,127269.30376191252,130276.34167590864,5.854497659205698,0.0,514.4000244140625,514.1428244018555,EUR,EUR,1.0,,3010.047961958069,3.0100479619580693,,,0.0,,335555.0942609492,final,,,
1512,2026-08-27T15:30:00Z,CLOSE_EXIT,30ffe0fa733c104a08525a3d8ae1bf13c3838864ba1ac15ce6aa0056d6575399,benchmark,BH_SELL_FINAL,XETRA,Q8Y0.DE,2026-08-27,,,130276.34167590864,131762.00733807855,65.74886515887022,0.0,22.6299991607666,22.61868416118622,EUR,EUR,1.0,,1487.1528149849062,1.4871528149849063,,,0.0,,335572.91645828495,final,,,
1513,2026-08-27T15:30:00Z,CLOSE_EXIT,30ffe0fa733c104a08525a3d8ae1bf13c3838864ba1ac15ce6aa0056d6575399,benchmark,BH_SELL_FINAL,XETRA,QDV5.DE,2026-08-27,,,131762.00733807855,133089.6393595419,174.4686823192743,0.0,7.620999813079834,7.617189313173294,EUR,EUR,1.0,,1328.9609824458028,1.3289609824458029,,,0.0,,335567.258774856,final,,,
1514,2026-08-27T15:30:00Z,CLOSE_EXIT,30ffe0fa733c104a08525a3d8ae1bf13c3838864ba1ac15ce6aa0056d6575399,benchmark,BH_SELL_FINAL,XETRA,R6C0.DE,2026-08-27,,,133089.6393595419,134958.38076948872,48.27309192079064,0.0,38.77000045776367,38.75061545753479,EUR,EUR,1.0,,1870.6120219687878,1.8706120219687878,,,0.0,,335534.04028946476,final,,,
1515,2026-08-27T15:30:00Z,CLOSE_EXIT,30ffe0fa733c104a08525a3d8ae1bf13c3838864ba1ac15ce6aa0056d6575399,benchmark,BH_SELL_FINAL,XETRA,RRU.DE,2026-08-27,,,134958.38076948872,154605.35206187906,1104.0554153556698,0.0,17.82200050354004,17.81308950328827,EUR,EUR,1.0,,19666.637930320652,19.666637930320654,,,0.0,,335369.84093916824,final,,,
1516,2026-08-27T15:30:00Z,CLOSE_EXIT,30ffe0fa733c104a08525a3d8ae1bf13c3838864ba1ac15ce6aa0056d6575399,benchmark,BH_SELL_FINAL,XETRA,SAP.DE,2026-08-27,,,154605.35206187906,157112.66846888108,13.224571885133766,0.0,189.8800048828125,189.7850648803711,EUR,EUR,1.0,,2509.8262332352433,2.5098262332352435,,,0.0,,335496.469858907,final,,,
1517,2026-08-27T15:30:00Z,CLOSE_EXIT,30ffe0fa733c104a08525a3d8ae1bf13c3838864ba1ac15ce6aa0056d6575399,benchmark,BH_SELL_FINAL,XETRA,SIE.DE,2026-08-27,,,157112.66846888108,160238.64376973922,10.910157194468857,0.0,286.95001220703125,286.8065372009278,EUR,EUR,1.0,,3129.104405263402,3.129104405263402,,,0.0,,335479.22880544834,final,,,
1518,2026-08-27T15:30:00Z,CLOSE_EXIT,30ffe0fa733c104a08525a3d8ae1bf13c3838864ba1ac15ce6aa0056d6575399,benchmark,BH_SELL_FINAL,XETRA,SXR8.DE,2026-08-27,,,160238.64376973922,162357.0473274061,2.970325714975822,0.0,714.260009765625,713.9028797607423,EUR,EUR,1.0,,2120.524081748625,2.1205240817486253,,,0.0,,335489.65163146646,final,,,
1519,2026-08-27T15:30:00Z,CLOSE_EXIT,30ffe0fa733c104a08525a3d8ae1bf13c3838864ba1ac15ce6aa0056d6575399,benchmark,BH_SELL_FINAL,XETRA,VVSM.DE,2026-08-27,,,162357.0473274061,167452.4879446013,56.36285236474688,0.0,90.54000091552734,90.49473091506958,EUR,EUR,1.0,,5100.541158353562,5.100541158353563,,,0.0,,335557.525989732,final,,,
1520,2026-08-27T15:30:00Z,CLOSE_EXIT,30ffe0fa733c104a08525a3d8ae1bf13c3838864ba1ac15ce6aa0056d6575399,benchmark,BH_SELL_FINAL,XETRA,ZPRR.DE,2026-08-27,,,167452.4879446013,169247.87220167386,23.774699775877394,0.0,75.62999725341797,75.59218225479127,EUR,EUR,1.0,,1797.181438511069,1.7971814385110692,,,0.0,,335563.3886744844,final,,,
1521,2026-08-27T20:00:00Z,CLOSE_EXIT,30ffe0fa733c104a08525a3d8ae1bf13c3838864ba1ac15ce6aa0056d6575399,benchmark,BH_SELL_FINAL,NASDAQ,AAPL,2026-08-27,,,169247.87220167386,171646.98179982576,8.894267866671546,0.0,314.5799865722656,314.4226965789795,USD,EURUSD,0.8587376556462,2026-08-27T15:00:00Z,2401.511109261172,2.401511109261172,,,0.0,,335568.4163736403,final,,,
1522,2026-08-27T20:00:00Z,CLOSE_EXIT,30ffe0fa733c104a08525a3d8ae1bf13c3838864ba1ac15ce6aa0056d6575399,benchmark,BH_SELL_FINAL,NASDAQ,ADBE,2026-08-27,,,171646.98179982576,172421.21834176834,3.1227821176595882,0.0,289.1499938964844,289.00541889953615,USD,EURUSD,0.8587376556462,2026-08-27T15:00:00Z,775.0115534960839,0.775011553496084,,,0.0,,335609.3019241459,final,,,
1523,2026-08-27T20:00:00Z,CLOSE_EXIT,30ffe0fa733c104a08525a3d8ae1bf13c3838864ba1ac15ce6aa0056d6575399,benchmark,BH_SELL_FINAL,NASDAQ,AMAT,2026-08-27,,,172421.21834176834,177524.06650992035,12.33765379114783,0.0,482.3599853515625,482.11880535888673,USD,EURUSD,0.8587376556462,2026-08-27T15:00:00Z,5107.956124276282,5.107956124276282,,,0.0,,335629.1849541906,final,,,
1524,2026-08-27T20:00:00Z,CLOSE_EXIT,30ffe0fa733c104a08525a3d8ae1bf13c3838864ba1ac15ce6aa0056d6575399,benchmark,BH_SELL_FINAL,NASDAQ,AMD,2026-08-27,,,177524.06650992035,182947.76882219748,13.269947932861875,0.0,476.6700134277344,476.43167842102054,USD,EURUSD,0.8587376556462,2026-08-27T15:00:00Z,5429.131443720854,5.429131443720854,,,0.0,,335572.49571459205,final,,,
1525,2026-08-27T20:00:00Z,CLOSE_EXIT,30ffe0fa733c104a08525a3d8ae1bf13c3838864ba1ac15ce6aa0056d6575399,benchmark,BH_SELL_FINAL,NASDAQ,AMZN,2026-08-27,,,182947.76882219748,185393.97997130372,11.132797487549437,0.0,256.260009765625,256.1318797607422,USD,EURUSD,0.8587376556462,2026-08-27T15:00:00Z,2448.6598089151607,2.4486598089151608,,,0.0,,335530.3904047292,final,,,
1526,2026-08-27T20:00:00Z,CLOSE_EXIT,30ffe0fa733c104a08525a3d8ae1bf13c3838864ba1ac15ce6aa0056d6575399,benchmark,BH_SELL_FINAL,NASDAQ,APP,2026-08-27,,,185393.97997130372,194571.52223419177,34.23630935180441,0.0,312.6300048828125,312.4736898803711,USD,EURUSD,0.8587376556462,2026-08-27T15:00:00Z,9186.72899187993,9.186728991879932,,,0.0,,335649.4966239281,final,,,
1527,2026-08-27T20:00:00Z,CLOSE_EXIT,30ffe0fa733c104a08525a3d8ae1bf13c3838864ba1ac15ce6aa0056d6575399,benchmark,BH_SELL_FINAL,NASDAQ,ARM,2026-08-27,,,194571.52223419177,196465.06327502723,8.653030405193167,0.0,255.2100067138672,255.08240171051025,USD,EURUSD,0.8587376556462,2026-08-27T15:00:00Z,1895.4364773127888,1.895436477312789,,,0.0,,335677.4903977801,final,,,
1528,2026-08-27T20:00:00Z,CLOSE_EXIT,30ffe0fa733c104a08525a3d8ae1bf13c3838864ba1ac15ce6aa0056d6575399,benchmark,BH_SELL_FINAL,NASDAQ,AVGO,2026-08-27,,,196465.06327502723,204042.5759905772,23.785500438538065,0.0,371.5400085449219,371.3542385406494,USD,EURUSD,0.8587376556462,2026-08-27T15:00:00Z,7585.097813363319,7.585097813363319,,,0.0,,335991.8979060869,final,,,
1529,2026-08-27T20:00:00Z,CLOSE_EXIT,30ffe0fa733c104a08525a3d8ae1bf13c3838864ba1ac15ce6aa0056d6575399,benchmark,BH_SELL_FINAL,NASDAQ,AZN,2026-08-27,,,204042.5759905772,205560.61776209043,10.761088823927569,0.0,164.52000427246094,164.4377442703247,USD,EURUSD,0.8587376556462,2026-08-27T15:00:00Z,1519.5613328460718,1.5195613328460718,,,0.0,,335973.44651767676,final,,,
1530,2026-08-27T20:00:00Z,CLOSE_EXIT,30ffe0fa733c104a08525a3d8ae1bf13c3838864ba1ac15ce6aa0056d6575399,benchmark,BH_SELL_FINAL,NASDAQ,COIN,2026-08-27,,,205560.61776209043,209173.68537267108,22.09383233157061,0.0,190.72000122070312,190.6246412200928,USD,EURUSD,0.8587376556462,2026-08-27T15:00:00Z,3616.6842948755116,3.616684294875512,,,0.0,,336137.63751661044,final,,,
1531,2026-08-27T20:00:00Z,CLOSE_EXIT,30ffe0fa733c104a08525a3d8ae1bf13c3838864ba1ac15ce6aa0056d6575399,benchmark,BH_SELL_FINAL,NASDAQ,CRWD,2026-08-27,,,209173.68537267108,214987.1255149433,29.741697369421974,0.0,227.9600067138672,227.84602671051027,USD,EURUSD,0.8587376556462,2026-08-27T15:00:00Z,5819.259401673878,5.819259401673878,,,0.0,,337119.3609645825,final,,,
1532,2026-08-27T20:00:00Z,CLOSE_EXIT,30ffe0fa733c104a08525a3d8ae1bf13c3838864ba1ac15ce6aa0056d6575399,benchmark,BH_SELL_FINAL,NASDAQ,GOOGL,2026-08-27,,,214987.1255149433,218195.4378008457,10.983972959375956,0.0,340.6499938964844,340.47966889953614,USD,EURUSD,0.8587376556462,2026-08-27T15:00:00Z,3211.5238097121364,3.2115238097121366,,,0.0,,337101.8091439099,final,,,
1533,2026-08-27T20:00:00Z,CLOSE_EXIT,30ffe0fa733c104a08525a3d8ae1bf13c3838864ba1ac15ce6aa0056d6575399,benchmark,BH_SELL_FINAL,NASDAQ,INTC,2026-08-27,,,218195.4378008457,220753.68004999447,32.398165342572746,0.0,92.08999633789062,92.04395133972169,USD,EURUSD,0.8587376556462,2026-08-27T15:00:00Z,2560.8030522009644,2.5608030522009644,,,0.0,,337205.08012588933,final,,,
1534,2026-08-27T20:00:00Z,CLOSE_EXIT,30ffe0fa733c104a08525a3d8ae1bf13c3838864ba1ac15ce6aa0056d6575399,benchmark,BH_SELL_FINAL,NASDAQ,META,2026-08-27,,,220753.68004999447,224204.25309275824,7.0464486222583735,0.0,571.0999755859375,570.8144255981446,USD,EURUSD,0.8587376556462,2026-08-27T15:00:00Z,3454.02706983362,3.4540270698336197,,,0.0,,337169.4006890933,final,,,
1535,2026-08-27T20:00:00Z,CLOSE_EXIT,30ffe0fa733c104a08525a3d8ae1bf13c3838864ba1ac15ce6aa0056d6575399,benchmark,BH_SELL_FINAL,NASDAQ,MRVL,2026-08-27,,,224204.25309275824,229133.9361114754,23.811293968225126,0.0,241.4499969482422,241.32927194976807,USD,EURUSD,0.8587376556462,2026-08-27T15:00:00Z,4934.617636353519,4.934617636353519,,,0.0,,337087.1590370634,final,,,
1536,2026-08-27T20:00:00Z,CLOSE_EXIT,30ffe0fa733c104a08525a3d8ae1bf13c3838864ba1ac15ce6aa0056d6575399,benchmark,BH_SELL_FINAL,NASDAQ,MSFT,2026-08-27,,,229133.9361114754,231267.05809516256,4.925654267913782,0.0,505.05999755859375,504.8074675598145,USD,EURUSD,0.8587376556462,2026-08-27T15:00:00Z,2135.2572409280788,2.135257240928079,,,0.0,,337120.71297874686,final,,,
1537,2026-08-27T20:00:00Z,CLOSE_EXIT,30ffe0fa733c104a08525a3d8ae1bf13c3838864ba1ac15ce6aa0056d6575399,benchmark,BH_SELL_FINAL,NASDAQ,MU,2026-08-27,,,231267.05809516256,247277.31504879546,19.961665731222265,0.0,935.3900146484375,934.9223196411133,USD,EURUSD,0.8587376556462,2026-08-27T15:00:00Z,16026.283236869762,16.026283236869762,,,0.0,,337045.072457477,final,,,
1538,2026-08-27T20:00:00Z,CLOSE_EXIT,30ffe0fa733c104a08525a3d8ae1bf13c3838864ba1ac15ce6aa0056d6575399,benchmark,BH_SELL_FINAL,NASDAQ,NFLX,2026-08-27,,,247277.31504879546,251955.20355704866,68.33143866515945,0.0,79.83999633789062,79.80007633972168,USD,EURUSD,0.8587376556462,2026-08-27T15:00:00Z,4682.5710793325325,4.682571079332533,,,0.0,,336942.9876457606,final,,,
1539,2026-08-27T20:00:00Z,CLOSE_EXIT,30ffe0fa733c104a08525a3d8ae1bf13c3838864ba1ac15ce6aa0056d6575399,benchmark,BH_SELL_FINAL,NASDAQ,NVDA,2026-08-27,,,251955.20355704866,266408.62394371274,73.9375574790811,0.0,227.97999572753906,227.8660057296753,USD,EURUSD,0.8587376556462,2026-08-27T15:00:00Z,14467.888274939018,14.467888274939018,,,0.0,,338084.4728054332,final,,,
1540,2026-08-27T20:00:00Z,CLOSE_EXIT,30ffe0fa733c104a08525a3d8ae1bf13c3838864ba1ac15ce6aa0056d6575399,benchmark,BH_SELL_FINAL,NASDAQ,PANW,2026-08-27,,,266408.62394371274,271150.71926874225,14.445508285228644,0.0,382.8500061035156,382.6585811004639,USD,EURUSD,0.8587376556462,2026-08-27T15:00:00Z,4746.842167196726,4.746842167196727,,,0.0,,338617.46089045104,final,,,
1541,2026-08-27T20:00:00Z,CLOSE_EXIT,30ffe0fa733c104a08525a3d8ae1bf13c3838864ba1ac15ce6aa0056d6575399,benchmark,BH_SELL_FINAL,NASDAQ,PLTR,2026-08-27,,,271150.71926874225,295057.89521252393,149.9581354086472,0.0,185.92999267578125,185.83702767944337,USD,EURUSD,0.8587376556462,2026-08-27T15:00:00Z,23931.10705083253,23.93110705083253,,,0.0,,339667.128002086,final,,,
1542,2026-08-27T20:00:00Z,CLOSE_EXIT,30ffe0fa733c104a08525a3d8ae1bf13c3838864ba1ac15ce6aa0056d6575399,benchmark,BH_SELL_FINAL,NASDAQ,QCOM,2026-08-27,,,295057.89521252393,296435.06562013336,9.74707691151962,0.0,164.77999877929688,164.69760877990723,USD,EURUSD,0.8587376556462,2026-08-27T15:00:00Z,1378.5489565660152,1.3785489565660152,,,0.0,,339673.9322063015,final,,,
1543,2026-08-27T20:00:00Z,CLOSE_EXIT,30ffe0fa733c104a08525a3d8ae1bf13c3838864ba1ac15ce6aa0056d6575399,benchmark,BH_SELL_FINAL,NASDAQ,TSLA,2026-08-27,,,296435.06562013336,298051.68503495207,5.313774835810861,0.0,354.80999755859375,354.6325925598145,USD,EURUSD,0.8587376556462,2026-08-27T15:00:00Z,1618.2376524711963,1.6182376524711963,,,0.0,,339712.5270160198,final,,,
1544,2026-08-27T20:00:00Z,CLOSE_EXIT,30ffe0fa733c104a08525a3d8ae1bf13c3838864ba1ac15ce6aa0056d6575399,benchmark,BH_SELL_FINAL,NASDAQ,VRTX,2026-08-27,,,298051.68503495207,300262.4654806913,4.708830385196001,0.0,547.5499877929688,547.2762127990723,USD,EURUSD,0.8587376556462,2026-08-27T15:00:00Z,2212.9934391784145,2.2129934391784145,,,0.0,,339710.25836081576,final,,,
1545,2026-08-27T20:00:00Z,CLOSE_EXIT,30ffe0fa733c104a08525a3d8ae1bf13c3838864ba1ac15ce6aa0056d6575399,benchmark,BH_SELL_FINAL,NYSE,ABBV,2026-08-27,,,300262.4654806913,302407.7024357269,9.691574907443213,0.0,258.1499938964844,258.0209188995361,USD,EURUSD,0.8587376556462,2026-08-27T15:00:00Z,2147.384339374997,2.147384339374997,,,0.0,,339667.50477569323,final,,,
1546,2026-08-27T20:00:00Z,CLOSE_EXIT,30ffe0fa733c104a08525a3d8ae1bf13c3838864ba1ac15ce6aa0056d6575399,benchmark,BH_SELL_FINAL,NYSE,BRK-B,2026-08-27,,,302407.7024357269,304183.6225546301,4.1119012104849135,0.0,503.70001220703125,503.44816220092775,USD,EURUSD,0.8587376556462,2026-08-27T15:00:00Z,1777.6978167199652,1.7776978167199653,,,0.0,,339660.5652507629,final,,,
1547,2026-08-27T20:00:00Z,CLOSE_EXIT,30ffe0fa733c104a08525a3d8ae1bf13c3838864ba1ac15ce6aa0056d6575399,benchmark,BH_SELL_FINAL,NYSE,CAT,2026-08-27,,,304183.6225546301,308373.3610755427,5.980755790312091,0.0,817.0,816.5915,USD,EURUSD,0.8587376556462,2026-08-27T15:00:00Z,4193.932453365938,4.193932453365939,,,0.0,,339628.9533526744,final,,,
1548,2026-08-27T20:00:00Z,CLOSE_EXIT,30ffe0fa733c104a08525a3d8ae1bf13c3838864ba1ac15ce6aa0056d6575399,benchmark,BH_SELL_FINAL,NYSE,CRM,2026-08-27,,,308373.3610755427,309885.04698897706,6.994651244390658,0.0,252.0500030517578,251.92397805023194,USD,EURUSD,0.8587376556462,2026-08-27T15:00:00Z,1513.1991125469294,1.5131991125469295,,,0.0,,339905.56828738993,final,,,
1549,2026-08-27T20:00:00Z,CLOSE_EXIT,30ffe0fa733c104a08525a3d8ae1bf13c3838864ba1ac15ce6aa0056d6575399,benchmark,BH_SELL_FINAL,NYSE,CVX,2026-08-27,,,309885.04698897706,311274.990603836,8.114431718542669,0.0,199.77000427246094,199.6701192703247,USD,EURUSD,0.8587376556462,2026-08-27T15:00:00Z,1391.3349498087764,1.3913349498087764,,,0.0,,339900.4149259941,final,,,
1550,2026-08-27T20:00:00Z,CLOSE_EXIT,30ffe0fa733c104a08525a3d8ae1bf13c3838864ba1ac15ce6aa0056d6575399,benchmark,BH_SELL_FINAL,NYSE,GS,2026-08-27,,,311274.990603836,315293.7224263252,4.5028112516864125,0.0,1040.8699951171875,1040.349560119629,USD,EURUSD,0.8587376556462,2026-08-27T15:00:00Z,4022.7545770662728,4.022754577066273,,,0.0,,339895.96528086753,final,,,
1551,2026-08-27T20:00:00Z,CLOSE_EXIT,30ffe0fa733c104a08525a3d8ae1bf13c3838864ba1ac15ce6aa0056d6575399,benchmark,BH_SELL_FINAL,NYSE,INFY,2026-08-27,,,315293.7224263252,316034.3336830133,72.58294199210184,0.0,11.899999618530273,11.89404961872101,USD,EURUSD,0.8587376556462,2026-08-27T15:00:00Z,741.3526092973876,0.7413526092973877,,,0.0,,339907.9423070441,final,,,
1552,2026-08-27T20:00:00Z,CLOSE_EXIT,30ffe0fa733c104a08525a3d8ae1bf13c3838864ba1ac15ce6aa0056d6575399,benchmark,BH_SELL_FINAL,NYSE,LLY,2026-08-27,,,316034.3336830133,320221.180534687,4.151777209672394,0.0,1176.0999755859375,1175.5119255981447,USD,EURUSD,0.8587376556462,2026-08-27T15:00:00Z,4191.037889563321,4.191037889563321,,,0.0,,339854.20051735855,final,,,
1553,2026-08-27T20:00:00Z,CLOSE_EXIT,30ffe0fa733c104a08525a3d8ae1bf13c3838864ba1ac15ce6aa0056d6575399,benchmark,BH_SELL_FINAL,NYSE,LMT,2026-08-27,,,320221.180534687,321697.2744767635,3.0420978094694795,0.0,565.8900146484375,565.6070696411133,USD,EURUSD,0.8587376556462,2026-08-27T15:00:00Z,1477.571513590109,1.4775715135901089,,,0.0,,339852.6891797973,final,,,
1554,2026-08-27T20:00:00Z,CLOSE_EXIT,30ffe0fa733c104a08525a3d8ae1bf13c3838864ba1ac15ce6aa0056d6575399,benchmark,BH_SELL_FINAL,NYSE,MA,2026-08-27,,,321697.2744767635,323583.4142356435,3.71741889761378,0.0,591.72998046875,591.4341154785157,USD,EURUSD,0.8587376556462,2026-08-27T15:00:00Z,1888.0277866666588,1.8880277866666588,,,0.0,,339828.3406786978,final,,,
1555,2026-08-27T20:00:00Z,CLOSE_EXIT,30ffe0fa733c104a08525a3d8ae1bf13c3838864ba1ac15ce6aa0056d6575399,benchmark,BH_SELL_FINAL,NYSE,NOW,2026-08-27,,,323583.4142356435,325141.22737747617,13.124306782693395,0.0,138.42999267578125,138.36077767944337,USD,EURUSD,0.8587376556462,2026-08-27T15:00:00Z,1559.3725143469742,1.5593725143469743,,,0.0,,339968.3454621663,final,,,
1556,2026-08-27T20:00:00Z,CLOSE_EXIT,30ffe0fa733c104a08525a3d8ae1bf13c3838864ba1ac15ce6aa0056d6575399,benchmark,BH_SELL_FINAL,NYSE,ORCL,2026-08-27,,,325141.22737747617,327362.5024890448,17.049883964941294,0.0,151.94000244140625,151.86403244018555,USD,EURUSD,0.8587376556462,2026-08-27T15:00:00Z,2223.4986101788268,2.2234986101788268,,,0.0,,340009.9587939072,final,,,
1557,2026-08-27T20:00:00Z,CLOSE_EXIT,30ffe0fa733c104a08525a3d8ae1bf13c3838864ba1ac15ce6aa0056d6575399,benchmark,BH_SELL_FINAL,NYSE,TSM,2026-08-27,,,327362.5024890448,332609.5975228684,14.321128971094707,0.0,427.29998779296875,427.0863377990723,USD,EURUSD,0.8587376556462,2026-08-27T15:00:00Z,5252.347381204838,5.252347381204838,,,0.0,,340120.2634499719,final,,,
1558,2026-08-27T20:00:00Z,CLOSE_EXIT,30ffe0fa733c104a08525a3d8ae1bf13c3838864ba1ac15ce6aa0056d6575399,benchmark,BH_SELL_FINAL,NYSE,UBER,2026-08-27,,,332609.5975228684,336133.2084720225,53.40360193723758,0.0,76.94999694824219,76.91152194976807,USD,EURUSD,0.8587376556462,2026-08-27T15:00:00Z,3527.1380872413265,3.5271380872413265,,,0.0,,340044.3479053764,final,,,
1559,2026-08-27T20:00:00Z,CLOSE_EXIT,30ffe0fa733c104a08525a3d8ae1bf13c3838864ba1ac15ce6aa0056d6575399,benchmark,BH_SELL_FINAL,NYSE,V,2026-08-27,,,336133.2084720225,338157.26186156995,6.217536200307361,0.0,379.6600036621094,379.47017366027836,USD,EURUSD,0.8587376556462,2026-08-27T15:00:00Z,2026.0794690164887,2.026079469016489,,,0.0,,340018.66998590785,final,,,
1560,2026-08-27T20:00:00Z,CLOSE_EXIT,30ffe0fa733c104a08525a3d8ae1bf13c3838864ba1ac15ce6aa0056d6575399,benchmark,BH_SELL_FINAL,NYSE,XOM,2026-08-27,,,338157.26186156995,339995.31758311053,13.702571131790405,0.0,156.44000244140625,156.36178244018555,USD,EURUSD,0.8587376556462,2026-08-27T15:00:00Z,1839.895617157731,1.8398956171577312,,,0.0,,339995.31758311053,final,,,
