position_id,asset,signal_id,currency,entry_ts,exit_ts,exit_reason,bars_held,units,entry_eff,exit_eff,stop,fx_entry,fx_exit,risk_local,pnl_bruto_local,fees_local,dividends_local,pnl_neto_local,trade_R_local,risk_eur,pnl_bruto_eur,fees_eur,dividends_eur,pnl_neto_eur,trade_R_eur,slippage_eur,fx_eur
C0-000001,AZN,AZN|swing|2022-11-10T05:00:00Z,USD,2022-11-11T14:30:00Z,2022-11-11T21:00:00Z,stop,0,78.00709907353567,127.6037709159851,124.56053926522392,124.6228506905692,1.004621257785815,0.9701202949165697,232.5329393543244,-237.3936728846462,19.67060632711535,0.0,-257.0642792117616,-1.105496193036365,233.607534010774,-573.7230043506482,19.426276995649353,0.0,-593.1492813462976,-2.5390845541776983,9.712997495320963,-335.23227410687974
C0-000002,MC.PA,MC.PA|swing|2022-11-10T23:00:00Z,EUR,2022-11-14T08:00:00Z,2023-01-10T16:30:00Z,tiempo,40,12.916416612602708,704.8522499999999,755.9218377990724,666.3714338030134,1.0,1.0,497.0342535932685,659.6360722467119,18.8679666949075,64.58208306301354,705.350188614818,1.419117864645236,497.0342535932685,659.6360722467119,18.8679666949075,64.58208306301354,705.350188614818,1.419117864645236,9.43415061500707,0.0
C0-000003,RRU.DE,RRU.DE|swing|2022-11-13T23:00:00Z,EUR,2022-11-15T08:00:00Z,2022-11-21T16:30:00Z,stop,4,5453.528971353154,1.0225109551548957,0.9309628288873605,0.9314285431589399,1.0,1.0,496.72057260066896,-499.2603588730997,10.65332587605332,0.0,-509.913684749153,-1.0265604303027136,496.72057260066896,-499.2603588730997,10.65332587605332,0.0,-509.913684749153,-1.0265604303027136,5.326539454570575,0.0
C0-000004,NFLX,NFLX|swing|2022-11-15T05:00:00Z,USD,2022-11-16T14:30:00Z,2022-11-21T21:00:00Z,stop,3,195.03263740679037,31.00949648094177,28.349961844580516,28.364143916538783,0.9611687812379854,0.9759906304899474,515.9300875063309,-518.6960544042446,11.577031712265072,0.0,-530.2730861165097,-1.0278002755751336,495.8958934124672,-416.60196239547486,11.20943395328053,0.0,-427.8113963487554,-0.8627040514588781,5.604614227302339,81.95249204920432
C0-000005,UBER,UBER|swing|2022-11-15T05:00:00Z,USD,2022-11-16T14:30:00Z,2022-11-22T21:00:00Z,stop,4,167.2899168080842,30.96547576332092,27.86748732335227,27.881428037370956,0.9611687812379854,0.9733307377846991,515.9300875063309,-518.2622283947619,9.842161500342648,0.0,-528.1043898951045,-1.02359680639603,495.8958934124672,-441.4390455321929,9.516676802927448,0.0,-450.95572233512036,-0.9093757950522745,4.758229231259078,56.69842889568285
C0-000006,RRU.DE,RRU.DE|swing|2022-11-23T23:00:00Z,EUR,2022-11-25T08:00:00Z,2023-01-02T08:00:00Z,stop,25,4764.58599041007,1.0605299427509307,0.9515240219235421,0.957714285169329,1.0,1.0,489.8740417080984,-519.3680832459248,9.586604132037031,0.0,-528.9546873779618,-1.079776927010863,489.8740417080984,-519.3680832459248,9.586604132037031,0.0,-528.9546873779618,-1.079776927010863,4.793173422290188,0.0
C0-000007,7011.T,7011.T|swing|2022-11-29T15:00:00Z,JPY,2022-12-01T00:00:00Z,2022-12-05T06:00:00Z,stop,2,2641.014538921262,537.4686122131347,514.9852418147495,515.2428632463727,0.006930967563071805,0.0070761392584206065,58698.5261596327,-59378.908106087256,2779.5459300313582,0.0,-62158.454036118615,-1.0589440332296678,406.83758081253603,-214.1076569115163,19.462388310217996,0.0,-233.5700452217343,-0.5741112823334762,9.731143060980317,197.445629102396
C0-000008,TTE.PA,TTE.PA|swing|2022-11-29T23:00:00Z,EUR,2022-12-01T08:00:00Z,2022-12-06T16:30:00Z,stop,3,164.25328935332752,59.839906373977655,57.17711341122219,57.20571626935686,1.0,1.0,432.6743894659511,-437.3725029994781,19.220430410042482,164.25328935332752,-292.33964405619304,-0.6756573792523914,432.6743894659511,-437.3725029994781,19.220430410042482,164.25328935332752,-292.33964405619304,-0.6756573792523914,9.610108264421095,0.0
C0-000009,ABBV,ABBV|swing|2022-11-30T05:00:00Z,USD,2022-12-01T14:30:00Z,2023-01-12T21:00:00Z,stop,28,63.30653495904868,161.0805,154.22712991115026,154.30428205217635,0.9637625289128758,0.9283327144448571,428.9788784040312,-433.86311311706487,19.96103349582502,93.69367173939204,-360.13047487349786,-0.8395063090596062,413.43376870087815,-764.0630229720815,18.891774109778574,86.9789006121352,-695.9758964697248,-1.6834036045402658,9.445698400558308,-345.9220118723666
C0-000010,6857.T,6857.T|swing|2022-11-30T15:00:00Z,JPY,2022-12-02T00:00:00Z,2022-12-22T06:00:00Z,stop,14,558.6038929469421,2356.1775,2230.3128571428574,2231.4285714285716,0.007018528916339136,0.007128091809822511,69685.23714095981,-70308.47948437625,2562.031368463611,0.0,-72870.51085283986,-1.0457094478337907,489.0878519157764,-356.96191158727237,18.11819142886744,0.0,-375.0801030161398,-0.7668971976035311,9.059008738706602,136.50018473765923
C0-000011,VVSM.DE,VVSM.DE|swing|2022-11-30T23:00:00Z,EUR,2022-12-02T08:00:00Z,2022-12-07T16:30:00Z,stop,3,483.14335045293194,20.215102423667908,19.272502657209124,19.28214372907366,1.0,1.0,450.7527895404587,-455.41080930304804,19.078173820137145,0.0,-474.48898312318516,-1.0526590054094296,450.7527895404587,-455.41080930304804,19.078173820137145,0.0,-474.48898312318516,-1.0526590054094296,9.538975442109681,0.0
C0-000012,RACE.MI,RACE.MI|swing|2022-11-30T23:00:00Z,EUR,2022-12-02T08:00:00Z,2022-12-08T16:30:00Z,stop,4,45.277880717469046,215.70780610656738,208.55281515720912,208.65714372907365,1.0,1.0,319.2390501073075,-323.9628267396135,19.209621802700582,0.0,-343.1724485423141,-1.074970146750411,319.2390501073075,-323.9628267396135,19.209621802700582,0.0,-343.1724485423141,-1.074970146750411,9.60473231182593,0.0
C0-000013,EUNN.DE,EUNN.DE|swing|2022-11-30T23:00:00Z,EUR,2022-12-02T08:00:00Z,2022-12-05T16:30:00Z,stop,1,236.50332222309098,41.296638977050776,40.731768877301896,40.752144949776785,1.0,1.0,128.77464638092925,-133.59365521509898,19.399990974225098,0.0,-152.99364618932407,-1.188072733950691,128.77464638092925,-133.59365521509898,19.399990974225098,0.0,-152.99364618932407,-1.188072733950691,9.699964513688764,0.0
C0-000014,9988.HK,9988.HK|swing|2022-12-04T16:00:00Z,HKD,2022-12-06T01:30:00Z,2022-12-20T08:00:00Z,stop,10,804.8208934383375,88.19407652664184,83.19409882518224,83.23571668352399,0.12160124519675082,0.1213179987382928,3990.591598926881,-4024.08652086048,137.9367844114215,0.0,-4162.023305271901,-1.0429589703920392,485.2609075012016,-508.2990804261249,16.754319594154595,0.0,-525.0534000202795,-1.0820022629145731,8.37703481656403,-18.96514871003025
C0-000015,0700.HK,0700.HK|swing|2022-12-04T16:00:00Z,HKD,2022-12-06T01:30:00Z,2023-01-04T08:00:00Z,objetivo,18,193.39656018434277,292.4879983062744,337.6266409966605,271.85375540597096,0.12160124519675082,0.12137100689387319,3990.5915989268806,8729.658227710803,121.86200376298548,0.0,8607.796223947817,2.157022589398163,485.26090750120153,1046.5037093183405,14.803537798436816,0.0,1031.7001715199037,2.1260731197831944,7.402032375653325,-15.033601313353726
C0-000016,1810.HK,1810.HK|swing|2022-12-04T16:00:00Z,HKD,2022-12-06T01:30:00Z,2022-12-21T08:00:00Z,stop,11,4841.944015147093,11.205599809169769,10.376237731865475,10.381428446088519,0.12160124519675082,0.12122975463097664,3990.5915989268806,-4015.724746593488,104.49804911769245,0.0,-4120.22279571118,-1.0324842053040855,485.26090750120153,-506.98124731863726,12.688428775577169,0.0,-519.6696760942144,-1.0709077695341196,6.344089228498682,-18.66411776546209
C0-000017,IBE.MC,IBE.MC|swing|2022-12-12T23:00:00Z,EUR,2022-12-14T08:00:00Z,2022-12-16T16:30:00Z,stop,2,888.0219465605239,10.990492156505583,10.679657510893685,10.685000010899135,1.0,1.0,271.28372980038966,-276.02798705472827,19.24356848990179,0.0,-295.2715555446301,-1.0884233852206715,271.28372980038966,-276.02798705472827,19.24356848990179,0.0,-295.2715555446301,-1.0884233852206715,9.621717643381988,0.0
C0-000018,NVDA,NVDA|swing|2022-12-13T05:00:00Z,USD,2022-12-14T14:30:00Z,2022-12-16T21:00:00Z,stop,2,374.0159684801144,17.99599301147461,16.607977862289975,16.61628600529262,0.948316737790422,0.9417082587814295,516.0324521359568,-519.139830287362,12.94243767960873,0.0,-532.0822679669707,-1.031102338166099,489.3622116035626,-533.3585418450348,12.23248072785254,0.0,-545.5910225728874,-1.1149022332253073,6.116108553317351,-41.04955152985115
C0-000019,V,V|swing|2022-12-13T05:00:00Z,USD,2022-12-14T14:30:00Z,2022-12-19T21:00:00Z,stop,3,48.46366455847716,212.95643110656738,203.87229308101112,203.97428022112166,0.948316737790422,0.9435742592942064,435.30794752586996,-440.2506180734655,20.201047467364802,0.0,-460.4516655408303,-1.0577607603028338,412.8098127319772,-464.354607004571,19.11013385713793,0.0,-483.46474086170895,-1.1711561255342675,9.554953228654295,-46.8575770629253
C0-000020,AVGO,AVGO|swing|2022-12-13T05:00:00Z,USD,2022-12-14T14:30:00Z,2023-02-07T21:00:00Z,objetivo,36,181.43507835942287,56.88342704200744,61.6513728125436,54.05185753958566,0.948316737790422,0.9345794392523364,513.7460345520475,865.0726144907068,21.506370699928976,83.46013604533452,927.0263798361123,1.8044448375050093,487.1939635391631,666.7012419566372,20.241189706099142,78.75083604957021,725.2108883001083,1.4885465391071335,10.120764058549483,-153.661597769021
C0-000021,BSP.DE,BSP.DE|swing|2022-12-18T23:00:00Z,EUR,2022-12-20T08:00:00Z,2023-01-11T16:30:00Z,stop,15,965.6139341266258,9.684840305328368,9.369598418916974,9.374285561697823,1.0,1.0,299.8759877587766,-304.4019581392055,18.39923153909327,0.0,-322.8011896782987,-1.076448941747091,299.8759877587766,-304.4019581392055,18.39923153909327,0.0,-322.8011896782987,-1.076448941747091,9.199541968941856,0.0
C0-000022,CAT,CAT|swing|2022-12-21T05:00:00Z,USD,2022-12-22T14:30:00Z,2023-01-13T21:00:00Z,objetivo,14,41.51960217396911,240.2700688934326,257.73035271617346,230.97713797433036,0.940203083866115,0.9247272054743851,385.8387947913024,724.9440381647886,20.67677938769973,0.0,704.2672587770888,1.8252888726703136,362.7668247379676,515.9893857568318,19.27476651017855,0.0,496.7146192466532,1.3692393718897484,9.637514661813878,-165.60523455605727
C0-000023,EXV1.DE,EXV1.DE|swing|2023-01-01T23:00:00Z,EUR,2023-01-03T08:00:00Z,2023-01-04T16:30:00Z,objetivo,1,664.226110977531,14.05702519083023,14.663092789581844,13.759713990347725,1.0,1.0,197.4818624465547,402.56592410827585,19.07665227294497,0.0,383.4892718353309,1.9418961674979958,197.4818624465547,402.56592410827585,19.07665227294497,0.0,383.4892718353309,1.9418961674979958,9.53842916255978,0.0
C0-000024,BBVA.MC,BBVA.MC|swing|2023-01-01T23:00:00Z,EUR,2023-01-03T08:00:00Z,2023-01-05T16:30:00Z,objetivo,2,1619.3609174723704,5.765881511449813,6.126934876084328,5.550000190734863,1.0,1.0,349.5897735781087,584.6757078110339,19.25876205664773,0.0,565.4169457543862,1.61737267073705,349.5897735781087,584.6757078110339,19.25876205664773,0.0,565.4169457543862,1.61737267073705,9.62952960463193,0.0
C0-000025,RRU.DE,RRU.DE|swing|2023-01-02T23:00:00Z,EUR,2023-01-04T08:00:00Z,2023-01-26T16:30:00Z,objetivo,16,6684.168080185596,1.116558056294918,1.305346921939935,1.0460000123296465,1.0,1.0,471.621825273,1261.8965096388695,16.188419948759996,0.0,1245.7080896901095,2.641328333287008,471.621825273,1261.8965096388695,16.188419948759996,0.0,1245.7080896901095,2.641328333287008,8.094527472138335,0.0
C0-000026,ALV.DE,ALV.DE|swing|2023-01-03T23:00:00Z,EUR,2023-01-05T08:00:00Z,2023-01-23T16:30:00Z,objetivo,12,45.25065622444429,210.9054030532837,220.98731004442487,205.10142735072546,1.0,1.0,262.63370925149013,456.21290734295115,19.54342868622696,0.0,436.6694786567242,1.6626558711798212,262.63370925149013,456.21290734295115,19.54342868622696,0.0,436.6694786567242,1.6626558711798212,9.771830839297905,0.0
C0-000027,MUV2.DE,MUV2.DE|swing|2023-01-03T23:00:00Z,EUR,2023-01-05T08:00:00Z,2023-02-23T16:30:00Z,stop,35,29.780951713218574,320.46013778686523,311.42991794259206,311.58571079799106,1.0,1.0,264.2888816381456,-268.9285411420476,18.818287237741963,0.0,-287.7468283797896,-1.088758734746026,264.2888816381456,-268.9285411420476,18.818287237741963,0.0,-287.7468283797896,-1.088758734746026,9.409078739005434,0.0
C0-000028,ITX.MC,ITX.MC|swing|2023-01-03T23:00:00Z,EUR,2023-01-05T08:00:00Z,2023-01-18T16:30:00Z,objetivo,9,365.7530098969188,26.093039923667906,27.702570269993377,25.10571370806013,1.0,1.0,361.11753510867845,588.6905686889711,19.67590634757298,0.0,569.0146623413981,1.5757048800473035,361.11753510867845,588.6905686889711,19.67590634757298,0.0,569.0146623413981,1.5757048800473035,9.83810280595318,0.0
C0-000029,9988.HK,9988.HK|swing|2023-01-08T16:00:00Z,HKD,2023-01-10T01:30:00Z,2023-02-13T01:30:00Z,stop,21,524.950926297788,109.05449999999999,101.04944847488404,101.35714285714286,0.11974900608324951,0.1191667858334525,4040.7347621877448,-4202.259213171136,110.29426237071308,0.0,-4312.553475541849,-1.0672696252913507,483.873971618018,-534.1008203713461,13.176743839288115,0.0,-547.2775642106342,-1.131033277902099,6.588240041497627,-30.884456289924668
C0-000030,TSM,TSM|swing|2023-01-12T05:00:00Z,USD,2023-01-13T14:30:00Z,2023-01-23T21:00:00Z,objetivo,5,122.1468016438116,85.45270866394043,94.17218149648394,82.18713923863002,0.9283327144448571,0.9198785760279643,398.87886084748567,1065.055718515297,21.940605828716805,0.0,1043.1151126865802,2.615117558424394,370.2922956252188,891.4795426580802,20.27093564199108,0.0,871.2086070160891,2.3527592048468082,10.135693224804164,-97.24652354624415
C0-000031,ICGA.DE,ICGA.DE|swing|2023-01-15T23:00:00Z,EUR,2023-01-17T08:00:00Z,2023-01-27T16:30:00Z,objetivo,8,2119.5602019230505,4.58178994846344,4.841649522764342,4.43978568485805,1.0,1.0,300.98658564137446,550.7880117768588,19.973547268445202,0.0,530.8144645084135,1.763581800090184,300.98658564137446,550.7880117768588,19.973547268445202,0.0,530.8144645084135,1.763581800090184,9.986913827952726,0.0
C0-000032,LLY,LLY|swing|2023-01-20T05:00:00Z,USD,2023-01-23T14:30:00Z,2023-02-01T21:00:00Z,stop,7,30.838460765473624,346.78329034423825,337.8782916673933,338.0473153250558,0.9237021984112322,0.9179364787956674,269.40402287721514,-274.6164523124781,21.1139093344928,0.0,-295.7303616469709,-1.0977206594340811,248.84908819251353,-313.7405805935741,19.442887709453792,0.0,-333.1834683030279,-1.3388976858346853,9.721367849923116,-60.07675987264375
C0-000033,NFLX,NFLX|swing|2023-01-20T05:00:00Z,USD,2023-01-23T14:30:00Z,2023-02-03T21:00:00Z,objetivo,9,223.88178883315157,34.18908688545227,37.904966705186034,31.800714220319474,0.9237021984112322,0.9143275121148396,534.7131446701319,831.9178211310041,16.1405456821052,0.0,815.7772754488989,1.525635349682973,493.91570725118413,688.8885597662841,14.829501769607587,0.0,674.0590579966765,1.364724887467244,7.414924960674033,-79.55576050990597
C0-000034,QCOM,QCOM|swing|2023-01-23T05:00:00Z,USD,2023-01-24T14:30:00Z,2023-03-02T21:00:00Z,stop,26,63.0799815723201,130.61527805328367,122.03752031271799,122.09856959751674,0.9198785760279643,0.9429514380009429,537.2338124466008,-541.0848002067096,15.93733386512249,47.30998617924008,-509.712147892592,-0.9487715331455531,494.18987438745364,-320.1145507363221,14.838029746319332,44.281155165893,-290.6714253167484,-0.5881776223704188,7.418936699255015,177.61776478820164
C0-000035,6857.T,6857.T|swing|2023-01-23T15:00:00Z,JPY,2023-01-25T00:00:00Z,2023-01-30T00:00:00Z,stop,3,574.3632000155425,2451.225,2336.33125,2358.9285714285716,0.007068636460026861,0.007087172218284905,53011.67206429153,-65990.74191178558,2749.7961280044105,0.0,-68740.53803978999,-1.2967057133459738,374.72023796063854,-441.591380377746,19.46218235197679,0.0,-461.0535627297228,-1.2303940807652691,9.730983210887993,24.873183924124813
C0-000036,1810.HK,1810.HK|swing|2023-01-25T16:00:00Z,HKD,2023-01-27T01:30:00Z,2023-02-22T08:00:00Z,stop,18,4478.8446552127525,13.266630228996275,12.305273309230806,12.311429023742676,0.1172401664810364,0.119552872257756,4278.197812802864,-4305.768301843368,114.53258348580444,0.0,-4420.300885329172,-1.0332156386273335,501.5766238118136,-377.3478964242103,13.555280251491588,0.0,-390.9031766757019,-0.7793488733684781,6.777547483156983,127.46109611267543
C0-000037,RRU.DE,RRU.DE|swing|2023-01-25T23:00:00Z,EUR,2023-01-27T08:00:00Z,2023-01-31T16:30:00Z,stop,2,7955.934498454953,1.2586290162205696,1.197686539019857,1.1982856818607874,1.0,1.0,480.08761558479273,-484.85435678245346,19.542285665028842,0.0,-504.3966424474823,-1.0506345635120766,480.08761558479273,-484.85435678245346,19.542285665028842,0.0,-504.3966424474823,-1.0506345635120766,9.771024061681091,0.0
C0-000038,VVSM.DE,VVSM.DE|swing|2023-01-25T23:00:00Z,EUR,2023-01-27T08:00:00Z,2023-02-08T08:00:00Z,objetivo,8,487.3905917901889,20.545267347335816,22.193897423744204,19.68900053841727,1.0,1.0,417.3363867291059,803.5267885837885,20.830666810395087,0.0,782.6961217733934,1.8754562186820374,417.3363867291059,803.5267885837885,20.830666810395087,0.0,782.6961217733934,1.8754562186820374,10.415536890778107,0.0
C0-000039,V,V|swing|2023-01-27T05:00:00Z,USD,2023-01-30T14:30:00Z,2023-02-17T21:00:00Z,stop,14,46.80478827518159,230.3150969467163,221.9932373188564,222.10428946358817,0.9203865623561895,0.9411764705882353,384.30510581608837,-389.5028779377645,21.170195820400195,21.062154723831718,-389.61091903433294,-1.0138062522145717,353.7092552380012,-142.47886521692533,19.700778105181563,19.5545025752778,-142.6251407468291,-0.40322705339123954,9.850355895462538,216.01434963605723
C0-000040,BBVA.MC,BBVA.MC|swing|2023-01-31T23:00:00Z,EUR,2023-02-02T08:00:00Z,2023-02-27T16:30:00Z,objetivo,17,1474.8630360815273,6.726361549615859,7.184263460755348,6.486428737640381,1.0,1.0,353.86803552573235,675.3426028907203,20.51626663658771,0.0,654.8263362541326,1.8504817347553713,353.86803552573235,675.3426028907203,20.51626663658771,0.0,654.8263362541326,1.8504817347553713,10.258304718519813,0.0
C0-000041,AMD,AMD|swing|2023-02-01T05:00:00Z,USD,2023-02-02T14:30:00Z,2023-02-21T14:30:00Z,stop,12,76.24075143974966,84.33214591598511,77.11142652511597,77.24285561697823,0.9179364787956674,0.9368559115608021,540.4928195708118,-550.5130722954343,12.308579278027207,0.0,-562.8216515734615,-1.0413119863837976,496.13807561117295,-394.108059600184,11.409721892963285,0.0,-405.51778149314725,-0.8173486402824574,5.704763845657311,111.22797151367199
C0-000042,MBG.DE,MBG.DE|swing|2023-02-01T23:00:00Z,EUR,2023-02-03T08:00:00Z,2023-03-16T16:30:00Z,stop,29,138.72199449281516,71.71584030532837,69.41812827410017,69.45285470145089,1.0,1.0,313.925876478412,-318.74319574211364,19.578385612024633,0.0,-338.3215813541383,-1.0777116724157778,313.925876478412,-318.74319574211364,19.578385612024633,0.0,-338.3215813541383,-1.0777116724157778,9.789115567491624,0.0
C0-000043,SU.PA,SU.PA|swing|2023-02-02T23:00:00Z,EUR,2023-02-06T08:00:00Z,2023-02-08T16:30:00Z,stop,2,65.36751801357907,152.47619389343262,149.4252478212629,149.49999782017298,1.0,1.0,194.54655043074305,-199.43277233101264,19.734547929610855,0.0,-219.1673202606235,-1.126554646049328,194.54655043074305,-199.43277233101264,19.734547929610855,0.0,-219.1673202606235,-1.126554646049328,9.867226573418828,0.0
C0-000044,6857.T,6857.T|swing|2023-02-07T15:00:00Z,JPY,2023-02-09T00:00:00Z,2023-03-01T06:00:00Z,objetivo,13,560.155587616047,2503.75125,2746.3047321428576,2393.214285714286,0.007101768340316739,0.0068856296908352274,61917.89818275814,135867.68831805087,2940.848193694375,0.0,132926.8401243565,2.146824165962593,439.72656901326707,632.4022395809136,20.55272398786814,0.0,611.8495155930455,1.3914317639846439,10.276522663622671,-332.49860778824143
C0-000045,SIE.DE,SIE.DE|swing|2023-02-08T23:00:00Z,EUR,2023-02-10T08:00:00Z,2023-02-21T16:30:00Z,stop,7,68.89735088460691,145.79286122131347,143.4310997881208,143.50285121372767,1.0,1.0,157.77562302190063,-162.7191061684074,19.926764725902864,0.0,-182.64587089431026,-1.1576304843299996,157.77562302190063,-162.7191061684074,19.926764725902864,0.0,-182.64587089431026,-1.1576304843299996,9.963344174010576,0.0
C0-000046,MSFT,MSFT|swing|2023-02-09T05:00:00Z,USD,2023-02-10T14:30:00Z,2023-03-01T21:00:00Z,stop,12,39.2374221820469,261.6607637786865,247.81316304343088,247.93713160923548,0.9284189026088572,0.9359790340696368,538.4799493038694,-543.3441562576475,19.990443557464687,26.681447083791895,-536.6531527313202,-0.9966074937889317,499.93496360957147,-430.93967128967336,18.63301698428765,24.935931854011116,-424.6367564199499,-0.8493839945780901,9.3164030863249,73.5113140019868
C0-000047,XOM,XOM|swing|2023-02-10T05:00:00Z,USD,2023-02-13T14:30:00Z,2023-02-17T21:00:00Z,stop,4,82.01053510658771,117.77886122131348,111.24149454716274,111.2971431187221,0.9354536950420954,0.9411764705882353,531.5691700035749,-536.1329391350752,18.782081926873825,0.0,-554.915021061949,-1.0439187454347985,497.2583442503039,-449.3188036061107,17.621976674419052,0.0,-466.94078028052974,-0.9390305576159156,8.810878210228086,52.2087353415734
C0-000048,EXH1.DE,EXH1.DE|swing|2023-02-20T23:00:00Z,EUR,2023-02-22T08:00:00Z,2023-03-13T16:30:00Z,stop,13,269.09457283688005,36.42320127868652,35.31019295283727,35.3278568812779,1.0,1.0,294.7512327299416,-299.50450000829505,19.30306707887141,0.0,-318.8075670871665,-1.0816157209400576,294.7512327299416,-299.50450000829505,19.30306707887141,0.0,-318.8075670871665,-1.0816157209400576,9.651461076173517,0.0
C0-000049,BSP.DE,BSP.DE|swing|2023-02-20T23:00:00Z,EUR,2023-02-22T08:00:00Z,2023-02-23T16:30:00Z,stop,1,932.9892948230505,10.50525,10.16777058356149,10.172857012067523,1.0,1.0,310.119099415249,-314.86468276026045,19.287706896119445,0.0,-334.1523896563799,-1.0774969690239888,310.119099415249,-314.86468276026045,19.287706896119445,0.0,-334.1523896563799,-1.0774969690239888,9.643777142832608,0.0
C0-000050,PANW,PANW|swing|2023-02-22T05:00:00Z,USD,2023-02-23T14:30:00Z,2023-04-21T20:00:00Z,tiempo,40,82.58987624267368,93.84690305328368,96.5766875,87.56214141845703,0.9394964299135663,0.9109127345600291,519.0576856350367,225.45255962347656,15.727060777481267,0.0,209.7254988459953,0.40405046423579766,487.6528425733152,-16.17901579438885,14.547526562801805,0.0,-30.726542357190652,-0.06300905003454611,7.27376105508611,-227.99089067552066
C0-000051,RRU.DE,RRU.DE|swing|2023-02-22T23:00:00Z,EUR,2023-02-24T08:00:00Z,2023-03-06T16:30:00Z,objetivo,6,4617.63696731907,1.4727360028624534,1.7197111300570627,1.3662857498441423,1.0,1.0,491.5486235178219,1140.441477342157,14.741561897180937,0.0,1125.699915444976,2.290108977192898,491.5486235178219,1140.441477342157,14.741561897180937,0.0,1125.699915444976,2.290108977192898,7.371067901725955,0.0
C0-000052,IQQT.DE,IQQT.DE|swing|2023-02-22T23:00:00Z,EUR,2023-02-24T08:00:00Z,2023-02-28T08:00:00Z,stop,2,157.44367031982242,62.44120484733581,61.549211830139164,61.88428715297154,1.0,1.0,87.68316586676423,-140.43865452709258,19.521506286185783,0.0,-159.96016081327838,-1.8242972779557256,87.68316586676423,-140.43865452709258,19.521506286185783,0.0,-159.96016081327838,-1.8242972779557256,9.76072047360808,0.0
C0-000053,NVDA,NVDA|swing|2023-02-23T05:00:00Z,USD,2023-02-24T14:30:00Z,2023-03-22T20:00:00Z,objetivo,18,272.4429247343063,23.23661288166046,27.164054273196633,21.321570532662527,0.9419743782969102,0.9272137227630969,521.7397385510528,1070.003619432689,13.731305168229554,1.0897716989372253,1057.3620859633968,2.0266083026373365,491.4654658544205,898.6774839584077,12.825299138816042,1.0218206272266528,886.8740054468184,1.8045499980450792,6.412875841996725,-109.23851023214334
C0-000054,IBE.MC,IBE.MC|swing|2023-02-28T23:00:00Z,EUR,2023-03-02T08:00:00Z,2023-03-16T16:30:00Z,objetivo,10,927.9662430601632,10.600297767162322,11.04483127798353,10.488303218569074,1.0,1.0,103.92716050129552,412.5120919511002,20.085949080576412,0.0,392.4261428705238,3.7759729119668575,103.92716050129552,412.5120919511002,20.085949080576412,0.0,392.4261428705238,3.7759729119668575,10.04308017907968,0.0
C0-000055,IQQT.DE,IQQT.DE|swing|2023-03-07T23:00:00Z,EUR,2023-03-09T08:00:00Z,2023-03-10T08:00:00Z,stop,1,157.7131417279388,63.09153137397766,61.8990353050232,62.405713762555806,1.0,1.0,108.16245014969127,-188.07230153302493,19.712654957300646,0.0,-207.78495649032558,-1.9210452074889381,108.16245014969127,-188.07230153302493,19.712654957300646,0.0,-207.78495649032558,-1.9210452074889381,9.856282924644749,0.0
C0-000056,CRWD,CRWD|swing|2023-03-08T05:00:00Z,USD,2023-03-09T14:30:00Z,2023-03-10T21:00:00Z,stop,1,232.67254708826263,32.04351390266418,29.77403261470795,29.78892707824707,0.948316737790422,0.9446438692612885,524.5804590687666,-528.0459918379273,14.383246002944132,0.0,-542.4292378408715,-1.0340248639909118,497.46842965269474,-526.1990164258722,13.614428764306284,0.0,-539.8134451901784,-1.0851210107283524,6.807084534168904,-25.44416404282112
C0-000057,VVSM.DE,VVSM.DE|swing|2023-03-08T23:00:00Z,EUR,2023-03-10T08:00:00Z,2023-03-10T16:30:00Z,stop,0,457.44428691288647,21.530760457992553,21.33932565362113,21.350000653948104,1.0,1.0,82.68753966362603,-87.57075757599307,19.61067597122116,0.0,-107.18143354721423,-1.2962223085029458,82.68753966362603,-87.57075757599307,19.61067597122116,0.0,-107.18143354721423,-1.2962223085029458,9.805318544250115,0.0
C0-000058,AMAT,AMAT|swing|2023-03-14T04:00:00Z,USD,2023-03-15T13:30:00Z,2023-04-06T20:00:00Z,stop,16,87.2853575867843,118.57925664138793,112.51799482400077,112.57428196498326,0.9313588525658936,0.9161704076958315,524.1463619295661,-529.0594051577606,20.171406231479466,0.0,-549.23081138924,-1.0478577192968188,488.1683542233082,-641.9125114720397,18.63764941144612,0.0,-660.5501608834858,-1.3531195850137452,9.318666557260872,-149.16835094511325
C0-000059,ASML.AS,ASML.AS|swing|2023-03-16T23:00:00Z,EUR,2023-03-20T08:00:00Z,2023-04-26T07:00:00Z,stop,25,14.576772718374427,592.3960255737304,554.3226755981445,558.6142490931919,1.0,1.0,492.4292777797364,-554.9865692212418,16.715457878891947,0.0,-571.7020271001337,-1.1609830140031925,492.4292777797364,-554.9865692212418,16.715457878891947,0.0,-571.7020271001337,-1.1609830140031925,8.357592282200756,0.0
C0-000060,8035.T,8035.T|swing|2023-03-23T15:00:00Z,JPY,2023-03-27T00:00:00Z,2023-03-30T06:00:00Z,stop,3,83.25327804061958,16541.600651367185,15863.016254045759,15870.951729910714,0.007150518412584913,0.006964758322886195,55833.721125657285,-56494.37550422702,2697.7905810261054,23698.87812704277,-35493.287958210356,-0.6356962645984223,399.24005095214363,-649.2877822797758,19.045277512896003,165.05695867838674,-503.276101114285,-1.2605852040997059,9.52247881512082,-245.32371002931401
C0-000061,EQQQ.DE,EQQQ.DE|swing|2023-03-26T22:00:00Z,EUR,2023-03-28T07:00:00Z,2023-05-17T15:30:00Z,objetivo,33,34.11724403613566,287.7438061065674,304.2549488721575,278.2285853794643,1.0,1.0,324.6331076042726,563.3146870491145,20.197365992697637,0.0,543.1173210564168,1.6730188891222895,324.6331076042726,563.3146870491145,20.197365992697637,0.0,543.1173210564168,1.6730188891222895,10.098826349726142,0.0
C0-000062,IQQK.DE,IQQK.DE|swing|2023-04-10T22:00:00Z,EUR,2023-04-12T07:00:00Z,2023-04-24T15:30:00Z,stop,8,248.27241890878324,39.24961454200744,38.37580241285052,38.39499991280692,1.0,1.0,212.17724122644748,-216.9434509776237,19.27225003618546,0.0,-236.21570101380917,-1.1132942423438643,212.17724122644748,-216.9434509776237,19.27225003618546,0.0,-236.21570101380917,-1.1132942423438643,9.636073191246087,0.0
C0-000063,AZN,AZN|swing|2023-04-18T04:00:00Z,USD,2023-04-19T13:30:00Z,2023-04-28T20:00:00Z,stop,7,71.71677353752725,149.17455610656737,145.66712023925783,145.739990234375,0.9114108640174992,0.9106638739641197,246.31598285573963,-251.54198379323867,21.14509373191845,0.0,-272.6870775251571,-1.1070620524241916,224.49506275586916,-237.06173445348102,19.26406451027099,0.0,-256.325798963752,-1.141788134746187,9.631975397693681,-7.803637667808809
C0-000064,ITX.MC,ITX.MC|swing|2023-04-20T22:00:00Z,EUR,2023-04-24T07:00:00Z,2023-05-25T15:30:00Z,stop,22,308.5979674430641,31.40569438934326,30.47618266105652,30.49142837524414,1.0,1.0,282.1406336532601,-286.8454300637779,19.096621479314965,185.15878046583845,-120.78327107725443,-0.4280959800554371,282.1406336532601,-286.8454300637779,19.096621479314965,185.15878046583845,-120.78327107725443,-0.4280959800554371,9.54824141535962,0.0
C0-000065,IBE.MC,IBE.MC|swing|2023-04-20T22:00:00Z,EUR,2023-04-24T07:00:00Z,2023-05-25T15:30:00Z,stop,22,829.3569997076078,11.685840305328368,11.421429661546435,11.427143233163017,1.0,1.0,214.5522276041978,-219.29081821774054,19.164176091161004,0.0,-238.45499430890155,-1.1114076836750404,214.5522276041978,-219.29081821774054,19.164176091161004,0.0,-238.45499430890155,-1.1114076836750404,9.582035618383822,0.0
C0-000066,SAP.DE,SAP.DE|swing|2023-04-20T22:00:00Z,EUR,2023-04-24T07:00:00Z,2023-06-20T15:30:00Z,tiempo,40,80.37579057003585,120.58025664138793,124.51771183013916,117.2914319719587,1.0,1.0,264.34188285161133,316.4760736299698,19.69994298300871,164.77037066857346,461.54650131553456,1.7460210857869403,264.34188285161133,316.4760736299698,19.69994298300871,164.77037066857346,461.54650131553456,1.7460210857869403,9.850053073035308,0.0
C0-000067,MSFT,MSFT|swing|2023-04-27T04:00:00Z,USD,2023-04-28T13:30:00Z,2023-05-25T20:00:00Z,objetivo,19,35.04447303075952,304.1620147705078,326.5216419873919,290.2599879673549,0.9056330374932077,0.9315323707498836,487.18920337598854,783.5813529799301,22.10197640019301,23.830241660916474,785.3096182406535,1.6119191739037584,441.2146380872926,1005.997504329418,20.312640365417153,22.005948527949464,1007.6908124919504,2.2839015878085682,10.156574221227801,296.36034350716477
C0-000068,VRTX,VRTX|swing|2023-04-27T04:00:00Z,USD,2023-04-28T13:30:00Z,2023-05-26T20:00:00Z,stop,20,31.473768355428014,338.66925,325.94265131923135,326.105704171317,0.9056330374932077,0.9301460329271696,395.42213113477277,-400.5540188310077,20.91784102838207,0.0,-421.4718598593897,-1.065878277095569,358.10734571162175,-111.28487136283131,19.1953579897249,0.0,-130.48022935255622,-0.3643606614471123,9.597653573056432,251.47008139120555
C0-000069,MA,MA|swing|2023-04-27T04:00:00Z,USD,2023-04-28T13:30:00Z,2023-05-18T20:00:00Z,objetivo,14,28.598691711333036,372.7162637786865,390.9730144206456,362.00428989955356,0.9056330374932077,0.9248127254231019,306.3484385891748,522.1191832600703,21.840514230473147,0.0,500.2786690295971,1.6330380900047292,277.43926697081577,687.3025469523043,19.993945408040037,0.0,667.3086015442642,2.405242087142839,9.99714702894256,214.45416508301406
C0-000070,AMZN,AMZN|swing|2023-04-27T04:00:00Z,USD,2023-04-28T13:30:00Z,2023-05-01T20:00:00Z,stop,1,98.8941822735652,107.78386835861205,102.88281652341571,102.93428366524833,0.9056330374932077,0.9106638739641197,479.5957126166039,-484.68551352209823,20.83370953369098,0.0,-505.5192230557892,-1.0540528402511158,434.3377219856945,-387.7609077459073,18.918881953341824,0.0,-406.6797896992491,-0.9363215974887018,9.459346401279364,51.18630609406568
C0-000071,XOM,XOM|swing|2023-04-28T04:00:00Z,USD,2023-05-01T13:30:00Z,2023-05-02T20:00:00Z,stop,1,91.57008653370495,116.0479928627014,113.83733560834614,113.89428274972099,0.9106638739641197,0.9119927040583675,197.21542141413252,-202.43007607767456,21.050619420923013,0.0,-223.48069549859758,-1.133180630075123,179.59695967046034,-170.49390658174272,19.183890481908087,0.0,-189.67779706365081,-1.0561303343424502,9.59190501545185,13.851850706003189
C0-000072,MUV2.DE,MUV2.DE|swing|2023-05-04T22:00:00Z,EUR,2023-05-08T07:00:00Z,2023-05-10T15:30:00Z,stop,2,29.455152487293642,328.86436221313477,325.8369956425258,325.99999564034596,1.0,1.0,84.3703541810011,-89.17154397222302,19.284328329276683,0.0,-108.45587230149971,-1.2854737111666918,84.3703541810011,-89.17154397222302,19.284328329276683,0.0,-108.45587230149971,-1.2854737111666918,9.642144282288692,0.0
C0-000073,AAPL,AAPL|swing|2023-05-05T04:00:00Z,USD,2023-05-08T13:30:00Z,2023-06-05T20:00:00Z,objetivo,19,61.819274417827316,172.56623572540283,182.65863807242258,167.45000348772322,0.9079353550027238,0.9354536950420954,316.2817646864506,623.904990225538,21.959743953345846,14.836625860278556,616.7818721324707,1.9501025382981665,287.1633963014805,877.197664267891,20.248760187529477,13.621580848584792,870.5704849289464,3.031620659671304,10.124601924330456,310.73226547949616
C0-000074,CRM,CRM|swing|2023-05-10T04:00:00Z,USD,2023-05-11T13:30:00Z,2023-05-30T13:30:00Z,objetivo,12,52.3746028219869,203.01145866394043,219.1603692703247,196.02286638532365,0.9132420091324202,0.9332711152589829,366.02474487735816,845.7927790171481,22.111081810689328,0.0,823.6816972064587,2.2503442970295495,334.26917340398006,1002.3163355650244,20.422671615630946,0.0,981.8936639493934,2.937434086279708,10.21158893979662,229.90283874571105
C0-000075,MU,MU|swing|2023-05-15T04:00:00Z,USD,2023-05-16T13:30:00Z,2023-05-26T20:00:00Z,objetivo,8,134.17221978210287,64.58227805328369,70.61538815511976,60.63285664149693,0.9194556822361163,0.9301460329271696,529.9026376743959,809.4757745531746,18.13977098454129,0.0,791.3360035686333,1.4933611333614039,487.2219912416292,845.5641471384098,16.78000255279133,0.0,828.7841445856185,1.7010400997573147,8.390214764985096,101.28704659301238
C0-000076,RRU.DE,RRU.DE|swing|2023-05-16T22:00:00Z,EUR,2023-05-18T07:00:00Z,2023-07-13T15:30:00Z,tiempo,40,3650.4769196253546,1.7808899713754653,1.7196397423744203,1.6463571105684554,1.0,1.0,491.1091033071604,-223.59254729008248,12.778602926506707,0.0,-236.37115021658917,-0.48130068985659313,491.1091033071604,-223.59254729008248,12.778602926506707,0.0,-236.37115021658917,-0.48130068985659313,6.3892471624276475,0.0
C0-000077,AMAT,AMAT|swing|2023-05-18T04:00:00Z,USD,2023-05-19T13:30:00Z,2023-05-24T13:30:00Z,stop,3,83.28667318764394,128.36415305328367,121.85903816986085,123.44285365513393,0.9248127254231019,0.9277298450691158,409.87865463224637,-541.7893773437149,20.840257151371375,26.651735420046062,-535.9778990750402,-1.3076501862628913,379.06099568320207,-471.44718110272703,19.302941544241847,24.711854816918,-466.03826783005087,-1.2294545551701646,9.65135532316205,29.606529563798393
C0-000078,7203.T,7203.T|swing|2023-05-23T15:00:00Z,JPY,2023-05-25T00:00:00Z,2023-06-13T00:00:00Z,objetivo,13,744.6787317505963,1954.4767499999998,2098.9500000000003,1867.7142857142858,0.006697923643670461,0.006665333599946677,64610.16186784193,107586.15658188717,3018.5006914339415,0.0,104567.65589045323,1.618439775841192,432.7539307959941,669.6642083708641,20.16674749606044,0.0,649.4974608748037,1.500847051071583,10.083543684965935,-50.93965353059101
C0-000079,MSFT,MSFT|swing|2023-05-25T04:00:00Z,USD,2023-05-26T13:30:00Z,2023-06-15T20:00:00Z,objetivo,13,32.506133954008305,324.1819990081787,341.03440804508756,315.73001534598217,0.9315323707498836,0.9242998428690267,274.7413131004504,547.8066656014993,21.62361363607759,0.0,526.1830519654217,1.9151945007012456,255.9304267353986,430.12193417530847,20.06291836684982,0.0,410.05901580845864,1.6022284690378394,10.031569221799863,-80.17770774504571
C0-000080,NVDA,NVDA|swing|2023-05-25T04:00:00Z,USD,2023-05-26T13:30:00Z,2023-06-14T20:00:00Z,objetivo,12,186.8648779807183,37.90894438934326,42.29491224902017,35.089285714285715,0.9315323707498836,0.9251549634563789,526.8951742619022,819.583348925878,14.987283884310806,0.7474595119228732,805.34352455349,1.5284701092236241,490.8199108168628,713.065004861701,13.910736672663218,0.6974521899065719,699.8517203789444,1.4258829052272832,6.955548341469566,-50.40341519035178
C0-000081,TSM,TSM|swing|2023-05-25T04:00:00Z,USD,2023-05-26T13:30:00Z,2023-06-05T20:00:00Z,stop,5,102.75721659818757,100.90042347335815,95.72496361160279,95.7728500366211,0.9315323707498836,0.9354536950420954,526.8951742619023,-531.815850009621,20.204677489391806,0.0,-552.0205274990128,-1.047685677274056,490.8199108168629,-456.83184443991246,18.85988295705187,0.0,-475.6917273969643,-0.9691777308000382,9.429829628020869,38.57183512191565
C0-000082,EUNN.DE,EUNN.DE|swing|2023-05-25T22:00:00Z,EUR,2023-05-29T07:00:00Z,2023-06-05T15:30:00Z,objetivo,5,227.78238892725577,43.631805610656734,44.95372671018328,42.84085627964565,1.0,1.0,180.16432813811966,301.11034602350185,20.178224176433567,0.0,280.9321218470683,1.55931046256669,180.16432813811966,301.11034602350185,20.178224176433567,0.0,280.9321218470683,1.55931046256669,10.089189888098499,0.0
C0-000083,MRVL,MRVL|swing|2023-05-30T04:00:00Z,USD,2023-05-31T13:30:00Z,2023-06-05T20:00:00Z,stop,3,120.86090852604653,61.83089923667907,57.38986327580044,57.41857256208147,0.9307520476545048,0.9354536950420954,533.2778106055757,-536.747641028636,14.409129672426303,0.0,-551.1567707010623,-1.0335265404633727,496.3494141898508,-466.96744159233793,13.443938471898855,0.0,-480.41138006423677,-0.9678894873853566,6.721854174551537,32.61152436878982
C0-000084,PLTR,PLTR|swing|2023-05-30T04:00:00Z,USD,2023-05-31T13:30:00Z,2023-07-17T20:00:00Z,objetivo,31,405.3731647088063,14.197094580173491,17.443916732345308,12.88157136099679,0.9307520476545048,0.8904719501335708,533.2778106055757,1316.1745710725468,12.826416890342887,0.0,1303.3481541822039,2.444032225346405,496.3494141898508,940.199695464292,11.653381303124696,0.0,928.5463141611673,1.8707513046565292,5.826927158217544,-284.8324816322709
C0-000085,AVGO,AVGO|swing|2023-05-30T04:00:00Z,USD,2023-05-31T13:30:00Z,2023-06-16T20:00:00Z,objetivo,12,108.00029958236577,79.52974286270141,88.90252700328827,74.59199905395508,0.9307520476545048,0.9119095385737734,533.2778106055757,1012.2634951042274,18.190735604864763,0.0,994.0727594993626,1.8640804843736527,496.3494141898508,761.2499783749454,16.750148070110363,0.0,744.499830304835,1.4999510607260798,8.375266441365806,-180.91634245922106
C0-000086,6758.T,6758.T|swing|2023-06-04T15:00:00Z,JPY,2023-06-06T00:00:00Z,2023-06-23T06:00:00Z,stop,13,549.3784405997245,2731.365,2647.104357142857,2648.4285714285716,0.006668444918644972,0.006408202499198974,45563.48579748168,-46290.9805767873,2954.8151082405457,0.0,-49245.79568502784,-1.08081712413122,303.837595341969,-687.1495322065084,19.32556111608192,0.0,-706.4750933225903,-2.3251733957657645,9.662611186310073,-378.46067800013833
C0-000087,6501.T,6501.T|swing|2023-06-04T15:00:00Z,JPY,2023-06-06T00:00:00Z,2023-06-14T06:00:00Z,objetivo,6,882.7564113226886,1699.8494999999998,1805.0969389953614,1647.0,0.006668444918644972,0.006639224538573895,46653.23496019826,92907.85154844896,3094.0139403657818,0.0,89813.83760808318,1.9251363315900165,311.104527608684,572.9893575522095,20.58570000584064,0.0,552.4036575463689,1.7756207593391173,10.292995823507283,-46.56153300826576
C0-000088,VVSM.DE,VVSM.DE|swing|2023-06-04T22:00:00Z,EUR,2023-06-06T07:00:00Z,2023-08-01T15:30:00Z,tiempo,40,395.1876273883664,25.417703186988827,27.296344466209412,24.284285954066686,1.0,1.0,447.91246711958865,742.4157898490283,20.831939422104696,0.0,721.5838504269236,1.6109930028678285,447.91246711958865,742.4157898490283,20.831939422104696,0.0,721.5838504269236,1.6109930028678285,10.416157919037953,0.0
C0-000089,ZPRR.DE,ZPRR.DE|swing|2023-06-04T22:00:00Z,EUR,2023-06-06T07:00:00Z,2023-07-19T15:30:00Z,objetivo,31,210.43265851628823,47.73385408401489,50.25735997009278,46.220001220703125,1.0,1.0,318.5640826291891,531.0280523888724,20.620551684644543,0.0,510.40750070422786,1.6022129566262053,318.5640826291891,531.0280523888724,20.620551684644543,0.0,510.40750070422786,1.6022129566262053,10.310411176935805,0.0
C0-000090,IQQK.DE,IQQK.DE|swing|2023-06-12T22:00:00Z,EUR,2023-06-14T07:00:00Z,2023-06-15T15:30:00Z,stop,1,240.5879507785087,42.82139923667908,42.4880335987636,42.50928824288504,1.0,1.0,75.09014441235098,-80.20375568605505,20.52442162795598,0.0,-100.72817731401102,-1.3414300651876632,75.09014441235098,-80.20375568605505,20.52442162795598,0.0,-100.72817731401102,-1.3414300651876632,10.262193328587253,0.0
C0-000091,AIR.PA,AIR.PA|swing|2023-06-12T22:00:00Z,EUR,2023-06-14T07:00:00Z,2023-06-26T15:30:00Z,stop,8,79.49023192413921,129.60476328277588,125.43438822882517,125.49713679722377,1.0,1.0,326.51618199427355,-331.50408024918625,20.27312130339285,0.0,-351.7772015525791,-1.077365291373977,326.51618199427355,-331.50408024918625,20.27312130339285,0.0,-351.7772015525791,-1.077365291373977,10.136480309795683,0.0
C0-000092,ORCL,ORCL|swing|2023-06-14T04:00:00Z,USD,2023-06-15T13:30:00Z,2023-06-29T20:00:00Z,stop,9,81.1156189837412,122.0109719467163,115.03387732315065,115.09142303466797,0.9251549634563789,0.9142439202779301,561.2834930890731,-565.9513490986603,19.22803967543289,0.0,-585.1793887740932,-1.0425736654992417,519.2742095374902,-625.4041254577894,17.68710491749859,0.0,-643.091230375288,-1.2384424617353513,8.843398318565594,-101.81142576432923
C0-000093,IQQT.DE,IQQT.DE|swing|2023-06-14T22:00:00Z,EUR,2023-06-16T07:00:00Z,2023-06-21T15:30:00Z,stop,3,155.15480650902379,66.93345152664185,65.92416711807252,65.95714569091797,1.0,1.0,151.478543035369,-156.5953271241487,20.613498114070328,0.0,-177.20882523821902,-1.1698609036452259,151.478543035369,-156.5953271241487,20.613498114070328,0.0,-177.20882523821902,-1.1698609036452259,10.306712484880375,0.0
C0-000094,UBER,UBER|swing|2023-06-15T04:00:00Z,USD,2023-06-16T13:30:00Z,2023-07-18T20:00:00Z,objetivo,20,246.82227075683772,43.09153469467163,47.152840444292345,40.81571524483817,0.9242998428690267,0.8884940026654821,561.7229244404725,1002.4207073591858,22.274321594831,0.0,980.1463857643548,1.7448929768010988,519.2004107962589,509.8156446350989,20.171430292450808,0.0,489.6442143426481,0.943073626601561,10.08584512159703,-416.7216576656544
C0-000095,BBVA.MC,BBVA.MC|swing|2023-06-15T22:00:00Z,EUR,2023-06-19T07:00:00Z,2023-07-28T15:30:00Z,objetivo,29,1496.5336720154653,6.775385835886001,7.324621653403555,6.4311427388872415,1.0,1.0,515.1713860175299,821.9498947919604,21.101135983392062,0.0,800.8487588085684,1.5545288044808405,515.1713860175299,821.9498947919604,21.101135983392062,0.0,800.8487588085684,1.5545288044808405,10.55077611686318,0.0
C0-000096,EXV1.DE,EXV1.DE|swing|2023-06-20T22:00:00Z,EUR,2023-06-22T07:00:00Z,2023-06-22T15:30:00Z,stop,0,654.0560823831954,15.471731748104094,15.229810086999622,15.237428801400322,1.0,1.0,153.2472674119082,-158.23033390562608,20.080530175791715,0.0,-178.3108640814178,-1.1635500397024503,153.2472674119082,-158.23033390562608,20.080530175791715,0.0,-178.3108640814178,-1.1635500397024503,10.040228040368163,0.0
C0-000097,EUNH.DE,EUNH.DE|swing|2023-06-22T22:00:00Z,EUR,2023-06-26T07:00:00Z,2023-07-06T15:30:00Z,stop,8,91.820354384826,108.72433316802977,107.31988651657105,107.37357330322266,1.0,1.0,124.02724947538911,-128.95678925152254,19.83725681423325,0.0,-148.7940460657558,-1.1996883482873753,124.02724947538911,-128.95678925152254,19.83725681423325,0.0,-148.7940460657558,-1.1996883482873753,9.918598647567762,0.0
C0-000098,ITX.MC,ITX.MC|swing|2023-06-29T22:00:00Z,EUR,2023-07-03T07:00:00Z,2023-07-06T15:30:00Z,stop,3,285.44193287533153,35.36767347335815,34.3228301525116,34.34000015258789,1.0,1.0,293.3410590450742,-298.2420970543203,19.89259205802356,0.0,-318.1346891123439,-1.084521512767362,293.3410590450742,-298.2420970543203,19.89259205802356,0.0,-318.1346891123439,-1.084521512767362,9.946223955042209,0.0
C0-000099,8035.T,8035.T|swing|2023-07-02T15:00:00Z,JPY,2023-07-04T00:00:00Z,2023-07-10T06:00:00Z,stop,4,68.94710451453788,21310.649999999998,20138.497142857144,20148.571428571428,0.006336734047272036,0.006409845522722903,80121.95271839052,-80816.54554844252,2857.798680097031,0.0,-83674.34422853954,-1.0443373056899254,507.7115057245455,-410.5983251809545,18.210624826998714,0.0,-428.8089500079532,-0.8445917517587238,9.105212040218998,101.51463057877251
C0-000100,QCOM,QCOM|swing|2023-07-13T04:00:00Z,USD,2023-07-14T13:30:00Z,2023-07-31T20:00:00Z,objetivo,11,91.61166034313007,123.0615,132.060369474956,117.11571611676898,0.8942944017170452,0.9071940488070398,544.7031335842167,824.4013738118299,23.372138052444033,0.0,801.0292357593859,1.4705794521292916,487.12496296209684,893.3209430666808,21.057635626157545,0.0,872.2633074405232,1.7906356145997675,10.529043775574177,156.06340969892028
C0-000101,ASML.AS,ASML.AS|swing|2023-07-13T22:00:00Z,EUR,2023-07-17T07:00:00Z,2023-07-19T15:30:00Z,stop,2,14.930889264934502,672.336,652.0167066301619,652.3428780691964,1.0,1.0,298.5150896091615,-303.38511924677016,19.773763610411237,0.0,-323.1588828571814,-1.082554598095143,298.5150896091615,-303.38511924677016,19.773763610411237,0.0,-323.1588828571814,-1.082554598095143,9.886808430626793,0.0
C0-000102,INFY,INFY|swing|2023-07-18T04:00:00Z,USD,2023-07-19T13:30:00Z,2023-07-20T13:30:00Z,stop,1,640.1013714522314,17.818904465675352,15.992,17.211427416120255,0.8884940026654821,0.8911067545891997,388.8468925459729,-1169.4040539909986,21.64240631851917,0.0,-1191.0464603095177,-3.063021675475269,345.488131982206,-1012.2630506382428,19.25589365527928,0.0,-1031.518944293522,-2.9856856106034035,9.62769616879958,26.745438025461223
C0-000103,UBER,UBER|swing|2023-07-18T04:00:00Z,USD,2023-07-19T13:30:00Z,2023-08-08T20:00:00Z,stop,14,205.1122169832231,47.12354847335815,44.32097080203465,44.34314237322126,0.8884940026654821,0.9137426900584795,570.2952593127542,-574.8429194328413,18.756388079540898,0.0,-593.5993075123822,-1.0408631280360126,506.703917647938,-281.21441135618034,16.894468395373043,0.0,-298.1088797515534,-0.5883295340113827,8.447166005874237,229.53007503461708
C0-000104,PLTR,PLTR|swing|2023-07-18T04:00:00Z,USD,2023-07-19T13:30:00Z,2023-07-21T20:00:00Z,stop,2,369.1888662672191,18.029010457992552,16.476043348108018,16.484285490853445,0.8884940026654821,0.8990380293086397,570.2952593127542,-573.338166648551,12.738881695163663,0.0,-586.0770483437146,-1.0276730145889317,506.703917647938,-445.270615019882,11.382556894364583,0.0,-456.65317191424657,-0.9012228956783652,5.6911685523202,64.13690754657891
C0-000105,ZPRR.DE,ZPRR.DE|swing|2023-07-18T22:00:00Z,EUR,2023-07-20T07:00:00Z,2023-08-17T15:30:00Z,stop,20,201.73387609254527,50.285128320693964,48.879836011614124,48.904288155691965,1.0,1.0,278.562238750123,-283.4950645537193,20.004932627335513,0.0,-303.4999971810548,-1.0895231117570876,278.562238750123,-283.4950645537193,20.004932627335513,0.0,-303.4999971810548,-1.0895231117570876,10.002397940499034,0.0
C0-000106,SAP.DE,SAP.DE|swing|2023-07-18T22:00:00Z,EUR,2023-07-20T07:00:00Z,2023-07-21T07:00:00Z,stop,1,79.9112901425806,126.94343725204467,121.13939694976807,123.9857155936105,1.0,1.0,236.35535360812852,-463.8083485944569,19.824619343294778,0.0,-483.6329679377517,-2.0462111839429857,236.35535360812852,-463.8083485944569,19.824619343294778,0.0,-483.6329679377517,-2.0462111839429857,9.912196197608726,0.0
C0-000107,NOW,NOW|swing|2023-07-19T04:00:00Z,USD,2023-07-20T13:30:00Z,2023-07-20T20:00:00Z,stop,0,94.24830444585231,119.58376407623291,115.14525654220581,115.2028579711914,0.8911067545891997,0.8930963650977941,412.89297233664473,-418.3218093521949,22.12281219752336,0.0,-440.44462154971825,-1.0667283074767613,367.9317165715957,-351.177648825721,19.735379120801397,0.0,-370.9130279465224,-1.0081028931202416,9.867604232889235,21.59174107999535
C0-000108,CRM,CRM|swing|2023-07-19T04:00:00Z,USD,2023-07-20T13:30:00Z,2023-07-24T20:00:00Z,stop,2,48.74484741953594,231.21555610656736,224.5876425922939,224.69999258858817,0.8911067545891997,0.9012256669069936,317.6001495361903,-323.07663296314064,22.218057373912412,0.0,-345.29469033705305,-1.0871993947147276,283.01563851023906,-177.11907472466498,19.909437694902454,0.0,-197.02851241956745,-0.696175354325656,9.954677056350498,110.77669515872509
C0-000109,RRU.DE,RRU.DE|swing|2023-07-19T22:00:00Z,EUR,2023-07-21T07:00:00Z,2023-07-26T15:30:00Z,objetivo,3,5186.162500832293,1.7838914923667906,2.040800560546773,1.6887857573372977,1.0,1.0,493.23379662404784,1332.3721755187914,19.835474502051603,0.0,1312.53670101674,2.6610842768691705,493.23379662404784,1332.3721755187914,19.835474502051603,0.0,1312.53670101674,2.6610842768691705,9.918072823586497,0.0
C0-000110,AIR.PA,AIR.PA|swing|2023-07-20T22:00:00Z,EUR,2023-07-24T07:00:00Z,2023-07-26T15:30:00Z,stop,2,73.87999767591987,134.08701427459715,130.43189585440498,130.4971444266183,1.0,1.0,265.21957602553306,-270.0401403890092,19.542656465567532,0.0,-289.5827968545767,-1.0918605677384017,265.21957602553306,-270.0401403890092,19.542656465567532,0.0,-289.5827968545767,-1.0918605677384017,9.771263165563088,0.0
C0-000111,VRTX,VRTX|swing|2023-07-21T04:00:00Z,USD,2023-07-24T13:30:00Z,2023-07-26T20:00:00Z,stop,2,30.435639267459997,362.0009173278808,349.40234243338455,349.57713099888394,0.8990380293086397,0.9042408897730354,378.1258790453498,-383.4456807729663,21.652012987789014,0.0,-405.0976937607553,-1.0713302532571982,339.9495451275283,-289.40355520103117,19.521311781094912,0.0,-308.9248669821261,-0.9087374035645094,9.760585979802682,55.32869398800597
C0-000112,MA,MA|swing|2023-07-24T04:00:00Z,USD,2023-07-25T13:30:00Z,2023-07-27T20:00:00Z,stop,2,27.25525748971438,403.5716801147461,394.4669483424596,394.6642804827009,0.9012256669069936,0.898876404494382,242.77347053517786,-248.15180882845132,21.75074830533965,0.0,-269.902557133791,-1.111746504009721,218.793682890391,-248.8984002670009,19.57707502634448,0.0,-268.47547529334537,-1.2270714206490296,9.788477735690222,-25.25762086140354
C0-000113,1810.HK,1810.HK|swing|2023-07-24T16:00:00Z,HKD,2023-07-26T01:30:00Z,2023-07-31T08:00:00Z,objetivo,3,6648.222688311014,11.445719580173492,12.489465922015054,10.802856717790876,0.11582653817642699,0.11646188784720202,4273.895467164669,6939.058110672695,159.12644330458275,0.0,6779.931667368112,1.5863587959641805,495.0305164896068,856.4819099899111,18.483819891122934,0.0,837.9980900987881,1.6928210730143582,9.24212637656991,52.75483082563609
C0-000114,QDV5.DE,QDV5.DE|swing|2023-07-25T22:00:00Z,EUR,2023-07-27T07:00:00Z,2023-08-03T15:30:00Z,stop,5,1424.4004851421503,6.994495675563812,6.905116889578956,6.908571175166538,1.0,1.0,122.39090005147295,-127.31118611824506,19.798614881077285,0.0,-147.10980099932235,-1.2019668205516387,122.39090005147295,-127.31118611824506,19.798614881077285,0.0,-147.10980099932235,-1.2019668205516387,9.899278087559786,0.0
C0-000115,RRU.DE,RRU.DE|swing|2023-07-25T22:00:00Z,EUR,2023-07-27T07:00:00Z,2023-08-07T15:30:00Z,objetivo,7,3709.184239189035,2.17508702480793,2.437602075321334,2.040785755429949,1.0,1.0,498.14815167988826,973.7166879142321,17.109313710478517,0.0,956.6073742037536,1.9203270572776767,498.14815167988826,973.7166879142321,17.109313710478517,0.0,956.6073742037536,1.9203270572776767,8.554902423135507,0.0
C0-000116,MC.PA,MC.PA|swing|2023-07-25T22:00:00Z,EUR,2023-07-27T07:00:00Z,2023-08-17T15:30:00Z,stop,15,12.143882977532899,820.41,794.3348007518224,794.7321668352399,1.0,1.0,311.82860106945924,-316.6541682857222,19.60927189890981,0.0,-336.26344018463203,-1.078359839448242,311.82860106945924,-316.6541682857222,19.60927189890981,0.0,-336.26344018463203,-1.078359839448242,9.804559237051082,0.0
C0-000117,IFX.DE,IFX.DE|swing|2023-07-26T22:00:00Z,EUR,2023-07-28T07:00:00Z,2023-08-03T07:00:00Z,stop,4,254.6965333646762,38.71935076332092,34.9825,36.73857116699219,1.0,1.0,504.49769654441036,-951.7629351189815,18.771605891978552,0.0,-970.5345410109601,-1.923764068019932,504.49769654441036,-951.7629351189815,18.771605891978552,0.0,-970.5345410109601,-1.923764068019932,9.385567351645655,0.0
C0-000118,EXSA.DE,EXSA.DE|swing|2023-07-27T22:00:00Z,EUR,2023-07-31T07:00:00Z,2023-08-02T07:00:00Z,stop,2,218.5708446412206,46.82339923667907,45.89703816986084,46.09428678240095,1.0,1.0,159.36272497000274,-202.47552081720292,20.265984319450855,0.0,-222.74150513665379,-1.3977014083976098,159.36272497000274,-202.47552081720292,20.265984319450855,0.0,-222.74150513665379,-1.3977014083976098,10.13294407407985,0.0
C0-000119,PLTR,PLTR|swing|2023-07-31T04:00:00Z,USD,2023-08-01T13:30:00Z,2023-08-07T20:00:00Z,stop,4,325.70905498106976,19.46972908401489,17.71685114533561,17.725714002336776,0.9071940488070398,0.9104151493080844,568.0415041261117,-570.9282169043938,12.112005904479485,0.0,-583.0402228088733,-1.0264042654873184,515.3238720186081,-499.35519511065894,11.006527161220538,0.0,-510.3617222718795,-0.9903708133541513,5.503140117595036,18.587485561021545
C0-000120,6501.T,6501.T|swing|2023-07-31T15:00:00Z,JPY,2023-08-02T00:00:00Z,2023-08-03T06:00:00Z,stop,1,843.258553106862,1899.1490511474608,1837.766395830427,1838.6857386997767,0.006375518010838381,0.006374298827129016,50986.20537068219,-51761.44910849917,3151.1859129012564,0.0,-54912.63502140043,-1.0770096464753973,325.0634706450889,-331.8954349656607,20.08855315929481,0.0,-351.9839881249555,-1.082816187947673,10.044196116836176,-1.8893839073314003
C0-000121,7203.T,7203.T|swing|2023-07-31T15:00:00Z,JPY,2023-08-02T00:00:00Z,2023-08-17T06:00:00Z,stop,10,656.4172008745998,2439.7192499999996,2354.7506071428575,2355.9285714285716,0.006375518010838381,0.0062865405167536305,55001.642687240135,-55774.87870639883,3147.172483303357,0.0,-58922.051189702186,-1.0712780257265215,350.6639635781966,-493.12614978329015,19.927322444477184,0.0,-513.0534722277673,-1.4630915221300136,9.963540431583997,-137.53240603831833
C0-000122,EQQQ.DE,EQQQ.DE|swing|2023-07-31T22:00:00Z,EUR,2023-08-02T07:00:00Z,2023-08-03T15:30:00Z,stop,1,29.426238285931042,346.9733877868652,342.32159938485285,342.4928458077567,1.0,1.0,131.84549592736445,-136.884633973346,20.283358541812753,0.0,-157.16799251515877,-1.1920619010128708,131.84549592736445,-136.884633973346,20.283358541812753,0.0,-157.16799251515877,-1.1920619010128708,10.141647585157571,0.0
C0-000123,7011.T,7011.T|swing|2023-08-03T15:00:00Z,JPY,2023-08-07T00:00:00Z,2023-08-09T06:00:00Z,objetivo,2,2196.7156328386995,709.3544999999999,768.1729244188582,687.6285313197544,0.006405739542630196,0.006387735547748323,47725.77503845926,129207.35241984749,3245.707591168806,0.0,125961.64482867869,2.6392791888067606,305.7188843665316,797.2876709088088,20.760776484879457,0.0,776.5268944239293,2.540003035903199,10.380590159502894,-30.38097568556342
C0-000124,LLY,LLY|swing|2023-08-08T04:00:00Z,USD,2023-08-09T13:30:00Z,2023-09-05T20:00:00Z,objetivo,18,21.055655125981243,520.630180114746,559.8720497044155,495.89854213169644,0.9137426900584795,0.9318796011555307,520.7408400717109,826.2632725788116,22.750682313925992,23.792890292358802,827.3054805572444,1.5887086567731403,475.8231360304376,968.7985084039107,21.002076141213834,21.768426616979692,969.5648588796765,2.0376580823040413,10.501282895553171,213.80648302122538
C0-000125,R6C0.DE,R6C0.DE|swing|2023-08-08T22:00:00Z,EUR,2023-08-10T07:00:00Z,2023-09-13T15:30:00Z,objetivo,24,352.76707435649,28.439211736679077,29.979646025930133,27.553572246006556,1.0,1.0,312.4244520591171,543.4144974575142,20.608249540163577,0.0,522.8062479173507,1.6733845397556306,312.4244520591171,543.4144974575142,20.608249540163577,0.0,522.8062479173507,1.6733845397556306,10.30426319977115,0.0
C0-000126,MUV2.DE,MUV2.DE|swing|2023-08-09T22:00:00Z,EUR,2023-08-11T07:00:00Z,2023-09-11T15:30:00Z,objetivo,21,28.514082768254873,352.3761122131347,368.615603050232,342.29998779296875,1.0,1.0,287.31144569984656,463.054185843308,20.558417444245688,0.0,442.49576839906234,1.5401257938792192,287.31144569984656,463.054185843308,20.558417444245688,0.0,442.49576839906234,1.5401257938792192,10.279327055498321,0.0
C0-000127,ALV.DE,ALV.DE|swing|2023-08-09T22:00:00Z,EUR,2023-08-11T07:00:00Z,2023-10-06T15:30:00Z,tiempo,40,44.94365825110237,223.5617219467163,224.18785305023195,218.39285278320312,1.0,1.0,232.30788922959704,28.140622336793466,20.12350388073917,0.0,8.017118456054295,0.034510745556861955,232.30788922959704,28.140622336793466,20.12350388073917,0.0,8.017118456054295,0.034510745556861955,10.061761490963928,0.0
C0-000128,APP,APP|swing|2023-08-11T04:00:00Z,USD,2023-08-14T13:30:00Z,2023-09-18T20:00:00Z,objetivo,24,166.13471592761618,38.41920152664184,44.54457281991414,35.105428150721956,0.9087604507451835,0.9378223764419019,550.5327984569481,1017.6368197589677,13.78316308334793,0.0,1003.8536566756197,1.8234220731067334,500.3024340757434,1139.8579685370987,12.740663369835682,0.0,1127.117305167263,2.2528719198608234,6.370618242064106,215.06987351804472
C0-000129,6857.T,6857.T|swing|2023-08-23T15:00:00Z,JPY,2023-08-25T00:00:00Z,2023-08-25T06:00:00Z,stop,0,342.7573134065022,4617.3075,4556.649107142857,4558.928571428572,0.006330716637123322,0.006330716637123322,20009.804716692866,-20791.107771270374,3144.4407199721163,0.0,-23935.54849124249,-1.196191008864501,126.67640362555625,-131.62261187180493,19.906563180375514,0.0,-151.52917505218045,-1.1961910088644978,9.9532511728474,0.0
C0-000130,8035.T,8035.T|swing|2023-08-23T15:00:00Z,JPY,2023-08-25T00:00:00Z,2023-08-25T06:00:00Z,stop,0,75.48675740257731,20965.477499999997,20735.34142857143,20745.714285714286,0.006330716637123322,0.006330716637123322,16589.212442796077,-17372.225793510337,3147.8596019498755,0.0,-20520.085395460213,-1.2369535604067288,105.02160320838236,-109.97863885483747,19.928207153392474,0.0,-129.90684600822993,-1.236953560406716,9.964078573053644,0.0
C0-000131,NVDA,NVDA|swing|2023-08-24T04:00:00Z,USD,2023-08-25T13:30:00Z,2023-09-18T13:30:00Z,stop,15,132.90640642562428,47.03550703811645,42.7266270980835,42.96114022391183,0.9225092250922509,0.9382623381497466,541.5094517357547,-572.6777485492391,11.929962681137194,0.5316256257024972,-584.0760856046738,-1.0786073700698593,499.5474647008807,-438.84420925710754,11.09495692513997,0.49476558929967157,-449.44440059294783,-0.8997030960052342,5.547370138359352,89.45629678462532
C0-000132,7011.T,7011.T|swing|2023-08-29T15:00:00Z,JPY,2023-08-31T00:00:00Z,2023-09-06T06:00:00Z,objetivo,4,1939.8831732880694,828.5140255737305,886.3137974025182,793.3285696847098,0.006283380458686773,0.006321112515802782,68255.67382358079,112124.80479055503,3326.565638877837,0.0,108798.2391516772,1.5939808818368135,428.87636709758584,769.3972394674282,20.966951961976267,0.0,748.4302875054519,1.7450956614150652,10.483670951214966,64.87443211238418
C0-000133,7203.T,7203.T|swing|2023-08-30T15:00:00Z,JPY,2023-09-01T00:00:00Z,2023-09-06T06:00:00Z,objetivo,3,645.1145239903334,2486.2425,2636.7880892857142,2432.9285714285716,0.006309546343617894,0.006321112515802782,34393.58965241159,97119.14617089789,3304.941439994971,0.0,93814.20473090291,2.727665407391546,217.00794783526777,632.4521628793887,20.872355587853033,0.0,611.5798072915356,2.818236905109992,10.43633851605055,19.67440926150781
C0-000134,8035.T,8035.T|swing|2023-08-30T15:00:00Z,JPY,2023-09-01T00:00:00Z,2023-09-11T06:00:00Z,stop,6,74.65003921378246,21485.7375,20444.772500000003,20455.0,0.006309546343617894,0.0063355296502787635,76944.59479411604,-77708.0780701748,3130.114215753898,0.0,-80838.1922859287,-1.0506026122072762,485.4854867443753,-450.6469174927674,19.789256507480875,0.0,-470.4361740002483,-0.9690015187785603,9.89451806563893,39.65580236447851
C0-000135,RRU.DE,RRU.DE|swing|2023-08-30T22:00:00Z,EUR,2023-09-01T07:00:00Z,2023-09-01T15:30:00Z,stop,0,3926.881203413293,2.5812899236679074,2.5397294575146265,2.5409999574933733,1.0,1.0,158.21391085693563,-163.20301334241316,20.10963475028087,0.0,-183.31264809269402,-1.1586379927012476,158.21391085693563,-163.20301334241316,20.10963475028087,0.0,-183.31264809269402,-1.1586379927012476,10.054779088080956,0.0
C0-000136,1810.HK,1810.HK|swing|2023-09-03T16:00:00Z,HKD,2023-09-05T01:30:00Z,2023-09-05T08:00:00Z,stop,0,5940.166655704336,12.30615019083023,11.574210059915272,11.580000059945244,0.1181753722524226,0.1181753722524226,4313.452794518339,-4347.846359632904,141.85331968768566,0.0,-4489.69967932059,-1.040859815372555,509.74388968545725,-513.8083620459599,16.763568859334164,0.0,-530.5719309052942,-1.040859815372557,8.381658072990286,0.0
C0-000137,INTC,INTC|swing|2023-09-01T04:00:00Z,USD,2023-09-05T13:30:00Z,2023-09-12T20:00:00Z,objetivo,5,246.46623793091038,36.598291831970215,39.94573282296317,34.37285723005022,0.9258401999814831,0.9334453467749464,548.4944940964938,825.0311877457527,18.865517792792282,0.0,806.1656699529605,1.4697789652034974,507.8182521030402,838.7217975739217,17.54132952375347,0.0,821.1804680501682,1.6170755278082136,8.77087663504416,74.87475772043491
C0-000138,ITX.MC,ITX.MC|swing|2023-09-05T22:00:00Z,EUR,2023-09-07T07:00:00Z,2023-10-13T15:30:00Z,stop,26,290.92519180674424,35.167576526641845,34.11436205101013,34.13142776489258,1.0,1.0,301.4417772522261,-306.40662333679546,20.155861269446476,0.0,-326.5624846062419,-1.0833351885826912,301.4417772522261,-306.40662333679546,20.155861269446476,0.0,-326.5624846062419,-1.0833351885826912,10.077856552531095,0.0
C0-000139,7011.T,7011.T|swing|2023-09-06T15:00:00Z,JPY,2023-09-08T00:00:00Z,2023-09-11T06:00:00Z,stop,1,1804.7796476831822,897.3484744262695,871.4783407723563,871.9142979213169,0.0063411540900443885,0.0063355296502787635,45903.08411172018,-46689.89070142625,3192.3426363467415,0.0,-49882.233337772996,-1.0866858796757153,291.078529560686,-304.9140585808025,20.2342902980975,0.0,-325.1483488789,-1.1170468305224515,10.117071449800793,-8.846267195727545
C0-000140,ENI.MI,ENI.MI|swing|2023-09-10T22:00:00Z,EUR,2023-09-12T07:00:00Z,2023-10-03T15:30:00Z,stop,15,679.0402514894613,15.047519961833952,14.60726455790656,14.614571843828474,1.0,1.0,293.9891989323293,-298.95114020245035,20.136792338150382,162.9696603574707,-156.11827218313002,-0.5310340405365214,293.9891989323293,-298.95114020245035,20.136792338150382,162.9696603574707,-156.11827218313002,-0.5310340405365214,10.068323948369105,0.0
C0-000141,AMZN,AMZN|swing|2023-09-11T04:00:00Z,USD,2023-09-12T13:30:00Z,2023-09-19T20:00:00Z,stop,5,76.94683662012608,142.39116732788085,136.87154333387105,136.9400133405413,0.9324878776575904,0.9334453467749464,419.44905525496534,-424.71760567160027,21.488382171383364,0.0,-446.20598784298363,-1.0637906612323966,391.131159320184,-385.96011455651575,20.047739789448485,0.0,-406.00785434596423,-1.0380350546646222,10.023775910637713,10.083904160006888
C0-000142,TSLA,TSLA|swing|2023-09-11T04:00:00Z,USD,2023-09-12T13:30:00Z,2023-09-22T20:00:00Z,stop,8,24.8951352074333,270.8953897705078,248.76554131753107,248.8899863106864,0.9324878776575904,0.9392317084624777,547.8274944263741,-550.925569356864,12.937029141457405,0.0,-563.8625984983214,-1.0292703528667133,510.842497600125,-471.9665215058538,12.105387740723044,0.0,-484.0719092465768,-0.9475952206809083,6.0525773918744905,41.76489341102797
C0-000143,7011.T,7011.T|swing|2023-09-11T15:00:00Z,JPY,2023-09-13T00:00:00Z,2023-10-03T06:00:00Z,stop,13,1637.3142125317597,840.92025,791.3184198564802,791.7142769949777,0.006352432981832042,0.00634236062662523,80565.63894257713,-81213.78146157123,2672.48757239995,13098.513700254078,-70787.7553337171,-0.878634567575028,511.7878220211989,-528.9552189660023,16.96374808341947,83.32387850034401,-462.5950885490778,-0.9038806095896446,8.481743923341094,-13.050115030216487
C0-000144,MA,MA|swing|2023-09-14T04:00:00Z,USD,2023-09-15T13:30:00Z,2023-09-21T20:00:00Z,stop,4,27.02286755108789,412.06591534423825,403.2868290601458,403.4885733468192,0.9319664492078286,0.9402914903620123,231.78437673663916,-237.23608587460245,22.03316921945569,0.0,-259.26925509405817,-1.1185795123225593,216.01526256909523,-130.37005241106573,20.624900502416793,0.0,-150.9949529134825,-0.6990013164703344,10.312420236798648,90.72602016544991
C0-000145,NFLX,NFLX|swing|2023-09-14T04:00:00Z,USD,2023-09-15T13:30:00Z,2023-09-15T20:00:00Z,stop,0,277.5470887095142,40.12004847335815,39.49902492649215,39.51878431865147,0.9319664492078286,0.9382623381497466,166.87911568422695,-172.3632774527165,22.098042027877575,0.0,-194.46131948059406,-1.165282538101166,155.52573689117145,-91.61597246700951,20.66365458236085,0.0,-112.27962704937036,-0.7219359913911716,10.331806970137924,69.02081919442332
C0-000146,TTE.PA,TTE.PA|swing|2023-09-14T22:00:00Z,EUR,2023-09-18T07:00:00Z,2023-10-04T15:30:00Z,stop,12,166.2912330314328,62.31113877868652,60.494020586558754,60.52428272792271,1.0,1.0,297.13849593119033,-302.17082473277407,20.42142137346824,123.05551244326027,-199.53673366298204,-0.6715277097895442,297.13849593119033,-302.17082473277407,20.42142137346824,123.05551244326027,-199.53673366298204,-0.6715277097895442,10.210637696685744,0.0
C0-000147,DTE.DE,DTE.DE|swing|2023-09-14T22:00:00Z,EUR,2023-09-18T07:00:00Z,2023-09-25T15:30:00Z,stop,5,502.748427107869,20.610300381660462,20.089236844880244,20.099286488124303,1.0,1.0,256.911431205572,-261.96387353951803,20.4616283246615,0.0,-282.4255018641795,-1.099310764565365,256.911431205572,-261.96387353951803,20.4616283246615,0.0,-282.4255018641795,-1.099310764565365,10.230751229049023,0.0
C0-000148,7203.T,7203.T|swing|2023-09-14T15:00:00Z,JPY,2023-09-19T00:00:00Z,2023-09-26T06:00:00Z,stop,5,578.2706379477501,2807.90325,2708.645,2710.0,0.0063516260162601625,0.006325910931174089,56614.57483465797,-57398.13154907718,3190.0578757970443,0.0,-60588.189424874225,-1.0701871311728672,359.59460641932145,-404.84977156637046,20.221776291353606,0.0,-425.07154785772406,-1.1820854380725896,10.11078946093077,-40.27830593452693
C0-000149,BBVA.MC,BBVA.MC|swing|2023-09-19T22:00:00Z,EUR,2023-09-21T07:00:00Z,2023-10-31T08:00:00Z,stop,28,1385.4329107962108,7.413704847335815,7.090452862739563,7.195714337485177,1.0,1.0,302.01122658831895,-447.84393793983674,20.094537434917036,221.66926572739374,-246.26920964736001,-0.8154306461695127,302.01122658831895,-447.84393793983674,20.094537434917036,221.66926572739374,-246.26920964736001,-0.8154306461695127,10.047159268262678,0.0
C0-000150,1810.HK,1810.HK|swing|2023-10-11T16:00:00Z,HKD,2023-10-13T01:30:00Z,2023-10-30T08:00:00Z,objetivo,10,6717.974180254452,12.406199618339539,13.865920120579856,11.851428713117327,0.12040069350799461,0.12132094242108074,3726.936617239206,9806.364644438516,176.49542206661386,0.0,9629.869222371903,2.58385645138913,448.72575337593986,1266.4151123461015,21.33589322616995,0.0,1245.0792191199316,2.774699713026748,10.668265883929555,85.72200836342525
C0-000151,LLY,LLY|swing|2023-11-08T05:00:00Z,USD,2023-11-09T14:30:00Z,2023-11-13T21:00:00Z,stop,2,15.483655841312753,615.0673897705078,580.159769771031,580.4499947684152,0.93711929528629,0.9372071227741331,536.0038303351823,-540.4975743112243,18.506485990530997,0.0,-559.0040603017553,-1.0429105701580343,502.2995317544582,-505.721752127876,17.343574063486614,0.0,-523.0653261913626,-1.0413414568880297,8.671662769220092,0.7889538146072653
C0-000152,TSM,TSM|swing|2023-11-10T05:00:00Z,USD,2023-11-13T14:30:00Z,2023-12-15T21:00:00Z,objetivo,23,110.2760817401691,97.05850713729858,104.28569281142099,92.84142957414899,0.9360666479453337,0.913575735428467,465.042790058517,796.985718150902,22.203449451453952,52.822243153541,827.604511852989,1.7796308846092428,435.3110456412216,487.3813620250971,20.525258113221437,48.376447617493355,515.2325515293691,1.1835963196624646,10.262753467638948,-258.65038762472267
C0-000153,DBK.DE,DBK.DE|swing|2023-11-13T23:00:00Z,EUR,2023-11-15T08:00:00Z,2023-11-20T16:30:00Z,objetivo,3,936.7755240286933,10.683339450359345,11.28578278361048,10.345714296613421,1.0,1.0,316.27898032560574,564.3541692039257,20.5801359931775,0.0,543.7740332107483,1.7192860323848864,316.27898032560574,564.3541692039257,20.5801359931775,0.0,543.7740332107483,1.7192860323848864,10.290211657684074,0.0
C0-000154,V,V|swing|2023-11-14T05:00:00Z,USD,2023-11-15T14:30:00Z,2023-12-01T21:00:00Z,objetivo,11,43.45863644469839,246.93340255737303,256.70301281356814,240.34571838378906,0.9324878776575904,0.9195402298850576,286.29177151227896,424.5739403303799,21.887351875916842,0.0,402.68658845446305,1.406560119864262,266.9636064083168,251.46657422957128,20.26524682002075,0.0,231.20132740955052,0.8660406207426324,10.132688809824543,-144.44347829782606
C0-000155,8035.T,8035.T|swing|2023-11-14T15:00:00Z,JPY,2023-11-16T00:00:00Z,2023-12-05T06:00:00Z,stop,12,64.80174263887896,24062.024999999998,22789.31392857143,22800.714285714286,0.006120325601321991,0.006270771932024832,81735.13229480328,-82473.89530436585,3036.048407536177,0.0,-85509.94371190203,-1.0461834624979098,500.2456227113243,-282.58986896070627,18.803782019407883,0.0,-301.39365098011416,-0.6024913308517619,9.40182271269055,222.17722391135501
C0-000156,RRU.DE,RRU.DE|swing|2023-11-15T23:00:00Z,EUR,2023-11-17T08:00:00Z,2023-11-29T16:30:00Z,objetivo,8,2684.8619422863517,2.809404087781906,3.088740584092481,2.623142753328596,1.0,1.0,500.0859681931615,749.979928035875,15.835704159614563,0.0,734.1442238762604,1.4680360389409934,500.0859681931615,749.979928035875,15.835704159614563,0.0,734.1442238762604,1.4680360389409934,7.91804155429832,0.0
C0-000157,VRTX,VRTX|swing|2023-11-16T05:00:00Z,USD,2023-11-17T14:30:00Z,2023-12-13T14:30:00Z,objetivo,17,31.319310329063242,346.4331397705078,373.31325000000004,338.30052185058594,0.9217439395335976,0.9255831173639393,254.70798442173384,841.8665139568946,22.541960539445444,0.0,819.3245534174491,3.216721121945078,234.77554099155114,820.8726923420281,20.822802847645328,0.0,800.0498894943828,3.4077224829956805,10.411609244896782,44.887335205983504
C0-000158,INTC,INTC|swing|2023-11-16T05:00:00Z,USD,2023-11-17T14:30:00Z,2023-12-14T21:00:00Z,objetivo,18,252.729544137906,42.931454847335814,46.611683818135944,41.1599965776716,0.9217439395335976,0.9158347834050736,447.69984095156093,930.1025901134318,22.63019661560198,0.0,907.4723934978298,2.0269660841715913,412.6646151272568,787.7056823609031,20.789635837664203,0.0,766.916046523239,1.8584487702846504,10.395017444006267,-69.61074322065548
C0-000159,VVSM.DE,VVSM.DE|swing|2023-11-22T23:00:00Z,EUR,2023-11-24T08:00:00Z,2023-12-11T16:30:00Z,objetivo,11,363.13718734457893,27.763875,29.04011508362634,27.01357160295759,1.0,1.0,272.4630652570631,463.45023434447967,20.627641188917423,0.0,442.82259315556223,1.6252573270353858,272.4630652570631,463.45023434447967,20.627641188917423,0.0,442.82259315556223,1.6252573270353858,10.313939035500562,0.0
C0-000160,7011.T,7011.T|swing|2023-11-23T15:00:00Z,JPY,2023-11-27T00:00:00Z,2023-11-29T06:00:00Z,stop,2,1458.6842639789343,876.438,819.7185280587332,820.1285923549107,0.00612369871402327,0.006144770800049158,82137.6468458669,-82735.80118192051,2474.156836724418,0.0,-85209.95801864493,-1.037404421611241,502.9862023629326,-481.453004408876,15.176187154233734,0.0,-496.6291915631097,-0.9873614608711753,7.5879751108592846,25.19611489253514
C0-000161,EXSA.DE,EXSA.DE|swing|2023-11-26T23:00:00Z,EUR,2023-11-28T08:00:00Z,2023-12-07T16:30:00Z,objetivo,7,220.77550635393038,45.33765612602234,46.55206839670454,44.74142674037388,1.0,1.0,131.6328445196308,268.11248398228975,20.2870004602282,0.0,247.82548352206155,1.8827024852836223,131.6328445196308,268.11248398228975,20.2870004602282,0.0,247.82548352206155,1.8827024852836223,10.143569794127227,0.0
C0-000162,AVGO,AVGO|swing|2023-11-27T05:00:00Z,USD,2023-11-28T14:30:00Z,2023-12-11T21:00:00Z,objetivo,9,116.54752653102386,94.04100029754638,102.29561528451103,90.14214433942523,0.9131586156515387,0.9296272194849864,454.4020182197647,962.0549591966502,22.882546913561267,0.0,939.172412283089,2.066831516203505,414.9411179068256,1074.8524256250794,21.091738513073363,0.0,1053.760687112006,2.5395427004865456,10.546140606175914,196.34365090436793
C0-000163,RRU.DE,RRU.DE|swing|2023-11-28T23:00:00Z,EUR,2023-11-30T08:00:00Z,2023-12-05T16:30:00Z,objetivo,3,2689.115786591954,3.082540589690208,3.3887332947765083,2.894714219229562,1.0,1.0,505.0868579439918,823.3876369868645,17.402004762079684,0.0,805.9856322247849,1.5957366927059489,505.0868579439918,823.3876369868645,17.402004762079684,0.0,805.9856322247849,1.5957366927059489,8.701210403249943,0.0
C0-000164,SU.PA,SU.PA|swing|2023-11-28T23:00:00Z,EUR,2023-11-30T08:00:00Z,2023-12-08T16:30:00Z,objetivo,6,60.42303079401369,167.18355610656738,173.93156392942157,162.65427943638392,1.0,1.0,273.6726237171032,407.7350844785641,20.611209402238238,0.0,387.1238750763259,1.414550969031151,273.6726237171032,407.7350844785641,20.611209402238238,0.0,387.1238750763259,1.414550969031151,10.305709211317,0.0
C0-000165,CRM,CRM|swing|2023-12-01T05:00:00Z,USD,2023-12-04T14:30:00Z,2023-12-07T21:00:00Z,stop,3,43.812808615278314,252.92640305328368,248.33434092276437,248.4585702078683,0.9195402298850576,0.9284189026088572,195.74830538123868,-201.1911392739097,21.961641042174616,0.0,-223.15278031608432,-1.1399985296499644,179.99844172987466,-88.40138995352079,20.291214409079608,0.0,-108.6926043626004,-0.6038530296040918,10.145587640588225,96.60195650524616
C0-000166,UBER,UBER|swing|2023-12-04T05:00:00Z,USD,2023-12-05T14:30:00Z,2023-12-11T21:00:00Z,objetivo,4,189.4187677925794,58.039003320693965,62.66708207184928,55.91771425519671,0.9201324990798675,0.9296272194849864,401.8119609183629,876.6449742908593,22.86399796012141,0.0,853.7809763307379,2.1248271812998683,369.7202437599953,919.3349144500569,21.150612965453508,0.0,898.1843014846033,2.429361974746673,10.575538960338703,112.70538345000293
C0-000167,RRU.DE,RRU.DE|swing|2023-12-04T23:00:00Z,EUR,2023-12-06T08:00:00Z,2024-02-05T16:30:00Z,objetivo,40,3032.6940196006108,3.3446714351177214,3.721423844976085,3.216142858777727,1.0,1.0,389.7878448140808,1142.574780247577,21.42930489786859,0.0,1121.1454753497085,2.8762966579536804,389.7878448140808,1142.574780247577,21.42930489786859,0.0,1121.1454753497085,2.8762966579536804,10.714940771363434,0.0
C0-000168,QDV5.DE,QDV5.DE|swing|2023-12-06T23:00:00Z,EUR,2023-12-08T08:00:00Z,2024-01-04T16:30:00Z,objetivo,16,1340.0966579892367,7.664830274820328,7.885555220859392,7.5719998223440985,1.0,1.0,124.4017791230233,295.79276252180506,20.839019633204693,0.0,274.95374288860035,2.210207481170292,124.4017791230233,295.79276252180506,20.839019633204693,0.0,274.95374288860035,2.210207481170292,10.419586369688776,0.0
C0-000169,GOOGL,GOOGL|swing|2023-12-07T05:00:00Z,USD,2023-12-08T14:30:00Z,2023-12-14T21:00:00Z,stop,4,82.3913581755124,134.2670969467163,130.4832933518546,130.54856763567244,0.9284189026088572,0.9158347834050736,306.37468035235537,-311.7527172500413,21.81314423419626,0.0,-333.5658614842376,-1.0887513978002692,284.44404451987316,-424.7251525828487,20.116447395412976,0.0,-444.8415999782617,-1.5638984487410565,10.058120030947666,-135.2880369482358
C0-000170,SAF.PA,SAF.PA|swing|2023-12-10T23:00:00Z,EUR,2023-12-12T08:00:00Z,2023-12-14T16:30:00Z,stop,2,64.05724161531988,165.4626948852539,161.39354525974818,161.47428240094865,1.0,1.0,255.4867021687001,-260.65850072990895,20.937509148443418,0.0,-281.5960098783524,-1.1021943901112008,255.4867021687001,-260.65850072990895,20.937509148443418,0.0,-281.5960098783524,-1.1021943901112008,10.468692026769677,0.0
C0-000171,AMD,AMD|swing|2023-12-11T05:00:00Z,USD,2023-12-12T14:30:00Z,2023-12-28T21:00:00Z,objetivo,11,84.10337569742617,132.316125,147.6432859851292,125.538576398577,0.9296272194849864,0.8997660608241858,570.0147163330432,1289.0659787072548,23.545531522112462,0.0,1265.5204471851423,2.2201539906308927,529.9011958102102,827.5558933937682,21.517772072072958,0.0,806.0381213216953,1.5211102139320072,10.759095614784098,-370.79492812455027
C0-000172,AVGO,AVGO|swing|2023-12-11T05:00:00Z,USD,2023-12-12T14:30:00Z,2023-12-14T21:00:00Z,objetivo,2,106.73633613406282,102.85040310287475,110.98948166138786,97.51000322614398,0.9296272194849864,0.9158347834050736,570.0147163330432,868.7354248429983,22.824485819067597,0.0,845.9109390239307,1.4840159644750106,529.9011958102102,644.2064776979702,21.054869668387376,0.0,623.1516080295828,1.175976980155318,10.527598517711638,-163.393619766934
C0-000173,IS3N.DE,IS3N.DE|swing|2023-12-11T23:00:00Z,EUR,2023-12-13T08:00:00Z,2023-12-15T16:30:00Z,objetivo,2,380.2183577361213,28.074029465675352,28.609187167167665,27.875999450683594,1.0,1.0,75.29464708262579,203.47678239124468,21.551999539340365,0.0,181.92478285190433,2.4161715327819553,75.29464708262579,203.47678239124468,21.551999539340365,0.0,181.92478285190433,2.4161715327819553,10.776053332877806,0.0
C0-000174,VRTX,VRTX|swing|2023-12-13T05:00:00Z,USD,2023-12-14T14:30:00Z,2024-01-12T14:30:00Z,objetivo,19,28.65696124775971,404.30205610656736,432.27374523925783,387.1714433942522,0.9270418095856123,0.910166560480568,490.91130464719527,801.5836115098923,23.973720319980835,0.0,777.6098911899114,1.5840130056665913,455.0953042061697,534.0568089997561,22.015596355185856,0.0,512.0412126445702,1.1251296330946157,11.007934443777689,-209.04471274854527
C0-000175,MA,MA|swing|2023-12-14T05:00:00Z,USD,2023-12-15T14:30:00Z,2024-01-19T21:00:00Z,objetivo,22,28.355231172192912,412.82630511474605,434.3798475973947,407.86856515066967,0.9158347834050736,0.918526683200147,140.5778627730052,611.1556796751833,24.02272631065692,18.71445257364732,605.8474059381737,4.30969282067157,128.74609650426336,592.87360046292,22.034004318460667,17.09706977311102,587.9366659175703,4.566636829242439,11.017153131916572,33.155970940817895
C0-000176,AAPL,AAPL|swing|2023-12-14T05:00:00Z,USD,2023-12-15T14:30:00Z,2023-12-27T21:00:00Z,stop,7,59.231182200782925,197.6287637786865,192.08819261278427,192.18428475516183,0.9158347834050736,0.903750564844103,322.48292903073093,-328.1745802239596,23.083396050757777,0.0,-351.25797627471735,-1.0892296759102071,295.3410834606932,-438.0432304250731,21.00308748757267,0.0,-459.04631791264575,-1.5542921172148405,10.501436858335673,-137.4895348266112
C0-000177,GS,GS|swing|2023-12-14T05:00:00Z,USD,2023-12-15T14:30:00Z,2024-02-14T21:00:00Z,tiempo,40,30.773916390976435,380.38009744262695,377.85098854064944,368.9314270019531,0.9158347834050736,0.9334453467749464,352.32042692913956,-77.83058589313006,23.33374004508861,0.0,-101.16432593821867,-0.287137271091481,322.6673018858316,133.4948758538678,21.574625593851614,0.0,111.92025026001619,0.3468595968847708,10.787348867481114,204.77483362759278
C0-000178,CAT,CAT|swing|2023-12-14T05:00:00Z,USD,2023-12-15T14:30:00Z,2024-01-25T21:00:00Z,objetivo,26,41.770564415814604,280.24005610656735,300.78241341672623,274.66143580845426,0.9158347834050736,0.9180207472688884,233.02211851370387,858.0658592766714,24.269636490258414,54.30173374055899,888.097956526972,3.811217416576459,213.4097614375894,813.310685036327,22.254441403034072,49.87759138473316,840.933835018026,3.940465653273095,11.12742681104363,27.464124658388403
C0-000179,6758.T,6758.T|swing|2023-12-14T15:00:00Z,JPY,2023-12-18T00:00:00Z,2024-01-11T00:00:00Z,objetivo,14,632.1114012588538,2638.3185,2851.5735,2565.285714285714,0.006445375443119562,0.0062881217380368485,46164.85651569469,134800.91687545693,3470.223324879771,0.0,131330.69355057715,2.844819706218053,297.54983252139664,585.3908098745683,22.08344049085629,0.0,563.307369383712,1.8931530379645058,11.041869353597505,-283.45170946450406
C0-000180,IS3N.DE,IS3N.DE|swing|2023-12-14T23:00:00Z,EUR,2023-12-18T08:00:00Z,2023-12-22T08:00:00Z,stop,4,377.50011549407577,28.44621520614624,28.077953054428104,28.24257251194545,1.0,1.0,76.87514058032217,-139.01900480569267,21.337880046573385,0.0,-160.35688485226606,-2.0859394030599385,76.87514058032217,-139.01900480569267,21.337880046573385,0.0,-160.35688485226606,-2.0859394030599385,10.668907935760565,0.0
C0-000181,IQQK.DE,IQQK.DE|swing|2023-12-20T23:00:00Z,EUR,2023-12-22T08:00:00Z,2023-12-29T08:00:00Z,objetivo,3,260.7161675225426,40.93045484733581,42.73861832237244,40.68928473336356,1.0,1.0,62.87694783582045,471.41745146579257,21.813880096969534,0.0,449.60357136882305,7.150531106293423,62.87694783582045,471.41745146579257,21.813880096969534,0.0,449.60357136882305,7.150531106293423,10.9070606296107,0.0
C0-000182,IQQT.DE,IQQT.DE|swing|2023-12-28T23:00:00Z,EUR,2024-01-02T08:00:00Z,2024-01-03T08:00:00Z,stop,1,160.49545692954246,67.45370816802978,66.69663835525513,67.21285465785435,1.0,1.0,38.65589416868932,-121.50626552882987,21.53052116251107,0.0,-143.03678669134095,-3.700258130549171,38.65589416868932,-121.50626552882987,21.53052116251107,0.0,-143.03678669134095,-3.700258130549171,10.765232895995315,0.0
C0-000183,IS3N.DE,IS3N.DE|swing|2024-01-01T23:00:00Z,EUR,2024-01-03T08:00:00Z,2024-01-10T16:30:00Z,stop,5,378.83100863130005,28.6072969121933,28.199179892812456,28.213286536080496,1.0,1.0,149.263348194011,-154.6073820916444,21.52005490483088,0.0,-176.1274369964753,-1.1799777984850415,149.263348194011,-154.6073820916444,21.52005490483088,0.0,-176.1274369964753,-1.1799777984850415,10.759991490567637,0.0
C0-000184,ZPRR.DE,ZPRR.DE|swing|2024-01-01T23:00:00Z,EUR,2024-01-03T08:00:00Z,2024-01-04T16:30:00Z,stop,1,206.87385522541152,52.38618061065674,51.12513788277762,51.15071323939732,1.0,1.0,255.58589809764052,-260.87677072032204,21.413785516202203,0.0,-282.29055623652425,-1.1044840827981903,255.58589809764052,-260.87677072032204,21.413785516202203,0.0,-282.29055623652425,-1.1044840827981903,10.706830215615444,0.0
C0-000185,BSP.DE,BSP.DE|swing|2024-01-03T23:00:00Z,EUR,2024-01-05T08:00:00Z,2024-02-06T16:30:00Z,objetivo,22,788.8675200777623,13.636815114498138,14.3985114503588,13.237857001168388,1.0,1.0,314.72509747734233,600.8774995227192,22.116158541788902,0.0,578.7613409809303,1.8389424472975069,314.72509747734233,600.8774995227192,22.116158541788902,0.0,578.7613409809303,1.8389424472975069,11.058232254826056,0.0
C0-000186,EXV1.DE,EXV1.DE|swing|2024-01-03T23:00:00Z,EUR,2024-01-05T08:00:00Z,2024-01-11T16:30:00Z,stop,4,638.5713747430299,16.846418343544006,16.58141946560996,16.589714322771346,1.0,1.0,163.92383944686028,-169.22069778770282,21.34606034447848,0.0,-190.5667581321813,-1.1625323002146855,163.92383944686028,-169.22069778770282,21.34606034447848,0.0,-190.5667581321813,-1.1625323002146855,10.672990535311369,0.0
C0-000187,LLY,LLY|swing|2024-01-04T05:00:00Z,USD,2024-01-05T14:30:00Z,2024-01-31T21:00:00Z,objetivo,17,19.17687262893718,614.307,653.211787501744,588.4742954799107,0.9129918743723181,0.9227646027498384,495.39048424272323,746.0721545768109,24.30704634270584,0.0,721.7651082341051,1.4569619950157675,452.2874867549742,803.5764758659623,22.314554461923688,0.0,781.2619214040386,1.7273569229371264,11.157480914449692,122.41866104188644
C0-000188,CRM,CRM|swing|2024-01-11T05:00:00Z,USD,2024-01-12T14:30:00Z,2024-01-29T21:00:00Z,objetivo,10,44.20799181865739,271.3656259918213,286.0033675580706,261.5357142857143,0.910166560480568,0.9239582370876837,434.5606562817027,647.1051594043704,24.640163906826924,0.0,622.4649954975434,1.4324007166770116,395.52257784809564,763.350395823596,22.601030151373386,0.0,740.7493656722227,1.872837120202819,11.300708738462134,174.37691861929088
C0-000189,6758.T,6758.T|swing|2024-01-11T15:00:00Z,JPY,2024-01-15T00:00:00Z,2024-01-26T06:00:00Z,stop,9,604.3650620399897,2894.4465,2810.308428571429,2811.714285714286,0.006282590940503864,0.006218518748834028,50000.4598194914,-50850.110758853414,3447.7545663290084,0.0,-54297.86532518242,-1.0859473197087637,314.13243588296416,-428.29400185789626,21.552008046818752,0.0,-449.846009904715,-1.4320266184556423,10.7758996438826,-108.823556680706
C0-000190,6857.T,6857.T|swing|2024-01-11T15:00:00Z,JPY,2024-01-15T00:00:00Z,2024-01-19T00:00:00Z,objetivo,4,285.3488089755862,5042.5199999999995,5748.1245,4736.0,0.006282590940503864,0.006215426689042203,87465.11692719655,201343.40368281413,3079.09755615396,0.0,198264.30612666017,2.266781467767198,549.5075512169162,1154.7940631420552,19.234546230454654,0.0,1135.5595169116004,2.066503935017523,9.617564218133499,-110.16418076580509
C0-000191,AIR.PA,AIR.PA|swing|2024-01-11T23:00:00Z,EUR,2024-01-15T08:00:00Z,2024-02-19T16:30:00Z,stop,25,73.93839135109718,148.6542918319702,144.36492393711634,144.43714250837053,1.0,1.0,311.8092370743272,-317.1489620585361,21.665369448926306,0.0,-338.8143315074624,-1.0866077435246022,311.8092370743272,-317.1489620585361,21.665369448926306,0.0,-338.8143315074624,-1.0866077435246022,10.832608145373278,0.0
C0-000192,ALV.DE,ALV.DE|swing|2024-01-17T23:00:00Z,EUR,2024-01-19T08:00:00Z,2024-02-22T16:30:00Z,objetivo,24,45.18310059408152,245.17252805328368,254.88678924724036,238.90714590890067,1.0,1.0,283.0893916900198,438.92044072372687,22.594230436597307,0.0,416.3262102871296,1.4706528132392995,283.0893916900198,438.92044072372687,22.594230436597307,0.0,416.3262102871296,1.4706528132392995,11.29722777271498,0.0
C0-000193,EUNL.DE,EUNL.DE|swing|2024-01-21T23:00:00Z,EUR,2024-01-23T08:00:00Z,2024-02-02T16:30:00Z,objetivo,8,133.48066800330446,83.91193774795532,85.85847315107074,82.66571589878627,1.0,1.0,166.34652490739765,259.82484589992765,22.66106785399748,0.0,237.16377804593017,1.425721265761069,166.34652490739765,259.82484589992765,22.66106785399748,0.0,237.16377804593017,1.425721265761069,11.330601715859796,0.0
C0-000194,SAP.DE,SAP.DE|swing|2024-01-24T23:00:00Z,EUR,2024-01-26T08:00:00Z,2024-02-23T16:30:00Z,objetivo,20,70.7277141901109,158.17905610656737,169.71365854753768,154.73428562709265,1.0,1.0,243.64074192281976,815.8160647415032,23.191102207075133,0.0,792.624962534428,3.253252950549276,243.64074192281976,815.8160647415032,23.191102207075133,0.0,792.624962534428,3.253252950549276,11.595757956491623,0.0
C0-000195,ASML.AS,ASML.AS|swing|2024-01-24T23:00:00Z,EUR,2024-01-26T08:00:00Z,2024-02-09T16:30:00Z,objetivo,10,14.154496259676254,790.395,870.9357568010603,772.0856846400669,1.0,1.0,259.1591357794056,1140.0138408921027,23.51529998322573,20.524019576530566,1137.0225604854074,4.387352801844628,259.1591357794056,1140.0138408921027,23.51529998322573,20.524019576530566,1137.0225604854074,4.387352801844628,11.757937934557384,0.0
C0-000196,APP,APP|swing|2024-01-29T05:00:00Z,USD,2024-01-30T14:30:00Z,2024-01-30T21:00:00Z,stop,0,180.48342443249913,46.443208168029784,43.03318575641087,43.054713112967356,0.9239582370876837,0.9219988936013277,611.5671912102567,-615.4525222405501,16.14900598135431,0.0,-631.6015282219045,-1.0327590120915429,565.0625438512951,-583.8702108555846,14.905789313855548,0.0,-598.7760001694401,-1.0596632296459862,7.452750552562392,-15.217783395038301
C0-000197,BBVA.MC,BBVA.MC|swing|2024-01-30T23:00:00Z,EUR,2024-02-01T08:00:00Z,2024-02-12T16:30:00Z,objetivo,7,1297.604964496832,8.654324618339539,9.17840797492436,8.337999752589635,1.0,1.0,410.46471619086884,680.0531653146276,23.1398423435637,0.0,656.9133229710638,1.6004136215829932,410.46471619086884,680.0531653146276,23.1398423435637,0.0,656.9133229710638,1.6004136215829932,11.570094077595876,0.0
C0-000198,ITX.MC,ITX.MC|swing|2024-01-30T23:00:00Z,EUR,2024-02-01T08:00:00Z,2024-03-13T08:00:00Z,objetivo,29,283.29840359656555,39.63980893135071,42.1589103050232,38.339997972760884,1.0,1.0,368.23436954581854,713.6573976593321,23.173446575908407,0.0,690.4839510834237,1.8751208691765215,368.23436954581854,713.6573976593321,23.173446575908407,0.0,690.4839510834237,1.8751208691765215,11.586904599028108,0.0
C0-000199,RACE.MI,RACE.MI|swing|2024-02-01T23:00:00Z,EUR,2024-02-05T08:00:00Z,2024-02-22T16:30:00Z,objetivo,13,30.181931961457767,347.1735,376.00477247946606,328.37142072405135,1.0,1.0,567.4830774406171,870.1835043374946,21.826917415979814,0.0,848.3565869215148,1.494946053277314,567.4830774406171,870.1835043374946,21.826917415979814,0.0,848.3565869215148,1.494946053277314,10.913678982285147,0.0
C0-000200,PLTR,PLTR|swing|2024-02-06T05:00:00Z,USD,2024-02-07T14:30:00Z,2024-02-12T21:00:00Z,objetivo,3,312.2867385328235,21.61080038166046,25.214601478167946,19.631858008248464,0.9308386856557759,0.9282465422816301,617.9974595372373,1125.4192907493357,14.622952027294621,0.0,1110.7963387220411,1.7974124676075798,575.2559429742505,1027.1727952299393,13.59119842731156,0.0,1013.5815968026277,1.7619663198299151,6.795857705818237,-20.41101818282783
C0-000201,SIE.DE,SIE.DE|swing|2024-02-06T23:00:00Z,EUR,2024-02-08T08:00:00Z,2024-02-13T16:30:00Z,stop,3,70.42851983779146,164.082,162.25312022726877,162.33428737095423,1.0,1.0,123.0888135655083,-128.80529535473676,22.983299488694257,331.01404323761983,179.22544839418882,1.4560660973371427,123.0888135655083,-128.80529535473676,22.983299488694257,331.01404323761983,179.22544839418882,1.4560660973371427,11.49162041592691,0.0
C0-000202,OR.PA,OR.PA|swing|2024-02-08T23:00:00Z,EUR,2024-02-12T08:00:00Z,2024-02-21T16:30:00Z,objetivo,7,27.630330092362083,423.16148721313476,445.43787303488597,414.7616070338658,1.0,1.0,232.09146208949102,615.5038935198004,23.999687041667343,0.0,591.504206478133,2.5485823612505736,232.09146208949102,615.5038935198004,23.999687041667343,0.0,591.504206478133,2.5485823612505736,12.000000396807064,0.0
C0-000203,SXR8.DE,SXR8.DE|swing|2024-02-11T23:00:00Z,EUR,2024-02-13T08:00:00Z,2024-02-20T16:30:00Z,stop,5,24.030710996750432,489.5246387786865,484.0221588003976,484.2642909458705,1.0,1.0,126.40989851278296,-132.22850612366554,23.395021734434863,0.0,-155.6235278581004,-1.231102387463457,126.40989851278296,-132.22850612366554,23.395021734434863,0.0,-155.6235278581004,-1.231102387463457,11.697480734459734,0.0
C0-000204,ZPRR.DE,ZPRR.DE|swing|2024-02-11T23:00:00Z,EUR,2024-02-13T08:00:00Z,2024-02-13T16:30:00Z,stop,0,216.9726249330549,54.21709362602233,52.525154578345166,52.55143029349191,1.0,1.0,361.4033455138654,-367.104456401248,23.16014578415728,0.0,-390.2646021854053,-1.079858853078693,361.4033455138654,-367.104456401248,23.16014578415728,0.0,-390.2646021854053,-1.079858853078693,11.579984010959123,0.0
C0-000205,8035.T,8035.T|swing|2024-02-12T15:00:00Z,JPY,2024-02-14T00:00:00Z,2024-02-16T00:00:00Z,objetivo,2,56.397383923566956,33086.534999999996,36591.695,31898.571428571428,0.0062046286529751195,0.006201165819174005,66998.03762506874,197681.85423353015,3929.6698884246007,0.0,193752.18434510555,2.8919083485604817,415.69794394160664,1219.3963303888304,24.374996219891038,0.0,1195.0213341689393,2.874734772171028,12.187806005978395,-7.146166561782032
C0-000206,7203.T,7203.T|swing|2024-02-12T15:00:00Z,JPY,2024-02-14T00:00:00Z,2024-03-05T06:00:00Z,objetivo,13,506.6366086527525,3454.7264999999998,3732.2757857142856,3270.5714285714284,0.0062046286529751195,0.006126700159294204,93299.70085477678,140616.62884827962,3641.198464413866,0.0,136975.43038386575,1.4681229321096247,578.8899972375552,725.1183876379683,22.444928746672446,0.0,702.6734588912959,1.2138289869309047,11.222648458594117,-147.35557679883456
C0-000207,UBER,UBER|swing|2024-02-14T05:00:00Z,USD,2024-02-15T14:30:00Z,2024-04-09T20:00:00Z,stop,36,115.64975667369184,79.03949999999999,73.59889926092966,73.6357171194894,0.9334453467749464,0.9202171712524155,624.9461752485114,-629.2041516321921,17.65259373358834,0.0,-646.8567453657804,-1.0350599315349938,583.3530992705231,-699.9218802018164,16.365137286437346,0.0,-716.2870174882537,-1.2278789953871216,8.182395708346293,-112.59419268926959
C0-000208,SAF.PA,SAF.PA|swing|2024-02-14T23:00:00Z,EUR,2024-02-16T08:00:00Z,2024-02-20T16:30:00Z,objetivo,2,64.32723091629967,183.11151427459717,191.59701921136042,177.47142900739397,1.0,1.0,362.81106737100026,545.8490355085703,24.103962359859203,0.0,521.7450731487111,1.438062727604694,362.81106737100026,545.8490355085703,24.103962359859203,0.0,521.7450731487111,1.438062727604694,12.052120655217465,0.0
C0-000209,BSP.DE,BSP.DE|swing|2024-02-18T23:00:00Z,EUR,2024-02-20T08:00:00Z,2024-02-21T16:30:00Z,stop,1,798.742796366996,14.747369771003722,14.370667326450349,14.377856254577637,1.0,1.0,295.1462594055734,-300.88836396084486,23.257822375938392,0.0,-324.1461863367833,-1.09825612220062,295.1462594055734,-300.88836396084486,23.257822375938392,0.0,-324.1461863367833,-1.09825612220062,11.628838873086561,0.0
C0-000210,COIN,COIN|swing|2024-02-16T05:00:00Z,USD,2024-02-20T14:30:00Z,2024-03-04T14:30:00Z,objetivo,9,28.443273617246952,179.95993011474607,217.28130438995362,157.64856719970703,0.9279881217520417,0.9248127254231019,634.608200166152,1061.54206028141,11.298841125070133,0.0,1050.2432191563398,1.6549474445514052,588.908871720631,965.4738649858111,10.465565795933031,0.0,955.0082991898781,1.6216571782992577,5.233025574688455,-19.624557695527365
C0-000211,BSP.DE,BSP.DE|swing|2024-02-20T23:00:00Z,EUR,2024-02-22T08:00:00Z,2024-03-18T16:30:00Z,objetivo,17,804.4914985611761,14.62730988550186,15.507956856148583,14.072856221880231,1.0,1.0,446.05325872969877,708.4730011189419,24.243565900531138,0.0,684.2294352184107,1.5339635387195836,446.05325872969877,708.4730011189419,24.243565900531138,0.0,684.2294352184107,1.5339635387195836,12.121963099005718,0.0
C0-000212,ASML.AS,ASML.AS|swing|2024-02-21T23:00:00Z,EUR,2024-02-23T08:00:00Z,2024-03-07T16:30:00Z,objetivo,9,13.578445338404046,874.6371122131347,943.742187286377,831.8571166992188,1.0,1.0,580.8858306628787,938.3394844883277,24.690763922739563,0.0,913.6487205655881,1.5728542035927724,580.8858306628787,938.3394844883277,24.690763922739563,0.0,913.6487205655881,1.5728542035927724,12.345619632645192,0.0
C0-000213,ALV.DE,ALV.DE|swing|2024-02-21T23:00:00Z,EUR,2024-02-23T08:00:00Z,2024-02-23T16:30:00Z,stop,0,46.91809122760998,253.1265,249.0254319719587,249.15000697544642,1.0,1.0,186.56946249195943,-192.41428387027545,23.560010154380958,0.0,-215.97429402465642,-1.1576079554496452,186.56946249195943,-192.41428387027545,23.560010154380958,0.0,-215.97429402465642,-1.1576079554496452,11.779959918608363,0.0
C0-000214,RRU.DE,RRU.DE|swing|2024-02-21T23:00:00Z,EUR,2024-02-23T08:00:00Z,2024-03-07T16:30:00Z,objetivo,9,2705.460328727216,4.1170572710037225,4.551365860325951,3.897571291242327,1.0,1.0,593.8106109562808,1175.0046588367686,23.45207489443378,0.0,1151.5525839423349,1.9392590207976559,593.8106109562808,1175.0046588367686,23.45207489443378,0.0,1151.5525839423349,1.9392590207976559,11.726334129962023,0.0
C0-000215,SU.PA,SU.PA|swing|2024-02-21T23:00:00Z,EUR,2024-02-23T08:00:00Z,2024-04-23T15:30:00Z,tiempo,40,57.27516082308962,207.353625,209.04541889953614,199.61714608328683,1.0,1.0,443.10807415918885,96.89776767545497,23.84932220592669,0.0,73.04844546952827,0.16485469286051702,443.10807415918885,96.89776767545497,23.84932220592669,0.0,73.04844546952827,0.16485469286051702,11.924688308576298,0.0
C0-000216,PANW,PANW|swing|2024-02-22T05:00:00Z,USD,2024-02-23T14:30:00Z,2024-02-27T21:00:00Z,objetivo,2,59.469438469942254,138.54424360656736,161.72160750852314,127.72062274387905,0.9221689413500553,0.9211495946941785,643.6746549156261,1378.3448164628196,17.85664155751372,0.0,1360.4881749053059,2.113627070004241,593.5767750974051,1261.2632206947794,16.457036681641753,0.0,1244.8061840131377,2.0971275094259996,8.22883571383349,-9.803559518075215
C0-000217,6501.T,6501.T|swing|2024-02-21T15:00:00Z,JPY,2024-02-26T00:00:00Z,2024-03-11T06:00:00Z,stop,10,751.8632975138596,2574.2864999999997,2475.333142857143,2476.5714285714284,0.0061383586029095825,0.006211565935772408,73468.37582108792,-74399.39740149505,3796.6236758693294,0.0,-78196.02107736438,-1.0643493911964155,450.9752367631694,-320.443125218813,23.441284658654645,0.0,-343.88440987746765,-0.7625350171013032,11.72056514868572,136.2470558719425
C0-000218,EUNN.DE,EUNN.DE|swing|2024-02-22T23:00:00Z,EUR,2024-02-26T08:00:00Z,2024-03-06T16:30:00Z,objetivo,7,237.27960788165717,50.06101729774475,51.380795251028886,49.259001050676616,1.0,1.0,190.3021006190445,313.15639524611635,24.070073504377575,0.0,289.08632174173874,1.5190915959485127,190.3021006190445,313.15639524611635,24.070073504377575,0.0,289.08632174173874,1.5190915959485127,12.0351180500653,0.0
C0-000219,MA,MA|swing|2024-02-27T05:00:00Z,USD,2024-02-28T14:30:00Z,2024-04-15T20:00:00Z,stop,32,27.680016261619194,474.40709843444824,461.67047750854493,461.90142822265625,0.9211495946941785,0.9384384384384383,346.15715482484916,-352.54987434708295,25.91064252423913,18.26881073266867,-360.1917061386534,-1.040543871817139,318.8625228673998,-103.81623875164779,24.088512794581266,16.879618158245098,-111.02513338798396,-0.34819122796113045,12.044233454289037,220.93493511265018
C0-000220,VVSM.DE,VVSM.DE|swing|2024-03-03T23:00:00Z,EUR,2024-03-05T08:00:00Z,2024-03-15T16:30:00Z,stop,8,326.1314165429208,38.07903137397766,36.555998092106414,36.574285234723774,1.0,1.0,490.7449899323598,-496.709001658682,24.340827883496637,0.0,-521.0498295421786,-1.0617527233726742,490.7449899323598,-496.709001658682,24.340827883496637,0.0,-521.0498295421786,-1.0617527233726742,12.170292807069142,0.0
C0-000221,EXV1.DE,EXV1.DE|swing|2024-03-05T23:00:00Z,EUR,2024-03-07T08:00:00Z,2024-03-13T16:30:00Z,objetivo,4,710.4877062184732,17.468729084014893,17.920178516660418,17.17057282584054,1.0,1.0,211.8363559649781,320.74927187395014,25.143383786781293,0.0,295.60588808716886,1.3954445484137763,211.8363559649781,320.74927187395014,25.143383786781293,0.0,295.60588808716886,1.3954445484137763,12.571775223651914,0.0
C0-000222,QCOM,QCOM|swing|2024-03-07T05:00:00Z,USD,2024-03-08T14:30:00Z,2024-03-14T20:00:00Z,stop,4,78.08772421484421,174.90741732788084,166.68947341591974,166.77285984584265,0.9178522257916476,0.9153318077803203,635.2090812671958,-641.7205378102764,26.67452379705017,0.0,-668.3950616073265,-1.0522441843462427,583.0280690841632,-621.811397075341,24.450464265944802,0.0,-646.2618613412858,-1.1084575436590076,12.22507973639062,-32.80677310996409
C0-000223,MRVL,MRVL|swing|2024-03-07T05:00:00Z,USD,2024-03-08T14:30:00Z,2024-03-08T21:00:00Z,stop,0,168.63862920092518,80.9904719467163,78.70634051350186,78.74571337018695,0.9178522257916476,0.9147457006952068,378.55300923292964,-385.19279381202784,26.93105154104842,0.0,-412.12384535307626,-1.0886819951271076,347.4557221045706,-394.7827513617033,24.67749291165844,0.0,-419.4602442733617,-1.2072336634223584,12.338650844802029,-41.23268820243154
C0-000224,8035.T,8035.T|swing|2024-03-07T15:00:00Z,JPY,2024-03-11T00:00:00Z,2024-03-15T06:00:00Z,stop,4,55.4141248780704,36048.015,35817.796428571426,35835.71428571428,0.006211565935772408,0.006184291898577613,11764.458293132257,-12757.360666393934,3982.3810489667167,0.0,-16739.74171536065,-1.4229079910235067,73.07570838643554,-133.37701900775525,24.682688634965224,0.0,-158.05970764272047,-2.1629582679770483,12.341314058555959,-54.13383206202088
C0-000225,NVDA,NVDA|swing|2024-03-08T05:00:00Z,USD,2024-03-11T13:30:00Z,2024-04-19T20:00:00Z,stop,28,85.82373335650367,86.47221535491943,78.54456383732388,78.58385576520648,0.9147457006952068,0.9387027128508402,677.0084700477428,-680.3806499894021,14.162356056744132,0.0,-694.5430060461462,-1.0259000245553307,619.2905873104123,-460.8813500632298,13.116448238972204,0.0,-473.997798302202,-0.76538834597952,6.558110538675589,161.49392435078676
C0-000226,TSM,TSM|swing|2024-03-08T05:00:00Z,USD,2024-03-11T13:30:00Z,2024-03-15T20:00:00Z,stop,4,80.03457007100745,143.69180511474607,135.16523814337594,135.23285457066126,0.9147457006952068,0.9181050312155711,677.0084700477427,-682.4201217352604,22.318203568436125,0.0,-704.7383253036966,-1.0409593919172067,619.2905873104123,-587.899998592982,20.451821635299613,0.0,-608.3518202282817,-0.9823366165960347,10.225766399089245,36.34087383224747
C0-000227,MSFT,MSFT|swing|2024-03-14T04:00:00Z,USD,2024-03-15T13:30:00Z,2024-04-17T20:00:00Z,stop,22,32.199635987915364,419.4996535491943,410.4660946001326,410.6714303152902,0.9153318077803203,0.9400263207369806,284.2655745517694,-290.8773098351629,26.72459497284617,0.0,-317.60190480800907,-1.1172717811813986,260.19732224418254,60.134637807266415,24.788255720353106,0.0,35.34638208691331,0.13584452669248628,12.394145992370765,326.3838916609621
C0-000228,MUV2.DE,MUV2.DE|swing|2024-03-14T23:00:00Z,EUR,2024-03-18T08:00:00Z,2024-04-05T15:30:00Z,stop,12,27.667720194178365,444.222,432.1409642857143,432.35714285714283,1.0,1.0,328.27354757247014,-334.25471579873226,24.24696528439787,0.0,-358.5016810831301,-1.0920821483613046,328.27354757247014,-334.25471579873226,24.24696528439787,0.0,-358.5016810831301,-1.0920821483613046,12.12340210936917,0.0
C0-000229,ALV.DE,ALV.DE|swing|2024-03-14T23:00:00Z,EUR,2024-03-18T08:00:00Z,2024-03-26T16:30:00Z,objetivo,6,46.25176010510864,265.73280610656735,276.12258893966674,260.2428436279297,1.0,1.0,253.92042754799687,480.5457431406889,25.06176574333729,0.0,455.4839773973516,1.793805964316339,253.92042754799687,480.5457431406889,25.06176574333729,0.0,455.4839773973516,1.793805964316339,12.531006140854874,0.0
C0-000230,DBK.DE,DBK.DE|swing|2024-03-14T23:00:00Z,EUR,2024-03-18T08:00:00Z,2024-03-27T08:00:00Z,objetivo,7,904.4667918075894,13.588790778636932,14.442774809360506,13.082571983337402,1.0,1.0,457.8580897372686,772.4001965234644,25.353620196720065,0.0,747.0465763267443,1.6316116130118394,457.8580897372686,772.4001965234644,25.353620196720065,0.0,747.0465763267443,1.6316116130118394,12.67700636765916,0.0
C0-000231,AIR.PA,AIR.PA|swing|2024-03-14T23:00:00Z,EUR,2024-03-18T08:00:00Z,2024-03-22T16:30:00Z,objetivo,4,75.6898800691806,162.38115305328367,170.4275903870719,157.5914263044085,1.0,1.0,362.5338431865089,609.0338767786077,25.19025387697521,0.0,583.8436229016324,1.6104527449628163,362.5338431865089,609.0338767786077,25.19025387697521,0.0,583.8436229016324,1.6104527449628163,12.595282345775821,0.0
C0-000232,ENR.DE,ENR.DE|swing|2024-03-17T23:00:00Z,EUR,2024-03-19T08:00:00Z,2024-03-22T16:30:00Z,objetivo,3,695.1676603774133,14.82740969467163,16.15370477785383,13.942142759050641,1.0,1.0,615.4089444451247,921.997449945836,21.537068863750342,0.0,900.4603810820856,1.4631902724357928,615.4089444451247,921.997449945836,21.537068863750342,0.0,900.4603810820856,1.4631902724357928,10.768767623429039,0.0
C0-000233,MU,MU|swing|2024-03-21T04:00:00Z,USD,2024-03-22T13:30:00Z,2024-04-01T20:00:00Z,objetivo,5,81.45792558531716,109.36465255737303,123.20265335355488,100.90714045933315,0.9168423947923352,0.9249838127832763,688.9313911190525,1127.2148391049402,18.94445029847006,9.367661442311473,1117.6380502487816,1.6222777255560494,631.641506481207,1115.1842603600292,17.450781087503255,8.664935197772152,1106.3984144702981,1.751623987843833,8.725671521232655,81.70590782959964
C0-000234,R6C0.DE,R6C0.DE|swing|2024-03-24T23:00:00Z,EUR,2024-03-26T08:00:00Z,2024-04-03T07:00:00Z,objetivo,4,408.4567303243984,31.120552042007443,32.16890887260437,30.519284384591238,1.0,1.0,245.5918213980336,428.2084032388698,25.85100626917615,0.0,402.35739696969364,1.6383175737663844,245.5918213980336,428.2084032388698,25.85100626917615,0.0,402.35739696969364,1.6383175737663844,12.925613418091183,0.0
C0-000235,RRU.DE,RRU.DE|swing|2024-03-25T23:00:00Z,EUR,2024-03-27T08:00:00Z,2024-04-05T07:00:00Z,stop,5,2541.3376993213633,5.00850304198265,4.8015979008674625,4.814000197819301,1.0,1.0,494.2974104975469,-525.8158352994336,24.930779360213045,0.0,-550.7466146596466,-1.1142008899162135,494.2974104975469,-525.8158352994336,24.930779360213045,0.0,-550.7466146596466,-1.1142008899162135,12.46526134246119,0.0
C0-000236,6501.T,6501.T|swing|2024-03-26T15:00:00Z,JPY,2024-03-28T00:00:00Z,2024-04-02T06:00:00Z,stop,3,762.472653892916,2721.3599999999997,2659.0983571428574,2660.4285714285716,0.00611545988258317,0.00611807892321811,46458.548048343444,-47472.800065018215,4102.452362731033,0.0,-51575.25242774925,-1.1101348318953383,284.11538679270694,-285.0079261872734,25.09369292261441,0.0,-310.10161910988785,-1.09146365710964,12.546778346018279,5.310078124237647
C0-000237,AZN,AZN|swing|2024-03-27T04:00:00Z,USD,2024-03-28T13:30:00Z,2024-04-03T13:30:00Z,stop,3,100.70043740212468,136.42818061065674,132.73360305023195,133.00000653948103,0.9245562130177516,0.9303190994511118,345.21862845801587,-372.04557635085104,27.104709346587548,0.0,-399.15028569743856,-1.1562246437288701,319.17402779032534,-266.94839645641116,25.136856081112377,0.0,-292.08525253752356,-0.915128510172522,12.568364445546798,77.02865268453844
C0-000238,IS3N.DE,IS3N.DE|swing|2024-04-01T22:00:00Z,EUR,2024-04-03T07:00:00Z,2024-04-16T07:00:00Z,stop,9,418.78166435651826,30.325154465675354,29.858062691688538,29.990427834647043,1.0,1.0,140.17737564648598,-195.60947051743742,25.203627847490615,0.0,-220.81309836492804,-1.575240635991058,140.17737564648598,-195.60947051743742,25.203627847490615,0.0,-220.81309836492804,-1.575240635991058,12.601768171819508,0.0
C0-000239,IQQK.DE,IQQK.DE|swing|2024-04-01T22:00:00Z,EUR,2024-04-03T07:00:00Z,2024-04-09T15:30:00Z,stop,4,292.20240387365254,43.46171862602234,42.97635775675093,42.997856685093474,1.0,1.0,135.5415742049126,-141.82361274731176,25.257413705260742,0.0,-167.0810264525725,-1.2326920904723917,135.5415742049126,-141.82361274731176,25.257413705260742,0.0,-167.0810264525725,-1.2326920904723917,12.628674553895484,0.0
C0-000240,AZN,AZN|swing|2024-04-04T04:00:00Z,USD,2024-04-05T13:30:00Z,2024-04-22T20:00:00Z,objetivo,11,101.55281925632183,134.0269867172241,140.58394576045447,130.6971391950335,0.9214891264283082,0.9405568096313018,338.15540357213496,665.8776765882781,27.88751439171569,0.0,637.9901621965623,1.886677413571086,311.60652743469865,885.8225556720902,25.97026479224361,0.0,859.8522908798466,2.759416813115509,12.985357098097468,272.2235171646463
C0-000241,MRVL,MRVL|swing|2024-04-11T04:00:00Z,USD,2024-04-12T13:30:00Z,2024-04-18T20:00:00Z,stop,4,145.51740093991802,70.01499335861206,65.3201787098476,65.3528551374163,0.9320533134495294,0.9364172675344132,678.4222367710597,-683.1772255828588,19.693622495158838,0.0,-702.8708480780176,-1.0360374557050498,632.3256937003073,-595.2772416329473,18.396986455581796,0.0,-613.674228088529,-0.9705033880520785,9.198346708066286,41.48035514481377
C0-000242,R6C0.DE,R6C0.DE|swing|2024-04-11T22:00:00Z,EUR,2024-04-15T07:00:00Z,2024-04-16T15:30:00Z,stop,1,369.29020790845186,34.18708316802978,33.401148377690994,33.41785730634417,1.0,1.0,284.0675783904378,-290.2380221266957,24.959672079683813,0.0,-315.1976942063795,-1.109587007402706,284.0675783904378,-290.2380221266957,24.959672079683813,0.0,-315.1976942063795,-1.109587007402706,12.479766600276523,0.0
C0-000243,0700.HK,0700.HK|swing|2024-04-23T16:00:00Z,HKD,2024-04-25T01:30:00Z,2024-05-03T08:00:00Z,objetivo,5,304.9489390499388,340.37011221313475,371.2286038447789,326.05714634486606,0.11947431302270013,0.11957002618583573,4364.723756186524,9410.264283751296,217.00127349115942,0.0,9193.263010260136,2.106264571092198,521.4723723042442,1135.1201428886532,25.936913357632754,0.0,1109.1832295310205,2.1270220407455955,12.968743701035766,10.835282225415991
C0-000244,BSP.DE,BSP.DE|swing|2024-04-23T22:00:00Z,EUR,2024-04-25T07:00:00Z,2024-04-25T15:30:00Z,stop,0,774.3492932006995,16.013001660346983,15.318766288552967,15.326429503304619,1.0,1.0,531.6466645370349,-537.5806694636218,24.261732365959006,0.0,-561.8424018295808,-1.0567966269831501,531.6466645370349,-537.5806694636218,24.261732365959006,0.0,-561.8424018295808,-1.0567966269831501,12.130734820494432,0.0
C0-000245,GOOGL,GOOGL|swing|2024-04-26T04:00:00Z,USD,2024-04-29T13:30:00Z,2024-04-30T20:00:00Z,stop,1,78.33667171670768,169.14452755737304,162.75000300925117,162.83141871861048,0.9333582228859437,0.9330098899048329,494.5479346139883,-500.9257703106511,25.999512885568446,0.0,-526.9252831962195,-1.0654685750684671,461.590381383226,-471.984186206907,24.262418143342373,0.0,-496.24660435024936,-1.0750800371168279,12.131094108397551,-4.440999431985724
C0-000246,BSP.DE,BSP.DE|swing|2024-04-28T22:00:00Z,EUR,2024-04-30T07:00:00Z,2024-06-26T15:30:00Z,tiempo,40,753.1194330438066,16.058024236679078,15.742125000000001,15.238571030752999,1.0,1.0,617.1461338529783,-237.90985402671717,23.949310363836187,0.0,-261.85916439055336,-0.424306578339411,617.1461338529783,-237.90985402671717,23.949310363836187,0.0,-261.85916439055336,-0.424306578339411,11.974598698103597,0.0
C0-000247,6501.T,6501.T|swing|2024-04-29T15:00:00Z,JPY,2024-05-01T00:00:00Z,2024-06-03T00:00:00Z,objetivo,21,490.993700370386,2920.4595,3257.3705,2709.8571428571427,0.005942829975634396,0.005864414731409805,103404.43064029708,165421.17858548716,3033.2756119591822,0.0,162387.90297352796,1.5704153290917575,614.5149500225654,857.6566436871153,17.900827936096306,0.0,839.755815751019,1.3665343954938487,8.95063061986656,-125.41329501548806
C0-000248,LLY,LLY|swing|2024-04-30T04:00:00Z,USD,2024-05-01T13:30:00Z,2024-05-03T20:00:00Z,stop,2,16.983615402926166,775.1473897705077,742.2900549795969,742.6613856724331,0.9330098899048329,0.9307520476545048,551.7297995795833,-558.0363372540152,25.7715739596348,0.0,-583.80791121365,-1.058140980709235,514.7693595629626,-549.117516846289,24.016669287491098,0.0,-573.1341861337802,-1.1133805372960992,12.008200366414783,-28.464095262024237
C0-000249,QDV5.DE,QDV5.DE|swing|2024-05-01T22:00:00Z,EUR,2024-05-03T07:00:00Z,2024-05-07T07:00:00Z,stop,2,1416.4277363586234,8.689342919826506,8.523735877990724,8.59314237322126,1.0,1.0,136.26112246453087,-234.5704073925052,24.381082237354875,0.0,-258.9514896298601,-1.9004062563572808,136.26112246453087,-234.5704073925052,24.381082237354875,0.0,-258.9514896298601,-1.9004062563572808,12.190485523693487,0.0
C0-000250,1810.HK,1810.HK|swing|2024-05-02T16:00:00Z,HKD,2024-05-06T01:30:00Z,2024-05-14T08:00:00Z,objetivo,6,5449.580248944406,18.029010457992552,19.824369546413422,17.0771427154541,0.11910291683043317,0.11858316830509077,5187.279649344838,9783.953428021206,206.2850320277979,0.0,9577.668395993409,1.8463759510638846,617.8201366521167,1109.1466231289962,24.51299824468861,0.0,1084.6336248843077,1.7555815366617697,12.256779473193538,-56.15076828144469
C0-000251,LLY,LLY|swing|2024-05-03T04:00:00Z,USD,2024-05-06T13:30:00Z,2024-05-21T20:00:00Z,objetivo,11,17.98381705369454,738.4089980163574,796.1145871189664,713.1714150565011,0.9307520476545048,0.9204712812960235,453.8680748274934,1037.7667573969895,27.596591419653123,23.378962169802904,1033.5491281471393,2.277201648386421,422.4386400106975,818.7119613133639,25.538392399005218,21.583236862816566,814.7568057771751,1.9286985815420268,12.76940406984151,-147.1915731216603
C0-000252,AAPL,AAPL|swing|2024-05-03T04:00:00Z,USD,2024-05-06T13:30:00Z,2024-06-05T20:00:00Z,objetivo,21,72.78736220947455,182.44118110656737,195.90985325786048,174.96143668038505,0.9307520476545048,0.919793966151582,544.430866782831,980.3491183568341,27.539173780612963,18.196840552368638,971.0067851285897,1.7835263288183776,506.7301440644369,756.202321151221,25.475882758843074,16.88175206639636,747.6081904587743,1.475357641963583,12.738133614533591,-156.25962817569163
C0-000253,ICGA.DE,ICGA.DE|swing|2024-05-05T22:00:00Z,EUR,2024-05-07T07:00:00Z,2024-05-17T15:30:00Z,objetivo,8,3096.0762130631297,3.9994986927509304,4.216819281441825,3.898214544568743,1.0,1.0,313.58344194723213,672.8411052547538,25.43834663886123,0.0,647.4027586158925,2.064531068974086,313.58344194723213,672.8411052547538,25.43834663886123,0.0,647.4027586158925,2.064531068974086,12.719344709541243,0.0
C0-000254,IS3N.DE,IS3N.DE|swing|2024-05-05T22:00:00Z,EUR,2024-05-07T07:00:00Z,2024-05-31T15:30:00Z,stop,18,397.9730574659364,31.114550431251523,30.595551309040616,30.610856737409318,1.0,1.0,200.4565193646937,-206.5476674884119,24.558957866118064,0.0,-231.10662535452997,-1.1529015174311894,200.4565193646937,-206.5476674884119,24.558957866118064,0.0,-231.10662535452997,-1.1529015174311894,12.27943036599748,0.0
C0-000255,SIE.DE,SIE.DE|swing|2024-05-06T22:00:00Z,EUR,2024-05-08T07:00:00Z,2024-05-17T07:00:00Z,stop,7,68.66442678074773,179.9899438934326,173.01345610046388,173.51714869907923,1.0,1.0,444.4507716894535,-479.0365352470814,24.23877611223591,0.0,-503.27531135931736,-1.132353330035313,444.4507716894535,-479.0365352470814,24.23877611223591,0.0,-503.27531135931736,-1.132353330035313,12.11927132680032,0.0
C0-000256,IFX.DE,IFX.DE|swing|2024-05-06T22:00:00Z,EUR,2024-05-08T07:00:00Z,2024-06-21T15:30:00Z,stop,32,238.82650438175966,36.28813545799255,33.68386157553537,33.70071193150112,1.0,1.0,617.9453161870747,-621.9696277999633,16.71116745612833,0.0,-638.6807952560916,-1.0335555242929289,617.9453161870747,-621.9696277999633,16.71116745612833,0.0,-638.6807952560916,-1.0335555242929289,8.355430324514662,0.0
C0-000257,PLTR,PLTR|swing|2024-05-07T04:00:00Z,USD,2024-05-08T13:30:00Z,2024-06-17T20:00:00Z,objetivo,27,428.22362538606956,21.590789923667906,25.011059228897096,20.028035640716553,0.9288500835965076,0.9335324869305452,669.2083046330359,1464.6401216819372,19.956012793806117,0.0,1444.684108888131,2.1587958471022435,621.5941897018726,1410.5811677774384,18.58629422009416,0.0,1391.9948735573441,2.239394924564802,9.293502078713118,50.150068314372696
C0-000258,ENR.DE,ENR.DE|swing|2024-05-09T22:00:00Z,EUR,2024-05-13T07:00:00Z,2024-05-28T15:30:00Z,objetivo,11,442.559836526964,23.961975763320922,26.865845760958535,22.547144208635604,1.0,1.0,626.1476215547244,1285.1362314500575,22.494352384806817,0.0,1262.6418790652506,2.0165242757452484,626.1476215547244,1285.1362314500575,22.494352384806817,0.0,1262.6418790652506,2.0165242757452484,11.247500288335594,0.0
C0-000259,IQQT.DE,IQQT.DE|swing|2024-05-14T22:00:00Z,EUR,2024-05-16T07:00:00Z,2024-05-31T15:30:00Z,stop,11,160.5036977183271,79.38967347335814,78.0152581792559,78.05428532191685,1.0,1.0,214.33473619556895,-220.59873690403302,25.2640735693451,0.0,-245.86281047337812,-1.1470973619928853,214.33473619556895,-220.59873690403302,25.2640735693451,0.0,-245.86281047337812,-1.1470973619928853,12.63198479298245,0.0
C0-000260,ICGA.DE,ICGA.DE|swing|2024-05-16T22:00:00Z,EUR,2024-05-20T07:00:00Z,2024-05-21T15:30:00Z,stop,1,2979.2465855337373,4.2251115496158596,4.115655513814518,4.117714371000018,1.0,1.0,319.9626776872038,-326.0965209272043,24.84920179445721,0.0,-350.9457227216615,-1.0968333096172762,319.9626776872038,-326.0965209272043,24.84920179445721,0.0,-350.9457227216615,-1.0968333096172762,12.424522479225779,0.0
C0-000261,IQQK.DE,IQQK.DE|swing|2024-05-19T22:00:00Z,EUR,2024-05-21T07:00:00Z,2024-05-24T07:00:00Z,stop,3,299.0185944966761,42.19608673667908,41.37930152511597,41.66857256208147,1.0,1.0,157.73654706525025,-244.2339659672707,24.990595132555956,0.0,-269.22456109982664,-1.7067988751424716,157.73654706525025,-244.2339659672707,24.990595132555956,0.0,-269.22456109982664,-1.7067988751424716,12.495239631595629,0.0
C0-000262,LLY,LLY|swing|2024-05-21T04:00:00Z,USD,2024-05-22T13:30:00Z,2024-06-10T20:00:00Z,objetivo,12,17.011402305826294,801.4005,859.7056220267159,765.1928449358259,0.9204712812960235,0.9297136481963556,615.9429868472545,991.8518872867589,28.257744514467447,0.0,963.5941427722914,1.5644209989377633,566.9578303085921,1048.1389283625444,26.145610050583354,0.0,1021.993318311961,1.8025914162887486,13.073070328290719,135.1677508158228
C0-000263,8035.T,8035.T|swing|2024-05-22T15:00:00Z,JPY,2024-05-24T00:00:00Z,2024-05-30T06:00:00Z,stop,4,59.701775932447276,35917.95,34535.580714285716,34552.857142857145,0.005885815185403178,0.0058568583811643435,81498.46788412682,-82529.90135161122,4206.200904354078,0.0,-86736.10225596529,-1.0642666605620765,479.68491985948685,-545.4599136147897,24.69721698871416,0.0,-570.1571306035039,-1.1886075775959746,12.348475216496706,-59.704166989650375
C0-000264,VVSM.DE,VVSM.DE|swing|2024-05-22T22:00:00Z,EUR,2024-05-24T07:00:00Z,2024-05-31T15:30:00Z,stop,5,319.60939435184775,39.494735973358154,38.5464312978472,38.56571415492466,1.0,1.0,296.92410072918017,-303.08708300108157,24.942690206061187,0.0,-328.02977320714274,-1.1047596756261076,296.92410072918017,-303.08708300108157,24.942690206061187,0.0,-328.02977320714274,-1.1047596756261076,12.471272449078153,0.0
C0-000265,NVDA,NVDA|swing|2024-05-28T04:00:00Z,USD,2024-05-29T13:30:00Z,2024-06-06T20:00:00Z,objetivo,6,105.58256341141832,113.10652805328368,124.90380365208217,106.52414376395089,0.9189487226612755,0.9203865623561895,694.9850066268034,1245.58659899212,25.1297409398545,0.0,1220.4568580522655,1.7560909176672823,638.655584108439,1163.591960558668,23.111905083938908,0.0,1140.4800554747292,1.7857513248973393,11.55624632901911,18.961746450856907
C0-000266,VRTX,VRTX|swing|2024-05-31T04:00:00Z,USD,2024-06-03T13:30:00Z,2024-06-05T20:00:00Z,objetivo,2,30.089400460336005,455.22749999999996,480.7259474487305,438.2557067871094,0.9214891264283082,0.919793966151582,510.6710825126776,767.2329964016859,28.162278092516903,0.0,739.070718309169,1.4472539049454036,470.57784971680576,682.4767846096413,25.92671295869296,0.0,656.5500716509483,1.3951996934111133,12.963530339423503,-24.52007901152123
C0-000267,EXSA.DE,EXSA.DE|swing|2024-06-02T22:00:00Z,EUR,2024-06-04T07:00:00Z,2024-06-14T15:30:00Z,stop,8,244.38409364957752,52.19608316802978,51.56991562243871,51.59571347917829,1.0,1.0,146.72080226464945,-153.02538810205496,25.3587595660518,0.0,-178.38414766810675,-1.2158067902760248,146.72080226464945,-153.02538810205496,25.3587595660518,0.0,-178.38414766810675,-1.2158067902760248,12.679344696513208,0.0
C0-000268,EUNL.DE,EUNL.DE|swing|2024-06-02T22:00:00Z,EUR,2024-06-04T07:00:00Z,2024-06-10T15:30:00Z,objetivo,4,139.5952964566107,91.37766673278809,93.18595654160636,90.20828356061664,1.0,1.0,163.24039059064543,252.42875194145472,25.764213706095305,0.0,226.66453823535943,1.3885321973025746,163.24039059064543,252.42875194145472,25.764213706095305,0.0,226.66453823535943,1.3885321973025746,12.882173180778528,0.0
C0-000269,AMAT,AMAT|swing|2024-06-05T04:00:00Z,USD,2024-06-06T13:30:00Z,2024-06-18T20:00:00Z,objetivo,8,58.72387259328181,221.78083316802977,243.58600238636564,209.81142098563058,0.919793966151582,0.9332711152589829,702.8902360156856,1280.4839790525054,27.328142760235043,0.0,1253.1558362922704,1.7828613517179448,646.514197954089,1370.5628018479401,25.32904218115491,0.0,1345.2337596667853,2.080748982657786,12.66486689749258,192.78136416167638
C0-000270,META,META|swing|2024-06-05T04:00:00Z,USD,2024-06-06T13:30:00Z,2024-07-05T20:00:00Z,objetivo,19,28.501722214935928,493.22650099182124,524.5426010731289,475.22999354771207,0.919793966151582,0.9238728750923872,512.9314560110262,892.5627853725643,29.008172225999985,14.250861107467964,877.8054742540323,1.7113504425729014,471.7912582882875,881.9550520844004,26.742522970247958,13.336010768732887,868.5485398828854,1.8409593747753583,13.371485316755296,60.98118768726734
C0-000271,DTE.DE,DTE.DE|swing|2024-06-05T22:00:00Z,EUR,2024-06-07T07:00:00Z,2024-07-01T07:00:00Z,objetivo,16,574.970155043014,22.61130038166046,23.648169847488404,22.00571414402553,1.0,1.0,348.19401294487176,596.1689975264603,26.597814769861415,0.0,569.5711827565989,1.6357868360211494,348.19401294487176,596.1689975264603,26.597814769861415,0.0,569.5711827565989,1.6357868360211494,13.299059751943538,0.0
C0-000272,AZN,AZN|swing|2024-06-06T04:00:00Z,USD,2024-06-07T13:30:00Z,2024-06-18T20:00:00Z,stop,7,87.89019732308117,160.70030511474607,157.24133860560826,157.31999860491072,0.9203865623561895,0.9332711152589829,297.0958061619247,-304.00924902205134,27.943953803806714,0.0,-331.95320282585806,-1.11732712458733,273.4429877238147,-101.74186370869398,25.897303744049026,0.0,-127.63916745274301,-0.46678530144522207,12.948629673714615,178.06416392319875
C0-000273,EQQQ.DE,EQQQ.DE|swing|2024-06-09T22:00:00Z,EUR,2024-06-11T07:00:00Z,2024-06-14T15:30:00Z,objetivo,3,30.343653923419147,433.5166377868652,447.6474610475813,424.8357151576451,1.0,1.0,263.4109119970327,428.78081067617103,26.737738464773955,11.46255801880297,413.50563023020004,1.5698120745842834,263.4109119970327,428.78081067617103,26.737738464773955,11.46255801880297,413.50563023020004,1.5698120745842834,13.368979769832546,0.0
C0-000274,IQQT.DE,IQQT.DE|swing|2024-06-09T22:00:00Z,EUR,2024-06-11T07:00:00Z,2024-06-18T07:00:00Z,objetivo,5,162.2597195197153,81.07051377868652,85.6371603050232,79.0171388898577,1.0,1.0,333.1800335301898,740.9827845090724,27.049940438606853,0.0,713.9328440704655,2.142783997306295,333.1800335301898,740.9827845090724,27.049940438606853,0.0,713.9328440704655,2.142783997306295,13.525158846287125,0.0
C0-000275,CRWD,CRWD|swing|2024-06-10T04:00:00Z,USD,2024-06-11T13:30:00Z,2024-07-18T20:00:00Z,stop,25,81.61958069359109,93.26160383605956,84.55341507775444,84.59571293422154,0.9297136481963556,0.9149130832570906,707.3063817444256,-710.7587150535081,14.513187284768467,0.0,-725.2719023382766,-1.0253999130469356,657.5923965641741,-762.9439481425673,13.390966427296236,0.0,-776.3349145698635,-1.1805716103563575,6.695294151483418,-102.1418701828161
C0-000276,SAF.PA,SAF.PA|swing|2024-06-13T22:00:00Z,EUR,2024-06-17T07:00:00Z,2024-07-31T15:30:00Z,objetivo,32,66.90803854364374,198.14902805328367,209.2096172419957,194.44464329310827,1.0,1.0,247.8531183143022,740.0423277537527,27.25556794050305,0.0,712.7867598132497,2.875843421543584,247.8531183143022,740.0423277537527,27.25556794050305,0.0,712.7867598132497,2.875843421543584,13.627972387824194,0.0
C0-000277,QDV5.DE,QDV5.DE|swing|2024-06-17T22:00:00Z,EUR,2024-06-19T07:00:00Z,2024-08-05T15:30:00Z,stop,33,1452.3942302937714,9.20059809923172,8.896263972146171,8.900714329310826,1.0,1.0,435.54945719184946,-442.0131302605416,26.283778058891436,0.0,-468.296908319433,-1.0751865272401409,435.54945719184946,-442.0131302605416,26.283778058891436,0.0,-468.296908319433,-1.0751865272401409,13.141781811607455,0.0
C0-000278,7011.T,7011.T|swing|2024-06-18T15:00:00Z,JPY,2024-06-20T00:00:00Z,2024-07-02T06:00:00Z,objetivo,8,1360.7330622685197,1600.8,1780.0381071428574,1517.7142857142858,0.005889975262103899,0.005775339301183944,113057.47843076714,243895.2184077134,4600.418190566606,0.0,239294.80021714678,2.116576484267544,665.9057511530635,1158.8705416492628,26.818683076452494,0.0,1132.0518585728103,1.7000181431269836,13.409634608269178,-277.6662613175966
C0-000279,QCOM,QCOM|swing|2024-06-18T04:00:00Z,USD,2024-06-20T13:30:00Z,2024-06-20T20:00:00Z,stop,0,63.964599697930744,224.3120969467163,214.02007484109063,214.12713841029577,0.9303190994511118,0.9329228472805299,651.4767957221624,-658.3250740686007,28.037741903131682,0.0,-686.3628159717323,-1.053549137096892,606.0813059095381,-576.807841483884,26.11969134653387,0.0,-602.9275328304178,-0.9947964521453315,13.059704736232217,35.64454856970291
C0-000280,RRU.DE,RRU.DE|swing|2024-06-19T22:00:00Z,EUR,2024-06-21T07:00:00Z,2024-06-25T07:00:00Z,stop,2,2307.4753124953054,5.756877187013626,5.4172900762557985,5.52628585270473,1.0,1.0,532.0838111931305,-783.5888745152963,25.784115097687426,0.0,-809.3729896129837,-1.5211381601670373,532.0838111931305,-783.5888745152963,25.784115097687426,0.0,-809.3729896129837,-1.5211381601670373,12.891864874591073,0.0
C0-000281,INFY,INFY|swing|2024-06-20T04:00:00Z,USD,2024-06-21T13:30:00Z,2024-07-02T20:00:00Z,objetivo,7,781.4619743184525,18.21910408401489,19.222527194227492,17.628571919032506,0.9329228472805299,0.9320533134495294,461.47843154568443,784.1370047835017,29.259211100398815,0.0,754.8777936831028,1.6357813108506525,430.52377231615304,718.4774733736613,27.28352467517916,0.0,691.1939486984821,1.6054722018716012,13.64194536744288,-13.061853786990758
C0-000282,SAP.DE,SAP.DE|swing|2024-06-20T22:00:00Z,EUR,2024-06-24T07:00:00Z,2024-07-23T07:00:00Z,objetivo,21,72.82030462343359,181.03047244262694,193.80304389953614,173.67713492257255,1.0,1.0,535.4722782092848,930.1025443167002,27.295490843109086,0.0,902.8070534735912,1.6860014798389558,535.4722782092848,930.1025443167002,27.295490843109086,0.0,902.8070534735912,1.6860014798389558,13.647981359185167,0.0
C0-000283,6857.T,6857.T|swing|2024-06-25T15:00:00Z,JPY,2024-06-27T00:00:00Z,2024-07-09T06:00:00Z,objetivo,8,331.77903746713815,6153.075,6835.294928571429,5810.857142857143,0.005833625014584063,0.005734931467568962,113540.71124692359,226346.27124232866,4309.26887316855,0.0,222037.0023691601,1.95557170578475,662.3539333037195,1096.6012966284163,24.914840719835876,0.0,1071.6864559085805,1.6179966661678498,12.457697624665546,-223.81797324865994
C0-000284,PANW,PANW|swing|2024-06-27T04:00:00Z,USD,2024-06-28T13:30:00Z,2024-07-18T20:00:00Z,stop,13,75.68741958133975,170.08499999999998,160.51613079289027,160.59642900739397,0.9349289454001495,0.9149130832570906,718.1654539447009,-724.2430185974747,25.022346500386867,0.0,-749.2653650978616,-1.0433046604822562,671.4336704793388,-920.2895064053948,23.150942280229177,0.0,-943.440448685624,-1.4051134016143376,11.575243961547686,-243.17374481463722
C0-000285,ABBV,ABBV|swing|2024-06-28T04:00:00Z,USD,2024-07-01T13:30:00Z,2024-07-02T20:00:00Z,stop,1,83.71999618544866,171.35563927459717,165.4258211517334,165.50857543945312,0.9341429238673516,0.9320533134495294,489.516161974334,-496.44435062655873,28.195342582222224,0.0,-524.639693208781,-1.0717515252055938,457.2780588270285,-492.6899303851926,26.309539806045244,0.0,-518.9994701912378,-1.1349756678081866,13.154650019202139,-28.93995315347094
C0-000286,IS3N.DE,IS3N.DE|swing|2024-06-30T22:00:00Z,EUR,2024-07-02T07:00:00Z,2024-07-11T07:00:00Z,objetivo,7,422.6635337786527,31.80189229774475,32.74361832237244,31.477142878941127,1.0,1.0,137.25973694410317,398.0332494204624,27.28103360824629,0.0,370.75221581221615,2.7010995654406584,137.25973694410317,398.0332494204624,27.28103360824629,0.0,370.75221581221615,2.7010995654406584,13.640619722588099,0.0
C0-000287,AAPL,AAPL|swing|2024-07-02T04:00:00Z,USD,2024-07-03T13:30:00Z,2024-08-05T13:30:00Z,stop,22,63.18040790216313,220.10999999999999,198.9904513397217,208.68429347446985,0.9320533134495294,0.9229349330872174,721.8807988534007,-1334.3416990659657,26.478937467624288,0.0,-1360.82063653359,-1.8851043533711511,672.8313904869053,-1358.316596025454,24.565142409184958,0.0,-1382.881738434639,-2.0553169159273232,12.282234696000828,-114.63899413714704
C0-000288,7011.T,7011.T|swing|2024-07-02T15:00:00Z,JPY,2024-07-04T00:00:00Z,2024-07-12T00:00:00Z,stop,6,1095.7708740934015,1920.9599999999998,1799.1000000000001,1813.642857142857,0.005741187277528993,0.005701579337476482,117594.9994337777,-133530.63871702156,4076.333397879899,0.0,-137606.97211490147,-1.170177071962939,675.1349146502337,-844.7075518243838,23.32491029521271,0.0,-868.0324621195965,-1.2857170371188653,11.662246886278066,-78.08314766189949
C0-000289,ARM,ARM|swing|2024-07-05T04:00:00Z,USD,2024-07-08T13:30:00Z,2024-07-18T20:00:00Z,stop,8,32.028036397133135,181.13051328277587,158.01852462986537,158.09757341657365,0.9238728750923872,0.9149130832570906,737.6998363677033,-740.2316137855454,10.862277730318759,0.0,-751.0938915158641,-1.0181565109382573,681.5408687802136,-729.2256223380347,9.990018043685899,0.0,-739.2156403817206,-1.0846240838128025,4.994827964143891,-45.345713075705
C0-000290,6501.T,6501.T|swing|2024-07-08T15:00:00Z,JPY,2024-07-10T00:00:00Z,2024-07-19T00:00:00Z,stop,6,629.6889820919189,3765.8819999999996,3589.2045000000003,3608.0,0.0057405281285878304,0.00584726932522512,99416.55587063609,-111251.87513354457,4631.416931383014,0.0,-115883.29206492759,-1.1656337422885432,570.70353542271,-397.4006050111896,26.828023083373193,0.0,-424.2286280945628,-0.7433432627683726,13.413915545011779,241.24391355106445
C0-000291,GS,GS|swing|2024-07-09T04:00:00Z,USD,2024-07-10T13:30:00Z,2024-07-16T20:00:00Z,objetivo,4,30.99899308817069,472.74626477050776,501.0793085065569,453.82999529157365,0.9247272054743851,0.91726288754357,586.3853068314527,878.2958269406254,30.187612215099588,0.0,848.1082147255258,1.4463326499572429,542.2464461174891,696.2411384089905,27.799363376395824,0.0,668.4417750325947,1.2327268898093668,13.899859223445667,-115.94290721762759
C0-000292,6758.T,6758.T|swing|2024-07-10T15:00:00Z,JPY,2024-07-12T00:00:00Z,2024-07-18T06:00:00Z,stop,3,769.1367466611719,3061.5299999999997,2948.239428571429,2949.714285714286,0.005701579337476482,0.005840780328251854,86001.57471130916,-87135.941535956,4622.334506475198,0.0,-91758.27604243119,-1.0669371619118158,490.34480136444023,-181.16041701166915,26.670258979824837,0.0,-207.830675991494,-0.42384598636139603,13.335087533577227,315.6520668012945
C0-000293,IQQT.DE,IQQT.DE|swing|2024-07-10T22:00:00Z,EUR,2024-07-12T07:00:00Z,2024-07-17T07:00:00Z,stop,3,149.938723858531,89.2445969467163,87.94600286483765,88.21428462437221,1.0,1.0,154.48371478799197,-194.7095394471251,26.567732415472065,0.0,-221.27727186259716,-1.4323663317280422,154.48371478799197,-194.7095394471251,26.567732415472065,0.0,-221.27727186259716,-1.4323663317280422,13.283820851304185,0.0
C0-000294,UBER,UBER|swing|2024-07-16T04:00:00Z,USD,2024-07-17T13:30:00Z,2024-07-17T20:00:00Z,stop,0,201.4526152118323,73.41668725204467,69.84549082347324,69.88043103899274,0.91726288754357,0.9145783793671118,712.3880621784012,-719.4268599708693,28.860540434256308,0.0,-748.2874004051256,-1.0503929531285916,653.4471309653286,-697.6760836956855,26.434930130051495,0.0,-724.111013825737,-1.1081401685183279,13.2172939503267,-37.77252474240343
C0-000295,EUNN.DE,EUNN.DE|swing|2024-07-16T22:00:00Z,EUR,2024-07-18T07:00:00Z,2024-07-24T15:30:00Z,stop,4,256.45899911757425,51.61979877090454,50.70606542805263,50.73143114362444,1.0,1.0,227.8298725407079,-234.33513856815503,26.242388716305378,0.0,-260.5775272844604,-1.1437373175806929,227.8298725407079,-234.33513856815503,26.242388716305378,0.0,-260.5775272844604,-1.1437373175806929,13.121139054651112,0.0
C0-000296,EUNH.DE,EUNH.DE|swing|2024-07-16T22:00:00Z,EUR,2024-07-18T07:00:00Z,2024-07-18T15:30:00Z,stop,0,120.23941364509523,110.10002066802979,110.00782824162076,110.06285967145648,1.0,1.0,4.468216438441675,-11.08516329394011,26.465638691579592,0.0,-37.5508019855197,-8.403980089786302,4.468216438441675,-11.08516329394011,26.465638691579592,0.0,-37.5508019855197,-8.403980089786302,13.2328198827032,0.0
C0-000297,COIN,COIN|swing|2024-07-22T04:00:00Z,USD,2024-07-23T13:30:00Z,2024-07-25T20:00:00Z,stop,2,26.38782616695671,263.7318061065674,236.5031209073748,236.6214316231864,0.9184423218221895,0.921574048474795,715.3838491885562,-718.5058117910805,13.200112296684186,0.0,-731.7059240877647,-1.0228158280589117,657.0388034428327,-640.3616561761011,12.143086275928294,0.0,-652.5047424520294,-0.9930992492877968,6.071384565395972,19.544489848036164
C0-000298,SAP.DE,SAP.DE|swing|2024-07-22T22:00:00Z,EUR,2024-07-24T07:00:00Z,2024-08-02T15:30:00Z,stop,7,67.33671029288368,195.65777755737304,188.662771257673,188.75714983258928,1.0,1.0,464.6655699428051,-471.0207126997977,25.878881455160816,0.0,-496.8995941549585,-1.0693703736563072,464.6655699428051,-471.0207126997977,25.878881455160816,0.0,-496.8995941549585,-1.0693703736563072,12.939326207231991,0.0
C0-000299,ZPRR.DE,ZPRR.DE|swing|2024-07-22T22:00:00Z,EUR,2024-07-24T07:00:00Z,2024-08-02T15:30:00Z,stop,7,222.7773094993671,59.139555610656735,57.2456488546644,57.27428599766323,1.0,1.0,415.53974587361944,-421.9194515426463,25.92798271631797,0.0,-447.84743425896426,-1.0777487321156778,415.53974587361944,-421.9194515426463,25.92798271631797,0.0,-447.84743425896426,-1.0777487321156778,12.963889119266291,0.0
C0-000300,NOW,NOW|swing|2024-07-25T04:00:00Z,USD,2024-07-26T13:30:00Z,2024-08-02T20:00:00Z,stop,5,62.77701951442677,165.2525831680298,153.92727468218123,154.0042768205915,0.921574048474795,0.9229349330872174,706.135147077383,-710.9691118230177,20.037160164874663,0.0,-731.0062719878923,-1.0352214799297956,650.7558262624486,-642.0603247128498,18.478877171091845,0.0,-660.5392018839417,-1.0150338655862414,9.239280380283976,13.15035801041723
C0-000301,INFY,INFY|swing|2024-07-26T04:00:00Z,USD,2024-07-29T13:30:00Z,2024-08-02T20:00:00Z,stop,4,627.0744623166654,22.641314160346983,21.63631992844173,21.647143500191824,0.9208103130755064,0.9229349330872174,623.4190321678009,-630.2062176033373,27.76537358888124,0.0,-657.9715911922186,-1.0554242928777278,574.0506741876619,-551.4744247243867,25.595468306845202,0.0,-577.0698930312319,-1.0052594988201042,12.79759948421458,28.825959809072025
C0-000302,EUNN.DE,EUNN.DE|swing|2024-07-30T22:00:00Z,EUR,2024-08-01T07:00:00Z,2024-08-01T15:30:00Z,stop,0,257.00277518238454,51.081527755737305,50.84813324846541,50.873570033482146,1.0,1.0,53.44571174018344,-59.98303608120254,26.19620575147978,0.0,-86.17924183268232,-1.6124631710702433,53.44571174018344,-59.98303608120254,26.19620575147978,0.0,-86.17924183268232,-1.6124631710702433,13.098091154502704,0.0
C0-000303,XOM,XOM|swing|2024-07-31T04:00:00Z,USD,2024-08-01T13:30:00Z,2024-08-05T20:00:00Z,stop,2,120.03866493268455,118.40917347335815,114.02866794259208,114.08571079799107,0.9235315847801995,0.9119095385737734,518.9826874373572,-525.8300356434,27.90152816340572,0.0,-553.7315638068058,-1.066955752495391,479.2969038025094,-644.7014604297897,25.60886170825244,0.0,-670.3103221380421,-1.398528379424371,12.804272879828439,-159.08081428701226
C0-000304,6857.T,6857.T|swing|2024-07-31T15:00:00Z,JPY,2024-08-02T00:00:00Z,2024-08-05T00:00:00Z,stop,1,325.9773445266146,6503.25,5927.035000000001,6200.714285714285,0.006147792942333702,0.006196938712276136,98619.78876731986,-187833.035576403,4051.9912960090105,0.0,-191885.026872412,-1.9457051091960758,606.2940413581696,-1059.8050940095384,25.00575700844597,0.0,-1084.8108510179843,-1.7892487423888928,12.50261667860211,94.95351644418682
C0-000305,RRU.DE,RRU.DE|swing|2024-07-31T22:00:00Z,EUR,2024-08-02T07:00:00Z,2024-08-05T07:00:00Z,stop,1,1758.8792483625427,5.588792965650558,5.157419847488404,5.219428471156529,1.0,1.0,649.6675444474696,-758.7332258368567,18.901290715517785,0.0,-777.6345165523745,-1.196973010578416,649.6675444474696,-758.7332258368567,18.901290715517785,0.0,-777.6345165523745,-1.196973010578416,9.450458037065818,0.0
C0-000306,RACE.MI,RACE.MI|swing|2024-08-15T22:00:00Z,EUR,2024-08-19T07:00:00Z,2024-10-14T15:30:00Z,tiempo,40,27.769951474280937,417.8088061065674,436.98141220092776,395.41428920200894,1.0,1.0,621.8946477295517,532.422340875891,23.73748288308915,0.0,508.6848579928018,0.8179598583939215,621.8946477295517,532.422340875891,23.73748288308915,0.0,508.6848579928018,0.8179598583939215,11.86887751434811,0.0
C0-000307,PANW,PANW|swing|2024-08-20T04:00:00Z,USD,2024-08-21T13:30:00Z,2024-09-04T20:00:00Z,stop,9,59.450404797324886,182.2460762786865,170.55967741285053,170.64499991280692,0.9022013713460844,0.9049773755656109,689.6886860362197,-694.7611431969468,20.974444871787178,0.0,-715.735588068734,-1.0377661727093295,622.2380783437565,-598.6662123496426,18.95132117034985,0.0,-617.6175335199924,-0.9925743136195349,9.47551328749831,28.148243800614758
C0-000308,1810.HK,1810.HK|swing|2024-08-21T16:00:00Z,HKD,2024-08-23T01:30:00Z,2024-09-24T08:00:00Z,objetivo,20,4849.767797704209,19.0095,20.893833560534887,17.897143500191824,0.11518879443407745,0.11550545185732766,5394.670732336658,9138.580222015415,193.52190212293175,0.0,8945.058319892483,1.658128691019851,621.4056180266614,1084.7490116800566,22.32364157519704,0.0,1062.4253701048594,1.7097131716940417,11.162094765373041,32.086973066997885
C0-000309,ITX.MC,ITX.MC|swing|2024-08-29T22:00:00Z,EUR,2024-09-02T07:00:00Z,2024-09-05T15:30:00Z,stop,3,256.22221218386875,48.95446530532837,47.42770065661839,47.45142636980329,1.0,1.0,385.1119610587223,-391.19101577659785,24.695251777842774,0.0,-415.8862675544406,-1.0799100251550635,385.1119610587223,-391.19101577659785,24.695251777842774,0.0,-415.8862675544406,-1.0799100251550635,12.347531178050449,0.0
C0-000310,ENR.DE,ENR.DE|swing|2024-08-29T22:00:00Z,EUR,2024-09-02T07:00:00Z,2024-09-06T15:30:00Z,stop,4,488.7701016296495,25.66282461833954,24.689077290671214,24.70142800467355,1.0,1.0,469.90192056792665,-475.93858030604633,24.610504213313327,0.0,-500.54908451935967,-1.0652203419692192,469.90192056792665,-475.93858030604633,24.610504213313327,0.0,-500.54908451935967,-1.0652203419692192,12.305136198294267,0.0
C0-000311,MRVL,MRVL|swing|2024-08-30T04:00:00Z,USD,2024-09-03T13:30:00Z,2024-09-04T20:00:00Z,stop,1,122.58669906391073,74.6172918319702,68.92266003717695,68.95713860648019,0.9040773890245004,0.9049773755656109,693.8595001087688,-698.0861141080983,17.59608888343137,0.0,-715.6822029915296,-1.031451184107647,627.3026852081807,-623.5198838250909,15.915830082307691,0.0,-639.4357139073986,-1.0193415857851642,7.957761150621348,7.603987532019059
C0-000312,APP,APP|swing|2024-09-11T04:00:00Z,USD,2024-09-12T13:30:00Z,2024-09-13T20:00:00Z,objetivo,1,78.1984553026011,97.39867347335814,110.73217880194528,88.75828443254743,0.9055510278004165,0.902445627650934,675.6650762049213,1042.6595204645148,16.275511148742588,0.0,1026.3840093157721,1.5190721638015843,611.8492042062132,917.2914755100709,14.711415923828527,0.0,902.5800595862423,1.4751674977778402,7.355939123767115,-26.889924892460225
C0-000313,ENR.DE,ENR.DE|swing|2024-09-12T22:00:00Z,EUR,2024-09-16T07:00:00Z,2024-09-19T15:30:00Z,objetivo,3,435.43603407054457,28.35417015266418,32.249580562523434,27.172856194632395,1.0,1.0,514.3866648775389,1696.2020599462273,26.389056861221228,0.0,1669.8130030850061,3.2462214071636986,514.3866648775389,1696.2020599462273,26.389056861221228,0.0,1669.8130030850061,3.2462214071636986,13.194955779863779,0.0
C0-000314,APP,APP|swing|2024-09-13T04:00:00Z,USD,2024-09-16T13:30:00Z,2024-09-19T20:00:00Z,objetivo,3,75.52350451631182,111.45570152664185,127.78864601870946,102.39828818184989,0.902445627650934,0.8963786303334529,684.047597651498,1233.5212071113385,18.06857156234341,0.0,1215.4526355489952,1.7768538910478453,617.3157636057197,1054.6329474453032,16.24735053180779,0.0,1038.3855969134954,1.682097976647027,8.123940955125482,-58.55287252702627
C0-000315,SAP.DE,SAP.DE|swing|2024-09-18T22:00:00Z,EUR,2024-09-20T07:00:00Z,2024-09-25T15:30:00Z,stop,3,61.57740137920516,205.40265305328367,198.36363303484237,198.4628644670759,1.0,1.0,427.33414725974336,-433.4445609918204,24.86287866183952,0.0,-458.30743965365997,-1.0724802653673504,427.33414725974336,-433.4445609918204,24.86287866183952,0.0,-458.30743965365997,-1.0724802653673504,12.43133407761091,0.0
C0-000316,RRU.DE,RRU.DE|swing|2024-09-18T22:00:00Z,EUR,2024-09-20T07:00:00Z,2024-10-17T15:30:00Z,objetivo,19,1832.5466717599638,6.19909809923172,6.835580622826304,5.854000159672329,1.0,1.0,632.4080805707835,1166.383930246637,23.88665710956785,0.0,1142.4972731370692,1.8065823449091636,632.4080805707835,1166.383930246637,23.88665710956785,0.0,1142.4972731370692,1.8065823449091636,11.943623136672224,0.0
C0-000317,ZPRR.DE,ZPRR.DE|swing|2024-09-18T22:00:00Z,EUR,2024-09-20T07:00:00Z,2024-11-06T08:00:00Z,objetivo,33,218.6413136941226,57.848909694671626,63.638163169860846,55.807141985212056,1.0,1.0,446.4147742544801,1265.7699851236357,26.562093207954973,0.0,1239.2078919156806,2.7759114692948454,446.4147742544801,1265.7699851236357,26.562093207954973,0.0,1239.2078919156806,2.7759114692948454,13.28136636681296,0.0
C0-000318,ENR.DE,ENR.DE|swing|2024-09-18T22:00:00Z,EUR,2024-09-20T07:00:00Z,2024-10-08T15:30:00Z,objetivo,12,278.0416724264036,31.885935839653012,35.69000279487882,29.611427579607284,1.0,1.0,632.4080805707835,1057.6891382530011,18.78892699372925,0.0,1038.9002112592718,1.6427687171890761,632.4080805707835,1057.6891382530011,18.78892699372925,0.0,1038.9002112592718,1.6427687171890761,9.3947302678301,0.0
C0-000319,ADYEN.AS,ADYEN.AS|swing|2024-09-18T22:00:00Z,EUR,2024-09-20T07:00:00Z,2024-11-07T08:00:00Z,stop,34,8.021493681817004,1393.2962755737303,1221.3890000000001,1314.4570835658483,1.0,1.0,632.4080805707835,-1378.9531248730514,20.97368141795463,0.0,-1399.926806291006,-2.213644716600544,632.4080805707835,-1378.9531248730514,20.97368141795463,0.0,-1399.926806291006,-2.213644716600544,10.486498592318615,0.0
C0-000320,SU.PA,SU.PA|swing|2024-09-18T22:00:00Z,EUR,2024-09-20T07:00:00Z,2024-11-15T16:30:00Z,tiempo,40,53.12813974870498,238.0689719467163,242.12887500000002,227.79284885951452,1.0,1.0,545.9513034517491,215.69509678105223,25.51201831961239,0.0,190.18307846143983,0.34835172525281477,545.9513034517491,215.69509678105223,25.51201831961239,0.0,190.18307846143983,0.34835172525281477,12.756066272594737,0.0
C0-000321,MA,MA|swing|2024-09-19T04:00:00Z,USD,2024-09-20T13:30:00Z,2024-10-17T20:00:00Z,objetivo,19,28.797060247690112,489.8948188934326,516.7043917497908,477.0414341517857,0.8963786303334529,0.9203018590097551,370.13969479194634,772.036884759385,28.987098114170216,19.006059763475474,762.0558464086903,2.058833076082364,331.78531264964715,1048.004661221695,26.339382600815483,17.34604340921372,1039.0113220300932,3.1315772049477375,13.169956594060078,355.96729589417134
C0-000322,CAT,CAT|swing|2024-09-19T04:00:00Z,USD,2024-09-20T13:30:00Z,2024-10-07T20:00:00Z,objetivo,11,38.06825217837022,370.5851938934326,400.27262690189906,355.20142037527904,0.8963786303334529,0.9105809506465125,585.6333697440024,1130.1486862947743,29.34520991570561,0.0,1100.8034763790686,1.87968024578289,524.9492378486934,1229.4515337545442,26.520829473348336,0.0,1202.9307042811959,2.2915181460419944,13.26072541473743,216.41040226048236
C0-000323,APP,APP|swing|2024-09-20T04:00:00Z,USD,2024-09-23T13:30:00Z,2024-10-08T20:00:00Z,objetivo,11,61.6552873599612,125.82288213729858,143.59151911108836,114.37442670549665,0.8955758552749418,0.9105809506465125,705.8578094754567,1095.5304186138403,16.610822327881188,0.0,1078.9195962859592,1.5285225746637774,632.1492114234791,1113.9733474517202,15.009094168934208,0.0,1098.964253282786,1.7384570500501437,7.504827454010513,132.84275582191523
C0-000324,6501.T,6501.T|swing|2024-09-23T15:00:00Z,JPY,2024-09-25T00:00:00Z,2024-11-22T06:30:00Z,tiempo,40,442.7813677246287,3811.9049999999997,3819.0895,3580.0,0.006244536030972899,0.006152710268873439,102683.21308217991,3181.162736417727,3378.862181809119,9298.408722217202,9100.70927682581,0.08862898816325789,641.2090238677401,-135.4144684552023,20.944147284215596,57.833118063298926,-98.52549767611897,-0.15365581894312433,10.472042406500464,-155.27935378315053
C0-000325,SIE.DE,SIE.DE|swing|2024-09-25T22:00:00Z,EUR,2024-09-27T07:00:00Z,2024-11-14T16:30:00Z,objetivo,34,71.20445108012589,181.0905,193.8658928391593,173.5914263044085,1.0,1.0,533.9674261040042,909.6648344453097,26.698564131096383,0.0,882.9662703142133,1.6535957572479945,533.9674261040042,909.6648344453097,26.698564131096383,0.0,882.9662703142133,1.6535957572479945,13.349512819133812,0.0
C0-000326,EUNL.DE,EUNL.DE|swing|2024-10-06T22:00:00Z,EUR,2024-10-08T07:00:00Z,2024-10-17T15:30:00Z,objetivo,7,134.04546505471174,96.79036776351928,100.08036310005188,95.89971923828125,1.0,1.0,119.38739576582556,441.008954913345,26.38962867426839,0.0,414.6193262390766,3.472890279408881,119.38739576582556,441.008954913345,26.38962867426839,0.0,414.6193262390766,3.472890279408881,13.194927888104132,0.0
C0-000327,UBER,UBER|swing|2024-10-11T04:00:00Z,USD,2024-10-14T13:30:00Z,2024-10-17T13:30:00Z,stop,3,168.03230434977598,85.68281938934325,79.88003816986084,81.59714072091239,0.9142439202779301,0.9176837661741765,686.5260014891616,-975.054699947233,27.819908470406794,0.0,-1002.8746084176397,-1.460796249875865,627.6522229741831,-845.2667513263539,25.480353261796726,0.0,-870.7471045881506,-1.387308246057095,12.739968499201172,46.17108003882436
C0-000328,IS3N.DE,IS3N.DE|swing|2024-10-13T22:00:00Z,EUR,2024-10-15T07:00:00Z,2024-10-31T08:00:00Z,stop,12,397.7119684471535,33.45872234344482,32.60368893241883,32.649571555001394,1.0,1.0,321.8089528424008,-340.05702098723157,26.27381162888916,0.0,-366.33083261612074,-1.1383487916680914,321.8089528424008,-340.05702098723157,26.27381162888916,0.0,-366.33083261612074,-1.1383487916680914,13.136824084391986,0.0
C0-000329,BSP.DE,BSP.DE|swing|2024-10-16T22:00:00Z,EUR,2024-10-18T07:00:00Z,2024-10-25T15:30:00Z,stop,5,835.7226332923611,15.992992156505585,15.288066521167757,15.295714378356934,1.0,1.0,582.7308208906373,-589.1223082398203,26.142288730278032,121.02900910712009,-494.2355878629782,-0.8481370302459645,582.7308208906373,-589.1223082398203,26.142288730278032,121.02900910712009,-494.2355878629782,-0.8481370302459645,13.071000352310651,0.0
C0-000330,VRTX,VRTX|swing|2024-10-18T04:00:00Z,USD,2024-10-21T13:30:00Z,2024-11-01T20:00:00Z,stop,9,30.190195832847632,480.41009843444823,462.9726781681606,463.2042803083147,0.9219138932423712,0.9186954524575103,519.4470186923305,-526.4391326588897,28.48091077096831,0.0,-554.920043429858,-1.0682899765732186,478.8854233357892,-530.3164561646798,26.211962426131993,0.0,-556.5284185908118,-1.1621327179144065,13.105851910413257,-44.984905819986
C0-000331,NFLX,NFLX|swing|2024-10-21T04:00:00Z,USD,2024-10-22T13:30:00Z,2024-11-13T21:00:00Z,objetivo,16,188.37937071364541,76.56526392745971,83.11677925845555,73.2394289289202,0.9214042200313278,0.940822278671559,626.5187041222899,1234.1703352737968,30.08080280963187,0.0,1204.089532464165,1.9218732410407642,577.2769779068368,1441.2077475812762,28.020616643147548,0.0,1413.1871309381286,2.4480226737297572,14.010672126176129,304.0379924225211
C0-000332,SAP.DE,SAP.DE|swing|2024-10-21T22:00:00Z,EUR,2024-10-23T07:00:00Z,2024-12-02T16:30:00Z,objetivo,28,61.75592158569435,215.15752805328367,227.75106972231185,206.83999851771765,1.0,1.0,513.6567017851121,777.7257717986789,27.352228633859518,0.0,750.3735431648194,1.4608463990775256,513.6567017851121,777.7257717986789,27.352228633859518,0.0,750.3735431648194,1.4608463990775256,13.676312167448145,0.0
C0-000333,IQQT.DE,IQQT.DE|swing|2024-10-27T23:00:00Z,EUR,2024-10-29T08:00:00Z,2024-10-31T08:00:00Z,stop,2,153.76770893179489,86.56325664138794,84.77758969497681,84.98571450369698,1.0,1.0,242.57504025610424,-274.57791526487307,26.34668938757753,0.0,-300.9246046524506,-1.2405423259323898,242.57504025610424,-274.57791526487307,26.34668938757753,0.0,-300.9246046524506,-1.2405423259323898,13.173279342628787,0.0
C0-000334,AMZN,AMZN|swing|2024-11-01T04:00:00Z,USD,2024-11-04T14:30:00Z,2024-11-07T21:00:00Z,objetivo,3,71.92239221412085,196.5482219467163,212.12316937201368,188.39713178362166,0.9186954524575103,0.9272137227630969,586.2459036827547,1120.18747743655,29.39262409311616,0.0,1090.7948533434337,1.8606438808205545,538.5814457351903,1159.0693297915088,27.132828278509567,0.0,1131.9365015129993,2.1016997716433585,13.566707298261626,129.95818837069928
C0-000335,MRVL,MRVL|swing|2024-11-01T04:00:00Z,USD,2024-11-04T14:30:00Z,2024-11-08T21:00:00Z,objetivo,4,125.27791927769778,83.91193774795532,94.47273991285053,78.2699944632394,0.9186954524575103,0.9283327144448571,706.8109153919902,1323.0353211214776,22.347661248368574,0.0,1300.6876598731092,1.8402201091528998,649.3439737179515,1329.5268850865461,20.644755114068722,0.0,1308.8821299724775,2.0156992025015734,10.322712519432653,114.06035213158366
C0-000336,COIN,COIN|swing|2024-11-06T05:00:00Z,USD,2024-11-07T14:30:00Z,2024-11-11T21:00:00Z,objetivo,2,28.016069683894617,245.7528198852539,304.9838551717486,220.42571367536272,0.9350163627863488,0.9388789784996715,709.5659724677115,1659.4208120356561,15.42947706587341,0.0,1643.9913349697827,2.316897087458054,663.4557947337181,1584.5895347348371,14.45981744856163,0.0,1570.1297172862755,2.3665928156019143,7.230306679240108,33.00392273328918
C0-000337,CAT,CAT|swing|2024-11-06T05:00:00Z,USD,2024-11-07T14:30:00Z,2024-11-08T21:00:00Z,stop,1,34.18544990999047,415.12747343444823,397.4054938550677,397.6042960030692,0.9350163627863488,0.9283327144448571,599.0377043442841,-605.8338452167881,27.77680505349167,0.0,-633.6106502702797,-1.0577141399869643,560.1100554878767,-657.2651667339213,25.8809666226148,0.0,-683.1461333565361,-1.2196641118351115,12.940322230095074,-90.8006083264527
C0-000338,GS,GS|swing|2024-11-06T05:00:00Z,USD,2024-11-07T14:30:00Z,2024-12-18T21:00:00Z,stop,28,24.041063280824382,590.295,567.3533143506731,567.6371329171317,0.9350163627863488,0.9527439024390243,544.719216347744,-551.5425164642465,27.83109638224421,72.12318984247315,-507.25042300401765,-0.9312144822153536,509.32138040929783,-273.90159123497233,26.264330198113747,68.64299023743519,-231.52293119565087,-0.4545713965700709,13.132099906682422,241.79968643145554
C0-000339,SXR8.DE,SXR8.DE|swing|2024-11-13T23:00:00Z,EUR,2024-11-15T08:00:00Z,2024-11-19T16:30:00Z,stop,2,23.012554076262383,594.357027557373,584.6104503348215,584.9029017857143,1.0,1.0,217.5635805640819,-224.29363539243445,27.1310528391488,0.0,-251.42468823158325,-1.1556377569247065,217.5635805640819,-224.29363539243445,27.1310528391488,0.0,-251.42468823158325,-1.1556377569247065,13.565473737533228,0.0
C0-000340,PLTR,PLTR|swing|2024-11-15T05:00:00Z,USD,2024-11-18T14:30:00Z,2024-11-18T21:00:00Z,stop,0,124.09441306763686,64.95245816802978,59.11999350111826,59.149568285260884,0.9449116507606539,0.9476876421531464,720.1062140983341,-723.7762795781151,15.396698067745668,0.0,-739.1729776458608,-1.0264777100575375,680.4367514866617,-663.5386868242274,14.568885339750263,0.0,-678.1075721639777,-0.9965769348619177,7.284278606271643,20.365952293334512
C0-000341,SAP.DE,SAP.DE|swing|2024-12-01T23:00:00Z,EUR,2024-12-03T08:00:00Z,2025-01-07T16:30:00Z,objetivo,20,59.1779292834264,230.1650280532837,243.47463406099592,222.6857169015067,1.0,1.0,442.6101464286008,787.6349231146617,28.029014430424816,0.0,759.6059086842369,1.716196329463884,442.6101464286008,787.6349231146617,28.029014430424816,0.0,759.6059086842369,1.716196329463884,14.014707627619547,0.0
C0-000342,RRU.DE,RRU.DE|swing|2024-12-03T23:00:00Z,EUR,2024-12-05T08:00:00Z,2025-01-06T16:30:00Z,stop,17,1904.7139068428812,7.183589828252792,6.830582702057703,6.833999701908657,1.0,1.0,665.8691753426342,-672.3775824784258,26.692989311377893,0.0,-699.0705717898037,-1.0498617411296824,665.8691753426342,-672.3775824784258,26.692989311377893,0.0,-699.0705717898037,-1.0498617411296824,13.346329897874117,0.0
C0-000343,MRVL,MRVL|swing|2024-12-04T05:00:00Z,USD,2024-12-05T14:30:00Z,2024-12-09T21:00:00Z,stop,2,89.3990467804639,116.65829847335814,108.5756898803711,108.6300048828125,0.9531071292413268,0.9462528387585163,717.7217942684886,-722.5775037126282,20.1357038613855,0.0,-742.7132075740137,-1.0348204743190177,684.0657589291733,-755.2253738354046,19.124951298961136,0.0,-774.3503251343658,-1.1319822912149888,9.562289233707931,-66.53160361749741
C0-000344,CRM,CRM|swing|2024-12-04T05:00:00Z,USD,2024-12-05T14:30:00Z,2024-12-18T21:00:00Z,stop,9,39.76734381835682,360.9603887786865,345.9555019138881,346.1285661969866,0.9531071292413268,0.9527439024390243,589.8221880593285,-596.7044949079833,28.112167275831563,15.906937527342729,-608.9097246564721,-1.0323615099322505,562.1637324240645,-573.720484927038,26.7889098722399,15.155237735654275,-585.3541570636236,-1.0412520824485803,13.394314854575368,-4.997176779894114
C0-000345,NOW,NOW|swing|2024-12-04T05:00:00Z,USD,2024-12-05T14:30:00Z,2024-12-18T21:00:00Z,stop,9,64.33172800371203,223.13151427459715,214.0372258595058,214.14429800851005,0.9531071292413268,0.9527439024390243,578.1631523404519,-585.0512887069656,28.123820482032578,0.0,-613.1751091889981,-1.0605572262895255,551.0514223603241,-562.6179637751529,26.800012393391782,0.0,-589.4179761685447,-1.0696242714407391,13.399868892170156,-5.001409536719081
C0-000346,IQQT.DE,IQQT.DE|swing|2024-12-08T23:00:00Z,EUR,2024-12-10T08:00:00Z,2025-01-27T16:30:00Z,stop,29,153.54495823137916,87.93394438934325,86.14547818865096,86.18857247488839,1.0,1.0,267.9930577031944,-274.6099680835323,26.729017668680722,0.0,-301.33898575221303,-1.1244283278634393,267.9930577031944,-274.6099680835323,26.729017668680722,0.0,-301.33898575221303,-1.1244283278634393,13.364443522956286,0.0
C0-000347,PLTR,PLTR|swing|2024-12-09T05:00:00Z,USD,2024-12-10T14:30:00Z,2024-12-24T18:00:00Z,objetivo,10,101.57348051047336,72.02599286270141,83.60389149393355,65.0028555733817,0.9462528387585163,0.962000962000962,713.3644985790953,1176.007460971693,15.807869025545884,0.0,1160.1995919461472,1.6263769703385489,675.0231818500145,1246.5324883677367,15.09197303016769,0.0,1231.440515337569,1.824293666422832,7.546300034780024,133.73209002207705
C0-000348,6758.T,6758.T|swing|2024-12-09T15:00:00Z,JPY,2024-12-11T00:00:00Z,2025-01-10T06:30:00Z,stop,18,648.6466002808032,3311.6549999999997,3197.4005,3199.0,0.006260172780768749,0.006151574803149606,73073.28275463372,-74110.79299178274,4222.076721114064,0.0,-78332.8697128968,-1.071976880742087,457.4513757019764,-689.176724561941,26.205699412322033,0.0,-715.382423974263,-1.563843638849007,13.102680687648245,-225.23035551359553
C0-000349,ITX.MC,ITX.MC|swing|2024-12-10T23:00:00Z,EUR,2024-12-12T08:00:00Z,2024-12-12T16:30:00Z,stop,0,268.13482912159054,50.72535076332092,49.68657258752415,49.71142830167498,1.0,1.0,271.8679259959766,-278.53260866250486,26.92393390944909,0.0,-305.45654257195395,-1.1235475514550932,271.8679259959766,-278.53260866250486,26.92393390944909,0.0,-305.45654257195395,-1.1235475514550932,13.461900687044675,0.0
C0-000350,GOOGL,GOOGL|swing|2024-12-11T05:00:00Z,USD,2024-12-12T14:30:00Z,2024-12-20T14:30:00Z,stop,6,73.24228503036376,195.0975,185.68710877990725,185.92142377580916,0.9517464547444561,0.962000962000962,672.0767902725294,-689.2385559892657,27.889534851433524,0.0,-717.1280908406992,-1.0670329659054307,639.6467024579132,-516.5175342655999,26.683228737194177,0.0,-543.2007630027941,-0.849219984900235,13.341488574583888,139.46281787037177
C0-000351,ITX.MC,ITX.MC|swing|2024-12-11T23:00:00Z,EUR,2024-12-13T08:00:00Z,2024-12-20T08:00:00Z,stop,5,272.60478709283456,49.74486122131347,49.10543606758118,49.131964342934744,1.0,1.0,167.07862304029584,-174.31035789499396,26.947064246502528,0.0,-201.25742214149648,-1.2045671581394193,167.07862304029584,-174.31035789499396,26.947064246502528,0.0,-201.25742214149648,-1.2045671581394193,13.473491914032135,0.0
C0-000352,6857.T,6857.T|swing|2025-01-06T15:00:00Z,JPY,2025-01-08T00:00:00Z,2025-01-28T00:00:00Z,stop,13,136.0549088568001,9652.823999999999,8430.782500000001,8845.857142857143,0.006102770657878676,0.0061648480364959,109791.80219902964,-166264.74490172695,2460.363434159738,0.0,-168725.1083358867,-1.536773283218571,670.0341889358576,-943.4697901667702,15.086239590166835,0.0,-958.556029756937,-1.4306076400061125,7.542885813355278,71.20581645917262
C0-000353,8035.T,8035.T|swing|2025-01-06T15:00:00Z,JPY,2025-01-08T00:00:00Z,2025-01-15T06:30:00Z,stop,4,81.92380271158163,26803.394999999997,25714.993214285714,25727.85714285714,0.006102770657878676,0.006186970240673143,88112.15121740857,-89166.01316379003,4302.506074797397,0.0,-93468.51923858743,-1.0607903444323192,537.7282510521699,-366.77899113562097,26.434588566298693,0.0,-393.2135797019197,-0.7312496208494177,13.217205892700687,177.38073768038052
C0-000354,1810.HK,1810.HK|swing|2025-01-06T16:00:00Z,HKD,2025-01-08T01:30:00Z,2025-02-03T01:30:00Z,objetivo,15,2227.1993404275404,33.71685076332092,38.88055152511597,31.285717282976425,0.12372562605166783,0.12347203358439313,5414.618883914572,11500.59093083512,161.68888649355944,0.0,11338.902044341561,2.094127451523227,669.9271112435133,1400.9580394386737,19.983098933569668,0.0,1380.974940505104,2.0613808835736616,9.991902204268914,-21.95977344303426
C0-000355,EXV1.DE,EXV1.DE|swing|2025-01-08T23:00:00Z,EUR,2025-01-10T08:00:00Z,2025-01-22T16:30:00Z,objetivo,8,627.5132811375255,21.390689160346984,22.320976486137933,20.778570992606028,1.0,1.0,384.1122798830175,583.7676522077329,27.429650733812206,136.07060739514216,692.4086088690628,1.8026203408022725,384.1122798830175,583.7676522077329,27.429650733812206,136.07060739514216,692.4086088690628,1.8026203408022725,13.714974737562255,0.0
C0-000356,VVSM.DE,VVSM.DE|swing|2025-01-15T23:00:00Z,EUR,2025-01-17T08:00:00Z,2025-01-27T08:00:00Z,stop,6,319.1368759896624,41.770875,39.88005152511597,40.30785860334124,1.0,1.0,466.90248235132907,-603.4314968224073,26.057821612886972,0.0,-629.4893184352943,-1.3482243985193119,466.90248235132907,-603.4314968224073,26.057821612886972,0.0,-629.4893184352943,-1.3482243985193119,13.028763205759066,0.0
C0-000357,MC.PA,MC.PA|swing|2025-01-15T23:00:00Z,EUR,2025-01-17T08:00:00Z,2025-01-27T16:30:00Z,objetivo,6,18.857583396582818,691.4455255737304,754.2227104579381,656.0999930245536,1.0,1.0,666.5313277427344,1183.8259993566453,27.261809324757962,0.0,1156.5641900318874,1.7351985449036451,666.5313277427344,1183.8259993566453,27.261809324757962,0.0,1156.5641900318874,1.7351985449036451,13.631204026676876,0.0
C0-000358,SXR8.DE,SXR8.DE|swing|2025-01-21T23:00:00Z,EUR,2025-01-23T08:00:00Z,2025-01-27T16:30:00Z,stop,2,21.84468733606636,620.5501102294921,608.3385269993374,608.6428484235491,1.0,1.0,260.1104111795096,-266.75821754108074,26.844688051108463,0.0,-293.6029055921892,-1.1287626060825589,260.1104111795096,-266.75821754108074,26.844688051108463,0.0,-293.6029055921892,-1.1287626060825589,13.422280691567378,0.0
C0-000359,ORCL,ORCL|swing|2025-01-22T05:00:00Z,USD,2025-01-23T14:30:00Z,2025-01-27T14:30:00Z,stop,2,77.7630650241718,181.73081938934325,168.81554389953615,173.72428458077567,0.9575792396820837,0.9549274255156609,622.6126869369356,-1004.3314077189618,27.25955964242008,0.0,-1031.590967361382,-1.656874312080749,596.20098337349,-996.5388988800822,26.06837640336931,0.0,-1022.6072752834515,-1.7152056165644387,13.033942325443437,-34.81199308772208
C0-000360,ARM,ARM|swing|2025-01-22T05:00:00Z,USD,2025-01-23T14:30:00Z,2025-01-23T21:00:00Z,stop,0,82.89737152487997,170.47519438934324,162.58137638364522,162.66270773751395,0.9575792396820837,0.9611687812379854,647.6346085098581,-654.3767639681361,27.609514286170906,0.0,-681.986278254307,-1.0530417449794547,620.1614560086739,-578.2393109657329,26.48667599128366,0.0,-604.7259869570165,-0.9751105637054595,13.243196746610028,48.37829314049659
C0-000361,RRU.DE,RRU.DE|swing|2025-01-23T23:00:00Z,EUR,2025-01-27T08:00:00Z,2025-01-27T16:30:00Z,stop,0,1881.959249159715,7.1035499045848844,6.936530125277383,6.940000125340053,1.0,1.0,307.7940197478394,-314.3244184603659,26.4228584711419,0.0,-340.7472769315078,-1.1070626947549709,307.7940197478394,-314.3244184603659,26.4228584711419,0.0,-340.7472769315078,-1.1070626947549709,13.211353957304315,0.0
C0-000362,ADYEN.AS,ADYEN.AS|swing|2025-01-23T23:00:00Z,EUR,2025-01-27T08:00:00Z,2025-02-13T08:00:00Z,objetivo,13,8.956904445775242,1492.545948852539,1731.134,1447.0000174386162,1.0,1.0,407.95055556833887,2137.010376031545,28.874193265633814,0.0,2108.136182765911,5.167626698850668,407.95055556833887,2137.010376031545,28.874193265633814,0.0,2108.136182765911,5.167626698850668,14.437634494818072,0.0
C0-000363,EUNN.DE,EUNN.DE|swing|2025-01-23T23:00:00Z,EUR,2025-01-27T08:00:00Z,2025-01-31T16:30:00Z,objetivo,4,255.35891210881414,52.35216321372985,53.92388037218367,52.009428296770366,1.0,1.0,87.52041553647915,401.35198372552287,27.13853487332779,0.0,374.2134488521951,4.275727515212953,87.52041553647915,401.35198372552287,27.13853487332779,0.0,374.2134488521951,4.275727515212953,13.569371167000874,0.0
C0-000364,META,META|swing|2025-01-24T05:00:00Z,USD,2025-01-27T14:30:00Z,2025-01-30T21:00:00Z,objetivo,3,22.149850256322008,626.9232903442382,704.5832141832625,609.1928623744419,0.9549274255156609,0.9612611746611555,392.726324511492,1720.155683951759,29.492669690602884,0.0,1690.6630142611561,4.304939365508929,375.02513799798703,1741.4709417844622,28.262206242253455,0.0,1713.2087355422086,4.568250396994466,14.131542021745389,98.8471030222782
C0-000365,MA,MA|swing|2025-01-27T05:00:00Z,USD,2025-01-28T14:30:00Z,2025-01-30T21:00:00Z,objetivo,2,25.42342041674071,546.8132480163574,571.2878128792898,531.6842912946429,0.9496676163342831,0.9612611746611555,384.62982720282383,622.2271520271211,28.42595333955385,0.0,593.8011986875672,1.5438251448305975,365.2704911707729,759.294863693397,27.16359323741299,0.0,732.131270455984,2.0043537273140815,13.581989837919973,168.38588740933
C0-000366,DTE.DE,DTE.DE|swing|2025-01-27T23:00:00Z,EUR,2025-01-29T08:00:00Z,2025-01-31T08:00:00Z,objetivo,2,434.8352556725916,30.65531938934326,32.37380438995361,29.702857426234655,1.0,1.0,414.1640412467483,747.2578646099169,27.407285153389978,0.0,719.8505794565269,1.7380808273204444,414.1640412467483,747.2578646099169,27.407285153389978,0.0,719.8505794565269,1.7380808273204444,13.70383281711837,0.0
C0-000367,CRM,CRM|swing|2025-01-28T05:00:00Z,USD,2025-01-29T14:30:00Z,2025-02-03T14:30:00Z,stop,3,36.006476427537535,358.9393897705078,335.8020162200928,339.6514456612723,0.9596008060646771,0.9621860867891852,694.4909049048483,-833.0952953381468,25.015190058034847,0.0,-858.1104853961816,-1.2355964337844723,666.4340321512794,-768.1801652010629,24.03585529528545,0.0,-792.2160204963484,-1.1887388432716124,12.017738607033463,31.258751734113208
C0-000368,CRWD,CRWD|swing|2025-01-28T05:00:00Z,USD,2025-01-29T14:30:00Z,2025-02-25T21:00:00Z,stop,18,99.00774039458918,101.13804527664185,94.07647229930333,94.12353406633649,0.9596008060646771,0.9526531389920929,694.4909049048484,-699.1503841177778,19.327748277414145,0.0,-718.4781323951919,-1.0345392968013454,666.4340321512796,-735.6179202556817,18.482210178325957,0.0,-754.1001304340077,-1.1315450503026354,9.240923494912806,-64.71264809583336
C0-000369,NOW,NOW|swing|2025-01-28T05:00:00Z,USD,2025-01-29T14:30:00Z,2025-01-30T14:30:00Z,stop,1,59.79307720247627,232.29809783935545,205.32128397369385,221.57571847098214,0.9596008060646771,0.9619084263178145,641.1240573673841,-1613.0267141463362,26.166609482047598,0.0,-1639.1933236283837,-2.556749048474833,615.2231622371982,-1519.5315626575348,25.137829723393644,0.0,-1544.6693923809285,-2.5107464854929895,12.56853812093933,28.330172441146644
C0-000370,6758.T,6758.T|swing|2025-01-28T15:00:00Z,JPY,2025-01-30T00:00:00Z,2025-02-12T00:00:00Z,stop,8,629.2396739306467,3422.7104999999997,3287.3555,3304.0,0.006191950464396285,0.006358087487283825,74697.35631214383,-85170.73606488241,4222.23974189312,0.0,-89392.97580677553,-1.1967354699036727,462.5223301061538,-183.71281467561454,26.48755949466186,0.0,-210.2003741702764,-0.4544653533204185,13.24373713005983,343.66016405430946
C0-000371,MA,MA|swing|2025-01-30T05:00:00Z,USD,2025-01-31T14:30:00Z,2025-03-06T21:00:00Z,stop,23,24.620325910276932,564.1019173278809,546.9963670915877,547.270002092634,0.9612611746611555,0.9262689885142646,414.4072387859349,-421.1442216921531,27.355601880756893,0.0,-448.49982357291003,-1.0822683138616358,398.35358914345375,-876.0773673313279,25.82463021937351,0.0,-901.9019975507014,-2.2640739838443165,12.912099318368984,-471.24777808577113
C0-000372,SXR8.DE,SXR8.DE|swing|2025-02-02T23:00:00Z,EUR,2025-02-04T08:00:00Z,2025-02-25T16:30:00Z,stop,15,21.72120236469526,616.6081377868652,601.4448285304478,601.7457013811384,1.0,1.0,322.82998880120675,-329.365308877099,26.457574972295696,0.0,-355.82288384939466,-1.1021989783870556,322.82998880120675,-329.365308877099,26.457574972295696,0.0,-355.82288384939466,-1.1021989783870556,13.228708451996631,0.0
C0-000373,EUNL.DE,EUNL.DE|swing|2025-02-02T23:00:00Z,EUR,2025-02-04T08:00:00Z,2025-02-28T16:30:00Z,stop,18,125.19781501180157,106.97846555328368,104.78401301520212,104.83643123081752,1.0,1.0,268.1780168530479,-274.740662914914,26.51219961825788,0.0,-301.2528625331719,-1.1233316812028178,268.1780168530479,-274.740662914914,26.51219961825788,0.0,-301.2528625331719,-1.1233316812028178,13.256034437970264,0.0
C0-000374,RACE.MI,RACE.MI|swing|2025-02-03T23:00:00Z,EUR,2025-02-05T08:00:00Z,2025-02-14T16:30:00Z,objetivo,7,30.426769452567267,441.6206938934326,481.60908327920095,426.60001482282365,1.0,1.0,457.03073910242045,1216.7175046202617,28.090899581776775,0.0,1188.626605038485,2.600758555918739,457.03073910242045,1216.7175046202617,28.090899581776775,0.0,1188.626605038485,2.600758555918739,14.045757481703053,0.0
C0-000375,IFX.DE,IFX.DE|swing|2025-02-03T23:00:00Z,EUR,2025-02-05T08:00:00Z,2025-02-19T16:30:00Z,objetivo,10,297.00312363421483,34.23711122131348,38.25586211872101,31.974998474121094,1.0,1.0,671.8545519289127,1193.5815696378422,21.530639523522105,0.0,1172.0509301143202,1.744500988717469,671.8545519289127,1193.5815696378422,21.530639523522105,0.0,1172.0509301143202,1.744500988717469,10.765620848557507,0.0
C0-000376,PLTR,PLTR|swing|2025-02-04T05:00:00Z,USD,2025-02-05T14:30:00Z,2025-02-14T21:00:00Z,objetivo,7,79.41789306406672,101.83088877868651,119.88110546820505,93.08928571428571,0.9675858732462506,0.954380606986066,694.2396973771012,1433.5101788314155,17.60789945012061,0.0,1415.9022793812949,2.039500600053121,671.7365238288352,1261.3207561322067,16.911431323417347,0.0,1244.4093248087893,1.85252592447374,8.456033105904945,-125.72344205977706
C0-000377,QCOM,QCOM|swing|2025-02-05T05:00:00Z,USD,2025-02-06T14:30:00Z,2025-02-06T21:00:00Z,stop,0,83.74511117978656,167.92391633605956,166.84796564592634,166.93143136160714,0.9595087315294569,0.9652509652509652,83.11576452978585,-90.10561016917508,28.035508476447795,0.0,-118.14111864562287,-1.421404462967854,79.75030179407585,-6.222602367173954,26.980549693369703,0.0,-33.20315206054366,-0.4163388891778477,13.490276663602684,80.23451734993965
C0-000378,ICGA.DE,ICGA.DE|swing|2025-02-09T23:00:00Z,EUR,2025-02-11T08:00:00Z,2025-02-20T16:30:00Z,objetivo,7,2819.475559470518,4.849423622131347,5.199970276577132,4.728285993848528,1.0,1.0,341.5445822756319,988.3577246640484,28.334020484900698,0.0,960.0237041791477,2.8108298418400715,341.5445822756319,988.3577246640484,28.334020484900698,0.0,960.0237041791477,2.8108298418400715,14.167260873693657,0.0
C0-000379,SIE.DE,SIE.DE|swing|2025-02-10T23:00:00Z,EUR,2025-02-12T08:00:00Z,2025-03-05T08:00:00Z,objetivo,15,63.902029667977494,213.5567219467163,229.88500000000002,205.46857125418526,1.0,1.0,516.8492455131907,1043.4101085879224,28.33682607185809,332.290554273483,1347.3638367895473,2.6068797594000954,516.8492455131907,1043.4101085879224,28.33682607185809,332.290554273483,1347.3638367895473,2.6068797594000954,14.1686774306234,0.0
C0-000380,1810.HK,1810.HK|swing|2025-02-11T16:00:00Z,HKD,2025-02-13T01:30:00Z,2025-02-19T08:00:00Z,objetivo,4,1710.7991134143087,43.92195152664184,49.196815841811045,40.68571308680943,0.1238098775520311,0.12309964916599987,5536.553853662597,9024.233193772248,159.30750465618246,0.0,8864.925689116066,1.6011630923180942,685.4800546821921,1057.5122174764142,19.664065655356072,0.0,1037.848151821058,1.5140457329604342,9.832299663805314,-59.77698924550256
C0-000381,R6C0.DE,R6C0.DE|swing|2025-02-11T23:00:00Z,EUR,2025-02-13T08:00:00Z,2025-03-04T16:30:00Z,stop,13,433.6995105026723,31.92095318698883,31.37216105733599,31.387854984828405,1.0,1.0,231.20442932683065,-238.01087799815508,27.450192665953388,0.0,-265.4610706641085,-1.1481660253526227,231.20442932683065,-238.01087799815508,27.450192665953388,0.0,-265.4610706641085,-1.1481660253526227,13.725040261516467,0.0
C0-000382,6758.T,6758.T|swing|2025-02-13T15:00:00Z,JPY,2025-02-17T00:00:00Z,2025-03-10T06:30:00Z,stop,14,492.44973413521444,3703.8509999999997,3472.834142857143,3474.5714285714284,0.006246486351427322,0.006236357966947303,112908.6639926358,-113764.18988075259,3534.1566905721434,0.0,-117298.34657132473,-1.0388781730600871,705.282428587893,-727.9479845310944,22.05874000630466,0.0,-750.0067245373991,-1.0634133137827528,11.029190773452065,-17.321525159787818
C0-000383,6501.T,6501.T|swing|2025-02-13T15:00:00Z,JPY,2025-02-17T00:00:00Z,2025-02-25T00:00:00Z,stop,5,394.77912968368446,4297.1475,3868.065,4011.1428571428573,0.006246486351427322,0.006377144314775843,112908.66399263579,-169392.81591249953,3223.4554844323416,0.0,-172616.27139693187,-1.5288133371960753,705.282428587893,-858.5911085234942,20.334789492043946,0.0,-878.9258980155381,-1.2462041621755864,10.167182640040453,199.51880410377575
C0-000384,INTC,INTC|swing|2025-02-18T05:00:00Z,USD,2025-02-19T14:30:00Z,2025-02-20T21:00:00Z,stop,1,576.7855485766811,25.992989542007447,24.72620188140869,24.738571166992188,0.9572125969177755,0.9575792396820837,723.5303905778451,-730.6648157486235,29.25409664852078,0.0,-759.9189123971443,-1.05029301089929,692.5724041139515,-694.1726108118248,28.007618778361525,0.0,-722.1802295901864,-1.0427505128710894,14.003639346938037,5.228954947362051
C0-000385,EUNN.DE,EUNN.DE|swing|2025-02-20T23:00:00Z,EUR,2025-02-24T08:00:00Z,2025-03-04T16:30:00Z,stop,6,263.28628168331755,53.492732603073115,52.87983282416208,52.90628596714565,1.0,1.0,154.40335417903273,-161.36810383401402,28.006437224452174,0.0,-189.3745410584662,-1.2264924040373109,154.40335417903273,-161.36810383401402,28.006437224452174,0.0,-189.3745410584662,-1.2264924040373109,14.003181770993507,0.0
C0-000386,ICGA.DE,ICGA.DE|swing|2025-02-20T23:00:00Z,EUR,2025-02-24T08:00:00Z,2025-02-24T16:30:00Z,stop,0,2689.503950708127,5.236617206096649,5.116583505766733,5.119143077305385,1.0,1.0,315.9471334900985,-322.8311112554248,27.84497421703076,0.0,-350.67608547245555,-1.1099201363175064,315.9471334900985,-322.8311112554248,27.84497421703076,0.0,-350.67608547245555,-1.1099201363175064,13.92240988133917,0.0
C0-000387,LLY,LLY|swing|2025-02-25T05:00:00Z,USD,2025-02-26T14:30:00Z,2025-03-10T13:30:00Z,stop,8,16.10088109738921,898.819180114746,853.483018157959,854.6142665318081,0.9526531389920929,0.9210647508519848,711.7380575192489,-729.9521530782077,28.213609341082552,0.0,-758.1657624192903,-1.065231449139961,678.0394946358472,-1129.473425326168,26.44370128569675,0.0,-1155.9171266118647,-1.7047932100661334,13.221571579883419,-434.0822153821768
C0-000388,ALV.DE,ALV.DE|swing|2025-02-25T23:00:00Z,EUR,2025-02-27T08:00:00Z,2025-03-14T16:30:00Z,objetivo,11,41.97354927469631,331.1655,350.7459696001326,323.885733468192,1.0,1.0,305.55763923112966,821.8618055828578,28.62224467024174,0.0,793.2395609126161,2.5960390416310113,305.55763923112966,821.8618055828578,28.62224467024174,0.0,793.2395609126161,2.5960390416310113,14.3113313784041,0.0
C0-000389,ICGA.DE,ICGA.DE|swing|2025-02-25T23:00:00Z,EUR,2025-02-27T08:00:00Z,2025-03-04T16:30:00Z,stop,3,2640.7991630672227,5.263630656480789,5.026128605433873,5.028642926897321,1.0,1.0,620.5553996150884,-627.195217631445,27.173187647027444,0.0,-654.3684052784724,-1.0544882949763346,620.5553996150884,-627.195217631445,27.173187647027444,0.0,-654.3684052784724,-1.0544882949763346,13.58644042131799,0.0
C0-000390,MUV2.DE,MUV2.DE|swing|2025-02-25T23:00:00Z,EUR,2025-02-27T08:00:00Z,2025-03-18T16:30:00Z,objetivo,13,25.26963462784958,550.0748877868652,587.2776624657766,528.2857012067523,1.0,1.0,550.6047837174984,940.100523278305,28.74048338793719,0.0,911.3600398903678,1.655198187231813,550.6047837174984,940.100523278305,28.74048338793719,0.0,911.3600398903678,1.655198187231813,14.370480311720419,0.0
C0-000391,1810.HK,1810.HK|swing|2025-03-02T16:00:00Z,HKD,2025-03-04T01:30:00Z,2025-04-03T01:30:00Z,stop,22,1158.8432899388629,49.074524236679075,43.77809923744202,44.17857197352818,0.12287125549848868,0.11895274007636765,5673.641428013406,-6137.726571030307,107.60163966620499,0.0,-6245.3282106965125,-1.1007618810488133,697.1274455082454,-952.9441238150221,13.022354605356492,0.0,-965.9664784203785,-1.385638285573643,6.510940694381554,-198.79395412609495
C0-000392,0700.HK,0700.HK|swing|2025-03-05T16:00:00Z,HKD,2025-03-07T01:30:00Z,2025-03-31T08:00:00Z,stop,16,141.98363054100597,539.2695,498.3221472146171,498.5714329310826,0.11915826600891302,0.11906462828023051,5778.459318446249,-5813.853809512039,147.321029090554,0.0,-5961.174838602593,-1.0316201101516924,688.5511925891004,-699.393944013565,17.54789316783625,0.0,-716.9418371814013,-1.041232438339909,8.773773928875169,-6.625205242797349
C0-000393,MBG.DE,MBG.DE|swing|2025-03-05T23:00:00Z,EUR,2025-03-07T08:00:00Z,2025-03-20T16:30:00Z,stop,9,210.39795045942415,61.600784694671624,58.31082960782732,58.339999607631135,1.0,1.0,686.0624992019739,-692.1998073755979,25.22915788552675,0.0,-717.4289652611246,-1.0457195460991326,686.0624992019739,-692.1998073755979,25.22915788552675,0.0,-717.4289652611246,-1.0457195460991326,12.614409046411776,0.0
C0-000394,DBK.DE,DBK.DE|swing|2025-03-05T23:00:00Z,EUR,2025-03-07T08:00:00Z,2025-03-11T16:30:00Z,stop,2,544.5557522011446,22.011,20.740767202922278,20.751142774309432,1.0,1.0,686.0624992019739,-691.7125762832223,23.280720747115566,0.0,-714.9932970303379,-1.0421693327678108,686.0624992019739,-691.7125762832223,23.280720747115566,0.0,-714.9932970303379,-1.0421693327678108,11.640190355460646,0.0
C0-000395,SIE.DE,SIE.DE|swing|2025-03-05T23:00:00Z,EUR,2025-03-07T08:00:00Z,2025-03-10T16:30:00Z,stop,1,57.49064184530765,238.66927805328368,228.07162404305598,228.1857169015067,1.0,1.0,602.7066594401906,-609.265931102489,26.833234036976467,0.0,-636.0991651394655,-1.0554042421404315,602.7066594401906,-609.265931102489,26.833234036976467,0.0,-636.0991651394655,-1.0554042421404315,13.416468056120388,0.0
C0-000396,RRU.DE,RRU.DE|swing|2025-03-18T23:00:00Z,EUR,2025-03-20T08:00:00Z,2025-03-31T07:00:00Z,stop,7,1022.3091883806591,9.844920152664184,9.105444656848908,9.18314334324428,1.0,1.0,676.5405129272034,-755.9725939542999,19.373132067930733,0.0,-775.3457260222307,-1.1460447840256076,676.5405129272034,-755.9725939542999,19.373132067930733,0.0,-775.3457260222307,-1.1460447840256076,9.686379462410219,0.0
C0-000397,IBE.MC,IBE.MC|swing|2025-03-20T23:00:00Z,EUR,2025-03-24T08:00:00Z,2025-03-31T15:30:00Z,objetivo,5,929.7943104639584,14.407199618339538,15.08352538902419,13.964285986764091,1.0,1.0,411.8185746657804,628.8438536027415,27.420308323303974,0.0,601.4235452794376,1.4604089817161232,411.8185746657804,628.8438536027415,27.420308323303974,0.0,601.4235452794376,1.4604089817161232,13.710314800192533,0.0
C0-000398,ENI.MI,ENI.MI|swing|2025-03-20T23:00:00Z,EUR,2025-03-24T08:00:00Z,2025-04-03T15:30:00Z,stop,8,941.1667281009651,14.233112832069397,13.843075245107924,13.850000245230538,1.0,1.0,360.57281984942574,-367.0903995569249,26.424374070144307,0.0,-393.51477362706925,-1.0913600581191893,360.57281984942574,-367.0903995569249,26.424374070144307,0.0,-393.51477362706925,-1.0913600581191893,13.212098565495236,0.0
C0-000399,7011.T,7011.T|swing|2025-05-08T15:00:00Z,JPY,2025-05-12T00:00:00Z,2025-05-22T06:30:00Z,objetivo,8,741.5025825931834,2672.3354999999997,3036.5166964285713,2527.1428571428573,0.0061214495592556315,0.0061440157286802655,107660.71965210077,270041.2976836613,4233.128647294553,0.0,265808.16903636674,2.4689428966786595,659.0396648634963,1703.8538306496146,25.963693140216776,0.0,1677.8901375093978,2.545962294783776,12.98227577913375,50.80964796314897
C0-000400,UBER,UBER|swing|2025-05-12T04:00:00Z,USD,2025-05-13T13:30:00Z,2025-07-11T20:00:00Z,tiempo,40,119.70081012603397,87.45370866394042,95.34230438995363,81.3384279523577,0.9004141905276427,0.8559445347941455,732.0040553245602,944.27129916055,21.880830850360198,0.0,922.3904683101898,1.260089287211961,659.1068389380157,342.72306013658493,19.194298380863803,0.0,323.5287617557211,0.4908593609451937,9.597237270503756,-507.51221733554803
C0-000401,6758.T,6758.T|swing|2025-05-13T15:00:00Z,JPY,2025-05-15T00:00:00Z,2025-06-23T06:30:00Z,stop,27,601.352083753655,3599.799,3524.6653571428574,3526.4285714285716,0.006097189195780745,0.005964096141229797,44121.46010732719,-45181.77269214563,4284.311486796501,0.0,-49466.084178942125,-1.1211343427577856,269.01688986846654,-557.5811774486901,25.840158347511057,0.0,-583.4213357962012,-2.168716380898835,12.919943008446474,-282.0993611439176
C0-000402,COIN,COIN|swing|2025-05-16T04:00:00Z,USD,2025-05-19T13:30:00Z,2025-06-13T20:00:00Z,stop,18,32.58644429780734,259.90988877868654,236.87720788792203,236.9957057407924,0.8933357155619082,0.8686587908269632,746.691749194099,-750.5531728760693,16.18852505339587,0.0,-766.7416979294652,-1.0268517078928567,667.0464080704833,-860.9767908363967,14.271306777389388,0.0,-875.2480976137862,-1.312124744282115,7.1354399283567815,-190.4808350778921
C0-000403,8035.T,8035.T|swing|2025-05-28T15:00:00Z,JPY,2025-05-30T00:00:00Z,2025-06-02T06:30:00Z,stop,1,93.16756345260535,23511.75,22822.86857142857,22834.285714285714,0.006117330397014743,0.006136475208640157,63117.69682615972,-64181.40420775002,4316.883515805837,0.0,-68498.28772355586,-1.0852469460699032,386.1118053842278,-351.91026447038786,26.4485113420237,0.0,-378.3587758124116,-0.9799202472866608,13.224170999488338,40.70859041277293
C0-000404,6501.T,6501.T|swing|2025-05-28T15:00:00Z,JPY,2025-05-30T00:00:00Z,2025-06-23T06:30:00Z,stop,16,547.3594352840565,4002.0,3902.0480000000002,3904.0,0.006117330397014743,0.005964096141229797,53641.22465783754,-54709.67027551189,4326.355249738077,0.0,-59036.02552524996,-1.1005719183673444,328.14109413248633,-661.9583446600409,26.138463261834048,0.0,-688.096807921875,-2.0969540853790694,13.06906940859746,-327.2812156729995
C0-000405,ADYEN.AS,ADYEN.AS|swing|2025-05-29T22:00:00Z,EUR,2025-06-02T07:00:00Z,2025-06-18T15:30:00Z,stop,12,7.962692942033086,1668.2337244262694,1606.0822644566128,1606.885707310268,1.0,1.0,488.49542289731033,-494.89299163743624,26.072372814663808,0.0,-520.9653644521001,-1.0664692851413173,488.49542289731033,-494.89299163743624,26.072372814663808,0.0,-520.9653644521001,-1.0664692851413173,13.036065943098855,0.0
C0-000406,EUNH.DE,EUNH.DE|swing|2025-05-29T22:00:00Z,EUR,2025-06-02T07:00:00Z,2025-07-08T15:30:00Z,stop,26,118.56047089863894,112.04099311065673,111.24149345779419,111.2971420288086,1.0,1.0,88.19133454237688,-94.78905532668068,26.472476750974565,0.0,-121.26153207765525,-1.374982391488676,88.19133454237688,-94.78905532668068,26.472476750974565,0.0,-121.26153207765525,-1.374982391488676,13.23621798727648,0.0
C0-000407,ORCL,ORCL|swing|2025-05-30T04:00:00Z,USD,2025-06-02T13:30:00Z,2025-06-09T20:00:00Z,objetivo,5,91.6840663214424,164.25208316802977,177.4840655724662,157.50142996651786,0.8819119851838787,0.8764241893076249,618.9273358404754,1213.1619523325078,31.331759725557937,0.0,1181.8301926069498,1.9094813303117042,545.8394354356428,980.6021222426459,27.54255447538263,0.0,953.0595677672633,1.746043810496418,13.771525831100881,-89.29994348846519
C0-000408,6857.T,6857.T|swing|2025-06-04T15:00:00Z,JPY,2025-06-06T00:00:00Z,2025-06-10T06:30:00Z,objetivo,2,222.98780906980235,7673.834999999999,8608.836285714286,7184.571428571428,0.006110228522546743,0.0060650169820475495,109099.81185052372,208493.88817887704,3630.8371958052103,0.0,204863.05098307182,1.877758059415832,666.6247821735533,1187.1542659305649,22.09845395813595,0.0,1165.055811972429,1.7476935198444379,11.049526530014674,-86.79103639668024
C0-000409,AMD,AMD|swing|2025-06-09T04:00:00Z,USD,2025-06-10T13:30:00Z,2025-06-23T20:00:00Z,objetivo,8,108.78788037318847,121.17055561065673,133.18123330143519,114.05143410818917,0.8764241893076249,0.8716875871687587,774.4741383726351,1306.6161678253297,27.670391984875142,0.0,1278.9457758404546,1.6513731220616885,678.767868862958,1076.5237362255373,24.182374583771384,0.0,1052.3413616417658,1.5503700306330082,12.091459445684702,-68.62627939701181
C0-000410,8035.T,8035.T|swing|2025-06-10T15:00:00Z,JPY,2025-06-12T00:00:00Z,2025-06-13T06:30:00Z,stop,1,91.03850128397323,24697.3425,23558.215,23570.0,0.006017933441656136,0.0060009601536245806,102631.5716337275,-103704.4603713591,4393.113633422594,0.0,-108097.5740047817,-1.0532584884363003,617.629967104336,-660.4892288074005,26.401062758879625,0.0,-686.8902915662802,-1.1121388665557481,13.200369557224283,-36.402688689696795
C0-000411,LMT,LMT|swing|2025-06-13T04:00:00Z,USD,2025-06-16T13:30:00Z,2025-06-20T20:00:00Z,stop,3,31.600775892849168,482.25101477050777,464.1778160901751,464.41002110072543,0.8686587908269632,0.8684324793747287,563.7892426645323,-571.12710116413,29.90788538255969,0.0,-601.0349865466897,-1.066063239706614,489.7404818142219,-499.4341992910001,25.97642793042045,0.0,-525.4106272214206,-1.0728347905304054,12.988092353681331,-3.3196221852576593
C0-000412,ORCL,ORCL|swing|2025-06-13T04:00:00Z,USD,2025-06-16T13:30:00Z,2025-07-03T17:00:00Z,objetivo,12,69.55397711079014,213.3065969467163,234.40559405844556,202.35143171037947,0.8686587908269632,0.8487523340689187,761.9753120930955,1467.5191621698443,31.14016348539473,0.0,1436.3789986844497,1.8850728834492185,661.8965532427862,950.2217086239648,26.72562504707505,0.0,923.4960835768898,1.3952272134557373,13.363053419726144,-324.55171230189075
C0-000413,6857.T,6857.T|swing|2025-06-15T15:00:00Z,JPY,2025-06-17T00:00:00Z,2025-06-26T00:00:00Z,objetivo,7,157.75977303778046,9294.644999999999,10424.785,8592.42857142857,0.005991970759182696,0.005914709883480216,110781.50439482926,178290.6299009174,3110.932801234399,0.0,175179.69709968302,1.581308162013546,663.7995349920863,941.2480996672467,18.51355423744352,0.0,922.7345454298032,1.3900801323110357,9.257014744999191,-127.06414133531548
C0-000414,IQQK.DE,IQQK.DE|swing|2025-06-17T22:00:00Z,EUR,2025-06-19T07:00:00Z,2025-06-24T07:00:00Z,objetivo,3,323.9419414620457,40.88043061065674,42.728625,39.762857164655415,1.0,1.0,362.0289118240973,598.7076786831166,27.08447979832429,0.0,571.6231988847923,1.5789435048285112,362.0289118240973,598.7076786831166,27.08447979832429,0.0,571.6231988847923,1.5789435048285112,13.542392961679688,0.0
C0-000415,IBE.MC,IBE.MC|swing|2025-06-19T22:00:00Z,EUR,2025-06-23T07:00:00Z,2025-07-04T07:00:00Z,stop,9,798.0183872856257,16.423208415985105,15.962015266895294,16.027143478393555,1.0,1.0,316.06710275719087,-368.0406130638297,25.84400397529647,326.3895203998209,-67.49509663930525,-0.21354673121788426,316.06710275719087,-368.0406130638297,25.84400397529647,326.3895203998209,-67.49509663930525,-0.21354673121788426,12.921913207971059,0.0
C0-000416,GS,GS|swing|2025-06-20T04:00:00Z,USD,2025-06-23T13:30:00Z,2025-06-26T20:00:00Z,objetivo,3,23.59373966109341,639.5796397705078,676.4915759364537,616.7799857003348,0.8684324793747287,0.8550662676357418,537.9291024946506,870.8906122862263,31.05104163884876,0.0,839.8395706473775,1.5612458347254585,467.15510420725195,542.972040898771,26.75239542480023,0.0,516.2196454739707,1.1050283745694693,13.37633679949294,-213.33765279313226
C0-000417,COIN,COIN|swing|2025-06-20T04:00:00Z,USD,2025-06-23T13:30:00Z,2025-06-25T13:30:00Z,objetivo,2,31.202314958461493,302.23102656555176,360.4197061004639,278.05000741141185,0.8684324793747287,0.8615490652192642,754.5037756640634,1815.6215058653108,20.67623686810029,0.0,1794.9452689972106,2.378974535173692,655.2355845975367,1499.334297787662,17.87850525934648,0.0,1481.4557925283157,2.2609513697859764,8.939629698154672,-77.41038815702822
C0-000418,IQQK.DE,IQQK.DE|swing|2025-06-23T22:00:00Z,EUR,2025-06-25T07:00:00Z,2025-07-04T15:30:00Z,stop,7,315.69414473877583,42.87142347335815,41.62560339627947,41.64642660958426,1.0,1.0,386.7243372167805,-393.2981037317484,26.675216630579612,0.0,-419.973320362328,-1.0859759263790776,386.7243372167805,-393.2981037317484,26.675216630579612,0.0,-419.973320362328,-1.0859759263790776,13.337513325139033,0.0
C0-000419,MU,MU|swing|2025-06-24T04:00:00Z,USD,2025-06-25T13:30:00Z,2025-07-01T20:00:00Z,stop,4,113.99540911918831,126.67330561065673,119.70297410202026,119.76285552978516,0.8615490652192642,0.8467400508044031,787.7595841666825,-794.5857920233826,28.085764803110187,0.0,-822.6715568264929,-1.044318055104009,678.6935333563216,-886.6523780411253,23.995186680400828,0.0,-910.6475647215261,-1.3417654949769886,11.997374676448388,-202.07773168687035
C0-000420,COIN,COIN|swing|2025-06-25T04:00:00Z,USD,2025-06-26T13:30:00Z,2025-07-17T20:00:00Z,objetivo,14,20.842684976367266,354.7072637786865,412.69496879359656,317.01571219308033,0.8622176237282291,0.8636324380343726,785.593135969286,1208.619468128282,15.994722983665023,0.0,1192.624745144617,1.5181201191035414,677.3522469126453,1054.2627733083855,13.803101810674088,0.0,1040.4596714977115,1.5360688271724214,6.901816196484253,12.169767507141838
C0-000421,IQQT.DE,IQQT.DE|swing|2025-06-26T22:00:00Z,EUR,2025-06-30T07:00:00Z,2025-07-17T07:00:00Z,objetivo,13,156.70307133623788,85.88291633605957,91.09442938995362,84.75714329310826,1.0,1.0,176.41209345801255,816.6601018540946,27.73289363220148,0.0,788.9272082218931,4.4720698720672685,176.41209345801255,816.6601018540946,27.73289363220148,0.0,788.9272082218931,4.4720698720672685,13.866654447788408,0.0
C0-000422,META,META|swing|2025-06-30T04:00:00Z,USD,2025-07-01T13:30:00Z,2025-07-16T20:00:00Z,stop,10,21.468132234796578,737.2484448852539,708.5841293334961,708.9385986328125,0.8532423208191127,0.8619203585588693,607.759522894172,-615.3693166850724,31.039324892704464,0.0,-646.4086415777768,-1.0635927817297808,518.56614581414,-393.0490265885552,26.6160757254503,0.0,-419.6651023140055,-0.8092797914046981,13.307942927453915,132.01011734068751
C0-000423,IFX.DE,IFX.DE|swing|2025-07-02T22:00:00Z,EUR,2025-07-04T07:00:00Z,2025-07-24T15:30:00Z,stop,14,370.4006156169286,36.61829847335815,34.87041323607309,34.887857164655415,1.0,1.0,640.9565260324573,-647.4177679181279,26.479462826834464,0.0,-673.8972307449624,-1.0513930405177543,640.9565260324573,-647.4177679181279,26.479462826834464,0.0,-673.8972307449624,-1.0513930405177543,13.239572868866262,0.0
C0-000424,CVX,CVX|swing|2025-07-08T04:00:00Z,USD,2025-07-09T13:30:00Z,2025-07-18T20:00:00Z,stop,7,104.17880362942351,153.01647244262693,147.1692418147496,147.24286324637276,0.8533879501621437,0.8583690987124464,601.487698689597,-609.1574913575839,31.272988577977472,0.0,-640.4304799355614,-1.0647441025490716,513.3023542324603,-443.47711399364044,26.764362166886247,0.0,-470.2414761605267,-0.9161101099247394,13.382073559679597,76.37054888192064
C0-000425,EXV1.DE,EXV1.DE|swing|2025-07-10T22:00:00Z,EUR,2025-07-14T07:00:00Z,2025-07-15T15:30:00Z,stop,1,488.99900834534145,28.008998339653015,27.262790008544922,27.27642822265625,1.0,1.0,358.2260607548489,-364.89513393088976,27.02784969174239,431.8780561825054,39.95507255987326,0.11153591806157401,358.2260607548489,-364.89513393088976,27.02784969174239,431.8780561825054,39.95507255987326,0.11153591806157401,13.513837000546907,0.0
C0-000426,VVSM.DE,VVSM.DE|swing|2025-07-14T22:00:00Z,EUR,2025-07-16T07:00:00Z,2025-07-16T15:30:00Z,stop,0,327.76141948516096,41.65581582069397,40.87598275375366,40.89643096923828,1.0,1.0,248.89705684864353,-255.59919298182115,27.050739453424338,0.0,-282.6499324352455,-1.1356097818670767,248.89705684864353,-255.59919298182115,27.050739453424338,0.0,-282.6499324352455,-1.1356097818670767,13.52530920824061,0.0
C0-000427,AMD,AMD|swing|2025-07-15T04:00:00Z,USD,2025-07-16T13:30:00Z,2025-07-28T20:00:00Z,objetivo,8,73.27677811496498,155.38765255737303,172.15672874232703,144.5214342389788,0.8572653236176596,0.8580744808649391,796.2414686657421,1228.783874797818,24.001396951301608,0.0,1204.7824778465165,1.513086827624495,682.5902003135379,1063.6013979175173,20.585772916566288,0.0,1043.0156250009509,1.5280260755602069,10.293154931919329,10.207591832805058
C0-000428,IS3N.DE,IS3N.DE|swing|2025-07-16T22:00:00Z,EUR,2025-07-18T07:00:00Z,2025-08-01T15:30:00Z,stop,10,397.98936821036267,34.604295301437375,34.123931064333235,34.14100156511579,1.0,1.0,184.38598141444464,-191.17985923592974,27.353103389531835,0.0,-218.53296262546158,-1.1851929357593878,184.38598141444464,-191.17985923592974,27.353103389531835,0.0,-218.53296262546158,-1.1851929357593878,13.676507318927206,0.0
C0-000429,IQQT.DE,IQQT.DE|swing|2025-07-16T22:00:00Z,EUR,2025-07-18T07:00:00Z,2025-07-22T15:30:00Z,stop,2,150.96796390452593,91.22559030532837,88.92265880639212,88.96714237758091,1.0,1.0,340.95328523642905,-347.668879406003,27.19661436936176,0.0,-374.86549377536477,-1.0994629176704362,340.95328523642905,-347.668879406003,27.19661436936176,0.0,-374.86549377536477,-1.0994629176704362,13.598223667016903,0.0
C0-000430,AIR.PA,AIR.PA|swing|2025-07-16T22:00:00Z,EUR,2025-07-18T07:00:00Z,2025-07-28T15:30:00Z,stop,6,74.34250768327958,185.2525836639404,178.7762810799735,178.86571393694197,1.0,1.0,474.81591175148736,-481.46457460780357,27.062818674159963,0.0,-508.52739328196355,-1.0709990560470526,474.81591175148736,-481.46457460780357,27.062818674159963,0.0,-508.52739328196355,-1.0709990560470526,13.531292353758253,0.0
C0-000431,RRU.DE,RRU.DE|swing|2025-07-16T22:00:00Z,EUR,2025-07-18T07:00:00Z,2025-07-28T15:30:00Z,stop,6,1172.5093069209986,11.745869771003722,11.342897355284009,11.348571641104561,1.0,1.0,465.835754929074,-472.4889078638012,27.071794340903963,0.0,-499.5607022047052,-1.0723966482151333,465.835754929074,-472.4889078638012,27.071794340903963,0.0,-499.5607022047052,-1.0723966482151333,13.535782432169146,0.0
C0-000432,TSM,TSM|swing|2025-07-17T04:00:00Z,USD,2025-07-18T13:30:00Z,2025-07-22T20:00:00Z,stop,2,64.94809845251979,245.43265255737305,233.78161900547573,233.89856828962053,0.8636324380343726,0.8547739123001966,749.1168405816502,-756.712474202238,31.124055689316457,0.0,-787.8365298915545,-1.0516871163647055,646.961603404137,-788.0263846611239,26.745239150807134,0.0,-814.771623811931,-1.259381730731504,13.372425911912995,-134.50494567482218
C0-000433,Q8Y0.DE,Q8Y0.DE|swing|2025-07-21T22:00:00Z,EUR,2025-07-23T07:00:00Z,2025-08-18T15:30:00Z,objetivo,18,774.3874861758969,17.372682320594787,17.970154388155258,17.010571888514928,1.0,1.0,280.4137872163902,462.6748924584686,27.36905047321416,0.0,435.30584198525446,1.552369611731455,280.4137872163902,462.6748924584686,27.36905047321416,0.0,435.30584198525446,1.552369611731455,13.684644326490222,0.0
C0-000434,7203.T,7203.T|swing|2025-07-22T15:00:00Z,JPY,2025-07-24T00:00:00Z,2025-07-30T06:30:00Z,stop,4,809.5445393443905,2851.4249999999997,2708.9305714285715,2710.285714285714,0.005829883985308692,0.005828185103158876,114258.53803696757,-115355.586536999,4501.355489663158,0.0,-119856.94202666216,-1.0489976861762687,666.1140210865013,-676.2353350401994,26.23865463289635,0.0,-702.4739896730957,-1.0545852022860702,13.119161537402817,-3.725648472258672
C0-000435,DBK.DE,DBK.DE|swing|2025-07-23T22:00:00Z,EUR,2025-07-25T07:00:00Z,2025-08-08T15:30:00Z,objetivo,10,465.0985734909838,28.749368110656736,30.900256679126194,27.42285646711077,1.0,1.0,616.9586731324096,1000.3752049332094,27.742955399000465,0.0,972.6322495342089,1.5764949775257733,616.9586731324096,1000.3752049332094,27.742955399000465,0.0,972.6322495342089,1.5764949775257733,13.871731261232387,0.0
C0-000436,AZN,AZN|swing|2025-07-30T04:00:00Z,USD,2025-07-31T13:30:00Z,2025-07-31T20:00:00Z,stop,0,103.46790288028977,149.25458267211914,146.58380426352363,146.6571328299386,0.8675284115554784,0.8736676568233444,268.75268800715986,-276.33984099533507,30.609777487718674,0.0,-306.94961848305377,-1.1421266918635482,233.15059252811648,-146.62045654280206,26.647963848752603,0.0,-173.26842039155466,-0.7431609695380019,13.323948600249649,93.11220676537597
C0-000437,OR.PA,OR.PA|swing|2025-07-30T22:00:00Z,EUR,2025-08-01T07:00:00Z,2025-08-05T15:30:00Z,stop,2,34.48758345319829,387.49363778686524,372.86347587149487,373.0500008719308,1.0,1.0,498.1261334714962,-504.55892999013884,26.222879411525675,0.0,-530.7818094016645,-1.065557042154338,498.1261334714962,-504.55892999013884,26.222879411525675,0.0,-530.7818094016645,-1.065557042154338,13.111316843859049,0.0
C0-000438,R6C0.DE,R6C0.DE|swing|2025-07-30T22:00:00Z,EUR,2025-08-01T07:00:00Z,2025-08-15T15:30:00Z,stop,10,424.7747107668514,31.46072219467163,30.559712717873712,30.5750002179827,1.0,1.0,376.232296467883,-382.7260399050272,26.34471230161078,131.23584599026182,-277.8349062163762,-0.7384663911756804,376.232296467883,-382.7260399050272,26.34471230161078,131.23584599026182,-277.8349062163762,-0.7384663911756804,13.172263762359684,0.0
C0-000439,BBVA.MC,BBVA.MC|swing|2025-07-30T22:00:00Z,EUR,2025-08-01T07:00:00Z,2025-08-07T15:30:00Z,objetivo,4,915.8066928692106,14.592292538166046,15.579349236692703,14.008572033473424,1.0,1.0,534.5751449624962,903.9531307520998,27.631391472267907,0.0,876.321739279832,1.6392863520456258,534.5751449624962,903.9531307520998,27.631391472267907,0.0,876.321739279832,1.6392863520456258,13.815925178396249,0.0
C0-000440,EXH1.DE,EXH1.DE|swing|2025-07-30T22:00:00Z,EUR,2025-08-01T07:00:00Z,2025-08-01T15:30:00Z,stop,0,352.19620090012035,37.94396173667908,37.25136600221907,37.27000100272043,1.0,1.0,237.3664100560937,-243.92958643644283,26.483508755079363,0.0,-270.4130951915222,-1.1392222476955312,237.3664100560937,-243.92958643644283,26.483508755079363,0.0,-270.4130951915222,-1.1392222476955312,13.241696705565921,0.0
C0-000441,APP,APP|swing|2025-07-31T04:00:00Z,USD,2025-08-01T13:30:00Z,2025-08-07T20:00:00Z,objetivo,4,38.85160484481176,377.6487214508056,439.57319645363947,357.9712916782924,0.8736676568233444,0.8588851670531651,764.4997258832178,2405.865233032524,31.7503830249427,0.0,2374.1148500075815,3.105448922515693,667.9186841544799,1849.4694455456643,27.486825545414767,0.0,1821.9826200002494,2.727850954351879,13.743878576035534,-252.45719523061103
C0-000442,META,META|swing|2025-07-31T04:00:00Z,USD,2025-08-01T13:30:00Z,2025-08-20T20:00:00Z,stop,13,20.089064100743226,761.1103454589843,735.5534870300294,735.9214477539062,0.8736676568233444,0.8582954252853832,506.02138062437655,-513.4133671928951,30.06657566813582,0.0,-543.4799428610308,-1.074025651229271,442.09451391261274,-675.7016802817197,26.04104568589748,0.0,-701.7427259676173,-1.587313807079561,13.020357172615048,-227.14902678452023
C0-000443,PLTR,PLTR|swing|2025-08-05T04:00:00Z,USD,2025-08-06T13:30:00Z,2025-08-19T20:00:00Z,stop,9,76.70383163304709,171.2605905532837,161.21107384926935,161.2917197091239,0.8661008141347653,0.8560178051703476,764.6505908020249,-770.83643725821,25.501850569092362,0.0,-796.3382878273023,-1.0414407539946329,662.264499222263,-792.3035844692881,21.962492021238813,0.0,-814.266076490527,-1.2295179304443595,10.981050679984639,-124.68151859521112
C0-000444,7011.T,7011.T|swing|2025-08-05T15:00:00Z,JPY,2025-08-07T00:00:00Z,2025-09-02T06:30:00Z,stop,17,581.4020191992006,3881.9399999999996,3682.5863571428577,3684.4285714285716,0.005840439201027918,0.0057981098161999185,114833.54338634694,-115904.61049185862,4398.03089832843,0.0,-120302.64139018705,-1.047626310593237,670.6783283865608,-767.563716456486,25.595802180169432,0.0,-793.1595186366554,-1.1826228537080443,12.797712398581067,-90.62988575996282
C0-000445,EXH1.DE,EXH1.DE|swing|2025-08-05T22:00:00Z,EUR,2025-08-07T07:00:00Z,2025-09-05T15:30:00Z,stop,21,353.14615500091895,37.988986221313475,37.24850804383414,37.26714161464146,1.0,1.0,254.9166473543727,-261.49702123891416,26.56983181164057,0.0,-288.06685305055476,-1.1300433143155937,254.9166473543727,-261.49702123891416,26.56983181164057,0.0,-288.06685305055476,-1.1300433143155937,13.28485385277661,0.0
C0-000446,ALV.DE,ALV.DE|swing|2025-08-06T22:00:00Z,EUR,2025-08-08T07:00:00Z,2025-09-03T15:30:00Z,stop,18,37.199487605853896,365.1825,352.16667177036834,352.3428431919643,1.0,1.0,477.62865429394265,-484.1821409081064,26.685021624341374,0.0,-510.86716253244776,-1.0695906913031425,477.62865429394265,-484.1821409081064,26.685021624341374,0.0,-510.86716253244776,-1.0695906913031425,13.342393102232288,0.0
C0-000447,APP,APP|swing|2025-08-08T04:00:00Z,USD,2025-08-11T13:30:00Z,2025-08-19T20:00:00Z,stop,6,17.741627923976758,455.22749999999996,410.23348827035085,410.43870762416293,0.8585164835164835,0.8560178051703476,794.6260894963476,-798.2670149144806,15.35468683660978,0.0,-813.6217017510903,-1.0239050951206279,682.1995960648588,-703.5112960544463,13.164065842960198,0.0,-716.6753618974066,-1.0505361862296823,6.58185868912023,-18.185905502866127
C0-000448,AAPL,AAPL|swing|2025-08-08T04:00:00Z,USD,2025-08-11T13:30:00Z,2025-09-19T20:00:00Z,objetivo,28,69.69366281059044,228.03395816802978,245.4829209278652,218.51286097935267,0.8585164835164835,0.8520790729379687,663.5601370545236,1216.0821269785185,33.001125706832426,0.0,1183.081001271686,1.782929587246249,569.6773154657654,933.8914434825381,28.221875286076894,0.0,905.6695681964612,1.589793982679458,14.111174643691378,-110.13510783830648
C0-000449,7203.T,7203.T|swing|2025-08-12T15:00:00Z,JPY,2025-08-14T00:00:00Z,2025-10-14T06:30:00Z,tiempo,40,831.1017846742701,2851.4249999999997,2870.0642500000004,2731.6428571428573,0.0057981098161999185,0.005682463916354132,99551.15270067942,15491.113939990411,4755.139926669652,37399.58031034216,48135.55432366292,0.48352583589255016,577.2085156878263,-186.03277996244327,27.294971526465694,213.9686498675105,0.6408983786015199,0.0011103411699285102,13.647442666895525,-275.85195976177164
C0-000450,AMD,AMD|swing|2025-08-13T04:00:00Z,USD,2025-08-14T13:30:00Z,2025-08-19T20:00:00Z,stop,3,61.26024071925376,179.9199168319702,166.80084609876363,166.88428824288505,0.853898044573478,0.8560178051703476,798.5657452941425,-803.6774311291514,21.24019739950007,0.0,-824.9176285286514,-1.0329990152843365,681.8937283700303,-664.5983220259719,18.158623290670832,0.0,-682.7569453166427,-1.0012659112566935,9.079147765539819,21.660264883046647
C0-000451,AIR.PA,AIR.PA|swing|2025-08-14T22:00:00Z,EUR,2025-08-18T07:00:00Z,2025-08-20T15:30:00Z,stop,2,73.37669650327285,186.59324999999998,179.07327998461042,179.16286141531808,1.0,1.0,545.2173680795875,-551.7905575329519,26.83140199208568,0.0,-578.6219595250376,-1.0612683920233699,545.2173680795875,-551.7905575329519,26.83140199208568,0.0,-578.6219595250376,-1.0612683920233699,13.41556640229343,0.0
C0-000452,EUNN.DE,EUNN.DE|swing|2025-08-17T22:00:00Z,EUR,2025-08-19T07:00:00Z,2025-08-29T15:30:00Z,stop,8,240.54862639282493,56.72835076332092,55.5659177205222,55.593714577811106,1.0,1.0,272.93517587997985,-279.62167171886335,27.012232035575554,0.0,-306.6339037544389,-1.1234678812132215,272.93517587997985,-279.62167171886335,27.012232035575554,0.0,-306.6339037544389,-1.1234678812132215,13.506049488881025,0.0
C0-000453,EXV1.DE,EXV1.DE|swing|2025-08-18T22:00:00Z,EUR,2025-08-20T07:00:00Z,2025-08-27T15:30:00Z,stop,5,437.12524909025154,30.675329847335814,29.803662077495034,29.81857136317662,1.0,1.0,374.5107657982739,-381.027991015595,26.436894409868998,0.0,-407.464885425464,-1.0879924494478763,374.5107657982739,-381.027991015595,26.436894409868998,0.0,-407.464885425464,-1.0879924494478763,13.218355252523839,0.0
C0-000454,INTC,INTC|swing|2025-08-19T04:00:00Z,USD,2025-08-20T13:30:00Z,2025-08-21T20:00:00Z,stop,1,381.82876206420747,24.912449618339537,22.849997138159615,22.861427852085658,0.8560178051703476,0.8591803419537761,783.1391019754627,-787.5036773233537,18.237075918191692,0.0,-805.7407532415455,-1.0288603278894775,670.3810152161127,-646.5247123924956,15.638854157248876,0.0,-662.1635665497445,-0.9877421220472373,7.819267402262431,27.592457033419347
C0-000455,ZPRR.DE,ZPRR.DE|swing|2025-08-21T22:00:00Z,EUR,2025-08-25T07:00:00Z,2025-09-19T15:30:00Z,objetivo,19,227.2300582481204,58.46921862602233,61.09657865388053,56.79856981549944,1.0,1.0,379.62162652726965,597.015172169001,27.168943080395284,0.0,569.8462290886057,1.5010900045434359,379.62162652726965,597.015172169001,27.168943080395284,0.0,569.8462290886057,1.5010900045434359,13.584624190144897,0.0
C0-000456,9988.HK,9988.HK|swing|2025-08-24T16:00:00Z,HKD,2025-08-26T01:30:00Z,2025-08-28T08:00:00Z,stop,2,991.4979744376892,122.06099999999999,117.14139912850517,117.1999991280692,0.10944631111208396,0.11082911259129548,4819.672518259228,-4877.774299129007,237.16869421654854,0.0,-5114.942993345556,-1.0612635970530573,527.4953778917607,-373.2482896423947,26.117844807105683,0.0,-399.36613444950035,-0.7570988319284349,13.058832356186539,160.6061138346063
C0-000457,Q8Y0.DE,Q8Y0.DE|swing|2025-08-27T22:00:00Z,EUR,2025-08-29T07:00:00Z,2025-09-02T15:30:00Z,stop,2,722.0326949387412,18.199095534324645,17.812802999360223,17.821713856288365,1.0,1.0,272.4819100130391,-278.9158400550796,26.00176814813699,0.0,-304.9176082032166,-1.1190379874708942,272.4819100130391,-278.9158400550796,26.00176814813699,0.0,-304.9176082032166,-1.1190379874708942,13.000817595311045,0.0
C0-000458,GOOGL,GOOGL|swing|2025-09-03T04:00:00Z,USD,2025-09-04T13:30:00Z,2025-09-15T20:00:00Z,objetivo,7,66.0475230405479,229.76481889343262,247.53760400118148,219.32571629115515,0.8581481163648845,0.8499065102838687,689.4768696465649,1173.8484338987494,31.524642773441364,13.869979838515059,1156.193770963823,1.6769145157204526,591.6732769643567,872.5917804608513,26.918068773117348,11.826381171994422,857.5000928597283,1.4492797397564154,13.459255899316952,-134.74404198722917
C0-000459,AMZN,AMZN|swing|2025-09-04T04:00:00Z,USD,2025-09-05T13:30:00Z,2025-09-23T20:00:00Z,stop,12,64.8023858645728,235.30759744262693,226.0854655194964,226.19856480189733,0.8585901948999742,0.8479606546256253,590.2870480375477,-597.6161513766987,29.899371301308648,0.0,-627.5155226780073,-1.0630684253774978,506.81467162148857,-668.8394611235497,25.515574939739633,0.0,-694.3550360632893,-1.3700373626552471,12.757623449407665,-155.73209323765633
C0-000460,MU,MU|swing|2025-09-05T04:00:00Z,USD,2025-09-08T13:30:00Z,2025-09-11T13:30:00Z,objetivo,3,101.46201407232334,130.61527805328367,147.64614122009277,123.09713527134487,0.8549200649739249,0.8541898009737763,762.8059087388114,1727.985678294598,28.232964038099986,0.0,1699.7527142564982,2.2282899159326024,652.1380770614785,1466.3499268675555,24.125987748364857,0.0,1442.2239391191906,2.211531560337381,12.063363477503612,-10.939701494073276
C0-000461,TSM,TSM|swing|2025-09-05T04:00:00Z,USD,2025-09-08T13:30:00Z,2025-09-10T20:00:00Z,objetivo,2,63.01290789566544,242.11100049591064,260.9344677614485,231.64000592912947,0.8549200649739249,0.8541898009737763,659.8078162125953,1186.1214090804106,31.698357758632866,0.0,1154.4230513217776,1.749635307366249,564.0829411067755,1002.0318164680768,27.087554898927216,0.0,974.9442615691496,1.7283704053454119,13.544031343423715,-12.007175649909447
C0-000462,GS,GS|swing|2025-09-09T04:00:00Z,USD,2025-09-10T13:30:00Z,2025-09-23T20:00:00Z,objetivo,9,20.20081287036403,762.2409153442383,811.2612807006836,732.0885620117188,0.8514986376021798,0.8479606546256253,609.1020472713238,990.2512274024289,31.786023413410323,0.0,958.4652039890185,1.5735708134339454,518.6495634122308,785.2166201600187,27.007774680452844,0.0,758.2088454795659,1.4618904535294666,13.504087020402032,-57.98095085703522
C0-000463,IQQK.DE,IQQK.DE|swing|2025-09-09T22:00:00Z,EUR,2025-09-11T07:00:00Z,2025-09-16T07:00:00Z,objetivo,3,288.1168638328667,45.587781126022335,47.636169847488404,44.52928652082171,1.0,1.0,304.9701460344136,590.1753343394191,26.859392388596838,0.0,563.3159419508223,1.8471183139586929,304.9701460344136,590.1753343394191,26.859392388596838,0.0,563.3159419508223,1.8471183139586929,13.429847095592663,0.0
C0-000464,IQQT.DE,IQQT.DE|swing|2025-09-09T22:00:00Z,EUR,2025-09-11T07:00:00Z,2025-10-07T07:00:00Z,objetivo,18,140.04741630093696,93.78686786270141,99.73010877990723,93.43285805838448,1.0,1.0,49.57815843978644,832.3355349086848,27.101552589166104,0.0,805.2339823195188,16.24170819691679,49.57815843978644,832.3355349086848,27.101552589166104,0.0,805.2339823195188,16.24170819691679,13.550987766213387,0.0
C0-000465,EUNL.DE,EUNL.DE|swing|2025-09-10T22:00:00Z,EUR,2025-09-12T07:00:00Z,2025-10-03T15:30:00Z,objetivo,15,124.96574225074232,106.42318774795531,108.82662538065229,104.80428532191685,1.0,1.0,202.30734330142363,300.3473677233448,26.898852666950027,0.0,273.4485150563948,1.3516489841348758,202.30734330142363,300.3473677233448,26.898852666950027,0.0,273.4485150563948,1.3516489841348758,13.449504782691562,0.0
C0-000466,9988.HK,9988.HK|swing|2025-09-11T16:00:00Z,HKD,2025-09-15T01:30:00Z,2025-09-24T08:00:00Z,objetivo,7,468.02660033998006,150.47519389343262,171.37142038617816,137.52857753208704,0.10965152744577733,0.10905601116733553,6059.360841506533,9779.989845333921,150.6327767122191,0.0,9629.357068621703,1.5891704291087516,664.418171616322,1024.626618067601,16.46934984301609,0.0,1008.1572682245849,1.5173535452410234,8.234933136895794,-47.76420687745374
C0-000467,RRU.DE,RRU.DE|swing|2025-09-14T22:00:00Z,EUR,2025-09-16T07:00:00Z,2025-10-14T07:00:00Z,stop,20,995.1042117018744,13.486739542007445,12.873560114383698,12.997143336704799,1.0,1.0,487.1992459299192,-610.1774309573351,26.231245209798303,0.0,-636.4086761671334,-1.3062595672791275,487.1992459299192,-610.1774309573351,26.231245209798303,0.0,-636.4086761671334,-1.3062595672791275,13.115473339407753,0.0
C0-000468,ICGA.DE,ICGA.DE|swing|2025-09-14T22:00:00Z,EUR,2025-09-16T07:00:00Z,2025-10-02T07:00:00Z,objetivo,12,2441.1291351380833,5.497747385501861,5.761117938995362,5.350428444998605,1.0,1.0,359.6245578201721,642.9215314704281,27.48434417222606,0.0,615.437187298202,1.7113324824884384,359.6245578201721,642.9215314704281,27.48434417222606,0.0,615.437187298202,1.7113324824884384,13.742336252077134,0.0
C0-000469,ZPRR.DE,ZPRR.DE|swing|2025-09-18T22:00:00Z,EUR,2025-09-22T07:00:00Z,2025-10-15T15:30:00Z,objetivo,17,225.00049610542632,60.440204847335814,62.660081517219545,59.005714416503906,1.0,1.0,322.7610585956659,499.47335201670137,27.697625502745005,0.0,471.7757265139564,1.4616872573372193,322.7610585956659,499.47335201670137,27.697625502745005,0.0,471.7757265139564,1.4616872573372193,13.848941081944933,0.0
C0-000470,ARM,ARM|swing|2025-09-19T04:00:00Z,USD,2025-09-22T13:30:00Z,2025-10-06T20:00:00Z,objetivo,10,73.89112011992408,142.2210688934326,160.0617105075291,131.42215183803015,0.8520790729379687,0.8563110121596164,797.9440773058396,1318.2649925237217,22.336013162900976,0.0,1295.9289793608207,1.6240849656236136,679.9114496471027,1173.3177464590442,19.08210112271778,0.0,1154.2356453363263,1.69762642758173,9.541346276131396,50.051733742852655
C0-000471,APP,APP|swing|2025-09-19T04:00:00Z,USD,2025-09-22T13:30:00Z,2025-09-29T20:00:00Z,objetivo,5,16.00848530933087,647.3735127868651,727.318562362671,597.5284423828125,0.8520790729379687,0.8530239699735563,797.9440773058398,1279.7991516880152,22.006737889884917,0.0,1257.7924137981302,1.5762914339121508,679.9114496471028,1101.491764626965,18.762482509511848,0.0,1082.7292821174533,1.5924563157149754,9.381518973075012,11.001689909842064
C0-000472,TSM,TSM|swing|2025-09-23T04:00:00Z,USD,2025-09-24T13:30:00Z,2025-10-06T20:00:00Z,objetivo,8,57.350776587267795,280.45015255737303,305.32725028283255,267.52999223981584,0.8479606546256253,0.8563110121596164,740.9812278439053,1426.7208737924568,33.594788960158596,0.0,1393.1260848322981,1.8801098226010298,628.3229270278176,1356.0242303559319,28.63328030291265,0.0,1327.3909500530192,2.1125935294642715,14.316982736758153,146.2210642468374
C0-000473,1810.HK,1810.HK|swing|2025-09-24T16:00:00Z,HKD,2025-09-26T01:30:00Z,2025-09-26T08:00:00Z,stop,0,2050.0634086144205,59.0295,55.971999455315725,55.999999455043245,0.10952182770026067,0.10952182770026067,6210.668213593288,-6268.06998847589,235.76036596913397,0.0,-6503.830354445024,-1.047202995035235,680.2037339926499,-686.4904812910306,25.82090618022189,0.0,-712.3113874712525,-1.047202995035234,12.910284695061097,0.0
C0-000474,INTC,INTC|swing|2025-09-26T04:00:00Z,USD,2025-09-29T13:30:00Z,2025-10-24T20:00:00Z,objetivo,19,314.5150612955793,34.53726045799255,40.69321462651662,32.024285725184846,0.8567511994516792,0.861178091629349,790.3684021232576,1936.1403026461244,23.661117482499954,0.0,1912.4791851636244,2.419731330384554,677.1490765278081,1715.4486767282337,20.328348933628362,0.0,1695.1203277946054,2.503319263885894,10.164605870132963,56.65815012943007
C0-000475,LLY,LLY|swing|2025-10-01T04:00:00Z,USD,2025-10-02T13:30:00Z,2025-11-03T21:00:00Z,objetivo,22,19.956232747226114,814.7671653442383,891.2569640568325,781.231427873884,0.8529512111907198,0.8685079034219212,669.2469823082628,1526.448225897008,34.04581459871157,0.0,1492.4024112982963,2.229972567303828,570.835024145567,1578.6792354636987,29.316112170310646,0.0,1549.363123293388,2.7142047312399833,14.658454419576444,276.6933723649209
C0-000476,ABBV,ABBV|swing|2025-10-01T04:00:00Z,USD,2025-10-02T13:30:00Z,2025-10-02T20:00:00Z,stop,0,67.46464132542064,241.01044438934323,235.05383588518416,235.17142159598214,0.8529512111907198,0.8507742045261187,393.92757844506207,-401.8604562490426,32.11750591656552,0.0,-433.9779621656081,-1.1016694080638774,336.001005156143,-377.2899486568935,27.360142986190052,0.0,-404.65009164308356,-1.2043121461944397,13.679980590600948,-34.52258576961694
C0-000477,ASML.AS,ASML.AS|swing|2025-10-01T22:00:00Z,EUR,2025-10-03T07:00:00Z,2025-10-08T15:30:00Z,stop,3,15.603178424086028,869.6346122131347,824.687434313093,825.0999843052456,1.0,1.0,694.8817452970748,-701.3188364334862,26.43680919981132,0.0,-727.7556456332976,-1.0473086256168216,694.8817452970748,-701.3188364334862,26.43680919981132,0.0,-727.7556456332976,-1.0473086256168216,13.21823257475232,0.0
C0-000478,EXSA.DE,EXSA.DE|swing|2025-10-02T22:00:00Z,EUR,2025-10-06T07:00:00Z,2025-10-14T15:30:00Z,stop,6,248.54443176422754,56.52825,55.65215867097037,55.67999867030552,1.0,1.0,210.8281447321643,-217.7476215472356,27.881815928205157,0.0,-245.62943747544077,-1.1650694824805672,210.8281447321643,-217.7476215472356,27.881815928205157,0.0,-245.62943747544077,-1.1650694824805672,13.940857012410707,0.0
C0-000479,VVSM.DE,VVSM.DE|swing|2025-10-05T22:00:00Z,EUR,2025-10-07T07:00:00Z,2025-10-10T15:30:00Z,stop,3,284.27750251361647,50.10504183197021,48.43719997051784,48.46143068586077,1.0,1.0,467.24167171953513,-474.1299189613419,28.0133423917042,0.0,-502.1432613530461,-1.0746970823579727,467.24167171953513,-474.1299189613419,28.0133423917042,0.0,-502.1432613530461,-1.0746970823579727,14.006556165010664,0.0
C0-000480,MC.PA,MC.PA|swing|2025-10-06T22:00:00Z,EUR,2025-10-08T07:00:00Z,2025-10-14T15:30:00Z,stop,4,25.46201042301006,555.9778622131347,531.1485907723563,531.4142979213169,1.0,1.0,625.4377300245421,-632.2031682208449,27.68042507704653,0.0,-659.8835932978914,-1.0550748086016455,625.4377300245421,-632.2031682208449,27.68042507704653,0.0,-659.8835932978914,-1.0550748086016455,13.840057947742183,0.0
C0-000481,IQQK.DE,IQQK.DE|swing|2025-10-06T22:00:00Z,EUR,2025-10-08T07:00:00Z,2025-10-16T15:30:00Z,objetivo,6,284.9222623108726,49.68482984733581,52.61546486500332,48.92214257376535,1.0,1.0,217.30658342140794,835.0031592412897,29.147631404508665,0.0,805.8555278367811,3.708380644290192,217.30658342140794,835.0031592412897,29.147631404508665,0.0,805.8555278367811,3.708380644290192,14.57402809654876,0.0
C0-000482,AZN,AZN|swing|2025-10-10T04:00:00Z,USD,2025-10-13T13:30:00Z,2025-11-04T21:00:00Z,stop,16,95.16189161911069,168.7843469467163,160.93948991285052,161.01999991280692,0.8644536652835407,0.8702462796971543,738.8699509340487,-746.5314348241548,31.377144027467434,0.0,-777.9085788516222,-1.0528355874646445,638.7188372528083,-556.6261710821414,27.21280282467476,0.0,-583.8389739068161,-0.9140782138475267,13.606265657361408,88.71566400097926
C0-000483,VVSM.DE,VVSM.DE|swing|2025-10-12T22:00:00Z,EUR,2025-10-14T07:00:00Z,2025-10-27T16:30:00Z,objetivo,8,283.2029412368556,49.05951734733581,53.12413978917258,47.43285860334124,1.0,1.0,460.67454068791307,1151.1130305455029,28.93871224739759,0.0,1122.1743182981052,2.435937346618704,460.67454068791307,1151.1130305455029,28.93871224739759,0.0,1122.1743182981052,2.435937346618704,14.469647519367118,0.0
C0-000484,ARM,ARM|swing|2025-10-13T04:00:00Z,USD,2025-10-14T13:30:00Z,2025-11-06T21:00:00Z,stop,17,50.399764979784635,171.68079872131347,155.6582834832328,155.73615155901228,0.8643789437289308,0.8670770831526923,803.6064696655695,-807.531002384284,16.497812811807535,0.0,-824.0288151960915,-1.025413366245074,694.62051142326,-676.8455109093256,14.281529296067784,0.0,-691.1270402053934,-0.9949706765630796,7.140597221804341,21.167283959966507
C0-000485,CAT,CAT|swing|2025-10-13T04:00:00Z,USD,2025-10-14T13:30:00Z,2025-10-16T20:00:00Z,objetivo,2,32.09097002586618,500.83027656555174,541.9417667497908,479.7914341517857,0.8643789437289308,0.8584427847883939,675.1568612790874,1319.3075992211059,33.46356638584388,0.0,1285.844032835262,1.904511538843322,583.5913746037578,1037.1433748762852,28.821963831806684,0.0,1008.3214110444785,1.727786692750729,14.411244804557658,-103.23833419200585
C0-000486,7011.T,7011.T|swing|2025-10-15T15:00:00Z,JPY,2025-10-17T00:00:00Z,2025-11-19T06:30:00Z,stop,22,442.32405569008904,4213.1055,3931.747428571429,3933.714285714286,0.005674402769108551,0.005557408024897188,123581.45502703571,-124451.44325542722,3602.664380365013,0.0,-128054.10763579223,-1.0361919400267463,701.2509506158754,-909.6539306730466,20.239502419667083,0.0,-929.8934330927137,-1.326049443891709,10.119526326231146,-203.46631644489509
C0-000487,Q8Y0.DE,Q8Y0.DE|swing|2025-10-15T22:00:00Z,EUR,2025-10-17T07:00:00Z,2025-10-17T15:30:00Z,stop,0,681.2057115386822,20.615302042007446,20.506884677886966,20.51714324951172,1.0,1.0,66.86633008582987,-73.8545276688404,28.01266846455222,0.0,-101.86719613339262,-1.5234452975456483,66.86633008582987,-73.8545276688404,28.01266846455222,0.0,-101.86719613339262,-1.5234452975456483,14.006319270222132,0.0
C0-000488,IQQT.DE,IQQT.DE|swing|2025-10-15T22:00:00Z,EUR,2025-10-17T07:00:00Z,2025-11-14T16:30:00Z,stop,19,142.44208690900848,98.5892709159851,96.98291085270473,97.03142656598773,1.0,1.0,221.90260029303283,-228.8132797409418,27.857709712480123,0.0,-256.6709894534219,-1.1566831083298519,221.90260029303283,-228.8132797409418,27.857709712480123,0.0,-256.6709894534219,-1.1566831083298519,13.928801135119095,0.0
C0-000489,IQQK.DE,IQQK.DE|swing|2025-10-19T22:00:00Z,EUR,2025-10-21T07:00:00Z,2025-10-29T16:30:00Z,objetivo,5,262.3291699201827,53.786878320693965,57.80287039879391,51.91214043753488,1.0,1.0,491.7984327070433,1053.5118682539874,29.273246153185028,0.0,1024.2386221008023,2.0826390528798724,491.7984327070433,1053.5118682539874,29.273246153185028,0.0,1024.2386221008023,2.0826390528798724,14.636890113779367,0.0
C0-000490,BBVA.MC,BBVA.MC|swing|2025-10-19T22:00:00Z,EUR,2025-10-21T07:00:00Z,2025-11-12T16:30:00Z,objetivo,16,790.0961168598136,17.278635457992554,18.64959893012047,16.385714530944824,1.0,1.0,705.4933571232759,1083.192915684913,28.38675847567732,252.83075739514035,1307.636914604376,1.8535070548876666,705.4933571232759,1083.192915684913,28.38675847567732,252.83075739514035,1307.636914604376,1.8535070548876666,14.193653584480415,0.0
C0-000491,ITX.MC,ITX.MC|swing|2025-10-20T22:00:00Z,EUR,2025-10-22T07:00:00Z,2025-11-04T08:00:00Z,stop,9,287.7842483985351,48.90444106864929,46.85656106758118,47.36285618373326,1.0,1.0,443.6438474481031,-589.3476069177768,27.558508025665603,241.73876865476947,-375.1673462886729,-0.8456498347642689,443.6438474481031,-589.3476069177768,27.558508025665603,241.73876865476947,-375.1673462886729,-0.8456498347642689,13.779110120706637,0.0
C0-000492,7203.T,7203.T|swing|2025-10-21T15:00:00Z,JPY,2025-10-23T00:00:00Z,2025-12-15T06:30:00Z,objetivo,35,793.8339325786194,3101.5499999999997,3321.1243214285714,2958.1428571428573,0.005684402000909505,0.00546477949614733,113841.4561741492,174305.54707292488,5098.536814251358,0.0,169207.01025867352,1.4863391241221364,647.1206012627855,411.8053772458926,28.403115445336127,0.0,383.40226180055646,0.5924742019530651,14.201664224426954,-579.0174233050698
C0-000493,CRWD,CRWD|swing|2025-10-28T04:00:00Z,USD,2025-10-29T13:30:00Z,2025-11-14T21:00:00Z,stop,12,123.59128015298984,135.317625,128.5164253665379,128.5807157244001,0.8598452278589853,0.8585164835164835,832.6232416459412,-840.568969275625,32.607588032748815,0.0,-873.1765573083738,-1.048705481223736,715.9271209337413,-743.8643403473623,28.01637383852146,0.0,-771.8807141858837,-1.078155431769599,14.008004455176525,-21.105123429369257
C0-000494,Q8Y0.DE,Q8Y0.DE|swing|2025-10-28T23:00:00Z,EUR,2025-10-30T08:00:00Z,2025-11-14T16:30:00Z,stop,11,661.4891828257154,21.870930610656735,20.8809828244618,20.891428538731166,1.0,1.0,647.9300251341401,-654.839752130214,28.279928282432284,0.0,-683.1196804126463,-1.054310888388327,647.9300251341401,-654.839752130214,28.279928282432284,0.0,-683.1196804126463,-1.054310888388327,14.13980396622755,0.0
C0-000495,AMD,AMD|swing|2025-10-29T04:00:00Z,USD,2025-10-30T13:30:00Z,2025-11-06T21:00:00Z,stop,5,43.985380989736115,260.04997343444825,240.79524387904578,240.91570172991072,0.8594018563080097,0.8670770831526923,841.6282308852105,-846.9266153487096,22.029867700421214,0.0,-868.9564830491307,-1.0324706933073964,723.2968639439761,-646.5583663546015,19.013801134994594,0.0,-665.572167489596,-0.920192248394912,9.506741304590566,81.29193903273902
C0-000496,6501.T,6501.T|swing|2025-10-30T15:00:00Z,JPY,2025-11-04T00:00:00Z,2025-11-05T06:30:00Z,stop,1,503.79302956386806,5161.5795,4953.379214285715,4955.857142857143,0.005631581911358901,0.00566925562673621,103641.48955401983,-104889.85269606266,5095.845694583448,0.0,-109985.69839064611,-1.0612130225446013,583.6655378387105,-496.6818722042546,28.79168636161627,0.0,-525.4735585658709,-0.9002991002547073,14.395722609270015,94.01392492399106
C0-000497,IS3N.DE,IS3N.DE|swing|2025-11-02T23:00:00Z,EUR,2025-11-04T08:00:00Z,2025-11-07T16:30:00Z,stop,3,377.93044290028365,38.72135066413879,38.1346385484423,38.153715406145366,1.0,1.0,214.5266444592712,-221.73636974013797,29.04621804265019,0.0,-250.78258778278817,-1.1690043836508164,214.5266444592712,-221.73636974013797,29.04621804265019,0.0,-250.78258778278817,-1.1690043836508164,14.523057217994085,0.0
C0-000498,6501.T,6501.T|swing|2025-11-05T15:00:00Z,JPY,2025-11-07T00:00:00Z,2025-11-18T06:30:00Z,stop,7,373.76899371497296,5130.563999999999,4787.176642857143,4789.571428571428,0.005644933672029354,0.0055688589408030295,127452.45028713801,-128347.54693372957,3706.943940006803,0.0,-132054.49087373636,-1.0361079020154607,719.4606282085126,-860.6337687938405,20.7893322878843,0.0,-881.4231010817249,-1.2251165199637202,10.39445358411208,-136.12037938526336
C0-000499,APP,APP|swing|2025-11-06T05:00:00Z,USD,2025-11-07T14:30:00Z,2025-11-13T21:00:00Z,stop,4,15.688745990115708,614.307,561.3256159449986,561.6064191545759,0.8670770831526923,0.8606592649969877,826.8060264154169,-831.2114766436835,18.444201489256336,0.0,-849.6556781329398,-1.0276360488282683,716.9045577173475,-777.2429061908405,15.936025944845333,0.0,-793.1789321356858,-1.1063940431083308,7.967820653650902,-56.51848353959397
C0-000500,MRVL,MRVL|swing|2025-11-06T05:00:00Z,USD,2025-11-07T14:30:00Z,2025-11-14T14:30:00Z,stop,5,116.61373865393644,91.72584030532836,84.42776622009278,84.63571493966239,0.8670770831526923,0.8606592649969877,826.8060264154168,-851.0557040527286,20.541930634303814,0.0,-871.5976346870325,-1.0541742643867846,716.9045577173474,-801.1171247850365,17.74825106940255,0.0,-818.865375854439,-1.1422236991514447,8.87392747390073,-63.18622731453623
C0-000501,6758.T,6758.T|swing|2025-11-11T15:00:00Z,JPY,2025-11-13T00:00:00Z,2025-11-18T06:30:00Z,stop,3,550.7327653896629,4652.325,4423.358642857143,4425.571428571428,0.0055806685640939786,0.0055688589408030295,124880.62145483957,-126099.2750504825,4998.276350432444,0.0,-131097.55140091493,-1.0497829837299744,696.9173584175433,-732.4875481627979,27.86495441557919,0.0,-760.3525025783771,-1.0910224769043966,13.932297568974253,-28.76928793352933
C0-000502,ALV.DE,ALV.DE|swing|2025-11-13T23:00:00Z,EUR,2025-11-17T08:00:00Z,2025-11-18T16:30:00Z,stop,1,37.91738359027632,365.5826938934326,356.1789730006627,356.3571515764509,1.0,1.0,349.8084268613202,-356.5644922670503,27.367313984380658,0.0,-383.93180625143094,-1.097548763179564,349.8084268613202,-356.5644922670503,27.367313984380658,0.0,-383.93180625143094,-1.097548763179564,13.683571271957383,0.0
C0-000503,TTE.PA,TTE.PA|swing|2025-11-20T23:00:00Z,EUR,2025-11-24T08:00:00Z,2026-01-07T16:30:00Z,stop,29,243.8306159306063,55.82789923667907,53.94801424298968,53.975001743861604,1.0,1.0,451.79313692995964,-458.373515889989,26.76672859809258,207.25602354101537,-277.8842209470662,-0.6150695932110759,451.79313692995964,-458.373515889989,26.76672859809258,207.25602354101537,-277.8842209470662,-0.6150695932110759,13.383253051478285,0.0
C0-000504,GOOGL,GOOGL|swing|2025-11-25T05:00:00Z,USD,2025-11-26T14:30:00Z,2025-12-17T21:00:00Z,stop,14,36.35271073889947,320.84033267211913,299.0204197060722,299.17000470842635,0.8657259111765215,0.8530967411704488,787.7751640812081,-793.212984402667,22.53361862960098,7.634069255168888,-808.112533777099,-1.0258162107961484,681.9973717264377,-823.9866731261441,19.370655880768453,6.550037970972877,-836.8072910359397,-1.2269948913697561,9.685124364995488,-137.2816394470969
C0-000505,INTC,INTC|swing|2025-12-02T05:00:00Z,USD,2025-12-03T14:30:00Z,2025-12-10T21:00:00Z,stop,5,205.89231387960558,43.41169438934326,39.56734991754805,39.58714348929269,0.8610297916307904,0.8595495960116899,787.4456343617395,-791.520978648186,17.084747435864166,0.0,-808.6057260840502,-1.026871812857864,678.0141504750642,-693.5817245283388,14.698417943555311,0.0,-708.2801424718941,-1.0446391745299468,7.349037413605017,-12.058581211491811
C0-000506,VRTX,VRTX|swing|2025-12-03T05:00:00Z,USD,2025-12-04T14:30:00Z,2025-12-08T21:00:00Z,stop,2,34.39298111177675,462.231,440.6210055912563,440.84142630440846,0.8570449091532396,0.858000858000858,735.6512041014365,-743.2321295255238,31.05177197502983,0.0,-774.2839015005536,-1.0525149652222823,630.486119387587,-622.496606059818,26.627249798255704,0.0,-649.1238558580736,-1.029560898959346,13.313472603343609,14.486706869153164
C0-000507,MRVL,MRVL|swing|2025-12-03T05:00:00Z,USD,2025-12-04T14:30:00Z,2025-12-08T21:00:00Z,stop,2,79.9811374105119,99.45970866394042,89.47666589627948,89.52142660958427,0.8570449091532396,0.858000858000858,794.8751026138839,-798.4551153753061,15.111346135544894,0.0,-813.566461510851,-1.0235148375329686,681.2436601078881,-677.4706959813592,12.957943471759641,0.0,-690.4286394531189,-1.0134826639616377,6.478803987905373,6.841195838409461
C0-000508,AVGO,AVGO|swing|2025-12-08T05:00:00Z,USD,2025-12-09T14:30:00Z,2025-12-12T21:00:00Z,stop,3,23.964726420096788,398.949375,366.22965716334755,366.4128635951451,0.858000858000858,0.8524422470377632,779.7285944817062,-784.1190864981364,18.337306168189066,0.0,-802.4563926663255,-1.0291483451363315,669.007803073107,-721.5605180650214,15.684638756655872,0.0,-737.2451568216773,-1.1019978443227718,7.842140948732553,-48.78566907477101
C0-000509,TSM,TSM|swing|2025-12-08T05:00:00Z,USD,2025-12-09T14:30:00Z,2025-12-16T21:00:00Z,stop,5,46.8828677507867,300.1399852294922,283.36681243678504,283.5085667201451,0.858000858000858,0.8491847826086957,779.7285944817062,-786.3744418015833,27.35647202667313,39.147194571906894,-774.5837192563496,-0.9934017102081828,669.007803073107,-791.8319375183733,23.35475447901935,33.41915193094323,-781.7675400664493,-1.1685477156998427,11.67718220082064,-117.12199174266898
C0-000510,AVGO,AVGO|swing|2025-12-17T05:00:00Z,USD,2025-12-18T14:30:00Z,2026-01-23T21:00:00Z,stop,23,40.569908958033054,336.168,316.89434526824954,317.05287170410156,0.8530967411704488,0.8516436722875149,775.4990146857214,-781.9304177556795,26.49467989145243,26.370440822721484,-782.0546568244105,-1.0084534499909659,661.5756822092828,-685.7434892868699,22.583843875674837,22.452482607681127,-685.8748505548637,-1.0367292344610304,11.291753324902752,-18.681198077451096
C0-000511,INFY,INFY|swing|2025-12-18T05:00:00Z,USD,2025-12-19T14:30:00Z,2025-12-19T21:00:00Z,objetivo,0,811.3374369477444,19.089539923667907,20.31626492684228,18.415715081351145,0.8533151292772422,0.8538251366120219,546.6993205169996,995.2879199152093,31.97140470827593,0.0,963.3165152069333,1.7620591046207073,466.50680136274394,857.7008675724258,27.290089969339405,0.0,830.4107776030863,1.780061459291308,13.645262821201422,8.406627521902392
C0-000512,DBK.DE,DBK.DE|swing|2025-12-18T23:00:00Z,EUR,2025-12-22T08:00:00Z,2026-01-21T16:30:00Z,stop,17,405.1888622846253,32.93645816802978,31.51566303144183,31.531428745814733,1.0,1.0,569.3022730637397,-575.6903649336009,26.115281660644683,0.0,-601.8056465942456,-1.057093349295071,569.3022730637397,-575.6903649336009,26.115281660644683,0.0,-601.8056465942456,-1.057093349295071,13.057500172102817,0.0
C0-000513,ALV.DE,ALV.DE|swing|2025-12-18T23:00:00Z,EUR,2025-12-22T08:00:00Z,2026-01-12T16:30:00Z,stop,10,34.396124353691235,387.99388778686523,379.11035087149486,379.3000008719308,1.0,1.0,299.036015443013,-305.5592404416859,26.385412785136594,0.0,-331.94465322682254,-1.1100490779849923,299.036015443013,-305.5592404416859,26.385412785136594,0.0,-331.94465322682254,-1.1100490779849923,13.1926333009162,0.0
C0-000514,VRTX,VRTX|swing|2025-12-19T05:00:00Z,USD,2025-12-22T14:30:00Z,2026-01-20T21:00:00Z,stop,18,34.37799368021656,454.56716633605953,432.744958140782,432.96143886021207,0.8538251366120219,0.8526603001364256,742.7615626211652,-750.2037354256213,30.50401060764439,0.0,-780.7077460332657,-1.0510879740171133,634.1884926751752,-657.8719666529349,26.02776186452023,0.0,-683.8997285174552,-1.078385584753493,13.013719717696423,-17.329159766303945
C0-000515,MU,MU|swing|2025-12-22T05:00:00Z,USD,2025-12-23T14:30:00Z,2026-01-05T14:30:00Z,objetivo,7,25.7650863977347,276.05797343444823,324.9674398803711,245.5857195172991,0.8514261387824605,0.8531695247845748,785.1202549090566,1260.1566286463092,15.485471701290528,2.9629849357394904,1247.634141880758,1.5890994202222897,668.4719071171193,1087.527339602959,13.199332424868365,2.518260186758023,1076.8462673648487,1.6109072885484481,6.599939744253529,14.597047013509528
C0-000516,ASML.AS,ASML.AS|swing|2026-01-04T23:00:00Z,EUR,2026-01-06T08:00:00Z,2026-01-15T08:00:00Z,objetivo,7,12.938239847328655,1045.5225,1149.425,996.4285016741071,1.0,1.0,635.1899254047541,1344.3154657370644,28.398757207294413,0.0,1315.91670852977,2.0716901447881826,635.1899254047541,1344.3154657370644,28.398757207294413,0.0,1315.91670852977,2.0716901447881826,14.199718232444258,0.0
C0-000517,VVSM.DE,VVSM.DE|swing|2026-01-04T23:00:00Z,EUR,2026-01-06T08:00:00Z,2026-01-15T16:30:00Z,objetivo,7,240.23562426643252,56.30813877868652,60.45333049256461,53.84428514753069,1.0,1.0,591.905415181837,995.8227190875466,28.050264460644893,0.0,967.7724546269017,1.6350119965190653,591.905415181837,995.8227190875466,28.050264460644893,0.0,967.7724546269017,1.6350119965190653,14.025384692346766,0.0
C0-000518,SXR8.DE,SXR8.DE|swing|2026-01-04T23:00:00Z,EUR,2026-01-06T08:00:00Z,2026-01-21T16:30:00Z,stop,11,21.428395095758344,631.2755019836426,620.0440622079032,620.3542393275669,1.0,1.0,234.0251311389406,-240.67172900876002,26.813770012548588,0.0,-267.4854990213086,-1.1429776696183225,234.0251311389406,-240.67172900876002,26.813770012548588,0.0,-267.4854990213086,-1.1429776696183225,13.406828190048783,0.0
C0-000519,6501.T,6501.T|swing|2026-01-05T15:00:00Z,JPY,2026-01-07T00:00:00Z,2026-01-08T06:30:00Z,stop,1,465.3467813302726,5347.6725,5180.4085000000005,5183.0,0.005460303592879765,0.005467169646274124,76629.81784860916,-77835.76403242635,4899.208606934399,0.0,-82734.97263936074,-1.0796707464816502,418.42206972048257,-408.45500031406056,26.767718260398098,0.0,-435.22271857445867,-1.0401523965148383,13.383760362387063,16.551901686738006
C0-000520,7203.T,7203.T|swing|2026-01-05T15:00:00Z,JPY,2026-01-07T00:00:00Z,2026-01-08T00:00:00Z,stop,1,742.4712078239723,3351.6749999999997,3299.3495000000003,3303.285714285714,0.005460303592879765,0.005467169646274124,35927.65141002485,-38850.17718499287,4938.194193781832,0.0,-43788.371378774704,-1.2187930371245053,196.17588407789046,-195.3141832595872,26.98085907745257,0.0,-222.29504233703977,-1.1331415346076832,13.490384082774323,16.819578807642895
C0-000521,6758.T,6758.T|swing|2026-01-06T15:00:00Z,JPY,2026-01-08T00:00:00Z,2026-01-08T06:30:00Z,stop,0,622.4292882574717,3971.9849999999997,3924.8937142857144,3926.8571428571427,0.005467169646274124,0.005467169646274124,28088.90000201335,-29310.995450271832,4915.248597588436,0.0,-34226.244047860266,-1.2184971303755934,153.56678148823656,-160.2481846278044,26.87249793662695,0.0,-187.12068256443135,-1.218497130375589,13.436212265318234,0.0
C0-000522,ZPRR.DE,ZPRR.DE|swing|2026-01-06T23:00:00Z,EUR,2026-01-08T08:00:00Z,2026-01-15T16:30:00Z,objetivo,5,210.9081780875185,63.891930610656736,66.5302844247818,62.324283599853516,1.0,1.0,330.6295749328517,556.450396087372,27.507111755262905,0.0,528.9432843321091,1.5998063223458863,330.6295749328517,556.450396087372,27.507111755262905,0.0,528.9432843321091,1.5998063223458863,13.75369842865507,0.0
C0-000523,Q8Y0.DE,Q8Y0.DE|swing|2026-01-06T23:00:00Z,EUR,2026-01-08T08:00:00Z,2026-01-22T16:30:00Z,objetivo,10,629.3736739011248,21.41069961833954,22.58905606010982,20.79142815726144,1.0,1.0,389.75315460084096,741.6265229220179,27.69228788209755,0.0,713.9342350399204,1.8317599911951552,389.75315460084096,741.6265229220179,27.69228788209755,0.0,713.9342350399204,1.8317599911951552,13.846332809262849,0.0
C0-000524,IQQK.DE,IQQK.DE|swing|2026-01-08T23:00:00Z,EUR,2026-01-12T08:00:00Z,2026-01-21T16:30:00Z,objetivo,7,202.80319868521266,66.7733678627014,72.0803745185307,64.855715070452,1.0,1.0,388.9061202358077,1076.2779252458952,28.15998310432635,0.0,1048.1179421415688,2.6950410075985882,388.9061202358077,1076.2779252458952,28.15998310432635,0.0,1048.1179421415688,2.6950410075985882,14.08026414170879,0.0
C0-000525,AMD,AMD|swing|2026-01-13T05:00:00Z,USD,2026-01-14T14:30:00Z,2026-01-21T21:00:00Z,objetivo,4,66.54590778065938,217.64876328277586,243.77233887645178,205.68714468819755,0.8580744808649391,0.851861316977596,795.9967679022287,1738.417052357842,30.705686112338174,0.0,1707.711366245504,2.145374749128705,683.0245133878743,1390.901044658652,26.24697540537629,0.0,1364.6540692532756,1.9979576757566813,13.123838708907316,-100.79026507006088
C0-000526,XOM,XOM|swing|2026-01-14T05:00:00Z,USD,2026-01-15T14:30:00Z,2026-01-29T14:30:00Z,objetivo,9,123.00369052303442,129.1945698852539,140.24984732055665,124.71142251150948,0.8582954252853832,0.8351428094204109,551.4436721292144,1359.8399242982641,33.142657707142895,0.0,1326.6972665911212,2.4058618017476303,473.3015810910775,767.7328491241846,28.046779954818657,0.0,739.6860691693659,1.5628218850742186,14.023585416517232,-399.41153702143697
C0-000527,7203.T,7203.T|swing|2026-01-14T15:00:00Z,JPY,2026-01-16T00:00:00Z,2026-01-20T06:30:00Z,stop,2,692.4801061202747,3676.8374999999996,3539.9434285714287,3541.714285714286,0.005425641582117086,0.005443954488540476,93570.13776788376,-94796.42111009324,4997.477223263917,0.0,-99793.89833335717,-1.066514389247908,507.6780303178545,-469.4402368340053,27.15941139560054,0.0,-496.59964822960586,-0.9781783307004391,13.579591732637239,44.89116737679852
C0-000528,GS,GS|swing|2026-01-15T05:00:00Z,USD,2026-01-16T14:30:00Z,2026-01-23T21:00:00Z,stop,4,16.490517980285954,973.4865,930.4659307861328,930.931396484375,0.8602890571231934,0.8516436722875149,701.7556996773437,-709.4314701434123,31.397161793487868,0.0,-740.8286319369001,-1.0556788242368698,603.7127492062489,-742.969749732613,26.877981096474613,0.0,-769.8477308290876,-1.2751887910952189,13.43880816550116,-132.65361918941593
C0-000529,AMAT,AMAT|swing|2026-01-16T05:00:00Z,USD,2026-01-20T14:30:00Z,2026-02-04T21:00:00Z,stop,11,50.56744055214809,316.2580561065674,302.89991165924073,303.0514373779297,0.8597713008339781,0.8460236886632826,667.8249074552722,-675.4871752271976,31.309233727386328,0.0,-706.7964089545839,-1.0583558670307933,574.1766894121504,-791.334920808989,26.708210176442773,0.0,-818.0431309854317,-1.4247236888403725,13.353910592968461,-210.5704334672326
C0-000530,INTC,INTC|swing|2026-01-21T05:00:00Z,USD,2026-01-22T14:30:00Z,2026-01-23T14:30:00Z,stop,1,132.575341160484,54.23710408401489,46.83657061004639,48.192858014787944,0.851861316977596,0.8542627712284298,801.3179846856764,-981.1282500809558,13.39987690490895,0.0,-994.5281269858648,-1.2411154447955848,682.6117937521734,-820.8736748643012,11.429748315926997,0.0,-832.3034231802282,-1.2192924745780194,5.714670368211842,14.911528373586066
C0-000531,8035.T,8035.T|swing|2026-01-21T15:00:00Z,JPY,2026-01-23T00:00:00Z,2026-03-09T00:00:00Z,stop,29,39.891097765654344,42331.155,38270.855,39150.0,0.005379814934366258,0.005477351152982418,126899.7651127001,-161969.82425788615,3215.302661018249,0.0,-165185.1269189044,-1.3016976569830758,682.6972515208743,-722.4624099221758,17.446638543790627,0.0,-739.9090484659664,-1.0838025886549842,8.723140837077093,148.90526953707865
C0-000532,EXV1.DE,EXV1.DE|swing|2026-01-21T23:00:00Z,EUR,2026-01-23T08:00:00Z,2026-02-03T08:00:00Z,objetivo,7,377.9624158966233,36.08803469467163,37.92602719497681,35.17571531023298,1.0,1.0,344.822438611751,694.6920858152224,27.974533642133725,0.0,666.7175521730887,1.9335097647858466,344.822438611751,694.6920858152224,27.974533642133725,0.0,666.7175521730887,1.9335097647858466,13.987443990946282,0.0
C0-000533,ENR.DE,ENR.DE|swing|2026-01-22T23:00:00Z,EUR,2026-01-26T08:00:00Z,2026-02-03T16:30:00Z,objetivo,6,77.79303357715143,140.82037499999998,156.06121639823914,132.15714263916016,1.0,1.0,673.9391259334776,1185.6312866372582,23.09531960808137,0.0,1162.5359670291768,1.7249866082770315,673.9391259334776,1185.6312866372582,23.09531960808137,0.0,1162.5359670291768,1.7249866082770315,11.547959098850615,0.0
C0-000534,6857.T,6857.T|swing|2026-01-28T15:00:00Z,JPY,2026-01-30T00:00:00Z,2026-02-05T06:30:00Z,stop,4,81.3898584914102,25782.885,24237.16107142857,24249.285714285714,0.0054501853063004145,0.0054010261949770455,124819.42884681337,-125806.25181321513,4071.1244714873897,0.0,-129877.37628470252,-1.040522116505569,680.2890170417123,-782.6415538566534,22.091408605837074,0.0,-804.7329624624905,-1.1829280530823971,11.045511403907296,-96.97416878353924
C0-000535,EXH1.DE,EXH1.DE|swing|2026-01-28T23:00:00Z,EUR,2026-01-30T08:00:00Z,2026-02-11T16:30:00Z,objetivo,8,307.9121238149794,44.142058931350704,46.3361068013055,42.90214211600168,1.0,1.0,381.7854199680244,675.5739393895122,27.859324169625864,0.0,647.7146152198864,1.6965409922519676,381.7854199680244,675.5739393895122,27.859324169625864,0.0,647.7146152198864,1.6965409922519676,13.92983446075502,0.0
C0-000536,META,META|swing|2026-01-29T05:00:00Z,USD,2026-01-30T14:30:00Z,2026-02-03T21:00:00Z,stop,2,22.346393074472594,727.86375,694.8423812953404,695.1899762834821,0.8355614973262031,0.8473858147614609,730.1409906956796,-737.9084849314115,31.792350439387896,0.0,-769.7008353707994,-1.0541811036214075,610.0776994449194,-432.9691288368601,26.74806272637646,0.0,-459.71719156323655,-0.7535387574099354,13.373926464387207,183.5987897221406
C0-000537,EXV1.DE,EXV1.DE|swing|2026-02-02T23:00:00Z,EUR,2026-02-04T08:00:00Z,2026-02-05T16:30:00Z,stop,1,360.4492516544475,37.84391326332092,36.61953878075736,36.63785770961216,1.0,1.0,434.72182178801216,-441.3248659848372,26.840295564894852,0.0,-468.16516154973203,-1.0769304370877157,434.72182178801216,-441.3248659848372,26.840295564894852,0.0,-468.16516154973203,-1.0769304370877157,13.420040806239633,0.0
C0-000538,Q8Y0.DE,Q8Y0.DE|swing|2026-02-03T23:00:00Z,EUR,2026-02-05T08:00:00Z,2026-03-02T16:30:00Z,stop,17,577.9741675919719,23.326658034324645,22.35453135231563,22.36571420942034,1.0,1.0,555.4007073017113,-561.8641098281064,26.40254741035463,0.0,-588.266657238461,-1.0591752036046576,555.4007073017113,-561.8641098281064,26.40254741035463,0.0,-588.266657238461,-1.0591752036046576,13.201136539433401,0.0
C0-000539,R6C0.DE,R6C0.DE|swing|2026-02-03T23:00:00Z,EUR,2026-02-05T08:00:00Z,2026-02-05T16:30:00Z,stop,0,411.3390939101753,32.776378320693965,32.02826349517277,32.04428563799177,1.0,1.0,301.13834076099033,-307.728874470656,26.65668264571208,0.0,-334.3855571163681,-1.1104051256686895,301.13834076099033,-307.728874470656,26.65668264571208,0.0,-334.3855571163681,-1.1104051256686895,13.328267722702872,0.0
C0-000540,LLY,LLY|swing|2026-02-04T05:00:00Z,USD,2026-02-05T14:30:00Z,2026-02-05T21:00:00Z,stop,0,14.945863544048073,1066.0327499999999,1028.7496849452427,1029.2643171037946,0.8460236886632826,0.8476012883539583,549.5359807951718,-557.227602812267,31.308332427160355,0.0,-588.5359352394274,-1.0709688824885009,464.92045752552605,-447.17128522681935,26.51184735265188,0.0,-473.68313257947125,-1.018847686549616,13.255815197456283,24.256466729414154
C0-000541,7203.T,7203.T|swing|2026-02-04T15:00:00Z,JPY,2026-02-06T00:00:00Z,2026-03-04T06:30:00Z,stop,16,670.9695361520928,3670.8345,3497.1077142857143,3498.8571428571427,0.005402193290475933,0.005465078150617554,115391.56755080575,-116565.38082790823,4809.470862684291,0.0,-121374.85169059252,-1.0518520050189317,623.3675520004632,-482.15236576810366,26.129247577574766,0.0,-508.2816133456784,-0.8153802868220204,13.064506516821428,147.55635244219292
C0-000542,OR.PA,OR.PA|swing|2026-02-04T23:00:00Z,EUR,2026-02-06T08:00:00Z,2026-02-13T08:00:00Z,stop,5,33.90779391524229,394.197,369.31525000000005,379.3214416503906,1.0,1.0,504.39736689271643,-843.6852512505782,25.889016024762952,0.0,-869.5742672753411,-1.7239865319524883,504.39736689271643,-843.6852512505782,25.889016024762952,0.0,-869.5742672753411,-1.7239865319524883,12.944300327142185,0.0
C0-000543,CAT,CAT|swing|2026-02-06T05:00:00Z,USD,2026-02-09T14:30:00Z,2026-03-09T13:30:00Z,stop,19,15.206038358286902,724.8622499999999,664.8873607177735,673.0242745535714,0.8478887569950823,0.8649770781074302,788.2502430543258,-911.9804669595446,21.13258588898875,0.0,-933.1130528485334,-1.1837776912480111,668.3485187844037,-600.4898852652641,18.090850080775347,0.0,-618.5807353460394,-0.9255361805411311,9.045277179233537,172.76809926885932
C0-000544,7011.T,7011.T|swing|2026-02-09T15:00:00Z,JPY,2026-02-12T00:00:00Z,2026-02-24T06:30:00Z,stop,7,432.7768293507382,5033.5154999999995,4745.7687857142855,4748.142857142857,0.005470758794244762,0.005481254110940584,123502.66755915477,-124530.11066466407,4232.247646490927,0.0,-128762.358311155,-1.0425876692054523,675.6533046619332,-659.7182998492448,23.175161929679675,0.0,-682.8934617789245,-1.0107157873232246,11.58741893211833,21.555898217738267
C0-000545,AZN,AZN|swing|2026-02-11T05:00:00Z,USD,2026-02-12T14:30:00Z,2026-03-06T21:00:00Z,stop,15,79.25700004797234,202.62126427459717,193.70595501708985,193.8028564453125,0.8403361344537815,0.8649770781074302,698.9205497486545,-706.6006662499457,31.41170643841398,170.64032110328446,-567.3720515850752,-0.8117833304359319,587.3281930660962,-215.4806818733375,26.774693355659373,145.188735729843,-97.06663949915387,-0.16526814248848815,13.387296154482794,378.30139060560816
C0-000546,SAF.PA,SAF.PA|swing|2026-02-12T23:00:00Z,EUR,2026-02-16T08:00:00Z,2026-03-05T16:30:00Z,stop,13,40.54309947262707,330.86536221313474,315.6849261278425,315.8428475516183,1.0,1.0,609.059306250859,-615.4619302438603,26.213152654263958,0.0,-641.6750828981242,-1.0535510685290004,609.059306250859,-615.4619302438603,26.213152654263958,0.0,-641.6750828981242,-1.0535510685290004,13.106425738254785,0.0
C0-000547,AMAT,AMAT|swing|2026-02-13T05:00:00Z,USD,2026-02-17T14:30:00Z,2026-04-15T20:00:00Z,tiempo,40,22.16541717733299,351.1755,394.0628797607422,315.1985778808594,0.8435259384226065,0.8488964346349746,797.4434875271709,950.6166640395583,16.51851958395656,10.196091901573176,944.2942363571748,1.1841519193860122,672.664266155353,848.7787786407379,13.980708698435766,8.675310049836789,843.4733799921388,1.2539292220962681,6.9905682915545295,46.90896502660246
C0-000548,BSP.DE,BSP.DE|swing|2026-02-17T23:00:00Z,EUR,2026-02-19T08:00:00Z,2026-03-02T16:30:00Z,objetivo,7,567.0905229173527,24.102045152664182,26.070530601501467,22.944286346435547,1.0,1.0,656.5540468363668,1116.3094425363356,28.45239222054029,0.0,1087.8570503157953,1.6569192674353013,656.5540468363668,1116.3094425363356,28.45239222054029,0.0,1087.8570503157953,1.6569192674353013,14.22647874424782,0.0
C0-000549,IQQK.DE,IQQK.DE|swing|2026-02-19T23:00:00Z,EUR,2026-02-23T08:00:00Z,2026-02-26T08:00:00Z,objetivo,3,152.235383286058,86.23309744262694,95.62216316986084,81.75,1.0,1.0,682.486057487059,1429.3480196834435,27.684805301928048,0.0,1401.6632143815154,2.0537609508720154,682.486057487059,1429.3480196834435,27.684805301928048,0.0,1401.6632143815154,2.0537609508720154,13.842763448658024,0.0
C0-000550,LLY,LLY|swing|2026-02-23T05:00:00Z,USD,2026-02-24T14:30:00Z,2026-03-17T20:00:00Z,stop,15,10.249347198413062,1043.471426147461,964.92854271916,965.4112483433315,0.8486082824168365,0.8672274737663689,800.0658646843799,-805.0132822211408,20.584788594195985,0.0,-825.5980708153368,-1.0319126302695456,678.9425192501527,-498.999228056215,17.652563803526547,0.0,-516.6517918597415,-0.7609654384738628,8.826159358495586,184.14171069220808
C0-000551,RRU.DE,RRU.DE|swing|2026-02-25T23:00:00Z,EUR,2026-02-27T08:00:00Z,2026-03-02T08:00:00Z,stop,1,873.0540419153662,15.687840305328368,15.192399809360506,15.202857834952217,1.0,1.0,423.4159060199979,-432.54632753329616,26.960118447446153,0.0,-459.50644598074234,-1.0852366182933144,423.4159060199979,-432.54632753329616,26.960118447446153,0.0,-459.50644598074234,-1.0852366182933144,13.479954457127771,0.0
C0-000552,MUV2.DE,MUV2.DE|swing|2026-02-26T23:00:00Z,EUR,2026-03-02T08:00:00Z,2026-03-03T16:30:00Z,stop,1,25.04607433316486,545.6727244262695,535.1037219412668,535.3714076450893,1.0,1.0,258.0075458309169,-264.712021866781,27.069207213255076,0.0,-291.7812290800361,-1.1309019204858934,258.0075458309169,-264.712021866781,27.069207213255076,0.0,-291.7812290800361,-1.1309019204858934,13.534540812255493,0.0
C0-000553,DTE.DE,DTE.DE|swing|2026-02-26T23:00:00Z,EUR,2026-03-02T08:00:00Z,2026-03-03T16:30:00Z,stop,1,403.7874316709332,33.84691683197021,32.17533369595664,32.19142941066197,1.0,1.0,668.465014013592,-674.9642613153651,26.658954973806495,0.0,-701.6232162891716,-1.0496034969376953,668.465014013592,-674.9642613153651,26.658954973806495,0.0,-701.6232162891716,-1.0496034969376953,13.329312078164238,0.0
C0-000554,EUNL.DE,EUNL.DE|swing|2026-03-01T23:00:00Z,EUR,2026-03-03T08:00:00Z,2026-03-09T08:00:00Z,stop,3,119.93644226865301,113.27160383605957,110.36979055023194,111.6800035749163,1.0,1.0,190.89087283538288,-348.0331616300757,26.822753186692513,0.0,-374.85591481676823,-1.9637183761008306,190.89087283538288,-348.0331616300757,26.822753186692513,0.0,-374.85591481676823,-1.9637183761008306,13.411292937878141,0.0
C0-000555,R6C0.DE,R6C0.DE|swing|2026-03-08T23:00:00Z,EUR,2026-03-10T08:00:00Z,2026-03-16T16:30:00Z,objetivo,4,360.2745912745796,36.11804847335815,39.38708175495693,35.51214272635324,1.0,1.0,218.2924453531132,1177.7496293909983,27.202579932140125,0.0,1150.547049458858,5.270668197416157,218.2924453531132,1177.7496293909983,27.202579932140125,0.0,1150.547049458858,5.270668197416157,13.601587803871173,0.0
C0-000556,EXH1.DE,EXH1.DE|swing|2026-03-09T23:00:00Z,EUR,2026-03-11T08:00:00Z,2026-03-16T16:30:00Z,objetivo,3,262.32301805742253,49.66481938934326,52.30240948499953,48.03928593226841,1.0,1.0,426.4148424131889,691.900594290919,26.74835122126956,0.0,665.1522430696494,1.5598712261172372,426.4148424131889,691.900594290919,26.74835122126956,0.0,665.1522430696494,1.5598712261172372,13.374351929368736,0.0
C0-000557,VRTX,VRTX|swing|2026-03-10T04:00:00Z,USD,2026-03-11T13:30:00Z,2026-03-16T20:00:00Z,stop,3,25.581060417126753,498.1289448852539,468.25433341762,468.4885777064732,0.8590327291469806,0.8712319219376199,758.2320235862087,-764.2242408917301,24.721109028366833,0.0,-788.945349920097,-1.040506501148057,651.3461245478986,-510.3663072407317,21.382369084270795,0.0,-531.7486763250025,-0.8163841869698556,10.69105962332268,146.12732809277134
C0-000558,BBVA.MC,BBVA.MC|swing|2026-03-31T22:00:00Z,EUR,2026-04-02T07:00:00Z,2026-06-02T15:30:00Z,tiempo,40,714.911673036868,18.364177042007444,19.97000954246521,17.61785806928362,1.0,1.0,533.5521454091455,1148.0283995192383,27.40555746561281,428.9470038221208,1549.569845875746,2.9042519259059194,533.5521454091455,1148.0283995192383,27.40555746561281,428.9470038221208,1549.569845875746,2.9042519259059194,13.703069165672357,0.0
C0-000559,MRVL,MRVL|swing|2026-04-01T04:00:00Z,USD,2026-04-02T13:30:00Z,2026-04-10T20:00:00Z,objetivo,5,109.31230763904361,102.35115305328368,123.63885994148255,95.38285827636719,0.8616975441619991,0.853898044573478,761.7203823738365,2327.0083642925824,24.703489823835348,6.558738458342616,2308.86361292709,3.031117016629795,656.3725828296738,1899.7652130074362,21.181524333681942,5.600493944447628,1884.184182618202,2.8706015941362693,10.591239755952603,-105.41217974791218
C0-000560,ENR.DE,ENR.DE|swing|2026-04-07T22:00:00Z,EUR,2026-04-09T07:00:00Z,2026-06-05T15:30:00Z,tiempo,40,37.9628434626956,162.70130511474608,157.94099427032472,145.0357208251953,1.0,1.0,670.6358110612704,-180.7149354205402,12.172493419074222,0.0,-192.88742883961442,-0.28761874277839883,670.6358110612704,-180.7149354205402,12.172493419074222,0.0,-192.88742883961442,-0.28761874277839883,6.0862030523528015,0.0
C0-000561,ASML.AS,ASML.AS|swing|2026-04-07T22:00:00Z,EUR,2026-04-09T07:00:00Z,2026-05-22T15:30:00Z,objetivo,30,5.546210252809865,1207.6035,1400.7707259739468,1086.6856515066963,1.0,1.0,670.6358110612704,1071.3460492035442,14.466591875261699,14.974767682586636,1071.8542250108692,1.5982657164022858,670.6358110612704,1071.3460492035442,14.466591875261699,14.974767682586636,1071.8542250108692,1.5982657164022858,7.233565582533826,0.0
C0-000562,EXSA.DE,EXSA.DE|swing|2026-04-07T22:00:00Z,EUR,2026-04-09T07:00:00Z,2026-06-05T15:30:00Z,tiempo,40,219.87884117125324,61.00048622131347,62.608679389953615,58.29428373064314,1.0,1.0,595.0366676233526,353.6076503001202,27.17904009275093,0.0,326.4286102073693,0.5485857056694742,595.0366676233526,353.6076503001202,27.17904009275093,0.0,326.4286102073693,0.5485857056694742,13.589611845689879,0.0
C0-000563,EUNN.DE,EUNN.DE|swing|2026-04-07T22:00:00Z,EUR,2026-04-09T07:00:00Z,2026-06-05T15:30:00Z,tiempo,40,207.97414528427106,64.4922290840149,68.56569847488403,62.29428318568638,1.0,1.0,457.11591958594175,847.1763149076487,27.67260875735846,0.0,819.5037061502902,1.792769997799686,457.11591958594175,847.1763149076487,27.67260875735846,0.0,819.5037061502902,1.792769997799686,13.836519631888928,0.0
C0-000564,IQQT.DE,IQQT.DE|swing|2026-04-07T22:00:00Z,EUR,2026-04-09T07:00:00Z,2026-04-17T15:30:00Z,objetivo,6,98.98128001826582,122.26109694671631,132.95491426222665,115.48571668352399,1.0,1.0,670.6358110612704,1058.487726170709,25.26160747061725,0.0,1033.2261187000918,1.5406664864273025,670.6358110612704,1058.487726170709,25.26160747061725,0.0,1033.2261187000918,1.5406664864273025,12.631071515006536,0.0
C0-000565,IQQK.DE,IQQK.DE|swing|2026-04-07T22:00:00Z,EUR,2026-04-09T07:00:00Z,2026-05-04T07:00:00Z,objetivo,16,88.53259985504342,84.36215969467163,102.06894274520874,76.78714425223214,1.0,1.0,670.6358110612704,1567.6275385332672,16.50523019284454,0.0,1551.1223083404227,2.3129130338056307,670.6358110612704,1567.6275385332672,16.50523019284454,0.0,1551.1223083404227,2.3129130338056307,8.253009066558937,0.0
C0-000566,INTC,INTC|swing|2026-04-08T04:00:00Z,USD,2026-04-09T13:30:00Z,2026-04-16T20:00:00Z,objetivo,5,134.0894855976577,58.42920152664184,68.47503114768438,52.57714407784598,0.8542627712284298,0.8487523340689187,784.6993729969781,1347.0401262873063,17.016523279465865,0.0,1330.0236030078404,1.6949466875806491,670.3394609576098,1100.130600152038,14.48598670230355,0.0,1085.6446134497344,1.6195445392679741,7.243270194618928,-50.595631086049785
C0-000567,Q8Y0.DE,Q8Y0.DE|swing|2026-04-09T22:00:00Z,EUR,2026-04-13T07:00:00Z,2026-04-29T15:30:00Z,objetivo,12,576.0660109005843,23.706847194671628,25.612188044684274,22.59999874659947,1.0,1.0,637.6177701524297,1097.6021028727134,28.411019891801097,0.0,1069.1910829809124,1.6768527055406726,637.6177701524297,1097.6021028727134,28.411019891801097,0.0,1069.1910829809124,1.6768527055406726,14.2057878978713,0.0
C0-000568,VVSM.DE,VVSM.DE|swing|2026-04-09T22:00:00Z,EUR,2026-04-13T07:00:00Z,2026-04-23T15:30:00Z,objetivo,8,183.90767083616132,65.88292347335815,72.8585529575348,62.16999816894531,1.0,1.0,682.8354447232097,1282.8717710509811,25.515621778775696,0.0,1257.3561492722054,1.8413750472222195,682.8354447232097,1282.8717710509811,25.515621778775696,0.0,1257.3561492722054,1.8413750472222195,12.758134796861611,0.0
C0-000569,AVGO,AVGO|swing|2026-04-15T04:00:00Z,USD,2026-04-16T13:30:00Z,2026-05-06T13:30:00Z,objetivo,14,33.578646518681914,395.1975,435.34221755981446,370.93715122767856,0.8488964346349746,0.8557247989046722,814.6296758457203,1348.0052805333328,27.888399595666925,0.0,1320.1168809376659,1.6205116509746178,691.536227373277,1244.1352877293964,23.774181395652647,0.0,1220.3611063337437,1.764710304432132,11.887404703499042,99.81841121553049
C0-000570,8035.T,8035.T|swing|2026-04-15T15:00:00Z,JPY,2026-04-17T00:00:00Z,2026-05-07T06:30:00Z,objetivo,10,44.433189995836614,45142.56,51198.67357142857,42217.142857142855,0.005338743259836635,0.005442473059758354,129985.61572564892,269092.4449556503,4280.748335712558,0.0,264811.6966199378,2.037238467822904,693.9598298310231,1672.5925137071356,23.089793361269507,0.0,1649.502720345866,2.3769426549480746,11.545317715091926,235.97703692719656
C0-000571,EQQQ.DE,EQQQ.DE|swing|2026-04-15T22:00:00Z,EUR,2026-04-17T07:00:00Z,2026-04-30T15:30:00Z,objetivo,9,25.34200546249569,546.5731377868652,570.0326664047242,531.1214294433594,1.0,1.0,391.5772772460156,594.5115023813554,28.29703038927765,0.0,566.2144719920777,1.4459839855220789,391.5772772460156,594.5115023813554,28.29703038927765,0.0,566.2144719920777,1.4459839855220789,14.148667359679646,0.0
C0-000572,ARM,ARM|swing|2026-04-22T04:00:00Z,USD,2026-04-23T13:30:00Z,2026-04-24T20:00:00Z,objetivo,1,50.45523733998168,194.51720816802978,224.20890618678504,178.06930106026786,0.8522969402539845,0.8538251366120219,829.8830568680993,1498.1016705633606,21.126925480220493,0.0,1476.97474508314,1.7797384015250342,707.3067901373045,1294.115212056697,18.02370168581203,0.0,1276.0915103708849,1.8041556056929218,9.012176624752264,17.287742046162126
C0-000573,IFX.DE,IFX.DE|swing|2026-04-22T22:00:00Z,EUR,2026-04-24T07:00:00Z,2026-05-05T15:30:00Z,objetivo,6,202.45922825038946,52.72635076332092,59.52914888926915,49.21071188790457,1.0,1.0,711.7735335238614,1377.2892585226741,22.727161826525247,0.0,1354.562096696149,1.90308016932009,711.7735335238614,1377.2892585226741,22.727161826525247,0.0,1354.562096696149,1.90308016932009,11.363928076558647,0.0
C0-000574,ARM,ARM|swing|2026-04-24T04:00:00Z,USD,2026-04-27T13:30:00Z,2026-04-27T20:00:00Z,stop,0,63.509260918807406,224.60225049591062,211.22362438310896,211.32928902762276,0.8538251366120219,0.8511362669163333,842.9559730547708,-849.6666565330913,27.678979202859164,0.0,-877.3456357359505,-1.0407965110639832,719.7369988514095,-761.537011820035,23.59693793643155,0.0,-785.1339497564666,-1.0908622885990586,11.798281533531952,-36.07026273098707
C0-000575,GOOGL,GOOGL|swing|2026-04-30T04:00:00Z,USD,2026-05-01T13:30:00Z,2026-06-02T20:00:00Z,stop,21,44.25760217319656,381.8208198852539,365.06592831856864,365.24855259486606,0.8545547769612033,0.8584427847883939,733.4488128458638,-741.5313254134029,33.0554165704372,0.0,-774.58674198384,-1.0560883437500654,626.7721866739565,-570.8608170185985,28.310482454089424,0.0,-599.1712994726879,-0.9559634460684414,14.15510205061557,62.81831937979513
C0-000576,QCOM,QCOM|swing|2026-04-30T04:00:00Z,USD,2026-05-01T13:30:00Z,2026-05-07T20:00:00Z,objetivo,4,57.715083053099605,179.2195698852539,201.9789569279807,164.5800051007952,0.8545547769612033,0.8496176720475785,844.9236973962652,1313.5599134086171,22.00090463474505,0.0,1291.5590087738722,1.5286102316149586,722.0335817777006,1064.955920088468,18.743425174349653,0.0,1046.2124949141185,1.4489803816856621,9.3719811691493,-57.552978739609834
C0-000577,AAPL,AAPL|swing|2026-05-01T04:00:00Z,USD,2026-05-04T13:30:00Z,2026-05-13T20:00:00Z,objetivo,7,60.61420419588549,279.79983366394043,300.3019201845442,266.59859357561385,0.8545547769612033,0.8536064874093043,800.1826623527371,1242.7176588015884,35.16240616216335,16.365835132889085,1223.9210877723142,1.5295521202292488,683.7999165550651,1044.7090124654355,30.030940856049234,13.91061209765328,1028.5886837070395,1.5042246405776056,15.015735359210167,-17.261299277504534
C0-000578,IFX.DE,IFX.DE|swing|2026-05-04T22:00:00Z,EUR,2026-05-06T07:00:00Z,2026-05-14T15:30:00Z,objetivo,6,183.72349861056523,59.74986122131347,67.55584783962794,55.77357155936105,1.0,1.0,730.5378481829206,1434.1431716239895,23.389050261774894,0.0,1410.7541213622146,1.9311170870492305,730.5378481829206,1434.1431716239895,23.389050261774894,0.0,1410.7541213622146,1.9311170870492305,11.6948865904005,0.0
C0-000579,TSM,TSM|swing|2026-05-06T04:00:00Z,USD,2026-05-07T13:30:00Z,2026-05-12T20:00:00Z,stop,3,31.74819430856198,418.29904133605953,390.44181870814737,390.6371372767857,0.8501955449753444,0.8519338899301414,878.2155050186243,-884.4165168878251,25.67606196995701,0.0,-910.0925788577821,-1.0362975530003673,746.6549098951066,-730.3787666634123,21.851221715265545,0.0,-752.2299883786778,-1.0074667405379474,10.92543099429681,21.548215897228985
C0-000580,AMAT,AMAT|swing|2026-05-06T04:00:00Z,USD,2026-05-07T13:30:00Z,2026-05-19T20:00:00Z,stop,8,31.00383821669532,426.57316534423825,398.0480164969308,398.2471400669643,0.8501955449753444,0.8605851979345955,878.2155050186244,-884.3890999690727,25.5664217118637,0.0,-909.9555216809364,-1.036141489737919,746.6549098951067,-623.68479623521,21.86467671697069,0.0,-645.5494729521807,-0.8645888005248239,10.932185170331223,128.2188765832515
C0-000581,AMD,AMD|swing|2026-05-06T04:00:00Z,USD,2026-05-07T13:30:00Z,2026-05-26T20:00:00Z,objetivo,12,20.380981082857275,417.2785423278808,491.94605567496166,374.1885899135045,0.8501955449753444,0.8595495960116899,878.2155050186244,1521.7971770308477,18.530889331964445,0.0,1503.2662876988832,1.7117282479167835,746.6549098951067,1387.6121067781714,15.848666480977796,0.0,1371.7634402971937,1.8372121071163987,7.924682124685257,93.78692651048898
C0-000582,ARM,ARM|swing|2026-05-06T04:00:00Z,USD,2026-05-07T13:30:00Z,2026-05-12T20:00:00Z,stop,3,46.86980743284201,222.50620177459714,203.6669776120867,203.76886204310824,0.8501955449753444,0.8519338899301414,878.2155050186244,-882.990808681009,19.974654850895906,0.0,-902.9654635319049,-1.028182101513632,746.6549098951067,-734.1209028615388,16.998956515585085,0.0,-751.1198593771238,-1.005979937214428,8.499296852389769,16.593948933231463
C0-000583,PANW,PANW|swing|2026-05-07T04:00:00Z,USD,2026-05-08T13:30:00Z,2026-05-13T20:00:00Z,objetivo,3,67.23081058711625,194.94743110656736,218.27580092021398,181.96000235421317,0.8496176720475785,0.8536064874093043,873.1553624631922,1568.3852122474761,27.78133284258853,0.0,1540.6038794048877,1.7644098010906184,741.848226391837,1391.0630960232727,23.66204663921873,0.0,1367.401049384054,1.843235584770147,11.831374043225738,58.535303119725384
C0-000584,ARM,ARM|swing|2026-05-21T04:00:00Z,USD,2026-05-22T13:30:00Z,2026-06-01T13:30:00Z,objetivo,5,27.113637399768578,290.22004971313476,389.75503720092775,257.74929591587613,0.8621432882145013,0.8588114050154585,880.400244556029,2698.7555593345214,18.436597947464016,0.0,2680.3189613870572,3.044432322640593,759.0311617863858,2291.5037273842636,15.859778913287785,0.0,2275.643948470976,2.9980902801345204,7.9304643151913385,-35.210264627565785
C0-000585,IQQT.DE,IQQT.DE|swing|2026-05-24T22:00:00Z,EUR,2026-05-26T07:00:00Z,2026-06-18T15:30:00Z,objetivo,17,92.9502229213136,165.76283267211915,179.1803529297965,159.01999991280692,1.0,1.0,626.7478080992071,1247.161499002351,32.06254599688611,0.0,1215.098953005465,1.938736661386343,626.7478080992071,1247.161499002351,32.06254599688611,0.0,1215.098953005465,1.938736661386343,16.031588796715557,0.0
C0-000586,Q8Y0.DE,Q8Y0.DE|swing|2026-05-24T22:00:00Z,EUR,2026-05-26T07:00:00Z,2026-06-08T07:00:00Z,stop,9,502.76578644359137,28.884435839653012,27.021482347488405,27.352142606462753,1.0,1.0,770.384612447094,-936.6292775959736,28.107582924209233,0.0,-964.7368605201829,-1.2522795042021118,770.384612447094,-936.6292775959736,28.107582924209233,0.0,-964.7368605201829,-1.2522795042021118,14.053560818172965,0.0
C0-000587,IQQK.DE,IQQK.DE|swing|2026-05-31T22:00:00Z,EUR,2026-06-02T07:00:00Z,2026-06-04T15:30:00Z,stop,2,89.47571643467946,130.80537549591062,122.04180806732178,122.10285949707031,1.0,1.0,778.663853780497,-784.1264741966083,22.623682897811126,0.0,-806.7501570944195,-1.0360698691451522,778.663853780497,-784.1264741966083,22.623682897811126,0.0,-806.7501570944195,-1.0360698691451522,11.311648245196888,0.0
C0-000588,EQQQ.DE,EQQQ.DE|swing|2026-05-31T22:00:00Z,EUR,2026-06-02T07:00:00Z,2026-06-08T07:00:00Z,stop,4,24.328688067250347,640.1198877868652,617.2911755981446,625.7286028180804,1.0,1.0,350.1210828924745,-555.3926178164195,30.591161533403458,0.0,-585.983779349823,-1.6736603648909203,350.1210828924745,-555.3926178164195,30.591161533403458,0.0,-585.983779349823,-1.6736603648909203,15.295445742406232,0.0
C0-000589,MSFT,MSFT|swing|2026-06-01T04:00:00Z,USD,2026-06-02T13:30:00Z,2026-06-03T20:00:00Z,stop,1,40.55764273147394,447.1034448852539,436.0218615243095,436.239981515067,0.858663918942126,0.8610297916307904,440.5964661944955,-449.4428988522301,35.81748066448253,0.0,-485.26037951671265,-1.1013714742380636,378.32428833461745,-344.08226356848866,30.79701645129907,0.0,-374.8792800197877,-0.9908940334494656,15.398426054688544,41.83813730067779
C0-000590,ORCL,ORCL|swing|2026-06-01T04:00:00Z,USD,2026-06-02T13:30:00Z,2026-06-04T20:00:00Z,stop,2,54.02842062194518,242.92140305328368,226.02692285374232,226.1399928501674,0.858663918942126,0.859106529209622,906.673089083369,-912.7820824099451,25.336537402061833,0.0,-938.118619812007,-1.034682324982678,778.5274678716889,-778.3679375846342,21.76097560051581,0.0,-800.12891318515,-1.0277465422928678,10.880295928347035,5.405102437644419
C0-000591,IS3N.DE,IS3N.DE|swing|2026-06-01T22:00:00Z,EUR,2026-06-03T07:00:00Z,2026-06-04T15:30:00Z,stop,1,316.2286739790381,49.3146459159851,47.891040691648215,47.91499819074358,1.0,1.0,442.6087441909035,-450.1847923616854,30.739225379153826,0.0,-480.92401774083925,-1.0865669150300605,442.6087441909035,-450.1847923616854,30.739225379153826,0.0,-480.92401774083925,-1.0865669150300605,15.36950398575204,0.0
C0-000592,SU.PA,SU.PA|swing|2026-06-01T22:00:00Z,EUR,2026-06-03T07:00:00Z,2026-06-05T15:30:00Z,stop,2,52.62240340248341,285.24255610656735,270.28979055023194,270.4250030517578,1.0,1.0,779.7352542878878,-786.850461088241,29.233447248902344,0.0,-816.0839083371434,-1.0466166610389471,779.7352542878878,-786.850461088241,29.233447248902344,0.0,-816.0839083371434,-1.0466166610389471,14.616530565966341,0.0
C0-000593,8035.T,8035.T|swing|2026-06-02T15:00:00Z,JPY,2026-06-04T00:00:00Z,2026-06-08T06:30:00Z,stop,2,32.91284381651664,59929.95,55537.93142857143,55565.71428571428,0.005386189809328881,0.005374032674118658,143639.40844274967,-144553.82128066904,3800.376347282634,0.0,-148354.19762795168,-1.0328237858698868,773.6691179723672,-800.8164834580806,20.44732618897165,0.0,-821.2638096470522,-1.061518148481125,10.223465446230335,-22.222164376592154
C0-000594,MRVL,MRVL|swing|2026-06-03T04:00:00Z,USD,2026-06-04T13:30:00Z,2026-06-09T20:00:00Z,stop,3,38.565184072607686,283.09148721313477,259.564436479841,259.6942836216518,0.8610297916307904,0.8640801866413204,902.3174632898192,-907.3250422150542,20.927625585310558,0.0,-928.2526678003647,-1.0287428821514621,776.9222174012564,-750.6989795968417,18.049844009490133,0.0,-768.7488236063318,-0.9894797785262676,9.024736586183078,30.534912442984282
C0-000595,EXV1.DE,EXV1.DE|swing|2026-06-03T22:00:00Z,EUR,2026-06-05T07:00:00Z,2026-06-16T15:30:00Z,objetivo,7,409.78455659814125,37.45371887397766,39.47382408727919,36.20428684779576,1.0,1.0,511.99794884846705,827.8079191143626,31.523719082563098,0.0,796.2842000317995,1.5552488087554253,511.99794884846705,827.8079191143626,31.523719082563098,0.0,796.2842000317995,1.5552488087554253,15.762070433775506,0.0
C0-000596,MRVL,MRVL|swing|2026-06-09T04:00:00Z,USD,2026-06-10T13:30:00Z,2026-07-15T20:00:00Z,stop,23,14.610346101001001,263.63175,205.04886558096752,205.15144130161832,0.8640801866413204,0.8767315448009819,854.4175501767359,-855.9162169570037,6.8475860044681385,0.87662076606006,-861.8871821954117,-1.008742367261921,738.2852762263336,-701.6788642694277,5.954764773011435,0.7669473018898163,-706.8666817405493,-0.9574438289676085,2.9772077110916584,37.901380228113325
C0-000597,AMAT,AMAT|swing|2026-06-11T04:00:00Z,USD,2026-06-12T13:30:00Z,2026-06-25T20:00:00Z,objetivo,8,13.937515710412466,548.8943051147461,649.7142739148821,487.7071620396205,0.8667764583513912,0.881678716275789,852.7967678848179,1405.1798990751909,16.705625900860607,0.0,1388.4742731743302,1.6281420444617152,739.1841621607158,1352.9228058916217,14.614989202515886,0.0,1338.3078166891057,1.810520145314107,7.307834658917494,134.94594962466152
C0-000598,IS3N.DE,IS3N.DE|swing|2026-06-14T22:00:00Z,EUR,2026-06-16T07:00:00Z,2026-07-02T15:30:00Z,stop,12,307.33771488232213,48.9024373512268,47.045178695406236,47.0687130519322,1.0,1.0,563.5726358693902,-570.8056312253059,29.48832106417862,0.0,-600.2939522894845,-1.0651580898058448,563.5726358693902,-570.8056312253059,29.48832106417862,0.0,-600.2939522894845,-1.0651580898058448,14.744021516684622,0.0
C0-000599,DBK.DE,DBK.DE|swing|2026-06-14T22:00:00Z,EUR,2026-06-16T07:00:00Z,2026-07-07T15:30:00Z,objetivo,15,480.86189570729954,29.844914923667908,32.510523138454985,28.282141549246653,1.0,1.0,751.478167385098,1281.7894193754646,29.984354154211516,0.0,1251.805065221253,1.665790331044655,751.478167385098,1281.7894193754646,29.984354154211516,0.0,1251.805065221253,1.665790331044655,14.992501272585375,0.0
C0-000600,BBVA.MC,BBVA.MC|swing|2026-06-16T22:00:00Z,EUR,2026-06-18T07:00:00Z,2026-07-27T15:30:00Z,objetivo,27,701.4605219235096,21.530760457992553,23.11343654680252,20.649999618530273,1.0,1.0,617.8189581389992,1110.1847952924993,31.316141731839544,0.0,1078.8686535606598,1.746253719391259,617.8189581389992,1110.1847952924993,31.316141731839544,0.0,1078.8686535606598,1.746253719391259,15.658352326705678,0.0
C0-000601,EUNN.DE,EUNN.DE|swing|2026-06-17T22:00:00Z,EUR,2026-06-19T07:00:00Z,2026-06-23T15:30:00Z,stop,2,212.30870072166277,71.75586122131347,69.75796223940168,69.79285866873605,1.0,1.0,416.7625214510199,-424.1713370228247,30.044615993099193,0.0,-454.21595301592384,-1.0898675615900018,416.7625214510199,-424.1713370228247,30.044615993099193,0.0,-454.21595301592384,-1.0898675615900018,15.022205709264425,0.0
C0-000602,SU.PA,SU.PA|swing|2026-06-17T22:00:00Z,EUR,2026-06-19T07:00:00Z,2026-07-02T07:00:00Z,stop,9,44.605983416218706,289.09448721313476,271.86400000000003,272.01786150251115,1.0,1.0,761.7196832530503,-768.582826882456,25.022104977816223,0.0,-793.6049318602721,-1.0418595571418747,761.7196832530503,-768.582826882456,25.022104977816223,0.0,-793.6049318602721,-1.0418595571418747,12.510863470915332,0.0
C0-000603,IQQK.DE,IQQK.DE|swing|2026-06-17T22:00:00Z,EUR,2026-06-19T07:00:00Z,2026-06-23T07:00:00Z,stop,2,70.96834665902118,135.08751427459717,122.45873664474487,124.35428292410714,1.0,1.0,761.7196832530504,-896.2434687150495,18.277631615975118,0.0,-914.5211003310246,-1.2006005889534197,761.7196832530504,-896.2434687150495,18.277631615975118,0.0,-914.5211003310246,-1.2006005889534197,9.13859403176884,0.0
C0-000604,SAF.PA,SAF.PA|swing|2026-06-17T22:00:00Z,EUR,2026-06-19T07:00:00Z,2026-08-10T15:30:00Z,objetivo,36,39.98052945243259,333.26655610656735,362.2473506066459,314.2142900739397,1.0,1.0,761.7196832530504,1158.6675080652874,27.80701423192408,0.0,1130.8604938333633,1.4846150345017155,761.7196832530504,1158.6675080652874,27.80701423192408,0.0,1130.8604938333633,1.4846150345017155,13.90380025878602,0.0
C0-000605,AIR.PA,AIR.PA|swing|2026-06-17T22:00:00Z,EUR,2026-06-19T07:00:00Z,2026-07-03T15:30:00Z,objetivo,10,72.73337976710718,191.35562450408935,208.42145582962038,180.8828582763672,1.0,1.0,761.7196832530504,1241.255590841243,29.077138206097025,0.0,1212.178452635146,1.5913707880809074,761.7196832530504,1241.255590841243,29.077138206097025,0.0,1212.178452635146,1.5913707880809074,14.538883051664786,0.0
C0-000606,ITX.MC,ITX.MC|swing|2026-06-18T22:00:00Z,EUR,2026-06-22T07:00:00Z,2026-07-14T15:30:00Z,stop,16,273.78004956159555,55.447708168029784,52.936377043315346,52.962858472551616,1.0,1.0,680.3022727811284,-687.5523597898964,29.673400220850265,0.0,-717.2257600107466,-1.0542751196150972,680.3022727811284,-687.5523597898964,29.673400220850265,0.0,-717.2257600107466,-1.0542751196150972,14.83653193146636,0.0
C0-000607,IQQT.DE,IQQT.DE|swing|2026-06-21T22:00:00Z,EUR,2026-06-23T07:00:00Z,2026-06-23T15:30:00Z,stop,0,85.3672829935837,178.38915305328368,176.59165050070627,176.67999049595423,1.0,1.0,145.9065637135803,-153.44790908756508,30.303746714283204,0.0,-183.75165580184827,-1.2593789554427395,145.9065637135803,-153.44790908756508,30.303746714283204,0.0,-183.75165580184827,-1.2593789554427395,15.15183878312174,0.0
C0-000608,ZPRR.DE,ZPRR.DE|swing|2026-06-23T22:00:00Z,EUR,2026-06-25T07:00:00Z,2026-07-08T15:30:00Z,stop,9,193.74963139385423,77.04850713729859,75.08815539387295,75.12571825299945,1.0,1.0,372.53963758115816,-379.81742769101595,29.47642228690568,0.0,-409.29384997792164,-1.0986585283525878,372.53963758115816,-379.81742769101595,29.47642228690568,0.0,-409.29384997792164,-1.0986585283525878,14.738119873625415,0.0
C0-000609,6857.T,6857.T|swing|2026-06-24T15:00:00Z,JPY,2026-06-26T00:00:00Z,2026-06-26T06:30:00Z,stop,0,57.868886936885374,34517.25,32107.509642857145,32123.571428571428,0.005447513210219535,0.005447513210219535,138519.51461324535,-139448.99227474965,3855.500682969664,0.0,-143304.4929577193,-1.034543712904524,754.5868857288519,-759.6502275685006,21.00289090248768,0.0,-780.6531184709883,-1.034543712904524,10.501258164000461,0.0
C0-000610,AMAT,AMAT|swing|2026-06-25T04:00:00Z,USD,2026-06-26T13:30:00Z,2026-07-07T13:30:00Z,stop,6,12.760087466038819,643.0813897705078,545.0773005981446,576.3557216099331,0.881678716275789,0.8760402978537013,851.4253619588152,-1250.540749868823,15.16100881263814,0.0,-1265.7017586814611,-1.4865680718854193,750.6836201364971,-1141.7916826873973,13.32792226768023,0.0,-1155.1196049550774,-1.5387569063316469,6.663677351838445,-39.216519692490394
C0-000611,CAT,CAT|swing|2026-06-25T04:00:00Z,USD,2026-06-26T13:30:00Z,2026-07-02T20:00:00Z,stop,4,15.115673845253443,1032.3659005737304,975.5505636465891,976.0385829380581,0.881678716275789,0.8772699359592947,851.4253619588153,-858.8021023988517,30.351010381668857,0.0,-889.1531127805206,-1.044311283768794,750.6836201364972,-822.1998688537653,26.69482753730714,0.0,-848.8946963910724,-1.1308288520225305,13.347211555487586,-65.01233367579756
C0-000612,AIR.PA,AIR.PA|swing|2026-07-21T22:00:00Z,EUR,2026-07-23T07:00:00Z,2026-08-27T15:30:00Z,final,25,71.01974823717062,206.95343110656736,203.29829389953613,197.8300040108817,1.0,1.0,647.943495395776,-259.58692421567304,29.135974223798428,0.0,-288.72289843947146,-0.4455988839939108,647.943495395776,-259.58692421567304,29.135974223798428,0.0,-288.72289843947146,-0.4455988839939108,14.567925857148282,0.0
C0-000613,EXH1.DE,EXH1.DE|swing|2026-07-26T22:00:00Z,EUR,2026-07-28T07:00:00Z,2026-08-18T15:30:00Z,objetivo,15,280.7028558318508,52.52625,55.15169676862444,51.04714366367885,1.0,1.0,415.1893726843314,736.9704057873854,30.22550716806289,0.0,706.7448986193225,1.7022229977853043,415.1893726843314,736.9704057873854,30.22550716806289,0.0,706.7448986193225,1.7022229977853043,15.112941604867293,0.0
C0-000614,OR.PA,OR.PA|swing|2026-07-29T22:00:00Z,EUR,2026-07-31T07:00:00Z,2026-08-17T07:00:00Z,stop,11,37.71722815014785,391.2455127868652,376.51166220092773,376.8785705566406,1.0,1.0,541.881237917375,-555.7200040799938,28.95767253292757,0.0,-584.6776766129213,-1.0789775244111182,541.881237917375,-555.7200040799938,28.95767253292757,0.0,-584.6776766129213,-1.0789775244111182,14.478700956137594,0.0
C0-000615,MA,MA|swing|2026-07-30T04:00:00Z,USD,2026-07-31T13:30:00Z,2026-08-27T20:00:00Z,final,19,29.813678592183354,567.9638326721191,591.4341154785157,552.3999808175223,0.871383757406762,0.8587376556462,464.015676849306,699.7354680575536,34.56591778659988,0.0,665.1695502709537,1.433506632335128,404.33572398859013,386.751601491223,29.89719279924509,0.0,356.85440869197794,0.8825695765186653,14.948696824695691,-222.98651985554662
C0-000616,R6C0.DE,R6C0.DE|swing|2026-07-30T22:00:00Z,EUR,2026-08-03T07:00:00Z,2026-08-27T15:30:00Z,final,18,378.87717296944965,38.92445127868652,38.75061545753479,38.15428652082171,1.0,1.0,291.7978461805207,-65.86242447878902,29.429309695232867,127.71486512894779,32.42313095492591,0.11111504549923011,291.7978461805207,-65.86242447878902,29.429309695232867,127.71486512894779,32.42313095492591,0.11111504549923011,14.714642060668243,0.0
C0-000617,AMZN,AMZN|swing|2026-08-03T04:00:00Z,USD,2026-08-04T13:30:00Z,2026-08-14T20:00:00Z,stop,8,62.09295537545843,276.19802755737305,263.82371716853555,263.95569501604353,0.8669267446900737,0.864528399757932,760.1626081802963,-768.3575027761585,33.53154609704305,0.0,-801.8890488732015,-1.054891466962301,659.0052953448602,-705.3983823028593,29.030105388671743,0.0,-734.428487691531,-1.1144500550745977,14.514879973458497,-39.28871366293036
C0-000618,MSFT,MSFT|swing|2026-08-03T04:00:00Z,USD,2026-08-04T13:30:00Z,2026-08-27T20:00:00Z,final,17,30.126421933013898,481.1404438934326,504.8074675598145,452.67713710239957,0.8669267446900737,0.8587376556462,857.4975899954802,713.002740872047,29.70308278441435,27.41504395904265,710.7147020466753,0.828824139377956,743.3875942743651,493.58112873297955,25.625856849185777,23.46977481298061,491.4250466967744,0.661061672917025,12.813055023136947,-124.54001636632444
C0-000619,PLTR,PLTR|swing|2026-08-04T04:00:00Z,USD,2026-08-05T13:30:00Z,2026-08-27T20:00:00Z,final,16,52.84084008757793,162.081,185.83702767944337,145.8385729108538,0.8684324793747287,0.8587376556462,858.2634924517178,1255.2884597255425,18.384280864194977,0.0,1236.9041788613474,1.4411706774664312,745.343892706659,994.9321880601223,15.87030553106441,0.0,979.0618825290578,1.3135706780579768,7.93540348242926,-95.20108134981452
C0-000620,RACE.MI,RACE.MI|swing|2026-08-05T22:00:00Z,EUR,2026-08-07T07:00:00Z,2026-08-27T15:30:00Z,final,14,37.09527035194371,355.37761221313474,355.6220877990723,335.35001046316967,1.0,1.0,742.9293014160153,9.068887954803284,26.374726092103693,0.0,-17.30583813730041,-0.02329405786568879,742.9293014160153,9.068887954803284,26.374726092103693,0.0,-17.30583813730041,-0.02329405786568879,13.187368610114117,0.0
C0-000621,IQQT.DE,IQQT.DE|swing|2026-08-18T22:00:00Z,EUR,2026-08-20T07:00:00Z,2026-08-27T15:30:00Z,final,5,89.7481355528584,166.2030551147461,172.85353244018555,159.34285845075334,1.0,1.0,615.6898601192886,596.8679404947512,30.429696579969608,0.0,566.4382439147817,0.92000580260496,615.6898601192886,596.8679404947512,30.429696579969608,0.0,566.4382439147817,0.92000580260496,15.215001310720215,0.0
C0-000622,LLY,LLY|swing|2026-08-19T04:00:00Z,USD,2026-08-20T13:30:00Z,2026-08-26T20:00:00Z,stop,4,10.015497271825355,1274.767069885254,1187.7629642857144,1188.357142857143,0.8616975441619991,0.856971462850287,865.4383884086742,-871.3893822697937,24.663462839027332,0.0,-896.0528451088211,-1.035374507429049,745.7461339152728,-807.095727576154,21.196223722055148,0.0,-828.2919512982091,-1.1106888975066609,10.597912736573717,-56.221636865430916
C0-000623,ABBV,ABBV|swing|2026-08-19T04:00:00Z,USD,2026-08-20T13:30:00Z,2026-08-27T20:00:00Z,final,5,65.11392054781622,265.82284744262694,258.0209188995361,253.4314248221261,0.8616975441619991,0.8587376556462,806.854107985704,-508.0141552745546,34.10952138107241,0.0,-542.123676655627,-0.6718980188488208,695.2642033483015,-487.48290767520587,29.342362448935702,0.0,-516.8252701241415,-0.7433508983134448,14.671063021506102,-49.728357675589635
