position_id,asset,signal_id,currency,entry_ts,exit_ts,exit_reason,bars_held,units,entry_eff,exit_eff,stop,fx_entry,fx_exit,risk_local,pnl_bruto_local,fees_local,dividends_local,pnl_neto_local,trade_R_local,risk_eur,pnl_bruto_eur,fees_eur,dividends_eur,pnl_neto_eur,trade_R_eur,slippage_eur,fx_eur
S2-000001,AZN,AZN|swing|2022-11-10T05:00:00Z,USD,2022-11-11T14:30:00Z,2022-12-13T21:00:00Z,objetivo,21,78.00709907353567,127.6037709159851,140.52933408110482,123.23356519426618,1.004621257785815,0.948316737790422,340.90707070586006,1008.2856864027378,20.916285686402738,0.0,987.3694007163351,2.896300738708505,342.4824901605989,395.7190008560801,20.395719000856083,0.0,375.32328185522397,1.095890425461533,10.197960979666792,-617.226233625272
S2-000002,MC.PA,MC.PA|swing|2022-11-10T23:00:00Z,EUR,2022-11-14T08:00:00Z,2023-01-10T16:30:00Z,tiempo,40,10.269878971044392,704.8522499999999,755.9218377990724,656.414289202009,1.0,1.0,497.45199499956004,524.4784857975994,15.001973085734246,51.34939485522196,560.8259075670871,1.1273970417338122,497.45199499956004,524.4784857975994,15.001973085734246,51.34939485522196,560.8259075670871,1.1273970417338122,7.501119537766551,0.0
S2-000003,RRU.DE,RRU.DE|swing|2022-11-13T23:00:00Z,EUR,2022-11-15T08:00:00Z,2022-11-21T16:30:00Z,stop,4,4125.18242811604,1.0225109551548957,0.901334798024169,0.9017856908696038,1.0,1.0,498.01373885935084,-499.8737541023015,7.936214695419945,0.0,-507.80996879772147,-1.0196706017806012,498.01373885935084,-499.8737541023015,7.936214695419945,0.0,-507.80996879772147,-1.0196706017806012,3.967983371266568,0.0
S2-000004,NFLX,NFLX|swing|2022-11-15T05:00:00Z,USD,2022-11-16T14:30:00Z,2022-11-29T21:00:00Z,stop,8,156.2600891087719,31.00949648094177,27.686329691341946,27.70017978123256,0.9611687812379854,0.9646922631680495,517.1141223857081,-519.2783386661799,9.17181502799404,0.0,-528.450153694174,-1.0219217205984765,497.0339507744215,-483.87059956202654,8.830905800534302,0.0,-492.70150536256085,-0.9912834014555538,4.415333036449823,15.243528337031337
S2-000005,UBER,UBER|swing|2022-11-15T05:00:00Z,USD,2022-11-16T14:30:00Z,2022-12-06T21:00:00Z,stop,13,129.078760551762,30.96547576332092,26.945805480446136,26.95928512300764,0.9611687812379854,0.9509319132750095,517.1141223857081,-518.8540579402278,7.475116404909954,0.0,-526.3291743451377,-1.017820151414384,497.0339507744215,-534.3114920916669,7.149243354938497,0.0,-541.4607354466053,-1.089383802862889,3.574488993218105,-35.60516958087518
S2-000006,RRU.DE,RRU.DE|swing|2022-11-23T23:00:00Z,EUR,2022-11-25T08:00:00Z,2023-01-23T16:30:00Z,tiempo,40,3661.9399993649035,1.0605299427509307,1.2153919609189034,0.92564286504473,1.0,1.0,493.9483852497782,567.0954187116738,8.334289454479283,0.0,558.7611292571945,1.1312135962842393,493.9483852497782,567.0954187116738,8.334289454479283,0.0,558.7611292571945,1.1312135962842393,4.167287542915574,0.0
S2-000007,7011.T,7011.T|swing|2022-11-29T15:00:00Z,JPY,2022-12-01T00:00:00Z,2023-01-04T06:00:00Z,stop,22,2400.146408823328,537.4686122131347,507.3747617182051,507.62857600620816,0.006930967563071805,0.007250054375407815,71620.45574121292,-72229.64719307153,2507.7770717241547,0.0,-74737.42426479569,-1.0435206463198914,496.3990555947666,-112.04580979389836,17.76989707152871,0.0,-129.81570686542707,-0.2615148143460644,8.884922745541708,388.57553199340083
S2-000008,TTE.PA,TTE.PA|swing|2022-11-29T23:00:00Z,EUR,2022-12-01T08:00:00Z,2022-12-09T16:30:00Z,stop,6,145.435875845844,59.839906373977655,56.40143017087664,56.42964499337332,1.0,1.0,495.97435075144824,-500.0777981730888,16.9056605898924,145.435875845844,-371.54758291713716,-0.7491266077655171,495.97435075144824,-500.0777981730888,16.9056605898924,145.435875845844,-371.54758291713716,-0.7491266077655171,8.45270738867254,0.0
S2-000009,ABBV,ABBV|swing|2022-11-30T05:00:00Z,USD,2022-12-01T14:30:00Z,2023-01-12T21:00:00Z,stop,28,60.573162586959725,161.0805,152.50906171907698,152.5853543962751,0.9637625289128758,0.9283327144448571,514.5778358543241,-519.1991245944406,18.99511150758309,89.64828062870039,-448.5459554733234,-0.8716775659966547,495.93083640547815,-827.6837352568176,17.979477629602023,83.22343170135574,-762.4397811850639,-1.537391356244856,8.989534141250099,-327.29907392832894
S2-000010,6857.T,6857.T|swing|2022-11-30T15:00:00Z,JPY,2022-12-02T00:00:00Z,2022-12-23T00:00:00Z,stop,15,432.55790833428824,2356.1775,2163.9175,2193.660714285714,0.007018528916339136,0.007121492664862556,70297.9208977831,-83163.58345635016,1955.2028386722745,0.0,-85118.78629502244,-1.2108293560884917,493.38799057961194,-487.30992572476504,13.819023750079733,0.0,-501.1289494748448,-1.0156893946407959,6.909391774905661,96.37608955001113
S2-000011,VVSM.DE,VVSM.DE|swing|2022-11-30T23:00:00Z,EUR,2022-12-02T08:00:00Z,2022-12-15T16:30:00Z,stop,9,419.73502685906834,20.215102423667908,19.03190873680796,19.041429451533727,1.0,1.0,492.63165648250305,-496.62783393364026,16.473345283580493,0.0,-513.1011792172208,-1.041551375079861,492.63165648250305,-496.62783393364026,16.473345283580493,0.0,-513.1011792172208,-1.041551375079861,8.236550543969383,0.0
S2-000012,RACE.MI,RACE.MI|swing|2022-11-30T23:00:00Z,EUR,2022-12-02T08:00:00Z,2022-12-16T16:30:00Z,stop,10,45.67583022369857,215.70780610656738,206.69302992139546,206.79642813546317,1.0,1.0,407.0345872673629,-411.75738653855325,19.29350887276157,0.0,-431.0508954113148,-1.0590031139741367,407.0345872673629,-411.75738653855325,19.29350887276157,0.0,-431.0508954113148,-1.0590031139741367,9.646653908696273,0.0
S2-000013,EUNN.DE,EUNN.DE|swing|2022-11-30T23:00:00Z,EUR,2022-12-02T08:00:00Z,2022-12-06T16:30:00Z,stop,2,238.58196147936718,41.296638977050776,40.528156636101855,40.54843085152762,1.0,1.0,178.5089621821152,-183.34602426584942,19.521920235034273,0.0,-202.8679445008837,-1.1364580356134582,178.5089621821152,-183.34602426584942,19.521920235034273,0.0,-202.8679445008837,-1.1364580356134582,9.760916721239266,0.0
S2-000014,9988.HK,9988.HK|swing|2022-12-04T16:00:00Z,HKD,2022-12-06T01:30:00Z,2023-01-09T08:00:00Z,objetivo,21,549.7162215930334,88.19407652664184,110.24663471249173,80.88214547293526,0.12160124519675082,0.12194229690510451,4019.487111392345,12122.648962385922,109.08607799261071,0.0,12013.56288439331,2.9888298062565073,488.77463779760023,1494.7984306069166,13.285672139229026,0.0,1481.5127584676875,3.0310753543664357,6.643211430024184,20.669221697688787
S2-000015,0700.HK,0700.HK|swing|2022-12-04T16:00:00Z,HKD,2022-12-06T01:30:00Z,2023-01-05T01:30:00Z,objetivo,19,147.62101248941033,292.4879983062744,357.821,265.2595770699637,0.12160124519675082,0.12067966788955396,4019.4871113923446,9644.523859000139,95.99927276094647,0.0,9548.524586239193,2.375557955933238,488.7746377976002,1124.1066477786578,11.624951642908082,0.0,1112.4816961357496,2.2760626474985477,5.81275830130469,-48.679462805531465
S2-000016,IBE.MC,IBE.MC|swing|2022-12-12T23:00:00Z,EUR,2022-12-14T08:00:00Z,2023-02-09T16:30:00Z,stop,40,901.1228452996979,10.990492156505583,10.602196292213032,10.607500042234149,1.0,1.0,345.1229437396223,-349.90227404940947,19.45766485257924,162.20211215394562,-207.15782674804308,-0.6002435668384108,345.1229437396223,-349.90227404940947,19.45766485257924,162.20211215394562,-207.15782674804308,-0.6002435668384108,9.728747382906462,0.0
S2-000017,NVDA,NVDA|swing|2022-12-13T05:00:00Z,USD,2022-12-14T14:30:00Z,2022-12-19T21:00:00Z,stop,3,300.02016530592095,17.99599301147461,16.2442312020404,16.252357380730764,0.948316737790422,0.9435742592942064,523.1258501690623,-525.563867643051,10.272757728650571,0.0,-535.8366253717016,-1.0242977386770917,496.0889996861663,-521.5139411059115,9.718715168703117,0.0,-531.2326562746147,-1.0708414349253477,4.859228420673356,-23.112928642136797
S2-000018,V,V|swing|2022-12-13T05:00:00Z,USD,2022-12-14T14:30:00Z,2023-01-27T21:00:00Z,objetivo,29,46.50594916159442,212.95643110656738,229.92318618038723,201.70785195486886,0.948316737790422,0.9203865623561895,523.1258501690623,789.0550489002903,20.596536966253506,0.0,768.4585119340368,1.4689744574573949,496.0889996861663,449.62244153610203,19.23338907724328,0.0,430.38905245885877,0.8675641925765935,9.616809348433467,-298.6516683740835
S2-000019,AVGO,AVGO|swing|2022-12-16T05:00:00Z,USD,2022-12-19T14:30:00Z,2023-02-07T21:00:00Z,objetivo,33,131.44453078245493,55.42970142745971,61.60812617482458,51.55903557368687,0.9417082587814295,0.9345794392523364,508.7778569648415,812.1201418920823,15.38398233298011,0.0,796.7361595591021,1.5659804149341343,479.12030978890806,707.0506989334901,14.429493670105945,0.0,692.6212052633842,1.4456101966717732,7.214925401458162,-57.72954580903063
S2-000020,BSP.DE,BSP.DE|swing|2022-12-18T23:00:00Z,EUR,2022-12-20T08:00:00Z,2023-02-15T16:30:00Z,tiempo,40,983.4233592980864,9.684840305328368,10.044975190639496,9.267856904438563,1.0,1.0,410.0712168745927,354.1650587131005,19.40276143337616,0.0,334.76229727972435,0.8163516079747211,410.0712168745927,354.1650587131005,19.40276143337616,0.0,334.76229727972435,0.8163516079747211,9.70147168331949,0.0
S2-000021,CAT,CAT|swing|2022-12-21T05:00:00Z,USD,2022-12-22T14:30:00Z,2023-01-26T21:00:00Z,objetivo,22,42.63156653961085,240.2700688934326,261.76065821279803,228.2889235360282,0.940203083866115,0.9178522257916476,510.77499552493595,916.1774885439775,21.402356347558488,51.15787984753302,945.933012043952,1.8519563806599293,480.23222595424585,611.9737089972983,19.873142248875553,47.3027090592076,639.4032758076304,1.3314459989375007,9.93672660204522,-249.41919110046177
S2-000022,EXV1.DE,EXV1.DE|swing|2023-01-01T23:00:00Z,EUR,2023-01-03T08:00:00Z,2023-01-05T16:30:00Z,objetivo,2,684.2245228121468,14.05702519083023,14.79963158801624,13.668642589024135,1.0,1.0,265.7409003893152,508.1095077518457,19.744432214460126,0.0,488.36507553738556,1.8377490059750756,265.7409003893152,508.1095077518457,19.744432214460126,0.0,488.36507553738556,1.8377490059750756,9.872345602691318,0.0
S2-000023,ALV.DE,ALV.DE|swing|2023-01-03T23:00:00Z,EUR,2023-01-05T08:00:00Z,2023-02-09T16:30:00Z,objetivo,25,46.85925353359297,210.9054030532837,223.3855750555311,203.50178418840682,1.0,1.0,346.9280534553573,584.8115439961596,20.350551050553026,0.0,564.4609929456066,1.6270260860246097,346.9280534553573,584.8115439961596,20.350551050553026,0.0,564.4609929456066,1.6270260860246097,10.175424272018082,0.0
S2-000024,9988.HK,9988.HK|swing|2023-01-08T16:00:00Z,HKD,2023-01-10T01:30:00Z,2023-02-20T01:30:00Z,stop,26,421.444770922012,109.05449999999999,98.75060305023194,99.09642818995884,0.11974900608324951,0.1199774442404828,4196.7772928077375,-4342.5234895990125,87.5783740514301,0.0,-4430.101863650442,-1.0555961287825701,502.5599095664772,-510.5057496136008,10.49693036920485,0.0,-521.0026799828057,-1.0366976554740266,5.248338870248682,9.507122159045238
S2-000025,RACE.MI,RACE.MI|swing|2023-01-08T23:00:00Z,EUR,2023-01-10T08:00:00Z,2023-01-27T16:30:00Z,objetivo,13,47.03007827701907,213.70680610656737,229.6529715802329,206.82142966134208,1.0,1.0,323.81979318568875,749.9494104447888,20.851245049491993,0.0,729.0981653952967,2.2515552808632924,323.81979318568875,749.9494104447888,20.851245049491993,0.0,729.0981653952967,2.2515552808632924,10.425812618551173,0.0
S2-000026,TSM,TSM|swing|2023-01-12T05:00:00Z,USD,2023-01-13T14:30:00Z,2023-01-24T21:00:00Z,objetivo,6,121.48150117958113,85.45270866394043,95.97610187060492,80.98392404828753,0.9283327144448571,0.9209799226376865,542.874663557731,1278.3976042486088,22.04024426096237,0.0,1256.3573599876463,2.3142678123051534,503.96831002388694,1101.0497586614795,20.374951222376446,0.0,1080.674807439103,2.144330875462946,10.187753420566033,-85.72855943043473
S2-000027,ICGA.DE,ICGA.DE|swing|2023-01-15T23:00:00Z,EUR,2023-01-17T08:00:00Z,2023-02-17T16:30:00Z,stop,23,2207.8983800200967,4.58178994846344,4.397157418940749,4.399357097489493,1.0,1.0,402.79319612782484,-407.6498628321625,19.82460334677742,0.0,-427.4744661789399,-1.0612752903683174,402.79319612782484,-407.6498628321625,19.82460334677742,0.0,-427.4744661789399,-1.0612752903683174,9.912202238972627,0.0
S2-000028,QCOM,QCOM|swing|2023-01-23T05:00:00Z,USD,2023-01-24T14:30:00Z,2023-03-07T21:00:00Z,stop,29,52.0856704142637,130.61527805328367,119.80577944592068,119.86571230207171,0.9198785760279643,0.9376465072667605,559.8983388140832,-563.0199818065515,13.04334866569494,39.06425281069778,-536.9990776615487,-0.9591010375186372,515.0384866287216,-407.03520819304936,12.109171808182161,36.563321612409005,-382.5810583888225,-0.7428203295894966,6.054485658909645,110.87481094645214
S2-000029,6857.T,6857.T|swing|2023-01-23T15:00:00Z,JPY,2023-01-25T00:00:00Z,2023-01-30T06:00:00Z,stop,3,586.3254523901896,2451.225,2325.6223214285715,2326.785714285714,0.007068636460026861,0.007087172218284905,72961.92049154062,-73644.04733481236,2800.787166735473,0.0,-76444.83450154784,-1.0477360517177046,515.7412913800849,-495.28816525664956,19.823021116359843,0.0,-515.1111863730094,-0.9987782537143974,9.911389213985103,25.27483279814948
S2-000030,1810.HK,1810.HK|swing|2023-01-25T16:00:00Z,HKD,2023-01-27T01:30:00Z,2023-02-24T08:00:00Z,stop,20,3653.899004610302,13.266630228996275,12.048259098410607,12.054286241531372,0.1172401664810364,0.12006099098341957,4429.782489043295,-4451.805061292901,92.49804891523198,0.0,-4544.303110208133,-1.025852425361312,519.3484364902157,-397.7488655241019,10.968668154995843,0.0,-408.71753367909776,-0.786981350018559,5.484236011339442,124.18150100299773
S2-000031,RRU.DE,RRU.DE|swing|2023-01-25T23:00:00Z,EUR,2023-01-27T08:00:00Z,2023-02-23T16:30:00Z,objetivo,19,6044.389095505861,1.2586290162205696,1.4899688523156303,1.1728571142469133,1.0,1.0,518.4387489903655,1398.3079826490982,16.61359498451086,0.0,1381.6943876645873,2.6651063223097626,518.4387489903655,1398.3079826490982,16.61359498451086,0.0,1381.6943876645873,2.6651063223097626,8.30714914603712,0.0
S2-000032,VVSM.DE,VVSM.DE|swing|2023-01-26T23:00:00Z,EUR,2023-01-30T08:00:00Z,2023-03-17T16:30:00Z,objetivo,34,502.77297403457993,20.680335076332092,22.57415172815323,19.66803550720215,1.0,1.0,508.9568649853856,952.1598303123235,21.74718697103058,0.0,930.4126433412929,1.8280775982224136,508.9568649853856,952.1598303123235,21.74718697103058,0.0,930.4126433412929,1.8280775982224136,10.87383424393127,0.0
S2-000033,V,V|swing|2023-01-27T05:00:00Z,USD,2023-01-30T14:30:00Z,2023-02-22T21:00:00Z,stop,16,48.69684080065754,230.3150969467163,219.6604760385241,219.77036121913366,0.9203865623561895,0.9394964299135663,513.4953170110973,-518.8463781575921,21.912388841846912,21.913578360295894,-518.8451886391431,-1.0104185402491803,472.61418960984565,-273.1253528513177,20.372282120691715,20.344980373499112,-273.15265459851025,-0.5779611797606083,10.186075325525215,204.4138815321093
S2-000034,AMD,AMD|swing|2023-02-01T05:00:00Z,USD,2023-02-02T14:30:00Z,2023-03-17T20:00:00Z,objetivo,30,62.8565677118616,84.33214591598511,98.46038914142338,75.39356967381069,0.9179364787956674,0.9413536665725313,561.8482228138739,888.0528769494105,11.489711357058832,0.0,876.5631655923517,1.5601422768631499,515.740979267371,960.1023455140644,10.691751400139935,0.0,949.4105941139244,1.8408670869291732,5.3461170621850105,144.9262146627602
S2-000035,COIN,COIN|swing|2023-02-02T05:00:00Z,USD,2023-02-03T14:30:00Z,2023-02-09T21:00:00Z,stop,4,65.03457760650439,73.75686122131347,65.04174591336933,65.07428305489677,0.9100837277029487,0.9284189026088572,564.6678035883676,-566.7838428441279,9.026708787375242,0.0,-575.8105516315031,-1.019733280297416,513.8949796035381,-438.2636507229679,8.292617883877842,0.0,-446.5562686068457,-0.8689640613951062,4.146200412575636,77.55710177441823
S2-000036,SIE.DE,SIE.DE|swing|2023-02-08T23:00:00Z,EUR,2023-02-10T08:00:00Z,2023-02-24T16:30:00Z,stop,10,70.58892332597408,145.79286122131347,141.9525526926858,142.02356447492326,1.0,1.0,266.07059902378217,-271.08324427538315,20.31163896017597,0.0,-291.3948832355591,-1.0951788145879033,266.07059902378217,-271.08324427538315,20.31163896017597,0.0,-291.3948832355591,-1.0951788145879033,10.155754248215285,0.0
S2-000037,MSFT,MSFT|swing|2023-02-09T05:00:00Z,USD,2023-02-10T14:30:00Z,2023-04-11T20:00:00Z,tiempo,40,31.297401568878485,261.6607637786865,282.6885715789795,244.01641573224748,0.9284189026088572,0.9170105456212746,552.2222462304582,658.1157448389664,17.036719742440976,21.28223306683737,662.3612581633629,1.199446894225519,512.6935718414801,510.0725975752874,15.716278147293986,19.889937445642403,514.2462568736358,1.003028485468579,7.858268556361672,-100.93450003771717
S2-000038,8035.T,8035.T|swing|2023-02-09T15:00:00Z,JPY,2023-02-13T00:00:00Z,2023-02-20T06:00:00Z,stop,5,90.26955480794966,15864.595325683593,15115.771724766324,15123.333391462054,0.007148984844152131,0.006984215672579969,66913.38479825795,-67595.97308448762,2796.5839414309867,0.0,-70392.5570259186,-1.0519951611796394,478.3627737936656,-708.0691304941416,19.76790966930193,0.0,-727.8370401634436,-1.5215168906044199,9.883780288312359,-224.82654338742418
S2-000039,PLTR,PLTR|swing|2023-02-14T05:00:00Z,USD,2023-02-15T14:30:00Z,2023-02-28T21:00:00Z,stop,8,407.9050895506257,9.164579847335816,7.805024382889271,7.808928847312927,0.9294544102611766,0.9417082587814295,552.9769425637315,-554.5695934741103,6.921987933168641,0.0,-561.491581407279,-1.0153978189471546,513.9668580386016,-476.4344645514113,6.472684902158088,0.0,-482.9071494535694,-0.9395686548670431,3.236224151518935,39.012689899848525
S2-000040,EXH1.DE,EXH1.DE|swing|2023-02-15T23:00:00Z,EUR,2023-02-17T08:00:00Z,2023-02-22T16:30:00Z,stop,3,275.19584547300985,37.208593626022335,35.95201553923743,35.97000053950718,1.0,1.0,340.85567164056215,-345.80506899562926,20.133495694554092,0.0,-365.93856469018334,-1.0735880172651828,340.85567164056215,-345.80506899562926,20.133495694554092,0.0,-365.93856469018334,-1.0735880172651828,10.066663912674649,0.0
S2-000041,BSP.DE,BSP.DE|swing|2023-02-20T23:00:00Z,EUR,2023-02-22T08:00:00Z,2023-02-23T16:30:00Z,stop,1,948.0503444893014,10.50525,10.073531931791988,10.078571217400688,1.0,1.0,404.5129668295538,-409.29046328686127,19.509721299605605,0.0,-428.80018458646686,-1.060040640840932,404.5129668295538,-409.29046328686127,19.509721299605605,0.0,-428.80018458646686,-1.060040640840932,9.75476076587644,0.0
S2-000042,PANW,PANW|swing|2023-02-22T05:00:00Z,USD,2023-02-23T14:30:00Z,2023-04-21T20:00:00Z,tiempo,40,66.84476535038588,93.84690305328368,96.5766875,85.98392677307129,0.9394964299135663,0.9109127345600291,525.5988044064475,182.47180079788558,12.728820227712205,0.0,169.74298057017336,0.3229516108999945,493.79820030669623,-13.094613572229987,11.774154941965463,0.0,-24.86876851419545,-0.050362209701755804,5.88707566909736,-184.52621898174303
S2-000043,RRU.DE,RRU.DE|swing|2023-02-22T23:00:00Z,EUR,2023-02-24T08:00:00Z,2023-03-08T08:00:00Z,objetivo,8,3554.9938892468235,1.4727360028624534,1.7791099714040757,1.3308571832520621,1.0,1.0,504.3783367284934,1089.1575859897657,11.560292567289395,0.0,1077.5972934224762,2.1364860759326114,504.3783367284934,1089.1575859897657,11.560292567289395,0.0,1077.5972934224762,2.1364860759326114,5.780420018145909,0.0
S2-000044,IQQT.DE,IQQT.DE|swing|2023-02-22T23:00:00Z,EUR,2023-02-24T08:00:00Z,2023-03-13T16:30:00Z,stop,11,161.5530443275916,62.44120484733581,61.50209228297643,61.53285871233259,1.0,1.0,146.74608341297187,-151.71649373854976,20.02341697540119,0.0,-171.73991071395096,-1.1703202342419021,146.74608341297187,-151.71649373854976,20.02341697540119,0.0,-171.73991071395096,-1.1703202342419021,10.0116730614942,0.0
S2-000045,NVDA,NVDA|swing|2023-02-23T05:00:00Z,USD,2023-02-24T14:30:00Z,2023-04-18T20:00:00Z,objetivo,36,213.99440561008416,23.23661288166046,28.042025952066698,20.73596327645438,0.9419743782969102,0.9114108640174992,535.1250259051664,1028.3315137125126,10.973341837717623,0.8559776224403366,1018.2141494972353,1.9027593556756603,504.07406358813705,785.2552808858339,10.1532001979969,0.8026044279796875,775.9046851158167,1.5392672251230601,5.076797682017064,-183.40665742663106
S2-000046,6857.T,6857.T|swing|2023-02-23T15:00:00Z,JPY,2023-02-27T00:00:00Z,2023-03-23T06:00:00Z,objetivo,17,536.1925043221078,2683.84125,2982.7935714285713,2564.6428571428573,0.006966213862765586,0.006986655488017886,63913.28477724174,160295.99389969342,3038.4071159806454,0.0,157257.5867837128,2.4604835650648504,445.2336104301061,1149.3495199826023,21.198887117202748,0.0,1128.1506328653995,2.533839778572825,10.59973354591464,32.69334513277019
S2-000047,IBE.MC,IBE.MC|swing|2023-02-28T23:00:00Z,EUR,2023-03-02T08:00:00Z,2023-03-21T16:30:00Z,objetivo,13,946.4525427159094,10.600297767162322,11.154865433267185,10.488303218569074,1.0,1.0,105.99752528640035,524.8719776929745,20.59022952824609,0.0,504.2817481647284,4.757486052643047,105.99752528640035,524.8719776929745,20.59022952824609,0.0,504.2817481647284,4.757486052643047,10.295248555929145,0.0
S2-000048,CRWD,CRWD|swing|2023-03-08T05:00:00Z,USD,2023-03-09T14:30:00Z,2023-05-02T20:00:00Z,stop,37,189.46235263700973,32.04351390266418,29.164069632768634,29.178658962249756,0.948316737790422,0.9119927040583675,542.7821569746773,-545.5462856615671,11.596532775849402,0.0,-557.1428184374165,-1.0264575046880349,514.7294044330747,-718.0588769532894,10.79647792865218,0.0,-728.8553548819416,-1.4159971212149929,5.398060799120911,-200.70820302103078
S2-000049,AMAT,AMAT|swing|2023-03-14T04:00:00Z,USD,2023-03-15T13:30:00Z,2023-04-17T13:30:00Z,stop,22,69.02539711236919,118.57925664138793,109.16539122009279,110.63285337175641,0.9313588525658936,0.9044044496698924,548.5036413013444,-649.7957990672979,15.72016475885539,0.0,-665.5159638261533,-1.2133300742492668,510.85372199063454,-808.2994681882158,14.438008213587594,0.0,-822.7374764018034,-1.6105147931502917,7.218803836626205,-203.10639836675898
S2-000050,EXV1.DE,EXV1.DE|swing|2023-03-15T23:00:00Z,EUR,2023-03-17T08:00:00Z,2023-03-20T08:00:00Z,stop,1,702.7494229584238,14.423208366394043,13.057468129634858,13.669964109148298,1.0,1.0,529.3419671261939,-959.7731632936186,19.31202955009143,0.0,-979.08519284371,-1.8496269966259795,529.3419671261939,-959.7731632936186,19.31202955009143,0.0,-979.08519284371,-1.8496269966259795,9.655777245698873,0.0
S2-000051,ASML.AS,ASML.AS|swing|2023-03-16T23:00:00Z,EUR,2023-03-20T08:00:00Z,2023-04-26T15:30:00Z,stop,25,12.136896230170185,592.3960255737304,548.9681960612705,549.2428174700055,1.0,1.0,523.7460087538478,-527.0790602942478,13.85261911881297,0.0,-540.9316794130608,-1.0328129863941167,523.7460087538478,-527.0790602942478,13.85261911881297,0.0,-540.9316794130608,-1.0328129863941167,6.926179521185761,0.0
S2-000052,8035.T,8035.T|swing|2023-03-23T15:00:00Z,JPY,2023-03-27T00:00:00Z,2023-04-03T06:00:00Z,stop,5,84.30752903538286,16541.600651367185,15664.187146902903,15672.023158482143,0.007150518412584913,0.006904646827314782,73311.92972992113,-73972.56450365952,2715.1903899100344,23998.981215212087,-52688.773678357466,-0.7186930404432303,524.2183033959324,-853.6423913977395,19.090318669837114,167.14710415943782,-705.5856059081387,-1.3459766691420216,9.54494831055608,-324.7002068881966
S2-000053,EQQQ.DE,EQQQ.DE|swing|2023-03-26T22:00:00Z,EUR,2023-03-28T07:00:00Z,2023-05-18T15:30:00Z,objetivo,34,36.2496627169466,287.7438061065674,308.179770539965,275.6107286725725,1.0,1.0,439.8199647009095,740.7968180061798,21.602028658513277,0.0,719.1947893476665,1.635202689893216,439.8199647009095,740.7968180061798,21.602028658513277,0.0,719.1947893476665,1.635202689893216,10.801202228760715,0.0
S2-000054,IQQK.DE,IQQK.DE|swing|2023-04-10T22:00:00Z,EUR,2023-04-12T07:00:00Z,2023-04-25T07:00:00Z,stop,9,264.4208273505345,39.24961454200744,37.59119561004639,38.13999966212681,1.0,1.0,293.40528457850047,-438.5205060829311,20.31831059469143,0.0,-458.8388166776225,-1.5638396470492348,293.40528457850047,-438.5205060829311,20.31831059469143,0.0,-458.8388166776225,-1.5638396470492348,10.15904820697914,0.0
S2-000055,AZN,AZN|swing|2023-04-18T04:00:00Z,USD,2023-04-19T13:30:00Z,2023-05-25T13:30:00Z,stop,26,76.26185672737823,149.17455610656737,144.00796183013918,144.66498947143555,0.9114108640174992,0.9272137227630969,343.9079246309879,-394.0140724774586,22.35864317786111,0.0,-416.3727156553197,-1.2107098610829812,313.44141873039365,-185.55674065582352,20.55146226256927,0.0,-206.10820291839278,-0.6575653075883904,10.275687311018668,173.5519655759112
S2-000056,ITX.MC,ITX.MC|swing|2023-04-20T22:00:00Z,EUR,2023-04-24T07:00:00Z,2023-06-07T07:00:00Z,objetivo,31,327.88438288364216,31.40569438934326,33.17340362739563,30.25928544998169,1.0,1.0,375.8895876148594,579.6042526365143,21.174477700400672,196.73062973018529,755.160404666299,2.00899527294181,375.8895876148594,579.6042526365143,21.174477700400672,196.73062973018529,755.160404666299,2.00899527294181,10.587386398109851,0.0
S2-000057,IBE.MC,IBE.MC|swing|2023-04-20T22:00:00Z,EUR,2023-04-24T07:00:00Z,2023-05-26T15:30:00Z,stop,23,881.1892388420521,11.685840305328368,11.319516442401069,11.325179031917028,1.0,1.0,317.8108329971441,-322.80064594258675,20.27207280182157,0.0,-343.07271874440835,-1.079487176409406,317.8108329971441,-322.80064594258675,20.27207280182157,0.0,-343.07271874440835,-1.079487176409406,10.13595823473782,0.0
S2-000058,SAP.DE,SAP.DE|swing|2023-04-20T22:00:00Z,EUR,2023-04-24T07:00:00Z,2023-06-20T15:30:00Z,tiempo,40,85.3990280888786,120.58025664138793,124.51771183013916,116.19928904942104,1.0,1.0,374.13037444284754,336.25484626286703,20.931128294027022,175.0680075822011,490.3917255510411,1.3107509014239467,374.13037444284754,336.25484626286703,20.931128294027022,175.0680075822011,490.3917255510411,1.3107509014239467,10.465650827137019,0.0
S2-000059,IFX.DE,IFX.DE|swing|2023-04-26T22:00:00Z,EUR,2023-04-28T07:00:00Z,2023-05-19T15:30:00Z,objetivo,14,313.94481444305205,32.51625,36.083732690351354,31.26321475846427,1.0,1.0,393.3839163945399,1119.9926912511562,21.536608836518937,0.0,1098.4560824146372,2.792325859385042,393.3839163945399,1119.9926912511562,21.536608836518937,0.0,1098.4560824146372,2.792325859385042,10.768587108578501,0.0
S2-000060,MSFT,MSFT|swing|2023-04-27T04:00:00Z,USD,2023-04-28T13:30:00Z,2023-05-26T20:00:00Z,objetivo,20,32.12080588704287,304.1620147705078,331.98265958949503,286.6174883161272,0.9056330374932077,0.9301460329271696,563.5443286212483,893.621531883053,20.43347960119375,21.842148003189152,895.0302002850483,1.5882161434838746,510.3643620913315,1070.688748635961,18.76662976413197,20.170050792491597,1072.0921696643206,2.100640736886848,9.383584900148417,261.39556634737767
S2-000061,VRTX,VRTX|swing|2023-04-27T04:00:00Z,USD,2023-04-28T13:30:00Z,2023-05-30T20:00:00Z,stop,21,33.27992302940099,338.66925,322.62823661913194,322.78963143484935,0.9056330374932077,0.9307520476545048,528.4724835844597,-533.8436906288796,22.007929454221042,0.0,-555.8516200831007,-1.0518080644671166,478.6021405401736,-213.76259384069834,20.200811889812552,0.0,-233.96340573051089,-0.4888473868220657,10.100355029345575,269.70388925011883
S2-000062,MA,MA|swing|2023-04-27T04:00:00Z,USD,2023-04-28T13:30:00Z,2023-05-31T20:00:00Z,stop,22,30.23985714537386,372.7162637786865,358.90831508799965,359.0878590175084,0.9056330374932077,0.9360666479453337,412.1210130973588,-417.55039587702174,22.124222748972905,0.0,-439.67461862599464,-1.0668580457025292,373.2304049061391,-47.84122802157322,20.36673325563168,0.0,-68.2079612772049,-0.1827502807397431,10.183357213346175,330.3062053030267
S2-000063,MUV2.DE,MUV2.DE|swing|2023-05-04T22:00:00Z,EUR,2023-05-08T07:00:00Z,2023-05-11T15:30:00Z,stop,3,31.37479098317106,328.86436221313477,322.8135055280413,322.97499302455356,1.0,1.0,184.7777273144633,-189.84436376393165,20.44625688873799,0.0,-210.29062065266965,-1.1380734231825858,184.7777273144633,-189.84436376393165,20.44625688873799,0.0,-210.29062065266965,-1.1380734231825858,10.22308353904911,0.0
S2-000064,MU,MU|swing|2023-05-15T04:00:00Z,USD,2023-05-16T13:30:00Z,2023-05-26T20:00:00Z,objetivo,8,113.87156737100422,64.58227805328369,72.1173153464113,59.631070954459055,0.9194556822361163,0.9301460329271696,563.8017127216034,858.0265067674105,15.566196959402252,0.0,842.4603098080082,1.4942492915483607,518.3906884163326,876.7077014972908,14.400218599469746,0.0,862.307482897821,1.6634316591066547,7.200330276741913,87.79035434079023
S2-000065,AMAT,AMAT|swing|2023-05-18T04:00:00Z,USD,2023-05-19T13:30:00Z,2023-05-24T20:00:00Z,stop,3,87.14015998799647,128.36415305328367,121.76265574291776,121.82356752668109,0.9248127254231019,0.9272137227630969,569.9476692033232,-575.2555317856142,21.796090135788,27.88485119615887,-569.1667707252433,-0.998629876881203,527.0948573044699,-506.52805244702705,20.182777105764025,25.85521668628546,-500.8556128665056,-0.9502191226601031,10.09126444368269,25.475583718341703
S2-000066,SIE.DE,SIE.DE|swing|2023-05-18T22:00:00Z,EUR,2023-05-22T07:00:00Z,2023-05-24T15:30:00Z,stop,2,66.40454697665497,159.03948671722412,152.49300715010506,152.56929179600306,1.0,1.0,429.6503625943386,-434.7160099464698,20.687174123767534,0.0,-455.40318407023733,-1.059939019532991,429.6503625943386,-434.7160099464698,20.687174123767534,0.0,-455.40318407023733,-1.059939019532991,10.343480968751438,0.0
S2-000067,RRU.DE,RRU.DE|swing|2023-05-21T22:00:00Z,EUR,2023-05-23T07:00:00Z,2023-07-18T15:30:00Z,tiempo,40,2428.707751653038,1.8049020200371741,1.6796597805023195,1.588375027690615,1.0,1.0,525.8807847542063,-304.1767979926882,8.462982256084334,0.0,-312.6397802487725,-0.5945069477959698,525.8807847542063,-304.1767979926882,8.462982256084334,0.0,-312.6397802487725,-0.5945069477959698,4.23141614169623,0.0
S2-000068,7203.T,7203.T|swing|2023-05-23T15:00:00Z,JPY,2023-05-25T00:00:00Z,2023-06-13T06:00:00Z,objetivo,13,704.1784943263065,1954.4767499999998,2121.9117276785714,1845.517857142857,0.006697923643670461,0.006665333599946677,76726.5091156041,117904.1104792553,2870.505100500801,0.0,115033.6053787545,1.499268071813784,513.9082995017019,741.0165358397392,19.17772778849577,0.0,721.8388080512434,1.4046062473619438,9.589051545643555,-48.69619342519947
S2-000069,NVDA,NVDA|swing|2023-05-25T04:00:00Z,USD,2023-05-26T13:30:00Z,2023-06-16T13:30:00Z,objetivo,14,156.50693240121714,37.90894438934326,43.42827576255799,34.366607257298064,0.9315323707498836,0.9242998428690267,554.4003180673192,863.8136221276341,12.729838816016525,0.6260277296048686,851.7098110412223,1.5362722265570594,516.4418426337394,755.5121161758215,11.809098696416985,0.5841445643415775,744.2871620437461,1.4411829185800398,5.904739702421838,-49.158235130778216
S2-000070,TSM,TSM|swing|2023-05-25T04:00:00Z,USD,2023-05-26T13:30:00Z,2023-06-05T20:00:00Z,stop,5,86.33017596984648,100.90042347335815,94.43132402706146,94.47856330871582,0.9315323707498836,0.9354536950420954,554.4003180673192,-558.478493565229,16.863024134208842,0.0,-575.3415176994379,-1.0377727049384122,516.4418426337394,-488.27308967657564,15.740420555199137,0.0,-504.0135102317748,-0.9759346912353521,7.8700901768488425,31.967705447066024
S2-000071,EUNN.DE,EUNN.DE|swing|2023-05-25T22:00:00Z,EUR,2023-05-29T07:00:00Z,2023-06-06T15:30:00Z,objetivo,6,239.0889078758237,43.631805610656734,45.2738703389849,42.627320425851,1.0,1.0,240.16126581264706,392.5994625573922,21.256360966761704,0.0,371.3431015906305,1.5462239522018513,240.16126581264706,392.5994625573922,21.256360966761704,0.0,371.3431015906305,1.5462239522018513,10.628281290315032,0.0
S2-000072,MRVL,MRVL|swing|2023-05-30T04:00:00Z,USD,2023-05-31T13:30:00Z,2023-07-28T20:00:00Z,tiempo,40,94.28596654511904,61.83089923667907,64.87754866027832,55.92321532113211,0.9307520476545048,0.9082652134423251,557.0116880203987,287.25628562818497,11.946828479396483,5.657157992707142,280.96661514149565,0.5044178087896896,518.4397691924783,129.8114581256289,10.981982152251,5.1905293996762465,124.02000537305415,0.23921776982160858,5.491024901745791,-137.55291792443143
S2-000073,PLTR,PLTR|swing|2023-05-30T04:00:00Z,USD,2023-05-31T13:30:00Z,2023-07-19T20:00:00Z,objetivo,33,314.2288948927346,14.197094580173491,18.129234655899662,12.424464191709246,0.9307520476545048,0.8911067545891997,557.0116880203987,1235.5920305588684,10.157866711789964,0.0,1225.4341638470785,2.2000151706012336,518.4397691924783,924.1813070743138,9.2286067363661,0.0,914.9527003379477,1.7648196660589484,4.61453556714324,-225.8485054339408
S2-000074,AVGO,AVGO|swing|2023-05-30T04:00:00Z,USD,2023-05-31T13:30:00Z,2023-07-17T20:00:00Z,objetivo,31,87.39845705994077,79.52974286270141,91.0547005956173,73.15649890899658,0.9307520476545048,0.8904719501335708,557.0116880203987,1007.2635235378821,14.908817156685762,40.20329024757275,1032.557996628769,1.8537456553172993,518.4397691924783,616.9619460853447,13.555861455716656,36.80608829769546,640.2121729273235,1.2348824510984526,6.778086662865285,-320.5506409752308
S2-000075,CRM,CRM|swing|2023-06-02T04:00:00Z,USD,2023-06-05T13:30:00Z,2023-07-19T20:00:00Z,objetivo,30,47.17598602209006,210.57523622131347,234.48592191641674,198.6478489467076,0.9291089844838799,0.8911067545891997,562.6862553468617,1128.0101741307806,20.996198975280777,0.0,1107.0139751554998,1.9673734068252535,522.7968552883598,627.6597462071722,19.087372466777637,0.0,608.5723737403946,1.164070456018186,9.543845534286103,-420.38464116696207
S2-000076,6758.T,6758.T|swing|2023-06-04T15:00:00Z,JPY,2023-06-06T00:00:00Z,2023-06-23T06:00:00Z,stop,13,571.1162202160963,2731.365,2616.2269464285714,2617.535714285714,0.006668444918644972,0.006408202499198974,65009.75140704086,-65757.20995875257,3054.096499702323,0.0,-68811.3064584549,-1.0584766895601805,433.5139464326544,-827.3446560579137,19.97722796104715,0.0,-847.3218840189608,-1.9545435411974472,9.988409641460972,-388.8463234442007
S2-000077,6501.T,6501.T|swing|2023-06-04T15:00:00Z,JPY,2023-06-06T00:00:00Z,2023-07-31T06:00:00Z,objetivo,38,917.6852743907846,1699.8494999999998,1828.9350048446656,1631.1000061035156,0.006668444918644972,0.006521030322791001,63090.398170622655,118459.8669332501,3238.3135765943252,0.0,115221.55335665577,1.8262930128456125,420.71484509617665,542.5243974389124,21.347097014543976,0.0,521.1773004243685,1.2387898989046269,10.673686806791272,-247.4187002754793
S2-000078,IQQK.DE,IQQK.DE|swing|2023-06-05T22:00:00Z,EUR,2023-06-07T07:00:00Z,2023-06-21T07:00:00Z,stop,10,247.71220836691705,42.331156373977656,41.13442127990723,41.501429966517854,1.0,1.0,205.53336073221595,-296.44589298237554,20.67544256326423,0.0,-317.1213355456398,-1.5429190395947883,205.53336073221595,-296.44589298237554,20.67544256326423,0.0,-317.1213355456398,-1.5429190395947883,10.337649754569295,0.0
S2-000079,ITX.MC,ITX.MC|swing|2023-06-06T22:00:00Z,EUR,2023-06-08T07:00:00Z,2023-08-03T15:30:00Z,tiempo,40,309.5547768825767,33.47672908401489,33.38330152511597,32.03357308251517,1.0,1.0,446.7358340509983,-28.920947149640128,20.69684185757175,0.0,-49.61778900721188,-0.11106740320622598,446.7358340509983,-28.920947149640128,20.69684185757175,0.0,-49.61778900721188,-0.11106740320622598,10.348416285652526,0.0
S2-000080,NFLX,NFLX|swing|2023-06-09T04:00:00Z,USD,2023-06-12T13:30:00Z,2023-07-18T20:00:00Z,objetivo,24,164.5653802487911,41.9039409198761,47.29182480703082,38.45967647007534,0.9276437847866419,0.8884940026654821,566.8066888588556,886.6591606259514,14.678535103430526,0.0,871.9806255225209,1.5384092013417623,525.7947020954134,517.8168775231356,13.311764876414205,0.0,504.50511264672144,0.9595096919694169,6.656013556429555,-304.68698205566886
S2-000081,AIR.PA,AIR.PA|swing|2023-06-12T22:00:00Z,EUR,2023-06-14T07:00:00Z,2023-07-25T15:30:00Z,objetivo,29,82.89919160287582,129.60476328277588,138.48857027823587,124.36142267499652,1.0,1.0,434.6686976834404,736.4604182796064,22.224720626328008,0.0,714.2356976532784,1.643172608149116,434.6686976834404,736.4604182796064,22.224720626328008,0.0,714.2356976532784,1.643172608149116,11.112547206404201,0.0
S2-000082,EXV1.DE,EXV1.DE|swing|2023-06-20T22:00:00Z,EUR,2023-06-22T07:00:00Z,2023-06-23T15:30:00Z,stop,1,679.085900829397,15.471731748104094,15.125719288212913,15.133285931178502,1.0,1.0,229.83378246885695,-234.97218302339834,20.778297600080705,0.0,-255.75048062347906,-1.1127627882908548,229.83378246885695,-234.97218302339834,20.778297600080705,0.0,-255.75048062347906,-1.1127627882908548,10.389092654266804,0.0
S2-000083,BSP.DE,BSP.DE|swing|2023-06-21T22:00:00Z,EUR,2023-06-23T07:00:00Z,2023-06-26T15:30:00Z,stop,1,930.805013570745,11.145570343494414,10.814500639098032,10.819910594395228,1.0,1.0,303.1257271797134,-308.1613406935372,20.440544168966486,0.0,-328.6018848625037,-1.0840448546542745,303.1257271797134,-308.1613406935372,20.440544168966486,0.0,-328.6018848625037,-1.0840448546542745,10.220197599195403,0.0
S2-000084,EUNH.DE,EUNH.DE|swing|2023-06-22T22:00:00Z,EUR,2023-06-26T07:00:00Z,2023-07-06T15:30:00Z,stop,8,95.0923213281009,108.72433316802977,106.97720058441163,107.03071594238281,1.0,1.0,161.0499934280275,-166.13889304421122,20.51155955855136,0.0,-186.65045260276258,-1.1589597033183103,161.0499934280275,-166.13889304421122,20.51155955855136,0.0,-186.65045260276258,-1.1589597033183103,10.255740808485264,0.0
S2-000085,8035.T,8035.T|swing|2023-07-02T15:00:00Z,JPY,2023-07-04T00:00:00Z,2023-07-10T06:00:00Z,stop,4,56.94362343834749,21310.649999999998,19833.29267857143,19843.214285714286,0.006336734047272036,0.006409845522722903,83561.10673426803,-84126.07899531406,2342.885178657525,0.0,-86468.96417397159,-1.0347991733636417,529.5045100707689,-450.5139838009157,14.928810885680356,0.0,-465.4427946865961,-0.8790157323199931,7.46429468041683,82.57060523218797
S2-000086,ZPRR.DE,ZPRR.DE|swing|2023-07-11T22:00:00Z,EUR,2023-07-13T07:00:00Z,2023-09-07T15:30:00Z,tiempo,40,214.12459536167083,49.42470152664184,49.13541984748841,47.73321315220424,1.0,1.0,362.1892637354208,-61.94232249427352,21.104146108032808,0.0,-83.04646860230633,-0.2292902548954951,362.1892637354208,-61.94232249427352,21.104146108032808,0.0,-83.04646860230633,-0.2292902548954951,10.552060206448811,0.0
S2-000087,QCOM,QCOM|swing|2023-07-13T04:00:00Z,USD,2023-07-14T13:30:00Z,2023-08-03T20:00:00Z,stop,14,79.45042534134518,123.0615,115.55683713708606,115.61464445931571,0.8942944017170452,0.9147457006952068,591.6558401629193,-596.2486565019092,18.95832837978599,0.0,-615.2069848816951,-1.0398054800106271,529.1145056008936,-345.4576444001062,17.142091127096855,0.0,-362.59973552720305,-0.6852953976671144,8.57096134187672,187.7641911408604
S2-000088,ASML.AS,ASML.AS|swing|2023-07-13T22:00:00Z,EUR,2023-07-17T07:00:00Z,2023-07-20T07:00:00Z,stop,3,15.61021537947697,672.336,635.5820744018555,644.20359148298,1.0,1.0,439.1529560941153,-573.7366946283079,20.416882840123748,0.0,-594.1535774684316,-1.3529536104069808,439.1529560941153,-573.7366946283079,20.416882840123748,0.0,-594.1535774684316,-1.3529536104069808,10.208300537963167,0.0
S2-000089,EXH1.DE,EXH1.DE|swing|2023-07-16T22:00:00Z,EUR,2023-07-18T07:00:00Z,2023-08-09T15:30:00Z,objetivo,16,320.40397771149895,32.91645152664184,34.98928615328244,32.32321323667254,1.0,1.0,190.0759078369335,664.1444595137779,21.757268462081356,0.0,642.3871910516965,3.3796350014163905,190.0759078369335,664.1444595137779,21.757268462081356,0.0,642.3871910516965,3.3796350014163905,10.8788029868544,0.0
S2-000090,INFY,INFY|swing|2023-07-18T04:00:00Z,USD,2023-07-19T13:30:00Z,2023-07-20T13:30:00Z,stop,1,672.0371079911121,17.818904465675352,15.992,17.04428447995867,0.8884940026654821,0.8911067545891997,520.5733749931561,-1227.747593688511,22.72218245567624,0.0,-1250.469776144187,-2.402100906833022,462.52632162874824,-1062.766560761778,20.21660265235662,0.0,-1082.9831634141347,-2.3414519623456216,10.108038161546146,28.079813017441428
S2-000091,SAP.DE,SAP.DE|swing|2023-07-18T22:00:00Z,EUR,2023-07-20T07:00:00Z,2023-07-21T07:00:00Z,stop,1,83.6228520834093,126.94343725204467,121.13939694976807,122.98214449201312,1.0,1.0,331.25459853119884,-485.35040368342266,20.74539414889114,0.0,-506.0957978323138,-1.527815161136994,331.25459853119884,-485.35040368342266,20.74539414889114,0.0,-506.0957978323138,-1.527815161136994,10.372578329988642,0.0
S2-000092,NFLX,NFLX|swing|2023-07-19T04:00:00Z,USD,2023-07-20T13:30:00Z,2023-07-20T20:00:00Z,stop,0,263.73499323468394,44.72235076332092,44.4713957132612,44.49364253452846,0.8911067545891997,0.8930963650977941,60.31836317329499,-66.1856284297089,23.5235121235775,0.0,-89.7091405532864,-1.4872608577847437,53.7501008494876,-35.642988901307646,20.985296016629977,0.0,-56.62828491793762,-1.0535475101062524,10.492641720725961,23.33547164913752
S2-000093,NOW,NOW|swing|2023-07-19T04:00:00Z,USD,2023-07-20T13:30:00Z,2023-07-27T20:00:00Z,stop,5,98.63252730934747,119.58376407623291,113.78415154647828,113.84107208251953,0.8911067545891997,0.898876404494382,566.4162248991059,-572.0304412246569,23.017667310782556,0.0,-595.0481085354395,-1.0505491939985188,504.73732391650856,-422.54281981827415,20.598396185713014,0.0,-443.14121600398715,-0.8779640319947681,10.29909503192416,87.1973701876579
S2-000094,RRU.DE,RRU.DE|swing|2023-07-19T22:00:00Z,EUR,2023-07-21T07:00:00Z,2023-07-26T15:30:00Z,objetivo,3,3985.127401236332,1.7838914923667906,2.0937294399599944,1.6534821859427862,1.0,1.0,519.6977004065251,1234.7436948965033,15.452813429023044,0.0,1219.2908814674802,2.346154082486241,519.6977004065251,1234.7436948965033,15.452813429023044,0.0,1219.2908814674802,2.346154082486241,7.7267173321127345,0.0
S2-000095,SAP.DE,SAP.DE|swing|2023-07-20T22:00:00Z,EUR,2023-07-24T07:00:00Z,2023-08-24T15:30:00Z,objetivo,23,86.85006983057602,120.56025,129.75794533845357,118.37714208875384,1.0,1.0,189.6030745394114,798.8204824250561,21.74015274500846,0.0,777.0803296800476,4.098458485273779,189.6030745394114,798.8204824250561,21.74015274500846,0.0,777.0803296800476,4.098458485273779,10.870278795194794,0.0
S2-000096,9988.HK,9988.HK|swing|2023-07-24T16:00:00Z,HKD,2023-07-26T01:30:00Z,2023-08-17T01:30:00Z,stop,16,748.3058917550347,93.0465,86.55669847488404,86.98036003112793,0.11582653817642699,0.11700559286733907,4539.328278917669,-4856.356717565076,134.3981315968046,0.0,-4990.754849161881,-1.0994478791808922,525.774680193392,-486.126568075177,15.643238738907966,0.0,-501.7698068140849,-0.9543438010927465,7.821499793185504,76.36841867022176
S2-000097,1810.HK,1810.HK|swing|2023-07-24T16:00:00Z,HKD,2023-07-26T01:30:00Z,2023-08-30T08:00:00Z,objetivo,25,5589.283112737911,11.445719580173492,12.743267516902517,10.633571011679512,0.11582653817642699,0.11796626164916833,4539.328278917668,7252.362770727458,135.19909709592218,0.0,7117.163673631536,1.5678891757369247,525.774680193392,992.4194395344324,15.812046747400757,0.0,976.6073927870316,1.857463718921978,7.906273455127241,152.40336620147073
S2-000098,QDV5.DE,QDV5.DE|swing|2023-07-25T22:00:00Z,EUR,2023-07-27T07:00:00Z,2023-08-15T15:30:00Z,stop,13,1519.026180860367,6.994495675563812,6.878273163446359,6.881714020456586,1.0,1.0,171.31828682863969,-176.54503871177226,21.073099067480328,0.0,-197.6181377792526,-1.1535145572458312,171.31828682863969,-176.54503871177226,21.073099067480328,0.0,-197.6181377792526,-1.1535145572458312,10.536508031605518,0.0
S2-000099,IFX.DE,IFX.DE|swing|2023-07-26T22:00:00Z,EUR,2023-07-28T07:00:00Z,2023-08-03T07:00:00Z,stop,4,211.8378426972583,38.71935076332092,34.9825,36.19571399688721,1.0,1.0,534.6017683528021,-791.6064041835059,15.612841068497184,0.0,-807.2192452520031,-1.5099449591032617,534.6017683528021,-791.6064041835059,15.612841068497184,0.0,-807.2192452520031,-1.5099449591032617,7.806224584202296,0.0
S2-000100,EXSA.DE,EXSA.DE|swing|2023-07-27T22:00:00Z,EUR,2023-07-31T07:00:00Z,2023-08-02T15:30:00Z,stop,2,231.58441553876088,46.82339923667907,45.883654868739,45.90660817282541,1.0,1.0,212.3145226937099,-217.6301502052439,21.469508941323525,0.0,-239.09965914656743,-1.1261578158339098,212.3145226937099,-217.6301502052439,21.469508941323525,0.0,-239.09965914656743,-1.1261578158339098,10.734702746797604,0.0
S2-000101,PLTR,PLTR|swing|2023-07-31T04:00:00Z,USD,2023-08-01T13:30:00Z,2023-08-07T20:00:00Z,stop,4,264.987695420721,19.46972908401489,17.18854389354161,17.197142464773997,0.9071940488070398,0.9104151493080844,602.207490876612,-604.4860064513931,9.713991274426391,0.0,-614.1999977258195,-1.0199142438958213,546.3190518702821,-533.7147916483663,8.827146390314605,0.0,-542.5419380386809,-0.9930862491090681,4.413440869819,14.671315991471467
S2-000102,7203.T,7203.T|swing|2023-08-01T15:00:00Z,JPY,2023-08-03T00:00:00Z,2023-08-16T06:00:00Z,stop,8,677.4187167390472,2477.238,2373.544776785714,2374.7321428571427,0.006374298827129016,0.006287726358148894,69439.3862039504,-70243.73020435707,3286.0110438300508,0.0,-73529.74124818711,-1.05890540322783,442.6273980363998,-586.952985057876,20.80681788461581,0.0,-607.7598029424919,-1.373073166366697,10.403264804877402,-139.1984580030755
S2-000103,7011.T,7011.T|swing|2023-08-03T15:00:00Z,JPY,2023-08-07T00:00:00Z,2023-08-10T06:00:00Z,objetivo,3,2315.9747604170648,709.3544999999999,780.3061555235728,679.535664149693,0.006405739542630196,0.006355258976803305,69059.67121433023,164322.24340240078,3450.016479778934,0.0,160872.22692262183,2.3294670260353056,442.3782666986754,961.378560378345,22.00868005532763,0.0,939.3698803230174,2.1234539556683654,11.004583123447187,-91.22693191811803
S2-000104,LLY,LLY|swing|2023-08-08T04:00:00Z,USD,2023-08-09T13:30:00Z,2023-09-07T20:00:00Z,objetivo,20,18.488848810077602,520.630180114746,569.5052682309832,489.47318376813615,0.9137426900584795,0.9337068160597572,576.0569948286106,903.6441147603298,20.15534948697035,20.89239915538769,904.3811644287471,1.5699508426207374,526.3678680816984,1035.9104051391441,18.62701546015561,19.11472932789359,1036.398119006882,1.9689615986324247,9.313769036119627,210.21220086252637
S2-000105,R6C0.DE,R6C0.DE|swing|2023-08-08T22:00:00Z,EUR,2023-08-10T07:00:00Z,2023-09-14T15:30:00Z,objetivo,25,372.05651625713585,28.439211736679077,30.345623610837123,27.309465135846818,1.0,1.0,420.3295845589915,709.2929604504798,21.871281048146216,0.0,687.4216794023336,1.6354349173960103,420.3295845589915,709.2929604504798,21.871281048146216,0.0,687.4216794023336,1.6354349173960103,10.93582058126707,0.0
S2-000106,MUV2.DE,MUV2.DE|swing|2023-08-09T22:00:00Z,EUR,2023-08-11T07:00:00Z,2023-09-12T15:30:00Z,objetivo,22,30.015874988559716,352.3761122131347,372.58861783790593,339.64998626708984,1.0,1.0,381.98580548514917,606.6960420386928,21.760450708326978,0.0,584.9355913303658,1.531301904235567,381.98580548514917,606.6960420386928,21.760450708326978,0.0,584.9355913303658,1.531301904235567,10.88037974826615,0.0
S2-000107,ALV.DE,ALV.DE|swing|2023-08-09T22:00:00Z,EUR,2023-08-11T07:00:00Z,2023-10-06T15:30:00Z,tiempo,40,47.31077056055703,223.5617219467163,224.18785305023195,216.7410659790039,1.0,1.0,322.6904895609347,29.622744979257817,21.183377411267543,0.0,8.439367567990274,0.026153133857378965,322.6904895609347,29.622744979257817,21.183377411267543,0.0,8.439367567990274,0.026153133857378965,10.591698759243005,0.0
S2-000108,APP,APP|swing|2023-08-11T04:00:00Z,USD,2023-08-14T13:30:00Z,2023-10-10T20:00:00Z,tiempo,40,135.72008927220574,38.41920152664184,40.50973377990723,34.15928534099034,0.9087604507451835,0.945000945000945,578.1562050087365,283.72722403960375,10.712242145964993,0.0,273.0149818936388,0.47221664236832545,525.4054934648641,457.08976240199974,9.93411168345379,0.0,447.1556507185459,0.8510677110924593,4.96717135595957,199.24968239509036
S2-000109,6857.T,6857.T|swing|2023-08-23T15:00:00Z,JPY,2023-08-25T00:00:00Z,2023-08-25T06:00:00Z,stop,0,361.28001298616545,4617.3075,4467.675758928572,4469.910714285715,0.006330716637123322,0.006330716637123322,53251.51265697601,-54058.95735742813,3282.22286976481,0.0,-57341.18022719294,-1.0767990873153381,337.1202371295012,-342.23194072821025,20.778822928366736,0.0,-363.01076365657696,-1.0767990873153372,10.389328503530407,0.0
S2-000110,8035.T,8035.T|swing|2023-08-23T15:00:00Z,JPY,2023-08-25T00:00:00Z,2023-08-25T06:00:00Z,stop,0,79.56608255457665,20965.477499999997,20484.395535714288,20494.64285714286,0.006330716637123322,0.006330716637123322,37462.4680631257,-38277.80728587466,3298.004019836364,0.0,-41575.811305711024,-1.1097990456916556,237.164269834931,-242.3259514172868,20.878728917677662,0.0,-263.20468033496445,-1.1097990456916544,10.439306487175998,0.0
S2-000111,NVDA,NVDA|swing|2023-08-24T04:00:00Z,USD,2023-08-25T13:30:00Z,2023-09-21T13:30:00Z,stop,18,110.9975959558282,47.03550703811645,41.56220868301392,41.91067573002407,0.9225092250922509,0.9344047841524948,568.8439548774168,-607.5229593653696,9.834133452223359,0.4439903838233128,-616.9131024337696,-1.084503222973885,524.763796012377,-505.5676894480681,9.12695667548618,0.41320649960289696,-514.2814396239514,-0.980024619708753,4.56335308665791,54.87784502182949
S2-000112,7011.T,7011.T|swing|2023-08-29T15:00:00Z,JPY,2023-08-31T00:00:00Z,2023-09-07T06:00:00Z,objetivo,5,1904.1639426771765,828.5140255737305,900.3210812029158,783.9857090541294,0.006283380458686773,0.006321911746112024,84789.21474474078,136732.40615890894,3291.9854731585365,0.0,133440.4206857504,1.5737900284543833,532.7628950345006,925.1981859821501,20.750853649379117,0.0,904.447332332771,1.6976545115331294,10.375660718150364,66.05645705403838
S2-000113,7203.T,7203.T|swing|2023-08-30T15:00:00Z,JPY,2023-09-01T00:00:00Z,2023-09-07T06:00:00Z,objetivo,4,681.1365204649279,2486.2425,2667.549486607143,2412.410714285714,0.006309546343617894,0.006321911746112024,50289.525621140674,123494.80999357083,3510.4359409576177,0.0,119984.37405261322,2.385872059253911,317.3040925051465,801.6637350363769,22.17172576395963,0.0,779.4920092724172,2.4566087475211944,11.086066069427867,22.467508185654367
S2-000114,8035.T,8035.T|swing|2023-08-30T15:00:00Z,JPY,2023-09-01T00:00:00Z,2023-09-22T00:00:00Z,stop,14,64.59991285371876,21485.7375,20084.9525,20175.0,0.006309546343617894,0.006355662895640015,84673.52827410115,-90490.58892679642,2685.462951268958,0.0,-93176.05187806538,-1.1004153692100827,534.2515507230812,-511.1189755229395,17.00388853407233,0.0,-528.1228640570118,-0.9885284625608021,8.50181861274688,59.83558897195962
S2-000115,RRU.DE,RRU.DE|swing|2023-08-30T22:00:00Z,EUR,2023-09-01T07:00:00Z,2023-09-27T15:30:00Z,stop,18,4146.190716188123,2.5812899236679074,2.4975005623613082,2.4987499373299733,1.0,1.0,342.226525068637,-347.4066719647539,21.057633962638896,0.0,-368.4643059273928,-1.076667876207122,342.226525068637,-347.4066719647539,21.057633962638896,0.0,-368.4643059273928,-1.076667876207122,10.528732761833814,0.0
S2-000116,ITX.MC,ITX.MC|swing|2023-09-05T22:00:00Z,EUR,2023-09-07T07:00:00Z,2023-10-16T15:30:00Z,stop,27,308.9917434373444,35.167576526641845,33.82736286878586,33.844285011291504,1.0,1.0,408.88615240394734,-414.11495471946085,21.318866612147126,0.0,-435.433821331608,-1.0649267987472308,408.88615240394734,-414.11495471946085,21.318866612147126,0.0,-435.433821331608,-1.0649267987472308,10.659332442166692,0.0
S2-000117,7011.T,7011.T|swing|2023-09-06T15:00:00Z,JPY,2023-09-08T00:00:00Z,2023-09-12T06:00:00Z,stop,2,1909.2421585541003,897.3484744262695,861.4869073649816,861.9178662981305,0.0063411540900443885,0.006362942224484602,67645.61074145244,-68468.41570522598,3358.042660872454,0.0,-71826.45836609844,-1.0618051574791092,428.9512412267118,-398.33193133567,21.329702796487283,0.0,-419.66163413215725,-0.9783434427931991,10.66475448144797,35.8368429523834
S2-000118,INTC,INTC|swing|2023-09-07T04:00:00Z,USD,2023-09-08T13:30:00Z,2023-09-20T20:00:00Z,stop,8,209.68851369681803,38.139058931350704,35.353385598727634,35.37107113429478,0.9337068160597572,0.9344047841524948,580.4152470955861,-584.1237007625932,15.410521461457972,0.0,-599.5342222240512,-1.0329401669307223,541.937672358157,-540.2261045404823,14.394083103882082,0.0,-554.6201876443644,-1.0234021658450527,7.1969082946409095,5.174176283600704
S2-000119,ENI.MI,ENI.MI|swing|2023-09-10T22:00:00Z,EUR,2023-09-12T07:00:00Z,2023-10-04T15:30:00Z,stop,16,723.9499221496988,15.047519961833952,14.49796218594483,14.5052147933415,1.0,1.0,392.6017845114904,-397.8523090716914,21.389449500759767,173.7479813159277,-245.49377725652352,-0.6252996979165248,392.6017845114904,-397.8523090716914,21.389449500759767,173.7479813159277,-245.49377725652352,-0.6252996979165248,10.694627960957405,0.0
S2-000120,AMZN,AMZN|swing|2023-09-11T04:00:00Z,USD,2023-09-12T13:30:00Z,2023-09-20T20:00:00Z,stop,6,82.03586791595433,142.39116732788085,135.33231514222282,135.40001514979772,0.9324878776575904,0.9344047841524948,573.5252366615638,-579.0790655408873,22.783286925076283,0.0,-601.8623524659636,-1.049408664158089,534.8053307176089,-518.7025136920868,21.26642056595839,0.0,-539.9689342580451,-1.009655108585974,10.633083265620957,21.281695130075267
S2-000121,TSLA,TSLA|swing|2023-09-11T04:00:00Z,USD,2023-09-12T13:30:00Z,2023-09-25T20:00:00Z,stop,9,20.72755871432233,270.8953897705078,242.59612750216894,242.71748624529158,0.9324878776575904,0.9404683532399135,584.0591497654292,-586.5746202390001,10.643425573575868,0.0,-597.218045812576,-1.0225300743125618,544.6280769912619,-506.8444959803883,9.964994550844366,0.0,-516.8094905312327,-0.948921864965703,4.982371809890635,40.12922673408365
S2-000122,7011.T,7011.T|swing|2023-09-11T15:00:00Z,JPY,2023-09-13T00:00:00Z,2023-10-04T00:00:00Z,stop,14,1388.473480381383,840.92025,778.0108244018555,779.0178462437221,0.006352432981832042,0.00636902108145978,85949.84598745272,-87348.06910904933,2247.8428633723165,11107.787843051065,-78488.1241293706,-0.9131851631337256,545.990636434079,-536.9535036614458,14.297190394708302,70.66022800923069,-480.5904660469234,-0.880217413957333,7.148462746093471,17.91925144622422
S2-000123,MA,MA|swing|2023-09-14T04:00:00Z,USD,2023-09-15T13:30:00Z,2023-09-25T13:30:00Z,stop,6,28.869364794607293,412.06591534423825,400.3997061004639,401.02571759905135,0.9319664492078286,0.9392317084624777,318.7234961104015,-336.7960504287413,23.455366408564423,0.0,-360.2514168373057,-1.130294506786282,297.0396049491161,-229.90141560094315,21.943595750282714,0.0,-251.84501135122588,-0.8478499403955503,10.971743142721424,83.98120362435148
S2-000124,BBVA.MC,BBVA.MC|swing|2023-09-19T22:00:00Z,EUR,2023-09-21T07:00:00Z,2023-10-31T08:00:00Z,stop,28,1455.2750435599353,7.413704847335815,7.090452862739563,7.121142932346889,1.0,1.0,425.7580535794868,-470.42054596414556,21.107538743330117,232.84400696958966,-258.684077737886,-0.6075846964327383,425.7580535794868,-470.42054596414556,21.107538743330117,232.84400696958966,-258.684077737886,-0.6075846964327383,10.55365440494094,0.0
S2-000125,1810.HK,1810.HK|swing|2023-10-11T16:00:00Z,HKD,2023-10-13T01:30:00Z,2023-10-30T08:00:00Z,objetivo,10,5788.781333884163,12.406199618339539,14.168982688852719,11.649285929543632,0.12040069350799461,0.12132094242108074,4381.60783306315,10204.365734273708,153.83791928444322,0.0,10050.527814989264,2.293799034032449,527.5486217808647,1304.0925784600904,18.59767203691818,0.0,1285.4949064231723,2.4367325652063716,9.29916436639488,75.47986724431993
S2-000126,LLY,LLY|swing|2023-11-08T05:00:00Z,USD,2023-11-09T14:30:00Z,2023-12-11T21:00:00Z,stop,21,12.711898574292324,615.0673897705078,570.494602243696,570.7799922398159,0.93711929528629,0.9296272194849864,562.97690552952,-566.6047542143135,15.070743796020526,14.364445388950324,-567.3110526213837,-1.0076986232459877,527.57652097228,-585.3093025421091,14.06875175100005,13.39467119447065,-585.9833830986385,-1.1107078495811742,7.03423130673187,-54.333054566929704
S2-000127,TSM,TSM|swing|2023-11-10T05:00:00Z,USD,2023-11-13T14:30:00Z,2024-01-11T21:00:00Z,tiempo,40,104.79838534602055,97.05850713729858,101.16939122009278,91.69178635733468,0.9360666479453337,0.910166560480568,562.4236723431526,430.8140142214889,20.773963678389695,50.19842658074384,460.23847712384304,0.8183127769256427,526.4660416953595,128.66783172541147,19.171211746513585,45.973465134851025,155.4700851137489,0.29530885717356853,9.585640436623772,-274.602798454771
S2-000128,DBK.DE,DBK.DE|swing|2023-11-13T23:00:00Z,EUR,2023-11-15T08:00:00Z,2023-11-30T16:30:00Z,objetivo,11,988.1725169091635,10.683339450359345,11.427568985232286,10.251142876488823,1.0,1.0,427.08477620115093,735.4271726335305,21.849392039946636,0.0,713.5777805935838,1.6708106220519992,427.08477620115093,735.4271726335305,21.849392039946636,0.0,713.5777805935838,1.6708106220519992,10.924882607986193,0.0
S2-000129,V,V|swing|2023-11-14T05:00:00Z,USD,2023-11-15T14:30:00Z,2023-12-12T21:00:00Z,objetivo,18,45.843031820804185,246.93340255737303,259.17463290691376,238.69714736938477,0.9324878776575904,0.9255831173639393,377.5749086672095,561.1751124397896,23.201526774553994,0.0,537.9735856652356,1.424812860484328,352.0840252398448,441.25110936364786,21.553104580190023,0.0,419.6980047834578,1.1920393278211172,10.776665297037898,-82.03788022959219
S2-000130,8035.T,8035.T|swing|2023-11-14T15:00:00Z,JPY,2023-11-16T00:00:00Z,2023-12-07T06:00:00Z,stop,14,54.054818204271534,24062.024999999998,22460.906785714287,22472.14285714286,0.006120325601321991,0.0063011972274732205,85940.79019836032,-86548.15399676196,2514.7886200065113,0.0,-89062.94261676847,-1.0363291099744592,525.9856184488667,-310.10298176683955,15.610925073825754,0.0,-325.7139068406653,-0.6192448907656385,7.8053869625134595,219.59990088670173
S2-000131,VRTX,VRTX|swing|2023-11-15T05:00:00Z,USD,2023-11-16T14:30:00Z,2023-12-13T21:00:00Z,objetivo,18,32.58226057361562,350.89536122131346,386.65728755596706,338.32927213396346,0.9201324990798675,0.9270418095856123,409.43158903530565,1165.20440245013,24.031132589221755,0.0,1141.1732698609082,2.7872135429259806,376.73131122129706,1159.1870967067246,22.198870742981683,0.0,1136.988225963743,3.0180348489692186,11.099727943196381,87.04465794142291
S2-000132,PANW,PANW|swing|2023-11-15T05:00:00Z,USD,2023-11-16T14:30:00Z,2023-11-16T21:00:00Z,stop,0,95.2310530154743,120.05500024795532,118.87695631558555,118.93642452784947,0.9201324990798675,0.9217439395335976,106.52314370322276,-112.18636417806385,22.75374182259356,0.0,-134.9401060006574,-1.266767965247114,98.01540642549021,-84.98356043331479,20.954700085841644,0.0,-105.93826051915644,-1.0808327423473887,10.477331416363194,18.242759200531843
S2-000133,RRU.DE,RRU.DE|swing|2023-11-15T23:00:00Z,EUR,2023-11-17T08:00:00Z,2023-12-01T08:00:00Z,objetivo,10,2250.228786195597,2.809404087781906,3.1684150762557985,2.5764284559658597,1.0,1.0,524.2484731945742,807.8568608244888,13.451460761589344,0.0,794.4054000628994,1.5153222959755892,524.2484731945742,807.8568608244888,13.451460761589344,0.0,794.4054000628994,1.5153222959755892,6.725934026492585,0.0
S2-000134,INTC,INTC|swing|2023-11-16T05:00:00Z,USD,2023-11-17T14:30:00Z,2023-12-22T21:00:00Z,objetivo,24,245.24924278208923,42.931454847335814,47.432523903948926,40.612496103559224,0.9217439395335976,0.9071940488070398,568.7228759541138,1103.8837778442582,22.161697363529385,0.0,1081.722080480729,1.9020196412285786,524.2168641848224,848.2423505289735,20.25815440296249,0.0,827.9841961260109,1.5794688280651912,10.129291794391156,-169.25583164842482
S2-000135,VVSM.DE,VVSM.DE|swing|2023-11-22T23:00:00Z,EUR,2023-11-24T08:00:00Z,2023-12-13T08:00:00Z,objetivo,13,380.61065093777574,27.763875,29.49024666118622,26.809464522770472,1.0,1.0,363.2587930001632,657.0754417246168,21.791528514334694,0.0,635.2839132102821,1.7488466224408685,363.2587930001632,657.0754417246168,21.791528514334694,0.0,635.2839132102821,1.7488466224408685,10.895931250009639,0.0
S2-000136,7011.T,7011.T|swing|2023-11-23T15:00:00Z,JPY,2023-11-27T00:00:00Z,2023-12-07T06:00:00Z,stop,8,1198.6720710817115,876.438,804.1584539729528,804.5607343401227,0.00612369871402327,0.0063011972274732205,86157.27089221544,-86639.47313308658,2014.4840321363395,0.0,-88653.95716522292,-1.028978242313767,527.6011689664142,-359.4592585159096,12.507188048706539,0.0,-371.96644656461615,-0.7050144473586157,6.253505722914255,171.09477169282673
S2-000137,EXSA.DE,EXSA.DE|swing|2023-11-26T23:00:00Z,EUR,2023-11-28T08:00:00Z,2023-12-08T16:30:00Z,objetivo,8,231.33575084502118,45.33765612602234,46.82702025215967,44.55803380693708,1.0,1.0,180.35451456112435,344.5431684016185,21.320984611335124,0.0,323.2221837902834,1.792149115739154,180.35451456112435,344.5431684016185,21.320984611335124,0.0,323.2221837902834,1.792149115739154,10.660581106603768,0.0
S2-000138,IS3N.DE,IS3N.DE|swing|2023-11-29T23:00:00Z,EUR,2023-12-01T08:00:00Z,2024-01-17T16:30:00Z,stop,30,380.51203242636666,28.02300527858734,27.514628799608776,27.528392996106827,1.0,1.0,188.20592486970446,-193.443367253894,21.132738019246247,0.0,-214.57610527314023,-1.1401134444714847,188.20592486970446,-193.443367253894,21.132738019246247,0.0,-214.57610527314023,-1.1401134444714847,10.56632329036142,0.0
S2-000139,MRVL,MRVL|swing|2023-11-30T05:00:00Z,USD,2023-12-01T14:30:00Z,2023-12-01T21:00:00Z,stop,0,223.07227431682085,52.24611122131348,51.01519445146834,51.04071480887277,0.9148293843198244,0.9195402298850576,268.8905191764849,-274.58340334406955,23.034734305351876,0.0,-297.61813764942144,-1.1068376027571332,245.9889481076616,-197.58718785531678,21.126461580506174,0.0,-218.71364943582296,-0.8891198207006393,10.563184034251206,53.609777970380456
S2-000140,CRM,CRM|swing|2023-12-01T05:00:00Z,USD,2023-12-04T14:30:00Z,2024-01-19T21:00:00Z,objetivo,31,45.77056213307126,252.92640305328368,281.4993607698168,245.57321275983537,0.9195402298850576,0.918526683200147,336.55965320257224,1307.8003364901972,24.46096762857929,0.0,1283.339368861618,3.813111157709648,309.4801408759285,1189.5160973873387,22.47978487172214,0.0,1167.0363125156166,3.770957028817836,11.240192624932506,-13.05892467261338
S2-000141,QDV5.DE,QDV5.DE|swing|2023-12-06T23:00:00Z,EUR,2023-12-08T08:00:00Z,2024-01-12T08:00:00Z,objetivo,22,1387.3735191903925,7.664830274820328,7.9840059161186225,7.540249807494027,1.0,1.0,172.83964137687286,442.81583270786575,21.710780937456946,0.0,421.1050517704088,2.436391607942526,172.83964137687286,442.81583270786575,21.710780937456946,0.0,421.1050517704088,2.436391607942526,10.855503886561468,0.0
S2-000142,SAF.PA,SAF.PA|swing|2023-12-10T23:00:00Z,EUR,2023-12-12T08:00:00Z,2023-12-15T16:30:00Z,stop,3,65.16369453036059,165.4626948852539,160.39261764226643,160.47285406930106,1.0,1.0,325.1564626858765,-330.38496470736897,21.23393604663852,0.0,-351.6189007540075,-1.0813837063226253,325.1564626858765,-330.38496470736897,21.23393604663852,0.0,-351.6189007540075,-1.0813837063226253,10.616888081299308,0.0
S2-000143,AMD,AMD|swing|2023-12-11T05:00:00Z,USD,2023-12-12T14:30:00Z,2023-12-29T21:00:00Z,objetivo,12,64.46185402958683,132.316125,150.96840781634197,123.32071958269391,0.9296272194849864,0.9049773755656109,579.8605109473397,1202.3607322256066,18.261046203246735,0.0,1184.09968602236,2.0420422906327116,539.0541144811189,877.8622927674813,16.73608063526179,0.0,861.1262121322195,1.5974763738908104,8.368261875269278,-239.88497154934217
S2-000144,AVGO,AVGO|swing|2023-12-12T05:00:00Z,USD,2023-12-13T14:30:00Z,2024-01-19T21:00:00Z,objetivo,24,84.27805455794012,106.85340305328369,118.14327286257063,99.9117453438895,0.9255831173639393,0.918526683200147,585.0294071548682,951.4882637391258,18.962282128191543,44.245978642918566,976.7719602538529,1.6696117294412913,541.4933424239802,810.4213684250943,17.48090809968427,40.36305294920504,833.3035132746152,1.5388989078690327,8.740658840348173,-70.26010486176772
S2-000145,VRTX,VRTX|swing|2023-12-13T05:00:00Z,USD,2023-12-14T14:30:00Z,2024-01-17T21:00:00Z,objetivo,21,27.340744702781233,404.30205610656736,438.4104997855595,382.6968024117606,0.9270418095856123,0.919371150133309,590.703725508533,932.550250836517,23.0403888484749,0.0,909.5098619880421,1.5397056472008044,547.6070506243933,772.568946114187,21.26745964569552,0.0,751.3014864684915,1.3719719014060199,10.63392562356426,-91.94412595081327
S2-000146,MA,MA|swing|2023-12-14T05:00:00Z,USD,2023-12-15T14:30:00Z,2024-01-22T14:30:00Z,objetivo,23,28.85489577851799,412.82630511474605,438.760520980835,405.19570704868863,0.9158347834050736,0.918526683200147,220.18011192384768,748.3290959135842,24.572449113346917,19.044231213821874,742.8008780140591,3.3736056881966117,201.6486051138819,719.4263143080354,22.53838411029057,17.398347536837086,714.2862777345819,3.542232674166953,11.269374729065401,34.08049883630289
S2-000147,6758.T,6758.T|swing|2023-12-14T15:00:00Z,JPY,2023-12-18T00:00:00Z,2024-01-11T06:00:00Z,objetivo,14,646.5217394033986,2638.3185,2873.526803571429,2538.3571428571427,0.006445375443119562,0.0062881217380368485,64627.19049312437,152067.2815471229,3563.5278129874537,0.0,148503.75373413545,2.297852538552401,416.5465065621938,687.9851745844155,22.676129109101534,0.0,665.309045475314,1.5972023171342522,11.338239385402595,-292.1455476013579
S2-000148,IQQT.DE,IQQT.DE|swing|2023-12-28T23:00:00Z,EUR,2024-01-02T08:00:00Z,2024-01-03T08:00:00Z,stop,1,163.9967249565456,67.45370816802978,66.69663835525513,66.93606839861188,1.0,1.0,84.89122689179659,-124.15696985850698,22.000217481604437,0.0,-146.15718734011142,-1.721699552374301,84.89122689179659,-124.15696985850698,22.000217481604437,0.0,-146.15718734011142,-1.721699552374301,11.00008045157776,0.0
S2-000149,ZPRR.DE,ZPRR.DE|swing|2024-01-01T23:00:00Z,EUR,2024-01-03T08:00:00Z,2024-01-04T16:30:00Z,stop,1,210.36313927141137,52.38618061065674,50.74550656100682,50.770892007010325,1.0,1.0,339.79718149239386,-345.13734360549597,21.695105471788292,0.0,-366.83244907728425,-1.0795629541897644,339.79718149239386,-345.13734360549597,21.695105471788292,0.0,-366.83244907728425,-1.0795629541897644,10.847469163425124,0.0
S2-000150,BSP.DE,BSP.DE|swing|2024-01-03T23:00:00Z,EUR,2024-01-05T08:00:00Z,2024-02-12T16:30:00Z,objetivo,26,798.6603705147025,13.636815114498138,14.573602457012448,13.121071270533971,1.0,1.0,411.90416951109825,748.1749260659632,22.53054255003712,0.0,725.644383515926,1.7616825398422544,411.90416951109825,748.1749260659632,22.53054255003712,0.0,725.644383515926,1.7616825398422544,11.265461135114446,0.0
S2-000151,EXV1.DE,EXV1.DE|swing|2024-01-03T23:00:00Z,EUR,2024-01-05T08:00:00Z,2024-01-15T16:30:00Z,stop,6,646.4984775923821,16.846418343544006,16.49289227100781,16.501142842429026,1.0,1.0,223.2200858207812,-228.5540676838637,21.553813556287295,0.0,-250.10788124015102,-1.1204541935395431,223.2200858207812,-228.5540676838637,21.553813556287295,0.0,-250.10788124015102,-1.1204541935395431,10.776852333839408,0.0
S2-000152,6758.T,6758.T|swing|2024-01-11T15:00:00Z,JPY,2024-01-15T00:00:00Z,2024-02-15T00:00:00Z,stop,22,616.8871373266596,2894.4465,2728.635,2785.8928571428573,0.006282590940503864,0.006200396825396825,66965.34598852333,-102286.9815708393,3468.8066494894993,0.0,-105755.7882203288,-1.579261432300424,420.71587603520345,-780.981316295949,21.654739177894783,0.0,-802.6360554738437,-1.9077864687157255,10.827177050411802,-138.35405254750887
S2-000153,6857.T,6857.T|swing|2024-01-11T15:00:00Z,JPY,2024-01-15T00:00:00Z,2024-01-19T00:00:00Z,objetivo,4,230.8279876322067,5042.5199999999995,5748.1245,4655.75,0.006282590940503864,0.006215426689042203,89277.34077650848,162873.2667992295,2490.7827551895393,0.0,160382.48404403994,1.7964522985236735,560.8930123547684,934.1507002663052,15.559453762340251,0.0,918.591246503965,1.6377298812254593,7.779962363835244,-89.11541017680254
S2-000154,AIR.PA,AIR.PA|swing|2024-01-11T23:00:00Z,EUR,2024-01-15T08:00:00Z,2024-03-06T08:00:00Z,objetivo,37,75.46155406205088,148.6542918319702,158.82054389953615,143.24642889840263,1.0,1.0,408.0857411215704,767.1611800050645,23.20252893927328,0.0,743.9586510657912,1.8230449537911273,408.0857411215704,767.1611800050645,23.20252893927328,0.0,743.9586510657912,1.8230449537911273,11.601459160294063,0.0
S2-000155,EUNN.DE,EUNN.DE|swing|2024-01-14T23:00:00Z,EUR,2024-01-16T08:00:00Z,2024-01-17T08:00:00Z,stop,1,233.86075690239298,47.834906324386594,47.31233053588868,47.37096527644566,1.0,1.0,108.49760462955643,-122.20996943698779,22.25120482931524,0.0,-144.46117426630303,-1.331468789191587,108.49760462955643,-122.20996943698779,22.25120482931524,0.0,-144.46117426630303,-1.331468789191587,11.125574643557194,0.0
S2-000156,AMD,AMD|swing|2024-01-16T05:00:00Z,USD,2024-01-17T14:30:00Z,2024-01-24T21:00:00Z,objetivo,5,43.15389612628622,158.5292219467163,180.1668499544689,144.39535685947962,0.9189487226612755,0.9170105456212746,609.9313458375547,933.747951465777,14.616055105204914,0.0,919.131896360572,1.5069432037443897,560.4956311684936,842.9973516565708,13.416336033644384,0.0,829.5810156229264,1.4800847134052713,6.708380443253736,-15.069135630487294
S2-000157,8035.T,8035.T|swing|2024-01-16T15:00:00Z,JPY,2024-01-18T00:00:00Z,2024-01-22T00:00:00Z,objetivo,2,58.56892794770819,26223.105,29215.385000000002,24689.10714285714,0.006224712107065048,0.0062046286529751195,89844.60996693882,175254.6317193684,3246.972926339741,0.0,172007.65879302865,1.9145017030662643,559.2568314157412,1056.5445528589946,20.17710661087563,0.0,1036.367446248119,1.8531153989207199,10.088819963780121,-34.36507502378427
S2-000158,MUV2.DE,MUV2.DE|swing|2024-01-16T23:00:00Z,EUR,2024-01-18T08:00:00Z,2024-02-16T16:30:00Z,objetivo,21,28.596442470951065,392.0959438934326,415.06558835438324,377.81782967703685,1.0,1.0,408.3032717828296,656.8501164057745,23.081948321689378,0.0,633.7681680840851,1.5521995827189377,408.3032717828296,656.8501164057745,23.081948321689378,0.0,633.7681680840851,1.5521995827189377,11.54114125865733,0.0
S2-000159,ALV.DE,ALV.DE|swing|2024-01-17T23:00:00Z,EUR,2024-01-19T08:00:00Z,2024-03-08T16:30:00Z,objetivo,35,46.58422772733015,245.17252805328368,257.3016537839345,237.29643086024694,1.0,1.0,366.90190524300937,565.0259551700578,23.40737171380887,0.0,541.618583456249,1.4761945242489811,366.90190524300937,565.0259551700578,23.40737171380887,0.0,541.618583456249,1.4761945242489811,11.703830039349004,0.0
S2-000160,EUNL.DE,EUNL.DE|swing|2024-01-21T23:00:00Z,EUR,2024-01-23T08:00:00Z,2024-02-05T16:30:00Z,objetivo,9,138.0537296193971,83.91193774795532,86.3435866676058,82.34214510236468,1.0,1.0,216.71572945288804,335.6982024827271,23.504410133874536,0.0,312.1937923488525,1.4405682187306137,216.71572945288804,335.6982024827271,23.504410133874536,0.0,312.1937923488525,1.4405682187306137,11.752291929560847,0.0
S2-000161,ASML.AS,ASML.AS|swing|2024-01-21T23:00:00Z,EUR,2024-01-23T08:00:00Z,2024-01-24T16:30:00Z,objetivo,1,16.418840728771166,705.5526122131347,762.0295089285715,670.8928571428571,1.0,1.0,569.0729981971065,927.285172026017,24.095997103417826,0.0,903.1891749225991,1.5871235813050593,569.0729981971065,927.285172026017,24.095997103417826,0.0,903.1891749225991,1.5871235813050593,12.048233385057976,0.0
S2-000162,GOOGL,GOOGL|swing|2024-01-22T05:00:00Z,USD,2024-01-23T14:30:00Z,2024-02-02T21:00:00Z,stop,8,86.41125065461736,145.96294438934325,138.77771660586768,138.84714017595564,0.9182736455463728,0.9188642837452908,614.8855414922186,-620.884519008428,24.6047966288186,0.0,-645.4893156372466,-1.0497714974249646,564.6331877798151,-563.0589834074026,22.601019205598135,0.0,-585.6600026130008,-1.0372397784761198,11.300371663143984,7.082907325773249
S2-000163,CRWD,CRWD|swing|2024-01-22T05:00:00Z,USD,2024-01-23T14:30:00Z,2024-02-09T21:00:00Z,objetivo,13,107.29688673536762,74.57977460861206,83.56734978345462,68.70223195212228,0.9182736455463728,0.9283327144448571,630.6420286956757,964.3388355606842,16.96869409341967,0.0,947.3701414672645,1.5022312157447884,579.1019547251384,975.7217449679533,15.672099392221385,0.0,960.0496455757319,1.6578249093139468,7.836295585620087,90.19480689570048
S2-000164,SAP.DE,SAP.DE|swing|2024-01-23T23:00:00Z,EUR,2024-01-25T08:00:00Z,2024-02-26T16:30:00Z,objetivo,22,73.28805475882325,159.75983267211913,171.54381486524855,153.51357105800085,1.0,1.0,457.77636321343635,863.6251322470669,24.280599862516482,0.0,839.3445323845503,1.8335252752951978,457.77636321343635,863.6251322470669,24.280599862516482,0.0,839.3445323845503,1.8335252752951978,12.140518872669627,0.0
S2-000165,ENR.DE,ENR.DE|swing|2024-01-23T23:00:00Z,EUR,2024-01-25T08:00:00Z,2024-03-21T16:30:00Z,objetivo,40,419.8345106240294,13.481737881660461,15.773626831999849,12.087320906775338,1.0,1.0,585.4243682567353,962.2140758703573,12.282411727687075,0.0,949.9316641426702,1.622637723419948,585.4243682567353,962.2140758703573,12.282411727687075,0.0,949.9316641426702,1.622637723419948,6.1414479527236185,0.0
S2-000166,ASML.AS,ASML.AS|swing|2024-01-24T23:00:00Z,EUR,2024-01-26T08:00:00Z,2024-03-01T16:30:00Z,objetivo,25,14.808001007438254,790.395,885.8211740515573,762.1571088518415,1.0,1.0,418.14672056986274,1413.070881491438,24.821410794039757,21.471601460785468,1409.7210721581837,3.3713550837777086,418.14672056986274,1413.070881491438,24.821410794039757,21.471601460785468,1409.7210721581837,3.3713550837777086,12.411061767504732,0.0
S2-000167,RACE.MI,RACE.MI|swing|2024-02-01T23:00:00Z,EUR,2024-02-05T08:00:00Z,2024-02-23T08:00:00Z,objetivo,14,24.89936326777024,347.1735,383.6080877990723,323.5892759050642,1.0,1.0,587.2321631283061,907.1980371205703,18.195996224007033,0.0,889.0020408965634,1.513885132177821,587.2321631283061,907.1980371205703,18.195996224007033,0.0,889.0020408965634,1.513885132177821,9.098227186068993,0.0
S2-000168,PLTR,PLTR|swing|2024-02-06T05:00:00Z,USD,2024-02-07T14:30:00Z,2024-03-06T21:00:00Z,objetivo,19,251.6995068417554,21.61080038166046,26.053485388006486,19.072322300502233,0.9308386856557759,0.9196247930844216,638.9336811561316,1118.2216251505554,11.99707722218967,0.0,1106.2245479283656,1.7313605160502497,594.74418798858,967.3471716693688,11.09380681705624,0.0,956.2533648523125,1.6078397808078688,5.547146632107083,-73.53677615764009
S2-000169,PANW,PANW|swing|2024-02-07T05:00:00Z,USD,2024-02-08T14:30:00Z,2024-02-21T14:30:00Z,stop,8,59.41399377127897,181.70080561065672,137.53120610046386,170.8107147216797,0.9279881217520417,0.925754489909276,647.023792246343,-2624.2923101784845,18.966848755397372,0.0,-2643.2591589338817,-4.08525805481896,600.4303936955671,-2453.563719084977,17.58275872484214,0.0,-2471.1464778098193,-4.115625231095065,8.790768169182352,-18.251627234118402
S2-000170,SXR8.DE,SXR8.DE|swing|2024-02-11T23:00:00Z,EUR,2024-02-13T08:00:00Z,2024-02-20T16:30:00Z,stop,5,24.964056716240204,489.5246387786865,482.16415795026506,482.40536063058033,1.0,1.0,177.72606346801174,-183.74746085951125,24.25729423207675,0.0,-208.004755091588,-1.1703671990069482,177.72606346801174,-183.74746085951125,24.25729423207675,0.0,-208.004755091588,-1.1703671990069482,12.128604211322942,0.0
S2-000171,UBER,UBER|swing|2024-02-14T05:00:00Z,USD,2024-02-15T14:30:00Z,2024-04-15T20:00:00Z,tiempo,40,95.11182025040438,79.03949999999999,73.36330152511597,72.25714601789203,0.9334453467749464,0.9384384384384383,645.082032820867,-539.8735690487881,14.495307864314885,0.0,-554.368876913103,-0.8593773329709926,602.1488218247615,-469.10208955532255,13.565418057335066,0.0,-482.66750761265763,-0.8015751092063491,6.782593448792131,34.84038132005128
S2-000172,BSP.DE,BSP.DE|swing|2024-02-15T23:00:00Z,EUR,2024-02-19T08:00:00Z,2024-03-19T16:30:00Z,objetivo,21,818.175611840028,14.727360267162322,15.669126396596432,14.190356492996216,1.0,1.0,439.36339148875777,770.5300791599686,24.86966407390807,0.0,745.6604150860605,1.697138244857936,439.36339148875777,770.5300791599686,24.86966407390807,0.0,745.6604150860605,1.697138244857936,12.435027778229024,0.0
S2-000173,COIN,COIN|swing|2024-02-16T05:00:00Z,USD,2024-02-20T14:30:00Z,2024-03-04T21:00:00Z,objetivo,9,23.145046428415064,179.95993011474607,222.6887793917656,151.98320960998535,0.9279881217520417,0.9219988936013277,647.5224949974786,988.9612003493662,9.319323075869622,0.0,979.6418772734966,1.5129078678221228,600.893183924906,886.8749136115063,8.617351783990365,0.0,878.2575618275159,1.4615868266152148,4.308898687947832,-30.86933318634668
S2-000174,RRU.DE,RRU.DE|swing|2024-02-21T23:00:00Z,EUR,2024-02-23T08:00:00Z,2024-03-18T16:30:00Z,objetivo,16,2073.968845167923,4.1170572710037225,4.649727363535336,3.8319641521998813,1.0,1.0,591.2742463709242,1104.741176663282,18.182038204330865,0.0,1086.559138458951,1.8376567982250993,591.2742463709242,1104.741176663282,18.182038204330865,0.0,1086.559138458951,1.8376567982250993,9.091297560281465,0.0
S2-000175,SU.PA,SU.PA|swing|2024-02-21T23:00:00Z,EUR,2024-02-23T08:00:00Z,2024-04-23T15:30:00Z,tiempo,40,57.030519372007525,207.353625,209.04541889953614,197.63393184116907,1.0,1.0,554.3191489846758,96.48388476094061,23.74745373959791,0.0,72.7364310213427,0.13121760479422567,554.3191489846758,96.48388476094061,23.74745373959791,0.0,72.7364310213427,0.13121760479422567,11.873753959207598,0.0
S2-000176,PANW,PANW|swing|2024-02-22T05:00:00Z,USD,2024-02-23T14:30:00Z,2024-04-22T20:00:00Z,tiempo,40,59.22855083025208,138.54424360656736,140.76957633972168,127.72062274387905,0.9221689413500553,0.9405568096313018,641.0673784331118,131.8032328998543,16.543352782280657,0.0,115.25988011757363,0.1797937065512369,591.172425703718,274.85513393796157,15.409076407804434,0.0,259.44605753015713,0.4388669806804987,7.704608843836782,153.31028618818726
S2-000177,MA,MA|swing|2024-02-27T05:00:00Z,USD,2024-02-28T14:30:00Z,2024-04-15T20:00:00Z,stop,32,27.54451039282406,474.40709843444824,458.45994063568116,458.6892852783203,0.9211495946941785,0.9384384384384383,432.9394678314325,-439.25665372414505,25.695365852790186,18.17937685926388,-446.7726427176714,-1.0319517528755888,398.80201532003736,-186.2966257794075,23.88760030358162,16.796984994238084,-193.38724108875104,-0.48492042080970527,11.943756563573245,218.3244627653086
S2-000178,EXV1.DE,EXV1.DE|swing|2024-02-29T23:00:00Z,EUR,2024-03-04T08:00:00Z,2024-03-12T16:30:00Z,objetivo,6,708.6938061376217,17.230611122131346,17.81605030487265,16.863356794629777,1.0,1.0,260.27086717760017,414.8971226790333,24.837351879120035,0.0,390.0597707999133,1.4986685795062475,260.27086717760017,414.8971226790333,24.837351879120035,0.0,390.0597707999133,1.4986685795062475,12.41878276853496,0.0
S2-000179,VVSM.DE,VVSM.DE|swing|2024-03-03T23:00:00Z,EUR,2024-03-05T08:00:00Z,2024-03-19T16:30:00Z,stop,10,315.6053766904178,38.07903137397766,36.12478530577251,36.14285673413958,1.0,1.0,611.0671265445309,-616.7705665016524,23.419123515079264,0.0,-640.1896900167317,-1.0476585340744533,611.0671265445309,-616.7705665016524,23.419123515079264,0.0,-640.1896900167317,-1.0476585340744533,11.709410492247747,0.0
S2-000180,MRVL,MRVL|swing|2024-03-06T05:00:00Z,USD,2024-03-07T14:30:00Z,2024-03-11T20:00:00Z,stop,2,90.5805056984285,81.22059030532836,73.82771622221811,73.86464854649135,0.9196247930844216,0.9152480322167307,666.3049244036434,-669.6502730129317,14.044354012950112,0.0,-683.6946270258818,-1.0260987154459387,612.7505282358318,-645.0959337314019,12.886267213190655,0.0,-657.9822009445926,-1.0738174356846124,6.442973943353779,-29.26893997295808
S2-000181,QCOM,QCOM|swing|2024-03-07T05:00:00Z,USD,2024-03-08T14:30:00Z,2024-03-19T20:00:00Z,stop,7,65.0469991911888,174.90741732788084,164.45380646487646,164.53607450212752,0.9178522257916476,0.9213193292795283,674.6247283983178,-679.9760173508479,22.074429249568325,0.0,-702.0504466004162,-1.0406532951544958,619.2058085344817,-587.0291092990545,20.2981524115079,0.0,-607.3272617105624,-0.9808164803039671,10.14893198570768,37.08839171136094
S2-000182,8035.T,8035.T|swing|2024-03-07T15:00:00Z,JPY,2024-03-11T00:00:00Z,2024-04-19T06:00:00Z,stop,28,54.550819969652984,36048.015,35187.04053571429,35204.642857142855,0.006211565935772408,0.006067224851352991,46006.64193242054,-46966.86299971826,3885.9306900569827,13364.95089256498,-37487.84279721026,-0.8148354503307674,285.7732898467019,-568.7978672413191,23.860654602208342,81.73282101617527,-510.92570082735216,-1.7878707317308393,11.930188084182696,-277.0601009221801
S2-000183,IQQK.DE,IQQK.DE|swing|2024-03-11T23:00:00Z,EUR,2024-03-13T08:00:00Z,2024-03-15T08:00:00Z,stop,2,282.99784649037395,43.36167015266418,42.1938926525116,42.30964469909668,1.0,1.0,297.720937812662,-330.4785177230929,24.212040029136684,75.86974165914383,-278.8208160930858,-0.9365173243829129,297.720937812662,-330.4785177230929,24.212040029136684,75.86974165914383,-278.8208160930858,-0.9365173243829129,12.105940421422247,0.0
S2-000184,TSM,TSM|swing|2024-03-12T04:00:00Z,USD,2024-03-13T13:30:00Z,2024-04-19T20:00:00Z,stop,26,46.564238276214994,143.1215280532837,128.67491187735968,128.73928151811873,0.9160864785635765,0.9387027128508402,669.698354610689,-672.695677900748,12.655994191557435,25.796588005023107,-659.5550840872824,-0.9848539712639683,613.5016073751274,-480.7388713534949,11.729493695024466,23.683977235606967,-468.7843878129124,-0.7641127295796518,5.864628128951432,135.50854335953906
S2-000185,MSFT,MSFT|swing|2024-03-14T04:00:00Z,USD,2024-03-15T13:30:00Z,2024-04-18T20:00:00Z,stop,23,31.753860688344595,419.4996535491943,406.8307704451425,407.03428758893693,0.9153318077803203,0.9364172675344132,395.82349413124547,-402.28594916298397,26.23918116605689,0.0,-428.52513032904085,-1.0826167134661095,362.3098344450759,-95.8337179587102,24.289948538535455,0.0,-120.12366649724565,-0.3315495608371506,12.14495334707495,272.3914071332663
S2-000186,BSP.DE,BSP.DE|swing|2024-03-19T23:00:00Z,EUR,2024-03-21T08:00:00Z,2024-04-09T15:30:00Z,stop,11,779.4607564956751,15.857925381660461,15.278606921298165,15.286250046321324,1.0,1.0,445.59848935336237,-451.55600536590543,24.269705023516156,0.0,-475.8257103894216,-1.0678351066223855,445.59848935336237,-451.55600536590543,24.269705023516156,0.0,-475.8257103894216,-1.0678351066223855,12.134742656441516,0.0
S2-000187,INTC,INTC|swing|2024-03-20T04:00:00Z,USD,2024-03-21T13:30:00Z,2024-03-25T13:30:00Z,stop,2,311.60337067589603,43.01149667930603,40.86955438995361,40.99517822265625,0.9221689413500553,0.9239582370876837,628.2916274480913,-667.4364371554577,26.137618249018278,0.0,-693.574055404476,-1.1039046600406566,579.3910249429097,-592.7023087938081,24.126086593985363,0.0,-616.8283953877935,-1.064615033428543,12.062898137139234,22.7868438762922
S2-000188,ENR.DE,ENR.DE|swing|2024-03-20T23:00:00Z,EUR,2024-03-22T08:00:00Z,2024-04-03T15:30:00Z,objetivo,6,583.4727441796526,15.797894961833952,17.52837426733119,14.733570677893502,1.0,1.0,621.0042106477786,1009.6875091245735,19.444969760410906,0.0,990.2425393641626,1.5945826491759632,621.0042106477786,1009.6875091245735,19.444969760410906,0.0,990.2425393641626,1.5945826491759632,9.722739732766005,0.0
S2-000189,IQQK.DE,IQQK.DE|swing|2024-03-20T23:00:00Z,EUR,2024-03-22T08:00:00Z,2024-04-10T15:30:00Z,stop,11,283.7133349624015,43.77687856864929,42.51212443951198,42.53339113507952,1.0,1.0,352.79396676191675,-358.8276118850137,24.481340814026133,0.0,-383.3089526990398,-1.0864952034673432,352.79396676191675,-358.8276118850137,24.481340814026133,0.0,-383.3089526990398,-1.0864952034673432,12.240583760254928,0.0
S2-000190,MU,MU|swing|2024-03-21T04:00:00Z,USD,2024-03-22T13:30:00Z,2024-04-01T20:00:00Z,objetivo,5,63.33086508317337,109.36465255737303,126.55454832322258,98.67142595563617,0.9168423947923352,0.9249838127832763,677.2112912183981,1088.6509695408306,14.940967081499078,7.283049484564938,1080.9930519438965,1.5962419203008833,620.8960220210856,1063.3732724011377,13.763763949909386,6.736702880922151,1056.3462113321505,1.7013254616990878,6.882149538808909,65.25191039432563
S2-000191,AZN,AZN|swing|2024-03-27T04:00:00Z,USD,2024-03-28T13:30:00Z,2024-04-25T13:30:00Z,objetivo,19,98.33859900269472,136.42818061065674,149.9050057296753,132.12000710623605,0.9245562130177516,0.9358038555118847,423.65974668526064,1325.2921012086108,28.157604392685776,0.0,1297.134496815925,3.0617364688639492,391.6972510033845,1391.1135859631986,26.199094624681,0.0,1364.9144913385176,3.4846159574572146,13.099898365710095,165.80653972742755
S2-000192,MRVL,MRVL|swing|2024-04-11T04:00:00Z,USD,2024-04-12T13:30:00Z,2024-04-19T20:00:00Z,stop,5,108.07712042126242,70.01499335861206,63.77666494233268,63.80856922694615,0.9320533134495294,0.9387027128508402,670.7724482634858,-674.2205714736099,14.459817165551598,0.0,-688.6803886391615,-1.02669748947208,625.1956829746349,-582.5765487681267,13.523153469896435,0.0,-596.0997022380232,-0.9534610018447741,6.761432781168598,45.83296886968731
S2-000193,R6C0.DE,R6C0.DE|swing|2024-04-11T22:00:00Z,EUR,2024-04-15T07:00:00Z,2024-04-19T15:30:00Z,stop,4,365.0060173982665,34.18708316802978,33.15323676024164,33.16982167107718,1.0,1.0,371.3065676552672,-377.3601599082531,24.579621987343472,0.0,-401.9397818955965,-1.0825011376280589,371.3065676552672,-377.3601599082531,24.579621987343472,0.0,-401.9397818955965,-1.0825011376280589,12.28971972606033,0.0
S2-000194,EUNH.DE,EUNH.DE|swing|2024-04-15T22:00:00Z,EUR,2024-04-17T07:00:00Z,2024-04-25T15:30:00Z,stop,6,111.87717051791455,109.58977116394043,108.69624852732251,108.75062383924212,1.0,1.0,93.8814283349238,-99.96478437851924,24.42122224667628,0.0,-124.38600662519552,-1.3249266530271147,93.8814283349238,-99.96478437851924,24.42122224667628,0.0,-124.38600662519552,-1.3249266530271147,12.210589184788178,0.0
S2-000195,0700.HK,0700.HK|swing|2024-04-23T16:00:00Z,HKD,2024-04-25T01:30:00Z,2024-05-13T08:00:00Z,objetivo,11,268.8665842561149,340.37011221313475,378.0287767557417,321.5214298793248,0.11947431302270013,0.11872536448686896,5067.78083682006,10125.156503217604,193.15345541044974,0.0,9932.003047807155,1.9598327882780553,605.4696340286811,1133.5735080899815,23.00075378374496,0.0,1110.5727543062364,1.834233612867906,11.500663160413504,-76.12260937926693
S2-000196,BSP.DE,BSP.DE|swing|2024-04-23T22:00:00Z,EUR,2024-04-25T07:00:00Z,2024-06-21T15:30:00Z,tiempo,40,684.1117696385686,16.013001660346983,15.922035305023194,15.128036669322423,1.0,1.0,605.414966077992,-62.23115431812869,21.847134651852496,0.0,-84.07828896998119,-0.13887712342933706,605.414966077992,-62.23115431812869,21.847134651852496,0.0,-84.07828896998119,-0.13887712342933706,10.923554499025148,0.0
S2-000197,GOOGL,GOOGL|swing|2024-04-26T04:00:00Z,USD,2024-04-29T13:30:00Z,2024-06-26T20:00:00Z,tiempo,40,75.89990830983923,169.14452755737304,183.7880648803711,160.55177416120256,0.9333582228859437,0.9355412105903266,652.189194898399,1111.4431401472623,26.78755140557864,15.179981661967847,1099.8355704036514,1.6863750258465855,608.7261479357841,1067.8261751556026,25.032832956405727,14.113036130501905,1056.906378329699,1.7362592060710929,12.516686563916567,30.451581028981987
S2-000198,6501.T,6501.T|swing|2024-04-29T15:00:00Z,JPY,2024-05-01T00:00:00Z,2024-06-04T06:00:00Z,objetivo,22,386.1658962543827,2920.4595,3323.8550982142856,2656.3214285714284,0.005942829975634396,0.0058792404021400435,102001.11508811846,155777.6227294925,2411.3413433137453,0.0,153366.28138617874,1.503574556549564,606.1752842938042,844.138925809918,14.248570616451461,0.0,829.8903551934665,1.3690600337826226,7.1244981240812555,-81.62100007997682
S2-000199,LLY,LLY|swing|2024-04-30T04:00:00Z,USD,2024-05-01T13:30:00Z,2024-05-03T20:00:00Z,stop,2,15.426451683090727,775.1473897705077,732.6852123249599,733.051738194057,0.9330098899048329,0.9307520476545048,649.3865351123401,-655.0407287225681,23.260506782414698,0.0,-678.3012355049829,-1.0445261779067234,605.8840596308453,-636.679266360816,21.676763084019164,0.0,-658.3560294448351,-1.0866039780712504,10.838225081748114,-25.519788172191873
S2-000200,QDV5.DE,QDV5.DE|swing|2024-05-01T22:00:00Z,EUR,2024-05-03T07:00:00Z,2024-05-07T07:00:00Z,stop,2,1400.2188188537748,8.689342919826506,8.523735877990724,8.550678082874843,1.0,1.0,194.16111421301005,-231.88609651316696,24.102076863116597,0.0,-255.98817337628356,-1.3184317282782192,194.16111421301005,-231.88609651316696,24.102076863116597,0.0,-255.98817337628356,-1.3184317282782192,12.050983472776597,0.0
S2-000201,1810.HK,1810.HK|swing|2024-05-02T16:00:00Z,HKD,2024-05-06T01:30:00Z,2024-05-16T08:00:00Z,objetivo,7,4161.658149219108,18.029010457992552,20.23773435676098,16.80142831802368,0.11910291683043317,0.11823405613752984,5108.777216637281,9191.953812684635,159.2531104024071,0.0,9032.700702282227,1.76807488744396,608.4702679383619,1021.6108628563251,18.89433231564065,0.0,1002.7165305406844,1.6479302003335679,9.447423922389817,-73.17764760503535
S2-000202,LLY,LLY|swing|2024-05-03T04:00:00Z,USD,2024-05-06T13:30:00Z,2024-05-21T20:00:00Z,objetivo,11,17.73757454359434,738.4089980163574,811.4926124692645,713.1714150565011,0.9307520476545048,0.9204712812960235,447.65350905059637,1296.3260592737488,27.49149535122564,23.058846906672645,1291.8934108291958,2.885922671686638,416.654420188567,1058.5777011514217,25.439785158292047,21.28770947809513,1054.4256254712247,2.5306958821990153,12.720160403609569,-147.98043294551485
S2-000203,AAPL,AAPL|swing|2024-05-03T04:00:00Z,USD,2024-05-06T13:30:00Z,2024-06-11T20:00:00Z,objetivo,25,68.3277154865092,182.44118110656737,199.0652378522328,172.8567946297782,0.9307520476545048,0.9319664492078286,654.8792322987973,1135.8838195494116,26.06746205089388,17.0819288716273,1126.898286370145,1.720772671954243,609.5301864285158,1073.7440836835697,24.278861573765916,15.847415225556453,1065.3126373353603,1.7477602603694797,12.139702257828318,16.5178927403348
S2-000204,ICGA.DE,ICGA.DE|swing|2024-05-05T22:00:00Z,EUR,2024-05-07T07:00:00Z,2024-06-27T15:30:00Z,stop,37,3053.159786285631,3.9994986927509304,3.8642100528819223,3.866143124444144,1.0,1.0,407.15585843154685,-413.0578347893344,24.00915931322885,0.0,-437.0669941025632,-1.0734636013497156,407.15585843154685,-413.0578347893344,24.00915931322885,0.0,-437.0669941025632,-1.0734636013497156,12.004479393273144,0.0
S2-000205,IS3N.DE,IS3N.DE|swing|2024-05-05T22:00:00Z,EUR,2024-05-07T07:00:00Z,2024-05-31T15:30:00Z,stop,18,392.45653254704354,31.114550431251523,30.43409626892635,30.449320929391043,1.0,1.0,261.0736636481612,-267.04868110334047,24.155168466914844,0.0,-291.20384957025533,-1.1154087528441758,261.0736636481612,-267.04868110334047,24.155168466914844,0.0,-291.20384957025533,-1.1154087528441758,12.077520490664945,0.0
S2-000206,SIE.DE,SIE.DE|swing|2024-05-06T22:00:00Z,EUR,2024-05-08T07:00:00Z,2024-05-17T15:30:00Z,stop,7,67.81365816547239,179.9899438934326,171.77550530842373,171.86143602643693,1.0,1.0,551.2238538877979,-557.0511302250587,23.85450192659853,0.0,-580.9056321516573,-1.053847049714037,551.2238538877979,-557.0511302250587,23.85450192659853,0.0,-580.9056321516573,-1.053847049714037,11.927114682293773,0.0
S2-000207,IFX.DE,IFX.DE|swing|2024-05-06T22:00:00Z,EUR,2024-05-08T07:00:00Z,2024-06-25T15:30:00Z,stop,34,187.29161873703356,36.28813545799255,33.0131255138261,33.02964033399309,1.0,1.0,610.2888264205897,-613.3819138228174,12.979545347929523,0.0,-626.3614591707469,-1.0263361085019778,610.2888264205897,-613.3819138228174,12.979545347929523,0.0,-626.3614591707469,-1.0263361085019778,6.489620950891356,0.0
S2-000208,TSM,TSM|swing|2024-05-10T04:00:00Z,USD,2024-05-13T13:30:00Z,2024-06-07T20:00:00Z,objetivo,18,69.61723499620794,148.09401427459716,165.31836801692418,138.49927847726005,0.9277298450691158,0.9175995595522113,667.958976729746,1199.111882137394,21.818903468710204,0.0,1177.2929786686839,1.7625228789237646,619.6854779940124,995.8623468675703,20.125458400836223,0.0,975.7368884667341,1.5745679431205937,10.062980681749455,-116.58953376828885
S2-000209,AVGO,AVGO|swing|2024-05-15T04:00:00Z,USD,2024-05-16T13:30:00Z,2024-05-31T20:00:00Z,stop,10,68.98445523492276,142.67130610656739,132.73185679244995,132.79825592041016,0.9231905465288036,0.9214891264283082,681.0869885991092,-685.6674962695182,18.9985371625634,0.0,-704.6660334320816,-1.0346197258612602,628.7730692384687,-648.5806928920862,17.5236909640807,0.0,-666.1043838561669,-1.059371681842086,8.761685527289,-15.57894227399295
S2-000210,IQQK.DE,IQQK.DE|swing|2024-05-19T22:00:00Z,EUR,2024-05-21T07:00:00Z,2024-05-24T07:00:00Z,stop,3,296.63513390594517,42.19608673667908,41.37930152511597,41.473215511866975,1.0,1.0,214.42900256889268,-242.28719060441824,24.79139648827893,0.0,-267.07858709269715,-1.2455338778479323,214.42900256889268,-242.28719060441824,24.79139648827893,0.0,-267.07858709269715,-1.2455338778479323,12.395640771251248,0.0
S2-000211,LLY,LLY|swing|2024-05-21T04:00:00Z,USD,2024-05-22T13:30:00Z,2024-06-11T13:30:00Z,objetivo,13,14.87775648501897,801.4005,881.6989446411134,755.6985604422433,0.9204712812960235,0.9297136481963556,679.9423276333589,1194.6607054962617,25.04074367744115,0.0,1169.6199618188205,1.7201752476417491,625.8673855240785,1220.8894868449984,23.1705240339224,0.0,1197.718962811076,1.913694483070323,11.585570135723728,121.23861654284407
S2-000212,VVSM.DE,VVSM.DE|swing|2024-05-22T22:00:00Z,EUR,2024-05-24T07:00:00Z,2024-06-12T15:30:00Z,objetivo,13,316.7973842155457,39.494735973358154,42.15069918959482,38.25214276994978,1.0,1.0,393.65027648378896,841.402199476483,25.865060292763438,0.0,815.5371391837195,2.071730131802167,393.65027648378896,841.402199476483,25.865060292763438,0.0,815.5371391837195,2.071730131802167,12.93274373011673,0.0
S2-000213,VRTX,VRTX|swing|2024-05-31T04:00:00Z,USD,2024-06-03T13:30:00Z,2024-07-09T20:00:00Z,objetivo,24,29.462262480238618,455.22749999999996,487.1293527259827,433.98463439941406,0.9214891264283082,0.9247272054743851,625.8628821568935,939.9007586188192,27.76396494506447,0.0,912.1367936737547,1.4574067574199057,576.725840542659,912.581022027213,25.630664496451878,0.0,886.950357530761,1.537906393610181,12.815563597370465,46.47269303825227
S2-000214,EXSA.DE,EXSA.DE|swing|2024-06-02T22:00:00Z,EUR,2024-06-04T07:00:00Z,2024-06-14T15:30:00Z,stop,8,239.61938600637,52.19608316802978,51.39393221868788,51.41964203970773,1.0,1.0,186.05034643862234,-192.21091796573296,24.822175883355712,0.0,-217.0330938490887,-1.1665288348209957,186.05034643862234,-192.21091796573296,24.822175883355712,0.0,-217.0330938490887,-1.1665288348209957,12.411042991707472,0.0
S2-000215,AMAT,AMAT|swing|2024-06-05T04:00:00Z,USD,2024-06-06T13:30:00Z,2024-06-18T20:00:00Z,objetivo,8,44.859375959892496,221.78083316802977,248.6679254530498,206.42177745274134,0.919793966151582,0.9332711152589829,688.9976547210595,1206.1381812820387,21.104037732847722,0.0,1185.034143549191,1.7199392994000129,633.7358855050215,1259.7374051917975,19.561705351812186,0.0,1240.1756998399853,1.9569283169939073,9.781170055549214,150.33878370353474
S2-000216,CRWD,CRWD|swing|2024-06-10T04:00:00Z,USD,2024-06-11T13:30:00Z,2024-07-19T13:30:00Z,stop,26,63.39490528175548,93.26160383605956,73.59068869018554,82.33401571001325,0.9297136481963556,0.9149130832570906,692.7534142087421,-1247.0358024781326,10.577585280745067,0.0,-1257.6133877588777,-1.8153838898005497,644.0623040244907,-1228.4349070894718,9.765076698733512,0.0,-1238.1999837882054,-1.9224847907588805,4.882232461197861,-69.04870173605727
S2-000217,AVGO,AVGO|swing|2024-06-10T04:00:00Z,USD,2024-06-11T13:30:00Z,2024-06-13T13:30:00Z,objetivo,2,75.33063608993335,143.89191732788086,170.9145,134.69574628557478,0.9297136481963556,0.9289363678588016,692.7534142087421,2035.628341483546,23.714567662502283,0.0,2011.9137738210436,2.9042278717875925,644.0623040244907,1882.5438912115342,22.03774965638329,0.0,1860.5061415551509,2.8887052229723484,11.019348219001373,-10.007560521029575
S2-000218,7011.T,7011.T|swing|2024-06-10T15:00:00Z,JPY,2024-06-12T00:00:00Z,2024-06-19T06:00:00Z,objetivo,5,1231.7437428483781,1427.7134999999998,1600.2976651785714,1339.267857142857,0.0059361272705686806,0.0059028392656867955,108942.3671714879,212579.46557341644,3729.733805983732,0.0,208849.7317674327,1.9170662175779516,646.6957566869755,1196.282891038516,22.07455868594719,0.0,1174.2083323525687,1.815704402280358,11.03758117309037,-65.61587171475732
S2-000219,COIN,COIN|swing|2024-06-12T04:00:00Z,USD,2024-06-13T13:30:00Z,2024-06-24T20:00:00Z,stop,6,18.073789102019283,253.89688927459716,214.49556514821737,214.6028665815081,0.9289363678588016,0.9319664492078286,710.1918791248515,-712.1312226004925,8.465626438215129,0.0,-720.5968490387077,-1.0146509277558593,659.7230646770566,-649.7777307400476,7.8757751357863075,0.0,-657.6535058758338,-0.9968629885598499,3.9377261078913968,11.746860621301748
S2-000220,SAF.PA,SAF.PA|swing|2024-06-13T22:00:00Z,EUR,2024-06-17T07:00:00Z,2024-08-01T15:30:00Z,stop,33,66.2341350287722,198.14902805328367,194.34742097146173,194.44464329310827,1.0,1.0,245.35672040398345,-251.79615678373113,25.996662803018594,0.0,-277.7928195867497,-1.1321997584959553,245.35672040398345,-251.79615678373113,25.996662803018594,0.0,-277.7928195867497,-1.1321997584959553,12.998271702035868,0.0
S2-000221,QDV5.DE,QDV5.DE|swing|2024-06-17T22:00:00Z,EUR,2024-06-19T07:00:00Z,2024-08-05T15:30:00Z,stop,33,1434.520094141317,9.20059809923172,8.810735332557133,8.815142904009138,1.0,1.0,552.9432229379574,-559.2659727522214,25.837619730180396,0.0,-585.1035924824018,-1.0581621551912084,552.9432229379574,-559.2659727522214,25.837619730180396,0.0,-585.1035924824018,-1.0581621551912084,12.918673278263912,0.0
S2-000222,7011.T,7011.T|swing|2024-06-18T15:00:00Z,JPY,2024-06-20T00:00:00Z,2024-07-02T06:00:00Z,objetivo,8,1021.776665019478,1600.8,1819.5005089285714,1491.392857142857,0.005889975262103899,0.005775339301183944,111789.66555788102,223463.07665109832,3494.783247377459,0.0,219968.29340372086,1.9676979290167793,658.4383646947874,1103.0696233225437,20.371064503322312,0.0,1082.6985588192215,1.6443430651570488,10.185810565518935,-213.12237014605165
S2-000223,QCOM,QCOM|swing|2024-06-18T04:00:00Z,USD,2024-06-20T13:30:00Z,2024-06-21T20:00:00Z,stop,1,52.8071512230843,224.3120969467163,210.78098071643285,210.88642392839705,0.9303190994511118,0.9356287425149701,708.9715453500677,-714.539700989709,22.97602594827508,0.0,-737.515726937984,-1.0402613924002015,659.569769606538,-605.6496581247748,21.434136042186687,0.0,-627.0837941669614,-0.9507467186390973,10.716919287908746,59.10027302203765
S2-000224,RRU.DE,RRU.DE|swing|2024-06-19T22:00:00Z,EUR,2024-06-21T07:00:00Z,2024-06-25T07:00:00Z,stop,2,2199.455731626904,5.756877187013626,5.4172900762557985,5.457857268197196,1.0,1.0,657.6810743114094,-746.9068171429243,24.57708623335565,0.0,-771.48390337628,-1.1730364967306106,657.6810743114094,-746.9068171429243,24.57708623335565,0.0,-771.48390337628,-1.1730364967306106,12.288359462063186,0.0
S2-000225,SAP.DE,SAP.DE|swing|2024-06-20T22:00:00Z,EUR,2024-06-24T07:00:00Z,2024-07-23T15:30:00Z,objetivo,21,71.04484476113109,181.03047244262694,194.80541356863296,171.83141926356726,1.0,1.0,653.545305055685,978.6385538908174,26.70120217733212,0.0,951.9373517134853,1.456574386426624,653.545305055685,978.6385538908174,26.70120217733212,0.0,951.9373517134853,1.456574386426624,13.350849086014904,0.0
S2-000226,AMAT,AMAT|swing|2024-06-21T04:00:00Z,USD,2024-06-24T13:30:00Z,2024-07-18T20:00:00Z,stop,17,44.18192990140514,233.11649999999997,217.19956198692324,217.3082160949707,0.9356287425149701,0.9149130832570906,698.4404913535144,-703.2410395387669,19.895832684183052,0.0,-723.1368722229499,-1.0353593200496956,653.4809986466265,-856.7661239016144,18.416319321197392,0.0,-875.1824432228118,-1.3392622662867533,9.207947771052563,-198.79359439303747
S2-000227,6857.T,6857.T|swing|2024-06-25T15:00:00Z,JPY,2024-06-27T00:00:00Z,2024-07-11T00:00:00Z,objetivo,10,251.41702807550604,6153.075,7016.490000000001,5708.071428571428,0.005833625014584063,0.005721151095600435,111881.47541155759,217077.23329581326,3311.052893347202,0.0,213766.18040246607,1.9106485646182636,652.6745736294342,1067.9358672372844,19.117029672227304,0.0,1048.818837565057,1.606955257553115,9.558784209775252,-198.41131101387182
S2-000228,PANW,PANW|swing|2024-06-27T04:00:00Z,USD,2024-06-28T13:30:00Z,2024-07-30T20:00:00Z,stop,21,58.83534907949068,170.08499999999998,158.06396382604328,158.14303534371513,0.9349289454001495,0.9238728750923872,702.6096592474593,-707.2618595919276,19.306758836778414,0.0,-726.568618428706,-1.0340999570186786,656.8901077481855,-764.0582576444223,17.94762900522987,0.0,-782.0058866496521,-1.1904668336844995,8.97362573145538,-102.81867313439248
S2-000229,ABBV,ABBV|swing|2024-06-28T04:00:00Z,USD,2024-07-01T13:30:00Z,2024-07-03T17:00:00Z,stop,2,82.11112654872286,171.35563927459717,163.92371537208558,164.00571823120117,0.9341429238673516,0.9295408068414203,603.5102969174097,-610.243644059607,27.5301655185679,0.0,-637.7738095781749,-1.056773700193311,563.7648733464827,-631.9990973310177,25.655164996669455,0.0,-657.6542623276871,-1.1665399768947669,12.827427705416419,-61.94431539770867
S2-000230,IS3N.DE,IS3N.DE|swing|2024-06-30T22:00:00Z,EUR,2024-07-02T07:00:00Z,2024-07-25T07:00:00Z,stop,17,415.0718217051729,31.80189229774475,31.156414884567262,31.356178488050187,1.0,1.0,185.0032429490752,-267.91948575712263,26.132219253636116,0.0,-294.0517050107587,-1.5894408137034695,185.0032429490752,-267.91948575712263,26.132219253636116,0.0,-294.0517050107587,-1.5894408137034695,13.066045913457295,0.0
S2-000231,EUNL.DE,EUNL.DE|swing|2024-06-30T22:00:00Z,EUR,2024-07-02T07:00:00Z,2024-07-25T15:30:00Z,stop,17,139.53668204635915,94.59927795410155,93.17417447607859,93.22078486851284,1.0,1.0,192.35035138689713,-198.85421089605057,26.20128452849719,0.0,-225.05549542454776,-1.1700290319296942,192.35035138689713,-198.85421089605057,26.20128452849719,0.0,-225.05549542454776,-1.1700290319296942,13.100595825841982,0.0
S2-000232,7011.T,7011.T|swing|2024-07-02T15:00:00Z,JPY,2024-07-04T00:00:00Z,2024-07-25T06:00:00Z,stop,14,819.1181670987787,1920.9599999999998,1779.5383571428572,1780.4285714285713,0.005741187277528993,0.005979788315493632,115111.84619120143,-115841.03688524076,3031.145431654899,0.0,-118872.18231689566,-1.0326668040702631,660.8786668457999,-317.2677598938542,17.75017091584469,0.0,-335.0179308096989,-0.5069280453682238,8.875008359732835,347.797327287457
S2-000233,ARM,ARM|swing|2024-07-05T04:00:00Z,USD,2024-07-08T13:30:00Z,2024-07-18T20:00:00Z,stop,8,24.942839399433115,181.13051328277587,152.24830392728535,152.32446616036552,0.9238728750923872,0.9149130832570906,718.5046071067837,-720.4043094548045,8.315414296843525,0.0,-728.7197237516481,-1.0142171901805859,663.8069171348703,-699.5868548419572,7.648360859772168,0.0,-707.2352157017294,-1.0654230883195746,3.824006489173363,-34.02485423700082
S2-000234,6501.T,6501.T|swing|2024-07-08T15:00:00Z,JPY,2024-07-10T00:00:00Z,2024-07-22T06:00:00Z,stop,7,541.7477465381953,3765.8819999999996,3549.72425,3551.5,0.0057405281285878304,0.005827166249053085,116140.96539835118,-117102.97395926627,3963.2132004982377,0.0,-121066.18715976451,-1.0424072741648078,666.7104787505809,-505.62303538969155,22.9175467376155,0.0,-528.5405821273071,-0.7927587745700277,11.458649827709472,166.6098805647662
S2-000235,6758.T,6758.T|swing|2024-07-10T15:00:00Z,JPY,2024-07-12T00:00:00Z,2024-07-19T06:00:00Z,stop,4,755.4544810670618,3061.5299999999997,2916.683785714286,2918.1428571428573,0.005701579337476482,0.00584726932522512,108322.45959883118,-109424.72164774236,4516.268393194741,0.0,-113940.9900409371,-1.0518685641270884,617.6090974333268,-302.87723169696,26.07087905339617,0.0,-328.94811075035614,-0.5326153907340513,13.035367066230727,321.01650025892286
S2-000236,INFY,INFY|swing|2024-07-18T04:00:00Z,USD,2024-07-19T13:30:00Z,2024-08-05T13:30:00Z,stop,11,654.8918752074376,21.320654465675354,20.52973091506958,21.096429075513566,0.9149130832570906,0.9229349330872174,146.8433862321726,-517.9694072019386,27.407477360149983,0.0,-545.3768845620885,-3.7140037325194792,134.34893525358885,-366.0451899736975,25.183311413276,0.0,-391.2285013869735,-2.912032764893257,12.591567343231125,107.85179740227434
S2-000237,COIN,COIN|swing|2024-07-22T04:00:00Z,USD,2024-07-23T13:30:00Z,2024-07-25T20:00:00Z,stop,2,20.342872367658536,263.7318061065674,229.37454640933447,229.4892910548619,0.9184423218221895,0.921574048474795,696.591113244471,-698.9253489233075,10.031199592912628,0.0,-708.9565485162202,-1.0177513537520677,639.7787594089557,-627.3095542558443,9.22769131076614,0.0,-636.5372455666104,-0.9949333831505442,4.613689981416734,14.613065989662205
S2-000238,SAP.DE,SAP.DE|swing|2024-07-22T22:00:00Z,EUR,2024-07-24T07:00:00Z,2024-08-02T15:30:00Z,stop,7,66.1234222417134,195.65777755737304,186.66805519948687,186.7614359174456,1.0,1.0,588.2565546634593,-594.4312073062783,25.280692473296547,0.0,-619.7118997795749,-1.0534721540571887,588.2565546634593,-594.4312073062783,25.280692473296547,0.0,-619.7118997795749,-1.0534721540571887,12.640200788896083,0.0
S2-000239,ZPRR.DE,ZPRR.DE|swing|2024-07-22T22:00:00Z,EUR,2024-07-24T07:00:00Z,2024-08-02T15:30:00Z,stop,7,218.76325763209,59.139555610656735,56.7369744751794,56.76535715375628,1.0,1.0,519.3873886966255,-525.5964759224273,25.3495272046804,0.0,-550.9460031271077,-1.060761225854322,519.3873886966255,-525.5964759224273,25.3495272046804,0.0,-550.9460031271077,-1.060761225854322,12.674635371878823,0.0
S2-000240,NOW,NOW|swing|2024-07-25T04:00:00Z,USD,2024-07-26T13:30:00Z,2024-08-05T20:00:00Z,stop,6,48.59233814016974,165.2525831680298,150.99031420081002,151.0658471243722,0.921574048474795,0.9119095385737734,689.3666749387434,-693.0369963011924,15.366981803373658,0.0,-708.403978104566,-1.0276156418026943,635.3024375069057,-709.5931528615994,14.09090339093607,0.0,-723.6840562525355,-1.1391173928002898,7.045276058498587,-70.9082424374976
S2-000241,EUNN.DE,EUNN.DE|swing|2024-07-30T22:00:00Z,EUR,2024-08-01T07:00:00Z,2024-08-01T15:30:00Z,stop,0,250.17759614635776,51.081527755737305,50.567666464737485,50.59296294621059,1.0,1.0,122.22796960909653,-128.55658253499902,25.430351060292626,0.0,-153.98693359529165,-1.2598338505316342,122.22796960909653,-128.55658253499902,25.430351060292626,0.0,-153.98693359529165,-1.2598338505316342,12.71514656978755,0.0
S2-000242,XOM,XOM|swing|2024-07-31T04:00:00Z,USD,2024-08-01T13:30:00Z,2024-09-06T20:00:00Z,stop,25,116.85081850250577,118.40917347335815,112.90315959330968,112.95963941301618,0.9235315847801995,0.900657479960371,636.7825154082434,-643.3822285698215,27.02903544856437,111.00827757738048,-559.4029864410054,-0.8784835841203495,588.0887656152968,-895.9579079174028,24.660393844145943,100.81580017925755,-819.8025015822913,-1.394011498799098,12.329976015088448,-301.7740987468994
S2-000243,6857.T,6857.T|swing|2024-07-31T15:00:00Z,JPY,2024-08-02T00:00:00Z,2024-08-05T00:00:00Z,stop,1,219.5656820678009,6503.25,5927.035000000001,6035.142857142857,0.006147792942333702,0.006196938712276136,102780.26410223814,-126517.03949269773,2729.2640043221545,0.0,-129246.3034970199,-1.2575011810482926,631.8717822589336,-713.843560702224,16.8429069853131,0.0,-730.6864676875371,-1.1563840769647002,8.42127713708462,63.957001775937336
S2-000244,RRU.DE,RRU.DE|swing|2024-07-31T22:00:00Z,EUR,2024-08-02T07:00:00Z,2024-08-05T15:30:00Z,stop,1,1316.3552047827297,5.588792965650558,5.107230698057584,5.10978559085301,1.0,1.0,630.5438509440651,-633.906997372986,14.079766420201455,0.0,-647.9867637931875,-1.0276632827724932,630.5438509440651,-633.906997372986,14.079766420201455,0.0,-647.9867637931875,-1.0276632827724932,7.039726493282201,0.0
S2-000245,RACE.MI,RACE.MI|swing|2024-08-15T22:00:00Z,EUR,2024-08-19T07:00:00Z,2024-10-14T15:30:00Z,tiempo,40,21.571185238010322,417.8088061065674,436.98141220092776,389.64286150251115,1.0,1.0,607.5728084576341,413.57583755685357,18.43883813875026,0.0,395.1369994181033,0.6503533303624731,607.5728084576341,413.57583755685357,18.43883813875026,0.0,395.1369994181033,0.6503533303624731,9.219524768214887,0.0
S2-000246,PANW,PANW|swing|2024-08-20T04:00:00Z,USD,2024-08-21T13:30:00Z,2024-09-06T20:00:00Z,stop,11,44.91421202835608,182.2460762786865,167.2213461709704,167.30499867030554,0.9022013713460844,0.900657479960371,671.0667276349461,-674.823913726786,15.696053908906979,0.0,-690.519967635693,-1.0289885330320374,605.4373219369777,-620.4226341776266,14.149405787541754,0.0,-634.5720399651684,-1.0481217740838638,7.074549556747941,-11.595573796188571
S2-000247,1810.HK,1810.HK|swing|2024-08-21T16:00:00Z,HKD,2024-08-23T01:30:00Z,2024-09-24T08:00:00Z,objetivo,20,3714.6989910173634,19.0095,21.344679355348863,17.59642927987235,0.11518879443407745,0.11550545185732766,5249.132378294358,8674.488395159,149.90362933464814,0.0,8524.584765824351,1.623998815704151,604.6412304806089,1024.3113296428546,17.29232581342302,0.0,1007.0190038294315,1.6654818643925193,8.646421146148002,25.10746907209463
S2-000248,ITX.MC,ITX.MC|swing|2024-08-29T22:00:00Z,EUR,2024-09-02T07:00:00Z,2024-09-05T15:30:00Z,stop,3,249.6219142121966,48.95446530532837,47.04574843515669,47.06928307669504,1.0,1.0,470.58279655026746,-476.4575588213676,23.9637571186799,0.0,-500.4213159400475,-1.0634075865257278,470.58279655026746,-476.4575588213676,23.9637571186799,0.0,-500.4213159400475,-1.0634075865257278,11.981762440390963,0.0
S2-000249,ENR.DE,ENR.DE|swing|2024-08-29T22:00:00Z,EUR,2024-09-02T07:00:00Z,2024-09-06T15:30:00Z,stop,4,470.53278221473215,25.66282461833954,24.35210305397851,24.364285196576798,1.0,1.0,611.0053669375317,-616.7374643876407,23.53366306992441,0.0,-640.2711274575651,-1.0478977143305936,611.0053669375317,-616.7374643876407,23.53366306992441,0.0,-640.2711274575651,-1.0478977143305936,11.766680292265864,0.0
S2-000250,MRVL,MRVL|swing|2024-08-30T04:00:00Z,USD,2024-09-03T13:30:00Z,2024-09-06T20:00:00Z,stop,3,90.40580002936977,74.6172918319702,67.10285558026177,67.13642379215786,0.9040773890245004,0.900657479960371,676.3138600533787,-679.3486211053994,12.812323307083052,0.0,-692.1609444124824,-1.0234315534474674,611.44006875814,-634.9305626580782,11.562584967753684,0.0,-646.4931476258319,-1.0573287238745837,5.781135196519516,-20.746835051713568
S2-000251,APP,APP|swing|2024-09-11T04:00:00Z,USD,2024-09-12T13:30:00Z,2024-09-16T20:00:00Z,objetivo,2,60.3567564806486,97.39867347335814,114.0349198286874,86.55535561697823,0.9055510278004165,0.8987956138774043,654.4674952997909,1004.1098700206861,12.761445902760059,0.0,991.348424117926,1.5147405046660423,592.6537130306899,862.7767112590528,11.509644439901063,0.0,851.2670668191518,1.4363650275064923,5.755039352887334,-46.49601356272245
S2-000252,ENR.DE,ENR.DE|swing|2024-09-12T22:00:00Z,EUR,2024-09-16T07:00:00Z,2024-09-23T15:30:00Z,objetivo,5,353.3707126524834,28.35417015266418,33.01312718192169,26.663570472172328,1.0,1.0,597.4084139054671,1646.3389656460224,21.68540559267946,0.0,1624.653560053343,2.7195023073619202,597.4084139054671,1646.3389656460224,21.68540559267946,0.0,1624.653560053343,2.7195023073619202,10.84311709185805,0.0
S2-000253,APP,APP|swing|2024-09-17T04:00:00Z,USD,2024-09-18T13:30:00Z,2024-10-10T20:00:00Z,objetivo,16,47.883966442285086,123.36165305328369,144.95239506707873,109.38339396885463,0.8977466558937068,0.9147457006952068,669.3344889203676,1033.8503660525962,12.8479408761891,0.0,1021.0024251764071,1.525399396082634,600.8927991025834,1046.1243044441712,11.652184552344796,0.0,1034.4721198918264,1.721558523311948,5.826355263837437,117.98859562596805
S2-000254,SAP.DE,SAP.DE|swing|2024-09-18T22:00:00Z,EUR,2024-09-20T07:00:00Z,2024-10-22T07:00:00Z,objetivo,22,58.946159870104566,205.40265305328367,221.53916889953615,196.55357905796595,1.0,1.0,521.6189304303836,951.1856428196743,25.166580892064637,0.0,926.0190619276096,1.7752788633716932,521.6189304303836,951.1856428196743,25.166580892064637,0.0,926.0190619276096,1.7752788633716932,12.58353138832366,0.0
S2-000255,RRU.DE,RRU.DE|swing|2024-09-18T22:00:00Z,EUR,2024-09-20T07:00:00Z,2024-10-21T15:30:00Z,objetivo,21,1364.7152799052164,6.19909809923172,6.983256742311377,5.755500163350787,1.0,1.0,605.384881231124,1070.1532820805485,17.990161077386375,0.0,1052.1631210031621,1.7380069334791777,605.384881231124,1070.1532820805485,17.990161077386375,0.0,1052.1631210031621,1.7380069334791777,8.99535032585026,0.0
S2-000256,ZPRR.DE,ZPRR.DE|swing|2024-09-18T22:00:00Z,EUR,2024-09-20T07:00:00Z,2024-11-06T08:00:00Z,objetivo,33,209.2986313575708,57.848909694671626,63.638163169860846,55.291427748543875,1.0,1.0,535.277471046235,1211.6828289391642,25.427078078184124,0.0,1186.25575086098,2.2161510899055124,535.277471046235,1211.6828289391642,25.427078078184124,0.0,1186.25575086098,2.2161510899055124,12.713845138258286,0.0
S2-000257,ADYEN.AS,ADYEN.AS|swing|2024-09-18T22:00:00Z,EUR,2024-09-20T07:00:00Z,2024-11-07T08:00:00Z,stop,34,6.098065340797007,1393.2962755737303,1221.3890000000001,1294.0213666643415,1.0,1.0,605.384881231124,-1048.301799007004,15.944521656068435,0.0,-1064.2463206630725,-1.757966466719152,605.384881231124,-1048.301799007004,15.944521656068435,0.0,-1064.2463206630725,-1.757966466719152,7.972000745583033,0.0
S2-000258,SU.PA,SU.PA|swing|2024-09-18T22:00:00Z,EUR,2024-09-20T07:00:00Z,2024-11-15T16:30:00Z,tiempo,40,46.82774801461865,238.0689719467163,242.12887500000002,225.14106260027205,1.0,1.0,605.384881231124,190.11611714295154,22.486583773983245,0.0,167.62953336896828,0.27689745576082636,605.384881231124,190.11611714295154,22.486583773983245,0.0,167.62953336896828,0.27689745576082636,11.243342226854505,0.0
S2-000259,MA,MA|swing|2024-09-19T04:00:00Z,USD,2024-09-20T13:30:00Z,2024-10-31T20:00:00Z,objetivo,29,27.567802124780613,489.8948188934326,522.689613497053,473.0492902483259,0.8963786303334529,0.9189487226612755,464.3942003756251,904.0804083554287,27.9147272667742,18.194749402355207,894.3604304910098,1.9258647712818262,416.2730372675019,1135.6199331556675,25.347386568525668,16.605594051615597,1126.8781406387573,2.7070649303539023,12.67398035774018,325.22157500271896
S2-000260,CAT,CAT|swing|2024-09-19T04:00:00Z,USD,2024-09-20T13:30:00Z,2024-11-06T21:00:00Z,objetivo,33,33.914366869932586,370.5851938934326,407.0599479874203,350.67427607945035,0.8963786303334529,0.9350163627863488,675.2661714604693,1237.0181918340747,26.373342636368022,47.819257286604945,1258.4641064843115,1.863656376806939,605.29416588425,1642.237539797789,24.17390161700642,44.060865462641615,1662.1245036434243,2.745978067069742,12.087364389726806,533.4008673039953
S2-000261,UBER,UBER|swing|2024-09-19T04:00:00Z,USD,2024-09-20T13:30:00Z,2024-10-11T20:00:00Z,objetivo,15,118.18447792862268,74.85740969467163,84.44213335718428,69.14374760219029,0.8963786303334529,0.9142439202779301,675.2661714604693,1132.7655621441731,18.82673332985174,0.0,1113.9388288143214,1.6496292512404234,605.29416588425,1193.6779605096874,17.054172553291664,0.0,1176.6237879563957,1.9438875414196553,8.527386827982097,178.29111742598948
S2-000262,6501.T,6501.T|swing|2024-09-23T15:00:00Z,JPY,2024-09-25T00:00:00Z,2024-11-22T06:30:00Z,tiempo,40,327.60649793969367,3811.9049999999997,3819.0895,3511.0,0.006244536030972899,0.006152710268873439,98578.43326254343,2353.6888844478267,2499.963383942064,6879.736456733567,6733.461957239329,0.06830562968378828,615.5765783848097,-100.19089106875798,15.496222841025759,42.789752809637804,-72.89736110014593,-0.1184212714710797,7.748088309811581,-114.8885861133924
S2-000263,7011.T,7011.T|swing|2024-09-23T15:00:00Z,JPY,2024-09-25T00:00:00Z,2024-10-01T06:00:00Z,objetivo,4,482.15626820643246,1978.9889999999998,2303.294205357143,1774.5357142857142,0.006244536030972899,0.006257039169065198,98578.43326254345,156365.7875749208,2064.7296896980797,5303.718950270757,159604.77683549348,1.6190638413822107,615.5765783848099,990.3171262573102,12.907164273273416,32.98742971931059,1010.3973917033474,1.641383748476094,6.453831329375298,13.885331734262978
S2-000264,ICGA.DE,ICGA.DE|swing|2024-09-29T22:00:00Z,EUR,2024-10-01T07:00:00Z,2024-10-02T07:00:00Z,objetivo,1,2495.8223925630477,4.4767374293804165,4.897550095319748,4.228143010820661,1.0,1.0,620.4475165076287,1050.2736747255378,23.396556718471096,0.0,1026.8771180070667,1.6550587933483019,620.4475165076287,1050.2736747255378,23.396556718471096,0.0,1026.8771180070667,1.6550587933483019,11.698543852288172,0.0
S2-000265,LMT,LMT|swing|2024-10-01T04:00:00Z,USD,2024-10-02T13:30:00Z,2024-10-22T20:00:00Z,stop,14,22.857012009548704,605.2424724426269,582.6221108954294,582.913567679269,0.9020386072523904,0.9241290084095739,510.37204433613977,-517.0338755446268,27.15103504707552,0.0,-544.1849105917023,-1.0662514074405156,460.37528805352673,-172.20663184857406,24.785459724474848,0.0,-196.99209157304892,-0.42789458227858906,12.392689908750377,294.1778851500067
S2-000266,UBER,UBER|swing|2024-10-11T04:00:00Z,USD,2024-10-14T13:30:00Z,2024-10-17T13:30:00Z,stop,3,133.58663795832157,85.68281938934325,79.88003816986084,80.41142681666783,0.9142439202779301,0.9176837661741765,704.1876111421773,-775.1740339183448,22.116985512106563,0.0,-797.2910194304513,-1.1322139254015877,643.7992422217748,-671.9918763513094,20.257025810634342,0.0,-692.2489021619438,-1.0752558511454091,10.128347439433764,36.706271315854515
S2-000267,IS3N.DE,IS3N.DE|swing|2024-10-13T22:00:00Z,EUR,2024-10-15T07:00:00Z,2024-12-10T16:30:00Z,tiempo,40,388.4733653152851,33.45872234344482,33.47925038337708,32.38621466500418,1.0,1.0,416.64066717031784,7.974596755811185,26.00361953257127,0.0,-18.029022776760087,-0.04327235480685814,416.64066717031784,7.974596755811185,26.00361953257127,0.0,-18.029022776760087,-0.04327235480685814,13.001815010385489,0.0
S2-000268,BSP.DE,BSP.DE|swing|2024-10-16T22:00:00Z,EUR,2024-10-18T07:00:00Z,2024-10-25T15:30:00Z,stop,5,741.1271914271307,15.992992156505585,15.103337564587594,15.11089301109314,1.0,1.0,653.7476621997974,-659.3472090484303,23.0463355098858,107.32973600032858,-575.0638085579875,-0.8796418584855105,653.7476621997974,-659.3472090484303,23.0463355098858,107.32973600032858,-575.0638085579875,-0.8796418584855105,11.523005798891127,0.0
S2-000269,NFLX,NFLX|swing|2024-10-21T04:00:00Z,USD,2024-10-22T13:30:00Z,2024-11-18T21:00:00Z,objetivo,19,164.4227864067247,76.56526392745971,84.60387476505552,72.24753597804478,0.9214042200313278,0.9476876421531464,709.9328603889965,1321.7307927567983,26.499878866595225,0.0,1295.230913890203,1.8244414171510555,654.1351335013328,1583.4718855840736,24.782723773392448,0.0,1558.689161810681,2.3828244073477904,12.391760852605943,365.6235553926069
S2-000270,SAP.DE,SAP.DE|swing|2024-10-21T22:00:00Z,EUR,2024-10-23T07:00:00Z,2024-12-02T16:30:00Z,objetivo,28,60.54190327582947,215.15752805328367,230.90324340288979,204.73749814714705,1.0,1.0,630.8484427085737,953.2755757045968,27.00536808064153,0.0,926.2702076239552,1.468292770363316,630.8484427085737,953.2755757045968,27.00536808064153,0.0,926.2702076239552,1.468292770363316,13.50292573494478,0.0
S2-000271,TSLA,TSLA|swing|2024-10-24T04:00:00Z,USD,2024-10-25T13:30:00Z,2024-11-08T21:00:00Z,objetivo,10,31.806822552211703,256.1380147705078,299.93533786392214,234.07643127441406,0.9258401999814831,0.9283327144448571,701.7088714810565,1393.053683894113,17.686926453256756,0.0,1375.3667574408562,1.9600247529120571,649.6702819008021,1313.523664507836,16.39904608776739,0.0,1297.1246184200686,1.9965891230624675,8.199853474762786,23.778563226368128
S2-000272,IQQT.DE,IQQT.DE|swing|2024-10-27T23:00:00Z,EUR,2024-10-29T08:00:00Z,2024-10-31T16:30:00Z,stop,2,150.74835518771167,86.56325664138794,84.35744285052164,84.39964267185756,1.0,1.0,326.1612471678596,-332.52280082346596,25.766014315938513,0.0,-358.28881513940445,-1.0985021005730038,326.1612471678596,-332.52280082346596,25.766014315938513,0.0,-358.28881513940445,-1.0985021005730038,12.882927248000343,0.0
S2-000273,AMZN,AMZN|swing|2024-11-01T04:00:00Z,USD,2024-11-04T14:30:00Z,2024-11-14T21:00:00Z,objetivo,8,65.93407734929173,196.5482219467163,215.6962047951562,186.01391656058175,0.9186954524575103,0.949397132820659,694.5697061504558,1262.5045822119482,27.180955919613048,0.0,1235.3236262923351,1.7785452134659365,638.0980304551729,1596.4882347593232,25.40765161317099,0.0,1571.080583146152,2.4621304378975393,12.704228104700011,436.6310163744379
S2-000274,MRVL,MRVL|swing|2024-11-01T04:00:00Z,USD,2024-11-04T14:30:00Z,2024-12-02T14:30:00Z,objetivo,19,95.5793415265385,83.91193774795532,97.32131774520875,76.64499391828265,0.9186954524575103,0.946790380609733,694.5697061504557,1281.659710416619,17.32215522274754,0.0,1264.3375551938714,1.8203177362877878,638.0980304551729,1438.791369510005,16.175121651853523,0.0,1422.6162478581516,2.229463467930406,8.087922545749212,261.33642195224735
S2-000275,COIN,COIN|swing|2024-11-06T05:00:00Z,USD,2024-11-07T14:30:00Z,2024-11-11T21:00:00Z,objetivo,2,20.962031255875694,245.7528198852539,317.6841083247321,211.95464270455497,0.9350163627863488,0.9388789784996715,708.4784464534356,1507.825916543752,11.810782499852316,0.0,1496.0151340438997,2.11158877384737,662.4389401154143,1435.5642372761126,11.068997227746955,0.0,1424.4952400483658,2.150379686013297,5.534858888647367,25.722333074381655
S2-000276,CAT,CAT|swing|2024-11-06T05:00:00Z,USD,2024-11-07T14:30:00Z,2024-11-08T21:00:00Z,stop,1,31.71046136925784,415.12747343444823,392.58897609874185,392.7853687831334,0.9350163627863488,0.9283327144448571,708.4784464534356,-714.706149085038,25.613061270236322,0.0,-740.3192103552743,-1.0449424595218528,662.4389401154143,-751.4678689342076,23.865425463764588,0.0,-775.3332943979722,-1.170422279618539,11.932527848045583,-83.2059249556772
S2-000277,GS,GS|swing|2024-11-06T05:00:00Z,USD,2024-11-07T14:30:00Z,2024-12-18T21:00:00Z,stop,28,23.81954260277864,590.295,560.2711453187125,560.5514210292271,0.9350163627863488,0.9527439024390243,708.4784464534356,-715.1544856805625,27.40595931573387,71.45862780833592,-671.1018171879605,-0.9472438019073433,662.4389401154143,-432.09999553808456,25.86160154856143,68.01049567748731,-389.9511014091587,-0.5886596904179862,12.930695981954964,236.58115049329618
S2-000278,SXR8.DE,SXR8.DE|swing|2024-11-13T23:00:00Z,EUR,2024-11-15T08:00:00Z,2025-01-17T16:30:00Z,tiempo,40,22.88179109829432,594.357027557373,618.3706526794434,581.358622959682,1.0,1.0,297.426778615476,549.4747535559668,27.749381438297906,0.0,521.7253721176689,1.7541304604323278,297.426778615476,549.4747535559668,27.749381438297906,0.0,521.7253721176689,1.7541304604323278,13.87483155654369,0.0
S2-000279,PLTR,PLTR|swing|2024-11-15T05:00:00Z,USD,2024-11-18T14:30:00Z,2024-12-09T14:30:00Z,objetivo,14,95.64060647818287,64.95245816802978,80.53971183013917,57.4944611958095,0.9449116507606539,0.9450902561194594,713.2873535355991,1490.774393573419,13.914959376451762,0.0,1476.8594341969672,2.070497152201731,673.993530696021,1410.0258664470014,13.149783007974301,0.0,1396.876083439027,2.0725363372501486,6.57524565426382,1.3757733038289797
S2-000280,SAP.DE,SAP.DE|swing|2024-12-01T23:00:00Z,EUR,2024-12-03T08:00:00Z,2025-01-08T16:30:00Z,objetivo,21,59.96805097211866,230.1650280532837,246.60967306368693,220.59464536394393,1.0,1.0,573.9171969370092,986.153310202258,28.591249578799136,0.0,957.5620606234588,1.6684672732128585,573.9171969370092,986.153310202258,28.591249578799136,0.0,957.5620606234588,1.6684672732128585,14.295874901694468,0.0
S2-000281,RRU.DE,RRU.DE|swing|2024-12-03T23:00:00Z,EUR,2024-12-05T08:00:00Z,2025-01-13T16:30:00Z,stop,22,1541.1113219774925,7.183589828252792,6.729133434763977,6.73249968460628,1.0,1.0,695.1801276060935,-700.3678933506716,21.441055340174785,0.0,-721.8089486908464,-1.0383049227492323,695.1801276060935,-700.3678933506716,21.441055340174785,0.0,-721.8089486908464,-1.0383049227492323,10.720355258202378,0.0
S2-000282,MRVL,MRVL|swing|2024-12-04T05:00:00Z,USD,2024-12-05T14:30:00Z,2024-12-10T21:00:00Z,stop,3,70.07152184869325,116.65829847335814,106.19688071918488,106.2500057220459,0.9531071292413268,0.9499382540134892,729.3249129311716,-733.0474627298597,15.615801557884728,0.0,-748.6632642877445,-1.0265154131083383,695.1247740480096,-722.2535581871623,14.859950998250685,0.0,-737.113509185413,-1.0604046017420512,7.429796793184318,-23.58079538706741
S2-000283,CRM,CRM|swing|2024-12-04T05:00:00Z,USD,2024-12-05T14:30:00Z,2024-12-18T21:00:00Z,stop,9,35.98551548392233,360.9603887786865,340.52286236245294,340.69320896693637,0.9531071292413268,0.9527439024390243,729.3249129311716,-735.4549233044436,25.24323639565165,14.394206193568932,-746.3039535065262,-1.0232804889484928,695.1247740480096,-705.4182721849636,24.055057632271854,13.713992181372838,-715.7593376358626,-1.0296846902286176,12.027355468403815,-4.450941547864522
S2-000284,NOW,NOW|swing|2024-12-04T05:00:00Z,USD,2024-12-05T14:30:00Z,2024-12-18T21:00:00Z,stop,9,62.831436096070234,223.13151427459715,211.41810880524773,211.52387074061804,0.9531071292413268,0.9527439024390243,729.3249129311716,-735.970087214788,27.303376873112683,0.0,-763.2734640879007,-1.046547911026773,695.1247740480096,-706.2833341389296,26.018218153020307,0.0,-732.3015522919499,-1.0534821655505728,13.00893575790964,-4.824997106155669
S2-000285,IQQT.DE,IQQT.DE|swing|2024-12-08T23:00:00Z,EUR,2024-12-10T08:00:00Z,2025-01-27T16:30:00Z,stop,29,157.49693411758238,87.93394438934325,85.4854510282789,85.52821513584682,1.0,1.0,378.89498174266816,-385.6301975748899,27.313023094800208,0.0,-412.9432206696901,-1.089861942141388,378.89498174266816,-385.6301975748899,27.313023094800208,0.0,-412.9432206696901,-1.089861942141388,13.656418553953298,0.0
S2-000286,PLTR,PLTR|swing|2024-12-09T05:00:00Z,USD,2024-12-10T14:30:00Z,2025-02-04T14:30:00Z,objetivo,36,82.33266565408039,72.02599286270141,102.74860305023194,63.13856969560896,0.9462528387585163,0.9733307377846991,731.7252401425515,2529.474392590594,14.389658370126547,0.0,2515.0847342204675,3.4371982764056215,692.3970856761464,2622.5896088355416,13.845322365777207,0.0,2608.7442864697646,3.767699692037623,6.923318561120228,229.06728427971842
S2-000287,6758.T,6758.T|swing|2024-12-09T15:00:00Z,JPY,2024-12-11T00:00:00Z,2025-01-14T06:30:00Z,stop,19,665.1602386629485,3311.6549999999997,3162.667875,3164.25,0.006260172780768749,0.006241418050181001,98047.94498011174,-99100.3116227063,4306.4621487159875,0.0,-103406.77377142229,-1.0546551872392382,613.7970763748074,-659.8390422560944,26.919743155932792,0.0,-686.7587854120272,-1.1188694307052494,13.459709983131875,-39.45396886992761
S2-000288,ITX.MC,ITX.MC|swing|2024-12-10T23:00:00Z,EUR,2024-12-12T08:00:00Z,2024-12-12T16:30:00Z,stop,0,274.90856347220154,50.72535076332092,49.68657258752415,49.71142830167498,1.0,1.0,278.7359674032838,-285.5690160745645,27.604097603861625,0.0,-313.17311367842615,-1.1235475514550932,278.7359674032838,-285.5690160745645,27.604097603861625,0.0,-313.17311367842615,-1.1235475514550932,13.801980860169063,0.0
S2-000289,GOOGL,GOOGL|swing|2024-12-11T05:00:00Z,USD,2024-12-12T14:30:00Z,2025-02-07T21:00:00Z,stop,37,63.44503744998825,195.0975,183.46000535501753,183.55178124564034,0.9517464547444561,0.9636696540425941,732.51855875738,-738.3412835749504,24.017595104223215,0.0,-762.3588786791736,-1.0407366060081995,697.1719413318549,-563.9321076261655,22.997442583340014,0.0,-586.9295502095055,-0.8418720195311562,11.49858318328825,138.78159140776498
S2-000290,ITX.MC,ITX.MC|swing|2024-12-11T23:00:00Z,EUR,2024-12-13T08:00:00Z,2024-12-20T08:00:00Z,stop,5,279.3896338740014,49.74486122131347,49.10543606758118,49.131964342934744,1.0,1.0,171.23703445275095,-178.6487595910916,27.617748367880466,0.0,-206.26650795897206,-1.2045671581394193,171.23703445275095,-178.6487595910916,27.617748367880466,0.0,-206.26650795897206,-1.2045671581394193,13.80883297395588,0.0
S2-000291,6857.T,6857.T|swing|2025-01-06T15:00:00Z,JPY,2025-01-08T00:00:00Z,2025-01-28T00:00:00Z,stop,13,108.47400688434337,9652.823999999999,8430.782500000001,8622.07142857143,0.006102770657878676,0.0061648480364959,111809.86152919727,-132559.73808395304,1961.6012559747564,0.0,-134521.3393399278,-1.2031258915815741,682.349942201863,-752.2106285884672,12.027973638827067,0.0,-764.2386022272943,-1.1200097705895398,6.013800270204818,56.77105140636411
S2-000292,8035.T,8035.T|swing|2025-01-06T15:00:00Z,JPY,2025-01-08T00:00:00Z,2025-01-28T00:00:00Z,stop,13,78.81851444377294,26803.394999999997,24427.780000000002,25384.821428571428,0.006102770657878676,0.0061648480364959,111809.86152919725,-187242.44519034322,4037.9651067089594,0.0,-191280.41029705218,-1.7107651121372915,682.3499422018629,-1023.1763161125772,24.762296355065885,0.0,-1047.938612467643,-1.535778854301751,12.38089547867504,119.52138430450647
S2-000293,1810.HK,1810.HK|swing|2025-01-06T16:00:00Z,HKD,2025-01-08T01:30:00Z,2025-02-04T08:00:00Z,objetivo,16,1752.1091632999721,33.71685076332092,39.50077421408041,30.569646222250803,0.12372562605166783,0.12488760115895695,5514.245915188236,10134.065277901294,128.2852716379658,0.0,10005.780006263329,1.8145327865599494,682.2535280595165,1334.2634828886576,15.952595458547435,0.0,1318.3108874301101,1.932288853352924,7.976633289301214,80.41991193185159
S2-000294,EXV1.DE,EXV1.DE|swing|2025-01-08T23:00:00Z,EUR,2025-01-10T08:00:00Z,2025-01-24T08:00:00Z,objetivo,10,639.3351017246733,21.390689160346984,22.57370658493042,20.623213836124965,1.0,1.0,490.67391448266125,756.3445654881124,28.10798142607073,138.6340627930799,866.8706468551215,1.7666939718389163,490.67391448266125,756.3445654881124,28.10798142607073,138.6340627930799,866.8706468551215,1.7666939718389163,14.054183312721708,0.0
S2-000295,VVSM.DE,VVSM.DE|swing|2025-01-15T23:00:00Z,EUR,2025-01-17T08:00:00Z,2025-01-27T16:30:00Z,stop,6,326.3282927136791,41.770875,39.818653624398365,39.83857291085379,1.0,1.0,630.5648417581565,-637.0650684992304,26.624971579313765,0.0,-663.6900400785441,-1.0525325805162673,630.5648417581565,-637.0650684992304,26.624971579313765,0.0,-663.6900400785441,-1.0525325805162673,13.312329851470931,0.0
S2-000296,MC.PA,MC.PA|swing|2025-01-15T23:00:00Z,EUR,2025-01-17T08:00:00Z,2025-03-07T16:30:00Z,stop,35,15.080049984060157,691.4455255737304,645.9268662850516,646.2499912806919,1.0,1.0,681.5509161953249,-686.4236572806806,20.16764251653252,0.0,-706.5912997972131,-1.0367402977633322,681.5509161953249,-686.4236572806806,20.16764251653252,0.0,-706.5912997972131,-1.0367402977633322,10.08365217326356,0.0
S2-000297,SXR8.DE,SXR8.DE|swing|2025-01-21T23:00:00Z,EUR,2025-01-23T08:00:00Z,2025-01-27T16:30:00Z,stop,2,22.431282806587724,620.5501102294921,605.2707780194963,605.5735648018973,1.0,1.0,335.9431259520879,-342.7350218982208,27.496735014535627,0.0,-370.2317569127564,-1.1020667735453493,335.9431259520879,-342.7350218982208,27.496735014535627,0.0,-370.2317569127564,-1.1020667735453493,13.74828526058297,0.0
S2-000298,ORCL,ORCL|swing|2025-01-22T05:00:00Z,USD,2025-01-23T14:30:00Z,2025-01-27T14:30:00Z,stop,2,68.27983177822564,181.73081938934325,168.81554389953615,171.10035542079382,0.9575792396820837,0.9549274255156609,725.8462914970444,-881.8528378134696,23.935246715833458,0.0,-905.7880845293031,-1.2479061960365356,695.0553399377999,-875.010628179839,22.889328693515964,0.0,-897.899956873355,-1.2918395202225301,11.444448455211226,-30.566658234928965
S2-000299,ARM,ARM|swing|2025-01-22T05:00:00Z,USD,2025-01-23T14:30:00Z,2025-01-27T14:30:00Z,stop,2,59.842350305175565,170.47519438934324,148.82554389953614,158.34588650294714,0.9575792396820837,0.9549274255156609,725.8462914970444,-1295.5659685956523,19.107706633384304,0.0,-1314.6736752290367,-1.8112287554952535,695.0553399377999,-1264.2243186404075,18.273525946589846,0.0,-1282.4978445869974,-1.8451737162421735,9.136449201325963,-23.61724347460104
S2-000300,RRU.DE,RRU.DE|swing|2025-01-23T23:00:00Z,EUR,2025-01-27T08:00:00Z,2025-01-27T16:30:00Z,stop,0,1941.095335382378,7.1035499045848844,6.85657009940488,6.8600000994546075,1.0,1.0,472.75339067166766,-479.4113477685543,27.097923821122755,0.0,-506.5092715896771,-1.0714027262079506,472.75339067166766,-479.4113477685543,27.097923821122755,0.0,-506.5092715896771,-1.0714027262079506,13.548845444935122,0.0
S2-000301,META,META|swing|2025-01-24T05:00:00Z,USD,2025-01-27T14:30:00Z,2025-02-07T21:00:00Z,objetivo,9,22.74397990223173,626.9232903442382,718.9374564192635,599.6185804094587,0.9549274255156609,0.9636696540425941,621.0177739928935,2092.7683439309876,30.61022977559167,0.0,2062.158114155396,3.320610456761249,593.0269041185003,2141.3904284090586,29.373496455586945,0.0,2112.0169319534716,3.5614184066283823,14.687287247220954,142.94854153836658
S2-000302,MA,MA|swing|2025-01-27T05:00:00Z,USD,2025-01-28T14:30:00Z,2025-03-03T21:00:00Z,objetivo,23,25.581530046489007,546.8132480163574,577.2682174388341,527.6953604561942,0.9496676163342831,0.9555661729574774,489.06481504571434,779.0847153459907,28.755723783243376,0.0,750.3289915627473,1.5342117618757993,464.4490171374306,826.9778946871662,27.395486031341854,0.0,799.5824086558243,1.7215719684023525,13.697953184631292,87.1063701420644
S2-000303,DTE.DE,DTE.DE|swing|2025-01-27T23:00:00Z,EUR,2025-01-29T08:00:00Z,2025-02-06T16:30:00Z,objetivo,6,437.8893369284788,30.65531938934326,32.75450819505964,29.4360716683524,1.0,1.0,533.8955760962455,919.2123942228328,27.766487355683353,0.0,891.4459068671495,1.669700868070966,533.8955760962455,919.2123942228328,27.766487355683353,0.0,891.4459068671495,1.669700868070966,13.88347695180828,0.0
S2-000304,CRM,CRM|swing|2025-01-28T05:00:00Z,USD,2025-01-29T14:30:00Z,2025-02-03T21:00:00Z,stop,3,28.70666908558785,358.9393897705078,334.4095156228202,334.5768040248326,0.9596008060646771,0.9733307377846991,699.3686870703568,-704.1709798687832,19.903737587980824,0.0,-724.074717456764,-1.0353261889517822,671.1147558491093,-543.9186705977412,19.23144700241791,0.0,-563.1501176001591,-0.8391264127215458,9.615589925436941,131.8043692916965
S2-000305,CRWD,CRWD|swing|2025-01-28T05:00:00Z,USD,2025-01-29T14:30:00Z,2025-03-05T14:30:00Z,stop,24,77.48269759418724,101.13804527664185,90.37478816986085,92.11191804068429,0.9596008060646771,0.9472387989012029,699.3686870703568,-833.9661955331987,14.838930959341317,0.0,-848.80512649254,-1.2136733345156898,671.1147558491093,-886.8393708315502,14.15288537235482,0.0,-900.9922562039051,-1.3425308389530932,7.076222745389789,-86.56473736720015
S2-000306,NOW,NOW|swing|2025-01-28T05:00:00Z,USD,2025-01-29T14:30:00Z,2025-01-30T14:30:00Z,stop,1,50.50340755669272,232.29809783935545,205.32128397369385,218.4501473563058,0.9596008060646771,0.9619084263178145,699.3686870703567,-1362.421025238547,22.101269994412352,0.0,-1384.5222952329593,-1.9796744132664834,671.1147558491092,-1283.451620064362,21.232325195645167,0.0,-1304.6839452600072,-1.9440549233778839,10.615844388877518,23.92869395401111
S2-000307,6758.T,6758.T|swing|2025-01-28T15:00:00Z,JPY,2025-01-30T00:00:00Z,2025-02-17T06:30:00Z,objetivo,11,632.7958637457707,3422.7104999999997,3819.58925,3259.0,0.006191950464396285,0.006246486351427322,103595.32725175179,251143.231408592,4582.897325807029,0.0,246560.33408278498,2.3800333530836513,641.4571346857697,1686.8807932162947,28.508887569677206,0.0,1658.3719056466175,2.585319916129709,14.254869068752965,131.81434486588068
S2-000308,6857.T,6857.T|swing|2025-01-28T15:00:00Z,JPY,2025-01-30T00:00:00Z,2025-03-04T00:00:00Z,stop,21,201.75845805302458,8504.25,7496.25,7967.5,0.006191950464396285,0.00631592244047243,108293.85235996095,-203372.5257174488,3228.23620807742,0.0,-206600.76192552623,-1.9077792268281324,670.5501694115229,-1071.7734410300377,20.17657785181745,0.0,-1091.9500188818552,-1.6284389575803913,10.088023504554343,187.49916403156493
S2-000309,SXR8.DE,SXR8.DE|swing|2025-02-02T23:00:00Z,EUR,2025-02-04T08:00:00Z,2025-02-28T16:30:00Z,stop,18,21.921139686697362,616.6081377868652,597.4182718233382,597.7171303885324,1.0,1.0,414.112412001287,-420.66373235547553,26.61284250840494,0.0,-447.27657486388046,-1.080084928394975,414.112412001287,-420.66373235547553,26.61284250840494,0.0,-447.27657486388046,-1.080084928394975,13.306319414847529,0.0
S2-000310,RACE.MI,RACE.MI|swing|2025-02-03T23:00:00Z,EUR,2025-02-05T08:00:00Z,2025-02-18T16:30:00Z,objetivo,9,31.0262998842946,441.6206938934326,489.8924385487693,421.07501547677174,1.0,1.0,637.4563798815985,1497.6936256145716,28.90140579331039,0.0,1468.7922198212611,2.3041454539902406,637.4563798815985,1497.6936256145716,28.90140579331039,0.0,1468.7922198212611,2.3041454539902406,14.451080932830484,0.0
S2-000311,IFX.DE,IFX.DE|swing|2025-02-03T23:00:00Z,EUR,2025-02-05T08:00:00Z,2025-02-20T16:30:00Z,objetivo,11,236.88314978326744,34.23711122131348,39.200389790296555,31.344998359680176,1.0,1.0,685.0928041923954,1175.7170606724999,17.396106551842074,0.0,1158.320954120658,1.6907504312297013,685.0928041923954,1175.7170606724999,17.396106551842074,0.0,1158.320954120658,1.6907504312297013,8.698349379773482,0.0
S2-000312,ICGA.DE,ICGA.DE|swing|2025-02-09T23:00:00Z,EUR,2025-02-11T08:00:00Z,2025-02-20T16:30:00Z,objetivo,7,2838.5533312504485,4.849423622131347,5.271077540435962,4.68085743699755,1.0,1.0,478.48410634772046,1196.8871344383683,28.727582288929472,0.0,1168.159552149439,2.441375871533176,478.48410634772046,1196.8871344383683,28.727582288929472,0.0,1168.159552149439,2.441375871533176,14.364093957268363,0.0
S2-000313,SIE.DE,SIE.DE|swing|2025-02-09T23:00:00Z,EUR,2025-02-11T08:00:00Z,2025-03-05T08:00:00Z,objetivo,16,60.39315241969724,210.85537499999998,229.88500000000002,199.45892769949776,1.0,1.0,688.2673788622775,1149.2590431146834,26.617700644889517,314.04439258242564,1436.6857350522196,2.087394781701111,688.2673788622775,1149.2590431146834,26.617700644889517,314.04439258242564,1436.6857350522196,2.087394781701111,13.309140964488458,0.0
S2-000314,EUNN.DE,EUNN.DE|swing|2025-02-10T23:00:00Z,EUR,2025-02-12T08:00:00Z,2025-03-04T16:30:00Z,stop,14,260.205834227629,53.264617961883545,52.71562821783339,52.74199921744211,1.0,1.0,135.9884463803804,-142.85033433298275,27.576678368842735,0.0,-170.4270127018255,-1.2532462664152746,135.9884463803804,-142.85033433298275,27.576678368842735,0.0,-170.4270127018255,-1.2532462664152746,13.78830691891309,0.0
S2-000315,PANW,PANW|swing|2025-02-14T05:00:00Z,USD,2025-02-18T14:30:00Z,2025-03-03T21:00:00Z,stop,9,55.8692308630266,197.7988469467163,184.20213549940925,184.29428264072962,0.9548362455838825,0.9555661729574774,754.489620915759,-759.6378108275546,21.34210107818556,0.0,-780.9799119057402,-1.0351102125935525,720.4140369672101,-717.817863616713,20.38572351804386,0.0,-738.2035871347568,-1.0246935085307844,10.19268485272746,7.511851677428029
S2-000316,1810.HK,1810.HK|swing|2025-02-17T16:00:00Z,HKD,2025-02-19T01:30:00Z,2025-02-26T08:00:00Z,objetivo,5,1205.8530864583774,48.024,56.26025039008686,43.14107281821115,0.12309964916599987,0.12253550466247595,5888.0928131115925,9931.707953730254,125.75148520188449,0.0,9805.95646852837,1.6653875507350167,724.8221595508822,1184.3173009037084,15.441691246635749,0.0,1168.8756096570726,1.6126377957061038,7.721143632928316,-38.272463819657176
S2-000317,RRU.DE,RRU.DE|swing|2025-02-17T23:00:00Z,EUR,2025-02-19T08:00:00Z,2025-02-24T16:30:00Z,stop,3,1854.3251996833244,7.823910171747207,7.478187571602209,7.481928535870144,1.0,1.0,634.1451652357658,-641.0821295489116,28.375065453510153,0.0,-669.4571950024217,-1.0556844579167097,634.1451652357658,-641.0821295489116,28.375065453510153,0.0,-669.4571950024217,-1.0556844579167097,14.187376003064868,0.0
S2-000318,ICGA.DE,ICGA.DE|swing|2025-02-20T23:00:00Z,EUR,2025-02-24T08:00:00Z,2025-03-04T16:30:00Z,stop,6,2735.0322054390613,5.236617206096649,5.0593978698168485,5.0619288342339654,1.0,1.0,477.77832296015407,-484.7005921517893,28.159932820309518,0.0,-512.8605249720988,-1.0734277808892358,477.77832296015407,-484.7005921517893,28.159932820309518,0.0,-512.8605249720988,-1.0734277808892358,14.07984875496825,0.0
S2-000319,LLY,LLY|swing|2025-02-25T05:00:00Z,USD,2025-02-26T14:30:00Z,2025-03-10T20:00:00Z,stop,8,13.221138910122507,898.819180114746,842.3964272984097,842.8178362165179,0.9526531389920929,0.9220839096357768,740.4015468320156,-745.9730526762888,23.020853418082666,0.0,-768.9939060943715,-1.038617368351937,705.3458577041207,-1051.1165336228858,21.590425307626,0.0,-1072.7069589305117,-1.5208240712182535,10.7949525734164,-340.4629633873051
S2-000320,ALV.DE,ALV.DE|swing|2025-02-25T23:00:00Z,EUR,2025-02-27T08:00:00Z,2025-03-18T08:00:00Z,objetivo,13,43.112176139387664,331.1655,355.6220877990723,321.18216378348217,1.0,1.0,430.4033494252452,1054.3767209620034,29.608907455538777,0.0,1024.7678135064646,2.3809475806239093,430.4033494252452,1054.3767209620034,29.608907455538777,0.0,1024.7678135064646,2.3809475806239093,14.804721023129217,0.0
S2-000321,1810.HK,1810.HK|swing|2025-03-02T16:00:00Z,HKD,2025-03-04T01:30:00Z,2025-04-07T01:30:00Z,stop,23,868.8524496285173,49.074524236679075,40.179900762557985,42.485714776175364,0.12287125549848868,0.1163697299058569,5724.703239894199,-7728.115394013422,77.5489258007719,0.0,-7805.664319814194,-1.3635054941220768,703.401474442066,-1176.5341339785425,9.301562982821068,0.0,-1185.8356969613635,-1.6858589867215752,4.650488520498789,-226.97089287891595
S2-000322,0700.HK,0700.HK|swing|2025-03-05T16:00:00Z,HKD,2025-03-07T01:30:00Z,2025-04-07T01:30:00Z,stop,20,112.45489729145679,539.2695,441.5790877990723,487.21429116385326,0.11915826600891302,0.1163697299058569,5853.863163154215,-10985.765270415402,110.30122719941511,0.0,-11096.066497614818,-1.8955117651974576,697.536183974907,-1447.5171159939923,13.004830596147102,0.0,-1460.5219465901394,-2.0938296537784766,6.502055044307996,-138.472375590356
S2-000323,MBG.DE,MBG.DE|swing|2025-03-05T23:00:00Z,EUR,2025-03-07T08:00:00Z,2025-03-27T08:00:00Z,stop,14,164.08735187144728,61.600784694671624,55.77209923744202,57.349999700273784,1.0,1.0,697.5000531056264,-956.4135615684215,19.259405705935272,0.0,-975.6729672743568,-1.3988141834974241,697.5000531056264,-956.4135615684215,19.259405705935272,0.0,-975.6729672743568,-1.3988141834974241,9.629466156942039,0.0
S2-000324,DBK.DE,DBK.DE|swing|2025-03-05T23:00:00Z,EUR,2025-03-07T08:00:00Z,2025-04-04T07:00:00Z,stop,20,413.1322287128848,22.011,20.209889313697815,20.322678429739817,1.0,1.0,697.5000531056264,-744.096871990615,17.442810100407996,0.0,-761.539682091023,-1.0918130811607245,697.5000531056264,-744.096871990615,17.442810100407996,0.0,-761.539682091023,-1.0918130811607245,8.721221206291034,0.0
S2-000325,SIE.DE,SIE.DE|swing|2025-03-05T23:00:00Z,EUR,2025-03-07T08:00:00Z,2025-03-10T16:30:00Z,stop,1,49.164274831875986,238.66927805328368,224.36990505381996,224.48214612688338,1.0,1.0,697.5000531056264,-703.0183040691409,22.764985656204992,0.0,-725.7832897253459,-1.0405494400950768,697.5000531056264,-703.0183040691409,22.764985656204992,0.0,-725.7832897253459,-1.0405494400950768,11.382319919104447,0.0
S2-000326,RRU.DE,RRU.DE|swing|2025-03-18T23:00:00Z,EUR,2025-03-20T08:00:00Z,2025-03-31T15:30:00Z,stop,7,832.1303997294145,9.844920152664184,9.008922348175732,9.013429062707084,1.0,1.0,691.9090130574476,-695.6591872218883,15.688855496659343,0.0,-711.3480427185476,-1.0280947773395837,691.9090130574476,-695.6591872218883,15.688855496659343,0.0,-711.3480427185476,-1.0280947773395837,7.844255794595108,0.0
S2-000327,IBE.MC,IBE.MC|swing|2025-03-20T23:00:00Z,EUR,2025-03-24T08:00:00Z,2025-04-03T07:00:00Z,objetivo,8,952.0907180673114,14.407199618339538,15.257367843151094,13.851607492991857,1.0,1.0,528.9741055748177,809.4372756388459,28.24335933556682,0.0,781.1939163032791,1.4768093713290236,528.9741055748177,809.4372756388459,28.24335933556682,0.0,781.1939163032791,1.4768093713290236,14.12188555757169,0.0
S2-000328,ENI.MI,ENI.MI|swing|2025-03-20T23:00:00Z,EUR,2025-03-24T08:00:00Z,2025-04-03T15:30:00Z,stop,8,963.7358455458569,14.233112832069397,13.711640955345972,13.718500205448695,1.0,1.0,495.9506348448762,-502.56114004243443,26.931360919885538,0.0,-529.4925009623199,-1.0676314611996311,495.9506348448762,-502.56114004243443,26.931360919885538,0.0,-529.4925009623199,-1.0676314611996311,13.465558186045673,0.0
S2-000329,7011.T,7011.T|swing|2025-05-08T15:00:00Z,JPY,2025-05-12T00:00:00Z,2025-05-23T06:30:00Z,objetivo,9,552.9276143332789,2672.3354999999997,3113.1123080357147,2476.0535714285716,0.0061214495592556315,0.006165608237252605,108529.69850173482,243717.66892062555,3198.9338543468857,0.0,240518.73506627866,2.2161559313871497,664.3590750595912,1567.916887032852,19.658123702815544,0.0,1548.2587633300363,2.3304547517337095,9.829456287991988,76.01147003588024
S2-000330,UBER,UBER|swing|2025-05-12T04:00:00Z,USD,2025-05-13T13:30:00Z,2025-07-11T20:00:00Z,tiempo,40,94.53288488848064,87.45370866394042,95.34230438995363,79.64803532191685,0.9004141905276427,0.8559445347941455,737.8928195185958,745.7317116989668,17.28023446009697,0.0,728.4514772388699,0.9872049950480809,664.4091657829964,270.6631605785028,15.158564068554373,0.0,255.50459650994844,0.3845591085560056,7.579351594903258,-400.80425496171637
S2-000331,6758.T,6758.T|swing|2025-05-13T15:00:00Z,JPY,2025-05-15T00:00:00Z,2025-07-10T06:30:00Z,tiempo,40,606.0330042452493,3599.799,3605.1965,3461.035714285714,0.006097189195780745,0.005826487210860572,84095.13092037049,3271.0631404137553,4366.4650684385015,0.0,-1095.4019280247462,-0.013025747341567018,512.7439236654502,-571.5038313594602,26.031715516839363,0.0,-597.5355468762995,-1.1653683628363642,13.015718136391243,-591.4481221979056
S2-000332,COIN,COIN|swing|2025-05-16T04:00:00Z,USD,2025-05-19T13:30:00Z,2025-06-24T20:00:00Z,objetivo,24,24.78877828370813,259.90988877868654,321.5446744057792,229.629634312221,0.8933357155619082,0.8615490652192642,750.6105143434773,1527.85103547388,14.413548248830079,0.0,1513.43748722505,2.016275362927444,670.5471809393223,1111.5220555357391,12.622775596143384,0.0,1098.8992799395958,1.6388097827810195,6.311667256502444,-253.36184251132215
S2-000333,PANW,PANW|swing|2025-05-20T04:00:00Z,USD,2025-05-21T13:30:00Z,2025-05-21T20:00:00Z,stop,0,81.88987495653296,184.85237450408934,184.0147368749891,184.10679027012415,0.8896005693443643,0.8833141948591113,61.05579968897178,-68.59404070590564,30.206481626410252,0.0,-98.8005223323159,-1.618200446732692,54.31527416508476,-155.75032144469856,26.776974228965543,0.0,-182.5272956736641,-3.3605150388985296,13.388451524013561,-94.72902377909645
S2-000334,8035.T,8035.T|swing|2025-05-28T15:00:00Z,JPY,2025-05-30T00:00:00Z,2025-06-03T06:30:00Z,stop,2,93.83358725844043,23511.75,22494.104464285712,22505.35714285714,0.006117330397014743,0.006135722174499939,94433.45197698561,-95489.33117360897,4316.894359273665,0.0,-99806.22553288263,-1.0568948126264242,577.6806262738461,-545.3202172030747,26.446688655662122,0.0,-571.7669058587368,-0.9897629933459012,13.223211303579827,38.819570975852805
S2-000335,6501.T,6501.T|swing|2025-05-28T15:00:00Z,JPY,2025-05-30T00:00:00Z,2025-07-22T06:30:00Z,objetivo,36,551.2723251433375,4002.0,4413.542125,3859.5,0.006117330397014743,0.005813277525869085,78556.3063329256,226871.78414318003,4639.2554745904545,0.0,222232.52866858957,2.828958476315789,480.5548806076075,648.0696791749863,27.640078552040187,0.0,620.429600622946,1.2910691903461322,13.820204748491259,-739.7799821890562
S2-000336,ADYEN.AS,ADYEN.AS|swing|2025-05-29T22:00:00Z,EUR,2025-06-02T07:00:00Z,2025-06-19T07:00:00Z,stop,13,8.015136007329456,1668.2337244262694,1569.4148511962892,1586.2071402413505,1.0,1.0,657.4542284587842,-792.0467090293394,25.950193677551297,0.0,-817.9969027068906,-1.244188366731557,657.4542284587842,-792.0467090293394,25.950193677551297,0.0,-817.9969027068906,-1.244188366731557,12.974902070821969,0.0
S2-000337,EUNH.DE,EUNH.DE|swing|2025-05-29T22:00:00Z,EUR,2025-06-02T07:00:00Z,2025-07-11T15:30:00Z,stop,29,119.34132161863646,112.04099311065673,111.02713650226593,111.08267784118652,1.0,1.0,114.36661078589401,-120.99498757714595,26.621245399003485,0.0,-147.61623297614943,-1.2907284036990667,114.36661078589401,-120.99498757714595,26.621245399003485,0.0,-147.61623297614943,-1.2907284036990667,13.310595778402355,0.0
S2-000338,ORCL,ORCL|swing|2025-05-30T04:00:00Z,USD,2025-06-02T13:30:00Z,2025-06-12T13:30:00Z,objetivo,8,86.54278950378261,164.25208316802977,189.86502671051028,155.49428776332311,0.8819119851838787,0.8746610688358262,757.9240442267228,2216.6155815691586,30.646282499906356,0.0,2185.9692990692524,2.884153518707145,668.422298462583,1835.716785459497,26.908180775526695,0.0,1808.8086046839703,2.7060865695898446,13.454552680594894,-119.14306247167741
S2-000339,CRWD,CRWD|swing|2025-06-03T04:00:00Z,USD,2025-06-04T13:30:00Z,2025-06-04T20:00:00Z,stop,0,134.3771546726406,113.74434375,112.83444903387343,112.89089448111397,0.8782715615668364,0.8784258608573435,114.68408441034927,-122.26906300475886,30.44701348345874,0.0,-152.7160764882176,-1.3316239761899886,100.72376990194033,-105.04589762206079,26.743085620438272,0.0,-131.78898324249906,-1.3084198831199654,13.371519891623574,2.3395432744432427
S2-000340,6857.T,6857.T|swing|2025-06-04T15:00:00Z,JPY,2025-06-06T00:00:00Z,2025-06-16T06:30:00Z,objetivo,6,173.46388726702747,7673.834999999999,8823.014857142858,7041.714285714285,0.006110228522546743,0.00602627455706882,109650.11632200994,199341.20518896764,2861.607703880507,0.0,196479.59748508714,1.7918776931169385,669.9872682513134,1089.5309181436198,17.356587613069316,0.0,1072.1743305305506,1.6002906045199297,8.678568358905455,-128.4893995208533
S2-000341,AMD,AMD|swing|2025-06-09T04:00:00Z,USD,2025-06-10T13:30:00Z,2025-06-24T20:00:00Z,objetivo,9,85.63273175710934,121.17055561065673,136.05925703798022,112.13179179600307,0.8764241893076249,0.8615490652192642,774.0140371561035,1274.9601755376827,22.02729154647222,0.0,1252.9328839912105,1.618746978536409,678.3646250272599,944.0939952935631,19.131939193308057,0.0,924.962056100255,1.36351752726358,9.566208011704784,-173.31194295155672
S2-000342,8035.T,8035.T|swing|2025-06-10T15:00:00Z,JPY,2025-06-12T00:00:00Z,2025-06-27T06:30:00Z,objetivo,11,77.19983555139007,24697.3425,27322.581875,23242.5,0.006017933441656136,0.005919962112242482,112313.60175317312,202668.0480330341,4015.9296071457475,0.0,198652.11842588836,1.7687271650539511,675.8957799432698,1012.9920135435754,23.96094627190979,0.0,989.0310672716655,1.4632893067547754,11.98072937914015,-206.65081026959436
S2-000343,LMT,LMT|swing|2025-06-13T04:00:00Z,USD,2025-06-16T13:30:00Z,2025-06-24T20:00:00Z,stop,5,32.120627420899766,482.25101477050777,458.67057331248697,458.900023324149,0.8686587908269632,0.8615490652192642,750.0484961571071,-757.4185744934246,30.222991763095195,0.0,-787.6415662565198,-1.0501208525742292,651.5362197334148,-762.6843731916056,26.148721409981277,0.0,-788.8330946015868,-1.2107279238049866,13.074173302438357,-104.74607012226492
S2-000344,ORCL,ORCL|swing|2025-06-13T04:00:00Z,USD,2025-06-16T13:30:00Z,2025-07-08T20:00:00Z,objetivo,14,54.64955175536245,213.3065969467163,239.2288947680337,199.13428933279855,0.8686587908269632,0.8533879501621437,774.5102584397156,1416.6419564040054,24.73086177560363,0.0,1391.9110946284018,1.7971499789201848,672.7851445793222,1030.9313072475172,21.283033304467484,0.0,1009.6482739430497,1.5006994165639027,10.641777045503765,-199.64718163713
S2-000345,6857.T,6857.T|swing|2025-06-15T15:00:00Z,JPY,2025-06-17T00:00:00Z,2025-06-26T06:30:00Z,objetivo,7,127.38481758535967,9294.644999999999,10687.475017857143,8409.785714285714,0.005991970759182696,0.005914709883480216,112717.63869942584,177425.3977521456,2545.418713443496,0.0,174879.9790387021,1.5514872477504527,675.4007951310795,957.943135051058,15.146889840613708,0.0,942.7962452104443,1.3959063299999073,7.573686299510223,-105.18466021615825
S2-000346,IQQK.DE,IQQK.DE|swing|2025-06-17T22:00:00Z,EUR,2025-06-19T07:00:00Z,2025-07-10T15:30:00Z,objetivo,15,330.68395305205416,40.88043061065674,43.15430706221717,39.4660712650844,1.0,1.0,467.70593942997647,751.9344537539818,27.78893924735832,0.0,724.1455145066234,1.5482923210023514,467.70593942997647,751.9344537539818,27.78893924735832,0.0,724.1455145066234,1.5482923210023514,13.894661080955911,0.0
S2-000347,IBE.MC,IBE.MC|swing|2025-06-19T22:00:00Z,EUR,2025-06-23T07:00:00Z,2025-07-04T15:30:00Z,stop,9,817.1002224807594,16.423208415985105,15.9159672498703,15.923929214477539,1.0,1.0,407.9611466318479,-414.46686968380635,26.42434763141481,334.19399099463055,-106.69722632059063,-0.2615377155434762,407.9611466318479,-414.46686968380635,26.42434763141481,334.19399099463055,-106.69722632059063,-0.2615377155434762,13.212073502005957,0.0
S2-000348,MU,MU|swing|2025-06-24T04:00:00Z,USD,2025-06-25T13:30:00Z,2025-07-14T20:00:00Z,stop,12,89.54144986008785,126.67330561065673,117.66720546245575,117.7260684967041,0.8615490652192642,0.8554319931565441,801.148583425306,-806.419264855067,21.878603621041343,10.297266733910103,-818.0006017421982,-1.0210348225853956,690.2288131518101,-759.2197989235476,18.785040462898117,8.780070543920619,-769.2247688425251,-1.1144489395190469,9.392332774581192,-64.45003511285796
S2-000349,COIN,COIN|swing|2025-06-25T04:00:00Z,USD,2025-06-26T13:30:00Z,2025-07-18T20:00:00Z,objetivo,15,16.96608800166402,354.7072637786865,427.0706334620885,307.42714146205356,0.8622176237282291,0.8583690987124464,802.1587159534339,1227.723298145544,13.263712602342839,0.0,1214.4595855432012,1.513989141288221,691.6353819222572,1030.679337934015,11.408321435017388,0.0,1019.2710164989976,1.4737115005107821,5.70441981344783,-27.88532678882052
S2-000350,IQQT.DE,IQQT.DE|swing|2025-06-26T22:00:00Z,EUR,2025-06-30T07:00:00Z,2025-07-17T07:00:00Z,objetivo,13,161.277772803977,85.88291633605957,91.09442938995362,84.20392881120954,1.0,1.0,270.7833685734747,840.5012182708853,28.542512155450844,0.0,811.9587061154344,2.998554565566373,270.7833685734747,840.5012182708853,28.542512155450844,0.0,811.9587061154344,2.998554565566373,14.271469770895983,0.0
S2-000351,META,META|swing|2025-06-30T04:00:00Z,USD,2025-07-01T13:30:00Z,2025-07-16T20:00:00Z,stop,10,22.021291375445912,737.2484448852539,701.2999162063599,701.6507415771484,0.8532423208191127,0.8619203585588693,783.907396844465,-791.6330245564992,31.678692617268606,0.0,-823.3117171737678,-1.050266549962305,668.8629665908404,-541.4352647018055,27.16362074368139,0.0,-568.5988854454869,-0.8500977238186854,13.581678408443986,134.01953440783365
S2-000352,CVX,CVX|swing|2025-07-08T04:00:00Z,USD,2025-07-09T13:30:00Z,2025-09-04T20:00:00Z,tiempo,40,106.74723335906592,153.01647244262693,157.61115744018556,145.74357768467493,0.8533879501621437,0.8585901948999742,776.3613939230296,490.4699116457903,33.158640094874144,182.53776904400272,639.8490405949188,0.8241639082047852,662.5374585449988,506.08656524765837,28.384709353460966,156.25558041773903,633.9574363119365,0.9568627828291746,14.192484746489637,87.52545273204873
S2-000353,EXV1.DE,EXV1.DE|swing|2025-07-10T22:00:00Z,EUR,2025-07-14T07:00:00Z,2025-07-16T15:30:00Z,stop,2,500.0198005627895,28.008998339653015,27.038259576320648,27.051785469055176,1.0,1.0,478.6253886524668,-485.3886028400191,27.524718924673586,441.6114876194489,-71.30183414524379,-0.14897211020499487,478.6253886524668,-485.3886028400191,27.524718924673586,441.6114876194489,-71.30183414524379,-0.14897211020499487,13.762241555746487,0.0
S2-000354,VVSM.DE,VVSM.DE|swing|2025-07-14T22:00:00Z,EUR,2025-07-16T07:00:00Z,2025-07-22T15:30:00Z,stop,4,334.8241746762213,41.65581582069397,40.52776446342469,40.548038482666016,1.0,1.0,370.91063293023007,-377.69886469007736,27.517049440567,0.0,-405.21591413064436,-1.0924893442104888,370.91063293023007,-377.69886469007736,27.517049440567,0.0,-405.21591413064436,-1.0924893442104888,13.75843373517281,0.0
S2-000355,AMD,AMD|swing|2025-07-15T04:00:00Z,USD,2025-07-16T13:30:00Z,2025-07-29T20:00:00Z,objetivo,9,59.64054730086047,155.38765255737303,176.31286202539718,141.74929264613561,0.8572653236176596,0.8670770831526923,813.3992493923142,1247.9909450581076,19.782800229693464,0.0,1228.208144828414,1.5099696068640354,697.2989707606637,1173.0338943062222,17.062283173890755,0.0,1155.9716111323314,1.6577847660829252,8.531436978276332,103.17453291907474
S2-000356,IS3N.DE,IS3N.DE|swing|2025-07-16T22:00:00Z,EUR,2025-07-18T07:00:00Z,2025-08-01T15:30:00Z,stop,10,407.3283870066602,34.604295301437375,33.991497347014295,34.0085015978132,1.0,1.0,242.68368828595916,-249.61000233613393,27.941013574937138,0.0,-277.5510159110711,-1.1436739645394998,242.68368828595916,-249.61000233613393,27.941013574937138,0.0,-277.5510159110711,-1.1436739645394998,13.970447877578234,0.0
S2-000357,IQQT.DE,IQQT.DE|swing|2025-07-16T22:00:00Z,EUR,2025-07-18T07:00:00Z,2025-09-02T15:30:00Z,stop,32,154.51050238710647,91.22559030532837,88.28226506301334,88.32642827715192,1.0,1.0,447.9509814751656,-454.7746618787466,27.735848915394524,0.0,-482.5105107941411,-1.0771502480141155,447.9509814751656,-454.7746618787466,27.735848915394524,0.0,-482.5105107941411,-1.0771502480141155,13.867814230985427,0.0
S2-000358,AIR.PA,AIR.PA|swing|2025-07-16T22:00:00Z,EUR,2025-07-18T07:00:00Z,2025-07-31T15:30:00Z,stop,9,76.08699166218594,185.2525836639404,177.17351165499008,177.26214272635323,1.0,1.0,607.968612995385,-614.7122845832039,27.57591129269007,0.0,-642.288195875894,-1.0564495964872607,607.968612995385,-614.7122845832039,27.57591129269007,0.0,-642.288195875894,-1.0564495964872607,13.787805415222206,0.0
S2-000359,RRU.DE,RRU.DE|swing|2025-07-16T22:00:00Z,EUR,2025-07-18T07:00:00Z,2025-07-31T15:30:00Z,objetivo,9,1200.0228219312316,11.745869771003722,12.869990287695614,11.215714522770472,1.0,1.0,636.1983970465169,1348.970274631399,29.53959385190467,0.0,1319.4306807794942,2.0739295900536847,636.1983970465169,1348.970274631399,29.53959385190467,0.0,1319.4306807794942,2.0739295900536847,14.770137861052401,0.0
S2-000360,TSM,TSM|swing|2025-07-17T04:00:00Z,USD,2025-07-18T13:30:00Z,2025-08-05T20:00:00Z,stop,12,56.41445635804425,245.43265255737305,230.8577222317287,230.97320883614677,0.8636324380343726,0.8661008141347653,815.7216567727169,-822.2367707775985,26.86966256229632,0.0,-849.1064333398948,-1.0409266767530236,704.4836831960591,-677.962925337899,23.237659609487146,0.0,-701.2005849473862,-0.9953397100217022,11.618663218677682,32.14742165026773
S2-000361,Q8Y0.DE,Q8Y0.DE|swing|2025-07-21T22:00:00Z,EUR,2025-07-23T07:00:00Z,2025-08-18T15:30:00Z,objetivo,18,797.3160019491685,17.372682320594787,18.115367555992943,16.91371468135289,1.0,1.0,365.9422431443984,592.1548225943347,28.295190044573612,0.0,563.8596325497612,1.5408432426514527,365.9422431443984,592.1548225943347,28.295190044573612,0.0,563.8596325497612,1.5408432426514527,14.147746597929022,0.0
S2-000362,7203.T,7203.T|swing|2025-07-22T15:00:00Z,JPY,2025-07-24T00:00:00Z,2025-08-04T00:00:00Z,stop,7,675.9439129187306,2851.4249999999997,2640.679,2674.2321428571427,0.005829883985308692,0.005827166249053085,119772.43319839245,-142452.47587197056,3712.3542679166117,0.0,-146164.83013988717,-1.220354519288909,698.2593901847633,-835.3324335181715,21.63774366855483,0.0,-856.9701771867262,-1.227294883868253,10.818665705834043,-4.8510257645980595
S2-000363,SAP.DE,SAP.DE|swing|2025-07-22T22:00:00Z,EUR,2025-07-24T07:00:00Z,2025-07-25T15:30:00Z,stop,1,56.39263780886809,247.5737219467163,242.92847260338922,243.0499976021903,1.0,1.0,255.10474850801322,-261.95786375012557,27.660712601719048,0.0,-289.61857635184464,-1.1352927691298826,255.10474850801322,-261.95786375012557,27.660712601719048,0.0,-289.61857635184464,-1.1352927691298826,13.830294268965163,0.0
S2-000364,AZN,AZN|swing|2025-07-30T04:00:00Z,USD,2025-07-31T13:30:00Z,2025-09-26T20:00:00Z,tiempo,40,108.36120486002446,149.25458267211914,147.4462442703247,145.02641786847795,0.8675284115554784,0.8567511994516792,458.1690324693083,-195.95372801309543,32.150859090448826,111.61204100582519,-116.49254609771906,-0.25425669969417375,397.4746529620095,-342.18782282547664,27.719591320457184,95.8207769624186,-274.0866371835152,-0.6895701024983657,13.859713578200921,-172.19239642390056
S2-000365,OR.PA,OR.PA|swing|2025-07-30T22:00:00Z,EUR,2025-08-01T07:00:00Z,2025-09-22T15:30:00Z,stop,36,36.49553498116623,387.49363778686524,368.7905120642526,368.9749995640346,1.0,1.0,675.8476090648778,-682.5805790667596,27.600994646593037,0.0,-710.1815737133526,-1.0508013406986527,675.8476090648778,-682.5805790667596,27.600994646593037,0.0,-710.1815737133526,-1.0508013406986527,13.800330128233494,0.0
S2-000366,R6C0.DE,R6C0.DE|swing|2025-07-30T22:00:00Z,EUR,2025-08-01T07:00:00Z,2025-09-16T15:30:00Z,stop,32,449.5061341988212,31.46072219467163,30.332326369830543,30.347500119890487,1.0,1.0,500.40015133966205,-507.2208450704065,27.77635438058939,138.8767181852626,-396.12048126573325,-0.7916074369786796,500.40015133966205,-507.2208450704065,27.77635438058939,138.8767181852626,-396.12048126573325,-0.7916074369786796,13.888053857095265,0.0
S2-000367,BBVA.MC,BBVA.MC|swing|2025-07-30T22:00:00Z,EUR,2025-08-01T07:00:00Z,2025-08-08T15:30:00Z,objetivo,5,953.4934680559782,14.592292538166046,15.816016460078103,13.85071495601109,1.0,1.0,707.0893806414949,1166.8127662469906,28.994124004453617,0.0,1137.818642242537,1.6091581536838668,707.0893806414949,1166.8127662469906,28.994124004453617,0.0,1137.818642242537,1.6091581536838668,14.497357329756822,0.0
S2-000368,PLTR,PLTR|swing|2025-08-05T04:00:00Z,USD,2025-08-06T13:30:00Z,2025-08-19T20:00:00Z,stop,9,62.20237690121975,171.2605905532837,158.21799999400548,158.29714856828963,0.8661008141347653,0.8560178051703476,806.356904287697,-811.2801337365137,20.49435147010514,0.0,-831.7744852066188,-1.0315215021831736,698.3863712867634,-801.8826766864929,17.650942201056147,0.0,-819.5336188875491,-1.173467370758645,8.825272836177245,-99.23229236593804
S2-000369,7011.T,7011.T|swing|2025-08-05T15:00:00Z,JPY,2025-08-07T00:00:00Z,2025-09-03T06:30:00Z,stop,18,464.5608959529198,3881.9399999999996,3621.9738214285717,3623.785714285714,0.005840439201027918,0.005777007510109763,119928.38626551446,-120770.12083459929,3486.0249280363555,0.0,-124256.14576263564,-1.036086198037717,700.4344484611288,-812.0824494308991,20.253184744068427,0.0,-832.3356341749676,-1.1883133903588392,10.126391883017885,-106.73190139562747
S2-000370,EXH1.DE,EXH1.DE|swing|2025-08-05T22:00:00Z,EUR,2025-08-07T07:00:00Z,2025-10-02T15:30:00Z,tiempo,40,368.80071353703227,37.988986221313475,38.91553387260437,37.01892743791853,1.0,1.0,357.75837148892185,341.71143492214384,28.36244188485994,0.0,313.3489930372839,0.8758676749706383,357.75837148892185,341.71143492214384,28.36244188485994,0.0,313.3489930372839,0.8758676749706383,14.181309915615234,0.0
S2-000371,APP,APP|swing|2025-08-08T04:00:00Z,USD,2025-08-11T13:30:00Z,2025-08-20T20:00:00Z,stop,7,14.665983756465536,455.22749999999996,398.8538550927299,399.05338178362166,0.8585164835164835,0.8582954252853832,823.848705295179,-826.7749605027792,12.52594328049005,0.0,-839.3009037832693,-1.0187561118792483,707.2876934196248,-711.0930304774059,10.752435679166162,0.0,-721.8454661565721,-1.0205825336314884,5.376041410335056,-1.2930987270805374
S2-000372,AAPL,AAPL|swing|2025-08-08T04:00:00Z,USD,2025-08-11T13:30:00Z,2025-09-22T20:00:00Z,objetivo,29,67.36082374972213,228.03395816802978,249.54481838471548,215.80357469831193,0.8585164835164835,0.848824378236143,823.8487052951791,1448.989263761075,32.1700997939774,0.0,1416.8191639670977,1.7197564975955888,707.2876934196249,1081.0612920889241,27.455641074211456,0.0,1053.6056510147127,1.4896422782654324,13.728094234451616,-162.91987528837197
S2-000373,EUNN.DE,EUNN.DE|swing|2025-08-17T22:00:00Z,EUR,2025-08-19T07:00:00Z,2025-09-02T15:30:00Z,stop,10,252.27641012627834,56.72835076332092,55.26499681677138,55.292643138340544,1.0,1.0,362.19516562097385,-369.16968037963943,28.253279685530206,0.0,-397.42296006516966,-1.0972619123278433,362.19516562097385,-369.16968037963943,28.253279685530206,0.0,-397.42296006516966,-1.0972619123278433,14.126551081980278,0.0
S2-000374,INTC,INTC|swing|2025-08-19T04:00:00Z,USD,2025-08-20T13:30:00Z,2025-09-18T13:30:00Z,objetivo,20,311.0092515640018,24.912449618339537,31.764110686302185,22.249284948621476,0.8560178051703476,0.8448086508405847,828.268850720706,2130.9299807172724,17.626934601568635,0.0,2113.3030461157036,2.551469905305317,709.0128836849051,1713.3795284005903,14.978235392851339,0.0,1698.401293007739,2.395444895416783,7.489547913694121,-110.7344766647005
S2-000375,GOOGL,GOOGL|swing|2025-09-03T04:00:00Z,USD,2025-09-04T13:30:00Z,2025-09-15T20:00:00Z,objetivo,7,62.08505549163915,229.76481889343262,251.78583658640727,216.49214444841658,0.8581481163648845,0.8499065102838687,824.0347294412816,1367.176105450699,29.897099167501068,13.03786165324422,1350.3168679364421,1.6386649975929952,707.143850889283,1044.405679027539,25.527305414761145,11.116867030392411,1029.9952406431703,1.4565568792656247,12.763916999779545,-128.83392060405674
S2-000376,AMZN,AMZN|swing|2025-09-04T04:00:00Z,USD,2025-09-05T13:30:00Z,2025-09-23T20:00:00Z,stop,12,70.2491101187603,235.30759744262693,223.71629372950966,223.82820783342635,0.8585901948999742,0.8479606546256253,806.4169047528844,-814.2787709627703,32.246019878093264,0.0,-846.5247908408636,-1.0497359192888815,692.381647422413,-866.1842476594118,27.519064012884964,0.0,-893.7033116722968,-1.2907668985730063,13.759318900207365,-167.05247899557614
S2-000377,MU,MU|swing|2025-09-05T04:00:00Z,USD,2025-09-08T13:30:00Z,2025-09-11T13:30:00Z,objetivo,3,85.9709702309547,130.61527805328367,147.64614122009277,121.02892030988421,0.8549200649739249,0.8541898009737763,824.1484761810772,1464.159830321208,23.922404192774653,0.0,1440.2374261284333,1.747546064517618,704.5810688048878,1242.4701703736496,20.442473899922632,0.0,1222.027696473727,1.7344032512064702,10.221550122890253,-9.269446896767759
S2-000378,TSM,TSM|swing|2025-09-05T04:00:00Z,USD,2025-09-08T13:30:00Z,2025-09-16T13:30:00Z,objetivo,6,61.44174487120729,242.11100049591064,265.7870534210205,228.69750649588448,0.8549200649739249,0.8499065102838687,824.1484761810772,1454.6980033818018,31.20614264934677,50.50511428413239,1473.9969750165874,1.7885090097439302,704.5810688048878,1161.777056150775,26.596884045947277,42.77556897106156,1177.9557410758894,1.6718526699474638,13.298735791921183,-81.87345541783382
S2-000379,GS,GS|swing|2025-09-09T04:00:00Z,USD,2025-09-10T13:30:00Z,2025-09-23T20:00:00Z,objetivo,9,21.845145586335573,762.2409153442383,823.1920951461792,724.1307067871094,0.8514986376021798,0.8479606546256253,832.5230542560922,1331.4873964323162,34.634014931545465,0.0,1296.8533815007709,1.5577387014940802,708.8922464714682,1070.1370365567832,29.427193861414707,0.0,1040.7098426953685,1.468079031581361,14.713868143432887,-63.6226674898083
S2-000380,9988.HK,9988.HK|swing|2025-09-11T16:00:00Z,HKD,2025-09-15T01:30:00Z,2025-09-25T08:00:00Z,objetivo,8,396.2569139601775,150.47519389343262,176.4581614576067,134.1357203892299,0.10965152744577733,0.10938286189319857,6474.629346509455,10295.930542507014,129.54960246204894,0.0,10166.380940044965,1.57018732593948,709.9529974900169,1110.1786717613547,14.18652595125673,0.0,1095.992145810098,1.5437531071562376,7.093542293681955,-18.785838700170245
S2-000381,RRU.DE,RRU.DE|swing|2025-09-14T22:00:00Z,EUR,2025-09-16T07:00:00Z,2025-10-14T15:30:00Z,stop,20,1060.9323288849198,13.486739542007445,12.859995841911863,12.866429056440081,1.0,1.0,658.107448084719,-664.9326533563583,27.952103329376236,0.0,-692.8847566857345,-1.0528444233570482,658.107448084719,-664.9326533563583,27.952103329376236,0.0,-692.8847566857345,-1.0528444233570482,13.975888925494363,0.0
S2-000382,IQQK.DE,IQQK.DE|swing|2025-09-15T22:00:00Z,EUR,2025-09-17T07:00:00Z,2025-10-02T07:00:00Z,objetivo,11,304.8388859964171,46.738357652664185,49.51523091506958,45.66446386064802,1.0,1.0,327.3645872366757,846.4989518648971,29.34183671214543,0.0,817.1571151527517,2.4961683303941773,327.3645872366757,846.4989518648971,29.34183671214543,0.0,817.1571151527517,2.4961683303941773,14.671133648594147,0.0
S2-000383,ASML.AS,ASML.AS|swing|2025-09-17T22:00:00Z,EUR,2025-09-19T07:00:00Z,2025-10-02T15:30:00Z,objetivo,9,15.231724514475395,787.0933622131347,875.1246860689437,739.62502179827,1.0,1.0,723.0246843585571,1340.8688736162483,25.31844739442158,0.0,1315.5504262218267,1.819509699574003,723.0246843585571,1340.8688736162483,25.31844739442158,0.0,1315.5504262218267,1.819509699574003,12.659562079317297,0.0
S2-000384,INTC,INTC|swing|2025-09-18T04:00:00Z,USD,2025-09-19T13:30:00Z,2025-09-26T13:30:00Z,objetivo,5,312.3568652497922,30.395189160346984,35.00249045753479,27.65928622654506,0.8461668641056016,0.851861316977596,854.5780640300787,1439.1221904508843,20.42741420005178,0.0,1418.6947762508325,1.6601113882568586,723.1156405737678,1279.9964914333436,17.347259995918783,0.0,1262.6492314374248,1.746123525188247,8.673952165569954,62.25898047473438
S2-000385,TSM,TSM|swing|2025-09-23T04:00:00Z,USD,2025-09-24T13:30:00Z,2025-10-16T20:00:00Z,objetivo,16,51.6390183638508,280.45015255737303,311.0169037387031,263.73499243600025,0.8479606546256253,0.8584427847883939,863.1544604622753,1578.4370255759613,30.542778181685854,0.0,1547.8942473942755,1.7932992509420358,731.9210213366194,1506.801872887126,26.067423560422007,0.0,1480.734449326704,2.0230795484226105,13.034091739199763,168.3493793944095
S2-000386,1810.HK,1810.HK|swing|2025-09-24T16:00:00Z,HKD,2025-09-26T01:30:00Z,2025-09-26T08:00:00Z,stop,0,1727.1466009627638,59.0295,55.10993037850516,55.137499128069194,0.10952182770026067,0.10952182770026067,6722.056076899402,-6769.671349001715,197.13552921406125,0.0,-6966.806878215776,-1.0364101100193837,736.2118674456665,-741.4267790727566,21.59064346418212,0.0,-763.0174225369387,-1.0364101100193832,10.795139074180454,0.0
S2-000387,INTC,INTC|swing|2025-09-26T04:00:00Z,USD,2025-09-29T13:30:00Z,2025-10-28T20:00:00Z,objetivo,21,253.52812177070984,34.53726045799255,41.99595578314577,31.15535715648106,0.8567511994516792,0.8598452278589853,857.4075920423713,1890.9890166460686,19.403322566687386,0.0,1871.5856940793813,2.1828424560846336,734.5849829012777,1653.0497106379007,16.65676248483368,0.0,1636.392948153067,2.2276428000066875,8.328796587042653,32.942602476430565
S2-000388,LLY,LLY|swing|2025-10-01T04:00:00Z,USD,2025-10-02T13:30:00Z,2025-11-04T21:00:00Z,objetivo,23,19.5763734766236,814.7671653442383,907.8193868413653,770.1842891148159,0.8529512111907198,0.8702462796971543,872.7710357292568,1821.6250408572614,33.72199769139475,0.0,1787.9030431658666,2.048536179562785,744.4311120174486,1861.1219799951266,29.070583469706385,0.0,1832.0513965254202,2.4610086372672706,14.535760649287994,307.36469506058006
S2-000389,ABBV,ABBV|swing|2025-10-01T04:00:00Z,USD,2025-10-02T13:30:00Z,2025-10-06T13:30:00Z,stop,2,72.4259928187451,241.01044438934323,231.59415171051026,232.86927577427454,0.8529512111907198,0.8522243054371911,589.6322196511582,-681.9843459363591,34.22885708323392,0.0,-716.213203019593,-1.2146778604522723,502.9275159085279,-593.8920812823482,29.183352399415604,0.0,-623.0754336817638,-1.23889708550981,14.591531374568245,-12.192707402819003
S2-000390,AZN,AZN|swing|2025-10-01T04:00:00Z,USD,2025-10-02T13:30:00Z,2025-11-21T21:00:00Z,objetivo,36,104.59650507613303,166.88340305328367,183.72451765550886,158.65571812220983,0.8529512111907198,0.8680555555555556,860.587088657888,1761.5217289793852,36.672363158149665,0.0,1724.8493658212356,2.0042705596608372,734.038799605841,1792.7514085785665,31.569995889276512,0.0,1761.18141268929,2.3993028892137542,15.785450078850545,290.25931630682703
S2-000391,ASML.AS,ASML.AS|swing|2025-10-01T22:00:00Z,EUR,2025-10-03T07:00:00Z,2025-11-28T16:30:00Z,tiempo,40,12.93885573469625,869.6346122131347,902.9483244018555,811.9749864850726,1.0,1.0,746.0495790119759,431.0413159970511,22.935194894645587,20.702169175514,428.80829027791947,0.5747718413644948,746.0495790119759,431.0413159970511,22.935194894645587,20.702169175514,428.80829027791947,0.5747718413644948,11.467708074577011,0.0
S2-000392,AMAT,AMAT|swing|2025-10-02T04:00:00Z,USD,2025-10-03T13:30:00Z,2025-11-14T14:30:00Z,stop,30,59.67234472478879,220.01995866394043,203.64812500000002,205.3257053920201,0.8507742045261187,0.8606592649969877,876.8405467153857,-976.945702171554,25.281267937285314,0.0,-1002.2269701088393,-1.1429979759297706,745.9933186280293,-711.0353551314214,21.628775466254375,0.0,-732.6641305976758,-0.9821322956955332,10.81421267784042,120.1248474987929
S2-000393,EXSA.DE,EXSA.DE|swing|2025-10-02T22:00:00Z,EUR,2025-10-06T07:00:00Z,2025-11-13T08:00:00Z,objetivo,27,264.7460279770963,56.52825,58.12092652511597,55.46749864305769,1.0,1.0,280.82970842179213,421.6547838768169,30.3529140958694,0.0,391.3018697809475,1.3933777589984595,280.82970842179213,421.6547838768169,30.3529140958694,0.0,391.3018697809475,1.3933777589984595,15.176566255771558,0.0
S2-000394,VVSM.DE,VVSM.DE|swing|2025-10-05T22:00:00Z,EUR,2025-10-07T07:00:00Z,2025-10-29T08:00:00Z,objetivo,15,300.9613771269209,50.10504183197021,53.973000000000006,47.98678820473807,1.0,1.0,637.5125287558811,1164.1060169195691,31.323470798423042,0.0,1132.7825461211462,1.776878876924654,637.5125287558811,1164.1060169195691,31.323470798423042,0.0,1132.7825461211462,1.776878876924654,15.662030341220582,0.0
S2-000395,MC.PA,MC.PA|swing|2025-10-06T22:00:00Z,EUR,2025-10-08T07:00:00Z,2025-10-20T15:30:00Z,objetivo,8,23.549552888392856,555.9778622131347,613.291392301832,524.2678724016462,1.0,1.0,746.7560821560477,1349.7080080442736,27.5357681499719,0.0,1322.1722398943016,1.7705543637179384,746.7560821560477,1349.7080080442736,27.5357681499719,0.0,1322.1722398943016,1.7705543637179384,13.768224944040934,0.0
S2-000396,IQQK.DE,IQQK.DE|swing|2025-10-06T22:00:00Z,EUR,2025-10-08T07:00:00Z,2025-10-20T07:00:00Z,objetivo,8,300.59721828597145,49.68482984733581,53.8130801525116,48.55017825535366,1.0,1.0,341.073112273585,1240.940558124055,31.11118384436596,0.0,1209.829374279689,3.547126204745358,341.073112273585,1240.940558124055,31.11118384436596,0.0,1209.829374279689,3.547126204745358,15.555906046296407,0.0
S2-000397,7011.T,7011.T|swing|2025-10-15T15:00:00Z,JPY,2025-10-17T00:00:00Z,2025-11-19T06:30:00Z,stop,22,369.20253294328546,4213.1055,3848.217785714286,3850.1428571428573,0.005674402769108551,0.005557408024897188,134006.72710664605,-134717.46835417132,2976.260975960403,0.0,-137693.72933013173,-1.0275135607226007,760.4081433731263,-930.6640033951295,16.722280695660505,0.0,-947.38628409079,-1.2458918178969514,8.360909772055882,-166.22282791892536
S2-000398,Q8Y0.DE,Q8Y0.DE|swing|2025-10-15T22:00:00Z,EUR,2025-10-17T07:00:00Z,2025-10-22T15:30:00Z,stop,3,738.4509631125476,20.615302042007446,20.321263290166858,20.33142900466919,1.0,1.0,209.62631782411987,-217.13319948909393,30.229646096063842,0.0,-247.36284558515777,-1.1800180824275104,209.62631782411987,-217.13319948909393,30.229646096063842,0.0,-247.36284558515777,-1.1800180824275104,15.114772543423001,0.0
S2-000399,IQQK.DE,IQQK.DE|swing|2025-10-19T22:00:00Z,EUR,2025-10-21T07:00:00Z,2025-10-31T08:00:00Z,objetivo,7,285.5023257953456,53.786878320693965,59.14041316986084,51.32017585209438,1.0,1.0,704.2492918303021,1528.446650663578,32.241004366322336,0.0,1496.2056462972557,2.124539795288549,704.2492918303021,1528.446650663578,32.241004366322336,0.0,1496.2056462972557,2.124539795288549,16.120888325043936,0.0
S2-000400,IQQT.DE,IQQT.DE|swing|2025-10-19T22:00:00Z,EUR,2025-10-21T07:00:00Z,2025-11-14T16:30:00Z,stop,17,150.89072327328773,101.77086122131347,96.99933362824576,97.04785755702427,1.0,1.0,712.6574389269848,-719.9792496364354,29.992578466022326,0.0,-749.9718281024577,-1.0523595028091695,712.6574389269848,-719.9792496364354,29.992578466022326,0.0,-749.9718281024577,-1.0523595028091695,14.996112987224915,0.0
S2-000401,7203.T,7203.T|swing|2025-10-21T15:00:00Z,JPY,2025-10-23T00:00:00Z,2025-12-16T00:00:00Z,objetivo,36,742.1047947482796,3101.5499999999997,3378.3100000000004,2921.6785714285716,0.005684402000909505,0.005484861781483107,133483.44958107953,205384.92299453437,4808.735175297587,0.0,200576.18781923677,1.5026296402192114,758.7735878869915,667.231154905015,26.834524539983764,0.0,640.3966303650312,0.8439890905380448,13.417432432135936,-500.2593123217607
S2-000402,CRWD,CRWD|swing|2025-10-28T04:00:00Z,USD,2025-10-29T13:30:00Z,2025-11-20T21:00:00Z,stop,16,103.4965293671804,135.317625,126.4788734306608,126.54214450291225,0.8598452278589853,0.8685079034219212,908.2317749779603,-914.7801113653259,27.095028988053883,0.0,-941.8751403533797,-1.0370427090334247,780.938757504695,-673.1738122099528,23.410926875166837,0.0,-696.5847390851196,-0.8919838238159562,11.705298070453946,113.39550108783466
S2-000403,Q8Y0.DE,Q8Y0.DE|swing|2025-10-28T23:00:00Z,EUR,2025-10-30T08:00:00Z,2025-11-21T08:00:00Z,stop,16,635.1335535871597,21.870930610656735,20.444772423744205,20.629285539899552,1.0,1.0,788.6104460839902,-905.8009172311764,26.876122840778027,0.0,-932.6770400719545,-1.182684105572475,788.6104460839902,-905.8009172311764,26.876122840778027,0.0,-932.6770400719545,-1.182684105572475,13.437838329615605,0.0
S2-000404,AMD,AMD|swing|2025-10-29T04:00:00Z,USD,2025-10-30T13:30:00Z,2025-11-07T14:30:00Z,stop,6,36.71970808219251,260.04997343444825,230.82453244018555,235.06213051932198,0.8594018563080097,0.8670770831526923,917.5462974471188,-1073.1496618826684,18.024768560707045,0.0,-1091.1744304433755,-1.1892309232562333,788.5409912745952,-857.2130513017356,15.555573320810431,0.0,-872.7686246225461,-1.106814527437319,7.777574301536044,65.05376021654271
S2-000405,MRVL,MRVL|swing|2025-10-31T04:00:00Z,USD,2025-11-03T14:30:00Z,2025-11-14T21:00:00Z,stop,9,98.7819570851262,93.43669438934326,84.12469871561869,84.16678210667202,0.8655011251514627,0.8585164835164835,915.7000772897148,-919.857157018741,17.539861913669576,0.0,-937.3970189324106,-1.0236943756812975,792.5394471955295,-854.1797929767743,15.122727832683875,0.0,-869.3025208094581,-1.0968571014169217,7.561152261680576,-58.04238859842829
S2-000406,6501.T,6501.T|swing|2025-11-05T15:00:00Z,JPY,2025-11-07T00:00:00Z,2026-01-08T06:30:00Z,tiempo,40,316.4860903819131,5130.563999999999,5085.456,4686.714285714285,0.005644933672029354,0.005467169646274124,140472.2607914148,-14276.054564947102,3233.2282290634316,0.0,-17509.282794010534,-0.12464583893904728,792.9565949275461,-366.69432974359876,17.965251950969797,0.0,-384.65958169456854,-0.48509538120395557,8.982536547535297,-286.106948626201
S2-000407,APP,APP|swing|2025-11-06T05:00:00Z,USD,2025-11-07T14:30:00Z,2025-11-13T21:00:00Z,stop,4,13.46409484160258,614.307,546.3946935915267,546.6680276053293,0.8670770831526923,0.8606592649969877,910.6975393103859,-914.3777343956598,15.627797685325053,0.0,-930.0055320809848,-1.021201323092648,789.6449660195836,-840.0500056863452,13.503291206245253,0.0,-853.5532968925905,-1.0809329934630671,6.751437278479762,-47.21402684678992
S2-000408,6758.T,6758.T|swing|2025-11-11T15:00:00Z,JPY,2025-11-13T00:00:00Z,2025-11-19T06:30:00Z,stop,4,484.87139709362697,4652.325,4358.284053571429,4360.464285714285,0.0055806685640939786,0.005557408024897188,141514.9122924583,-142572.04449755367,4368.986600469663,0.0,-146941.03109802332,-1.0383430884962235,789.7478223810385,-844.8016675666439,24.332711837468327,0.0,-869.1343794041122,-1.100521400342363,12.166147759852706,-49.15434072053713
S2-000409,ALV.DE,ALV.DE|swing|2025-11-13T23:00:00Z,EUR,2025-11-17T08:00:00Z,2025-12-19T16:30:00Z,objetivo,24,41.942773990229064,365.5826938934326,388.4860181625911,353.5464379446847,1.0,1.0,504.8339629468812,960.6289534462445,31.62773356286892,0.0,929.0012198833756,1.8402114122047004,504.8339629468812,960.6289534462445,31.62773356286892,0.0,929.0012198833756,1.8402114122047004,15.814110892198187,0.0
S2-000410,TTE.PA,TTE.PA|swing|2025-11-20T23:00:00Z,EUR,2025-11-24T08:00:00Z,2026-01-07T16:30:00Z,stop,29,268.0297921469973,55.82789923667907,53.449513748713905,53.476251874651226,1.0,1.0,630.3115536473584,-637.4781679847389,29.289602288836463,227.8253233249477,-438.94244694862766,-0.6963896574775521,630.3115536473584,-637.4781679847389,29.289602288836463,227.8253233249477,-438.94244694862766,-0.6963896574775521,14.644645436035276,0.0
S2-000411,DBK.DE,DBK.DE|swing|2025-11-23T23:00:00Z,EUR,2025-11-25T08:00:00Z,2025-12-22T16:30:00Z,objetivo,19,498.3819297836842,29.494739542007444,33.0839861123051,27.991963829313004,1.0,1.0,748.9562597247065,1788.8156321744145,31.18810605500003,0.0,1757.6275261194146,2.3467692582814714,748.9562597247065,1788.8156321744145,31.18810605500003,0.0,1757.6275261194146,2.3467692582814714,15.594504130031197,0.0
S2-000412,GOOGL,GOOGL|swing|2025-11-25T05:00:00Z,USD,2025-11-26T14:30:00Z,2026-01-27T21:00:00Z,tiempo,40,31.40781672380293,320.84033267211913,334.3827127990723,293.1025052751814,0.8657259111765215,0.8382932349735938,871.1845991995004,425.336593031416,20.579125325371173,6.595641511998616,411.3531092180434,0.47217674600310966,754.2070809449402,80.12060824670728,17.527777722210658,5.659066076360888,68.2518966008575,0.09049490295867448,8.76391108223417,-288.1043013121327
S2-000413,INTC,INTC|swing|2025-12-02T05:00:00Z,USD,2025-12-03T14:30:00Z,2025-12-12T21:00:00Z,stop,7,183.45335027461127,43.41169438934326,38.59712084191187,38.61642905644008,0.8610297916307904,0.8524422470377632,879.707490776787,-883.2496474198092,15.044791906225324,0.0,-898.2944393260345,-1.0211285555075076,757.4543574795824,-821.3106977026135,12.893207602319027,0.0,-834.2039053049326,-1.1013256403735443,6.446400085084316,-60.806437826766036
S2-000414,VRTX,VRTX|swing|2025-12-03T05:00:00Z,USD,2025-12-04T14:30:00Z,2025-12-10T21:00:00Z,stop,4,32.827637010089546,462.231,435.0516470189776,435.26928165980746,0.8570449091532396,0.8595495960116899,885.0895028401145,-892.2339338300992,29.455669031791302,0.0,-921.6896028618905,-1.0413518631780538,758.5614525540919,-728.9133205018234,25.2806024196605,0.0,-754.1939229214838,-0.9942423522604497,12.640122141529993,35.77123026103058
S2-000415,MRVL,MRVL|swing|2025-12-03T05:00:00Z,USD,2025-12-04T14:30:00Z,2025-12-12T21:00:00Z,stop,6,70.20104641971169,99.45970866394042,86.80835813290733,86.85178402491978,0.8570449091532396,0.8524422470377632,885.0895028401145,-888.1380459010979,13.076213203715467,0.0,-901.2142591048134,-1.018218221109794,758.5614525540919,-789.2229867595686,11.178853161351988,0.0,-800.4018399209206,-1.0551575448844008,5.589230672235727,-28.04879589472587
S2-000416,AVGO,AVGO|swing|2025-12-08T05:00:00Z,USD,2025-12-09T14:30:00Z,2025-12-12T21:00:00Z,stop,3,21.245712965308552,398.949375,357.56220742906845,357.7410779680525,0.858000858000858,0.8524422470377632,875.4996505299329,-879.2998826591376,16.07262793521935,0.0,-895.3725105943569,-1.0226988783518018,751.1794513341338,-796.6669537010229,13.748101658807332,0.0,-810.4150553598301,-1.0788567950314547,6.873853381128177,-42.226899939428826
S2-000417,TSM,TSM|swing|2025-12-08T05:00:00Z,USD,2025-12-09T14:30:00Z,2025-12-17T21:00:00Z,stop,6,41.25477842555383,300.1399852294922,278.77875051607407,278.9182096208845,0.858000858000858,0.8530967411704488,875.4996505299329,-881.2530049983137,23.883164169585086,34.44773998533745,-870.6884291825613,-0.9945045993513997,751.1794513341338,-812.5178642413022,20.43537331944244,29.407324556374807,-803.5459130043698,-1.0697123191765037,10.217486084626998,-56.402029836914274
S2-000418,AVGO,AVGO|swing|2025-12-17T05:00:00Z,USD,2025-12-18T14:30:00Z,2026-01-23T21:00:00Z,stop,23,45.57555949386353,336.168,316.89434526824954,317.05287170410156,0.8530967411704488,0.8516436722875149,871.1826668825537,-878.4075978910778,29.763681769975154,29.624113671011294,-878.5471659900417,-1.0084534499909659,743.2030940816871,-770.3528057174755,25.37031377666286,25.22274471776185,-770.5003747763765,-1.0367292344610302,12.684967471371111,-20.98614653723394
S2-000419,INFY,INFY|swing|2025-12-18T05:00:00Z,USD,2025-12-19T14:30:00Z,2025-12-19T21:00:00Z,objetivo,0,916.6082095092104,19.089539923667907,20.602728582297054,18.224643775394984,0.8533151292772422,0.8538251366120219,792.7709098798563,1387.0011470357065,36.38225916661136,0.0,1350.618887869095,1.7036685769332531,676.4834114513665,1193.1803629850385,31.05516348404969,0.0,1162.1251995009889,1.7178916435034208,15.527883919084008,9.631299894581598
S2-000420,ALV.DE,ALV.DE|swing|2025-12-18T23:00:00Z,EUR,2025-12-22T08:00:00Z,2026-01-12T16:30:00Z,stop,10,39.03226857414612,387.99388778686523,376.5616260893686,376.7500010899135,1.0,1.0,438.8744053726888,-446.2271089866126,29.84233615746146,0.0,-476.06944514407405,-1.0847509887021083,438.8744053726888,-446.2271089866126,29.84233615746146,0.0,-476.06944514407405,-1.0847509887021083,14.921060252216495,0.0
S2-000421,VRTX,VRTX|swing|2025-12-19T05:00:00Z,USD,2025-12-22T14:30:00Z,2026-02-13T21:00:00Z,objetivo,36,32.345374920931114,454.56716633605953,499.5224510637011,427.15179552350725,0.8538251366120219,0.8430281571404485,886.7604475283555,1454.0955391927755,30.86038638296298,0.0,1423.2351528098125,1.6049826723516583,757.1383602530358,1067.093923424181,26.174924220359124,0.0,1040.9189992038218,1.3748068435681247,13.087732155591123,-174.44939897402142
S2-000422,MU,MU|swing|2025-12-22T05:00:00Z,USD,2025-12-23T14:30:00Z,2026-01-06T21:00:00Z,objetivo,8,23.31741047387888,276.05797343444823,334.5556538688115,237.8346503121512,0.8514261387824605,0.8541898009737763,891.2689149183052,1364.0144264578412,14.237928588774203,2.6815022044960712,1352.4580000735632,1.517452227308445,758.8496508457259,1182.9167863737025,12.144103812611558,2.2790261809417567,1173.0517087420328,1.5458288838041703,6.072349153588663,21.559250011129755
S2-000423,EUNH.DE,EUNH.DE|swing|2026-01-01T23:00:00Z,EUR,2026-01-05T08:00:00Z,2026-01-15T08:00:00Z,stop,8,138.78259709483362,110.31012475204467,109.67013597488403,109.83267947605678,1.0,1.0,66.26109537225895,-88.81930460590019,30.529431893281796,196.79372268047408,77.4449861812921,1.1687851784852235,66.26109537225895,-88.81930460590019,30.529431893281796,196.79372268047408,77.4449861812921,1.1687851784852235,15.264697557988331,0.0
S2-000424,ASML.AS,ASML.AS|swing|2026-01-04T23:00:00Z,EUR,2026-01-06T08:00:00Z,2026-01-15T16:30:00Z,objetivo,7,12.152022579821368,1045.5225,1159.0665957706997,982.2356392996652,1.0,1.0,769.0633602364786,1379.7904156109419,26.790216471033517,0.0,1353.0001991399083,1.7592831346481979,769.0633602364786,1379.7904156109419,26.790216471033517,0.0,1353.0001991399083,1.7592831346481979,13.395456531985136,0.0
S2-000425,VVSM.DE,VVSM.DE|swing|2026-01-04T23:00:00Z,EUR,2026-01-06T08:00:00Z,2026-01-22T08:00:00Z,objetivo,12,245.88135477029033,56.30813877868652,61.49923377990723,53.18035643441336,1.0,1.0,769.0633602364786,1276.39347164143,28.966636366635356,0.0,1247.4268352747947,1.6220078861788767,769.0633602364786,1276.39347164143,28.966636366635356,0.0,1247.4268352747947,1.6220078861788767,14.483640902594235,0.0
S2-000426,SXR8.DE,SXR8.DE|swing|2026-01-04T23:00:00Z,EUR,2026-01-06T08:00:00Z,2026-01-29T16:30:00Z,stop,17,24.365379547277485,631.2755019836426,617.0941044703892,617.4028058733259,1.0,1.0,338.01350607190705,-345.53513292123586,30.416999276537908,0.0,-375.9521321977738,-1.1122399710199624,338.01350607190705,-345.53513292123586,30.416999276537908,0.0,-375.9521321977738,-1.1122399710199624,15.20841705659014,0.0
S2-000427,7203.T,7203.T|swing|2026-01-05T15:00:00Z,JPY,2026-01-07T00:00:00Z,2026-01-15T06:30:00Z,objetivo,5,846.2698199198102,3351.6749999999997,3662.881928571429,3271.8571428571427,0.005460303592879765,0.005410669840926307,67547.44359067078,263365.0313999406,5936.2078287593995,0.0,257428.82357118122,3.8110816618193324,368.8295489279829,1284.1989964127183,32.25964290467667,0.0,1251.9393535080417,3.394357521372273,16.130146534621403,-153.8540307792699
S2-000428,6758.T,6758.T|swing|2026-01-06T15:00:00Z,JPY,2026-01-08T00:00:00Z,2026-01-08T06:30:00Z,stop,0,711.1450390757142,3971.9849999999997,3924.8937142857144,3926.8571428571427,0.005467169646274124,0.005467169646274124,32092.451731260295,-33488.734219411024,5615.82612184689,0.0,-39104.560341257915,-1.2184971303755934,175.45487797966373,-183.0885912165047,30.702674112114643,0.0,-213.79126532861935,-1.2184971303755887,15.351295121730843,0.0
S2-000429,ZPRR.DE,ZPRR.DE|swing|2026-01-06T23:00:00Z,EUR,2026-01-08T08:00:00Z,2026-01-15T16:30:00Z,objetivo,5,240.57705783006926,63.891930610656736,67.16585886979104,61.90035533905029,1.0,1.0,479.1273192901992,787.6320281292508,31.52949739891873,0.0,756.1025307303321,1.578082693866124,479.1273192901992,787.6320281292508,31.52949739891873,0.0,756.1025307303321,1.578082693866124,15.76494954870169,0.0
S2-000430,INTC,INTC|swing|2026-01-09T05:00:00Z,USD,2026-01-12T14:30:00Z,2026-01-21T21:00:00Z,objetivo,6,243.30467531724298,44.26212167930603,53.010088280984334,40.55892767224993,0.8589589417625838,0.851861316977596,901.0044155235439,2128.421173707426,23.666783461779133,0.0,2104.754390245647,2.336008962866895,773.9257992815186,1736.6840571154767,20.237252935376695,0.0,1716.4468041801,2.2178441470404264,10.11906316846721,-91.54234187733036
S2-000431,EUNN.DE,EUNN.DE|swing|2026-01-11T23:00:00Z,EUR,2026-01-13T08:00:00Z,2026-01-28T16:30:00Z,stop,11,252.1204467516769,61.770871679306026,60.740689847264974,60.77107538495745,1.0,1.0,252.06908839183438,-259.72990372965097,30.88766962432463,0.0,-290.6175733539756,-1.1529282515681523,252.06908839183438,-259.72990372965097,30.88766962432463,0.0,-290.6175733539756,-1.1529282515681523,15.443773740627705,0.0
S2-000432,XOM,XOM|swing|2026-01-14T05:00:00Z,USD,2026-01-15T14:30:00Z,2026-01-29T21:00:00Z,objetivo,9,140.73094341560366,129.1945698852539,140.42082848010745,123.33927890232631,0.8582954252853832,0.8355614973262031,824.0206240002783,1579.8819630812668,37.943229371331114,0.0,1541.9387337099356,1.8712380355536038,707.2531319202457,906.7476785039505,32.117242407067884,0.0,874.6304360968826,1.2366582721552535,16.058851905167543,-449.2577828995918
S2-000433,INFY,INFY|swing|2026-01-14T05:00:00Z,USD,2026-01-15T14:30:00Z,2026-01-21T21:00:00Z,stop,3,961.0041013779642,18.919454847335814,18.089165859426775,18.098214966910227,0.8582954252853832,0.851861316977596,789.214893304138,-797.9111227095458,35.5654362855403,0.0,-833.4765589950861,-1.0560831607037238,677.3795324900334,-796.6924776516119,30.413802250912326,0.0,-827.1062799025242,-1.2210381923736289,15.206705754009786,-111.8490112456836
S2-000434,7203.T,7203.T|swing|2026-01-14T15:00:00Z,JPY,2026-01-16T00:00:00Z,2026-01-21T06:30:00Z,stop,3,793.0468402741056,3676.8374999999996,3496.893535714286,3498.6428571428573,0.005425641582117086,0.005400151204233718,141316.69847162944,-142703.9923031818,5689.104730849502,0.0,-148393.0970340313,-1.0500747515257194,766.7337554751747,-844.9506399333278,30.79635326735702,0.0,-875.7469932006849,-1.1421787379870219,15.397969245509238,-70.68992535906676
S2-000435,GS,GS|swing|2026-01-15T05:00:00Z,USD,2026-01-16T14:30:00Z,2026-01-23T21:00:00Z,stop,4,17.090171714376055,973.4865,919.2393996429444,919.6992492675781,0.8602890571231934,0.8516436722875149,919.2333510612887,-927.092260109071,32.34701063314482,0.0,-959.4392707422159,-1.0437385345456711,790.8063928607094,-933.3859692356926,27.691960635421818,0.0,-961.0779298711144,-1.2153138094830707,13.845750432655489,-135.81864292024898
S2-000436,INTC,INTC|swing|2026-01-21T05:00:00Z,USD,2026-01-22T14:30:00Z,2026-01-23T21:00:00Z,stop,1,121.51065822087455,54.23710408401489,46.6552332322257,46.678572518484934,0.851861316977596,0.8516436722875149,918.442145710802,-921.2781177465673,12.259494316738898,0.0,-933.5376120633063,-1.0164359469162008,782.385335812933,-786.0350419615827,10.4421551228612,0.0,-796.4771970844439,-1.0180114077123759,5.220882357889625,-1.2338512753512112
S2-000437,8035.T,8035.T|swing|2026-01-21T15:00:00Z,JPY,2026-01-23T00:00:00Z,2026-03-09T00:00:00Z,stop,29,36.30067849234108,42331.155,38270.855,38312.5,0.005379814934366258,0.005477351152982418,145879.90312663888,-147391.64488245232,2925.9076508464605,0.0,-150317.5525332988,-1.0304198817763648,784.8068814645948,-657.4368000463232,15.876344648893387,0.0,-673.3131446952166,-0.8579348124964065,7.938009949748304,135.50297229310195
S2-000438,EXV1.DE,EXV1.DE|swing|2026-01-21T23:00:00Z,EUR,2026-01-23T08:00:00Z,2026-02-13T16:30:00Z,stop,15,434.58658167282493,36.08803469467163,34.90343376697813,34.92089421408517,1.0,1.0,507.22359179004513,-514.8116678127733,30.851939606682528,0.0,-545.6636074194558,-1.0757851492943218,507.22359179004513,-514.8116678127733,30.851939606682528,0.0,-545.6636074194558,-1.0757851492943218,15.425844956883296,0.0
S2-000439,ENR.DE,ENR.DE|swing|2026-01-22T23:00:00Z,EUR,2026-01-26T08:00:00Z,2026-02-11T16:30:00Z,objetivo,12,69.90635775141733,140.82037499999998,159.65673924779892,129.7589282989502,1.0,1.0,773.2654503318216,1316.7816178426397,21.005260644720128,0.0,1295.7763571979194,1.6757199699558274,773.2654503318216,1316.7816178426397,21.005260644720128,0.0,1295.7763571979194,1.6757199699558274,10.50296214350363,0.0
S2-000440,6857.T,6857.T|swing|2026-01-28T15:00:00Z,JPY,2026-01-30T00:00:00Z,2026-02-06T00:00:00Z,stop,5,65.003761611919,25782.885,23388.300000000003,23596.60714285714,0.0054501853063004145,0.005402193290475933,142116.2846431314,-155657.03249947677,3196.3119879155674,0.0,-158853.34448739234,-1.117770175925225,774.560086348002,-921.3232517195322,17.347529050520734,0.0,-938.6707807700529,-1.2118760020230603,8.673536362829939,-72.9635803685588
S2-000441,EXH1.DE,EXH1.DE|swing|2026-01-28T23:00:00Z,EUR,2026-01-30T08:00:00Z,2026-02-19T08:00:00Z,objetivo,14,350.6870315458073,44.142058931350704,47.12142795753479,42.55642768314907,1.0,1.0,556.0603155581051,1044.8260796720206,32.00492130558296,0.0,1012.8211583664377,1.8214231982188696,556.0603155581051,1044.8260796720206,32.00492130558296,0.0,1012.8211583664377,1.8214231982188696,16.00272585999079,0.0
S2-000442,META,META|swing|2026-01-29T05:00:00Z,USD,2026-01-30T14:30:00Z,2026-02-04T21:00:00Z,stop,3,21.315370886430802,727.86375,684.0677659792219,684.4099709647043,0.8355614973262031,0.8460236886632826,926.2334165543397,-933.5276427390813,30.095843929337615,0.0,-963.623486668419,-1.040367869962167,773.9249804097088,-627.4688885510568,25.299479283304468,0.0,-652.7683678343612,-0.8434517354495931,12.649585936826035,152.55086641141156
S2-000443,AMD,AMD|swing|2026-02-03T05:00:00Z,USD,2026-02-04T14:30:00Z,2026-02-04T21:00:00Z,stop,0,85.53854819715991,215.1075,209.85503270203725,209.96001270839145,0.8473858147614609,0.8460236886632826,440.30858978752536,-449.288427120792,36.35067808552036,0.0,-485.63910520631237,-1.1029516944937676,373.11125310357204,-405.17174978593613,30.77859785672296,0.0,-435.9503476426591,-1.168419188690735,15.38920148272356,-24.451109907287606
S2-000444,Q8Y0.DE,Q8Y0.DE|swing|2026-02-03T23:00:00Z,EUR,2026-02-05T08:00:00Z,2026-03-09T08:00:00Z,stop,21,636.9716090218834,23.326658034324645,21.88904961872101,22.115892818995885,1.0,1.0,771.2230673556871,-915.7157456304474,28.80112205682358,0.0,-944.516867687271,-1.2246999703027048,771.2230673556871,-915.7157456304474,28.80112205682358,0.0,-944.516867687271,-1.2246999703027048,14.400335699557061,0.0
S2-000445,R6C0.DE,R6C0.DE|swing|2026-02-03T23:00:00Z,EUR,2026-02-05T08:00:00Z,2026-02-06T16:30:00Z,stop,1,470.59687913643666,32.776378320693965,31.72698561896597,31.74285704748971,1.0,1.0,486.3718856910386,-493.84093042174834,30.35508176380573,0.0,-524.1960121855541,-1.077767913005035,486.3718856910386,-493.84093042174834,30.35508176380573,0.0,-524.1960121855541,-1.077767913005035,15.177421216021772,0.0
S2-000446,LLY,LLY|swing|2026-02-04T05:00:00Z,USD,2026-02-05T14:30:00Z,2026-02-05T21:00:00Z,stop,0,16.20787064564265,1066.0327499999999,1009.2954974016462,1009.8003976004464,0.8460236886632826,0.8476012883539583,911.4066937921547,-919.5900509032679,33.63665178113415,0.0,-953.226702684402,-1.0458851237072264,771.0716529544455,-752.1877536905226,28.483211427390202,0.0,-780.6709651179128,-1.0124493127541214,14.241421227109822,25.807213232715398
S2-000447,7203.T,7203.T|swing|2026-02-04T15:00:00Z,JPY,2026-02-06T00:00:00Z,2026-03-09T00:00:00Z,stop,19,624.732949900588,3670.8345,3297.3505,3447.0714285714284,0.005402193290475933,0.005477351152982418,139792.16369238743,-233327.76106067115,4353.254770503028,0.0,-237681.01583117418,-1.7002456328967845,755.1842887601287,-1105.6592114275177,23.67194616680002,0.0,-1129.3311575943178,-1.495437834715111,11.835699627521802,154.82245385621093
S2-000448,OR.PA,OR.PA|swing|2026-02-04T23:00:00Z,EUR,2026-02-06T08:00:00Z,2026-02-13T08:00:00Z,stop,5,38.457127294573525,394.197,369.31525000000005,375.47679901123047,1.0,1.0,719.9251524051111,-956.880627061753,29.36248778921625,0.0,-986.2431148509693,-1.3699245144528547,719.9251524051111,-956.880627061753,29.36248778921625,0.0,-986.2431148509693,-1.3699245144528547,14.681008344701677,0.0
S2-000449,CAT,CAT|swing|2026-02-06T05:00:00Z,USD,2026-02-09T14:30:00Z,2026-04-08T20:00:00Z,tiempo,40,13.824881991979966,724.8622499999999,771.1942270812989,659.7303401402065,0.8478887569950823,0.8542627712284298,900.4409677239199,640.5341156040789,20.682804248986237,0.0,619.8513113550927,0.6883863946371912,763.4737728708834,611.059306211679,17.60467481696474,0.0,593.4546313947143,0.7773084714660888,8.802492373930146,67.95763111919165
S2-000450,7011.T,7011.T|swing|2026-02-09T15:00:00Z,JPY,2026-02-12T00:00:00Z,2026-02-25T06:30:00Z,stop,8,375.2103563065124,5033.5154999999995,4656.099357142857,4658.428571428572,0.005470758794244762,0.0054487004849343434,140736.50011520085,-141610.445437258,3635.6438430214475,0.0,-145246.08928027944,-1.0320427832252985,769.935445676464,-813.2528244452187,19.851194292238983,0.0,-833.1040187374577,-1.0820439861753526,9.925396314261794,-38.53623471242238
S2-000451,AZN,AZN|swing|2026-02-11T05:00:00Z,USD,2026-02-12T14:30:00Z,2026-03-09T13:30:00Z,stop,16,79.19158272385936,202.62126427459717,190.23483683013916,191.06357192993164,0.8403361344537815,0.8649770781074302,915.271949409496,-980.9007936208782,31.110896429208584,170.4994776044692,-841.5122124456175,-0.9194122173071447,769.1360919407529,-453.0706188234174,26.514826207083694,145.06889951882005,-334.51654551168104,-0.4349250399465705,13.257303150212916,371.2157623705983
S2-000452,SAF.PA,SAF.PA|swing|2026-02-12T23:00:00Z,EUR,2026-02-16T08:00:00Z,2026-03-09T08:00:00Z,stop,15,39.74699779838607,330.86536221313474,307.04641220092776,311.6035624912807,1.0,1.0,765.5987111374867,-946.7317536950587,25.355077893200296,0.0,-972.086831588259,-1.2697080303909902,765.5987111374867,-946.7317536950587,25.355077893200296,0.0,-972.086831588259,-1.2697080303909902,12.677305432986165,0.0
S2-000453,AMAT,AMAT|swing|2026-02-13T05:00:00Z,USD,2026-02-17T14:30:00Z,2026-04-15T20:00:00Z,tiempo,40,19.832996538263295,351.1755,394.0628797607422,305.2707214355469,0.8435259384226065,0.8488964346349746,910.4293143585419,850.5852543299832,14.780310205975747,9.123178407601117,844.9281225316086,0.9280546102878033,767.9707417617392,759.4635572998766,12.509547869105667,7.762425259594246,754.7164346903652,0.9827411301621096,6.254965364183422,41.97283243274659
S2-000454,BSP.DE,BSP.DE|swing|2026-02-17T23:00:00Z,EUR,2026-02-19T08:00:00Z,2026-03-12T16:30:00Z,objetivo,15,530.0367300906436,24.102045152664182,26.541188061237335,22.63035774230957,1.0,1.0,780.0483826999256,1292.8353314838957,26.842773733914235,0.0,1265.9925577499814,1.6229667105623526,780.0483826999256,1292.8353314838957,26.842773733914235,0.0,1265.9925577499814,1.6229667105623526,13.421713431217052,0.0
S2-000455,IQQK.DE,IQQK.DE|swing|2026-02-19T23:00:00Z,EUR,2026-02-23T08:00:00Z,2026-03-03T16:30:00Z,stop,6,135.7145620258572,86.23309744262694,80.4522540550232,80.49250030517578,1.0,1.0,779.0826262760738,-784.544628488714,22.62162947462965,0.0,-807.1662579633437,-1.0360470516734617,779.0826262760738,-784.544628488714,22.62162947462965,0.0,-807.1662579633437,-1.0360470516734617,11.310621428810158,0.0
S2-000456,LLY,LLY|swing|2026-02-23T05:00:00Z,USD,2026-02-24T14:30:00Z,2026-03-17T20:00:00Z,stop,15,11.72376786905674,1043.471426147461,964.92854271916,965.4112483433315,0.8486082824168365,0.8672274737663689,915.1594043929091,-920.8185330797846,23.546015023213048,0.0,-944.3645481029977,-1.0319126302695456,776.6118502994817,-570.782802389148,20.191974797995133,0.0,-590.9747771871431,-0.7609654384738629,10.095847227258188,210.63143138527983
S2-000457,RRU.DE,RRU.DE|swing|2026-02-25T23:00:00Z,EUR,2026-02-27T08:00:00Z,2026-03-02T16:30:00Z,stop,1,991.3473788832214,15.687840305328368,14.986075278776033,14.993572064808436,1.0,1.0,688.2610004813006,-695.692919664572,30.408505814387098,0.0,-726.1014254789591,-1.0549797605431612,688.2610004813006,-695.692919664572,30.408505814387098,0.0,-726.1014254789591,-1.0549797605431612,15.204082784982692,0.0
S2-000458,MUV2.DE,MUV2.DE|swing|2026-02-26T23:00:00Z,EUR,2026-03-02T08:00:00Z,2026-03-03T16:30:00Z,stop,1,28.546999605008462,545.6727244262695,530.0491085270473,530.3142656598773,1.0,1.0,438.4379163377378,-446.0073569038989,30.708630740417313,0.0,-476.7159876443162,-1.0873055679725747,438.4379163377378,-446.0073569038989,30.708630740417313,0.0,-476.7159876443162,-1.0873055679725747,15.354207706920038,0.0
S2-000459,EUNL.DE,EUNL.DE|swing|2026-03-01T23:00:00Z,EUR,2026-03-03T08:00:00Z,2026-03-09T08:00:00Z,stop,3,136.04780938717755,113.27160383605957,110.36979055023194,111.1112540108817,1.0,1.0,293.9108612254218,-394.7853407874566,30.42592179454879,0.0,-425.2112625820054,-1.446735451725548,293.9108612254218,-394.7853407874566,30.42592179454879,0.0,-425.2112625820054,-1.446735451725548,15.21286600415463,0.0
S2-000460,R6C0.DE,R6C0.DE|swing|2026-03-08T23:00:00Z,EUR,2026-03-10T08:00:00Z,2026-03-17T16:30:00Z,objetivo,5,405.63148789760595,36.11804847335815,39.97098601995196,35.12267848423549,1.0,1.0,403.7534096964475,1562.8727898013976,30.864108274213642,0.0,1532.008681527184,3.7944167027072013,403.7534096964475,1562.8727898013976,30.864108274213642,0.0,1532.008681527184,3.7944167027072013,15.432448713413159,0.0
S2-000461,EXH1.DE,EXH1.DE|swing|2026-03-09T23:00:00Z,EUR,2026-03-11T08:00:00Z,2026-03-17T16:30:00Z,objetivo,4,295.27055445796987,49.66481938934326,52.94548096435411,47.61035714830671,1.0,1.0,606.6222050238243,968.6827622424114,30.297800278535043,0.0,938.3849619638763,1.546901768831595,606.6222050238243,968.6827622424114,30.297800278535043,0.0,938.3849619638763,1.546901768831595,15.149146097242612,0.0
S2-000462,VRTX,VRTX|swing|2026-03-10T04:00:00Z,USD,2026-03-11T13:30:00Z,2026-03-18T20:00:00Z,stop,5,22.874529028412265,498.1289448852539,460.5878096667699,460.81821877615795,0.8590327291469806,0.8695652173913044,853.4652874536541,-858.735787314762,21.930194232025464,0.0,-880.6659815467874,-1.0318708850764013,733.1546151135248,-626.7147028133448,18.949722046040044,0.0,-645.6644248593849,-0.880666112644476,9.474706713020016,110.96744417983693
S2-000463,BBVA.MC,BBVA.MC|swing|2026-03-31T22:00:00Z,EUR,2026-04-02T07:00:00Z,2026-06-02T15:30:00Z,tiempo,40,701.12365259267,18.364177042007444,19.97000954246521,17.304822376796178,1.0,1.0,742.7386122640082,1125.8871481729689,26.877004917274398,420.674191555602,1519.6843348112964,2.0460553816894076,742.7386122640082,1125.8871481729689,26.877004917274398,420.674191555602,1519.6843348112964,2.0460553816894076,13.438787290119869,0.0
S2-000464,MRVL,MRVL|swing|2026-04-01T04:00:00Z,USD,2026-04-02T13:30:00Z,2026-04-10T20:00:00Z,objetivo,5,87.94555258261522,102.35115305328368,127.88441390562058,92.55107307434082,0.8616975441619991,0.853898044573478,861.8734491019541,2245.5367348948253,20.24819416037254,5.276733154956913,2230.56527388941,2.588042683312256,742.6742344695855,1847.253567353454,17.360099259277376,4.505792122753747,1834.3992602169303,2.46999178788941,8.680513613158087,-87.71992243097118
S2-000465,ENR.DE,ENR.DE|swing|2026-04-07T22:00:00Z,EUR,2026-04-09T07:00:00Z,2026-06-05T15:30:00Z,tiempo,40,33.294588858123454,162.70130511474608,157.94099427032472,139.94964981079102,1.0,1.0,757.5070091869276,-158.4925924018755,10.675653528549262,0.0,-169.16824593042475,-0.2233223506565332,757.5070091869276,-158.4925924018755,10.675653528549262,0.0,-169.16824593042475,-0.2233223506565332,5.337788475572582,0.0
S2-000466,ASML.AS,ASML.AS|swing|2026-04-07T22:00:00Z,EUR,2026-04-09T07:00:00Z,2026-06-02T15:30:00Z,objetivo,37,4.970634886965928,1207.6035,1447.9649885678973,1055.207070486886,1.0,1.0,757.5070091869276,1194.7492005586528,13.199861374002971,13.420714194808006,1194.9700533794578,1.5775036255599568,757.5070091869276,1194.7492005586528,13.199861374002971,13.420714194808006,1194.9700533794578,1.5775036255599568,6.600231024358157,0.0
S2-000467,EXSA.DE,EXSA.DE|swing|2026-04-07T22:00:00Z,EUR,2026-04-09T07:00:00Z,2026-06-05T15:30:00Z,tiempo,40,223.77478987315308,61.00048622131347,62.608679389953615,57.61535508292062,1.0,1.0,757.5070091869276,359.873088387888,27.660615061057072,0.0,332.21247332683095,0.4385602632025969,757.5070091869276,359.873088387888,27.660615061057072,0.0,332.21247332683095,0.4385602632025969,13.830400956399728,0.0
S2-000468,EUNN.DE,EUNN.DE|swing|2026-04-07T22:00:00Z,EUR,2026-04-09T07:00:00Z,2026-06-05T15:30:00Z,tiempo,40,234.91419662363134,64.4922290840149,68.56569847488403,61.4328545161656,1.0,1.0,718.6905187770868,956.9157894269758,31.25719615690408,0.0,925.6585932700717,1.2879794140670713,718.6905187770868,956.9157894269758,31.25719615690408,0.0,925.6585932700717,1.2879794140670713,15.628841214610901,0.0
S2-000469,IQQT.DE,IQQT.DE|swing|2026-04-07T22:00:00Z,EUR,2026-04-09T07:00:00Z,2026-04-22T07:00:00Z,objetivo,9,88.8159635327028,122.26109694671631,136.57167938995363,113.73214585440499,1.0,1.0,757.5070091869276,1271.008168410303,22.988482424185896,0.0,1248.019685986117,1.6475354958440356,757.5070091869276,1271.008168410303,22.988482424185896,0.0,1248.019685986117,1.6475354958440356,11.494561837773924,0.0
S2-000470,IQQK.DE,IQQK.DE|swing|2026-04-07T22:00:00Z,EUR,2026-04-09T07:00:00Z,2026-05-04T15:30:00Z,objetivo,16,77.15311373489651,84.36215969467163,102.53281861339298,74.54392978123256,1.0,1.0,757.5070091869276,1401.9229141941194,14.419529517883124,0.0,1387.5033846762362,1.8316706879920717,757.5070091869276,1401.9229141941194,14.419529517883124,0.0,1387.5033846762362,1.8316706879920717,7.2101170421990215,0.0
S2-000471,INTC,INTC|swing|2026-04-08T04:00:00Z,USD,2026-04-09T13:30:00Z,2026-04-24T13:30:00Z,objetivo,11,119.05551462614919,58.42920152664184,82.15889694976808,50.98392990657261,0.8542627712284298,0.8551393877201984,886.4006442588054,2825.1511005220714,16.737788414420724,0.0,2808.4133121076507,3.1683340149825847,757.2190707831926,2421.996005974168,14.307044112841288,0.0,2407.688961861327,3.1796464916963214,7.154129343952755,8.574597703135456
S2-000472,Q8Y0.DE,Q8Y0.DE|swing|2026-04-09T22:00:00Z,EUR,2026-04-13T07:00:00Z,2026-05-04T07:00:00Z,objetivo,14,546.1092990794918,23.706847194671628,26.33682538127899,22.297498566763743,1.0,1.0,769.6583913454187,1436.2555440825004,27.32931495381598,0.0,1408.9262291286843,1.830586458838939,769.6583913454187,1436.2555440825004,27.32931495381598,0.0,1408.9262291286843,1.830586458838939,13.665019957047434,0.0
S2-000473,VVSM.DE,VVSM.DE|swing|2026-04-09T22:00:00Z,EUR,2026-04-13T07:00:00Z,2026-04-24T07:00:00Z,objetivo,9,160.83384559858027,65.88292347335815,74.76260305023193,61.09749794006348,1.0,1.0,769.6583913454187,1428.1530140317848,22.620560897026113,0.0,1405.5324531347587,1.8261770013028584,769.6583913454187,1428.1530140317848,22.620560897026113,0.0,1405.5324531347587,1.8261770013028584,11.310640314425932,0.0
S2-000474,AVGO,AVGO|swing|2026-04-15T04:00:00Z,USD,2026-04-16T13:30:00Z,2026-05-29T20:00:00Z,objetivo,30,29.831218342959776,395.1975,444.8403135351454,364.49143872942244,0.8488964346349746,0.8588114050154585,915.9992182148998,1480.905609725762,25.059351431909455,0.0,1455.8462582938525,1.5893531668411325,777.5884704710525,1388.7084233562546,21.404367016041903,0.0,1367.3040563402126,1.7583903417599782,10.702533360758736,131.5729312291218
S2-000475,8035.T,8035.T|swing|2026-04-15T15:00:00Z,JPY,2026-04-17T00:00:00Z,2026-05-08T06:30:00Z,objetivo,11,38.17086684981451,45142.56,52549.06946428572,41316.42857142857,0.005338743259836635,0.005432715814635737,146046.75330989045,282712.8865831413,3728.9741806226657,0.0,278983.9124025186,1.9102370034242009,779.7061198542013,1697.8257590946264,20.09653001428402,0.0,1677.7292290803423,2.1517456210220125,10.048691975753604,188.49424137992315
S2-000476,EQQQ.DE,EQQQ.DE|swing|2026-04-15T22:00:00Z,EUR,2026-04-17T07:00:00Z,2026-05-04T07:00:00Z,objetivo,10,28.486805466379042,546.5731377868652,579.3101755981446,527.201789855957,1.0,1.0,551.827820129326,932.5736276754108,32.07281892624105,0.0,900.5008087491697,1.6318510519062428,551.827820129326,932.5736276754108,32.07281892624105,0.0,900.5008087491697,1.6318510519062428,16.036646615686763,0.0
S2-000477,ARM,ARM|swing|2026-04-22T04:00:00Z,USD,2026-04-23T13:30:00Z,2026-04-24T20:00:00Z,objetivo,1,44.07537676147357,194.51720816802978,231.14320215334212,173.44412449428015,0.8522969402539845,0.8538251366120219,928.8041024465728,1614.304484166106,18.7611429573579,0.0,1595.5433412087482,1.7178470002510868,791.6168946105623,1391.435614779818,16.005633580510487,0.0,1375.4299811993076,1.737494475627574,8.003166649950126,15.568842286759308
S2-000478,IFX.DE,IFX.DE|swing|2026-04-22T22:00:00Z,EUR,2026-04-24T07:00:00Z,2026-05-06T15:30:00Z,objetivo,7,175.3623778619814,52.72635076332092,61.08060524286543,48.175890241350444,1.0,1.0,797.9795774998162,1465.0219307970349,19.957458422478744,0.0,1445.064472374556,1.8109040796534532,797.9795774998162,1465.0219307970349,19.957458422478744,0.0,1445.064472374556,1.8109040796534532,9.97909796149625,0.0
S2-000479,ARM,ARM|swing|2026-04-24T04:00:00Z,USD,2026-04-27T13:30:00Z,2026-04-28T13:30:00Z,stop,1,49.79705937368479,224.60225049591062,197.22134732055665,205.45911189488,0.8538251366120219,0.8511362669163333,953.2720095141987,-1363.4884611282164,21.00557474568795,0.0,-1384.4940358739043,-1.4523598952406698,813.9276037518773,-1190.5882268770424,17.908680221565724,0.0,-1208.496907098608,-1.4847719889679694,8.954044702236239,-26.407505285326685
S2-000480,AMD,AMD|swing|2026-04-24T04:00:00Z,USD,2026-04-27T13:30:00Z,2026-04-28T13:30:00Z,stop,1,28.823749045184794,346.4931673278808,311.70405535888676,313.4207169669015,0.8538251366120219,0.8511362669163333,953.2720095141987,-1002.7526328991196,18.971711568961,0.0,-1021.7243444680806,-1.071807767636822,813.9276037518773,-880.3334983462815,16.174366127558876,0.0,-896.5078644738404,-1.1014589753944963,8.086965002144215,-24.158094573124835
S2-000481,GOOGL,GOOGL|swing|2026-04-30T04:00:00Z,USD,2026-05-01T13:30:00Z,2026-06-02T20:00:00Z,stop,21,44.1469093964861,381.8208198852539,360.18051344844275,360.3606937953404,0.8545547769612033,0.8584427847883939,947.3982421285789,-955.3526475780972,32.75706563475459,0.0,-988.1097132128517,-1.0429718668179115,809.6036934956238,-754.57851416429,28.05452957191731,0.0,-782.6330437362074,-0.9666866023758299,14.027079648099726,61.822654506105025
S2-000482,QCOM,QCOM|swing|2026-04-30T04:00:00Z,USD,2026-05-01T13:30:00Z,2026-05-07T20:00:00Z,objetivo,4,51.518254800791816,179.2195698852539,207.60114320244108,160.83000591823034,0.8545547769612033,0.8496176720475785,947.3982421285791,1462.1691258022038,19.928328059075852,0.0,1442.240797743128,1.522317367301374,809.603693495624,1196.7000468012907,16.97704437535509,0.0,1179.7230024259356,1.4571610924009601,8.488823484894201,-52.803564378169
S2-000483,AAPL,AAPL|swing|2026-05-01T04:00:00Z,USD,2026-05-04T13:30:00Z,2026-05-21T20:00:00Z,objetivo,13,57.37804678451606,279.79983366394043,305.37741407040187,263.21323830740795,0.8545547769612033,0.8621432882145013,951.7064443629577,1467.5916051966656,33.576327497735434,15.492072631819337,1449.5073503307494,1.523061400830383,813.2852882951271,1387.1030040851017,28.825776643239756,13.167932538732966,1371.4451599805948,1.6863026784309925,14.413238700680512,132.96558723613177
S2-000484,TSM,TSM|swing|2026-05-06T04:00:00Z,USD,2026-05-07T13:30:00Z,2026-06-22T13:30:00Z,objetivo,30,28.20651146393599,418.29904133605953,475.8519513397217,383.42142159598217,0.8501955449753444,0.8720676724513822,983.7759810332923,1623.366815801174,25.22088022539917,26.937218448058868,1625.0831540238337,1.6518833406737126,836.4019563282541,1673.7496312966591,21.736250404632827,23.348546804246222,1675.3619276962727,2.0030583561174273,10.868546356858836,293.5703966416913
S2-000485,AMAT,AMAT|swing|2026-05-06T04:00:00Z,USD,2026-05-07T13:30:00Z,2026-06-02T20:00:00Z,objetivo,17,27.388552968575198,426.57316534423825,485.32631378718787,390.65392630440846,0.8501955449753444,0.8584427847883939,983.7759810332923,1609.1637182002871,24.9756071862072,14.515933073344856,1598.7040440874248,1.6250691975710296,836.4019563282541,1477.7293148616584,21.34377545327937,12.514814271355165,1468.900353679734,1.7562134360948933,10.67225982703225,109.62549051181365
S2-000486,AMD,AMD|swing|2026-05-06T04:00:00Z,USD,2026-05-07T13:30:00Z,2026-05-27T20:00:00Z,objetivo,13,17.92258061866997,417.2785423278808,509.6377396834237,362.38823372977123,0.8501955449753444,0.8593280054996992,983.7759810332924,1655.315160480368,16.612731791105436,0.0,1638.7024286892624,1.6657272186784629,836.4019563282542,1490.7576837917647,14.207486667489324,0.0,1476.5501971242754,1.7653595689878907,7.104117799194334,83.41610882120861
S2-000487,ARM,ARM|swing|2026-05-06T04:00:00Z,USD,2026-05-07T13:30:00Z,2026-05-22T20:00:00Z,objetivo,11,36.2747583805878,222.50620177459714,300.0208069967543,195.38607679094588,0.8501955449753444,0.8624407072013799,983.7759810332923,2811.8235754003995,18.954540990512054,0.0,2792.8690344098873,2.838927853754312,836.4019563282541,2523.866209652378,16.248332639776216,0.0,2507.6178770126016,2.9981014009351057,8.124799317638548,133.26633259031377
S2-000488,MU,MU|swing|2026-05-06T04:00:00Z,USD,2026-05-07T13:30:00Z,2026-05-11T20:00:00Z,objetivo,2,13.986387958308214,650.1549320983886,796.3514468882425,579.8168302263532,0.8501955449753444,0.8499787505312366,983.7759810332923,2044.761174003442,20.231399400674633,0.0,2024.5297746027672,2.057917466613016,836.4019563282541,1736.03216675196,17.198230965146106,0.0,1718.8339357868138,2.0550333757376347,8.599551640501177,-2.4146739243220043
S2-000489,PANW,PANW|swing|2026-05-07T04:00:00Z,USD,2026-05-08T13:30:00Z,2026-05-13T20:00:00Z,objetivo,3,58.89125583023304,194.94743110656736,223.73681770529066,178.31750324794226,0.8496176720475785,0.8536064874093043,979.3573359606108,1695.4431313808964,24.656841208868073,0.0,1670.7862901720282,1.7060027314067379,832.0792998815724,1493.0356446693684,21.001445226221772,0.0,1472.0341994431467,1.769103256928345,10.501098497295384,52.5571982964756
S2-000490,CRWD,CRWD|swing|2026-05-07T04:00:00Z,USD,2026-05-08T13:30:00Z,2026-05-14T20:00:00Z,objetivo,4,94.110118753007,124.8561438217163,144.32834089871818,114.4496397290911,0.8496176720475785,0.8545547769612033,979.3573359606107,1832.5307792986027,25.33298382350709,0.0,1807.1977954750957,1.8452894863982316,832.0792998815724,1624.0100324765424,21.590410239960388,0.0,1602.419622236582,1.9258015701924684,10.79561382138954,67.05949781332853
S2-000491,IQQK.DE,IQQK.DE|swing|2026-05-10T22:00:00Z,EUR,2026-05-12T07:00:00Z,2026-05-12T15:30:00Z,stop,0,152.16413443908758,112.73634030532837,109.91501730946133,109.97000231061664,1.0,1.0,420.93742653127214,-429.3041716392009,33.87955111314223,0.0,-463.1837227523431,-1.10036241388465,420.93742653127214,-429.3041716392009,33.87955111314223,0.0,-463.1837227523431,-1.10036241388465,16.939672465445327,0.0
S2-000492,IQQT.DE,IQQT.DE|swing|2026-05-24T22:00:00Z,EUR,2026-05-26T07:00:00Z,2026-06-22T07:00:00Z,objetivo,19,101.70455552954655,165.76283267211915,183.16836450958252,156.9950011117118,1.0,1.0,891.728411809161,1770.221879284584,35.487892319757535,0.0,1734.7339869648265,1.9453613499264362,891.728411809161,1770.221879284584,35.487892319757535,0.0,1734.7339869648265,1.9453613499264362,17.74439315144764,0.0
S2-000493,Q8Y0.DE,Q8Y0.DE|swing|2026-05-24T22:00:00Z,EUR,2026-05-26T07:00:00Z,2026-06-08T15:30:00Z,stop,9,461.3165665298116,28.884435839653012,26.93795256301335,26.951428277151926,1.0,1.0,891.728411809161,-897.944981987106,25.75179255341162,0.0,-923.6967745405176,-1.0358498869252113,891.728411809161,-897.944981987106,25.75179255341162,0.0,-923.6967745405176,-1.0358498869252113,12.875675009377352,0.0
S2-000494,XOM,XOM|swing|2026-05-29T04:00:00Z,USD,2026-06-01T13:30:00Z,2026-06-15T13:30:00Z,stop,10,142.4048461544738,147.09351427459717,139.6701354904175,140.94375119890486,0.8588114050154585,0.864528399757932,875.7560646804264,-1057.1251137074914,40.83653342748232,0.0,-1097.9616471349736,-1.2537299956188515,752.1092963590058,-794.1617700859778,35.184589982911106,0.0,-829.3463600688889,-1.1026939356869954,17.59210084903676,113.70933409427982
S2-000495,IQQK.DE,IQQK.DE|swing|2026-05-31T22:00:00Z,EUR,2026-06-02T07:00:00Z,2026-06-05T07:00:00Z,stop,3,80.9252913941727,130.80537549591062,118.88053244018555,119.64357376098633,1.0,1.0,903.2720578827311,-965.0213991143287,20.20590485674716,0.0,-985.2273039710758,-1.0907315192284899,903.2720578827311,-965.0213991143287,20.20590485674716,0.0,-985.2273039710758,-1.0907315192284899,10.102713698700562,0.0
S2-000496,EQQQ.DE,EQQQ.DE|swing|2026-05-31T22:00:00Z,EUR,2026-06-02T07:00:00Z,2026-06-08T07:00:00Z,stop,4,28.221965138614323,640.1198877868652,617.2911755981446,621.8107474190848,1.0,1.0,516.7199211774947,-644.2711195495327,35.486611195759714,0.0,-679.7577307452924,-1.3155245286387822,516.7199211774947,-644.2711195495327,35.486611195759714,0.0,-679.7577307452924,-1.3155245286387822,17.743148965884334,0.0
S2-000497,ORCL,ORCL|swing|2026-06-01T04:00:00Z,USD,2026-06-02T13:30:00Z,2026-06-05T20:00:00Z,stop,3,47.19924745977235,242.92140305328368,220.5271738422939,220.63749258858817,0.858663918942126,0.859106529209622,1051.783804394574,-1056.990766200369,21.874424065773702,0.0,-1078.8651902661427,-1.025748053695462,903.1288033613034,-902.9928287305975,18.787385697779854,0.0,-921.7802144283773,-1.0206519944858987,9.393469449048727,4.607004860652512
S2-000498,IS3N.DE,IS3N.DE|swing|2026-06-01T22:00:00Z,EUR,2026-06-03T07:00:00Z,2026-06-05T07:00:00Z,stop,2,369.19106443113463,49.3146459159851,47.29334284210206,47.52374785287039,1.0,1.0,661.1835622089772,-746.2470333848064,35.66680620214929,0.0,-781.9138395869556,-1.1825972154761764,661.1835622089772,-746.2470333848064,35.66680620214929,0.0,-781.9138395869556,-1.1825972154761764,17.833220997617936,0.0
S2-000499,SU.PA,SU.PA|swing|2026-06-01T22:00:00Z,EUR,2026-06-03T07:00:00Z,2026-06-08T07:00:00Z,stop,3,47.914936426823466,285.24255610656735,262.56866220092775,266.2437553405762,1.0,1.0,910.3263308883522,-1086.4181850372615,26.24833969910434,0.0,-1112.6665247363658,-1.2222721533832352,910.3263308883522,-1086.4181850372615,26.24833969910434,0.0,-1112.6665247363658,-1.2222721533832352,13.12390152597907,0.0
S2-000500,8035.T,8035.T|swing|2026-06-02T15:00:00Z,JPY,2026-06-04T00:00:00Z,2026-06-12T06:30:00Z,objetivo,6,29.540246821832408,59929.95,70866.33482142857,54232.142857142855,0.005386189809328881,0.0053992764969494084,168314.6293431997,323063.50696354144,3863.7545370036914,0.0,319199.75242653774,1.8964468725750379,906.57454132931,1767.4771589057698,20.83831110289021,0.0,1746.6388478028796,1.9266356688571724,10.419600025634704,27.395789932692917
S2-000501,EXV1.DE,EXV1.DE|swing|2026-06-03T22:00:00Z,EUR,2026-06-05T07:00:00Z,2026-06-17T15:30:00Z,objetivo,8,478.08876138931106,37.45371887397766,39.966969994715285,35.87535844530378,1.0,1.0,754.5963823705949,1201.5571153737505,37.013961247140635,0.0,1164.5431541266098,1.5432662829208783,754.5963823705949,1201.5571153737505,37.013961247140635,0.0,1164.5431541266098,1.5432662829208783,18.507285639667963,0.0
S2-000502,MRVL,MRVL|swing|2026-06-09T04:00:00Z,USD,2026-06-10T13:30:00Z,2026-07-16T20:00:00Z,stop,24,13.656891536342215,263.63175,189.6244407561166,189.71930040631975,0.8640801866413204,0.8720676724513822,1009.4143072862526,-1010.7097952402523,6.190070635331922,0.8194134921805328,-1016.0804523834038,-1.0066039732635381,872.2149030383242,-852.6492729036972,5.369402425508275,0.7168971935087777,-857.3017781356967,-0.9829020063167022,2.6844887215580764,20.685035607711015
S2-000503,AMAT,AMAT|swing|2026-06-11T04:00:00Z,USD,2026-06-12T13:30:00Z,2026-06-29T20:00:00Z,objetivo,10,13.091191409419322,548.8943051147461,674.0519187333243,471.4739488874163,0.8667764583513912,0.8767315448009819,1013.524702357403,1638.4622762269541,16.00982309982166,0.0,1622.4524531271325,1.6008020814425112,878.4993519609977,1508.0256322331647,13.964782868598515,0.0,1494.0608493645661,1.70069658677551,6.982770186399197,87.84510330280612
S2-000504,IS3N.DE,IS3N.DE|swing|2026-06-14T22:00:00Z,EUR,2026-06-16T07:00:00Z,2026-07-08T15:30:00Z,stop,16,363.69603064566326,48.9024373512268,46.53586213316237,46.55914170401437,1.0,1.0,852.2473255204209,-860.7140130344293,34.710530694044394,0.0,-895.4245437284737,-1.0506627793542056,852.2473255204209,-860.7140130344293,34.710530694044394,0.0,-895.4245437284737,-1.0506627793542056,17.355054507279622,0.0
S2-000505,DBK.DE,DBK.DE|swing|2026-06-14T22:00:00Z,EUR,2026-06-16T07:00:00Z,2026-08-06T15:30:00Z,objetivo,37,447.49605968547127,29.844914923667908,33.14690153745243,27.857677050999232,1.0,1.0,889.2811176769706,1477.6259988027452,28.18858965878176,0.0,1449.4374091439636,1.6298978808076623,889.2811176769706,1477.6259988027452,28.18858965878176,0.0,1449.4374091439636,1.6298978808076623,14.094667759555392,0.0
S2-000506,BBVA.MC,BBVA.MC|swing|2026-06-16T22:00:00Z,EUR,2026-06-18T07:00:00Z,2026-07-30T15:30:00Z,objetivo,30,791.6813268910009,21.530760457992553,23.48450083601475,20.402499675750732,1.0,1.0,893.2229931642833,1546.7397748731382,35.63774179158482,0.0,1511.1020330815534,1.6917410821774812,893.2229931642833,1546.7397748731382,35.63774179158482,0.0,1511.1020330815534,1.6917410821774812,17.81926203554961,0.0
S2-000507,EUNN.DE,EUNN.DE|swing|2026-06-17T22:00:00Z,EUR,2026-06-19T07:00:00Z,2026-07-08T15:30:00Z,stop,13,252.1063766845896,71.75586122131347,69.25642703669412,69.29107257298061,1.0,1.0,621.3889354245035,-630.1232960459851,35.55009706072919,0.0,-665.6733931067142,-1.0712668912457504,621.3889354245035,-630.1232960459851,35.55009706072919,0.0,-665.6733931067142,-1.0712668912457504,17.774895443261883,0.0
S2-000508,SU.PA,SU.PA|swing|2026-06-17T22:00:00Z,EUR,2026-06-19T07:00:00Z,2026-07-08T15:30:00Z,stop,13,41.448944331549036,289.09448721313476,267.13869071469986,267.2723268781389,1.0,1.0,904.5055089193796,-910.0445868184471,23.05527802729143,0.0,-933.0998648457386,-1.0316132468452524,904.5055089193796,-910.0445868184471,23.05527802729143,0.0,-933.0998648457386,-1.0316132468452524,11.527414384351951,0.0
S2-000509,IQQK.DE,IQQK.DE|swing|2026-06-17T22:00:00Z,EUR,2026-06-19T07:00:00Z,2026-06-23T15:30:00Z,stop,2,65.26173503058396,135.08751427459717,121.16723957579477,121.22785350254604,1.0,1.0,904.5055089193795,-908.4612789461843,16.723629846111795,0.0,-925.184908792296,-1.022862657738395,904.5055089193795,-908.4612789461843,16.723629846111795,0.0,-925.184908792296,-1.022862657738395,8.361589898133683,0.0
S2-000510,SAF.PA,SAF.PA|swing|2026-06-17T22:00:00Z,EUR,2026-06-19T07:00:00Z,2026-08-14T15:30:00Z,tiempo,40,37.88712075002359,333.26655610656735,360.31975,309.39286259242465,1.0,1.0,904.5055089193795,1024.9676237142837,26.277988130022344,0.0,998.6896355842614,1.1041277534919653,904.5055089193795,1024.9676237142837,26.277988130022344,0.0,998.6896355842614,1.1041277534919653,13.139253591729293,0.0
S2-000511,AIR.PA,AIR.PA|swing|2026-06-17T22:00:00Z,EUR,2026-06-19T07:00:00Z,2026-07-28T15:30:00Z,objetivo,27,68.3313392241327,191.35562450408935,212.56581167697908,178.11857223510742,1.0,1.0,904.5055089193795,1449.3204947180766,27.600492675587457,0.0,1421.720002042489,1.5718201691673832,904.5055089193795,1449.3204947180766,27.600492675587457,0.0,1421.720002042489,1.5718201691673832,13.800612118068884,0.0
S2-000512,ITX.MC,ITX.MC|swing|2026-06-18T22:00:00Z,EUR,2026-06-22T07:00:00Z,2026-08-17T15:30:00Z,tiempo,40,284.1923818486315,55.447708168029784,56.33182061004639,52.268572671072825,1.0,1.0,903.4860890997311,251.25802071871,31.766890525359116,0.0,219.49113019335087,0.24293802952966373,903.4860890997311,251.25802071871,31.766890525359116,0.0,219.49113019335087,0.24293802952966373,15.883512048060862,0.0
S2-000513,IQQT.DE,IQQT.DE|swing|2026-06-21T22:00:00Z,EUR,2026-06-23T07:00:00Z,2026-06-23T15:30:00Z,stop,0,102.33046362942767,178.38915305328368,174.35776684597562,174.44498934064592,1.0,1.0,403.6081013445867,-412.53361966311377,36.09675585714379,0.0,-448.63037552025753,-1.1115494808594844,403.6081013445867,-412.53361966311377,36.09675585714379,0.0,-448.63037552025753,-1.1115494808594844,18.048279307233102,0.0
S2-000514,VVSM.DE,VVSM.DE|swing|2026-06-21T22:00:00Z,EUR,2026-06-23T07:00:00Z,2026-07-07T15:30:00Z,stop,10,117.99799561464214,106.07300664138793,98.28868736457825,98.33785629272461,1.0,1.0,912.7322369201726,-918.5340718879631,24.114270273116837,0.0,-942.64834216108,-1.0327764310613736,912.7322369201726,-918.5340718879631,24.114270273116837,0.0,-942.64834216108,-1.0327764310613736,12.056908517266436,0.0
S2-000515,ZPRR.DE,ZPRR.DE|swing|2026-06-23T22:00:00Z,EUR,2026-06-25T07:00:00Z,2026-07-30T07:00:00Z,stop,25,230.97868149428524,77.04850713729859,74.32282061004639,74.52964728219169,1.0,1.0,581.8029282014772,-629.5754802314489,34.96354969912106,0.0,-664.5390299305699,-1.1422064030940067,581.8029282014772,-629.5754802314489,34.96354969912106,0.0,-664.5390299305699,-1.1422064030940067,17.48162182609506,0.0
S2-000516,6857.T,6857.T|swing|2026-06-24T15:00:00Z,JPY,2026-06-26T00:00:00Z,2026-06-29T06:30:00Z,stop,1,49.52426794178313,34517.25,31163.87455357143,31179.464285714286,0.005447513210219535,0.005425935973955507,165301.39404654168,-166073.46411832512,3252.8096111087025,0.0,-169326.27372943383,-1.0243487340570092,900.4815277362405,-937.9890072156583,17.68642170927956,0.0,-955.6754289249378,-1.0612937628242654,8.84297856813245,-33.30161756416263
S2-000517,ABBV,ABBV|swing|2026-06-26T04:00:00Z,USD,2026-06-29T13:30:00Z,2026-08-25T20:00:00Z,tiempo,40,60.99235636638319,253.17652805328368,265.65711354064945,236.68750381469727,0.8771160424524166,0.8574858514834506,1005.7044424937926,761.2203177065235,31.6448863629655,105.51677651384291,835.0922078574009,0.8303554926998896,882.1195004769694,349.6095211499789,27.438168459189612,92.50988647540146,414.6812391661907,0.47009644264974204,13.719175061766244,-318.06903135113856
S2-000518,EXH1.DE,EXH1.DE|swing|2026-07-26T22:00:00Z,EUR,2026-07-28T07:00:00Z,2026-08-20T15:30:00Z,objetivo,17,337.07117791378295,52.52625,55.77120827014106,50.6339293888637,1.0,1.0,637.8467373862418,1093.7819063975192,36.5039518241852,0.0,1057.277954573334,1.6575736655890578,637.8467373862418,1093.7819063975192,36.5039518241852,0.0,1057.277954573334,1.6575736655890578,18.252253920630185,0.0
S2-000519,OR.PA,OR.PA|swing|2026-07-29T22:00:00Z,EUR,2026-07-31T07:00:00Z,2026-08-17T15:30:00Z,stop,11,45.6509217931355,391.2455127868652,372.4119140892029,372.5982131958008,1.0,1.0,851.2664152848503,-859.7711412302801,34.86166547106648,0.0,-894.6328067013466,-1.0509433834553252,851.2664152848503,-859.7711412302801,34.86166547106648,0.0,-894.6328067013466,-1.0509433834553252,17.430622150400854,0.0
S2-000520,MA,MA|swing|2026-07-30T04:00:00Z,USD,2026-07-31T13:30:00Z,2026-08-27T20:00:00Z,final,19,36.084886841614455,567.9638326721191,591.4341154785157,546.1624821254185,0.871383757406762,0.8587376556462,786.6992674720618,846.9224992095085,41.83674376341564,0.0,805.0857554460929,1.0233716856418504,685.5169636389525,468.1035160579933,36.18596798469353,0.0,431.91754807329977,0.6300610648357081,18.093105541500428,-269.89099353551285
S2-000521,R6C0.DE,R6C0.DE|swing|2026-07-30T22:00:00Z,EUR,2026-08-03T07:00:00Z,2026-08-27T15:30:00Z,final,18,457.3646859906961,38.92445127868652,38.75061545753479,37.772858074733186,1.0,1.0,526.6980641151356,-79.50636575499423,35.525832507118224,154.17204665100084,39.13984838888838,0.07431173770240487,526.6980641151356,-79.50636575499423,35.525832507118224,154.17204665100084,39.13984838888838,0.07431173770240487,17.762900817689758,0.0
S2-000522,VVSM.DE,VVSM.DE|swing|2026-07-30T22:00:00Z,EUR,2026-08-03T07:00:00Z,2026-08-27T15:30:00Z,final,18,102.83474076890116,89.11453469467163,90.49473091506958,80.45857402256557,1.0,1.0,890.1334718218303,141.9321205348402,18.470072268670453,0.0,123.46204826616976,0.13870060184736205,890.1334718218303,141.9321205348402,18.470072268670453,0.0,123.46204826616976,0.13870060184736205,9.23507392613391,0.0
S2-000523,AMZN,AMZN|swing|2026-08-03T04:00:00Z,USD,2026-08-04T13:30:00Z,2026-08-17T20:00:00Z,stop,9,59.78225991900301,276.19802755737305,258.8101517058782,258.93962151663646,0.8669267446900737,0.8625894936599672,1031.7465157150064,-1039.486513593422,31.983998031508243,0.0,-1071.4705116249302,-1.0385017010524091,894.4486482141364,-968.2657166073894,27.66067623840056,0.0,-995.92639284579,-1.1134528458780333,13.830099510294332,-67.10705722860948
S2-000524,MSFT,MSFT|swing|2026-08-03T04:00:00Z,USD,2026-08-04T13:30:00Z,2026-08-27T20:00:00Z,final,17,27.730260402596365,481.1404438934326,504.8074675598145,443.93392290387834,0.8669267446900737,0.8587376556462,1031.7465157150064,656.2927292231813,27.340592327994564,25.234536966362693,654.1866738615494,0.6340575557051377,894.4486482141364,454.3232269668898,23.587656212464402,21.603062209025506,452.3386329634509,0.5057178339601652,11.79394463552337,-114.63449234232685
S2-000525,PLTR,PLTR|swing|2026-08-04T04:00:00Z,USD,2026-08-05T13:30:00Z,2026-08-27T20:00:00Z,final,16,50.55595679560021,162.081,185.83702767944337,141.6332152230399,0.8684324793747287,0.8587376556462,1033.7573237497254,1201.008708997022,17.58932877577238,0.0,1183.4193802212496,1.144774845152882,897.7484357357581,951.9104660477233,15.184059894424063,0.0,936.7264061532992,1.0434174751700862,7.592269822895204,-91.08450485720235
S2-000526,RACE.MI,RACE.MI|swing|2026-08-05T22:00:00Z,EUR,2026-08-07T07:00:00Z,2026-08-27T15:30:00Z,final,14,35.756156686592895,355.37761221313474,355.6220877990723,330.26251002720426,1.0,1.0,898.019528959922,8.741507356829661,25.42261667775702,0.0,-16.68110932092736,-0.018575441605648897,898.019528959922,8.741507356829661,25.42261667775702,0.0,-16.68110932092736,-0.018575441605648897,12.71131370208197,0.0
S2-000527,IQQT.DE,IQQT.DE|swing|2026-08-18T22:00:00Z,EUR,2026-08-20T07:00:00Z,2026-08-27T15:30:00Z,final,5,101.14570432367894,166.2030551147461,172.85353244018555,157.3035730634417,1.0,1.0,900.144380195123,672.6672131702301,34.29411735382668,0.0,638.3730958164034,0.7091896698594332,900.144380195123,672.6672131702301,34.29411735382668,0.0,638.3730958164034,0.7091896698594332,17.147231130524368,0.0
S2-000528,LLY,LLY|swing|2026-08-19T04:00:00Z,USD,2026-08-20T13:30:00Z,2026-08-27T20:00:00Z,final,5,9.547223324328746,1274.767069885254,1175.5119255981447,1165.3614371163505,0.8616975441619991,0.8587376556462,1044.5200089842199,-947.6110285975046,23.393360776791916,0.0,-971.0043893742966,-0.929617796712754,900.0603265697715,-849.7725546173865,20.124783072603137,0.0,-869.8973376899896,-0.9664878142171466,10.062181608707377,-33.218458454090495
