position_id,asset,signal_id,currency,entry_ts,exit_ts,exit_reason,bars_held,units,entry_eff,exit_eff,stop,fx_entry,fx_exit,risk_local,pnl_bruto_local,fees_local,dividends_local,pnl_neto_local,trade_R_local,risk_eur,pnl_bruto_eur,fees_eur,dividends_eur,pnl_neto_eur,trade_R_eur,slippage_eur,fx_eur
S2-000001,AZN,AZN|swing|2022-11-10T05:00:00Z,USD,2022-11-11T14:30:00Z,2022-12-13T21:00:00Z,objetivo,21,77.96813448858386,127.66754091644286,140.45903426415578,123.23356519426618,1.004621257785815,0.948316737790422,345.70881542578735,997.3288736443063,20.905328873644308,0.0,976.423544770662,2.824410316433684,347.30642498069864,385.3284719244243,20.385328471924428,0.0,364.9431434524999,1.0507814345006183,20.38573418613034,-616.6093155422292
S2-000002,MC.PA,MC.PA|swing|2022-11-10T23:00:00Z,EUR,2022-11-14T08:00:00Z,2023-01-10T16:30:00Z,tiempo,40,10.195247357894441,705.2044999999999,755.5436878051758,656.414289202009,1.0,1.0,497.4282677293305,513.2204714692708,14.892689102269811,50.97623678947221,549.3040191564733,1.1042879039905515,497.4282677293305,513.2204714692708,14.892689102269811,50.97623678947221,549.3040191564733,1.1042879039905515,14.893217215958192,0.0
S2-000003,RRU.DE,RRU.DE|swing|2022-11-13T23:00:00Z,EUR,2022-11-15T08:00:00Z,2022-11-21T16:30:00Z,stop,4,4107.462792360627,1.0230219551324844,0.9008839051787342,0.9017856908696038,1.0,1.0,497.9734445445824,-501.67749571651257,7.902371737232892,0.0,-509.57986745374546,-1.0233073129427166,497.9734445445824,-501.67749571651257,7.902371737232892,0.0,-509.57986745374546,-1.0233073129427166,7.9018779616150665,0.0
S2-000004,UBER,UBER|swing|2022-11-15T05:00:00Z,USD,2022-11-16T14:30:00Z,2022-12-06T21:00:00Z,stop,13,128.56952803914527,30.98095076370239,26.93232583788463,26.95928512300764,0.9611687812379854,0.9509319132750095,517.0636533553707,-520.5297959199088,7.445882639866518,0.0,-527.9756785597754,-1.0211038334131466,496.9854415180418,-535.7639508726471,7.121302980871324,0.0,-542.8852538535184,-1.0923564525256024,7.12077433769449,-35.446961330250744
S2-000005,RRU.DE,RRU.DE|swing|2022-11-23T23:00:00Z,EUR,2022-11-25T08:00:00Z,2023-01-23T16:30:00Z,tiempo,40,3657.8294865158255,1.0610599427223204,1.2147839609384536,0.92564286504473,1.0,1.0,495.332579706894,562.2962466166681,8.324648937517662,0.0,553.9715976791505,1.1183831235307704,495.332579706894,562.2962466166681,8.324648937517662,0.0,553.9715976791505,1.1183831235307704,8.325219558983388,0.0
S2-000006,7011.T,7011.T|swing|2022-11-29T15:00:00Z,JPY,2022-12-01T00:00:00Z,2023-01-04T06:00:00Z,stop,22,2390.1615320105066,537.7372122192382,507.12094743020197,507.62857600620816,0.006930967563071805,0.007250054375407815,71964.50405768299,-73177.81835260228,2497.379779601384,0.0,-75675.19813220366,-1.051562838139569,498.7836433163501,-120.42764720145868,17.6960236832254,0.0,-138.1236708846841,-0.2769210112150372,17.695920951498366,386.7654381367885
S2-000007,TTE.PA,TTE.PA|swing|2022-11-29T23:00:00Z,EUR,2022-12-01T08:00:00Z,2022-12-09T16:30:00Z,stop,6,144.8588177125857,59.8698113746643,56.37321534837995,56.42964499337332,1.0,1.0,498.3384347283955,-506.51276638607635,16.838827418432693,144.8588177125857,-378.49277609192336,-0.7595095014058258,498.3384347283955,-506.51276638607635,16.838827418432693,144.8588177125857,-378.49277609192336,-0.7595095014058258,16.838337744003162,0.0
S2-000008,ABBV,ABBV|swing|2022-11-30T05:00:00Z,USD,2022-12-01T14:30:00Z,2023-01-12T21:00:00Z,stop,28,60.290617167898056,161.16099999999997,152.43276904187883,152.5853543962751,0.9637625289128758,0.9283327144448571,517.0309660617438,-526.230431249078,18.90676187554216,89.23011340848912,-455.90707971613114,-0.8817790609115794,498.2950713779335,-832.7705806589678,17.896019229278615,82.83523339072514,-767.8313664975212,-1.5409170401269272,17.895204353900986,-325.60940944744414
S2-000009,6857.T,6857.T|swing|2022-11-30T15:00:00Z,JPY,2022-12-02T00:00:00Z,2022-12-23T00:00:00Z,stop,15,431.4723602604021,2357.3549999999996,2162.835,2193.660714285714,0.007018528916339136,0.007121492664862556,70629.55981828332,-83930.00351785321,1950.337048125467,0.0,-85880.34056597868,-1.2159263173511596,495.7156079329262,-492.97902384684033,13.78458310166776,0.0,-506.7636069485081,-1.0222869702683979,13.784103906746388,96.08613279165861
S2-000010,VVSM.DE,VVSM.DE|swing|2022-11-30T23:00:00Z,EUR,2022-12-02T08:00:00Z,2022-12-15T16:30:00Z,stop,9,418.10741201250755,20.225204923629757,19.022388022082193,19.041429451533727,1.0,1.0,494.94529904195565,-502.9066618309551,16.409709514251972,0.0,-519.316371345207,-1.0492399308578653,494.94529904195565,-502.9066618309551,16.409709514251972,0.0,-519.316371345207,-1.0492399308578653,16.40922301681164,0.0
S2-000011,RACE.MI,RACE.MI|swing|2022-11-30T23:00:00Z,EUR,2022-12-02T08:00:00Z,2022-12-16T16:30:00Z,stop,10,45.867424322461495,215.81560610961913,206.5896317073277,206.79642813546317,1.0,1.0,413.6864631804097,-423.171682698069,19.37464027898016,0.0,-442.54632297704916,-1.0697626399828646,413.6864631804097,-423.171682698069,19.37464027898016,0.0,-442.54632297704916,-1.0697626399828646,19.374236481533828,0.0
S2-000012,EUNN.DE,EUNN.DE|swing|2022-11-30T23:00:00Z,EUR,2022-12-02T08:00:00Z,2022-12-06T16:30:00Z,stop,2,239.58272918663945,41.31727697753906,40.50788242067609,40.54843085152762,1.0,1.0,184.20225319439555,-193.9169569220408,19.603895004756186,0.0,-213.520851926797,-1.1591652557119398,184.20225319439555,-193.9169569220408,19.603895004756186,0.0,-213.520851926797,-1.1591652557119398,19.60372069151968,0.0
S2-000013,9988.HK,9988.HK|swing|2022-12-04T16:00:00Z,HKD,2022-12-06T01:30:00Z,2023-01-09T08:00:00Z,objetivo,21,548.9384144625511,88.23815152740478,110.19148381968907,80.88214547293526,0.12160124519675082,0.12194229690510451,4037.9943003174235,12051.02742069606,108.92564940981589,0.0,11942.101771286245,2.9574340336110643,491.0251350159813,1486.0495914088285,13.266124253250338,0.0,1472.7834671555781,2.999405452243588,13.267623570465542,20.62965115199919
S2-000014,0700.HK,0700.HK|swing|2022-12-04T16:00:00Z,HKD,2022-12-06T01:30:00Z,2023-01-05T01:30:00Z,objetivo,19,147.50883878707936,292.63416921997066,357.642,265.2595770699637,0.12160124519675082,0.12067966788955396,4037.9943003174226,9589.229630429083,95.92148261254819,0.0,9493.308147816535,2.350995925643153,491.02513501598116,1117.4441245031028,11.61555358776969,0.0,1105.828570915333,2.25208139473215,11.616682648576116,-48.61813903465278
S2-000015,NVDA,NVDA|swing|2022-12-13T05:00:00Z,USD,2022-12-14T14:30:00Z,2022-12-19T21:00:00Z,stop,3,299.78623280058946,18.004986511230467,16.236105023350035,16.252357380730764,0.948316737790422,0.9435742592942064,525.4140845290784,-530.2863175223761,10.265007838132043,0.0,-540.5513253605081,-1.0288101162057675,498.2589706297567,-525.9627444667856,9.711395392711422,0.0,-535.674139859497,-1.0750918125617503,9.710879140845021,-23.08335373906965
S2-000016,AVGO,AVGO|swing|2022-12-13T05:00:00Z,USD,2022-12-14T14:30:00Z,2023-02-13T21:00:00Z,tiempo,40,145.02052195210084,56.91185454177856,60.05188751220703,53.28882190159389,0.948316737790422,0.9358038555118847,525.4140845290785,455.36922031834257,16.962142922139876,66.7094400979664,505.1165174941691,0.9613684375189487,498.2589706297568,322.8626139906712,15.976512402346799,62.945310528369866,369.8314121166943,0.7422473731867968,15.976851241811381,-108.97163951178692
S2-000017,BSP.DE,BSP.DE|swing|2022-12-18T23:00:00Z,EUR,2022-12-20T08:00:00Z,2023-02-15T16:30:00Z,tiempo,40,991.5191286729074,9.689680305480955,10.039950190544129,9.267856904438563,1.0,1.0,418.24597105539493,347.2992912381975,19.562306038457216,0.0,327.7369851997403,0.7835986665280581,418.24597105539493,347.2992912381975,19.562306038457216,0.0,327.7369851997403,0.7835986665280581,19.56267290041896,0.0
S2-000018,CAT,CAT|swing|2022-12-21T05:00:00Z,USD,2022-12-22T14:30:00Z,2023-01-26T21:00:00Z,objetivo,22,42.60810945406122,240.39014389038084,261.6297124107906,228.2889235360282,0.940203083866115,0.9178522257916476,515.6101213859712,904.9778602746522,21.390116985392396,51.12973134487346,934.7174746341333,1.8128377156786457,484.77822619967196,601.7057247346398,19.861896703596756,47.276681779818276,629.1205098108614,1.2977491063134865,19.862518271839072,-249.15725032614642
S2-000019,EXV1.DE,EXV1.DE|swing|2023-01-01T23:00:00Z,EUR,2023-01-03T08:00:00Z,2023-01-05T16:30:00Z,objetivo,2,687.8922253761024,14.064050190925597,14.792228070463453,13.668642589024135,1.0,1.0,271.997815202625,500.9079020249474,19.85000946929896,0.0,481.05789255564844,1.7686093992971375,271.997815202625,500.9079020249474,19.85000946929896,0.0,481.05789255564844,1.7686093992971375,19.850530227730687,0.0
S2-000020,BBVA.MC,BBVA.MC|swing|2023-01-01T23:00:00Z,EUR,2023-01-03T08:00:00Z,2023-01-06T16:30:00Z,objetivo,3,1677.058108371831,5.768763011455535,6.210782828986645,5.492000222206116,1.0,1.0,464.1472798063429,741.2929190515846,20.0903944863256,0.0,721.202524565259,1.5538225816300544,464.1472798063429,741.2929190515846,20.0903944863256,0.0,721.202524565259,1.5538225816300544,20.091155870399213,0.0
S2-000021,ALV.DE,ALV.DE|swing|2023-01-03T23:00:00Z,EUR,2023-01-05T08:00:00Z,2023-02-09T16:30:00Z,objetivo,25,47.17927686860381,211.01080305480954,223.27382639367238,203.50178418840682,1.0,1.0,354.2700801095837,578.5605733503601,20.48923477252894,0.0,558.0713385778312,1.5752708735809897,354.2700801095837,578.5605733503601,20.48923477252894,0.0,558.0713385778312,1.5752708735809897,20.48983382293511,0.0
S2-000022,MUV2.DE,MUV2.DE|swing|2023-01-03T23:00:00Z,EUR,2023-01-05T08:00:00Z,2023-02-23T16:30:00Z,stop,35,31.05024067097305,320.62028778076166,308.6981328833444,309.00714002336775,1.0,1.0,360.59103281465167,-370.1857788814263,19.54048842029715,0.0,-389.72626730172345,-1.0807985552487316,360.59103281465167,-370.1857788814263,19.54048842029715,0.0,-389.72626730172345,-1.0807985552487316,19.540137774654156,0.0
S2-000023,9988.HK,9988.HK|swing|2023-01-08T16:00:00Z,HKD,2023-01-10T01:30:00Z,2023-02-20T01:30:00Z,stop,26,422.9345562696356,109.109,98.70120304870605,99.09642818995884,0.11974900608324951,0.1199774442404828,4234.662615597616,-4401.816985339971,87.89011601470737,0.0,-4489.707101354678,-1.060227817162494,507.0966393157083,-517.5772523644218,10.534289993893104,0.0,-528.111542358315,-1.0414416137148235,10.53378295042373,9.53595659040542
S2-000024,RACE.MI,RACE.MI|swing|2023-01-08T23:00:00Z,EUR,2023-01-10T08:00:00Z,2023-01-27T16:30:00Z,objetivo,13,47.430939393784485,213.81360610961912,229.5380876524789,206.82142966134208,1.0,1.0,331.6454973488753,745.8269310580655,21.02858731696177,0.0,724.7983437411037,2.185461131042133,331.6454973488753,745.8269310580655,21.02858731696177,0.0,724.7983437411037,2.185461131042133,21.02935417324582,0.0
S2-000025,ICGA.DE,ICGA.DE|swing|2023-01-08T23:00:00Z,EUR,2023-01-10T08:00:00Z,2023-02-21T16:30:00Z,stop,30,2215.206865101948,4.57807365655899,4.357263348187719,4.36162497316088,1.0,1.0,479.478609405772,-489.1405109893175,19.793619874914388,0.0,-508.93413086423186,-1.0614323994452322,479.478609405772,-489.1405109893175,19.793619874914388,0.0,-508.93413086423186,-1.0614323994452322,19.793150527552555,0.0
S2-000026,TSM,TSM|swing|2023-01-12T05:00:00Z,USD,2023-01-13T14:30:00Z,2023-01-24T21:00:00Z,objetivo,6,120.99978123279773,85.49541366577148,95.92808981364114,80.98392404828753,0.9283327144448571,0.9209799226376865,545.8892567495958,1262.3515315648553,21.952204231496644,0.0,1240.3993273333588,2.27225451315731,506.7668555046378,1086.5363261703515,20.293603444562287,0.0,1066.2427227257892,2.1040103770480925,20.29471027559831,-85.34589771087221
S2-000027,LLY,LLY|swing|2023-01-20T05:00:00Z,USD,2023-01-23T14:30:00Z,2023-02-01T21:00:00Z,stop,7,32.30176441550118,346.956595336914,337.70926800973075,338.0473153250558,0.9237021984112322,0.9179364787956674,287.7854640547767,-298.70498879569976,22.115915421159045,0.0,-320.8209042168588,-1.114791899829222,265.82806581819386,-338.810413900381,20.365623735328093,0.0,-359.17603763570906,-1.3511592033376871,20.365305290218238,-62.89595907339143
S2-000028,QCOM,QCOM|swing|2023-01-23T05:00:00Z,USD,2023-01-24T14:30:00Z,2023-03-07T21:00:00Z,stop,29,52.11437820701994,130.68055305480956,119.74584658976964,119.86571230207171,0.9198785760279643,0.9376465072667605,563.6087012368725,-569.8554283018366,13.050816104099924,39.085783655264954,-543.8204607506715,-0.9648901082563583,518.4515695307447,-413.3173743872497,12.116046559383113,36.58347403150969,-388.8499469151231,-0.750021737357406,12.11564535765384,110.88042554084966
S2-000029,6857.T,6857.T|swing|2023-01-23T15:00:00Z,JPY,2023-01-25T00:00:00Z,2023-01-30T06:00:00Z,stop,3,586.0939742528774,2452.45,2324.4589285714287,2326.785714285714,0.007068636460026861,0.007087172218284905,73651.08063593473,-75014.79572245515,2799.717538590483,0.0,-77814.51326104563,-1.0565291451145327,520.6127139035466,-505.0001044017985,19.815437686740765,0.0,-524.8155420885392,-1.008072849687976,19.814952501587246,25.252215683415734
S2-000030,1810.HK,1810.HK|swing|2023-01-25T16:00:00Z,HKD,2023-01-27T01:30:00Z,2023-02-24T08:00:00Z,stop,20,3669.3438682604387,13.273260229110717,12.042231955289841,12.054286241531372,0.1172401664810364,0.12006099098341957,4472.834726893245,-4517.066048199862,92.89124601882524,0.0,-4609.957294218687,-1.0306567480575535,524.3958880231249,-404.93754937720865,11.015229173997561,0.0,-415.9527785512062,-0.7932037379607817,11.014835251282772,124.6440261195803
S2-000031,NOW,NOW|swing|2023-01-26T05:00:00Z,USD,2023-01-27T14:30:00Z,2023-03-10T21:00:00Z,stop,29,74.44153411609346,91.58749819946289,83.83686212376185,83.92078290666852,0.9178522257916476,0.9446438692612885,570.7220480269272,-576.9692398507236,13.058858503795207,0.0,-590.0280983545189,-1.0338274128261484,523.8385020898827,-362.36733751673154,12.153307507500184,0.0,-374.5206450242317,-0.7149544058523016,12.152957293119968,167.20516349356964
S2-000032,VVSM.DE,VVSM.DE|swing|2023-01-26T23:00:00Z,EUR,2023-01-30T08:00:00Z,2023-03-17T16:30:00Z,objetivo,34,505.41686907753126,20.690670076370235,22.56285900592804,19.66803550720215,1.0,1.0,516.8567621593846,946.2358670987203,21.861063245329138,0.0,924.3748038533912,1.7884545033162187,516.8567621593846,946.2358670987203,21.861063245329138,0.0,924.3748038533912,1.7884545033162187,21.86203134322547,0.0
S2-000033,V,V|swing|2023-01-27T05:00:00Z,USD,2023-01-30T14:30:00Z,2023-02-22T21:00:00Z,stop,16,48.95358704802402,230.4301969451904,219.55059085791453,219.77036121913366,0.9203865623561895,0.9394964299135663,521.837196133155,-532.5957436416716,22.028173665657725,22.02911417161081,-532.5948031357185,-1.020614871998926,480.29194305858715,-284.80514203639655,20.479823858699355,20.45224600465213,-284.8327198904438,-0.5930408036340914,20.479559533115623,205.38882357949933
S2-000034,AMD,AMD|swing|2023-02-01T05:00:00Z,USD,2023-02-02T14:30:00Z,2023-03-17T20:00:00Z,objetivo,30,63.08438084378557,84.37429091644286,98.41113431944166,75.39356967381069,0.9179364787956674,0.9413536665725313,566.543239122083,885.5055750793551,11.530905378273832,0.0,873.9746697010813,1.542644249105143,520.0507060052167,958.216582946966,10.730017393663395,0.0,947.4865655533026,1.8219118916911887,10.730986341232345,145.3787134046904
S2-000035,COIN,COIN|swing|2023-02-02T05:00:00Z,USD,2023-02-03T14:30:00Z,2023-02-09T21:00:00Z,stop,4,65.42934902094713,73.79372122192382,65.00920877184187,65.07428305489677,0.9100837277029487,0.9284189026088572,570.5071630969803,-574.7649310752672,9.081785351692186,0.0,-583.8467164269593,-1.0233819208466475,519.209285672534,-445.0953573558346,8.343173920736133,0.0,-453.43853127657076,-0.8733251576755411,8.342737168115386,77.98885367007335
S2-000036,SIE.DE,SIE.DE|swing|2023-02-08T23:00:00Z,EUR,2023-02-10T08:00:00Z,2023-02-24T16:30:00Z,stop,10,71.1156933519439,145.86572122192382,141.88154091044834,142.02356447492326,1.0,1.0,273.237641029794,-283.3377452897429,20.4633460566672,0.0,-303.8010913464101,-1.1118566614812906,273.237641029794,-283.3377452897429,20.4633460566672,0.0,-303.8010913464101,-1.1118566614812906,20.4630831820047,0.0
S2-000037,PLTR,PLTR|swing|2023-02-14T05:00:00Z,USD,2023-02-15T14:30:00Z,2023-02-28T21:00:00Z,stop,8,408.5507241405983,9.16915984725952,7.801119918465615,7.808928847312927,0.9294544102611766,0.9417082587814295,555.7233600266705,-558.9137035620025,6.933220087155545,0.0,-565.846923649158,-1.0182169121377256,516.5195278619486,-480.4299143079928,6.483166879741219,0.0,-486.91308118773406,-0.9426808763711881,6.482692932519152,39.054892423118204
S2-000038,EXH1.DE,EXH1.DE|swing|2023-02-15T23:00:00Z,EUR,2023-02-17T08:00:00Z,2023-02-22T16:30:00Z,stop,3,278.27137059451354,37.22718862533569,35.934030538967676,35.97000053950718,1.0,1.0,349.83945173859235,-359.84887308900636,20.358672731216288,0.0,-380.20754582022266,-1.0868058017205047,349.83945173859235,-359.84887308900636,20.358672731216288,0.0,-380.20754582022266,-1.0868058017205047,20.358333240676135,0.0
S2-000039,BSP.DE,BSP.DE|swing|2023-02-20T23:00:00Z,EUR,2023-02-22T08:00:00Z,2023-02-23T16:30:00Z,stop,1,956.176695588776,10.510499999999999,10.068492646183287,10.078571217400688,1.0,1.0,413.00023607549184,-422.637130998402,19.677153186973257,0.0,-442.31428418537524,-1.0709782841492737,413.00023607549184,-422.637130998402,19.677153186973257,0.0,-442.31428418537524,-1.0709782841492737,19.67675022659101,0.0
S2-000040,RRU.DE,RRU.DE|swing|2023-02-22T23:00:00Z,EUR,2023-02-24T08:00:00Z,2023-03-08T08:00:00Z,objetivo,8,3498.526282560433,1.473472002863884,1.7782199714183808,1.3308571832520621,1.0,1.0,498.9416946945735,1066.1687775448079,11.376129834817327,0.0,1054.7926477099907,2.114059937114858,498.9416946945735,1066.1687775448079,11.376129834817327,0.0,1054.7926477099907,2.114059937114858,11.377207380801682,0.0
S2-000041,IQQT.DE,IQQT.DE|swing|2023-02-22T23:00:00Z,EUR,2023-02-24T08:00:00Z,2023-03-13T16:30:00Z,stop,11,159.73185472257262,62.47240984725951,61.47132585362026,61.53285871233259,1.0,1.0,150.07624538857544,-159.90500303707842,19.797762784745863,0.0,-179.70276582182427,-1.1974097923128355,150.07624538857544,-159.90500303707842,19.797762784745863,0.0,-179.70276582182427,-1.1974097923128355,19.797622677364217,0.0
S2-000042,NVDA,NVDA|swing|2023-02-23T05:00:00Z,USD,2023-02-24T14:30:00Z,2023-04-18T20:00:00Z,objetivo,36,210.70229458229525,23.248225381851192,28.027997925077166,20.73596327645438,0.9419743782969102,0.9114108640174992,529.3393901992562,1007.1090424391657,10.804017908283974,0.842809178329181,997.1478337092109,1.8837589874690042,498.6241429910099,768.1761405216475,9.996613278657298,0.7902570823527248,758.969784325343,1.5221280296871367,9.997391452188612,-180.49477360718177
S2-000043,6857.T,6857.T|swing|2023-02-23T15:00:00Z,JPY,2023-02-27T00:00:00Z,2023-03-23T06:00:00Z,objetivo,17,529.8433708879955,2685.1825,2981.3014285714285,2564.6428571428573,0.006966213862765586,0.006986655488017886,63867.130697063505,156896.65129802728,3002.3489457969376,0.0,153894.30235223036,2.4096010055968606,444.9120912369453,1125.265684581714,20.947294904358166,0.0,1104.3183896773558,2.4821046931026935,20.948441118483636,32.290057287896964
S2-000044,IBE.MC,IBE.MC|swing|2023-02-28T23:00:00Z,EUR,2023-03-02T08:00:00Z,2023-03-21T16:30:00Z,objetivo,13,937.0078501722921,10.605595267295836,11.149285210439137,10.488303218569074,1.0,1.0,109.90357041976712,509.4417447850001,20.384493787197613,0.0,489.0572509978025,4.44987591513079,109.90357041976712,509.4417447850001,20.384493787197613,0.0,489.0572509978025,4.44987591513079,20.385023613965096,0.0
S2-000045,CRWD,CRWD|swing|2023-03-08T05:00:00Z,USD,2023-03-09T14:30:00Z,2023-05-02T20:00:00Z,stop,37,186.42409661777356,32.05952765274048,29.149480303287508,29.178658962249756,0.948316737790422,0.9119927040583675,537.0633430991611,-542.5029482367164,11.41083401307263,0.0,-553.913782249789,-1.0313751429270732,509.3061575146146,-711.8554382186468,10.62369407463991,0.0,-722.4791322932867,-1.4185556597606128,10.622992842194147,-197.39081210511782
S2-000046,AMAT,AMAT|swing|2023-03-14T04:00:00Z,USD,2023-03-15T13:30:00Z,2023-04-17T13:30:00Z,stop,22,67.60893462092547,118.63851663970947,109.11078121948242,110.63285337175641,0.9313588525658936,0.9044044496698924,541.2543644801825,-644.1600411116062,15.397887388923785,0.0,-659.55792850053,-1.2185729516176105,504.1020438485447,-798.7831123338435,14.14211977491156,0.0,-812.925232108755,-1.6126203851555796,14.141335133134046,-198.83895557533998
S2-000047,EXV1.DE,EXV1.DE|swing|2023-03-15T23:00:00Z,EUR,2023-03-17T08:00:00Z,2023-03-20T08:00:00Z,stop,1,681.7516839955957,14.430416366577147,13.050936129570008,13.669964109148298,1.0,1.0,518.4396071003699,-940.4629746182601,18.73545834272489,0.0,-959.198432960985,-1.8501642618043341,518.4396071003699,-940.4629746182601,18.73545834272489,0.0,-959.198432960985,-1.8501642618043341,18.734536614285037,0.0
S2-000048,ASML.AS,ASML.AS|swing|2023-03-16T23:00:00Z,EUR,2023-03-20T08:00:00Z,2023-04-26T15:30:00Z,stop,25,11.801041177125807,592.6920755615233,548.6935746525355,549.2428174700055,1.0,1.0,512.746483853568,-519.2281209587724,13.469539057156622,0.0,-532.6976600159289,-1.0389104104867128,512.746483853568,-519.2281209587724,13.469539057156622,0.0,-532.6976600159289,-1.0389104104867128,13.469033298067929,0.0
S2-000049,8035.T,8035.T|swing|2023-03-23T15:00:00Z,JPY,2023-03-27T00:00:00Z,2023-04-03T06:00:00Z,stop,5,81.79160905285326,16549.867318359375,15656.35113532366,15672.023158482143,0.007150518412584913,0.006904646827314782,71800.28633400894,-73082.12632525478,2634.198428834431,23282.79943298521,-52433.525321103996,-0.7302690281371249,513.4092694601999,-837.4279525991451,18.521031505103295,162.15907113097373,-693.7899129732747,-1.351338891295686,18.52021259736314,-314.8528626795537
S2-000050,EQQQ.DE,EQQQ.DE|swing|2023-03-26T22:00:00Z,EUR,2023-03-28T07:00:00Z,2023-05-18T15:30:00Z,objetivo,34,35.527114827170564,287.8876061096191,308.0256035712106,275.6107286725725,1.0,1.0,436.1620344250543,715.4449482072289,21.171077027358606,0.0,694.2738711798703,1.5917796974123555,436.1620344250543,715.4449482072289,21.171077027358606,0.0,694.2738711798703,1.5917796974123555,21.171813644120558,0.0
S2-000051,IQQK.DE,IQQK.DE|swing|2023-04-10T22:00:00Z,EUR,2023-04-12T07:00:00Z,2023-04-25T07:00:00Z,stop,9,259.1042230820182,39.26922954177856,37.57239060974121,38.13999966212681,1.0,1.0,292.58823064816653,-439.6581331808577,19.909988289723085,0.0,-459.56812147058076,-1.5706992740360952,292.58823064816653,-439.6581331808577,19.909988289723085,0.0,-459.56812147058076,-1.5706992740360952,19.909568541156165,0.0
S2-000052,AZN,AZN|swing|2023-04-18T04:00:00Z,USD,2023-04-19T13:30:00Z,2023-05-25T13:30:00Z,stop,26,74.59143773679997,149.24910610961913,143.93592182922364,144.66498947143555,0.9114108640174992,0.9272137227630969,341.93585079529987,-396.31805443526457,21.869092756862152,0.0,-418.1871471921267,-1.2229988350723562,311.64404921190294,-191.5429676693301,20.101394337559814,0.0,-211.6443620068899,-0.6791221027390192,20.10122289581379,169.66561274924817
S2-000053,IBE.MC,IBE.MC|swing|2023-04-20T22:00:00Z,EUR,2023-04-24T07:00:00Z,2023-05-26T15:30:00Z,stop,23,863.6589828104514,11.691680305480956,11.31385385288511,11.325179031917028,1.0,1.0,316.5321171249574,-326.3132097278095,19.868936230225533,0.0,-346.18214595803505,-1.093671470378384,316.5321171249574,-326.3132097278095,19.868936230225533,0.0,-346.18214595803505,-1.093671470378384,19.86862978564509,0.0
S2-000054,SAP.DE,SAP.DE|swing|2023-04-20T22:00:00Z,EUR,2023-04-24T07:00:00Z,2023-06-20T15:30:00Z,tiempo,40,83.70011171398602,120.64051663970946,124.45542182922364,116.19928904942104,1.0,1.0,371.7312454543777,319.30799054060174,20.514557430493944,171.58522901367132,470.3786621237791,1.2653729485365748,371.7312454543777,319.30799054060174,20.514557430493944,171.58522901367132,470.3786621237791,1.2653729485365748,20.514897253380234,0.0
S2-000055,IFX.DE,IFX.DE|swing|2023-04-26T22:00:00Z,EUR,2023-04-28T07:00:00Z,2023-05-19T15:30:00Z,objetivo,14,307.5014051427495,32.5325,36.065681798560284,31.26321475846427,1.0,1.0,390.30699529919116,1086.4583676820746,21.094037293295067,0.0,1065.3643303887795,2.729554794610127,390.30699529919116,1086.4583676820746,21.094037293295067,0.0,1065.3643303887795,2.729554794610127,21.095144846806505,0.0
S2-000056,MSFT,MSFT|swing|2023-04-27T04:00:00Z,USD,2023-04-28T13:30:00Z,2023-05-26T20:00:00Z,objetivo,20,31.206905522202835,304.3140197753906,331.8165852225167,286.6174883161272,0.9056330374932077,0.9301460329271696,552.2539853199227,858.2699615266653,19.851667689951427,21.22069575509793,859.6389895918118,1.5566007895693499,500.13945419301086,1031.1089357907306,18.232157412900637,19.59617301237227,1032.4729513902023,2.064370132638559,18.233206755043028,253.83130354415906
S2-000057,VRTX,VRTX|swing|2023-04-27T04:00:00Z,USD,2023-04-28T13:30:00Z,2023-05-30T20:00:00Z,stop,21,32.59688526067272,338.83849999999995,322.4668418034145,322.78963143484935,0.9056330374932077,0.9307520476545048,523.1431271818313,-533.6650637610473,21.55649434903586,0.0,-555.2215581100832,-1.0613186511711588,473.7756993133774,-219.26838147990642,19.786309786240526,0.0,-239.05469126614696,-0.5045735600466604,19.78611030396739,264.0363312180165
S2-000058,MA,MA|swing|2023-04-27T04:00:00Z,USD,2023-04-28T13:30:00Z,2023-05-31T20:00:00Z,stop,22,29.619213746259312,372.90252877807615,358.7287711584909,359.0878590175084,0.9056330374932077,0.9360666479453337,409.1796564722417,-419.8155565221678,21.670343856274737,0.0,-441.4859003784425,-1.0789536903782813,370.5666151713835,-56.83368755179694,19.948744480168635,0.0,-76.78243203196558,-0.20720277782296834,19.948707595187933,323.3651500882746
S2-000059,AMZN,AMZN|swing|2023-04-27T04:00:00Z,USD,2023-04-28T13:30:00Z,2023-05-02T20:00:00Z,stop,2,83.36061837884556,107.83773336029051,101.11164180319649,101.21285465785435,0.9056330374932077,0.9119927040583675,552.2539853199225,-560.6911514720899,17.41814912350167,0.0,-578.1093005955915,-1.0468177975405482,500.13945419301075,-454.1765246840809,15.828055204145624,0.0,-470.00457988822654,-0.9397470564416724,15.82761685523717,53.60390591915194
S2-000060,MUV2.DE,MUV2.DE|swing|2023-05-04T22:00:00Z,EUR,2023-05-08T07:00:00Z,2023-05-11T15:30:00Z,stop,3,30.513749564333985,329.02871221923823,322.652018031529,322.97499302455356,1.0,1.0,184.72167143940976,-194.5768494921037,19.885222598774206,0.0,-214.46207209087788,-1.1610011452349986,184.72167143940976,-194.5768494921037,19.885222598774206,0.0,-214.46207209087788,-1.1610011452349986,19.885047906971213,0.0
S2-000061,EUNL.DE,EUNL.DE|swing|2023-05-14T22:00:00Z,EUR,2023-05-16T07:00:00Z,2023-06-02T15:30:00Z,objetivo,13,137.5863629557103,73.41734577178954,75.93442221941267,71.74971553257534,1.0,1.0,229.4431793684436,346.31539370994534,20.548766558914586,0.0,325.7666271510308,1.41981395153137,229.4431793684436,346.31539370994534,20.548766558914586,0.0,325.7666271510308,1.41981395153137,20.549133423441052,0.0
S2-000062,MU,MU|swing|2023-05-15T04:00:00Z,USD,2023-05-16T13:30:00Z,2023-05-26T20:00:00Z,objetivo,8,110.21404424800984,64.61455305480956,72.08123865039008,59.631070954459055,0.9194556822361163,0.9301460329271696,549.2497167171958,822.9336166172885,15.06579603551361,0.0,807.8678205817749,1.4708570546204567,505.0107730022029,841.5790359101919,13.93725981827165,0.0,827.6417760919203,1.6388596448581307,13.938115335422605,84.92804600830819
S2-000063,AMAT,AMAT|swing|2023-05-18T04:00:00Z,USD,2023-05-19T13:30:00Z,2023-05-24T20:00:00Z,stop,3,84.17498903378733,128.42830305480956,121.70174395915441,121.82356752668109,0.9248127254231019,0.9272137227630969,555.9535406512797,-566.2080381118944,21.054693964421126,26.935996490811945,-560.3267355855037,-1.0078661158072686,514.1529091383333,-499.03999877793154,19.496245308290433,24.975425582579458,-493.56081850364245,-0.9599494814311155,19.49576576405625,24.596400104796654
S2-000064,SIE.DE,SIE.DE|swing|2023-05-18T22:00:00Z,EUR,2023-05-22T07:00:00Z,2023-05-24T15:30:00Z,stop,2,64.71731433844539,159.11896672058103,152.41672250420706,152.56929179600306,1.0,1.0,423.87737090854614,-433.7512457241018,20.161753127204847,0.0,-453.91299885130667,-1.070859239025621,423.87737090854614,-433.7512457241018,20.161753127204847,0.0,-453.91299885130667,-1.070859239025621,20.16133953729665,0.0
S2-000065,RRU.DE,RRU.DE|swing|2023-05-21T22:00:00Z,EUR,2023-05-23T07:00:00Z,2023-07-18T15:30:00Z,tiempo,40,2357.2791834288087,1.8058040200471877,1.6788195304870606,1.588375027690615,1.0,1.0,512.5408375560503,-299.33789385842044,8.21423055776017,0.0,-307.5521244161806,-0.6000538920619128,512.5408375560503,-299.33789385842044,8.21423055776017,0.0,-307.5521244161806,-0.6000538920619128,8.213939433805347,0.0
S2-000066,7203.T,7203.T|swing|2023-05-23T15:00:00Z,JPY,2023-05-25T00:00:00Z,2023-06-13T06:00:00Z,objetivo,13,680.7878038480603,1955.4534999999998,2120.8502410714286,1845.517857142857,0.006697923643670461,0.006665333599946677,74842.8448653389,112600.08411764428,2775.09787170165,0.0,109824.98624594262,1.4674079592183513,501.29166018311383,707.1316643702357,18.540338547049444,0.0,688.5913258231863,1.3736341146622204,18.5410642197768,-47.05510132061627
S2-000067,NVDA,NVDA|swing|2023-05-25T04:00:00Z,USD,2023-05-26T13:30:00Z,2023-06-16T13:30:00Z,objetivo,14,151.884066361368,37.92788938903808,43.406550762176515,34.366607257298064,0.9315323707498836,0.9242998428690267,540.9020116287545,832.1213675692219,12.353405505391793,0.607536265445472,820.3754983292755,1.5166804350735827,503.8677332359148,727.4656449171524,11.45991477190604,0.5668902355560996,716.5726203808025,1.4221442912783178,11.460653698203437,-47.682345366239424
S2-000068,EUNN.DE,EUNN.DE|swing|2023-05-25T22:00:00Z,EUR,2023-05-29T07:00:00Z,2023-06-06T15:30:00Z,objetivo,6,232.82622687005747,43.65361061096191,45.25122207968575,42.627320425851,1.0,1.0,238.94727147314583,371.96585026730264,20.699376745877238,0.0,351.2664735214254,1.4700585252797187,238.94727147314583,371.96585026730264,20.699376745877238,0.0,351.2664735214254,1.4700585252797187,20.699769411496753,0.0
S2-000069,MRVL,MRVL|swing|2023-05-30T04:00:00Z,USD,2023-05-31T13:30:00Z,2023-07-28T20:00:00Z,tiempo,40,91.35243009350498,61.8617992362976,64.84509365844727,55.92321532113211,0.9307520476545048,0.9082652134423251,542.5040719645683,272.531195147771,11.574982575532404,5.481145805610298,266.43735837784885,0.4911250848551239,504.9367758419288,120.45242893961678,10.640232194748098,5.029035512992291,114.84123225786098,0.22743685497332877,10.640363287539422,-133.20653899390038
S2-000070,PLTR,PLTR|swing|2023-05-30T04:00:00Z,USD,2023-05-31T13:30:00Z,2023-07-19T20:00:00Z,objetivo,33,304.8245957184772,14.204189579963682,18.12016550399576,12.424464191709246,0.9307520476545048,0.8911067545891997,542.5040719645683,1193.6857778863687,9.853258470328441,0.0,1183.8325194160402,2.182163380136542,504.9367758419288,892.0458109255169,8.951960826229008,0.0,883.0938500992879,1.7489196516273193,8.952861824900847,-218.97967109828113
S2-000071,AVGO,AVGO|swing|2023-05-30T04:00:00Z,USD,2023-05-31T13:30:00Z,2023-07-17T20:00:00Z,objetivo,31,84.594574537902,79.56948786163329,91.0091504702568,73.15649890899658,0.9307520476545048,0.8904719501335708,542.5040719645682,967.7333912336518,14.430027334940906,38.913504287434925,992.2168681861458,1.8289574575782153,504.9367758419287,590.6081836472003,13.120665837879566,35.62529001870816,613.112807828029,1.214236785993114,13.121269567332543,-310.11165182715916
S2-000072,CRM,CRM|swing|2023-06-02T04:00:00Z,USD,2023-06-05T13:30:00Z,2023-07-19T20:00:00Z,objetivo,30,45.61738254352405,210.6804712219238,234.36862030465264,198.6478489467076,0.9291089844838799,0.8911067545891997,548.8967333302661,1080.59135845487,20.301974658815688,0.0,1060.2893837960544,1.931673700011051,509.98488649100256,597.6945449328149,18.45645446350646,0.0,579.2380904693084,1.1357946202186673,18.4570706151207,-406.2925947632456
S2-000073,6758.T,6758.T|swing|2023-06-04T15:00:00Z,JPY,2023-06-06T00:00:00Z,2023-06-23T06:00:00Z,stop,13,558.7285155768892,2732.7299999999996,2614.9181785714286,2617.535714285714,0.006668444918644972,0.006408202499198974,64362.3322600827,-65824.82410419501,2987.8835286406693,0.0,-68812.70763283568,-1.0691456511359687,429.1966675118878,-819.1710273342239,19.544314920550974,0.0,-838.7153422547749,-1.9541515713924882,19.543515293036982,-380.2218135159051
S2-000074,6501.T,6501.T|swing|2023-06-04T15:00:00Z,JPY,2023-06-06T00:00:00Z,2023-07-31T06:00:00Z,objetivo,38,897.780369349563,1700.6989999999998,1828.0200798797607,1631.1000061035156,0.006668444918644972,0.006521030322791001,62484.61044674358,114306.36612043693,3168.014718865302,0.0,111138.35140157162,1.7786515848777875,416.6751830270977,520.3146882215301,20.88380063610673,0.0,499.43088758542336,1.1986096315050847,20.884341835136,-241.9310181030694
S2-000075,VVSM.DE,VVSM.DE|swing|2023-06-04T22:00:00Z,EUR,2023-06-06T07:00:00Z,2023-08-01T15:30:00Z,tiempo,40,346.3848249981882,25.43040568733215,27.28268946647644,23.955357347215926,1.0,1.0,510.9343611550263,641.6029926858777,18.25901623996483,0.0,623.3439764459129,1.2200079380779394,510.9343611550263,641.6029926858777,18.25901623996483,0.0,623.3439764459129,1.2200079380779394,18.25967610263251,0.0
S2-000076,PANW,PANW|swing|2023-06-05T04:00:00Z,USD,2023-06-06T13:30:00Z,2023-06-27T20:00:00Z,objetivo,14,68.0414330981506,112.78767805480956,126.2195370777675,104.76107243129185,0.9354536950420954,0.9131586156515387,546.1417495378197,913.9229370943831,16.26239343841853,0.0,897.6605436559646,1.6436402168770703,510.890317621908,663.4589198739752,15.021242363582253,0.0,648.437677510393,1.269230704016354,15.021920844422764,-191.47366861469018
S2-000077,IQQK.DE,IQQK.DE|swing|2023-06-05T22:00:00Z,EUR,2023-06-07T07:00:00Z,2023-06-21T07:00:00Z,stop,10,241.61999911668306,42.3523113746643,41.11384378051758,41.501429966517854,1.0,1.0,205.58996508474712,-299.23853900377264,20.16709233486798,0.0,-319.4056313386406,-1.5536051635933545,205.58996508474712,-299.23853900377264,20.16709233486798,0.0,-319.4056313386406,-1.5536051635933545,20.166813263141744,0.0
S2-000078,AIR.PA,AIR.PA|swing|2023-06-12T22:00:00Z,EUR,2023-06-14T07:00:00Z,2023-07-25T15:30:00Z,objetivo,29,81.00169356265536,129.66953327941894,138.41929135363443,124.36142267499652,1.0,1.0,429.96594857610654,708.7452222749728,21.71564882049904,0.0,687.0295734544737,1.5978697283579548,429.96594857610654,708.7452222749728,21.71564882049904,0.0,687.0295734544737,1.5978697283579548,21.716379282100608,0.0
S2-000079,EXV1.DE,EXV1.DE|swing|2023-06-20T22:00:00Z,EUR,2023-06-22T07:00:00Z,2023-06-23T15:30:00Z,stop,1,662.2817661206195,15.479463747978208,15.118152645247324,15.133285931178502,1.0,1.0,229.2672559018896,-239.28975523559842,20.264243423986628,0.0,-259.55399865958503,-1.1321023477101155,229.2672559018896,-239.28975523559842,20.264243423986628,0.0,-259.55399865958503,-1.1321023477101155,20.26402439825393,0.0
S2-000080,BSP.DE,BSP.DE|swing|2023-06-21T22:00:00Z,EUR,2023-06-23T07:00:00Z,2023-06-26T15:30:00Z,stop,1,911.6792271070893,11.151140343666075,10.809090683800832,10.819910594395228,1.0,1.0,301.9752818101205,-311.8395695381873,20.020686450214153,0.0,-331.86025598840143,-1.098964968255489,301.9752818101205,-311.8395695381873,20.020686450214153,0.0,-331.86025598840143,-1.098964968255489,20.020394631038442,0.0
S2-000081,ITX.MC,ITX.MC|swing|2023-06-29T22:00:00Z,EUR,2023-07-03T07:00:00Z,2023-07-06T15:30:00Z,stop,3,290.85234363795644,35.38534847259521,34.025940419197084,34.0600004196167,1.0,1.0,385.4805873448027,-395.38701829115746,20.188436049109043,0.0,-415.5754543402665,-1.0780710312878732,385.4805873448027,-395.38701829115746,20.188436049109043,0.0,-415.5754543402665,-1.0780710312878732,20.18806085015005,0.0
S2-000082,8035.T,8035.T|swing|2023-07-02T15:00:00Z,JPY,2023-07-04T00:00:00Z,2023-07-10T06:00:00Z,stop,4,55.19332687641937,21321.3,19823.371071428573,19843.214285714286,0.006336734047272036,0.006409845522722903,81580.46797993717,-82675.68099228735,2270.911279668113,0.0,-84946.59227195547,-1.0412613996385276,516.953729040854,-443.901235998579,14.47015339083369,0.0,-458.3713893894127,-0.88667778882235,14.469723959320854,79.99256662665032
S2-000083,ZPRR.DE,ZPRR.DE|swing|2023-07-11T22:00:00Z,EUR,2023-07-13T07:00:00Z,2023-09-07T15:30:00Z,tiempo,40,208.4957311533913,49.44940152740478,49.1108398475647,47.73321315220424,1.0,1.0,357.8179500843868,-70.58866497877852,20.54938958812899,0.0,-91.13805456690751,-0.2547050938764077,357.8179500843868,-70.58866497877852,20.54938958812899,0.0,-91.13805456690751,-0.2547050938764077,20.54933954880259,0.0
S2-000084,ASML.AS,ASML.AS|swing|2023-07-13T22:00:00Z,EUR,2023-07-17T07:00:00Z,2023-07-20T07:00:00Z,stop,3,15.258992050696238,672.6719999999999,635.2641243896485,644.20359148298,1.0,1.0,434.3992192571805,-570.8064765717861,19.95778692488009,0.0,-590.7642634966662,-1.3599570102977367,434.3992192571805,-570.8064765717861,19.95778692488009,0.0,-590.7642634966662,-1.3599570102977367,19.9572360756375,0.0
S2-000085,EXH1.DE,EXH1.DE|swing|2023-07-16T22:00:00Z,EUR,2023-07-18T07:00:00Z,2023-08-09T15:30:00Z,objetivo,16,312.3305106758285,32.93290152740478,34.97178275850841,32.32321323667254,1.0,1.0,190.42425519747474,636.8048161179588,21.208704720300176,0.0,615.5961113976587,3.2327610301495997,190.42425519747474,636.8048161179588,21.208704720300176,0.0,615.5961113976587,3.2327610301495997,21.209362734477537,0.0
S2-000086,INFY,INFY|swing|2023-07-18T04:00:00Z,USD,2023-07-19T13:30:00Z,2023-07-20T13:30:00Z,stop,1,653.77745095602,17.827809465408322,15.984,17.04428447995867,0.8884940026654821,0.8911067545891997,512.2509677476264,-1205.4410523432346,22.105398604505282,0.0,-1227.54645094774,-2.3963770265682,455.13191270335534,-1043.7239434237176,19.66781728878287,0.0,-1063.3917607125004,-2.336447370601312,19.666793231630777,27.30320215001464
S2-000087,UBER,UBER|swing|2023-07-18T04:00:00Z,USD,2023-07-19T13:30:00Z,2023-08-11T20:00:00Z,stop,17,163.2105221293132,47.14709847259521,43.532851576668875,43.57642800467355,0.8884940026654821,0.9087604507451835,582.770991421213,-589.8831229883867,14.799921994200432,0.0,-604.6830449825871,-1.0375997671193908,517.7885308051649,-380.1141095517864,13.293635439261024,0.0,-393.4077449910474,-0.7597845869225716,13.293268618419983,143.99350749697922
S2-000088,SAP.DE,SAP.DE|swing|2023-07-18T22:00:00Z,EUR,2023-07-20T07:00:00Z,2023-07-21T07:00:00Z,stop,1,81.49836637308567,127.00687725067137,121.07879695129394,122.98214449201312,1.0,1.0,328.0091449188895,-483.128860127733,20.21857716802574,0.0,-503.3474372957587,-1.5345530607697755,328.0091449188895,-483.128860127733,20.21857716802574,0.0,-503.3474372957587,-1.5345530607697755,20.21811425727872,0.0
S2-000089,NFLX,NFLX|swing|2023-07-19T04:00:00Z,USD,2023-07-20T13:30:00Z,2023-07-20T20:00:00Z,stop,0,257.02884492064146,44.74470076370239,44.449148891993936,44.49364253452846,0.8911067545891997,0.8930963650977941,64.52920665239648,-75.96535619935766,22.92539215102898,0.0,-98.89074835038664,-1.5324959577310107,57.50241191623283,-44.96251219084675,20.45170252722132,0.0,-65.41421471806808,-1.137590799032236,20.451678016386058,22.730729833175324
S2-000090,NOW,NOW|swing|2023-07-19T04:00:00Z,USD,2023-07-20T13:30:00Z,2023-07-27T20:00:00Z,stop,5,96.12453870831739,119.6435260772705,113.72723101043701,113.84107208251953,0.8911067545891997,0.898876404494382,557.7582136216697,-568.7011341616625,22.432656373066674,0.0,-591.1337905347292,-1.0598387905331652,497.0221115858757,-421.8357831195613,20.074829256292606,0.0,-441.91061237585393,-0.8891166048243317,20.074427494935982,84.93763887443366
S2-000091,RRU.DE,RRU.DE|swing|2023-07-19T22:00:00Z,EUR,2023-07-21T07:00:00Z,2023-07-26T15:30:00Z,objetivo,3,3854.118805083938,1.7847829923629759,2.092682051545807,1.6534821859427862,1.0,1.0,506.048907146739,1186.6795540642022,14.944210941784458,0.0,1171.7353431224178,2.3154586969252158,506.048907146739,1186.6795540642022,14.944210941784458,0.0,1171.7353431224178,2.3154586969252158,14.94541256675009,0.0
S2-000092,SAP.DE,SAP.DE|swing|2023-07-20T22:00:00Z,EUR,2023-07-24T07:00:00Z,2023-08-24T15:30:00Z,objetivo,23,84.24385376172734,120.62049999999999,129.69303391007014,118.37714208875384,1.0,1.0,188.98911581023478,764.3052199682619,21.08737674530113,0.0,743.2178432229607,3.9325960124033315,188.98911581023478,764.3052199682619,21.08737674530113,0.0,743.2178432229607,3.9325960124033315,21.088162138683735,0.0
S2-000093,VRTX,VRTX|swing|2023-07-21T04:00:00Z,USD,2023-07-24T13:30:00Z,2023-08-01T20:00:00Z,stop,6,31.20406687562902,362.18182733154293,346.01005946895054,346.35641588483537,0.8990380293086397,0.9115770282588879,493.8171971174078,-504.6249258814811,22.0984669965005,0.0,-526.7233928779816,-1.0666363908601388,443.9604397351504,-318.29441737684715,20.002744800803477,0.0,-338.29716217765065,-0.7619984392741517,20.002446508831394,135.38258152765783
S2-000094,9988.HK,9988.HK|swing|2023-07-24T16:00:00Z,HKD,2023-07-26T01:30:00Z,2023-08-17T01:30:00Z,stop,16,723.0221750211376,93.09299999999999,86.51339847564697,86.98036003112793,0.11582653817642699,0.11700559286733907,4419.574245415016,-4757.197804910115,129.8594088735754,0.0,-4887.057213783691,-1.1057755662445663,511.9039850601159,-477.25857876124525,15.114916953865414,0.0,-492.37349571511066,-0.9618473582644378,15.114454809741147,73.75117440199125
S2-000095,QDV5.DE,QDV5.DE|swing|2023-07-25T22:00:00Z,EUR,2023-07-27T07:00:00Z,2023-08-15T15:30:00Z,stop,13,1473.7073093227705,6.997991175651549,6.874832306436129,6.881714020456586,1.0,1.0,171.3584935180749,-181.50012577069123,20.444481366497183,0.0,-201.9446071371884,-1.1784919614497384,171.3584935180749,-181.50012577069123,20.444481366497183,0.0,-201.9446071371884,-1.1784919614497384,20.444320310690504,0.0
S2-000096,1810.HK,1810.HK|swing|2023-07-26T16:00:00Z,HKD,2023-07-28T01:30:00Z,2023-09-26T08:00:00Z,tiempo,40,5670.264310888832,11.931920076370238,11.648339847564698,11.139999968664986,0.11522463041699794,0.12029930467001901,4490.396323796331,-1607.9748506697454,133.70630628817048,0.0,-1741.6811569579158,-0.3878680257526669,517.4042568352785,149.8996928182154,15.741437727182836,0.0,134.15825509103257,0.2592909766757937,15.74160336847801,335.178000706464
S2-000097,EQQQ.DE,EQQQ.DE|swing|2023-07-27T22:00:00Z,EUR,2023-07-31T07:00:00Z,2023-08-08T15:30:00Z,stop,6,30.024135488132245,349.4491061096191,339.12124137660436,339.460702078683,1.0,1.0,299.89319593503075,-310.08521004713714,20.673729406036674,0.0,-330.7589394531738,-1.1029224535151836,299.89319593503075,-310.08521004713714,20.673729406036674,0.0,-330.7589394531738,-1.1029224535151836,20.67343999426479,0.0
S2-000098,PLTR,PLTR|swing|2023-07-31T04:00:00Z,USD,2023-08-01T13:30:00Z,2023-08-07T20:00:00Z,stop,4,254.7328559528294,19.479459083557128,17.179945322309223,17.197142464773997,0.9071940488070398,0.9104151493080844,581.381030491232,-585.7617077055115,9.338354781836072,0.0,-595.1000624873476,-1.023597316177523,527.4254109509498,-517.3030442812278,8.485796374698708,0.0,-525.7888406559265,-0.9968970583118615,8.485287556941637,14.09649096826084
S2-000099,6501.T,6501.T|swing|2023-07-31T15:00:00Z,JPY,2023-08-02T00:00:00Z,2023-08-03T06:00:00Z,stop,1,867.452407501353,1900.0981511230466,1817.088254006522,1818.9071611676898,0.006375518010838381,0.006374298827129016,70429.31970419246,-72007.13510016889,3224.482296260944,0.0,-75231.61739642984,-1.068186058198593,449.02339626517346,-461.00450992033035,20.555823232260817,0.0,-481.56033315259117,-1.0724615624888347,20.555382783132565,-1.9217231803321646
S2-000100,7203.T,7203.T|swing|2023-07-31T15:00:00Z,JPY,2023-08-02T00:00:00Z,2023-08-17T06:00:00Z,stop,10,675.2504070383407,2440.9384999999997,2331.2021785714287,2333.535714285714,0.006375518010838381,0.0062865405167536305,72523.77477062299,-74099.49571153279,3222.3899356495804,0.0,-77321.88564718237,-1.0661591442493825,462.376632264093,-612.4861665012502,20.4043415756799,0.0,-632.8905080769301,-1.3687770183754564,20.403749493260975,-140.06349699833157
S2-000101,7011.T,7011.T|swing|2023-08-03T15:00:00Z,JPY,2023-08-07T00:00:00Z,2023-08-10T06:00:00Z,objetivo,3,2269.0240210395423,709.709,779.9158072716849,679.535664149693,0.006405739542630196,0.006355258976803305,68464.02383923993,159300.9321399468,3379.994470035852,0.0,155920.93766991093,2.277414164788622,438.56270475459564,931.1074629215329,21.562031413314873,0.0,909.545431508218,2.073923344706586,21.562984083761904,-89.33281726517379
S2-000102,LLY,LLY|swing|2023-08-08T04:00:00Z,USD,2023-08-09T13:30:00Z,2023-09-07T20:00:00Z,objetivo,20,17.951741225013883,520.8903651123046,569.2203731493269,489.47318376813615,0.9137426900584795,0.9337068160597572,563.9931095098459,867.6077976834647,19.56938587988165,20.285467584265685,868.3238793878487,1.5396001560063208,515.3445810579732,996.7736414041159,18.085386655108596,18.559439692832285,997.2476944418396,1.9351085295096082,18.08640151515008,204.0033584331131
S2-000103,R6C0.DE,R6C0.DE|swing|2023-08-08T22:00:00Z,EUR,2023-08-10T07:00:00Z,2023-09-14T15:30:00Z,objetivo,25,363.423417388442,28.453424236297604,30.330443208830697,27.309465135846818,1.0,1.0,415.7415256384327,682.152649500919,21.363433994217708,0.0,660.7892155067012,1.5894231746322707,415.7415256384327,682.152649500919,21.363433994217708,0.0,660.7892155067012,1.5894231746322707,21.364137511003484,0.0
S2-000104,MUV2.DE,MUV2.DE|swing|2023-08-09T22:00:00Z,EUR,2023-08-11T07:00:00Z,2023-09-12T15:30:00Z,objetivo,22,29.328560740468237,352.55221221923824,372.4022303352356,339.64998626708984,1.0,1.0,378.40371752483,582.1724620144225,21.26187040253118,0.0,560.9105916118914,1.4823072967698467,378.40371752483,582.1724620144225,21.26187040253118,0.0,560.9105916118914,1.4823072967698467,21.26247383746659,0.0
S2-000105,APP,APP|swing|2023-08-11T04:00:00Z,USD,2023-08-14T13:30:00Z,2023-10-10T20:00:00Z,tiempo,40,131.89839602059448,38.43840152740478,40.489468780517576,34.15928534099034,0.9087604507451835,0.945000945000945,564.408561373828,270.5324808159447,10.410459494936463,0.0,260.1220213210083,0.46087539970663227,512.9121786385205,439.391433379055,9.65415607725448,0.0,429.73727730180053,0.8378379285953002,9.654605123292386,193.5422141715448
S2-000106,6857.T,6857.T|swing|2023-08-23T15:00:00Z,JPY,2023-08-25T00:00:00Z,2023-08-25T06:00:00Z,stop,0,352.0030187552115,4619.615,4465.440803571429,4469.910714285715,0.006330716637123322,0.006330716637123322,52696.36049202104,-54269.78255701598,3197.9670684166967,0.0,-57467.749625432676,-1.0905449463466095,333.60572608268575,-343.56661532676543,20.24542332499808,0.0,-363.8120386517635,-1.0905449463466073,20.24510000348294,0.0
S2-000107,8035.T,8035.T|swing|2023-08-23T15:00:00Z,JPY,2023-08-25T00:00:00Z,2023-08-25T06:00:00Z,stop,0,77.52297454332144,20975.954999999998,20474.148214285717,20494.64285714286,0.006330716637123322,0.006330716637123322,37312.74899810551,-38901.5546745942,3213.3352962991175,0.0,-42114.88997089332,-1.1286997367315827,236.21644085911313,-246.27471938841637,20.342715220936427,0.0,-266.6174346093528,-1.128699736731584,20.34248928870499,0.0
S2-000108,NVDA,NVDA|swing|2023-08-24T04:00:00Z,USD,2023-08-25T13:30:00Z,2023-09-21T13:30:00Z,stop,18,107.68526939086559,47.05901303863525,41.541417182922366,41.91067573002407,0.9225092250922509,0.9344047841524948,554.4000899928391,-594.1637961123654,9.54096119655502,0.43074107756346236,-603.274016231357,-1.0881564182991912,511.43919741036814,-494.9080046909872,8.854838298507708,0.40087582835129115,-503.36196716114364,-0.9842068611672259,8.854352244854569,53.213578438501436
S2-000109,7011.T,7011.T|swing|2023-08-29T15:00:00Z,JPY,2023-08-31T00:00:00Z,2023-09-07T06:00:00Z,objetivo,5,1832.413079274808,828.9280755615233,899.8706954694476,783.9857090541294,0.006283380458686773,0.006321911746112024,82352.98020171066,129996.1845973018,3167.8734794713655,0.0,126828.31111783044,1.540057333774497,517.4551065140474,880.3510679611471,19.968489898461076,0.0,860.3825780626861,1.6627192721294155,19.96939021891759,63.53558195862251
S2-000110,7203.T,7203.T|swing|2023-08-30T15:00:00Z,JPY,2023-09-01T00:00:00Z,2023-09-07T06:00:00Z,objetivo,4,661.1116736176917,2487.4849999999997,2666.215044642857,2412.410714285714,0.006309546343617894,0.006321911746112024,49632.48667422402,118160.51893960404,3407.1712618374117,0.0,114753.34767776662,2.312061219720475,313.158474820014,767.3353434326997,21.519501050403534,0.0,745.8158423822962,2.3815923960255247,21.520289906036357,21.796073197328518
S2-000111,8035.T,8035.T|swing|2023-08-30T15:00:00Z,JPY,2023-09-01T00:00:00Z,2023-09-22T00:00:00Z,stop,14,62.22234137796423,21496.475,20074.905,20175.0,0.006309546343617894,0.006355662895640015,82225.26857244519,-88453.4138326726,2586.6685979130743,0.0,-91040.08243058567,-1.1072032236705207,518.8041426742708,-500.49637857891105,16.378309929363212,0.0,-516.8746885082743,-0.9962809584440656,16.377825810810332,57.604535249548576
S2-000112,RRU.DE,RRU.DE|swing|2023-08-30T22:00:00Z,EUR,2023-09-01T07:00:00Z,2023-09-27T15:30:00Z,stop,18,4023.9139222343315,2.5825799236297606,2.496251187392643,2.4987499373299733,1.0,1.0,337.3246489724275,-347.37940363343233,20.43677921631991,0.0,-367.81618284975224,-1.0903922496331333,337.3246489724275,-347.37940363343233,20.43677921631991,0.0,-367.81618284975224,-1.0903922496331333,20.436452273368715,0.0
S2-000113,ITX.MC,ITX.MC|swing|2023-09-05T22:00:00Z,EUR,2023-09-07T07:00:00Z,2023-10-16T15:30:00Z,stop,27,299.34423756233224,35.185151527404784,33.81044072628021,33.844285011291504,1.0,1.0,401.3806649387906,-411.5117566313378,20.653432958340893,0.0,-432.1651895896787,-1.0766965809266937,401.3806649387906,-411.5117566313378,20.653432958340893,0.0,-432.1651895896787,-1.0766965809266937,20.65304209962597,0.0
S2-000114,7011.T,7011.T|swing|2023-09-06T15:00:00Z,JPY,2023-09-08T00:00:00Z,2023-09-12T06:00:00Z,stop,2,1851.530150818652,897.7969244384765,861.0559484318325,861.9178662981305,0.0063411540900443885,0.006362942224484602,66431.15792982589,-68027.02484680607,3256.5691249733827,0.0,-71283.59397177945,-1.0730445801814776,421.25020881310013,-396.6336548679569,20.685142818310158,0.0,-417.3187976862671,-0.9906672779156358,20.68476686942067,34.73619197291898
S2-000115,INTC,INTC|swing|2023-09-07T04:00:00Z,USD,2023-09-08T13:30:00Z,2023-09-20T20:00:00Z,stop,8,202.05483130935818,38.15811893081665,35.33570006316049,35.37107113429478,0.9337068160597572,0.9344047841524948,563.1364723773445,-570.2833681886153,14.849781199108556,0.0,-585.1331493877238,-1.0390610057940626,525.8043626305738,-527.4941510300769,13.870325239536841,0.0,-541.3644762696138,-1.0295929717303856,13.869811615196705,4.9833169331488625
S2-000116,AMZN,AMZN|swing|2023-09-11T04:00:00Z,USD,2023-09-12T13:30:00Z,2023-09-20T20:00:00Z,stop,6,79.4236903390674,142.46232733154295,135.26461513464793,135.40001514979772,0.9324878776575904,0.9344047841524948,560.9148958007564,-571.668864675919,22.058098677250733,0.0,-593.7269633531698,-1.0584974080703833,523.0463407317759,-512.4805479145557,20.589503359141254,0.0,-533.070051273697,-1.019164096488845,20.589011467603587,20.593738430016
S2-000117,TSLA,TSLA|swing|2023-09-11T04:00:00Z,USD,2023-09-12T13:30:00Z,2023-09-25T20:00:00Z,stop,9,19.98158171752636,271.0307697753906,242.4747687590463,242.71748624529158,0.9324878776575904,0.9404683532399135,565.7441885481663,-570.5940678338491,10.260652880628232,0.0,-580.8547207144773,-1.0267091248521494,527.5495976763954,-493.4064124450069,9.606600066911653,0.0,-503.01301251191853,-0.9534895197104712,9.6061162666145,38.66563887339
S2-000118,7011.T,7011.T|swing|2023-09-11T15:00:00Z,JPY,2023-09-13T00:00:00Z,2023-10-04T00:00:00Z,stop,14,1334.1855104853985,841.3404999999999,777.6216243896484,779.0178462437221,0.006352432981832042,0.00636902108145978,83149.98161662418,-85012.80058375237,2159.995808385328,10673.484083883188,-76499.3123082545,-0.9200159858238621,528.2046856601714,-522.8281058765009,13.73843862623556,67.8974814496386,-468.66906305309783,-0.8872868336397592,13.737929536058358,17.21001242963802
S2-000119,MA,MA|swing|2023-09-14T04:00:00Z,USD,2023-09-15T13:30:00Z,2023-09-25T13:30:00Z,stop,6,27.864085722103393,412.271845336914,400.1994060974121,401.02571759905135,0.9319664492078286,0.9392317084624777,313.3630673295296,-336.38748184436497,22.638768596710683,0.0,-359.02625044107566,-1.1457197349409625,292.0438651719754,-232.48555661470797,21.1795890739119,0.0,-253.66514568861987,-0.8685857706315606,21.179377767731033,81.01629039774758
S2-000120,NFLX,NFLX|swing|2023-09-14T04:00:00Z,USD,2023-09-15T13:30:00Z,2023-09-15T20:00:00Z,stop,0,286.18709162162173,40.14009847259521,39.47926553433282,39.51878431865147,0.9319664492078286,0.9382623381497466,177.81209070050838,-189.12185664908552,22.786034221905965,0.0,-211.90789087099148,-1.1917518658948292,165.71490279637314,-105.1213998678846,21.30695323065872,0.0,-126.42835309854333,-0.7629268760088266,21.30686941612786,71.13382534095562
S2-000121,TTE.PA,TTE.PA|swing|2023-09-14T22:00:00Z,EUR,2023-09-18T07:00:00Z,2023-10-04T15:30:00Z,stop,12,170.75672379097793,62.342278778076164,60.00279082325527,60.0628536769322,1.0,1.0,389.22716239826184,-399.4832985136716,20.891243257102524,126.35997560532367,-294.0145661654505,-0.7553803911162071,389.22716239826184,-399.4832985136716,20.891243257102524,126.35997560532367,-294.0145661654505,-0.7553803911162071,20.890864664667276,0.0
S2-000122,BBVA.MC,BBVA.MC|swing|2023-09-19T22:00:00Z,EUR,2023-09-21T07:00:00Z,2023-10-31T08:00:00Z,stop,28,1399.7212713909494,7.4174098472595205,7.086905862808227,7.121142932346889,1.0,1.0,414.69110281258224,-462.6134573159386,20.30199922635175,223.9554034225519,-258.96005311973846,-0.6244649363426885,414.69110281258224,-462.6134573159386,20.30199922635175,223.9554034225519,-258.96005311973846,-0.6244649363426885,20.301556914450224,0.0
S2-000123,1810.HK,1810.HK|swing|2023-10-11T16:00:00Z,HKD,2023-10-13T01:30:00Z,2023-10-30T08:00:00Z,objetivo,10,5545.483665922075,12.412399618148802,14.161894653490611,11.649285929543632,0.12040069350799461,0.12132094242108074,4231.834495401514,9701.796142099765,147.36731481678294,0.0,9554.428827282982,2.2577510622556765,509.51580805739667,1240.374323101657,17.815398243671293,0.0,1222.5589248579856,2.3994523928887896,17.8166564346498,72.27133931965851
S2-000124,LLY,LLY|swing|2023-11-08T05:00:00Z,USD,2023-11-09T14:30:00Z,2023-12-11T21:00:00Z,stop,21,12.189692453663813,615.3747697753905,570.209212247576,570.7799922398159,0.93711929528629,0.9296272194849864,543.5966231982105,-550.554255762319,14.451904118850049,13.774352472640107,-551.231807408529,-1.0140456799849076,509.41488445151396,-568.0099996341994,13.491083219944443,12.844416703319757,-568.6566661508241,-1.1162937784259988,13.490528700472835,-52.0749834573475
S2-000125,TSM,TSM|swing|2023-11-10T05:00:00Z,USD,2023-11-13T14:30:00Z,2024-01-11T21:00:00Z,tiempo,40,100.2823479944083,97.10701213836668,101.11878121948241,91.69178635733468,0.9360666479453337,0.910166560480568,543.0515562417431,402.3096230656553,19.87854799097949,48.03524468932157,430.4663197639974,0.7926803906853594,508.33244991270533,113.95062726710576,18.345007790904507,43.99234791585454,139.5979673920558,0.27461942950136004,18.34514008667113,-262.63799303211425
S2-000126,DBK.DE,DBK.DE|swing|2023-11-13T23:00:00Z,EUR,2023-11-15T08:00:00Z,2023-11-30T16:30:00Z,objetivo,11,953.5969629949412,10.68867845058441,11.421852342418262,10.251142876488823,1.0,1.0,417.2325946598003,699.1523965999428,21.08453501441348,0.0,678.0678615855293,1.6251555373769555,417.2325946598003,699.1523965999428,21.08453501441348,0.0,678.0678615855293,1.6251555373769555,21.085255252063526,0.0
S2-000127,8035.T,8035.T|swing|2023-11-14T15:00:00Z,JPY,2023-11-16T00:00:00Z,2023-12-07T06:00:00Z,stop,14,51.84654791278583,24074.049999999996,22449.670714285716,22472.14285714286,0.006120325601321991,0.0063011972274732205,83053.35543397641,-84218.45846532223,2412.094315094281,0.0,-86630.5527804165,-1.0430710755483419,508.3135775382607,-304.9210416158504,14.973325935308093,0.0,-319.8943675511585,-0.6293248531750661,14.973035987301094,210.52334583333342
S2-000128,VRTX,VRTX|swing|2023-11-15T05:00:00Z,USD,2023-11-16T14:30:00Z,2023-12-13T21:00:00Z,objetivo,18,31.470649891191425,351.0707212219238,386.46386219951086,338.32927213396346,0.9201324990798675,0.9270418095856123,400.9816833536404,1113.8451482552227,23.210692657501685,0.0,1090.634455597721,2.7199109108329282,368.9562783894372,1108.918012156416,21.44094553262611,0.0,1087.4770666237898,2.9474415542427668,21.442075892712953,84.03289230435183
S2-000129,PANW,PANW|swing|2023-11-15T05:00:00Z,USD,2023-11-16T14:30:00Z,2023-11-16T21:00:00Z,stop,0,91.98205021558174,120.1149977493286,118.81748810332162,118.93642452784947,0.9201324990798675,0.9217439395335976,108.40758124083297,-119.347597414215,21.977499911832247,0.0,-141.32509732604726,-1.303645886278805,99.7493386463314,-92.20404762629641,20.239823472843398,0.0,-112.44387109913981,-1.127264327012912,20.239751508545353,17.61155544162342
S2-000130,INTC,INTC|swing|2023-11-16T05:00:00Z,USD,2023-11-17T14:30:00Z,2023-12-22T21:00:00Z,objetivo,24,234.72296406452753,42.95290984725952,47.40879577793394,40.612496103559224,0.9217439395335976,0.9071940488070398,549.3488510586909,1045.8987531813257,21.2099673822717,0.0,1024.688785799054,1.865278836615932,506.3589741530933,802.1406269627638,19.388248682166353,0.0,782.7523782805974,1.5458447825276203,19.389070211863757,-161.91021014786952
S2-000131,RRU.DE,RRU.DE|swing|2023-11-20T23:00:00Z,EUR,2023-11-22T08:00:00Z,2023-11-30T16:30:00Z,objetivo,6,2615.4644509984014,2.8118090152740476,3.1435319819365226,2.6172142199107578,1.0,1.0,508.9557696219931,867.6096268854312,15.575982671777616,0.0,852.0336442136536,1.674081904693738,508.9557696219931,867.6096268854312,15.575982671777616,0.0,852.0336442136536,1.674081904693738,15.576865858269734,0.0
S2-000132,VVSM.DE,VVSM.DE|swing|2023-11-22T23:00:00Z,EUR,2023-11-24T08:00:00Z,2023-12-13T08:00:00Z,objetivo,13,366.8395521337337,27.777749999999997,29.475494161605834,26.809464522770472,1.0,1.0,355.2054108044776,622.7997078811462,21.002754446446787,0.0,601.7969534346994,1.6942223714209068,355.2054108044776,622.7997078811462,21.002754446446787,0.0,601.7969534346994,1.6942223714209068,21.00339824955239,0.0
S2-000133,7011.T,7011.T|swing|2023-11-23T15:00:00Z,JPY,2023-11-27T00:00:00Z,2023-12-07T06:00:00Z,stop,8,1148.505396078374,876.8759999999999,803.7561736057826,804.5607343401227,0.00612369871402327,0.0063011972274732205,83054.47282921,-83978.51517407245,1930.2151202091677,0.0,-85908.73029428162,-1.0343660897221152,508.6005684581139,-350.4069989417437,11.983907975848458,0.0,-362.3909069175922,-0.71252556405162,11.983569552418352,163.85212643530673
S2-000134,EXSA.DE,EXSA.DE|swing|2023-11-26T23:00:00Z,EUR,2023-11-28T08:00:00Z,2023-12-08T16:30:00Z,objetivo,8,222.9986012977538,45.360313625335685,46.80359502942222,44.55803380693708,1.0,1.0,178.9072773523043,321.84973439035525,20.552422720144957,0.0,301.2973116702103,1.6840975734983408,178.9072773523043,321.84973439035525,20.552422720144957,0.0,301.2973116702103,1.6840975734983408,20.55276512264222,0.0
S2-000135,AVGO,AVGO|swing|2023-11-27T05:00:00Z,USD,2023-11-28T14:30:00Z,2023-12-12T21:00:00Z,objetivo,10,107.19572249672312,94.08799729919433,104.07330784443447,88.9216799054827,0.9131586156515387,0.9255831173639393,553.807125666305,1070.3825782511651,21.242044275764904,0.0,1049.1405339754,1.8944150144567786,505.71374821140074,1116.0394662011274,19.53596613729394,0.0,1096.5035000638336,2.1682295645351295,19.537101713861716,138.61039282776807
S2-000136,IS3N.DE,IS3N.DE|swing|2023-11-29T23:00:00Z,EUR,2023-12-01T08:00:00Z,2024-01-17T16:30:00Z,stop,30,366.1591206763884,28.037009778976437,27.50086460311072,27.528392996106827,1.0,1.0,186.23467397678962,-196.31444614987822,20.335699247980752,0.0,-216.65014539785898,-1.1633179835504748,186.23467397678962,-196.31444614987822,20.335699247980752,0.0,-216.65014539785898,-1.1633179835504748,20.335523269056505,0.0
S2-000137,MRVL,MRVL|swing|2023-11-30T05:00:00Z,USD,2023-12-01T14:30:00Z,2023-12-01T21:00:00Z,stop,0,214.6579893684051,52.27222122192382,50.9896740940639,51.04071480887277,0.9148293843198244,0.9195402298850576,264.35269051983516,-275.3089877366334,22.165990826900654,0.0,-297.4749785635341,-1.1252958234643489,241.83760911154988,-200.29894101784075,20.329661551743378,0.0,-220.62860256958413,-0.9123006275993123,20.32948158228217,51.56181073097792
S2-000138,CRM,CRM|swing|2023-12-01T05:00:00Z,USD,2023-12-04T14:30:00Z,2024-01-19T21:00:00Z,objetivo,31,44.05721274412024,253.05280305480954,281.3585406793867,245.57321275983537,0.9195402298850576,0.918526683200147,329.5299008645342,1247.0719044052441,23.544674263768655,0.0,1223.5272301414755,3.712947525949861,303.01600079497405,1134.1689895890452,21.637711389003677,0.0,1112.5312782000415,3.671526504479213,21.638867196858413,-12.563796070948918
S2-000139,QDV5.DE,QDV5.DE|swing|2023-12-06T23:00:00Z,EUR,2023-12-08T08:00:00Z,2024-01-12T08:00:00Z,objetivo,22,1334.4929627061395,7.668660774707793,7.980011916160583,7.540249807494027,1.0,1.0,171.36353208105908,415.49590719927215,20.883043581655592,0.0,394.61286361761654,2.3027820378431225,171.36353208105908,415.49590719927215,20.883043581655592,0.0,394.61286361761654,2.3027820378431225,20.883479961041722,0.0
S2-000140,AMD,AMD|swing|2023-12-11T05:00:00Z,USD,2023-12-12T14:30:00Z,2023-12-29T21:00:00Z,objetivo,12,62.19469108243131,132.38225,150.89288585145135,123.32071958269391,0.9296272194849864,0.9049773755656109,563.579085038407,1151.2632785203948,17.618209565614784,0.0,1133.64506895478,2.0115101838414104,523.918457784147,838.91339247764,16.147034882757815,0.0,822.7663575948822,1.5704091836631946,16.147889944039704,-231.33228802844476
S2-000141,AVGO,AVGO|swing|2023-12-12T05:00:00Z,USD,2023-12-13T14:30:00Z,2024-01-19T21:00:00Z,objetivo,24,81.18473696453114,106.90680305480956,118.08417167554582,99.9117453438895,0.9255831173639393,0.918526683200147,567.8919203127597,907.4317314300775,18.265833102877373,42.62198690637885,931.787885233579,1.6407838391509566,525.6311739288778,772.2560502678854,16.83889930410655,38.8815790060015,794.2987299697803,1.5111332230025902,16.839688399844782,-67.64744050412243
S2-000142,VRTX,VRTX|swing|2023-12-13T05:00:00Z,USD,2023-12-14T14:30:00Z,2024-01-17T21:00:00Z,objetivo,21,26.31689643067719,404.5041061096191,438.19118487821305,382.6968024117606,0.9270418095856123,0.919371150133309,573.9005528488663,886.5393630051515,22.177124695546155,0.0,864.3622383096053,1.5061184973927542,532.0298070351963,733.4022989914324,20.470665052807142,0.0,712.9316339386253,1.3400219771736614,20.471418926523672,-88.45675635773823
S2-000143,MA,MA|swing|2023-12-14T05:00:00Z,USD,2023-12-15T14:30:00Z,2024-01-22T14:30:00Z,objetivo,23,28.10153839458865,413.03261511230465,438.5410309753418,405.19570704868863,0.9158347834050736,0.918526683200147,220.22917284456705,716.8257277602729,23.930529511351846,18.547015340428512,711.4422135893495,3.2304630871563504,201.6935368115826,689.6680403811462,21.949585417056273,16.94410317963504,684.6625581437249,3.3945686558281776,21.950297035392445,33.17410525863284
S2-000144,AAPL,AAPL|swing|2023-12-14T05:00:00Z,USD,2023-12-15T14:30:00Z,2024-01-02T14:30:00Z,stop,10,58.70124389620522,197.72752877807616,186.96284390258788,190.70285579136439,0.9158347834050736,0.9049773755656109,412.35704228405245,-631.9003923418294,22.581803391249743,0.0,-654.4821957330792,-1.5871735622796483,377.650922505772,-697.8758834018562,20.56204149327327,0.0,-718.4379248951294,-1.9023862569385062,20.56136417875426,-119.159524447895
S2-000145,8035.T,8035.T|swing|2023-12-19T15:00:00Z,JPY,2023-12-21T00:00:00Z,2024-01-19T06:00:00Z,objetivo,17,50.88433148422077,24944.92,28139.778482142858,23313.035714285714,0.0063645621181262725,0.006215426689042203,83037.3409381765,162568.23805053168,2701.179394305268,0.0,159867.0586562264,1.9252429912857119,528.496314525054,821.1325335370132,16.978280931288644,0.0,804.1542526057245,1.5215891398001464,16.979119042940162,-213.543115969935
S2-000146,IQQT.DE,IQQT.DE|swing|2023-12-28T23:00:00Z,EUR,2024-01-02T08:00:00Z,2024-01-03T08:00:00Z,stop,1,159.18340251289402,67.48741816711426,66.66327335357666,66.93606839861188,1.0,1.0,87.76573212490473,-131.19017558226983,21.35456352572122,0.0,-152.54473910799106,-1.7380899744662917,87.76573212490473,-131.19017558226983,21.35456352572122,0.0,-152.54473910799106,-1.7380899744662917,21.354453689999765,0.0
S2-000147,ZPRR.DE,ZPRR.DE|swing|2024-01-01T23:00:00Z,EUR,2024-01-03T08:00:00Z,2024-01-04T16:30:00Z,stop,1,203.57121410188228,52.41236061096191,50.720121115003316,50.770892007010325,1.0,1.0,334.15575661654634,-344.49124874344864,20.994804518294927,0.0,-365.48605326174356,-1.0937595598005803,334.15575661654634,-344.49124874344864,20.994804518294927,0.0,-365.48605326174356,-1.0937595598005803,20.99448102152641,0.0
S2-000148,BSP.DE,BSP.DE|swing|2024-01-03T23:00:00Z,EUR,2024-01-05T08:00:00Z,2024-02-12T16:30:00Z,objetivo,26,771.8009230310524,13.643630114555357,14.566312010560717,13.121071270533971,1.0,1.0,403.31139815374564,712.126739000978,21.772459370817156,0.0,690.3542796301608,1.7117152720960096,403.31139815374564,712.126739000978,21.772459370817156,0.0,690.3542796301608,1.7117152720960096,21.773193270747655,0.0
S2-000149,EXV1.DE,EXV1.DE|swing|2024-01-03T23:00:00Z,EUR,2024-01-05T08:00:00Z,2024-01-15T16:30:00Z,stop,6,624.756329680421,16.85483734321594,16.484641699586597,16.501142842429026,1.0,1.0,220.97287813978178,-231.28207157755028,20.829050560238628,0.0,-252.11112213778893,-1.1409143251431513,220.97287813978178,-231.28207157755028,20.829050560238628,0.0,-252.11112213778893,-1.1409143251431513,20.828840107006386,0.0
S2-000150,6758.T,6758.T|swing|2024-01-11T15:00:00Z,JPY,2024-01-15T00:00:00Z,2024-02-15T00:00:00Z,stop,22,594.6834129960962,2895.8929999999996,2727.27,2785.8928571428573,0.006282590940503864,0.006200396825396825,65415.2603843435,-100277.30114964048,3344.001764673367,0.0,-103621.30291431384,-1.5840539700597842,410.9773222613778,-763.3087947061019,20.875687660800637,0.0,-784.1844823669026,-1.9080967242960631,20.874945226949635,-133.30753096519408
S2-000151,6857.T,6857.T|swing|2024-01-11T15:00:00Z,JPY,2024-01-15T00:00:00Z,2024-01-19T00:00:00Z,objetivo,4,221.18979846791697,5045.039999999999,5745.249,4655.75,0.006282590940503864,0.006215426689042203,86106.9766455752,154879.08759542185,2386.7018493205815,0.0,152492.38574610127,1.770964347915442,540.9749113876685,887.6902620219067,14.909319725646707,0.0,872.78094229626,1.6133482790495173,14.910222326130022,-85.3516905785954
S2-000152,EUNN.DE,EUNN.DE|swing|2024-01-14T23:00:00Z,EUR,2024-01-16T08:00:00Z,2024-01-17T08:00:00Z,stop,1,225.25731746612016,47.85881182479858,47.288662536621096,47.37096527644566,1.0,1.0,109.89100481708458,-128.4302992100776,21.432664838329842,0.0,-149.86296404840743,-1.3637418667511216,109.89100481708458,-128.4302992100776,21.432664838329842,0.0,-149.86296404840743,-1.3637418667511216,21.432557840586743,0.0
S2-000153,AMD,AMD|swing|2024-01-16T05:00:00Z,USD,2024-01-17T14:30:00Z,2024-01-24T21:00:00Z,objetivo,5,41.419291776909404,158.60844694519042,180.07672146524703,144.39535685947962,0.9189487226612755,0.9170105456212746,588.696125311554,889.2007262930144,14.028099810903608,0.0,875.1726264821108,1.4866288206312646,540.9815523906948,802.67368691645,12.876648217894758,0.0,789.7970386985553,1.4599334029197486,12.87746376904476,-14.45618469999362
S2-000154,MUV2.DE,MUV2.DE|swing|2024-01-16T23:00:00Z,EUR,2024-01-18T08:00:00Z,2024-02-16T16:30:00Z,objetivo,21,27.56663541796832,392.29189389038083,414.85795174189974,377.81782967703685,1.0,1.0,399.0012511855159,622.0702896136032,22.25040552221449,0.0,599.8198840913888,1.5033032661155794,399.0012511855159,622.0702896136032,22.25040552221449,0.0,599.8198840913888,1.5033032661155794,22.25104984355366,0.0
S2-000155,ALV.DE,ALV.DE|swing|2024-01-17T23:00:00Z,EUR,2024-01-19T08:00:00Z,2024-03-08T16:30:00Z,objetivo,35,44.77470609774541,245.29505305480956,257.1729385994503,237.29643086024694,1.0,1.0,358.13595794844446,531.8288343239468,22.497856649843875,0.0,509.33097767410294,1.4221721286847824,358.13595794844446,531.8288343239468,22.497856649843875,0.0,509.33097767410294,1.4221721286847824,22.49841097708839,0.0
S2-000156,INFY,INFY|swing|2024-01-18T05:00:00Z,USD,2024-01-19T14:30:00Z,2024-03-18T20:00:00Z,tiempo,40,563.6380098565076,19.819799236297605,19.15083007621765,18.760357448032924,0.9195402298850576,0.9181050312155711,597.1416610963246,-377.05644604284436,21.96532794856178,0.0,-399.0217739914061,-0.6682196202134356,549.0957803184594,-362.2103003423448,20.18251098205271,0.0,-382.3928113243975,-0.6964045709887278,20.18216895391997,-15.491729268464168
S2-000157,EUNL.DE,EUNL.DE|swing|2024-01-21T23:00:00Z,EUR,2024-01-23T08:00:00Z,2024-02-05T16:30:00Z,objetivo,9,132.293294321007,83.95387274932861,86.30039327757699,82.34214510236468,1.0,1.0,213.22075996510299,310.4289308738473,22.52349772490445,0.0,287.90543314894285,1.3502692383052346,213.22075996510299,310.4289308738473,22.52349772490445,0.0,287.90543314894285,1.3502692383052346,22.523830677665952,0.0
S2-000158,ASML.AS,ASML.AS|swing|2024-01-21T23:00:00Z,EUR,2024-01-23T08:00:00Z,2024-01-24T16:30:00Z,objetivo,1,15.733747541115845,705.9052122192383,761.6483035714286,670.8928571428571,1.0,1.0,550.8755555916866,877.0477264967215,23.090116520527317,0.0,853.9576099761941,1.5501824346861277,550.8755555916866,877.0477264967215,23.090116520527317,0.0,853.9576099761941,1.5501824346861277,23.091016659269663,0.0
S2-000159,CRWD,CRWD|swing|2024-01-22T05:00:00Z,USD,2024-01-23T14:30:00Z,2024-02-09T21:00:00Z,objetivo,13,102.22297051863588,74.61704586029052,83.5255452062743,68.70223195212228,0.9182736455463728,0.9283327144448571,604.6298477578996,910.6532660097874,16.165805424338146,0.0,894.4874605854493,1.4793967977307199,555.2156545067949,922.1155316616839,14.930519717454484,0.0,907.1850119442295,1.633932697286955,14.931456764441489,85.88663725416534
S2-000160,SAP.DE,SAP.DE|swing|2024-01-23T23:00:00Z,EUR,2024-01-25T08:00:00Z,2024-02-26T16:30:00Z,objetivo,22,70.28047989406245,159.839672668457,171.4580000504085,153.51357105800085,1.0,1.0,444.6014570414605,816.5416239698758,23.28375942646791,0.0,793.2578645434079,1.7841998760463669,444.6014570414605,816.5416239698758,23.28375942646791,0.0,793.2578645434079,1.7841998760463669,23.284599252690462,0.0
S2-000161,ENR.DE,ENR.DE|swing|2024-01-23T23:00:00Z,EUR,2024-01-25T08:00:00Z,2024-03-21T16:30:00Z,objetivo,40,400.8697506618903,13.488475381851195,15.76573607320445,12.087320906775338,1.0,1.0,561.6804450624509,912.8849255349028,11.727128451798372,0.0,901.1577970831044,1.6043958891659624,561.6804450624509,912.8849255349028,11.727128451798372,0.0,901.1577970831044,1.6043958891659624,11.728053064776727,0.0
S2-000162,ASML.AS,ASML.AS|swing|2024-01-24T23:00:00Z,EUR,2024-01-26T08:00:00Z,2024-03-01T16:30:00Z,objetivo,25,14.159162514229665,790.79,885.3780418984549,762.1571088518415,1.0,1.0,405.41775901902395,1339.2874571429875,23.73313570639834,20.530785645633014,1336.085107082222,3.2955761738585485,405.41775901902395,1339.2874571429875,23.73313570639834,20.530785645633014,1336.085107082222,3.2955761738585485,23.734498728353987,0.0
S2-000163,MC.PA,MC.PA|swing|2024-01-25T23:00:00Z,EUR,2024-01-29T08:00:00Z,2024-02-29T08:00:00Z,objetivo,23,11.422374410646203,770.2694999999999,857.142,721.153542654855,1.0,1.0,561.0208543335738,992.2902209888642,18.58890347319135,0.0,973.7013175156728,1.7355884545010622,561.0208543335738,992.2902209888642,18.58890347319135,0.0,973.7013175156728,1.7355884545010622,18.589914353324723,0.0
S2-000164,PLTR,PLTR|swing|2024-02-06T05:00:00Z,USD,2024-02-07T14:30:00Z,2024-03-06T21:00:00Z,objetivo,19,242.2465233256821,21.621600381851195,26.04045212868282,19.072322300502233,0.9308386856557759,0.9196247930844216,617.5537521971515,1070.451472761578,11.545966515242963,0.0,1058.905506246335,1.71467747136007,574.8429230169893,925.6780639872844,10.676692717697968,0.0,915.0013712695865,1.59174156040283,10.677629073390639,-70.73957797639244
S2-000165,PANW,PANW|swing|2024-02-07T05:00:00Z,USD,2024-02-08T14:30:00Z,2024-02-21T14:30:00Z,stop,8,56.89754606338336,181.7916106109619,137.4624060974121,170.8107147216797,0.9279881217520417,0.925754489909276,624.7860296776514,-2522.222955762841,18.16477012158487,0.0,-2540.387725884426,-4.066012370979388,579.7940141774791,-2358.0627890840133,16.839221061461377,0.0,-2374.902010145475,-4.0961133645275964,16.836879835551734,-17.469845725772252
S2-000166,AMAT,AMAT|swing|2024-02-09T05:00:00Z,USD,2024-02-12T14:30:00Z,2024-02-16T21:00:00Z,objetivo,4,48.75616019008607,185.45527427673338,205.5842011151995,172.53999982561385,0.9283327144448571,0.9286775631500743,629.6991900377097,981.4091813907773,19.0655833028563,0.0,962.343598087921,1.5282592280772835,584.570358371435,914.5308390424523,17.702661289715977,0.0,896.8281777527363,1.5341663580945604,17.703593524147966,3.456589700846039
S2-000167,RRU.DE,RRU.DE|swing|2024-02-11T23:00:00Z,EUR,2024-02-13T08:00:00Z,2024-02-22T08:00:00Z,objetivo,7,2641.122162169661,3.645641959905624,4.084911224842071,3.4218927792140414,1.0,1.0,590.9489198918421,1160.1637907836275,20.41733534206839,0.0,1139.7464554415592,1.9286716957705248,590.9489198918421,1160.1637907836275,20.41733534206839,0.0,1139.7464554415592,1.9286716957705248,20.41851592437454,0.0
S2-000168,UBER,UBER|swing|2024-02-14T05:00:00Z,USD,2024-02-15T14:30:00Z,2024-04-15T20:00:00Z,tiempo,40,91.53547073013223,79.079,73.32660152435302,72.25714601789203,0.9334453467749464,0.9384384384384383,624.4416155044798,-526.5485022956406,13.950518477440612,0.0,-540.4990207730812,-0.8655717481872467,582.8821203252869,-457.9906930322513,13.055560114151781,0.0,-471.04625314640305,-0.8081329598573516,13.055115178573715,33.513556286931184
S2-000169,BSP.DE,BSP.DE|swing|2024-02-15T23:00:00Z,EUR,2024-02-19T08:00:00Z,2024-03-19T16:30:00Z,objetivo,21,801.3336220319882,14.734720267295836,15.661287914156913,14.190356492996216,1.0,1.0,436.21699496251864,742.489808516843,24.357343331357477,0.0,718.1324651854856,1.646273468201738,436.21699496251864,742.489808516843,24.357343331357477,0.0,718.1324651854856,1.646273468201738,24.358110179275606,0.0
S2-000170,EXSA.DE,EXSA.DE|swing|2024-02-15T23:00:00Z,EUR,2024-02-19T08:00:00Z,2024-03-07T16:30:00Z,objetivo,13,242.80837146345456,48.628581832885736,49.74600576986585,47.869464601789204,1.0,1.0,184.3200186323958,271.3198863724241,23.88617340921306,0.0,247.43371296321104,1.3424136716082258,184.3200186323958,271.3198863724241,23.88617340921306,0.0,247.43371296321104,1.3424136716082258,23.88646861556589,0.0
S2-000171,RRU.DE,RRU.DE|swing|2024-02-21T23:00:00Z,EUR,2024-02-23T08:00:00Z,2024-03-18T16:30:00Z,objetivo,16,2033.5490799687648,4.119114770889282,4.647401336840221,3.8319641521998813,1.0,1.0,583.9348764482922,1074.2966601493902,17.827140765404685,0.0,1056.4695193839855,1.8092249016017394,583.9348764482922,1074.2966601493902,17.827140765404685,0.0,1056.4695193839855,1.8092249016017394,17.82823289029639,0.0
S2-000172,PANW,PANW|swing|2024-02-22T05:00:00Z,USD,2024-02-23T14:30:00Z,2024-04-22T20:00:00Z,tiempo,40,58.127402542164575,138.61348110961913,140.69915634155274,127.72062274387905,0.9221689413500553,0.9405568096313018,633.1735630601587,121.23488377882722,16.23571811223794,0.0,104.99916566658928,0.1658299900569493,583.8929943380291,262.1837930156656,15.122459732207028,0.0,247.06133328345854,0.42312775744733294,15.122737038736386,150.3847485866483
S2-000173,MA,MA|swing|2024-02-27T05:00:00Z,USD,2024-02-28T14:30:00Z,2024-04-15T20:00:00Z,stop,32,27.05198756424529,474.64418344116206,458.230595993042,458.6892852783203,0.9211495946941785,0.9384384384384383,431.6117066899949,-444.0201635311959,25.23611693225216,17.854311792401894,-451.4019686710462,-1.0458520046474682,397.57894868275145,-194.69565010931188,23.460552227362463,16.496638448121494,-201.65956388855284,-0.5072189172909839,23.46038099209142,214.3133435634934
S2-000174,AIR.PA,AIR.PA|swing|2024-02-27T23:00:00Z,EUR,2024-02-29T08:00:00Z,2024-03-19T08:00:00Z,objetivo,13,77.1478140482556,153.55339389038085,164.835,146.54143033708846,1.0,1.0,540.9576603225469,870.3512503105634,24.56296860697786,0.0,845.7882817035855,1.5635018112125132,540.9576603225469,870.3512503105634,24.56296860697786,0.0,845.7882817035855,1.5635018112125132,24.56386352209006,0.0
S2-000175,EXV1.DE,EXV1.DE|swing|2024-02-29T23:00:00Z,EUR,2024-03-04T08:00:00Z,2024-03-12T16:30:00Z,objetivo,6,691.3714084440182,17.23922212219238,17.80713782347952,16.863356794629777,1.0,1.0,259.8625409022297,392.64067827636086,24.23005123647521,0.0,368.41062703988564,1.417713479444873,259.8625409022297,392.64067827636086,24.23005123647521,0.0,368.41062703988564,1.417713479444873,24.230468107618822,0.0
S2-000176,MRVL,MRVL|swing|2024-03-06T05:00:00Z,USD,2024-03-07T14:30:00Z,2024-03-11T20:00:00Z,stop,2,87.44189691496248,81.26118030548095,73.79078389794486,73.86464854649135,0.9196247930844216,0.9152480322167307,646.7667675978144,-653.2256325816765,13.558037870338413,0.0,-666.7836704520149,-1.0309491826992692,594.7827548260202,-628.9631258039218,12.440067132537159,0.0,-641.4031929364589,-1.0783822962790435,12.439450608861153,-28.24063860355615
S2-000177,QCOM,QCOM|swing|2024-03-07T05:00:00Z,USD,2024-03-08T14:30:00Z,2024-03-19T20:00:00Z,stop,7,62.4380969985829,174.99482733154295,164.37153842762538,164.53607450212752,0.9178522257916476,0.9213193292795283,653.0246236472441,-663.2979430267745,21.189390063327515,0.0,-684.4873330901021,-1.0481799740829585,599.3801043113759,-573.2264505787203,19.484311875584005,0.0,-592.7107624543044,-0.9888729342046915,19.483758132891097,35.5830427914277
S2-000178,8035.T,8035.T|swing|2024-03-07T15:00:00Z,JPY,2024-03-11T00:00:00Z,2024-04-19T06:00:00Z,stop,28,52.792588289038086,36066.03,35169.438214285714,35204.642857142855,0.006211565935772408,0.006067224851352991,45474.85679032803,-47333.401006547705,3760.704745013645,12934.18413081433,-38159.921620747016,-0.8391433049848149,282.47007137293014,-562.0105646395124,23.091869465301432,79.0984841659389,-506.00394993887494,-1.7913542042860355,23.09133054606641,-267.99602332298593
S2-000179,IQQK.DE,IQQK.DE|swing|2024-03-11T23:00:00Z,EUR,2024-03-13T08:00:00Z,2024-03-15T08:00:00Z,stop,2,275.0115678127501,43.38334015274047,42.1727851524353,42.30964469909668,1.0,1.0,295.2786700600016,-332.9166285574891,23.528924156160492,73.72867624962362,-282.716876464026,-0.9574578360386714,295.2786700600016,-332.9166285574891,23.528924156160492,73.72867624962362,-282.716876464026,-0.9574578360386714,23.528614768145218,0.0
S2-000180,TSM,TSM|swing|2024-03-12T04:00:00Z,USD,2024-03-13T13:30:00Z,2024-04-19T20:00:00Z,stop,26,45.04876214478525,143.19305305480955,128.61054223660062,128.73928151811873,0.9160864785635765,0.9387027128508402,651.1245160514521,-656.9240613232519,12.24441551438021,24.95701422821103,-644.211462609421,-0.9893829010095438,596.4863650159878,-470.76653926929987,11.347976201389791,22.91316032703914,-459.2013551436505,-0.7698438423338352,11.347516782366139,131.03271075200072
S2-000181,MSFT,MSFT|swing|2024-03-14T04:00:00Z,USD,2024-03-15T13:30:00Z,2024-04-18T20:00:00Z,stop,23,30.910155867222436,419.70929855346674,406.627253301348,407.03428758893693,0.9153318077803203,0.9364172675344132,391.7865645323696,-404.36805780504767,25.542191616615458,0.0,-429.91024942166314,-1.0973072798828551,358.614704377455,-105.10966188191847,23.644601710585363,0.0,-128.75426359250383,-0.3590323040880814,23.64452024544221,265.021283477393
S2-000182,BSP.DE,BSP.DE|swing|2024-03-19T23:00:00Z,EUR,2024-03-21T08:00:00Z,2024-04-09T15:30:00Z,stop,11,760.9644510758274,15.865850381851194,15.270963796275003,15.286250046321324,1.0,1.0,441.05525116985274,-452.6875440453593,23.694008709307838,0.0,-476.38155275466715,-1.0800949574710088,441.05525116985274,-452.6875440453593,23.694008709307838,0.0,-476.38155275466715,-1.0800949574710088,23.693579715341784,0.0
S2-000183,INTC,INTC|swing|2024-03-20T04:00:00Z,USD,2024-03-21T13:30:00Z,2024-03-25T13:30:00Z,stop,2,304.20914195322473,43.03299168014526,40.84910939025879,40.99517822265625,0.9221689413500553,0.9239582370876837,619.9214833634654,-664.3569575332064,25.517701991861287,0.0,-689.8746595250676,-1.1128419937667946,571.6723380334429,-590.4143600390768,23.553867223688783,0.0,-613.9682272627656,-1.0739862442440733,23.55330036262758,22.234992167864554
S2-000184,ENR.DE,ENR.DE|swing|2024-03-20T23:00:00Z,EUR,2024-03-22T08:00:00Z,2024-04-03T15:30:00Z,objetivo,6,565.1687316234108,15.80578996181488,17.519605695911814,14.733570677893502,1.0,1.0,605.9848127160068,968.5950646758093,18.83447159472572,0.0,949.7605930810836,1.5673009837066436,605.9848127160068,968.5950646758093,18.83447159472572,0.0,949.7605930810836,1.5673009837066436,18.835459025249214,0.0
S2-000185,IQQK.DE,IQQK.DE|swing|2024-03-20T23:00:00Z,EUR,2024-03-22T08:00:00Z,2024-04-10T15:30:00Z,stop,11,276.71325265896104,43.79875606918335,42.49085774394444,42.53339113507952,1.0,1.0,350.1432467164624,-361.9127997240663,23.877479708916205,0.0,-385.7902794329825,-1.1018069977096723,350.1432467164624,-361.9127997240663,23.877479708916205,0.0,-385.7902794329825,-1.1018069977096723,23.87714167325796,0.0
S2-000186,MU,MU|swing|2024-03-21T04:00:00Z,USD,2024-03-22T13:30:00Z,2024-04-01T20:00:00Z,objetivo,5,61.484937148475936,109.41930755615233,126.49123939459665,98.67142595563617,0.9168423947923352,0.9249838127832763,660.8328246869975,1049.6666560898138,14.504945151929382,7.070767772074733,1042.2324787099592,1.5771499837400043,605.8795495434101,1025.6971889110034,13.362066947634364,6.540345733118799,1018.8754676964878,1.681646902365843,13.36310600792843,63.31829820795654
S2-000187,R6C0.DE,R6C0.DE|swing|2024-03-24T23:00:00Z,EUR,2024-03-26T08:00:00Z,2024-04-04T15:30:00Z,objetivo,5,390.1908417921573,31.13610454177856,32.37206012085506,30.355355671473912,1.0,1.0,304.64105893244675,482.2585478175725,24.78030423038795,0.0,457.4782435871845,1.5016959473234661,304.64105893244675,482.2585478175725,24.78030423038795,0.0,457.4782435871845,1.5016959473234661,24.78081126974554,0.0
S2-000188,RRU.DE,RRU.DE|swing|2024-03-25T23:00:00Z,EUR,2024-03-27T08:00:00Z,2024-04-09T15:30:00Z,stop,7,2424.2969721632403,5.011006042003631,4.756738705107145,4.761500205312457,1.0,1.0,604.8762444274695,-616.4195349581622,23.679914015284048,0.0,-640.0994489734462,-1.0582320844478135,604.8762444274695,-616.4195349581622,23.679914015284048,0.0,-640.0994489734462,-1.0582320844478135,23.679321275067686,0.0
S2-000189,AZN,AZN|swing|2024-04-04T04:00:00Z,USD,2024-04-05T13:30:00Z,2024-04-23T20:00:00Z,objetivo,12,97.45077071145853,134.09396672058105,142.00569510923114,129.70142582484655,0.9214891264283082,0.9368559115608021,428.0564956709273,771.0040291336771,26.906124838488267,0.0,744.0979042951889,1.738317048848668,394.44940625776565,923.126075475645,25.006355719186104,0.0,898.119719756459,2.276894591570392,25.007303852563858,212.6542461965453
S2-000190,MRVL,MRVL|swing|2024-04-11T04:00:00Z,USD,2024-04-12T13:30:00Z,2024-04-19T20:00:00Z,stop,5,105.26400599123261,70.04998336029053,63.744760657719205,63.80856922694615,0.9320533134495294,0.9387027128508402,656.9962547261265,-663.7130003395233,14.08377073590721,0.0,-677.7967710754306,-1.0316600227165296,612.3555361414172,-573.9982392097618,13.171442842202051,0.0,-587.1696820519638,-0.9588705374525478,13.170882014844345,44.617661936220195
S2-000191,R6C0.DE,R6C0.DE|swing|2024-04-11T22:00:00Z,EUR,2024-04-15T07:00:00Z,2024-04-19T15:30:00Z,stop,4,357.26251004086265,34.204168167114254,33.1366518494061,33.16982167107718,1.0,1.0,369.5332254261762,-381.38355917399423,24.05835038731203,0.0,-405.44190956130626,-1.0971730866519978,369.5332254261762,-381.38355917399423,24.05835038731203,0.0,-405.44190956130626,-1.0971730866519978,24.05799306174579,0.0
S2-000192,EUNH.DE,EUNH.DE|swing|2024-04-15T22:00:00Z,EUR,2024-04-17T07:00:00Z,2024-04-25T15:30:00Z,stop,6,109.5379675287366,109.64453866577148,108.64187321540288,108.75062383924212,1.0,1.0,97.91761324182859,-109.82993554466134,23.910649896604504,0.0,-133.74058544126584,-1.3658480942643558,97.91761324182859,-109.82993554466134,23.910649896604504,0.0,-133.74058544126584,-1.3658480942643558,23.910563977232215,0.0
S2-000193,SU.PA,SU.PA|swing|2024-04-17T22:00:00Z,EUR,2024-04-19T07:00:00Z,2024-05-10T15:30:00Z,objetivo,14,57.38458072379866,206.55635610961912,232.28713911111015,203.90357099260603,1.0,1.0,152.22896169012887,1476.5501942356086,25.18284997660789,0.0,1451.3673442590007,9.534107886864167,152.22896169012887,1476.5501942356086,25.18284997660789,0.0,1451.3673442590007,9.534107886864167,25.184351711152935,0.0
S2-000194,0700.HK,0700.HK|swing|2024-04-23T16:00:00Z,HKD,2024-04-25T01:30:00Z,2024-05-13T08:00:00Z,objetivo,11,261.6540986259896,340.54021221923824,377.8396678128924,321.5214298793248,0.11947431302270013,0.11872536448686896,4976.342350113945,9759.555432597705,187.9670399808537,0.0,9571.588392616852,1.9234183902957738,594.5450836456326,1091.972658651678,22.383189450558014,0.0,1069.58946920112,1.7990048166618573,22.38430380751876,-74.04352206489332
S2-000195,BSP.DE,BSP.DE|swing|2024-04-23T22:00:00Z,EUR,2024-04-25T07:00:00Z,2024-06-21T15:30:00Z,tiempo,40,665.7485987546014,16.021004159927365,15.914070304870606,15.128036669322423,1.0,1.0,594.4918556036529,-71.19106416346519,21.260731076063102,0.0,-92.45179523952828,-0.15551398117246168,594.4918556036529,-71.19106416346519,21.260731076063102,0.0,-92.45179523952828,-0.15551398117246168,21.260681145677854,0.0
S2-000196,GOOGL,GOOGL|swing|2024-04-26T04:00:00Z,USD,2024-04-29T13:30:00Z,2024-06-26T20:00:00Z,tiempo,40,73.55028551657617,169.22905755615233,183.6961248779297,160.55177416120256,0.9333582228859437,0.9355412105903266,638.2166712068008,1064.056932104254,25.957747934016467,14.710057103315235,1052.8092412735527,1.6496110001056552,595.6847780537622,1022.6404210847815,24.257371615701373,13.676140854699922,1012.0591903237801,1.6989844756993924,24.25841851453958,29.494133886487162
S2-000197,6501.T,6501.T|swing|2024-04-29T15:00:00Z,JPY,2024-05-01T00:00:00Z,2024-06-04T06:00:00Z,objetivo,22,375.4035238436034,2921.919,3322.192339285714,2656.3214285714284,0.005942829975634396,0.0058792404021400435,99706.26423858888,150264.02206850328,2344.061400039659,0.0,147919.96066846364,1.4835573451483786,592.5373758756098,813.6869897340998,13.851051808009228,0.0,799.8359379260907,1.3498489217564542,13.85187934687842,-79.30654487398988
S2-000198,LLY,LLY|swing|2024-04-30T04:00:00Z,USD,2024-05-01T13:30:00Z,2024-05-03T20:00:00Z,stop,2,14.941510376409985,775.5347697753905,732.3186864558629,733.051738194057,0.9330098899048329,0.9307520476545048,634.7606571938481,-645.7135573465197,22.52960806238493,0.0,-668.2431654089046,-1.0527482411450577,592.2379708843516,-627.1623258575339,20.995641947077203,0.0,-648.1579678046111,-1.094421498906525,20.9950357797849,-24.705190807599354
S2-000199,QDV5.DE,QDV5.DE|swing|2024-05-01T22:00:00Z,EUR,2024-05-03T07:00:00Z,2024-05-07T07:00:00Z,stop,2,1366.855044803748,8.693685420036315,8.519471878051759,8.550678082874843,1.0,1.0,195.47030024310965,-238.12465873472092,23.527890889892134,0.0,-261.6525496246131,-1.3385795657917927,195.47030024310965,-238.12465873472092,23.527890889892134,0.0,-261.6525496246131,-1.3385795657917927,23.527676292907827,0.0
S2-000200,1810.HK,1810.HK|swing|2024-05-02T16:00:00Z,HKD,2024-05-06T01:30:00Z,2024-05-16T08:00:00Z,objetivo,7,4040.0461398842485,18.038020458221432,20.22761042761803,16.80142831802368,0.11910291683043317,0.11823405613752984,4995.889302617123,8846.04450378999,154.59491435057117,0.0,8691.449589439419,1.739720210551174,595.024988103658,982.5859904337169,18.341701513924527,0.0,964.2442889197924,1.6205105805603808,18.342702442614826,-71.00371237949253
S2-000201,LLY,LLY|swing|2024-05-03T04:00:00Z,USD,2024-05-06T13:30:00Z,2024-05-21T20:00:00Z,objetivo,11,17.33617970551144,738.778018005371,811.0866631883894,713.1714150565011,0.9307520476545048,0.9204712812960235,443.92067036928717,1253.5556671548707,26.868732632400228,22.537033617164873,1249.2239681396354,2.8140702867033323,413.18007294237447,1022.1901663165172,24.86356857775114,20.80597638216846,1018.1325741209345,2.4641376503724364,24.864615632531297,-144.55933773678913
S2-000202,AAPL,AAPL|swing|2024-05-03T04:00:00Z,USD,2024-05-06T13:30:00Z,2024-06-11T20:00:00Z,objetivo,25,66.18524676478646,182.53235610961912,198.96565544210162,172.8567946297782,0.9307520476545048,0.9319664492078286,640.3794241311339,1087.6419714799551,25.24954003482599,16.546311691196614,1078.938743136326,1.6848429266762106,596.0344602858654,1028.316949439266,23.517053047118004,15.350507181739134,1020.150403573887,1.7115627896491261,23.51810488217015,15.991957369314154
S2-000203,ICGA.DE,ICGA.DE|swing|2024-05-05T22:00:00Z,EUR,2024-05-07T07:00:00Z,2024-06-27T15:30:00Z,stop,37,2988.37624730971,4.00149744272232,3.8622769813196998,3.866143124444144,1.0,1.0,404.48962971329905,-416.0431199950879,23.499916703008765,0.0,-439.54303669809667,-1.0866608298700844,404.48962971329905,-416.0431199950879,23.499916703008765,0.0,-439.54303669809667,-1.0866608298700844,23.49952415941083,0.0
S2-000204,IS3N.DE,IS3N.DE|swing|2024-05-05T22:00:00Z,EUR,2024-05-07T07:00:00Z,2024-05-31T15:30:00Z,stop,18,384.12918486389225,31.130099931716916,30.41887160846165,30.449320929391043,1.0,1.0,261.5070832358918,-273.2035560641583,23.642756266939696,0.0,-296.846312331098,-1.135136794988182,261.5070832358918,-273.2035560641583,23.642756266939696,0.0,-296.846312331098,-1.135136794988182,23.642506705889886,0.0
S2-000205,IFX.DE,IFX.DE|swing|2024-05-06T22:00:00Z,EUR,2024-05-08T07:00:00Z,2024-06-25T15:30:00Z,stop,34,182.54240538183242,36.306270458221434,32.9966106936591,33.02964033399309,1.0,1.0,598.1239444232136,-604.1532544186775,12.65071462535553,0.0,-616.803969044033,-1.0312310262697024,598.1239444232136,-604.1532544186775,12.65071462535553,0.0,-616.803969044033,-1.0312310262697024,12.650123122223869,0.0
S2-000206,SIE.DE,SIE.DE|swing|2024-05-09T22:00:00Z,EUR,2024-05-13T07:00:00Z,2024-05-16T15:30:00Z,stop,3,64.697278070332,187.5273363342285,179.76648486491612,179.94643129621232,1.0,1.0,490.4639212693129,-502.10596557264716,23.762910483635864,0.0,-525.868876056283,-1.072186665015732,490.4639212693129,-502.10596557264716,23.762910483635864,0.0,-525.868876056283,-1.072186665015732,23.762432140100323,0.0
S2-000207,TSM,TSM|swing|2024-05-10T04:00:00Z,USD,2024-05-13T13:30:00Z,2024-06-07T20:00:00Z,objetivo,18,67.72280750430892,148.16802427673338,165.23566748264858,138.49927847726005,0.9277298450691158,0.9175995595522113,654.7946105858276,1155.8687153864212,21.224577888160393,0.0,1134.6441374982608,1.7328244905423462,607.4725026308819,958.9737472007995,19.57731419879554,0.0,939.396433002004,1.5464015719783268,19.578292750834436,-113.3601570448828
S2-000208,AVGO,AVGO|swing|2024-05-15T04:00:00Z,USD,2024-05-16T13:30:00Z,2024-05-31T20:00:00Z,stop,10,67.15910178296643,142.74260610961912,132.66545766448974,132.79825592041016,0.9231905465288036,0.9214891264283082,667.8536265225462,-676.772238108506,18.496158186855087,0.0,-695.2683962953611,-1.0410490692632173,616.5561544705929,-639.9488630907549,17.06031925449011,0.0,-657.009182345245,-1.0656112627882,17.059696365322583,-15.159130715841847
S2-000209,SIE.DE,SIE.DE|swing|2024-05-15T22:00:00Z,EUR,2024-05-17T07:00:00Z,2024-06-14T15:30:00Z,stop,20,70.51968846469656,173.27310610961914,166.83728234318326,167.00428662981307,1.0,1.0,442.0751967573451,-453.8522870227479,23.984478637298555,0.0,-477.8367656600464,-1.0808947644315154,442.0751967573451,-453.8522870227479,23.984478637298555,0.0,-477.8367656600464,-1.0808947644315154,23.984048769059342,0.0
S2-000210,LLY,LLY|swing|2024-05-21T04:00:00Z,USD,2024-05-22T13:30:00Z,2024-06-11T13:30:00Z,objetivo,13,14.528956617097206,801.8009999999999,881.257874633789,755.6985604422433,0.9204712812960235,0.9297136481963556,669.8203442769919,1154.4254844844531,24.453089373574766,0.0,1129.9723951108783,1.6869783140590888,616.5503905347864,1180.952528726131,22.626703531202487,0.0,1158.3258251949285,1.8787204468238425,22.627907111638038,118.33702386194433
S2-000211,NVDA,NVDA|swing|2024-05-28T04:00:00Z,USD,2024-05-29T13:30:00Z,2024-06-13T13:30:00Z,objetivo,11,79.54533242555377,113.16305305480955,129.2606093902588,104.679929460798,0.9189487226612755,0.9289363678588016,674.7928862927079,1280.485469942389,19.283670817013196,0.7954533242555377,1261.9972524496313,1.8701994020461699,620.1000609195992,1279.3942353801751,17.82339841390509,0.741335810116997,1262.3121727763871,2.035658843355695,17.824695632834484,102.69374839029459
S2-000212,EXSA.DE,EXSA.DE|swing|2024-06-02T22:00:00Z,EUR,2024-06-04T07:00:00Z,2024-06-14T15:30:00Z,stop,8,236.73350721924834,52.222168167114255,51.36822239766802,51.41964203970773,1.0,1.0,189.98482477602752,-202.15757697604667,24.523316472612642,0.0,-226.6808934486593,-1.1931526305634814,189.98482477602752,-202.15757697604667,24.523316472612642,0.0,-226.6808934486593,-1.1931526305634814,24.52313883817463,0.0
S2-000213,AMAT,AMAT|swing|2024-06-05T04:00:00Z,USD,2024-06-06T13:30:00Z,2024-06-18T20:00:00Z,objetivo,8,43.93994543642742,221.89166816711423,248.54352929224288,206.42177745274134,0.919793966151582,0.9332711152589829,679.7461538970402,1171.081323617394,20.670896907739113,0.0,1150.410426709655,1.6924118218459319,625.2264108692423,1224.3373340483843,19.16015004939213,0.0,1205.1771839989922,1.9275852124088195,19.16139354811837,147.18379871229737
S2-000214,EQQQ.DE,EQQQ.DE|swing|2024-06-09T22:00:00Z,EUR,2024-06-11T07:00:00Z,2024-06-18T07:00:00Z,objetivo,5,29.069872460394887,433.73328778076166,453.1464060974121,422.5321469988142,1.0,1.0,325.6157339421405,564.336873523585,25.781479588752575,10.981376880893851,549.5367708157263,1.687684941273062,325.6157339421405,564.336873523585,25.781479588752575,10.981376880893851,549.5367708157263,1.687684941273062,25.782069707693545,0.0
S2-000215,CRWD,CRWD|swing|2024-06-10T04:00:00Z,USD,2024-06-11T13:30:00Z,2024-07-19T13:30:00Z,stop,26,61.885008520008725,93.3082113342285,73.55387493896484,82.33401571001325,0.9297136481963556,0.9149130832570906,679.1381897048035,-1222.4972761280103,10.326261630683002,0.0,-1232.8235377586932,-1.8152764142074773,631.4040439799215,-1203.942830259759,9.533095945131663,0.0,-1213.4759262048906,-1.9218691070712857,9.531901534202476,-67.37042776067835
S2-000216,AVGO,AVGO|swing|2024-06-10T04:00:00Z,USD,2024-06-11T13:30:00Z,2024-06-13T13:30:00Z,objetivo,2,73.2771095048036,143.96382733154294,170.829,134.69574628557478,0.9297136481963556,0.9289363678588016,679.1381897048036,1968.6021994919852,23.06710847970021,0.0,1945.535091012285,2.8647116603145784,631.4040439799215,1820.5064499132488,21.436075695179355,0.0,1799.0703742180694,2.849317154952019,21.437917639544725,-9.729882823813094
S2-000217,7011.T,7011.T|swing|2024-06-10T15:00:00Z,JPY,2024-06-12T00:00:00Z,2024-06-19T06:00:00Z,objetivo,5,1197.3153810918268,1428.427,1599.4971160714285,1339.267857142857,0.0059361272705686806,0.0059028392656867955,106751.61310782055,204824.8812174856,3625.3801169511953,0.0,201199.50110053443,1.8847443635097134,633.6911617465306,1152.1166217472773,21.456967837072632,0.0,1130.6596539102047,1.784244001121884,21.458141411834923,-63.74994133882982
S2-000218,COIN,COIN|swing|2024-06-12T04:00:00Z,USD,2024-06-13T13:30:00Z,2024-06-24T20:00:00Z,stop,6,17.802274375242206,254.02377427673338,214.38826371492658,214.6028665815081,0.9289363678588016,0.9319664492078286,701.7818149114973,-705.602234024095,8.338799620993907,0.0,-713.9410336450889,-1.017326209478832,651.9106501732441,-643.8949719095493,7.757778836746279,0.0,-651.6527507462956,-0.9996043945180525,7.7571426989168355,11.564604517849185
S2-000219,SAF.PA,SAF.PA|swing|2024-06-13T22:00:00Z,EUR,2024-06-17T07:00:00Z,2024-08-01T15:30:00Z,stop,33,65.01958566868404,198.24805305480956,194.25019864981516,194.44464329310827,1.0,1.0,247.29612683404613,-259.9388369764592,25.52007370151756,0.0,-285.45891067797675,-1.1543201841957704,247.29612683404613,-259.9388369764592,25.52007370151756,0.0,-285.45891067797675,-1.1543201841957704,25.519839282519325,0.0
S2-000220,QDV5.DE,QDV5.DE|swing|2024-06-17T22:00:00Z,EUR,2024-06-19T07:00:00Z,2024-08-05T15:30:00Z,stop,33,1413.7804142159323,9.20519609928131,8.806327761105129,8.815142904009138,1.0,1.0,551.4495679781389,-563.9122443643412,25.464339663997286,0.0,-589.3765840283385,-1.068776943990104,551.4495679781389,-563.9122443643412,25.464339663997286,0.0,-589.3765840283385,-1.068776943990104,25.463801215551342,0.0
S2-000221,7011.T,7011.T|swing|2024-06-18T15:00:00Z,JPY,2024-06-20T00:00:00Z,2024-07-02T06:00:00Z,objetivo,8,1000.465688861876,1601.6,1818.5903035714284,1491.392857142857,0.005889975262103899,0.005775339301183944,110258.46509607055,217091.35353893682,3421.783048101298,0.0,213669.57049083553,1.937897197323223,649.4196318534017,1070.0897701114625,19.94564457375359,0.0,1050.144125537709,1.6170501691497459,19.946734610258268,-208.57293184952692
S2-000222,QCOM,QCOM|swing|2024-06-18T04:00:00Z,USD,2024-06-20T13:30:00Z,2024-06-21T20:00:00Z,stop,1,51.650044801668386,224.4241969451904,210.67553750446865,210.88642392839705,0.9303190994511118,0.9356287425149701,699.226582832194,-710.1188760761595,22.472920777518908,0.0,-732.5917968536784,-1.047717313444148,650.503844852725,-602.8607982113496,20.96476377486063,0.0,-623.8255619862102,-0.9589882779669737,20.964181878243153,57.77635508305867
S2-000223,RRU.DE,RRU.DE|swing|2024-06-19T22:00:00Z,EUR,2024-06-21T07:00:00Z,2024-06-25T07:00:00Z,stop,2,2146.1012731645696,5.759754187107085,5.414580076217652,5.457857268197196,1.0,1.0,647.9013620369751,-740.7785988432621,23.98125298928769,0.0,-764.7598518325498,-1.1803646305483544,647.9013620369751,-740.7785988432621,23.98125298928769,0.0,-764.7598518325498,-1.1803646305483544,23.980536191222708,0.0
S2-000224,INFY,INFY|swing|2024-06-20T04:00:00Z,USD,2024-06-21T13:30:00Z,2024-07-05T20:00:00Z,objetivo,9,761.9171120104069,18.228209083557125,19.453206288916725,17.468214784349716,0.9329228472805299,0.9238728750923872,579.0526615964827,933.3463329284054,28.710115177059826,0.0,904.6362177513456,1.562269337053403,540.2114577819598,736.6038673015748,26.650186145621774,0.0,709.9536811559531,1.3142144079485716,26.650949400434925,-134.13625111283503
S2-000225,AMAT,AMAT|swing|2024-06-21T04:00:00Z,USD,2024-06-24T13:30:00Z,2024-07-18T20:00:00Z,stop,17,43.186338579470686,233.23299999999998,217.09090787887573,217.3082160949707,0.9356287425149701,0.9149130832570906,687.7331095274996,-697.117855723878,19.44784075608749,0.0,-716.5656964799656,-1.0419240931591547,643.4628644531246,-846.4602959570884,18.001741998028102,0.0,-864.4620379551166,-1.3434528792734883,18.000913538644973,-194.21679322142472
S2-000226,PANW,PANW|swing|2024-06-21T04:00:00Z,USD,2024-06-24T13:30:00Z,2024-08-02T20:00:00Z,stop,28,72.24967776603178,159.52936511230467,149.8605147694179,150.0105252947126,0.9356287425149701,0.9229349330872174,687.7331095274996,-698.5713216415551,22.353319125525736,0.0,-720.9246407670809,-1.0482622266977741,643.4628644531246,-791.044028138786,20.7769672435372,0.0,-811.8209953823232,-1.2616438962212455,20.77619697570455,-137.44062091427568
S2-000227,6857.T,6857.T|swing|2024-06-25T15:00:00Z,JPY,2024-06-27T00:00:00Z,2024-07-11T00:00:00Z,objetivo,10,245.4801382249456,6156.15,7012.98,5708.071428571428,0.005833625014584063,0.005721151095600435,109994.38964992181,210334.74683528012,3232.7598527022774,0.0,207101.98698257786,1.882841367107173,641.6660229256903,1033.3848690538189,18.665079571346418,0.0,1014.7197894824725,1.581383076597753,18.66613162234719,-193.62917152067715
S2-000228,ABBV,ABBV|swing|2024-06-28T04:00:00Z,USD,2024-07-01T13:30:00Z,2024-07-03T17:00:00Z,stop,2,81.10101386823547,171.44127427673337,163.84171251296996,164.00571823120117,0.9341429238673516,0.9295408068414203,603.0311339667486,-616.3321639954878,27.191790161415142,0.0,-643.523954156903,-1.0671488052760925,563.3172666667432,-636.8940136091613,25.3398666827109,0.0,-662.2338802918722,-1.1755966299603022,25.33925512795063,-61.151683860924685
S2-000229,IS3N.DE,IS3N.DE|swing|2024-06-30T22:00:00Z,EUR,2024-07-02T07:00:00Z,2024-07-25T07:00:00Z,stop,17,410.85520764941674,31.817785297393794,31.140828884124755,31.356178488050187,1.0,1.0,189.65356150525238,-278.1310677432554,25.86687450286732,0.0,-303.99794224612276,-1.6029118558772948,189.65356150525238,-278.1310677432554,25.86687450286732,0.0,-303.99794224612276,-1.6029118558772948,25.866622238420227,0.0
S2-000230,EUNL.DE,EUNL.DE|swing|2024-06-30T22:00:00Z,EUR,2024-07-02T07:00:00Z,2024-07-25T15:30:00Z,stop,17,138.11916270622868,94.64655395507812,93.12756408364433,93.22078486851284,1.0,1.0,196.92603244882122,-209.80160920167683,25.935203961408895,0.0,-235.7368131630857,-1.1970830378881012,196.92603244882122,-209.80160920167683,25.935203961408895,0.0,-235.7368131630857,-1.1970830378881012,25.93502009481808,0.0
S2-000231,AAPL,AAPL|swing|2024-07-02T04:00:00Z,USD,2024-07-03T13:30:00Z,2024-08-05T13:30:00Z,stop,22,48.67697133623996,220.21999999999997,198.89090634155272,205.7878657749721,0.9320533134495294,0.9229349330872174,702.5125839924498,-1038.2356806402142,20.40104957469331,0.0,-1058.6367302149076,-1.5069292057354595,654.7791816501536,-1055.969757267556,18.926587102955693,0.0,-1074.8963443705115,-1.6416165548537935,18.92555005874773,-88.27875098531726
S2-000232,7011.T,7011.T|swing|2024-07-02T15:00:00Z,JPY,2024-07-04T00:00:00Z,2024-07-25T06:00:00Z,stop,14,807.6567102685372,1921.9199999999998,1778.6481428571428,1780.4285714285713,0.005741187277528993,0.005979788315493632,114276.50173119566,-115714.47681406372,2988.78869238455,0.0,-118703.26550644827,-1.0387373056419364,656.0827978596604,-321.57923711854653,17.50195486093297,0.0,-339.0811919794795,-0.5168268290003403,17.501650783345582,342.7592449922795
S2-000233,6501.T,6501.T|swing|2024-07-08T15:00:00Z,JPY,2024-07-10T00:00:00Z,2024-07-22T06:00:00Z,stop,7,533.0235795051254,3767.7639999999997,3547.9485,3551.5,0.0057405281285878304,0.005827166249053085,115273.81139809627,-117166.84464070875,3899.44726338039,0.0,-121066.29190408914,-1.050249752617172,661.7325568203,-508.7547341217972,22.54873153465604,0.0,-531.3034656564532,-0.8028975757357725,22.548245328166335,163.8448332760717
S2-000234,NOW,NOW|swing|2024-07-09T04:00:00Z,USD,2024-07-10T13:30:00Z,2024-07-25T20:00:00Z,objetivo,11,79.78623009988068,148.26011151123046,162.86433627728053,139.31842749459403,0.9247272054743851,0.921574048474795,713.4232584317795,1165.2160376144468,24.82344678095245,0.0,1140.3925908334943,1.5984796926024853,659.7218960900495,1036.5338031989656,22.913943404954107,0.0,1013.6198597940115,1.5364350733261949,22.915002853760747,-40.97316703817662
S2-000235,UBER,UBER|swing|2024-07-16T04:00:00Z,USD,2024-07-17T13:30:00Z,2024-07-17T20:00:00Z,stop,0,154.7810771542613,73.45337725067138,68.70676249776567,68.77553803580147,0.91726288754357,0.9145783793671118,724.040992432008,-734.6861442910542,22.003699558663406,0.0,-756.6898438497176,-1.0450925455312194,664.1359314180958,-702.4487543587031,20.154628573612733,0.0,-722.6033829323159,-1.088035368586936,20.15394627880471,-28.548420208040387
S2-000236,INFY,INFY|swing|2024-07-18T04:00:00Z,USD,2024-07-19T13:30:00Z,2024-08-05T13:30:00Z,stop,11,650.1144081916094,21.331309465408324,20.519460914611816,21.096429075513566,0.9149130832570906,0.9229349330872174,152.69912567224551,-527.7944401422877,27.207788817969732,0.0,-555.0022289602574,-3.634613011154485,139.7064278794561,-375.87458437275296,24.999773410240262,0.0,-400.87435778299323,-2.869405251194902,24.99942253507814,107.01145418377914
S2-000237,COIN,COIN|swing|2024-07-22T04:00:00Z,USD,2024-07-23T13:30:00Z,2024-07-25T20:00:00Z,stop,2,20.15530428021523,263.8636061096191,229.25980176380702,229.4892910548619,0.9184423218221895,0.921574048474795,692.8247793526152,-697.4502058428772,9.939052333385588,0.0,-707.3892581762627,-1.0210218792076935,636.3195989645621,-626.0967005618958,9.14291738763471,0.0,-635.2396179495305,-0.9983027695252684,9.142300433234578,14.47108584780021
S2-000238,SAP.DE,SAP.DE|swing|2024-07-22T22:00:00Z,EUR,2024-07-24T07:00:00Z,2024-08-02T15:30:00Z,stop,7,65.46098478316199,195.75555755615233,186.57467448152815,186.7614359174456,1.0,1.0,588.7640597292892,-600.9896472439627,25.027713501561394,0.0,-626.0173607455241,-1.0632737348698964,588.7640597292892,-600.9896472439627,25.027713501561394,0.0,-626.0173607455241,-1.0632737348698964,25.027137539050578,0.0
S2-000239,NOW,NOW|swing|2024-07-25T04:00:00Z,USD,2024-07-26T13:30:00Z,2024-08-05T20:00:00Z,stop,6,47.956034500022305,165.33516816711423,150.9147812772478,151.0658471243722,0.921574048474795,0.9119095385737734,684.3000522176313,-691.5445711941035,15.166093486184135,0.0,-706.7106646802876,-1.032749686910047,630.6331694937161,-707.2542408269866,13.90673346295906,0.0,-721.1609742899457,-1.1435506553975063,13.906040114757847,-69.94471065087076
S2-000240,EUNN.DE,EUNN.DE|swing|2024-07-30T22:00:00Z,EUR,2024-08-01T07:00:00Z,2024-08-01T15:30:00Z,stop,0,248.891712244225,51.10705575561523,50.54236998326438,50.59296294621059,1.0,1.0,127.9534395851642,-140.54560876035544,25.29969962079194,0.0,-165.8453083811474,-1.2961379461062696,127.9534395851642,-140.54560876035544,25.29969962079194,0.0,-165.8453083811474,-1.2961379461062696,25.299584374766248,0.0
S2-000241,XOM,XOM|swing|2024-07-31T04:00:00Z,USD,2024-08-01T13:30:00Z,2024-09-06T20:00:00Z,stop,25,116.25021881341327,118.4683484725952,112.84667977360316,112.95963941301618,0.9235315847801995,0.900657479960371,640.3886335554929,-653.5202163543408,26.89042264845143,110.4377078727426,-569.9729311300497,-0.8900422357053885,591.4191296227308,-903.6193892853242,24.534081815744017,100.2976186293185,-827.8558524717497,-1.3997786189294268,24.53320272955584,-300.0728281897002
S2-000242,6857.T,6857.T|swing|2024-07-31T15:00:00Z,JPY,2024-08-02T00:00:00Z,2024-08-05T00:00:00Z,stop,1,216.9694072192957,6506.499999999999,5924.07,6035.142857142857,0.006147792942333702,0.006196938712276136,102270.07987429503,-126369.49184673426,2697.0534042979607,0.0,-129066.54525103222,-1.26201666616154,628.735275263095,-713.7243500236293,16.644095004118107,0.0,-730.3684450277474,-1.1616469979708453,16.643397923165185,63.16912007802098
S2-000243,RRU.DE,RRU.DE|swing|2024-07-31T22:00:00Z,EUR,2024-08-02T07:00:00Z,2024-08-05T15:30:00Z,stop,1,1302.201869825195,5.591585965633391,5.104675805262157,5.10978559085301,1.0,1.0,627.4013489214926,-634.0553212723071,13.928692078199933,0.0,-647.984013350507,-1.0328062164105896,627.4013489214926,-634.0553212723071,13.928692078199933,0.0,-647.984013350507,-1.0328062164105896,13.92807195094902,0.0
S2-000244,RACE.MI,RACE.MI|swing|2024-08-15T22:00:00Z,EUR,2024-08-19T07:00:00Z,2024-10-14T15:30:00Z,tiempo,40,21.093314337978942,418.01760610961907,436.7628121948242,389.64286150251115,1.0,1.0,598.5174072576,395.398524285428,18.03015205324475,0.0,377.3683722321832,0.6305052579193658,598.5174072576,395.398524285428,18.03015205324475,0.0,377.3683722321832,0.6305052579193658,18.03056548233291,0.0
S2-000245,PANW,PANW|swing|2024-08-20T04:00:00Z,USD,2024-08-21T13:30:00Z,2024-09-06T20:00:00Z,stop,11,43.97323062331098,182.33715377807616,167.13769367163522,167.30499867030554,0.9022013713460844,0.900657479960371,661.0124233193796,-668.3693646103422,15.367538063952583,0.0,-683.7369026742948,-1.0343782938916648,596.3663147955427,-614.3507172831929,13.853266955545141,0.0,-628.203984238738,-1.0533860961850443,13.852666457494209,-11.346959966030633
S2-000246,1810.HK,1810.HK|swing|2024-08-21T16:00:00Z,HKD,2024-08-23T01:30:00Z,2024-09-24T08:00:00Z,objetivo,20,3634.499277649702,19.019,21.334001676831928,17.59642927987235,0.11518879443407745,0.11550545185732766,5170.332254709555,8413.871922203498,146.66295544544286,0.0,8267.208966758055,1.5989705418307723,595.5643392436191,993.7368775213824,16.918482140179407,0.0,976.818395381203,1.640155951281075,16.91949279654886,24.553114280028318
S2-000247,ITX.MC,ITX.MC|swing|2024-08-29T22:00:00Z,EUR,2024-09-02T07:00:00Z,2024-09-05T15:30:00Z,stop,3,245.73964984109298,48.97893030548095,47.02221379361834,47.06928307669504,1.0,1.0,469.27604132186417,-480.8428304634025,23.59128753525697,0.0,-504.4341179986595,-1.0749198202784047,469.27604132186417,-480.8428304634025,23.59128753525697,0.0,-504.4341179986595,-1.0749198202784047,23.590830283255258,0.0
S2-000248,ENR.DE,ENR.DE|swing|2024-08-29T22:00:00Z,EUR,2024-09-02T07:00:00Z,2024-09-06T15:30:00Z,stop,4,458.91382230852054,25.6756496181488,24.339920911380222,24.364285196576798,1.0,1.0,601.8032591430093,-612.9843663903849,22.952836646647555,0.0,-635.9372030370325,-1.056719440075202,601.8032591430093,-612.9843663903849,22.952836646647555,0.0,-635.9372030370325,-1.056719440075202,22.952246614525535,0.0
S2-000249,MRVL,MRVL|swing|2024-08-30T04:00:00Z,USD,2024-09-03T13:30:00Z,2024-09-06T20:00:00Z,stop,3,88.59277510005009,74.65458183288574,67.06928736836569,67.13642379215786,0.9040773890245004,0.900657479960371,666.0544844688386,-672.0022865628794,12.555710870455384,0.0,-684.5579974333348,-1.0277807797949927,602.1647992666473,-627.862674005025,11.33101369975708,0.0,-639.1936877047822,-1.0614929475838357,11.330397167480477,-20.320601350762974
S2-000250,APP,APP|swing|2024-09-11T04:00:00Z,USD,2024-09-12T13:30:00Z,2024-09-16T20:00:00Z,objetivo,2,59.16914960351305,97.44734847259521,113.9778738457816,86.55535561697823,0.9055510278004165,0.8987956138774043,644.4699547543962,978.097128830734,12.509850609312043,0.0,965.587278221422,1.4982657780988438,583.6004299143315,840.1585253297515,11.282749741920632,0.0,828.8757755878308,1.4202795836005537,11.283601184046997,-45.55833497155576
S2-000251,ENR.DE,ENR.DE|swing|2024-09-12T22:00:00Z,EUR,2024-09-16T07:00:00Z,2024-09-23T15:30:00Z,objetivo,5,345.0595014337689,28.368340152740476,32.996612360920224,26.663570472172328,1.0,1.0,588.2469760362507,1597.0293006542724,21.174559919870667,0.0,1575.8547407344017,2.678899858275327,588.2469760362507,1597.0293006542724,21.174559919870667,0.0,1575.8547407344017,2.678899858275327,21.17617812534851,0.0
S2-000252,APP,APP|swing|2024-09-17T04:00:00Z,USD,2024-09-18T13:30:00Z,2024-10-10T20:00:00Z,objetivo,16,46.937276836004706,123.42330305480955,144.8798826133183,109.38339396885463,0.8977466558937068,0.9147457006952068,658.9950995198037,1007.1134146914849,12.593420901686887,0.0,994.519993789798,1.5091462660564312,591.6106468442443,1019.730746229199,11.42129954683554,0.0,1008.3094466823635,1.7043463501897136,11.422330699912091,115.59804608422667
S2-000253,SAP.DE,SAP.DE|swing|2024-09-18T22:00:00Z,EUR,2024-09-20T07:00:00Z,2024-10-22T07:00:00Z,objetivo,22,58.00206233559798,205.50530305480956,221.4283439025879,196.55357905796595,1.0,1.0,519.2184532759915,923.569207825112,24.76303200398715,0.0,898.8061758211248,1.7310751768357564,519.2184532759915,923.569207825112,24.76303200398715,0.0,898.8061758211248,1.7310751768357564,24.763980337174253,0.0
S2-000254,RRU.DE,RRU.DE|swing|2024-09-18T22:00:00Z,EUR,2024-09-20T07:00:00Z,2024-10-21T15:30:00Z,objetivo,21,1334.2108623901772,6.20219609928131,6.979763367252691,5.755500163350787,1.0,1.0,595.986569904051,1037.4386951664696,17.58751350783669,0.0,1019.851181658633,1.7111982604286216,595.986569904051,1037.4386951664696,17.58751350783669,0.0,1019.851181658633,1.7111982604286216,17.588568535099576,0.0
S2-000255,ADYEN.AS,ADYEN.AS|swing|2024-09-18T22:00:00Z,EUR,2024-09-20T07:00:00Z,2024-11-07T08:00:00Z,stop,34,5.961582104273736,1393.9925755615234,1220.778,1294.0213666643415,1.0,1.0,595.986569904051,-1032.6329138669485,15.588169470049117,0.0,-1048.2210833369975,-1.758799839240929,595.986569904051,-1032.6329138669485,15.588169470049117,0.0,-1048.2210833369975,-1.758799839240929,15.587152424287217,0.0
S2-000256,SU.PA,SU.PA|swing|2024-09-18T22:00:00Z,EUR,2024-09-20T07:00:00Z,2024-11-15T16:30:00Z,tiempo,40,45.68037503422671,238.1879469451904,242.00775,225.14106260027205,1.0,1.0,595.986569904051,174.49003610058722,21.93551952627817,0.0,152.55451657430905,0.25596972193327966,595.986569904051,174.49003610058722,21.93551952627817,0.0,152.55451657430905,0.25596972193327966,21.935715952029,0.0
S2-000257,MA,MA|swing|2024-09-19T04:00:00Z,USD,2024-09-20T13:30:00Z,2024-10-31T20:00:00Z,objetivo,29,27.12898071495858,490.1396438903808,522.4281379525321,473.0492902483259,0.8963786303334529,0.9189487226612755,463.64387436712894,875.9539327271573,27.46993182620477,17.905127271872665,866.3891281728252,1.8686521618676426,415.60046106770255,1105.0710157996734,24.943344495073262,16.3412679308868,1096.468939235487,2.6382765226453126,24.944474510562998,319.88462934650255
S2-000258,CAT,CAT|swing|2024-09-19T04:00:00Z,USD,2024-09-20T13:30:00Z,2024-11-06T21:00:00Z,objetivo,33,33.08347679845517,370.77039389038083,406.8563161975316,350.67427607945035,0.8963786303334529,0.9350163627863488,664.8494473369403,1193.847773399479,25.726595221052477,46.647702285821794,1214.7688804642482,1.8271337749170349,595.9568369818397,1590.2120689130031,23.580842624356713,42.981389740921216,1609.6126160295676,2.7008879102407484,23.582456418880707,520.0724369665355
S2-000259,UBER,UBER|swing|2024-09-19T04:00:00Z,USD,2024-09-20T13:30:00Z,2024-10-11T20:00:00Z,objetivo,15,115.60443629697703,74.89481969451903,84.39989116941179,69.14374760219029,0.8963786303334529,0.9142439202779301,664.8494473369403,1098.8284298174535,18.415175254514665,0.0,1080.4132545629388,1.6250494888587823,595.9568369818397,1159.277989790323,16.681281238891444,0.0,1142.5967085514317,1.917247420699109,16.682457199337357,174.31166689909506
S2-000260,TSM,TSM|swing|2024-09-19T04:00:00Z,USD,2024-09-20T13:30:00Z,2024-10-17T13:30:00Z,objetivo,19,47.43524002204037,175.04486511230468,203.14665609741212,161.02892575945174,0.8963786303334529,0.9176837661741765,664.8494473369403,1333.0152004277818,17.939605582883488,0.0,1315.0755948448982,1.9780050959092224,595.9568369818397,1400.1892414707274,16.285981983005065,0.0,1383.9032594877224,2.322153507788171,16.287398459644123,205.3029018975995
S2-000261,6501.T,6501.T|swing|2024-09-23T15:00:00Z,JPY,2024-09-25T00:00:00Z,2024-11-22T06:30:00Z,tiempo,40,321.48595563526663,3813.8099999999995,3817.179,3511.0,0.006244536030972899,0.006152710268873439,97349.16222591493,1083.0861845354052,2453.255791107208,6751.2050683406,5381.035461768797,0.05527562167696121,607.9003511047516,-105.92239822484333,15.206758411833059,41.9903288241112,-79.1388278125652,-0.1301838823891849,15.206667696101334,-112.68576892882389
S2-000262,7011.T,7011.T|swing|2024-09-23T15:00:00Z,JPY,2024-09-25T00:00:00Z,2024-10-01T06:00:00Z,objetivo,4,473.85163131070857,1979.9779999999998,2302.141982142857,1774.5357142857142,0.006244536030972899,0.006257039169065198,97349.16222591492,152657.92848794692,2029.089539006575,5212.367944417794,155841.20689335812,1.6008479511277425,607.9003511047516,966.917279790973,12.684362081331052,32.419255780680395,986.6521734903223,1.6230491916927767,12.685341683951613,13.639344934304244
S2-000263,ICGA.DE,ICGA.DE|swing|2024-09-23T22:00:00Z,EUR,2024-09-25T07:00:00Z,2024-09-26T15:30:00Z,objetivo,1,3056.461949193694,3.9794756069183346,4.282106423658984,3.9265712840216502,1.0,1.0,161.7000498815724,924.9795760212053,25.25121111660195,0.0,899.7283649046033,5.564181121549164,161.7000498815724,924.9795760212053,25.25121111660195,0.0,899.7283649046033,5.564181121549164,25.252161348339186,0.0
S2-000264,SIE.DE,SIE.DE|swing|2024-09-25T22:00:00Z,EUR,2024-09-27T07:00:00Z,2024-11-22T16:30:00Z,tiempo,40,64.42350090590988,181.18099999999998,177.38243756103515,171.5542815072196,1.0,1.0,620.1869075405764,-244.71669072780637,23.099911944539507,0.0,-267.8166026723459,-0.4318320806455007,620.1869075405764,-244.71669072780637,23.099911944539507,0.0,-267.8166026723459,-0.4318320806455007,23.09969032753864,0.0
S2-000265,7011.T,7011.T|swing|2024-09-30T15:00:00Z,JPY,2024-10-02T00:00:00Z,2024-10-24T00:00:00Z,stop,15,452.2704135628329,2261.7594999999997,2042.955,2045.2857142857142,0.006274706657463764,0.006073120369245719,97904.68859051194,-98958.80170440876,1946.8950071849233,0.0,-100905.69671159369,-1.030652343256343,614.3232012958018,-807.1967521325674,12.029935762702923,0.0,-819.2266878952704,-1.3335434607829597,12.029140595090627,-186.25930026327777
S2-000266,UBER,UBER|swing|2024-10-11T04:00:00Z,USD,2024-10-14T13:30:00Z,2024-10-17T13:30:00Z,stop,3,130.85314114556968,85.72563938903808,79.84007817077637,80.41142681666783,0.9142439202779301,0.9176837661741765,695.3814078099255,-770.144172814091,21.664794208721926,0.0,-791.8089670228129,-1.1386685898269584,635.7482243645323,-668.1624396429984,19.842843577486292,0.0,-688.0052832204847,-1.082197726793789,19.842195257241293,35.937188089760625
S2-000267,IS3N.DE,IS3N.DE|swing|2024-10-13T22:00:00Z,EUR,2024-10-15T07:00:00Z,2024-12-10T16:30:00Z,tiempo,40,382.8247190957304,33.47544334411621,33.46250238418579,32.38621466500418,1.0,1.0,416.9836631120747,-4.954119350191457,25.62550027028246,0.0,-30.579619620473913,-0.07333529422291751,416.9836631120747,-4.954119350191457,25.62550027028246,0.0,-30.579619620473913,-0.07333529422291751,25.6255209416834,0.0
S2-000268,BSP.DE,BSP.DE|swing|2024-10-16T22:00:00Z,EUR,2024-10-18T07:00:00Z,2024-10-25T15:30:00Z,stop,5,726.1308661145725,16.000984656333923,15.095782118082047,15.11089301109314,1.0,1.0,646.323017280035,-657.2955031099442,22.58032219126953,105.15797431705728,-574.7178509841564,-0.8892114865455056,646.323017280035,-657.2955031099442,22.58032219126953,105.15797431705728,-574.7178509841564,-0.8892114865455056,22.579687475453305,0.0
S2-000269,NFLX,NFLX|swing|2024-10-21T04:00:00Z,USD,2024-10-22T13:30:00Z,2024-11-18T21:00:00Z,objetivo,19,160.6977836089851,76.60352742767333,84.56155166612352,72.24753597804478,0.9214042200313278,0.9476876421531464,699.9981713749976,1278.8368570255275,25.898871005539938,0.0,1252.9379860199876,1.7899160844361313,644.9812691191354,1535.4872608225596,24.220490622579135,0.0,1511.2667701999806,2.3431173005441686,24.22205033188876,357.16158402763756
S2-000270,TSLA,TSLA|swing|2024-10-24T04:00:00Z,USD,2024-10-25T13:30:00Z,2024-11-08T21:00:00Z,objetivo,10,31.121410288849383,256.2660197753906,299.785295173645,234.07643127441406,0.9258401999814831,0.9283327144448571,690.5712878796248,1354.381225142505,17.305101114183145,0.0,1337.0761240283218,1.9361884102273752,639.3586592719422,1277.1950991420229,16.045012791060028,0.0,1261.1500863509627,1.9725236658045329,16.04630603246442,23.254514804919996
S2-000271,IQQT.DE,IQQT.DE|swing|2024-10-27T23:00:00Z,EUR,2024-10-29T08:00:00Z,2024-10-31T16:30:00Z,stop,2,148.0300378616292,86.60651663970947,84.31524302918571,84.39964267185756,1.0,1.0,326.6836370169614,-339.177319317184,25.301554555162845,0.0,-364.47887387234687,-1.1156936943659137,326.6836370169614,-339.177319317184,25.301554555162845,0.0,-364.47887387234687,-1.1156936943659137,25.30124067908318,0.0
S2-000272,AMZN,AMZN|swing|2024-11-01T04:00:00Z,USD,2024-11-04T14:30:00Z,2024-11-14T21:00:00Z,objetivo,8,64.4368582113418,196.6464469451904,215.5883027417319,186.01391656058175,0.9186954524575103,0.949397132820659,685.1268528208116,1220.5536762214267,26.56311211536419,0.0,1193.9905641060625,1.7427291883103864,629.4229240430055,1547.819725049826,24.829912916728983,0.0,1522.989812133097,2.4196605397693434,24.831485567938998,426.502613224905
S2-000273,MRVL,MRVL|swing|2024-11-01T04:00:00Z,USD,2024-11-04T14:30:00Z,2024-12-02T14:30:00Z,objetivo,19,93.73898085580446,83.95387274932861,97.27263274383544,76.64499391828265,0.9186954524575103,0.946790380609733,685.1268528208116,1248.4869881481304,16.987987928988048,0.0,1231.4990002191423,1.7974758909956623,629.4229240430055,1403.1555447374365,15.862963483037774,0.0,1387.2925812543988,2.204070630830109,15.86438250296517,256.17622627337613
S2-000274,COIN,COIN|swing|2024-11-06T05:00:00Z,USD,2024-11-07T14:30:00Z,2024-11-11T21:00:00Z,objetivo,2,20.498404105985735,245.8756348876953,317.5251868098123,211.95464270455497,0.9350163627863488,0.9388789784996715,695.3262054459937,1468.7014693123608,11.548817716799928,0.0,1457.1526515955609,2.095638910460622,650.1413795661465,1398.4007429337885,10.823474373123192,0.0,1387.5772685606653,2.134270040597363,10.824883598749429,25.140837078378475
S2-000275,CAT,CAT|swing|2024-11-06T05:00:00Z,USD,2024-11-07T14:30:00Z,2024-11-08T21:00:00Z,stop,1,30.835460284526,415.33493344116204,392.39258341435027,392.7853687831334,0.9350163627863488,0.9283327144448571,695.3262054459938,-707.4379230854482,24.906649766716953,0.0,-732.3445728521651,-1.0532388497891103,650.1413795661466,-742.3355447925321,23.207255563017103,0.0,-765.5428003555493,-1.1775020394278126,23.206536434005933,-80.86951105204713
S2-000276,GS,GS|swing|2024-11-06T05:00:00Z,USD,2024-11-07T14:30:00Z,2024-12-18T21:00:00Z,stop,28,23.14777293967658,590.5899999999999,559.9908696081978,560.5514210292271,0.9350163627863488,0.9527439024390243,695.3262054459938,-708.3017224609914,26.63338471842619,69.44331881902974,-665.4917883603879,-0.9570929200540205,650.1413795661466,-432.47973188584405,25.132444476517318,66.09243249170052,-391.5197438706608,-0.6022070832223145,25.132037128820883,229.79396840493797
S2-000277,SXR8.DE,SXR8.DE|swing|2024-11-13T23:00:00Z,EUR,2024-11-15T08:00:00Z,2025-01-17T16:30:00Z,tiempo,40,22.401733381777213,594.6540575561522,618.0613126831055,581.358622959682,1.0,1.0,297.84078102498376,524.3630885532447,27.16692639208309,0.0,497.19616216116157,1.6693354095101414,297.84078102498376,524.3630885532447,27.16692639208309,0.0,497.19616216116157,1.6693354095101414,27.167477922646555,0.0
S2-000278,PLTR,PLTR|swing|2024-11-15T05:00:00Z,USD,2024-11-18T14:30:00Z,2024-12-09T14:30:00Z,objetivo,14,93.38705188510868,64.98491816711424,80.49942182922364,57.4944611958095,0.9449116507606539,0.9450902561194594,699.5116938224102,1448.8537584651183,13.586353607708798,0.0,1435.2674048574095,2.05181331138946,660.9767493361147,1370.3814809252283,12.839246499581261,0.0,1357.542234425647,2.0538426439192645,12.840629721690513,1.342684303175589
S2-000279,SAP.DE,SAP.DE|swing|2024-12-01T23:00:00Z,EUR,2024-12-03T08:00:00Z,2025-01-08T16:30:00Z,objetivo,21,58.140905518826,230.28005305480954,246.48630654389515,220.59464536394393,1.0,1.0,563.1183734659286,942.2462529230708,27.719627867982915,0.0,914.5266250550878,1.6240397546012963,563.1183734659286,942.2462529230708,27.719627867982915,0.0,914.5266250550878,1.6240397546012963,27.720597834832663,0.0
S2-000280,RRU.DE,RRU.DE|swing|2024-12-03T23:00:00Z,EUR,2024-12-05T08:00:00Z,2025-01-13T16:30:00Z,stop,22,1483.0530355128485,7.187179828166961,6.725767184921674,6.73249968460628,1.0,1.0,674.3147670950862,-684.2994211889305,20.63363830069052,0.0,-704.9330594896211,-1.0454065280617195,674.3147670950862,-684.2994211889305,20.63363830069052,0.0,-704.9330594896211,-1.0454065280617195,20.63297463424302,0.0
S2-000281,MRVL,MRVL|swing|2024-12-04T05:00:00Z,USD,2024-12-05T14:30:00Z,2024-12-10T21:00:00Z,stop,3,67.58982159197816,116.71659847259521,106.14375571632385,106.2500057220459,0.9531071292413268,0.9499382540134892,707.4351366855199,-714.6165556164196,15.063091579554102,0.0,-729.6796471959738,-1.0314438870179308,674.2614722507815,-703.8403973621923,14.334005709357712,0.0,-718.17440307155,-1.065127450741299,14.333316202276166,-22.734263530301302
S2-000282,CRM,CRM|swing|2024-12-04T05:00:00Z,USD,2024-12-05T14:30:00Z,2024-12-18T21:00:00Z,stop,9,34.59751663496517,361.14077877807614,340.35251575796946,340.69320896693637,0.9531071292413268,0.9527439024390243,707.4351366855199,-719.2222756501722,24.26992592702736,13.839006653986068,-729.6531949232134,-1.031406495218473,674.2614722507815,-689.7730018209805,23.12756230381906,13.18502920539831,-699.7155349194013,-1.0377510264432737,23.126895657711003,-4.277123389631732
S2-000283,NOW,NOW|swing|2024-12-04T05:00:00Z,USD,2024-12-05T14:30:00Z,2024-12-18T21:00:00Z,stop,9,60.365719632001756,223.24302427673337,211.31234686987742,211.52387074061804,0.9531071292413268,0.9527439024390243,707.4351366855199,-720.203927362124,26.23224769921677,0.0,-746.4361750613407,-1.0551301968948683,674.2614722507815,-691.0648267161702,24.99750896910817,0.0,-716.0623356852783,-1.0619950347970493,24.996842901122598,-4.633329039726043
S2-000284,IQQT.DE,IQQT.DE|swing|2024-12-08T23:00:00Z,EUR,2024-12-10T08:00:00Z,2025-01-27T16:30:00Z,stop,29,152.6859481349312,87.97788938903808,85.44268692071097,85.52821513584682,1.0,1.0,374.0308359702373,-387.0897925905433,26.478885119960225,0.0,-413.56867771050355,-1.1057074389006054,374.0308359702373,-387.0897925905433,26.478885119960225,0.0,-413.56867771050355,-1.1057074389006054,26.47852450869251,0.0
S2-000285,PLTR,PLTR|swing|2024-12-09T05:00:00Z,USD,2024-12-10T14:30:00Z,2025-02-04T14:30:00Z,objetivo,36,79.53544976589146,72.0619878616333,102.69720304870606,63.13856969560896,0.9462528387585163,0.9733307377846991,709.7280772838723,2436.5856185787006,13.899550849777132,0.0,2422.6860677289237,3.4135412494888717,671.5822078764878,2526.800185342313,13.373663575953998,0.0,2513.4265217663587,3.7425448326180324,13.376203752342658,221.17412688404124
S2-000286,6758.T,6758.T|swing|2024-12-09T15:00:00Z,JPY,2024-12-11T00:00:00Z,2025-01-14T06:30:00Z,stop,19,644.7459580972293,3313.3099999999995,3161.08575,3164.25,0.006260172780768749,0.006241418050181001,96105.83251397267,-98145.96991188171,4174.340490934379,0.0,-102320.31040281609,-1.0646628589158718,601.6391167770919,-652.6346944170251,26.09386875397574,0.0,-678.7285631710008,-1.1281323707920918,26.09324221252072,-38.22396503251487
S2-000287,ITX.MC,ITX.MC|swing|2024-12-10T23:00:00Z,EUR,2024-12-12T08:00:00Z,2024-12-12T16:30:00Z,stop,0,266.4492764081014,50.75070076370239,49.6617168733733,49.71142830167498,1.0,1.0,276.91339549807003,-290.1589695982651,26.754816021786898,0.0,-316.913785620052,-1.1444509033231682,276.91339549807003,-290.1589695982651,26.754816021786898,0.0,-316.913785620052,-1.1444509033231682,26.754552617369885,0.0
S2-000288,GOOGL,GOOGL|swing|2024-12-11T05:00:00Z,USD,2024-12-12T14:30:00Z,2025-02-07T21:00:00Z,stop,37,61.00828775824366,195.19499999999996,183.3682294643947,183.55178124564034,0.9517464547444561,0.9636696540425941,710.3328401981512,-721.5310200869243,23.095494437853812,0.0,-744.6265145247781,-1.0482783174111174,676.0567623471507,-553.3299778962394,22.114439564257314,0.0,-575.4444174604967,-0.8511776665951161,22.11390834818655,133.38461245964183
S2-000289,ITX.MC,ITX.MC|swing|2024-12-11T23:00:00Z,EUR,2024-12-13T08:00:00Z,2024-12-20T08:00:00Z,stop,5,270.7529385593937,49.769721221923824,49.08087106704712,49.131964342934744,1.0,1.0,172.67454907276112,-186.50820365996105,26.76408834057543,0.0,-213.27229200053648,-1.2351113302208097,172.67454907276112,-186.50820365996105,26.76408834057543,0.0,-213.27229200053648,-1.2351113302208097,26.76392859629898,0.0
S2-000290,6857.T,6857.T|swing|2025-01-06T15:00:00Z,JPY,2025-01-08T00:00:00Z,2025-01-28T00:00:00Z,stop,13,104.66706621885315,9657.648,8426.565,8622.07142857143,0.006102770657878676,0.0061648480364959,108390.76157640704,-128853.84588190426,1892.821519586845,0.0,-130746.6674014911,-1.206252871554232,661.4839593336203,-731.6142252283447,11.606206874910487,0.0,-743.2204321032552,-1.1235653134385546,11.605486866171304,54.75124457456211
S2-000291,8035.T,8035.T|swing|2025-01-06T15:00:00Z,JPY,2025-01-08T00:00:00Z,2025-01-28T00:00:00Z,stop,13,75.69353387991856,26816.789999999997,24415.56,25384.821428571428,0.006102770657878676,0.0061648480364959,108390.76157640702,-181757.58435847654,3877.9576204728455,0.0,-185635.5419789494,-1.7126509610147063,661.4839593336202,-994.4996481263856,23.78101118326213,0.0,-1018.2806593096477,-1.5393882874128422,23.780040463652576,114.72520454343307
S2-000292,1810.HK,1810.HK|swing|2025-01-06T16:00:00Z,HKD,2025-01-08T01:30:00Z,2025-02-04T08:00:00Z,objetivo,16,1689.4866921227633,33.73370076370239,39.481013946839745,30.569646222250803,0.12372562605166783,0.12488760115895695,5345.628040933044,9710.009138372285,123.69528617102566,0.0,9586.31385220126,1.79329982909324,661.3911760037914,1278.8837757775632,15.381783537315396,0.0,1263.5019922402478,1.9103701985782235,15.383077804167492,77.50681616503704
S2-000293,VVSM.DE,VVSM.DE|swing|2025-01-15T23:00:00Z,EUR,2025-01-17T08:00:00Z,2025-01-27T16:30:00Z,stop,6,315.120539102683,41.79174999999999,39.79873433794294,39.83857291085379,1.0,1.0,615.4862172947602,-628.0401698675096,25.71083741022159,0.0,-653.7510072777312,-1.0621700192591734,615.4862172947602,-628.0401698675096,25.71083741022159,0.0,-653.7510072777312,-1.0621700192591734,25.710235080284306,0.0
S2-000294,MC.PA,MC.PA|swing|2025-01-15T23:00:00Z,EUR,2025-01-17T08:00:00Z,2025-03-07T16:30:00Z,stop,35,14.458855117320574,691.7910755615234,645.6037412894112,646.2499912806919,1.0,1.0,658.4719395022274,-667.8159744957245,19.33719789150315,0.0,-687.1531723872276,-1.0435572591091458,658.4719395022274,-667.8159744957245,19.33719789150315,0.0,-687.1531723872276,-1.0435572591091458,19.336549412076984,0.0
S2-000295,SXR8.DE,SXR8.DE|swing|2025-01-21T23:00:00Z,EUR,2025-01-23T08:00:00Z,2025-01-27T16:30:00Z,stop,2,21.632038383366787,620.8602302246093,604.9679912370954,605.5735648018973,1.0,1.0,330.68173317779105,-343.7815237755389,26.517163138073837,0.0,-370.29868691361276,-1.119803877145284,330.68173317779105,-343.7815237755389,26.517163138073837,0.0,-370.29868691361276,-1.119803877145284,26.516845873394615,0.0
S2-000296,ORCL,ORCL|swing|2025-01-22T05:00:00Z,USD,2025-01-23T14:30:00Z,2025-01-27T14:30:00Z,stop,2,65.32185545839116,181.82163938903807,168.7310939025879,171.10035542079382,0.9575792396820837,0.9549274255156609,700.3341617020172,-855.0987201373925,22.898754974619536,0.0,-877.9974751120121,-1.2536836315084516,670.6254540860072,-848.0526222499832,21.898144538294815,0.0,-869.950766788278,-1.2972230050139246,21.897318382989226,-29.227839967695093
S2-000297,ARM,ARM|swing|2025-01-22T05:00:00Z,USD,2025-01-23T14:30:00Z,2025-01-27T14:30:00Z,stop,2,57.336280340930706,170.56038938903808,148.75109390258788,158.34588650294714,0.9575792396820837,0.9549274255156609,700.3341617020174,-1250.4638800493033,18.30813272208708,0.0,-1268.7720127713903,-1.8116666045361864,670.6254540860073,-1220.0351354482514,17.508870928074092,0.0,-1237.5440063763256,-1.8453579398696838,17.507668400607088,-22.61688394073224
S2-000298,RRU.DE,RRU.DE|swing|2025-01-23T23:00:00Z,EUR,2025-01-27T08:00:00Z,2025-01-27T16:30:00Z,stop,0,1868.0501990498317,7.1070999045372005,6.853140099355153,6.8600000994546075,1.0,1.0,461.59484006971246,-474.4096646209799,26.078429118054537,0.0,-500.48809373903447,-1.084258423823473,461.59484006971246,-474.4096646209799,26.078429118054537,0.0,-500.48809373903447,-1.084258423823473,26.0779807863694,0.0
S2-000299,META,META|swing|2025-01-24T05:00:00Z,USD,2025-01-27T14:30:00Z,2025-02-07T21:00:00Z,objetivo,9,21.888186966877146,627.236595336914,718.5778078667777,599.6185804094587,0.9549274255156609,0.9636696540425941,604.5082743861457,1999.293537634918,29.45743728003859,0.0,1969.8361003548794,3.2585759100736382,577.2615301624768,2046.6811955029725,28.26721570887546,0.0,2018.413979794097,3.4965329825910825,28.26929065935887,137.50096475916175
S2-000300,MA,MA|swing|2025-01-27T05:00:00Z,USD,2025-01-28T14:30:00Z,2025-03-03T21:00:00Z,objetivo,23,24.608006422170455,547.0865180053711,576.9794389408656,527.6953604561942,0.9496676163342831,0.9555661729574774,477.1777295034645,735.6051903580834,27.66102228747617,0.0,707.9441680706072,1.48360689172831,453.16023694536045,782.3299852333654,26.352526658659855,0.0,755.9774585747056,1.6682343174470913,26.353335341980017,83.74955754287987
S2-000301,DTE.DE,DTE.DE|swing|2025-01-27T23:00:00Z,EUR,2025-01-29T08:00:00Z,2025-02-06T16:30:00Z,objetivo,6,421.20949038458616,30.670639389038083,32.7381227482387,29.4360716683524,1.0,1.0,520.0116404752762,870.8436121075049,26.708372385759795,0.0,844.135239721745,1.623300661020259,520.0116404752762,870.8436121075049,26.708372385759795,0.0,844.135239721745,1.623300661020259,26.70926993864105,0.0
S2-000302,CRM,CRM|swing|2025-01-28T05:00:00Z,USD,2025-01-29T14:30:00Z,2025-02-03T21:00:00Z,stop,3,27.42506089343864,359.1187697753906,334.24222722080776,334.5768040248326,0.9596008060646771,0.9733307377846991,673.0649051537389,-682.2406943776521,19.01546756375607,0.0,-701.2561619414081,-1.0418849008049675,645.8736255193733,-528.8217436928004,18.373114978439165,0.0,-547.1948586712396,-0.8472166025222316,18.372604529299487,125.85697656211929
S2-000303,CRWD,CRWD|swing|2025-01-28T05:00:00Z,USD,2025-01-29T14:30:00Z,2025-03-05T14:30:00Z,stop,24,74.1532777973839,101.18858902740477,90.32957817077637,92.11191804068429,0.9596008060646771,0.9472387989012029,673.0649051537388,-805.2312486563735,14.201699855492542,0.0,-819.432948511866,-1.2174649758698894,645.8736255193731,-855.5041757206066,13.54515900837777,0.0,-869.0493347289844,-1.345540830886455,13.544317048517938,-82.80362044148326
S2-000304,NOW,NOW|swing|2025-01-28T05:00:00Z,USD,2025-01-29T14:30:00Z,2025-01-30T14:30:00Z,stop,1,48.19986433053771,232.4141888427734,205.21857197570802,218.4501473563058,0.9596008060646771,0.9619084263178145,673.0649051537388,-1310.8250433778344,21.093839698049464,0.0,-1331.918883075884,-1.9788862454084608,645.8736255193731,-1235.0429255925187,20.264491419889964,0.0,-1255.3074170124087,-1.9435805510760176,20.26327664023883,22.82584264261667
S2-000305,6758.T,6758.T|swing|2025-01-28T15:00:00Z,JPY,2025-01-30T00:00:00Z,2025-02-17T06:30:00Z,objetivo,11,608.6174810353265,3424.421,3817.6785,3259.0,0.006191950464396285,0.006246486351427322,100678.11233034464,239343.38904825,4407.6683550971975,0.0,234935.7206931528,2.333533230363742,623.3938843984189,1608.7168627228007,27.418778572004207,0.0,1581.2980841507965,2.536595439457614,27.420414709281026,126.71445375530874
S2-000306,6857.T,6857.T|swing|2025-01-28T15:00:00Z,JPY,2025-01-30T00:00:00Z,2025-03-04T00:00:00Z,stop,21,192.62130157342708,8508.499999999998,7492.5,7967.5,0.006191950464396285,0.00631592244047243,104208.1241512237,-195703.24239860155,3082.1334464764063,0.0,-198785.37584507794,-1.9075804066543465,645.2515427320353,-1032.866554551182,19.263335853343605,0.0,-1052.1298904045254,-1.630573227225063,19.262322249109133,178.9182281026978
S2-000307,SXR8.DE,SXR8.DE|swing|2025-02-02T23:00:00Z,EUR,2025-02-04T08:00:00Z,2025-02-28T16:30:00Z,stop,18,21.082157087809044,616.9162877807616,597.1194132581438,597.7171303885324,1.0,1.0,404.75965209654765,-417.3608185334737,25.594491359510585,0.0,-442.9553098929843,-1.094366267978029,404.75965209654765,-417.3608185334737,25.594491359510585,0.0,-442.9553098929843,-1.094366267978029,25.594099592790766,0.0
S2-000308,RACE.MI,RACE.MI|swing|2025-02-03T23:00:00Z,EUR,2025-02-05T08:00:00Z,2025-02-18T16:30:00Z,objetivo,9,29.837118600268113,441.8413938903808,489.6473697951181,421.07501547677174,1.0,1.0,619.6088956249012,1426.3925728712063,27.79294071690135,0.0,1398.599632154305,2.257229749330438,619.6088956249012,1426.3925728712063,27.79294071690135,0.0,1398.599632154305,2.257229749330438,27.794394903866532,0.0
S2-000309,IFX.DE,IFX.DE|swing|2025-02-03T23:00:00Z,EUR,2025-02-05T08:00:00Z,2025-02-20T16:30:00Z,objetivo,11,226.5772458189726,34.25422122192382,39.18077979040146,31.344998359680176,1.0,1.0,659.1637036007535,1116.2460718115237,16.638700276086126,0.0,1099.6073715354376,1.6681855592604882,659.1637036007535,1116.2460718115237,16.638700276086126,0.0,1099.6073715354376,1.6681855592604882,16.639833161989365,0.0
S2-000310,ICGA.DE,ICGA.DE|swing|2025-02-09T23:00:00Z,EUR,2025-02-11T08:00:00Z,2025-02-20T16:30:00Z,objetivo,7,2728.972535746134,4.851847122192383,5.268440683237143,4.68085743699755,1.0,1.0,466.62615479257636,1136.8723866598323,27.61798747486369,0.0,1109.2543991849686,2.3771800782964085,466.62615479257636,1136.8723866598323,27.61798747486369,0.0,1109.2543991849686,2.3771800782964085,27.619151966402914,0.0
S2-000311,SIE.DE,SIE.DE|swing|2025-02-09T23:00:00Z,EUR,2025-02-11T08:00:00Z,2025-03-05T08:00:00Z,objetivo,16,57.55852072033743,210.96075,229.77,199.45892769949776,1.0,1.0,662.0278772050965,1082.632605859008,25.367810005964856,299.3043077457546,1356.5691035987977,2.0491117524021303,662.0278772050965,1082.632605859008,25.367810005964856,299.3043077457546,1356.5691035987977,2.0491117524021303,25.36891800748757,0.0
S2-000312,EUNN.DE,EUNN.DE|swing|2025-02-10T23:00:00Z,EUR,2025-02-12T08:00:00Z,2025-03-04T16:30:00Z,stop,14,250.1273465763219,53.29123696136474,52.68925721822467,52.74199921744211,1.0,1.0,137.37937952693323,-150.57159584432162,26.508619797988025,0.0,-177.08021564230964,-1.288986864346647,137.37937952693323,-150.57159584432162,26.508619797988025,0.0,-177.08021564230964,-1.288986864346647,26.50849573488518,0.0
S2-000313,PANW,PANW|swing|2025-02-14T05:00:00Z,USD,2025-02-18T14:30:00Z,2025-03-03T21:00:00Z,stop,9,53.32968574508592,197.8976969451904,184.10998835808888,184.29428264072962,0.9548362455838825,0.9555661729574774,725.4658099171002,-735.2941660949466,20.37234980943156,0.0,-755.6665159043781,-1.041629399448513,692.7010502407145,-694.918708728392,19.459424817984594,0.0,-714.3781335463765,-1.0312935620613384,19.4587493580242,7.1668122254387665
S2-000314,1810.HK,1810.HK|swing|2025-02-17T16:00:00Z,HKD,2025-02-19T01:30:00Z,2025-02-26T08:00:00Z,objetivo,5,1153.6595090520962,48.047999999999995,56.23210619279316,43.14107281821115,0.12309964916599987,0.12253550466247595,5660.9232034969045,9441.671932407984,120.30373611427821,0.0,9321.368196293706,1.6466162604953987,696.8576603061371,1125.6689230163884,14.772750129623173,0.0,1110.8961728867653,1.5941507658805625,14.773890572436436,-36.59757940350307
S2-000315,RRU.DE,RRU.DE|swing|2025-02-17T23:00:00Z,EUR,2025-02-19T08:00:00Z,2025-02-24T16:30:00Z,stop,3,1781.8824409581362,7.827820171833038,7.474446607334274,7.481928535870144,1.0,1.0,616.3382325965644,-629.6701496791344,27.266840480655247,0.0,-656.9369901597896,-1.0658709056424867,616.3382325965644,-629.6701496791344,27.266840480655247,0.0,-656.9369901597896,-1.0658709056424867,27.266238076741722,0.0
S2-000316,ICGA.DE,ICGA.DE|swing|2025-02-20T23:00:00Z,EUR,2025-02-24T08:00:00Z,2025-03-04T16:30:00Z,stop,6,2627.918580128112,5.2392342061996455,5.0568669053997315,5.0619288342339654,1.0,1.0,465.94408134513674,-479.24641817990636,27.05731541404971,0.0,-506.30373359395605,-1.0866190898536683,465.94408134513674,-479.24641817990636,27.05731541404971,0.0,-506.30373359395605,-1.0866190898536683,27.05686322449349,0.0
S2-000317,LLY,LLY|swing|2025-02-25T05:00:00Z,USD,2025-02-26T14:30:00Z,2025-03-10T20:00:00Z,stop,8,12.607717952734276,899.2683651123045,841.9750183803013,842.8178362165179,0.9526531389920929,0.9220839096357768,711.7123466007544,-722.3383561653067,21.9531054661395,0.0,-744.2914616314462,-1.0457756777528093,678.015001048637,-1012.6419970129341,20.5891907383446,0.0,-1033.2311877512786,-1.523906087849464,20.58819868454505,-324.5040945976669
S2-000318,ALV.DE,ALV.DE|swing|2025-02-25T23:00:00Z,EUR,2025-02-27T08:00:00Z,2025-03-18T08:00:00Z,objetivo,13,41.417445814827694,331.33099999999996,355.4441878051758,321.18216378348217,1.0,1.0,420.3388740811866,998.7066493436331,28.44447412788898,0.0,970.2621752157442,2.3082856120234605,420.3388740811866,998.7066493436331,28.44447412788898,0.0,970.2621752157442,2.3082856120234605,28.445501280038325,0.0
S2-000319,1810.HK,1810.HK|swing|2025-03-02T16:00:00Z,HKD,2025-03-04T01:30:00Z,2025-04-07T01:30:00Z,stop,23,831.916918822437,49.0990492362976,40.159800762176516,42.485714776175364,0.12287125549848868,0.1163697299058569,5501.744827207138,-7436.712047178986,74.25594746836467,0.0,-7510.967994647351,-1.3651974474541668,676.0062943512567,-1130.9716306030812,8.906708009082326,0.0,-1139.8783386121636,-1.6861948596293341,8.905585943036936,-217.2134845854635
S2-000320,0700.HK,0700.HK|swing|2025-03-05T16:00:00Z,HKD,2025-03-07T01:30:00Z,2025-04-07T01:30:00Z,stop,20,107.50112470344729,539.539,441.35818780517576,487.21429116385326,0.11915826600891302,0.1163697299058569,5624.96504966618,-10554.547735241538,105.44755090750496,0.0,-10659.995286149044,-1.895122048230624,670.2610816789613,-1389.9678892763197,12.432641038388235,0.0,-1402.400530314708,-2.0923197969391034,12.431263501762565,-132.3062826366381
S2-000321,MBG.DE,MBG.DE|swing|2025-03-05T23:00:00Z,EUR,2025-03-07T08:00:00Z,2025-03-27T08:00:00Z,stop,14,156.53756123512545,61.63156969451904,55.74419923782349,57.349999700273784,1.0,1.0,670.226525156642,-921.5946133788481,18.373716616766504,0.0,-939.9683299956146,-1.4024636368665504,670.226525156642,-921.5946133788481,18.373716616766504,0.0,-939.9683299956146,-1.4024636368665504,18.37281339496542,0.0
S2-000322,DBK.DE,DBK.DE|swing|2025-03-05T23:00:00Z,EUR,2025-03-07T08:00:00Z,2025-04-04T07:00:00Z,stop,20,394.4082961614053,22.022,20.199779314041137,20.322678429739817,1.0,1.0,670.226525156642,-718.6989559791016,16.652620040153835,0.0,-735.3515760192554,-1.0971687159761288,670.226525156642,-718.6989559791016,16.652620040153835,0.0,-735.3515760192554,-1.0971687159761288,16.65191799311533,0.0
S2-000323,SIE.DE,SIE.DE|swing|2025-03-05T23:00:00Z,EUR,2025-03-07T08:00:00Z,2025-03-10T16:30:00Z,stop,1,46.84799814049447,238.78855305480954,224.2576639807565,224.48214612688338,1.0,1.0,670.226525156642,-680.7430643209686,21.692788314645195,0.0,-702.4358526356139,-1.0480573750366626,670.226525156642,-680.7430643209686,21.692788314645195,0.0,-702.4358526356139,-1.0480573750366626,21.69212926370897,0.0
S2-000324,RRU.DE,RRU.DE|swing|2025-03-18T23:00:00Z,EUR,2025-03-20T08:00:00Z,2025-03-31T15:30:00Z,stop,7,794.7203553246455,9.849840152740477,9.004415633644378,9.013429062707084,1.0,1.0,664.7129186688117,-671.8760742162193,14.983860857937525,0.0,-686.8599350741569,-1.0333181675627698,664.7129186688117,-671.8760742162193,14.983860857937525,0.0,-686.8599350741569,-1.0333181675627698,14.983203965065428,0.0
S2-000325,IBE.MC,IBE.MC|swing|2025-03-20T23:00:00Z,EUR,2025-03-24T08:00:00Z,2025-04-03T07:00:00Z,objetivo,8,914.2261669689877,14.414399618148803,15.249735342979431,13.851607492991857,1.0,1.0,514.5192873825656,763.6857778441662,27.119728401963005,0.0,736.5660494422032,1.4315615906047403,514.5192873825656,763.6857778441662,27.119728401963005,0.0,736.5660494422032,1.4315615906047403,27.120519208259438,0.0
S2-000326,ENI.MI,ENI.MI|swing|2025-03-20T23:00:00Z,EUR,2025-03-24T08:00:00Z,2025-04-03T15:30:00Z,stop,8,925.4081689111842,14.240225831985471,13.704781705243246,13.718500205448695,1.0,1.0,482.80915672743845,-495.5043688827711,25.86053825523607,0.0,-521.3649071380072,-1.0798571234064949,482.80915672743845,-495.5043688827711,25.86053825523607,0.0,-521.3649071380072,-1.0798571234064949,25.860068610934313,0.0
S2-000327,7011.T,7011.T|swing|2025-05-08T15:00:00Z,JPY,2025-05-12T00:00:00Z,2025-05-23T06:30:00Z,objetivo,9,527.5242017089581,2673.671,3111.554973214286,2476.0535714285716,0.0061214495592556315,0.006165608237252605,104247.97625091975,230994.39341101304,3051.8467132257965,0.0,227942.54669778724,2.1865416950554586,638.1487282744843,1486.5034894079704,18.7542086792634,0.0,1467.749280728707,2.300011291564292,18.755713938466613,72.48296167160156
S2-000328,UBER,UBER|swing|2025-05-12T04:00:00Z,USD,2025-05-13T13:30:00Z,2025-07-11T20:00:00Z,tiempo,40,90.29467679720786,87.49741366577148,95.29460939025878,79.64803532191685,0.9004141905276427,0.8559445347941455,708.757080617356,704.0452678671526,16.50514664295202,0.0,687.5401212242006,0.9700645538882312,638.1749330248118,251.28893009851285,14.478824834190775,0.0,236.8101052643221,0.3710739689224288,14.479090602211063,-382.64341986290725
S2-000329,6758.T,6758.T|swing|2025-05-13T15:00:00Z,JPY,2025-05-15T00:00:00Z,2025-07-10T06:30:00Z,tiempo,40,581.7937101523279,3601.5979999999995,3603.393,3461.035714285714,0.006097189195780745,0.005826487210860572,81778.25371320559,1044.3197097237355,4191.818445504131,0.0,-3147.4987357803957,-0.03848821163164721,498.6174849899737,-561.1407216695698,24.990802000081587,0.0,-586.1315236696513,-1.1755133771160018,24.9902658496239,-567.5081365206381
S2-000330,COIN,COIN|swing|2025-05-16T04:00:00Z,USD,2025-05-19T13:30:00Z,2025-06-24T20:00:00Z,objetivo,24,23.705177481493212,260.03977877807614,321.3838216421945,229.629634312221,0.8933357155619082,0.8615490652192642,720.8778718009451,1454.171423526253,13.782749639891307,0.0,1440.3886738863616,1.998103604273338,643.9859494380428,1056.897928114843,12.070457170892274,0.0,1044.8274709439506,1.6224383029718141,12.071526140345428,-242.16534107066022
S2-000331,PANW,PANW|swing|2025-05-20T04:00:00Z,USD,2025-05-21T13:30:00Z,2025-05-21T20:00:00Z,stop,0,78.60396729335723,184.94475450134274,183.92268347985402,184.10679027012415,0.8896005693443643,0.8833141948591113,65.86731302370946,-80.33883714458815,28.994444030658467,0.0,-109.33328117524663,-1.6599019476609171,58.59559916707539,-162.35192184050183,25.702591470920865,0.0,-188.05451331142268,-3.2093624092010256,25.7024548214525,-90.88244657621247
S2-000332,8035.T,8035.T|swing|2025-05-28T15:00:00Z,JPY,2025-05-30T00:00:00Z,2025-06-03T06:30:00Z,stop,2,90.05725201862631,23523.499999999996,22482.851785714283,22505.35714285714,0.006117330397014743,0.006135722174499939,91691.14787667835,-93717.9184966619,4143.20561722365,0.0,-97861.12411388555,-1.0672908604602227,560.9050460431783,-536.064833222567,25.382596301666478,0.0,-561.4474295242335,-1.0009669791435847,25.38208561891733,37.23863834201346
S2-000333,6501.T,6501.T|swing|2025-05-28T15:00:00Z,JPY,2025-05-30T00:00:00Z,2025-07-22T06:30:00Z,objetivo,36,529.0863556094296,4003.9999999999995,4411.33425,3859.5,0.006117330397014743,0.005813277525869085,76452.97838556234,215514.99384740047,4452.438529567712,0.0,211062.55531783277,2.7606845380622946,467.6881286203116,608.7240872907203,26.527385222179763,0.0,582.1967020685405,1.2448395981014768,26.528020474286414,-709.6523355844282
S2-000334,ADYEN.AS,ADYEN.AS|swing|2025-05-29T22:00:00Z,EUR,2025-06-02T07:00:00Z,2025-06-19T07:00:00Z,stop,13,7.691846516652855,1669.0674244384763,1568.6297512207032,1586.2071402413505,1.0,1.0,637.3485883705276,-772.5511668808464,24.903869742570848,0.0,-797.4550366234172,-1.2512070335987162,637.3485883705276,-772.5511668808464,24.903869742570848,0.0,-797.4550366234172,-1.2512070335987162,24.903122094524086,0.0
S2-000335,EUNH.DE,EUNH.DE|swing|2025-05-29T22:00:00Z,EUR,2025-06-02T07:00:00Z,2025-07-11T15:30:00Z,stop,29,114.5277046010986,112.09698561096191,110.97159516334534,111.08267784118652,1.0,1.0,116.16634063143445,-128.88838474552836,25.547532524706163,0.0,-154.4359172702345,-1.3294377392864554,116.16634063143445,-128.88838474552836,25.547532524706163,0.0,-154.4359172702345,-1.3294377392864554,25.54742918374947,0.0
S2-000336,ORCL,ORCL|swing|2025-05-30T04:00:00Z,USD,2025-06-02T13:30:00Z,2025-06-12T13:30:00Z,objetivo,8,82.32201523340109,164.33416816711423,189.7700467071533,155.49428776332311,0.8819119851838787,0.8746610688358262,727.7167692623358,2093.9327806480374,29.150572571090983,0.0,2064.7822080769465,2.837343174281875,641.7821406317452,1733.3887681020383,25.594963678096704,0.0,1707.7938044239415,2.6610179627978683,25.596722663585883,-113.27564732086958
S2-000337,CRWD,CRWD|swing|2025-06-03T04:00:00Z,USD,2025-06-04T13:30:00Z,2025-06-04T20:00:00Z,stop,0,128.9291585855439,113.80118749999998,112.77800358663286,112.89089448111397,0.8782715615668364,0.8784258608573435,117.36331299126769,-131.91824102868682,29.21266445979274,0.0,-161.13090548847956,-1.3729239690129431,103.07686017149805,-113.61647029292851,25.658896001884678,0.0,-139.27536629481318,-1.3511797513339898,25.658808044220265,2.2435692544867836
S2-000338,6857.T,6857.T|swing|2025-06-04T15:00:00Z,JPY,2025-06-06T00:00:00Z,2025-06-16T06:30:00Z,objetivo,6,165.49313049015691,7677.669999999999,8818.601142857144,7041.714285714285,0.006110228522546743,0.00602627455706882,105246.30201024658,188816.26650514128,2730.019552845867,0.0,186086.24695229542,1.7681024738919418,643.0789564355773,1031.1866163137406,16.55851941810236,0.0,1014.6280968956382,1.5777659753002384,16.559567164285177,-122.52392080676074
S2-000339,AMD,AMD|swing|2025-06-09T04:00:00Z,USD,2025-06-10T13:30:00Z,2025-06-24T20:00:00Z,objetivo,9,81.63814113510952,121.2311106109619,135.99119337763105,112.13179179600307,0.8764241893076249,0.8615490652192642,742.8514736489669,1204.9857200712333,20.999150756118794,0.0,1183.9865693151146,1.5938402376712593,651.0530005687704,890.9339901615848,18.239019034900902,0.0,872.6949711266839,1.3404361401672114,18.239928208819137,-165.14464267911106
S2-000340,8035.T,8035.T|swing|2025-06-10T15:00:00Z,JPY,2025-06-12T00:00:00Z,2025-06-27T06:30:00Z,objetivo,11,73.4669411707725,24709.684999999998,27308.91375,23242.5,0.006017933441656136,0.005919962112242482,107789.59408163968,190957.3856656307,3821.64733415227,0.0,187135.7383314784,1.7361206332194004,648.6706028864397,952.6087277223955,22.801859185004936,0.0,929.8068685373906,1.4334037405116822,22.80283459656635,-196.56010940603116
S2-000341,LMT,LMT|swing|2025-06-13T04:00:00Z,USD,2025-06-16T13:30:00Z,2025-06-24T20:00:00Z,stop,5,30.80642302903597,482.4920197753906,458.44112330082487,458.900023324149,0.8686587908269632,0.8615490652192642,726.7850227764636,-740.9220910230214,28.986784447646322,0.0,-769.9088754706677,-1.059335087189142,631.3281990761498,-744.018653139256,25.079214962800066,0.0,-769.097868102056,-1.2182219473603597,25.078496022641552,-100.41016545421236
S2-000342,ORCL,ORCL|swing|2025-06-13T04:00:00Z,USD,2025-06-16T13:30:00Z,2025-07-08T20:00:00Z,objetivo,14,52.0482857401331,213.4131969451904,239.1092204835074,199.13428933279855,0.8686587908269632,0.8533879501621437,743.1926634667334,1337.4339755075096,23.553016086144652,0.0,1313.8809594213649,1.7678874187112807,645.5808403984828,971.7247314916833,20.269485425234862,0.0,951.4552460664485,1.4737972172147575,20.270477420443036,-190.04904848356756
S2-000343,6857.T,6857.T|swing|2025-06-15T15:00:00Z,JPY,2025-06-17T00:00:00Z,2025-06-26T06:30:00Z,objetivo,7,121.58134548416169,9299.289999999999,10682.128607142857,8409.785714285714,0.005991970759182696,0.005914709883480216,108147.12787107099,168127.3784438727,2429.3677589386925,0.0,165698.010684934,1.5321535943374571,648.0144278930493,907.0719609801725,14.456358200388285,0.0,892.6156027797842,1.3774625445949251,14.457279729627873,-100.34237447355548
S2-000344,IQQK.DE,IQQK.DE|swing|2025-06-17T22:00:00Z,EUR,2025-06-19T07:00:00Z,2025-07-10T15:30:00Z,objetivo,15,317.08476380229075,40.90086061096191,43.1327191147123,39.4660712650844,1.0,1.0,454.9498408436118,707.6883265018281,26.645767778776374,0.0,681.0425587230517,1.496961857290019,454.9498408436118,707.6883265018281,26.645767778776374,0.0,681.0425587230517,1.496961857290019,26.646502113603493,0.0
S2-000345,IBE.MC,IBE.MC|swing|2025-06-19T22:00:00Z,EUR,2025-06-23T07:00:00Z,2025-07-04T15:30:00Z,stop,9,783.4603519334025,16.43141591644287,15.908005285263062,15.923929214477539,1.0,1.0,397.5957101232795,-410.07147730981615,25.33665431601107,320.4352839407616,-114.97284768506557,-0.2891702419259423,397.5957101232795,-410.07147730981615,25.33665431601107,320.4352839407616,-114.97284768506557,-0.2891702419259423,25.336269580801513,0.0
S2-000346,MU,MU|swing|2025-06-24T04:00:00Z,USD,2025-06-25T13:30:00Z,2025-07-14T20:00:00Z,stop,12,85.2709854623035,126.7366106109619,117.6083424282074,117.7260684967041,0.8615490652192642,0.8554319931565441,768.3378056323505,-778.3764235076675,20.835534938390236,9.806163328164903,-789.4057951178928,-1.0274202171637292,661.9607182151723,-731.955022066214,17.88949010750896,8.361326166579897,-741.4831860071431,-1.1201317020840529,17.88877604126248,-61.345542004469
S2-000347,COIN,COIN|swing|2025-06-25T04:00:00Z,USD,2025-06-26T13:30:00Z,2025-07-18T20:00:00Z,objetivo,15,16.209063927848444,354.8845287780761,426.8569913242885,307.42714146205356,0.8622176237282291,0.8583690987124464,769.2398248540736,1166.6062464562347,12.671298274392647,0.0,1153.934948181842,1.5000977730199367,663.2521338627985,979.2407047887538,10.898788926841188,0.0,968.3419158619125,1.4599906527586468,10.899779067324468,-26.627760857249722
S2-000348,IQQT.DE,IQQT.DE|swing|2025-06-26T22:00:00Z,EUR,2025-06-30T07:00:00Z,2025-07-17T07:00:00Z,objetivo,13,154.5725343934271,85.9258363342285,91.04885939025878,84.20392881120954,1.0,1.0,266.15960982415066,791.87865752656,27.355427241639607,0.0,764.5232302849204,2.872423921834099,266.15960982415066,791.87865752656,27.355427241639607,0.0,764.5232302849204,2.872423921834099,27.356246476543035,0.0
S2-000349,META,META|swing|2025-06-30T04:00:00Z,USD,2025-07-01T13:30:00Z,2025-07-16T20:00:00Z,stop,10,21.104316561864806,737.6168848876953,700.9490908355713,701.6507415771484,0.8532423208191127,0.8619203585588693,759.0408739351768,-773.8487333012886,30.35995174679174,0.0,-804.2086850480803,-1.0595064279987125,647.6457968730178,-531.9058299032239,26.032770347650555,0.0,-557.9386002508744,-0.8614872557572822,26.03226447408487,128.37465926169855
S2-000350,IFX.DE,IFX.DE|swing|2025-07-02T22:00:00Z,EUR,2025-07-04T07:00:00Z,2025-07-24T15:30:00Z,stop,14,296.0605252284672,36.63659847259521,34.34669015571049,34.38107122693743,1.0,1.0,667.7725810165607,-677.9514590219255,21.015349713740072,0.0,-698.9668087356656,-1.046713849304231,667.7725810165607,-677.9514590219255,21.015349713740072,0.0,-698.9668087356656,-1.046713849304231,21.01469277697288,0.0
S2-000351,CVX,CVX|swing|2025-07-08T04:00:00Z,USD,2025-07-09T13:30:00Z,2025-09-04T20:00:00Z,tiempo,40,102.54154323836602,153.09294244384765,157.53231243896485,145.74357768467493,0.8533879501621437,0.8585901948999742,753.6152042272324,455.2198503054155,31.851993004494382,175.3460389376059,598.713896238527,0.7944557021676024,643.1261343465032,472.5141489591837,27.266142032718328,150.0993313966837,595.3473383231491,0.925708514284055,27.26664181350767,84.03501403392585
S2-000352,EXV1.DE,EXV1.DE|swing|2025-07-10T22:00:00Z,EUR,2025-07-14T07:00:00Z,2025-07-16T15:30:00Z,stop,2,480.3724679068066,28.02299584007263,27.02473368358612,27.051785469055176,1.0,1.0,466.5427227823389,-479.5376557293945,26.443413683946336,424.2591991856767,-81.72187022766411,-0.17516481607578452,466.5427227823389,-479.5376557293945,26.443413683946336,424.2591991856767,-81.72187022766411,-0.17516481607578452,26.442960589249516,0.0
S2-000353,VVSM.DE,VVSM.DE|swing|2025-07-14T22:00:00Z,EUR,2025-07-16T07:00:00Z,2025-07-22T15:30:00Z,stop,4,321.4247589445309,41.67663331985473,40.50749044418335,40.548038482666016,1.0,1.0,362.75832348942464,-375.79146698439,26.416012169923434,0.0,-402.20747915431343,-1.1087477615549153,362.75832348942464,-375.79146698439,26.416012169923434,0.0,-402.20747915431343,-1.1087477615549153,26.41566279411815,0.0
S2-000354,AMD,AMD|swing|2025-07-15T04:00:00Z,USD,2025-07-16T13:30:00Z,2025-07-29T20:00:00Z,objetivo,9,56.95807762598996,155.46530755615234,176.22466149411883,141.74929264613561,0.8572653236176596,0.8670770831526923,781.2378419639683,1182.412893064096,18.89242300492755,0.0,1163.5204700591682,1.4893293790456599,669.7281114136033,1112.1263026904526,16.294303852509103,0.0,1095.8319988379435,1.6362341376487206,16.295432274243293,98.48473126816775
S2-000355,IS3N.DE,IS3N.DE|swing|2025-07-16T22:00:00Z,EUR,2025-07-18T07:00:00Z,2025-08-01T15:30:00Z,stop,10,391.34638429377287,34.62158880233764,33.97449309621539,34.0085015978132,1.0,1.0,239.9294607474165,-253.2385648829686,26.84482862771825,0.0,-280.08339351068685,-1.1673572417417386,239.9294607474165,-253.2385648829686,26.84482862771825,0.0,-280.08339351068685,-1.1673572417417386,26.844602233752298,0.0
S2-000356,IQQT.DE,IQQT.DE|swing|2025-07-16T22:00:00Z,EUR,2025-07-18T07:00:00Z,2025-09-02T15:30:00Z,stop,32,148.44810323425799,91.27118030548095,88.23810184887476,88.32642827715192,1.0,1.0,437.14285310067913,-450.2547438438797,26.647812448757342,0.0,-476.90255629263703,-1.0909535702343984,437.14285310067913,-450.2547438438797,26.647812448757342,0.0,-476.90255629263703,-1.0909535702343984,26.64738884140249,0.0
S2-000357,RRU.DE,RRU.DE|swing|2025-07-16T22:00:00Z,EUR,2025-07-18T07:00:00Z,2025-07-31T15:30:00Z,objetivo,9,1152.9385316941311,11.75173977088928,12.86355207344464,11.215714522770472,1.0,1.0,618.0041625170804,1281.8512436276467,28.37991843622887,0.0,1253.471325191418,2.028257091483222,618.0041625170804,1281.8512436276467,28.37991843622887,0.0,1253.471325191418,2.028257091483222,28.381228668699393,0.0
S2-000358,TSM,TSM|swing|2025-07-17T04:00:00Z,USD,2025-07-18T13:30:00Z,2025-08-05T20:00:00Z,stop,12,53.77730522369608,245.55530755615231,230.74223562731063,230.97320883614677,0.8636324380343726,0.8661008141347653,784.1859736678063,-796.6070904178835,25.613998357073655,0.0,-822.2210887749571,-1.0485026720501676,677.2484443110858,-657.346395914712,22.151709176666287,0.0,-679.4981050913783,-1.0033217658884117,22.151073981342346,30.629327738352977
S2-000359,Q8Y0.DE,Q8Y0.DE|swing|2025-07-21T22:00:00Z,EUR,2025-07-23T07:00:00Z,2025-08-18T15:30:00Z,objetivo,18,765.8688752581664,17.381364320755004,18.106305341107504,16.91371468135289,1.0,1.0,358.15830334378495,555.2097638858763,27.178901649463995,0.0,528.0308622364123,1.4742946270034454,358.15830334378495,555.2097638858763,27.178901649463995,0.0,528.0308622364123,1.4742946270034454,27.179484038711763,0.0
S2-000360,7203.T,7203.T|swing|2025-07-22T15:00:00Z,JPY,2025-07-24T00:00:00Z,2025-08-04T00:00:00Z,stop,7,641.7928981208278,2852.85,2639.358,2674.2321428571427,0.005829883985308692,0.005827166249053085,114635.67219184634,-137017.6494056116,3524.8600894023953,0.0,-140542.50949501398,-1.2259928066702634,668.3126694563421,-803.4006310881471,20.544921754547058,0.0,-823.9455528426942,-1.232874357316847,20.544138898053873,-4.6036311137316694
S2-000361,SAP.DE,SAP.DE|swing|2025-07-22T22:00:00Z,EUR,2025-07-24T07:00:00Z,2025-07-25T15:30:00Z,stop,1,53.945092773679285,247.6974469451904,242.80694760458812,243.0499976021903,1.0,1.0,250.70708596911473,-263.81844063840714,26.460305069885187,0.0,-290.2787457082923,-1.1578402125580627,250.70708596911473,-263.81844063840714,26.460305069885187,0.0,-290.2787457082923,-1.1578402125580627,26.460067711509986,0.0
S2-000362,DBK.DE,DBK.DE|swing|2025-07-23T22:00:00Z,EUR,2025-07-25T07:00:00Z,2025-08-14T15:30:00Z,objetivo,14,393.22397216107817,28.763735610961913,31.408203603540148,27.07357066018241,1.0,1.0,664.6133755529498,1039.8682082944463,23.661048950561447,0.0,1016.2071593438849,1.5290200238573495,664.6133755529498,1039.8682082944463,23.661048950561447,0.0,1016.2071593438849,1.5290200238573495,23.662112480882115,0.0
S2-000363,AZN,AZN|swing|2025-07-30T04:00:00Z,USD,2025-07-31T13:30:00Z,2025-09-26T20:00:00Z,tiempo,40,103.64383603414942,149.329172668457,147.3724842681885,145.02641786847795,0.8675284115554784,0.8567511994516792,445.95401298417863,-202.79869172735246,30.751297882602135,106.7531511151739,-126.79683849478069,-0.28432716110411843,386.8777765109557,-340.5474545161589,26.51301077774678,91.64933989970287,-275.4111253942028,-0.7118814832890864,26.51269674298577,-164.6138276163983
S2-000364,OR.PA,OR.PA|swing|2025-07-30T22:00:00Z,EUR,2025-08-01T07:00:00Z,2025-09-22T15:30:00Z,stop,36,34.927649148283706,387.68728778076166,368.60602456447054,368.9749995640346,1.0,1.0,653.5762375954066,-666.4636669246678,26.415547466787615,0.0,-692.8792143914554,-1.0601352597221858,653.5762375954066,-666.4636669246678,26.415547466787615,0.0,-692.8792143914554,-1.0601352597221858,26.414907418026598,0.0
S2-000365,R6C0.DE,R6C0.DE|swing|2025-07-30T22:00:00Z,EUR,2025-08-01T07:00:00Z,2025-09-16T15:30:00Z,stop,32,430.1948869471278,31.47644469451904,30.317152619770596,30.347500119890487,1.0,1.0,485.66618365190305,-498.7215230351076,26.583289610677173,132.91043110186294,-392.3943815439218,-0.8079507998546734,485.66618365190305,-498.7215230351076,26.583289610677173,132.91043110186294,-392.3943815439218,-0.8079507998546734,26.582817471970024,0.0
S2-000366,PLTR,PLTR|swing|2025-08-05T04:00:00Z,USD,2025-08-06T13:30:00Z,2025-08-19T20:00:00Z,stop,9,59.033074355124796,171.34617805480954,158.13885141972133,158.29714856828963,0.8661008141347653,0.8560178051703476,770.324327939946,-779.6690952815824,19.450514243870465,0.0,-799.1196095254528,-1.0373807246390792,667.1785275766031,-769.401187682332,16.75197707245282,0.0,-786.1531647547848,-1.1783250393419196,16.751224422488367,-94.12914950323734
S2-000367,7011.T,7011.T|swing|2025-08-05T15:00:00Z,JPY,2025-08-07T00:00:00Z,2025-09-03T06:30:00Z,stop,18,440.5191769196863,3883.8799999999997,3620.1619285714287,3623.785714285714,0.005840439201027918,0.005777007510109763,114576.52066437074,-116172.86776456112,3305.6743739451013,0.0,-119478.54213850622,-1.0427838220755106,669.1772028055761,-779.6583078494916,19.20543246256087,0.0,-798.8637403120525,-1.1937999934288792,19.20467200892368,-101.1577368615159
S2-000368,EXH1.DE,EXH1.DE|swing|2025-08-05T22:00:00Z,EUR,2025-08-07T07:00:00Z,2025-10-02T15:30:00Z,tiempo,40,352.1533379854234,38.007971221923825,38.896066371917726,37.01892743791853,1.0,1.0,348.29506995119937,312.7456715190177,27.082013543227788,0.0,285.66365797578993,0.8201771504139151,348.29506995119937,312.7456715190177,27.082013543227788,0.0,285.66365797578993,0.8201771504139151,27.08235337125088,0.0
S2-000369,APP,APP|swing|2025-08-08T04:00:00Z,USD,2025-08-11T13:30:00Z,2025-08-20T20:00:00Z,stop,7,13.952824322283172,455.4549999999999,398.65432840183803,399.05338178362166,0.8585164835164835,0.8582954252853832,786.9618704656123,-792.5297921968523,11.91723741121411,0.0,-804.4470296080665,-1.0222185594990885,675.6197376936918,-681.6294943727745,10.229915151412735,0.0,-691.8594095241872,-1.0240367042649337,10.229243751161352,-1.2296040938840023
S2-000370,0700.HK,0700.HK|swing|2025-08-13T16:00:00Z,HKD,2025-08-15T01:30:00Z,2025-09-12T01:30:00Z,objetivo,20,195.83567016658628,587.587,644.355,555.8035714285714,0.10907861295635765,0.10985268754600082,6224.329034477535,11117.199324016776,241.25818717636466,0.0,10875.94113684041,1.7473274752341765,678.9411776647944,1310.3273690937654,26.41378710843383,0.0,1283.9135819853316,1.8910527512874216,26.415123850926147,97.67868687065923
S2-000371,EUNN.DE,EUNN.DE|swing|2025-08-17T22:00:00Z,EUR,2025-08-19T07:00:00Z,2025-09-02T15:30:00Z,stop,10,240.9399794647416,56.75670076370238,55.2373504952022,55.292643138340544,1.0,1.0,352.7500141898799,-366.0722224921838,26.98384441049369,0.0,-393.0560669026775,-1.114262370209577,352.7500141898799,-366.0722224921838,26.98384441049369,0.0,-393.0560669026775,-1.114262370209577,26.98350532177517,0.0
S2-000372,INTC,INTC|swing|2025-08-19T04:00:00Z,USD,2025-08-20T13:30:00Z,2025-09-18T13:30:00Z,objetivo,20,296.0539581008595,24.9248996181488,31.748220685958863,22.249284948621476,0.8560178051703476,0.8448086508405847,792.1263132662874,2020.0712095181525,16.77830158395726,0.0,2003.2929079341952,2.529006894965693,678.0742280998866,1623.8599921642963,14.25716796549002,0.0,1609.6028241988063,2.3737855790645046,14.258806084287077,-105.3569308952419
S2-000373,GOOGL,GOOGL|swing|2025-09-03T04:00:00Z,USD,2025-09-04T13:30:00Z,2025-09-15T20:00:00Z,objetivo,7,58.68804646523665,229.87964389038083,251.65988069016595,216.49214444841658,0.8581481163648845,0.8499065102838687,785.6861893033278,1278.239549329646,28.260613993431097,12.324489757699697,1262.3034250939145,1.6066254470034733,674.2351234045548,975.1950640282071,24.130068868285868,10.508603135828526,961.5735982957497,1.4261695437049873,24.1310681944166,-121.7237974921271
S2-000374,AMZN,AMZN|swing|2025-09-04T04:00:00Z,USD,2025-09-05T13:30:00Z,2025-09-23T20:00:00Z,stop,12,67.04479036737929,235.42519244384764,223.6043796255929,223.82820783342635,0.8585901948999742,0.8479606546256253,777.5174020994191,-792.523917371918,30.77554143182347,0.0,-823.2994588037415,-1.0588823563057286,667.5688178066619,-839.8061107874332,26.26422526999336,0.0,-866.0703360574266,-1.2973498955552683,26.263411727293573,-159.352846108186
S2-000375,MU,MU|swing|2025-09-05T04:00:00Z,USD,2025-09-08T13:30:00Z,2025-09-11T13:30:00Z,objetivo,3,81.68592110394671,130.68055305480956,147.57228121948242,121.02892030988421,0.8549200649739249,0.8541898009737763,788.4025109262409,1379.8163741687815,22.729339067479373,0.0,1357.0870351013023,1.7213124213759192,674.0211258666674,1170.829680109949,19.422965008237327,0.0,1151.4067151017118,1.7082650245142008,19.424155262072425,-8.803024146511659
S2-000376,TSM,TSM|swing|2025-09-05T04:00:00Z,USD,2025-09-08T13:30:00Z,2025-09-16T13:30:00Z,objetivo,6,58.251368837399504,242.2319954986572,265.65409341430666,228.69750649588448,0.8549200649739249,0.8499065102838687,788.4025109262409,1364.369264630183,29.585059892653337,47.88262518434239,1382.666829921872,1.7537575169534532,674.0211258666674,1088.8433325130309,25.21527799783162,40.554438201357144,1104.1824927165565,1.6382016087356024,25.21639205755394,-77.58332785303146
S2-000377,GS,GS|swing|2025-09-09T04:00:00Z,USD,2025-09-10T13:30:00Z,2025-09-23T20:00:00Z,objetivo,9,20.78963412600752,762.621845336914,822.7802931976319,724.1307067871094,0.8514986376021798,0.8479606546256253,800.2166875439023,1250.6721206128238,32.959930402723096,0.0,1217.7121902101007,1.5217280633669532,681.383419230162,1004.4273421162308,28.004817568708766,0.0,976.422524547522,1.433000124439042,28.005850001899663,-60.518264672617434
S2-000378,Q8Y0.DE,Q8Y0.DE|swing|2025-09-10T22:00:00Z,EUR,2025-09-12T07:00:00Z,2025-09-23T15:30:00Z,objetivo,7,751.4951297848138,18.318299236297605,19.089353905371258,17.93435730252947,1.0,1.0,288.5304933469169,579.4438286066913,28.111669152643742,0.0,551.3321594540475,1.910828048220016,288.5304933469169,579.4438286066913,28.111669152643742,0.0,551.3321594540475,1.910828048220016,28.112276708747935,0.0
S2-000379,9988.HK,9988.HK|swing|2025-09-11T16:00:00Z,HKD,2025-09-15T01:30:00Z,2025-09-25T08:00:00Z,objetivo,8,379.63621158727045,150.55039389038083,176.36988824026923,134.1357203892299,0.10965152744577733,0.10938286189319857,6231.604462418895,9802.015020090566,124.11077739912162,0.0,9677.904242691446,1.553035707105007,683.304947742154,1056.8170418130467,13.59094743711021,0.0,1043.2260943759366,1.5267357536676278,13.592017846168833,-17.988877186336335
S2-000380,RRU.DE,RRU.DE|swing|2025-09-14T22:00:00Z,EUR,2025-09-16T07:00:00Z,2025-10-14T15:30:00Z,stop,20,1020.5076334131622,13.493479541778562,12.85356262738364,12.866429056440081,1.0,1.0,639.909806823348,-653.040095890215,26.887357651488507,0.0,-679.9274535417035,-1.0625363860526091,639.909806823348,-653.040095890215,26.887357651488507,0.0,-679.9274535417035,-1.0625363860526091,26.886731498122657,0.0
S2-000381,IQQK.DE,IQQK.DE|swing|2025-09-15T22:00:00Z,EUR,2025-09-17T07:00:00Z,2025-10-02T07:00:00Z,objetivo,11,293.14741041753257,46.76171515274047,49.490460914611816,45.66446386064802,1.0,1.0,321.6563748541938,799.9247537804017,28.216076161196728,0.0,771.708677619205,2.3991710966991375,321.6563748541938,799.9247537804017,28.216076161196728,0.0,771.708677619205,2.3991710966991375,28.21690430285283,0.0
S2-000382,ASML.AS,ASML.AS|swing|2025-09-17T22:00:00Z,EUR,2025-09-19T07:00:00Z,2025-10-02T15:30:00Z,objetivo,9,14.55385816559913,787.4867122192381,874.6869048352922,739.62502179827,1.0,1.0,696.5722539525843,1269.099235346976,24.191039069212522,0.0,1244.9081962777634,1.787191765410892,696.5722539525843,1269.099235346976,24.191039069212522,0.0,1244.9081962777634,1.787191765410892,24.19233236077892,0.0
S2-000383,INTC,INTC|swing|2025-09-18T04:00:00Z,USD,2025-09-19T13:30:00Z,2025-09-26T13:30:00Z,objetivo,5,299.26732412094515,30.410379159927366,34.98498045730591,27.65928622654506,0.8461668641056016,0.851861316977596,823.3122205813645,1369.0286891866806,19.57069428257632,0.0,1349.4579949041042,1.6390598380177244,696.6595198691525,1218.0468456073584,16.619693142264694,0.0,1201.4271524650937,1.7245542739310407,16.620927810037458,59.620132807661854
S2-000384,TSM,TSM|swing|2025-09-23T04:00:00Z,USD,2025-09-24T13:30:00Z,2025-10-16T20:00:00Z,objetivo,16,49.194324878781295,280.5903075561523,310.8613174937112,263.73499243600025,0.8479606546256253,0.8584427847883939,829.1858479549949,1489.1618972770902,29.096063392786128,0.0,1460.065833884304,1.760842683802716,703.1169744382216,1423.0498535326433,24.83261611784964,0.0,1398.2172374147935,1.9885983246698675,24.834064001765,160.29915627402164
S2-000385,1810.HK,1810.HK|swing|2025-09-24T16:00:00Z,HKD,2025-09-26T01:30:00Z,2025-09-26T08:00:00Z,stop,0,1646.560749552328,59.05899999999999,55.08236162894112,55.137499128069194,0.10952182770026067,0.10952182770026067,6456.989415056479,-6547.776656949239,187.9406859586726,0.0,-6735.717342907911,-1.0431668553151863,707.1812821782225,-717.1244668421832,20.58360742543454,0.0,-737.7080742676178,-1.0431668553151863,20.58291088387743,0.0
S2-000386,INTC,INTC|swing|2025-09-26T04:00:00Z,USD,2025-09-29T13:30:00Z,2025-10-28T20:00:00Z,objetivo,21,242.26465118108862,34.55452045822143,41.974947301013124,31.15535715648106,0.8567511994516792,0.8598452278589853,823.497111603689,1797.7071206837159,18.54038481176533,0.0,1779.1667358719506,2.160501489078909,705.5321381114538,1571.651049003298,15.91596024287034,0.0,1555.7350887604277,2.205052051809816,15.917547811466736,31.46331709470022
S2-000387,LLY,LLY|swing|2025-10-01T04:00:00Z,USD,2025-10-02T13:30:00Z,2025-11-04T21:00:00Z,objetivo,23,18.629695361249226,815.1743453369139,907.3652500795637,770.1842891148159,0.8529512111907198,0.8702462796971543,838.1510417031614,1717.4884704335116,32.090387910298475,0.0,1685.3980825232131,2.010852458166021,714.901946181475,1757.2886400932748,27.663890004700026,0.0,1729.6247500885747,2.4193873849792493,27.66567495901259,292.3547690309138
S2-000388,ABBV,ABBV|swing|2025-10-01T04:00:00Z,USD,2025-10-02T13:30:00Z,2025-10-06T13:30:00Z,stop,2,69.51834697137431,241.13088938903806,231.47829670715333,232.86927577427454,0.8529512111907198,0.8522243054371911,574.3337218145602,-671.032287232611,32.85500938089385,0.0,-703.8872966135049,-1.2255719451569564,489.8786436494031,-584.0551612035454,28.012022686055456,0.0,-612.0671838896009,-1.2494261422174708,28.011466642358595,-11.697359060409754
S2-000389,AZN,AZN|swing|2025-10-01T04:00:00Z,USD,2025-10-02T13:30:00Z,2025-11-21T21:00:00Z,objetivo,36,100.39732765656713,166.96680305480956,183.63260944257462,158.65571812220983,0.8529512111907198,0.8680555555555556,834.4107171597728,1673.202424573358,35.199244092699814,0.0,1638.003180480658,1.963065846105394,711.7116318319454,1705.6270994925364,30.301704946751535,0.0,1675.325394545785,2.353938476786586,30.30344087729226,278.4670648854416
S2-000390,ASML.AS,ASML.AS|swing|2025-10-01T22:00:00Z,EUR,2025-10-03T07:00:00Z,2025-11-28T16:30:00Z,tiempo,40,12.329450350538448,870.0692122192382,902.4966243896484,811.9749864850726,1.0,1.0,716.2698718423685,399.81216835151884,21.854762475529917,19.72712056086152,397.68452643685043,0.5552160464517905,716.2698718423685,399.81216835151884,21.854762475529917,19.72712056086152,397.68452643685043,0.5552160464517905,21.855184142881782,0.0
S2-000391,AMAT,AMAT|swing|2025-10-02T04:00:00Z,USD,2025-10-03T13:30:00Z,2025-11-14T14:30:00Z,stop,30,56.86494991323987,220.12991366577145,203.54625,205.3257053920201,0.8507742045261187,0.8606592649969877,841.8405619920421,-943.0292037321104,24.09232382628771,0.0,-967.1215275583982,-1.1488179249404478,716.2162344666004,-687.8888320491221,20.611543727096546,0.0,-708.5003757762187,-0.98922691455587,20.610876449140154,114.41608860096247
S2-000392,VVSM.DE,VVSM.DE|swing|2025-10-05T22:00:00Z,EUR,2025-10-07T07:00:00Z,2025-10-29T08:00:00Z,objetivo,15,288.77870590187325,50.130081832885736,53.946,47.98678820473807,1.0,1.0,618.937560304214,1101.9559101267046,30.054956227038204,0.0,1071.9009538996663,1.7318402091687832,618.937560304214,1101.9559101267046,30.054956227038204,0.0,1071.9009538996663,1.7318402091687832,30.05608823903539,0.0
S2-000393,MC.PA,MC.PA|swing|2025-10-06T22:00:00Z,EUR,2025-10-08T07:00:00Z,2025-10-20T15:30:00Z,objetivo,8,22.414169115531067,556.2557122192383,612.9845932061332,524.2678724016462,1.0,1.0,716.9808513120275,1271.530732175099,26.207549942499476,0.0,1245.3231822325995,1.7368988027417196,716.9808513120275,1271.530732175099,26.207549942499476,0.0,1245.3231822325995,1.7368988027417196,26.20884768207822,0.0
S2-000394,IQQK.DE,IQQK.DE|swing|2025-10-06T22:00:00Z,EUR,2025-10-08T07:00:00Z,2025-10-20T07:00:00Z,objetivo,8,288.46741398555537,49.709659847259516,53.7861601524353,48.55017825535366,1.0,1.0,334.4726563809382,1175.9375011453858,29.855171553626484,0.0,1146.0823295917594,3.426535197204465,334.4726563809382,1175.9375011453858,29.855171553626484,0.0,1146.0823295917594,3.426535197204465,29.85637734750406,0.0
S2-000395,ARM,ARM|swing|2025-10-13T04:00:00Z,USD,2025-10-14T13:30:00Z,2025-11-07T21:00:00Z,stop,18,41.27639457735726,171.7665962219238,151.53350364957535,151.68518883841378,0.8643789437289308,0.8649770781074302,828.8880948304153,-835.1491125364512,13.344662489195008,0.0,-848.4937750256462,-1.0236529880420615,716.4734158790002,-718.1441227459721,11.538586451833904,0.0,-729.682709197806,-1.0184365435284157,11.537879845590703,3.7411850044389636
S2-000396,7011.T,7011.T|swing|2025-10-15T15:00:00Z,JPY,2025-10-17T00:00:00Z,2025-11-19T06:30:00Z,stop,22,351.9833537055965,4215.210999999999,3846.2927142857143,3850.1428571428573,0.005674402769108551,0.005557408024897188,128497.90925393066,-129853.09544903351,2837.5151132644087,0.0,-132690.61056229792,-1.0326285566256326,729.1488920951634,-895.22987698588,15.942812503502356,0.0,-911.1726894893824,-1.2496387217584395,15.94193321555764,-158.3911125925666
S2-000397,Q8Y0.DE,Q8Y0.DE|swing|2025-10-15T22:00:00Z,EUR,2025-10-17T07:00:00Z,2025-10-22T15:30:00Z,stop,3,707.7161535877794,20.62560454177856,20.31109757566452,20.33142900466919,1.0,1.0,208.1927796026633,-222.58166033479176,28.97156536312552,0.0,-251.5532256979173,-1.2082706526999043,208.1927796026633,-222.58166033479176,28.97156536312552,0.0,-251.5532256979173,-1.2082706526999043,28.971371752835275,0.0
S2-000398,IQQT.DE,IQQT.DE|swing|2025-10-15T22:00:00Z,EUR,2025-10-17T07:00:00Z,2025-11-18T08:00:00Z,stop,21,147.9854971100536,98.63854091644286,95.65425,96.19428389413017,1.0,1.0,361.7145905116839,-441.6317747908139,28.7525152486695,0.0,-470.3842900394834,-1.3004294058862116,361.7145905116839,-441.6317747908139,28.7525152486695,0.0,-470.3842900394834,-1.3004294058862116,28.752102368995295,0.0
S2-000399,IQQK.DE,IQQK.DE|swing|2025-10-19T22:00:00Z,EUR,2025-10-21T07:00:00Z,2025-10-31T08:00:00Z,objetivo,7,274.45255409300916,53.81375831985473,59.110828170776365,51.32017585209438,1.0,1.0,684.3700771183761,1453.7943497945187,30.99244118225062,0.0,1422.801908612268,2.078994912523279,684.3700771183761,1453.7943497945187,30.99244118225062,0.0,1422.801908612268,2.078994912523279,30.993925970524533,0.0
S2-000400,BBVA.MC,BBVA.MC|swing|2025-10-19T22:00:00Z,EUR,2025-10-21T07:00:00Z,2025-11-13T16:30:00Z,objetivo,17,654.1598116161446,17.287270458221435,18.980910563349724,16.158393144607544,1.0,1.0,738.4661708114025,1107.9112921162684,23.725186464731223,209.33113971716625,1293.5172453687035,1.7516269485268756,738.4661708114025,1107.9112921162684,23.725186464731223,209.33113971716625,1293.5172453687035,1.7516269485268756,23.726318102341253,0.0
S2-000401,7203.T,7203.T|swing|2025-10-21T15:00:00Z,JPY,2025-10-23T00:00:00Z,2025-12-16T00:00:00Z,objetivo,36,705.7616784093149,3103.0999999999995,3376.62,2921.6785714285716,0.005684402000909505,0.005484861781483107,128040.29192798659,193039.9342785161,4573.138062822405,0.0,188466.7962156937,1.471933509193283,727.8324916324841,621.7944869848436,25.520033053059706,0.0,596.2744539317839,0.8192468195454925,25.520680368225293,-475.5221016833936
S2-000402,CRWD,CRWD|swing|2025-10-28T04:00:00Z,USD,2025-10-29T13:30:00Z,2025-11-20T21:00:00Z,stop,16,98.68186294598499,135.38524999999998,126.41560235840934,126.54214450291225,0.8598452278589853,0.8685079034219212,872.6541246804983,-885.141539241225,25.834995831574602,0.0,-910.9765350727996,-1.0439147759787788,750.3474846779865,-653.0184819578211,22.322164124074703,0.0,-675.3406460818958,-0.9000371959289234,22.321533427124383,108.06624653850352
S2-000403,Q8Y0.DE,Q8Y0.DE|swing|2025-10-28T23:00:00Z,EUR,2025-10-30T08:00:00Z,2025-11-21T08:00:00Z,stop,16,605.5645979542874,21.881860610961912,20.434544923782347,20.629285539899552,1.0,1.0,758.5151193154409,-876.4431422198261,25.62531710451799,0.0,-902.0684593243441,-1.1892557397385302,758.5151193154409,-876.4431422198261,25.62531710451799,0.0,-902.0684593243441,-1.1892557397385302,25.62446628584149,0.0
S2-000404,MRVL,MRVL|swing|2025-10-31T04:00:00Z,USD,2025-11-03T14:30:00Z,2025-11-14T21:00:00Z,stop,9,94.5690151644061,93.48338938903808,84.08261532456534,84.16678210667202,0.8655011251514627,0.8585164835164835,881.0623753668926,-889.0219450602783,16.792242192443766,0.0,-905.814187252722,-1.028093143661392,762.5604772086659,-824.9886408690713,14.478165364240883,0.0,-839.4668062333122,-1.1008527603032352,14.477354852954914,-55.53914713505986
S2-000405,6501.T,6501.T|swing|2025-10-30T15:00:00Z,JPY,2025-11-04T00:00:00Z,2025-11-05T06:30:00Z,stop,1,456.9634211203774,5164.159,4860.456107142857,4865.321428571428,0.005631581911358901,0.00566925562673621,136557.83899930504,-138781.1129241553,4580.882414775018,0.0,-143361.99533893034,-1.0498261863946157,769.0366559627473,-697.8819751203775,25.881289775170625,0.0,-723.7632648955482,-0.941129735863472,25.880617773812325,83.6752300615512
S2-000406,6501.T,6501.T|swing|2025-11-05T15:00:00Z,JPY,2025-11-07T00:00:00Z,2026-01-08T06:30:00Z,tiempo,40,302.84898938738723,5133.128,5082.912,4686.714285714285,0.005644933672029354,0.005467169646274124,135195.94222009843,-15207.864851076867,3093.917389541123,0.0,-18301.78224061799,-0.13537227478930372,763.1721265599685,-359.4892879974524,17.19131655107791,0.0,-376.6806045485303,-0.49357227739230264,17.19097425276322,-273.64189961993657
S2-000407,APP,APP|swing|2025-11-06T05:00:00Z,USD,2025-11-07T14:30:00Z,2025-11-13T21:00:00Z,stop,4,12.91827947923921,614.6139999999999,546.121359577724,546.6680276053293,0.8670770831526923,0.8606592649969877,877.7450608830279,-884.8070712459973,14.994703776460256,0.0,-899.8017750224576,-1.0251288387965867,761.0726271421381,-812.4733101137751,12.956286637606897,0.0,-825.4295967513821,-1.084560878047746,12.955487119782433,-45.27737562491976
S2-000408,6758.T,6758.T|swing|2025-11-11T15:00:00Z,JPY,2025-11-13T00:00:00Z,2025-11-19T06:30:00Z,stop,4,463.46148515039647,4654.65,4356.103821428571,4360.464285714285,0.0055806685640939786,0.005557408024897188,136343.74805288736,-138364.65530668985,4176.137348403896,0.0,-142540.79265509374,-1.0454516227601618,760.889268669498,-819.1276672495006,23.258678034578644,0.0,-842.3863452840793,-1.1071076698940547,23.257882164793028,-46.960384997758524
S2-000409,ALV.DE,ALV.DE|swing|2025-11-13T23:00:00Z,EUR,2025-11-17T08:00:00Z,2025-12-19T16:30:00Z,objetivo,24,40.53167779786072,365.76539389038084,388.2916779834202,353.5464379446847,1.0,1.0,495.2547854172093,913.0280888421462,30.563198278387212,0.0,882.464890563759,1.7818402094193975,495.2547854172093,913.0280888421462,30.563198278387212,0.0,882.464890563759,1.7818402094193975,30.564141870617973,0.0
S2-000410,TTE.PA,TTE.PA|swing|2025-11-20T23:00:00Z,EUR,2025-11-24T08:00:00Z,2026-01-07T16:30:00Z,stop,29,257.82102434490935,55.8557992362976,53.42277562277658,53.476251874651226,1.0,1.0,613.4973382568945,-627.2846402933429,28.174314109118363,219.14787069317293,-436.3110837092883,-0.7111865960966702,613.4973382568945,-627.2846402933429,28.174314109118363,219.14787069317293,-436.3110837092883,-0.7111865960966702,28.17371499819044,0.0
S2-000411,DBK.DE,DBK.DE|swing|2025-11-23T23:00:00Z,EUR,2025-11-25T08:00:00Z,2025-12-22T16:30:00Z,objetivo,19,474.9516712329123,29.50947954177856,33.06743584411485,27.991963829313004,1.0,1.0,720.7466237577196,1689.8572919682922,29.721010543130618,0.0,1660.1362814251615,2.3033563067833662,720.7466237577196,1689.8572919682922,29.721010543130618,0.0,1660.1362814251615,2.3033563067833662,29.72273012315057,0.0
S2-000412,GOOGL,GOOGL|swing|2025-11-25T05:00:00Z,USD,2025-11-26T14:30:00Z,2026-01-27T21:00:00Z,tiempo,40,30.048356065714195,321.000672668457,334.2154378051758,293.1025052751814,0.8657259111765215,0.8382932349735938,838.2940674140436,397.0819681529119,19.688166987504047,6.31015477379998,383.7039559392078,0.45771999451559015,725.7328953458953,68.26808316308109,16.769060239124585,5.414118210038593,56.9131411339951,0.07842160869236806,16.769145276352567,-275.49606552786526
S2-000413,INTC,INTC|swing|2025-12-02T05:00:00Z,USD,2025-12-03T14:30:00Z,2025-12-12T21:00:00Z,stop,7,175.71804525521864,43.43338938903808,38.57781262738364,38.61642905644008,0.8610297916307904,0.8524422470377632,846.4268537160485,-853.2124571445829,14.410848107356472,0.0,-867.6233052519394,-1.025042272043748,728.7987374858347,-792.8547445531004,12.349956142739007,0.0,-805.2047006958394,-1.1048382211439955,12.34917563716964,-58.213400361105236
S2-000414,VRTX,VRTX|swing|2025-12-03T05:00:00Z,USD,2025-12-04T14:30:00Z,2025-12-10T21:00:00Z,stop,4,31.3157485609617,462.46199999999993,434.83401237814763,435.26928165980746,0.8570449091532396,0.8595495960116899,851.5603302305192,-865.1911136112889,28.09949630838765,0.0,-893.2906099196765,-1.049004490002324,729.8254458609181,-707.4009362049858,24.116636964034075,0.0,-731.5175731690199,-1.002318537011416,24.11595367905028,34.10670316019039
S2-000415,MRVL,MRVL|swing|2025-12-03T05:00:00Z,USD,2025-12-04T14:30:00Z,2025-12-12T21:00:00Z,stop,6,67.27644546354574,99.50941366577148,86.76493224089486,86.85178402491978,0.8570449091532396,0.8524422470377632,851.5603302305192,-857.403409541883,12.531875873647493,0.0,-869.9352854155304,-1.0215779840050054,729.8254458609181,-761.700053302857,10.713513593585535,0.0,-772.4135668964425,-1.0583538451242769,10.712762606294085,-26.866826064355894
S2-000416,AVGO,AVGO|swing|2025-12-08T05:00:00Z,USD,2025-12-09T14:30:00Z,2025-12-12T21:00:00Z,stop,3,20.342321412045447,399.14874999999995,357.3833368900844,357.7410779680525,0.858000858000858,0.8524422470377632,842.3281733984404,-849.6054573887583,15.389618870043591,0.0,-864.9950762588019,-1.0269098239572232,722.7182954941574,-769.3733503813309,13.16389505582403,0.0,-782.5372454371549,-1.0827693865174624,13.163138845611712,-40.41113897956462
S2-000417,TSM,TSM|swing|2025-12-08T05:00:00Z,USD,2025-12-09T14:30:00Z,2025-12-17T21:00:00Z,stop,6,39.41312065419761,300.28998022460934,278.6392914112636,278.9182096208845,0.858000858000858,0.8530967411704488,842.3281733984403,-853.321210446881,22.817409233231405,32.90995574625501,-843.2286639338573,-1.001069049527079,722.7182954941572,-786.007557582319,19.523499472600683,28.094549894361457,-777.4365071605582,-1.0757116735629164,19.522732987774774,-53.85722686856396
S2-000418,AVGO,AVGO|swing|2025-12-17T05:00:00Z,USD,2025-12-18T14:30:00Z,2026-01-23T21:00:00Z,stop,23,43.458344284785234,336.33599999999996,316.73581883239746,317.05287170410156,0.8530967411704488,0.8516436722875149,838.0128283708364,-851.7914212258332,28.381419945509215,28.2479237851104,-851.9249173862321,-1.0166012840667868,714.9060129421911,-746.6617088883831,24.192095642020206,24.051020676977778,-746.8027838534255,-1.0446167332961203,24.19137317168304,-20.001223283682002
S2-000419,INFY,INFY|swing|2025-12-18T05:00:00Z,USD,2025-12-19T14:30:00Z,2025-12-19T21:00:00Z,objetivo,0,881.2055165925398,19.09907992362976,20.59242206474713,18.224643775394984,0.8533151292772422,0.8538251366120219,770.5579577324155,1315.9413329127417,34.976370514001474,0.0,1280.9649623987402,1.6623862612078415,657.5287633180438,1132.1673212347225,29.855120799422913,0.0,1102.3122004352997,1.6764471182565073,29.856282823024713,9.254672619018915
S2-000420,ALV.DE,ALV.DE|swing|2025-12-18T23:00:00Z,EUR,2025-12-22T08:00:00Z,2026-01-12T16:30:00Z,stop,10,37.51729180532085,388.18778778076165,376.37325108882357,376.7500010899135,1.0,1.0,429.1147808875655,-443.24942061611137,28.68425959824949,0.0,-471.93368021436083,-1.0997842564132383,429.1147808875655,-443.24942061611137,28.68425959824949,0.0,-471.93368021436083,-1.0997842564132383,28.683845032672096,0.0
S2-000421,VRTX,VRTX|swing|2025-12-19T05:00:00Z,USD,2025-12-22T14:30:00Z,2026-02-13T21:00:00Z,objetivo,36,30.84984786909417,454.7943363342285,499.2725648950849,427.15179552350725,0.8538251366120219,0.8430281571404485,852.7681787259774,1372.146584589219,29.43281875986241,0.0,1342.7137658293566,1.5745354943184564,728.1149066990927,1005.2729558153239,24.96418020929312,0.0,980.3087756060308,1.3463654796607016,24.965210447459384,-166.3002892232859
S2-000422,MU,MU|swing|2025-12-22T05:00:00Z,USD,2025-12-23T14:30:00Z,2026-01-06T21:00:00Z,objetivo,8,22.3394497480093,276.1959334411621,334.3882923611232,237.8346503121512,0.8514261387824605,0.8541898009737763,856.9699567296954,1299.9852778105924,13.640115629237316,2.5690367210210696,1288.9141989023763,1.504036622031692,729.6466213109368,1127.4861415659423,11.634195678753446,2.18344103435413,1118.0353869215428,1.5322970795270705,11.635334800228986,20.644696005625157
S2-000423,EUNH.DE,EUNH.DE|swing|2026-01-01T23:00:00Z,EUR,2026-01-05T08:00:00Z,2026-01-15T08:00:00Z,stop,8,133.36860598806302,110.36525225067138,109.61527347564697,109.83267947605678,1.0,1.0,71.02848853754314,-100.0236237456397,29.338496060640313,189.11668329107337,59.75456348479335,0.8412760107264454,71.02848853754314,-100.0236237456397,29.338496060640313,189.11668329107337,59.75456348479335,0.8412760107264454,29.338425375440398,0.0
S2-000424,ASML.AS,ASML.AS|swing|2026-01-04T23:00:00Z,EUR,2026-01-06T08:00:00Z,2026-01-15T16:30:00Z,objetivo,7,11.587354714180908,1046.0449999999998,1158.4867725612096,982.2356392996652,1.0,1.0,739.3816965198927,1302.9027033579912,25.544691627348723,0.0,1277.3580117306424,1.7276029657521765,739.3816965198927,1302.9027033579912,25.544691627348723,0.0,1277.3580117306424,1.7276029657521765,25.546020076070178,0.0
S2-000425,VVSM.DE,VVSM.DE|swing|2026-01-04T23:00:00Z,EUR,2026-01-06T08:00:00Z,2026-01-22T08:00:00Z,objetivo,12,234.28386886787504,56.336278778076164,61.468468780517576,53.18035643441336,1.0,1.0,739.3816965198927,1202.389329537003,27.5997520290307,0.0,1174.7895775079724,1.588881065135165,739.3816965198927,1202.389329537003,27.5997520290307,0.0,1174.7895775079724,1.588881065135165,27.60098201934091,0.0
S2-000426,SXR8.DE,SXR8.DE|swing|2026-01-04T23:00:00Z,EUR,2026-01-06T08:00:00Z,2026-01-29T16:30:00Z,stop,17,23.413307586655204,631.5909819946288,616.7854030674525,617.4028058733259,1.0,1.0,332.19213162170246,-346.6475734204786,29.22862028737523,0.0,-375.8761937078538,-1.1315023985453647,332.19213162170246,-346.6475734204786,29.22862028737523,0.0,-375.8761937078538,-1.1315023985453647,29.22830286810231,0.0
S2-000427,7203.T,7203.T|swing|2026-01-05T15:00:00Z,JPY,2026-01-07T00:00:00Z,2026-01-15T06:30:00Z,objetivo,5,813.0296693282442,3353.3499999999995,3661.0495714285717,3271.8571428571427,0.005460303592879765,0.005410669840926307,66256.11069547069,250168.8808110145,5702.914964094749,0.0,244465.96584691975,3.6897119870278106,361.77847928071805,1218.2610952609978,30.991910124876238,0.0,1187.2691851361215,3.2817573546569996,30.993159379127754,-147.7369434580958
S2-000428,6758.T,6758.T|swing|2026-01-06T15:00:00Z,JPY,2026-01-08T00:00:00Z,2026-01-08T06:30:00Z,stop,0,683.1367539442482,3973.9699999999993,3922.9302857142857,3926.8571428571427,0.005467169646274124,0.005467169646274124,32184.5242976102,-34867.10473938431,5394.662827404263,0.0,-40261.76756678858,-1.250966681827829,175.9582543196665,-190.62437668462132,29.49353686186793,0.0,-220.11791354648926,-1.2509666818278222,29.493375730863953,0.0
S2-000429,ZPRR.DE,ZPRR.DE|swing|2026-01-06T23:00:00Z,EUR,2026-01-08T08:00:00Z,2026-01-15T16:30:00Z,objetivo,5,231.07467322708342,63.92386061096191,67.13225914049148,61.90035533905029,1.0,1.0,467.58081948025745,741.3796417933014,30.28375004597661,0.0,711.0958917473248,1.5207978217279061,467.58081948025745,741.3796417933014,30.28375004597661,0.0,711.0958917473248,1.5207978217279061,30.284521710139376,0.0
S2-000430,INTC,INTC|swing|2026-01-09T05:00:00Z,USD,2026-01-12T14:30:00Z,2026-01-21T21:00:00Z,objetivo,6,232.40820649503596,44.28424168014526,52.98356997769219,40.55892767224993,0.8589589417625838,0.851861316977596,865.7935472057874,2021.7952873443974,22.605837657094952,0.0,1999.1894496873024,2.309083333017868,743.6811090927567,1649.2402914869067,19.33008754260403,0.0,1629.9102039443026,2.191678911856035,19.33175611465073,-87.39884899101698
S2-000431,EUNN.DE,EUNN.DE|swing|2026-01-11T23:00:00Z,EUR,2026-01-13T08:00:00Z,2026-01-28T16:30:00Z,stop,11,242.1256224661636,61.801741680145255,60.71030430957249,60.77107538495745,1.0,1.0,249.55071827724242,-264.26495273276305,29.663305394863674,0.0,-293.92825812762675,-1.1778297420129338,249.55071827724242,-264.26495273276305,29.663305394863674,0.0,-293.92825812762675,-1.1778297420129338,29.663070792979394,0.0
S2-000432,XOM,XOM|swing|2026-01-14T05:00:00Z,USD,2026-01-15T14:30:00Z,2026-01-29T21:00:00Z,objetivo,9,135.13073846529437,129.2591348876953,140.35058294309889,123.33927890232631,0.8582954252853832,0.8355614973262031,799.9545109111035,1498.7955663761402,36.43256026789486,0.0,1462.3630061082454,1.8280577034845338,686.5972971514062,855.2450225934859,30.838735453903002,0.0,824.4062871395829,1.2007129806073027,30.839621538545757,-431.16435546517056
S2-000433,INFY,INFY|swing|2026-01-14T05:00:00Z,USD,2026-01-15T14:30:00Z,2026-01-21T21:00:00Z,stop,3,922.76219241903,18.92890984725952,18.080116751943315,18.098214966910227,0.8582954252853832,0.851861316977596,766.533829022376,-783.2341775441147,34.15053052397461,0.0,-817.3847080680893,-1.066338727816576,657.9124787763934,-779.5907108287556,29.203899720480763,0.0,-808.7946105492364,-1.2293346556573275,29.203149332918322,-107.34439931548167
S2-000434,7203.T,7203.T|swing|2026-01-14T15:00:00Z,JPY,2026-01-16T00:00:00Z,2026-01-21T06:30:00Z,stop,3,761.2885559112175,3678.6749999999997,3495.1442142857145,3498.6428571428573,0.005425641582117086,0.005400151204233718,137056.41005331595,-139719.8868216793,5461.3464700117165,0.0,-145181.23329169102,-1.0592808700827232,743.6189574809612,-825.895164068239,29.563483365764085,0.0,-855.4586474340031,-1.1503991914513627,29.562687033285854,-67.82513627984358
S2-000435,GS,GS|swing|2026-01-15T05:00:00Z,USD,2026-01-16T14:30:00Z,2026-01-23T21:00:00Z,stop,4,16.266035820325495,973.9729999999998,918.7795500183106,919.6992492675781,0.8602890571231934,0.8516436722875149,882.8187735169887,-897.7786344495007,30.787580777610263,0.0,-928.566215227111,-1.051819742717832,759.4793302795842,-901.5535560308643,26.357014417179528,0.0,-927.9105704480439,-1.2217719870091208,26.35613921975976,-129.20442109495562
S2-000436,8035.T,8035.T|swing|2026-01-21T15:00:00Z,JPY,2026-01-23T00:00:00Z,2026-03-09T00:00:00Z,stop,29,34.66792700994169,42352.31,38251.71,38312.5,0.005379814934366258,0.005477351152982418,140051.83821403247,-142159.30149696686,2794.3742820678804,0.0,-144953.67577903473,-1.0350001658493841,753.4529708092989,-635.4472231714489,15.162560004958781,0.0,-650.6097831764076,-0.8635041713055756,15.161939719675061,129.34351008100896
S2-000437,EXV1.DE,EXV1.DE|swing|2026-01-21T23:00:00Z,EUR,2026-01-23T08:00:00Z,2026-02-13T16:30:00Z,stop,15,417.00679739183,36.106069694519036,34.88597331987109,34.92089421408517,1.0,1.0,494.2262314430485,-508.7884817013217,29.604164497733862,0.0,-538.3926461990555,-1.0893647725395905,494.2262314430485,-508.7884817013217,29.604164497733862,0.0,-538.3926461990555,-1.0893647725395905,29.60368531293315,0.0
S2-000438,ENR.DE,ENR.DE|swing|2026-01-22T23:00:00Z,EUR,2026-01-26T08:00:00Z,2026-02-11T16:30:00Z,objetivo,12,67.03412889345768,140.89075,159.57687094402314,129.7589282989502,1.0,1.0,746.2119707271617,1252.6078398803866,20.14158523067223,0.0,1232.4662546497143,1.6516302377844625,746.2119707271617,1252.6078398803866,20.14158523067223,0.0,1232.4662546497143,1.6516302377844625,20.142857981369254,0.0
S2-000439,6857.T,6857.T|swing|2026-01-28T15:00:00Z,JPY,2026-01-30T00:00:00Z,2026-02-06T00:00:00Z,stop,5,62.347911249296004,25795.769999999997,23376.6,23596.60714285714,0.0054501853063004145,0.005402193290475933,137113.21063989098,-150830.1964569593,3065.7945606775447,0.0,-153895.99101763684,-1.1224008999528392,747.2924059292075,-892.000028423862,16.639200958792753,0.0,-908.6392293826548,-1.2159085549020445,16.63832559708933,-69.94750794773722
S2-000440,EXH1.DE,EXH1.DE|swing|2026-01-28T23:00:00Z,EUR,2026-01-30T08:00:00Z,2026-02-19T08:00:00Z,objetivo,14,338.1639538889803,44.16411893081665,47.09785545730591,42.55642768314907,1.0,1.0,543.6632289439773,992.0839434661323,30.861510098802377,0.0,961.2224333673299,1.7680475378745557,543.6632289439773,992.0839434661323,30.861510098802377,0.0,961.2224333673299,1.7680475378745557,30.862533045277296,0.0
S2-000441,META,META|swing|2026-01-29T05:00:00Z,USD,2026-01-30T14:30:00Z,2026-02-04T21:00:00Z,stop,3,20.39375293218364,728.2275,683.7255609937396,684.4099709647043,0.8355614973262031,0.8460236886632826,893.6038612446036,-907.5615490967804,28.79502187774674,0.0,-936.3565709745271,-1.0478430226010638,746.6609803180177,-612.4415139472193,24.205893568642622,0.0,-636.6474075158619,-0.8526592714737835,24.205305332432964,145.88197293177473
S2-000442,AMD,AMD|swing|2026-02-03T05:00:00Z,USD,2026-02-04T14:30:00Z,2026-02-04T21:00:00Z,stop,0,82.47523307774892,215.21499999999997,209.75005269568305,209.96001270839145,0.8473858147614609,0.8460236886632826,433.406301696022,-450.72280268115384,35.049091770974314,0.0,-485.77189445212815,-1.1208233303281172,367.26235208543517,-405.4997800445962,29.676539516333225,0.0,-435.1763195609294,-1.1849194917199017,29.67616369271525,-23.563670663057476
S2-000443,Q8Y0.DE,Q8Y0.DE|swing|2026-02-03T23:00:00Z,EUR,2026-02-05T08:00:00Z,2026-03-09T08:00:00Z,stop,21,608.556131709712,23.338315534591672,21.878099618911744,22.115892818995885,1.0,1.0,743.9128391170535,-888.623349107132,27.51672669559644,0.0,-916.1400758027283,-1.2315153437734594,743.9128391170535,-888.623349107132,27.51672669559644,0.0,-916.1400758027283,-1.2315153437734594,27.515865588110795,0.0
S2-000444,R6C0.DE,R6C0.DE|swing|2026-02-03T23:00:00Z,EUR,2026-02-05T08:00:00Z,2026-02-06T16:30:00Z,stop,1,453.7055601490183,32.792758319854734,31.71111419044222,31.74285704748971,1.0,1.0,476.3460448795399,-490.74795561700165,29.265765609065145,0.0,-520.0137212260668,-1.0916721715566458,476.3460448795399,-490.74795561700165,29.265765609065145,0.0,-520.0137212260668,-1.0916721715566458,29.265304126412786,0.0
S2-000445,LLY,LLY|swing|2026-02-04T05:00:00Z,USD,2026-02-05T14:30:00Z,2026-02-05T21:00:00Z,stop,0,15.48721081028662,1066.5655,1008.790597202846,1009.8003976004464,0.8460236886632826,0.8476012883539583,879.1331075293916,-894.7720991633407,32.14147738379416,0.0,-926.9135765471349,-1.054349527515827,743.7674344580302,-732.3509955513232,27.217098651620844,0.0,-759.568094202944,-1.0212440865422234,27.216393517017657,24.647396295834547
S2-000446,7203.T,7203.T|swing|2026-02-04T15:00:00Z,JPY,2026-02-06T00:00:00Z,2026-03-09T00:00:00Z,stop,19,597.6550604107025,3672.6689999999994,3295.701,3447.0714285714284,0.005402193290475933,0.005477351152982418,134829.53018065036,-225296.83281290132,4164.681593314127,0.0,-229461.51440621546,-1.7018639321725229,728.3751832999317,-1069.059169492388,22.64645282946514,0.0,-1091.705622321853,-1.498823199022019,22.6454064157001,148.03786909494636
S2-000447,OR.PA,OR.PA|swing|2026-02-04T23:00:00Z,EUR,2026-02-06T08:00:00Z,2026-02-13T08:00:00Z,stop,5,37.07066717438928,394.39399999999995,369.1305,375.47679901123047,1.0,1.0,701.2732617257011,-936.5348001601823,28.304362618991984,0.0,-964.8391627791742,-1.375839085044947,701.2732617257011,-936.5348001601823,28.304362618991984,0.0,-964.8391627791742,-1.375839085044947,28.303454387644916,0.0
S2-000448,CAT,CAT|swing|2026-02-06T05:00:00Z,USD,2026-02-09T14:30:00Z,2026-04-08T20:00:00Z,tiempo,40,13.257390247913165,725.2244999999999,770.8084370727539,659.7303401402065,0.8478887569950823,0.8542627712284298,868.2816362204909,604.3240428098162,19.833492470505217,0.0,584.490550339311,0.6731577934591787,736.2062372566483,577.5350281574653,16.8817307443652,0.0,560.6532974131001,0.7615438025929835,16.882325161717496,65.1354666772072
S2-000449,7011.T,7011.T|swing|2026-02-09T15:00:00Z,JPY,2026-02-12T00:00:00Z,2026-02-25T06:30:00Z,stop,8,359.3672800963272,5036.030999999999,4653.770142857143,4658.428571428572,0.005470758794244762,0.0054487004849343434,135697.95771348156,-137372.044518719,3482.1974813828538,0.0,-140854.24200010183,-1.037998245320003,742.3707955220831,-788.419917672017,19.013371897534356,0.0,-807.4332895695514,-1.0876415053500483,19.0126024902179,-36.89059703785251
S2-000450,AZN,AZN|swing|2026-02-11T05:00:00Z,USD,2026-02-12T14:30:00Z,2026-03-09T13:30:00Z,stop,16,75.69132758707013,202.72252427673337,190.13967182922363,191.06357192993164,0.8403361344537815,0.8649770781074302,882.4815814038096,-952.4128065842267,29.736261182031782,162.963428294962,-819.1856394712964,-0.928275056084655,741.5811608435375,-445.71630331198185,25.34308536779391,138.65687764397347,-332.40251103580226,-0.4482348373813857,25.342664994153758,354.63059297728483
S2-000451,SAF.PA,SAF.PA|swing|2026-02-12T23:00:00Z,EUR,2026-02-16T08:00:00Z,2026-03-09T08:00:00Z,stop,15,37.987980410489804,331.03071221923824,306.8928121948242,311.6035624912807,1.0,1.0,737.998183297304,-916.9500732778013,24.23342634883202,0.0,-941.1834996266333,-1.2753195345570054,737.998183297304,-916.9500732778013,24.23342634883202,0.0,-941.1834996266333,-1.2753195345570054,24.23253363129087,0.0
S2-000452,AMAT,AMAT|swing|2026-02-13T05:00:00Z,USD,2026-02-17T14:30:00Z,2026-04-15T20:00:00Z,tiempo,40,19.043878924376425,351.35099999999994,393.8657497558594,305.2707214355469,0.8435259384226065,0.8488964346349746,877.5472457829825,809.6457468507493,14.19181755476791,8.760184305213157,804.2141136011945,0.9164339783023794,740.233864009264,723.239839322812,12.011448871728682,7.453572964530892,718.6819634156142,0.9708850112896481,12.01218412375107,40.28265092066081
S2-000453,BSP.DE,BSP.DE|swing|2026-02-17T23:00:00Z,EUR,2026-02-19T08:00:00Z,2026-03-12T16:30:00Z,objetivo,15,506.6556119920509,24.114090152740477,26.527910828590393,22.63035774230957,1.0,1.0,751.741352439312,1222.975791761805,25.658053999698232,0.0,1197.3177377621068,1.5927256547440847,751.741352439312,1222.975791761805,25.658053999698232,0.0,1197.3177377621068,1.5927256547440847,25.659302634791956,0.0
S2-000454,IQQK.DE,IQQK.DE|swing|2026-02-19T23:00:00Z,EUR,2026-02-23T08:00:00Z,2026-03-03T16:30:00Z,stop,6,129.8119047491821,86.27619244384765,80.41200780487061,80.49250030517578,1.0,1.0,750.7920930038657,-761.2409777865039,21.63811277349921,0.0,-782.8790905600031,-1.0427375272797021,750.7920930038657,-761.2409777865039,21.63811277349921,0.0,-782.8790905600031,-1.0427375272797021,21.637373169892733,0.0
S2-000455,LLY,LLY|swing|2026-02-23T05:00:00Z,USD,2026-02-24T14:30:00Z,2026-03-17T20:00:00Z,stop,15,11.222874370306313,1043.9929011230467,964.4458370949882,965.4112483433315,0.8486082824168365,0.8672274737663689,881.9120169577758,-892.7467061136138,22.540455639477535,0.0,-915.2871617530913,-1.0378440753199458,748.397841953306,-556.0608314537194,19.32954876256457,0.0,-575.390380216284,-0.7688295555670291,19.32901203074407,201.5314174546422
S2-000456,RRU.DE,RRU.DE|swing|2026-02-25T23:00:00Z,EUR,2026-02-27T08:00:00Z,2026-03-02T16:30:00Z,stop,1,954.783793950934,15.695680305480955,14.978578492743628,14.993572064808436,1.0,1.0,670.3615697935234,-684.6771894144379,29.287285192001683,0.0,-713.9644746064396,-1.0650438610708939,670.3615697935234,-684.6771894144379,29.287285192001683,0.0,-713.9644746064396,-1.0650438610708939,29.28662980144062,0.0
S2-000457,MUV2.DE,MUV2.DE|swing|2026-02-26T23:00:00Z,EUR,2026-03-02T08:00:00Z,2026-03-03T16:30:00Z,stop,1,27.492579779330114,545.9454244384765,529.7839513942174,530.3142656598773,1.0,1.0,429.7408797640156,-444.320587020786,29.57457568604932,0.0,-473.8951627068353,-1.1027462943880653,429.7408797640156,-444.320587020786,29.57457568604932,0.0,-473.8951627068353,-1.1027462943880653,29.5741609396207,0.0
S2-000458,EUNL.DE,EUNL.DE|swing|2026-03-01T23:00:00Z,EUR,2026-03-03T08:00:00Z,2026-03-09T08:00:00Z,stop,3,131.01667132876977,113.3282113342285,110.31457804870605,111.1112540108817,1.0,1.0,290.45836898283744,-394.8362016747348,29.300933831633216,0.0,-424.13713550636805,-1.4602338262507748,290.45836898283744,-394.8362016747348,29.300933831633216,0.0,-424.13713550636805,-1.4602338262507748,29.30056829599779,0.0
S2-000459,R6C0.DE,R6C0.DE|swing|2026-03-08T23:00:00Z,EUR,2026-03-10T08:00:00Z,2026-03-17T16:30:00Z,objetivo,5,390.60696721825815,36.13609847259521,39.9509905291966,35.12267848423549,1.0,1.0,395.8489081715507,1490.1234164940943,29.720147079455586,0.0,1460.4032694146388,3.689294675992229,395.8489081715507,1490.1234164940943,29.720147079455586,0.0,1460.4032694146388,3.689294675992229,29.72166692453544,0.0
S2-000460,EXH1.DE,EXH1.DE|swing|2026-03-09T23:00:00Z,EUR,2026-03-11T08:00:00Z,2026-03-17T16:30:00Z,objetivo,4,284.32142947296643,49.68963938903808,52.91899498088019,47.61035714830671,1.0,1.0,591.1844989624948,918.1749981490676,29.173833600324116,0.0,889.0011645487435,1.5037626428110094,591.1844989624948,918.1749981490676,29.173833600324116,0.0,889.0011645487435,1.5037626428110094,29.174780950101397,0.0
S2-000461,VRTX,VRTX|swing|2026-03-10T04:00:00Z,USD,2026-03-11T13:30:00Z,2026-03-18T20:00:00Z,stop,5,21.891250869953453,498.37788488769525,460.35740055738177,460.81821877615795,0.8590327291469806,0.8695652173913044,822.2280734393521,-832.3159606720266,20.987914651554615,0.0,-853.3038753235812,-1.0377946252239236,706.3208259078706,-608.842348074166,18.135449905363373,0.0,-626.9777979795294,-0.887667154898969,18.134859197873705,106.14430313451497
S2-000462,BBVA.MC,BBVA.MC|swing|2026-03-31T22:00:00Z,EUR,2026-04-02T07:00:00Z,2026-06-02T15:30:00Z,tiempo,40,669.4678900846798,18.373354541778564,19.96001954269409,17.304822376796178,1.0,1.0,715.347973978373,1062.2212704341246,25.662963068158653,401.68073405080787,1438.2390414167737,2.0105446492258543,715.347973978373,1062.2212704341246,25.662963068158653,401.68073405080787,1438.2390414167737,2.0105446492258543,25.664050953480135,0.0
S2-000463,MRVL,MRVL|swing|2026-04-01T04:00:00Z,USD,2026-04-02T13:30:00Z,2026-04-10T20:00:00Z,objetivo,5,84.26256950101815,102.40230305480956,127.82043971157074,92.55107307434082,0.8616975441619991,0.853898044573478,830.0899508997612,2141.797506626716,19.399159863067148,5.055754170061089,2127.4541009337095,2.562919956599515,715.2864721238786,1761.5773074818944,16.632204068740343,4.317098599659371,1749.2622020128135,2.4455407311406043,16.63398228002952,-84.004344070639
S2-000464,ENR.DE,ENR.DE|swing|2026-04-07T22:00:00Z,EUR,2026-04-09T07:00:00Z,2026-06-05T15:30:00Z,tiempo,40,31.945624535527738,162.78261511230468,157.86198426818848,139.94964981079102,1.0,1.0,729.4133365548885,-157.19262542407316,10.243191981153945,0.0,-167.4358174052271,-0.22954860984040637,729.4133365548885,-157.19262542407316,10.243191981153945,0.0,-167.4358174052271,-0.22954860984040637,10.24304503157332,0.0
S2-000465,ASML.AS,ASML.AS|swing|2026-04-07T22:00:00Z,EUR,2026-04-09T07:00:00Z,2026-06-02T15:30:00Z,objetivo,37,4.767409624802276,1208.2069999999999,1447.2406439012798,1055.207070486886,1.0,1.0,729.4133365548885,1139.5712945865218,12.659606655693489,12.872005986966148,1139.7836939177944,1.5626033098066687,729.4133365548885,1139.5712945865218,12.659606655693489,12.872005986966148,1139.7836939177944,1.5626033098066687,12.660758887746788,0.0
S2-000466,EUNN.DE,EUNN.DE|swing|2026-04-07T22:00:00Z,EUR,2026-04-09T07:00:00Z,2026-06-05T15:30:00Z,tiempo,40,226.0889426784102,64.52445908355712,68.53139847564697,61.4328545161656,1.0,1.0,698.9776078212927,905.9246905340655,30.082458152729608,0.0,875.8422323813359,1.2530333197816288,698.9776078212927,905.9246905340655,30.082458152729608,0.0,875.8422323813359,1.2530333197816288,30.083394160813405,0.0
S2-000467,IQQT.DE,IQQT.DE|swing|2026-04-07T22:00:00Z,EUR,2026-04-09T07:00:00Z,2026-04-22T07:00:00Z,objetivo,9,84.91373669911378,122.32219694519041,136.5033593902588,113.73214585440499,1.0,1.0,729.4133365548885,1204.1754939478972,21.977845141669974,0.0,1182.197648806227,1.620751348460252,729.4133365548885,1204.1754939478972,21.977845141669974,0.0,1182.197648806227,1.620751348460252,21.979071296233393,0.0
S2-000468,IQQK.DE,IQQK.DE|swing|2026-04-07T22:00:00Z,EUR,2026-04-09T07:00:00Z,2026-05-04T15:30:00Z,objetivo,16,73.97408651883372,84.40431969451903,102.4815265580586,74.54392978123256,1.0,1.0,729.4133365548885,1337.244864542331,13.824709759833635,0.0,1323.4201547824973,1.8143624313659772,729.4133365548885,1337.244864542331,13.824709759833635,0.0,1323.4201547824973,1.8143624313659772,13.826060830758337,0.0
S2-000469,INTC,INTC|swing|2026-04-08T04:00:00Z,USD,2026-04-09T13:30:00Z,2026-04-24T13:30:00Z,objetivo,11,114.20263814335871,58.45840152740478,82.11779695129394,50.98392990657261,0.8542627712284298,0.8551393877201984,853.6043778267001,2701.9653742850505,16.054172726431805,0.0,2685.911201558619,3.146552748940934,729.2024413349565,2316.4093983904977,13.722703053051998,0.0,2302.6866953374456,3.157815395025145,13.725033187483747,8.2209699904891
S2-000470,Q8Y0.DE,Q8Y0.DE|swing|2026-04-09T22:00:00Z,EUR,2026-04-13T07:00:00Z,2026-05-04T07:00:00Z,objetivo,14,521.2743351569427,23.71869469451904,26.323650381088257,22.297498566763743,1.0,1.0,740.8330666232644,1357.8965436296653,26.085790158981503,0.0,1331.8107534706837,1.797720449413942,740.8330666232644,1357.8965436296653,26.085790158981503,0.0,1331.8107534706837,1.797720449413942,26.08717414269813,0.0
S2-000471,VVSM.DE,VVSM.DE|swing|2026-04-09T22:00:00Z,EUR,2026-04-13T07:00:00Z,2026-04-24T07:00:00Z,objetivo,9,153.75242245690364,65.9158484725952,74.72520304870605,61.09749794006348,1.0,1.0,740.8330666232644,1354.4596063588526,21.62390236828626,0.0,1332.8357039905663,1.7991039601750836,740.8330666232644,1354.4596063588526,21.62390236828626,0.0,1332.8357039905663,1.7991039601750836,21.625278453169713,0.0
S2-000472,AVGO,AVGO|swing|2026-04-15T04:00:00Z,USD,2026-04-16T13:30:00Z,2026-05-29T20:00:00Z,objetivo,30,28.5151172656695,395.395,444.61778211266653,364.49143872942244,0.8488964346349746,0.8588114050154585,881.2186735573208,1403.5934040851857,23.953062986603967,0.0,1379.6403410985818,1.5656049769454188,748.0633901165712,1317.2106849359777,20.459375016445982,0.0,1296.7513099195316,1.7334778403170592,20.460712687843724,125.70524853089594
S2-000473,8035.T,8035.T|swing|2026-04-15T15:00:00Z,JPY,2026-04-17T00:00:00Z,2026-05-08T06:30:00Z,objetivo,11,36.506606828008884,45165.119999999995,52522.78178571429,41316.42857142857,0.005338743259836635,0.005432715814635737,140502.66478518478,268603.26598453743,3566.253822344219,0.0,265037.0121621932,1.8863486508772598,750.1076546109914,1614.1895347849047,19.21949921584668,0.0,1594.970035569058,2.126321503006412,19.221132626513295,180.18565893984928
S2-000474,ARM,ARM|swing|2026-04-22T04:00:00Z,USD,2026-04-23T13:30:00Z,2026-04-24T20:00:00Z,objetivo,1,42.11816788087563,194.61441816711422,231.02757273755753,173.44412449428015,0.8522969402539845,0.8538251366120219,891.6539829998649,1533.655357270205,17.927260830073102,0.0,1515.728096440132,1.699906157925346,759.9539614760631,1321.9998190263125,15.294219603227196,0.0,1306.7055994230852,1.7194536322767016,15.295556898602218,14.870050620784166
S2-000475,IFX.DE,IFX.DE|swing|2026-04-22T22:00:00Z,EUR,2026-04-24T07:00:00Z,2026-05-06T15:30:00Z,objetivo,7,167.24405759935738,52.752700763702386,61.05004966245379,48.175890241350444,1.0,1.0,765.444362621573,1387.6822971447439,19.032833747237355,0.0,1368.6494633975065,1.7880456506466575,765.444362621573,1387.6822971447439,19.032833747237355,0.0,1368.6494633975065,1.7880456506466575,19.03424046377437,0.0
S2-000476,ARM,ARM|swing|2026-04-24T04:00:00Z,USD,2026-04-27T13:30:00Z,2026-04-28T13:30:00Z,stop,1,47.47028006531033,224.71449549865721,197.12268731689454,205.45911189488,0.8538251366120219,0.8511362669163333,914.0584524362883,-1309.790861896595,20.024729210215753,0.0,-1329.8155911068109,-1.4548474307768644,780.4460830227872,-1143.4933768827755,17.072456138240476,0.0,-1160.565833021016,-1.487054465730633,17.071329716192395,-25.16101529073793
S2-000477,AMD,AMD|swing|2026-04-24T04:00:00Z,USD,2026-04-27T13:30:00Z,2026-04-28T13:30:00Z,stop,1,27.49410952034865,346.6663273315429,311.5481253662109,313.4207169669015,0.8538251366120219,0.8511362669163333,914.0584524362883,-965.543690992561,18.09702025034839,0.0,-983.6407112429093,-1.0761245176620375,780.4460830227872,-847.4376279480244,15.428658633442815,0.0,-862.8662865814673,-1.1056065311257044,15.427826623640552,-23.03215408142575
S2-000478,GOOGL,GOOGL|swing|2026-04-30T04:00:00Z,USD,2026-05-01T13:30:00Z,2026-06-02T20:00:00Z,stop,21,41.94142510306905,382.01163488769527,360.0003331015451,360.3606937953404,0.8545547769612033,0.8584427847883939,908.0713242359612,-923.1853652848674,31.121039381001594,0.0,-954.306404665869,-1.0509156926288905,775.9966879473263,-730.2077175361259,26.653337613421375,0.0,-756.8610551495473,-0.975340574135185,26.652634058335288,58.70474638873233
S2-000479,QCOM,QCOM|swing|2026-04-30T04:00:00Z,USD,2026-05-01T13:30:00Z,2026-05-07T20:00:00Z,objetivo,4,49.14037483782193,179.30913488769528,207.49729070459094,160.83000591823034,0.8545547769612033,0.8496176720475785,908.0713242359611,1385.1765428291833,19.007812743283026,0.0,1366.1687300859003,1.504472934695274,775.9966879473263,1133.368067805303,16.19287601555256,0.0,1117.1751917897504,1.4396648969532495,16.194025577644197,-50.3411638039808
S2-000480,AAPL,AAPL|swing|2026-05-01T04:00:00Z,USD,2026-05-04T13:30:00Z,2026-05-21T20:00:00Z,objetivo,13,54.42716328855961,279.93966366577143,305.2246489808219,263.21323830740795,0.8545547769612033,0.8621432882145013,910.3718842135537,1376.1900244910826,31.848833595053883,14.695334087911096,1359.0365249839397,1.492836662193248,777.9626424658637,1302.0939922492134,27.342637122109757,12.490721706681763,1287.2420768337854,1.6546322491189136,27.34396656006581,126.06423281400373
S2-000481,TSM,TSM|swing|2026-05-06T04:00:00Z,USD,2026-05-07T13:30:00Z,2026-06-22T13:30:00Z,objetivo,30,26.7718672603771,418.5080863342285,475.6139063415527,383.42142159598217,0.8501955449753444,0.8720676724513822,939.3355309816844,1528.8294330310707,23.93731530249988,25.56713323366013,1530.459250962231,1.6292998619596266,798.6188836776778,1578.3033549795773,20.629898210844917,22.16098919447008,1579.8344459632026,1.978208227043155,20.631497145697214,278.49938198938
S2-000482,AMAT,AMAT|swing|2026-05-06T04:00:00Z,USD,2026-05-07T13:30:00Z,2026-06-02T20:00:00Z,objetivo,17,25.997028600178613,426.786345336914,485.08352923801965,390.65392630440846,0.8501955449753444,0.8584427847883939,939.3355309816845,1515.553557186916,23.705907208965833,13.778425158094665,1505.6260751360448,1.60286290199471,798.6188836776778,1392.5206001787908,20.258660416348594,11.878976772217143,1384.1409165346593,1.733168279418369,20.260073197021136,104.00371768693948
S2-000483,AMD,AMD|swing|2026-05-06T04:00:00Z,USD,2026-05-07T13:30:00Z,2026-05-27T20:00:00Z,objetivo,13,17.04818957310168,417.48707733154293,509.3827933404105,362.38823372977123,0.8501955449753444,0.8593280054996992,939.3355309816847,1566.6555874750893,15.801453264811702,0.0,1550.8541342102776,1.6510118941093441,798.6188836776779,1411.2703852201555,13.513631954117123,0.0,1397.7567532660385,1.7502175090442418,13.515056739558526,79.30678423810305
S2-000484,ARM,ARM|swing|2026-05-06T04:00:00Z,USD,2026-05-07T13:30:00Z,2026-05-22T20:00:00Z,objetivo,11,34.494671768950624,222.61739927673338,299.8707215505328,195.38607679094588,0.8501955449753444,0.8624407072013799,939.3355309816844,2664.8279948956724,18.02305623111236,0.0,2646.8049386645603,2.817741745485159,798.6188836776778,2392.2881386163344,15.449785363762304,0.0,2376.8383532525722,2.9761860154209216,15.452193104093123,126.66324923045406
S2-000485,MU,MU|swing|2026-05-06T04:00:00Z,USD,2026-05-07T13:30:00Z,2026-05-11T20:00:00Z,objetivo,2,13.293170493543322,650.4798471069336,795.9530719773429,579.8168302263532,0.8501955449753444,0.8499787505312366,939.3355309816844,1933.800380447918,19.22767940086084,0.0,1914.5727010470573,2.0382202502721984,798.6188836776778,1641.8146227056018,16.344993521203243,0.0,1625.4696291843986,2.0353508568430465,16.346651682477397,-2.293845622843918
S2-000486,PANW,PANW|swing|2026-05-07T04:00:00Z,USD,2026-05-08T13:30:00Z,2026-05-13T20:00:00Z,objetivo,3,55.95000169669167,195.04485610961913,223.62489333425248,178.31750324794226,0.8496176720475785,0.8536064874093043,935.8954209919816,1599.0531312097467,23.424573191738094,0.0,1575.6285580180086,1.6835519468061464,795.1532888631959,1408.4911113603468,19.951838656414168,0.0,1388.5392727039327,1.7462535741870362,19.95326710079288,49.90731254153015
S2-000487,CRWD,CRWD|swing|2026-05-07T04:00:00Z,USD,2026-05-08T13:30:00Z,2026-05-14T20:00:00Z,objetivo,4,89.39767641537773,124.91854069519042,144.25614062813352,114.4496397290911,0.8496176720475785,0.8545547769612033,935.8954209919816,1728.736501455278,24.063591060154934,0.0,1704.672910395123,1.821435250306378,795.1532888631959,1532.4347955192306,20.50852193120288,0.0,1511.9262735880277,1.9014274288540995,20.510074876071215,63.66971356912251
S2-000488,IQQK.DE,IQQK.DE|swing|2026-05-10T22:00:00Z,EUR,2026-05-12T07:00:00Z,2026-05-12T15:30:00Z,stop,0,145.34239821909145,112.79268030548094,109.86003230830602,109.97000231061664,1.0,1.0,410.2547891738347,-426.23809304181896,32.360879221273954,0.0,-458.5989722630929,-1.1178394119093966,410.2547891738347,-426.23809304181896,32.360879221273954,0.0,-458.5989722630929,-1.1178394119093966,32.360485343664365,0.0
S2-000489,VVSM.DE,VVSM.DE|swing|2026-05-10T22:00:00Z,EUR,2026-05-12T07:00:00Z,2026-05-19T15:30:00Z,stop,5,147.77800378869497,88.1981106109619,82.56877488899231,82.65142631530762,1.0,1.0,819.6779328578942,-831.8919956490589,25.235589452395878,0.0,-857.1275851014548,-1.0456882523517357,819.6779328578942,-831.8919956490589,25.235589452395878,0.0,-857.1275851014548,-1.0456882523517357,25.234782795181815,0.0
S2-000490,IQQT.DE,IQQT.DE|swing|2026-05-24T22:00:00Z,EUR,2026-05-26T07:00:00Z,2026-06-22T07:00:00Z,objetivo,19,95.45556563750692,165.845672668457,183.0767345123291,156.9950011117118,1.0,1.0,844.8458597209095,1644.8007548416726,33.30658574104244,0.0,1611.4941691006302,1.9074416363157405,844.8458597209095,1644.8007548416726,33.30658574104244,0.0,1611.4941691006302,1.9074416363157405,33.30826385005986,0.0
S2-000491,Q8Y0.DE,Q8Y0.DE|swing|2026-05-24T22:00:00Z,EUR,2026-05-26T07:00:00Z,2026-06-08T15:30:00Z,stop,9,433.8232489146385,28.89887084007263,26.924476848874775,26.951428277151926,1.0,1.0,844.8458597209095,-856.5380158989931,24.217466059710638,0.0,-880.7554819587037,-1.0425043477749383,844.8458597209095,-856.5380158989931,24.217466059710638,0.0,-880.7554819587037,-1.0425043477749383,24.21663373832679,0.0
S2-000492,XOM,XOM|swing|2026-05-29T04:00:00Z,USD,2026-06-01T13:30:00Z,2026-06-15T13:30:00Z,stop,10,135.00078400552104,147.16702427673337,139.6002654876709,140.94375119890486,0.8588114050154585,0.864528399757932,840.1467445873006,-1021.5183689041013,38.713808945333,0.0,-1060.2321778494343,-1.2619607046983734,721.5276061381833,-769.5483121190148,33.35560396737007,0.0,-802.9039160863848,-1.1127833630424069,33.35486777392295,107.74331352861483
S2-000493,IQQK.DE,IQQK.DE|swing|2026-05-31T22:00:00Z,EUR,2026-06-02T07:00:00Z,2026-06-05T07:00:00Z,stop,3,76.33297331531529,130.87074549865721,118.82106243896484,119.64357376098633,1.0,1.0,857.0034006580937,-919.7881354535043,19.059718112355334,0.0,-938.8478535658596,-1.0955007329549888,857.0034006580937,-919.7881354535043,19.059718112355334,0.0,-938.8478535658596,-1.0955007329549888,19.058817383036292,0.0
S2-000494,EQQQ.DE,EQQQ.DE|swing|2026-05-31T22:00:00Z,EUR,2026-06-02T07:00:00Z,2026-06-08T07:00:00Z,stop,4,26.762965606111504,640.4397877807617,616.9823756103516,621.8107474190848,1.0,1.0,498.5683664744207,-627.789915125066,33.65234611119868,0.0,-661.4422612362647,-1.326683170682471,498.5683664744207,-627.789915125066,33.65234611119868,0.0,-661.4422612362647,-1.326683170682471,33.65175197303313,0.0
S2-000495,MSFT,MSFT|swing|2026-06-01T04:00:00Z,USD,2026-06-02T13:30:00Z,2026-06-03T20:00:00Z,stop,1,44.61650829274289,447.32688488769526,429.73980966077534,430.16997964041576,0.858663918942126,0.8610297916307904,765.4812052430497,-784.6738877069657,39.131653450610436,0.0,-823.8055411575762,-1.0761930345448623,657.2910915705389,-628.4091196896941,33.64630094240665,0.0,-662.0554206321008,-1.0072484309047578,33.64570617899139,45.36203582032251
S2-000496,IS3N.DE,IS3N.DE|swing|2026-06-01T22:00:00Z,EUR,2026-06-03T07:00:00Z,2026-06-05T07:00:00Z,stop,2,349.25566326815164,49.33929091644286,47.26968434143066,47.52374785287039,1.0,1.0,634.088696859895,-722.8218170600142,33.74123173134507,0.0,-756.5630487913593,-1.1931501894576835,634.088696859895,-722.8218170600142,33.74123173134507,0.0,-756.5630487913593,-1.1931501894576835,33.7405426500688,0.0
S2-000497,SU.PA,SU.PA|swing|2026-06-01T22:00:00Z,EUR,2026-06-03T07:00:00Z,2026-06-08T07:00:00Z,stop,3,45.01256724805352,285.38510610961913,262.43731219482424,266.2437553405762,1.0,1.0,861.6013387101272,-1032.9391167841782,24.658893443920064,0.0,-1057.5980102280982,-1.227479534573833,861.6013387101272,-1032.9391167841782,24.658893443920064,0.0,-1057.5980102280982,-1.227479534573833,24.657885162686824,0.0
S2-000498,8035.T,8035.T|swing|2026-06-02T15:00:00Z,JPY,2026-06-04T00:00:00Z,2026-06-12T06:30:00Z,objetivo,6,27.84443858080855,59959.899999999994,70830.88392857142,54232.142857142855,0.005386189809328881,0.0053992764969494084,159486.18197007308,302696.4443120639,3641.795950034909,0.0,299054.648362029,1.8751132208942425,859.0228480559792,1656.1906735669074,19.6412144036264,0.0,1636.549459163281,1.9051291393085663,19.642890237189956,25.810169893182078
S2-000499,ASML.AS,ASML.AS|swing|2026-06-02T22:00:00Z,EUR,2026-06-04T07:00:00Z,2026-06-18T15:30:00Z,objetivo,10,6.669468073733124,1481.4799999999998,1682.9081567099436,1352.2714189801898,1.0,1.0,861.7525059639827,1343.4186603278824,21.104785784076178,0.0,1322.3138745438062,1.5344473794881808,861.7525059639827,1343.4186603278824,21.104785784076178,0.0,1322.3138745438062,1.5344473794881808,21.106150308885386,0.0
S2-000500,MRVL,MRVL|swing|2026-06-03T04:00:00Z,USD,2026-06-04T13:30:00Z,2026-06-09T20:00:00Z,stop,3,29.41088416288395,283.23296221923823,248.9561506968907,249.20535605294364,0.8610297916307904,0.8640801866413204,1000.7819832971257,-1008.1113331567694,15.652152352724237,0.0,-1023.7634855094936,-1.022963545103654,861.7031025461733,-845.6788362985695,13.499304533669577,0.0,-859.1781408322391,-0.9970698008322433,13.498472353304642,22.335054830042253
S2-000501,EXV1.DE,EXV1.DE|swing|2026-06-03T22:00:00Z,EUR,2026-06-05T07:00:00Z,2026-06-17T15:30:00Z,objetivo,8,454.43311960816544,37.472436374664305,39.94697651297706,35.87535844530378,1.0,1.0,725.7651056966519,1124.512994649086,35.181945316763475,0.0,1089.3310493323227,1.5009416142798555,725.7651056966519,1124.512994649086,35.181945316763475,0.0,1089.3310493323227,1.5009416142798555,35.18310501286141,0.0
S2-000502,MRVL,MRVL|swing|2026-06-09T04:00:00Z,USD,2026-06-10T13:30:00Z,2026-07-16T20:00:00Z,stop,24,12.892260283153098,263.76349999999996,189.52958110591342,189.71930040631975,0.8640801866413204,0.8720676724513822,954.5970936194642,-957.0430042210403,5.843972386169863,0.7735356169891858,-962.113440990221,-1.0078738427143725,824.8484348219686,-807.4447581645414,5.069177889714923,0.6767590699817899,-811.8371769842746,-0.9842258804303821,5.0683755133319295,19.51713954654518
S2-000503,AMAT,AMAT|swing|2026-06-11T04:00:00Z,USD,2026-06-12T13:30:00Z,2026-06-29T20:00:00Z,objetivo,10,12.369093448820449,549.1686151123047,673.7147241766793,471.4739488874163,0.8667764583513912,0.8767315448009819,961.0125870105579,1540.5224617042331,15.125958300671046,0.0,1525.396503403562,1.5872804623180277,832.9830866001196,1418.2467317667051,13.19378269342642,0.0,1405.0529490732788,1.6867724827500443,13.1952141353723,82.95812839994358
S2-000504,IS3N.DE,IS3N.DE|swing|2026-06-14T22:00:00Z,EUR,2026-06-16T07:00:00Z,2026-07-08T15:30:00Z,stop,16,345.2706119839354,48.92687635040283,46.51258256231036,46.55914170401437,1.0,1.0,817.5091903741092,-833.5846937237014,32.95244038620814,0.0,-866.5371341099096,-1.0599723456483277,817.5091903741092,-833.5846937237014,32.95244038620814,0.0,-866.5371341099096,-1.0599723456483277,32.951639753153486,0.0
S2-000505,DBK.DE,DBK.DE|swing|2026-06-14T22:00:00Z,EUR,2026-06-16T07:00:00Z,2026-08-06T15:30:00Z,objetivo,37,421.8711960233852,29.859829923629757,33.13031979581288,27.857677050999232,1.0,1.0,844.6506269982959,1379.7254739602624,26.57372979983337,0.0,1353.151744160429,1.6020253829316804,844.6506269982959,1379.7254739602624,26.57372979983337,0.0,1353.151744160429,1.6020253829316804,26.575136100440922,0.0
S2-000506,BBVA.MC,BBVA.MC|swing|2026-06-16T22:00:00Z,EUR,2026-06-18T07:00:00Z,2026-07-30T15:30:00Z,objetivo,30,745.7273864716378,21.541520458221434,23.4727527115345,20.402499675750732,1.0,1.0,849.3989912487565,1440.1727809328847,33.56837628480246,0.0,1406.6044046480822,1.6559996175415066,849.3989912487565,1440.1727809328847,33.56837628480246,0.0,1406.6044046480822,1.6559996175415066,33.56985002743225,0.0
S2-000507,EUNN.DE,EUNN.DE|swing|2026-06-17T22:00:00Z,EUR,2026-06-19T07:00:00Z,2026-07-08T15:30:00Z,stop,13,239.82070744895438,71.79172122192382,69.22178150040763,69.29107257298061,1.0,1.0,599.7073280708331,-616.324762115182,33.817957982724586,0.0,-650.1427200979066,-1.0841000095651931,599.7073280708331,-616.324762115182,33.817957982724586,0.0,-650.1427200979066,-1.0841000095651931,33.817375475336476,0.0
S2-000508,SU.PA,SU.PA|swing|2026-06-17T22:00:00Z,EUR,2026-06-19T07:00:00Z,2026-07-08T15:30:00Z,stop,13,39.189300284433635,289.23896221923826,267.0050545512608,267.2723268781389,1.0,1.0,860.857068620994,-871.3312840967403,21.798813804638627,0.0,-893.1300979013789,-1.0374894166020883,860.857068620994,-871.3312840967403,21.798813804638627,0.0,-893.1300979013789,-1.0374894166020883,21.797964271317568,0.0
S2-000509,IQQK.DE,IQQK.DE|swing|2026-06-17T22:00:00Z,EUR,2026-06-19T07:00:00Z,2026-06-23T15:30:00Z,stop,2,61.81133861132153,135.15502427673337,121.1066256490435,121.22785350254604,1.0,1.0,860.8570686209941,-868.3503245229638,15.839875616658132,0.0,-884.1902001396219,-1.027104536129331,860.8570686209941,-868.3503245229638,15.839875616658132,0.0,-884.1902001396219,-1.027104536129331,15.839023105355052,0.0
S2-000510,SAF.PA,SAF.PA|swing|2026-06-17T22:00:00Z,EUR,2026-06-19T07:00:00Z,2026-08-14T15:30:00Z,tiempo,40,35.80899952220854,333.43310610961913,360.1395,309.39286259242465,1.0,1.0,860.8570686209941,956.3292460605614,24.836141120796285,0.0,931.4931049397652,1.082053152484329,860.8570686209941,956.3292460605614,24.836141120796285,0.0,931.4931049397652,1.082053152484329,24.837122287164384,0.0
S2-000511,AIR.PA,AIR.PA|swing|2026-06-17T22:00:00Z,EUR,2026-06-19T07:00:00Z,2026-07-28T15:30:00Z,objetivo,27,64.56743297641553,191.45125450134276,212.45947560310364,178.11857223510742,1.0,1.0,860.8570686209941,1356.4469079416642,26.079478994473906,0.0,1330.3674289471903,1.5453987397446876,860.8570686209941,1356.4469079416642,26.079478994473906,0.0,1330.3674289471903,1.5453987397446876,26.08086152224227,0.0
S2-000512,ITX.MC,ITX.MC|swing|2026-06-18T22:00:00Z,EUR,2026-06-22T07:00:00Z,2026-08-17T15:30:00Z,tiempo,40,268.07711046794435,55.47541816711425,56.30364060974121,52.268572671072825,1.0,1.0,859.6818742959267,222.02747924413808,29.96540708772593,0.0,192.06207215641214,0.22341063351336748,859.6818742959267,222.02747924413808,29.96540708772593,0.0,192.06207215641214,0.22341063351336748,29.965659080862594,0.0
S2-000513,IQQT.DE,IQQT.DE|swing|2026-06-21T22:00:00Z,EUR,2026-06-23T07:00:00Z,2026-06-23T15:30:00Z,stop,0,97.30828578380071,178.47830305480954,174.27054435130526,174.44498934064592,1.0,1.0,392.4748435535568,-409.4497864298695,34.32538565330053,0.0,-443.77517208317005,-1.1307098515286442,392.4748435535568,-409.4497864298695,34.32538565330053,0.0,-443.77517208317005,-1.1307098515286442,34.32501052852312,0.0
S2-000514,VVSM.DE,VVSM.DE|swing|2026-06-21T22:00:00Z,EUR,2026-06-23T07:00:00Z,2026-07-07T15:30:00Z,stop,10,111.4988453376471,106.12601663970946,98.23951843643188,98.33785629272461,1.0,1.0,868.37088599326,-879.3354434228789,22.786521187800176,0.0,-902.1219646106791,-1.0388671236701055,868.37088599326,-879.3354434228789,22.786521187800176,0.0,-902.1219646106791,-1.0388671236701055,22.785664638020826,0.0
S2-000515,ZPRR.DE,ZPRR.DE|swing|2026-06-23T22:00:00Z,EUR,2026-06-25T07:00:00Z,2026-07-30T07:00:00Z,stop,25,219.63388415692694,77.08701213836669,74.28564060974121,74.52964728219169,1.0,1.0,561.6839765681359,-615.2761097986422,33.24656367820466,0.0,-648.5226734768469,-1.154604191202483,561.6839765681359,-615.2761097986422,33.24656367820466,0.0,-648.5226734768469,-1.154604191202483,33.24598164807486,0.0
S2-000516,6857.T,6857.T|swing|2026-06-24T15:00:00Z,JPY,2026-06-26T00:00:00Z,2026-06-29T06:30:00Z,stop,1,46.86684851933893,34534.49999999999,31148.284821428573,31179.464285714286,0.005447513210219535,0.005425935973955507,157239.9505984003,-158701.23382799295,3078.345126554227,0.0,-161779.57895454718,-1.028870705815352,856.5667080590526,-896.0259907962204,16.73782681947899,0.0,-912.7638176156994,-1.0656073940627313,16.736947530433547,-31.498923040089448
S2-000517,ABBV,ABBV|swing|2026-06-26T04:00:00Z,USD,2026-06-29T13:30:00Z,2026-08-25T20:00:00Z,tiempo,40,57.58071872108629,253.30305305480954,265.52421853637696,236.68750381469727,0.8771160424524166,0.8574858514834506,956.7352671912639,703.703492037983,29.874447190320755,99.61464338747929,773.4436882351415,0.8084197528390265,839.1678512334568,317.10215331004076,25.9032294213416,87.33530018190363,378.53422407060276,0.45108284774519375,25.90357242706521,-300.12746868626016
S2-000518,EXH1.DE,EXH1.DE|swing|2026-07-26T22:00:00Z,EUR,2026-07-28T07:00:00Z,2026-08-20T15:30:00Z,objetivo,17,320.3957518810354,52.552499999999995,55.74330871622903,50.6339293888637,1.0,1.0,614.7018734918712,1022.3215577447631,34.69751705920098,0.0,987.6240406855621,1.6066715968755259,614.7018734918712,1022.3215577447631,34.69751705920098,0.0,987.6240406855621,1.6066715968755259,34.69857407933034,0.0
S2-000519,OR.PA,OR.PA|swing|2026-07-29T22:00:00Z,EUR,2026-07-31T07:00:00Z,2026-08-17T15:30:00Z,stop,11,43.381198665514965,391.4410377807617,372.22561498260495,372.5982131958008,1.0,1.0,817.4243167396387,-833.588073848703,33.12877477775645,0.0,-866.7168486264594,-1.0603022578083166,817.4243167396387,-833.588073848703,33.12877477775645,0.0,-866.7168486264594,-1.0603022578083166,33.12797431765688,0.0
S2-000520,MA,MA|swing|2026-07-30T04:00:00Z,USD,2026-07-31T13:30:00Z,2026-08-27T20:00:00Z,final,19,34.29077844237732,568.247672668457,591.1382504882813,546.1624821254185,0.871383757406762,0.8587376556462,757.3183757690198,784.9357324375925,39.756245820178805,0.0,745.1794866174137,0.9839712206385066,659.9149318307946,427.6362941503958,34.38660290947038,0.0,393.2496912409255,0.5959096730088184,34.38706493282616,-256.3439537039034
S2-000521,R6C0.DE,R6C0.DE|swing|2026-07-30T22:00:00Z,EUR,2026-08-03T07:00:00Z,2026-08-27T15:30:00Z,final,18,434.5939431993959,38.94390377807617,38.731230457305905,37.772858074733186,1.0,1.0,508.92936988253706,-92.42653708685911,33.75714287589709,146.49630751453046,20.312627551774256,0.03991246871144908,508.92936988253706,-92.42653708685911,33.75714287589709,146.49630751453046,20.312627551774256,0.03991246871144908,33.75708420644446,0.0
S2-000522,VVSM.DE,VVSM.DE|swing|2026-07-30T22:00:00Z,EUR,2026-08-03T07:00:00Z,2026-08-27T15:30:00Z,final,18,97.26333616284626,89.15906969451903,90.44946091461182,80.45857402256557,1.0,1.0,846.2392353245986,125.50775502147,17.469324890350755,0.0,108.03843013111924,0.12766889742435317,846.2392353245986,125.50775502147,17.469324890350755,0.0,108.03843013111924,0.12766889742435317,17.469467867572398,0.0
S2-000523,AMZN,AMZN|swing|2026-08-03T04:00:00Z,USD,2026-08-04T13:30:00Z,2026-08-17T20:00:00Z,stop,9,56.37782046022801,276.3360575561523,258.68068189511985,258.93962151663646,0.8669267446900737,0.8625894936599672,980.7731476836636,-995.371599175567,30.16307768000041,0.0,-1025.5346768555673,-1.045639023945159,850.2584722008354,-926.1680918526785,26.085924911334125,0.0,-952.2540167640126,-1.1199582808027408,26.085024828263933,-63.253831622450804
S2-000524,MSFT,MSFT|swing|2026-08-03T04:00:00Z,USD,2026-08-04T13:30:00Z,2026-08-27T20:00:00Z,final,17,26.190987464304566,481.38089389038083,504.55493756103516,443.93392290387834,0.8669267446900737,0.8587376556462,980.7731476836635,606.9510872753541,25.822633002152735,23.833798592517155,604.9622528657185,0.616821794412383,850.2584722008353,417.9650215272859,22.2781140591323,20.40390257042818,416.09081003858176,0.48936979006108516,22.278554302707427,-108.21710875043738
S2-000525,PLTR,PLTR|swing|2026-08-04T04:00:00Z,USD,2026-08-05T13:30:00Z,2026-08-27T20:00:00Z,final,16,47.86287446255068,162.16199999999998,185.74406268310545,141.6332152230399,0.8684324793747287,0.8587376556462,982.566648648361,1128.7053057694784,16.651784202961764,0.0,1112.0535215665166,1.1317843151874536,853.292790836614,894.0149913757488,14.374760885593972,0.0,879.6402304901547,1.0308773728507752,14.375669276254289,-86.18935579705162
S2-000526,RACE.MI,RACE.MI|swing|2026-08-05T22:00:00Z,EUR,2026-08-07T07:00:00Z,2026-08-27T15:30:00Z,final,14,33.7448601045736,355.55521221923823,355.4441878051758,330.26251002720426,1.0,1.0,853.4986971368284,-3.7465033207298277,23.992575288259612,0.0,-27.73907860898944,-0.03250043462520068,853.4986971368284,-3.7465033207298277,23.992575288259612,0.0,-27.73907860898944,-0.03250043462520068,23.99259553435034,0.0
S2-000527,IQQT.DE,IQQT.DE|swing|2026-08-18T22:00:00Z,EUR,2026-08-20T07:00:00Z,2026-08-27T15:30:00Z,final,5,95.22484465617823,166.28611511230466,172.76706243896484,157.3035730634417,1.0,1.0,855.361171220565,617.1472024060898,32.28628616250326,0.0,584.8609162435865,0.6837590200745426,855.361171220565,617.1472024060898,32.28628616250326,0.0,584.8609162435865,0.6837590200745426,32.28693559663847,0.0
S2-000528,LLY,LLY|swing|2026-08-19T04:00:00Z,USD,2026-08-20T13:30:00Z,2026-08-27T20:00:00Z,final,5,9.019723972729809,1275.4041348876951,1174.9238756103516,1165.3614371163505,0.8616975441619991,0.8587376556462,992.5547591120579,-906.3042033899621,22.10128229734057,0.0,-928.4054856873028,-0.9353695372110822,855.2819983731649,-812.3274924512763,19.013253292322986,0.0,-831.3407457435992,-0.9720077674087558,19.01245997728873,-31.367386126448864
