position_id,asset,signal_id,currency,entry_ts,exit_ts,exit_reason,bars_held,units,entry_eff,exit_eff,stop,fx_entry,fx_exit,risk_local,pnl_bruto_local,fees_local,dividends_local,pnl_neto_local,trade_R_local,risk_eur,pnl_bruto_eur,fees_eur,dividends_eur,pnl_neto_eur,trade_R_eur,slippage_eur,fx_eur
S2-000001,6501.T,6501.T|swing|2022-06-12T15:00:00Z,JPY,2022-06-14T00:00:00Z,2022-06-17T00:00:00Z,stop,3,1044.9388401037577,1344.672,1283.9576755981445,1312.53568812779,0.007116931179275497,0.0072337962962962955,33580.48045295968,-63442.75571815815,2746.757244281842,0.0,-66189.51296244,-1.9710710528742974,238.98996835072012,-294.72479541491936,19.705275204585085,0.0,-314.4300706195044,-1.315662212892866,9.852566384235459,156.7929308547992
S2-000002,6758.T,6758.T|swing|2022-06-12T15:00:00Z,JPY,2022-06-14T00:00:00Z,2022-07-01T06:00:00Z,stop,13,625.288424354163,2247.123,2151.7093214285715,2152.785714285714,0.007116931179275497,0.007065140596297867,58988.01274213428,-59661.06873576315,2750.5389312642365,0.0,-62411.60766702738,-1.058038824597454,419.81362708799577,-494.2847868854259,19.505715213114577,0.0,-513.7905020985405,-1.2238537983209548,9.752736473544484,-69.68106661097436
S2-000003,7011.T,7011.T|swing|2022-06-12T15:00:00Z,JPY,2022-06-14T00:00:00Z,2022-06-17T00:00:00Z,stop,3,2321.94317615589,542.8712755737305,511.744,512.6142905099051,0.007116931179275497,0.0072337962962962955,70255.0,-72275.76511074735,2448.756742588187,0.0,-74724.52185333554,-1.0636185588689138,500.00000000000006,-375.5177824573691,17.56649707555227,0.0,-393.08427953292136,-0.7861685590658426,8.783156854119547,138.86386376530103
S2-000004,7203.T,7203.T|swing|2022-06-12T15:00:00Z,JPY,2022-06-14T00:00:00Z,2022-08-10T06:00:00Z,tiempo,40,674.2188195388624,2084.0415,2086.956,2018.5535714285713,0.007116931179275497,0.007232749891508752,44153.19389547385,1965.0107495462278,2812.165010749546,0.0,-847.1542612033184,-0.019186703983608312,314.2352422992944,176.94930384454022,20.176949303844545,0.0,156.7723545406957,0.4989012479745265,10.088521411377055,162.9644575734838
S2-000005,1810.HK,1810.HK|swing|2022-06-12T16:00:00Z,HKD,2022-06-14T01:30:00Z,2022-06-27T08:00:00Z,objetivo,9,3924.9529952174307,11.62580988550186,13.422214659997396,10.580714362008232,0.12184571895066466,0.12105218559721097,4101.950805224647,7050.804300279144,98.31231896413703,0.0,6952.491981315006,1.6949232966079528,499.805144962855,817.3057428807662,11.937130609625157,0.0,805.368612271141,1.6113651897901033,5.968771123440188,-41.80457626718365
S2-000006,0700.HK,0700.HK|swing|2022-06-12T16:00:00Z,HKD,2022-06-14T01:30:00Z,2022-07-04T08:00:00Z,stop,13,186.5183053250278,349.1231132354736,326.9673320732117,327.13089752197266,0.12184571895066466,0.12224789428002103,4101.950805224647,-4132.458755537267,126.10324410541938,0.0,-4258.561999642687,-1.0381796861675094,499.805144962855,-478.9955877174351,15.38966726042096,0.0,-494.38525497785605,-0.9891559940116227,7.694715804991456,24.526820384971742
S2-000007,9988.HK,9988.HK|swing|2022-06-12T16:00:00Z,HKD,2022-06-14T01:30:00Z,2022-08-01T01:30:00Z,stop,33,420.36571553213423,98.29912499999999,88.05594847488403,88.54107230050224,0.12184571895066466,0.12491568191470757,4101.950805224647,-4305.880229302329,78.33728380431307,0.0,-4384.217513106642,-1.0688127969556516,499.805144962855,-411.01623867909666,9.658699499354483,0.0,-420.67493817845116,-0.8416778867086597,4.829248202929076,113.63683357569845
S2-000008,ALV.DE,ALV.DE|swing|2022-06-12T22:00:00Z,EUR,2022-06-14T07:00:00Z,2022-07-05T15:30:00Z,stop,15,54.656731813269765,183.0915,178.65562207494466,178.74499457223075,1.0,1.0,237.56578149050497,-242.4505901061531,19.77191543547241,0.0,-262.22250554162554,-1.1037890385409148,237.56578149050497,-242.4505901061531,19.77191543547241,0.0,-262.22250554162554,-1.1037890385409148,9.885899576562112,0.0
S2-000009,MUV2.DE,MUV2.DE|swing|2022-06-12T22:00:00Z,EUR,2022-06-14T07:00:00Z,2022-08-09T15:30:00Z,tiempo,40,45.44380574494043,220.21005610656738,232.28379389953614,211.9250055040632,1.0,1.0,376.50423016720185,548.6765948790179,20.56304262045758,0.0,528.1135522585603,1.4026762780966104,376.50423016720185,548.6765948790179,20.56304262045758,0.0,528.1135522585603,1.4026762780966104,10.281661049792461,0.0
S2-000010,VVSM.DE,VVSM.DE|swing|2022-06-12T22:00:00Z,EUR,2022-06-14T07:00:00Z,2022-06-16T15:30:00Z,stop,2,508.1376709040237,19.693842015266416,19.160112367970605,19.169697216578893,1.0,1.0,266.3377172215363,-271.2081398693194,19.743157885709245,0.0,-290.95129775502863,-1.092414926395945,266.3377172215363,-271.2081398693194,19.743157885709245,0.0,-290.95129775502863,-1.092414926395945,9.8715136086959,0.0
S2-000011,SXR8.DE,SXR8.DE|swing|2022-06-12T22:00:00Z,EUR,2022-06-14T07:00:00Z,2022-06-15T15:30:00Z,stop,1,26.778885867355118,373.6967647705078,367.3042794737135,367.4880234854562,1.0,1.0,166.26317425233222,-171.18363417160003,19.843182391406962,0.0,-191.026816563007,-1.1489424367243934,166.26317425233222,-171.18363417160003,19.843182391406962,0.0,-191.026816563007,-1.1489424367243934,9.921550880181613,0.0
S2-000012,APP,APP|swing|2022-06-13T04:00:00Z,USD,2022-06-14T13:30:00Z,2022-08-11T20:00:00Z,tiempo,40,67.1000098262373,33.89694106864929,34.44276908493042,26.081322363444738,0.9564801530368244,0.967305088024763,524.4280919173495,36.62506525589929,4.585595222827408,0.0,32.03947003307188,0.06109411476401484,501.60506161391635,60.04876508016234,4.411048437554106,0.0,55.63771664260823,0.11091936844415734,2.2055397823532807,25.017617059216246
S2-000013,6857.T,6857.T|swing|2022-06-14T15:00:00Z,JPY,2022-06-16T00:00:00Z,2022-06-17T00:00:00Z,stop,1,624.0318177186381,1980.9899999999998,1811.59375,1867.9017857142858,0.0071179443376752785,0.0072337962962962955,70570.64392326896,-105708.64980222071,2366.692931362669,0.0,-108075.34273358338,-1.5314490094648003,502.3179153197306,-621.4585565879606,16.976958278524073,0.0,-638.4355148664847,-1.2709789864056786,8.488325896703394,130.96972871505534
S2-000014,R6C0.DE,R6C0.DE|swing|2022-06-15T22:00:00Z,EUR,2022-06-17T07:00:00Z,2022-06-23T15:30:00Z,stop,4,360.2023702176347,24.927458415985107,23.549737535323416,23.561518294470652,1.0,1.0,492.0148693448709,-496.25832671266824,17.461600883166057,0.0,-513.7199275958343,-1.0441146388113518,492.0148693448709,-496.25832671266824,17.461600883166057,0.0,-513.7199275958343,-1.0441146388113518,8.730678559671084,0.0
S2-000015,VVSM.DE,VVSM.DE|swing|2022-06-15T22:00:00Z,EUR,2022-06-17T07:00:00Z,2022-06-17T15:30:00Z,stop,0,531.6996500725924,18.50724819087982,18.355781968883104,18.36496445110866,1.0,1.0,75.65221464734688,-80.53453723347208,19.600060236561365,0.0,-100.13459747003344,-1.3236175297287898,75.65221464734688,-80.53453723347208,19.600060236561365,0.0,-100.13459747003344,-1.3236175297287898,9.800012434649217,0.0
S2-000016,EXSA.DE,EXSA.DE|swing|2022-06-15T22:00:00Z,EUR,2022-06-17T07:00:00Z,2022-07-27T15:30:00Z,objetivo,28,245.7923240551949,40.03500688934326,42.47883783033916,39.71866021837507,1.0,1.0,77.75558346439475,600.6748865853766,20.281269660380215,0.0,580.3936169249964,7.46433363451984,77.75558346439475,600.6748865853766,20.281269660380215,0.0,580.3936169249964,7.46433363451984,10.140787534107343,0.0
S2-000017,ADYEN.AS,ADYEN.AS|swing|2022-06-15T22:00:00Z,EUR,2022-06-17T07:00:00Z,2022-07-06T15:30:00Z,objetivo,13,6.676774063193084,1203.0012244262696,1472.0029012560162,1129.3107169015068,1.0,1.0,492.0148693448709,1796.0634188123004,17.86039816528998,0.0,1778.2030206470104,3.6141245548426792,492.0148693448709,1796.0634188123004,17.86039816528998,0.0,1778.2030206470104,3.6141245548426792,8.930650331162521,0.0
S2-000018,7011.T,7011.T|swing|2022-06-16T15:00:00Z,JPY,2022-06-20T00:00:00Z,2022-06-20T06:00:00Z,stop,0,1474.8571209181373,520.5601377868652,473.44528893116546,473.6821299961635,0.007081651441116068,0.007081651441116068,69138.36360457233,-69487.6703358105,1466.0159818263592,0.0,-70953.68631763686,-1.0262563737181725,489.6137922567263,-492.08746077339055,10.381814190399824,0.0,-502.4692749637904,-1.026256373718172,5.190785371030161,0.0
S2-000019,EXH1.DE,EXH1.DE|swing|2022-06-16T22:00:00Z,EUR,2022-06-20T07:00:00Z,2022-06-23T15:30:00Z,stop,3,308.4940925244337,31.565774236679076,30.829933547854424,30.845356225967407,1.0,1.0,222.24470045275393,-227.00250554151523,19.248707250409403,0.0,-246.25121279192464,-1.1080183792471314,222.24470045275393,-227.00250554151523,19.248707250409403,0.0,-246.25121279192464,-1.1080183792471314,9.624299280652647,0.0
S2-000020,8035.T,8035.T|swing|2022-06-22T15:00:00Z,JPY,2022-06-24T00:00:00Z,2022-07-01T06:00:00Z,stop,5,93.9555343137601,14840.749674316405,14591.926583190918,14599.226196289062,0.0070368024769544716,0.007065140596297867,22692.467427376632,-23378.306476296533,2765.3628240580215,0.0,-26143.669300354555,-1.1520857916409004,159.68241100117254,-125.65718267091732,19.498163312257784,0.0,-145.1553459831751,-0.9090252650438077,9.749052679095433,38.85134224848691
S2-000021,7011.T,7011.T|swing|2022-06-22T15:00:00Z,JPY,2022-06-24T00:00:00Z,2022-08-23T06:00:00Z,tiempo,40,1373.7379889778458,459.2295,487.25625,408.4785352434431,0.0070368024769544716,0.007295010213014297,69718.52826335796,38501.41118258491,1300.223430801188,0.0,37201.18775178372,0.5335911224525316,490.5955123732177,443.7613809036954,9.322250013783881,0.0,434.4391308899115,0.8855342536427737,4.661237112545956,172.83455532783904
S2-000022,TSLA,TSLA|swing|2022-06-23T04:00:00Z,USD,2022-06-24T13:30:00Z,2022-07-29T20:00:00Z,objetivo,24,15.035449370986383,237.58873622131347,292.98415477848056,202.98596000671387,0.9530162965786716,0.9805844283192783,520.2682898701842,832.8950111008853,7.97740184024528,0.0,824.91760926064,1.585561959708271,495.8241588394017,915.2042310540994,7.724035670246318,0.0,907.4801953838531,1.8302460241308804,3.8622476017422764,121.44171213588167
S2-000023,PLTR,PLTR|swing|2022-06-24T04:00:00Z,USD,2022-06-27T13:30:00Z,2022-06-30T20:00:00Z,stop,3,379.4379701067028,10.155074618339539,8.738306554010936,8.742677892957415,0.9502090459901178,0.962741888899586,535.916946464347,-537.5755984408473,7.168866200488861,0.0,-544.7444646413362,-1.0164718026463386,509.2331304298242,-469.25473484079356,6.853475974898571,0.0,-476.10821081569213,-0.9349513658190844,3.426621530421002,41.55446170125031
S2-000024,COIN,COIN|swing|2022-06-24T04:00:00Z,USD,2022-06-27T13:30:00Z,2022-06-30T20:00:00Z,stop,3,40.83912348582845,59.58978137397766,46.4439119383267,46.46714551108224,0.9502090459901178,0.962741888899586,535.9169464643471,-536.8657852111274,4.33032309483966,0.0,-541.1961083059671,-1.0098507089138506,509.2331304298243,-486.3633233175267,4.138483579049242,0.0,-490.50180689657594,-0.9632166047063003,2.0691207159736744,23.771402272674155
S2-000025,VVSM.DE,VVSM.DE|swing|2022-06-29T22:00:00Z,EUR,2022-07-01T07:00:00Z,2022-07-01T15:30:00Z,stop,0,537.5270308323476,18.209100763320922,18.10842306980065,18.117481810706003,1.0,1.0,49.247663567066915,-54.11698166900065,19.52165075320086,0.0,-73.63863242220151,-1.4952715943959098,49.247663567066915,-54.11698166900065,19.52165075320086,0.0,-73.63863242220151,-1.4952715943959098,9.760814287558096,0.0
S2-000026,AIR.PA,AIR.PA|swing|2022-06-29T22:00:00Z,EUR,2022-07-01T07:00:00Z,2022-07-05T15:30:00Z,stop,2,106.23295428695845,92.13604133605956,89.30300829437802,89.34768213544574,1.0,1.0,296.21563549442857,-300.96146961039847,19.27480626525946,0.0,-320.23627587565795,-1.0810917369069168,296.21563549442857,-300.96146961039847,19.27480626525946,0.0,-320.23627587565795,-1.0810917369069168,9.6373303015938,0.0
S2-000027,XOM,XOM|swing|2022-06-30T04:00:00Z,USD,2022-07-01T13:30:00Z,2022-08-29T20:00:00Z,tiempo,40,59.03686417550193,86.78336786270141,100.06994274520875,78.17464365277972,0.962741888899586,1.001401962747847,508.23208190550196,784.3977166962213,11.031233519102067,51.9524404744417,825.3189236515609,1.623901664289301,489.29631453307206,983.5691274905334,10.848627183142643,50.25386000623109,1022.9743603136219,2.090705222846059,5.424560839992589,228.39658806989047
S2-000028,6857.T,6857.T|swing|2022-06-30T15:00:00Z,JPY,2022-07-04T00:00:00Z,2022-08-04T00:00:00Z,objetivo,22,797.9705694746928,1740.87,2078.96,1704.6875,0.007089684509039347,0.00734322220590395,28872.570130017983,269785.86983369896,3048.1119203965154,0.0,266737.75791330246,9.238448697574826,204.69741318694065,2333.302784201244,22.030757945936912,0.0,2311.272026255307,11.291163822107169,11.01596505265494,420.6060820835625
S2-000029,0700.HK,0700.HK|swing|2022-07-03T16:00:00Z,HKD,2022-07-05T01:30:00Z,2022-07-18T08:00:00Z,stop,9,161.55776196910188,330.68821069335934,305.5401608292716,305.69300733293807,0.1219021613253203,0.12664159163152364,4038.1691148722352,-4062.862653929392,102.78763180444253,0.0,-4165.650285733835,-1.0315690520221397,492.26154290008105,-261.32215723948457,12.763984055915213,0.0,-274.0861412953998,-0.5567896685178059,6.381928292899594,233.94958144243543
S2-000030,6501.T,6501.T|swing|2022-07-04T15:00:00Z,JPY,2022-07-06T00:00:00Z,2022-08-19T06:00:00Z,objetivo,30,993.9166418003589,1283.841551147461,1422.816789277213,1215.3142569405693,0.007154611146884166,0.007290223809870964,68110.4181297789,138129.80197532845,2690.1927682158243,0.0,135439.60920711263,1.9885299918294936,487.30355677025756,1180.0431986942301,19.43906134450875,0.0,1160.6041373497214,2.3816861609670044,9.719828113009982,191.77817776464306
S2-000031,8035.T,8035.T|swing|2022-07-04T15:00:00Z,JPY,2022-07-06T00:00:00Z,2022-09-02T06:00:00Z,tiempo,40,96.22103171704451,14157.074999999999,14172.910000000002,13600.238106863839,0.007154611146884166,0.0071766901105210276,53579.42035567499,1523.6600372396658,2725.940385228395,0.0,-1202.280347988729,-0.022439219013711983,383.3399181203047,41.01098482462977,19.53315325563493,0.0,21.477831568994844,0.05602816339688995,9.766589322209093,30.109789738133298
S2-000032,1810.HK,1810.HK|swing|2022-07-05T16:00:00Z,HKD,2022-07-07T01:30:00Z,2022-08-02T08:00:00Z,stop,18,2301.70341494131,13.166579847335814,11.449273002471243,11.455000502722603,0.1252128618651708,0.1244880429234772,3939.5480224392372,-3952.731029326871,56.65839256609368,0.0,-4009.389421892965,-1.0177282772175689,493.282082344891,-514.03379527345,7.075258450972737,0.0,-521.1090537244227,-1.0564118835357894,3.537501601412462,-19.101030908170202
S2-000033,AIR.PA,AIR.PA|swing|2022-07-05T22:00:00Z,EUR,2022-07-07T07:00:00Z,2022-07-18T15:30:00Z,objetivo,7,77.12119201348163,94.49722194671631,105.58754242202215,88.04464639936175,1.0,1.0,497.63031776902704,855.2987348671089,15.430775531853708,0.0,839.8679593352553,1.6877347085694974,497.63031776902704,855.2987348671089,15.430775531853708,0.0,839.8679593352553,1.6877347085694974,7.7156035195109265,0.0
S2-000034,NOW,NOW|swing|2022-07-15T04:00:00Z,USD,2022-07-18T13:30:00Z,2022-08-11T20:00:00Z,objetivo,18,67.48023913020877,87.56175674057006,104.00054691743851,80.16542720794678,0.9941346058256287,0.967305088024763,499.1060855472445,1109.29349214641,12.926670059176086,0.0,1096.366822087234,2.19666089802356,496.17863162068244,914.4979815836518,12.662560976940721,0.0,901.8354206067111,1.8175619890381418,6.331510695842586,-188.28906697625473
S2-000035,AIR.PA,AIR.PA|swing|2022-07-17T22:00:00Z,EUR,2022-07-19T07:00:00Z,2022-09-01T15:30:00Z,stop,32,65.54864624145172,103.05149999999999,95.39406219605038,95.44178308759417,1.0,1.0,498.8066418888811,-501.9346817270116,13.007837954574912,0.0,-514.9425196815865,-1.0323489633810852,498.8066418888811,-501.9346817270116,13.007837954574912,0.0,-514.9425196815865,-1.0323489633810852,6.503795119564684,0.0
S2-000036,COIN,COIN|swing|2022-07-26T04:00:00Z,USD,2022-07-27T13:30:00Z,2022-08-03T20:00:00Z,objetivo,5,32.54188775543649,54.897433931350704,80.39068028937068,38.99660880225046,0.9877518767285658,0.9809691975671964,517.4428665700042,829.5983615043762,4.402530627615387,0.0,825.1958308767607,1.59475738132554,511.1051625543305,801.6934123748408,4.33086396365004,0.0,797.3625484111908,1.5600753168413382,2.165632946586201,-17.74392613204976
S2-000037,0700.HK,0700.HK|swing|2022-07-26T16:00:00Z,HKD,2022-07-28T01:30:00Z,2022-07-29T08:00:00Z,stop,1,266.13985057856456,308.45227528381344,301.6175080942427,301.76839229038785,0.1254831099733976,0.12585581957309708,1778.847621154894,-1819.0039185716364,162.3638809907331,0.0,-1981.3677995623696,-1.1138490874648341,223.21533167129624,-198.33596032248187,20.403843042501485,0.0,-218.73980336498335,-0.9799497271410393,10.201874487727128,29.918308433684032
S2-000038,AMD,AMD|swing|2022-07-28T04:00:00Z,USD,2022-07-29T13:30:00Z,2022-09-01T20:00:00Z,stop,24,60.28646611886747,90.74534694671631,82.07893893241882,82.11999893188477,0.9879470460383324,0.9996001599360256,519.9917508595827,-522.4671131262271,10.418965455169946,0.0,-532.8860785813971,-1.0247971774561793,513.7243142260252,-458.50732988114765,10.351048655394662,0.0,-468.8583785365423,-0.9126653451139884,5.1754109947177795,57.66251118408365
S2-000039,MRVL,MRVL|swing|2022-07-28T04:00:00Z,USD,2022-07-29T13:30:00Z,2022-08-30T20:00:00Z,stop,22,87.6667447160345,53.65681606864929,47.70149383245196,47.72535651070731,0.9879470460383324,0.9966115208291807,519.9917508595828,-522.0837141824353,8.885753078948555,0.0,-530.9694672613839,-1.021111327984827,513.7243142260253,-479.55766202625466,8.814886907358245,0.0,-488.3725489336129,-0.9506510309316248,4.407324666094272,36.23340118500317
S2-000040,OR.PA,OR.PA|swing|2022-07-28T22:00:00Z,EUR,2022-08-01T07:00:00Z,2022-08-29T15:30:00Z,stop,20,23.5193006972066,367.7337627868652,345.31120469066076,345.48394666399275,1.0,1.0,523.3001158513929,-527.362886265217,16.770319000733835,0.0,-544.1332052659508,-1.0398109780286655,523.3001158513929,-527.362886265217,16.770319000733835,0.0,-544.1332052659508,-1.0398109780286655,8.385029755902261,0.0
S2-000041,EXH1.DE,EXH1.DE|swing|2022-08-02T22:00:00Z,EUR,2022-08-04T07:00:00Z,2022-08-23T15:30:00Z,objetivo,13,320.2531395167685,32.776378320693965,35.473323067307476,31.21428632736206,1.0,1.0,500.2648650785494,863.7050222062326,21.857181140589418,0.0,841.8478410656431,1.6828042499715823,500.2648650785494,863.7050222062326,21.857181140589418,0.0,841.8478410656431,1.6828042499715823,10.928809228749909,0.0
S2-000042,ENI.MI,ENI.MI|swing|2022-08-02T22:00:00Z,EUR,2022-08-04T07:00:00Z,2022-09-26T15:30:00Z,stop,36,651.271094513373,11.307651045799254,10.49653465802329,10.501785550798688,1.0,1.0,524.8369029595796,-528.2566576445859,14.20043588830135,143.27964079294205,-399.17745273994524,-0.7605742860095491,524.8369029595796,-528.2566576445859,14.20043588830135,143.27964079294205,-399.17745273994524,-0.7605742860095491,7.100087655006904,0.0
S2-000043,6758.T,6758.T|swing|2022-08-08T15:00:00Z,JPY,2022-08-10T00:00:00Z,2022-09-07T00:00:00Z,stop,19,579.5739266424229,2273.136,2114.942,2149.3214285714284,0.007232749891508752,0.007096728408203818,71759.69733840594,-91685.11775127142,2543.2155968732295,0.0,-94228.33334814465,-1.3131094032320207,519.0199431390564,-829.8659315371881,18.227711926299506,0.0,-848.0936434634876,-1.6340290092403356,9.113650775079396,-166.73040606871257
S2-000044,EXSA.DE,EXSA.DE|swing|2022-08-08T22:00:00Z,EUR,2022-08-10T07:00:00Z,2022-08-29T07:00:00Z,stop,13,239.55285619186907,43.23160408401489,41.998990457534795,42.31178706032889,1.0,1.0,220.3447951978856,-295.27611480432444,20.417232357359353,0.0,-315.6933471616838,-1.4327243213445013,220.3447951978856,-295.27611480432444,20.417232357359353,0.0,-315.6933471616838,-1.4327243213445013,10.20854491178542,0.0
S2-000045,0700.HK,0700.HK|swing|2022-08-10T16:00:00Z,HKD,2022-08-12T01:30:00Z,2022-09-22T01:30:00Z,stop,28,234.4539018442982,289.447202545166,267.70363615417483,271.2533645629883,0.12327720111442589,0.12859916924936665,4265.616304444565,-5097.86398037843,130.62618804888368,0.0,-5228.490168427314,-1.2257291315628838,525.8532390399868,-294.4215328005475,16.437259725275602,0.0,-310.8587925258231,-0.5911512365947125,8.218558311893567,334.0288703625513
S2-000046,COIN,COIN|swing|2022-08-12T04:00:00Z,USD,2022-08-15T13:30:00Z,2022-09-23T20:00:00Z,stop,28,19.433093982642948,89.15455561065673,60.88632371561869,60.91678210667202,0.9722897423432183,1.025220422390814,548.7473063635198,-549.3392071394193,2.9157585091858995,0.0,-552.2549656486052,-1.0063921211902256,533.5413771157217,-471.4887847010754,2.897590181098943,0.0,-474.3863748821744,-0.8891276201419763,1.4486775805223875,62.628091467538376
S2-000047,MUV2.DE,MUV2.DE|swing|2022-08-17T22:00:00Z,EUR,2022-08-19T07:00:00Z,2022-09-07T15:30:00Z,objetivo,13,46.10063303221892,235.0174438934326,250.88878243868692,225.65714536394393,1.0,1.0,431.51568757997643,731.6787540048799,22.400584628207355,0.0,709.2781693766726,1.6436903449662328,431.51568757997643,731.6787540048799,22.400584628207355,0.0,709.2781693766726,1.6436903449662328,11.200478033910894,0.0
S2-000048,ADYEN.AS,ADYEN.AS|swing|2022-08-21T22:00:00Z,EUR,2022-08-23T07:00:00Z,2022-09-16T07:00:00Z,stop,18,2.6061429689092463,1575.587448852539,1369.115148803711,1371.3856506347656,1.0,1.0,532.1790806638746,-538.0963330467732,7.674315970410629,0.0,-545.7706490171838,-1.0255394637766562,532.1790806638746,-538.0963330467732,7.674315970410629,0.0,-545.7706490171838,-1.0255394637766562,3.837024420377693,0.0
S2-000049,7203.T,7203.T|swing|2022-08-22T15:00:00Z,JPY,2022-08-24T00:00:00Z,2022-09-05T06:00:00Z,stop,8,698.9277779384931,2094.0465,2030.42178125,2031.4375,0.0073346046648085665,0.0071245369051011675,43759.16924895106,-44469.083297898964,2882.705450991859,0.0,-47351.78874889082,-1.0820998104306079,320.956206901504,-624.2741234372972,20.845393870473202,0.0,-645.1195173077705,-2.009992339876283,10.422543472340745,-298.11097764076777
S2-000050,BSP.DE,BSP.DE|swing|2022-08-25T22:00:00Z,EUR,2022-08-29T07:00:00Z,2022-08-31T07:00:00Z,stop,2,1103.0363438642994,9.624809885501861,9.215390266895295,9.249285187040057,1.0,1.0,414.2173904220522,-451.6047192141031,20.781425493771778,0.0,-472.3861447078749,-1.1404304976827595,414.2173904220522,-451.6047192141031,20.781425493771778,0.0,-472.3861447078749,-1.1404304976827595,10.39060244335585,0.0
S2-000051,1810.HK,1810.HK|swing|2022-08-28T16:00:00Z,HKD,2022-08-30T01:30:00Z,2022-09-07T08:00:00Z,stop,6,5990.565029109404,11.405699618339538,10.710356120824814,10.71571397781372,0.12760310330747243,0.12831699430272545,4133.403848721614,-4165.500439430327,132.48767009287232,0.0,-4297.9881095231995,-1.0398180934709509,527.4351583199283,-485.72676219648895,16.951641874530573,0.0,-502.67840407101954,-0.9530619947146338,8.47570162449951,45.80402070346088
S2-000052,6857.T,6857.T|swing|2022-08-29T15:00:00Z,JPY,2022-08-31T00:00:00Z,2022-09-05T06:00:00Z,stop,3,707.4042489881205,1988.4937499999999,1884.8606696428571,1885.8035714285713,0.007209285559801023,0.0071245369051011675,72643.46865077739,-73310.48138037008,2740.0273742922723,0.0,-76050.50875466235,-1.0469008455565882,523.7075095579078,-641.516529367395,19.640639448374962,0.0,-661.15716881577,-1.262455009235769,9.820161800094382,-113.00033456983171
S2-000053,TTE.PA,TTE.PA|swing|2022-08-29T22:00:00Z,EUR,2022-08-31T07:00:00Z,2022-09-19T15:30:00Z,stop,13,152.8583611851307,52.17607652664184,48.73240700006485,48.75678539276123,1.0,1.0,522.6672391398378,-526.3936802957335,15.424705421569143,0.0,-541.8183857173026,-1.0366411841862946,522.6672391398378,-526.3936802957335,15.424705421569143,0.0,-541.8183857173026,-1.0366411841862946,7.712223040419345,0.0
S2-000054,7011.T,7011.T|swing|2022-08-31T15:00:00Z,JPY,2022-09-02T00:00:00Z,2022-09-26T06:00:00Z,stop,14,2261.9062295362364,522.3610255737304,490.6795361927577,490.92499869210377,0.0071766901105210276,0.007172057663343613,71105.34503541996,-71660.55819180832,2291.402757432508,0.0,-73951.96094924083,-1.0400337824449468,510.30102652088385,-519.4270385322985,16.439546089243763,0.0,-535.8665846215423,-1.0500989744719085,8.219645242773082,-5.141419242730731
S2-000055,ICGA.DE,ICGA.DE|swing|2022-08-31T22:00:00Z,EUR,2022-09-02T07:00:00Z,2022-09-16T07:00:00Z,stop,10,2257.9259346774506,4.502750452280044,4.296850286483765,4.3112857682364325,1.0,1.0,432.31307567689504,-464.9073243058066,19.86884672286166,0.0,-484.7761710286683,-1.1213544033328833,432.31307567689504,-464.9073243058066,19.86884672286166,0.0,-484.7761710286683,-1.1213544033328833,9.934309618176387,0.0
S2-000056,BBVA.MC,BBVA.MC|swing|2022-09-01T22:00:00Z,EUR,2022-09-05T07:00:00Z,2022-10-20T15:30:00Z,objetivo,33,2302.321667437459,4.433715708017349,5.026467433094979,4.248178958892822,1.0,1.0,427.16527761530597,1364.7051400571588,21.780384623709473,276.2786000924951,1619.2033555259443,3.790578121342899,427.16527761530597,1364.7051400571588,21.780384623709473,276.2786000924951,1619.2033555259443,3.790578121342899,10.890536210772296,0.0
S2-000057,ITX.MC,ITX.MC|swing|2022-09-01T22:00:00Z,EUR,2022-09-05T07:00:00Z,2022-09-08T15:30:00Z,stop,3,478.77703558584517,21.320654465675354,20.54936256183897,20.559642383030482,1.0,1.0,364.35510897372177,-369.2768512901472,20.046402632362167,0.0,-389.32325392250937,-1.068526951684897,364.35510897372177,-369.2768512901472,20.046402632362167,0.0,-389.32325392250937,-1.068526951684897,10.023111502745163,0.0
S2-000058,8035.T,8035.T|swing|2022-09-05T15:00:00Z,JPY,2022-09-07T00:00:00Z,2022-09-16T06:00:00Z,stop,7,100.7865276730224,14163.745325683592,13683.036058384489,13689.88099888393,0.007096728408203818,0.006972042111134351,47759.14008625238,-48449.017871319455,2806.580402569983,0.0,-51255.59827388944,-1.0732102416693956,338.933646201493,-515.7801160715468,19.745588278231928,0.0,-535.5257043497787,-1.5800311074203992,9.872667662252102,-171.95059459457872
S2-000059,NVDA,NVDA|swing|2022-09-06T04:00:00Z,USD,2022-09-07T13:30:00Z,2022-09-14T20:00:00Z,stop,5,736.8474888985976,13.569781225204467,13.050079300224782,13.056607604026794,1.0072522159548751,1.001001001001001,378.1306941337685,-382.94105839704844,19.614777382993445,0.0,-402.5558357800419,-1.0645944432049537,380.8729795867934,-445.8294010619201,19.696916813070327,0.0,-465.52631787499047,-1.2222613386227528,9.848349411271158,-60.111171411387474
S2-000060,7203.T,7203.T|swing|2022-09-06T15:00:00Z,JPY,2022-09-08T00:00:00Z,2022-09-21T06:00:00Z,stop,8,702.8468997500985,2043.5212499999998,2012.127361607143,2013.1339285714287,0.006983240223463688,0.0069764197014092364,21357.63465778094,-22065.09712801997,2850.500053143872,0.0,-24915.59718116384,-1.1665897268303853,149.145493420258,-163.73157529756568,19.896080926601122,0.0,-183.6276562241668,-1.2311981543199964,9.9480020174058,-9.645701498543339
S2-000061,6758.T,6758.T|swing|2022-09-07T15:00:00Z,JPY,2022-09-09T00:00:00Z,2022-09-14T06:00:00Z,stop,3,676.7144105167547,2124.0615,2070.856910714286,2071.8928571428573,0.006961364427427776,0.006920415224913495,35303.272398530265,-36004.31227526773,2838.7617394723993,0.0,-38843.07401474013,-1.100268371052119,245.75894464692144,-308.0244794493999,19.704269650363806,0.0,-327.7287490997637,-1.333537420461368,9.852060282074852,-57.38534074234987
S2-000062,EUNL.DE,EUNL.DE|swing|2022-09-12T22:00:00Z,EUR,2022-09-14T07:00:00Z,2022-09-22T15:30:00Z,stop,6,134.69933628763323,73.56676377868652,70.85191212654114,70.88735580444336,1.0,1.0,360.9144757743458,-365.68871566336776,19.453099791972974,0.0,-385.14181545534075,-1.067127647426762,360.9144757743458,-365.68871566336776,19.453099791972974,0.0,-385.14181545534075,-1.067127647426762,9.726460905422599,0.0
S2-000063,6501.T,6501.T|swing|2022-09-13T15:00:00Z,JPY,2022-09-15T00:00:00Z,2022-09-21T06:00:00Z,stop,3,1040.4635299426698,1370.2847755737305,1310.6514404820034,1311.307094029018,0.0069890970086664795,0.0069764197014092364,61364.12672784631,-62046.31033179243,2789.416358908493,0.0,-64835.726690700925,-1.0565737695290829,428.87983455302145,-450.9355359937272,19.478213675917686,0.0,-470.4137496696449,-1.0968427791899102,9.738996538823894,-17.287854055004416
S2-000064,ITX.MC,ITX.MC|swing|2022-09-14T22:00:00Z,EUR,2022-09-16T07:00:00Z,2022-11-11T16:30:00Z,tiempo,40,300.81461684705465,22.11105038166046,24.187900762557984,20.47535732814244,1.0,1.0,492.0403791734115,624.7469515783486,13.927401248868573,139.87879683388041,750.6983471633604,1.525684433510261,492.0403791734115,624.7469515783486,13.927401248868573,139.87879683388041,750.6983471633604,1.525684433510261,6.963858552135793,0.0
S2-000065,BSP.DE,BSP.DE|swing|2022-09-14T22:00:00Z,EUR,2022-09-16T07:00:00Z,2022-09-16T15:30:00Z,stop,0,1112.6571797365266,8.844420152664185,8.679943344703743,8.684285487447466,1.0,1.0,178.17498497808674,-183.0063012773319,19.49860886565913,0.0,-202.504910142991,-1.136550735042276,178.17498497808674,-183.0063012773319,19.49860886565913,0.0,-202.504910142991,-1.136550735042276,9.749261118569851,0.0
S2-000066,IFX.DE,IFX.DE|swing|2022-09-14T22:00:00Z,EUR,2022-09-16T07:00:00Z,2022-09-30T15:30:00Z,stop,10,230.2585442765391,24.177083415985106,22.02915943534034,22.04017952510289,1.0,1.0,492.0403791734115,-494.57784899993294,10.63938221543444,0.0,-505.2172312153674,-1.0267800217211684,492.0403791734115,-494.57784899993294,10.63938221543444,0.0,-505.2172312153674,-1.0267800217211684,5.319568793146328,0.0
S2-000067,1810.HK,1810.HK|swing|2022-09-15T16:00:00Z,HKD,2022-09-19T01:30:00Z,2022-09-21T08:00:00Z,stop,2,7504.035653801527,10.18509030532837,9.921822825261525,9.92678621837071,0.12798689414203987,0.12758031180628207,1938.3230780529277,-1975.56855690808,150.88299301983665,0.0,-2126.4515499279164,-1.0970573347679307,248.07995060383294,-283.1184479882441,19.280774091239063,0.0,-302.39922207948314,-1.218958732229008,9.640318676086558,-30.271564224907763
S2-000068,RRU.DE,RRU.DE|swing|2022-09-18T22:00:00Z,EUR,2022-09-20T07:00:00Z,2022-09-23T15:30:00Z,stop,3,7289.8372799531335,0.8834415162205695,0.8162702422024949,0.8166785814932415,1.0,1.0,486.69093049435395,-489.6676574789079,12.39062214172715,0.0,-502.05827962063506,-1.0315751705310634,486.69093049435395,-489.6676574789079,12.39062214172715,0.0,-502.05827962063506,-1.0315751705310634,6.1951902027459305,0.0
S2-000069,OR.PA,OR.PA|swing|2022-09-19T22:00:00Z,EUR,2022-09-21T07:00:00Z,2022-10-13T15:30:00Z,stop,16,29.173594593984163,330.51518110656735,318.991329611642,319.1509050641741,1.0,1.0,331.5367821149081,-336.19217167423017,18.94843962984627,0.0,-355.14061130407646,-1.0711952050647202,331.5367821149081,-336.19217167423017,18.94843962984627,0.0,-355.14061130407646,-1.0711952050647202,9.474138135413334,0.0
S2-000070,ENR.DE,ENR.DE|swing|2022-09-19T22:00:00Z,EUR,2022-09-21T07:00:00Z,2022-09-23T15:30:00Z,stop,2,809.193725915812,11.915954847335815,11.732702255879131,11.738571541649955,1.0,1.0,143.53745804320417,-148.28684726456225,19.13634495425594,0.0,-167.4231922188182,-1.1664076715669893,143.53745804320417,-148.28684726456225,19.13634495425594,0.0,-167.4231922188182,-1.1664076715669893,9.56813779744984,0.0
S2-000071,TSM,TSM|swing|2022-09-20T04:00:00Z,USD,2022-09-21T13:30:00Z,2022-09-23T20:00:00Z,stop,2,115.85908783378716,77.61879183197021,73.44182892921994,73.4785682133266,1.001401962747847,1.025220422390814,479.6825318839509,-483.9391118282148,17.501745728997143,0.0,-501.4408575572119,-1.045359845787599,480.35502892444515,-281.9486063737974,17.728951494592913,0.0,-299.67755786839035,-0.6238668064731067,8.864407476246054,202.66897006142673
S2-000072,R6C0.DE,R6C0.DE|swing|2022-09-20T22:00:00Z,EUR,2022-09-22T07:00:00Z,2022-09-23T15:30:00Z,stop,1,363.8157397699455,26.60829681301117,25.244512883152282,25.25714145387922,1.0,1.0,491.57158652671586,-496.16605932797427,18.86486831875991,0.0,-515.0309276467342,-1.0477231430029843,491.57158652671586,-496.16605932797427,18.86486831875991,0.0,-515.0309276467342,-1.0477231430029843,9.432312475942746,0.0
S2-000073,1810.HK,1810.HK|swing|2022-09-21T16:00:00Z,HKD,2022-09-23T01:30:00Z,2022-09-23T08:00:00Z,stop,0,7790.600451678761,9.614804656505584,9.437422283419542,9.44214335509709,0.1288942165165049,0.1288942165165049,1345.1352127404587,-1381.9151958839675,148.42828780366693,0.0,-1530.3434836876345,-1.1376874749787043,173.38014935494357,-178.12087646571652,19.131547865339954,0.0,-197.2524243310565,-1.137687474978705,9.565731793881543,0.0
S2-000074,QCOM,QCOM|swing|2022-09-22T04:00:00Z,USD,2022-09-23T13:30:00Z,2022-09-23T20:00:00Z,stop,0,77.80433918768865,122.40116633605956,119.33262610667093,119.39232226780483,1.011736139214893,1.025220422390814,234.10112444935615,-238.745744818421,18.807937980340533,0.0,-257.55368279876154,-1.1001813143980816,236.84856783625676,-116.35157489062705,19.15386668204883,0.0,-135.50544157267586,-0.5721184755753153,9.57690664735637,125.19612322594669
S2-000075,8035.T,8035.T|swing|2022-09-21T15:00:00Z,JPY,2022-09-26T00:00:00Z,2022-09-26T06:00:00Z,stop,0,99.04634407015024,13136.564999999999,13100.351053885324,13106.904506138393,0.007172057663343613,0.007172057663343613,2937.7634803071646,-3586.858967011921,2598.670614812774,0.0,-6185.529581824695,-2.105523342259654,21.069809082028,-25.725159341689626,18.637815497473817,0.0,-44.36297483916344,-2.105523342259608,9.31890364717179,0.0
S2-000076,6857.T,6857.T|swing|2022-09-21T15:00:00Z,JPY,2022-09-26T00:00:00Z,2022-09-28T06:00:00Z,stop,2,728.5593824319734,1785.8925,1721.460267857143,1722.3214285714287,0.007172057663343613,0.007179781734635267,46315.300540538745,-46942.7072587134,2555.3147665210727,0.0,-49498.02202523447,-1.0687185756661552,332.1760061718335,-326.9883810270827,18.33655227578842,0.0,-345.32493330287116,-1.0395842170618301,9.168196682847608,9.687422305868488
S2-000077,6501.T,6501.T|swing|2022-09-21T15:00:00Z,JPY,2022-09-26T00:00:00Z,2022-09-28T06:00:00Z,stop,2,1005.4727641049927,1294.0467244262695,1250.5958509739469,1251.2214617047991,0.007172057663343613,0.007179781734635267,43059.635282079325,-43688.66983288309,2558.5688039469032,0.0,-46247.23863682999,-1.0740276440770806,308.826187205618,-303.6251025532874,18.35991555426222,0.0,-321.9850181075496,-1.0426091809797542,9.179884165825417,9.712556722931316
S2-000078,7203.T,7203.T|swing|2022-09-21T15:00:00Z,JPY,2022-09-26T00:00:00Z,2022-09-26T06:00:00Z,stop,0,656.4757686224496,1981.9904999999999,1980.768049107143,1981.7589285714287,0.007172057663343613,0.007172057663343613,152.02103156228685,-802.5093894913945,2601.4549643902947,0.0,-3403.964353881689,-22.39140412941481,1.0903036044057006,-5.755643616807196,18.657785013198698,0.0,-24.413428630005892,-22.391404129415026,9.328893399910832,0.0
S2-000079,0700.HK,0700.HK|swing|2022-09-22T16:00:00Z,HKD,2022-09-26T01:30:00Z,2022-10-11T08:00:00Z,stop,10,214.66730135241053,259.6092319335937,242.85223859242032,242.97372545514787,0.1306045685478078,0.13137151865475566,3571.0992823585125,-3597.1785393300065,107.8620479113832,0.0,-3705.04058724139,-1.0375070235500192,466.4018810138196,-429.8249747607292,14.127259206507077,0.0,-443.9522339672363,-0.951866302516224,7.0635239128893055,39.9829763579002
S2-000080,AIR.PA,AIR.PA|swing|2022-09-22T22:00:00Z,EUR,2022-09-26T07:00:00Z,2022-09-28T15:30:00Z,stop,2,101.32688182628635,91.14554847335815,88.1323441209112,88.17643233707973,1.0,1.0,300.851279869203,-305.3186013388436,18.165669836965186,0.0,-323.48427117580883,-1.0752298322162555,300.851279869203,-305.3186013388436,18.165669836965186,0.0,-323.48427117580883,-1.0752298322162555,9.082760859520983,0.0
S2-000081,EXV1.DE,EXV1.DE|swing|2022-09-22T22:00:00Z,EUR,2022-09-26T07:00:00Z,2022-09-28T15:30:00Z,stop,2,751.4554283326554,12.290142396926878,11.716424025927273,11.722285168511528,1.0,1.0,426.7193968106519,-431.12378422182195,18.03986465408221,0.0,-449.1636488759042,-1.0525972154839998,426.7193968106519,-431.12378422182195,18.03986465408221,0.0,-449.1636488759042,-1.0525972154839998,9.019826801050016,0.0
S2-000082,R6C0.DE,R6C0.DE|swing|2022-09-22T22:00:00Z,EUR,2022-09-26T07:00:00Z,2022-10-27T15:30:00Z,objetivo,23,321.6054889731258,24.552270915985105,27.48660874267987,23.116428783961705,1.0,1.0,461.77471095760075,943.6991515665092,16.735989338238596,0.0,926.9631622282706,2.0073926532399096,461.77471095760075,943.6991515665092,16.735989338238596,0.0,926.9631622282706,2.0073926532399096,8.368232685964312,0.0
S2-000083,8035.T,8035.T|swing|2022-09-25T15:00:00Z,JPY,2022-09-27T00:00:00Z,2022-09-30T06:00:00Z,stop,3,71.473351015136,12873.100325683594,11966.038436715262,11972.024448939732,0.0071906234270511255,0.007119464616260856,64402.91242978547,-64830.75278268591,1775.3364836786043,20417.55346350151,-46188.535802863,-0.7171808550307335,463.09709088793755,-527.0323065827888,12.704917333607693,147.53633545416224,-392.2008884622343,-0.8469085558499889,6.3523284968094185,-60.85877683024681
S2-000084,ICGA.DE,ICGA.DE|swing|2022-09-26T22:00:00Z,EUR,2022-09-28T07:00:00Z,2022-09-29T07:00:00Z,stop,1,2206.4031237101763,4.155576830148696,4.034981679201127,4.0866163202694485,1.0,1.0,152.15468441021892,-266.0815177550182,18.071673879960414,0.0,-284.1531916349786,-1.8675283822933977,152.15468441021892,-266.0815177550182,18.071673879960414,0.0,-284.1531916349786,-1.8675283822933977,9.035772678541697,0.0
S2-000085,DBK.DE,DBK.DE|swing|2022-09-26T22:00:00Z,EUR,2022-09-28T07:00:00Z,2022-10-03T15:30:00Z,stop,3,808.6182419222185,8.005000904560088,7.434334632200854,7.438053659030369,1.0,1.0,458.4438849428858,-461.4511578794297,12.484528358182866,0.0,-473.9356862376125,-1.0337921429504,458.4438849428858,-461.4511578794297,12.484528358182866,0.0,-473.9356862376125,-1.0337921429504,6.2421503768384445,0.0
S2-000086,RRU.DE,RRU.DE|swing|2022-09-26T22:00:00Z,EUR,2022-09-28T07:00:00Z,2022-11-09T08:00:00Z,objetivo,30,3344.7163297041852,0.7733865019083023,1.0234880486130715,0.6363213998930795,1.0,1.0,458.4438849428858,836.5187273477156,6.010035651558707,0.0,830.5086916961569,1.8115820037595745,458.4438849428858,836.5187273477156,6.010035651558707,0.0,830.5086916961569,1.8115820037595745,3.0052277067677275,0.0
S2-000087,6758.T,6758.T|swing|2022-09-27T15:00:00Z,JPY,2022-09-29T00:00:00Z,2022-09-30T00:00:00Z,stop,1,648.0275722045957,1942.971,1874.4623244018555,1878.9071677071709,0.007225955632632416,0.007119464616260856,41515.12970684445,-44395.51072281779,2473.802049265053,0.0,-46869.31277208284,-1.128969440853166,299.98648534463797,-450.1549765056754,17.746228866169886,0.0,-467.90120537184526,-1.5597409491107552,8.873004112591534,-129.3549857345377
S2-000088,6857.T,6857.T|swing|2022-09-27T15:00:00Z,JPY,2022-09-29T00:00:00Z,2022-09-30T06:00:00Z,stop,1,713.0139066409772,1765.8825,1703.656674107143,1704.5089285714287,0.007225955632632416,0.007119464616260856,43760.20992879466,-44367.87921382713,2473.829680774044,0.0,-46841.70889460117,-1.0704178286809098,316.20933542015075,-449.9582549551225,17.74642558772044,0.0,-467.704680542843,-1.4790982686244818,8.873102522571099,-129.357928242014
S2-000089,SU.PA,SU.PA|swing|2022-09-27T22:00:00Z,EUR,2022-09-29T07:00:00Z,2022-10-25T15:30:00Z,objetivo,18,78.31477317575819,115.41768061065673,131.13725395495553,110.11714240482875,1.0,1.0,415.1104472988583,1231.0748208784546,19.308893775869826,0.0,1211.7659271025848,2.919141002081731,415.1104472988583,1231.0748208784546,19.308893775869826,0.0,1211.7659271025848,2.919141002081731,9.654757070328559,0.0
S2-000090,6501.T,6501.T|swing|2022-09-28T15:00:00Z,JPY,2022-09-30T00:00:00Z,2022-09-30T06:00:00Z,stop,0,989.9626679210172,1260.429948852539,1229.9811046480452,1230.5964028494698,0.007119464616260856,0.007119464616260856,29534.096794742745,-30143.21904379204,2465.413970743429,0.0,-32608.63301453547,-1.1041012441030535,210.26695710339416,-214.60358140247806,17.552427529143024,0.0,-232.15600893162107,-1.1041012441030544,8.776162307714793,0.0
S2-000091,ADYEN.AS,ADYEN.AS|swing|2022-09-28T22:00:00Z,EUR,2022-09-30T07:00:00Z,2022-10-13T15:30:00Z,stop,9,7.042107484408543,1253.426448852539,1197.6972319891793,1198.296380179269,1.0,1.0,388.23186921999155,-392.4511351736916,17.26107641806648,0.0,-409.7122115917581,-1.055328642686968,388.23186921999155,-392.4511351736916,17.26107641806648,0.0,-409.7122115917581,-1.055328642686968,8.630442253858856,0.0
S2-000092,EXV1.DE,EXV1.DE|swing|2022-09-28T22:00:00Z,EUR,2022-09-30T07:00:00Z,2022-11-01T16:30:00Z,objetivo,22,754.9505988564777,11.691842870235442,12.791958614366395,11.356642416545323,1.0,1.0,253.05978325031816,830.5330398431025,18.484060593083274,79.4668549862317,891.515834236251,3.5229455379497963,253.05978325031816,830.5330398431025,18.484060593083274,79.4668549862317,891.515834236251,3.5229455379497963,9.242240240360509,0.0
S2-000093,PLTR,PLTR|swing|2022-09-29T04:00:00Z,USD,2022-09-30T13:30:00Z,2022-11-07T21:00:00Z,stop,26,446.0159371166982,8.014005228996277,7.0514722092747695,7.0549997091293335,1.030290541932825,1.0007004903432404,427.73174564354116,-429.30506679685357,6.719443037740935,0.0,-436.0245098345945,-1.0193877687955484,440.68797202095726,-535.3717034575583,6.829915855307935,0.0,-542.2016193128662,-1.2303526616040281,3.41482493843416,-93.0627535329202
S2-000094,COIN,COIN|swing|2022-09-29T04:00:00Z,USD,2022-09-30T13:30:00Z,2022-11-08T21:00:00Z,stop,27,34.86326056099299,61.28062499999999,48.98727968253409,49.011785575321746,1.030290541932825,1.0004001600640255,427.7317456435411,-428.586100969077,3.8442986924619245,0.0,-432.4303996615389,-1.0109850486101482,440.6879720209572,-492.61668308920065,3.909696106351353,0.0,-496.526379195552,-1.1267073546811923,1.9547253876859325,-51.04847685689389
S2-000095,TSLA,TSLA|swing|2022-09-30T04:00:00Z,USD,2022-10-03T13:30:00Z,2022-10-07T20:00:00Z,stop,4,19.90428229612686,254.62724999999998,232.6104268967765,232.72679029192244,1.0258514567090686,1.0207206287639072,435.91293244452726,-438.22906231044806,9.698116266262486,0.0,-447.92717857671056,-1.0275611142454741,447.18191674654014,-473.3133659609623,9.925071255061745,0.0,-483.23843721602407,-1.0806305423345652,4.962418539793346,-23.755444017539777
S2-000096,ASML.AS,ASML.AS|swing|2022-10-02T22:00:00Z,EUR,2022-10-04T07:00:00Z,2022-10-11T15:30:00Z,stop,5,13.057344673281547,449.974875,415.41986407852175,415.62767791748047,1.0,1.0,448.48319086758784,-451.1966877907496,11.299757386592809,0.0,-462.4964451773424,-1.0312458852307174,448.48319086758784,-451.1966877907496,11.299757386592809,0.0,-462.4964451773424,-1.0312458852307174,5.649767306565904,0.0
S2-000097,ENR.DE,ENR.DE|swing|2022-10-06T22:00:00Z,EUR,2022-10-10T07:00:00Z,2022-11-08T16:30:00Z,objetivo,21,339.67177029655295,10.745369771003723,12.836703644480025,9.421249798366002,1.0,1.0,449.76617519087796,710.3670790848427,8.010164624300643,0.0,702.356914460542,1.5616045696688199,449.76617519087796,710.3670790848427,8.010164624300643,0.0,702.356914460542,1.5616045696688199,4.005260905234823,0.0
S2-000098,NFLX,NFLX|swing|2022-10-10T04:00:00Z,USD,2022-10-11T13:30:00Z,2022-10-19T20:00:00Z,objetivo,6,163.06722231576347,22.616302042007444,27.52761979188238,19.969071660723007,1.0312467773538208,1.022704029453876,431.67650510595263,800.8749433822114,8.176830049471178,0.0,792.6981133327403,1.8363244326632437,445.1650047498738,787.5525691893185,8.393982502250024,0.0,779.1585866870686,1.7502691774364807,4.1971891885639465,-38.34713523701063
S2-000099,6758.T,6758.T|swing|2022-10-10T15:00:00Z,JPY,2022-10-12T00:00:00Z,2022-11-02T00:00:00Z,objetivo,15,664.8180869149891,1884.3417244262694,2248.875,1828.8178340366908,0.007065140596297867,0.006832934745473181,36913.28658687718,242348.31488378212,2747.8372355381102,0.0,239600.477648244,6.490900697350069,260.7975596077235,1365.0556280000883,19.066687114889508,0.0,1345.9889408851989,5.161048833853189,9.533687204772777,-347.1692899296987
S2-000100,7011.T,7011.T|swing|2022-10-12T15:00:00Z,JPY,2022-10-14T00:00:00Z,2022-11-04T06:00:00Z,objetivo,14,2117.5850489059035,480.0398877868652,529.4708406549181,450.0642869131906,0.006995942353435008,0.006916585973163645,63475.884242064145,104674.24674656117,2137.724825258428,0.0,102536.52192130274,1.6153618519165729,444.07362699079437,643.3206593890856,14.866425308275797,0.0,628.4542340808098,1.4152027859421554,7.433375342646446,-88.9743367390888
S2-000101,8035.T,8035.T|swing|2022-10-12T15:00:00Z,JPY,2022-10-14T00:00:00Z,2022-11-09T00:00:00Z,objetivo,17,86.18124036344109,12132.730325683593,13789.768658691408,11396.190865652901,0.006995942353435008,0.006837606837606838,63475.88424206416,142805.61886838224,2234.0331157934797,0.0,140571.58575258875,2.214566798573794,444.0736269907944,810.8908838032823,15.440997900209448,0.0,795.4498859030729,1.7912567591399937,7.720703603000211,-188.1689935465304
S2-000102,AMD,AMD|swing|2022-10-13T04:00:00Z,USD,2022-10-14T13:30:00Z,2022-11-11T21:00:00Z,objetivo,20,72.68228586087133,59.62979847335815,72.72237133581298,53.64874955586025,1.0267994660642776,0.9701202949165697,434.71630716943747,951.5981234432284,9.61965824037676,0.0,941.9784652028516,2.166880905242188,446.3664720910129,677.5154207136499,9.57787492059406,0.0,667.9375457930558,1.4963882539476783,4.78910803642858,-299.58502434562484
S2-000103,IFX.DE,IFX.DE|swing|2022-10-18T22:00:00Z,EUR,2022-10-20T07:00:00Z,2022-11-10T16:30:00Z,objetivo,15,177.69243038543962,24.517251660346982,28.952838245817595,21.971786158425466,1.0,1.0,452.3099514987271,788.1701605573268,9.501230228354348,0.0,778.6689303289725,1.7215383560517654,452.3099514987271,788.1701605573268,9.501230228354348,0.0,778.6689303289725,1.7215383560517654,4.750813344420061,0.0
S2-000104,6857.T,6857.T|swing|2022-10-19T15:00:00Z,JPY,2022-10-21T00:00:00Z,2022-10-28T06:00:00Z,objetivo,5,544.3899812891306,1758.3787499999999,1965.3114955357144,1635.580357142857,0.006803183890060548,0.006785641582411617,66850.21478983524,112652.11347029604,2027.1396630937056,0.0,110624.97380720233,1.654818524592432,454.7943043052945,747.624600717822,13.772235456037295,0.0,733.8523652617847,1.613591811319528,6.886306355744733,-18.76844282456942
S2-000105,ASML.AS,ASML.AS|swing|2022-10-19T22:00:00Z,EUR,2022-10-21T07:00:00Z,2022-11-10T16:30:00Z,objetivo,14,8.775482131455794,448.224,536.0586297291347,396.28211757114957,1.0,1.0,455.81506112855453,770.7912237110578,8.637554629490342,12.02241052009444,774.176079601662,1.698443394311886,455.81506112855453,770.7912237110578,8.637554629490342,12.02241052009444,774.176079601662,1.698443394311886,4.318971092293709,0.0
S2-000106,6501.T,6501.T|swing|2022-10-24T15:00:00Z,JPY,2022-10-26T00:00:00Z,2022-11-07T06:00:00Z,objetivo,7,1020.2595894337695,1310.2547755737303,1421.2212129527502,1242.3784659249443,0.006810133478616181,0.00688752668916592,69251.4558145498,113214.57184124694,2786.814570602227,0.0,110427.75727064471,1.5945911312877228,471.6116576855748,883.2276289740258,19.090800488964355,0.0,864.1368284850615,1.8323059118720613,9.545623437792909,112.22128301075391
S2-000107,0700.HK,0700.HK|swing|2022-10-26T16:00:00Z,HKD,2022-10-28T01:30:00Z,2022-11-11T08:00:00Z,objetivo,10,267.00799475575093,199.55321795654297,246.9918559589386,185.65118026733398,0.12693254804396945,0.12799508498873644,3711.9552064145637,12666.495606963621,119.2311047542313,0.0,12547.26450220939,3.380230580510962,471.1679325752791,1677.8635988345789,15.204380969206959,0.0,1662.6592178653718,3.5288038572101392,7.602611851155982,70.07303665494072
S2-000108,IS3N.DE,IS3N.DE|swing|2022-10-26T22:00:00Z,EUR,2022-10-28T07:00:00Z,2022-11-15T08:00:00Z,objetivo,12,373.9380750565299,25.19058849620819,27.562212213516236,25.09426862852914,1.0,1.0,36.01766590960354,886.840407608583,19.726280751235095,0.0,867.1141268573479,24.074689599087698,36.01766590960354,886.840407608583,19.726280751235095,0.0,867.1141268573479,24.074689599087698,9.863364551559547,0.0
S2-000109,6857.T,6857.T|swing|2022-10-31T15:00:00Z,JPY,2022-11-02T00:00:00Z,2022-11-11T00:00:00Z,objetivo,6,586.1034649980744,1955.9775,2228.885,1833.125,0.006832934745473181,0.00687426960885406,72004.27593367592,159952.03137396215,2452.7624117905043,0.0,157499.26896217166,2.1873599438350895,492.0005188498526,1146.9398900648878,16.813563603194662,0.0,1130.1263264616932,2.29700230622436,8.40707063833648,53.998097280725744
S2-000110,7203.T,7203.T|swing|2022-10-31T15:00:00Z,JPY,2022-11-02T00:00:00Z,2022-12-05T06:00:00Z,stop,21,720.4033211990193,1998.9989999999998,1947.5435982142858,1948.517857142857,0.006832934745473181,0.0070761392584206065,36366.78297220774,-37068.642340058315,2843.1023950069784,0.0,-39911.744735065295,-1.0974780135368776,248.4918549518807,87.93242185279425,19.767953175846895,0.0,68.16446867694735,0.2743126879959389,9.884001042027597,341.22003606569723
S2-000111,1810.HK,1810.HK|swing|2022-10-31T16:00:00Z,HKD,2022-11-02T01:30:00Z,2022-12-05T08:00:00Z,objetivo,23,3964.9787211803487,9.154574618339538,11.106051288221563,8.185893280165535,0.12807541080188015,0.12189918937039068,3840.8008934644263,7737.563470962116,80.33295059731009,0.0,7657.230520364807,1.9936546394254604,491.9121522386847,719.0201219137165,10.016704150442255,0.0,709.0034177632742,1.4413212085463034,5.008533082384413,-271.9714982353786
S2-000112,ADYEN.AS,ADYEN.AS|swing|2022-11-02T23:00:00Z,EUR,2022-11-04T08:00:00Z,2022-11-11T16:30:00Z,objetivo,5,4.112168925262983,1300.6499999999999,1547.657864909581,1182.317858014788,1.0,1.0,486.60175713139523,1015.738066376736,11.712723091663332,0.0,1004.0253432850727,2.0633409735385717,486.60175713139523,1015.738066376736,11.712723091663332,0.0,1004.0253432850727,2.0633409735385717,5.856616944501983,0.0
S2-000113,QDV5.DE,QDV5.DE|swing|2022-11-03T23:00:00Z,EUR,2022-11-07T08:00:00Z,2022-11-15T16:30:00Z,stop,6,1349.2022055523973,7.380688354969024,7.189261024074896,7.192857452801296,1.0,1.0,253.4218674755952,-258.27417704536623,19.657807836992838,0.0,-277.9319848823591,-1.0967166632103058,253.4218674755952,-258.27417704536623,19.657807836992838,0.0,-277.9319848823591,-1.0967166632103058,9.828841807161092,0.0
S2-000114,9988.HK,9988.HK|swing|2022-11-06T16:00:00Z,HKD,2022-11-08T01:30:00Z,2022-12-05T08:00:00Z,objetivo,19,394.7643417077123,68.784375,89.90501949868884,58.90000016348703,0.12747947580439548,0.12189918937039068,3901.998725528318,8337.677321967518,62.64491435527036,0.0,8275.032407612247,2.120716327628178,497.4247521197692,864.8311377371191,7.787889247127619,0.0,857.0432484899915,1.7229605982366432,3.894161804888257,-198.05159669349604
S2-000115,6758.T,6758.T|swing|2022-11-07T15:00:00Z,JPY,2022-11-09T00:00:00Z,2022-12-20T06:00:00Z,stop,28,536.4693903357575,2235.1169999999997,2096.5940662166054,2097.6428876604355,0.006837606837606838,0.0069132388524023505,73750.65323375548,-74313.31383429807,2323.830394803876,0.0,-76637.14422910195,-1.0391385142881058,504.2779708290973,-423.0574682232947,15.974506351524905,0.0,-439.03197457481957,-0.8706150178501652,7.9871494081813115,85.06775457532501
S2-000116,ENR.DE,ENR.DE|swing|2022-11-07T23:00:00Z,EUR,2022-11-09T08:00:00Z,2022-11-16T08:00:00Z,objetivo,5,482.44411841685366,12.896445343494415,14.647672233104707,11.849464450563703,1.0,1.0,505.1097738892476,844.869112905926,13.288497521812527,0.0,831.5806153841136,1.6463364170942558,505.1097738892476,844.869112905926,13.288497521812527,0.0,831.5806153841136,1.6463364170942558,6.644461639299166,0.0
S2-000117,UBER,UBER|swing|2022-11-08T05:00:00Z,USD,2022-11-09T14:30:00Z,2023-01-09T21:00:00Z,tiempo,40,128.03110238328463,27.323654465675354,27.38629961872101,23.395357063838414,1.0004001600640255,0.9349289454001495,502.9442468465762,8.020528003405145,7.0045757327641525,0.0,1.0159522706409927,0.0020200097267459353,503.1455050485956,-221.53786007149938,6.777817086667943,0.0,-228.31567715816732,-0.4537766408866472,3.388854006082038,-229.56159756990368
S2-000118,BSP.DE,BSP.DE|swing|2022-11-09T23:00:00Z,EUR,2022-11-11T08:00:00Z,2022-11-11T16:30:00Z,stop,0,1130.3595251364131,8.864429656505584,8.400083594577653,8.404285737446376,1.0,1.0,520.1280618421742,-524.8779940598188,19.51510700020576,0.0,-544.3931010600245,-1.0466520478282002,520.1280618421742,-524.8779940598188,19.51510700020576,0.0,-544.3931010600245,-1.0466520478282002,9.757424719958406,0.0
S2-000119,EXV1.DE,EXV1.DE|swing|2022-11-09T23:00:00Z,EUR,2022-11-11T08:00:00Z,2022-12-21T16:30:00Z,objetivo,28,797.5883978794765,13.042518251895904,13.887446009039879,12.547071933746338,1.0,1.0,395.1622351281982,673.904576144362,21.47902704983133,0.0,652.4255490945307,1.6510321359096254,395.1622351281982,673.904576144362,21.47902704983133,0.0,652.4255490945307,1.6510321359096254,10.739684685980805,0.0
S2-000120,ORCL,ORCL|swing|2022-11-10T05:00:00Z,USD,2022-11-11T14:30:00Z,2022-12-13T21:00:00Z,objetivo,21,98.67326539622607,77.16856225204468,85.1149193381582,71.84499822344098,1.004621257785815,0.948316737790422,525.2934462482151,784.0930016912613,16.013041048373655,0.0,768.0799606428876,1.4621921635015973,527.7209626765272,314.8392125865434,15.61416415399944,0.0,299.225048432544,0.5670137621877218,7.807162738593622,-472.8772849935873
S2-000121,7011.T,7011.T|swing|2022-11-10T15:00:00Z,JPY,2022-11-14T00:00:00Z,2023-01-13T06:00:00Z,tiempo,40,2784.191736216493,514.6572244262695,497.75100000000003,487.5463747297014,0.006949753283758427,0.007111869710546902,75481.80368699231,-47070.17033824093,2818.738612125232,0.0,-49888.90895036617,-0.6609395445456673,524.5799130376837,-102.45957886281388,19.814204417686447,0.0,-122.27378328050034,-0.23308895411654218,9.907079070717444,224.66649201244448
S2-000122,MC.PA,MC.PA|swing|2022-11-10T23:00:00Z,EUR,2022-11-14T08:00:00Z,2023-01-10T16:30:00Z,tiempo,40,10.784590454302345,704.8522499999999,755.9218377990724,656.414289202009,1.0,1.0,522.3835696478845,550.7645890830322,15.75385028317009,53.922952271511726,588.9336910713738,1.127397041733812,522.3835696478845,550.7645890830322,15.75385028317009,53.922952271511726,588.9336910713738,1.127397041733812,7.877064801996515,0.0
S2-000123,BSP.DE,BSP.DE|swing|2022-11-10T23:00:00Z,EUR,2022-11-14T08:00:00Z,2022-11-22T16:30:00Z,objetivo,6,1276.5831024806246,8.184090305328368,9.221101281506675,8.094285556248256,1.0,1.0,114.64322519818415,1323.8306892761636,22.219173475191546,0.0,1301.611515800972,11.353584248444438,114.64322519818415,1323.8306892761636,22.219173475191546,0.0,1301.611515800972,11.353584248444438,11.109920472747415,0.0
S2-000124,SXR8.DE,SXR8.DE|swing|2022-11-13T23:00:00Z,EUR,2022-11-15T08:00:00Z,2022-12-15T16:30:00Z,stop,22,26.49248141812726,395.68773522949215,381.9689094984872,382.1599894932338,1.0,1.0,358.38355254697433,-363.44573575717413,20.602054210139187,0.0,-384.0477899673133,-1.0716110916305934,358.38355254697433,-363.44573575717413,20.602054210139187,0.0,-384.0477899673133,-1.0716110916305934,10.30093881886853,0.0
S2-000125,0700.HK,0700.HK|swing|2022-11-14T16:00:00Z,HKD,2022-11-16T01:30:00Z,2023-01-04T08:00:00Z,objetivo,32,109.86198053985095,271.39237275695797,335.49408032757896,232.11909975324357,0.12280486307257767,0.12137100689387319,4314.639554470325,7042.340549694779,66.67374769867256,0.0,6975.666801996106,1.61674381230032,529.8587196942557,811.9845326133054,8.135011322368651,0.0,803.8495212909368,1.5171016186253987,4.067709674244108,-52.84913430242307
S2-000126,IQQK.DE,IQQK.DE|swing|2022-11-14T23:00:00Z,EUR,2022-11-16T08:00:00Z,2022-11-17T08:00:00Z,stop,1,265.6337322121919,39.85992015266418,38.76060877990723,38.865358216421946,1.0,1.0,264.1891990402089,-292.0141828087369,20.88426452885556,0.0,-312.8984473375925,-1.1843725953761273,264.1891990402089,-292.0141828087369,20.88426452885556,0.0,-312.8984473375925,-1.1843725953761273,10.442061871395627,0.0
S2-000127,COIN,COIN|swing|2022-11-15T05:00:00Z,USD,2022-11-16T14:30:00Z,2022-11-21T21:00:00Z,stop,3,55.27804854784219,52.856416831970215,42.877477884326666,42.89892734800066,0.9611687812379854,0.9759906304899474,550.4305871094971,-551.6162716037934,5.291982879801472,0.0,-556.9082544835949,-1.0117683637606592,529.056696568144,-495.0658398555896,5.121619234543935,0.0,-500.18745909013353,-0.9454326206146186,2.560686490983373,35.130499632870084
S2-000128,R6C0.DE,R6C0.DE|swing|2022-11-15T23:00:00Z,EUR,2022-11-17T08:00:00Z,2023-01-13T16:30:00Z,tiempo,40,323.8990706841993,27.033510457992552,27.566209923744204,25.40607145854405,1.0,1.0,527.1259795165925,172.54086191092935,17.68479869126167,0.0,154.85606321966767,0.2937742954002768,527.1259795165925,172.54086191092935,17.68479869126167,0.0,154.85606321966767,0.2937742954002768,8.842444691456334,0.0
S2-000129,ADYEN.AS,ADYEN.AS|swing|2022-11-20T23:00:00Z,EUR,2022-11-22T08:00:00Z,2022-12-20T16:30:00Z,stop,20,2.6887165131977215,1501.7504999999999,1304.4045393371582,1305.0570678710938,1.0,1.0,528.8528790025251,-530.6073432470504,7.544955392858819,0.0,-538.1522986399092,-1.0175841335210727,528.8528790025251,-530.6073432470504,7.544955392858819,0.0,-538.1522986399092,-1.0175841335210727,3.772345987679733,0.0
S2-000130,RACE.MI,RACE.MI|swing|2022-11-21T23:00:00Z,EUR,2022-11-23T08:00:00Z,2022-12-23T16:30:00Z,stop,22,47.63124908937541,209.20455610656737,197.93489733641488,198.03391429356165,1.0,1.0,532.0716226834674,-536.7879240333973,19.39256072105485,0.0,-556.1804847544522,-1.0453113096868303,532.0716226834674,-536.7879240333973,19.39256072105485,0.0,-556.1804847544522,-1.0453113096868303,9.69614858758243,0.0
S2-000131,EUNN.DE,EUNN.DE|swing|2022-12-01T23:00:00Z,EUR,2022-12-05T08:00:00Z,2022-12-15T16:30:00Z,stop,8,261.2748725141113,41.10054183197021,40.23426665312903,40.25439385005406,1.0,1.0,221.07720610321564,-226.33593691386778,21.250741717903963,0.0,-247.58667863177175,-1.1199104737924879,221.07720610321564,-226.33593691386778,21.250741717903963,0.0,-247.58667863177175,-1.1199104737924879,10.625316931295423,0.0
S2-000132,NOW,NOW|swing|2022-12-02T05:00:00Z,USD,2022-12-05T14:30:00Z,2022-12-22T21:00:00Z,stop,13,89.39171900738091,81.24059694671631,74.81870934322903,74.856137411935,0.9489466691971911,0.9404683532399135,570.7178127471651,-574.0635721479175,13.950409656357586,0.0,-588.0139818042751,-1.0303059912811454,541.5807674579286,-601.4601589251189,13.18149033310895,0.0,-614.6416492582279,-1.1349030212856936,6.590596449163577,-56.70444422791095
S2-000133,COIN,COIN|swing|2022-12-02T05:00:00Z,USD,2022-12-05T14:30:00Z,2022-12-13T21:00:00Z,stop,6,67.93199915653672,48.003989542007446,39.58287777682713,39.602679116385325,0.9489466691971911,0.948316737790422,570.7178127471651,-572.0629573293305,5.9499509968267645,0.0,-578.0129083261572,-1.012782316262177,541.5807674579286,-544.5510882178468,5.644492330036181,0.0,-550.195580547883,-1.0159067928693084,2.8221107327736736,-1.693850289083494
S2-000134,7203.T,7203.T|swing|2022-12-12T15:00:00Z,JPY,2022-12-14T00:00:00Z,2022-12-20T06:00:00Z,stop,4,795.7006528436258,1959.4792499999999,1899.9602589285714,1900.9107142857142,0.0069036934760096655,0.0069132388524023505,46603.0221039523,-47359.30005212955,3070.958536864947,0.0,-50430.2585889945,-1.082124212384879,321.7329796613897,-312.52339441026487,21.215387112438727,0.0,-333.7387815227036,-1.0373160434903177,10.607618077274228,14.430696388006634
S2-000135,6501.T,6501.T|swing|2022-12-14T15:00:00Z,JPY,2022-12-16T00:00:00Z,2022-12-20T06:00:00Z,stop,2,1078.807354913616,1421.7105,1378.089048804147,1378.7784380231585,0.006893223960846488,0.0069132388524023505,46315.4242222237,-47059.1423820914,3020.4443455337378,0.0,-50079.58672762514,-1.081272331380164,319.2625920054022,-294.633216647674,20.850355326233892,0.0,-315.4835719739079,-0.9881632858777568,10.425106611087777,29.75599119744336
S2-000136,8035.T,8035.T|swing|2022-12-14T15:00:00Z,JPY,2022-12-16T00:00:00Z,2022-12-19T00:00:00Z,stop,1,103.51014526213696,14817.404999999999,14352.820000000002,14403.452706473214,0.006893223960846488,0.006871435442864014,42848.26203455228,-48089.26083660962,3019.414227079219,0.0,-51108.67506368884,-1.192782919000903,295.3626665372047,-363.8604287876889,20.781128114093878,0.0,-384.64155690178274,-1.3022687037981906,10.390475689556746,-32.370383729375185
S2-000137,6857.T,6857.T|swing|2022-12-15T15:00:00Z,JPY,2022-12-19T00:00:00Z,2022-12-22T06:00:00Z,stop,3,598.9423358549336,2353.67625,2226.029285714286,2227.1428571428573,0.006871435442864014,0.007128091809822511,75786.20588150699,-76453.17095407692,2742.9795310884847,0.0,-79196.1504851654,-1.0449942646421688,520.7600211743763,-183.15254461760628,19.190397252967507,0.0,-202.34294187057378,-0.38855314087718595,9.595155237136655,342.19048399558045
S2-000138,ASML.AS,ASML.AS|swing|2022-12-18T23:00:00Z,EUR,2022-12-20T08:00:00Z,2023-01-12T16:30:00Z,objetivo,16,13.432917872391547,532.3660255737304,601.740041960035,494.1392713274275,1.0,1.0,513.4968503186825,931.8954645951746,15.234353663762013,0.0,916.6611109314126,1.7851348267521434,513.4968503186825,931.8954645951746,15.234353663762013,0.0,916.6611109314126,1.7851348267521434,7.617411710099505,0.0
S2-000139,SU.PA,SU.PA|swing|2022-12-18T23:00:00Z,EUR,2022-12-20T08:00:00Z,2023-01-09T16:30:00Z,objetivo,13,78.96003541593551,130.065,143.8451867476872,123.98858097621373,1.0,1.0,479.7942613202283,1088.0840336355861,21.627958046382894,0.0,1066.4560755892032,2.2227362050031276,479.7942613202283,1088.0840336355861,21.627958046382894,0.0,1066.4560755892032,2.2227362050031276,10.81425374776355,0.0
S2-000140,BBVA.MC,BBVA.MC|swing|2022-12-18T23:00:00Z,EUR,2022-12-20T08:00:00Z,2023-01-02T16:30:00Z,objetivo,8,1910.0864282899122,5.376687072515487,5.770488168090583,5.157749772071838,1.0,1.0,418.18916622384495,752.1941281036881,21.292068140850994,0.0,730.902059962837,1.7477785628994646,418.18916622384495,752.1941281036881,21.292068140850994,0.0,730.902059962837,1.7477785628994646,10.646224780511776,0.0
S2-000141,META,META|swing|2022-12-20T05:00:00Z,USD,2022-12-21T14:30:00Z,2023-01-12T21:00:00Z,objetivo,14,43.36170806783488,116.7583469467163,136.4226417895726,104.15606907435826,0.9434852344560807,0.9283327144448571,546.4562940909249,852.6774123357656,10.978360121908752,0.0,841.6990522138568,1.5402861332471112,515.5734447503772,714.8535317974254,10.268285657066777,0.0,704.5852461403585,1.3666049974344474,5.134322825495981,-89.63501649558866
S2-000142,7203.T,7203.T|swing|2022-12-20T15:00:00Z,JPY,2022-12-22T00:00:00Z,2023-02-06T06:00:00Z,objetivo,29,800.8874660182182,1830.915,1932.7920491071432,1782.6160714285713,0.007128091809822511,0.00711997152011392,38682.0065149664,81592.05170483349,3014.3058013943255,0.0,78577.74590343916,2.0313771953126776,275.728893826833,569.0258417661528,21.47367870148169,0.0,547.552163064671,1.9858352727028754,10.736984291445996,-12.569793737684726
S2-000143,RRU.DE,RRU.DE|swing|2022-12-20T23:00:00Z,EUR,2022-12-22T08:00:00Z,2023-01-18T08:00:00Z,objetivo,18,4017.2770919202258,1.0525260457992553,1.2593699904680253,0.9224285717521394,1.0,1.0,522.6376022061648,830.9494405202644,9.287526985397719,0.0,821.6619135348667,1.5721446563861008,522.6376022061648,830.9494405202644,9.287526985397719,0.0,821.6619135348667,1.5721446563861008,4.643972391051488,0.0
S2-000144,NVDA,NVDA|swing|2022-12-21T05:00:00Z,USD,2022-12-22T14:30:00Z,2022-12-27T21:00:00Z,stop,2,389.0237008545066,16.102046862602233,14.663663244230408,14.670998743602208,0.940203083866115,0.9412650602409638,556.7116353542699,-559.5653184675036,11.968590405176933,0.0,-571.5339088726805,-1.026624687858335,523.4219963842327,-520.0469804966,11.258963666028817,0.0,-531.3059441626287,-1.0150623165110713,5.6293532286068855,6.058057551071569
S2-000145,9988.HK,9988.HK|swing|2022-12-21T16:00:00Z,HKD,2022-12-23T01:30:00Z,2023-01-09T01:30:00Z,objetivo,8,476.0175273665337,85.44270152664184,105.54719847488404,76.48035785130092,0.1206520034265169,0.12194229690510451,4266.232675744876,9570.092926250276,90.91453995070788,0.0,9479.178386299569,2.221908439310456,514.7295194122892,1219.478217779738,11.03384871890272,0.0,1208.4443690608355,2.3477269585016614,5.517230608312708,64.82733324970472
S2-000146,6857.T,6857.T|swing|2022-12-22T15:00:00Z,JPY,2022-12-26T00:00:00Z,2023-01-23T00:00:00Z,objetivo,17,441.30761000491304,2113.55625,2396.30125,1950.0,0.007099247479767144,0.007099247479767144,72178.6177888661,124777.52019083909,1990.2344347877322,0.0,122787.28575605135,1.7011587297947934,512.4138704306837,885.8264957464089,14.129166795312594,0.0,871.6973289510963,1.7011587297947945,7.06480662048223,0.0
S2-000147,8035.T,8035.T|swing|2022-12-26T15:00:00Z,JPY,2022-12-28T00:00:00Z,2023-01-13T00:00:00Z,objetivo,9,97.32438219975485,13006.5,14812.59,12261.785923549107,0.007058159232072275,0.007111869710546902,72478.83740604417,175776.59344715526,2707.4757476093782,0.0,173069.1176995459,2.3878572545247985,511.567175367336,1318.0896172218715,19.187225375001535,0.0,1298.90239184687,2.5390651597499,9.593944608391125,77.43043140061789
S2-000148,SAP.DE,SAP.DE|swing|2023-01-01T23:00:00Z,EUR,2023-01-03T08:00:00Z,2023-01-09T16:30:00Z,objetivo,4,106.28435149138616,97.38866633605957,104.42846613413947,92.71285928998675,1.0,1.0,496.9651195907036,748.2205561681131,21.450003044446277,0.0,726.7705531236669,1.4624176314873552,496.9651195907036,748.2205561681131,21.450003044446277,0.0,726.7705531236669,1.4624176314873552,10.725191258659965,0.0
S2-000149,COIN,COIN|swing|2023-01-03T05:00:00Z,USD,2023-01-04T14:30:00Z,2023-01-12T14:30:00Z,objetivo,6,157.77800816583098,34.607295152664186,45.12742652511597,31.096428292138235,0.948316737790422,0.9304922303898763,553.9375801892089,1659.8453735883127,12.580385567977059,0.0,1647.2649880203355,2.973737559848671,525.308278984551,1447.146599016087,11.803277651068004,0.0,1435.3433213650192,2.732382828878339,5.90200208768373,-126.91255090170628
S2-000150,PLTR,PLTR|swing|2023-01-06T05:00:00Z,USD,2023-01-09T14:30:00Z,2023-01-27T21:00:00Z,objetivo,13,855.5818009213145,6.493244771003723,7.715336849080666,5.832053652831486,0.9523809523809523,0.9203865623561895,565.7030876389802,1045.5997410527427,12.15660385104929,0.0,1033.4431372016934,1.8268295856663508,538.7648453704572,784.6110517370697,11.366519727924256,0.0,773.2445320091455,1.435217124230626,5.683457437588563,-211.19822545601835
S2-000151,9988.HK,9988.HK|swing|2023-01-08T16:00:00Z,HKD,2023-01-10T01:30:00Z,2023-02-20T01:30:00Z,stop,26,458.8221371108082,109.05449999999999,98.75060305023194,99.09642818995884,0.11974900608324951,0.1199774442404828,4568.983789385974,-4727.656019062113,95.34558148403914,0.0,-4823.001600546152,-1.0555961287825701,547.1312675894494,-555.7818134334185,11.427888913095927,0.0,-567.2097023465144,-1.0366976554740264,5.71380693954519,10.350295952761638
S2-000152,IQQK.DE,IQQK.DE|swing|2023-01-08T23:00:00Z,EUR,2023-01-10T08:00:00Z,2023-02-28T16:30:00Z,stop,35,277.14124082210594,39.609795152664184,38.59497819014958,38.61428533281599,1.0,1.0,275.89682672331986,-281.2476321986171,21.673767922438962,0.0,-302.9214001210561,-1.0979517369543272,275.89682672331986,-281.2476321986171,21.673767922438962,0.0,-302.9214001210561,-1.0979517369543272,10.836816358514756,0.0
S2-000153,ENR.DE,ENR.DE|swing|2023-01-08T23:00:00Z,EUR,2023-01-10T08:00:00Z,2023-03-06T08:00:00Z,objetivo,39,523.2255147259771,18.05402257633209,19.980004771232608,17.00499997820173,1.0,1.0,548.8753888659395,1007.7230252798898,19.900373536031427,0.0,987.8226517438584,1.7997211603618284,548.8753888659395,1007.7230252798898,19.900373536031427,0.0,987.8226517438584,1.7997211603618284,9.950441186380353,0.0
S2-000154,AAPL,AAPL|swing|2023-01-10T05:00:00Z,USD,2023-01-11T14:30:00Z,2023-01-27T21:00:00Z,objetivo,11,72.61439289960816,131.31562499999998,145.84988360050747,123.15714154924665,0.9325748391308403,0.9203865623561895,592.4233227579539,1055.3963645217596,20.126205139736975,0.0,1035.2701593820225,1.74751755984631,552.4790849183568,855.152484031022,18.640108909672364,0.0,836.5123751213497,1.5141068647783587,9.320270573022857,-129.08361083213182
S2-000155,MRVL,MRVL|swing|2023-01-11T05:00:00Z,USD,2023-01-12T14:30:00Z,2023-02-01T21:00:00Z,objetivo,13,141.77171862073388,38.37918061065674,44.81811190053395,34.139642170497346,0.9304922303898763,0.9179364787956674,601.0466508200625,912.8583550467109,11.795023143903418,0.0,901.0633319028075,1.4991570632219728,559.2692386899251,769.6291051227175,10.895398890976171,0.0,758.7337062317414,1.3566519553427558,5.447893214737794,-79.77850169473012
S2-000156,6758.T,6758.T|swing|2023-01-11T15:00:00Z,JPY,2023-01-13T00:00:00Z,2023-02-03T00:00:00Z,objetivo,15,719.6094871818094,2209.104,2416.791,2112.8928658621653,0.007111869710546902,0.007086167800453514,69234.44489810737,149453.53556432872,3328.8379287068965,0.0,146124.69763562182,2.11057802009786,492.3863515973783,1018.1947054674456,23.629562269243614,0.0,994.565143198202,2.019887716163694,11.81503863705603,-44.69936724664927
S2-000157,6501.T,6501.T|swing|2023-01-11T15:00:00Z,JPY,2023-01-13T00:00:00Z,2023-02-02T06:00:00Z,objetivo,14,1235.7269305951204,1286.442948852539,1410.8299660372052,1240.5643332345146,0.007111869710546902,0.0070736365565537244,56693.44085761473,153708.38695148993,3333.092780094057,0.0,150375.29417139586,2.652428427286017,403.19636482195244,1026.4983184357015,23.63786588221187,0.0,1002.8604525534897,2.4872755313563975,11.81919252048398,-66.6557029816225
S2-000158,ADYEN.AS,ADYEN.AS|swing|2023-01-11T23:00:00Z,EUR,2023-01-13T08:00:00Z,2023-02-02T16:30:00Z,objetivo,14,5.76489928010093,1328.463948852539,1499.8960369447982,1230.5035727364677,1.0,1.0,564.7317017499557,988.2887212292641,16.305210445989346,0.0,971.9835107832747,1.721142106546086,564.7317017499557,988.2887212292641,16.305210445989346,0.0,971.9835107832747,1.721142106546086,8.152854333388357,0.0
S2-000159,APP,APP|swing|2023-01-12T05:00:00Z,USD,2023-01-13T14:30:00Z,2023-02-01T21:00:00Z,objetivo,12,430.4847304553718,10.445219580173491,13.147084097036293,9.030893223626274,0.9283327144448571,0.9179364787956674,608.8459003741569,1163.1114182686167,10.156126489304931,0.0,1152.955291779312,1.8936734091020089,565.2115673729642,1020.9156477949249,9.369425739733575,0.0,1011.5462220551913,1.7896771411751837,4.684969270020636,-58.838732328187646
S2-000160,ASML.AS,ASML.AS|swing|2023-01-12T23:00:00Z,EUR,2023-01-16T08:00:00Z,2023-03-02T16:30:00Z,stop,33,13.241026202103663,604.4020255737304,561.080043950762,561.3607243129185,1.0,1.0,569.9109977670479,-573.6274937967771,15.432178620655808,18.14020589688202,-570.9194665205509,-1.0017695197275616,569.9109977670479,-573.6274937967771,15.432178620655808,18.14020589688202,-570.9194665205509,-1.0017695197275616,7.715947832439923,0.0
S2-000161,NVDA,NVDA|swing|2023-01-17T05:00:00Z,USD,2023-01-18T14:30:00Z,2023-01-27T21:00:00Z,objetivo,7,340.60352900853525,17.67583331680298,20.515754316602436,15.81932122366769,0.9222539887485013,0.9203865623561895,632.3345705689022,967.2871146371427,13.008189526376619,0.0,954.2789251107661,1.5091360958680706,583.1730799307408,879.0353127768509,11.98380559013503,0.0,867.0515071867159,1.486782461374399,5.992124051926133,-13.049086962282688
S2-000162,META,META|swing|2023-01-20T05:00:00Z,USD,2023-01-23T14:30:00Z,2023-02-02T14:30:00Z,objetivo,8,57.55234232064019,139.35963828277588,183.2883148803711,128.46820613316126,0.9237021984112322,0.9179364787956674,626.8274314366464,2528.1982332374964,18.569145449499317,0.0,2509.629087787997,4.0037001604031515,579.0018764424963,2274.481581906936,17.091539790166514,0.0,2257.390042116769,3.8987611853464563,8.546340652063213,-60.82068415393413
S2-000163,7011.T,7011.T|swing|2023-01-26T15:00:00Z,JPY,2023-01-30T00:00:00Z,2023-02-08T06:00:00Z,stop,7,3377.3845509543935,506.253,483.55094589887347,483.79284232003346,0.007087172218284905,0.007077140835102618,75856.58956031862,-76673.56679607554,3342.9485553525537,0.0,-80016.5153514281,-1.0548393463932575,537.6087141057309,-559.7814004684238,23.67566950065581,0.0,-583.4570699690796,-1.085282017683835,11.83769776440132,-16.382627994464848
S2-000164,6857.T,6857.T|swing|2023-01-26T15:00:00Z,JPY,2023-01-30T00:00:00Z,2023-02-24T06:00:00Z,objetivo,18,620.5044386274416,2338.66875,2603.6082589285716,2200.8928571428573,0.007087172218284905,0.006977393245883338,85490.55305371573,164396.14125795345,3066.7048209665345,0.0,161329.43643698693,1.8871025005022466,605.8862725281059,987.7502934372487,21.556911737155048,0.0,966.1933817000937,1.5946777893953257,10.778705500825613,-177.35347167935907
S2-000165,ICGA.DE,ICGA.DE|swing|2023-01-31T23:00:00Z,EUR,2023-02-02T08:00:00Z,2023-02-15T08:00:00Z,stop,9,2635.438543542395,4.604301236629486,4.441777767419815,4.447999698775155,1.0,1.0,411.9230972762543,-428.32061498539343,23.84038527520113,0.0,-452.16100026059456,-1.0976830463025844,411.9230972762543,-428.32061498539343,23.84038527520113,0.0,-452.16100026059456,-1.0976830463025844,11.92008853746972,0.0
S2-000166,BBVA.MC,BBVA.MC|swing|2023-01-31T23:00:00Z,EUR,2023-02-02T08:00:00Z,2023-02-28T16:30:00Z,objetivo,18,1803.9995108181854,6.726361549615859,7.289425151377917,6.416285872459412,1.0,1.0,559.3763699068492,1015.7664621382775,25.2844723523248,0.0,990.4819897859527,1.7706897235414036,559.3763699068492,1015.7664621382775,25.2844723523248,0.0,990.4819897859527,1.7706897235414036,12.642493278398986,0.0
S2-000167,CAT,CAT|swing|2023-02-01T05:00:00Z,USD,2023-02-02T14:30:00Z,2023-02-24T21:00:00Z,stop,15,42.19839225850462,249.4546668319702,233.4803432399205,233.5971418108259,0.9179364787956674,0.946073793755913,669.1620610912994,-674.0907730015978,20.379080990378526,0.0,-694.4698539919763,-1.0378201251568324,614.2482661017987,-341.54975254028847,18.98392460341723,0.0,-360.5336771437057,-0.5869510701784462,9.491879287238762,277.2227580174468
S2-000168,6501.T,6501.T|swing|2023-02-01T15:00:00Z,JPY,2023-02-03T00:00:00Z,2023-03-14T06:00:00Z,stop,26,1269.330496560466,1385.492448852539,1328.0570922589984,1328.7214529854912,0.007086167800453514,0.0070442378134685825,72061.15637415189,-72904.44970500622,3444.391186460532,0.0,-76348.84089146675,-1.0595006343646858,510.6374459619606,-587.2963615054119,24.336850720166485,0.0,-611.6332122255784,-1.1977837055669853,12.168281578062176,-70.68319749601457
S2-000169,0700.HK,0700.HK|swing|2023-02-01T16:00:00Z,HKD,2023-02-03T01:30:00Z,2023-02-27T01:30:00Z,stop,16,147.37900198935006,381.79080610656735,344.82750000000004,345.35713958740234,0.11603216411589293,0.1205414722935426,5369.557410407336,-5447.615164212738,107.08828078117796,0.0,-5554.703444993916,-1.0344806881527568,623.0413666740931,-402.93403444998984,12.654849512814632,0.0,-415.58888396280446,-0.6670325698938623,6.327325604728692,229.1645423241688
S2-000170,SU.PA,SU.PA|swing|2023-02-02T23:00:00Z,EUR,2023-02-06T08:00:00Z,2023-03-13T16:30:00Z,stop,25,81.98505940945915,152.47619389343262,148.0909156916482,148.16499819074357,1.0,1.0,353.4536358107666,-359.5272939003016,24.642012335862272,0.0,-384.16930623616383,-1.0869015545842111,353.4536358107666,-359.5272939003016,24.642012335862272,0.0,-384.16930623616383,-1.0869015545842111,12.320919366337648,0.0
S2-000171,CRM,CRM|swing|2023-02-07T05:00:00Z,USD,2023-02-08T14:30:00Z,2023-03-02T14:30:00Z,objetivo,15,53.233539919703006,170.08499999999998,193.0234351196289,157.64964948381697,0.9345794392523364,0.9359790340696368,661.9777281187274,1221.0941016362842,19.329547376121653,0.0,1201.7645542601626,1.8154153881814934,618.6707739427359,1155.5907264338082,18.07937883342948,0.0,1137.5113476003787,1.8386376009830177,9.03998057439009,14.38128565223373
S2-000172,COIN,COIN|swing|2023-02-07T05:00:00Z,USD,2023-02-08T14:30:00Z,2023-03-10T21:00:00Z,stop,21,37.66038138418805,70.86541683197021,53.261209859030586,53.287853785923545,0.9345794392523364,0.9446438692612885,661.9777281187276,-662.9811485670888,4.674656101115826,0.0,-667.6558046682046,-1.0085774434822958,618.670773942736,-599.4209391734034,4.389025088567639,0.0,-603.8099642619711,-0.975979454167427,2.1943632376394895,20.18761088929645
S2-000173,EXSA.DE,EXSA.DE|swing|2023-02-13T23:00:00Z,EUR,2023-02-15T08:00:00Z,2023-03-13T16:30:00Z,stop,18,269.59658469532854,45.59278469467163,44.58251947539194,44.6048218863351,1.0,1.0,266.3513989335329,-272.3640527542811,24.310954028111556,0.0,-296.67500678239264,-1.1138481268364837,266.3513989335329,-272.3640527542811,24.310954028111556,0.0,-296.67500678239264,-1.1138481268364837,12.155411961893481,0.0
S2-000174,1810.HK,1810.HK|swing|2023-02-16T16:00:00Z,HKD,2023-02-20T01:30:00Z,2023-03-10T08:00:00Z,stop,14,3652.911885001381,12.646320343494414,11.233665656106814,11.23928529875619,0.1199774442404828,0.12070297412128234,5139.775037537709,-5160.303096961078,87.2314846716099,0.0,-5247.534581632688,-1.0209658094581904,616.6570729748059,-589.3474297871719,10.495583135495075,0.0,-599.843012922667,-0.9727335324785515,5.247645542800481,29.772547292465898
S2-000175,RRU.DE,RRU.DE|swing|2023-02-22T23:00:00Z,EUR,2023-02-24T08:00:00Z,2023-03-08T08:00:00Z,objetivo,8,4295.399544415336,1.4727360028624534,1.7791099714040757,1.3308571832520621,1.0,1.0,609.4262171166604,1315.9986048944027,13.967977716373294,0.0,1302.0306271780294,2.1364860759326114,609.4262171166604,1315.9986048944027,13.967977716373294,0.0,1302.0306271780294,2.1364860759326114,6.98431960391742,0.0
S2-000176,PLTR,PLTR|swing|2023-02-23T05:00:00Z,USD,2023-02-24T14:30:00Z,2023-04-24T20:00:00Z,tiempo,40,471.26383181533436,7.943970057249069,8.095950381278993,6.573214547974723,0.9419743782969102,0.9089256498818397,645.9874937826085,71.62282986287802,7.559034367873833,0.0,64.06379549500419,0.09917188198160894,608.5036678434518,-58.624888046302026,6.994324940524679,0.0,-65.61921298682671,-0.10783700486043479,3.497148688326936,-126.09175867825196
S2-000177,9988.HK,9988.HK|swing|2023-02-23T16:00:00Z,HKD,2023-02-27T01:30:00Z,2023-03-14T08:00:00Z,stop,11,704.5264421272614,88.044,80.91131069292341,80.95178658621651,0.1205414722935426,0.11910007979705346,4996.651883220115,-5025.168220313831,119.03348392099136,0.0,-5144.2017042348225,-1.0295297380052055,602.303774541655,-687.9065411935111,14.266306038671868,0.0,-702.1728472321829,-1.1658117994802986,7.13298282594589,-82.16536539416086
S2-000178,ADYEN.AS,ADYEN.AS|swing|2023-02-23T23:00:00Z,EUR,2023-02-27T08:00:00Z,2023-04-26T15:30:00Z,tiempo,40,5.287698179640358,1340.6699999999998,1424.8871755981447,1226.70356968471,1.0,1.0,602.6200861182683,445.3150061047631,14.62343164310164,0.0,430.69157446166145,0.7146983387758092,602.6200861182683,445.3150061047631,14.62343164310164,0.0,430.69157446166145,0.7146983387758092,7.311828978257763,0.0
S2-000179,APP,APP|swing|2023-02-27T05:00:00Z,USD,2023-02-28T14:30:00Z,2023-04-26T20:00:00Z,tiempo,40,207.96222917216124,13.346670152664183,15.93202958059311,10.253928797585623,0.9475080538184576,0.9058791557206268,643.1733864550681,537.6571098433631,6.0888636637905496,0.0,531.5682461795725,0.8264773657837096,609.4119636678683,371.5070627549593,5.6313199810297245,0.0,365.8757427739296,0.6003750575749004,2.8157535712185697,-137.92737901438244
S2-000180,6857.T,6857.T|swing|2023-02-27T15:00:00Z,JPY,2023-03-01T00:00:00Z,2023-03-17T06:00:00Z,objetivo,12,531.6252090199918,2701.35,2952.1392633928576,2535.089285714286,0.0068856296908352274,0.007133685261806248,88388.3869839559,133325.89457119774,3005.5374113435073,0.0,130320.35715985423,1.474405876232471,608.6097017417608,1307.3390029909363,21.084323901237234,0.0,1286.254679089699,2.1134311125974623,10.542491420990535,389.30626477432924
S2-000181,6758.T,6758.T|swing|2023-02-27T15:00:00Z,JPY,2023-03-01T00:00:00Z,2023-04-18T06:00:00Z,objetivo,33,774.6095122886246,2282.1405,2438.2624017857142,2183.6785714285716,0.0068856296908352274,0.0068041096822480775,76269.54646971155,120933.51019980469,3656.4689895580404,6196.876098308997,123473.91730855565,1.6189150588117116,525.163853678383,678.7364263400107,25.023124496010436,43.15974438159212,696.8730462255924,1.3269630827493437,12.511735060044614,-153.9669421086906
S2-000182,NOW,NOW|swing|2023-03-01T05:00:00Z,USD,2023-03-02T14:30:00Z,2023-04-04T13:30:00Z,objetivo,23,107.50284834873861,85.78486776351929,95.04045343780518,79.62728364127022,0.9359790340696368,0.9199632014719411,661.9578320887417,995.0018231215143,19.43923708271793,0.0,975.5625860387964,1.473753370302314,619.5786522732514,767.6651705141793,18.031082672944372,0.0,749.6340878412349,1.2099094846002303,9.015735506697926,-163.63567478862234
S2-000183,TSM,TSM|swing|2023-03-02T05:00:00Z,USD,2023-03-03T14:30:00Z,2023-04-26T20:00:00Z,stop,37,97.41253871416059,88.71433316802978,81.89260652746474,81.93357331412179,0.9429514380009429,0.9058791557206268,660.5310317802384,-664.5217104714633,16.61925511799182,43.7382298826581,-637.402735706797,-0.9649852997653919,622.8486862614224,-922.3508927673045,15.375411321719525,41.28195364101755,-896.4443504480064,-1.4392650578245747,7.687476995004704,-295.7391902953923
S2-000184,INTC,INTC|swing|2023-03-03T05:00:00Z,USD,2023-03-06T14:30:00Z,2023-03-16T20:00:00Z,objetivo,8,341.387687269795,26.483234313011167,29.644991667645318,24.51267807824271,0.9420631182289212,0.9438414346389805,672.7236356226782,1079.3850310068178,19.16148525809274,0.0,1060.223545748725,1.576016494154206,633.7481258809968,1034.8461639743975,18.069325888030846,0.0,1016.7768380863668,1.6043863430332161,9.034923914286475,17.997335894493954
S2-000185,DBK.DE,DBK.DE|swing|2023-03-06T23:00:00Z,EUR,2023-03-08T08:00:00Z,2023-03-10T16:30:00Z,stop,2,986.7137257730656,11.515755228996277,10.869848425201008,10.875286068235125,1.0,1.0,631.9597118573843,-637.325108875002,22.08818238531216,0.0,-659.4132912603142,-1.0434419772144041,631.9597118573843,-637.325108875002,22.08818238531216,0.0,-659.4132912603142,-1.0434419772144041,11.043934622361876,0.0
S2-000186,8035.T,8035.T|swing|2023-03-09T15:00:00Z,JPY,2023-03-13T00:00:00Z,2023-04-06T06:00:00Z,stop,17,110.18490898013411,15901.279674316405,15088.166254272463,15095.714111328125,0.006910850034554251,0.006957005704744677,88761.16823539416,-89592.8281780674,3414.5692789863524,31365.236190284977,-61642.16126676877,-0.6944721716966825,613.4151225666494,-542.4293414829891,23.674309477897935,218.4512898055786,-347.6523611553085,-0.5667489247748941,11.837022090867215,76.73325822722114
S2-000187,RRU.DE,RRU.DE|swing|2023-03-09T23:00:00Z,EUR,2023-03-13T08:00:00Z,2023-05-11T15:30:00Z,tiempo,40,2653.901048816702,1.712856012403965,1.6986502147316933,1.4825714784009116,1.0,1.0,611.1523663169685,-37.70078134171944,9.053799954240032,0.0,-46.754581295959476,-0.07650233210699972,611.1523663169685,-37.70078134171944,9.053799954240032,0.0,-46.754581295959476,-0.07650233210699972,4.526891683647239,0.0
S2-000188,0700.HK,0700.HK|swing|2023-03-12T16:00:00Z,HKD,2023-03-14T01:30:00Z,2023-03-29T01:30:00Z,objetivo,11,174.06130808096046,341.5706938934326,396.80150000000003,312.0857053484236,0.11910007979705346,0.11750881316098707,5132.195674896402,9613.54635727503,128.52202991969943,0.0,9485.024327355331,1.848141600241459,611.2449144142541,1035.068871392452,15.19707875222382,0.0,1019.8717926402281,1.6685157922623444,7.59880004302825,-109.90526689167655
S2-000189,1810.HK,1810.HK|swing|2023-03-12T16:00:00Z,HKD,2023-03-14T01:30:00Z,2023-05-15T08:00:00Z,tiempo,40,4585.093947171118,11.505749999999999,11.114439885616303,10.386428185871669,0.11910007979705346,0.11706175007316359,5132.195674896403,-1794.193636927523,103.71569572840065,0.0,-1897.9093326559237,-0.3698045540117163,611.2449144142543,-317.56341893770986,12.248672823851159,0.0,-329.812091761561,-0.5395743735186973,6.124258552134727,-103.87481360827663
S2-000190,BBVA.MC,BBVA.MC|swing|2023-03-12T23:00:00Z,EUR,2023-03-14T08:00:00Z,2023-03-15T16:30:00Z,stop,1,1256.6277396447792,6.433214828252792,5.949238031779017,5.952214138848441,1.0,1.0,604.4388090937705,-608.1786677933613,15.560133748759807,0.0,-623.7388015421211,-1.0319304322587872,604.4388090937705,-608.1786677933613,15.560133748759807,0.0,-623.7388015421211,-1.0319304322587872,7.779916774691393,0.0
S2-000191,EXH1.DE,EXH1.DE|swing|2023-03-12T23:00:00Z,EUR,2023-03-14T08:00:00Z,2023-03-15T16:30:00Z,stop,1,347.25493462597933,34.81239566802979,33.945517824036735,33.96249907357352,1.0,1.0,295.13078634675395,-301.0276090445172,23.876524754706303,0.0,-324.9041337992235,-1.1008818762048374,295.13078634675395,-301.0276090445172,23.876524754706303,0.0,-324.9041337992235,-1.1008818762048374,11.93819010499781,0.0
S2-000192,DBK.DE,DBK.DE|swing|2023-03-13T23:00:00Z,EUR,2023-03-15T08:00:00Z,2023-03-15T16:30:00Z,stop,0,797.0693936793828,10.499247435092926,9.728954328170845,9.73382123879024,1.0,1.0,610.097794193298,-613.9770596897907,16.123280514668874,0.0,-630.1003402044596,-1.0327858028688826,610.097794193298,-613.9770596897907,16.123280514668874,0.0,-630.1003402044596,-1.0327858028688826,8.061488778441195,0.0
S2-000193,6501.T,6501.T|swing|2023-03-14T15:00:00Z,JPY,2023-03-16T00:00:00Z,2023-03-30T06:00:00Z,objetivo,9,1293.2086292116862,1311.455448852539,1459.862564200265,1283.2713448660713,0.007167944950182783,0.006964758322886195,36447.92648189934,191921.36220409357,3583.8923687696706,19398.129438175292,207735.5992734992,5.69951762212493,261.2567305705637,992.0843303946787,25.30554577807282,135.10328345295508,1101.882068069561,4.2176217457178575,12.653024073373732,-383.597428648353
S2-000194,9988.HK,9988.HK|swing|2023-03-14T16:00:00Z,HKD,2023-03-16T01:30:00Z,2023-03-20T08:00:00Z,stop,2,1254.2706981169285,80.2400969467163,78.54017463527408,78.5794643674578,0.12077878158365138,0.11992276973628983,2082.8827845022793,-2132.1627443171787,199.15344208433862,0.0,-2331.3161864015174,-1.1192738274797365,251.56804489374838,-341.84629304537714,23.969183808488005,0.0,-365.81547685386516,-1.454141272228633,11.984509438796184,-84.32627464869344
S2-000195,COIN,COIN|swing|2023-03-15T04:00:00Z,USD,2023-03-16T13:30:00Z,2023-05-01T20:00:00Z,stop,31,42.76961992314231,64.43220152664185,49.405998569079806,49.43071392604283,0.9479571523367144,0.9106638739641197,641.6079229593522,-642.6649893829253,4.868816550828638,0.0,-647.533805933754,-1.0092359878398467,608.2168195652216,-688.0223965548281,4.536625949460494,0.0,-692.5590225042886,-1.1386712767978995,2.2681415361665658,-78.80352331288528
S2-000196,IS3N.DE,IS3N.DE|swing|2023-03-15T23:00:00Z,EUR,2023-03-17T08:00:00Z,2023-04-25T15:30:00Z,stop,25,461.0607402057656,26.976480843544003,26.338359144108637,26.351534911564418,1.0,1.0,288.13803398708967,-294.21286308303115,24.581379588659075,0.0,-318.7942426716902,-1.1063941759454572,288.13803398708967,-294.21286308303115,24.581379588659075,0.0,-318.7942426716902,-1.1063941759454572,12.290619313766584,0.0
S2-000197,ENR.DE,ENR.DE|swing|2023-03-15T23:00:00Z,EUR,2023-03-17T08:00:00Z,2023-04-17T15:30:00Z,objetivo,19,347.33763948965424,19.119555610656736,21.882892643860412,17.329108101981028,1.0,1.0,621.8898112935527,959.8109622273092,14.241693590020681,0.0,945.5692686372886,1.5204771833622281,621.8898112935527,959.8109622273092,14.241693590020681,0.0,945.5692686372886,1.5204771833622281,7.12108852802157,0.0
S2-000198,TSLA,TSLA|swing|2023-03-17T04:00:00Z,USD,2023-03-20T13:30:00Z,2023-04-26T20:00:00Z,stop,26,29.899932283140608,178.16904183197022,156.30538528578623,156.38357707432337,0.9413536665725313,0.9058791557206268,651.383921010387,-653.7218501927451,10.000762721263165,0.0,-663.7226129140083,-1.0189422727605593,613.1826423895199,-781.1743120045113,9.248463804775977,0.0,-790.4227758092873,-1.289049495479973,4.624037764818954,-165.79085140699104
S2-000199,NVDA,NVDA|swing|2023-03-17T04:00:00Z,USD,2023-03-20T13:30:00Z,2023-05-16T20:00:00Z,objetivo,40,284.94210806091365,25.62780727100372,29.28517310016496,23.341785294669016,0.9413536665725313,0.9190331770976932,651.383921010387,1042.137529311155,15.647020386868377,0.0,1026.4905089242866,1.5758609873760119,613.1826423895199,794.7648974838955,14.543124925307696,0.0,780.2217725585879,1.272413337595681,7.271762971818335,-186.2550868059982
S2-000200,EXH1.DE,EXH1.DE|swing|2023-03-27T22:00:00Z,EUR,2023-03-29T07:00:00Z,2023-05-29T15:30:00Z,tiempo,40,280.78009804133825,33.92195127868652,34.137921279907225,31.699195929936,1.0,1.0,624.1054647440803,60.64007811673721,19.10985768968294,126.89800374958675,168.428224176641,0.26987141387346514,624.1054647440803,60.64007811673721,19.10985768968294,126.89800374958675,168.428224176641,0.26987141387346514,9.554946393597358,0.0
S2-000201,DBK.DE,DBK.DE|swing|2023-03-28T22:00:00Z,EUR,2023-03-30T07:00:00Z,2023-05-30T15:30:00Z,tiempo,40,430.68027761966124,9.224610267162323,9.641176908493042,7.755839441503797,1.0,1.0,632.5706269542729,179.40703673540418,8.125122458324697,129.20408328589838,300.48599756297784,0.4750236333447384,632.5706269542729,179.40703673540418,8.125122458324697,129.20408328589838,300.48599756297784,0.4750236333447384,4.062607096573031,0.0
S2-000202,R6C0.DE,R6C0.DE|swing|2023-03-28T22:00:00Z,EUR,2023-03-30T07:00:00Z,2023-05-30T15:30:00Z,tiempo,40,348.7648167930429,26.25311977100372,26.67665553379059,24.439374242510116,1.0,1.0,632.5706269542729,147.71437271366418,18.460043387073515,86.53290363126752,215.78723295785818,0.3411274943271385,632.5706269542729,147.71437271366418,18.460043387073515,86.53290363126752,215.78723295785818,0.3411274943271385,9.2300609296437,0.0
S2-000203,CAT,CAT|swing|2023-04-03T04:00:00Z,USD,2023-04-04T13:30:00Z,2023-04-05T20:00:00Z,stop,1,49.63860372002547,229.0144438934326,214.7679143660409,214.87535204206193,0.9199632014719411,0.9140767824497257,701.8447773712297,-707.1778335958377,22.02873661958038,0.0,-729.2065702154181,-1.038985533164003,645.6713683267983,-713.3313984153704,20.2028732503208,0.0,-733.5342716656911,-1.136079912551461,10.101260817624734,-62.75381461055194
S2-000204,6857.T,6857.T|swing|2023-04-04T15:00:00Z,JPY,2023-04-06T00:00:00Z,2023-04-27T06:00:00Z,stop,15,514.0822350060583,2783.8912499999997,2605.8392857142862,2607.1428571428573,0.006957005704744677,0.006771856165775039,90863.20883372857,-91533.35174721845,2770.7647198804,0.0,-94304.11646709885,-1.037869096607262,632.1358622076566,-884.8272765812245,19.028196736411807,0.0,-903.8554733176363,-1.4298436892364126,9.51387953985434,-248.0292263014254
S2-000205,MC.PA,MC.PA|swing|2023-04-04T22:00:00Z,EUR,2023-04-06T07:00:00Z,2023-04-21T15:30:00Z,objetivo,9,14.910653610849048,842.0207755737305,900.3459863466536,807.1357029506138,1.0,1.0,520.1592340726061,869.6670146148181,25.979827250051535,0.0,843.6871873647665,1.6219786790269708,520.1592340726061,869.6670146148181,25.979827250051535,0.0,843.6871873647665,1.6219786790269708,12.99013428931223,0.0
S2-000206,9988.HK,9988.HK|swing|2023-04-16T16:00:00Z,HKD,2023-04-18T01:30:00Z,2023-04-25T08:00:00Z,stop,5,593.9959711460851,94.14704847335815,84.75938661888668,84.801787512643,0.1160092807424594,0.11581312394320524,5551.047359973593,-5576.2333200378425,106.26970165690201,0.0,-5682.503021694744,-1.0236812358455136,643.9730115978647,-656.7706709371062,12.31839579970557,0.0,-669.0890667368117,-1.0390017200823798,6.1590352469439615,-9.87585422737998
S2-000207,IQQT.DE,IQQT.DE|swing|2023-04-16T22:00:00Z,EUR,2023-04-18T07:00:00Z,2023-04-19T15:30:00Z,stop,1,209.42994185770007,61.37067015266418,60.547567271981926,60.57785620008196,1.0,1.0,166.03897999326807,-172.3823884441904,25.53332937523691,0.0,-197.91571781942733,-1.1919834597120007,166.03897999326807,-172.3823884441904,25.53332937523691,0.0,-197.91571781942733,-1.1919834597120007,12.766624783675734,0.0
S2-000208,8035.T,8035.T|swing|2023-04-18T15:00:00Z,JPY,2023-04-20T00:00:00Z,2023-05-16T06:00:00Z,objetivo,15,126.38452951478055,14937.464999999998,16772.94861607143,14709.910714285714,0.006791632708503124,0.006749915626054674,28759.341339071805,231976.73324927595,4007.705705586279,0.0,227969.02754368968,7.926781940376917,195.3228833134461,1487.0671782194106,27.130431565186285,0.0,1459.9367466542244,7.474478780406789,13.56559094078359,-88.43359092807447
S2-000209,6758.T,6758.T|swing|2023-04-20T15:00:00Z,JPY,2023-04-24T00:00:00Z,2023-05-15T06:00:00Z,objetivo,12,764.1885728858091,2447.223,2584.20725,2373.0,0.006806425265450586,0.006801795674057951,56720.36844530338,104681.79851533288,3844.96150232199,0.0,100836.83701301088,1.7777888221979714,386.0629488517791,703.3662209328029,26.161300496774466,0.0,677.2049204360284,1.7541308287940038,13.080829360149938,-9.142617314766362
S2-000210,MU,MU|swing|2023-04-24T04:00:00Z,USD,2023-04-25T13:30:00Z,2023-05-18T20:00:00Z,objetivo,17,145.02308871533666,59.15956606864929,67.15586942829404,54.390354428972515,0.9089256498818397,0.9248127254231019,691.6458027230613,1159.648611520505,18.318654608189597,0.0,1141.3299569123155,1.6501653771609892,628.6546107281051,1208.76100519442,16.80502168204326,0.0,1191.9559835123769,1.896042696850435,8.402815131976812,154.72663733357285
S2-000211,7203.T,7203.T|swing|2023-04-24T15:00:00Z,JPY,2023-04-26T00:00:00Z,2023-05-09T06:00:00Z,objetivo,6,1023.2414385279807,1794.3967499999999,1881.2910267857144,1758.517857142857,0.006760868095463458,0.00670465973851827,36712.76993993406,88913.82477806303,3761.1160482979294,0.0,85152.7087297651,2.319430238281771,248.21019498299012,492.93271450988857,25.32020756759532,0.0,467.61250694229324,1.8839375512933254,12.660230182032512,-108.20192667774634
S2-000212,7011.T,7011.T|swing|2023-04-25T15:00:00Z,JPY,2023-04-27T00:00:00Z,2023-05-10T06:00:00Z,objetivo,6,3654.986905601945,502.75124999999997,530.6059675837926,486.58571079799106,0.006771856165775039,0.0067581266472933705,59084.834105337504,101808.62802800217,3776.907099078022,0.0,98031.72092892416,1.6591689291054188,400.1139981400251,662.8069358103039,25.550045176820802,0.0,637.2568906334831,1.5926883178190299,12.775191483940386,-26.62644963022062
S2-000213,6501.T,6501.T|swing|2023-04-25T15:00:00Z,JPY,2023-04-27T00:00:00Z,2023-04-28T06:00:00Z,stop,1,1224.4206133766515,1500.75,1460.2908516235352,1461.0213623046875,0.006771856165775039,0.0067953248165262305,48644.56293551329,-49539.01527180796,3625.5594557782115,0.0,-53164.57472758617,-1.0929191572358237,329.4139834462876,-293.508898616133,24.59372934239436,0.0,-318.10262795852736,-0.9656621878360406,12.296794368170604,41.9621873986829
S2-000214,PLTR,PLTR|swing|2023-04-26T04:00:00Z,USD,2023-04-27T13:30:00Z,2023-05-09T13:30:00Z,objetivo,8,938.2615764569804,7.8339149236679075,9.215390266895295,7.102946502821786,0.9058791557206268,0.906043308870164,685.8395828833513,1296.1852333729762,15.996707965594007,0.0,1280.1885254073823,1.8666005249001774,621.2877823021572,1175.6065263070652,14.492503647623337,0.0,1161.1140226594418,1.868882755680435,7.246547537079712,1.4193414416105679
S2-000215,EUNN.DE,EUNN.DE|swing|2023-04-26T22:00:00Z,EUR,2023-04-28T07:00:00Z,2023-05-12T15:30:00Z,objetivo,9,298.63927315290283,41.79788892745972,43.066310049670086,41.116428647722515,1.0,1.0,203.5108026232918,378.8003619886942,25.343782699233365,0.0,353.4565792894608,1.736795171230914,203.5108026232918,378.8003619886942,25.343782699233365,0.0,353.4565792894608,1.736795171230914,12.671989217704361,0.0
S2-000216,COIN,COIN|swing|2023-05-05T04:00:00Z,USD,2023-05-08T13:30:00Z,2023-06-06T13:30:00Z,stop,20,81.38214324873375,55.92795152664184,47.07644847488404,47.49714388166155,0.9079353550027238,0.9354536950420954,686.1171954663057,-720.3542893247575,8.38271883617405,0.0,-728.7370081609315,-1.0621173947778122,622.9500594391735,-548.6073508528966,7.7163945789626185,0.0,-556.3237454318593,-0.8930471022552012,3.858061102158128,105.42777655291214
S2-000217,AIR.PA,AIR.PA|swing|2023-05-07T22:00:00Z,EUR,2023-05-09T07:00:00Z,2023-06-16T15:30:00Z,objetivo,28,97.14576903445497,121.04049335861205,131.2068651498386,114.58500262669155,1.0,1.0,627.1236116472141,987.6200059488916,24.504763629213308,0.0,963.1152423196783,1.5357661941478211,627.1236116472141,987.6200059488916,24.504763629213308,0.0,963.1152423196783,1.5357661941478211,12.252631782765016,0.0
S2-000218,TSLA,TSLA|swing|2023-05-08T04:00:00Z,USD,2023-05-09T13:30:00Z,2023-05-30T13:30:00Z,objetivo,14,45.66259512982744,169.0344719467163,199.9999561004639,153.7399956839425,0.906043308870164,0.9332711152589829,698.3854773097962,1413.964365911663,16.851069676885825,0.0,1397.1132962347772,2.0004901900545002,632.7674887286366,1529.7713580163434,15.516457333348555,0.0,1514.2549006829947,2.393066849444892,7.758613049166055,248.65840530123745
S2-000219,RACE.MI,RACE.MI|swing|2023-05-08T22:00:00Z,EUR,2023-05-10T07:00:00Z,2023-06-28T15:30:00Z,objetivo,35,47.09921449357485,269.33461221313473,289.496252145631,256.73927470615934,1.0,1.0,593.2305028600025,949.5974037228651,26.32049474606334,0.0,923.2769089768018,1.5563544095012383,593.2305028600025,949.5974037228651,26.32049474606334,0.0,923.2769089768018,1.5563544095012383,13.16048806250111,0.0
S2-000220,PLTR,PLTR|swing|2023-05-11T04:00:00Z,USD,2023-05-12T13:30:00Z,2023-05-18T20:00:00Z,objetivo,4,604.2142344224867,9.864929656505584,11.635072748758963,8.706071393830436,0.9149130832570906,0.9248127254231019,700.1986579864374,1069.5456533041288,12.99060749337854,0.0,1056.5550458107502,1.5089361194280029,640.6209130708486,1048.1365538244374,11.954871997625364,0.0,1036.181681826812,1.617464651379898,5.97769952737548,69.59524247573773
S2-000221,7203.T,7203.T|swing|2023-05-11T15:00:00Z,JPY,2023-05-15T00:00:00Z,2023-05-23T06:00:00Z,stop,6,969.7587104321738,1940.46975,1859.9981071428572,1860.9285714285713,0.006801795674057951,0.0066827051590483836,77135.7507576839,-78038.07660350125,3685.536808181784,0.0,-81723.61341168304,-1.0594777727439455,524.6616158188267,-745.608492773509,24.8534588775522,0.0,-770.4619516510612,-1.4684930790079238,12.426546143288416,-214.80944092000982
S2-000222,SIE.DE,SIE.DE|swing|2023-05-11T22:00:00Z,EUR,2023-05-15T07:00:00Z,2023-05-19T15:30:00Z,objetivo,4,85.27716765725285,149.9549448852539,160.85703097765787,142.8750103541783,1.0,1.0,603.7567640089072,929.6990235157384,26.50516497554355,0.0,903.1938585401949,1.4959565049723735,603.7567640089072,929.6990235157384,26.50516497554355,0.0,903.1938585401949,1.4959565049723735,13.252818225729484,0.0
S2-000223,UBER,UBER|swing|2023-05-12T04:00:00Z,USD,2023-05-15T13:30:00Z,2023-06-15T20:00:00Z,objetivo,22,203.46617909437236,38.359170152664184,43.699837809477536,34.9355354990278,0.9181050312155711,0.9242998428690267,696.59386159048,1086.6452419447075,16.696232810331654,0.0,1069.949009134376,1.5359724914765147,639.5463290401028,1052.7352538710077,15.383976135607096,0.0,1037.3512777354006,1.6220111517055606,7.692253174679566,55.08079009511063
S2-000224,EXSA.DE,EXSA.DE|swing|2023-05-14T22:00:00Z,EUR,2023-05-16T07:00:00Z,2023-05-31T07:00:00Z,stop,11,276.95673876371444,46.61329515266418,45.38229627990723,45.64428779057094,1.0,1.0,268.3731188433726,-340.93343322057325,25.478798983804086,0.0,-366.41223220437735,-1.3653089913905354,268.3731188433726,-340.93343322057325,25.478798983804086,0.0,-366.41223220437735,-1.3653089913905354,12.739317443370595,0.0
S2-000225,0700.HK,0700.HK|swing|2023-05-15T16:00:00Z,HKD,2023-05-17T01:30:00Z,2023-05-25T08:00:00Z,stop,6,213.79151835282332,346.173,320.3469022492,320.50715582711354,0.11724291559682508,0.11839643863512586,5487.13979552836,-5521.400651271964,142.49630191423185,513.0996440467759,-5150.79730913942,-0.9387034960066014,643.3282679151115,-568.3432583954348,16.785683750327888,60.6214135215945,-524.5075286241681,-0.8153030960756383,8.392701887523991,79.0018521378996
S2-000226,7011.T,7011.T|swing|2023-05-17T15:00:00Z,JPY,2023-05-19T00:00:00Z,2023-05-26T06:00:00Z,objetivo,5,3521.938221960297,545.4726122131348,596.9745916224888,517.3178274972098,0.006707807888382076,0.006683151774376796,99159.41242207971,181386.78978841615,4023.628473760349,0.0,177363.1613146558,1.788666925129566,665.1422888521579,1164.8680715250407,26.937887148342405,0.0,1137.9301843766982,1.7108071512644831,13.469238158499092,-51.839667865999765
S2-000227,8035.T,8035.T|swing|2023-05-18T15:00:00Z,JPY,2023-05-22T00:00:00Z,2023-05-29T00:00:00Z,objetivo,5,90.40806432716883,18409.2,20579.705,17305.0,0.006686726847208291,0.00665601703940362,99828.5846300599,196231.15566244168,3524.9114312858746,0.0,192706.2442311558,1.9303713955805104,667.5264769646265,1255.0063499972791,23.51298211478118,0.0,1231.493367882498,1.8448607064731566,11.756807748179416,-57.137786829478905
S2-000228,PLTR,PLTR|swing|2023-05-19T04:00:00Z,USD,2023-05-22T13:30:00Z,2023-05-30T13:30:00Z,objetivo,5,445.83758249452825,11.62580988550186,14.43277958059311,9.999464409691948,0.9252405625462621,0.9332711152589829,725.0859352360048,1251.4525829948855,11.617898530781162,0.0,1239.8346844641044,1.7099141277103331,670.8789186121437,1209.5686931390057,10.801024973474199,0.0,1198.7676681655316,1.7868614364056015,5.400816229113824,51.674001248845315
S2-000229,SXR8.DE,SXR8.DE|swing|2023-05-21T22:00:00Z,EUR,2023-05-23T07:00:00Z,2023-06-05T15:30:00Z,objetivo,9,33.20397683776048,403.8318198852539,417.6449957463401,395.38071005684986,1.0,1.0,280.61045499569684,458.6523713474191,27.276297158988683,0.0,431.3760741884304,1.5372772699971051,280.61045499569684,458.6523713474191,27.276297158988683,0.0,431.3760741884304,1.5372772699971051,13.638266652152188,0.0
S2-000230,EUNH.DE,EUNH.DE|swing|2023-05-24T22:00:00Z,EUR,2023-05-26T07:00:00Z,2023-06-02T15:30:00Z,objetivo,5,124.49523869826378,106.81338213729858,108.94710259730476,105.39892496381488,1.0,1.0,176.09318344132438,265.6380379838396,26.86115304868754,0.0,238.77688493515205,1.3559689266150066,176.09318344132438,265.6380379838396,26.86115304868754,0.0,238.77688493515205,1.3559689266150066,13.430646291512197,0.0
S2-000231,RRU.DE,RRU.DE|swing|2023-05-24T22:00:00Z,EUR,2023-05-26T07:00:00Z,2023-07-21T15:30:00Z,tiempo,40,3164.1887568185516,1.7053522099256515,1.7986002385616304,1.4952231922319956,1.0,1.0,664.8878752675924,295.0543638054588,11.087166941930292,0.0,283.96719686352856,0.42709035226314274,664.8878752675924,295.0543638054588,11.087166941930292,0.0,283.96719686352856,0.42709035226314274,5.5436586204700555,0.0
S2-000232,1810.HK,1810.HK|swing|2023-05-24T16:00:00Z,HKD,2023-05-29T01:30:00Z,2023-05-31T08:00:00Z,stop,2,10815.053028962171,10.545269961833954,10.226312517396043,10.231428231511797,0.11872254541137361,0.1188241165426935,3394.214956135368,-3449.5416755782685,224.64576600833394,0.0,-3674.1874415866023,-1.0824851958610215,402.9698392657447,-398.304792852685,26.681750731771817,0.0,-424.98654358445685,-1.0546361096374581,13.3407791248815,11.23357537458201
S2-000233,7011.T,7011.T|swing|2023-05-28T15:00:00Z,JPY,2023-05-30T00:00:00Z,2023-06-14T06:00:00Z,objetivo,11,2603.234817810346,608.8042499999999,678.5249171905518,569.7571411132812,0.006653802648213455,0.006639224538573895,101648.7933887378,181499.2683514122,3351.2201100132406,0.0,178148.04824139897,1.7525839933987541,676.3510106376859,1181.9101271936322,22.272607057540487,0.0,1159.6375201360918,1.7145498445293184,11.136601790449657,-25.750185211798932
S2-000234,XOM,XOM|swing|2023-05-26T04:00:00Z,USD,2023-05-30T13:30:00Z,2023-07-27T20:00:00Z,tiempo,40,140.92767086846519,103.3416459159851,105.36728816986084,99.06821087428501,0.9332711152589829,0.898876404494382,602.245247034475,285.46904485145694,29.41286397015829,0.0,256.05618088129864,0.42516928467621584,562.0580933592862,-244.31277326059367,26.939443573269358,0.0,-271.25221683386303,-0.48260530368427523,13.469664075855764,-510.73278712102876
S2-000235,6501.T,6501.T|swing|2023-05-29T15:00:00Z,JPY,2023-05-31T00:00:00Z,2023-06-07T00:00:00Z,objetivo,5,1249.840544086563,1627.613448852539,1734.7321755981445,1565.2643345424108,0.006666222251849877,0.006707357971694949,77926.450952686,133881.32771758747,4202.395884670517,0.0,129678.93183291695,1.6641195672012972,519.4750413484835,981.6706282278685,28.103292899762636,0.0,953.5673353281059,1.8356364780351724,14.051895380511963,89.18794228968315
S2-000236,DTE.DE,DTE.DE|swing|2023-05-29T22:00:00Z,EUR,2023-05-31T07:00:00Z,2023-06-02T15:30:00Z,stop,2,652.9982087155893,20.670329847335815,20.580507608618056,20.590803010123118,1.0,1.0,51.93088224470736,-58.653760985520215,26.936722966755816,0.0,-85.59048395227603,-1.6481615611488896,51.93088224470736,-58.653760985520215,26.936722966755816,0.0,-85.59048395227603,-1.6481615611488896,13.468350187024523,0.0
S2-000237,V,V|swing|2023-05-30T04:00:00Z,USD,2023-05-31T13:30:00Z,2023-06-30T13:30:00Z,objetivo,21,65.71212381827627,220.0699867172241,236.1518692703247,211.9417882646833,0.9307520476545048,0.9142439202779301,534.1211831328826,1056.7746575603235,29.979307089257613,0.0,1026.7953504710658,1.922401475351357,497.1343848965772,727.4213810605329,27.64712766521661,0.0,699.7742533953162,1.4076158774269774,13.823749143890094,-256.17379537312775
S2-000238,6857.T,6857.T|swing|2023-06-01T15:00:00Z,JPY,2023-06-05T00:00:00Z,2023-07-14T06:00:00Z,objetivo,29,181.95078168936482,4400.949375,5325.817901785715,3835.1785714285716,0.0066907533788304555,0.006458279514337381,102942.43996684151,168280.55140855198,1769.7929093216953,0.0,166510.7584992303,1.6175132292654475,688.7624780331962,900.6479543845079,11.6159721743306,0.0,889.0319822101773,1.2907671520505342,5.808212701207138,-225.27571354371395
S2-000239,8035.T,8035.T|swing|2023-06-01T15:00:00Z,JPY,2023-06-05T00:00:00Z,2023-08-01T06:00:00Z,tiempo,40,61.48605815625893,19204.5975,21834.0775,17530.35714285714,0.0066907533788304555,0.006380399413003254,102942.43996684151,161676.3602007197,2523.306357705809,0.0,159153.05384301388,1.5460392613025125,688.7624780331962,665.0891359500803,16.46617302130462,0.0,648.6229629287757,0.9417222680029821,8.233254841250176,-416.64751733989465
S2-000240,1810.HK,1810.HK|swing|2023-06-01T16:00:00Z,HKD,2023-06-05T01:30:00Z,2023-06-23T08:00:00Z,stop,13,9122.430793327114,10.685340305328369,10.043547488050802,10.04857177393777,0.1185592677779622,0.11629664949352811,5808.876858979284,-5854.71055926904,189.0978443177447,0.0,-6043.808403586784,-1.0404435401732344,688.696187012933,-901.4348294283066,22.211997328233437,0.0,-923.64682675654,-1.3411528104470176,11.105776081852166,-207.3046324694648
S2-000241,7203.T,7203.T|swing|2023-06-04T15:00:00Z,JPY,2023-06-06T00:00:00Z,2023-06-14T00:00:00Z,objetivo,6,893.9111354686376,2026.0124999999998,2258.8700000000003,1909.8392857142858,0.006668444918644972,0.006639224538573895,103848.52989318398,208153.91222738873,3830.3041809246947,0.0,204323.60804646404,1.9675156524278796,692.5082014749531,1329.0602580972916,25.48316981196036,0.0,1303.5770882853312,1.8823994943437208,12.741920356521657,-59.002640191510345
S2-000242,MU,MU|swing|2023-06-05T04:00:00Z,USD,2023-06-06T13:30:00Z,2023-07-06T13:30:00Z,stop,20,122.25933151745502,67.06351377868651,60.959506677627566,61.02535438537598,0.9354536950420954,0.9192021325489474,738.221331021988,-746.2718277532654,15.652008899834431,0.0,-761.9238366530998,-1.0321075870271836,690.5718718634125,-819.2234975442899,14.5206088014152,0.0,-833.7441063457051,-1.2073241617790804,7.260101409857109,-121.12075876667969
S2-000243,EUNN.DE,EUNN.DE|swing|2023-06-05T22:00:00Z,EUR,2023-06-07T07:00:00Z,2023-06-08T15:30:00Z,stop,1,307.27095871101073,44.96847214508056,44.22095042882647,44.24307196480887,1.0,1.0,222.89440884122263,-229.69171441069483,27.405319381165874,0.0,-257.0970337918607,-1.153447657697875,222.89440884122263,-229.69171441069483,27.405319381165874,0.0,-257.0970337918607,-1.153447657697875,13.702605693302795,0.0
S2-000244,MUV2.DE,MUV2.DE|swing|2023-06-07T22:00:00Z,EUR,2023-06-09T07:00:00Z,2023-08-04T15:30:00Z,tiempo,40,41.792697763346844,328.76430610656735,341.829,313.27500697544644,1.0,1.0,647.3395971530067,546.0088032588743,28.025903364235305,0.0,517.982899894639,0.8001718142574976,647.3395971530067,546.0088032588743,28.025903364235305,0.0,517.982899894639,0.8001718142574976,14.013091687589544,0.0
S2-000245,EXV1.DE,EXV1.DE|swing|2023-06-12T22:00:00Z,EUR,2023-06-14T07:00:00Z,2023-06-26T15:30:00Z,stop,8,904.879267775953,15.477735267162322,14.845359466859273,14.852785859789167,1.0,1.0,565.5037621408361,-572.2237511374548,27.438739759622322,0.0,-599.6624908970771,-1.0604040698631707,565.5037621408361,-572.2237511374548,27.438739759622322,0.0,-599.6624908970771,-1.0604040698631707,13.71923025367886,0.0
S2-000246,VVSM.DE,VVSM.DE|swing|2023-06-12T22:00:00Z,EUR,2023-06-14T07:00:00Z,2023-08-09T15:30:00Z,tiempo,40,418.1979856316094,26.87843227100372,25.672156966209414,25.203928538731166,1.0,1.0,700.2740877689944,-504.4619025821348,21.976550562756668,0.0,-526.4384531448915,-0.7517605782359783,700.2740877689944,-504.4619025821348,21.976550562756668,0.0,-526.4384531448915,-0.7517605782359783,10.98815191293873,0.0
S2-000247,COIN,COIN|swing|2023-06-15T04:00:00Z,USD,2023-06-16T13:30:00Z,2023-06-28T20:00:00Z,objetivo,7,75.24965078467488,55.437704847335816,71.53653682020733,45.27517877306257,0.9242998428690267,0.9142439202779301,764.7265381792147,1211.43148399974,9.554767344131537,0.0,1201.8767166556086,1.5716424847988564,706.8366190768229,1065.5938992995304,8.777337923822865,0.0,1056.8165613757076,1.4951355558742592,4.388936457620272,-54.132031008021286
S2-000248,0700.HK,0700.HK|swing|2023-06-15T16:00:00Z,HKD,2023-06-19T01:30:00Z,2023-06-21T08:00:00Z,stop,2,280.9846277005356,359.7798061065674,338.15227112524855,338.3214318411691,0.1165514749589156,0.1168770453482936,6029.473304021689,-6077.004864806182,196.10818488124326,0.0,-6273.113049687426,-1.0404081307571638,702.744006809134,-677.3496176897096,22.887632462060573,0.0,-700.2372501517701,-0.9964329021192995,11.443649754537155,30.934262635956053
S2-000249,PLTR,PLTR|swing|2023-06-16T04:00:00Z,USD,2023-06-20T13:30:00Z,2023-08-16T20:00:00Z,tiempo,40,293.1049771598566,15.997994771003722,15.442274809360505,13.393391677311488,0.9155832265152902,0.9160864785635765,763.422130287154,-162.88428666471137,9.215299497252392,0.0,-172.09958616196377,-0.22543174913888092,698.9764972414887,-146.85629748478465,8.439651470247409,0.0,-155.29594895503206,-0.22217620988389117,4.2197900759961735,2.277823248333034
S2-000250,QCOM,QCOM|swing|2023-06-20T04:00:00Z,USD,2023-06-21T13:30:00Z,2023-07-31T20:00:00Z,objetivo,27,100.40230935280918,118.66930561065674,132.8223096502168,111.10749680655343,0.914662032379036,0.9071940488070398,759.2230668163763,1420.994289851467,25.250338955059892,0.0,1395.7439508964071,1.8383845432267116,694.4325133233114,1200.138985896431,22.99593580763651,0.0,1177.1430500887946,1.6951151155861053,11.498270813130427,-99.59053925811685
S2-000251,NOW,NOW|swing|2023-06-22T04:00:00Z,USD,2023-06-23T13:30:00Z,2023-07-19T13:30:00Z,objetivo,17,133.0939958204893,108.30012519836426,122.1189103050232,102.68078286307198,0.9103322712790168,0.8884940026654821,747.9007252872885,1839.1973272299063,30.66739014824903,0.0,1808.5299370816572,2.418141707760683,680.8381659420014,1319.3368857280616,27.562571133355846,0.0,1291.7743145947056,1.8973294671391088,13.781618846302326,-354.9437944994371
S2-000252,1810.HK,1810.HK|swing|2023-06-25T16:00:00Z,HKD,2023-06-27T01:30:00Z,2023-07-27T08:00:00Z,objetivo,21,7940.045716569151,10.50525,11.729311528188843,9.772321053913661,0.11698506100770932,0.11586411456643647,5819.489338922381,9719.10449371291,176.5434350216891,0.0,9542.56105869122,1.6397591786736148,680.7933153475487,1032.5948667311905,20.548549351116748,0.0,1012.0463173800737,1.4865691165951276,10.27453539290841,-104.39516540611666
S2-000253,6501.T,6501.T|swing|2023-06-27T15:00:00Z,JPY,2023-06-29T00:00:00Z,2023-08-01T06:00:00Z,objetivo,22,1231.599473223778,1782.4907755737304,1914.7528619788034,1694.1929364885602,0.006336332530731213,0.006380399413003254,108747.57210409347,162893.9159439657,4553.5233163896655,0.0,158340.39262757602,1.456036117073144,689.0607787612057,1136.0689201154803,28.956556820544453,0.0,1107.112363294936,1.6066976925973118,14.478566047142596,103.91890146153517
S2-000254,ENR.DE,ENR.DE|swing|2023-06-27T22:00:00Z,EUR,2023-06-29T07:00:00Z,2023-08-10T15:30:00Z,stop,30,327.84357343289514,15.57778469467163,13.44363157755988,13.450356755937849,1.0,1.0,697.4635776554612,-699.6683841668678,9.51448481677195,0.0,-709.1828689836398,-1.0168027287784305,697.4635776554612,-699.6683841668678,9.51448481677195,0.0,-709.1828689836398,-1.0168027287784305,4.757068680556411,0.0
S2-000255,ADBE,ADBE|swing|2023-06-29T04:00:00Z,USD,2023-06-30T13:30:00Z,2023-07-31T20:00:00Z,objetivo,20,19.361804162063784,482.98136022949217,543.9210949325562,443.48785400390625,0.9142439202779301,0.9071940488070398,764.6655332130414,1179.9032090088485,19.88268423039007,0.0,1160.0205247784584,1.517029961981127,699.0908147861047,1004.4750682066842,18.10337890929392,0.0,986.3716892973903,1.4109349864640728,9.051942836398016,-74.24426714607552
S2-000256,APP,APP|swing|2023-06-30T04:00:00Z,USD,2023-07-03T13:30:00Z,2023-07-26T20:00:00Z,objetivo,16,313.5071556965362,25.66282461833954,29.51291465044022,23.198213577270508,0.9203018590097551,0.9042408897730354,772.6731973838307,1207.0307751394703,17.29798908160882,0.0,1189.7327860578614,1.539761946041534,711.0925799593509,962.2283889207794,15.770767231612986,0.0,946.4576216891663,1.3309907153626463,7.885626144309258,-148.60427732206108
S2-000257,TSLA,TSLA|swing|2023-07-05T04:00:00Z,USD,2023-07-06T13:30:00Z,2023-08-02T20:00:00Z,stop,19,28.80458432261456,278.22904133605954,251.38639536993844,251.51215144566126,0.9192021325489474,0.9103322712790168,769.5689076859857,-773.1912591732247,15.255352505156253,0.0,-788.4466116783809,-1.024530232190849,707.3893810883221,-774.9464348705517,13.958525174955238,0.0,-788.9049600455069,-1.1152343831225917,6.979070595635394,-64.22738057031746
S2-000258,COIN,COIN|swing|2023-07-13T04:00:00Z,USD,2023-07-14T13:30:00Z,2023-08-02T20:00:00Z,stop,13,43.807329229403145,106.73334030532837,88.59139503962653,88.63571289607457,0.8942944017170452,0.9103322712790168,792.8087221882516,-794.750169116412,8.556654987902476,0.0,-803.3068241043145,-1.0132416579463035,709.0044018853976,-648.498418486417,7.714410861623481,0.0,-656.2128293480405,-0.9255412626536975,3.857044270467966,62.24220851806493
S2-000259,CAT,CAT|swing|2023-07-18T04:00:00Z,USD,2023-07-19T13:30:00Z,2023-08-01T20:00:00Z,objetivo,9,61.57584295057867,260.2700846557617,282.7908649196625,251.06177520751953,0.8884940026654821,0.9115770282588879,567.0094164252899,1386.7360286544474,33.439435743648446,0.0,1353.296592910799,2.3867268403453608,503.78446594872497,1634.0533519098333,30.112684817919604,0.0,1603.9406670919136,3.1837834937434577,15.056754686483838,401.9467071702072
S2-000260,NFLX,NFLX|swing|2023-07-21T04:00:00Z,USD,2023-07-24T13:30:00Z,2023-09-19T20:00:00Z,tiempo,40,216.75378834857568,42.521249999999995,39.600188932418824,38.89428588322231,0.8990380293086397,0.9334453467749464,786.1582125159091,-633.1510523957536,17.80013299323799,0.0,-650.9511853889916,-0.8280154999663234,706.7861301051057,-273.8919756121137,16.298331386460838,0.0,-290.19030699857456,-0.4105772519268602,8.149099257510162,295.334898788456
S2-000261,LLY,LLY|swing|2023-07-26T04:00:00Z,USD,2023-07-27T13:30:00Z,2023-08-08T13:30:00Z,objetivo,8,34.87936378444114,453.5466673278808,505.747,430.7507062639509,0.9042408897730354,0.9104151493080844,795.1086187647667,1820.714392939694,33.459552798839816,0.0,1787.2548401408542,2.247812183091949,718.9697248980618,1755.2791657483224,30.36441055728473,0.0,1724.9147551910376,2.3991479689017536,15.182647894093822,108.91476305396088
S2-000262,6758.T,6758.T|swing|2023-07-26T15:00:00Z,JPY,2023-07-28T00:00:00Z,2023-08-10T00:00:00Z,stop,9,857.9080861027912,2605.3019999999997,2475.7615,2502.0,0.006412311638345624,0.006355258976803305,88623.62111059026,-111133.8424277983,4359.08546265175,0.0,-115492.92789045005,-1.3031844833594708,568.2822770797709,-833.8033042322324,27.83063597168664,0.0,-861.6339402039191,-1.5162076576302763,13.91511301379338,-121.17847301839207
S2-000263,IFX.DE,IFX.DE|swing|2023-07-30T22:00:00Z,EUR,2023-08-01T07:00:00Z,2023-08-03T07:00:00Z,stop,2,258.047454657838,39.98998622131347,34.9825,37.101785796029226,1.0,1.0,745.292768286285,-1292.1690736441362,19.346459238779772,0.0,-1311.515532882916,-1.7597319988742077,745.292768286285,-1292.1690736441362,19.346459238779772,0.0,-1311.515532882916,-1.7597319988742077,9.672908995347228,0.0
S2-000264,ICGA.DE,ICGA.DE|swing|2023-07-30T22:00:00Z,EUR,2023-08-01T07:00:00Z,2023-08-07T15:30:00Z,stop,4,3538.813783289631,4.212105038166046,4.055631936626775,4.0576607670102804,1.0,1.0,546.5495155161431,-553.7291684412481,29.25798156301015,0.0,-582.9871500042583,-1.0666684965472977,546.5495155161431,-553.7291684412481,29.25798156301015,0.0,-582.9871500042583,-1.0666684965472977,14.628856006425451,0.0
S2-000265,SU.PA,SU.PA|swing|2023-07-30T22:00:00Z,EUR,2023-08-01T07:00:00Z,2023-09-13T15:30:00Z,stop,31,77.96921742422096,161.9809438934326,152.34592496626718,152.4221360342843,1.0,1.0,745.292768286285,-751.2348856186447,24.50781998039652,0.0,-775.7427055990413,-1.0408563434511413,745.292768286285,-751.2348856186447,24.50781998039652,0.0,-775.7427055990413,-1.0408563434511413,12.25372524490555,0.0
S2-000266,RRU.DE,RRU.DE|swing|2023-07-30T22:00:00Z,EUR,2023-08-01T07:00:00Z,2023-08-30T15:30:00Z,objetivo,21,3920.30720682751,2.1510750954151154,2.5172943292983945,1.960964288030352,1.0,1.0,745.292768286285,1435.6919018714682,18.30144229983757,0.0,1417.3904595716306,1.9017901687557723,745.292768286285,1435.6919018714682,18.30144229983757,0.0,1417.3904595716306,1.9017901687557723,9.151082360663807,0.0
S2-000267,8035.T,8035.T|swing|2023-07-31T15:00:00Z,JPY,2023-08-02T00:00:00Z,2023-08-10T06:00:00Z,stop,6,90.86763944623054,21510.75,20209.89,20220.0,0.006375518010838381,0.006355258976803305,117287.40561522207,-118206.07745002351,3791.0560729859844,0.0,-121997.1335230095,-1.0401554445090069,747.767966944355,-790.829172305827,24.13274207688772,0.0,-814.9619143827147,-1.089859355319723,12.066176347695205,-37.204196532645646
S2-000268,6857.T,6857.T|swing|2023-08-01T15:00:00Z,JPY,2023-08-03T00:00:00Z,2023-09-08T00:00:00Z,stop,25,270.9578695150219,4727.3625,4270.36375,4300.669642857143,0.006374298827129016,0.0063411540900443885,115615.78750870615,-123827.40767102805,2438.004735179388,0.0,-126265.41240620744,-1.0921122030734716,736.9695787143431,-827.6642990275961,15.502219324445225,0.0,-843.1665183520414,-1.1440994889137226,7.750904683873589,-38.35139954373515
S2-000269,DTE.DE,DTE.DE|swing|2023-08-01T22:00:00Z,EUR,2023-08-03T07:00:00Z,2023-08-07T15:30:00Z,stop,2,760.8328464886164,19.18959030532837,18.630145463194168,18.639465195792063,1.0,1.0,418.55325301337007,-425.64401169433916,28.774497218212343,0.0,-454.4185089125515,-1.0856886325478774,418.55325301337007,-425.64401169433916,28.774497218212343,0.0,-454.4185089125515,-1.0856886325478774,14.387145794889179,0.0
S2-000270,6501.T,6501.T|swing|2023-08-03T15:00:00Z,JPY,2023-08-07T00:00:00Z,2023-09-04T00:00:00Z,objetivo,19,1249.8321439940746,1817.3082244262694,1996.8011488037112,1725.864297049386,0.006405739542630196,0.006350415952244872,114289.55980868847,224336.0265064244,4766.996495371923,0.0,219569.03001105247,1.9211643686316875,732.1091525763145,1298.9689378700687,30.39806873202481,0.0,1268.570869138044,1.7327619312965892,15.1993629080845,-138.06921795867058
S2-000271,1810.HK,1810.HK|swing|2023-08-06T16:00:00Z,HKD,2023-08-08T01:30:00Z,2023-08-21T08:00:00Z,stop,9,9149.87976629066,12.026010457992554,11.335757804036142,11.341428518295288,0.11662623623810411,0.11750190940602784,6263.842438404022,-6315.728792064201,213.75737072550766,0.0,-6529.486162789709,-1.042409068714278,730.5283679795696,-645.7541382434976,25.02054315574464,0.0,-670.7746813992422,-0.9182048374855192,12.510113266864472,90.82553987557863
S2-000272,9988.HK,9988.HK|swing|2023-08-06T16:00:00Z,HKD,2023-08-08T01:30:00Z,2023-08-17T01:30:00Z,stop,7,1001.8288993460018,94.14704847335815,86.55669847488404,87.89464105878558,0.11662623623810411,0.11700559286733907,6263.842438404022,-7604.231984622244,181.0342359128559,0.0,-7785.266220535101,-1.2428898550836993,730.5283679795696,-853.9570449986905,21.146237475606615,0.0,-875.1032824742972,-1.1979045863675084,10.572907891767764,32.895910849209706
S2-000273,UBER,UBER|swing|2023-08-07T04:00:00Z,USD,2023-08-08T13:30:00Z,2023-10-04T20:00:00Z,tiempo,40,237.31781775933933,44.52225,44.91752862739563,41.11874975476946,0.9104151493080844,0.9526531389920929,807.7112509414878,93.80666126043874,21.22565308473193,0.0,72.58100817570681,0.08986009306061371,735.3525591237143,535.6485659274448,19.774401682707754,0.0,515.874164244737,0.7015331052352364,9.887337225328857,450.24556040992996
S2-000274,MU,MU|swing|2023-08-07T04:00:00Z,USD,2023-08-08T13:30:00Z,2023-08-11T20:00:00Z,stop,3,193.59332611269807,68.7343469467163,64.52985980306353,64.56214087350028,0.9104151493080844,0.9087604507451835,807.7112509414878,-813.9606507378171,25.799061036460145,0.0,-839.7597117742772,-1.039678116152812,735.3525591237143,-761.7135122234708,23.46718460066615,0.0,-785.180696824137,-1.067760881610041,11.733404805305224,-20.671404851094763
S2-000275,IQQT.DE,IQQT.DE|swing|2023-08-08T22:00:00Z,EUR,2023-08-10T07:00:00Z,2023-08-14T15:30:00Z,stop,2,229.2740494112942,62.96146530532837,61.9397277139255,61.970713070460725,1.0,1.0,227.15377685139396,-234.25791501667786,28.636602299826002,0.0,-262.8945173165039,-1.1573416077888585,227.15377685139396,-234.25791501667786,28.636602299826002,0.0,-262.8945173165039,-1.1573416077888585,14.31824616499432,0.0
S2-000276,ASML.AS,ASML.AS|swing|2023-08-08T22:00:00Z,EUR,2023-08-10T07:00:00Z,2023-08-14T15:30:00Z,stop,2,23.327754243203927,618.80925,598.7950964072093,599.0946437290737,1.0,1.0,459.89749008969596,-466.88525639835984,28.40397495844432,0.0,-495.2892313568042,-1.0769557173712898,459.89749008969596,-466.88525639835984,28.40397495844432,0.0,-495.2892313568042,-1.0769557173712898,14.201874308375125,0.0
S2-000277,0700.HK,0700.HK|swing|2023-08-09T16:00:00Z,HKD,2023-08-11T01:30:00Z,2023-08-22T08:00:00Z,stop,7,252.89965996972424,338.96938778686524,314.32132212066654,314.4785614013672,0.11610760853158707,0.11697548193898559,6193.721665270008,-6233.487425893087,165.21699839699454,0.0,-6398.704424290081,-1.0330952487208895,719.1382104647796,-654.7665371388302,19.251939353335427,0.0,-674.0184764921656,-0.9372586057644565,9.625808391484743,68.98878069333513
S2-000278,8035.T,8035.T|swing|2023-08-09T15:00:00Z,JPY,2023-08-14T00:00:00Z,2023-10-11T06:00:00Z,tiempo,40,83.53718284512777,20280.135,20549.72,18925.89285714286,0.006290495061961376,0.006340752013188764,113129.57350443452,22520.371437304002,3410.8110626750545,12363.50306107891,31473.06343570786,0.2782036779664352,711.6410234914418,227.93867053571677,21.541964532256486,78.6482383020287,285.04494430548897,0.40054597036439243,10.771041943554906,86.2743852158213
S2-000279,6758.T,6758.T|swing|2023-08-13T15:00:00Z,JPY,2023-08-15T00:00:00Z,2023-08-17T06:00:00Z,stop,2,919.5452805096659,2458.2284999999997,2397.9611339285716,2399.160714285714,0.006301991429291656,0.0062865405167536305,54315.503583727485,-55418.57203973008,4465.48625913898,0.0,-59884.058298869066,-1.1025223803100277,342.29583806231085,-383.3171510780326,28.10738634765344,0.0,-411.4245374256861,-1.201956003189239,14.053600857936141,-34.06978506007116
S2-000280,IQQK.DE,IQQK.DE|swing|2023-08-13T22:00:00Z,EUR,2023-08-15T07:00:00Z,2023-08-15T15:30:00Z,stop,0,361.05229194321873,39.56477066802978,39.38253084976333,39.402231965746196,1.0,1.0,58.684970988964416,-65.79810406841847,28.504104155731554,0.0,-94.30220822415002,-1.6069226351306087,58.684970988964416,-65.79810406841847,28.504104155731554,0.0,-94.30220822415002,-1.6069226351306087,14.252039191346292,0.0
S2-000281,7011.T,7011.T|swing|2023-08-14T15:00:00Z,JPY,2023-08-16T00:00:00Z,2023-09-05T06:00:00Z,objetivo,14,2340.527592757891,771.3855,857.5906674597604,723.1535077776227,0.006287726358148894,0.006324710644488014,112888.30865015792,201765.57307788398,3812.663667884568,0.0,197952.9094099994,1.7535288798015178,709.8107938264458,1342.8821122767731,24.047221239582385,0.0,1318.8348910371908,1.8580090673566965,12.02394934630486,74.23540026794629
S2-000282,APP,APP|swing|2023-08-15T04:00:00Z,USD,2023-08-16T13:30:00Z,2023-10-12T20:00:00Z,tiempo,40,166.16876495106843,39.419701526641845,39.670153627395635,34.78500073296683,0.9152480322167307,0.9417082587814295,770.142506802714,41.61731626165789,13.142263551105302,0.0,28.47505271055259,0.03697374506540124,704.8714138776442,212.51440419088723,12.202855091399055,0.0,200.3115490994882,0.2841816892495792,6.101482199670168,174.42423737626385
S2-000283,IQQK.DE,IQQK.DE|swing|2023-08-15T22:00:00Z,EUR,2023-08-17T07:00:00Z,2023-08-18T15:30:00Z,stop,1,359.0406628844184,38.91945152664184,38.635850753375465,38.65517834254673,1.0,1.0,94.88481920008424,-101.82420962809428,27.84550714081886,0.0,-129.66971676891313,-1.366601294728483,94.88481920008424,-101.82420962809428,27.84550714081886,0.0,-129.66971676891313,-1.366601294728483,13.922731595037469,0.0
S2-000284,EXSA.DE,EXSA.DE|swing|2023-08-15T22:00:00Z,EUR,2023-08-17T07:00:00Z,2023-09-25T15:30:00Z,stop,27,309.2710890444524,45.182579847335816,44.24786750010082,44.27000250135149,1.0,1.0,282.2337896298681,-289.0795055726646,27.658251844874293,135.98804420829094,-180.74971320924794,-0.6404254906766828,282.2337896298681,-289.0795055726646,27.658251844874293,135.98804420829094,-180.74971320924794,-0.6404254906766828,13.829057109824948,0.0
S2-000285,6758.T,6758.T|swing|2023-08-17T15:00:00Z,JPY,2023-08-21T00:00:00Z,2023-08-25T00:00:00Z,stop,4,919.060810993601,2401.2,2358.82,2364.5178571428573,0.006324710644488014,0.006330716637123322,33713.119963268495,-38949.79716990849,4374.74784154576,0.0,-43324.54501145425,-1.2850944990750695,213.2257286905856,-233.32581119981748,27.682034625936787,0.0,-261.00784582575426,-1.224091705201795,13.840962441754193,13.020385561352208
S2-000286,MU,MU|swing|2023-08-18T04:00:00Z,USD,2023-08-21T13:30:00Z,2023-09-12T20:00:00Z,objetivo,15,201.78903368637523,63.711840305328366,71.56848731885638,59.96571404593332,0.9202171712524155,0.9334453467749464,755.9271979504822,1585.3852088747647,27.298086588060496,0.0,1558.0871222867042,2.0611602896563173,695.6171877707575,1649.93650957112,25.3112058379835,0.0,1624.6253037331364,2.3355163332573317,12.656018567122295,191.03781731496474
S2-000287,AMD,AMD|swing|2023-08-21T04:00:00Z,USD,2023-08-22T13:30:00Z,2023-08-25T20:00:00Z,stop,3,84.47850854192812,109.45470152664184,100.36871936314448,100.41892882755825,0.9167583425009168,0.9252405625462621,763.3286011424543,-767.5702218108186,17.725569653934393,0.0,-785.2957914647529,-1.0287781569948,699.7878631668999,-631.7556629442915,16.3219845971815,0.0,-648.0776475414731,-0.9261058695825167,8.160836399882939,71.92074135605613
S2-000288,7203.T,7203.T|swing|2023-08-23T15:00:00Z,JPY,2023-08-25T00:00:00Z,2023-09-04T06:00:00Z,objetivo,6,932.9899188802359,2381.19,2556.0873883928575,2295.089285714286,0.006330716637123322,0.006350415952244872,80331.09843695893,163177.5002090172,4606.430030085875,0.0,158571.07017893132,1.9739686530412928,508.5534213532472,1080.0095162501184,29.208982230081833,0.0,1050.8005340200366,2.0662539861080558,14.60476476861003,46.9790008726988
S2-000289,PLTR,PLTR|swing|2023-08-25T04:00:00Z,USD,2023-08-28T13:30:00Z,2023-10-10T20:00:00Z,objetivo,30,545.343191656219,14.69734458017349,18.27755271133355,13.30955399785723,0.9252405625462621,0.945000945000945,756.822145510792,1952.442129040373,17.98263573348646,0.0,1934.4594933068865,2.5560291870176277,700.2425476598742,2003.4410352260438,16.835226383529232,0.0,1986.6058088425145,2.8370252785717045,8.418116156551523,196.9623814137066
S2-000290,ORCL,ORCL|swing|2023-08-30T04:00:00Z,USD,2023-08-31T13:30:00Z,2023-09-12T13:30:00Z,stop,7,93.89415046219298,121.06049999999999,112.02396183013917,112.64321681431362,0.9186110600771633,0.9324878776575904,790.3336539197234,-848.4780745782617,21.885267529478362,0.0,-870.3633421077401,-1.1012606356709005,726.009235641855,-633.4594986688162,20.250010650198192,0.0,-653.7095093190144,-0.900414866955623,10.124849491434983,145.96184487175097
S2-000291,ADYEN.AS,ADYEN.AS|swing|2023-08-31T22:00:00Z,EUR,2023-09-04T07:00:00Z,2023-09-08T15:30:00Z,stop,4,14.19248714378925,785.1923877868652,733.0743402170455,733.4410607474191,1.0,1.0,734.4800436813717,-739.6847200940632,21.54798101803847,0.0,-761.2327011121017,-1.0364239405289215,734.4800436813717,-739.6847200940632,21.54798101803847,0.0,-761.2327011121017,-1.0364239405289215,10.773808281289782,0.0
S2-000292,MBG.DE,MBG.DE|swing|2023-08-31T22:00:00Z,EUR,2023-09-04T07:00:00Z,2023-09-07T15:30:00Z,stop,3,222.39110103465185,66.05300664138794,65.27091923434394,65.30357101985386,1.0,1.0,166.66781302755177,-173.9292795578517,29.205272467697018,0.0,-203.13455202554871,-1.2187989290527779,166.66781302755177,-173.9292795578517,29.205272467697018,0.0,-203.13455202554871,-1.2187989290527779,14.602596402177427,0.0
S2-000293,DTE.DE,DTE.DE|swing|2023-09-03T22:00:00Z,EUR,2023-09-05T07:00:00Z,2023-09-11T15:30:00Z,objetivo,4,750.9340911778991,19.599795152664182,20.492712095209534,19.091357844216482,1.0,1.0,381.8029081401108,670.5217727476419,30.10683049322538,0.0,640.4149422544165,1.677344327663954,381.8029081401108,670.5217727476419,30.10683049322538,0.0,640.4149422544165,1.677344327663954,15.053586640449371,0.0
S2-000294,6758.T,6758.T|swing|2023-09-06T15:00:00Z,JPY,2023-09-08T00:00:00Z,2023-09-22T06:00:00Z,stop,9,923.7145309400428,2505.252,2437.8161964285714,2439.035714285714,0.0063411540900443885,0.006355662895640015,61164.9452991633,-62291.43166454699,4565.983920468661,0.0,-66857.41558501565,-1.0930675284349551,387.85634305113064,-362.3279672830925,28.986279211748034,0.0,-391.3142464948405,-1.008915423211872,14.493052647144854,32.671599391271194
S2-000295,MRVL,MRVL|swing|2023-09-07T04:00:00Z,USD,2023-09-08T13:30:00Z,2023-09-26T20:00:00Z,stop,12,166.22379914014547,56.328149236679074,51.59543932325499,51.62124994822911,0.9337068160597572,0.9429514380009429,782.3986818962011,-786.6890220375798,17.939468907270182,0.0,-804.62849094485,-1.0284123804947796,730.5309821626528,-655.2514193561975,16.82948987784993,0.0,-672.0809092340475,-0.9199896043346846,8.414583229715294,79.28548263967497
S2-000296,1810.HK,1810.HK|swing|2023-09-06T16:00:00Z,HKD,2023-09-11T01:30:00Z,2023-10-19T08:00:00Z,objetivo,27,5945.6225998131285,11.785889732837676,13.612832674860956,10.753571033477783,0.11916820592265982,0.12093799508991739,6137.777389123873,10862.313244662699,151.01121795359313,0.0,10711.302026709105,1.7451434530176195,731.4279198145591,1437.6833925266003,18.13897692871565,0.0,1419.5444155978846,1.9407851097040232,9.069850152666788,143.24101099020112
S2-000297,7011.T,7011.T|swing|2023-09-10T15:00:00Z,JPY,2023-09-12T00:00:00Z,2023-09-12T06:00:00Z,stop,0,2256.19521812303,875.2373877868652,823.5629815619334,823.9749690464565,0.006362942224484602,0.006362942224484602,115658.02403153035,-116587.548224038,3832.8252698703964,0.0,-120420.3734939084,-1.0411761267949706,735.9253247106793,-741.8398334438671,24.388045748729933,0.0,-766.227879192597,-1.0411761267949717,12.193840462864301,0.0
S2-000298,ADYEN.AS,ADYEN.AS|swing|2023-09-10T22:00:00Z,EUR,2023-09-12T07:00:00Z,2023-09-12T15:30:00Z,stop,0,20.620368761905354,711.5556122131347,705.3507178998675,705.7035696847098,1.0,1.0,120.67127494647508,-127.9472088682198,29.217131028008104,0.0,-157.16433989622792,-1.3024171656919983,120.67127494647508,-127.9472088682198,29.217131028008104,0.0,-157.16433989622792,-1.3024171656919983,14.608537179334412,0.0
S2-000299,CRWD,CRWD|swing|2023-09-11T04:00:00Z,USD,2023-09-12T13:30:00Z,2023-11-07T21:00:00Z,tiempo,40,232.46449942308016,42.63130561065674,48.0659551525116,39.27423899514334,0.9324878776575904,0.9358038555118847,780.3988103052556,1263.363085287162,21.083893322354495,0.0,1242.2791919648075,1.5918517244777526,727.7124303480563,1215.1222657863598,19.697526440597375,0.0,1195.4247393457624,1.6427158441886238,9.849069463132167,37.05150367598775
S2-000300,7011.T,7011.T|swing|2023-09-11T15:00:00Z,JPY,2023-09-13T00:00:00Z,2023-10-04T00:00:00Z,stop,14,1841.2005971860865,840.92025,778.0108244018555,779.0178462437221,0.006352432981832042,0.00636902108145978,113974.74276331304,-115828.87197993729,2980.7768609918094,14729.604777488692,-104080.04406344041,-0.9131851631337253,724.0169150254926,-712.0331252787471,18.95894726458116,93.69977593822324,-637.2922966051051,-0.8802174139573329,9.47929799383316,23.762021335008313
S2-000301,6501.T,6501.T|swing|2023-09-11T15:00:00Z,JPY,2023-09-13T00:00:00Z,2023-09-28T06:00:00Z,stop,10,1155.938953540105,1971.9855,1917.4836714455741,1918.4428928920202,0.006352432981832042,0.0063613231552162855,61891.98523020722,-63000.78666522524,4495.988923867297,18495.02325664168,-49001.75233245085,-0.7917301755661714,393.1646882874299,-380.5032585185289,28.580173342501176,117.65281969873844,-291.43061216229165,-0.7412430995055086,14.28999511793474,19.705016575010973
S2-000302,NVDA,NVDA|swing|2023-09-12T04:00:00Z,USD,2023-09-13T13:30:00Z,2023-10-26T20:00:00Z,stop,31,177.10387537251324,44.62229847335815,40.234157580103194,40.254284722464426,0.9334453467749464,0.9487666034155597,773.5921629637061,-777.1567578760547,15.028407217445366,0.0,-792.1851650935001,-1.024034630933388,722.1060048200375,-616.2598264837475,14.137370319433757,0.0,-630.3971968031813,-0.8729981368321237,7.068532861892793,109.17353287036013
S2-000303,9988.HK,9988.HK|swing|2023-09-12T16:00:00Z,HKD,2023-09-14T01:30:00Z,2023-10-19T08:00:00Z,stop,24,1001.8902094452263,85.84290305328369,79.80204333080565,79.84196431296212,0.11907029910459134,0.12093799508991739,6012.281771408753,-6052.278212582762,165.95805002629854,0.0,-6218.23626260906,-1.0342556285667976,715.8841888227225,-571.3188930129617,19.91000233946957,0.0,-591.2288953524312,-0.8258722633959998,9.954860828725923,149.32768402346986
S2-000304,INTC,INTC|swing|2023-09-19T04:00:00Z,USD,2023-09-20T13:30:00Z,2023-10-23T20:00:00Z,stop,23,271.34446162050966,36.238111221313474,33.41078411483765,33.42749786376953,0.9334453467749464,0.9436633009342266,762.6443683261742,-767.1795515317568,18.89884200745115,0.0,-786.078393539208,-1.0307273300456752,711.8868368581857,-623.4859346151461,17.733670379193228,0.0,-641.2196049943393,-0.9007324925746254,8.866681534782725,92.63424790306287
S2-000305,SAP.DE,SAP.DE|swing|2023-09-20T22:00:00Z,EUR,2023-09-22T07:00:00Z,2023-11-07T16:30:00Z,objetivo,32,113.09976327329403,122.96145152664184,131.39926874188015,119.09000069754464,1.0,1.0,437.8601722950911,954.3151295867781,28.768137248394403,0.0,925.5469923383837,2.113795798067291,437.8601722950911,954.3151295867781,28.768137248394403,0.0,925.5469923383837,2.113795798067291,14.384310799054926,0.0
S2-000306,6857.T,6857.T|swing|2023-09-24T15:00:00Z,JPY,2023-09-26T00:00:00Z,2023-10-31T06:00:00Z,stop,24,407.64659168623746,4099.54875,3826.991796875,3828.90625,0.006325910931174089,0.006297229219143576,110326.4926904425,-111106.91298179177,3231.2272377963586,6624.257114901358,-107713.88310468677,-0.9763192908426241,697.9155661085684,-747.5976316889653,20.395710508355002,42.13904017112824,-725.854302026192,-1.0400316847400384,10.197670904186884,-44.74519632844057
S2-000307,7203.T,7203.T|swing|2023-09-25T15:00:00Z,JPY,2023-09-27T00:00:00Z,2023-10-04T06:00:00Z,stop,5,726.2848612084142,2701.35,2550.1350089285716,2551.410714285714,0.006334325711028061,0.00636902108145978,108898.63331468875,-109825.15880294394,3814.0740608477554,21788.545836252426,-91850.68702753927,-0.8434512374651632,689.7994129010499,-631.408183209362,24.22384753130701,138.60398114664395,-517.0280495940251,-0.749533907864012,12.11176894154865,64.26014391386595
S2-000308,MBG.DE,MBG.DE|swing|2023-09-26T22:00:00Z,EUR,2023-09-28T07:00:00Z,2023-10-04T15:30:00Z,stop,4,214.33206000323648,65.51274335861206,64.3076517684119,64.33982167925153,1.0,1.0,251.39471975979748,-258.28976302017526,27.824672718009168,0.0,-286.1144357381844,-1.1381083740006985,251.39471975979748,-258.28976302017526,27.824672718009168,0.0,-286.1144357381844,-1.1381083740006985,13.912275264632019,0.0
S2-000309,EUNN.DE,EUNN.DE|swing|2023-10-02T22:00:00Z,EUR,2023-10-04T07:00:00Z,2023-10-23T15:30:00Z,stop,13,323.1749299364942,43.02650356864929,42.57866647468294,42.5999664579119,1.0,1.0,137.84610087787144,-144.72972146553806,27.665444830955565,0.0,-172.39516629649364,-1.2506350574923546,137.84610087787144,-144.72972146553806,27.665444830955565,0.0,-172.39516629649364,-1.2506350574923546,13.832689691219295,0.0
S2-000310,6758.T,6758.T|swing|2023-10-03T15:00:00Z,JPY,2023-10-05T00:00:00Z,2023-10-12T06:00:00Z,objetivo,4,895.9074103170121,2436.2174999999997,2603.1085089285716,2338.839285714286,0.006390593047034765,0.006334325711028061,87241.86378200908,149518.89161439016,4514.769514402361,0.0,145004.12209998778,1.6620933553449642,557.5272480956613,824.2908476645079,28.72083112621749,0.0,795.5700165382904,1.4269616763229218,14.360625225974115,-131.2235414867588
S2-000311,6501.T,6501.T|swing|2023-10-03T15:00:00Z,JPY,2023-10-05T00:00:00Z,2023-10-31T06:00:00Z,objetivo,17,1239.790051369764,1760.4797755737304,1891.8465112609865,1703.3071899414062,0.006390593047034765,0.006297229219143576,70882.00287804141,162867.17198598143,4528.1177947739525,0.0,158339.05419120748,2.2338400124449564,452.97803475230967,821.8336603454661,28.71837393889845,0.0,793.1152864065676,1.7508912696842938,14.359396017711465,-218.98415653836406
S2-000312,7011.T,7011.T|swing|2023-10-09T15:00:00Z,JPY,2023-10-11T00:00:00Z,2023-12-08T06:00:00Z,tiempo,40,1847.0663493167576,807.4035,771.4140877990723,745.7393057686942,0.006340752013188764,0.006402868485081316,113897.85812237753,-66474.83220802358,2916.180838133122,0.0,-69391.0130461567,-0.6092389636651424,722.1980731873535,-332.99358463986937,18.579286361724634,0.0,-351.572871001594,-0.4868094835118572,9.289562254856847,88.50684150954153
S2-000313,ZPRR.DE,ZPRR.DE|swing|2023-10-09T22:00:00Z,EUR,2023-10-11T07:00:00Z,2023-10-19T15:30:00Z,stop,6,304.2366452564102,47.693833168029784,46.28559468814305,46.30874906267439,1.0,1.0,421.39334161130205,-428.4377508417266,28.59198585407885,0.0,-457.02973669580547,-1.0845680070507018,421.39334161130205,-428.4377508417266,28.59198585407885,0.0,-457.02973669580547,-1.0845680070507018,14.29588939157364,0.0
S2-000314,MC.PA,MC.PA|swing|2023-10-10T22:00:00Z,EUR,2023-10-12T07:00:00Z,2023-10-13T15:30:00Z,stop,1,21.34083873107631,690.1448877868652,665.8954569249835,666.2285712105887,1.0,1.0,510.3942550956833,-517.5031933438023,28.939038309328694,0.0,-546.442231653131,-1.0706277082814926,510.3942550956833,-517.5031933438023,28.939038309328694,0.0,-546.442231653131,-1.0706277082814926,14.46939339621198,0.0
S2-000315,6758.T,6758.T|swing|2023-10-12T15:00:00Z,JPY,2023-10-16T00:00:00Z,2023-10-26T06:00:00Z,stop,8,902.9288618635235,2537.268,2445.026875,2446.25,0.0063516260162601625,0.006307158625039419,82182.7791490942,-83287.17401326101,4498.657840952216,0.0,-87785.83185421323,-1.0681779414511414,521.99427813195,-627.1789886991021,28.475622173429183,0.0,-655.6546108725313,-1.2560570840333898,14.237657851381943,-98.17000741568503
S2-000316,PLTR,PLTR|swing|2023-10-13T04:00:00Z,USD,2023-10-16T13:30:00Z,2023-10-26T20:00:00Z,stop,8,361.4932606539788,17.218604084014892,15.109763545393944,15.117322206497192,0.9502090459901178,0.9487666034155597,759.5992374569877,-762.3316425053792,11.686487025975538,0.0,-774.0181295313548,-1.0189822361099772,721.7780667588252,-732.2531561612185,11.096726954520005,0.0,-743.3498831157385,-1.0298870488733227,5.548181801016026,-7.878733408102472
S2-000317,CAT,CAT|swing|2023-10-18T04:00:00Z,USD,2023-10-19T13:30:00Z,2023-10-19T20:00:00Z,stop,0,58.49111097537552,258.03895866394043,254.90177786908833,255.029292515346,0.9465215333648841,0.9471490812653911,176.0387166962689,-183.49719002151093,30.00247354434424,0.0,-213.49966356585517,-1.2127994771412707,166.62443605893884,-164.32762366409582,28.407343681935295,0.0,-192.7349673460311,-1.1567028936731487,14.20363430996937,9.356418003211678
S2-000318,8035.T,8035.T|swing|2023-10-18T15:00:00Z,JPY,2023-10-20T00:00:00Z,2023-11-13T00:00:00Z,objetivo,15,113.67954866445581,19869.93,23088.45,19048.39285714286,0.0063207129764237405,0.006181615874389565,93391.97161108641,365879.9009675243,4883.489249756185,0.0,360996.4117177681,3.8653901988606783,590.3038468559914,1947.535819671431,30.50204785297312,0.0,1917.0337718184578,3.247537318329777,15.251514623319832,-365.0860181866351
S2-000319,7203.T,7203.T|swing|2023-10-18T15:00:00Z,JPY,2023-10-20T00:00:00Z,2023-12-19T06:00:00Z,tiempo,40,821.8302947945645,2601.80025,2639.1797500000002,2464.375,0.0063207129764237405,0.006412311638345624,112940.23371971653,30719.6055042738,4307.196138412417,0.0,26412.409365861386,0.23386182670215638,713.8628008325423,392.84344797780176,27.423224162901906,0.0,365.4202238148998,0.5118913934004246,13.711713720238958,198.67363883632066
S2-000320,0700.HK,0700.HK|swing|2023-10-19T16:00:00Z,HKD,2023-10-24T01:30:00Z,2023-10-24T08:00:00Z,stop,0,403.9832320383989,287.14349999999996,284.2756600884029,284.4178690229143,0.1205836247437598,0.1205836247437598,1101.1092114670373,-1158.5592364556962,230.84375914118027,0.0,-1389.4029955968765,-1.2618212445482475,132.77573995743847,-139.70327221219017,27.835977226718956,0.0,-167.53924943890914,-1.2618212445482448,13.917957167026778,0.0
S2-000321,9988.HK,9988.HK|swing|2023-10-19T16:00:00Z,HKD,2023-10-24T01:30:00Z,2023-10-24T08:00:00Z,stop,0,1486.4511230130827,78.039,77.53888820702689,77.57767704554966,0.1205836247437598,0.1205836247437598,685.7340237144186,-743.3917362969734,231.25892664133897,0.0,-974.6506629383123,-1.4213246378806137,82.68829418960794,-89.64087016724697,27.886039628763896,0.0,-117.52690979601087,-1.4213246378806221,13.943000889915247,0.0
S2-000322,CAT,CAT|swing|2023-10-23T04:00:00Z,USD,2023-10-24T13:30:00Z,2023-10-25T20:00:00Z,stop,1,59.233863358840544,250.375125,244.6858068124226,244.80821091788155,0.9436633009342266,0.94553706505295,329.74982807060917,-337.00029612792514,29.324371589277316,0.0,-366.32466771720243,-1.110916933181119,311.17281123960475,-290.8570637472825,27.69949103987189,0.0,-318.55655478715437,-1.0237287554723542,13.849676268088905,27.157748112608314
S2-000323,AMD,AMD|swing|2023-10-23T04:00:00Z,USD,2023-10-24T13:30:00Z,2023-10-26T20:00:00Z,stop,2,99.06293226840553,101.02048622131348,93.48823166663307,93.53499916621617,0.9436633009342266,0.9487666034155597,741.534297135131,-746.1672227786942,19.268603945748048,0.0,-765.4358267244422,-1.0322325341951857,699.7587025904794,-656.8678258519348,18.2303372024832,0.0,-675.0981630544179,-0.9647585096908847,9.11500666303576,47.26279864433308
S2-000324,9988.HK,9988.HK|swing|2023-10-24T16:00:00Z,HKD,2023-10-26T01:30:00Z,2023-11-17T01:30:00Z,stop,16,1459.8469567703926,79.2395969467163,74.9625,76.51786014011928,0.12087805821487284,0.11814744801512286,3973.3191942406293,-6243.906961475726,225.11146195527687,0.0,-6469.018423431004,-1.6281144572547603,480.28710886769045,-1053.5723382077176,26.912215414034883,0.0,-1080.4845536217524,-2.2496638649516707,13.455847677893045,-298.8209890302059
S2-000325,TTE.PA,TTE.PA|swing|2023-10-24T22:00:00Z,EUR,2023-10-26T07:00:00Z,2023-12-21T16:30:00Z,tiempo,40,223.64290347738472,61.360666831970214,61.969,59.22500079018729,1.0,1.0,477.6265544423872,136.04939597977742,27.581804775200332,0.0,108.46759120457708,0.2270970702858205,477.6265544423872,136.04939597977742,27.581804775200332,0.0,108.46759120457708,0.2270970702858205,13.790939847683614,0.0
S2-000326,6758.T,6758.T|swing|2023-10-25T15:00:00Z,JPY,2023-10-27T00:00:00Z,2023-11-07T06:00:00Z,objetivo,6,881.7117448036694,2459.229,2643.4811696428574,2337.9464285714284,0.0063099444724886425,0.006216199415677255,106936.26766856133,162457.30197966562,4499.1194869032315,0.0,157958.1824927624,1.4771245147842507,674.7619110838044,806.5966641897738,28.17069424699875,0.0,778.425969942775,1.1536305727341147,14.085552294051945,-218.4998904522358
S2-000327,IFX.DE,IFX.DE|swing|2023-10-25T22:00:00Z,EUR,2023-10-27T07:00:00Z,2023-10-30T16:30:00Z,stop,1,325.3818910541556,29.71485076332092,27.58691337299347,27.6007137298584,1.0,1.0,687.9019058956583,-692.3922921095904,18.64495637541317,0.0,-711.0372484850035,-1.0336317466066949,687.9019058956583,-692.3922921095904,18.64495637541317,0.0,-711.0372484850035,-1.0336317466066949,9.322307420209127,0.0
S2-000328,1810.HK,1810.HK|swing|2023-10-29T16:00:00Z,HKD,2023-10-31T01:30:00Z,2023-11-08T08:00:00Z,objetivo,6,4913.302055845725,14.247119771003723,16.165484868901117,13.084285054888044,0.12057053979430665,0.1196773498647646,5713.358201299945,9425.507179361954,149.42631290086769,0.0,9276.080866461087,1.62357768227284,688.8626823689633,1065.4960654582403,17.94546878293804,0.0,1047.5505966753024,1.5206958128038375,8.97300300873503,-70.94242299254391
S2-000329,EXV1.DE,EXV1.DE|swing|2023-10-29T23:00:00Z,EUR,2023-10-31T08:00:00Z,2023-11-15T08:00:00Z,objetivo,11,923.5192655913104,14.903447908401489,15.758116794109345,14.59264259678977,1.0,1.0,287.0346931215338,789.3031816526625,28.31654571594325,0.0,760.9866359367193,2.651200897218751,287.0346931215338,789.3031816526625,28.31654571594325,0.0,760.9866359367193,2.651200897218751,14.158473723385022,0.0
S2-000330,RRU.DE,RRU.DE|swing|2023-10-29T23:00:00Z,EUR,2023-10-31T08:00:00Z,2023-11-08T16:30:00Z,objetivo,6,4245.107685208983,2.40320095038414,2.6723235886075667,2.24108938234193,1.0,1.0,688.1810633572649,1142.4545797859862,21.546148226940474,0.0,1120.9084315590458,1.6287987148189418,688.1810633572649,1142.4545797859862,21.546148226940474,0.0,1120.9084315590458,1.6287987148189418,10.773362420455314,0.0
S2-000331,IBE.MC,IBE.MC|swing|2023-11-05T23:00:00Z,EUR,2023-11-07T08:00:00Z,2023-11-29T16:30:00Z,objetivo,16,1366.7373269415273,10.515255228996276,11.334418936048237,10.056606837681361,1.0,1.0,626.8518763517783,1119.5816153037101,29.862765262876287,0.0,1089.7188500408338,1.738399279241054,626.8518763517783,1119.5816153037101,29.862765262876287,0.0,1089.7188500408338,1.738399279241054,14.931666259755264,0.0
S2-000332,EUNL.DE,EUNL.DE|swing|2023-11-06T23:00:00Z,EUR,2023-11-08T08:00:00Z,2023-12-07T16:30:00Z,objetivo,21,185.80495042991765,77.06051417541504,80.24318108163563,75.2377793448312,1.0,1.0,338.67315484351485,591.355266745256,29.227805299679172,0.0,562.1274614455768,1.6597933831079994,338.67315484351485,591.355266745256,29.227805299679172,0.0,562.1274614455768,1.6597933831079994,14.61405414216738,0.0
S2-000333,DBK.DE,DBK.DE|swing|2023-11-06T23:00:00Z,EUR,2023-11-08T08:00:00Z,2023-11-30T16:30:00Z,objetivo,16,1288.63634794918,10.477236122131346,11.421768353036473,9.92167888368879,1.0,1.0,715.9112508233479,1217.1585645538742,28.219853150603008,0.0,1188.938711403271,1.6607347768817833,715.9112508233479,1217.1585645538742,28.219853150603008,0.0,1188.938711403271,1.6607347768817833,14.11023439249821,0.0
S2-000334,META,META|swing|2023-11-07T05:00:00Z,USD,2023-11-08T14:30:00Z,2023-12-21T21:00:00Z,objetivo,30,31.84900825712318,318.2990846557617,355.46717142132354,294.2700162615095,0.9358038555118847,0.9104980424292087,765.3019976995157,1183.7667022978499,21.458787053170063,0.0,1162.3079152446799,1.5187571948571374,716.1725600781543,821.2793275117612,19.794721542439902,0.0,801.4846059693213,1.1191221929556432,9.89756856544217,-286.4941165251571
S2-000335,IFX.DE,IFX.DE|swing|2023-11-07T23:00:00Z,EUR,2023-11-09T08:00:00Z,2023-11-15T16:30:00Z,objetivo,4,300.2733058395386,29.21460076332092,33.33984055413519,26.80723183495658,1.0,1.0,722.8686264953483,1238.6993893686085,18.78342888933797,0.0,1219.9159604792706,1.6876039653204133,722.8686264953483,1238.6993893686085,18.78342888933797,0.0,1219.9159604792706,1.6876039653204133,9.392026467520914,0.0
S2-000336,0700.HK,0700.HK|swing|2023-11-09T16:00:00Z,HKD,2023-11-13T01:30:00Z,2023-12-22T08:00:00Z,stop,29,304.0440881518256,302.35111221313474,282.23023174558364,282.3714174543108,0.11985665144487194,0.1165759317331344,6074.708074498433,-6117.634754568453,177.73850167449723,0.0,-6295.37325624295,-1.0363252322643894,728.0941683145079,-1014.7591969701946,21.021621663009157,0.0,-1035.7808186332038,-1.4225918345575699,10.510559769344678,-281.51998052484817
S2-000337,PLTR,PLTR|swing|2023-11-10T05:00:00Z,USD,2023-11-13T14:30:00Z,2023-12-06T21:00:00Z,stop,16,307.47012428037823,19.599795152664182,17.054504446983337,17.06303596496582,0.9360666479453337,0.9278159213212098,779.9776627110066,-782.600849605381,11.270102053313842,0.0,-793.8709516586948,-1.0178124190113325,730.111076206128,-775.8313066702639,10.506301898346326,0.0,-786.3376085686102,-1.077010929151564,5.252958304585425,-43.264752700984154
S2-000338,BBVA.MC,BBVA.MC|swing|2023-11-13T23:00:00Z,EUR,2023-11-15T08:00:00Z,2024-01-15T16:30:00Z,tiempo,40,1708.6093674868398,8.204099809169769,8.247873855113983,7.771215064185006,1.0,1.0,739.6309303231168,74.79274495308444,28.109996316442007,0.0,46.68274863664243,0.06311627424268007,739.6309303231168,74.79274495308444,28.109996316442007,0.0,46.68274863664243,0.06311627424268007,14.055020370161024,0.0
S2-000339,8035.T,8035.T|swing|2023-11-14T15:00:00Z,JPY,2023-11-16T00:00:00Z,2023-12-07T06:00:00Z,stop,14,76.76597471160504,24062.024999999998,22460.906785714287,22472.14285714286,0.006120325601321991,0.0063011972274732205,122048.85237300357,-122911.40034814707,3571.3782049718693,0.0,-126482.77855311894,-1.0363291099744592,746.9787157904619,-440.39289090468856,22.16986235923312,0.0,-462.56275326392165,-0.6192448907656387,11.084823852598781,311.86489934041396
S2-000340,R6C0.DE,R6C0.DE|swing|2023-11-15T23:00:00Z,EUR,2023-11-17T08:00:00Z,2024-01-17T16:30:00Z,stop,40,463.5681643578609,29.674829847335815,28.06542524804388,28.079464980534144,1.0,1.0,739.5603627842736,-746.0687358028608,26.766544064119792,0.0,-772.8352798669806,-1.0449928346043786,739.5603627842736,-746.0687358028608,26.766544064119792,0.0,-772.8352798669806,-1.0449928346043786,13.383088860646584,0.0
S2-000341,9988.HK,9988.HK|swing|2023-11-28T16:00:00Z,HKD,2023-11-30T01:30:00Z,2023-12-04T08:00:00Z,stop,2,1761.695627449365,72.53625,71.20099047333854,71.2366087777274,0.11667113906033065,0.11768859597505002,2289.572258530584,-2352.320869629603,253.2212680435184,0.0,-2605.542137673121,-1.1380038904495298,267.1270033636971,-146.82378279985315,29.671237949433817,0.0,-176.49502074928697,-0.6607157588968516,14.835585977666426,127.6241724952207
S2-000342,6857.T,6857.T|swing|2023-11-29T15:00:00Z,JPY,2023-12-01T00:00:00Z,2023-12-07T06:00:00Z,stop,4,313.20326876112097,4634.316,4246.37575,4248.5,0.006203858800173708,0.0063011972274732205,120838.83234034058,-121504.15438400635,2781.4616849599197,0.0,-124285.61606896628,-1.0285238086289834,749.6670534173372,-624.3365760780061,17.385253592939463,0.0,-641.7218296709456,-0.8560091133065989,8.692472885443252,129.458041354877
S2-000343,APP,APP|swing|2023-12-01T05:00:00Z,USD,2023-12-04T14:30:00Z,2024-01-23T21:00:00Z,objetivo,33,227.85489945323854,37.58878469467163,44.6399018274716,34.022518566676546,0.9195402298850576,0.919793966151582,812.5912100178106,1606.631585327144,18.736209099674817,0.0,1587.8953762274691,1.9541134049341553,747.2103080623547,1479.9432355352726,17.231278880912445,0.0,1462.7119566543602,1.9575639426702032,8.616011580267104,2.5808582229572807
S2-000344,PANW,PANW|swing|2023-12-01T05:00:00Z,USD,2023-12-04T14:30:00Z,2024-01-12T21:00:00Z,objetivo,27,78.89793042770653,147.1935551147461,164.77614993728912,136.89428356715612,0.9195402298850576,0.9139097057210747,812.5912100178106,1387.2303430475529,24.6137640847476,0.0,1362.6165789628053,1.6768783149068758,747.2103080623547,1202.4144948428311,22.560146671118737,0.0,1179.8543481717124,1.5790124084761068,11.280376759275422,-73.19961370664278
S2-000345,AIR.PA,AIR.PA|swing|2023-12-05T23:00:00Z,EUR,2023-12-07T08:00:00Z,2024-01-11T16:30:00Z,objetivo,22,106.14419057003133,138.069,144.83826001794,133.89286150251115,1.0,1.0,443.2728405242993,718.5176253623184,30.028962120989625,0.0,688.4886632413288,1.5531938803807388,443.2728405242993,718.5176253623184,30.028962120989625,0.0,688.4886632413288,1.5531938803807388,15.014664443564651,0.0
S2-000346,ENR.DE,ENR.DE|swing|2023-12-05T23:00:00Z,EUR,2023-12-07T08:00:00Z,2023-12-13T16:30:00Z,stop,4,695.7994460164301,11.60580038166046,10.54740289257254,10.552679232188634,1.0,1.0,732.7611123906827,-736.4323865725552,15.414186565700687,0.0,-751.8465731382558,-1.0260459519819571,732.7611123906827,-736.4323865725552,15.414186565700687,0.0,-751.8465731382558,-1.0260459519819571,7.706911101480103,0.0
S2-000347,8035.T,8035.T|swing|2023-12-06T15:00:00Z,JPY,2023-12-08T00:00:00Z,2023-12-13T06:00:00Z,objetivo,3,94.51212186887024,22321.155,24416.981830357145,21105.535714285714,0.006402868485081316,0.006375924509053813,114890.7580775775,198081.04080676258,4417.320484034646,0.0,193663.72032272792,1.6856335841387755,735.6304141220227,1206.1082196524123,28.221343481708267,0.0,1177.886876170704,1.6011938244512578,14.110976795650839,-62.178634021314714
S2-000348,SAP.DE,SAP.DE|swing|2023-12-06T23:00:00Z,EUR,2023-12-08T08:00:00Z,2023-12-14T16:30:00Z,stop,4,99.50055778289358,146.8533887786865,142.35021633202692,142.42142704554968,1.0,1.0,440.9826645195544,-448.0681702351868,28.77592002133968,0.0,-476.8440902565265,-1.0813216224180664,440.9826645195544,-448.0681702351868,28.77592002133968,0.0,-476.8440902565265,-1.0813216224180664,14.38785159058714,0.0
S2-000349,ENI.MI,ENI.MI|swing|2023-12-11T23:00:00Z,EUR,2023-12-13T08:00:00Z,2024-01-02T16:30:00Z,objetivo,11,999.2044211930747,14.787389732837676,15.594412701564176,14.271857295717512,1.0,1.0,515.1222904389091,806.3809183558791,30.35763131626885,0.0,776.0232870396103,1.5064836087337647,515.1222904389091,806.3809183558791,30.35763131626885,0.0,776.0232870396103,1.5064836087337647,15.179021048117699,0.0
S2-000350,6501.T,6501.T|swing|2023-12-13T15:00:00Z,JPY,2023-12-15T00:00:00Z,2024-01-09T06:00:00Z,objetivo,13,1155.559302735427,1960.1795511474609,2158.7343476333617,1864.4571228027344,0.006459948320413436,0.006321512105695683,110612.94255417403,229441.84218202223,4759.649272902427,0.0,224682.1929091198,2.031246866062522,714.5538924688244,1136.846998609185,30.40175288181593,0.0,1106.445245727369,1.5484419823178592,15.201164452948921,-345.3354444271337
S2-000351,COIN,COIN|swing|2023-12-14T05:00:00Z,USD,2023-12-15T14:30:00Z,2024-01-12T21:00:00Z,stop,18,37.8861461476554,151.88590255737304,130.66107121794565,130.7264344351632,0.9158347834050736,0.9139097057210747,801.6507016846973,-804.1270620848829,10.704615942029482,0.0,-814.8316780269124,-1.016442293775225,734.17959674393,-745.9771388363979,9.79413001760134,0.0,-755.7712688539992,-1.0294092510958188,4.896879738735244,-9.529605101730633
S2-000352,EXV1.DE,EXV1.DE|swing|2023-12-17T23:00:00Z,EUR,2023-12-19T08:00:00Z,2024-01-05T16:30:00Z,objetivo,10,901.2025604176002,16.43021188545227,16.93802817462172,16.159000601087296,1.0,1.0,244.41630388385994,457.6453400212738,30.07154337876782,0.0,427.57379664250595,1.7493669196702915,244.41630388385994,457.6453400212738,30.07154337876782,0.0,427.57379664250595,1.7493669196702915,15.035889859688833,0.0
S2-000353,7203.T,7203.T|swing|2023-12-20T15:00:00Z,JPY,2023-12-22T00:00:00Z,2024-01-11T00:00:00Z,objetivo,10,926.3879132335061,2521.2599999999998,2825.5865000000003,2452.839285714286,0.00637795777791951,0.0062881217380368485,63384.122729088514,281924.3912766571,4953.253971514876,0.0,276971.13730514224,4.369724236603395,404.2612585565949,1562.948018031883,31.356490847537714,0.0,1531.5915271843453,3.7886181145649624,15.678640080429997,-235.15384609629376
S2-000354,ENR.DE,ENR.DE|swing|2023-12-20T23:00:00Z,EUR,2023-12-22T08:00:00Z,2024-01-24T08:00:00Z,objetivo,20,614.5547091443674,11.335664923667908,13.383305343151093,10.124821322304863,1.0,1.0,744.1296372549846,1258.3870624277395,15.191159582673215,0.0,1243.1959028450663,1.670671131217249,744.1296372549846,1258.3870624277395,15.191159582673215,0.0,1243.1959028450663,1.670671131217249,7.595896287075911,0.0
S2-000355,CRWD,CRWD|swing|2023-12-21T05:00:00Z,USD,2023-12-22T14:30:00Z,2024-01-03T14:30:00Z,stop,6,199.08216566214554,64.27462155532837,60.04996183013916,60.19955457959856,0.9104980424292087,0.9127418765972983,811.2731587465793,-841.0544072763116,24.750807305422875,0.0,-865.8052145817345,-1.0672178726082933,738.6626229141211,-738.9536311498201,22.562386360381808,0.0,-761.5160175102019,-1.0309388804674062,11.281011262035303,26.82476025172027
S2-000356,0700.HK,0700.HK|swing|2024-01-01T16:00:00Z,HKD,2024-01-03T01:30:00Z,2024-01-22T08:00:00Z,stop,13,230.1682755386356,294.147,266.4310129399981,266.56429508754184,0.1168101484656987,0.117470162578705,6348.663624391546,-6379.340946451778,129.02727454327433,0.0,-6508.368220995052,-1.02515562424664,741.5883405239574,-704.6970795158613,15.112169779076822,0.0,-719.8092492949381,-0.9706318316525424,7.555910604245457,40.47468355248115
S2-000357,1810.HK,1810.HK|swing|2024-01-01T16:00:00Z,HKD,2024-01-03T01:30:00Z,2024-01-10T08:00:00Z,stop,5,4776.77315228325,15.287639732837675,13.951590922764371,13.958570207868304,0.1168101484656987,0.11696043228575774,6348.663624391547,-6382.002086098143,139.6691719890972,0.0,-6521.67125808724,-1.0272510317023251,741.5883405239575,-735.4671586565825,16.324792168656593,0.0,-751.791950825239,-1.0137591298887902,8.162214258090527,10.01545252894021
S2-000358,PLTR,PLTR|swing|2024-01-02T05:00:00Z,USD,2024-01-03T14:30:00Z,2024-02-06T14:30:00Z,objetivo,23,749.867936544494,16.128060839653013,20.289849237442017,15.046964372907366,0.9127418765972983,0.9305788200260562,810.6795767241016,3120.7916781848558,27.308623082774183,0.0,3093.4830551020814,3.815913394047283,739.9411981782599,3119.861127646395,25.197107754690325,0.0,3094.6640198917044,4.182310739705787,12.599336992460195,271.38387483071784
S2-000359,9988.HK,9988.HK|swing|2024-01-04T16:00:00Z,HKD,2024-01-08T01:30:00Z,2024-01-17T08:00:00Z,stop,7,1556.1176905502793,71.33565305328369,67.2592138734545,67.2928603036063,0.11723741749416744,0.11742602160638797,6291.061317001392,-6343.41912218448,215.66992424415915,0.0,-6559.089046428639,-1.0426045329907867,737.5477821026991,-723.9461561366493,25.30432486937933,0.0,-749.2504810060286,-1.0158670382954254,12.651984611147352,19.739919831378486
S2-000360,EUNH.DE,EUNH.DE|swing|2024-01-07T23:00:00Z,EUR,2024-01-09T08:00:00Z,2024-01-17T08:00:00Z,stop,6,133.97782743560768,111.34064616394042,109.70011975479126,109.98249571663993,1.0,1.0,181.9620462600182,-219.7941641485433,29.614561592494383,123.54095467837385,-125.86777106266385,-0.6917254100495366,181.9620462600182,-219.7941641485433,29.614561592494383,123.54095467837385,-125.86777106266385,-0.6917254100495366,14.807229549512249,0.0
S2-000361,MU,MU|swing|2024-01-09T05:00:00Z,USD,2024-01-10T14:30:00Z,2024-02-26T21:00:00Z,objetivo,31,146.09024931186636,83.00147908401489,92.10713403463365,77.44786262512207,0.9140767824497257,0.9214891264283082,811.3292130621363,1330.2474018837243,25.581660947158518,0.0,1304.6657409365657,1.608059613695491,741.6171965833055,1315.688425877576,23.483342489200055,0.0,1292.205083388376,1.7424152100863848,11.742003102205576,99.74016090159343
S2-000362,EXH1.DE,EXH1.DE|swing|2024-01-09T23:00:00Z,EUR,2024-01-11T08:00:00Z,2024-01-16T08:00:00Z,stop,3,422.23142793082,35.432708415985104,34.497741889953616,34.98883771896362,1.0,1.0,187.41615822002828,-394.77225135379337,29.526833888521757,181.38091011623786,-242.91817512607727,-1.2961431790789837,187.41615822002828,-394.77225135379337,29.526833888521757,181.38091011623786,-242.91817512607727,-1.2961431790789837,14.763321942025886,0.0
S2-000363,1810.HK,1810.HK|swing|2024-01-10T16:00:00Z,HKD,2024-01-12T01:30:00Z,2024-01-17T08:00:00Z,stop,3,4741.429749400517,14.32715969467163,12.96636965078967,12.972856078829084,0.11641579063784212,0.11742602160638797,6421.335453876539,-6452.090396749964,129.41035200470623,0.0,-6581.500748754671,-1.024942676804315,747.5448438138441,-689.0170829470153,15.127516567206792,0.0,-704.1445995142221,-0.9419429554510718,7.563587920229288,62.10812185746016
S2-000364,6758.T,6758.T|swing|2024-01-11T15:00:00Z,JPY,2024-01-15T00:00:00Z,2024-02-15T00:00:00Z,stop,22,825.8540107524366,2894.4465,2728.635,2785.8928571428573,0.006282590940503864,0.006200396825396825,89649.46133535886,-136936.09230387746,4643.844409562827,0.0,-141579.9367134403,-1.5792614323004235,563.2308936065771,-1045.534123439168,28.990154146126113,0.0,-1074.5242775852942,-1.9077864687157255,14.494819313235979,-185.22067050282723
S2-000365,6857.T,6857.T|swing|2024-01-11T15:00:00Z,JPY,2024-01-15T00:00:00Z,2024-01-19T00:00:00Z,objetivo,4,309.01960479527304,5042.5199999999995,5748.1245,4655.75,0.006282590940503864,0.006215426689042203,119519.51254666761,218045.62373176636,3334.5206988762866,0.0,214711.10303289007,1.7964522985236735,750.8922067391319,1250.5887313607714,20.830126804769833,0.0,1229.7586045560015,1.6377298812254593,10.415378653411699,-119.30272891293805
S2-000366,EUNL.DE,EUNL.DE|swing|2024-01-14T23:00:00Z,EUR,2024-01-16T08:00:00Z,2024-01-25T16:30:00Z,objetivo,7,181.07028926386226,82.44320142745971,84.7501750546183,81.37829126630511,1.0,1.0,192.82359092028963,417.72438199370634,30.27375304261169,0.0,387.45062895109464,2.00935283438042,192.82359092028963,417.72438199370634,30.27375304261169,0.0,387.45062895109464,2.00935283438042,15.136984736645314,0.0
S2-000367,IFX.DE,IFX.DE|swing|2024-01-14T23:00:00Z,EUR,2024-01-16T08:00:00Z,2024-03-12T16:30:00Z,tiempo,40,370.8312611880505,33.42670484733581,34.862561067581176,31.413927623203822,1.0,1.0,746.4007165154496,532.4603730382951,25.323794604834816,129.79094141581768,636.9275198492779,0.8533318708786292,746.4007165154496,532.4603730382951,25.323794604834816,129.79094141581768,636.9275198492779,0.8533318708786292,12.66203358301858,0.0
S2-000368,AIR.PA,AIR.PA|swing|2024-01-15T23:00:00Z,EUR,2024-01-17T08:00:00Z,2024-03-05T16:30:00Z,objetivo,34,101.59396127913801,146.4731938934326,156.3085923867907,141.84214891706193,1.0,1.0,470.4862040113489,999.217093699115,30.760801071381252,0.0,968.4562926277338,2.0584159203196806,470.4862040113489,999.217093699115,30.760801071381252,0.0,968.4562926277338,2.0584159203196806,15.380654185125602,0.0
S2-000369,AMZN,AMZN|swing|2024-01-16T05:00:00Z,USD,2024-01-17T14:30:00Z,2024-02-02T14:30:00Z,objetivo,12,106.1730052438435,151.56575049591063,169.10540744018556,146.09214346749442,0.9189487226612755,0.9247272054743851,581.149307730773,1862.2380887197176,34.046620533098505,0.0,1828.191468186619,3.145820607315528,534.0464140146784,1815.05067411244,31.39084781101631,0.0,1783.6598263014237,3.3398966447369487,15.695881592144966,103.7493611922807
S2-000370,COIN,COIN|swing|2024-01-16T05:00:00Z,USD,2024-01-17T14:30:00Z,2024-02-16T14:30:00Z,objetivo,22,28.403941193882506,130.57524950408936,188.95547805023193,102.24785804748535,0.9189487226612755,0.9308386856557759,804.6095611094698,1658.2285785100546,9.075931995091434,0.0,1649.1526465149632,2.0496309343390844,739.3949284225968,1587.6414201008104,8.40413049984845,0.0,1579.237289600962,2.135850854387195,4.202463210895123,63.81438599857346
S2-000371,8035.T,8035.T|swing|2024-01-16T15:00:00Z,JPY,2024-01-18T00:00:00Z,2024-01-22T00:00:00Z,objetivo,2,76.77798353741456,26223.105,29215.385000000002,24689.10714285714,0.006224712107065048,0.0062046286529751195,117777.26222214357,229741.22457933502,4256.4554725591215,0.0,225484.7691067759,1.9145017030662645,733.129550091152,1385.0238194282524,26.45016075051936,0.0,1358.573658677733,1.8531153989207196,13.22542993757084,-45.049162702684725
S2-000372,1810.HK,1810.HK|swing|2024-01-17T16:00:00Z,HKD,2024-01-19T01:30:00Z,2024-01-31T08:00:00Z,stop,8,8699.223673932343,13.30665019083023,12.56942667980705,12.575714537075587,0.1175613082222379,0.11795930404010617,6358.572743263597,-6413.272220072366,225.10178050154096,0.0,-6638.374000573906,-1.0440037833343554,747.5221301243324,-710.434116321105,26.506778354772134,0.0,-736.9408946758771,-0.9858449201407651,13.253214882158845,43.518555855937656
S2-000373,XOM,XOM|swing|2024-01-19T05:00:00Z,USD,2024-01-22T14:30:00Z,2024-01-30T21:00:00Z,objetivo,6,169.87172419637628,96.7483469467163,103.85428802388056,95.35625008174351,0.918526683200147,0.9219988936013277,236.47789470129706,1207.0984628157482,34.07671548079158,0.0,1173.0217473349567,4.960386461561825,217.211256270136,1170.0085602303036,31.36162885781075,0.0,1138.6469313724929,5.242117516950448,15.681110851320472,61.25641288415953
S2-000374,7011.T,7011.T|swing|2024-01-22T15:00:00Z,JPY,2024-01-24T00:00:00Z,2024-02-06T06:00:00Z,objetivo,9,2138.315358355074,944.472,1041.7467264823915,886.8214263916016,0.006215813028344107,0.006260956674179815,123275.10696481803,208004.04161708686,4247.162007889753,0.0,203756.87960919712,1.652863133733464,766.2550159424293,1393.4754509708212,26.500126161268348,0.0,1366.9753248095528,1.7839691700135731,13.250414762098124,100.5612191391034
S2-000375,ENR.DE,ENR.DE|swing|2024-01-23T23:00:00Z,EUR,2024-01-25T08:00:00Z,2024-03-21T16:30:00Z,objetivo,40,552.1719178255238,13.481737881660461,15.773626831999849,12.087320906775338,1.0,1.0,769.9578952707839,1265.5167171520263,16.153990840626967,0.0,1249.3627263113995,1.622637723419948,769.9578952707839,1265.5167171520263,16.153990840626967,0.0,1249.3627263113995,1.622637723419948,8.077313818820079,0.0
S2-000376,7203.T,7203.T|swing|2024-01-24T15:00:00Z,JPY,2024-01-26T00:00:00Z,2024-02-07T00:00:00Z,objetivo,8,842.2081858752359,2951.475,3193.4025,2812.660714285714,0.006218518748834028,0.0062672348959639,116910.52774499523,203753.32088833133,5175.266131700555,0.0,198578.0547566308,1.6985472445199157,727.0103087183336,1398.0663976146668,32.313512021719035,0.0,1365.7528855929477,1.8785880601895053,16.15710956673507,131.02255153338288
S2-000377,8035.T,8035.T|swing|2024-01-29T15:00:00Z,JPY,2024-01-31T00:00:00Z,2024-02-13T00:00:00Z,objetivo,8,89.78559895719681,27353.67,32483.75,25969.821428571428,0.006251172094767769,0.00623014142421033,124249.67285177538,460607.3054983364,5372.538594753347,0.0,455234.766903583,3.663870949959433,776.7060877150427,2817.9980499065364,33.52332585671414,0.0,2784.4747240498223,3.5849786271681547,16.762371618461472,-61.33748487083584
S2-000378,META,META|swing|2024-01-30T05:00:00Z,USD,2024-01-31T14:30:00Z,2024-02-02T14:30:00Z,objetivo,2,43.43003488595785,389.1945,459.3702061004639,377.5082212175642,0.9219988936013277,0.9247272054743851,507.5354952082161,3047.733364089873,36.85319478893572,0.0,3010.8801693009373,5.932353889979115,467.9471650453772,2864.437877695669,34.0330359090859,0.0,2830.4048417865833,6.048556446564041,17.017238318320125,54.431088012955854
S2-000379,GS,GS|swing|2024-02-01T05:00:00Z,USD,2024-02-02T14:30:00Z,2024-03-22T20:00:00Z,objetivo,34,44.93770707731608,381.9908877868652,414.7273731907436,363.1267830984933,0.9247272054743851,0.9239582370876837,847.7096107618798,1471.1025918203215,35.80269183496044,123.57869446261921,1558.8785944479805,1.8389299527310263,783.9001394136119,1346.0374039168278,33.093391984220254,114.34002078332644,1427.284032715934,1.8207472622515395,16.547036638216326,-14.331184783302207
S2-000380,LMT,LMT|swing|2024-02-01T05:00:00Z,USD,2024-02-02T14:30:00Z,2024-02-05T21:00:00Z,stop,1,40.073843664558524,428.3540846557617,423.2777261551448,423.4894708905901,0.9247272054743851,0.9305788200260562,194.9437715139466,-203.429196938974,34.128160046201145,0.0,-237.55735698517515,-1.2185942394583247,180.26980905672886,-88.85928844774415,31.658495291855687,0.0,-120.51778373959984,-0.6685411404728024,15.82922938841217,99.2572243495331
S2-000381,6501.T,6501.T|swing|2024-02-04T15:00:00Z,JPY,2024-02-06T00:00:00Z,2024-02-22T06:00:00Z,objetivo,11,1083.2012433495195,2358.1785,2566.5910625,2264.75,0.006260956674179815,0.00616827041697508,101201.86736428057,225752.7468296596,5334.516513309869,0.0,220418.2303163497,2.178005565084532,633.6205069138529,1155.7478935911474,33.141496494143425,0.0,1122.606397097004,1.7717330560603741,16.571041326804444,-257.6802733864363
S2-000382,EUNN.DE,EUNN.DE|swing|2024-02-04T23:00:00Z,EUR,2024-02-06T08:00:00Z,2024-03-01T08:00:00Z,objetivo,18,332.792836006918,48.41919795799255,50.80258511543274,47.295892170497346,1.0,1.0,373.8281187235137,793.1741714269874,33.02029858266842,0.0,760.153872844319,2.033431501728566,373.8281187235137,793.1741714269874,33.02029858266842,0.0,760.153872844319,2.033431501728566,16.51035171246361,0.0
S2-000383,AAPL,AAPL|swing|2024-02-05T05:00:00Z,USD,2024-02-06T14:30:00Z,2024-03-01T21:00:00Z,stop,17,94.03450075368745,186.95343061065674,178.2515387867519,178.34070914132255,0.9305788200260562,0.9248127254231019,809.8929634994059,-818.2780532734868,34.34186697005103,22.568280180884987,-830.0516400626527,-1.0248905441481362,753.669238320683,-858.1223178308043,31.861163949919533,20.95087280067303,-869.0326089800508,-1.1530689655271311,15.930371426972624,-96.65009256234472
S2-000384,6857.T,6857.T|swing|2024-02-05T15:00:00Z,JPY,2024-02-07T00:00:00Z,2024-02-15T06:00:00Z,objetivo,5,236.21004860143682,6093.045,7105.766767857143,5538.785714285715,0.0062672348959639,0.006200396825396825,130921.61281636902,239215.05800526883,3117.691969166752,0.0,236097.3660361021,1.8033490495358688,820.5165004786224,1387.0323647860318,19.42712330964366,0.0,1367.605241476388,1.6667614126938808,9.713910841389932,-112.18459438461716
S2-000385,1810.HK,1810.HK|swing|2024-02-05T16:00:00Z,HKD,2024-02-07T01:30:00Z,2024-03-14T08:00:00Z,objetivo,24,5392.8386589090205,12.966480038166045,15.17455025038549,11.687857372420174,0.1189881249851265,0.11685792413583566,6895.405741991641,11907.766402042467,151.7600360416304,0.0,11756.006366000836,1.7049042225911537,820.4714002512602,1242.5601510563815,17.88331949038528,0.0,1224.6768315659963,1.4926502388638443,8.941972620722616,-174.32264588353792
S2-000386,IS3N.DE,IS3N.DE|swing|2024-02-11T23:00:00Z,EUR,2024-02-13T08:00:00Z,2024-04-02T07:00:00Z,objetivo,33,575.6129527885735,29.35367020225525,30.590697899818423,28.750535215650284,1.0,1.0,347.1723105697799,712.0491656755894,34.5047547262798,0.0,677.5444109493096,1.9516084385800307,347.1723105697799,712.0491656755894,34.5047547262798,0.0,677.5444109493096,1.9516084385800307,17.25255968856936,0.0
S2-000387,0700.HK,0700.HK|swing|2024-02-13T16:00:00Z,HKD,2024-02-15T01:30:00Z,2024-04-16T08:00:00Z,tiempo,40,294.18438903884896,288.74430610656736,301.6490877990723,265.10713849748885,0.11939728251784988,0.11987676668384899,6953.685711685634,3796.385317889281,173.6845198787031,0.0,3622.7007980105777,0.5209756305095364,830.2511774584656,495.8277322511215,20.780009330839107,0.0,475.0477229202824,0.5721735010054199,10.390131219884397,42.54964190447721
S2-000388,PLTR,PLTR|swing|2024-02-14T05:00:00Z,USD,2024-02-15T14:30:00Z,2024-04-15T20:00:00Z,tiempo,40,239.90188852461836,25.052520915985106,21.88904961872101,21.336071150643484,0.9334453467749464,0.9384384384384383,891.5833173123299,-758.9227385070809,11.261371421587576,0.0,-770.1841099286685,-0.8638386283969307,832.2442988073649,-682.1930543382632,10.538094596268158,0.0,-692.7311489345313,-0.8323651479826768,5.268878067089194,26.219844482870528
S2-000389,MRVL,MRVL|swing|2024-02-14T05:00:00Z,USD,2024-02-15T14:30:00Z,2024-03-04T21:00:00Z,objetivo,11,139.287349087734,68.53425,79.16057642323631,62.133214133126394,0.9334453467749464,0.9219988936013277,891.5833173123299,1480.1128380335272,20.572020846465595,0.0,1459.5408171870615,1.6370212282423975,832.2442988073649,1255.395083565257,19.0766477750915,0.0,1236.3184357901655,1.4855234665612644,9.53864012097576,-126.20935779899938
S2-000390,COIN,COIN|swing|2024-02-16T05:00:00Z,USD,2024-02-20T14:30:00Z,2024-03-04T21:00:00Z,objetivo,9,32.00574627243953,179.95993011474607,222.6887793917656,151.98320960998535,0.9279881217520417,0.9219988936013277,895.415818010328,1367.568708473598,12.887072433390625,0.0,1354.6816360402074,1.5129078678221228,830.9352431424724,1226.40036814069,11.91636299334209,0.0,1214.484005147348,1.4615868266152146,5.958489586384888,-42.68714900258965
S2-000391,QDV5.DE,QDV5.DE|swing|2024-02-20T23:00:00Z,EUR,2024-02-22T08:00:00Z,2024-03-13T16:30:00Z,stop,14,1997.6072473577299,8.32415969467163,8.163594721249172,8.167678560529437,1.0,1.0,312.5878476372032,-320.7457545805036,32.93605771389781,0.0,-353.6818122944014,-1.1314637308130189,312.5878476372032,-320.7457545805036,32.93605771389781,0.0,-353.6818122944014,-1.1314637308130189,16.467952787496827,0.0
S2-000392,RRU.DE,RRU.DE|swing|2024-02-25T23:00:00Z,EUR,2024-02-27T08:00:00Z,2024-03-20T16:30:00Z,objetivo,16,3304.823846308792,4.1900942022800445,4.717068935645478,3.9337144749505177,1.0,1.0,847.2898365887659,1741.5586652283014,29.436605141178916,0.0,1712.1220600871225,2.0207041158197026,847.2898365887659,1741.5586652283014,29.436605141178916,0.0,1712.1220600871225,2.0207041158197026,14.718741639940689,0.0
S2-000393,ENI.MI,ENI.MI|swing|2024-02-28T23:00:00Z,EUR,2024-03-01T08:00:00Z,2024-03-14T16:30:00Z,objetivo,9,1200.2675614437637,14.299145816802978,15.010847706786224,13.94464317389897,1.0,1.0,425.49802272376456,854.2326919651084,35.17983445249092,0.0,819.0528575126175,1.9249275290859593,425.49802272376456,854.2326919651084,35.17983445249092,0.0,819.0528575126175,1.9249275290859593,17.59013518195183,0.0
S2-000394,ADYEN.AS,ADYEN.AS|swing|2024-02-29T23:00:00Z,EUR,2024-03-04T08:00:00Z,2024-04-19T15:30:00Z,stop,32,10.651655002742327,1466.532948852539,1384.5216044943672,1385.2142116001673,1.0,1.0,866.1791344709133,-873.5565464143439,30.368449496248864,0.0,-903.9249959105928,-1.04357743096956,866.1791344709133,-873.5565464143439,30.368449496248864,0.0,-903.9249959105928,-1.04357743096956,15.184010154989881,0.0
S2-000395,6857.T,6857.T|swing|2024-03-03T15:00:00Z,JPY,2024-03-05T00:00:00Z,2024-03-11T00:00:00Z,stop,4,250.4315469405761,7251.624,6526.735000000001,6685.892857142857,0.006126700159294204,0.006211565935772408,141676.92525817436,-181535.07363020707,3450.5357586726095,0.0,-184985.60938887967,-1.3056862227337653,868.01204054757,-973.4978238057233,21.279111123031775,0.0,-994.776934928755,-1.1460404792325434,10.63931484688743,138.71314072195167
S2-000396,6501.T,6501.T|swing|2024-03-04T15:00:00Z,JPY,2024-03-06T00:00:00Z,2024-03-11T06:00:00Z,stop,3,1063.2412827845085,2640.3195,2527.6998035714287,2528.964285714286,0.006134592969756457,0.006211565935772408,118397.46088188668,-119741.91049751618,5494.851473784389,0.0,-125236.76197130057,-1.0577656061073537,726.3202311630372,-527.698819449822,33.91554628380706,0.0,-561.6143657336291,-0.773232441610956,16.957645456610187,206.86906287344698
S2-000397,OR.PA,OR.PA|swing|2024-03-07T23:00:00Z,EUR,2024-03-11T08:00:00Z,2024-03-21T16:30:00Z,stop,8,38.68180754984517,447.72375,431.7036841250829,431.9196439470564,1.0,1.0,611.3313888373078,-619.6851051093861,34.0178427608806,0.0,-653.7029478702667,-1.0693102952124631,611.3313888373078,-619.6851051093861,34.0178427608806,0.0,-653.7029478702667,-1.0693102952124631,17.008770711355936,0.0
S2-000398,APP,APP|swing|2024-03-08T05:00:00Z,USD,2024-03-11T13:30:00Z,2024-03-21T20:00:00Z,objetivo,8,157.25294781094928,62.831399236679076,73.32108658749716,56.79481996808733,0.9147457006952068,0.9168423947923352,949.2698846805159,1649.5342575313716,21.4103797476402,0.0,1628.1238777837314,1.7151327605127693,868.3405458109366,1533.0791630137485,19.609227617193064,0.0,1513.4699353965555,1.7429451413939647,9.80499952963711,24.17479278746618
S2-000399,6758.T,6758.T|swing|2024-03-11T15:00:00Z,JPY,2024-03-13T00:00:00Z,2024-04-19T06:00:00Z,stop,26,1086.1535714383335,2601.2999999999997,2500.1957053571427,2501.4464285714284,0.006196170766466324,0.006067224851352991,108456.31322801544,-109814.79071409268,5541.007780050981,9775.382142945002,-105580.41635119866,-0.9734833612611321,672.0138374621441,-1030.5962710318615,33.98286534843077,59.78095733210006,-1004.7981790481922,-1.4952045970404508,16.99117927294051,-350.1650750835827
S2-000400,6857.T,6857.T|swing|2024-03-12T15:00:00Z,JPY,2024-03-14T00:00:00Z,2024-04-11T00:00:00Z,stop,19,217.4433499025571,6564.2805,5886.0555,5912.821428571428,0.0061793239819563734,0.006064649160046092,141655.44281583777,-147475.51598766167,2707.2427672524027,3913.980298246028,-146268.77845666805,-1.0325673023861706,875.334874966556,-1058.0694195292263,16.582159729825435,23.935789495144494,-1050.7157897639072,-1.2003586510865936,8.290817420261465,-146.77042683527753
S2-000401,NVDA,NVDA|swing|2024-03-13T04:00:00Z,USD,2024-03-14T13:30:00Z,2024-04-19T20:00:00Z,stop,25,105.98490558039327,89.62179198074341,80.54092239093781,80.58121299743652,0.9141603437242891,0.9387027128508402,958.1649099378682,-962.4351060634112,18.034679215986063,0.0,-980.4697852793973,-1.0232787436799116,875.9163634133541,-670.3233489890965,16.696085209425267,0.0,-687.0194341985218,-0.7843436461459393,8.347877110844511,209.4966583821544
S2-000402,AMD,AMD|swing|2024-03-13T04:00:00Z,USD,2024-03-14T13:30:00Z,2024-04-04T20:00:00Z,stop,14,43.88127282325059,193.01645816802977,171.0954729840415,171.1810635157994,0.9141603437242891,0.9214891264283082,958.1649099378682,-961.9207314130236,15.977694989084675,0.0,-977.8984264021083,-1.020595114953145,875.9163634133541,-824.3261131305094,14.661198816477038,0.0,-838.9873119469864,-0.9578395232594364,7.330395159308553,55.02367333353919
S2-000403,6501.T,6501.T|swing|2024-03-13T15:00:00Z,JPY,2024-03-15T00:00:00Z,2024-03-21T06:00:00Z,objetivo,3,1082.0328581043343,2473.236,2711.9647678571428,2342.785714285714,0.006184291898577613,0.0060775495320286865,141151.49549195552,258312.37099619044,5610.557606689254,0.0,252701.81338950119,1.7902878925140622,872.922050043015,1284.2505680610705,34.38409741835831,0.0,1249.866470642712,1.4318191075378637,17.19237406991364,-313.22853519304505
S2-000404,ENI.MI,ENI.MI|swing|2024-03-19T23:00:00Z,EUR,2024-03-21T08:00:00Z,2024-04-04T15:30:00Z,objetivo,8,1234.2722468649372,14.427210076332091,15.332973288467953,13.92835739680699,1.0,1.0,615.7200176120424,1117.958394970532,36.732168388784274,0.0,1081.2262265817478,1.7560355285752869,615.7200176120424,1117.958394970532,36.732168388784274,0.0,1081.2262265817478,1.7560355285752869,18.366368275581664,0.0
S2-000405,ADBE,ADBE|swing|2024-03-20T04:00:00Z,USD,2024-03-21T13:30:00Z,2024-04-08T20:00:00Z,stop,11,25.510872447520658,517.8587755737304,479.75821615900315,479.99821526663646,0.9221689413500553,0.9239582370876837,965.855924785938,-971.9785114082902,25.450079827573038,0.0,-997.4285912358632,-1.0326887951294834,890.6823356565271,-874.429113705261,23.49117245304255,0.0,-897.9202861583035,-1.0081262984703083,11.745370555584618,21.899281175123825
S2-000406,9988.HK,9988.HK|swing|2024-03-20T16:00:00Z,HKD,2024-03-22T01:30:00Z,2024-04-17T08:00:00Z,stop,15,1582.559308290154,72.2360969467163,67.36452122456687,67.39822033473423,0.1172332942555686,0.12004225487371556,7656.226664651455,-7709.557505127909,220.9262577300238,0.0,-7930.4837628579335,-1.0358214444554932,897.5646734644146,-604.3581665473963,26.199371638276954,0.0,-630.5575381856733,-0.7025204498655804,13.09953800447905,299.4586570314897
S2-000407,MC.PA,MC.PA|swing|2024-03-20T23:00:00Z,EUR,2024-03-22T08:00:00Z,2024-04-05T07:00:00Z,stop,8,21.35867333598486,839.3194744262695,802.6984255981446,805.6678706577846,1.0,1.0,718.753612123065,-782.1770191410712,35.071323938461305,0.0,-817.2483430795326,-1.137035458737428,718.753612123065,-782.1770191410712,35.071323938461305,0.0,-817.2483430795326,-1.137035458737428,17.53547080884171,0.0
S2-000408,MU,MU|swing|2024-03-21T04:00:00Z,USD,2024-03-22T13:30:00Z,2024-04-01T20:00:00Z,objetivo,5,91.2573492959361,109.36465255737303,126.55454832322258,98.67142595563617,0.9168423947923352,0.9249838127832763,975.8355150952971,1568.7043222648645,21.52936092037863,10.494595169032651,1557.6695565135185,1.5962419203008833,894.6873705833841,1532.2801295075997,19.833056326549652,9.707330653068775,1522.1544038341187,1.7013254616990876,9.916913712533802,94.02550196119506
S2-000409,6501.T,6501.T|swing|2024-03-21T15:00:00Z,JPY,2024-03-25T00:00:00Z,2024-04-30T06:00:00Z,objetivo,25,1086.7436211125469,2704.3514999999998,3013.2426250000003,2583.5,0.0061072431904238425,0.005969080164746613,131334.5967268827,335685.45971202897,6213.5589434543235,21734.872422250937,351206.77319082554,2.6741375231172237,802.0923215273159,1597.6810266300206,37.49528383438802,132.9187403513389,1693.1044831469717,2.1108598570336916,18.748046024458528,-452.43171132056256
S2-000410,EUNN.DE,EUNN.DE|swing|2024-03-27T23:00:00Z,EUR,2024-04-02T07:00:00Z,2024-04-16T07:00:00Z,stop,10,353.78310907136853,51.42970132827759,50.35481106758118,50.52685873849051,1.0,1.0,319.4104584169185,-380.2780183397086,36.009641250720165,0.0,-416.28765959042875,-1.3033000286016272,319.4104584169185,-380.2780183397086,36.009641250720165,0.0,-416.28765959042875,-1.3033000286016272,18.004730057036404,0.0
S2-000411,MU,MU|swing|2024-04-01T04:00:00Z,USD,2024-04-02T13:30:00Z,2024-04-19T13:30:00Z,stop,13,79.09928931692406,122.77135408401489,109.60517366027833,110.31607491629464,0.9249838127832763,0.9364172675344132,985.2037304105611,-1041.4355145359602,18.38081819850808,0.0,-1059.8163327344682,-1.0757331707349647,911.297502923468,-864.1864693384658,17.101083822997158,0.0,-881.2875531614629,-0.9670689871685896,8.550328002462557,99.12452366492082
S2-000412,7203.T,7203.T|swing|2024-04-03T15:00:00Z,JPY,2024-04-05T00:00:00Z,2024-05-10T06:00:00Z,stop,22,824.8744298287857,3606.8025,3432.9612321428576,3434.6785714285716,0.006072014087072682,0.005976571838393498,141980.62744024748,-143397.21670437334,5806.921094680703,0.0,-149204.13779905403,-1.050876732192542,862.1083699086009,-1140.9796470571257,34.989436962239594,0.0,-1175.9690840193653,-1.3640617874340313,17.494437609814604,-270.2697271811575
S2-000413,OR.PA,OR.PA|swing|2024-04-03T22:00:00Z,EUR,2024-04-05T07:00:00Z,2024-04-05T15:30:00Z,stop,0,43.22129188583101,415.6076938934326,412.88631093215946,413.09285736083984,1.0,1.0,108.69448382034315,-117.62168730231396,35.808581208228,0.0,-153.43026851054196,-1.4115736430943528,108.69448382034315,-117.62168730231396,35.808581208228,0.0,-153.43026851054196,-1.4115736430943528,17.904265674756722,0.0
S2-000414,COIN,COIN|swing|2024-04-04T04:00:00Z,USD,2024-04-05T13:30:00Z,2024-04-30T20:00:00Z,stop,17,23.341612303208805,245.03245866394042,203.17801236070906,203.27965218680245,0.9214891264283082,0.9330098899048329,974.5778213602598,-976.9502587754973,10.461955044895973,0.0,-987.4122138203933,-1.0131691817511503,898.0628652416696,-845.611792165643,9.695215063410721,0.0,-855.3070072290537,-0.9523910188613465,4.84739734060614,54.637248357299626
S2-000415,1810.HK,1810.HK|swing|2024-04-04T16:00:00Z,HKD,2024-04-08T01:30:00Z,2024-05-08T08:00:00Z,objetivo,21,4561.8114672184165,15.367679656505583,18.289779375399863,13.700714043208531,0.11783004194749493,0.11876907728303858,7604.38285019727,13330.06800600764,153.53898256918035,0.0,13176.52902343846,1.732754555236082,896.0247502235554,1649.0304397602008,18.169852724151575,0.0,1630.8605870360493,1.8201066283371687,9.085340891019865,78.34796744936124
S2-000416,ENR.DE,ENR.DE|swing|2024-04-04T22:00:00Z,EUR,2024-04-08T07:00:00Z,2024-05-03T07:00:00Z,objetivo,18,684.4924910670311,17.673833415985108,19.845072042465212,16.362142086029053,1.0,1.0,897.8428659526472,1486.1965361403254,25.68140905936309,0.0,1460.5151270809624,1.6266934699439834,897.8428659526472,1486.1965361403254,25.68140905936309,0.0,1460.5151270809624,1.6266934699439834,12.84107928908439,0.0
S2-000417,TSLA,TSLA|swing|2024-04-08T04:00:00Z,USD,2024-04-09T13:30:00Z,2024-04-16T13:30:00Z,stop,5,68.2973560772289,172.99645866394042,156.6616354904175,158.60767255510603,0.9239582370876837,0.9384384384384383,982.7160483941466,-1115.625234740665,22.51477624020083,0.0,-1138.140010980866,-1.158157550027495,907.9885876320305,-875.8591174943848,20.95764497096676,0.0,-896.8167624653515,-0.9876960731457932,10.478606140353719,154.9320076471338
S2-000418,ARM,ARM|swing|2024-04-11T04:00:00Z,USD,2024-04-12T13:30:00Z,2024-04-17T20:00:00Z,stop,3,64.96806410733802,129.05450049591064,113.87232231330873,113.92928695678711,0.9320533134495294,0.9400263207369806,982.6558428469549,-986.35672545631,15.782485397661308,0.0,-1002.1392108539712,-1.0198272550342438,915.8876343060443,-860.3522333400034,14.769102630223813,0.0,-875.1213359702272,-0.9554898474344997,7.384338073137325,58.984820864778094
S2-000419,IBE.MC,IBE.MC|swing|2024-04-14T22:00:00Z,EUR,2024-04-16T07:00:00Z,2024-05-08T15:30:00Z,objetivo,15,1592.3736789734796,11.205599809169769,11.929032596000603,10.810000317437309,1.0,1.0,629.9422180500558,1151.9753282558524,36.838979714720224,0.0,1115.1363485411323,1.7702200560441284,629.9422180500558,1151.9753282558524,36.838979714720224,0.0,1115.1363485411323,1.7702200560441284,18.419782456137167,0.0
S2-000420,XOM,XOM|swing|2024-04-15T04:00:00Z,USD,2024-04-16T13:30:00Z,2024-05-03T20:00:00Z,stop,13,157.9362630281684,119.61977755737304,114.76723040499006,114.82464272635323,0.9384384384384383,0.9307520476545048,757.3256759274764,-766.3931634153483,37.018208139929186,0.0,-803.4113715552776,-1.0608532063452905,710.7035247067157,-858.5356117735628,34.599986632356064,0.0,-893.1355984059188,-1.2566922315103009,17.299783007219542,-139.3228082681695
S2-000421,APP,APP|swing|2024-04-15T04:00:00Z,USD,2024-04-16T13:30:00Z,2024-05-09T20:00:00Z,objetivo,17,112.93369150326286,70.84540255737305,84.8109701260158,62.48106929234096,0.9384384384384383,0.9317927692881104,944.6150325836131,1577.1830994650736,17.57884877314275,0.0,1559.604250691931,1.651047460494317,886.4630561032404,1416.4369199642558,16.433015067184293,0.0,1400.0039048970716,1.5793144398496202,8.216863697038306,-63.65232502924426
S2-000422,MRVL,MRVL|swing|2024-04-16T04:00:00Z,USD,2024-04-17T13:30:00Z,2024-04-19T20:00:00Z,stop,2,160.78215103363485,68.4842219467163,62.631524673938756,62.662856101989746,0.940114693992667,0.9387027128508402,935.9717224688686,-941.0092568658623,21.08107177604996,0.0,-962.0903286419123,-1.0279053368237974,879.9207694546099,-898.8753237988677,19.804406647542507,0.0,-918.6797304464102,-1.0440482397248378,9.901981080434044,-14.218694236150698
S2-000423,7011.T,7011.T|swing|2024-04-16T15:00:00Z,JPY,2024-04-18T00:00:00Z,2024-05-09T06:00:00Z,stop,12,1209.3204938943252,1363.6815,1244.323955357143,1244.9464285714287,0.0060775495320286865,0.005982650314089141,143588.75522257775,-144341.52483751375,3153.9144453515946,0.0,-147495.43928286535,-1.027207451267558,872.667772107559,-1020.0458249729488,19.025268203160685,0.0,-1039.0710931761096,-1.1906834724361068,9.512381468218875,-142.80305824441024
S2-000424,BSP.DE,BSP.DE|swing|2024-04-17T22:00:00Z,EUR,2024-04-19T07:00:00Z,2024-05-27T15:30:00Z,objetivo,25,933.4066106104424,15.277635457992552,16.749031650798663,14.353392396654401,1.0,1.0,862.6945832638629,1373.4109331922612,29.893902795165747,0.0,1343.5170303970954,1.557349560853993,862.6945832638629,1373.4109331922612,29.893902795165747,0.0,1343.5170303970954,1.557349560853993,14.947298487137196,0.0
S2-000425,PLTR,PLTR|swing|2024-04-18T04:00:00Z,USD,2024-04-19T13:30:00Z,2024-05-06T20:00:00Z,objetivo,11,445.01724203537617,20.990489542007445,24.423139687606266,18.926427023751394,0.9364172675344132,0.9279881217520417,918.5434092629012,1527.5885006667197,20.209848030579842,0.0,1507.3786526361398,1.6410532560957116,860.1399094137101,1338.8462389828578,18.833236659352853,0.0,1320.013002323505,1.5346491749502174,9.41695539547398,-91.61401072846286
S2-000426,8035.T,8035.T|swing|2024-04-18T15:00:00Z,JPY,2024-04-22T00:00:00Z,2024-06-20T06:00:00Z,tiempo,40,50.53086814501645,32846.415,34872.555,30071.071428571428,0.006072382803011901,0.005889975262103899,140240.52006497627,102382.6131833436,3421.898343986325,0.0,98960.71483935727,0.7056499419248216,851.5941223280074,300.27870818884486,20.457648946244355,0.0,279.8210592426005,0.3285850053516717,10.228902100024929,-321.4277114331099
S2-000427,6758.T,6758.T|swing|2024-04-18T15:00:00Z,JPY,2024-04-22T00:00:00Z,2024-05-08T06:00:00Z,stop,9,1112.463768631369,2521.2599999999998,2449.471080357143,2450.6964285714284,0.006072382803011901,0.00600781015319916,78499.41659951725,-79862.57209186706,5529.758230507183,0.0,-85392.33032237424,-1.087808470705238,476.6785074053755,-660.9132113083683,33.402851681811924,0.0,-694.3160629901803,-1.4565709428969955,16.701264787916514,-175.95710193341634
S2-000428,ARM,ARM|swing|2024-04-24T04:00:00Z,USD,2024-04-25T13:30:00Z,2024-06-03T20:00:00Z,objetivo,26,59.12064629340203,96.09802805328368,128.8812389611517,80.50285421098982,0.9358038555118847,0.9223390518354546,921.9967566143708,1938.164616446064,13.300919668509284,0.0,1924.8636967775547,2.087712004373826,862.8081196091811,1711.146281634193,12.3444562685921,0.0,1698.801825365601,1.9689219268533227,6.1726574640298555,-102.5956390527475
S2-000429,IQQK.DE,IQQK.DE|swing|2024-04-28T22:00:00Z,EUR,2024-04-30T07:00:00Z,2024-05-31T07:00:00Z,stop,22,425.0044952975039,42.01599643135071,40.1948926525116,40.40767812728882,1.0,1.0,683.5425090955606,-773.9772924098929,34.93999742304597,0.0,-808.9172898329389,-1.1834191422904623,683.5425090955606,-773.9772924098929,34.93999742304597,0.0,-808.9172898329389,-1.1834191422904623,17.46980958465153,0.0
S2-000430,TSLA,TSLA|swing|2024-04-30T04:00:00Z,USD,2024-05-01T13:30:00Z,2024-06-28T20:00:00Z,tiempo,40,38.83107220516191,182.09099999999998,197.7810648803711,157.7835649762835,0.9330098899048329,0.9341429238673516,943.8837645282166,609.2620422733662,14.75083958009364,0.0,594.5112026932726,0.6298563711289477,880.6528872254306,577.1492693876073,13.77138097102996,0.0,563.3778884165773,0.639727521011764,6.885836494290321,8.701758402940483
S2-000431,RRU.DE,RRU.DE|swing|2024-05-01T22:00:00Z,EUR,2024-05-03T07:00:00Z,2024-05-27T15:30:00Z,objetivo,16,2540.945248056521,4.781389305353164,5.364745014148099,4.431714568819318,1.0,1.0,888.5043601610913,1482.2749161891334,25.780771785279917,0.0,1456.4941444038534,1.6392650500215689,888.5043601610913,1482.2749161891334,25.780771785279917,0.0,1456.4941444038534,1.6392650500215689,12.890759684056611,0.0
S2-000432,QDV5.DE,QDV5.DE|swing|2024-05-02T22:00:00Z,EUR,2024-05-06T07:00:00Z,2024-05-09T15:30:00Z,stop,3,2074.963577747799,8.649322957992553,8.452664010099003,8.456892456327166,1.0,1.0,399.28628220341403,-408.0601541173177,35.48600006590748,0.0,-443.5461541832252,-1.1108474644697741,399.28628220341403,-408.0601541173177,35.48600006590748,0.0,-443.5461541832252,-1.1108474644697741,17.74290245363769,0.0
S2-000433,ADYEN.AS,ADYEN.AS|swing|2024-05-05T22:00:00Z,EUR,2024-05-07T07:00:00Z,2024-07-02T15:30:00Z,tiempo,40,7.980760206034752,1188.1937755737304,1116.6413511962892,1074.971455165318,1.0,1.0,903.6001891503734,-571.0427411167935,18.394336461197234,0.0,-589.4370775779907,-0.6523206664356941,903.6001891503734,-571.0427411167935,18.394336461197234,0.0,-589.4370775779907,-0.6523206664356941,9.19702776916851,0.0
S2-000434,MC.PA,MC.PA|swing|2024-05-06T22:00:00Z,EUR,2024-05-08T07:00:00Z,2024-05-22T15:30:00Z,stop,10,22.65293638377427,790.395,760.0287256322589,760.4089300973075,1.0,1.0,679.272533905102,-687.8852814646741,35.12165002464186,0.0,-723.006931489316,-1.0643841689473108,679.272533905102,-687.8852814646741,35.12165002464186,0.0,-723.006931489316,-1.0643841689473108,17.560657431162475,0.0
S2-000435,COIN,COIN|swing|2024-05-07T04:00:00Z,USD,2024-05-08T13:30:00Z,2024-07-08T20:00:00Z,tiempo,40,26.213898781644684,209.60475,220.44971755981447,172.80427006312777,0.9288500835965076,0.9229349330872174,964.6840561811143,284.28888190319685,11.273404283207073,0.0,273.0154776199898,0.28301025177172884,896.046866228046,229.8790044154316,10.437119763568205,0.0,219.4418846518634,0.2449000079377711,5.21861865618927,-34.18274730591063
S2-000436,6857.T,6857.T|swing|2024-05-07T15:00:00Z,JPY,2024-05-09T00:00:00Z,2024-06-26T06:00:00Z,objetivo,34,569.5945499898576,5152.575,6078.298616071429,4889.910714285715,0.005982650314089141,0.005853430110044486,149612.14561983562,527287.1265111894,6397.0444033391705,0.0,520890.08210785023,3.48160291365269,895.0771499840598,2707.192726457277,37.82389794229922,0.0,2669.368828514978,2.982277928290892,18.91263049748845,-447.3817665800495
S2-000437,SU.PA,SU.PA|swing|2024-05-07T22:00:00Z,EUR,2024-05-09T07:00:00Z,2024-07-04T15:30:00Z,tiempo,40,67.76734448807261,225.96293110656737,230.43472805023194,212.85534722464425,1.0,1.0,888.2661523325921,303.04180396202725,30.928857391628764,237.18570570825415,509.29865227865264,0.5733626694445482,888.2661523325921,303.04180396202725,30.928857391628764,237.18570570825415,509.29865227865264,0.5733626694445482,15.464508322391037,0.0
S2-000438,6758.T,6758.T|swing|2024-05-08T15:00:00Z,JPY,2024-05-10T00:00:00Z,2024-05-15T00:00:00Z,objetivo,3,1294.2303324030277,2308.1535,2605.6965,2218.8214285714284,0.005976571838393498,0.005921013677541596,115616.27649925103,385089.1757941942,6359.653718878618,0.0,378729.5220753156,3.2757457128259015,690.9889821853398,2114.1503679982657,37.82156456286095,0.0,2076.3288034354046,3.0048652829003917,18.91131554685043,-187.36275532347736
S2-000439,BBVA.MC,BBVA.MC|swing|2024-05-08T22:00:00Z,EUR,2024-05-10T07:00:00Z,2024-06-14T15:30:00Z,stop,25,1127.0697427753837,9.642818534374237,8.847538253188134,8.851964235305786,1.0,1.0,891.3479514238858,-896.3363419507567,20.839921668382992,0.0,-917.1762636191397,-1.028976688793635,891.3479514238858,-896.3363419507567,20.839921668382992,0.0,-917.1762636191397,-1.028976688793635,10.419739355040734,0.0
S2-000440,MBG.DE,MBG.DE|swing|2024-05-08T22:00:00Z,EUR,2024-05-10T07:00:00Z,2024-06-10T15:30:00Z,stop,21,213.86048372915624,68.68432652664184,64.48417372873853,64.51643194471087,1.0,1.0,891.3479514238859,-898.2467090959718,28.479479882101913,0.0,-926.7261889780738,-1.039690715054287,891.3479514238859,-898.2467090959718,28.479479882101913,0.0,-926.7261889780738,-1.039690715054287,14.239518939250612,0.0
S2-000441,7203.T,7203.T|swing|2024-05-13T15:00:00Z,JPY,2024-05-15T00:00:00Z,2024-05-16T06:00:00Z,stop,1,895.4850431581041,3410.7045,3319.6429196428576,3321.3035714285716,0.005921013677541596,0.005937184587068812,80057.19438016003,-81544.2832161607,6026.925449547919,0.0,-87571.20866570862,-1.0938580766379034,474.0197429105337,-434.7537057754303,35.73357913076954,0.0,-470.4872849061999,-0.9925478673469503,17.86668534362711,48.07111047278222
S2-000442,IQQT.DE,IQQT.DE|swing|2024-05-14T22:00:00Z,EUR,2024-05-16T07:00:00Z,2024-06-04T15:30:00Z,stop,13,230.94280843769147,79.38967347335814,77.60153670283727,77.6403568812779,1.0,1.0,403.99208662166404,-412.95732765479556,36.255990978122455,0.0,-449.213318632918,-1.1119359351550946,403.99208662166404,-412.95732765479556,36.255990978122455,0.0,-449.213318632918,-1.1119359351550946,18.127896781699185,0.0
S2-000443,7203.T,7203.T|swing|2024-05-21T15:00:00Z,JPY,2024-05-23T00:00:00Z,2024-06-04T06:00:00Z,stop,8,907.0599246689304,3388.6935,3293.9057946428575,3295.5535714285716,0.005898313082458417,0.0058792404021400435,84483.49659366932,-85978.12888079035,6061.518012791398,0.0,-92039.64689358174,-1.0894393651372454,498.31011321027086,-564.1107033506211,35.69574621343709,0.0,-599.8064495640582,-1.203681068601871,17.84773654097502,-56.98478096775997
S2-000444,6501.T,6501.T|swing|2024-05-26T15:00:00Z,JPY,2024-05-28T00:00:00Z,2024-06-11T06:00:00Z,objetivo,10,898.2807618474254,3164.5815,3457.7880982142856,2990.3214285714284,0.005879931792791204,0.005926277112717791,156534.46972244384,263381.84642262064,5948.747207919157,0.0,257433.09921470148,1.6445777065662543,920.4120051887096,1692.618846648773,35.122179389346115,0.0,1657.4966672594269,1.800820347752412,17.561517239762175,143.951554224357
S2-000445,7011.T,7011.T|swing|2024-05-26T15:00:00Z,JPY,2024-05-28T00:00:00Z,2024-06-14T06:00:00Z,objetivo,13,1327.925793180178,1365.6825,1545.0217455357144,1247.8035714285713,0.005879931792791204,0.005896921806816841,156534.4697224438,238149.20987634847,3865.1992439659252,0.0,234284.01063238253,1.4966927798573622,920.4120051887095,1435.159084471474,22.7619658939592,0.0,1412.397118577515,1.5345270494249312,11.38134458208502,34.857973891428344
S2-000446,IFX.DE,IFX.DE|swing|2024-05-29T22:00:00Z,EUR,2024-05-31T07:00:00Z,2024-06-19T15:30:00Z,stop,13,443.8366008358998,36.823402805328364,34.769390916143145,34.78678430829729,1.0,1.0,903.9258309217897,-911.6456549724924,31.775502209683662,0.0,-943.421157182176,-1.0436931050195903,903.9258309217897,-911.6456549724924,31.775502209683662,0.0,-943.421157182176,-1.0436931050195903,15.887527165307016,0.0
S2-000447,ENI.MI,ENI.MI|swing|2024-06-02T22:00:00Z,EUR,2024-06-04T07:00:00Z,2024-06-04T15:30:00Z,stop,0,1262.4214973041544,14.329160549640655,14.073459416244713,14.08049966607775,1.0,1.0,313.914844948455,-322.8026076840739,35.85607802469388,0.0,-358.6586857087678,-1.1425349628421035,313.914844948455,-322.8026076840739,35.85607802469388,0.0,-358.6586857087678,-1.1425349628421035,17.927962793683214,0.0
S2-000448,CRWD,CRWD|swing|2024-06-03T04:00:00Z,USD,2024-06-04T13:30:00Z,2024-06-10T13:30:00Z,objetivo,4,120.07273765173441,77.53875,91.72911402511598,69.37261240822929,0.9223390518354546,0.9175995595522113,980.5304966846503,1703.8758567703615,20.324455829957202,0.0,1683.5514009404042,1.7169801516962437,904.3815686078677,1519.349688157913,18.69383776525332,0.0,1500.6558503926597,1.6593171538233011,9.347301056872194,-52.2015540209849
S2-000449,SIE.DE,SIE.DE|swing|2024-06-03T22:00:00Z,EUR,2024-06-05T07:00:00Z,2024-06-14T15:30:00Z,stop,7,101.60379539875579,175.68780610656736,169.42345811966487,169.50821222577775,1.0,1.0,627.8701923111508,-636.4815311678486,35.06461428024805,0.0,-671.5461454480967,-1.069562074568594,627.8701923111508,-636.4815311678486,35.06461428024805,0.0,-671.5461454480967,-1.069562074568594,17.532152402776838,0.0
S2-000450,MC.PA,MC.PA|swing|2024-06-03T22:00:00Z,EUR,2024-06-05T07:00:00Z,2024-06-14T15:30:00Z,stop,7,24.05504489486475,742.0708622131348,720.569906779698,720.9303719656808,1.0,1.0,508.5354420019553,-517.2064482338067,35.1838893631821,0.0,-552.3903375969887,-1.0862376384670251,508.5354420019553,-517.2064482338067,35.1838893631821,0.0,-552.3903375969887,-1.0862376384670251,17.591819777932564,0.0
S2-000451,APP,APP|swing|2024-06-07T04:00:00Z,USD,2024-06-10T13:30:00Z,2024-06-11T20:00:00Z,stop,1,116.63699820173125,81.22059030532836,72.59493829672678,72.63125392368862,0.9175995595522113,0.9319664492078286,1001.834412099379,-1006.0701578160216,17.940581532956248,0.0,-1024.010739348978,-1.0221357212147741,919.2828152866388,-801.5214055413874,16.583917840900405,0.0,-818.1053233822878,-0.8899386671632677,8.291760613036981,121.6481281492176
S2-000452,0700.HK,0700.HK|swing|2024-06-06T16:00:00Z,HKD,2024-06-11T01:30:00Z,2024-08-07T08:00:00Z,tiempo,40,342.21263605745656,367.5836938934326,363.21829389953615,345.0499703543527,0.1189867091845841,0.11757098348127683,7711.324932498497,-1493.8950393565124,250.08967467866103,0.0,-1743.9847140351735,-0.22615889348474338,917.5451771710312,-353.7253720847409,29.581375673572552,0.0,-383.30674775831346,-0.4177524521900078,14.790603103093055,-175.9717174845363
S2-000453,BSP.DE,BSP.DE|swing|2024-06-09T22:00:00Z,EUR,2024-06-11T07:00:00Z,2024-06-14T15:30:00Z,stop,3,1113.5937895292466,16.56327780532837,15.851356256621225,15.85928589957101,1.0,1.0,783.9610141302538,-792.7914152723185,36.09673518125024,0.0,-828.8881504535688,-1.0573078705618522,783.9610141302538,-792.7914152723185,36.09673518125024,0.0,-828.8881504535688,-1.0573078705618522,18.04817390481351,0.0
S2-000454,CRM,CRM|swing|2024-06-11T04:00:00Z,USD,2024-06-12T13:30:00Z,2024-08-09T20:00:00Z,tiempo,40,34.14895564295331,240.68027755737305,252.40373377990724,212.00964137486048,0.9319664492078286,0.9160025648071816,979.0722832518738,400.34378652542523,16.838304031406274,13.659582257181325,397.1650647512003,0.4056544869517326,912.4625193400502,235.50908669605397,15.555136528337105,12.631387328630781,232.58533749634765,0.2548985109706948,7.777629085846986,-137.59789049446363
S2-000455,AMD,AMD|swing|2024-06-13T04:00:00Z,USD,2024-06-14T13:30:00Z,2024-07-10T20:00:00Z,objetivo,16,63.52461603589394,158.57925,185.1011409785407,143.03749792916435,0.9272997032640949,0.9237875288683602,987.2838328248946,1684.7929409576382,21.83216487597771,0.0,1662.9607760816605,1.6843796290307576,915.5080052159631,1521.0101656563534,20.203662182551817,0.0,1500.8065034738015,1.6393155438545508,10.102213869370232,-41.29782855510668
S2-000456,7203.T,7203.T|swing|2024-06-13T15:00:00Z,JPY,2024-06-17T00:00:00Z,2024-06-17T06:00:00Z,stop,0,993.4876053582992,3057.528,3034.8568125,3036.375,0.0059594755661501785,0.0059594755661501785,21015.243316143897,-22523.54378000364,6052.708798291896,0.0,-28576.252578295538,-1.3597869007942096,125.2398290592604,-134.22850882004545,36.07097019244276,0.0,-170.2994790124882,-1.359786900794209,18.03545604795601,0.0
S2-000457,6758.T,6758.T|swing|2024-06-13T15:00:00Z,JPY,2024-06-17T00:00:00Z,2024-07-04T06:00:00Z,objetivo,13,1183.663985175424,2566.2825,2800.0635535714287,2477.3571428571427,0.0059594755661501785,0.005741187277528993,105257.74261886213,276718.21352886676,6351.950555600766,0.0,270366.262973266,2.5686116407822004,627.2809452852332,925.6150515090064,37.130813752771815,0.0,888.4842377562346,1.416405590563936,18.565642921557966,-723.4803807250042
S2-000458,6501.T,6501.T|swing|2024-06-13T15:00:00Z,JPY,2024-06-17T00:00:00Z,2024-07-09T06:00:00Z,objetivo,16,787.1470401905017,3403.701,3774.4868125000003,3210.75,0.0059594755661501785,0.005734931467568962,151880.8085517975,291862.95485400554,5650.289290540907,0.0,286212.66556346463,1.884455766943422,905.1299675315703,1072.212538329562,33.00562335887129,0.0,1039.2069149706906,1.1481300501018312,16.503083858340077,-667.1376097872753
S2-000459,7011.T,7011.T|swing|2024-06-13T15:00:00Z,JPY,2024-06-17T00:00:00Z,2024-06-28T00:00:00Z,objetivo,9,1406.7703803378988,1536.26775,1747.1260000000002,1428.3035714285713,0.0059594755661501785,0.005825468950250495,151880.8085517975,296629.14054988406,4618.981074486581,0.0,292010.1594753975,1.922627106477447,905.1299675315703,1438.391970315687,27.197342708913396,0.0,1411.1946276067738,1.5591071760172965,13.599034352206012,-329.3621449994762
S2-000460,BBVA.MC,BBVA.MC|swing|2024-06-13T22:00:00Z,EUR,2024-06-17T07:00:00Z,2024-07-18T15:30:00Z,objetivo,23,1968.0127256113958,9.094545152664184,9.973404647273679,8.72610706942422,1.0,1.0,725.0908364161191,1729.606669415886,37.52596785759698,0.0,1692.080701558289,2.33361203393726,725.0908364161191,1729.606669415886,37.52596785759698,0.0,1692.080701558289,2.33361203393726,18.763421021316574,0.0
S2-000461,9988.HK,9988.HK|swing|2024-06-18T16:00:00Z,HKD,2024-06-20T01:30:00Z,2024-08-16T08:00:00Z,tiempo,40,1661.7598454214735,73.98697194671631,80.05994847488404,69.44107219151088,0.11918240867647936,0.11655011655011654,7554.193674511683,10091.828536696243,255.98898666745265,0.0,9835.83955002879,1.3020369842006463,900.3269977369267,852.5672155344486,30.159182808259125,0.0,822.4080327261894,0.9134548167425887,15.079808315884712,-350.20121741904046
S2-000462,ARM,ARM|swing|2024-06-18T04:00:00Z,USD,2024-06-20T13:30:00Z,2024-06-25T20:00:00Z,stop,3,41.80504557710274,173.2165698852539,149.8907322782789,149.9657151358468,0.9303190994511118,0.9333582228859437,972.0030425055594,-975.137704283687,13.507515493241197,0.0,-988.6452197769281,-1.0171215279619596,904.2729951675127,-888.1455093737309,12.585343371010385,0.0,-900.7308527447412,-0.9960828837732622,6.2924512222397695,19.043721516293935
S2-000463,RACE.MI,RACE.MI|swing|2024-06-24T22:00:00Z,EUR,2024-06-26T07:00:00Z,2024-07-02T15:30:00Z,stop,4,45.95326455833735,396.198,377.69319350651335,377.8821345738002,1.0,1.0,841.6738095450621,-850.3562683960299,35.56282675457226,0.0,-885.9190951506022,-1.0525682100402474,841.6738095450621,-850.3562683960299,35.56282675457226,0.0,-885.9190951506022,-1.0525682100402474,17.781205233517625,0.0
S2-000464,APP,APP|swing|2024-06-25T04:00:00Z,USD,2024-06-26T13:30:00Z,2024-08-02T13:30:00Z,stop,26,104.01145227661269,80.76036122131347,70.48973902511597,71.38214002336774,0.9333582228859437,0.9268699601445918,975.4424065696502,-1068.262330410916,15.73174258361438,0.0,-1083.9940729945304,-1.1112845470873316,910.437191123437,-1044.641686581035,14.635781044448738,0.0,-1059.2774676254837,-1.1634822016864061,7.317631191210301,-47.570256292705025
S2-000465,1810.HK,1810.HK|swing|2024-06-26T16:00:00Z,HKD,2024-06-28T01:30:00Z,2024-08-22T08:00:00Z,objetivo,38,5369.909453803237,16.388189160346982,18.893050094008448,14.965000629425049,0.11973036721303625,0.11542812290786528,7642.3935467420315,13450.876408131106,189.4570602138571,0.0,13261.419347917248,1.7352442355668296,915.0265857379619,1173.998614279732,22.24728363310446,0.0,1151.7513306466276,1.2587080513269995,11.123938097187501,-436.4797574029703
S2-000466,ARM,ARM|swing|2024-06-28T04:00:00Z,USD,2024-07-01T13:30:00Z,2024-07-30T20:00:00Z,stop,20,34.49693653341656,163.51170767211914,134.99228182247705,135.05981172834123,0.9341429238673516,0.9238728750923872,981.5032486278786,-983.8328235045828,10.29747318056673,0.0,-994.1302966851496,-1.0128650089288276,916.8643144585508,-966.8662407149959,9.57148593497049,0.0,-976.4377266499664,-1.0649751672651764,4.785502447300981,-47.825770369752554
S2-000467,NVDA,NVDA|swing|2024-06-28T04:00:00Z,USD,2024-07-01T13:30:00Z,2024-07-25T20:00:00Z,stop,17,65.69658159655165,123.53173622131347,108.53749634674618,108.59179224286761,0.9341429238673516,0.921574048474795,981.5032486278785,-985.070303397778,15.246155273456655,0.0,-1000.3164586712347,-1.0191677511711312,916.8643144585507,-1009.8193534065663,14.152465164906776,0.0,-1023.971818571473,-1.1168193618443685,7.0759818966096795,-89.62289997566651
S2-000468,MC.PA,MC.PA|swing|2024-07-01T22:00:00Z,EUR,2024-07-03T07:00:00Z,2024-07-08T15:30:00Z,stop,3,25.63285596103244,714.357,696.86567748206,697.2142846243722,1.0,1.0,439.4167540044421,-448.35255067031727,36.173667620840185,0.0,-484.5262182911575,-1.1026575884411074,439.4167540044421,-448.35255067031727,36.173667620840185,0.0,-484.5262182911575,-1.1026575884411074,18.08672624396297,0.0
S2-000469,ENR.DE,ENR.DE|swing|2024-07-01T22:00:00Z,EUR,2024-07-03T07:00:00Z,2024-08-05T07:00:00Z,stop,23,438.29217787226776,24.96247576332092,22.728629771232605,22.873571259634836,1.0,1.0,915.5505042877625,-979.0772249036246,20.90263850987563,0.0,-999.9798634135002,-1.09221704180199,915.5505042877625,-979.0772249036246,20.90263850987563,0.0,-999.9798634135002,-1.09221704180199,10.451077098400052,0.0
S2-000470,IBE.MC,IBE.MC|swing|2024-07-02T22:00:00Z,EUR,2024-07-04T07:00:00Z,2024-07-08T15:30:00Z,stop,2,1554.8012505659633,11.955974809169769,11.758939050538201,11.764821461268834,1.0,1.0,297.2054643662438,-306.35144392657503,36.87197772613805,0.0,-343.22342165271306,-1.154835502047707,297.2054643662438,-306.35144392657503,36.87197772613805,0.0,-343.22342165271306,-1.154835502047707,18.435916884184724,0.0
S2-000471,7011.T,7011.T|swing|2024-07-03T15:00:00Z,JPY,2024-07-05T00:00:00Z,2024-07-10T06:00:00Z,stop,3,975.0059824437003,2012.0055,1845.255482142857,1846.1785714285713,0.0057524160147261845,0.0057405281285878304,161682.24740740712,-162582.26498330818,3760.8525334359488,0.0,-166343.11751674413,-1.02882734613153,930.0635492832898,-956.6287384236315,21.6126004287373,0.0,-978.2413388523688,-1.0518005351421469,10.80606375869964,-21.387913623194777
S2-000472,7203.T,7203.T|swing|2024-07-07T15:00:00Z,JPY,2024-07-09T00:00:00Z,2024-07-22T00:00:00Z,stop,8,961.8630766994935,3273.636,3103.4475,3105.714285714286,0.005734931467568962,0.005827166249053085,161517.69674751034,-163698.03422887152,6133.8811556795745,0.0,-169831.9153845511,-1.0514755893902934,926.292921646558,-663.4677398647337,35.45271732584867,0.0,-698.9204571905824,-0.7545350297486854,17.72619722753727,275.3292678136029
S2-000473,ASML.AS,ASML.AS|swing|2024-07-07T22:00:00Z,EUR,2024-07-09T07:00:00Z,2024-07-17T15:30:00Z,stop,6,16.84850544666491,996.7981377868651,941.2684295795987,941.7392992292132,1.0,1.0,927.6591413256426,-935.5925911818424,32.65352511627303,0.0,-968.2461162981155,-1.0437520347338713,927.6591413256426,-935.5925911818424,32.65352511627303,0.0,-968.2461162981155,-1.0437520347338713,16.32653274161924,0.0
S2-000474,TTE.PA,TTE.PA|swing|2024-07-07T22:00:00Z,EUR,2024-07-09T07:00:00Z,2024-07-24T07:00:00Z,stop,11,289.02602575798625,64.19208366394042,61.85905438995362,61.99071570805141,1.0,1.0,636.2526315215831,-674.3061790374456,36.43205947398826,0.0,-710.7382385114339,-1.1170692320937365,636.2526315215831,-674.3061790374456,36.43205947398826,0.0,-710.7382385114339,-1.1170692320937365,18.215865714411873,0.0
S2-000475,TSLA,TSLA|swing|2024-07-08T04:00:00Z,USD,2024-07-09T13:30:00Z,2024-07-24T13:30:00Z,stop,11,43.19917233853515,251.1255,225.30728816986084,227.8382181440081,0.9229349330872174,0.9208103130755064,1005.9913021930364,-1115.325382322988,20.58150212387863,0.0,-1135.9068844468666,-1.1291418543784797,928.4645151758527,-1050.051871433048,18.97470817120804,0.0,-1069.026579604256,-1.1513919618153428,9.487093944409176,-20.679114328306042
S2-000476,MC.PA,MC.PA|swing|2024-07-09T22:00:00Z,EUR,2024-07-11T07:00:00Z,2024-07-19T15:30:00Z,stop,6,26.345125155199494,705.6526377868652,681.2967065233504,681.6375252859933,1.0,1.0,632.6811444516649,-641.6600574087329,36.53935405977451,0.0,-678.1994114685074,-1.0719450348979382,632.6811444516649,-641.6600574087329,36.53935405977451,0.0,-678.1994114685074,-1.0719450348979382,18.26952118224964,0.0
S2-000477,6758.T,6758.T|swing|2024-07-16T15:00:00Z,JPY,2024-07-18T00:00:00Z,2024-07-23T06:00:00Z,stop,3,1041.2377478016942,2981.49,2872.527303571429,2873.964285714286,0.005840780328251854,0.0058548009367681494,111959.8325736253,-113456.07262368475,6095.423792762862,0.0,-119551.49641644761,-1.0678070310424053,653.9327876504018,-620.736583320538,35.64396679490822,0.0,-656.3805501154462,-1.0037431407497386,17.821832668762895,41.93541378059411
S2-000478,8035.T,8035.T|swing|2024-07-17T15:00:00Z,JPY,2024-07-19T00:00:00Z,2024-07-25T00:00:00Z,stop,4,102.25543838991148,30215.1,28945.52,29419.73214285714,0.00584726932522512,0.005979788315493632,81330.68891338735,-129821.45947106362,6049.495133518965,0.0,-135870.95460458257,-1.6705988406083412,475.5624424826766,-366.86644871914655,35.76526191632605,0.0,-402.6317106354726,-0.8466432053244812,17.88254371218563,392.23458900196033
S2-000479,6857.T,6857.T|swing|2024-07-18T15:00:00Z,JPY,2024-07-22T00:00:00Z,2024-07-25T06:00:00Z,stop,3,298.2032986430364,6103.049999999999,5583.421178571429,5586.214285714285,0.005827166249053085,0.005979788315493632,154122.1148565298,-154955.02861999307,3484.9442549467735,0.0,-158439.97287493985,-1.0280158238318329,898.0951859246536,-648.8337944221037,20.561464460730665,0.0,-669.3952588828344,-0.7453500134216217,10.280572592057588,254.1149184733749
S2-000480,IQQT.DE,IQQT.DE|swing|2024-07-18T22:00:00Z,EUR,2024-07-22T07:00:00Z,2024-08-02T07:00:00Z,stop,9,217.4729076548942,82.11103469467163,79.30032633972168,80.58428955078125,1.0,1.0,332.0257056898309,-611.2529185208705,35.1025980126834,0.0,-646.3555165335539,-1.9467032385057592,332.0257056898309,-611.2529185208705,35.1025980126834,0.0,-646.3555165335539,-1.9467032385057592,17.551150580899915,0.0
S2-000481,ADYEN.AS,ADYEN.AS|swing|2024-07-21T22:00:00Z,EUR,2024-07-23T07:00:00Z,2024-07-24T15:30:00Z,stop,1,16.026979507957805,1134.1667755737303,1081.9944682159423,1082.5357360839844,1.0,1.0,827.4896118767184,-836.1645009061442,35.51837084054736,0.0,-871.6828717466916,-1.0534064225528394,827.4896118767184,-836.1645009061442,35.51837084054736,0.0,-871.6828717466916,-1.0534064225528394,17.758980818892056,0.0
S2-000482,COIN,COIN|swing|2024-07-22T04:00:00Z,USD,2024-07-23T13:30:00Z,2024-07-25T20:00:00Z,stop,2,28.804877826057165,263.7318061065674,229.37454640933447,229.4892910548619,0.9184423218221895,0.921574048474795,986.3514625212999,-989.6566680169116,14.203868239473229,0.0,-1003.8605362563848,-1.0177513537520675,905.9069273707751,-888.2509186945158,13.066125374003995,0.0,-901.3170440685197,-0.9949333831505444,6.5328422574825105,20.69164928574832
S2-000483,SU.PA,SU.PA|swing|2024-07-22T22:00:00Z,EUR,2024-07-24T07:00:00Z,2024-07-25T15:30:00Z,stop,1,79.44982825419324,227.96393110656737,217.16635748890468,217.27499498639787,1.0,1.0,849.2341389675095,-857.8653694853089,35.36552497964973,0.0,-893.2308944649586,-1.0518075681118284,849.2341389675095,-857.8653694853089,35.36552497964973,0.0,-893.2308944649586,-1.0518075681118284,17.682552444119175,0.0
S2-000484,PLTR,PLTR|swing|2024-07-23T04:00:00Z,USD,2024-07-24T13:30:00Z,2024-07-25T20:00:00Z,stop,1,363.1206678059533,28.454220534324644,25.751403421640397,25.764285564422607,0.9208103130755064,0.921574048474795,976.7709826254146,-981.4487549152624,19.683182369728407,0.0,-1001.1319372849908,-1.0249402931627818,899.4207943143781,-896.5865472862396,18.131618908186752,0.0,-914.7181661944263,-1.0170080255835194,9.065587573852582,7.14158799484856
S2-000485,7203.T,7203.T|swing|2024-07-23T15:00:00Z,JPY,2024-07-25T00:00:00Z,2024-07-26T06:00:00Z,stop,1,965.234108056223,3041.52,2993.3954107142863,2994.8928571428573,0.005979788315493632,0.006037918125830213,45006.10864692417,-46451.49501476791,5825.10619365556,0.0,-52276.60120842347,-1.1615445720610236,269.1270026127141,-109.81405631022903,35.00085800414739,0.0,-144.81491431437644,-0.5380913580149802,17.500405923658718,167.95605081629188
S2-000486,7011.T,7011.T|swing|2024-07-23T15:00:00Z,JPY,2024-07-25T00:00:00Z,2024-08-02T00:00:00Z,stop,6,914.9920673644724,1782.3907499999998,1599.2,1621.9642857142858,0.005979788315493632,0.006147792942333702,146788.94221675818,-167618.083064548,3094.1287113230765,0.0,-170712.21177587108,-1.1629773278411273,877.7668015114405,-756.4869915527884,18.748068377625142,0.0,-775.2350599304135,-0.8831902261460836,9.373847410525173,245.83366302203726
S2-000487,EXSA.DE,EXSA.DE|swing|2024-07-23T22:00:00Z,EUR,2024-07-25T07:00:00Z,2024-08-02T15:30:00Z,stop,6,345.2361866965655,50.47522576332092,50.03550570787703,50.06053597586496,1.0,1.0,143.1659208833058,-151.80727515545178,34.699941655198856,0.0,-186.50721681065062,-1.3027347266719445,143.1659208833058,-151.80727515545178,34.699941655198856,0.0,-186.50721681065062,-1.3027347266719445,17.349937213263406,0.0
S2-000488,6501.T,6501.T|swing|2024-07-24T15:00:00Z,JPY,2024-07-26T00:00:00Z,2024-08-05T06:00:00Z,stop,6,597.2871617904125,3033.5159999999996,2794.941116071429,2796.339285714286,0.006037918125830213,0.006196938712276136,141662.6065184896,-142497.71529617306,3481.2626084754365,0.0,-145978.9779046485,-1.0304693771506706,855.3472196503417,-594.9233624169451,21.28504478014802,0.0,-616.2084071970932,-0.7204190217032489,10.642376319824956,265.4661756592119
S2-000489,8035.T,8035.T|swing|2024-07-24T15:00:00Z,JPY,2024-07-26T00:00:00Z,2024-07-26T06:00:00Z,stop,0,99.3278222470593,28524.254999999997,28206.69316964286,28220.803571428572,0.006037918125830213,0.006037918125830213,30141.169557758705,-31542.725038164714,5634.96153570142,0.0,-37177.686573866136,-1.2334520232409543,181.98991400651312,-190.45239124601258,34.02343639476766,0.0,-224.47582764078024,-1.2334520232409507,17.011674837203103,0.0
S2-000490,6857.T,6857.T|swing|2024-07-24T15:00:00Z,JPY,2024-07-26T00:00:00Z,2024-08-01T00:00:00Z,objetivo,4,259.52794630245876,5625.8115,6725.6355,5079.964285714285,0.006037918125830213,0.0061440157286802655,141662.6065184896,285435.06401415553,3205.545673773666,0.0,282229.51834038185,1.992265462823781,855.3472196503417,1908.6258906960743,19.54001467079214,0.0,1889.0858760252822,2.2085602579003223,9.770486934489647,185.1923439374974
S2-000491,ADYEN.AS,ADYEN.AS|swing|2024-07-24T22:00:00Z,EUR,2024-07-26T07:00:00Z,2024-08-02T15:30:00Z,stop,5,16.264149311106927,1051.725551147461,1033.5043646959577,1034.0213753836495,1.0,1.0,287.94335805271015,-296.3520970727662,33.91449069926429,0.0,-330.26658777203045,-1.1469845667062504,287.94335805271015,-296.3520970727662,33.91449069926429,0.0,-330.26658777203045,-1.1469845667062504,16.957175500899574,0.0
S2-000492,SAP.DE,SAP.DE|swing|2024-07-24T22:00:00Z,EUR,2024-07-26T07:00:00Z,2024-08-05T07:00:00Z,stop,6,86.52008574584015,194.83737549591063,179.55017938995363,184.952144077846,1.0,1.0,855.2710699084264,-1322.649517900874,32.39204335090041,0.0,-1355.0415612517743,-1.5843416303054167,855.2710699084264,-1322.649517900874,32.39204335090041,0.0,-1355.0415612517743,-1.5843416303054167,16.19569506199251,0.0
S2-000493,6758.T,6758.T|swing|2024-07-30T15:00:00Z,JPY,2024-08-01T00:00:00Z,2024-08-02T06:00:00Z,stop,1,879.6487811565555,2683.341,2516.705303571429,2517.964285714286,0.0061440157286802655,0.006147792942333702,145473.42515310436,-146580.8872605663,4574.214392894259,0.0,-151155.10165346056,-1.039056456492837,893.7910122456645,-892.2332179878815,28.112407235162927,0.0,-920.3456252230444,-1.0297100917480262,14.055984073271068,8.362058864947143
S2-000494,SU.PA,SU.PA|swing|2024-07-31T22:00:00Z,EUR,2024-08-02T07:00:00Z,2024-08-02T15:30:00Z,stop,0,82.46884723464989,210.15502805328367,209.79505070808955,209.90000070844377,1.0,1.0,21.0318111422603,-29.68691668874909,34.63279889155088,0.0,-64.31971558029997,-3.058210971239612,21.0318111422603,-29.68691668874909,34.63279889155088,0.0,-64.31971558029997,-3.058210971239612,17.316396353143794,0.0
S2-000495,MBG.DE,MBG.DE|swing|2024-07-31T22:00:00Z,EUR,2024-08-02T07:00:00Z,2024-08-02T15:30:00Z,stop,0,291.6259455947353,59.42970152664184,58.3691949107647,58.3983941078186,1.0,1.0,300.75600121319286,-309.2712446646451,34.35321456357498,0.0,-343.6244592282201,-1.1425356695863222,300.75600121319286,-309.2712446646451,34.35321456357498,0.0,-343.6244592282201,-1.1425356695863222,17.176534258108,0.0
S2-000496,TSLA,TSLA|swing|2024-08-01T04:00:00Z,USD,2024-08-02T13:30:00Z,2024-08-05T20:00:00Z,stop,1,28.19424530218403,214.9874448852539,182.0403587829045,182.13142449515206,0.9268699601445918,0.9119095385737734,926.3506985320913,-928.9182275618174,11.193899288407419,0.0,-940.1121268502249,-1.014855527544741,858.6066350283543,-937.7706226011647,10.298504765265399,0.0,-948.0691273664302,-1.1041949697198898,5.149019227231356,-76.78422204335811
S2-000497,NVDA,NVDA|swing|2024-08-01T04:00:00Z,USD,2024-08-02T13:30:00Z,2024-08-05T20:00:00Z,stop,1,70.7036614024641,103.81188213729858,90.6646498041153,90.71000480651855,0.9268699601445918,0.9119095385737734,926.3506985320913,-929.557463264919,13.750202865111223,0.0,-943.3076661300302,-1.0183051274477464,858.6066350283543,-957.4800189392603,12.648748851554895,0.0,-970.1287677908151,-1.1298873409693346,6.324136636806481,-95.9011300107972
S2-000498,6758.T,6758.T|swing|2024-08-01T15:00:00Z,JPY,2024-08-05T00:00:00Z,2024-08-05T06:00:00Z,stop,0,1147.7900664295469,2365.182,2285.0354821428573,2286.1785714285716,0.006196938712276136,0.006196938712276136,90679.35052816157,-91991.37705534646,5337.47343274059,0.0,-97328.85048808705,-1.0733298145740513,561.9343776920218,-570.0649256698666,33.075995741095554,0.0,-603.1409214109622,-1.0733298145740504,16.537859488779606,0.0
S2-000499,6857.T,6857.T|swing|2024-08-01T15:00:00Z,JPY,2024-08-05T00:00:00Z,2024-08-05T06:00:00Z,stop,0,278.9650460625542,5932.964999999999,5443.669660714286,5446.392857142857,0.006196938712276136,0.006196938712276136,135736.62024489843,-136496.29686203215,3173.683412163012,0.0,-139669.98027419517,-1.0289778839505515,841.1515166691357,-845.8591861066637,19.667121597341584,0.0,-865.5263077040054,-1.0289778839505528,9.833351792210326,0.0
S2-000500,RACE.MI,RACE.MI|swing|2024-08-01T22:00:00Z,EUR,2024-08-05T07:00:00Z,2024-08-21T15:30:00Z,objetivo,11,42.3864832215996,387.89386221313475,428.6391095651899,369.7964423043387,1.0,1.0,767.085985318426,1727.0477432478122,34.60996110816481,0.0,1692.4377821396474,2.2063208226090816,767.085985318426,1727.0477432478122,34.60996110816481,0.0,1692.4377821396474,2.2063208226090816,17.30541664237169,0.0
S2-000501,ZPRR.DE,ZPRR.DE|swing|2024-08-01T22:00:00Z,EUR,2024-08-05T07:00:00Z,2024-08-05T15:30:00Z,stop,0,310.58854866413424,52.93645484733581,52.88854082781928,52.91499832698277,1.0,1.0,6.664149515833537,-14.88154578230494,32.8680318191347,0.0,-47.74957760143964,-7.165142001689803,6.664149515833537,-14.88154578230494,32.8680318191347,0.0,-47.74957760143964,-7.165142001689803,16.43401629768332,0.0
S2-000502,ENI.MI,ENI.MI|swing|2024-08-01T22:00:00Z,EUR,2024-08-05T07:00:00Z,2024-10-01T15:30:00Z,tiempo,40,1188.9191576906783,13.828910549640655,13.883055343151094,13.507785728999547,1.0,1.0,381.79145127019643,64.37378229376644,32.94728714721077,297.22978942266957,328.65628456922525,0.8608267248410257,381.79145127019643,64.37378229376644,32.94728714721077,297.22978942266957,328.65628456922525,0.8608267248410257,16.473663785464943,0.0
S2-000503,IBE.MC,IBE.MC|swing|2024-08-01T22:00:00Z,EUR,2024-08-05T07:00:00Z,2024-08-06T07:00:00Z,stop,1,1336.0357567153408,12.30615019083023,11.844075381278993,11.892857279096331,1.0,1.0,552.1741080734867,-617.3484678378851,32.265564897079116,0.0,-649.6140327349642,-1.1764659429639712,552.1741080734867,-617.3484678378851,32.265564897079116,0.0,-649.6140327349642,-1.1764659429639712,16.132632144579176,0.0
S2-000504,BSP.DE,BSP.DE|swing|2024-08-01T22:00:00Z,EUR,2024-08-05T07:00:00Z,2024-08-29T15:30:00Z,objetivo,18,1123.256318105318,14.637315114498138,16.11381361653975,14.496874826295036,1.0,1.0,157.7504410406663,1658.4862710912798,34.54139963600828,0.0,1623.9448714552716,10.29439195695584,157.7504410406663,1658.4862710912798,34.54139963600828,0.0,1623.9448714552716,10.29439195695584,17.271118757351974,0.0
S2-000505,RRU.DE,RRU.DE|swing|2024-08-01T22:00:00Z,EUR,2024-08-05T07:00:00Z,2024-09-23T15:30:00Z,objetivo,35,3021.4375589247884,5.162579847335815,6.331082992992231,4.890499813216073,1.0,1.0,822.0728341229251,3530.5592920080585,34.72738459538532,0.0,3495.831907412673,4.252460076901093,822.0728341229251,3530.5592920080585,34.72738459538532,0.0,3495.831907412673,4.252460076901093,17.36457927865909,0.0
S2-000506,BBVA.MC,BBVA.MC|swing|2024-08-04T22:00:00Z,EUR,2024-08-06T07:00:00Z,2024-09-19T15:30:00Z,objetivo,32,1829.2599829533299,8.806401045799255,9.704592047418869,8.396303313119072,1.0,1.0,750.1753714917518,1643.0248563115285,33.861418910149396,0.0,1609.163437401379,2.1450496757864728,750.1753714917518,1643.0248563115285,33.861418910149396,0.0,1609.163437401379,2.1450496757864728,16.931124444067994,0.0
S2-000507,SIE.DE,SIE.DE|swing|2024-08-04T22:00:00Z,EUR,2024-08-06T07:00:00Z,2024-09-24T15:30:00Z,objetivo,35,103.01437069300816,156.37815305328368,171.6987415919985,149.57035037449427,1.0,1.0,701.3015087576667,1578.2407869622202,33.79663484080008,0.0,1544.44415212142,2.2022541415280195,701.3015087576667,1578.2407869622202,33.79663484080008,0.0,1544.44415212142,2.2022541415280195,16.898716205274354,0.0
S2-000508,ENR.DE,ENR.DE|swing|2024-08-04T22:00:00Z,EUR,2024-08-06T07:00:00Z,2024-09-13T15:30:00Z,objetivo,28,326.5511716674709,24.212100763320922,28.372769511307993,21.745535271508352,1.0,1.0,805.4598513459464,1358.6712545754071,17.171651000162036,0.0,1341.4996035752451,1.665507723735157,805.4598513459464,1358.6712545754071,17.171651000162036,0.0,1341.4996035752451,1.665507723735157,8.586167314435265,0.0
S2-000509,IFX.DE,IFX.DE|swing|2024-08-04T22:00:00Z,EUR,2024-08-06T07:00:00Z,2024-10-01T15:30:00Z,tiempo,40,313.66995409394565,30.014999999999997,30.58969704246521,27.447142158235824,1.0,1.0,805.4598513459465,180.26519492799002,19.009872539187548,0.0,161.25532238880248,0.20020280603600565,805.4598513459465,180.26519492799002,19.009872539187548,0.0,161.25532238880248,0.20020280603600565,9.504983712137157,0.0
S2-000510,CRWD,CRWD|swing|2024-08-06T04:00:00Z,USD,2024-08-07T13:30:00Z,2024-10-03T20:00:00Z,tiempo,40,82.6332553919822,59.62229502868652,70.90203125000001,48.933213574545725,0.9161704076958315,0.9058791557206268,883.2735977057171,932.0813239299895,10.78564998825312,0.0,921.2956739417364,1.0430467709379978,809.2291321170106,793.6502637948986,9.821198284246691,0.0,783.8290655106518,0.9686120214927135,4.910798782388383,-60.29506275571084
S2-000511,ARM,ARM|swing|2024-08-06T04:00:00Z,USD,2024-08-07T13:30:00Z,2024-10-03T20:00:00Z,tiempo,40,36.139478619280354,117.85890305328368,138.17088549041748,93.4182184764317,0.9161704076958315,0.9058791557206268,883.2735977057172,734.0644550019947,9.252783068973958,0.0,724.8116719330208,0.8205970084645373,809.2291321170107,621.1395488606032,8.425737454469365,0.0,612.7138114061338,0.7571573823636619,4.2130250653780426,-51.38858215359255
S2-000512,COIN,COIN|swing|2024-08-06T04:00:00Z,USD,2024-08-07T13:30:00Z,2024-09-06T20:00:00Z,stop,21,21.659952013459456,196.8984030532837,156.04123193223137,156.11929157802038,0.9161704076958315,0.900657479960371,883.2735977057171,-884.9643658876947,7.644655557434152,0.0,-892.6090214451289,-1.0105691189724908,809.2291321170106,-863.2094643758566,6.951375898264407,0.0,-870.1608402741209,-1.0752959894037772,3.475473015634294,-52.43130048424429
S2-000513,DBK.DE,DBK.DE|swing|2024-08-08T22:00:00Z,EUR,2024-08-12T07:00:00Z,2024-09-23T15:30:00Z,objetivo,30,662.1429641835448,13.384689259529113,15.248835772514344,12.137035369873047,1.0,1.0,826.1252447719968,1234.3314977804598,18.959487139740983,0.0,1215.3720106407188,1.4711716151176941,826.1252447719968,1234.3314977804598,18.959487139740983,0.0,1215.3720106407188,1.4711716151176941,9.480054522757541,0.0
S2-000514,ADBE,ADBE|swing|2024-08-15T04:00:00Z,USD,2024-08-16T13:30:00Z,2024-09-17T20:00:00Z,stop,21,25.31207452208274,552.6261505737305,515.0452159107754,515.3028673444476,0.9081827263645446,0.8977466558937068,944.7297265084092,-951.2514187982415,27.024977193549724,0.0,-978.2763959917912,-1.035509276930838,857.9872186980376,-999.9637267936303,24.407563847766323,0.0,-1024.3712906413966,-1.193923718579212,12.203534983834567,-136.05361981130216
S2-000515,6501.T,6501.T|swing|2024-08-20T15:00:00Z,JPY,2024-08-22T00:00:00Z,2024-10-22T06:00:00Z,tiempo,40,245.88032717146143,3512.7554999999998,3896.0510000000004,2943.285714285714,0.00616294835449279,0.006142883469500584,140021.41722569056,94244.82294334905,1821.6797661700502,5163.48687060069,97586.63004777969,0.6969407393619417,862.944762884818,561.6045732110281,11.207696914063371,32.11523118920692,582.5121074861717,0.6750282666283737,5.603990259171601,-19.221403267149544
S2-000516,7203.T,7203.T|swing|2024-08-20T15:00:00Z,JPY,2024-08-22T00:00:00Z,2024-10-22T06:00:00Z,tiempo,40,412.0331083457504,2662.3305,2543.7275,2322.5,0.00616294835449279,0.006142883469500584,140021.41722569056,-48868.36274913106,2145.0682599682605,16481.324333830016,-34532.10667526931,-0.24662017682344597,862.944762884818,-322.20320072070115,13.198914898116916,102.50854791535026,-232.8935677034678,-0.2698823583156195,6.599378548103081,-21.030004929187495
S2-000517,7011.T,7011.T|swing|2024-08-20T15:00:00Z,JPY,2024-08-22T00:00:00Z,2024-10-02T06:00:00Z,objetivo,27,388.07644117852436,1832.916,2379.3989910714286,1472.107142857143,0.00616294835449279,0.006274706657463764,140021.41722569056,212077.1743395953,1634.7002108579477,4268.840852963768,214711.3149817011,1.5334176673531537,862.944762884818,1410.2170258891144,10.17776932786343,26.550820083118346,1426.5900766443694,1.6531649973461675,5.089238490497866,103.19635326742491
S2-000518,INFY,INFY|swing|2024-08-21T04:00:00Z,USD,2024-08-22T13:30:00Z,2024-10-18T20:00:00Z,tiempo,40,859.7385193914487,22.421204847335815,22.498745228767397,21.56642743519374,0.8996041741633681,0.9219138932423712,734.8850667242806,66.66445272503671,38.61941136956678,0.0,28.045041355469934,0.038162486387809634,661.1056735554881,491.5093618719304,35.173721413726675,0.0,456.3356404582037,0.690261267921039,17.586987980948685,431.5377419321707
S2-000519,9988.HK,9988.HK|swing|2024-08-28T16:00:00Z,HKD,2024-08-30T01:30:00Z,2024-09-20T08:00:00Z,objetivo,13,1475.7262423816157,78.73934694671631,87.29651275791441,73.52321652003697,0.11571127722107796,0.11500598031097617,7697.58055433592,12628.034147995808,245.02347534251584,0.0,12383.010672653292,1.608688676298184,890.6968774543426,1370.34555329262,28.26111887426645,0.0,1342.0844344183536,1.5067802171419975,14.130905556246333,-90.8604067633604
S2-000520,6857.T,6857.T|swing|2024-09-08T15:00:00Z,JPY,2024-09-10T00:00:00Z,2024-09-27T00:00:00Z,objetivo,11,206.768689552838,5866.932,7074.461,5215.071428571428,0.006307954330410648,0.006219679064560268,134784.35612544985,249679.18892704902,2675.874871598271,3928.605101503922,250931.91915695468,1.8617288116389492,850.2135628931424,1445.8378897795326,16.750169452709084,24.434662902748613,1453.5223832295721,1.7095967962254863,8.375448279688474,-129.127031226265
S2-000521,AVGO,AVGO|swing|2024-09-13T04:00:00Z,USD,2024-09-16T13:30:00Z,2024-11-11T21:00:00Z,tiempo,40,51.268546056689296,165.27259744262693,178.82054866027832,146.3203571864537,0.902445627650934,0.9388789784996715,971.6538024510587,694.58376097594,17.641155308767917,27.17232941004533,704.1149350772174,0.7246561823779648,876.8647256123622,960.8402854295198,16.25419968240811,24.356695419545833,968.9427811666576,1.1050082787741202,8.127342083109976,334.01620729944136
S2-000522,ASML.AS,ASML.AS|swing|2024-09-16T22:00:00Z,EUR,2024-09-18T07:00:00Z,2024-10-16T07:00:00Z,stop,20,12.756808053622217,724.6621377868652,641.0793244018555,656.0892748151507,1.0,1.0,874.7708506175,-1066.2499069342941,17.422501684014854,0.0,-1083.672408618309,-1.2388071777349983,874.7708506175,-1066.2499069342941,17.422501684014854,0.0,-1083.672408618309,-1.2388071777349983,8.710986457276114,0.0
S2-000523,RACE.MI,RACE.MI|swing|2024-09-18T22:00:00Z,EUR,2024-09-20T07:00:00Z,2024-11-06T16:30:00Z,stop,33,42.29672670739531,424.31205610656735,404.25850005122595,404.46073041643416,1.0,1.0,839.6460974950593,-848.1997799842076,35.04582237160072,0.0,-883.2456023558083,-1.051926049547328,839.6460974950593,-848.1997799842076,35.04582237160072,0.0,-883.2456023558083,-1.051926049547328,17.522703516529674,0.0
S2-000524,MSFT,MSFT|swing|2024-09-19T04:00:00Z,USD,2024-09-20T13:30:00Z,2024-10-02T20:00:00Z,stop,8,45.831021607643144,437.43861122131347,417.0545923085894,417.26322392054965,0.8963786303334529,0.9032607713846987,924.6586113238756,-934.2204112396629,39.16229647456319,0.0,-973.3827077142261,-1.0526941465678776,828.8442195445282,-705.8697068637899,35.23579118037434,0.0,-741.1054980441643,-0.894143290824205,17.617723527189547,131.54550579277384
S2-000525,MBG.DE,MBG.DE|swing|2024-09-22T22:00:00Z,EUR,2024-09-24T07:00:00Z,2024-11-06T16:30:00Z,stop,31,256.15123253178643,57.13855561065674,53.59979295689719,53.6266062600272,1.0,1.0,899.5901547529626,-906.4584153979637,28.365764474113526,0.0,-934.8241798720773,-1.0391667526961657,899.5901547529626,-906.4584153979637,28.365764474113526,0.0,-934.8241798720773,-1.0391667526961657,14.18265916811728,0.0
S2-000526,ADBE,ADBE|swing|2024-09-23T04:00:00Z,USD,2024-09-24T13:30:00Z,2024-10-07T20:00:00Z,stop,9,30.96759675386977,527.9838306884766,495.43858540071767,495.68642861502514,0.8993614533681086,0.9105809506465125,1000.172923608242,-1007.8480323270985,31.692932690321292,0.0,-1039.5409650174197,-1.0393612349224102,899.5169741957387,-734.2840592239086,28.675537617768974,0.0,-762.9595968416776,-0.8481881039808531,14.337588822266245,172.1356119039792
S2-000527,6758.T,6758.T|swing|2024-09-23T15:00:00Z,JPY,2024-09-25T00:00:00Z,2024-11-11T06:30:00Z,objetivo,31,803.789190871404,2731.365,3047.8681607142858,2552.0714285714284,0.006244536030972899,0.006090875867949811,144114.23470701562,254401.81945877787,4645.2851461077225,8037.89190871404,257794.4262213842,1.7888200061949502,899.9265312040442,1212.177979009877,28.631207120067355,49.99310802782709,1233.5398799176367,1.3707117605114265,14.315910183503433,-376.44334894552384
S2-000528,ENR.DE,ENR.DE|swing|2024-09-25T22:00:00Z,EUR,2024-09-27T07:00:00Z,2024-10-25T15:30:00Z,objetivo,20,304.66543892790855,33.03651045799255,38.31297638400964,30.02856915337699,1.0,1.0,916.4157578400855,1607.5568073381498,21.73772272599963,0.0,1585.8190846121502,1.7304581147205411,916.4157578400855,1607.5568073381498,21.73772272599963,0.0,1585.8190846121502,1.7304581147205411,10.869265969515798,0.0
S2-000529,6857.T,6857.T|swing|2024-09-30T15:00:00Z,JPY,2024-10-02T00:00:00Z,2024-10-15T06:00:00Z,objetivo,8,248.7982396013773,6693.344999999999,8050.3478125,6113.75,0.006274706657463764,0.006120325601321991,144202.2156817601,337619.91088411806,3668.2048169734794,0.0,333951.7060671446,2.31585696855132,904.8266027593656,1809.2541764141545,22.707697459901397,0.0,1786.546478954253,1.9744628125499273,11.354303882069528,-309.21172610274306
S2-000530,8035.T,8035.T|swing|2024-09-30T15:00:00Z,JPY,2024-10-02T00:00:00Z,2024-10-23T06:00:00Z,stop,14,65.42365425240394,25057.5225,22841.966160714288,22853.39285714286,0.006274706657463764,0.006126700159294204,144202.21568176014,-144949.79191815012,3133.759585005514,0.0,-148083.55150315564,-1.0269159236080063,904.8266027593659,-1130.6990599316778,19.44224049534011,0.0,-1150.1413004270178,-1.271117910237761,9.72084000311443,-221.18163558487313
S2-000531,VVSM.DE,VVSM.DE|swing|2024-09-30T22:00:00Z,EUR,2024-10-02T07:00:00Z,2024-11-27T16:30:00Z,tiempo,40,381.1963326930304,37.413697957992554,37.43627433013916,35.04857185908726,1.0,1.0,901.5773952592712,8.606030267800604,28.532534938410762,0.0,-19.926504670610157,-0.022101823731815937,901.5773952592712,8.606030267800604,28.532534938410762,0.0,-19.926504670610157,-0.022101823731815937,14.266273187280095,0.0
S2-000532,9988.HK,9988.HK|swing|2024-10-01T16:00:00Z,HKD,2024-10-03T01:30:00Z,2024-10-08T08:00:00Z,stop,3,829.605016878764,113.0565,103.63744063568116,103.68928527832031,0.11635077431440306,0.11724566484154249,7771.088327286084,-7814.098902917812,179.77038027859015,0.0,-7993.869283196402,-1.0286679222430253,904.1721441453551,-832.2354342812092,20.993363967851266,0.0,-853.2287982490604,-0.9436574702879754,10.496476549185523,76.94102364260533
S2-000533,7011.T,7011.T|swing|2024-10-02T15:00:00Z,JPY,2024-10-04T00:00:00Z,2024-12-03T06:30:00Z,tiempo,40,551.5094619739654,2191.095,2278.36025,1925.517857142857,0.006173601679219657,0.006339546088500063,146468.3071697257,48127.61107652379,2464.946860244215,0.0,45662.664216279576,0.3117579843628986,904.2369870954792,505.6360298693524,15.4261154049014,0.0,490.209914464451,0.542125484204164,7.7131860397533725,208.51532931049417
S2-000534,TSLA,TSLA|swing|2024-10-04T04:00:00Z,USD,2024-10-07T13:30:00Z,2024-10-11T13:30:00Z,stop,4,40.24115190156531,249.12449999999998,220.0199398803711,223.87821687970842,0.9067005168192946,0.9147457006952068,1015.9395139935771,-1171.2010248022252,18.87891266900079,0.0,-1190.079937471226,-1.1714082591325903,921.1528823951194,-990.6976763878614,17.18875077206895,0.0,-1007.8864271599303,-1.0941576001361384,8.594129860146566,71.23089809960389
S2-000535,0700.HK,0700.HK|swing|2024-10-06T16:00:00Z,HKD,2024-10-08T01:30:00Z,2024-10-09T08:00:00Z,stop,1,226.40223576436256,472.236,437.43118306132726,437.65000806535994,0.11724566484154249,0.11713716762328685,7830.345900130718,-7879.8883702848625,205.95068404655416,0.0,-8085.839054331416,-1.0326285910557838,918.0741110000725,-934.6278160254643,24.136079810434424,0.0,-958.7638958358988,-1.0443208062925358,12.067809265215274,-10.745065174277723
S2-000536,MU,MU|swing|2024-10-07T04:00:00Z,USD,2024-10-08T13:30:00Z,2024-12-04T21:00:00Z,tiempo,40,94.80185583512196,102.23109030532837,103.14839694976807,91.73679079328265,0.9105809506465125,0.9531071292413268,994.8790694315485,86.9623722627724,19.470356542248922,0.0,67.49201572052348,0.06783941666305926,905.9179288212971,495.0352981026434,18.1451847881647,0.0,476.89011331447875,0.5264164646073043,9.072718421085785,415.8490184971323
S2-000537,COIN,COIN|swing|2024-10-08T04:00:00Z,USD,2024-10-09T13:30:00Z,2024-10-15T20:00:00Z,objetivo,4,41.64736375385282,167.77384744262693,204.26549521146504,143.67481667654855,0.9105809506465125,0.9171787581399614,1003.6611004301569,1519.7809286062725,15.494457834259261,0.0,1504.2864707720132,1.4987992163164383,913.9146789566171,1440.0118987472208,14.165086480474583,0.0,1425.8468122667462,1.5601530920748348,7.082905013936809,56.12833600248199
S2-000538,INTC,INTC|swing|2024-10-08T04:00:00Z,USD,2024-10-09T13:30:00Z,2024-12-05T21:00:00Z,tiempo,40,364.657532471497,23.261625,20.78959923744202,20.509286131177628,0.9105809506465125,0.9487666034155597,1003.6611004301569,-901.4428147803636,16.063610732774208,0.0,-917.5064255131379,-0.914159595425095,913.9146789566171,-531.3480155649206,14.916706571536311,0.0,-546.264722136457,-0.5977196063423638,7.458222313318611,289.4886396712508
S2-000539,1810.HK,1810.HK|swing|2024-10-09T16:00:00Z,HKD,2024-10-14T01:30:00Z,2024-11-08T08:00:00Z,objetivo,19,2308.5527862678327,23.71185076332092,28.875735157047,20.323213168552943,0.11764567475676757,0.11930611563148727,7822.848761053543,11921.099705101318,121.40121799956442,0.0,11799.698487101754,1.5083633657660829,920.3243210142873,1513.152731563943,14.39301512076679,0.0,1498.7597164431763,1.6285125604323885,7.196887647787271,110.68691291459636
S2-000540,ICGA.DE,ICGA.DE|swing|2024-10-13T22:00:00Z,EUR,2024-10-15T07:00:00Z,2024-12-10T16:30:00Z,tiempo,40,2498.738673242406,4.456226996183395,4.578709351301193,4.081321511949811,1.0,1.0,936.7908322651273,306.0513975226519,22.57594486174323,0.0,283.4754526609087,0.30260271866183297,936.7908322651273,306.0513975226519,22.57594486174323,0.0,283.4754526609087,0.30260271866183297,11.288051765733476,0.0
S2-000541,0700.HK,0700.HK|swing|2024-10-14T16:00:00Z,HKD,2024-10-16T01:30:00Z,2024-12-11T08:00:00Z,tiempo,40,147.4363182705099,415.2075,409.5950877990723,362.50001416887557,0.1180776951233912,0.12216276967431405,7770.997656236051,-827.4733915212662,121.60585684508422,0.0,-949.0792483663504,-0.12213093998358572,917.581492057628,148.98819942710975,14.605633640046484,0.0,134.38256578706327,0.14645300384788437,7.302855892786083,246.69435027387613
S2-000542,IFX.DE,IFX.DE|swing|2024-10-14T22:00:00Z,EUR,2024-10-16T07:00:00Z,2024-12-11T16:30:00Z,tiempo,40,344.4197987235655,30.275130228996275,33.078453720092774,27.635715075901576,1.0,1.0,909.0668357768052,965.5201125604993,21.82022863216176,0.0,943.6998839283376,1.0380973618094187,909.0668357768052,965.5201125604993,21.82022863216176,0.0,943.6998839283376,1.0380973618094187,10.910358423697707,0.0
S2-000543,9988.HK,9988.HK|swing|2024-10-17T16:00:00Z,HKD,2024-10-21T01:30:00Z,2024-11-20T08:00:00Z,stop,22,465.7229011182617,100.2500969467163,83.52964367416926,83.57142938886369,0.11866619200189867,0.12145503127467057,7767.637441830148,-7787.098006102937,85.59043396872048,0.0,-7872.688440071657,-1.0135241891795554,921.7559560733533,-815.5747676872061,10.26518137030062,0.0,-825.8399490575067,-0.8959420805649628,5.132388074554526,108.49049944260719
S2-000544,ASML.AS,ASML.AS|swing|2024-10-17T22:00:00Z,EUR,2024-10-21T07:00:00Z,2024-10-31T16:30:00Z,stop,8,16.211181921600648,673.5366122131347,616.4898045027597,616.798203604562,1.0,1.0,919.796663895685,-924.7961778394596,20.912852925051972,24.640996520832985,-921.0680342436785,-1.001382229788276,919.796663895685,-924.7961778394596,20.912852925051972,24.640996520832985,-921.0680342436785,-1.001382229788276,10.45619787752996,0.0
S2-000545,MC.PA,MC.PA|swing|2024-10-20T22:00:00Z,EUR,2024-10-22T07:00:00Z,2024-11-12T16:30:00Z,stop,15,23.402621563664663,612.7062244262695,573.5987600991385,573.8857029506138,1.0,1.0,908.5019729988875,-915.2171879623618,27.76264661193719,0.0,-942.9798345742989,-1.037950233021072,908.5019729988875,-915.2171879623618,27.76264661193719,0.0,-942.9798345742989,-1.037950233021072,13.881097971944271,0.0
S2-000546,PLTR,PLTR|swing|2024-10-22T04:00:00Z,USD,2024-10-23T13:30:00Z,2024-11-05T21:00:00Z,objetivo,9,251.49460061937168,42.87142347335815,48.89357860010011,38.954639298575266,0.9241290084095739,0.9176837661741765,985.0500717492964,1514.539498467872,23.0784025473002,0.0,1491.4610959205718,1.5140967334502782,910.313346039457,1320.3761505332152,21.248167527330487,0.0,1299.1279830058847,1.4271217583023053,10.624416513805176,-79.25373438303296
S2-000547,ENR.DE,ENR.DE|swing|2024-10-24T22:00:00Z,EUR,2024-10-28T08:00:00Z,2024-11-13T08:00:00Z,objetivo,12,298.467519364922,38.04901377868652,43.47825,34.96964127676828,1.0,1.0,919.0926718480915,1620.4506670216172,24.333240180634224,0.0,1596.117426840983,1.736622949709244,919.0926718480915,1620.4506670216172,24.333240180634224,0.0,1596.117426840983,1.736622949709244,12.167028244739656,0.0
S2-000548,ARM,ARM|swing|2024-11-01T04:00:00Z,USD,2024-11-04T14:30:00Z,2025-01-02T21:00:00Z,tiempo,40,56.80291335520266,140.07,128.13589694976807,122.89373888288225,0.9186954524575103,0.9688983625617672,975.6616720019758,-677.8918215343839,15.23487632579209,0.0,-693.126697860176,-0.7104170613138243,896.3359412053062,-257.3746414736213,14.36161309148593,0.0,-271.73625456510723,-0.30316340344414006,7.180743997268178,365.40149222815535
S2-000549,TSM,TSM|swing|2024-11-05T05:00:00Z,USD,2024-11-06T14:30:00Z,2025-01-06T21:00:00Z,tiempo,40,69.41990825685325,192.13601328277588,219.89998950958253,177.90642384120397,0.9176837661741765,0.959140610013428,987.8167935666091,1927.372682510372,28.60350151236605,42.7626634862216,1941.5318444842276,1.9654776646124197,906.5034354103049,2401.575463993757,26.881825835523244,40.76128442114346,2415.454922579377,2.6645844110740575,13.44151667200632,632.8568418864129
S2-000550,QDV5.DE,QDV5.DE|swing|2024-11-05T23:00:00Z,EUR,2024-11-07T08:00:00Z,2024-11-13T16:30:00Z,stop,4,2009.564390705449,9.124559885501862,8.87470359836306,8.879143169948033,1.0,1.0,493.18069246086134,-502.1022974280104,36.17067895609985,0.0,-538.2729763841103,-1.0914315678058046,493.18069246086134,-502.1022974280104,36.17067895609985,0.0,-538.2729763841103,-1.0914315678058046,18.085218473777932,0.0
S2-000551,COIN,COIN|swing|2024-11-06T05:00:00Z,USD,2024-11-07T14:30:00Z,2024-11-11T21:00:00Z,objetivo,2,29.05485428802717,245.7528198852539,317.6841083247321,211.95464270455497,0.9350163627863488,0.9388789784996715,982.0011131861323,2089.953104359093,16.37057784963477,0.0,2073.582526509458,2.1115887738473704,918.187109103443,1989.7933185014645,15.342411126145857,0.0,1974.4509073753186,2.150379686013297,7.671704929328577,35.652968469588316
S2-000552,MRVL,MRVL|swing|2024-11-07T05:00:00Z,USD,2024-11-08T14:30:00Z,2024-12-04T14:30:00Z,objetivo,17,130.5983127130696,93.62679183197021,112.27383683013916,85.92392975943429,0.9272137227630969,0.9512937595129377,1005.9807897346897,2435.2726138455487,26.89027468983178,0.0,2408.382339155717,2.3940639460827944,932.7591930780618,2611.0983146176222,25.28611182967208,0.0,2585.8122027879504,2.7722184053259133,12.643711850341939,353.08012839087286
S2-000553,ADYEN.AS,ADYEN.AS|swing|2024-11-07T23:00:00Z,EUR,2024-11-11T08:00:00Z,2024-12-04T16:30:00Z,objetivo,17,10.056942818412399,1282.6409999999998,1447.108254673549,1189.5178048270088,1.0,1.0,936.5346489226282,1654.0377757531535,27.452932162855745,0.0,1626.5848435902976,1.736812242303571,936.5346489226282,1654.0377757531535,27.452932162855745,0.0,1626.5848435902976,1.736812242303571,13.726883022590549,0.0
S2-000554,6857.T,6857.T|swing|2024-11-10T15:00:00Z,JPY,2024-11-12T00:00:00Z,2024-11-18T00:00:00Z,stop,4,188.97937176332755,9656.826,8831.582,8839.892857142857,0.0061042607740202665,0.006084205402774397,154383.51210978345,-155954.09267145526,3493.927728744079,0.0,-159448.02040019934,-1.0328047226106274,942.397217127234,-985.4566006824665,21.294373831594022,0.0,-1006.7509745140605,-1.0682872956511904,10.646943213381235,-33.47215024018103
S2-000555,8035.T,8035.T|swing|2024-11-10T15:00:00Z,JPY,2024-11-12T00:00:00Z,2025-01-07T06:30:00Z,objetivo,36,88.07520971999116,23231.609999999997,25918.909062500003,21478.75,0.0061042607740202665,0.006125574272588055,154383.51210978345,236684.42851002363,4328.942274276111,0.0,232355.48623574752,1.505053765524634,942.397217127234,1493.4382118705848,26.473647256957193,0.0,1466.9645646136275,1.5566308324694165,13.237200297328581,48.65473909544541
S2-000556,6501.T,6501.T|swing|2024-11-11T15:00:00Z,JPY,2024-11-13T00:00:00Z,2025-01-15T06:30:00Z,tiempo,40,449.67137244530534,3937.968,3723.1375000000003,3600.9285714285716,0.006108362348054486,0.006186970240673143,151556.9824138956,-96603.12577811097,3444.9798246332775,0.0,-100048.10560274425,-0.66013524424442,925.7649649617958,-458.48247821217547,21.174789468592465,0.0,-479.6572676807679,-0.5181199179432787,10.587282760496192,131.60441799520936
S2-000557,DBK.DE,DBK.DE|swing|2024-11-11T23:00:00Z,EUR,2024-11-13T08:00:00Z,2025-01-14T16:30:00Z,objetivo,39,885.353247569407,15.749870625972747,17.478292148360186,14.698643105370659,1.0,1.0,930.7076992993948,1530.2636080145778,29.41866182302054,0.0,1500.8449461915573,1.6125846464162084,930.7076992993948,1530.2636080145778,29.41866182302054,0.0,1500.8449461915573,1.6125846464162084,14.709717154840598,0.0
S2-000558,6758.T,6758.T|swing|2024-11-12T15:00:00Z,JPY,2024-11-14T00:00:00Z,2024-12-04T06:30:00Z,objetivo,14,825.2251713671852,2889.94425,3164.8096607142857,2706.5714285714284,0.006071276789508834,0.006357279084551811,151323.86798747722,226825.85565960812,4996.535333555331,0.0,221829.32032605278,1.465924201358706,918.7290874110693,2124.069196703604,31.082295642552204,0.0,2092.986901061052,2.278132835609875,15.541682723994958,746.9466439769444
S2-000559,7203.T,7203.T|swing|2024-11-14T15:00:00Z,JPY,2024-11-18T00:00:00Z,2024-12-26T06:30:00Z,objetivo,28,834.3249773024676,2675.83725,3014.010098214286,2496.3214285714284,0.006084205402774397,0.006125574272588055,149774.53363882683,282146.0539106948,4747.181759653389,0.0,277398.8721510414,1.8521097372933488,911.2590267633659,1820.6633493596992,28.986857713819994,0.0,1791.6764916458792,1.966154999868263,14.493887646217736,104.02880378477234
S2-000560,PLTR,PLTR|swing|2024-11-19T05:00:00Z,USD,2024-11-20T14:30:00Z,2024-12-09T14:30:00Z,objetivo,12,102.99948355187014,62.62129515266418,80.53971183013917,53.21964291163853,0.9453582907922102,0.9450902561194594,968.3653253599247,1845.5876638471404,14.745509783994418,0.0,1830.842154063146,1.890652325229276,915.4521888447009,1742.5181047142169,13.937566431569273,0.0,1728.5805382826477,1.8882259055648918,6.96922058761486,-2.2234946875046515
S2-000561,6857.T,6857.T|swing|2024-11-26T15:00:00Z,JPY,2024-11-28T00:00:00Z,2025-01-07T06:30:00Z,objetivo,24,183.48444821981317,8339.1675,9950.932758928571,7539.392857142857,0.006263701847792045,0.006125574272588055,146746.20904484097,295733.8591943733,3355.948953894571,0.0,292377.91024047876,1.9924052017666594,919.1745007506481,1600.1896740974387,20.768464617412178,0.0,1579.4212094800264,1.718303987099495,10.384634952282436,-252.19904619302957
S2-000562,ENR.DE,ENR.DE|swing|2024-12-01T23:00:00Z,EUR,2024-12-03T08:00:00Z,2024-12-11T08:00:00Z,stop,6,198.4392043802969,51.005489542007446,45.87705152511597,46.167854990277974,1.0,1.0,959.9763515278307,-1017.6831597856128,19.22529436770141,0.0,-1036.9084541533143,-1.0801395810459746,959.9763515278307,-1017.6831597856128,19.22529436770141,0.0,-1036.9084541533143,-1.0801395810459746,9.612395166159526,0.0
S2-000563,BBVA.MC,BBVA.MC|swing|2024-12-02T23:00:00Z,EUR,2024-12-04T08:00:00Z,2025-01-08T16:30:00Z,objetivo,22,1811.3451066418825,9.174585076332091,10.04979396134615,8.639678359031677,1.0,1.0,968.9006648919777,1585.305331159714,34.82198489812727,0.0,1550.4833462615866,1.600250059106368,968.9006648919777,1585.305331159714,34.82198489812727,0.0,1550.4833462615866,1.600250059106368,17.411393128241127,0.0
S2-000564,NFLX,NFLX|swing|2024-12-03T05:00:00Z,USD,2024-12-04T14:30:00Z,2025-01-10T21:00:00Z,stop,24,193.13210061770982,89.84990280532837,84.48009894044058,84.52236012050084,0.9512937595129377,0.9704968944099379,1028.9195098512553,-1037.0815003308749,33.668719437849376,0.0,-1070.7502197687243,-1.0406549876029818,978.8047087626097,-673.2542867589576,32.34215756463018,0.0,-705.5964443235878,-0.7208756128846093,16.170914511472205,313.31487261211873
S2-000565,1810.HK,1810.HK|swing|2024-12-03T16:00:00Z,HKD,2024-12-05T01:30:00Z,2024-12-27T08:00:00Z,objetivo,14,2731.2076363441506,28.96447576332092,33.69028884996686,26.02857235499791,0.12244398187829068,0.12384974548877303,8018.561808380626,12907.176790182519,171.12317156515684,0.0,12736.053618617361,1.5883214375558263,981.8246367553111,1709.7577044681657,21.082354101550855,0.0,1688.6753503666148,1.7199358084426069,10.541607125602411,129.3515834711632
S2-000566,ASML.AS,ASML.AS|swing|2024-12-03T23:00:00Z,EUR,2024-12-05T08:00:00Z,2025-01-27T16:30:00Z,stop,34,18.858798157205126,681.6406377868652,629.1674017857143,629.4821428571429,1.0,1.0,983.6465280632405,-989.5821664010941,24.720264241141027,0.0,-1014.3024306422352,-1.0311655678176945,983.6465280632405,-989.5821664010941,24.720264241141027,0.0,-1014.3024306422352,-1.0311655678176945,12.359887815000457,0.0
S2-000567,MRVL,MRVL|swing|2024-12-06T05:00:00Z,USD,2024-12-09T14:30:00Z,2025-01-27T21:00:00Z,stop,31,96.84874258531572,111.77586122131348,100.92023356928145,100.97071892874581,0.9450902561194594,0.9496676163342831,1046.4644444905941,-1051.353888073685,20.59934933327624,5.810924555118943,-1066.1423128518425,-1.018804144244793,989.0033498635235,-948.8852070365361,19.51298344559547,5.639484234393384,-962.7587062477382,-0.9734635442646309,9.756256940559101,44.739108315212434
S2-000568,COIN,COIN|swing|2024-12-06T05:00:00Z,USD,2024-12-09T14:30:00Z,2024-12-18T21:00:00Z,stop,7,17.048068297454385,340.07995866394043,278.5574420275007,278.69679042271207,0.9450902561194594,0.9527439024390243,1046.4644444905941,-1048.840065449298,10.546572658347344,0.0,-1059.3866381076452,-1.0123484306467205,989.0033498635235,-954.9023830319045,10.003809197911902,0.0,-964.9061922298164,-0.9756349079737371,5.001667123777011,36.34614305192281
S2-000569,IBE.MC,IBE.MC|swing|2024-12-09T23:00:00Z,EUR,2024-12-11T08:00:00Z,2024-12-19T08:00:00Z,stop,6,1474.1114190509281,13.261627614498138,12.993500000000001,13.04571441241673,1.0,1.0,318.2801167120543,-395.24997829458965,38.70298342517107,0.0,-433.9529617197607,-1.3634309494499615,318.2801167120543,-395.24997829458965,38.70298342517107,0.0,-433.9529617197607,-1.3634309494499615,19.35139773793901,0.0
S2-000570,9988.HK,9988.HK|swing|2024-12-10T16:00:00Z,HKD,2024-12-12T01:30:00Z,2025-01-13T01:30:00Z,stop,19,1181.4271402007976,85.99297194671631,78.46075,79.19910880497524,0.12243348800763985,0.12465097726366176,8026.454302462758,-8898.771433866728,194.29009041488618,0.0,-9093.061524281615,-1.1328864753508394,982.7067965844434,-883.9559966309811,23.9931650838143,0.0,-907.9491617147954,-0.9239268160864662,11.996364551998626,205.5516290000699
S2-000571,PLTR,PLTR|swing|2024-12-11T05:00:00Z,USD,2024-12-12T14:30:00Z,2025-02-04T14:30:00Z,objetivo,34,107.66750571224856,72.33615305328368,102.74860305023194,62.67160974230085,0.9517464547444561,0.9733307377846991,1040.5572721415174,3274.4326337699,18.850938977902914,0.0,3255.581694791997,3.128690541071182,990.3466947192513,3355.2097921085065,18.180094482441632,0.0,3337.0296976260647,3.3695570605928697,9.090888316389684,238.7801416184525
S2-000572,EXSA.DE,EXSA.DE|swing|2024-12-17T23:00:00Z,EUR,2024-12-19T08:00:00Z,2024-12-20T08:00:00Z,stop,1,385.77568284516815,50.26512167930603,49.71513167762757,49.95178427015032,1.0,1.0,120.87795297797882,-212.17276845552283,38.569950509803974,0.0,-250.7427189653268,-2.0743461713899665,120.87795297797882,-212.17276845552283,38.569950509803974,0.0,-250.7427189653268,-2.0743461713899665,19.284927032938757,0.0
S2-000573,EUNL.DE,EUNL.DE|swing|2024-12-18T23:00:00Z,EUR,2024-12-20T08:00:00Z,2024-12-20T16:30:00Z,stop,0,187.3026218781705,103.08151377868651,101.92097790050506,101.97196388244629,1.0,1.0,207.8216046704461,-217.37141276707044,38.39750418307041,0.0,-255.76891695014086,-1.2307138006932792,207.8216046704461,-217.37141276707044,38.39750418307041,0.0,-255.76891695014086,-1.2307138006932792,19.198702548356014,0.0
S2-000574,APP,APP|swing|2024-12-19T05:00:00Z,USD,2024-12-20T14:30:00Z,2025-02-13T14:30:00Z,objetivo,35,15.063853171156127,313.3566122131347,499.0903263397217,246.7912357875279,0.962000962000962,0.9643201542912248,1002.7310567580786,2797.8653985363926,12.238581391715535,0.0,2785.6268171446773,2.77803983268541,964.6282412295128,2708.985410675664,11.790963278091866,0.0,2697.194447397572,2.7960973275670784,5.896160359438019,17.436205734449423
S2-000575,SAF.PA,SAF.PA|swing|2024-12-19T23:00:00Z,EUR,2024-12-23T08:00:00Z,2025-01-17T16:30:00Z,objetivo,16,85.52250123234042,210.40515305328367,227.6718238796507,199.0142824990409,1.0,1.0,974.1757410126584,1476.6888770263909,37.46543879960685,0.0,1439.223438226784,1.4773755675035671,974.1757410126584,1476.6888770263909,37.46543879960685,0.0,1439.223438226784,1.4773755675035671,18.733093255291955,0.0
S2-000576,AMD,AMD|swing|2024-12-24T05:00:00Z,USD,2024-12-26T14:30:00Z,2025-01-10T21:00:00Z,stop,9,115.12587070036932,125.58275664138793,116.56186990376881,116.62017999376569,0.962000962000962,0.9704968944099379,1031.8244402763078,-1038.5374401578156,27.877110966426933,0.0,-1066.4145511242425,-1.033523252113191,992.6161041619122,-885.0646631895785,26.931816920826535,0.0,-911.9964801104051,-0.9187806608078598,13.465690560668838,114.00935331625683
S2-000577,TSLA,TSLA|swing|2024-12-26T05:00:00Z,USD,2024-12-27T14:30:00Z,2025-01-02T21:00:00Z,stop,3,16.666293607047376,449.7447490081787,387.5200886884417,387.7139456612723,0.962000962000962,0.9688983625617672,1033.823581260559,-1037.054458487527,13.954101611908744,0.0,-1051.0085600994357,-1.0166227382992394,994.5392797119374,-953.1003625724106,13.468406198655362,0.0,-966.568768771066,-0.971875911277257,6.733966507727725,44.547024139977566
S2-000578,COIN,COIN|swing|2024-12-26T05:00:00Z,USD,2024-12-27T14:30:00Z,2025-02-25T14:30:00Z,stop,38,20.183996659375577,274.33711221313473,219.86001622009277,223.11714826311385,0.962000962000962,0.9554748710108925,1033.823581260559,-1099.5655235360414,9.974873189369266,0.0,-1109.5403967254106,-1.073239590233112,994.5392797119374,-1086.743624120808,9.566877071314794,0.0,-1096.3105011921227,-1.1023300170805348,4.783168045542686,-28.960532696044535
S2-000579,VRTX,VRTX|swing|2025-01-02T05:00:00Z,USD,2025-01-03T14:30:00Z,2025-01-31T21:00:00Z,objetivo,18,30.25693223062931,407.7737923278808,459.55957702663966,374.24804197038924,0.9688983625617672,0.9621860867891852,1014.3863565476189,1566.8789781403068,26.242846977923108,0.0,1540.6361311623837,1.5187863295064543,982.8372798639849,1424.8132013640827,25.3333181909802,0.0,1399.4798831731025,1.4239181926094386,12.667018465543666,-93.33327488851522
S2-000580,7203.T,7203.T|swing|2025-01-05T15:00:00Z,JPY,2025-01-07T00:00:00Z,2025-01-17T06:30:00Z,stop,7,843.7537497957632,3005.502,2809.7729821428575,2811.1785714285716,0.006125574272588055,0.00623208276205908,163961.12153031185,-165147.09276080586,4906.660072276525,0.0,-170053.75283308237,-1.0371589999257487,1004.3560277507618,-759.1150899805656,30.30861639569987,0.0,-789.4237063762655,-0.7859998691342217,15.154122207606697,252.50569262773786
S2-000581,MBG.DE,MBG.DE|swing|2025-01-05T23:00:00Z,EUR,2025-01-07T08:00:00Z,2025-01-28T16:30:00Z,objetivo,15,347.40639004480954,54.026999999999994,59.15862094385283,51.10785688672747,1.0,1.0,1014.1289710061747,1782.7579071822524,39.32140797708409,0.0,1743.4364992051683,1.7191467249726693,1014.1289710061747,1782.7579071822524,39.32140797708409,0.0,1743.4364992051683,1.7191467249726693,19.66115459330534,0.0
S2-000582,TSLA,TSLA|swing|2025-01-06T05:00:00Z,USD,2025-01-07T14:30:00Z,2025-02-11T21:00:00Z,stop,23,15.763349329744017,406.03290156555175,338.8305021787371,339.000002179827,0.959140610013428,0.9686168151879117,1056.6630096027625,-1059.3348973313343,11.741542036163384,0.0,-1071.0764393674976,-1.0136405170179599,1013.4884036090183,-965.4377263529344,11.312403184346007,0.0,-976.7501295372804,-0.9637506715016043,5.655961646731354,50.61339328195331
S2-000583,7011.T,7011.T|swing|2025-01-07T15:00:00Z,JPY,2025-01-09T00:00:00Z,2025-01-15T06:30:00Z,stop,3,1034.1161939230803,2226.61275,2067.233723214286,2068.2678571428573,0.006137228427642077,0.006186970240673143,163747.01792858608,-164816.43257080714,4440.336172170399,0.0,-169256.76874297753,-1.0336479459845453,1004.9528533729354,-905.1800435672136,27.357693435880474,0.0,-932.5377370030941,-0.9279417774408087,13.678623842584123,106.3360517488973
S2-000584,0700.HK,0700.HK|swing|2025-01-09T16:00:00Z,HKD,2025-01-13T01:30:00Z,2025-02-04T08:00:00Z,objetivo,13,435.73552485571315,364.9823877868652,412.8934299556187,362.1000017438616,0.12465097726366176,0.12488760115895695,1255.957995284971,20876.543105786015,338.9481277165883,0.0,20537.594978069428,16.352135226791198,156.55639151438112,2644.8530576398384,42.29278691917782,0.0,2602.560270720661,16.623788051997813,21.147059959615284,42.57155761664994
S2-000585,1810.HK,1810.HK|swing|2025-01-09T16:00:00Z,HKD,2025-01-13T01:30:00Z,2025-02-03T08:00:00Z,objetivo,12,2321.3325963004318,33.21660076332092,39.16879463005066,29.791072845458984,0.12465097726366176,0.12347203358439313,7951.789615270057,13817.021642339261,168.03057782272856,0.0,13648.991064516533,1.7164678298714005,991.1983465384495,1615.111211600995,20.837981696791125,0.0,1594.2732299042038,1.608430074032978,10.41939723104574,-107.19403898975753
S2-000586,IFX.DE,IFX.DE|swing|2025-01-09T23:00:00Z,EUR,2025-01-13T08:00:00Z,2025-02-06T08:00:00Z,objetivo,18,459.95589200771224,31.85091658401489,37.261358779907226,29.696250915527344,1.0,1.0,991.0511695275827,2488.564766367825,31.788598263695434,0.0,2456.7761681041297,2.4789599605389028,991.0511695275827,2488.564766367825,31.788598263695434,0.0,2456.7761681041297,2.4789599605389028,15.89492524676934,0.0
S2-000587,6857.T,6857.T|swing|2025-01-13T15:00:00Z,JPY,2025-01-15T00:00:00Z,2025-01-28T06:30:00Z,stop,9,148.38652927026334,9397.6965,8305.559428571429,8309.714285714286,0.006186970240673143,0.0061648480364959,161441.904685633,-162058.4295166754,2626.9247040239275,0.0,-164685.35422069932,-1.0200905058781493,998.8362598876014,-1029.9148181670225,16.225440830788017,0.0,-1046.1402589978106,-1.0473591128094732,8.112464964806056,-27.264137497124995
S2-000588,EQQQ.DE,EQQQ.DE|swing|2025-01-13T23:00:00Z,EUR,2025-01-15T08:00:00Z,2025-03-04T16:30:00Z,stop,34,40.419354185698666,492.74625,474.507282736642,474.7446550641741,1.0,1.0,727.6128416186261,-737.207277799028,39.09576312705062,0.0,-776.3030409260787,-1.0669177294880308,727.6128416186261,-737.207277799028,39.09576312705062,0.0,-776.3030409260787,-1.0669177294880308,19.547702148629174,0.0
S2-000589,ENR.DE,ENR.DE|swing|2025-01-14T23:00:00Z,EUR,2025-01-16T08:00:00Z,2025-02-13T08:00:00Z,objetivo,20,238.171649137318,50.86542015266418,61.46925,46.63785866328648,1.0,1.0,1006.8852917545029,2525.5316419114884,26.754933645556683,0.0,2498.7767082659316,2.4816895516586603,1006.8852917545029,2525.5316419114884,26.754933645556683,0.0,2498.7767082659316,2.4816895516586603,13.37810155021219,0.0
S2-000590,NVDA,NVDA|swing|2025-01-16T05:00:00Z,USD,2025-01-17T14:30:00Z,2025-01-27T14:30:00Z,stop,5,90.76962427818258,136.75834744262696,124.73760305023194,125.31982149396624,0.9735202492211839,0.9549274255156609,1038.2707026561748,-1091.1184520417657,23.735889176503036,0.0,-1114.8543412182687,-1.0737607623581908,1010.777553208893,-1272.74102232748,22.896853631629686,0.0,-1295.6378759591098,-1.2818229607947635,11.448111492586882,-210.51511496594784
S2-000591,6501.T,6501.T|swing|2025-01-16T15:00:00Z,JPY,2025-01-20T00:00:00Z,2025-01-23T06:30:00Z,objetivo,3,879.0082103302095,3731.865,4041.317616071429,3609.910714285714,0.006241028521500344,0.006145526057030482,107198.8184278132,272011.39023494825,6832.691339922843,0.0,265178.6988950254,2.4737091582179573,669.0308832791188,1358.3725346013596,42.30376322103895,0.0,1316.0687713803206,1.9671270852697817,21.15222649170766,-339.2583100279122
S2-000592,VVSM.DE,VVSM.DE|swing|2025-01-21T23:00:00Z,EUR,2025-01-23T08:00:00Z,2025-01-27T08:00:00Z,stop,2,483.98993081852296,43.20159030532837,39.88005152511597,41.38982037135533,1.0,1.0,876.8784050026912,-1607.5913244460405,40.21067808180606,0.0,-1647.8020025278465,-1.8791681869766073,876.8784050026912,-1607.5913244460405,40.21067808180606,0.0,-1647.8020025278465,-1.8791681869766073,20.104942169306277,0.0
S2-000593,SAP.DE,SAP.DE|swing|2025-01-23T23:00:00Z,EUR,2025-01-27T08:00:00Z,2025-02-12T08:00:00Z,objetivo,12,79.70211533472707,260.13,279.36025,253.13927296229772,1.0,1.0,557.1757326325413,1532.691603415636,42.998514127460744,0.0,1489.6930892881753,2.673650344119763,557.1757326325413,1532.691603415636,42.998514127460744,0.0,1489.6930892881753,2.673650344119763,21.49964561154165,0.0
S2-000594,INTC,INTC|swing|2025-01-24T05:00:00Z,USD,2025-01-27T14:30:00Z,2025-02-03T21:00:00Z,stop,5,554.5720138735894,20.820404465675352,18.865204642432076,18.874641963413783,0.9549274255156609,0.9733307377846991,1079.0654293989132,-1084.29910350131,22.0085281648832,0.0,-1106.3076316661932,-1.025246107905111,1030.4291724588554,-842.8893906926982,21.209084700583574,0.0,-864.0984753932818,-0.8385811451080446,10.604334279026972,192.5375607027479
S2-000595,7203.T,7203.T|swing|2025-01-26T15:00:00Z,JPY,2025-01-28T00:00:00Z,2025-02-20T06:30:00Z,stop,16,916.6148686901577,2901.45,2725.4580178571427,2726.8214285714284,0.0061648480364959,0.006312732782021337,160067.14506954976,-161316.8676023955,5157.70755391972,0.0,-166474.57515631523,-1.0400296393365511,986.7896249895182,-625.0489918964473,32.16592826919791,0.0,-657.2149201656453,-0.6660132043571356,16.082811893052796,369.4449825958516
S2-000596,ASML.AS,ASML.AS|swing|2025-01-26T23:00:00Z,EUR,2025-01-28T08:00:00Z,2025-03-25T16:30:00Z,tiempo,40,16.113364157120582,660.0298622131347,674.3626622009277,598.8696539742606,1.0,1.0,985.4967072783054,230.9496255944822,21.501552674423206,24.492313518823284,233.94038643888229,0.23738322483589713,985.4967072783054,230.9496255944822,21.501552674423206,24.492313518823284,233.94038643888229,0.23738322483589713,10.750836762326532,0.0
S2-000597,6857.T,6857.T|swing|2025-01-27T15:00:00Z,JPY,2025-01-29T00:00:00Z,2025-03-04T00:00:00Z,stop,22,254.87051515495816,8554.275,7496.25,7919.660714285715,0.00617817867292722,0.00631592244047243,161744.46992469562,-269659.3767968245,4090.8055752575347,0.0,-273750.182372082,-1.692485576165501,999.2862345526727,-1402.83427382247,25.536897297006387,0.0,-1428.3711711194765,-1.4293914213267256,12.768101131959448,263.169536858517
S2-000598,ORCL,ORCL|swing|2025-01-30T05:00:00Z,USD,2025-01-31T14:30:00Z,2025-03-06T21:00:00Z,stop,23,52.261650182405326,170.49520866394042,150.16898260552546,150.24410465785436,0.9612611746611555,0.9262689885142646,1058.3561133735764,-1062.282115793374,16.75843979014874,0.0,-1079.0405555835227,-1.0195439341716592,1017.356640751299,-1295.751990015073,15.834616082600627,0.0,-1311.5866060976737,-1.2892102469878128,7.916986082547764,-274.62143556599585
S2-000599,7011.T,7011.T|swing|2025-01-30T15:00:00Z,JPY,2025-02-03T00:00:00Z,2025-02-25T00:00:00Z,stop,14,868.2540986602446,2269.63425,2003.9975000000002,2079.5714285714284,0.006211565935772408,0.006377144314775843,165022.82370828747,-230640.19694228665,3710.598283102054,0.0,-234350.79522538872,-1.4201114122229117,1025.0501503713738,-1144.533881293432,23.33672880610542,0.0,-1167.8706100995373,-1.1393302168449222,11.668081186602077,288.1029094531151
S2-000600,MRVL,MRVL|swing|2025-01-31T05:00:00Z,USD,2025-02-03T14:30:00Z,2025-02-24T21:00:00Z,stop,14,96.16490814808748,108.7943678627014,97.73432323414939,97.78321484157017,0.9621860867891852,0.9554748710108925,1058.8865188816212,-1063.5881758184532,19.86081260927339,0.0,-1083.4489884277266,-1.0231965079431249,1018.8458759565298,-1086.4458594489604,19.046721450367112,0.0,-1105.4925808993275,-1.085043976706929,9.52309149449069,-63.07611460295592
S2-000601,QCOM,QCOM|swing|2025-02-03T05:00:00Z,USD,2025-02-04T14:30:00Z,2025-02-25T21:00:00Z,stop,14,115.74882581090252,168.58425,159.36028897639684,159.44000898088728,0.9733307377846991,0.9526531389920929,1058.435160894187,-1067.6626578075955,37.95919531761569,0.0,-1105.6218531252111,-1.0445815615112028,1030.2074760504058,-1420.6030380209606,36.565437428616455,0.0,-1457.168475449577,-1.4144417598637975,18.28236813414005,-381.4141555919204
S2-000602,INTC,INTC|swing|2025-02-03T05:00:00Z,USD,2025-02-04T14:30:00Z,2025-02-12T21:00:00Z,objetivo,6,1107.7551692790983,19.109550381660462,22.395582810282708,18.52821373939514,0.9733307377846991,0.9643201542912248,643.9786705607626,3640.119409225042,45.97752584499253,0.0,3594.1418833800494,5.581150506507225,626.8042345345167,3319.4981425490537,44.52779718456529,0.0,3274.9703453644884,5.224869528516472,22.264734033001822,-223.54196765636033
S2-000603,SU.PA,SU.PA|swing|2025-02-04T23:00:00Z,EUR,2025-02-06T08:00:00Z,2025-02-20T08:00:00Z,objetivo,10,89.54760277778404,234.5171938934326,267.6660877990723,224.41517475673132,1.0,1.0,904.6115969068984,2968.4039839851284,44.96930903064445,0.0,2923.434674954484,3.2317015224550127,904.6115969068984,2968.4039839851284,44.96930903064445,0.0,2923.434674954484,3.2317015224550127,22.48540223766581,0.0
S2-000604,ENI.MI,ENI.MI|swing|2025-02-10T23:00:00Z,EUR,2025-02-12T08:00:00Z,2025-03-04T08:00:00Z,stop,14,1522.4956891367974,14.019006083965301,13.493250000000002,13.603071757725306,1.0,1.0,633.2582186644107,-800.4613713746132,41.8872912862648,0.0,-842.3486626608781,-1.330181966587745,633.2582186644107,-800.4613713746132,41.8872912862648,0.0,-842.3486626608781,-1.330181966587745,20.943450763649846,0.0
S2-000605,PLTR,PLTR|swing|2025-02-11T05:00:00Z,USD,2025-02-12T14:30:00Z,2025-02-24T21:00:00Z,stop,7,75.01961788718815,110.3451459159851,95.61234741456168,95.66017750331334,0.9686168151879117,0.9554748710108925,1101.6607190040636,-1105.248913985723,15.450852450660722,0.0,-1120.6997664363837,-1.0172821333318773,1067.087097059341,-1164.8272434870648,14.871690932265013,0.0,-1179.6989344193298,-1.1055320017178751,7.435556118209812,-94.26456043231597
S2-000606,6758.T,6758.T|swing|2025-02-11T15:00:00Z,JPY,2025-02-13T00:00:00Z,2025-02-14T00:00:00Z,objetivo,1,726.8464521652552,3361.68,3758.1200000000003,3127.3571428571427,0.006280618012812461,0.006258213905751299,170316.73737551167,288151.00749639416,5175.001370126184,0.0,282976.00612626795,1.6614691573287181,1069.694368644088,1748.56788271206,32.44100829616383,0.0,1716.1268744158963,1.6043151433911038,16.22094534528661,-61.198525379849514
S2-000607,EXV1.DE,EXV1.DE|swing|2025-02-11T23:00:00Z,EUR,2025-02-13T08:00:00Z,2025-02-26T16:30:00Z,objetivo,9,891.5200341063799,24.117052042007444,25.331344952208656,23.337321008954728,1.0,1.0,695.1458371809603,1082.5664567177203,44.08423657478935,0.0,1038.4822201429308,1.4939055441291427,695.1458371809603,1082.5664567177203,44.08423657478935,0.0,1038.4822201429308,1.4939055441291427,22.042394439604692,0.0
S2-000608,UBER,UBER|swing|2025-02-12T05:00:00Z,USD,2025-02-13T14:30:00Z,2025-03-11T20:00:00Z,stop,17,125.33711232227294,79.15956274795532,70.1597229938507,70.19482040405273,0.9643201542912248,0.9164222873900294,1123.6149180979548,-1128.0139261426673,18.71524808890231,0.0,-1146.7291742315697,-1.0205713325458,1083.5245111841416,-1508.962063844556,17.626295424144818,0.0,-1526.588359268701,-1.4089098525333332,8.812772674749471,-421.1955005440086
S2-000609,8035.T,8035.T|swing|2025-02-12T15:00:00Z,JPY,2025-02-14T00:00:00Z,2025-02-26T00:00:00Z,stop,7,91.35553550050126,25142.565,23088.45,23222.321428571428,0.006258213905751299,0.006361727845282779,175424.87975925216,-187654.77580461197,4406.170203057709,0.0,-192060.94600766967,-1.0948329921687754,1097.8464219241014,-956.0461519964183,27.793093211307426,0.0,-983.8392452077258,-0.8961538021715596,13.896311068192308,218.33757542464613
S2-000610,IQQT.DE,IQQT.DE|swing|2025-02-18T23:00:00Z,EUR,2025-02-20T08:00:00Z,2025-02-25T16:30:00Z,stop,3,247.64067349024495,89.88491633605956,87.35415601376125,87.39785494123187,1.0,1.0,615.8975588267175,-626.7191906563419,43.89160324549589,0.0,-670.6107939018377,-1.0888349601179597,615.8975588267175,-626.7191906563419,43.89160324549589,0.0,-670.6107939018377,-1.0888349601179597,21.94565042936037,0.0
S2-000611,RACE.MI,RACE.MI|swing|2025-02-18T23:00:00Z,EUR,2025-02-20T08:00:00Z,2025-02-27T16:30:00Z,stop,5,32.861565241180806,479.23949999999996,445.1487361030579,445.37142181396484,1.0,1.0,1112.9580609038055,-1120.2758619210529,30.376844328880686,0.0,-1150.6527062499335,-1.0338688820992206,1112.9580609038055,-1120.2758619210529,30.376844328880686,0.0,-1150.6527062499335,-1.0338688820992206,15.1881458925089,0.0
S2-000612,APP,APP|swing|2025-02-21T05:00:00Z,USD,2025-02-24T14:30:00Z,2025-02-26T21:00:00Z,stop,2,12.602648854710562,412.06591534423825,321.24804043960575,321.4087448120117,0.9555661729574774,0.9535615523982074,1142.5204863792649,-1144.545787154114,9.241698285002535,0.0,-1153.7874854391164,-1.009861529131576,1091.7539286949498,-1101.8050967898255,8.822938402643187,0.0,-1110.6280351924686,-1.0172878759594484,4.411194852845332,-8.115859184365592
S2-000613,7203.T,7203.T|swing|2025-02-20T15:00:00Z,JPY,2025-02-25T00:00:00Z,2025-04-03T00:00:00Z,stop,26,1274.695513399229,2651.325,2499.24975,2525.0803571428573,0.006377144314775843,0.0062027043791092916,160923.47984068753,-193849.63887406592,6565.414525252356,63734.77566996145,-136680.27772935684,-0.8493495036564509,1026.2322545799855,-1791.934806904646,41.31286822942225,392.0933600120667,-1441.1543151220017,-1.4043159418253082,20.65599129500615,-555.7276844375432
S2-000614,ARM,ARM|swing|2025-02-24T05:00:00Z,USD,2025-02-25T14:30:00Z,2025-03-03T21:00:00Z,stop,4,60.88642174818294,139.38966732788086,120.92921990135738,120.98971475873675,0.9554748710108925,0.9555661729574774,1120.3072722714703,-1123.9905876714665,15.849885556857075,0.0,-1139.8404732283236,-1.0174355745430885,1070.4254464661478,-1073.2725103349069,15.144839609413367,0.0,-1088.4173499443202,-1.01680817990414,7.5721533796173155,0.672251437945787
S2-000615,6758.T,6758.T|swing|2025-02-24T15:00:00Z,JPY,2025-02-26T00:00:00Z,2025-03-07T06:30:00Z,stop,7,660.6183659205404,3757.8779999999997,3504.7110535714287,3506.464285714286,0.006361727845282779,0.006279829188646068,166088.51710144198,-167246.7344547356,4797.7997129227615,0.0,-172044.53416765836,-1.0358604987879965,1056.6099440259684,-1253.5962418241318,30.33267799557963,0.0,-1283.9289198197114,-1.2151399171274089,15.166029390235218,-189.61803421082539
S2-000616,6501.T,6501.T|swing|2025-02-24T15:00:00Z,JPY,2025-02-26T00:00:00Z,2025-03-11T06:30:00Z,stop,9,732.9532579714852,3776.8875,3548.5105714285714,3550.285714285714,0.006361727845282779,0.006273919317397579,166088.51710144198,-167389.61384194958,5369.174382391606,0.0,-172758.7882243412,-1.040160940920589,1056.6099440259684,-1293.267698840463,33.92884564318865,0.0,-1327.1965444836517,-1.256089394187107,16.964103745694356,-228.38053145100042
S2-000617,MBG.DE,MBG.DE|swing|2025-02-24T23:00:00Z,EUR,2025-02-26T08:00:00Z,2025-03-27T08:00:00Z,stop,21,278.02496283525096,60.64030561065673,55.77209923744202,56.82857281821115,1.0,1.0,1059.7568679575904,-1353.482895987352,32.36555453145485,0.0,-1385.8484505188069,-1.307704146508316,1059.7568679575904,-1353.482895987352,32.36555453145485,0.0,-1385.8484505188069,-1.307704146508316,16.182442940611303,0.0
S2-000618,8035.T,8035.T|swing|2025-02-25T15:00:00Z,JPY,2025-02-27T00:00:00Z,2025-03-04T06:30:00Z,stop,3,97.73564883549884,23361.675,21640.781339285713,21651.60714285714,0.006381620931716656,0.00631592244047243,167134.59157058835,-168192.65850680752,4398.344269511297,0.0,-172591.0027763188,-1.032646809702622,1066.5896079807808,-1212.2990793767772,27.929608565920635,0.0,-1240.228687942698,-1.1627983984305292,13.964504699315823,-138.95728928866384
S2-000619,ENR.DE,ENR.DE|swing|2025-02-25T23:00:00Z,EUR,2025-02-27T08:00:00Z,2025-03-10T16:30:00Z,stop,7,138.07221825899484,55.68782984733581,47.9195971264158,47.943568910871235,1.0,1.0,1069.267286274145,-1072.577123729533,14.305307270372701,0.0,-1086.8824309999056,-1.0164740331551156,1069.267286274145,-1072.577123729533,14.305307270372701,0.0,-1086.8824309999056,-1.0164740331551156,7.152387279001587,0.0
S2-000620,APP,APP|swing|2025-02-26T05:00:00Z,USD,2025-02-27T14:30:00Z,2025-03-06T21:00:00Z,stop,5,16.280044683909342,346.6132224426269,277.59860379791263,277.7374725341797,0.9535615523982074,0.9262689885142646,1121.3002861472858,-1123.5610753789115,10.162196423420639,0.0,-1133.7232718023322,-1.0110790889902748,1069.22884156316,-1194.728409582561,9.566936030962449,0.0,-1204.2953456135235,-1.12632141857762,4.783170529170452,-123.34376633004592
S2-000621,9988.HK,9988.HK|swing|2025-02-26T16:00:00Z,HKD,2025-02-28T01:30:00Z,2025-04-07T01:30:00Z,stop,25,459.5728399362431,133.66680610656738,107.94600000000001,115.05714007786342,0.1227807381577978,0.1163697299058569,8552.497067076503,-11820.583907844628,111.03868346736004,0.0,-11931.622591311989,-1.395103967617094,1050.0819029880538,-1769.3840451703236,13.315367492683551,0.0,-1782.6994126630073,-1.6976765408395844,6.657243064640341,-318.04402750897395
S2-000622,0700.HK,0700.HK|swing|2025-02-26T16:00:00Z,HKD,2025-02-28T01:30:00Z,2025-04-07T08:00:00Z,stop,25,162.6172013301436,493.0463877868652,440.2333418104989,440.4535685947963,0.1227807381577978,0.1163697299058569,8552.497067076503,-8588.30973039688,151.76733768527652,0.0,-8740.077068082157,-1.0219327758354642,1050.0819029880538,-1513.4399730877324,18.17514478438021,0.0,-1531.6151178721125,-1.458567292240572,9.087196303994542,-458.96096486180573
S2-000623,7011.T,7011.T|swing|2025-03-02T15:00:00Z,JPY,2025-03-04T00:00:00Z,2025-03-06T06:30:00Z,objetivo,2,1062.4228134347982,2111.055,2399.9779821428574,1958.8214285714287,0.00631592244047243,0.006246486351427322,161736.41925636987,306958.36755418667,4792.624352385383,0.0,302165.74320180126,1.8682603744481048,1021.5146798229638,1761.6777020089628,30.092796156068175,0.0,1731.5849058528947,1.6951150483250925,15.046842259168212,-177.04753991730917
S2-000624,EXV1.DE,EXV1.DE|swing|2025-03-02T23:00:00Z,EUR,2025-03-04T08:00:00Z,2025-03-04T16:30:00Z,stop,0,786.5674062612865,25.83791326332092,25.131713263681956,25.144285406385148,1.0,1.0,545.5850643405458,-555.4739020177423,40.09104693545112,0.0,-595.5649489531934,-1.0916078681022157,545.5850643405458,-555.4739020177423,40.09104693545112,0.0,-595.5649489531934,-1.0916078681022157,20.045389610595496,0.0
S2-000625,ADYEN.AS,ADYEN.AS|swing|2025-03-02T23:00:00Z,EUR,2025-03-04T08:00:00Z,2025-03-07T16:30:00Z,stop,3,8.41405902603433,1725.8625,1604.2902967703683,1605.0928431919642,1.0,1.0,1016.1630209367214,-1022.9156938991623,28.020102197739188,0.0,-1050.9357960969014,-1.034219681727963,1016.1630209367214,-1022.9156938991623,28.020102197739188,0.0,-1050.9357960969014,-1.034219681727963,14.009798872395052,0.0
S2-000626,8035.T,8035.T|swing|2025-03-03T15:00:00Z,JPY,2025-03-05T00:00:00Z,2025-03-07T00:00:00Z,stop,2,139.54861853847802,22451.219999999998,21129.43,21395.535714285714,0.006389776357827476,0.006279829188646068,147319.28368420823,-184453.96849797448,6081.619502508922,0.0,-190535.5880004834,-1.2933513063294082,941.3372759374328,-1502.807935345147,38.53600018610467,0.0,-1541.3439355312516,-1.637398172717957,19.267629207973343,-324.1883283293338
S2-000627,6857.T,6857.T|swing|2025-03-03T15:00:00Z,JPY,2025-03-05T00:00:00Z,2025-03-27T06:30:00Z,stop,15,314.5395894658103,7788.8925,7287.211714285715,7290.857142857143,0.006389776357827476,0.006165228113440197,156651.83677517239,-157798.4683814563,4742.031630305201,0.0,-162540.5000117615,-1.0375907704487408,1000.9702030362453,-1522.9876767511753,29.785830845208295,0.0,-1552.7735075963835,-1.551268462224302,14.892538398818413,-514.6907541859596
S2-000628,INTC,INTC|swing|2025-03-04T05:00:00Z,USD,2025-03-05T14:30:00Z,2025-04-08T20:00:00Z,stop,24,343.32907091449897,21.340664923667905,18.247656829851014,18.256785222462245,0.9472387989012029,0.9132420091324202,1058.785552627022,-1061.9195951811787,13.5918217266999,0.0,-1075.5114169078786,-1.0157972161967614,1002.9227551643668,-1218.8796661634033,12.661712662984154,0.0,-1231.5413788263875,-1.22795237468169,6.330553194212989,-212.98822429433227
S2-000629,SU.PA,SU.PA|swing|2025-03-04T23:00:00Z,EUR,2025-03-06T08:00:00Z,2025-03-31T15:30:00Z,stop,17,62.256502908697435,227.5637219467163,211.30501219667707,211.4107175554548,1.0,1.0,1005.6295648687743,-1012.2104108449847,27.32243262373453,0.0,-1039.5328434687192,-1.0337134863416322,1005.6295648687743,-1012.2104108449847,27.32243262373453,0.0,-1039.5328434687192,-1.0337134863416322,13.660966674505563,0.0
S2-000630,1810.HK,1810.HK|swing|2025-03-05T16:00:00Z,HKD,2025-03-07T01:30:00Z,2025-04-01T08:00:00Z,stop,17,1020.9679340527634,54.62729847335815,46.34110455186026,46.364286695207866,0.11915826600891302,0.1188636633781053,8436.270064191749,-8459.938289192267,103.08550184126403,0.0,-8563.02379103353,-1.015024854097523,1005.2513124319902,-1022.0100470646128,12.269551180081582,0.0,-1034.2795982446944,-1.0288766455250642,6.1345216211592355,-13.938469982051558
S2-000631,EXV1.DE,EXV1.DE|swing|2025-03-05T23:00:00Z,EUR,2025-03-07T08:00:00Z,2025-03-11T16:30:00Z,stop,2,762.1193244698791,26.08803826332092,24.99231943454061,25.004821845463344,1.0,1.0,825.5401646322996,-835.0684935989768,38.92932770237402,0.0,-873.9978213013509,-1.0586981212363358,825.5401646322996,-835.0684935989768,38.92932770237402,0.0,-873.9978213013509,-1.0586981212363358,19.464459950177762,0.0
S2-000632,DBK.DE,DBK.DE|swing|2025-03-05T23:00:00Z,EUR,2025-03-07T08:00:00Z,2025-04-04T07:00:00Z,stop,20,588.815497243292,22.011,20.209889313697815,20.322678429739817,1.0,1.0,994.1099048993249,-1060.5218843452276,24.860313935298976,0.0,-1085.3821982805266,-1.0918130811607245,994.1099048993249,-1060.5218843452276,24.860313935298976,0.0,-1085.3821982805266,-1.0918130811607245,12.429894944651753,0.0
S2-000633,PLTR,PLTR|swing|2025-03-06T05:00:00Z,USD,2025-03-07T14:30:00Z,2025-04-28T20:00:00Z,objetivo,35,56.632427015635365,80.06501402664185,114.24391899735589,61.14393016270229,0.9262689885142646,0.8804366966015145,1071.546900981273,1935.6343412283,11.004186467967532,0.0,1924.6301547603325,1.7961231122948005,992.5406641175186,1496.3872410701406,9.896305846793773,0.0,1486.490935223347,1.4976625028708583,4.948528257338863,-296.5308223128713
S2-000634,6758.T,6758.T|swing|2025-03-06T15:00:00Z,JPY,2025-03-10T00:00:00Z,2025-04-04T06:30:00Z,stop,18,617.996954547018,3527.763,3270.578178571429,3272.214285714286,0.006236357966947303,0.006166368625516434,157928.3271669774,-158939.43639857555,4201.354144328729,6179.9695454701805,-156960.82099743412,-0.9938737642138111,984.8975813344397,-1132.6661920456158,26.05968541835229,38.01888370021642,-1120.7069937637516,-1.1378919138427606,13.02956280001749,-141.46297159924535
S2-000635,EQQQ.DE,EQQQ.DE|swing|2025-03-09T23:00:00Z,EUR,2025-03-11T08:00:00Z,2025-03-11T16:30:00Z,stop,0,43.82742920927811,437.56868110656734,436.86628392001563,437.0848263331822,1.0,1.0,21.206110828108212,-30.784262970391044,38.32423652782015,0.0,-69.10849949821119,-3.258895516409801,21.206110828108212,-30.784262970391044,38.32423652782015,0.0,-69.10849949821119,-3.258895516409801,19.162115358370528,0.0
S2-000636,ENR.DE,ENR.DE|swing|2025-03-09T23:00:00Z,EUR,2025-03-11T08:00:00Z,2025-04-07T07:00:00Z,stop,19,117.71565650980078,52.12604847335815,42.728625,43.98035614831107,1.0,1.0,958.8755197697633,-1106.2238736669672,11.16588016093914,0.0,-1117.3897538279064,-1.1653126300442045,958.8755197697633,-1106.2238736669672,11.16588016093914,0.0,-1117.3897538279064,-1.1653126300442045,5.582664920167176,0.0
S2-000637,6501.T,6501.T|swing|2025-03-10T15:00:00Z,JPY,2025-03-12T00:00:00Z,2025-03-31T06:30:00Z,stop,12,748.01311116756,3681.8399999999997,3475.0651696428577,3476.8035714285716,0.006191183754333828,0.006148548942449582,153369.93683839915,-154670.28416659025,5353.458902275748,16456.28844568632,-143567.45462317968,-0.9360860256104296,949.5414613571022,-1068.416837989913,33.0334230978839,101.23831710665223,-1000.2119439811447,-1.0533631070218075,16.51644857384141,-110.82468737952208
S2-000638,8035.T,8035.T|swing|2025-03-10T15:00:00Z,JPY,2025-03-12T00:00:00Z,2025-03-31T06:30:00Z,stop,12,144.2760378289906,21260.625,20402.82919642857,20413.035714285714,0.006191183754333828,0.006148548942449582,122286.82384916149,-123759.3798056209,6011.038093730347,47178.26437007993,-82592.15352927131,-0.6753969964184137,757.1001971840112,-891.7185719381456,37.08993988234595,290.2384765923096,-638.570035228182,-0.843441908486228,18.544751647717938,-125.50151023915376
S2-000639,BSP.DE,BSP.DE|swing|2025-03-10T23:00:00Z,EUR,2025-03-12T08:00:00Z,2025-04-07T07:00:00Z,stop,18,543.3292988408103,18.684336736679075,16.591700381278994,16.93803528376988,1.0,1.0,948.8167439738405,-1136.990643708315,19.16650451318256,0.0,-1156.1571482214977,-1.2185252374228481,948.8167439738405,-1136.990643708315,19.16650451318256,0.0,-1156.1571482214977,-1.2185252374228481,9.58297040467082,0.0
S2-000640,CRWD,CRWD|swing|2025-03-25T04:00:00Z,USD,2025-03-26T13:30:00Z,2025-04-04T13:30:00Z,stop,7,85.70696864872261,96.02173412704467,81.96399475479126,83.43710245404925,0.9237875288683602,0.901144453455889,1078.5906322531396,-1204.8462276496364,15.254617285195554,0.0,-1220.100844934832,-1.1311991857245063,996.3885748296901,-1272.0869320988077,13.93296019293139,0.0,-1286.019892291739,-1.2906810904687007,6.966163816272857,-159.06501279198397
S2-000641,ADYEN.AS,ADYEN.AS|swing|2025-03-25T23:00:00Z,EUR,2025-03-27T08:00:00Z,2025-04-03T07:00:00Z,stop,5,10.72052817730087,1464.932051147461,1361.119148803711,1373.78568812779,1.0,1.0,977.1371530108754,-1112.9291447435555,30.296761519571476,0.0,-1143.225906263127,-1.1699748625261852,977.1371530108754,-1112.9291447435555,30.296761519571476,0.0,-1143.225906263127,-1.1699748625261852,15.148106314526247,0.0
S2-000642,VVSM.DE,VVSM.DE|swing|2025-03-25T23:00:00Z,EUR,2025-03-27T08:00:00Z,2025-03-31T07:00:00Z,stop,2,460.2210104376853,35.332656126022336,33.013483779907226,33.20946502685547,1.0,1.0,977.1371530108753,-1067.3318405082332,31.454329567022313,0.0,-1098.7861700752555,-1.124495334856054,977.1371530108753,-1067.3318405082332,31.454329567022313,0.0,-1098.7861700752555,-1.124495334856054,15.726901882275401,0.0
S2-000643,ALV.DE,ALV.DE|swing|2025-03-27T23:00:00Z,EUR,2025-03-31T07:00:00Z,2025-04-04T15:30:00Z,stop,4,52.82913071537902,353.37661221313476,340.43325417382374,340.60355595179965,1.0,1.0,674.7894588649632,-683.7863537547139,36.653372122976286,0.0,-720.4397258776902,-1.0676511264558186,674.7894588649632,-683.7863537547139,36.653372122976286,0.0,-720.4397258776902,-1.0676511264558186,18.326519696529914,0.0
S2-000644,AIR.PA,AIR.PA|swing|2025-03-27T23:00:00Z,EUR,2025-03-31T07:00:00Z,2025-04-03T07:00:00Z,stop,3,113.30611150982187,164.76233267211913,155.9020057296753,156.59928458077567,1.0,1.0,924.9232372978001,-1003.9291925540201,36.33322928417698,0.0,-1040.262421838197,-1.1247013588688342,924.9232372978001,-1003.9291925540201,36.33322928417698,0.0,-1040.262421838197,-1.1247013588688342,18.166368201380827,0.0
S2-000645,SIE.DE,SIE.DE|swing|2025-03-27T23:00:00Z,EUR,2025-03-31T07:00:00Z,2025-04-03T15:30:00Z,stop,3,55.272276035027744,215.0574719467163,198.0705542229244,198.1696390424456,1.0,1.0,933.4289619182749,-938.9056054137321,22.834526300254545,0.0,-961.7401317139867,-1.0303302885926422,933.4289619182749,-938.9056054137321,22.834526300254545,0.0,-961.7401317139867,-1.0303302885926422,11.417031277982803,0.0
S2-000646,ADBE,ADBE|swing|2025-03-31T04:00:00Z,USD,2025-04-01T13:30:00Z,2025-04-03T20:00:00Z,stop,2,52.289145798756486,381.32056988525386,370.5869358125414,370.77232197352816,0.9246417013407305,0.901144453455889,551.5588729776536,-561.2525569785615,39.316601192611344,0.0,-600.5691581711728,-1.0888577586086716,509.99433469963344,-974.2795360439527,35.89844700079369,0.0,-1010.1779830447464,-1.9807631463978936,17.948984417756158,-455.32201687745925
S2-000647,7011.T,7011.T|swing|2025-04-01T15:00:00Z,JPY,2025-04-03T00:00:00Z,2025-04-07T00:00:00Z,stop,2,836.0420452396153,2425.212,2067.9655000000002,2246.910714285714,0.0062027043791092916,0.00622820129546587,149067.37157742446,-298673.094514694,3756.4853067246218,0.0,-302429.5798214186,-2.0288113798554432,924.6208384656027,-1808.4991368926808,23.34444963645626,0.0,-1831.8435865291372,-1.9811835406706384,11.671775611386462,44.081774375735485
S2-000648,1810.HK,1810.HK|swing|2025-04-01T16:00:00Z,HKD,2025-04-03T01:30:00Z,2025-04-07T08:00:00Z,stop,1,1324.0767919080756,43.82189923667907,37.93280960355486,37.95178549630301,0.11895274007636765,0.1163697299058569,7772.4813694926515,-7797.606908686216,108.24951260455573,0.0,-7905.856421290772,-1.0171599062715833,924.5579560936694,-1057.2808548564499,12.746841989213392,0.0,-1070.0276968456633,-1.1573397749629617,6.373158267681968,-129.7341470298091
S2-000649,MBG.DE,MBG.DE|swing|2025-04-01T22:00:00Z,EUR,2025-04-03T07:00:00Z,2025-04-03T15:30:00Z,stop,0,350.95328447876227,52.216093626022335,51.94133671389307,51.96732037408011,1.0,1.0,87.30778985958656,-96.42684074500745,36.55439228066119,0.0,-132.98123302566864,-1.5231313636450625,87.30778985958656,-96.42684074500745,36.55439228066119,0.0,-132.98123302566864,-1.5231313636450625,18.277176602912395,0.0
S2-000650,APP,APP|swing|2025-04-02T04:00:00Z,USD,2025-04-03T13:30:00Z,2025-04-04T20:00:00Z,stop,1,26.56323500395089,264.65224900817867,227.3085548734665,227.42226600646973,0.9256687957048968,0.9044044496698924,988.9487876674916,-991.9693232160217,13.068070446240737,0.0,-1005.0373936622625,-1.016268391442915,915.4390332939846,-1046.630245314428,11.968309835641564,0.0,-1058.5985551500696,-1.1563834582636927,5.983894756231843,-128.39519651685126
S2-000651,TSLA,TSLA|swing|2025-04-02T04:00:00Z,USD,2025-04-03T13:30:00Z,2025-04-04T20:00:00Z,stop,1,34.189933517715886,265.4226535491943,236.37925970349994,236.4975084577288,0.9256687957048968,0.9044044496698924,988.9487876674917,-992.9917047131291,17.15657405317225,0.0,-1010.1482787663014,-1.0214363891873615,915.4390332939847,-1091.0354395582167,15.709451238110375,0.0,-1106.7448907963271,-1.2089771689262307,7.854454823807941,-171.85400411146173
S2-000652,6857.T,6857.T|swing|2025-04-02T15:00:00Z,JPY,2025-04-04T00:00:00Z,2025-04-04T06:30:00Z,stop,0,479.82724232163304,5992.995,5931.211482142858,5934.178571428572,0.006166368625516434,0.006166368625516434,28221.724724635762,-29645.41499432192,5721.559113200348,0.0,-35366.97410752227,-1.2531825908091705,174.02555789995537,-182.80455691140156,35.28124260467626,0.0,-218.08579951607783,-1.2531825908091732,17.640580011342387,0.0
S2-000653,8035.T,8035.T|swing|2025-04-02T15:00:00Z,JPY,2025-04-04T00:00:00Z,2025-04-04T06:30:00Z,stop,0,147.09136036369404,19549.77,18982.91450892857,18992.410714285714,0.006166368625516434,0.006166368625516434,81982.73554705124,-83379.54531132648,5667.824982883343,0.0,-89047.37029420983,-1.0861722251644566,505.5357683113477,-514.1490122175893,34.949898149370064,0.0,-549.0989103669593,-1.0861722251644559,17.47482490613917,0.0
S2-000654,IS3N.DE,IS3N.DE|swing|2025-04-02T22:00:00Z,EUR,2025-04-04T07:00:00Z,2025-04-04T15:30:00Z,stop,0,560.5618131831443,31.125555610656736,30.905717615570342,30.921178204672678,1.0,1.0,114.56616927209113,-123.23278513217606,34.77236299375288,0.0,-158.00514812592894,-1.3791606119837312,114.56616927209113,-123.23278513217606,34.77236299375288,0.0,-158.00514812592894,-1.3791606119837312,17.38615503521744,0.0
S2-000655,AIR.PA,AIR.PA|swing|2025-04-02T22:00:00Z,EUR,2025-04-04T07:00:00Z,2025-04-04T15:30:00Z,stop,0,110.97797135040712,157.21856938934326,152.53297826085773,152.60928290230888,1.0,1.0,511.52926370392026,-519.9973980167886,34.37559838086827,0.0,-554.3729963976568,-1.0837561714133623,511.52926370392026,-519.9973980167886,34.37559838086827,0.0,-554.3729963976568,-1.0837561714133623,17.187673488001604,0.0
S2-000656,R6C0.DE,R6C0.DE|swing|2025-04-02T22:00:00Z,EUR,2025-04-04T07:00:00Z,2025-04-04T15:30:00Z,stop,0,557.3370993930981,31.305645915985107,30.18222391169412,30.197322572980607,1.0,1.0,617.7097171797898,-626.1247612659192,34.26947101761914,0.0,-660.3942322835384,-1.0691012524436698,617.7097171797898,-626.1247612659192,34.26947101761914,0.0,-660.3942322835384,-1.0691012524436698,17.134583261262744,0.0
S2-000657,SAF.PA,SAF.PA|swing|2025-04-02T22:00:00Z,EUR,2025-04-04T07:00:00Z,2025-04-04T15:30:00Z,stop,0,69.26851535968508,231.61575,218.91191861970086,219.02142933436804,1.0,1.0,872.3898944721263,-879.9755390931,31.207382733746858,0.0,-911.1829218268468,-1.0444675340699512,872.3898944721263,-879.9755390931,31.207382733746858,0.0,-911.1829218268468,-1.0444675340699512,15.60347527385665,0.0
S2-000658,IBE.MC,IBE.MC|swing|2025-04-03T22:00:00Z,EUR,2025-04-07T07:00:00Z,2025-04-07T15:30:00Z,stop,0,1102.279275996775,14.797394961833954,14.357460673247067,14.364642994744438,1.0,1.0,477.0135249696115,-484.9304491097099,32.1367931612276,0.0,-517.0672422709375,-1.0839676763963404,477.0135249696115,-484.9304491097099,32.1367931612276,0.0,-517.0672422709375,-1.0839676763963404,16.06827936506987,0.0
S2-000659,DBK.DE,DBK.DE|swing|2025-04-03T22:00:00Z,EUR,2025-04-07T07:00:00Z,2025-04-25T07:00:00Z,objetivo,12,958.9829676437462,17.008499999999998,22.24387166118622,16.555073056902206,1.0,1.0,434.8287155015528,5020.632252362331,37.642355862699645,0.0,4982.989896499632,11.459661514654124,434.8287155015528,5020.632252362331,37.642355862699645,0.0,4982.989896499632,11.459661514654124,18.822437795019635,0.0
S2-000660,OR.PA,OR.PA|swing|2025-04-03T22:00:00Z,EUR,2025-04-07T07:00:00Z,2025-04-07T15:30:00Z,stop,0,48.62851737492523,335.417625,329.34777447019303,329.5125307355608,1.0,1.0,287.15597903885225,-295.1678319519167,32.3265557783854,0.0,-327.4943877303021,-1.1404756008440697,287.15597903885225,-295.1678319519167,32.3265557783854,0.0,-327.4943877303021,-1.1404756008440697,16.163208138035646,0.0
S2-000661,BBVA.MC,BBVA.MC|swing|2025-04-03T22:00:00Z,EUR,2025-04-07T07:00:00Z,2025-04-07T15:30:00Z,stop,0,1525.7566504174745,10.690342919826508,10.234343767864365,10.239463499614171,1.0,1.0,687.9322739253475,-695.7437386909678,31.925979871646344,0.0,-727.6697185626141,-1.05776359991155,687.9322739253475,-695.7437386909678,31.925979871646344,0.0,-727.6697185626141,-1.05776359991155,15.96281999059222,0.0
S2-000662,LMT,LMT|swing|2025-04-04T04:00:00Z,USD,2025-04-07T13:30:00Z,2025-04-16T20:00:00Z,objetivo,7,42.06790395027769,422.41111221313474,480.6675916096824,416.4494754246303,0.9044044496698924,0.8806693086745927,250.79356380524715,2450.727979735298,37.99062817195954,0.0,2412.7373515633385,9.62041176398347,226.81881505403558,1736.5086446523032,33.878952519323775,0.0,1702.6296921329795,7.506562856028315,16.939914621799353,-479.94064515080436
S2-000663,ABBV,ABBV|swing|2025-04-04T04:00:00Z,USD,2025-04-07T13:30:00Z,2025-04-09T13:30:00Z,stop,2,95.77864638145111,181.1205137786865,168.21585305023194,171.84394182477678,0.9044044496698924,0.9132420091324202,888.4975048056064,-1235.9909365832484,33.458964346687864,0.0,-1269.4499009299363,-1.4287602318114312,803.561096866787,-975.4494810119246,30.402822458276418,0.0,-1005.852303470201,-1.2517434049410552,15.201171167058042,142.3862217856248
S2-000664,COIN,COIN|swing|2025-04-04T04:00:00Z,USD,2025-04-07T13:30:00Z,2025-04-07T20:00:00Z,stop,0,121.61784701354104,146.11301328277588,144.05846904114316,144.13053430829729,0.9044044496698924,0.9118263882556761,241.10482462569962,-249.8692472614406,35.29003094496281,0.0,-285.1592782064034,-1.1827190876379003,218.05627622836178,-95.94989498077682,32.0464939796907,0.0,-127.99638896046753,-0.586987869252715,16.023227008176587,130.03296407813426
S2-000665,BRK-B,BRK-B|swing|2025-04-04T04:00:00Z,USD,2025-04-07T13:30:00Z,2025-04-07T20:00:00Z,stop,0,37.9980939007812,467.65372343444824,465.4500079144069,465.6828493390764,0.9044044496698924,0.9118263882556761,74.88945894255531,-83.73698926113926,35.45616320296311,0.0,-119.19315246410237,-1.591587843564615,67.73035990101774,55.53388180439617,32.19797775647588,0.0,23.335904047920287,0.34454126749103003,16.099006786459192,131.26598749413006
S2-000666,APP,APP|swing|2025-04-04T04:00:00Z,USD,2025-04-07T13:30:00Z,2025-04-07T20:00:00Z,stop,0,87.15806098599263,203.88188877868652,200.43520867388588,200.53547641209192,0.9044044496698924,0.9118263882556761,291.6668131319314,-300.4059547734212,35.23949423745083,0.0,-335.64544901087197,-1.1507838187234811,263.78476361755577,-142.03059846576105,32.00041327620572,0.0,-174.03101174196678,-0.6597462618966231,16.000175130496185,129.65788373865263
S2-000667,6758.T,6758.T|swing|2025-04-06T15:00:00Z,JPY,2025-04-08T00:00:00Z,2025-04-10T00:00:00Z,objetivo,2,840.017466985352,3080.5395,3528.235,2946.7053571428573,0.0062274255822642914,0.006265271599523839,112423.01767901261,376072.0398907409,5551.486015367386,0.0,370520.5538753735,3.295771288876754,700.1059763296339,2454.1278742230493,34.68363326391445,0.0,2419.4442409591347,3.45582572176184,17.342434499533013,112.16723223313392
S2-000668,EXH1.DE,EXH1.DE|swing|2025-04-06T22:00:00Z,EUR,2025-04-08T07:00:00Z,2025-04-09T15:30:00Z,stop,1,493.3875509443482,31.835909694671628,30.18061552711896,30.195713383810862,1.0,1.0,809.2524408835482,-816.7015354212746,30.598181497257663,0.0,-847.2997169185322,-1.0470153367636974,809.2524408835482,-816.7015354212746,30.598181497257663,0.0,-847.2997169185322,-1.0470153367636974,15.298890397964477,0.0
S2-000669,EXSA.DE,EXSA.DE|swing|2025-04-06T22:00:00Z,EUR,2025-04-08T07:00:00Z,2025-04-23T07:00:00Z,objetivo,9,339.8164161969924,47.62880204200744,51.33432061004639,45.7834803717477,1.0,1.0,627.070596718314,1259.196039942406,33.62929367528433,0.0,1225.5667462671217,1.9544318497485822,627.070596718314,1259.196039942406,33.62929367528433,0.0,1225.5667462671217,1.9544318497485822,16.814965840391352,0.0
S2-000670,MBG.DE,MBG.DE|swing|2025-04-06T22:00:00Z,EUR,2025-04-08T07:00:00Z,2025-06-06T15:30:00Z,tiempo,40,170.88991900552662,49.80989234733581,51.32432347488404,45.07437344959804,1.0,1.0,809.2524408835482,258.801012726165,17.2828179505466,734.8266517237645,976.3448464993829,1.2064774811595278,809.2524408835482,258.801012726165,17.2828179505466,734.8266517237645,976.3448464993829,1.2064774811595278,8.641475835893681,0.0
S2-000671,IQQT.DE,IQQT.DE|swing|2025-04-06T22:00:00Z,EUR,2025-04-08T07:00:00Z,2025-04-09T15:30:00Z,stop,1,212.54114811868158,66.83340305328369,62.99438060518674,63.02589355196272,1.0,1.0,809.2524408835482,-815.9502387719169,27.59374619647511,0.0,-843.543984968392,-1.0423743474253895,809.2524408835482,-815.9502387719169,27.59374619647511,0.0,-843.543984968392,-1.0423743474253895,13.79667255984439,0.0
S2-000672,ICGA.DE,ICGA.DE|swing|2025-04-06T22:00:00Z,EUR,2025-04-08T07:00:00Z,2025-05-12T07:00:00Z,objetivo,21,3669.4455055736958,4.310654062986374,4.933032394886017,4.090115989957537,1.0,1.0,809.2524408835482,2283.7833727556,33.919203727772285,0.0,2249.8641690278278,2.780175944321414,809.2524408835482,2283.7833727556,33.919203727772285,0.0,2249.8641690278278,2.780175944321414,16.960177049772653,0.0
S2-000673,IFX.DE,IFX.DE|swing|2025-04-06T22:00:00Z,EUR,2025-04-08T07:00:00Z,2025-05-08T15:30:00Z,objetivo,19,284.22085426637744,25.617802042007444,31.086413627658573,22.770535809653147,1.0,1.0,809.2524408835483,1554.2934565247726,16.116520618137383,0.0,1538.1769359066352,1.9007380864087866,809.2524408835483,1554.2934565247726,16.116520618137383,0.0,1538.1769359066352,1.9007380864087866,8.058650897094301,0.0
S2-000674,COIN,COIN|swing|2025-04-07T04:00:00Z,USD,2025-04-08T13:30:00Z,2025-04-25T20:00:00Z,objetivo,12,34.11392595708952,165.2825969467163,206.68998431927818,139.2791096823556,0.9118263882556761,0.880514220304658,887.0810391625213,1412.5685469040998,12.6894450953756,0.0,1399.8791018087243,1.5780735242975403,808.8639000296537,1067.234966479829,11.349788580477732,0.0,1055.8851778993512,1.3053928823633265,5.675162517770813,-220.78230980730524
S2-000675,6501.T,6501.T|swing|2025-04-07T15:00:00Z,JPY,2025-04-09T00:00:00Z,2025-04-25T06:30:00Z,objetivo,12,376.83940895638256,2976.98775,3728.393799107143,2633.160714285714,0.006224712107065048,0.0061667488899852,129567.57692179641,283159.41143178643,2526.8520197925686,0.0,280632.55941199383,2.1659165516491545,806.520864748188,1681.147165276399,15.647487709072117,0.0,1665.499677567327,2.0650422702794295,7.824166097367822,-81.43865129245626
S2-000676,MRVL,MRVL|swing|2025-04-08T04:00:00Z,USD,2025-04-09T13:30:00Z,2025-05-13T20:00:00Z,objetivo,23,202.35576638934413,50.315145915985106,66.44319260941234,45.9935713495527,0.9132420091324202,0.8999280057595392,874.4955333991265,3263.6032490115945,23.626723074653285,12.141345983360647,3252.1178719203017,3.718850180148387,798.6260578987458,2801.450640452871,21.397907102226107,10.700992405570815,2790.7537257562158,3.494443611192615,10.699656588686658,-179.0089476855713
S2-000677,NVDA,NVDA|swing|2025-04-08T04:00:00Z,USD,2025-04-09T13:30:00Z,2025-05-12T13:30:00Z,objetivo,22,62.73854927043349,98.93944438934325,121.90901622009278,85.00071702684674,0.9132420091324202,0.8887308922858159,874.4955333991265,1441.0776140242406,13.855712027244493,0.0,1427.2219019969962,1.6320516772103408,798.6260578987458,1128.5819164097206,12.466147590583468,0.0,1116.1157688191372,1.3975448932329284,6.233357499109186,-187.47069913753157
S2-000678,EUNH.DE,EUNH.DE|swing|2025-04-08T22:00:00Z,EUR,2025-04-10T07:00:00Z,2025-06-05T15:30:00Z,objetivo,37,148.40377135505767,110.12503469467163,112.2969537754059,108.9312515258789,1.0,1.0,177.16192442903105,322.32098265897565,33.008261921250664,0.0,289.312720737725,1.6330411947721883,177.16192442903105,322.32098265897565,33.008261921250664,0.0,289.312720737725,1.6330411947721883,16.504215666922395,0.0
S2-000679,MSFT,MSFT|swing|2025-04-09T04:00:00Z,USD,2025-04-10T13:30:00Z,2025-04-21T20:00:00Z,stop,6,34.94441479656257,382.25102755737305,356.2475062653678,356.42571912493025,0.9053870529651425,0.8802816901408451,902.4502901124462,-908.6778341990779,25.806399092555147,0.0,-934.484233291633,-1.03549662904446,817.0668086124456,-1135.2383092448772,23.05224645920621,0.0,-1158.2905557040833,-1.4176203750965097,11.525842301485987,-312.53316284462613
S2-000680,AVGO,AVGO|swing|2025-04-09T04:00:00Z,USD,2025-04-10T13:30:00Z,2025-05-13T20:00:00Z,objetivo,22,45.30011430574626,175.38765305328369,229.5610517515455,155.4660633632115,0.9053870529651425,0.8999280057595392,902.450290112446,2454.0611533620263,18.344222615622662,0.0,2435.7169307464037,2.699003986627243,817.0668086124455,2165.105788993474,16.55185224644991,0.0,2148.553936747024,2.6295939500904817,8.276469468788479,-56.76940644521024
S2-000681,CAT,CAT|swing|2025-04-09T04:00:00Z,USD,2025-04-10T13:30:00Z,2025-06-06T20:00:00Z,objetivo,39,27.195020677500725,296.82833267211913,356.8805873500279,263.64393833705356,0.9053870529651425,0.8763473841030585,902.4502901124463,1633.1223076962685,17.777627597068957,38.34497915527602,1653.6896592544756,1.8324440441461036,817.0668086124457,1196.766918497202,15.813792984022495,33.75438305922185,1214.7075085724014,1.486668526696409,7.9071976605394525,-281.84087479955616
S2-000682,APP,APP|swing|2025-04-09T04:00:00Z,USD,2025-04-10T13:30:00Z,2025-06-04T20:00:00Z,objetivo,37,11.435001163929156,270.135,414.0278716716767,191.2150001525879,0.9053870529651425,0.8784258608573435,902.4502901124462,1645.4151550467316,7.823403233882737,0.0,1637.5917518128488,1.8146060450695887,817.0668086124456,1362.09226232305,6.955562682274164,0.0,1355.1366996407758,1.6585384271600605,3.4781227337328264,-127.64531580889368
S2-000683,6758.T,6758.T|swing|2025-04-15T15:00:00Z,JPY,2025-04-17T00:00:00Z,2025-06-17T06:30:00Z,tiempo,40,335.1448432440365,3328.6634999999997,3749.1245000000004,2929.651785714286,0.006169412055031156,0.005991970759182696,133726.71843681985,140915.33593523107,2372.084149774523,0.0,138543.25178545655,1.0360177338151935,825.0152288038735,646.4098296521537,14.411409606561845,0.0,631.9984200455918,0.7660445504283334,7.205868207203971,-222.95494260542594
S2-000684,6857.T,6857.T|swing|2025-04-15T15:00:00Z,JPY,2025-04-17T00:00:00Z,2025-05-13T00:00:00Z,objetivo,15,147.41400335237077,5482.74,7556.22,4575.589285714285,0.006169412055031156,0.006080505898090721,133726.71843681985,305659.9876710738,1922.1252931514282,0.0,303737.8623779224,2.2713326545990546,825.0152288038735,1786.710498775399,11.759351040945518,0.0,1774.9511477344533,2.1514162233196825,5.880123668127943,-99.03191390319842
S2-000685,7203.T,7203.T|swing|2025-04-15T15:00:00Z,JPY,2025-04-17T00:00:00Z,2025-06-17T06:30:00Z,tiempo,40,434.3046148150402,2499.74925,2536.731,2191.839285714286,0.006169412055031156,0.005991970759182696,133726.71843681985,16061.344688936277,2187.3666149998076,0.0,13873.978073936469,0.10374873649869251,825.0152288038735,-96.40050269401469,13.299276407114554,0.0,-109.69977910112925,-0.13296697475533217,6.649615765834559,-195.4895562379493
S2-000686,8035.T,8035.T|swing|2025-04-20T15:00:00Z,JPY,2025-04-22T00:00:00Z,2025-05-13T00:00:00Z,objetivo,12,45.55224475391136,19349.67,23988.0,16447.85714285714,0.006173601679219657,0.006080505898090721,132184.08949861824,211286.34340940975,1974.1281509042415,0.0,209312.21525850552,1.5834902373836264,816.051916894791,1202.6712897491989,12.085754432697907,0.0,1190.585535316501,1.4589580768915666,6.043179394965749,-101.72643471931438
S2-000687,7011.T,7011.T|swing|2025-04-20T15:00:00Z,JPY,2025-04-22T00:00:00Z,2025-05-23T06:30:00Z,objetivo,20,345.3748673484897,2561.2799999999997,3196.8204330357144,2178.5535714285716,0.006173601679219657,0.006165608237252605,132184.08949861824,219499.69275431163,1988.7031732389912,0.0,217510.98958107264,1.6455156623320113,816.051916894791,1346.2781010458195,12.2686356790473,0.0,1334.0094653667722,1.6347115149767593,6.134655942711783,-8.825570730397583
S2-000688,ZPRR.DE,ZPRR.DE|swing|2025-04-21T22:00:00Z,EUR,2025-04-23T07:00:00Z,2025-06-19T15:30:00Z,tiempo,40,174.3297020301452,48.774375,52.3837948474884,43.99339471544538,1.0,1.0,833.4668684184049,629.2290865143456,17.634873607427473,0.0,611.5942129069181,0.733795470559598,833.4668684184049,629.2290865143456,17.634873607427473,0.0,611.5942129069181,0.733795470559598,8.817596315384353,0.0
S2-000689,ASML.AS,ASML.AS|swing|2025-04-21T22:00:00Z,EUR,2025-04-23T07:00:00Z,2025-06-11T15:30:00Z,objetivo,34,12.186133169677442,568.1839744262695,689.9155709650857,499.78927884783064,1.0,1.0,833.4668684184049,1483.4374463794602,15.331368600849705,22.422485032206495,1490.528562810817,1.7883477067771858,833.4668684184049,1483.4374463794602,15.331368600849705,22.422485032206495,1490.528562810817,1.7883477067771858,7.666057076300646,0.0
S2-000690,R6C0.DE,R6C0.DE|swing|2025-04-23T22:00:00Z,EUR,2025-04-25T07:00:00Z,2025-06-23T15:30:00Z,tiempo,40,330.76241842472535,28.8894375,31.54921803379059,26.22749921253749,1.0,1.0,880.469145658471,879.755441835583,19.990835870695484,102.1903722219926,961.9549781868801,1.092548197662814,880.469145658471,879.755441835583,19.990835870695484,102.1903722219926,961.9549781868801,1.092548197662814,9.995640373117176,0.0
S2-000691,IS3N.DE,IS3N.DE|swing|2025-04-23T22:00:00Z,EUR,2025-04-25T07:00:00Z,2025-06-23T15:30:00Z,tiempo,40,343.85528867268937,30.75236801147461,32.81458578109741,28.191787515367782,1.0,1.0,880.469145658471,709.1044864795992,21.85783324638836,0.0,687.2466532332108,0.7805459812214589,880.469145658471,709.1044864795992,21.85783324638836,0.0,687.2466532332108,0.7805459812214589,10.929096631589175,0.0
S2-000692,AIR.PA,AIR.PA|swing|2025-04-23T22:00:00Z,EUR,2025-04-25T07:00:00Z,2025-06-04T07:00:00Z,objetivo,27,57.68394634614523,139.56975,169.83503816986084,124.30607264382499,1.0,1.0,880.469145658471,1745.8212589408765,17.847689200030686,0.0,1727.973569740846,1.9625600491071804,880.469145658471,1745.8212589408765,17.847689200030686,0.0,1727.973569740846,1.9625600491071804,8.92428328640099,0.0
S2-000693,ADYEN.AS,ADYEN.AS|swing|2025-04-24T22:00:00Z,EUR,2025-04-28T07:00:00Z,2025-06-24T15:30:00Z,tiempo,40,4.38524234921975,1461.3302755737304,1595.401851196289,1259.0071847098213,1.0,1.0,887.2357862814497,587.9363512466623,13.404511172532443,0.0,574.5318400741298,0.6475525998360444,887.2357862814497,587.9363512466623,13.404511172532443,0.0,574.5318400741298,0.6475525998360444,6.702404245955014,0.0
S2-000694,0700.HK,0700.HK|swing|2025-04-27T16:00:00Z,HKD,2025-04-29T01:30:00Z,2025-06-26T08:00:00Z,tiempo,40,157.2361544533841,478.0388877868652,512.7435,428.3071616036551,0.11350093638272517,0.10983700188919643,7819.6253793766255,5456.819766189272,155.78681255574824,707.5626950402285,6008.595648673752,0.7683994254406025,887.5348027213695,323.9610999711393,17.386556047994404,81.02636072604965,387.6009046491945,0.43671628815087377,8.69336118761099,-295.3930531631062
S2-000695,COIN,COIN|swing|2025-05-08T04:00:00Z,USD,2025-05-09T13:30:00Z,2025-05-13T20:00:00Z,objetivo,2,48.8282686293982,204.62226427459714,241.23288925048286,183.26428931100028,0.8851907586084802,0.8999280057595392,1042.8729389024688,1787.6334310127027,21.77033520612418,0.0,1765.8630958065785,1.6932677317957763,923.1414879193316,1755.9863960032058,19.444489339361162,0.0,1736.5419066638447,1.8811221566672691,9.722686096949307,173.58980309119215
S2-000696,RRU.DE,RRU.DE|swing|2025-05-08T22:00:00Z,EUR,2025-05-12T07:00:00Z,2025-05-26T07:00:00Z,objetivo,10,1455.6977992655088,9.394695343494416,10.38980295753479,8.753786291394915,1.0,1.0,932.9698966705861,1448.5759637909252,28.80025063638041,0.0,1419.7757131545447,1.5217808401119726,932.9698966705861,1448.5759637909252,28.80025063638041,0.0,1419.7757131545447,1.5217808401119726,14.40049106230363,0.0
S2-000697,LLY,LLY|swing|2025-05-09T04:00:00Z,USD,2025-05-12T13:30:00Z,2025-07-10T20:00:00Z,tiempo,40,17.730958103344314,728.233930114746,790.2546994018555,668.8109196254185,0.8887308922858159,0.8540438978563498,1053.6269093608569,1099.687661766922,26.924258270363588,26.59643715501647,1099.3598406515748,1.0434052422963078,936.3907832926208,491.2931686580837,23.442386848534255,23.75954721727396,491.61032902682336,0.525005518847782,11.721319177887349,-486.0332282197351
S2-000698,9988.HK,9988.HK|swing|2025-05-11T16:00:00Z,HKD,2025-05-13T01:30:00Z,2025-05-19T08:00:00Z,stop,4,738.7881759628832,131.0655,119.69369186496735,119.75356864929199,0.11556151339357941,0.11431445620613183,8357.121129206913,-8401.35738948064,185.25792596384588,0.0,-8586.615315444486,-1.027460914193947,965.7615653046101,-1081.148701982704,21.29841116504373,0.0,-1102.4471131477478,-1.1415313600723236,10.648937957579443,-110.27512749398907
S2-000699,6501.T,6501.T|swing|2025-05-12T15:00:00Z,JPY,2025-05-14T00:00:00Z,2025-07-09T06:30:00Z,tiempo,40,507.16429513559257,3864.9314999999997,4117.9400000000005,3546.535714285714,0.006074965068950853,0.005824111822947001,161478.97423592876,128316.877565814,4048.6273974555106,0.0,124268.25016835849,0.7695630391285272,980.979127853282,255.62053408601062,24.071370001856476,0.0,231.54916408415414,0.23603882846199079,12.03575191499727,-523.9000148831517
S2-000700,SIE.DE,SIE.DE|swing|2025-05-12T22:00:00Z,EUR,2025-05-14T07:00:00Z,2025-05-23T15:30:00Z,stop,7,66.38788483911244,224.5622219467163,209.68260581425258,209.7874995640346,1.0,1.0,980.8625680713308,-987.8262422522014,28.828595617375424,0.0,-1016.6548378695768,-1.0364906062921988,980.8625680713308,-987.8262422522014,28.828595617375424,0.0,-1016.6548378695768,-1.0364906062921988,14.414054455639974,0.0
S2-000701,PLTR,PLTR|swing|2025-05-14T04:00:00Z,USD,2025-05-15T13:30:00Z,2025-07-15T20:00:00Z,tiempo,40,66.17484330587075,128.43418011474608,148.50571183013918,111.91017178126744,0.8917424647761727,0.8572653236176596,1093.473662252852,1328.230466174953,18.32645395459756,0.0,1309.9040122203555,1.1979291842490276,975.0968987451863,845.6208450971568,16.003658555479362,0.0,829.6171865416775,0.8508048662746022,8.002042683460122,-338.8186646005009
S2-000702,COIN,COIN|swing|2025-05-16T04:00:00Z,USD,2025-05-19T13:30:00Z,2025-06-24T20:00:00Z,objetivo,24,36.05995359495152,259.90988877868654,321.5446744057792,229.629634312221,0.8933357155619082,0.8615490652192642,1091.9045709040713,2222.547509547746,20.967224566004642,0.0,2201.5802849817414,2.016275362927444,975.4373511739068,1616.9184815665767,18.36220797277338,0.0,1598.5562735938033,1.6388097827810195,9.181510511384786,-368.5625882455961
S2-000703,MRVL,MRVL|swing|2025-05-22T04:00:00Z,USD,2025-05-23T13:30:00Z,2025-06-18T13:30:00Z,objetivo,17,180.77566581905145,60.18007652664184,74.49273377990723,54.124999455043245,0.8842514811212309,0.8644536652835407,1094.6105892039086,2587.380144598926,24.34556695088922,0.0,2563.0345776480367,2.341503547405007,967.9110347545394,2021.2879618039017,21.260996871778524,0.0,2000.026964932123,2.0663334677647587,10.631006415630605,-266.6067632813629
S2-000704,1810.HK,1810.HK|swing|2025-05-22T16:00:00Z,HKD,2025-05-26T01:30:00Z,2025-06-27T01:30:00Z,objetivo,24,1644.4925791635849,52.626298473358155,61.41927576255799,47.45535659790039,0.1129841370271614,0.10892890210559567,8503.575541476523,14459.98590084306,187.54710051741384,0.0,14272.438800325646,1.6784044230231467,960.7691441990016,1224.1559328081426,20.780254208282766,0.0,1203.3756785998598,1.2525128287744092,10.3904357407329,-409.5930956235309
S2-000705,IBE.MC,IBE.MC|swing|2025-05-22T22:00:00Z,EUR,2025-05-26T07:00:00Z,2025-07-10T15:30:00Z,stop,33,1194.1176617429214,16.16307818698883,15.516166439652444,15.52392840385437,1.0,1.0,763.2200445400168,-772.4887430833527,37.82874551934689,488.39412365285483,-321.9233649498447,-0.4217962660347369,763.2200445400168,-772.4887430833527,37.82874551934689,488.39412365285483,-321.9233649498447,-0.4217962660347369,18.914184366031694,0.0
S2-000706,ENR.DE,ENR.DE|swing|2025-06-03T22:00:00Z,EUR,2025-06-05T07:00:00Z,2025-06-10T15:30:00Z,stop,3,160.01100893076602,88.30413213729858,82.10749373313358,82.14856801714215,1.0,1.0,984.9580254042529,-991.5303630295736,27.26773618906008,0.0,-1018.7980992186336,-1.0343568689645346,984.9580254042529,-991.5303630295736,27.26773618906008,0.0,-1018.7980992186336,-1.0343568689645346,13.633623620344974,0.0
S2-000707,6857.T,6857.T|swing|2025-06-04T15:00:00Z,JPY,2025-06-06T00:00:00Z,2025-06-16T06:30:00Z,objetivo,6,254.05193691378614,7673.834999999999,8823.014857142858,7041.714285714285,0.006110228522546743,0.00602627455706882,160591.4918276116,291951.3685694514,4191.056659183059,0.0,287760.3119102683,1.7918776931169382,981.2507138434047,1595.7064288300246,25.4201307879502,0.0,1570.2862980420743,1.6002906045199294,12.710467498197966,-188.18315059959437
S2-000708,7011.T,7011.T|swing|2025-06-05T15:00:00Z,JPY,2025-06-09T00:00:00Z,2025-08-05T06:30:00Z,tiempo,40,560.0703562483661,3453.7259999999997,3747.1255,3162.3214285714284,0.006074596039363382,0.005866823115283075,163207.06213240232,164324.36248809274,4032.9834648965816,0.0,160291.37902319615,0.982135067740875,991.4169732256246,562.1606612606442,24.062701922398347,0.0,538.0979593382459,0.5427564525020359,12.031494509236618,-436.04346028043756
S2-000709,TSLA,TSLA|swing|2025-06-06T04:00:00Z,USD,2025-06-09T13:30:00Z,2025-08-06T20:00:00Z,tiempo,40,30.439990995143937,286.1029714508056,319.7500486602783,248.72573743547713,0.8763473841030585,0.8617718028266115,1137.762666849987,1024.2167272692614,18.442160476562155,0.0,1005.7745667926991,0.8839932932386413,997.0753368241056,755.7027681508023,16.019872209297848,0.0,739.6828959415044,0.7418525648197756,8.010127032871974,-141.86688154620975
S2-000710,9988.HK,9988.HK|swing|2025-06-09T16:00:00Z,HKD,2025-06-11T01:30:00Z,2025-06-16T08:00:00Z,stop,3,1104.927055423637,118.65929847335815,110.45902998760769,110.51428713117328,0.11148272017837234,0.11066598791527413,8999.643398712456,-9060.698511643499,253.15904000996068,0.0,-9313.85755165346,-1.0349140670380292,1003.3047267237965,-1109.7928122293672,28.123176922620594,0.0,-1137.9159891519878,-1.1341678742686208,14.06131452843482,-99.68149543522021
S2-000711,APP,APP|swing|2025-06-11T04:00:00Z,USD,2025-06-12T13:30:00Z,2025-06-20T20:00:00Z,stop,5,23.741298689383513,380.69025,332.5197237303598,332.6860667637416,0.8746610688358262,0.8684324793747287,1139.6816525519068,-1143.6308521923233,16.93253101457984,0.0,-1160.5633832069032,-1.0183224241683975,996.8351723536315,-1049.4606721090477,14.761054386731296,0.0,-1064.221726495779,-1.0676004980673393,7.380266673263682,-49.17128857688375
S2-000712,LMT,LMT|swing|2025-06-13T04:00:00Z,USD,2025-06-16T13:30:00Z,2025-06-24T20:00:00Z,stop,5,47.35854007526502,482.25101477050777,458.67057331248697,458.900023324149,0.8686587908269632,0.8615490652192642,1105.8688642095522,-1116.7352817821188,44.56067273691051,0.0,-1161.2959545190292,-1.050120852574229,960.6227103974567,-1124.499156858663,38.55358286076871,0.0,-1163.0527397194317,-1.2107279238049866,19.276515124720518,-154.4372373119991
S2-000713,ITX.MC,ITX.MC|swing|2025-06-15T22:00:00Z,EUR,2025-06-17T07:00:00Z,2025-06-26T15:30:00Z,stop,7,437.2201283752282,45.422701526641845,43.26871064070293,43.290355818612234,1.0,1.0,932.3044642050734,-941.7681716692849,38.777670613586764,0.0,-980.5458422828717,-1.0517442315573713,932.3044642050734,-941.7681716692849,38.777670613586764,0.0,-980.5458422828717,-1.0517442315573713,19.38860471190133,0.0
S2-000714,NVDA,NVDA|swing|2025-06-17T04:00:00Z,USD,2025-06-18T13:30:00Z,2025-07-03T17:00:00Z,objetivo,10,114.20406930511986,144.08199950408934,159.14751868615832,134.04857036045618,0.8644536652835407,0.8487523340689187,1145.8584372874905,1720.5435967866188,34.63004491075715,0.0,1685.9135518758617,1.4713105013799135,990.5415260092414,1201.953903520631,29.650692937035952,0.0,1172.303210583595,1.183497288908873,14.825650663404833,-285.3763150016888
S2-000715,6857.T,6857.T|swing|2025-06-19T15:00:00Z,JPY,2025-06-23T00:00:00Z,2025-07-11T00:00:00Z,objetivo,14,241.76303800971027,9554.775,11444.275000000001,8869.57142857143,0.005964096141229797,0.005836689429755442,165656.89708367467,456811.260319348,5076.794123317806,0.0,451734.4661960302,2.7269282121580205,987.9936606648458,2371.9570426779437,29.925979008434844,0.0,2342.031063669509,2.370491994952171,14.96358623437207,-352.5092322629987
S2-000716,BSP.DE,BSP.DE|swing|2025-06-22T22:00:00Z,EUR,2025-06-24T07:00:00Z,2025-07-30T07:00:00Z,stop,26,925.3710360572175,21.560774236679077,20.759615457534792,20.805356638772146,1.0,1.0,699.041565230991,-741.3691295030818,39.16206285767988,0.0,-780.5311923607617,-1.1165733644219615,699.041565230991,-741.3691295030818,39.16206285767988,0.0,-780.5311923607617,-1.1165733644219615,19.58085098176765,0.0
S2-000717,OR.PA,OR.PA|swing|2025-06-23T22:00:00Z,EUR,2025-06-25T07:00:00Z,2025-07-30T15:30:00Z,objetivo,25,55.33801848999723,361.4806377868652,388.22629853902544,346.96964045933316,1.0,1.0,803.0098384192684,1480.0518692302362,41.48729630448132,0.0,1438.5645729257549,1.7914656883377436,803.0098384192684,1480.0518692302362,41.48729630448132,0.0,1438.5645729257549,1.7914656883377436,20.74402335121107,0.0
S2-000718,TTE.PA,TTE.PA|swing|2025-06-23T22:00:00Z,EUR,2025-06-25T07:00:00Z,2025-08-20T15:30:00Z,tiempo,40,357.46692229172174,52.396183931350706,53.98299332237244,49.59821564810617,1.0,1.0,1000.1811108812767,567.2318692721394,38.02703708881394,0.0,529.2048321833255,0.5291090047851774,1000.1811108812767,567.2318692721394,38.02703708881394,0.0,529.2048321833255,0.5291090047851774,19.013665105789634,0.0
S2-000719,COIN,COIN|swing|2025-06-25T04:00:00Z,USD,2025-06-26T13:30:00Z,2025-07-18T20:00:00Z,objetivo,15,24.615201957774328,354.7072637786865,427.0706334620885,307.42714146205356,0.8622176237282291,0.8583690987124464,1163.8097594121937,1781.2389591020237,19.243620826705822,0.0,1761.9953382753179,1.5139891412882207,1003.4572852321036,1495.358273189589,16.551731671709852,0.0,1478.8065415178792,1.4737115005107821,8.276241744483224,-40.4573494195026
S2-000720,0700.HK,0700.HK|swing|2025-06-25T16:00:00Z,HKD,2025-06-27T01:30:00Z,2025-07-23T08:00:00Z,objetivo,17,362.1204283189359,512.256,545.1112349730901,491.4107153756278,0.10892890210559567,0.1088885743218964,7548.50339660779,11897.551760974668,382.8942760188644,0.0,11514.657484955804,1.5254225745106451,822.2501875328463,1288.0267113489956,41.70029256953333,0.0,1246.3264187794623,1.5157508477061619,20.850473504059394,-7.9605397184713995
S2-000721,MRVL,MRVL|swing|2025-06-26T04:00:00Z,USD,2025-06-27T13:30:00Z,2025-07-14T20:00:00Z,stop,10,141.4053619937006,78.88942347335815,70.46867744595664,70.50392941066197,0.8550662676357418,0.8554319931565441,1185.7538234315807,-1190.7386402617262,21.12003632718738,8.484321719622036,-1203.3743548692914,-1.0148601936502442,1013.8980961364521,-1014.5161184703652,18.06267496100728,7.262108807345748,-1025.3166846240267,-1.0112620671950032,9.031086109244193,3.6443263878872147
S2-000722,1810.HK,1810.HK|swing|2025-07-02T16:00:00Z,HKD,2025-07-04T01:30:00Z,2025-07-31T08:00:00Z,stop,19,2285.14701300885,57.528749999999995,53.457183992658344,53.48392595563616,0.10812213476342877,0.11051433370908206,9243.017583124396,-9304.126899945144,253.6191755493206,0.0,-9557.746075494464,-1.0340504050262427,999.3747927433177,-713.7569616387774,27.714071778226476,0.0,-741.4710334170039,-0.7419348964982805,13.856860914086353,292.2251008931341
S2-000723,IFX.DE,IFX.DE|swing|2025-07-07T22:00:00Z,EUR,2025-07-09T07:00:00Z,2025-07-24T07:00:00Z,stop,11,438.84507638498667,37.69884030532837,34.9825,35.4289276940482,1.0,1.0,996.1399732844905,-1192.0525687794448,31.89584833805504,0.0,-1223.9484171174997,-1.228691197966763,996.1399732844905,-1192.0525687794448,31.89584833805504,0.0,-1223.9484171174997,-1.228691197966763,15.947630142791438,0.0
S2-000724,7203.T,7203.T|swing|2025-07-09T15:00:00Z,JPY,2025-07-11T00:00:00Z,2025-07-23T06:30:00Z,objetivo,7,1379.1214031349857,2502.7507499999997,2671.3154598214287,2420.723214285714,0.005836689429755442,0.005808212812917466,113125.93014999054,232471.19912797087,7135.665451202246,0.0,225335.53367676862,1.9918999417551968,660.2809207377022,1251.9523885721503,41.54375331120259,0.0,1210.4086352609477,1.8331722108653579,20.772194836744184,-104.90980210065088
S2-000725,9988.HK,9988.HK|swing|2025-07-09T16:00:00Z,HKD,2025-07-11T01:30:00Z,2025-07-16T01:30:00Z,objetivo,3,1791.4810408529524,103.35165305328368,115.64214694976808,100.73392868041992,0.10879617037480281,0.10920607185759529,4689.603584164114,22018.18679827072,392.32324076981047,0.0,21625.86355750091,4.611448104169673,510.2109105330049,2480.413985020152,42.76818572755834,0.0,2437.6457992925934,4.777721818504517,21.38471831345165,84.91958277125406
S2-000726,6857.T,6857.T|swing|2025-07-13T15:00:00Z,JPY,2025-07-15T00:00:00Z,2025-07-28T00:00:00Z,stop,8,197.2169288646228,11455.724999999999,10424.785,10572.67857142857,0.0058048412375921515,0.005776673791231009,174151.7046877305,-203318.82064369397,4315.206984191667,0.0,-207634.02762788563,-1.1922595187924914,1010.9229969683084,-1238.1441690959941,24.991180755936576,0.0,-1263.1353498519306,-1.2494872049008583,12.495283965745507,-57.91069464487702
S2-000727,RACE.MI,RACE.MI|swing|2025-07-14T22:00:00Z,EUR,2025-07-16T07:00:00Z,2025-07-31T15:30:00Z,stop,11,48.718541815746015,419.10944389343257,399.84642235129223,400.04644557407926,1.0,1.0,928.7214807549103,-938.4663204983802,39.89833561489412,0.0,-978.3646561132743,-1.053453243396515,928.7214807549103,-938.4663204983802,39.89833561489412,0.0,-978.3646561132743,-1.053453243396515,19.94893817809841,0.0
S2-000728,AMD,AMD|swing|2025-07-15T04:00:00Z,USD,2025-07-16T13:30:00Z,2025-07-29T20:00:00Z,objetivo,9,87.25712408809265,155.38765255737303,176.31286202539718,141.74929264613561,0.8572653236176596,0.8670770831526923,1190.0440631329116,1825.8735991207145,28.94323296103297,0.0,1796.9303661596816,1.5099696068640354,1020.1835089009099,1716.207659173172,24.962979508219252,0.0,1691.2446796649529,1.6577847660829252,12.481921926502169,150.94953733801194
S2-000729,APP,APP|swing|2025-07-18T04:00:00Z,USD,2025-07-21T13:30:00Z,2025-08-07T20:00:00Z,objetivo,13,29.034953085541694,360.78030610656737,431.80211020742144,319.4212395804269,0.8583690987124464,0.8588851670531651,1200.858556248286,2062.1147501188307,23.012593274101942,0.0,2039.1021568447288,1.6980369138687554,1030.779876607971,1776.525710983175,19.759769079209022,0.0,1756.765941903966,1.7043075653407465,9.880331141114105,6.470131482032889
S2-000730,IBE.MC,IBE.MC|swing|2025-07-21T22:00:00Z,EUR,2025-07-23T07:00:00Z,2025-07-23T15:30:00Z,stop,0,1335.1805666717444,15.457724809169768,15.380163474372456,15.387857403073992,1.0,1.0,93.2856028628431,-103.55838694649293,41.17414915337985,0.0,-144.7325360998728,-1.5514991773454216,93.2856028628431,-103.55838694649293,41.17414915337985,0.0,-144.7325360998728,-1.5514991773454216,20.58705383385501,0.0
S2-000731,CRM,CRM|swing|2025-07-22T04:00:00Z,USD,2025-07-23T13:30:00Z,2025-08-01T20:00:00Z,stop,7,91.80664486280331,264.0519734344482,253.05983458369118,253.18642779758997,0.8547739123001966,0.876885303402315,997.5292895236255,-1009.1513877540723,47.474300113083444,0.0,-1056.6256878671556,-1.0592427700762068,852.6620134401448,-348.89174177179405,41.093497779415934,0.0,-389.98523955121,-0.4573737699159107,20.54666680343525,513.7045380419269
S2-000732,7203.T,7203.T|swing|2025-07-22T15:00:00Z,JPY,2025-07-24T00:00:00Z,2025-08-04T00:00:00Z,stop,7,1008.2098303903546,2851.4249999999997,2640.679,2674.2321428571427,0.005829883985308692,0.005827166249053085,178647.58044638226,-212476.1889154453,5537.193242326188,0.0,-218013.38215777147,-1.2203545192889087,1041.4946682585103,-1245.9471193110296,32.2739586187035,0.0,-1278.2210779297332,-1.2272948838682531,16.136671856737774,-7.235588293451623
S2-000733,QDV5.DE,QDV5.DE|swing|2025-07-22T22:00:00Z,EUR,2025-07-24T07:00:00Z,2025-07-25T15:30:00Z,stop,1,2497.8933849708274,8.34216929769516,8.224100973810469,8.228215081351143,1.0,1.0,284.6454831952525,-294.922085206162,41.38077692483279,0.0,-336.3028621309948,-1.1814797071636929,284.6454831952525,-294.922085206162,41.38077692483279,0.0,-336.3028621309948,-1.1814797071636929,20.6903199044711,0.0
S2-000734,6501.T,6501.T|swing|2025-07-24T15:00:00Z,JPY,2025-07-28T00:00:00Z,2025-08-01T06:30:00Z,stop,4,678.5573306030543,4597.2975,4332.725410714285,4334.892857142857,0.005776673791231009,0.005830223880597014,178056.59399499063,-179527.33065778727,6059.532508518403,0.0,-185586.86316630567,-1.0422914366851637,1028.574859886723,-879.6334244469978,35.16138003044405,0.0,-914.7948044774419,-0.8893808707109448,17.5804745019838,157.43740137350505
S2-000735,INTC,INTC|swing|2025-07-25T04:00:00Z,USD,2025-07-28T13:30:00Z,2025-08-01T20:00:00Z,stop,4,692.0364281480947,20.83040969467163,19.082417718035835,19.091963699885778,0.8529512111907198,0.876885303402315,1203.0679567599625,-1209.6741239425635,27.621130519981435,0.0,-1237.295254462545,-1.0284500119135096,1026.1582708631545,-715.7258927502251,23.875543847887783,0.0,-739.6014365981129,-0.7207479173519656,11.937595976869119,316.0671164126594
S2-000736,ALV.DE,ALV.DE|swing|2025-07-28T22:00:00Z,EUR,2025-07-30T07:00:00Z,2025-08-07T15:30:00Z,objetivo,6,60.132391706625256,344.0719438934326,364.84785253116064,331.84465517316545,1.0,1.0,735.2561148371052,1249.3050762649214,42.62904288718468,0.0,1206.6760333777368,1.6411642270327447,735.2561148371052,1249.3050762649214,42.62904288718468,0.0,1206.6760333777368,1.6411642270327447,21.314839098570047,0.0
S2-000737,ARM,ARM|swing|2025-07-29T04:00:00Z,USD,2025-07-30T13:30:00Z,2025-07-31T13:30:00Z,stop,1,89.12100477853514,162.40116732788084,148.27583110046388,149.02428218296595,0.8670770831526923,0.8675284115554784,1192.161444921876,-1258.864157422043,27.687846261513464,0.0,-1286.5520036835564,-1.079175986745542,1033.6958683099592,-1085.5681865628246,24.01346105035342,0.0,-1109.5816476131781,-1.0734120950171624,12.006462134743582,5.964075140151878
S2-000738,6758.T,6758.T|swing|2025-07-29T15:00:00Z,JPY,2025-07-31T00:00:00Z,2025-08-08T00:00:00Z,objetivo,6,887.7989136896965,3631.8149999999996,3998.0,3432.160714285714,0.00584932147870847,0.005827505827505828,177252.85797063485,325098.64520946186,6773.741468653352,0.0,318324.9037408085,1.7958802322586234,1036.8089492900963,1824.173578189053,39.544358553878624,0.0,1784.6292196351742,1.72127104116637,19.77264026349185,-77.43290993367671
S2-000739,QCOM,QCOM|swing|2025-07-30T04:00:00Z,USD,2025-07-31T13:30:00Z,2025-07-31T20:00:00Z,stop,0,155.2350850232711,153.18655561065674,151.1254612628392,151.20106179373605,0.8675284115554784,0.8736676568233444,308.21830148286307,-319.95415632443996,47.239901812960255,0.0,-367.19405813740025,-1.1913441102322608,267.38813349775575,-133.5427876969577,41.12598351514393,0.0,-174.66877121210163,-0.6532405493363739,20.562963512613617,144.02653330975883
S2-000740,6857.T,6857.T|swing|2025-07-30T15:00:00Z,JPY,2025-08-01T00:00:00Z,2025-09-09T00:00:00Z,objetivo,26,240.0515807566925,9933.9645,12188.9025,9205.0,0.005830223880597014,0.00576734529096257,174989.08054051196,541301.4314083346,5310.629194220068,0.0,535990.8022141146,3.062995705552191,1020.2255162110072,2971.9279598091575,30.778176576948454,0.0,2941.1497832322093,2.8828427994579866,15.389835117922821,-183.98057218906254
S2-000741,1810.HK,1810.HK|swing|2025-07-30T16:00:00Z,HKD,2025-08-01T01:30:00Z,2025-09-18T08:00:00Z,objetivo,34,3103.8363908587494,52.82639923667907,58.03615016259466,49.873214040483745,0.11129536677388122,0.10864251181487317,9166.203680896395,16170.21451116686,344.09921520884166,0.0,15826.115295958018,1.7265725099412506,1020.1560005894643,1321.7986832267877,37.818777091666846,0.0,1283.979906135121,1.2586113353185342,18.909723722932476,-477.8712716058632
S2-000742,IFX.DE,IFX.DE|swing|2025-07-30T22:00:00Z,EUR,2025-08-01T07:00:00Z,2025-09-03T15:30:00Z,stop,23,450.82946787646864,34.207093626022335,31.939554035595485,31.95553180149623,1.0,1.0,1015.070419242074,-1022.2736669409624,29.82085796709942,0.0,-1052.0945249080619,-1.0364744208521344,1015.070419242074,-1022.2736669409624,29.82085796709942,0.0,-1052.0945249080619,-1.0364744208521344,14.910177142674819,0.0
S2-000743,ENR.DE,ENR.DE|swing|2025-07-30T22:00:00Z,EUR,2025-08-01T07:00:00Z,2025-08-06T15:30:00Z,stop,3,157.72459745163158,100.05,93.56747873483387,93.61428587777274,1.0,1.0,1015.070419242074,-1022.4530570199689,30.53823889305151,0.0,-1052.9912959130204,-1.0373578777906471,1015.070419242074,-1022.4530570199689,30.53823889305151,0.0,-1052.9912959130204,-1.0373578777906471,15.268867650476064,0.0
S2-000744,6501.T,6501.T|swing|2025-07-31T15:00:00Z,JPY,2025-08-04T00:00:00Z,2025-09-03T00:00:00Z,stop,21,835.9340128227665,4104.0509999999995,3898.05,3937.464285714286,0.005827166249053085,0.005777007510109763,139255.50055581634,-172203.24257550214,6689.228399943073,0.0,-178892.4709754452,-1.2846348636960419,811.4649528338462,-1166.8998048911992,38.815803082577915,0.0,-1205.7156079737772,-1.4858505025547997,19.40761466823797,-163.4428817777314
S2-000745,9988.HK,9988.HK|swing|2025-07-31T16:00:00Z,HKD,2025-08-04T01:30:00Z,2025-09-01T01:30:00Z,objetivo,20,1173.8773219000948,115.55775,132.9335,107.93571499415806,0.11170563331508808,0.11003884371183027,8947.334040086507,20396.998876005586,291.6982430656069,0.0,20105.30063293998,2.247071646466168,999.467615429509,2018.3611249240894,32.32423842629487,0.0,1986.0368864977945,1.9870947851014857,16.16262784408424,-260.09855224725476
S2-000746,LLY,LLY|swing|2025-08-01T04:00:00Z,USD,2025-08-04T13:30:00Z,2025-08-07T13:30:00Z,stop,3,19.863005531905934,760.3499556884765,675.322143157959,702.9889297485352,0.876885303402315,0.8617718028266115,1139.3623755608544,-1688.90791065953,28.51676284138975,0.0,-1717.4246735009197,-1.5073559653534394,999.0901223788621,-1683.7099261274927,24.80319883575367,0.0,-1708.5131249632464,-1.7100690785484174,12.40118159068948,-202.7314004702404
S2-000747,COIN,COIN|swing|2025-08-04T04:00:00Z,USD,2025-08-05T13:30:00Z,2025-10-01T20:00:00Z,tiempo,40,25.828682365730913,307.26354034423827,345.9969284210205,262.13607243129184,0.8646779074794638,0.8529512111907198,1165.583034693207,1000.432377583798,16.87285714982635,0.0,983.5595204339717,0.8438347943978561,1007.8538994320855,760.2544558394998,14.484789494527394,0.0,745.7696663449724,0.739958109766907,7.242586621523526,-104.79731898436387
S2-000748,7011.T,7011.T|swing|2025-08-05T15:00:00Z,JPY,2025-08-07T00:00:00Z,2025-09-03T06:30:00Z,stop,18,668.0981793877822,3881.9399999999996,3621.9738214285717,3623.785714285714,0.005840439201027918,0.005777007510109763,172472.40828686743,-173682.9306059701,5013.351162379244,0.0,-178696.28176834935,-1.0360861980377172,1007.3146144543128,-1167.8787661726449,29.12667848756649,0.0,-1197.0054446602114,-1.1883133903588392,14.56305091485164,-153.49416971212648
S2-000749,V,V|swing|2025-08-06T04:00:00Z,USD,2025-08-07T13:30:00Z,2025-08-07T20:00:00Z,stop,0,68.26428911990071,341.60070767211914,333.3436153417315,333.51037052699496,0.8617718028266115,0.8588851670531651,552.2811139522292,-563.6645381312973,46.07459440605316,0.0,-609.7391325373504,-1.104037630716612,475.94029123770184,-551.4369443346153,39.64009954668956,0.0,-591.0770438813049,-1.2419142795080143,19.819916869086335,-65.68673911977648
S2-000750,8035.T,8035.T|swing|2025-08-06T15:00:00Z,JPY,2025-08-08T00:00:00Z,2025-08-22T06:30:00Z,stop,9,165.22302539379126,21050.52,20107.173526785715,20117.23214285714,0.005827505827505828,0.005810912894415712,154200.64332043164,-155862.55829902735,6800.198642725994,0.0,-162662.75694175335,-1.0548772912946756,898.605147554963,-963.4144788161183,39.57307270664439,0.0,-1002.9875515227627,-1.1161604785503583,19.786300446276044,-55.1245120385692
S2-000751,ICGA.DE,ICGA.DE|swing|2025-08-06T22:00:00Z,EUR,2025-08-08T07:00:00Z,2025-08-22T15:30:00Z,objetivo,10,4067.615445199203,5.001499572515487,5.253666750175612,4.870803560529437,1.0,1.0,531.6211169804002,1025.7191066226153,41.71407292726503,0.0,984.0050336953502,1.850951744137787,531.6211169804002,1025.7191066226153,41.71407292726503,0.0,984.0050336953502,1.850951744137787,20.85729810773125,0.0
S2-000752,QDV5.DE,QDV5.DE|swing|2025-08-06T22:00:00Z,EUR,2025-08-08T07:00:00Z,2025-10-03T15:30:00Z,tiempo,40,2541.43343053616,8.005000904560088,8.050972805023195,7.9160179155213495,1.0,1.0,226.1443430920829,116.83452470221965,40.80518834534463,0.0,76.02933635687502,0.3361982675194175,226.1443430920829,116.83452470221965,40.80518834534463,0.0,76.02933635687502,0.3361982675194175,20.40262848195487,0.0
S2-000753,RACE.MI,RACE.MI|swing|2025-08-06T22:00:00Z,EUR,2025-08-08T07:00:00Z,2025-09-04T15:30:00Z,objetivo,18,44.76127089568462,386.29305610656735,426.7686713943482,363.56785583496094,1.0,1.0,1017.2088455160603,1811.739980565872,36.39367623958179,0.0,1775.3463043262902,1.7453115082042021,1017.2088455160603,1811.739980565872,36.39367623958179,0.0,1775.3463043262902,1.7453115082042021,18.197295604106415,0.0
S2-000754,SIE.DE,SIE.DE|swing|2025-08-19T22:00:00Z,EUR,2025-08-21T07:00:00Z,2025-10-16T15:30:00Z,tiempo,40,70.4564641341798,233.0164438934326,244.12787500000002,218.41071428571428,1.0,1.0,1029.0680642597345,782.8721472392764,33.61790159094278,0.0,749.2542456483336,0.7280900765172551,1029.0680642597345,782.8721472392764,33.61790159094278,0.0,749.2542456483336,0.7280900765172551,16.809150715794054,0.0
S2-000755,ALV.DE,ALV.DE|swing|2025-08-20T22:00:00Z,EUR,2025-08-22T07:00:00Z,2025-09-02T15:30:00Z,stop,7,54.57389271557191,374.88736221313474,358.16725797162735,358.34643118722096,1.0,1.0,902.7029952238934,-912.4811750692029,40.00564419661752,0.0,-952.4868192658204,-1.0551497273248542,902.7029952238934,-912.4811750692029,40.00564419661752,0.0,-952.4868192658204,-1.0551497273248542,20.00259897866296,0.0
S2-000756,8035.T,8035.T|swing|2025-08-21T15:00:00Z,JPY,2025-08-25T00:00:00Z,2025-09-12T06:30:00Z,objetivo,14,176.65916424636578,20150.07,22517.217901785716,19842.76785714286,0.005793742757821553,0.005784359093012495,54287.73972825983,418178.369977003,7537.567421388539,0.0,410640.8025556145,7.564153612051245,314.5291988891068,2385.4908766257554,43.633399633355396,0.0,2341.8574769924,7.445596419231227,21.817301643722242,-37.32702590612589
S2-000757,ADYEN.AS,ADYEN.AS|swing|2025-08-31T22:00:00Z,EUR,2025-09-02T07:00:00Z,2025-10-28T16:30:00Z,tiempo,40,8.236326531493784,1416.9080511474608,1448.075648803711,1292.249965122768,1.0,1.0,1026.724701290413,256.7065114990963,23.596941260205064,0.0,233.10957023889122,0.22704194215441917,1026.724701290413,256.7065114990963,23.596941260205064,0.0,233.10957023889122,0.22704194215441917,11.798537756363947,0.0
S2-000758,INTC,INTC|swing|2025-08-29T04:00:00Z,USD,2025-09-02T13:30:00Z,2025-09-18T13:30:00Z,objetivo,12,397.99834492663916,23.891939160346983,31.764110686302185,20.860715525490896,0.8536064874093043,0.8448086508405847,1206.4219897752337,3133.111238308786,22.1510157241209,0.0,3110.960222584665,2.5786667094523557,1029.8096370253809,2563.22127039627,18.797027916416,0.0,2544.424242479854,2.470771442603177,9.399157113314011,-111.22280839910763
S2-000759,7203.T,7203.T|swing|2025-09-01T15:00:00Z,JPY,2025-09-03T00:00:00Z,2025-10-08T06:30:00Z,objetivo,23,1236.4637552502916,2856.4275,3069.294941964286,2734.4464285714284,0.005777007510109763,0.005680204487361545,150825.17364802537,263202.8766616848,7326.94102316209,55640.86898626312,311516.8046247858,2.065416515625966,871.3181608782518,1153.1505588585987,41.960418880640255,318.32981856091953,1429.5199585388782,1.6406406095082222,20.980502973083713,-367.3744362984466
S2-000760,6758.T,6758.T|swing|2025-09-01T15:00:00Z,JPY,2025-09-03T00:00:00Z,2025-09-12T00:00:00Z,objetivo,7,767.9001702945251,4012.0049999999997,4379.809,3782.035714285714,0.005777007510109763,0.005784359093012495,176593.4536625101,282436.7542350079,6444.0753996799795,0.0,275992.6788353279,1.5628703845544631,1020.1817080445412,1656.3645062195355,37.252197235537686,0.0,1619.1123089839978,1.5870822778105595,18.626517365522332,24.725255872868026
S2-000761,AMD,AMD|swing|2025-09-02T04:00:00Z,USD,2025-09-03T13:30:00Z,2025-10-06T13:30:00Z,objetivo,23,77.23168443905628,161.89090255737304,226.3367719497681,146.6021466936384,0.858663918942126,0.8522243054371911,1180.776368333726,4977.26304831409,29.98347724804418,0.0,4947.279571066046,4.189853137091056,1013.8900638276884,4161.229366993735,25.633163249640212,0.0,4135.596203744095,4.078939474099574,12.817625136565903,-112.5668276774759
S2-000762,MC.PA,MC.PA|swing|2025-09-02T22:00:00Z,EUR,2025-09-04T07:00:00Z,2025-09-10T15:30:00Z,stop,4,33.98687470341527,517.0583877868652,486.74400930023194,486.9875030517578,1.0,1.0,1022.015391712937,-1030.2909833371114,34.11610629678707,0.0,-1064.4070896338985,-1.0414785317957995,1022.015391712937,-1030.2909833371114,34.11610629678707,0.0,-1064.4070896338985,-1.0414785317957995,17.057799840095775,0.0
S2-000763,9988.HK,9988.HK|swing|2025-09-03T16:00:00Z,HKD,2025-09-05T01:30:00Z,2025-09-12T01:30:00Z,objetivo,5,763.62605481853,128.56425,151.62414694976806,116.44285692487445,0.11009820760118025,0.10985268754600082,9256.211572862765,17609.13813227325,213.9591601686796,0.0,17395.178972104568,1.8792979001369758,1019.0923033494919,1910.3072150765502,23.528092703737137,0.0,1886.779122372813,1.851431039339086,11.764526869803404,-28.427330688328272
S2-000764,6501.T,6501.T|swing|2025-09-07T15:00:00Z,JPY,2025-09-09T00:00:00Z,2025-10-03T06:30:00Z,objetivo,16,904.9086041859354,3951.975,4223.530035714286,3802.3571428571427,0.00576734529096257,0.0057960934330261405,135390.48626843363,245732.48832787643,7398.0848503833,20812.897896276514,259147.30137376965,1.9140732005346965,780.8436834213832,1527.0968827749198,42.77718259738028,119.07373360190238,1603.393433779442,2.0534115442337115,21.38897842015217,109.87277338062584
S2-000765,0700.HK,0700.HK|swing|2025-09-09T16:00:00Z,HKD,2025-09-11T01:30:00Z,2025-11-11T08:00:00Z,tiempo,40,283.262985255548,633.3165,649.6750000000001,599.6607142857143,0.10966234962550307,0.1111790538662516,9533.43833254959,4633.757544302896,363.42400234749346,0.0,4270.333541955403,0.4479321513388717,1045.459247557226,787.2661225373038,40.133047390364624,0.0,747.1330751469392,0.7146458141650738,20.066725528392773,279.1173826341451
S2-000766,EUNN.DE,EUNN.DE|swing|2025-09-10T22:00:00Z,EUR,2025-09-12T07:00:00Z,2025-10-10T15:30:00Z,stop,20,368.8966127731136,57.19258346557617,55.9373004798208,55.96528312138149,1.0,1.0,452.74693982869434,-463.06964151687725,41.733230990872386,0.0,-504.8028725077496,-1.1149779890257274,452.74693982869434,-463.06964151687725,41.733230990872386,0.0,-504.8028725077496,-1.1149779890257274,20.866504944651446,0.0
S2-000767,MC.PA,MC.PA|swing|2025-09-10T22:00:00Z,EUR,2025-09-12T07:00:00Z,2025-10-02T15:30:00Z,objetivo,14,30.872308162061486,486.74325,539.2454189123426,452.57322583879744,1.0,1.0,1054.9075158097316,1620.8631378384468,31.67463835744512,0.0,1589.1884994810018,1.506471871385961,1054.9075158097316,1620.8631378384468,31.67463835744512,0.0,1589.1884994810018,1.506471871385961,15.837728353938447,0.0
S2-000768,ITX.MC,ITX.MC|swing|2025-09-10T22:00:00Z,EUR,2025-09-12T07:00:00Z,2025-10-28T16:30:00Z,objetivo,32,437.901227926765,46.61329515266418,50.26842080555643,44.204287256513325,1.0,1.0,1054.9075158097316,1600.5840116281358,42.424622381756876,0.0,1558.1593892463789,1.4770578139737287,1054.9075158097316,1600.5840116281358,42.424622381756876,0.0,1558.1593892463789,1.4770578139737287,21.21271664005775,0.0
S2-000769,LMT,LMT|swing|2025-09-17T04:00:00Z,USD,2025-09-18T13:30:00Z,2025-09-30T20:00:00Z,objetivo,8,53.794891358887945,471.3555551147461,499.3478764858246,455.4682083129883,0.8448086508405847,0.8517162081594414,854.6580951815375,1505.8438870402454,52.21888564465242,0.0,1453.625001395593,1.700826341657513,722.0225523202987,1457.7032669271325,44.3005196541977,0.0,1413.402747272935,1.9575603874571648,22.150629790572467,185.5533243401209
S2-000770,ORCL,ORCL|swing|2025-09-22T04:00:00Z,USD,2025-09-23T13:30:00Z,2025-09-30T20:00:00Z,stop,5,27.350681360896665,324.162,277.94666794259206,278.08571079799106,0.848824378236143,0.8517162081594414,1260.2179042566697,-1264.020821090197,16.46808232153177,0.0,-1280.4889034117286,-1.0160853127753455,1069.7036790227228,-1050.9479075381023,14.000493517317146,0.0,-1064.9484010554195,-0.9955545838903277,6.999985771677666,21.983780001323016
S2-000771,8035.T,8035.T|swing|2025-09-29T15:00:00Z,JPY,2025-10-01T00:00:00Z,2025-10-06T06:30:00Z,objetivo,3,69.79698472834446,26218.102499999997,30582.201250000002,23535.0,0.005755064456721915,0.00578368999421631,187272.46421708263,304600.9338067375,3964.4899334040765,0.0,300636.4438733334,1.6053424892451964,1077.765102538459,1814.1005179786202,22.87699761510879,0.0,1791.2235203635114,1.6619795131097164,11.438955192420817,61.102510343160105
S2-000772,MBG.DE,MBG.DE|swing|2025-09-29T22:00:00Z,EUR,2025-10-01T07:00:00Z,2025-10-29T16:30:00Z,objetivo,20,376.0648710108285,53.20659030532837,58.121730002505444,50.34946509769985,1.0,1.0,1074.4644226686062,1848.4113762190993,41.86667041641772,0.0,1806.5447058026816,1.6813443681232698,1074.4644226686062,1848.4113762190993,41.86667041641772,0.0,1806.5447058026816,1.6813443681232698,20.933802544502978,0.0
S2-000773,INTC,INTC|swing|2025-10-01T04:00:00Z,USD,2025-10-02T13:30:00Z,2025-11-28T18:00:00Z,tiempo,40,258.49979804272175,35.777878320693965,40.53972137260437,30.82749843597412,0.8529512111907198,0.8646031471554556,1279.672200434832,1230.9354672299771,19.7280841078229,0.0,1211.2073831221542,0.9464981600058098,1091.4979532879834,1172.0344746575033,16.949199811226016,0.0,1155.0852748462773,1.058256931556075,8.474895032954684,122.10657698608009
S2-000774,ICGA.DE,ICGA.DE|swing|2025-10-01T22:00:00Z,EUR,2025-10-03T07:00:00Z,2025-10-10T15:30:00Z,stop,5,3899.8303280669334,5.720858935117721,5.585741211397307,5.588535479136875,1.0,1.0,516.0390267487311,-526.9361968242375,44.09382215870534,0.0,-571.0300189829429,-1.1065636306243714,516.0390267487311,-526.9361968242375,44.09382215870534,0.0,-571.0300189829429,-1.1065636306243714,22.046784856995195,0.0
S2-000775,PLTR,PLTR|swing|2025-10-02T04:00:00Z,USD,2025-10-03T13:30:00Z,2025-10-03T20:00:00Z,stop,0,83.87045669859835,186.49319389343262,170.7824271360125,170.86786106654577,0.8507742045261187,0.8522243054371911,1310.5038002586007,-1317.6691830299824,29.96486950301491,0.0,-1347.6340525329972,-1.0283328077851202,1114.9428281934665,-1100.2682853790723,25.51410868079831,0.0,-1125.7823940598705,-1.0097220822380348,12.756782462523304,20.770665641840964
S2-000776,1810.HK,1810.HK|swing|2025-10-02T16:00:00Z,HKD,2025-10-06T01:30:00Z,2025-10-13T08:00:00Z,stop,4,2072.427918119461,54.527249999999995,49.609110381603244,49.63392734527588,0.10950743555487417,0.11108395725489324,10141.058482016695,-10192.489850374819,215.81510054618394,0.0,-10408.304950921003,-1.0263529166485157,1110.5213081776533,-954.0691715453719,23.795442468718186,0.0,-977.8646140140901,-0.8805455661348357,11.897485691435735,162.08425388825796
S2-000777,9988.HK,9988.HK|swing|2025-10-02T16:00:00Z,HKD,2025-10-06T01:30:00Z,2025-10-10T08:00:00Z,stop,3,695.7076274849846,181.8909030532837,167.23063630594527,167.3142934526716,0.10950743555487417,0.11070029003475988,10141.058482016695,-10199.25939708783,242.88651785151487,0.0,-10442.145914939345,-1.0296899414845673,1110.5213081776533,-978.1137218041966,26.736660720102407,0.0,-1004.850382524299,-0.9048456568323228,13.368089173642314,138.7810193298434
S2-000778,SU.PA,SU.PA|swing|2025-10-02T22:00:00Z,EUR,2025-10-06T07:00:00Z,2025-11-04T16:30:00Z,stop,21,88.44313980509924,248.374125,235.59999189594814,235.7178508213588,1.0,1.0,1119.3606265932297,-1129.7844400106046,42.80419048267778,0.0,-1172.5886304932824,-1.0475521495356255,1119.3606265932297,-1129.7844400106046,42.80419048267778,0.0,-1172.5886304932824,-1.0475521495356255,21.401818145682135,0.0
S2-000779,ENR.DE,ENR.DE|swing|2025-10-05T22:00:00Z,EUR,2025-10-07T07:00:00Z,2025-10-22T15:30:00Z,stop,11,125.10122898596607,105.7528469467163,96.54813297162738,96.59643118722099,1.0,1.0,1145.4788646193322,-1151.5210307479213,25.30810121285004,0.0,-1176.8291319607713,-1.027368699947037,1145.4788646193322,-1151.5210307479213,25.30810121285004,0.0,-1176.8291319607713,-1.027368699947037,12.653765889607385,0.0
S2-000780,ASML.AS,ASML.AS|swing|2025-10-06T22:00:00Z,EUR,2025-10-08T07:00:00Z,2025-12-03T16:30:00Z,tiempo,40,26.87796744468832,850.425,962.9183244018556,811.692851475307,1.0,1.0,1041.0414271095312,3023.591911017837,48.738982839315966,43.00474791150131,3017.8576760900223,2.8988833657361304,1041.0414271095312,3023.591911017837,48.738982839315966,43.00474791150131,3017.8576760900223,2.8988833657361304,24.370253410195495,0.0
S2-000781,AMD,AMD|swing|2025-10-09T04:00:00Z,USD,2025-10-10T13:30:00Z,2025-11-21T21:00:00Z,stop,30,44.103375205087275,232.88638927459715,202.95097651699612,203.0525027683803,0.8612522607871845,0.8680555555555556,1315.7750904096724,-1320.2527407676346,19.22189887190351,0.0,-1339.474639639538,-1.0180118543074763,1133.2142713027924,-1076.1755700620088,16.61579894778412,0.0,-1092.7913690097928,-0.9643289858620226,8.307632506906284,60.895087734593254
S2-000782,9988.HK,9988.HK|swing|2025-10-09T16:00:00Z,HKD,2025-10-13T01:30:00Z,2025-11-21T08:00:00Z,stop,28,872.1613816132464,159.0795,147.54047410501752,147.61428124564034,0.11108395725489324,0.11155236267904155,9999.52102930042,-10063.89276703894,267.4221002456499,0.0,-10331.314867284591,-1.0331809730698054,1110.786366588214,-1057.6630437855501,29.766579142867585,0.0,-1087.4296229284178,-0.9789727850805943,14.88302887642952,60.27399016603311
S2-000783,BSP.DE,BSP.DE|swing|2025-10-09T22:00:00Z,EUR,2025-10-13T07:00:00Z,2025-10-16T07:00:00Z,stop,3,977.2484704396803,22.73135931301117,21.6591650762558,21.745714255741664,1.0,1.0,963.2201246130545,-1047.8001778834246,43.38057206142647,0.0,-1091.180749944851,-1.1328467108006084,963.2201246130545,-1047.8001778834246,43.38057206142647,0.0,-1091.180749944851,-1.1328467108006084,21.690029503173832,0.0
S2-000784,ABBV,ABBV|swing|2025-10-10T04:00:00Z,USD,2025-10-13T13:30:00Z,2025-10-31T20:00:00Z,stop,14,93.09508285910255,230.11499999999998,216.24539170156208,216.35356848580497,0.8644536652835407,0.8655011251514627,1281.1216070738494,-1291.1923337663723,41.55395765047839,152.67593588892817,-1180.0703555279224,-0.921122826289119,1107.4702689089293,-1095.0891300899414,35.94255781341347,131.36803982871123,-999.6636480746436,-0.9026550654578782,17.971009627173743,21.08681542040852
S2-000785,SAP.DE,SAP.DE|swing|2025-10-14T22:00:00Z,EUR,2025-10-16T07:00:00Z,2025-11-06T16:30:00Z,stop,15,96.04411709634297,231.31559694671628,222.6154138243539,222.72677721296037,1.0,1.0,824.9056082282341,-835.6014065637988,43.597403152157995,0.0,-879.1988097159568,-1.0658174716551339,824.9056082282341,-835.6014065637988,43.597403152157995,0.0,-879.1988097159568,-1.0658174716551339,21.79849812534784,0.0
S2-000786,6758.T,6758.T|swing|2025-10-15T15:00:00Z,JPY,2025-10-17T00:00:00Z,2025-12-16T06:30:00Z,tiempo,40,589.5605948879643,4303.1505,4068.9645,3970.1278076171875,0.005674402769108551,0.005484861781483107,196337.05663240232,-138066.83747443263,4935.869099870449,0.0,-143002.70657430307,-0.7283531139108599,1114.0955378335261,-1238.1369345100481,27.553419198639144,0.0,-1265.6903537086873,-1.1360698528332256,13.776403509185805,-454.69008962306594
S2-000787,6857.T,6857.T|swing|2025-10-21T15:00:00Z,JPY,2025-10-23T00:00:00Z,2025-10-29T06:30:00Z,objetivo,4,114.70103507605533,16588.29,20419.24955357143,14880.357142857143,0.005684402000909505,0.00564620857094461,195901.66655469034,439415.02612914576,4244.8030924127015,0.0,435170.22303673305,2.221370704445975,1113.5838253449883,2408.3584754328085,24.03971401365221,0.0,2384.318761419156,2.1411219408476,12.020462101560652,-89.45317832541019
S2-000788,DTE.DE,DTE.DE|swing|2025-10-27T23:00:00Z,EUR,2025-10-29T08:00:00Z,2025-10-30T16:30:00Z,stop,1,794.7641189929019,29.014499999999998,27.987962633609772,28.00196361541748,1.0,1.0,804.7275876409827,-815.8550656124216,45.303511995426675,0.0,-861.1585776078483,-1.0701243387620027,804.7275876409827,-815.8550656124216,45.303511995426675,0.0,-861.1585776078483,-1.0701243387620027,22.65155769683453,0.0
S2-000789,SAF.PA,SAF.PA|swing|2025-10-27T23:00:00Z,EUR,2025-10-29T08:00:00Z,2025-11-21T16:30:00Z,stop,17,75.36492947083649,304.65225,289.2088900675093,289.3535668509347,1.0,1.0,1152.9841765259775,-1163.8877321049033,44.756302936658386,0.0,-1208.6440350415617,-1.048274607448032,1152.9841765259775,-1163.8877321049033,44.756302936658386,0.0,-1208.6440350415617,-1.048274607448032,22.377866090859094,0.0
S2-000790,1810.HK,1810.HK|swing|2025-10-27T16:00:00Z,HKD,2025-10-30T01:30:00Z,2025-10-31T08:00:00Z,stop,1,4675.562859948424,44.58228137397766,43.37705167896407,43.39875105449131,0.11059255490920351,0.11145290000445811,5533.670405413244,-5635.127199712487,411.25939080816823,0.0,-6046.386590520655,-1.0926539073606285,611.9827481600987,-448.7146913986551,45.656715182733834,0.0,-494.3714065813889,-0.807819187824651,22.828251119752792,174.48842285589575
S2-000791,6857.T,6857.T|swing|2025-10-29T15:00:00Z,JPY,2025-10-31T00:00:00Z,2025-11-07T06:30:00Z,stop,4,80.74726696749556,22026.0075,19470.97392857143,19480.714285714286,0.005606323933396872,0.005644933672029354,205525.47068448339,-206311.97790305625,3350.767837758063,0.0,-209662.7457408143,-1.0201302302948247,1152.2423652210764,-1095.9484700191622,18.8461932335247,0.0,-1114.7946632526869,-0.9675001517921061,9.422824985349948,60.70330944518878
S2-000792,7011.T,7011.T|swing|2025-10-29T15:00:00Z,JPY,2025-10-31T00:00:00Z,2025-11-14T06:30:00Z,stop,9,629.0087704004146,4492.245,4163.41725,4165.5,0.005606323933396872,0.0055688589408030295,205525.4706844834,-206835.53870103462,5444.487468873786,0.0,-212280.0261699084,-1.0328648097139959,1152.2423652210766,-1257.7013262831676,30.425446106439942,0.0,-1288.1267723896076,-1.1179304035939168,15.212412430989644,-98.11429538652288
S2-000793,MA,MA|swing|2025-10-30T04:00:00Z,USD,2025-10-31T13:30:00Z,2025-11-03T21:00:00Z,stop,1,48.37696310365567,549.1644596557617,542.4049292177473,542.676267351423,0.8658008658008658,0.8685079034219212,313.8790397164144,-327.00555459785977,52.806812050613715,0.0,-379.81236664847347,-1.2100596681818223,271.7567443432159,-212.0892870273086,45.79121599887016,0.0,-257.88050302617876,-0.9489387417023508,22.895560701002303,71.03240526521117
S2-000794,IFX.DE,IFX.DE|swing|2025-10-30T23:00:00Z,EUR,2025-11-03T08:00:00Z,2025-11-12T16:30:00Z,objetivo,7,506.8564963921571,34.21710076332092,37.83544895769869,31.963748727525985,1.0,1.0,1142.126118001156,1833.9832885292026,36.52030290771769,0.0,1797.462985621485,1.5737867800162375,1142.126118001156,1833.9832885292026,36.52030290771769,0.0,1797.462985621485,1.5737867800162375,18.260614514834373,0.0
S2-000795,6501.T,6501.T|swing|2025-10-30T15:00:00Z,JPY,2025-11-04T00:00:00Z,2025-11-05T06:30:00Z,stop,1,686.4558416301767,5161.5795,4862.888767857143,4865.321428571428,0.005631581911358901,0.00566925562673621,203368.08376223297,-205037.99792025864,6881.354801706875,0.0,-211919.35272196552,-1.0420482349124667,1145.284021863113,-1028.9274507116722,38.878674056452454,0.0,-1067.8061247681246,-0.932350495059776,19.439084656133993,125.76082951730058
S2-000796,7203.T,7203.T|swing|2025-11-03T15:00:00Z,JPY,2025-11-05T00:00:00Z,2025-12-19T06:30:00Z,objetivo,31,1205.5522132653416,3151.575,3406.4209375,2986.25,0.00566925562673621,0.005477951246233908,199307.91965809237,307230.08399480616,7906.006517038244,0.0,299324.07747776795,1.5018172784666597,1129.9275449747286,956.151812450466,44.035557861792476,0.0,912.1162545886735,0.8072342856364949,22.018023473353736,-785.6140699397273
S2-000797,ADYEN.AS,ADYEN.AS|swing|2025-11-03T23:00:00Z,EUR,2025-11-05T08:00:00Z,2025-11-21T16:30:00Z,stop,12,10.148413119879224,1397.6985,1287.4202204546248,1288.064252580915,1.0,1.0,1112.613634895926,-1119.1495389759943,27.24969405109503,0.0,-1146.3992330270894,-1.0303659752779533,1112.613634895926,-1119.1495389759943,27.24969405109503,0.0,-1146.3992330270894,-1.0303659752779533,13.624570644303628,0.0
S2-000798,6501.T,6501.T|swing|2025-11-05T15:00:00Z,JPY,2025-11-07T00:00:00Z,2026-01-08T06:30:00Z,tiempo,40,444.36919468261374,5130.563999999999,5085.456,4686.714285714285,0.005644933672029354,0.005467169646274124,197233.14009725096,-20044.605633743013,4539.684580261475,0.0,-24584.29021400449,-0.12464583893904728,1113.3679937750549,-514.86516771151,25.2245036490834,0.0,-540.0896713605935,-0.48509538120395557,12.612126261279505,-401.7146984270455
S2-000799,8035.T,8035.T|swing|2025-11-05T15:00:00Z,JPY,2025-11-07T00:00:00Z,2026-01-07T06:30:00Z,objetivo,39,74.41532451685913,32676.329999999998,38067.11763392857,30025.89285714286,0.005644933672029354,0.005460303592879765,197233.14009725096,401157.21118026564,5264.396613120224,0.0,395892.8145671454,2.0072327316390144,1113.3679937750549,1741.4900236654437,29.194153878816213,0.0,1712.2958697866275,1.5379424227750704,14.597515961292473,-523.0158255034271
S2-000800,APP,APP|swing|2025-11-06T05:00:00Z,USD,2025-11-07T14:30:00Z,2025-11-13T21:00:00Z,stop,4,18.765639601570882,614.307,546.3946935915267,546.6680276053293,0.8670770831526923,0.8606592649969877,1269.2885789789932,-1274.4178665728634,21.781309666871547,0.0,-1296.199176239735,-1.021201323092648,1100.5710387401311,-1170.8232777221872,18.820269701940006,0.0,-1189.6435474241273,-1.0809329934630671,9.409844497610635,-65.80475125651256
S2-000801,GOOGL,GOOGL|swing|2025-11-10T05:00:00Z,USD,2025-11-11T14:30:00Z,2025-11-25T14:30:00Z,objetivo,10,67.86238847704355,287.893875,326.0468864593506,268.96786662510465,0.8642295393656555,0.8662508662508662,1284.3641326569268,2589.1544852235475,41.663486456046385,0.0,2547.490998767501,1.9834647620512262,1109.9854227438655,2282.3483145493515,36.051540234714274,0.0,2246.2967743146373,2.023717364469372,18.026345211019084,44.72452643808294
S2-000802,0700.HK,0700.HK|swing|2025-11-11T16:00:00Z,HKD,2025-11-13T01:30:00Z,2025-11-20T08:00:00Z,stop,5,300.8621216538586,649.82475,615.8883303571429,616.1964285714286,0.1111629871717913,0.11086966162579272,10117.48813265792,-10210.183215085675,380.8051227612908,0.0,-10590.988337846966,-1.0468001740136121,1124.690203501403,-1189.3469472535558,42.27708249497243,0.0,-1231.6240297485283,-1.0950784721999154,21.138249195310316,-54.35248149335008
S2-000803,6857.T,6857.T|swing|2025-11-12T15:00:00Z,JPY,2025-11-14T00:00:00Z,2026-01-16T06:30:00Z,tiempo,40,71.09468727772936,19849.92,22788.600000000002,17036.071428571428,0.0055688589408030295,0.005425641582117086,200049.68423259974,208924.535609318,3031.372245385209,0.0,205893.1633639328,1.029210139239904,1114.048472643536,931.43789491477,16.649251058449277,0.0,914.7886438563207,0.8211389955821314,8.32486046991195,-232.0333731663014
S2-000804,VVSM.DE,VVSM.DE|swing|2025-11-12T23:00:00Z,EUR,2025-11-14T08:00:00Z,2025-11-21T16:30:00Z,stop,5,350.09425233185124,50.25511454200744,47.08430200508663,47.10785593305315,1.0,1.0,1101.8371495968338,-1110.0832443977527,34.07797025847353,0.0,-1144.161214656226,-1.0384122690679642,1101.8371495968338,-1110.0832443977527,34.07797025847353,0.0,-1144.161214656226,-1.0384122690679642,17.038711868100954,0.0
S2-000805,PANW,PANW|swing|2025-11-19T05:00:00Z,USD,2025-11-20T14:30:00Z,2025-11-20T21:00:00Z,stop,0,102.64592022468285,198.2290698852539,186.02121756880624,186.1142747061593,0.86333419666753,0.8685079034219212,1243.5342994917153,-1253.086234988796,39.44172435232091,0.0,-1292.527959341117,-1.0393987201393862,1073.5856854801996,-983.0437905548708,34.15017781637745,0.0,-1017.1939683712483,-0.9474734826743446,17.07484741595095,98.78840748432151
S2-000806,7011.T,7011.T|swing|2025-11-19T15:00:00Z,JPY,2025-11-21T00:00:00Z,2026-01-15T06:30:00Z,objetivo,34,843.7602881396659,3911.955,4772.7909821428575,3683.214285714286,0.005510552708436656,0.005410669840926307,193002.33099498716,726339.2163338498,7327.843772312663,0.0,719011.3725615372,3.7254025319529016,1063.5495177990144,3600.293089632709,39.978231900338685,0.0,3560.31485773237,3.347577896608275,19.990021020945623,-402.2374461795435
S2-000807,PLTR,PLTR|swing|2025-11-20T05:00:00Z,USD,2025-11-21T14:30:00Z,2026-01-22T21:00:00Z,tiempo,40,109.70178989032243,156.08799950408934,165.81704389953615,145.0745645250593,0.8685079034219212,0.8542627712284298,1208.1935300402824,1067.2935841029246,35.31355943609965,0.0,1031.9800246668249,0.8541512588901362,1049.3256297032156,667.8278827725132,30.410980437919925,0.0,637.4169023345934,0.6074538582602583,15.205660977343186,-259.12503029238394
S2-000808,1810.HK,1810.HK|swing|2025-11-20T16:00:00Z,HKD,2025-11-24T01:30:00Z,2026-01-19T08:00:00Z,stop,37,3610.769793445082,38.819399236679075,36.229375171525135,36.24749892098563,0.11150882592357185,0.11035944069835454,9286.539971657772,-9351.980658753686,270.98384766821806,0.0,-9622.964506421904,-1.0362271131972607,1035.5311691318784,-1193.186284510925,30.06673279654169,0.0,-1223.2530173074665,-1.181280731832497,15.033071859966935,-150.35790119334874
S2-000809,0700.HK,0700.HK|swing|2025-11-20T16:00:00Z,HKD,2025-11-24T01:30:00Z,2026-01-22T08:00:00Z,tiempo,40,301.8503747039576,615.3075,597.2012500000001,586.1071428571429,0.11150882592357185,0.10925140934318053,8814.138745060804,-5465.378346983512,365.99622051932727,0.0,-5831.3745675028385,-0.6615932351610164,982.8542629891951,-1016.3720731313886,40.404874692143736,0.0,-1056.7769478235323,-1.0752122543677158,20.202188303598412,-406.93415043114686
S2-000810,TTE.PA,TTE.PA|swing|2025-11-20T23:00:00Z,EUR,2025-11-24T08:00:00Z,2026-01-07T16:30:00Z,stop,29,370.90754994307036,55.82789923667907,53.449513748713905,53.476251874651226,1.0,1.0,872.2437613798335,-882.1611341613145,40.53181751452917,315.2714174516098,-607.4215342242339,-0.6963896574775521,872.2437613798335,-882.1611341613145,40.53181751452917,315.2714174516098,-607.4215342242339,-0.6963896574775521,20.26569328340116,0.0
S2-000811,ADBE,ADBE|swing|2025-11-24T05:00:00Z,USD,2025-11-25T14:30:00Z,2025-12-05T21:00:00Z,objetivo,7,76.64428097323898,317.9288740081787,348.02289573941914,309.6255307878767,0.8662508662508662,0.8587376556462,636.4037707940652,2306.5346571839523,51.041394555160636,0.0,2255.493262628792,3.544123033423462,551.2853177356767,1797.6305310756543,44.01424513431257,0.0,1753.6162859413416,3.180959531344064,22.00757747667938,-200.407113747586
S2-000812,ENR.DE,ENR.DE|swing|2025-11-27T23:00:00Z,EUR,2025-12-01T08:00:00Z,2026-01-23T08:00:00Z,objetivo,34,72.18523560945492,114.70732652664184,139.93,99.79107339041573,1.0,1.0,1076.7332470487522,1820.7046273747083,18.381055410287345,0.0,1802.3235719644208,1.6738812300116663,1076.7332470487522,1820.7046273747083,18.381055410287345,0.0,1802.3235719644208,1.6738812300116663,9.190985179045622,0.0
S2-000813,9988.HK,9988.HK|swing|2025-12-02T16:00:00Z,HKD,2025-12-04T01:30:00Z,2026-02-03T08:00:00Z,tiempo,40,730.9013346306012,153.17655610656738,160.9195,139.6892956324986,0.11010063197762755,0.10812681112408633,9857.856681007413,5659.328025679769,229.5732266104983,0.0,5429.754799069271,0.5508048021767733,1085.3562505237942,390.94213130970866,25.044003874072633,0.0,365.898127435636,0.33712260583476916,12.522102803094278,-232.1534608863319
S2-000814,AMD,AMD|swing|2025-12-03T05:00:00Z,USD,2025-12-04T14:30:00Z,2026-02-03T21:00:00Z,tiempo,40,38.1390627876899,216.9884448852539,241.9889456100464,183.34286390032088,0.8570449091532396,0.8473858147614609,1283.2109257126658,953.4956668665476,17.504967514230323,0.0,935.9906993523173,0.7294129753707401,1099.7693912518562,728.0425880909544,14.913397273867245,0.0,713.1291908170872,0.6484352051345414,7.456882511801028,-89.14601909669321
S2-000815,MU,MU|swing|2025-12-03T05:00:00Z,USD,2025-12-04T14:30:00Z,2025-12-30T21:00:00Z,objetivo,17,34.79611576358614,230.39513877868652,294.97672886575975,193.5171454293387,0.8570449091532396,0.8505571149102662,1283.2109257126658,2247.188484866267,18.280900325487607,4.001553312812406,2232.9091378535923,1.7400951730624379,1099.7693912518562,1859.350442660886,15.600961550495423,3.4009462118072453,1847.1504273221979,1.6795797755560422,7.800947563094569,-66.59100820153037
S2-000816,ASML.AS,ASML.AS|swing|2025-12-04T23:00:00Z,EUR,2025-12-08T08:00:00Z,2025-12-17T16:30:00Z,stop,7,15.00706177705351,950.6751122131348,876.1616538107737,876.5999537876675,1.0,1.0,1111.6504786360135,-1118.228073466139,27.41545220431344,0.0,-1145.6435256704524,-1.0305788983927286,1111.6504786360135,-1118.228073466139,27.41545220431344,0.0,-1145.6435256704524,-1.0305788983927286,13.707449971999328,0.0
S2-000817,ORCL,ORCL|swing|2025-12-08T05:00:00Z,USD,2025-12-09T14:30:00Z,2025-12-11T14:30:00Z,stop,2,47.9666934223757,220.14001377868652,190.5246851196289,193.1828509739467,0.858000858000858,0.8595495960116899,1293.0459637920246,-1420.5493903919132,19.69822771144772,0.0,-1440.247618103361,-1.1138410067648705,1109.4345463681036,-1204.678928206069,16.915249945101213,0.0,-1221.5941781511704,-1.1010962135172713,8.457325917149742,14.15366758278852
S2-000818,MRVL,MRVL|swing|2025-12-10T05:00:00Z,USD,2025-12-11T14:30:00Z,2026-02-02T14:30:00Z,stop,34,99.38703953928864,91.02549335861205,77.57119561004639,78.1485731942313,0.8595495960116899,0.8389965601141035,1279.7989735215726,-1337.1828223100579,16.756325792721206,5.963222372357318,-1347.9759257304217,-1.0532716103227129,1100.0506906666433,-1307.8300542008199,14.244437966283332,5.122163178455007,-1316.9523289886483,-1.1971742212993477,7.121893806100813,-158.45509949043858
S2-000819,AMAT,AMAT|swing|2025-12-15T05:00:00Z,USD,2025-12-16T14:30:00Z,2026-01-06T21:00:00Z,objetivo,13,61.675459253499334,259.9199035491943,293.8417389249802,239.45749282836914,0.8508465923593976,0.8541898009737763,1262.0285786406212,2092.144775523193,34.15350361656681,0.0,2057.991271906626,1.6307010053000277,1073.7927155965465,1840.6826349455146,29.119980551259324,0.0,1811.5626543942553,1.6870692342030278,14.560454086400174,60.58838196908741
S2-000820,COIN,COIN|swing|2025-12-17T05:00:00Z,USD,2025-12-18T14:30:00Z,2025-12-31T21:00:00Z,stop,8,48.3696414028797,253.22655610656736,227.59186096014295,227.70571381705147,0.8530967411704488,0.851063829787234,1234.4339898433307,-1239.9410117046893,23.257014413417032,0.0,-1263.1980261181063,-1.0233013968437683,1053.0916139253802,-1080.1690159005675,19.81810382586852,0.0,-1099.987119726436,-1.0445312688667738,9.908784347875212,-22.3793795717074
S2-000821,EUNH.DE,EUNH.DE|swing|2025-12-17T23:00:00Z,EUR,2025-12-19T08:00:00Z,2026-01-15T08:00:00Z,stop,14,193.9097949962429,110.26510408401488,109.67013597488403,109.74143082754952,1.0,1.0,101.54537380621248,-115.37014407086468,42.64759731227056,274.9640893046724,116.94634792153718,1.1516659355128838,101.54537380621248,-115.37014407086468,42.64759731227056,274.9640893046724,116.94634792153718,1.1516659355128838,21.323775144540512,0.0
S2-000822,INFY,INFY|swing|2025-12-30T05:00:00Z,USD,2025-12-31T14:30:00Z,2026-02-12T14:30:00Z,stop,29,481.3816183631147,18.139064160346983,15.232379771232607,15.503571237836566,0.8505571149102662,0.8403361344537815,1268.6778482225996,-1399.22443530268,16.064399686897726,0.0,-1415.2888349895777,-1.1155620293775745,1079.0829703347788,-1265.0665336217317,13.588743215634375,0.0,-1278.655276837366,-1.1849462108003346,6.794057039696683,-74.94623481873784
S2-000823,APP,APP|swing|2026-01-02T05:00:00Z,USD,2026-01-05T14:30:00Z,2026-01-20T21:00:00Z,stop,10,16.092232452468,618.0088622131348,537.25625100817,537.5250135149274,0.8531695247845748,0.8526603001364256,1295.1648019208164,-1299.4897906540648,18.590794746184,0.0,-1318.0805854002488,-1.0176933340416963,1104.9951385724908,-1113.0876664957443,15.85669693962836,0.0,-1128.9443634353727,-1.0216736020158614,7.928072179914839,-4.402579341009915
S2-000824,EXH1.DE,EXH1.DE|swing|2026-01-05T23:00:00Z,EUR,2026-01-07T08:00:00Z,2026-01-08T08:00:00Z,stop,1,542.2843433709435,41.30063877868652,40.59469417762757,40.64750385284424,1.0,1.0,354.1848443930111,-382.8227044415167,44.410556857359566,0.0,-427.23326129887624,-1.2062437680840152,354.1848443930111,-382.8227044415167,44.410556857359566,0.0,-427.23326129887624,-1.2062437680840152,22.205188274296706,0.0
S2-000825,MU,MU|swing|2026-01-06T05:00:00Z,USD,2026-01-07T14:30:00Z,2026-01-23T21:00:00Z,objetivo,11,32.826296646892885,340.88034645080563,406.7113348009927,301.10679299490795,0.8541898009737763,0.8516436722875149,1305.618464444349,2160.98755214139,24.54066629952092,0.0,2136.446885841869,1.636348553596098,1115.245976291406,1811.9006036492917,20.928393938730466,0.0,1790.9722097105612,1.6058988310957087,10.46465256067831,-33.992923421169294
S2-000826,7203.T,7203.T|swing|2026-01-06T15:00:00Z,JPY,2026-01-08T00:00:00Z,2026-01-13T06:30:00Z,objetivo,2,1233.2154540210986,3302.6504999999997,3565.4485267857144,3180.1785714285716,0.005467169646274124,0.005422405379026136,151034.27499805336,324086.58791839395,8469.84585957941,0.0,315616.74205881456,2.0897027649047373,825.7300038163761,1575.0093851117197,46.109257220992845,0.0,1528.9001278907267,1.851573905301278,23.055028126595758,-196.8269711202712
S2-000827,DTE.DE,DTE.DE|swing|2026-01-06T23:00:00Z,EUR,2026-01-08T08:00:00Z,2026-01-12T16:30:00Z,objetivo,2,816.4637664088614,27.213600763320922,28.6463841668708,26.392855712345668,1.0,1.0,670.1085955806894,1169.81573411044,45.60765368764657,0.0,1124.2080804227935,1.6776505895266118,670.1085955806894,1169.81573411044,45.60765368764657,0.0,1124.2080804227935,1.6776505895266118,22.80412499878623,0.0
S2-000828,TSLA,TSLA|swing|2026-01-07T05:00:00Z,USD,2026-01-08T14:30:00Z,2026-02-05T21:00:00Z,stop,19,34.306657354535005,428.1039596557617,390.1791153041295,390.37430245535717,0.8558712769599451,0.8476012883539583,1294.3784216783422,-1301.0746403955184,28.07255707166427,0.0,-1329.1471974671827,-1.0268613685198476,1107.821312631241,-1224.2523412314995,23.91579534112025,0.0,-1248.1681365726197,-1.1266872394863339,11.95759459687266,-110.69992733598448
S2-000829,EUNN.DE,EUNN.DE|swing|2026-01-11T23:00:00Z,EUR,2026-01-13T08:00:00Z,2026-01-28T16:30:00Z,stop,11,368.4253989086296,61.770871679306026,60.740689847264974,60.77107538495745,1.0,1.0,368.3503485727443,-379.5451524181474,45.13637092634604,0.0,-424.6815233444934,-1.152928251568152,368.3503485727443,-379.5451524181474,45.13637092634604,0.0,-424.6815233444934,-1.152928251568152,22.56809621890588,0.0
S2-000830,BSP.DE,BSP.DE|swing|2026-01-11T23:00:00Z,EUR,2026-01-13T08:00:00Z,2026-01-22T16:30:00Z,stop,7,945.8039695883473,24.062024236679076,22.916212839365006,22.927676677703857,1.0,1.0,1072.8704241716132,-1083.712967979218,44.43220311078497,0.0,-1128.145171090003,-1.0515204312403976,1072.8704241716132,-1083.712967979218,44.43220311078497,0.0,-1128.145171090003,-1.0515204312403976,22.21583618110776,0.0
S2-000831,ENI.MI,ENI.MI|swing|2026-01-13T23:00:00Z,EUR,2026-01-15T08:00:00Z,2026-02-06T16:30:00Z,objetivo,16,1381.681922796051,16.61230209159851,17.8232262137958,15.978570665631976,1.0,1.0,875.6152551657265,1673.111969517668,47.57894696149505,0.0,1625.533022556173,1.8564466676046096,875.6152551657265,1673.111969517668,47.57894696149505,0.0,1625.533022556173,1.8564466676046096,23.789897706215214,0.0
S2-000832,AIR.PA,AIR.PA|swing|2026-01-13T23:00:00Z,EUR,2026-01-15T08:00:00Z,2026-01-20T16:30:00Z,stop,3,106.55571968146839,215.40765305328367,205.26159583691188,205.36427797589982,1.0,1.0,1070.1790594015586,-1081.1204286198515,44.82471456335753,0.0,-1125.945143183209,-1.0521091150978368,1070.1790594015586,-1081.1204286198515,44.82471456335753,0.0,-1125.945143183209,-1.0521091150978368,22.412092604591585,0.0
S2-000833,6857.T,6857.T|swing|2026-01-18T15:00:00Z,JPY,2026-01-20T00:00:00Z,2026-01-29T00:00:00Z,objetivo,7,95.80342164633767,22066.0275,28980.502500000002,19881.428571428572,0.005443954488540476,0.005471656817684395,209292.052282066,662430.3638880609,4890.432237172426,0.0,657539.9316508885,3.1417338808676414,1139.3764074368012,3683.154366566677,26.700204142190636,0.0,3656.454162424486,3.2091713840645784,13.351026197442364,76.9136137327674
S2-000834,7203.T,7203.T|swing|2026-01-19T15:00:00Z,JPY,2026-01-21T00:00:00Z,2026-02-09T00:00:00Z,objetivo,13,1020.005885633545,3507.7529999999997,3997.0005,3304.9285714285716,0.005400151204233718,0.005397527932207049,206882.11089311723,499035.3295314982,7654.892740228946,0.0,491380.4367912692,2.375171225148288,1117.1946802738807,2684.1712500182493,41.32688326372085,0.0,2642.8443667545284,2.3656077256889856,20.664117840700186,-10.694985706439423
S2-000835,8035.T,8035.T|swing|2026-01-19T15:00:00Z,JPY,2026-01-21T00:00:00Z,2026-03-23T06:30:00Z,tiempo,40,69.59611617168657,40240.11,38280.85,37267.5,0.005400151204233718,0.005450779461462989,206882.11089311726,-136356.88657053877,5464.753854072354,0.0,-141821.64042461113,-0.6855191094694567,1117.1946802738807,-601.4640790742833,29.64538083205485,0.0,-631.1094599063381,-0.564905536205759,14.822543755644368,134.88372614517334
S2-000836,CRM,CRM|swing|2026-01-21T05:00:00Z,USD,2026-01-22T14:30:00Z,2026-01-29T14:30:00Z,stop,5,119.98137924989145,222.35112549591062,216.56166316986085,217.0721503666469,0.851861316977596,0.8351428094204109,633.378717034936,-694.6276749947365,52.661361754535385,0.0,-747.2890367492719,-1.1798455120936007,539.5508280389607,-1026.1295642456173,44.42577385983661,0.0,-1070.555338105454,-1.9841603097829916,22.212635950682948,-434.4031182155165
S2-000837,6758.T,6758.T|swing|2026-01-21T15:00:00Z,JPY,2026-01-23T00:00:00Z,2026-01-28T06:30:00Z,stop,3,1147.099599744546,3601.7999999999997,3415.0059285714287,3416.714285714286,0.005379814934366258,0.005466870763175159,212311.74877557586,-214271.4045703679,8048.975272149442,0.0,-222320.37984251732,-1.0471412021457234,1142.19791680426,-811.7121829830994,43.64302569478649,0.0,-855.3552086778859,-0.7488677715952,21.821315374674008,341.02831933219846
S2-000838,SIE.DE,SIE.DE|swing|2026-01-21T23:00:00Z,EUR,2026-01-23T08:00:00Z,2026-02-04T16:30:00Z,stop,8,77.14682655709433,257.57873721313473,242.6196932672773,242.74106379917689,1.0,1.0,1144.6794173774156,-1154.0427687510141,38.58872156040316,0.0,-1192.6314903114173,-1.041891268599784,1144.6794173774156,-1154.0427687510141,38.58872156040316,0.0,-1192.6314903114173,-1.041891268599784,19.294077093024633,0.0
S2-000839,7011.T,7011.T|swing|2026-01-22T15:00:00Z,JPY,2026-01-26T00:00:00Z,2026-03-26T06:30:00Z,tiempo,40,504.1756498035937,4556.277,4508.744500000001,4134.214285714285,0.005384739647838027,0.0054268193411841316,212793.74323286873,-23964.72907428899,4570.363105246048,0.0,-28535.092179535037,-0.13409742103323,1145.838905997893,-33.388302046751,24.705870942583786,0.0,-58.09417298933479,-0.0507001225785238,12.35293021244714,95.65552474926848
S2-000840,INTC,INTC|swing|2026-01-23T05:00:00Z,USD,2026-01-26T14:30:00Z,2026-03-24T20:00:00Z,tiempo,40,163.2106942952583,44.30213877868652,44.037971372604375,36.1200019291469,0.8516436722875149,0.8641548565502938,1335.4122360321783,-43.11494575684423,14.418050711911782,0.0,-57.53299646875601,-0.04308257399205805,1137.295380712126,53.205164333152375,12.368965390588157,0.0,40.83619894256422,0.035906414142818664,6.184497542708298,89.92373506798734
S2-000841,EXV1.DE,EXV1.DE|swing|2026-01-26T23:00:00Z,EUR,2026-01-28T08:00:00Z,2026-02-13T16:30:00Z,stop,12,619.4162865078088,36.74336097335815,35.583452610424594,35.60125323704311,1.0,1.0,707.4401328201019,-718.4661308576553,44.800406285009245,0.0,-763.2665371426646,-1.078913256023544,707.4401328201019,-718.4661308576553,44.800406285009245,0.0,-763.2665371426646,-1.078913256023544,22.400029125973703,0.0
S2-000842,6758.T,6758.T|swing|2026-01-27T15:00:00Z,JPY,2026-01-29T00:00:00Z,2026-01-29T06:30:00Z,stop,0,1243.4200768038932,3372.6854999999996,3362.9783839285715,3364.660714285714,0.005471656817684395,0.005471656817684395,9978.179669191502,-12070.023011079456,8375.259703879674,0.0,-20445.282714959132,-2.0489992556543877,54.597174815011506,-66.04302369818231,45.8265468586106,0.0,-111.86957055679291,-2.0489992556544214,22.91326264686151,0.0
S2-000843,ADYEN.AS,ADYEN.AS|swing|2026-01-27T23:00:00Z,EUR,2026-01-29T08:00:00Z,2026-01-29T16:30:00Z,stop,0,17.830267571148312,1285.6425,1265.3348941301617,1265.9678780691963,1.0,1.0,350.80377338741073,-362.0900463886371,45.484609505291445,0.0,-407.5746558939286,-1.161830877582445,350.80377338741073,-362.0900463886371,45.484609505291445,0.0,-407.5746558939286,-1.161830877582445,22.742219915687883,0.0
S2-000844,TSM,TSM|swing|2026-01-28T05:00:00Z,USD,2026-01-29T14:30:00Z,2026-02-11T21:00:00Z,objetivo,9,62.696034402543496,339.96988778686523,378.26879188101634,318.1946323939732,0.8351428094204109,0.8403361344537815,1365.222161236928,2401.189408666612,45.03071696969492,0.0,2356.1586916969172,1.7258426932962867,1140.1554712184131,2128.5007220919892,37.730244133674006,0.0,2090.770477958315,1.8337591063120882,18.86565890843185,123.16465338761937
S2-000845,NVDA,NVDA|swing|2026-01-28T05:00:00Z,USD,2026-01-29T14:30:00Z,2026-02-03T21:00:00Z,stop,3,113.13268068254636,191.43566633605957,179.27853935105463,179.368223462786,0.8351428094204109,0.8473858147614609,1365.2221612369278,-1375.368365211731,41.93989185648411,0.0,-1417.3082570682152,-1.0381521025003695,1140.1554712184131,-900.3131616304848,35.27411495069275,0.0,-935.5872765811775,-0.8205786843976407,17.63683680626309,248.31583888039896
S2-000846,6758.T,6758.T|swing|2026-01-28T15:00:00Z,JPY,2026-01-30T00:00:00Z,2026-02-05T00:00:00Z,stop,4,1206.553694232407,3460.7295,3248.375,3308.75,0.0054501853063004145,0.0054010261949770455,183371.427172594,-256217.10646187558,8094.894819466265,0.0,-264312.0012813418,-1.4414023239976446,999.4082579714084,-1589.101924022118,43.926005585941596,0.0,-1633.0279296080596,-1.6339948330252623,21.96261100814199,-192.6712151607969
S2-000847,LLY,LLY|swing|2026-02-02T05:00:00Z,USD,2026-02-03T14:30:00Z,2026-03-05T21:00:00Z,stop,21,18.659841077028563,1041.2703749999998,968.0672030552456,968.5514787946429,0.8445945945945946,0.8607333448097779,1356.923046488896,-1365.9595548235097,37.49391987661235,32.281525063259416,-1371.1719496368628,-1.0105008925781285,1146.0498703453513,-862.1519927300734,31.95869212165833,27.214234583762785,-866.896450267969,-0.7564212279931046,15.979134517611216,291.5300637087016
S2-000848,6501.T,6501.T|swing|2026-02-02T15:00:00Z,JPY,2026-02-04T00:00:00Z,2026-02-10T06:30:00Z,objetivo,4,689.2187709376145,5332.665,5906.2596785714295,5028.857142857143,0.005437146585471945,0.00538647993536224,209390.07790119018,395332.2193813567,7746.077853625426,0.0,387586.1415277313,1.8510243914739395,1138.4845470921607,1943.230238952061,41.910311764855,0.0,1901.319927187206,1.6700445623468736,20.955646928897302,-206.24898778432856
S2-000849,MU,MU|swing|2026-02-03T05:00:00Z,USD,2026-02-04T14:30:00Z,2026-03-26T20:00:00Z,stop,35,24.0035451173215,410.79529133605956,354.89640276227686,355.0739397321429,0.8473858147614609,0.8666262241095416,1337.5099772227486,-1341.7714938889203,18.379315125247754,0.0,-1360.150809014168,-1.0169275984306536,1133.3869818004819,-973.0934736962,15.738275579042273,0.0,-988.8317492752423,-0.8724573028926084,7.868896483375732,163.90465687656456
S2-000850,6857.T,6857.T|swing|2026-02-03T15:00:00Z,JPY,2026-02-05T00:00:00Z,2026-03-27T06:30:00Z,stop,33,75.80406628193879,24712.35,21969.366964285713,21980.35714285714,0.0054010261949770455,0.0054291763939410395,207096.16762464048,-207929.26784951935,3538.66396691542,0.0,-211467.93181643478,-1.0211098266179317,1118.5318262200403,-1076.1510001201605,19.15929720276906,0.0,-1095.3102973229295,-0.9792392774592874,9.579381958479267,46.8804222374918
S2-000851,9988.HK,9988.HK|swing|2026-02-03T16:00:00Z,HKD,2026-02-05T01:30:00Z,2026-02-26T08:00:00Z,stop,12,969.7831718004634,155.57774999999998,144.8561169471741,144.92858123779297,0.10830246713020122,0.10851047668652408,10327.384659251531,-10397.65930885018,291.35570840430887,0.0,-10689.015017254489,-1.035016644575062,1118.4812375995334,-1096.8711759589376,31.583763012222995,0.0,-1128.4549389711606,-1.0089171825474985,15.791611236216731,29.220979568841045
S2-000852,META,META|swing|2026-02-04T05:00:00Z,USD,2026-02-05T14:30:00Z,2026-03-19T20:00:00Z,stop,29,23.735920187004993,663.9118070983886,607.991197089059,608.2953447614398,0.8460236886632826,0.8703977717817042,1320.1079111133877,-1327.32713599008,30.189788193005135,12.461358098177621,-1345.0555660849075,-1.018898193671515,1116.842564393729,-771.2021872502507,25.89302397941237,10.856732965828213,-786.238478263835,-0.7039832679466687,12.946322425739588,351.7480124029457
S2-000853,ASML.AS,ASML.AS|swing|2026-02-04T23:00:00Z,EUR,2026-02-06T08:00:00Z,2026-04-07T15:30:00Z,tiempo,40,8.510548534947132,1142.9712244262694,1113.243148803711,1011.778581891741,1.0,1.0,1116.5213517180728,-253.00223043636225,19.20162192861907,13.616877655915411,-258.58697470906594,-0.23160056394009781,1116.5213517180728,-253.00223043636225,19.20162192861907,13.616877655915411,-258.58697470906594,-0.23160056394009781,9.600750113938108,0.0
S2-000854,0700.HK,0700.HK|swing|2026-02-05T16:00:00Z,HKD,2026-02-09T01:30:00Z,2026-02-12T01:30:00Z,stop,3,380.18523031050114,550.275,536.7315,537.0803571428571,0.10851636426773158,0.1075118531818133,5016.408333507669,-5149.03866671027,413.2638165515118,0.0,-5562.302483261782,-1.1088217133576928,544.3623940346025,-763.7328649415427,44.64090894622068,0.0,-808.3737738877634,-1.4849919515865362,22.320269119961146,-204.97790935617817
S2-000855,1810.HK,1810.HK|swing|2026-02-05T16:00:00Z,HKD,2026-02-09T01:30:00Z,2026-03-02T08:00:00Z,stop,12,4402.005608781386,35.39769106864929,33.0049177345889,33.0214284488133,0.10851636426773158,0.1082731515066209,10460.321380455553,-10533.001637076359,301.1086676071335,0.0,-10834.110304683492,-1.0357339808819201,1135.1160452790555,-1178.3388974976667,32.63988200321093,0.0,-1210.9787795008776,-1.066832580278761,16.319650496789446,-35.33585501607628
S2-000856,APP,APP|swing|2026-02-06T05:00:00Z,USD,2026-02-09T14:30:00Z,2026-04-08T20:00:00Z,tiempo,40,19.050827479880454,421.5506663360595,391.00441220092773,350.1454952784947,0.8478887569950823,0.8542627712284298,1360.32759498902,-581.9314176849806,15.479846619108859,0.0,-597.4112643040895,-0.43916720244796,1153.40647362135,-445.9333446267641,13.172667670121275,0.0,-459.10601229688535,-0.3980435542861402,6.586223998279732,47.479761770539874
S2-000857,ICGA.DE,ICGA.DE|swing|2026-02-08T23:00:00Z,EUR,2026-02-10T08:00:00Z,2026-02-13T16:30:00Z,stop,3,4365.396058133079,5.30665190076828,5.143855183524745,5.146428397723606,1.0,1.0,699.439048611492,-710.672147731933,45.620602431264594,0.0,-756.2927501631976,-1.0812847118910076,699.439048611492,-710.672147731933,45.620602431264594,0.0,-756.2927501631976,-1.0812847118910076,22.810129250125016,0.0
S2-000858,7203.T,7203.T|swing|2026-02-09T15:00:00Z,JPY,2026-02-12T00:00:00Z,2026-03-09T00:00:00Z,stop,16,787.7638200184292,3683.841,3297.3505,3413.8214285714284,0.005470758794244762,0.005477351152982418,212711.64906831057,-304463.2326808326,5499.530084320188,0.0,-309962.7627651528,-1.4571969336085155,1163.6941247787656,-1648.5210355368,30.10372644518436,0.0,-1678.6247619819842,-1.4424965514895196,15.051454855196509,17.123872176054864
S2-000859,MBG.DE,MBG.DE|swing|2026-02-10T23:00:00Z,EUR,2026-02-12T08:00:00Z,2026-03-06T16:30:00Z,stop,16,419.71363992469014,55.17757652664184,54.505590172324865,54.53285660062517,1.0,1.0,270.5977468804334,-282.0418387501013,46.035521133689876,0.0,-328.0773598837912,-1.2124171899655756,270.5977468804334,-282.0418387501013,46.035521133689876,0.0,-328.0773598837912,-1.2124171899655756,23.01769581080628,0.0
S2-000860,AMD,AMD|swing|2026-02-11T05:00:00Z,USD,2026-02-12T14:30:00Z,2026-04-13T20:00:00Z,tiempo,40,47.475934227439446,215.9379168319702,246.70658683013917,186.99821635654993,0.8403361344537815,0.8558712769599451,1373.9393163328507,1460.7713530988597,21.96448002654867,0.0,1438.806873072311,1.047212825172364,1154.570854061219,1409.496261396681,18.63950355000997,0.0,1390.856757846671,1.2046525797479755,9.320106479095791,181.9573092127651
S2-000861,6501.T,6501.T|swing|2026-02-12T15:00:00Z,JPY,2026-02-16T00:00:00Z,2026-03-09T00:00:00Z,stop,14,434.11578400421445,5110.554,4564.7165,4628.785714285715,0.005499642523235989,0.005477351152982418,209143.2170612234,-236956.67425140025,4200.187638560348,0.0,-241156.8618899606,-1.153070442726171,1150.212929996279,-1347.3499262904947,23.055357618183727,0.0,-1370.4052839086785,-1.1914361664436444,11.52734485344564,-44.172924412915044
S2-000862,0700.HK,0700.HK|swing|2026-02-12T16:00:00Z,HKD,2026-02-16T01:30:00Z,2026-02-20T08:00:00Z,stop,1,398.85702455138124,534.76725,520.4182321428572,520.6785714285714,0.1078457805338366,0.10887790431809768,5619.3684148607945,-5723.206567734624,420.8681417573147,0.0,-6144.074709491938,-1.093374602961344,606.0251728078505,-402.9831986913732,45.603093730405334,0.0,-448.5862924217786,-0.7402106588136887,22.801451819765305,214.24048076234558
S2-000863,ENR.DE,ENR.DE|swing|2026-02-15T23:00:00Z,EUR,2026-02-17T08:00:00Z,2026-03-09T08:00:00Z,stop,14,60.69588980157717,163.38165305328369,136.58166889953614,144.5607136317662,1.0,1.0,1142.3536650905853,-1626.6488848798754,18.206540733763365,42.48712286110401,-1602.3683027525349,-1.4026902103259518,1142.3536650905853,-1626.6488848798754,18.206540733763365,42.48712286110401,-1602.3683027525349,-1.4026902103259518,9.102865980376116,0.0
S2-000864,NFLX,NFLX|swing|2026-02-19T05:00:00Z,USD,2026-02-20T14:30:00Z,2026-02-27T14:30:00Z,objetivo,5,350.19788417872655,76.64830561065673,94.25285305023193,74.59643200465611,0.8508465923593976,0.8464533604198409,718.5617954235933,6165.075265263253,59.849224166736064,0.0,6105.226041096516,8.496452330168037,611.3858550358149,5100.525216722386,50.77750037325502,0.0,5049.747716349131,8.25951021724786,25.390031665438357,-145.00806436606163
S2-000865,CRWD,CRWD|swing|2026-02-25T05:00:00Z,USD,2026-02-26T14:30:00Z,2026-04-21T20:00:00Z,objetivo,37,177.95325333231708,91.8579024581909,113.90454379238402,84.13773196084159,0.8486082824168365,0.8498342823149485,1373.829456283483,3923.2715504703997,36.61609672390584,0.0,3886.655453746494,2.8290669092659937,1165.843055230383,3354.1713625864804,31.09757358036944,0.0,3323.073789006111,2.85036118206274,15.54962922042932,24.850630686955192
S2-000866,PANW,PANW|swing|2026-02-26T05:00:00Z,USD,2026-02-27T14:30:00Z,2026-04-08T20:00:00Z,objetivo,27,144.9465797404212,147.24358316802977,178.03057317692893,137.655364717756,0.8464533604198409,0.8542627712284298,1389.779470171187,4462.468902292452,47.1473764401528,0.0,4415.3215258523,3.176994350987527,1176.3835027689074,3978.79304013793,40.109576464770015,0.0,3938.68346367316,3.348128781475175,20.055787944588907,201.52124202344615
S2-000867,COIN,COIN|swing|2026-02-26T05:00:00Z,USD,2026-02-27T14:30:00Z,2026-04-27T20:00:00Z,tiempo,40,50.84944385708914,175.43768110656737,196.58165267944338,148.1064191545759,0.8464533604198409,0.8511362669163333,1389.7794701711873,1075.1591954108476,18.91697622710346,0.0,1056.242219183744,0.7600070672030006,1176.3835027689074,956.882764366229,16.05914874683839,0.0,940.8236156193907,0.799759273574418,8.029815601562655,46.81065042442393
S2-000868,AAPL,AAPL|swing|2026-02-27T05:00:00Z,USD,2026-03-02T14:30:00Z,2026-03-20T20:00:00Z,stop,14,87.35652020393331,262.54120866394044,246.57270452499392,246.69605255126953,0.847098686997035,0.8654262224145391,1384.1777000910135,-1394.9529544404738,44.4744198435927,0.0,-1439.4273742840664,-1.0399151598739238,1172.5351123176733,-786.8925885400939,38.06899288205132,0.0,-824.9615814221453,-0.7035708975840372,19.034304476453187,394.7702275890661
S2-000869,IFX.DE,IFX.DE|swing|2026-03-04T23:00:00Z,EUR,2026-03-06T08:00:00Z,2026-03-09T08:00:00Z,stop,1,296.08184387804175,41.69083316802978,37.50124045753479,37.72767652784075,1.0,1.0,1173.4187256046741,-1240.46233482136,23.4473351795828,0.0,-1263.9096700009427,-1.0771173515657317,1173.4187256046741,-1240.46233482136,23.4473351795828,0.0,-1263.9096700009427,-1.0771173515657317,11.723360405046853,0.0
S2-000870,6758.T,6758.T|swing|2026-03-05T15:00:00Z,JPY,2026-03-09T00:00:00Z,2026-03-23T06:30:00Z,stop,9,1304.5608004968735,3221.6099999999997,3197.097080357143,3198.6964285714284,0.005477351152982418,0.005450779461462989,29892.147085099175,-31978.59407180049,8373.593646905665,0.0,-40352.187718706155,-1.349926039231259,163.729786301688,-285.983400088793,45.754287405506126,0.0,-331.73768749429917,-2.026129117905525,22.877077926167438,-110.82541097886315
S2-000871,0700.HK,0700.HK|swing|2026-03-05T16:00:00Z,HKD,2026-03-09T01:30:00Z,2026-03-11T01:30:00Z,objetivo,2,413.88502532591394,502.75124999999997,577.711,494.96605900355746,0.11061946902654868,0.10979961570134504,3222.173972729685,31024.718027174196,447.187145704944,0.0,30577.53088146925,9.489720648312884,356.4351739745227,3235.9060415480976,49.27157282006246,0.0,3186.6344687280352,8.940291815744901,24.63660154569007,-196.03179331630284
S2-000872,EXSA.DE,EXSA.DE|swing|2026-03-05T23:00:00Z,EUR,2026-03-09T08:00:00Z,2026-03-20T16:30:00Z,stop,9,390.92053937070574,58.039003320693965,57.23565594080517,57.264288084847585,1.0,1.0,302.8520978557701,-314.0449910481722,45.06323197427956,55.93994734286925,-303.16827567958256,-1.001044000771502,302.8520978557701,-314.0449910481722,45.06323197427956,55.93994734286925,-303.16827567958256,-1.001044000771502,22.53154310877396,0.0
S2-000873,1810.HK,1810.HK|swing|2026-03-09T16:00:00Z,HKD,2026-03-11T01:30:00Z,2026-04-02T08:00:00Z,stop,16,3871.6056877856995,33.63680893135071,30.872770821298875,30.888214928763254,0.10979961570134504,0.10994447803859052,10641.472173831244,-10701.265668133108,249.75565588702332,0.0,-10951.021324020132,-1.0290889404334589,1168.4295551832274,-1157.6798690310616,27.440390024480486,0.0,-1185.120259055542,-1.0142847326980677,13.71990902224879,17.314988847950385
S2-000874,ENR.DE,ENR.DE|swing|2026-03-09T23:00:00Z,EUR,2026-03-11T08:00:00Z,2026-03-23T08:00:00Z,stop,8,59.22782771991297,156.828375,134.48272805023194,137.03928593226843,1.0,1.0,1172.0647580376185,-1323.484127830861,17.253723824356953,0.0,-1340.737851655218,-1.14391107015282,1172.0647580376185,-1323.484127830861,17.253723824356953,0.0,-1340.737851655218,-1.14391107015282,8.626533197779024,0.0
S2-000875,BSP.DE,BSP.DE|swing|2026-03-18T23:00:00Z,EUR,2026-03-20T08:00:00Z,2026-03-24T16:30:00Z,stop,2,546.5126645049303,26.58328469467163,24.437419062444146,24.449643884386337,1.0,1.0,1166.061724325474,-1172.7427443381987,27.883460755218053,0.0,-1200.6262050934167,-1.0296420678656073,1166.061724325474,-1172.7427443381987,27.883460755218053,0.0,-1200.6262050934167,-1.0296420678656073,13.941440677280916,0.0
S2-000876,7203.T,7203.T|swing|2026-03-18T15:00:00Z,JPY,2026-03-23T00:00:00Z,2026-03-23T06:30:00Z,stop,0,1268.2722105102116,3279.6389999999997,3250.266910714286,3251.8928571428573,0.005450779461462989,0.005450779461462989,35189.66193456002,-37251.804605695324,8281.698203805303,0.0,-45533.50280950063,-1.2939454460851711,191.8110865287257,-203.0513714471538,45.14171047533688,0.0,-248.19308192249068,-1.2939454460851574,22.5708101175249,0.0
S2-000877,EUNL.DE,EUNL.DE|swing|2026-03-19T23:00:00Z,EUR,2026-03-23T08:00:00Z,2026-04-15T15:30:00Z,objetivo,15,208.25945532511275,107.41868036270141,114.47086578519004,104.85624422345843,1.0,1.0,533.651554664127,1468.684294939183,46.21059602309634,0.0,1422.4736989160867,2.665547746434229,533.651554664127,1468.684294939183,46.21059602309634,0.0,1422.4736989160867,2.665547746434229,23.10567095903658,0.0
S2-000878,BBVA.MC,BBVA.MC|swing|2026-03-19T23:00:00Z,EUR,2026-03-23T08:00:00Z,2026-03-23T16:30:00Z,stop,0,1277.7014843480306,17.50875,17.380590955683164,17.389285598482406,1.0,1.0,152.63984314577795,-163.74900115624484,44.578162727000915,0.0,-208.32716388324576,-1.3648282099208129,152.63984314577795,-163.74900115624484,44.578162727000915,0.0,-208.32716388324576,-1.3648282099208129,22.289045998511078,0.0
S2-000879,IS3N.DE,IS3N.DE|swing|2026-03-19T23:00:00Z,EUR,2026-03-23T08:00:00Z,2026-04-17T15:30:00Z,objetivo,17,575.7042038157853,38.858420202255246,43.59629874181748,37.172390937805176,1.0,1.0,970.6541353003417,2727.61659239457,47.46952832055174,0.0,2680.147064074018,2.7611761662610355,970.6541353003417,2727.61659239457,47.46952832055174,0.0,2680.147064074018,2.7611761662610355,23.735451998283366,0.0
S2-000880,TTE.PA,TTE.PA|swing|2026-03-19T23:00:00Z,EUR,2026-03-23T08:00:00Z,2026-04-17T15:30:00Z,stop,17,275.7070588780088,76.20808316802979,72.11499219989777,72.15106773376465,1.0,1.0,1118.5477932039291,-1128.4940725438203,40.89371887343254,234.3510000463075,-935.0367913709454,-0.8359381664798236,1118.5477932039291,-1128.4940725438203,40.89371887343254,234.3510000463075,-935.0367913709454,-0.8359381664798236,20.44658242484327,0.0
S2-000881,7203.T,7203.T|swing|2026-03-22T15:00:00Z,JPY,2026-03-24T00:00:00Z,2026-04-23T06:30:00Z,stop,22,1238.4019999576622,3322.6605,3157.3491071428575,3158.9285714285716,0.0054389209180898505,0.005353032492907232,202765.947799782,-204721.95953007197,8024.856857230579,61920.09999788311,-150826.71638941942,-0.7438463806474589,1102.827954964549,-1449.2960836200189,43.31073228992861,336.2299087634834,-1156.376907146464,-1.0485560344574656,21.65500923469378,-335.82953553956656
S2-000882,9988.HK,9988.HK|swing|2026-03-23T16:00:00Z,HKD,2026-03-25T01:30:00Z,2026-05-14T08:00:00Z,objetivo,32,1118.2529778591265,125.2625969467163,143.80663031816482,116.32142543792725,0.11040574109853714,0.1090096473537908,9998.491665252539,20736.920539141327,300.8874646392074,0.0,20436.03307450212,2.043911597738573,1103.8908821697532,2064.9661840726867,32.99519462459889,0.0,2031.9709894480877,1.8407353682042795,16.498117678374413,-224.5088961526893
S2-000883,IQQK.DE,IQQK.DE|swing|2026-03-24T23:00:00Z,EUR,2026-03-26T08:00:00Z,2026-04-27T07:00:00Z,objetivo,20,148.68971066131616,78.54925713729858,97.04145133972169,71.07000378199986,1.0,1.0,1112.0880173620453,2749.59900545116,26.10853163826366,0.0,2723.490473812896,2.4489882377055157,1112.0880173620453,2749.59900545116,26.10853163826366,0.0,2723.490473812896,2.4489882377055157,13.054956482620604,0.0
S2-000884,7011.T,7011.T|swing|2026-03-25T15:00:00Z,JPY,2026-03-27T00:00:00Z,2026-05-20T06:30:00Z,stop,34,448.43840650024987,4463.2305,4010.6008392857143,4012.6071428571427,0.0054291763939410395,0.005408621342419818,202076.8202089358,-202976.52378546286,3799.9914227411637,5829.699284503248,-200946.81592370078,-0.9944080459893091,1097.1107020410218,-1138.9637647455643,20.593855316239434,31.655621657815207,-1127.9019984039885,-1.028065806217808,10.29664549133858,-36.968413285317965
S2-000885,ENR.DE,ENR.DE|swing|2026-03-25T23:00:00Z,EUR,2026-03-27T08:00:00Z,2026-04-24T07:00:00Z,objetivo,18,48.36236460111291,148.8744030532837,191.56417366027833,126.19106892177037,1.0,1.0,1097.019675637116,2064.578250833348,16.464414571305234,0.0,2048.113836262043,1.8669800385052895,1097.019675637116,2064.578250833348,16.464414571305234,0.0,2048.113836262043,1.8669800385052895,8.232725488396047,0.0
S2-000886,MRVL,MRVL|swing|2026-04-01T04:00:00Z,USD,2026-04-02T13:30:00Z,2026-04-10T20:00:00Z,objetivo,5,130.07667514078747,102.35115305328368,127.88441390562058,92.55107307434082,0.8616975441619991,0.853898044573478,1274.7618197746858,3321.2816771744124,29.94827704916841,7.804600508447248,3299.138000633691,2.588042683312255,1098.4591294913275,2732.1973098932426,25.676613830353386,6.664333112840277,2713.1850291757296,2.4699917878894104,12.838993174251213,-129.74295479819486
S2-000887,6857.T,6857.T|swing|2026-04-07T15:00:00Z,JPY,2026-04-09T00:00:00Z,2026-04-27T00:00:00Z,objetivo,12,64.36500341248791,25012.5,30484.75,21725.35714285714,0.005401609679684546,0.005355899523324942,211576.96121733537,352221.389923987,3572.080685633695,0.0,348649.3092383533,1.6478604628422417,1142.8561617098005,1812.8722384673226,19.205295377395146,0.0,1793.6669430899274,1.5694599225911894,9.603103307533017,-89.69023073803028
S2-000888,6758.T,6758.T|swing|2026-04-07T15:00:00Z,JPY,2026-04-09T00:00:00Z,2026-04-30T06:30:00Z,stop,14,1075.560490359497,3356.6775,3158.384303571429,3159.964285714286,0.005401609679684546,0.005346164127238706,211576.96121733537,-213276.32758566568,7007.343068171715,0.0,-220283.67065383738,-1.0411515005528336,1142.8561617098005,-1340.3858674271564,37.66258175401389,0.0,-1378.0484491811703,-1.2057934282119143,18.830960488277007,-188.3503918928514
S2-000889,BBVA.MC,BBVA.MC|swing|2026-04-07T22:00:00Z,EUR,2026-04-09T07:00:00Z,2026-05-04T15:30:00Z,stop,16,704.4475150737168,19.499744771003723,17.872131984949114,17.881072521209717,1.0,1.0,1140.26964408617,-1146.5677826383783,26.32652571437217,0.0,-1172.8943083527504,-1.028611359107719,1140.26964408617,-1146.5677826383783,26.32652571437217,0.0,-1172.8943083527504,-1.028611359107719,13.16297950598376,0.0
S2-000890,8035.T,8035.T|swing|2026-04-09T15:00:00Z,JPY,2026-04-13T00:00:00Z,2026-05-07T00:00:00Z,objetivo,14,55.74040957132217,43391.685,51154.41,39581.07142857143,0.00536394357131363,0.005442473059758354,212405.1611894672,432697.4708895422,5270.038058669135,0.0,427427.43283087306,2.0123213128969315,1139.329298876078,2544.8812692375263,28.49210321731237,0.0,2516.389166020214,2.208658347066624,14.246691390644585,223.91645193589954
S2-000891,ENI.MI,ENI.MI|swing|2026-04-12T22:00:00Z,EUR,2026-04-14T07:00:00Z,2026-04-17T15:30:00Z,stop,3,491.2085509026929,23.941965305328367,21.595625408887866,21.606428623199463,1.0,1.0,1147.235589208622,-1152.5422204557128,22.368453946330078,0.0,-1174.9106744020428,-1.0241232798683584,1147.235589208622,-1152.5422204557128,22.368453946330078,0.0,-1174.9106744020428,-1.0241232798683584,11.183941633592834,0.0
S2-000892,6501.T,6501.T|swing|2026-04-14T15:00:00Z,JPY,2026-04-16T00:00:00Z,2026-05-01T00:00:00Z,stop,10,533.0499284118092,5212.605,4797.6,4805.357142857143,0.005335894562723441,0.005458217346214726,217083.44109586233,-221218.38554054245,5335.939058637535,0.0,-226554.32459918,-1.0436278486074642,1158.3343530007062,-867.5745458234163,28.78483164476448,0.0,-896.3593774681808,-0.7738347525877395,14.392202526794115,312.82343475682165
S2-000893,MU,MU|swing|2026-04-15T04:00:00Z,USD,2026-04-16T13:30:00Z,2026-05-04T13:30:00Z,objetivo,12,21.12328264857493,453.18647145080564,560.3196755981446,387.9175022670201,0.8488964346349746,0.8545547769612033,1378.6948842502288,2263.004952251721,21.40857681018312,0.0,2241.596375441538,1.6258828556258682,1170.3691716894982,1988.0277920353606,18.240635481281036,0.0,1969.7871565540795,1.6830477119544882,9.120817027790888,66.9709565075848
S2-000894,1810.HK,1810.HK|swing|2026-04-16T16:00:00Z,HKD,2026-04-20T01:30:00Z,2026-04-28T08:00:00Z,stop,6,5203.194860357782,32.03601045799255,29.957157067588398,29.972143139157975,0.1082461951462406,0.10860121633362294,10738.703825820474,-10816.679276388253,322.56253064640174,0.0,-11139.241807034656,-1.0372985406535857,1162.4238299474437,-1115.52618462877,34.97150483037307,0.0,-1150.497689459143,-0.9897402821750136,17.485477905008686,55.338191157448605
S2-000895,0700.HK,0700.HK|swing|2026-04-16T16:00:00Z,HKD,2026-04-20T01:30:00Z,2026-04-28T08:00:00Z,stop,6,302.30622151646753,509.75474999999994,473.9950311431885,474.2321472167969,0.1082461951462406,0.10860121633362294,10738.703825820474,-10810.385490093842,297.39367925504916,0.0,-11107.77916934889,-1.0343687049680057,1162.4238299474437,-1119.3115267485998,32.24260581051873,0.0,-1151.5541325591184,-0.9906491099818414,16.12102710763192,50.87157061818662
S2-000896,RRU.DE,RRU.DE|swing|2026-04-16T22:00:00Z,EUR,2026-04-20T07:00:00Z,2026-04-22T15:30:00Z,stop,2,900.6759556145661,14.761376709938048,13.462193702714783,13.468928166798182,1.0,1.0,1164.0773266751523,-1170.1428965490197,25.420291252271085,0.0,-1195.5631878012907,-1.0270479120283775,1164.0773266751523,-1170.1428965490197,25.420291252271085,0.0,-1195.5631878012907,-1.0270479120283775,12.70985626787442,0.0
S2-000897,APP,APP|swing|2026-04-17T04:00:00Z,USD,2026-04-20T13:30:00Z,2026-05-28T20:00:00Z,objetivo,27,21.84652875624082,470.7452647705078,581.1383991037096,407.7139445713588,0.847673137238281,0.860807437376259,1377.015549274531,2411.7067837018494,22.98000671104804,0.0,2388.726776990801,1.7347130017880203,1167.2590906794362,2211.0902484681874,19.646285575539643,0.0,2191.443962892648,1.8774271970904557,9.823698016255925,166.75119302879574
S2-000898,RACE.MI,RACE.MI|swing|2026-04-20T22:00:00Z,EUR,2026-04-22T07:00:00Z,2026-04-30T15:30:00Z,stop,6,49.531331664338865,308.154,284.6932842276437,284.835702078683,1.0,1.0,1154.9863481886143,-1162.0404940033663,29.36451546138199,0.0,-1191.4050094647484,-1.0315316811607775,1154.9863481886143,-1162.0404940033663,29.36451546138199,0.0,-1191.4050094647484,-1.0315316811607775,14.68197089105998,0.0
S2-000899,SU.PA,SU.PA|swing|2026-04-21T22:00:00Z,EUR,2026-04-23T07:00:00Z,2026-06-19T15:30:00Z,tiempo,40,56.077413637071736,271.7358061065674,289.10537500000004,251.02945600237166,1.0,1.0,1161.1585597070077,974.0404995346366,31.450522897616842,235.5251372757013,1178.1151139127212,1.0146031341404331,1161.1585597070077,974.0404995346366,31.450522897616842,235.5251372757013,1178.1151139127212,1.0146031341404331,15.725508890309097,0.0
S2-000900,ASML.AS,ASML.AS|swing|2026-04-21T22:00:00Z,EUR,2026-04-23T07:00:00Z,2026-06-02T15:30:00Z,objetivo,27,11.187688258206625,1221.410448852539,1447.3438589455743,1117.6214861188616,1.0,1.0,1161.1585597070077,2527.672559234433,29.857191233391305,30.20675829715789,2528.0221262981995,2.1771549674801425,1161.1585597070077,2527.672559234433,29.857191233391305,30.20675829715789,2528.0221262981995,2.1771549674801425,14.929231267141244,0.0
S2-000901,IFX.DE,IFX.DE|swing|2026-04-22T22:00:00Z,EUR,2026-04-24T07:00:00Z,2026-05-06T15:30:00Z,objetivo,7,254.520474433539,52.72635076332092,61.08060524286543,48.175890241350444,1.0,1.0,1158.1853709430156,2126.3288136721867,28.96620043653145,0.0,2097.3626132356553,1.8109040796534535,1158.1853709430156,2126.3288136721867,28.96620043653145,0.0,2097.3626132356553,1.8109040796534535,14.483635421377546,0.0
S2-000902,MC.PA,MC.PA|swing|2026-04-23T22:00:00Z,EUR,2026-04-27T07:00:00Z,2026-04-29T15:30:00Z,stop,2,43.893421317013704,473.48662499999995,446.6984069816045,446.92186791556225,1.0,1.0,1166.0180748913485,-1175.8265398134504,40.39006929837829,329.2006598776028,-887.0159492342258,-0.7607222978227669,1166.0180748913485,-1175.8265398134504,40.39006929837829,329.2006598776028,-887.0159492342258,-0.7607222978227669,20.19474574123769,0.0
S2-000903,ENR.DE,ENR.DE|swing|2026-04-26T22:00:00Z,EUR,2026-04-28T07:00:00Z,2026-06-02T15:30:00Z,stop,24,57.578924164286626,177.08849999999998,156.97004226248603,157.04856654575892,1.0,1.0,1153.8778086190969,-1158.3991523707211,19.234731471363823,0.0,-1177.633883842085,-1.0205880337116615,1153.8778086190969,-1158.3991523707211,19.234731471363823,0.0,-1177.633883842085,-1.0205880337116615,9.617078540162684,0.0
S2-000904,ORCL,ORCL|swing|2026-04-27T04:00:00Z,USD,2026-04-28T13:30:00Z,2026-05-29T20:00:00Z,objetivo,22,97.88729598283435,162.24108366394043,209.59177208600727,148.46893092564173,0.8511362669163333,0.8588114050154585,1348.1187914146474,4635.030852561824,36.397712806937676,0.0,4598.6331397548865,3.4111483120336263,1147.4327954844218,4102.508843977832,31.136879389876082,0.0,4071.371964587956,3.5482443770217573,15.569469214515546,157.465987086332
S2-000905,AMD,AMD|swing|2026-04-27T04:00:00Z,USD,2026-04-28T13:30:00Z,2026-05-06T13:30:00Z,objetivo,6,86.41346323166283,312.01591534423824,409.28524523925785,297.79786845615934,0.8511362669163333,0.8557247989046722,1228.6306719890642,8405.37966245176,62.33013131903766,0.0,8343.049531132723,6.790526820908621,1045.732123575678,7316.409545338696,53.21372136471558,0.0,7263.195823973981,6.945560588823543,26.608696436912467,162.28607742503345
S2-000906,6857.T,6857.T|swing|2026-04-27T15:00:00Z,JPY,2026-04-30T00:00:00Z,2026-05-15T06:30:00Z,stop,8,80.0563577737582,28894.44,26186.007589285713,26199.10714285714,0.005346164127238706,0.005410377103284098,215778.53153079448,-216827.23407818525,4409.540018546594,0.0,-221236.77409673185,-1.0252955774942718,1153.5874446981795,-1024.580697840045,23.70873794757444,0.0,-1048.2894357876196,-0.9087212595850419,11.854115792141013,134.6132827971398
S2-000907,RRU.DE,RRU.DE|swing|2026-04-28T22:00:00Z,EUR,2026-04-30T07:00:00Z,2026-05-06T15:30:00Z,objetivo,3,1779.4712520524586,12.86042709159851,14.844895378836565,12.443178500447955,1.0,1.0,742.4818729118025,3531.3042677499,49.30082486498222,0.0,3482.003442884918,4.689681418388697,742.4818729118025,3531.3042677499,49.30082486498222,0.0,3482.003442884918,4.689681418388697,24.65130142137881,0.0
S2-000908,6758.T,6758.T|swing|2026-04-29T15:00:00Z,JPY,2026-05-01T00:00:00Z,2026-05-08T06:30:00Z,stop,2,1380.705531619554,3086.5425,3057.648982142857,3059.1785714285716,0.005458217346214726,0.005432715814635737,37781.527545413635,-39893.439933305424,8483.319166724388,0.0,-48376.75910002981,-1.2804341762487141,206.21978901486617,-325.40720974744784,46.19613968538761,0.0,-371.60334943283544,-1.8019771584871855,23.097994265390454,-107.66014390330541
S2-000909,ARM,ARM|swing|2026-04-30T04:00:00Z,USD,2026-05-01T13:30:00Z,2026-05-21T13:30:00Z,objetivo,14,41.13714327285432,208.25406889343262,266.76154151916506,175.0351884024484,0.8545547769612033,0.8620689655172414,1366.529846121443,2406.8302839373578,19.54078522238538,0.0,2387.2894987149725,1.746972088089187,1167.7746078631371,2139.227577108527,16.781130617997285,0.0,2122.4464464905295,1.817513784080566,8.391102213667576,82.45926063496775
S2-000910,NOW,NOW|swing|2026-05-01T04:00:00Z,USD,2026-05-04T13:30:00Z,2026-05-29T13:30:00Z,objetivo,18,120.53862692493348,91.31563164138794,118.42076335525513,79.82660511561802,0.8545547769612033,0.860807437376259,1384.8714821204446,3267.2153594090205,25.281337069080845,0.0,3241.9340223399395,2.340963810862836,1183.4485405233677,2881.266694582374,21.693539562187762,0.0,2859.5731550201863,2.4163054472614163,10.847492809639975,89.2522018383801
S2-000911,QCOM,QCOM|swing|2026-05-04T04:00:00Z,USD,2026-05-05T13:30:00Z,2026-05-07T20:00:00Z,objetivo,2,65.44156176144236,167.7338188934326,200.6260687668664,146.81572014944894,0.8547008547008548,0.8496176720475785,1368.9130508863577,2152.5202015651125,24.106046338759427,0.0,2128.414155226353,1.5548205591642406,1170.0111546037247,1773.0223110697198,20.53671986422726,0.0,1752.4855912054925,1.4978366525052902,10.268805754892185,-66.73854496883867
S2-000912,ADBE,ADBE|swing|2026-05-05T04:00:00Z,USD,2026-05-06T13:30:00Z,2026-05-14T20:00:00Z,stop,6,70.40388658204577,252.14601427459715,231.8093918715886,231.925354548863,0.8557247989046722,0.8545547769612033,1423.613033944728,-1431.7772571233058,34.07234152508396,0.0,-1465.8495986483897,-1.0296685712314866,1218.2209771904227,-1244.3023936484844,29.137452511543422,0.0,-1273.4398461600279,-1.0453274652164963,14.568418822275628,-19.095088220361003
S2-000913,COIN,COIN|swing|2026-05-05T04:00:00Z,USD,2026-05-06T13:30:00Z,2026-06-03T20:00:00Z,stop,19,49.36789214226059,195.87788877868653,166.95754795156208,167.04106848580497,0.8557247989046722,0.8610297916307904,1423.613033944728,-1427.736266670895,17.912420705888927,0.0,-1445.648687376784,-1.0154786819919714,1218.2209771904227,-1178.0237641646565,15.371828171963895,0.0,-1193.3955923366204,-0.9796216078046391,7.685621501445986,43.725565521202554
S2-000914,7203.T,7203.T|swing|2026-04-30T15:00:00Z,JPY,2026-05-07T00:00:00Z,2026-05-08T06:30:00Z,stop,1,1517.287653214414,3018.5085,2950.9345089285716,2952.410714285714,0.005442473059758354,0.005432715814635737,100289.35416909776,-102529.18233109917,9057.362174014423,0.0,-111586.54450511359,-1.1126459575855645,545.8221082458788,-601.6995629420379,49.25076237428188,0.0,-650.9503253163198,-1.1926052746531173,24.625236918556503,-43.687250265978236
S2-000915,ENI.MI,ENI.MI|swing|2026-05-05T22:00:00Z,EUR,2026-05-07T07:00:00Z,2026-06-18T15:30:00Z,stop,30,685.7316294525714,22.91144961833954,21.080882429565705,21.091428143637522,1.0,1.0,1248.046291486086,-1255.277821180294,30.16693353862864,185.14753995219428,-1100.2972147667283,-0.8816157079050102,1248.046291486086,-1255.277821180294,30.16693353862864,185.14753995219428,-1100.2972147667283,-0.8816157079050102,15.083156720647368,0.0
S2-000916,RRU.DE,RRU.DE|swing|2026-05-05T22:00:00Z,EUR,2026-05-07T07:00:00Z,2026-05-18T07:00:00Z,stop,7,748.8792288327895,14.82740969467163,12.951521183013917,13.160857541220528,1.0,1.0,1248.046291486086,-1404.8139419865176,20.803064333480517,0.0,-1425.6170063199982,-1.1422789491425622,1248.046291486086,-1404.8139419865176,20.803064333480517,0.0,-1425.6170063199982,-1.1422789491425622,10.401183563549504,0.0
S2-000917,TSM,TSM|swing|2026-05-06T04:00:00Z,USD,2026-05-07T13:30:00Z,2026-06-22T13:30:00Z,objetivo,30,42.22120818939096,418.29904133605953,475.8519513397217,383.42142159598217,0.8501955449753444,0.8720676724513822,1472.5752441962181,2429.9533951699027,37.75213521451475,40.321253820868364,2432.522513776256,1.651883340673712,1251.9769122566047,2505.369433233396,32.53613105484949,34.949513583139776,2507.7828157616864,2.003058356117427,16.26869593695406,439.43388216223315
S2-000918,IS3N.DE,IS3N.DE|swing|2026-05-06T22:00:00Z,EUR,2026-05-08T07:00:00Z,2026-05-19T15:30:00Z,stop,7,532.6317009017027,46.72335076332092,44.99606175068447,45.018571036202566,1.0,1.0,908.0197257177911,-920.0088847493774,48.852666693039616,0.0,-968.8615514424171,-1.067004960356484,908.0197257177911,-920.0088847493774,48.852666693039616,0.0,-968.8615514424171,-1.067004960356484,24.426109450823965,0.0
S2-000919,ZPRR.DE,ZPRR.DE|swing|2026-05-06T22:00:00Z,EUR,2026-05-08T07:00:00Z,2026-05-19T15:30:00Z,stop,7,352.4213685629422,70.61529183197021,68.7206222058705,68.75499970572335,1.0,1.0,655.6066970587844,-667.7220626046987,49.10495351518429,0.0,-716.8270161198831,-1.093379642605465,655.6066970587844,-667.7220626046987,49.10495351518429,0.0,-716.8270161198831,-1.093379642605465,24.55231596515059,0.0
S2-000920,QCOM,QCOM|swing|2026-05-11T04:00:00Z,USD,2026-05-12T13:30:00Z,2026-05-18T20:00:00Z,stop,4,43.336777931633875,229.95491633605957,196.3050091708047,196.4032107761928,0.8499787505312366,0.8585164835164835,1454.022813075512,-1458.2785542407455,18.472731732845773,0.0,-1476.7512859735912,-1.0156314417447168,1235.8884939018376,-1166.87335439559,15.774061866247433,0.0,-1182.6474162618374,-0.9569208080642355,7.886741186469891,72.63242906445713
S2-000921,PANW,PANW|swing|2026-05-13T04:00:00Z,USD,2026-05-14T13:30:00Z,2026-05-22T20:00:00Z,objetivo,6,68.90703917821328,227.6637780532837,259.0532581867491,206.86142240251814,0.8536064874093043,0.8624407072013799,1433.428735826428,2162.9561373404467,33.53822988489579,0.0,2129.417907455551,1.485541523086502,1223.5840681403567,2004.0094528946802,28.78614666805076,0.0,1975.2233062266293,1.6142930899947388,14.393577934782549,157.69606207910513
S2-000922,6501.T,6501.T|swing|2026-05-13T15:00:00Z,JPY,2026-05-15T00:00:00Z,2026-05-29T00:00:00Z,objetivo,10,657.3751315367849,4692.344999999999,5371.313,4342.946428571428,0.005410377103284098,0.005398402072986396,229685.93185162154,446336.67830926826,6615.5985014912185,0.0,439721.079807777,1.914444982602763,1242.687506636485,2372.5663008110832,35.750599213119415,0.0,2336.8157015979637,1.8804532025294887,17.875897217106527,-42.28344386926177
S2-000923,ADYEN.AS,ADYEN.AS|swing|2026-05-13T22:00:00Z,EUR,2026-05-15T07:00:00Z,2026-06-05T15:30:00Z,stop,15,16.6052396026394,889.2443877868652,814.2569788447789,814.664311000279,1.0,1.0,1238.4200446245093,-1245.1838926644473,28.28704835634212,0.0,-1273.4709410207895,-1.0283029143047404,1238.4200446245093,-1245.1838926644473,28.28704835634212,0.0,-1273.4709410207895,-1.0283029143047404,14.143216418000364,0.0
S2-000924,9988.HK,9988.HK|swing|2026-05-17T16:00:00Z,HKD,2026-05-19T01:30:00Z,2026-06-08T08:00:00Z,stop,13,879.9742274125281,130.56525,117.89102467318943,117.94999967302594,0.10963589917882711,0.10966716016888743,11101.095160094632,-11152.991640012417,218.63511835133474,0.0,-11371.626758363751,-1.0243698116598086,1217.0785497467007,-1219.5252186362945,23.973500840868276,0.0,-1243.498719477163,-1.021707859148418,11.986448535740333,3.243048350408007
S2-000925,6758.T,6758.T|swing|2026-05-18T15:00:00Z,JPY,2026-05-20T00:00:00Z,2026-06-12T06:30:00Z,stop,17,601.0064316225308,3677.8379999999997,3302.6335714285715,3304.285714285714,0.005408621342419818,0.0053992764969494084,224507.32626158284,-225500.27474468484,4195.308310186806,0.0,-229695.58305487165,-1.0231095210997425,1214.2751163480063,-1238.1942200248334,22.672285443188382,0.0,-1260.8665054680218,-1.0383697141551755,11.335836006996939,-18.548621319198272
S2-000926,8035.T,8035.T|swing|2026-05-18T15:00:00Z,JPY,2026-05-20T00:00:00Z,2026-06-03T00:00:00Z,objetivo,10,45.809875075054926,46723.35,56681.645000000004,41822.5,0.005408621342419818,0.005373743887366328,224507.32626158287,456188.2499105444,4736.96990308668,0.0,451451.2800074577,2.0108532203597353,1214.2751163480063,2376.787434593904,25.529914446201538,0.0,2351.2575201477025,1.9363466223529542,12.765554611346708,-90.56207003341207
S2-000927,1810.HK,1810.HK|swing|2026-05-18T16:00:00Z,HKD,2026-05-20T01:30:00Z,2026-05-27T08:00:00Z,stop,4,5433.385793240601,30.555270915985105,28.507167121819087,28.521427835736954,0.10987199912102401,0.10969603229451191,11050.654097901004,-11128.138058303812,320.90901174875853,0.0,-11449.04707005257,-1.0360515285902612,1214.1574573313194,-1249.926353589316,35.23165907815955,0.0,-1285.1580126674755,-1.058477222132468,17.61552146136943,-27.255578628726656
S2-000928,IFX.DE,IFX.DE|swing|2026-05-18T22:00:00Z,EUR,2026-05-20T07:00:00Z,2026-05-26T15:30:00Z,objetivo,4,148.3872146826607,64.23209694671631,77.44501078305926,56.07749720982143,1.0,1.0,1210.038341809789,1960.6274820169192,21.023071400316656,0.0,1939.6044106166025,1.6029280590527744,1210.038341809789,1960.6274820169192,21.023071400316656,0.0,1939.6044106166025,1.6029280590527744,10.512028485036378,0.0
S2-000929,IQQK.DE,IQQK.DE|swing|2026-05-18T22:00:00Z,EUR,2026-05-20T07:00:00Z,2026-05-29T15:30:00Z,objetivo,7,94.61867304417223,106.49322244262694,126.52973931625912,93.70464379446847,1.0,1.0,1210.038341809789,1895.8286390102433,22.04832343044869,0.0,1873.7803155797947,1.5485297042548938,1210.038341809789,1895.8286390102433,22.04832343044869,0.0,1873.7803155797947,1.5485297042548938,11.024638428542195,0.0
S2-000930,INTC,INTC|swing|2026-05-20T04:00:00Z,USD,2026-05-21T13:30:00Z,2026-07-17T13:30:00Z,stop,38,61.76621378908304,116.63829183197021,92.09392938995362,93.35642542157854,0.8620689655172414,0.8720676724513822,1438.0327381131233,-1516.012337910337,12.892599000663523,0.0,-1528.9049369110005,-1.0631920236510837,1239.6833949251063,-1250.031609877877,11.171185061306485,0.0,-1261.2027949391834,-1.0173587870114023,5.585281419070606,56.875577975861624
S2-000931,RRU.DE,RRU.DE|swing|2026-05-21T22:00:00Z,EUR,2026-05-25T07:00:00Z,2026-06-25T15:30:00Z,objetivo,23,871.3370236551635,14.45322309923172,16.632036839008332,13.006428718566895,1.0,1.0,1260.645509489504,1898.4810791159302,27.08573787413318,0.0,1871.395341241797,1.4844738883015693,1260.645509489504,1898.4810791159302,27.08573787413318,0.0,1871.395341241797,1.4844738883015693,13.543346943171482,0.0
S2-000932,7203.T,7203.T|swing|2026-05-25T15:00:00Z,JPY,2026-05-27T00:00:00Z,2026-06-10T06:30:00Z,stop,10,1027.343491883098,3017.508,2787.3913214285717,2788.785714285714,0.005398984990821726,0.005395198273536552,234976.3516771978,-236408.87210411145,5963.625538906255,0.0,-242372.4976430177,-1.0314761290360848,1268.6337959032383,-1287.211627361249,32.18668110026194,0.0,-1319.3983084615109,-1.040015103430324,16.093022770476907,-10.84367517405675
S2-000933,ADBE,ADBE|swing|2026-05-26T04:00:00Z,USD,2026-05-27T13:30:00Z,2026-06-01T20:00:00Z,objetivo,3,91.52503244443047,237.87887450408934,274.7695177646365,221.835540499006,0.8595495960116899,0.858663918942126,1468.3666653320884,3376.4173213174868,46.92016073498024,0.0,3329.4971605825067,2.267483482968814,1262.1339739832288,2879.924881574322,40.30793194162483,0.0,2839.6169496326975,2.249853825478618,20.15469099070085,-22.27326293099646
S2-000934,7011.T,7011.T|swing|2026-05-27T15:00:00Z,JPY,2026-05-29T00:00:00Z,2026-06-01T06:30:00Z,stop,1,1257.1339210168117,3769.884,3718.3363303571427,3720.1964285714284,0.005398402072986396,0.005392289026691831,62463.93149580308,-64802.32405740443,9413.69578533968,0.0,-74216.0198427441,-1.1881419895532934,337.20541727382357,-378.40410979171105,50.79033973277514,0.0,-429.1944495244862,-1.2727982041165253,25.39508161413052,-28.575109265886514
S2-000935,MRVL,MRVL|swing|2026-05-28T04:00:00Z,USD,2026-05-29T13:30:00Z,2026-06-02T20:00:00Z,objetivo,2,41.77106846611197,204.54222244262695,258.7460886650086,168.79965209960938,0.860807437376259,0.8584427847883939,1493.0053529530103,2264.1534071030774,19.352047762826427,0.0,2244.801359340251,1.5035454192446571,1285.1901118645178,1923.442689176982,16.63282923968344,0.0,1906.8098599372986,1.4836792178325682,8.31689755973687,-25.557403018143336
S2-000936,6857.T,6857.T|swing|2026-05-28T15:00:00Z,JPY,2026-06-01T00:00:00Z,2026-06-19T06:30:00Z,objetivo,14,73.64598175955769,25812.899999999998,31575.63285714286,22555.714285714286,0.005392289026691831,0.005421817393190197,239878.63970177737,424402.118882347,4226.43484400492,0.0,420175.6840383421,1.7516177537137703,1293.4949566016573,2357.1646977361843,22.858824040537872,0.0,2334.3058736956464,1.804650154824311,11.430004168942698,68.66580918214224
S2-000937,0700.HK,0700.HK|swing|2026-05-28T16:00:00Z,HKD,2026-06-01T01:30:00Z,2026-06-02T08:00:00Z,objetivo,1,545.5700373227555,432.6161938934326,474.58758009229393,417.2249952043806,0.10960345470089218,0.10956382640707343,8396.976843228033,22898.330735000574,494.9431968327375,0.0,22403.387538167837,2.6680301680521663,920.3376710611843,2499.475567336679,54.23722366546871,0.0,2445.2383436712103,2.6568925955750107,27.119243481433337,-10.260588103001549
S2-000938,SAF.PA,SAF.PA|swing|2026-05-28T22:00:00Z,EUR,2026-06-01T07:00:00Z,2026-06-25T15:30:00Z,objetivo,18,59.968497351050445,302.65125,342.3323465502603,281.16428811209545,1.0,1.0,1288.5408170569262,2379.6157333610613,38.678697101195276,0.0,2340.937036259866,1.8167348719357224,1288.5408170569262,2379.6157333610613,38.678697101195276,0.0,2340.937036259866,1.8167348719357224,19.339948289516286,0.0
S2-000939,1810.HK,1810.HK|swing|2026-05-31T16:00:00Z,HKD,2026-06-02T01:30:00Z,2026-06-08T08:00:00Z,stop,4,7451.564357939753,28.814399236679076,27.215314101696016,27.228928565979004,0.10956382640707343,0.10966716016888743,11814.236740347493,-11915.685797151047,417.5090148978174,0.0,-12333.194812048865,-1.0439265001292084,1294.4129833515017,-1284.5723879689688,45.76484097388402,0.0,-1330.3372289428528,-1.027753310615238,22.882105064368986,20.95574223131736
S2-000940,ARM,ARM|swing|2026-06-01T04:00:00Z,USD,2026-06-02T13:30:00Z,2026-06-05T20:00:00Z,stop,3,24.803541749652453,401.3305698852539,339.4028923628671,339.5726787022182,0.858663918942126,0.859106529209622,1531.8144323289198,-1536.0257348855355,18.372813356235877,0.0,-1554.3985482417713,-1.0147433758529847,1315.3137835556583,-1315.2038095763428,15.779797985994161,0.0,-1330.983607562337,-1.0119133732213457,7.889572164437695,3.7260675364299054
S2-000941,CVX,CVX|swing|2026-06-01T04:00:00Z,USD,2026-06-02T13:30:00Z,2026-06-18T13:30:00Z,stop,12,165.62622970996222,184.9724448852539,175.55217938995364,176.64786284310478,0.858663918942126,0.862738331464067,1378.7691375524184,-1560.2430568534337,59.71233423630335,0.0,-1619.955391089737,-1.174928671500053,1183.899310967215,-1221.2566134607116,51.391294728765615,0.0,-1272.6479081894772,-1.0749629604478417,25.695348474063373,118.46780423930164
S2-000942,7011.T,7011.T|swing|2026-06-01T15:00:00Z,JPY,2026-06-03T00:00:00Z,2026-07-30T06:30:00Z,tiempo,40,1331.8648652773452,3557.778,3734.132,3371.7321428571427,0.005373743887366328,0.005368551028077521,247787.94045897963,234879.6964511213,9711.838729764526,0.0,225167.85772135676,0.9087119304687569,1331.5489304045334,1236.357378484312,52.16310805457333,0.0,1184.1942704297387,0.889335903014824,26.081869637096766,-25.8259545863608
S2-000943,ENR.DE,ENR.DE|swing|2026-06-01T22:00:00Z,EUR,2026-06-03T07:00:00Z,2026-06-10T15:30:00Z,stop,5,89.0526813026641,154.2770969467163,139.21821530587334,139.28785923549108,1.0,1.0,1334.8318088676147,-1341.0337875365283,26.136544505855753,0.0,-1367.170332042384,-1.0242266650823997,1334.8318088676147,-1341.0337875365283,26.136544505855753,0.0,-1367.170332042384,-1.0242266650823997,13.06794026146595,0.0
S2-000944,APP,APP|swing|2026-06-02T04:00:00Z,USD,2026-06-03T13:30:00Z,2026-06-09T20:00:00Z,stop,4,19.525966819152863,595.0973877868652,515.5856407536098,515.8435625348773,0.8584427847883939,0.8640801866413204,1547.5075621612552,-1552.54373430422,21.687159961877526,0.0,-1574.2308942660975,-1.0172686277975407,1328.4467011428064,-1276.0165053672445,18.673939453240145,0.0,-1294.6904448204846,-0.974589679590997,9.336653056655962,56.75346141464281
S2-000945,NOW,NOW|swing|2026-06-04T04:00:00Z,USD,2026-06-05T13:30:00Z,2026-06-17T20:00:00Z,stop,8,71.83836826547747,119.24959744262695,97.70933693245479,97.75821604047502,0.859106529209622,0.862738331464067,1543.905771701624,-1547.4171670640692,15.58597582612268,0.0,-1563.0031428901918,-1.0123695186186912,1326.3795289532852,-1303.9035571422357,13.415506230818892,0.0,-1317.3190633730546,-0.9931690248662232,6.707428816376722,25.49263449356321
S2-000946,8035.T,8035.T|swing|2026-06-04T15:00:00Z,JPY,2026-06-08T00:00:00Z,2026-06-12T06:30:00Z,objetivo,4,68.47803035347577,55677.825,70362.12276785714,52151.78571428572,0.005374032674118658,0.0053992764969494084,241456.22523469047,1005551.7882667984,8630.967368997823,0.0,996920.8208978005,4.128784917136901,1297.5936437805808,5525.49945681978,46.5047319414018,0.0,5478.994724878378,4.222427222219701,23.253753158998485,121.63129115555833
S2-000947,V,V|swing|2026-06-05T04:00:00Z,USD,2026-06-08T13:30:00Z,2026-07-01T20:00:00Z,objetivo,16,92.94898765883296,321.51068110656735,350.1189644685473,305.7539378574916,0.859106529209622,0.8785030308354563,1464.5733338017392,2659.11097715307,62.42729563786769,0.0,2596.6836815152024,1.7729966957507899,1258.2245135753774,2915.6838982291624,54.26292157925547,0.0,2861.420976649907,2.274173603976987,27.13219649364609,631.2242958639807
S2-000948,QCOM,QCOM|swing|2026-06-08T04:00:00Z,USD,2026-06-09T13:30:00Z,2026-07-16T20:00:00Z,stop,25,32.66160452710834,216.5682367172241,170.43474590437756,170.5200059073312,0.8665511265164645,0.8720676724513822,1504.0091038857272,-1506.7938323841793,12.640138369198134,0.0,-1519.4339707533775,-1.010255833443959,1303.3007832631952,-1275.0050896072714,10.984034946425929,0.0,-1285.9891245536974,-0.9867170656752365,5.491700094864317,30.708803273299505
S2-000949,ASML.AS,ASML.AS|swing|2026-06-08T22:00:00Z,EUR,2026-06-10T07:00:00Z,2026-06-30T15:30:00Z,objetivo,14,9.455567071881838,1500.950051147461,1722.038489431109,1365.4000810895648,1.0,1.0,1281.7018334740123,2090.5165570086415,30.475184317347228,0.0,2060.0413726912943,1.607270364206016,1281.7018334740123,2090.5165570086415,30.475184317347228,0.0,2060.0413726912943,1.607270364206016,15.238118597341568,0.0
S2-000950,AVGO,AVGO|swing|2026-06-09T04:00:00Z,USD,2026-06-10T13:30:00Z,2026-08-07T20:00:00Z,tiempo,40,28.572531360443808,381.69075,427.5461297607422,329.7796543666295,0.8640801866413204,0.8669267446900737,1483.2314079394764,1310.2042762588671,23.121946124991503,18.572145384288476,1305.654475518164,0.8802769874809997,1281.6308718046112,1166.8953227545333,20.013989290379726,16.211719085447342,1163.093052549601,0.9075101717173042,10.007288870842219,34.77376718651561
S2-000951,SAP.DE,SAP.DE|swing|2026-06-09T22:00:00Z,EUR,2026-06-11T07:00:00Z,2026-06-19T15:30:00Z,stop,6,85.28537210353198,148.61426328277588,133.63672198499953,133.70357377188546,1.0,1.0,1271.6637032565209,-1277.3651827768738,24.07188030515075,0.0,-1301.4370630820245,-1.023412919429295,1271.6637032565209,-1277.3651827768738,24.07188030515075,0.0,-1301.4370630820245,-1.023412919429295,12.035623820185004,0.0
S2-000952,BSP.DE,BSP.DE|swing|2026-06-10T22:00:00Z,EUR,2026-06-12T07:00:00Z,2026-06-15T15:30:00Z,stop,1,1175.0454481015993,22.071029465675352,21.351461559670312,21.362142630985804,1.0,1.0,832.9742483211036,-845.5249925512211,51.02340042456497,0.0,-896.5483929757861,-1.0763218608292142,832.9742483211036,-845.5249925512211,51.02340042456497,0.0,-896.5483929757861,-1.0763218608292142,25.51149520890469,0.0
S2-000953,PANW,PANW|swing|2026-06-11T04:00:00Z,USD,2026-06-12T13:30:00Z,2026-06-30T20:00:00Z,objetivo,11,42.563208839127135,277.07847244262695,335.75668160329553,241.9335686819894,0.8667764583513912,0.8776549060909251,1495.87987839504,2497.53287081152,26.08423064561525,0.0,2471.4486401659046,1.6521705224202712,1296.5934631143623,2320.2653067367746,22.76465966818579,0.0,2297.500647068589,1.7719514346077994,11.38291274614609,155.4626103585833
S2-000954,7203.T,7203.T|swing|2026-06-14T15:00:00Z,JPY,2026-06-16T00:00:00Z,2026-06-23T06:30:00Z,stop,5,1553.364729071264,2868.4334999999996,2709.358928571429,2710.714285714286,0.005378368203087183,0.0053957804996492735,244995.46456826053,-247100.82854926938,8664.346024623605,0.0,-255765.174573893,-1.0439588137870683,1317.675816534505,-1255.717454430947,46.67332494417538,0.0,-1302.3907793751225,-0.9884000017549216,23.33635437680825,73.28178479493893
S2-000955,AZN,AZN|swing|2026-06-17T04:00:00Z,USD,2026-06-18T13:30:00Z,2026-07-02T20:00:00Z,objetivo,9,173.10358183545443,177.75883316802978,192.8203201751709,173.5982208251953,0.862738331464067,0.8772699359592947,720.2168991734483,2607.1973487042874,64.14857879725815,0.0,2543.048769907029,3.5309484862484353,621.358725885125,2734.363358781218,55.82847210570027,0.0,2678.5348866755176,4.310770534138628,27.91492662241977,485.03426836254175
S2-000956,ORCL,ORCL|swing|2026-06-17T04:00:00Z,USD,2026-06-18T13:30:00Z,2026-07-01T20:00:00Z,stop,8,39.061420737194,183.10149950408933,143.64207016917638,143.71392713274275,0.862738331464067,0.8785030308354563,1538.5345362138466,-1541.34137130061,12.763068048180095,0.0,-1554.10443934879,-1.0101199568605455,1327.3527186729762,-1241.3207091479724,11.099641605993693,0.0,-1252.420350753966,-0.9435475086125382,5.549511860196892,88.45357374445258
S2-000957,EUNN.DE,EUNN.DE|swing|2026-06-17T22:00:00Z,EUR,2026-06-19T07:00:00Z,2026-07-08T15:30:00Z,stop,13,375.73107697454543,71.75586122131347,69.25642703669412,69.29107257298061,1.0,1.0,926.0976933527382,-939.1150980140219,52.982698933826235,0.0,-992.0977969478481,-1.0712668912457504,926.0976933527382,-939.1150980140219,52.982698933826235,0.0,-992.0977969478481,-1.0712668912457504,26.491121310915126,0.0
S2-000958,8035.T,8035.T|swing|2026-06-18T15:00:00Z,JPY,2026-06-22T00:00:00Z,2026-07-17T06:30:00Z,stop,19,23.93035174199816,74026.995,63612.106607142865,63643.92857142857,0.0054089138900908695,0.005376633152320017,248470.43179624676,-249231.94259472503,3293.752114911553,0.0,-252525.6947096366,-1.0163209074177295,1343.955169819595,-1397.213794815253,17.76648188620096,0.0,-1414.9802767014542,-1.052847824448931,8.882893860373766,-49.139678660314644
S2-000959,6501.T,6501.T|swing|2026-06-18T15:00:00Z,JPY,2026-06-22T00:00:00Z,2026-08-04T06:30:00Z,objetivo,30,685.4472893821373,4704.351,5453.414785714286,4341.857142857143,0.0054089138900908695,0.005533115697449234,248470.43179624673,513443.74149217986,6962.613023996474,0.0,506481.1284681834,2.038395976562367,1343.955169819595,3241.4428662309856,38.124444177915834,0.0,3203.3184220530698,2.3835009485346634,19.063037215429855,464.26988109370853
S2-000960,TSLA,TSLA|swing|2026-06-18T04:00:00Z,USD,2026-06-22T13:30:00Z,2026-07-23T13:30:00Z,stop,22,38.20009921241436,395.0474311065674,340.8295,354.5257001604353,0.8720676724513822,0.876577840112202,1547.9341424010072,-2071.130347362721,28.11057177639788,0.0,-2099.240919139119,-1.3561564808454818,1349.9033246716726,-1747.4446980485068,24.57304202364034,0.0,-1772.017740072147,-1.3126997375927956,12.286087222167751,58.72112331952281
S2-000961,ENI.MI,ENI.MI|swing|2026-06-21T22:00:00Z,EUR,2026-06-23T07:00:00Z,2026-06-24T15:30:00Z,stop,1,1241.4758678993599,21.570779465675354,20.935955527356693,20.946428741727555,1.0,1.0,775.1163568866876,-788.1185997874493,52.77108571704255,0.0,-840.8896855044918,-1.0848560710058908,775.1163568866876,-788.1185997874493,52.77108571704255,0.0,-840.8896855044918,-1.0848560710058908,26.38535242520708,0.0
S2-000962,6758.T,6758.T|swing|2026-06-23T15:00:00Z,JPY,2026-06-25T00:00:00Z,2026-07-28T06:30:00Z,objetivo,22,1136.9722979545606,3233.616,3594.541116071429,3019.910714285714,0.00545404963185165,0.005365670440521543,242976.98978360742,410361.858609249,7763.425487054518,0.0,402598.4331221945,1.656940574828687,1325.2085616777063,1876.9375860167238,41.980911561720404,0.0,1834.9566744550034,1.3846550101758768,20.990930262987817,-361.19635785701144
S2-000963,7203.T,7203.T|swing|2026-06-24T15:00:00Z,JPY,2026-06-26T00:00:00Z,2026-07-07T00:00:00Z,objetivo,7,1794.687508347703,2715.357,2948.525,2670.6160714285716,0.005447513210219535,0.005396362851438131,80295.98561901941,418463.69694641745,10164.898274155405,0.0,408298.79867226206,5.084921687237498,437.41344238720603,2008.9151361452498,55.10274624803165,0.0,1953.812389897218,4.466740617833297,27.55188224076926,-270.67138096766104
S2-000964,6857.T,6857.T|swing|2026-06-24T15:00:00Z,JPY,2026-06-26T00:00:00Z,2026-06-29T06:30:00Z,stop,1,73.00075118284462,34517.25,31163.87455357143,31179.464285714286,0.005447513210219535,0.005425935973955507,243660.8644302247,-244798.92658739258,4794.771430944695,0.0,-249593.69801833728,-1.0243487340570094,1327.3457777971603,-1382.6333022930557,26.07049279419377,0.0,-1408.7037950872495,-1.0612937628242654,13.034903997497064,-49.087915860673185
S2-000965,IQQK.DE,IQQK.DE|swing|2026-06-25T22:00:00Z,EUR,2026-06-29T07:00:00Z,2026-07-08T15:30:00Z,stop,7,91.00132387938264,123.70181938934326,109.13397274180822,109.18856702532088,1.0,1.0,1320.7251789216161,-1325.6933309975143,21.188365330439527,0.0,-1346.881696327954,-1.0198046632439421,1320.7251789216161,-1325.6933309975143,21.188365330439527,0.0,-1346.881696327954,-1.0198046632439421,10.593853890349692,0.0
S2-000966,EXV1.DE,EXV1.DE|swing|2026-06-29T22:00:00Z,EUR,2026-07-01T07:00:00Z,2026-08-04T15:30:00Z,objetivo,24,671.5606432380952,40.15006606864929,42.79091536590032,38.81678717476981,1.0,1.0,895.3776315894801,1773.4904527567735,55.69989884298505,657.3423612994583,2375.1329152132466,2.6526605439058106,895.3776315894801,1773.4904527567735,55.69989884298505,657.3423612994583,2375.1329152132466,2.6526605439058106,27.850399756699563,0.0
S2-000967,ARM,ARM|swing|2026-06-30T04:00:00Z,USD,2026-07-01T13:30:00Z,2026-07-16T20:00:00Z,stop,10,19.590740532994737,341.41561761474605,262.8827794429234,263.0142865862165,0.8776549060909251,0.8720676724513822,1535.940133621352,-1538.5164559438429,11.838653101261432,0.0,-1550.3551090451042,-1.0093851154144695,1348.0253937347306,-1379.0611506390405,10.361477340852339,0.0,-1389.422627979893,-1.0307095359164344,5.180395200236596,-28.774634978303716
S2-000968,6857.T,6857.T|swing|2026-06-30T15:00:00Z,JPY,2026-07-02T00:00:00Z,2026-07-17T06:30:00Z,stop,11,63.511584055955844,30415.199999999997,26489.427232142858,26502.678571428572,0.0053992764969494084,0.005376633152320017,248490.43358144248,-249332.04713034112,3614.1030156270754,0.0,-252946.1501459682,-1.0179311392406796,1341.6685577530504,-1384.3074963264535,19.475446635509925,0.0,-1403.7829429619635,-1.0462963709255724,9.737379675224872,-38.09483431932087
S2-000969,9988.HK,9988.HK|swing|2026-06-29T16:00:00Z,HKD,2026-07-02T01:30:00Z,2026-07-09T08:00:00Z,objetivo,5,1519.5147972338325,95.3476530532837,110.5803891842706,87.46428762163434,0.111998387223224,0.11186307959058112,11978.89042539287,23146.367953393044,312.9107073453574,0.0,22833.45724604769,1.906141256425995,1341.616408367721,2569.6203372095565,35.02275902391248,0.0,2534.597578185644,1.88921182118618,17.512026295045988,-22.735543645782613
S2-000970,MRVL,MRVL|swing|2026-07-01T04:00:00Z,USD,2026-07-02T13:30:00Z,2026-07-15T20:00:00Z,stop,8,23.124042622620845,269.63475,203.31791506113325,203.41962487357003,0.8785030308354563,0.8767315448009819,1531.1613756857391,-1533.513317723666,10.936577585355767,1.3874425573572506,-1543.0624527516645,-1.0077725818159404,1345.1299092381087,-1355.5247959624646,9.59948785718647,1.2138605051244538,-1363.9104233145265,-1.0139618589605632,4.799406247245651,-8.328698515687815
S2-000971,1810.HK,1810.HK|swing|2026-07-01T16:00:00Z,HKD,2026-07-03T01:30:00Z,2026-07-09T08:00:00Z,objetivo,4,6238.798810120838,22.991489542007447,26.031620569757056,21.070356403078353,0.11183930928042589,0.11186307959058112,11985.56314123454,18966.765838535706,305.84532103369924,0.0,18660.920517502007,1.5569498318607908,1340.4571030526024,2125.0904326889686,34.209389893082594,0.0,2090.881042795886,1.5598268963880715,17.105230495456503,3.860442023559819
S2-000972,VVSM.DE,VVSM.DE|swing|2026-07-02T22:00:00Z,EUR,2026-07-06T07:00:00Z,2026-07-17T07:00:00Z,stop,9,133.6253820642954,100.95045152664184,90.14490744018555,90.7249995640346,1.0,1.0,1366.3799252834913,-1443.89495696531,25.535190352655988,0.0,-1469.430147317966,-1.0754184250863421,1366.3799252834913,-1443.89495696531,25.535190352655988,0.0,-1469.430147317966,-1.0754184250863421,12.767237394397448,0.0
S2-000973,SAF.PA,SAF.PA|swing|2026-07-05T22:00:00Z,EUR,2026-07-07T07:00:00Z,2026-07-08T15:30:00Z,stop,1,77.83405340051868,354.2770561065674,337.3062642429897,337.4750017438616,1.0,1.0,1307.7719965052613,-1320.9055201587937,53.82873308699544,0.0,-1374.7342532457892,-1.0512033113719135,1307.7719965052613,-1320.9055201587937,53.82873308699544,0.0,-1374.7342532457892,-1.0512033113719135,26.914043045625093,0.0
S2-000974,7203.T,7203.T|swing|2026-07-07T15:00:00Z,JPY,2026-07-09T00:00:00Z,2026-07-29T06:30:00Z,objetivo,13,1747.2657034583508,2855.4269999999997,3119.9392500000004,2734.0,0.005396654074473826,0.0053671103477887505,212165.2325738366,462173.18256960233,10440.552514227538,0.0,451732.6300553748,2.1291548317095983,1144.9823668312822,2333.1352147725165,56.18299669160973,0.0,2276.9522180809067,1.9886351825507413,28.092088652624355,-161.05357405426344
S2-000975,MUV2.DE,MUV2.DE|swing|2026-07-07T22:00:00Z,EUR,2026-07-09T07:00:00Z,2026-08-27T15:30:00Z,final,35,53.469632845669736,503.8518061065674,514.1428244018555,482.7821371895926,1.0,1.0,1126.5874611704605,550.2569698571247,54.4317991321486,0.0,495.82517072497603,0.4401124527072597,1126.5874611704605,550.2569698571247,54.4317991321486,0.0,495.82517072497603,0.4401124527072597,27.216043934327136,0.0
S2-000976,COIN,COIN|swing|2026-07-08T04:00:00Z,USD,2026-07-09T13:30:00Z,2026-08-27T20:00:00Z,final,35,76.04199937337253,156.80836072540282,190.6246412200928,136.5340998513358,0.876885303402315,0.8587376556462,1541.6953326813948,2571.457580187005,26.419500116228317,0.0,2545.0380800707767,1.650804816049042,1351.8899795522577,1991.814516194977,22.903812530962874,0.0,1968.9107036640141,1.45641341636108,11.452407082209923,-263.0588441934881
S2-000977,ABBV,ABBV|swing|2026-07-08T04:00:00Z,USD,2026-07-09T13:30:00Z,2026-08-27T20:00:00Z,final,35,89.83924207593898,251.3255969467163,258.0209188995361,234.16499655587333,0.876885303402315,0.8587376556462,1541.695332681395,601.5026496957288,45.759304937647556,155.42188879137444,711.1652335494557,0.4612877904433692,1351.889979552258,106.77903058367238,39.704992190836066,136.26327265594813,203.33731104878444,0.1504096591618566,19.852527753307577,-420.6698028920647
S2-000978,VRTX,VRTX|swing|2026-07-08T04:00:00Z,USD,2026-07-09T13:30:00Z,2026-08-27T20:00:00Z,final,35,39.52748990018726,495.82777656555174,547.2762127990723,456.8246590750558,0.876885303402315,0.8587376556462,1541.6953326813948,2033.6275436009105,41.231282404455214,0.0,1992.3962611964553,1.292341112385142,1351.8899795522577,1390.6799326091104,35.762527407928566,0.0,1354.917405201182,1.002239402388297,17.881615844351295,-392.578172968679
S2-000979,9988.HK,9988.HK|swing|2026-07-15T16:00:00Z,HKD,2026-07-17T01:30:00Z,2026-08-27T08:00:00Z,final,29,901.1882290064661,116.35815305328369,115.44225,102.91785948617118,0.11123717991501479,0.10933382898002471,12112.234357073117,-825.4010505303393,208.8957947105738,0.0,-1034.2968452409132,-0.08539273719030381,1347.3307923505658,-289.8307743181854,23.03896361055179,0.0,-312.86973792873715,-0.2322144938014084,11.51941222743475,-198.0154891582992
S2-000980,EXH1.DE,EXH1.DE|swing|2026-07-15T22:00:00Z,EUR,2026-07-17T07:00:00Z,2026-07-23T15:30:00Z,objetivo,4,521.3228577901087,50.93545484733581,53.895540381329404,49.23499992915562,1.0,1.0,886.4860174889433,1543.1602498846994,54.65079401758901,0.0,1488.5094558671103,1.6791121647732878,886.4860174889433,1543.1602498846994,54.65079401758901,0.0,1488.5094558671103,1.6791121647732878,27.325789630302268,0.0
S2-000981,ARM,ARM|swing|2026-07-16T04:00:00Z,USD,2026-07-17T13:30:00Z,2026-08-27T20:00:00Z,final,29,26.506519940966797,249.98993799591062,255.08240171051025,192.69786780221122,0.8720676724513822,0.8587376556462,1518.6134010485628,134.983490999685,13.387710044059002,0.0,121.59578095562598,0.08007026730546911,1324.3336540058974,27.585872778627238,11.584860271539693,0.0,16.001012507087545,0.012082312081013,5.792438480347153,-90.12886603683049
S2-000982,CAT,CAT|swing|2026-07-22T04:00:00Z,USD,2026-07-23T13:30:00Z,2026-07-29T20:00:00Z,stop,4,16.667836899146696,887.003277557373,794.5912588059562,794.9887531825474,0.876577840112202,0.8787346221441126,1533.6830846321523,-1540.3084560695029,28.02854346260018,0.0,-1568.3369995321032,-1.0225952253416568,1344.3926057434714,-1321.6355848684098,24.5977647645966,0.0,-1346.2333496330064,-1.0013692011408504,12.298555048040235,28.564674659555475
S2-000983,8035.T,8035.T|swing|2026-07-22T15:00:00Z,JPY,2026-07-24T00:00:00Z,2026-07-28T06:30:00Z,stop,2,26.277936582105713,64982.475,55438.33839285714,55466.07142857143,0.005369704129302476,0.005365670440521543,250071.4495397243,-250800.21649345357,3164.4104975030864,0.0,-253964.62699095666,-1.015568260424763,1342.8096952141134,-1352.5992566861125,16.986071816699166,0.0,-1369.5853285028118,-1.0199400059324333,8.492699881710148,-5.876298551259759
S2-000984,6857.T,6857.T|swing|2026-07-22T15:00:00Z,JPY,2026-07-24T00:00:00Z,2026-07-28T06:30:00Z,stop,2,58.85448592781357,30115.05,25853.138392857145,25866.071428571428,0.005369704129302476,0.005365670440521543,250071.44953972427,-250832.61670817444,3293.97895617263,0.0,-254126.59566434706,-1.0162159500098336,1342.8096952141132,-1353.0344903257462,17.681554850171516,0.0,-1370.7160451759178,-1.0207820587394216,8.840441376572304,-6.137552624117507
S2-000985,1810.HK,1810.HK|swing|2026-07-22T16:00:00Z,HKD,2026-07-24T01:30:00Z,2026-07-30T01:30:00Z,objetivo,4,4122.148013513023,26.553270915985106,32.38380152511597,23.643570491245814,0.11194698190936772,0.11204983976872913,11994.215825757072,24034.31016815567,242.94733608535796,0.0,23791.36283207031,1.9835696787262542,1342.7162620630788,2704.2990659098664,27.21095161798786,0.0,2677.0881142918784,1.993785425804363,13.606155285296904,13.730580311211241
S2-000986,ENI.MI,ENI.MI|swing|2026-07-26T22:00:00Z,EUR,2026-07-28T07:00:00Z,2026-08-21T15:30:00Z,objetivo,18,977.8407411466779,22.326158034324646,24.555349914159095,20.95491021020072,1.0,1.0,1340.86198863711,2179.7946399354737,45.842648478419214,0.0,2133.9519914570546,1.5914777281635553,1340.86198863711,2179.7946399354737,45.842648478419214,0.0,2133.9519914570546,1.5914777281635553,22.921874918337934,0.0
S2-000987,VVSM.DE,VVSM.DE|swing|2026-07-26T22:00:00Z,EUR,2026-07-28T07:00:00Z,2026-08-27T15:30:00Z,final,22,122.42950450367393,88.55425713729858,90.49473091506958,77.60214233398438,1.0,1.0,1340.86198863711,237.5712431148763,21.920878889135665,0.0,215.65036422574065,0.16082964992164014,1340.86198863711,237.5712431148763,21.920878889135665,0.0,215.65036422574065,0.16082964992164014,10.960501577503045,0.0
S2-000988,IFX.DE,IFX.DE|swing|2026-07-27T22:00:00Z,EUR,2026-07-29T07:00:00Z,2026-07-29T15:30:00Z,stop,0,473.83628111202574,56.79838545799255,55.85134521627427,55.87928485870361,1.0,1.0,435.5032099349049,-448.7420261992256,53.37752945096588,0.0,-502.1195556501915,-1.1529640751103623,435.5032099349049,-448.7420261992256,53.37752945096588,0.0,-502.1195556501915,-1.1529640751103623,26.68865921213726,0.0
S2-000989,AMAT,AMAT|swing|2026-07-28T04:00:00Z,USD,2026-07-29T13:30:00Z,2026-08-27T20:00:00Z,final,21,17.428284708559374,463.65172343444823,482.11880535888673,375.44678279331754,0.8797395970792645,0.8587376556462,1537.2608181952053,321.8495615154048,16.483158044774996,9.236990895536469,314.60339436616624,0.2046519306564523,1352.3892128047903,106.67491080294235,14.324417924139434,7.907705586453616,100.25819846525653,0.07413413055648813,7.162237421356373,-176.4688927647576
S2-000990,7203.T,7203.T|swing|2026-07-28T15:00:00Z,JPY,2026-07-30T00:00:00Z,2026-07-31T00:00:00Z,stop,1,1568.3580031524866,3182.5905,3030.4840000000004,3043.0178571428573,0.005368551028077521,0.005347879565752179,218899.8714461431,-238557.4466065128,9744.325116257634,0.0,-248301.7717227704,-1.1343166630587136,1175.1751298982288,-1378.9568843632628,52.21465756167821,0.0,-1431.171541924941,-1.2178368189674689,26.106990568360736,-98.24905912832338
S2-000991,ENR.DE,ENR.DE|swing|2026-07-28T22:00:00Z,EUR,2026-07-30T07:00:00Z,2026-08-12T15:30:00Z,objetivo,9,198.62164338560527,135.28761122131348,162.55939183698382,132.22928292410714,1.0,1.0,607.450192403824,5416.765883936137,59.15886122491641,0.0,5357.60702271122,8.819829328738713,607.450192403824,5416.765883936137,59.15886122491641,0.0,5357.60702271122,8.819829328738713,29.580792199128616,0.0
S2-000992,MC.PA,MC.PA|swing|2026-07-28T22:00:00Z,EUR,2026-07-30T07:00:00Z,2026-08-27T15:30:00Z,final,20,50.30489232824771,467.5336377868652,447.1762938995362,440.82545253208707,1.0,1.0,1343.552383524507,-1024.0739923411982,46.014384625063244,0.0,-1070.0883769662614,-0.7964619690965273,1343.552383524507,-1024.0739923411982,46.014384625063244,0.0,-1070.0883769662614,-0.7964619690965273,23.006942045765086,0.0
S2-000993,6758.T,6758.T|swing|2026-07-29T15:00:00Z,JPY,2026-07-31T00:00:00Z,2026-08-03T06:30:00Z,stop,1,1377.7418537551523,3694.8464999999997,3572.926928571429,3574.714285714286,0.005347879565752179,0.005433896647285769,165511.1796057106,-167973.6963490326,10013.115636152439,0.0,-177986.81198518505,-1.0753763728178032,885.1338553169186,-474.87790981593906,53.97236168856618,0.0,-528.8502715045053,-0.5974805599489272,26.986068871317435,423.42518847291626
S2-000994,Q8Y0.DE,Q8Y0.DE|swing|2026-07-30T22:00:00Z,EUR,2026-08-03T07:00:00Z,2026-08-27T15:30:00Z,final,18,1144.231619690766,22.801395915985108,22.61868416118622,21.61508866718837,1.0,1.0,1357.410264741587,-209.06456713007333,51.971091793186034,0.0,-261.03565892325935,-0.19230417339812383,1357.410264741587,-209.06456713007333,51.971091793186034,0.0,-261.03565892325935,-0.19230417339812383,25.985500126824576,0.0
S2-000995,SAP.DE,SAP.DE|swing|2026-08-02T22:00:00Z,EUR,2026-08-04T07:00:00Z,2026-08-27T15:30:00Z,objetivo,17,90.48489493683081,162.94143061065674,189.7504314031601,147.83642959594727,1.0,1.0,1366.7744298367095,2425.80962007108,31.913286079395448,0.0,2393.8963339916845,1.7514933567184796,1366.7744298367095,2425.80962007108,31.913286079395448,0.0,2393.8963339916845,1.7514933567184796,15.957253481416316,0.0
S2-000996,7011.T,7011.T|swing|2026-08-03T15:00:00Z,JPY,2026-08-05T00:00:00Z,2026-08-27T06:30:00Z,final,15,744.6570174771254,4042.02,3983.0075,3704.214285714286,0.0055169369965794995,0.005387350501023597,251549.3956867299,-43944.07224386872,5975.893043321912,0.0,-49919.96528719064,-0.19844995115535508,1387.7821675313357,-626.7869174317832,32.58427517881549,0.0,-659.3711926105987,-0.4751258576722634,16.291984965673894,-384.3502394892236
S2-000997,7203.T,7203.T|swing|2026-08-03T15:00:00Z,JPY,2026-08-05T00:00:00Z,2026-08-27T06:30:00Z,final,15,1102.8304199966808,2904.4514999999997,3075.4615000000003,2676.3571428571427,0.0055169369965794995,0.005387350501023597,251549.3956867299,188595.03012363313,6594.829965333612,0.0,182000.20015829953,0.7235167457327375,1387.7821675313357,600.946762546288,35.943741285386295,0.0,565.0030212609017,0.40712658980620897,17.972025372386078,-439.5201365138103
S2-000998,IQQK.DE,IQQK.DE|swing|2026-08-06T22:00:00Z,EUR,2026-08-10T07:00:00Z,2026-08-27T15:30:00Z,final,13,98.4771068394968,102.89141633605956,112.30382061004639,88.7071454184396,1.0,1.0,1396.825962594829,926.9063413059366,21.191804340092506,0.0,905.7145369658441,0.6484090081511182,1396.825962594829,926.9063413059366,21.191804340092506,0.0,905.7145369658441,0.6484090081511182,10.596136545665065,0.0
S2-000999,6758.T,6758.T|swing|2026-08-11T15:00:00Z,JPY,2026-08-13T00:00:00Z,2026-08-27T06:30:00Z,final,10,764.8734399171915,3759.879,3868.065,3420.3928571428573,0.005444547285893178,0.005387350501023597,259663.93389136172,82748.5979708814,5834.411766775702,0.0,76914.1862041057,0.29620665855076,1413.752566512559,281.3073802832161,31.596509475371253,0.0,249.71087080784486,0.17662982669154825,15.798329014112333,-169.22127421061222
S2-001000,1810.HK,1810.HK|swing|2026-08-11T16:00:00Z,HKD,2026-08-13T01:30:00Z,2026-08-27T08:00:00Z,final,10,3689.824810347068,26.11305038166046,27.466259542465213,22.642142840794154,0.11038258604322582,0.10933382898002471,12807.040758709229,4993.10473512631,197.69826707931378,0.0,4795.4064680469955,0.3744351687790135,1413.6742785073216,444.86480912776034,21.716158972558834,0.0,423.1486501552015,0.2993254221205737,10.858193417028538,-106.28700392015806
S2-001001,MRVL,MRVL|swing|2026-08-13T04:00:00Z,USD,2026-08-14T13:30:00Z,2026-08-27T20:00:00Z,final,9,38.3789101318911,221.5106938934326,241.32927194976807,178.8942713056292,0.8670019074041964,0.8587376556462,1635.571852640001,760.6154261659678,17.763293454543742,0.0,742.8521327114241,0.4541849577029437,1418.043915935496,582.9119020207644,15.324266183603719,0.0,567.5876358371606,0.40026097179276576,7.662280735346913,-76.54312326618506
S2-001002,6857.T,6857.T|swing|2026-08-20T15:00:00Z,JPY,2026-08-24T00:00:00Z,2026-08-27T06:30:00Z,final,3,53.79152680079196,35687.835,34592.695,30766.071428571428,0.005386189809328881,0.005387350501023597,264749.17705966154,-58909.25266061927,3780.4970130688635,0.0,-62689.74967368813,-0.2367892144932368,1425.9893195069567,-315.13660835347787,20.36463429399212,0.0,-335.50124264747,-0.23527612588534066,10.182240908404028,2.159808002330248
S2-001003,AMD,AMD|swing|2026-08-21T04:00:00Z,USD,2026-08-24T13:30:00Z,2026-08-27T20:00:00Z,final,3,32.79287104751837,468.7742785491943,476.43167842102054,418.178035736084,0.8547739123001966,0.8587376556462,1659.1960660592551,251.10812655608075,30.996017060270454,0.0,220.1121094958103,0.13266190415855855,1418.237512658565,276.5684680172221,26.55651456060152,0.0,250.01195345662055,0.17628355703831247,13.278329741998999,61.92779227050878
S2-001004,SAF.PA,SAF.PA|swing|2026-08-25T22:00:00Z,EUR,2026-08-27T07:00:00Z,2026-08-27T15:30:00Z,final,0,81.08313617418416,349.9748877868652,343.02841220092773,332.6142676217215,1.0,1.0,1407.6535289186343,-563.2420258652154,56.190880942069214,0.0,-619.4329068072846,-0.4400464276767989,1407.6535289186343,-563.2420258652154,56.190880942069214,0.0,-619.4329068072846,-0.4400464276767989,28.09530668435415,0.0
S2-001005,MBG.DE,MBG.DE|swing|2026-08-25T22:00:00Z,EUR,2026-08-27T07:00:00Z,2026-08-27T15:30:00Z,final,0,640.7518453638119,44.28713188934326,45.57220372009277,42.87749821799142,1.0,1.0,903.2253762056528,823.4121469778044,57.57753511491223,0.0,765.8346118628921,0.8478887241632607,903.2253762056528,823.4121469778044,57.57753511491223,0.0,765.8346118628921,0.8478887241632607,28.788980607735464,0.0
S2-001006,LLY,LLY|swing|2026-08-26T04:00:00Z,USD,2026-08-27T13:30:00Z,2026-08-27T20:00:00Z,final,0,17.46985158808734,1182.841125,1175.5119255981447,1088.2671726771764,0.856971462850287,0.8587376556462,1652.1929111785748,-128.0400258099097,41.200077786262625,0.0,-169.24010359617233,-0.10243362167402513,1415.8821760035776,-73.45607961872028,35.343561498642075,0.0,-108.79964111736236,-0.07684229871757878,17.671766803239535,36.27056860298804
