activo	sesion_senal	analysis_timestamp_utc	cierres_disponibles
AAPL	2022-02-18	2022-02-22T08:30:00+00:00	124
AAPL	2022-02-22	2022-02-23T08:30:00+00:00	125
AAPL	2022-02-23	2022-02-24T08:30:00+00:00	126
AAPL	2022-02-24	2022-02-25T08:30:00+00:00	127
AAPL	2022-02-25	2022-02-28T08:30:00+00:00	128
AAPL	2022-02-28	2022-03-01T08:30:00+00:00	129
AAPL	2022-03-01	2022-03-02T08:30:00+00:00	130
AAPL	2022-03-02	2022-03-03T08:30:00+00:00	131
AAPL	2022-03-03	2022-03-04T08:30:00+00:00	132
AAPL	2022-03-04	2022-03-07T08:30:00+00:00	133
AAPL	2022-03-07	2022-03-08T08:30:00+00:00	134
AAPL	2022-03-08	2022-03-09T08:30:00+00:00	135
AAPL	2022-03-09	2022-03-10T08:30:00+00:00	136
AAPL	2022-03-10	2022-03-11T08:30:00+00:00	137
AAPL	2022-03-11	2022-03-14T08:30:00+00:00	138
AAPL	2022-03-14	2022-03-15T08:30:00+00:00	139
AAPL	2022-03-15	2022-03-16T08:30:00+00:00	140
AAPL	2022-03-16	2022-03-17T08:30:00+00:00	141
AAPL	2022-03-17	2022-03-18T08:30:00+00:00	142
AAPL	2022-03-18	2022-03-21T08:30:00+00:00	143
AAPL	2022-03-21	2022-03-22T08:30:00+00:00	144
AAPL	2022-03-22	2022-03-23T08:30:00+00:00	145
AAPL	2022-03-23	2022-03-24T08:30:00+00:00	146
AAPL	2022-03-24	2022-03-25T08:30:00+00:00	147
AAPL	2022-03-25	2022-03-28T07:30:00+00:00	148
AAPL	2022-03-28	2022-03-29T07:30:00+00:00	149
AAPL	2022-03-29	2022-03-30T07:30:00+00:00	150
AAPL	2022-03-30	2022-03-31T07:30:00+00:00	151
AAPL	2022-03-31	2022-04-01T07:30:00+00:00	152
AAPL	2022-04-01	2022-04-04T07:30:00+00:00	153
AAPL	2022-04-04	2022-04-05T07:30:00+00:00	154
AAPL	2022-04-05	2022-04-06T07:30:00+00:00	155
AAPL	2022-04-06	2022-04-07T07:30:00+00:00	156
AAPL	2022-04-07	2022-04-08T07:30:00+00:00	157
AAPL	2022-04-08	2022-04-11T07:30:00+00:00	158
AAPL	2022-04-11	2022-04-12T07:30:00+00:00	159
AAPL	2022-04-12	2022-04-13T07:30:00+00:00	160
AAPL	2022-04-13	2022-04-14T07:30:00+00:00	161
AAPL	2022-04-14	2022-04-18T07:30:00+00:00	162
AAPL	2022-04-18	2022-04-19T07:30:00+00:00	162
AAPL	2022-04-19	2022-04-20T07:30:00+00:00	163
AAPL	2022-04-20	2022-04-21T07:30:00+00:00	164
AAPL	2022-04-21	2022-04-22T07:30:00+00:00	165
AAPL	2022-04-22	2022-04-25T07:30:00+00:00	166
AAPL	2022-04-25	2022-04-26T07:30:00+00:00	167
AAPL	2022-04-26	2022-04-27T07:30:00+00:00	168
AAPL	2022-04-27	2022-04-28T07:30:00+00:00	169
AAPL	2022-04-28	2022-04-29T07:30:00+00:00	170
AAPL	2022-04-29	2022-05-02T07:30:00+00:00	171
AAPL	2022-05-02	2022-05-03T07:30:00+00:00	172
AAPL	2022-05-03	2022-05-04T07:30:00+00:00	173
AAPL	2022-05-04	2022-05-05T07:30:00+00:00	174
AAPL	2022-05-05	2022-05-06T07:30:00+00:00	175
AAPL	2022-05-06	2022-05-09T07:30:00+00:00	176
AAPL	2022-05-09	2022-05-10T07:30:00+00:00	177
AAPL	2022-05-10	2022-05-11T07:30:00+00:00	178
AAPL	2022-05-11	2022-05-12T07:30:00+00:00	179
AAPL	2022-05-12	2022-05-13T07:30:00+00:00	180
AAPL	2022-05-13	2022-05-16T07:30:00+00:00	181
AAPL	2022-05-16	2022-05-17T07:30:00+00:00	182
AAPL	2022-05-17	2022-05-18T07:30:00+00:00	183
AAPL	2022-05-18	2022-05-19T07:30:00+00:00	184
AAPL	2022-05-19	2022-05-20T07:30:00+00:00	185
AAPL	2022-05-20	2022-05-23T07:30:00+00:00	186
AAPL	2022-05-23	2022-05-24T07:30:00+00:00	187
AAPL	2022-05-24	2022-05-25T07:30:00+00:00	188
AAPL	2022-05-25	2022-05-26T07:30:00+00:00	189
AAPL	2022-05-26	2022-05-27T07:30:00+00:00	189
AAPL	2022-05-27	2022-05-31T07:30:00+00:00	191
AAPL	2022-05-31	2022-06-01T07:30:00+00:00	192
AAPL	2022-06-01	2022-06-02T07:30:00+00:00	193
AAPL	2022-06-02	2022-06-03T07:30:00+00:00	194
AAPL	2022-06-03	2022-06-06T07:30:00+00:00	195
AAPL	2022-06-06	2022-06-07T07:30:00+00:00	195
AAPL	2022-06-07	2022-06-08T07:30:00+00:00	196
AAPL	2022-06-08	2022-06-09T07:30:00+00:00	197
AAPL	2022-06-09	2022-06-10T07:30:00+00:00	198
AAPL	2022-06-10	2022-06-13T07:30:00+00:00	199
MSFT	2022-02-18	2022-02-22T08:30:00+00:00	124
MSFT	2022-02-22	2022-02-23T08:30:00+00:00	125
MSFT	2022-02-23	2022-02-24T08:30:00+00:00	126
MSFT	2022-02-24	2022-02-25T08:30:00+00:00	127
MSFT	2022-02-25	2022-02-28T08:30:00+00:00	128
MSFT	2022-02-28	2022-03-01T08:30:00+00:00	129
MSFT	2022-03-01	2022-03-02T08:30:00+00:00	130
MSFT	2022-03-02	2022-03-03T08:30:00+00:00	131
MSFT	2022-03-03	2022-03-04T08:30:00+00:00	132
MSFT	2022-03-04	2022-03-07T08:30:00+00:00	133
MSFT	2022-03-07	2022-03-08T08:30:00+00:00	134
MSFT	2022-03-08	2022-03-09T08:30:00+00:00	135
MSFT	2022-03-09	2022-03-10T08:30:00+00:00	136
MSFT	2022-03-10	2022-03-11T08:30:00+00:00	137
MSFT	2022-03-11	2022-03-14T08:30:00+00:00	138
MSFT	2022-03-14	2022-03-15T08:30:00+00:00	139
MSFT	2022-03-15	2022-03-16T08:30:00+00:00	140
MSFT	2022-03-16	2022-03-17T08:30:00+00:00	141
MSFT	2022-03-17	2022-03-18T08:30:00+00:00	142
MSFT	2022-03-18	2022-03-21T08:30:00+00:00	143
MSFT	2022-03-21	2022-03-22T08:30:00+00:00	144
MSFT	2022-03-22	2022-03-23T08:30:00+00:00	145
MSFT	2022-03-23	2022-03-24T08:30:00+00:00	146
MSFT	2022-03-24	2022-03-25T08:30:00+00:00	147
MSFT	2022-03-25	2022-03-28T07:30:00+00:00	148
MSFT	2022-03-28	2022-03-29T07:30:00+00:00	149
MSFT	2022-03-29	2022-03-30T07:30:00+00:00	150
MSFT	2022-03-30	2022-03-31T07:30:00+00:00	151
MSFT	2022-03-31	2022-04-01T07:30:00+00:00	152
MSFT	2022-04-01	2022-04-04T07:30:00+00:00	153
MSFT	2022-04-04	2022-04-05T07:30:00+00:00	154
MSFT	2022-04-05	2022-04-06T07:30:00+00:00	155
MSFT	2022-04-06	2022-04-07T07:30:00+00:00	156
MSFT	2022-04-07	2022-04-08T07:30:00+00:00	157
MSFT	2022-04-08	2022-04-11T07:30:00+00:00	158
MSFT	2022-04-11	2022-04-12T07:30:00+00:00	159
MSFT	2022-04-12	2022-04-13T07:30:00+00:00	160
MSFT	2022-04-13	2022-04-14T07:30:00+00:00	161
MSFT	2022-04-14	2022-04-18T07:30:00+00:00	162
MSFT	2022-04-18	2022-04-19T07:30:00+00:00	162
MSFT	2022-04-19	2022-04-20T07:30:00+00:00	163
MSFT	2022-04-20	2022-04-21T07:30:00+00:00	164
MSFT	2022-04-21	2022-04-22T07:30:00+00:00	165
MSFT	2022-04-22	2022-04-25T07:30:00+00:00	166
MSFT	2022-04-25	2022-04-26T07:30:00+00:00	167
MSFT	2022-04-26	2022-04-27T07:30:00+00:00	168
MSFT	2022-04-27	2022-04-28T07:30:00+00:00	169
MSFT	2022-04-28	2022-04-29T07:30:00+00:00	170
MSFT	2022-04-29	2022-05-02T07:30:00+00:00	171
MSFT	2022-05-02	2022-05-03T07:30:00+00:00	172
MSFT	2022-05-03	2022-05-04T07:30:00+00:00	173
MSFT	2022-05-04	2022-05-05T07:30:00+00:00	174
MSFT	2022-05-05	2022-05-06T07:30:00+00:00	175
MSFT	2022-05-06	2022-05-09T07:30:00+00:00	176
MSFT	2022-05-09	2022-05-10T07:30:00+00:00	177
MSFT	2022-05-10	2022-05-11T07:30:00+00:00	178
MSFT	2022-05-11	2022-05-12T07:30:00+00:00	179
MSFT	2022-05-12	2022-05-13T07:30:00+00:00	180
MSFT	2022-05-13	2022-05-16T07:30:00+00:00	181
MSFT	2022-05-16	2022-05-17T07:30:00+00:00	182
MSFT	2022-05-17	2022-05-18T07:30:00+00:00	183
MSFT	2022-05-18	2022-05-19T07:30:00+00:00	184
MSFT	2022-05-19	2022-05-20T07:30:00+00:00	185
MSFT	2022-05-20	2022-05-23T07:30:00+00:00	186
MSFT	2022-05-23	2022-05-24T07:30:00+00:00	187
MSFT	2022-05-24	2022-05-25T07:30:00+00:00	188
MSFT	2022-05-25	2022-05-26T07:30:00+00:00	189
MSFT	2022-05-26	2022-05-27T07:30:00+00:00	189
MSFT	2022-05-27	2022-05-31T07:30:00+00:00	191
MSFT	2022-05-31	2022-06-01T07:30:00+00:00	192
MSFT	2022-06-01	2022-06-02T07:30:00+00:00	193
MSFT	2022-06-02	2022-06-03T07:30:00+00:00	194
MSFT	2022-06-03	2022-06-06T07:30:00+00:00	195
MSFT	2022-06-06	2022-06-07T07:30:00+00:00	195
MSFT	2022-06-07	2022-06-08T07:30:00+00:00	196
MSFT	2022-06-08	2022-06-09T07:30:00+00:00	197
MSFT	2022-06-09	2022-06-10T07:30:00+00:00	198
MSFT	2022-06-10	2022-06-13T07:30:00+00:00	199
GOOGL	2022-02-18	2022-02-22T08:30:00+00:00	124
GOOGL	2022-02-22	2022-02-23T08:30:00+00:00	125
GOOGL	2022-02-23	2022-02-24T08:30:00+00:00	126
GOOGL	2022-02-24	2022-02-25T08:30:00+00:00	127
GOOGL	2022-02-25	2022-02-28T08:30:00+00:00	128
GOOGL	2022-02-28	2022-03-01T08:30:00+00:00	129
GOOGL	2022-03-01	2022-03-02T08:30:00+00:00	130
GOOGL	2022-03-02	2022-03-03T08:30:00+00:00	131
GOOGL	2022-03-03	2022-03-04T08:30:00+00:00	132
GOOGL	2022-03-04	2022-03-07T08:30:00+00:00	133
GOOGL	2022-03-07	2022-03-08T08:30:00+00:00	134
GOOGL	2022-03-08	2022-03-09T08:30:00+00:00	135
GOOGL	2022-03-09	2022-03-10T08:30:00+00:00	136
GOOGL	2022-03-10	2022-03-11T08:30:00+00:00	137
GOOGL	2022-03-11	2022-03-14T08:30:00+00:00	138
GOOGL	2022-03-14	2022-03-15T08:30:00+00:00	139
GOOGL	2022-03-15	2022-03-16T08:30:00+00:00	140
GOOGL	2022-03-16	2022-03-17T08:30:00+00:00	141
GOOGL	2022-03-17	2022-03-18T08:30:00+00:00	142
GOOGL	2022-03-18	2022-03-21T08:30:00+00:00	143
GOOGL	2022-03-21	2022-03-22T08:30:00+00:00	144
GOOGL	2022-03-22	2022-03-23T08:30:00+00:00	145
GOOGL	2022-03-23	2022-03-24T08:30:00+00:00	146
GOOGL	2022-03-24	2022-03-25T08:30:00+00:00	147
GOOGL	2022-03-25	2022-03-28T07:30:00+00:00	148
GOOGL	2022-03-28	2022-03-29T07:30:00+00:00	149
GOOGL	2022-03-29	2022-03-30T07:30:00+00:00	150
GOOGL	2022-03-30	2022-03-31T07:30:00+00:00	151
GOOGL	2022-03-31	2022-04-01T07:30:00+00:00	152
GOOGL	2022-04-01	2022-04-04T07:30:00+00:00	153
GOOGL	2022-04-04	2022-04-05T07:30:00+00:00	154
GOOGL	2022-04-05	2022-04-06T07:30:00+00:00	155
GOOGL	2022-04-06	2022-04-07T07:30:00+00:00	156
GOOGL	2022-04-07	2022-04-08T07:30:00+00:00	157
GOOGL	2022-04-08	2022-04-11T07:30:00+00:00	158
GOOGL	2022-04-11	2022-04-12T07:30:00+00:00	159
GOOGL	2022-04-12	2022-04-13T07:30:00+00:00	160
GOOGL	2022-04-13	2022-04-14T07:30:00+00:00	161
GOOGL	2022-04-14	2022-04-18T07:30:00+00:00	162
GOOGL	2022-04-18	2022-04-19T07:30:00+00:00	162
GOOGL	2022-04-19	2022-04-20T07:30:00+00:00	163
GOOGL	2022-04-20	2022-04-21T07:30:00+00:00	164
GOOGL	2022-04-21	2022-04-22T07:30:00+00:00	165
GOOGL	2022-04-22	2022-04-25T07:30:00+00:00	166
GOOGL	2022-04-25	2022-04-26T07:30:00+00:00	167
GOOGL	2022-04-26	2022-04-27T07:30:00+00:00	168
GOOGL	2022-04-27	2022-04-28T07:30:00+00:00	169
GOOGL	2022-04-28	2022-04-29T07:30:00+00:00	170
GOOGL	2022-04-29	2022-05-02T07:30:00+00:00	171
GOOGL	2022-05-02	2022-05-03T07:30:00+00:00	172
GOOGL	2022-05-03	2022-05-04T07:30:00+00:00	173
GOOGL	2022-05-04	2022-05-05T07:30:00+00:00	174
GOOGL	2022-05-05	2022-05-06T07:30:00+00:00	175
GOOGL	2022-05-06	2022-05-09T07:30:00+00:00	176
GOOGL	2022-05-09	2022-05-10T07:30:00+00:00	177
GOOGL	2022-05-10	2022-05-11T07:30:00+00:00	178
GOOGL	2022-05-11	2022-05-12T07:30:00+00:00	179
GOOGL	2022-05-12	2022-05-13T07:30:00+00:00	180
GOOGL	2022-05-13	2022-05-16T07:30:00+00:00	181
GOOGL	2022-05-16	2022-05-17T07:30:00+00:00	182
GOOGL	2022-05-17	2022-05-18T07:30:00+00:00	183
GOOGL	2022-05-18	2022-05-19T07:30:00+00:00	184
GOOGL	2022-05-19	2022-05-20T07:30:00+00:00	185
GOOGL	2022-05-20	2022-05-23T07:30:00+00:00	186
GOOGL	2022-05-23	2022-05-24T07:30:00+00:00	187
GOOGL	2022-05-24	2022-05-25T07:30:00+00:00	188
GOOGL	2022-05-25	2022-05-26T07:30:00+00:00	189
GOOGL	2022-05-26	2022-05-27T07:30:00+00:00	189
GOOGL	2022-05-27	2022-05-31T07:30:00+00:00	191
GOOGL	2022-05-31	2022-06-01T07:30:00+00:00	192
GOOGL	2022-06-01	2022-06-02T07:30:00+00:00	193
GOOGL	2022-06-02	2022-06-03T07:30:00+00:00	194
GOOGL	2022-06-03	2022-06-06T07:30:00+00:00	195
GOOGL	2022-06-06	2022-06-07T07:30:00+00:00	195
GOOGL	2022-06-07	2022-06-08T07:30:00+00:00	196
GOOGL	2022-06-08	2022-06-09T07:30:00+00:00	197
GOOGL	2022-06-09	2022-06-10T07:30:00+00:00	198
GOOGL	2022-06-10	2022-06-13T07:30:00+00:00	199
AMZN	2022-02-18	2022-02-22T08:30:00+00:00	124
AMZN	2022-02-22	2022-02-23T08:30:00+00:00	125
AMZN	2022-02-23	2022-02-24T08:30:00+00:00	126
AMZN	2022-02-24	2022-02-25T08:30:00+00:00	127
AMZN	2022-02-25	2022-02-28T08:30:00+00:00	128
AMZN	2022-02-28	2022-03-01T08:30:00+00:00	129
AMZN	2022-03-01	2022-03-02T08:30:00+00:00	130
AMZN	2022-03-02	2022-03-03T08:30:00+00:00	131
AMZN	2022-03-03	2022-03-04T08:30:00+00:00	132
AMZN	2022-03-04	2022-03-07T08:30:00+00:00	133
AMZN	2022-03-07	2022-03-08T08:30:00+00:00	134
AMZN	2022-03-08	2022-03-09T08:30:00+00:00	135
AMZN	2022-03-09	2022-03-10T08:30:00+00:00	136
AMZN	2022-03-10	2022-03-11T08:30:00+00:00	137
AMZN	2022-03-11	2022-03-14T08:30:00+00:00	138
AMZN	2022-03-14	2022-03-15T08:30:00+00:00	139
AMZN	2022-03-15	2022-03-16T08:30:00+00:00	140
AMZN	2022-03-16	2022-03-17T08:30:00+00:00	141
AMZN	2022-03-17	2022-03-18T08:30:00+00:00	142
AMZN	2022-03-18	2022-03-21T08:30:00+00:00	143
AMZN	2022-03-21	2022-03-22T08:30:00+00:00	144
AMZN	2022-03-22	2022-03-23T08:30:00+00:00	145
AMZN	2022-03-23	2022-03-24T08:30:00+00:00	146
AMZN	2022-03-24	2022-03-25T08:30:00+00:00	147
AMZN	2022-03-25	2022-03-28T07:30:00+00:00	148
AMZN	2022-03-28	2022-03-29T07:30:00+00:00	149
AMZN	2022-03-29	2022-03-30T07:30:00+00:00	150
AMZN	2022-03-30	2022-03-31T07:30:00+00:00	151
AMZN	2022-03-31	2022-04-01T07:30:00+00:00	152
AMZN	2022-04-01	2022-04-04T07:30:00+00:00	153
AMZN	2022-04-04	2022-04-05T07:30:00+00:00	154
AMZN	2022-04-05	2022-04-06T07:30:00+00:00	155
AMZN	2022-04-06	2022-04-07T07:30:00+00:00	156
AMZN	2022-04-07	2022-04-08T07:30:00+00:00	157
AMZN	2022-04-08	2022-04-11T07:30:00+00:00	158
AMZN	2022-04-11	2022-04-12T07:30:00+00:00	159
AMZN	2022-04-12	2022-04-13T07:30:00+00:00	160
AMZN	2022-04-13	2022-04-14T07:30:00+00:00	161
AMZN	2022-04-14	2022-04-18T07:30:00+00:00	162
AMZN	2022-04-18	2022-04-19T07:30:00+00:00	162
AMZN	2022-04-19	2022-04-20T07:30:00+00:00	163
AMZN	2022-04-20	2022-04-21T07:30:00+00:00	164
AMZN	2022-04-21	2022-04-22T07:30:00+00:00	165
AMZN	2022-04-22	2022-04-25T07:30:00+00:00	166
AMZN	2022-04-25	2022-04-26T07:30:00+00:00	167
AMZN	2022-04-26	2022-04-27T07:30:00+00:00	168
AMZN	2022-04-27	2022-04-28T07:30:00+00:00	169
AMZN	2022-04-28	2022-04-29T07:30:00+00:00	170
AMZN	2022-04-29	2022-05-02T07:30:00+00:00	171
AMZN	2022-05-02	2022-05-03T07:30:00+00:00	172
AMZN	2022-05-03	2022-05-04T07:30:00+00:00	173
AMZN	2022-05-04	2022-05-05T07:30:00+00:00	174
AMZN	2022-05-05	2022-05-06T07:30:00+00:00	175
AMZN	2022-05-06	2022-05-09T07:30:00+00:00	176
AMZN	2022-05-09	2022-05-10T07:30:00+00:00	177
AMZN	2022-05-10	2022-05-11T07:30:00+00:00	178
AMZN	2022-05-11	2022-05-12T07:30:00+00:00	179
AMZN	2022-05-12	2022-05-13T07:30:00+00:00	180
AMZN	2022-05-13	2022-05-16T07:30:00+00:00	181
AMZN	2022-05-16	2022-05-17T07:30:00+00:00	182
AMZN	2022-05-17	2022-05-18T07:30:00+00:00	183
AMZN	2022-05-18	2022-05-19T07:30:00+00:00	184
AMZN	2022-05-19	2022-05-20T07:30:00+00:00	185
AMZN	2022-05-20	2022-05-23T07:30:00+00:00	186
AMZN	2022-05-23	2022-05-24T07:30:00+00:00	187
AMZN	2022-05-24	2022-05-25T07:30:00+00:00	188
AMZN	2022-05-25	2022-05-26T07:30:00+00:00	189
AMZN	2022-05-26	2022-05-27T07:30:00+00:00	189
AMZN	2022-05-27	2022-05-31T07:30:00+00:00	191
AMZN	2022-05-31	2022-06-01T07:30:00+00:00	192
AMZN	2022-06-01	2022-06-02T07:30:00+00:00	193
AMZN	2022-06-02	2022-06-03T07:30:00+00:00	194
AMZN	2022-06-03	2022-06-06T07:30:00+00:00	195
AMZN	2022-06-06	2022-06-07T07:30:00+00:00	195
AMZN	2022-06-07	2022-06-08T07:30:00+00:00	196
AMZN	2022-06-08	2022-06-09T07:30:00+00:00	197
AMZN	2022-06-09	2022-06-10T07:30:00+00:00	198
AMZN	2022-06-10	2022-06-13T07:30:00+00:00	199
META	2022-02-18	2022-02-22T08:30:00+00:00	124
META	2022-02-22	2022-02-23T08:30:00+00:00	125
META	2022-02-23	2022-02-24T08:30:00+00:00	126
META	2022-02-24	2022-02-25T08:30:00+00:00	127
META	2022-02-25	2022-02-28T08:30:00+00:00	128
META	2022-02-28	2022-03-01T08:30:00+00:00	129
META	2022-03-01	2022-03-02T08:30:00+00:00	130
META	2022-03-02	2022-03-03T08:30:00+00:00	131
META	2022-03-03	2022-03-04T08:30:00+00:00	132
META	2022-03-04	2022-03-07T08:30:00+00:00	133
META	2022-03-07	2022-03-08T08:30:00+00:00	134
META	2022-03-08	2022-03-09T08:30:00+00:00	135
META	2022-03-09	2022-03-10T08:30:00+00:00	136
META	2022-03-10	2022-03-11T08:30:00+00:00	137
META	2022-03-11	2022-03-14T08:30:00+00:00	138
META	2022-03-14	2022-03-15T08:30:00+00:00	139
META	2022-03-15	2022-03-16T08:30:00+00:00	140
META	2022-03-16	2022-03-17T08:30:00+00:00	141
META	2022-03-17	2022-03-18T08:30:00+00:00	142
META	2022-03-18	2022-03-21T08:30:00+00:00	143
META	2022-03-21	2022-03-22T08:30:00+00:00	144
META	2022-03-22	2022-03-23T08:30:00+00:00	145
META	2022-03-23	2022-03-24T08:30:00+00:00	146
META	2022-03-24	2022-03-25T08:30:00+00:00	147
META	2022-03-25	2022-03-28T07:30:00+00:00	148
META	2022-03-28	2022-03-29T07:30:00+00:00	149
META	2022-03-29	2022-03-30T07:30:00+00:00	150
META	2022-03-30	2022-03-31T07:30:00+00:00	151
META	2022-03-31	2022-04-01T07:30:00+00:00	152
META	2022-04-01	2022-04-04T07:30:00+00:00	153
META	2022-04-04	2022-04-05T07:30:00+00:00	154
META	2022-04-05	2022-04-06T07:30:00+00:00	155
META	2022-04-06	2022-04-07T07:30:00+00:00	156
META	2022-04-07	2022-04-08T07:30:00+00:00	157
META	2022-04-08	2022-04-11T07:30:00+00:00	158
META	2022-04-11	2022-04-12T07:30:00+00:00	159
META	2022-04-12	2022-04-13T07:30:00+00:00	160
META	2022-04-13	2022-04-14T07:30:00+00:00	161
META	2022-04-14	2022-04-18T07:30:00+00:00	162
META	2022-04-18	2022-04-19T07:30:00+00:00	162
META	2022-04-19	2022-04-20T07:30:00+00:00	163
META	2022-04-20	2022-04-21T07:30:00+00:00	164
META	2022-04-21	2022-04-22T07:30:00+00:00	165
META	2022-04-22	2022-04-25T07:30:00+00:00	166
META	2022-04-25	2022-04-26T07:30:00+00:00	167
META	2022-04-26	2022-04-27T07:30:00+00:00	168
META	2022-04-27	2022-04-28T07:30:00+00:00	169
META	2022-04-28	2022-04-29T07:30:00+00:00	170
META	2022-04-29	2022-05-02T07:30:00+00:00	171
META	2022-05-02	2022-05-03T07:30:00+00:00	172
META	2022-05-03	2022-05-04T07:30:00+00:00	173
META	2022-05-04	2022-05-05T07:30:00+00:00	174
META	2022-05-05	2022-05-06T07:30:00+00:00	175
META	2022-05-06	2022-05-09T07:30:00+00:00	176
META	2022-05-09	2022-05-10T07:30:00+00:00	177
META	2022-05-10	2022-05-11T07:30:00+00:00	178
META	2022-05-11	2022-05-12T07:30:00+00:00	179
META	2022-05-12	2022-05-13T07:30:00+00:00	180
META	2022-05-13	2022-05-16T07:30:00+00:00	181
META	2022-05-16	2022-05-17T07:30:00+00:00	182
META	2022-05-17	2022-05-18T07:30:00+00:00	183
META	2022-05-18	2022-05-19T07:30:00+00:00	184
META	2022-05-19	2022-05-20T07:30:00+00:00	185
META	2022-05-20	2022-05-23T07:30:00+00:00	186
META	2022-05-23	2022-05-24T07:30:00+00:00	187
META	2022-05-24	2022-05-25T07:30:00+00:00	188
META	2022-05-25	2022-05-26T07:30:00+00:00	189
META	2022-05-26	2022-05-27T07:30:00+00:00	189
META	2022-05-27	2022-05-31T07:30:00+00:00	191
META	2022-05-31	2022-06-01T07:30:00+00:00	192
META	2022-06-01	2022-06-02T07:30:00+00:00	193
META	2022-06-02	2022-06-03T07:30:00+00:00	194
META	2022-06-03	2022-06-06T07:30:00+00:00	195
META	2022-06-06	2022-06-07T07:30:00+00:00	195
META	2022-06-07	2022-06-08T07:30:00+00:00	196
META	2022-06-08	2022-06-09T07:30:00+00:00	197
META	2022-06-09	2022-06-10T07:30:00+00:00	198
META	2022-06-10	2022-06-13T07:30:00+00:00	199
TSLA	2022-02-18	2022-02-22T08:30:00+00:00	124
TSLA	2022-02-22	2022-02-23T08:30:00+00:00	125
TSLA	2022-02-23	2022-02-24T08:30:00+00:00	126
TSLA	2022-02-24	2022-02-25T08:30:00+00:00	127
TSLA	2022-02-25	2022-02-28T08:30:00+00:00	128
TSLA	2022-02-28	2022-03-01T08:30:00+00:00	129
TSLA	2022-03-01	2022-03-02T08:30:00+00:00	130
TSLA	2022-03-02	2022-03-03T08:30:00+00:00	131
TSLA	2022-03-03	2022-03-04T08:30:00+00:00	132
TSLA	2022-03-04	2022-03-07T08:30:00+00:00	133
TSLA	2022-03-07	2022-03-08T08:30:00+00:00	134
TSLA	2022-03-08	2022-03-09T08:30:00+00:00	135
TSLA	2022-03-09	2022-03-10T08:30:00+00:00	136
TSLA	2022-03-10	2022-03-11T08:30:00+00:00	137
TSLA	2022-03-11	2022-03-14T08:30:00+00:00	138
TSLA	2022-03-14	2022-03-15T08:30:00+00:00	139
TSLA	2022-03-15	2022-03-16T08:30:00+00:00	140
TSLA	2022-03-16	2022-03-17T08:30:00+00:00	141
TSLA	2022-03-17	2022-03-18T08:30:00+00:00	142
TSLA	2022-03-18	2022-03-21T08:30:00+00:00	143
TSLA	2022-03-21	2022-03-22T08:30:00+00:00	144
TSLA	2022-03-22	2022-03-23T08:30:00+00:00	145
TSLA	2022-03-23	2022-03-24T08:30:00+00:00	146
TSLA	2022-03-24	2022-03-25T08:30:00+00:00	147
TSLA	2022-03-25	2022-03-28T07:30:00+00:00	148
TSLA	2022-03-28	2022-03-29T07:30:00+00:00	149
TSLA	2022-03-29	2022-03-30T07:30:00+00:00	150
TSLA	2022-03-30	2022-03-31T07:30:00+00:00	151
TSLA	2022-03-31	2022-04-01T07:30:00+00:00	152
TSLA	2022-04-01	2022-04-04T07:30:00+00:00	153
TSLA	2022-04-04	2022-04-05T07:30:00+00:00	154
TSLA	2022-04-05	2022-04-06T07:30:00+00:00	155
TSLA	2022-04-06	2022-04-07T07:30:00+00:00	156
TSLA	2022-04-07	2022-04-08T07:30:00+00:00	157
TSLA	2022-04-08	2022-04-11T07:30:00+00:00	158
TSLA	2022-04-11	2022-04-12T07:30:00+00:00	159
TSLA	2022-04-12	2022-04-13T07:30:00+00:00	160
TSLA	2022-04-13	2022-04-14T07:30:00+00:00	161
TSLA	2022-04-14	2022-04-18T07:30:00+00:00	162
TSLA	2022-04-18	2022-04-19T07:30:00+00:00	162
TSLA	2022-04-19	2022-04-20T07:30:00+00:00	163
TSLA	2022-04-20	2022-04-21T07:30:00+00:00	164
TSLA	2022-04-21	2022-04-22T07:30:00+00:00	165
TSLA	2022-04-22	2022-04-25T07:30:00+00:00	166
TSLA	2022-04-25	2022-04-26T07:30:00+00:00	167
TSLA	2022-04-26	2022-04-27T07:30:00+00:00	168
TSLA	2022-04-27	2022-04-28T07:30:00+00:00	169
TSLA	2022-04-28	2022-04-29T07:30:00+00:00	170
TSLA	2022-04-29	2022-05-02T07:30:00+00:00	171
TSLA	2022-05-02	2022-05-03T07:30:00+00:00	172
TSLA	2022-05-03	2022-05-04T07:30:00+00:00	173
TSLA	2022-05-04	2022-05-05T07:30:00+00:00	174
TSLA	2022-05-05	2022-05-06T07:30:00+00:00	175
TSLA	2022-05-06	2022-05-09T07:30:00+00:00	176
TSLA	2022-05-09	2022-05-10T07:30:00+00:00	177
TSLA	2022-05-10	2022-05-11T07:30:00+00:00	178
TSLA	2022-05-11	2022-05-12T07:30:00+00:00	179
TSLA	2022-05-12	2022-05-13T07:30:00+00:00	180
TSLA	2022-05-13	2022-05-16T07:30:00+00:00	181
TSLA	2022-05-16	2022-05-17T07:30:00+00:00	182
TSLA	2022-05-17	2022-05-18T07:30:00+00:00	183
TSLA	2022-05-18	2022-05-19T07:30:00+00:00	184
TSLA	2022-05-19	2022-05-20T07:30:00+00:00	185
TSLA	2022-05-20	2022-05-23T07:30:00+00:00	186
TSLA	2022-05-23	2022-05-24T07:30:00+00:00	187
TSLA	2022-05-24	2022-05-25T07:30:00+00:00	188
TSLA	2022-05-25	2022-05-26T07:30:00+00:00	189
TSLA	2022-05-26	2022-05-27T07:30:00+00:00	189
TSLA	2022-05-27	2022-05-31T07:30:00+00:00	191
TSLA	2022-05-31	2022-06-01T07:30:00+00:00	192
TSLA	2022-06-01	2022-06-02T07:30:00+00:00	193
TSLA	2022-06-02	2022-06-03T07:30:00+00:00	194
TSLA	2022-06-03	2022-06-06T07:30:00+00:00	195
TSLA	2022-06-06	2022-06-07T07:30:00+00:00	195
TSLA	2022-06-07	2022-06-08T07:30:00+00:00	196
TSLA	2022-06-08	2022-06-09T07:30:00+00:00	197
TSLA	2022-06-09	2022-06-10T07:30:00+00:00	198
TSLA	2022-06-10	2022-06-13T07:30:00+00:00	199
ORCL	2022-02-18	2022-02-22T08:30:00+00:00	124
ORCL	2022-02-22	2022-02-23T08:30:00+00:00	125
ORCL	2022-02-23	2022-02-24T08:30:00+00:00	126
ORCL	2022-02-24	2022-02-25T08:30:00+00:00	127
ORCL	2022-02-25	2022-02-28T08:30:00+00:00	128
ORCL	2022-02-28	2022-03-01T08:30:00+00:00	129
ORCL	2022-03-01	2022-03-02T08:30:00+00:00	130
ORCL	2022-03-02	2022-03-03T08:30:00+00:00	131
ORCL	2022-03-03	2022-03-04T08:30:00+00:00	132
ORCL	2022-03-04	2022-03-07T08:30:00+00:00	133
ORCL	2022-03-07	2022-03-08T08:30:00+00:00	134
ORCL	2022-03-08	2022-03-09T08:30:00+00:00	135
ORCL	2022-03-09	2022-03-10T08:30:00+00:00	136
ORCL	2022-03-10	2022-03-11T08:30:00+00:00	137
ORCL	2022-03-11	2022-03-14T08:30:00+00:00	138
ORCL	2022-03-14	2022-03-15T08:30:00+00:00	139
ORCL	2022-03-15	2022-03-16T08:30:00+00:00	140
ORCL	2022-03-16	2022-03-17T08:30:00+00:00	141
ORCL	2022-03-17	2022-03-18T08:30:00+00:00	142
ORCL	2022-03-18	2022-03-21T08:30:00+00:00	143
ORCL	2022-03-21	2022-03-22T08:30:00+00:00	144
ORCL	2022-03-22	2022-03-23T08:30:00+00:00	145
ORCL	2022-03-23	2022-03-24T08:30:00+00:00	146
ORCL	2022-03-24	2022-03-25T08:30:00+00:00	147
ORCL	2022-03-25	2022-03-28T07:30:00+00:00	148
ORCL	2022-03-28	2022-03-29T07:30:00+00:00	149
ORCL	2022-03-29	2022-03-30T07:30:00+00:00	150
ORCL	2022-03-30	2022-03-31T07:30:00+00:00	151
ORCL	2022-03-31	2022-04-01T07:30:00+00:00	152
ORCL	2022-04-01	2022-04-04T07:30:00+00:00	153
ORCL	2022-04-04	2022-04-05T07:30:00+00:00	154
ORCL	2022-04-05	2022-04-06T07:30:00+00:00	155
ORCL	2022-04-06	2022-04-07T07:30:00+00:00	156
ORCL	2022-04-07	2022-04-08T07:30:00+00:00	157
ORCL	2022-04-08	2022-04-11T07:30:00+00:00	158
ORCL	2022-04-11	2022-04-12T07:30:00+00:00	159
ORCL	2022-04-12	2022-04-13T07:30:00+00:00	160
ORCL	2022-04-13	2022-04-14T07:30:00+00:00	161
ORCL	2022-04-14	2022-04-18T07:30:00+00:00	162
ORCL	2022-04-18	2022-04-19T07:30:00+00:00	162
ORCL	2022-04-19	2022-04-20T07:30:00+00:00	163
ORCL	2022-04-20	2022-04-21T07:30:00+00:00	164
ORCL	2022-04-21	2022-04-22T07:30:00+00:00	165
ORCL	2022-04-22	2022-04-25T07:30:00+00:00	166
ORCL	2022-04-25	2022-04-26T07:30:00+00:00	167
ORCL	2022-04-26	2022-04-27T07:30:00+00:00	168
ORCL	2022-04-27	2022-04-28T07:30:00+00:00	169
ORCL	2022-04-28	2022-04-29T07:30:00+00:00	170
ORCL	2022-04-29	2022-05-02T07:30:00+00:00	171
ORCL	2022-05-02	2022-05-03T07:30:00+00:00	172
ORCL	2022-05-03	2022-05-04T07:30:00+00:00	173
ORCL	2022-05-04	2022-05-05T07:30:00+00:00	174
ORCL	2022-05-05	2022-05-06T07:30:00+00:00	175
ORCL	2022-05-06	2022-05-09T07:30:00+00:00	176
ORCL	2022-05-09	2022-05-10T07:30:00+00:00	177
ORCL	2022-05-10	2022-05-11T07:30:00+00:00	178
ORCL	2022-05-11	2022-05-12T07:30:00+00:00	179
ORCL	2022-05-12	2022-05-13T07:30:00+00:00	180
ORCL	2022-05-13	2022-05-16T07:30:00+00:00	181
ORCL	2022-05-16	2022-05-17T07:30:00+00:00	182
ORCL	2022-05-17	2022-05-18T07:30:00+00:00	183
ORCL	2022-05-18	2022-05-19T07:30:00+00:00	184
ORCL	2022-05-19	2022-05-20T07:30:00+00:00	185
ORCL	2022-05-20	2022-05-23T07:30:00+00:00	186
ORCL	2022-05-23	2022-05-24T07:30:00+00:00	187
ORCL	2022-05-24	2022-05-25T07:30:00+00:00	188
ORCL	2022-05-25	2022-05-26T07:30:00+00:00	189
ORCL	2022-05-26	2022-05-27T07:30:00+00:00	189
ORCL	2022-05-27	2022-05-31T07:30:00+00:00	191
ORCL	2022-05-31	2022-06-01T07:30:00+00:00	192
ORCL	2022-06-01	2022-06-02T07:30:00+00:00	193
ORCL	2022-06-02	2022-06-03T07:30:00+00:00	194
ORCL	2022-06-03	2022-06-06T07:30:00+00:00	195
ORCL	2022-06-06	2022-06-07T07:30:00+00:00	195
ORCL	2022-06-07	2022-06-08T07:30:00+00:00	196
ORCL	2022-06-08	2022-06-09T07:30:00+00:00	197
ORCL	2022-06-09	2022-06-10T07:30:00+00:00	198
ORCL	2022-06-10	2022-06-13T07:30:00+00:00	199
CRM	2022-02-18	2022-02-22T08:30:00+00:00	124
CRM	2022-02-22	2022-02-23T08:30:00+00:00	125
CRM	2022-02-23	2022-02-24T08:30:00+00:00	126
CRM	2022-02-24	2022-02-25T08:30:00+00:00	127
CRM	2022-02-25	2022-02-28T08:30:00+00:00	128
CRM	2022-02-28	2022-03-01T08:30:00+00:00	129
CRM	2022-03-01	2022-03-02T08:30:00+00:00	130
CRM	2022-03-02	2022-03-03T08:30:00+00:00	131
CRM	2022-03-03	2022-03-04T08:30:00+00:00	132
CRM	2022-03-04	2022-03-07T08:30:00+00:00	133
CRM	2022-03-07	2022-03-08T08:30:00+00:00	134
CRM	2022-03-08	2022-03-09T08:30:00+00:00	135
CRM	2022-03-09	2022-03-10T08:30:00+00:00	136
CRM	2022-03-10	2022-03-11T08:30:00+00:00	137
CRM	2022-03-11	2022-03-14T08:30:00+00:00	138
CRM	2022-03-14	2022-03-15T08:30:00+00:00	139
CRM	2022-03-15	2022-03-16T08:30:00+00:00	140
CRM	2022-03-16	2022-03-17T08:30:00+00:00	141
CRM	2022-03-17	2022-03-18T08:30:00+00:00	142
CRM	2022-03-18	2022-03-21T08:30:00+00:00	143
CRM	2022-03-21	2022-03-22T08:30:00+00:00	144
CRM	2022-03-22	2022-03-23T08:30:00+00:00	145
CRM	2022-03-23	2022-03-24T08:30:00+00:00	146
CRM	2022-03-24	2022-03-25T08:30:00+00:00	147
CRM	2022-03-25	2022-03-28T07:30:00+00:00	148
CRM	2022-03-28	2022-03-29T07:30:00+00:00	149
CRM	2022-03-29	2022-03-30T07:30:00+00:00	150
CRM	2022-03-30	2022-03-31T07:30:00+00:00	151
CRM	2022-03-31	2022-04-01T07:30:00+00:00	152
CRM	2022-04-01	2022-04-04T07:30:00+00:00	153
CRM	2022-04-04	2022-04-05T07:30:00+00:00	154
CRM	2022-04-05	2022-04-06T07:30:00+00:00	155
CRM	2022-04-06	2022-04-07T07:30:00+00:00	156
CRM	2022-04-07	2022-04-08T07:30:00+00:00	157
CRM	2022-04-08	2022-04-11T07:30:00+00:00	158
CRM	2022-04-11	2022-04-12T07:30:00+00:00	159
CRM	2022-04-12	2022-04-13T07:30:00+00:00	160
CRM	2022-04-13	2022-04-14T07:30:00+00:00	161
CRM	2022-04-14	2022-04-18T07:30:00+00:00	162
CRM	2022-04-18	2022-04-19T07:30:00+00:00	162
CRM	2022-04-19	2022-04-20T07:30:00+00:00	163
CRM	2022-04-20	2022-04-21T07:30:00+00:00	164
CRM	2022-04-21	2022-04-22T07:30:00+00:00	165
CRM	2022-04-22	2022-04-25T07:30:00+00:00	166
CRM	2022-04-25	2022-04-26T07:30:00+00:00	167
CRM	2022-04-26	2022-04-27T07:30:00+00:00	168
CRM	2022-04-27	2022-04-28T07:30:00+00:00	169
CRM	2022-04-28	2022-04-29T07:30:00+00:00	170
CRM	2022-04-29	2022-05-02T07:30:00+00:00	171
CRM	2022-05-02	2022-05-03T07:30:00+00:00	172
CRM	2022-05-03	2022-05-04T07:30:00+00:00	173
CRM	2022-05-04	2022-05-05T07:30:00+00:00	174
CRM	2022-05-05	2022-05-06T07:30:00+00:00	175
CRM	2022-05-06	2022-05-09T07:30:00+00:00	176
CRM	2022-05-09	2022-05-10T07:30:00+00:00	177
CRM	2022-05-10	2022-05-11T07:30:00+00:00	178
CRM	2022-05-11	2022-05-12T07:30:00+00:00	179
CRM	2022-05-12	2022-05-13T07:30:00+00:00	180
CRM	2022-05-13	2022-05-16T07:30:00+00:00	181
CRM	2022-05-16	2022-05-17T07:30:00+00:00	182
CRM	2022-05-17	2022-05-18T07:30:00+00:00	183
CRM	2022-05-18	2022-05-19T07:30:00+00:00	184
CRM	2022-05-19	2022-05-20T07:30:00+00:00	185
CRM	2022-05-20	2022-05-23T07:30:00+00:00	186
CRM	2022-05-23	2022-05-24T07:30:00+00:00	187
CRM	2022-05-24	2022-05-25T07:30:00+00:00	188
CRM	2022-05-25	2022-05-26T07:30:00+00:00	189
CRM	2022-05-26	2022-05-27T07:30:00+00:00	189
CRM	2022-05-27	2022-05-31T07:30:00+00:00	191
CRM	2022-05-31	2022-06-01T07:30:00+00:00	192
CRM	2022-06-01	2022-06-02T07:30:00+00:00	193
CRM	2022-06-02	2022-06-03T07:30:00+00:00	194
CRM	2022-06-03	2022-06-06T07:30:00+00:00	195
CRM	2022-06-06	2022-06-07T07:30:00+00:00	195
CRM	2022-06-07	2022-06-08T07:30:00+00:00	196
CRM	2022-06-08	2022-06-09T07:30:00+00:00	197
CRM	2022-06-09	2022-06-10T07:30:00+00:00	198
CRM	2022-06-10	2022-06-13T07:30:00+00:00	199
NOW	2022-02-18	2022-02-22T08:30:00+00:00	124
NOW	2022-02-22	2022-02-23T08:30:00+00:00	125
NOW	2022-02-23	2022-02-24T08:30:00+00:00	126
NOW	2022-02-24	2022-02-25T08:30:00+00:00	127
NOW	2022-02-25	2022-02-28T08:30:00+00:00	128
NOW	2022-02-28	2022-03-01T08:30:00+00:00	129
NOW	2022-03-01	2022-03-02T08:30:00+00:00	130
NOW	2022-03-02	2022-03-03T08:30:00+00:00	131
NOW	2022-03-03	2022-03-04T08:30:00+00:00	132
NOW	2022-03-04	2022-03-07T08:30:00+00:00	133
NOW	2022-03-07	2022-03-08T08:30:00+00:00	134
NOW	2022-03-08	2022-03-09T08:30:00+00:00	135
NOW	2022-03-09	2022-03-10T08:30:00+00:00	136
NOW	2022-03-10	2022-03-11T08:30:00+00:00	137
NOW	2022-03-11	2022-03-14T08:30:00+00:00	138
NOW	2022-03-14	2022-03-15T08:30:00+00:00	139
NOW	2022-03-15	2022-03-16T08:30:00+00:00	140
NOW	2022-03-16	2022-03-17T08:30:00+00:00	141
NOW	2022-03-17	2022-03-18T08:30:00+00:00	142
NOW	2022-03-18	2022-03-21T08:30:00+00:00	143
NOW	2022-03-21	2022-03-22T08:30:00+00:00	144
NOW	2022-03-22	2022-03-23T08:30:00+00:00	145
NOW	2022-03-23	2022-03-24T08:30:00+00:00	146
NOW	2022-03-24	2022-03-25T08:30:00+00:00	147
NOW	2022-03-25	2022-03-28T07:30:00+00:00	148
NOW	2022-03-28	2022-03-29T07:30:00+00:00	149
NOW	2022-03-29	2022-03-30T07:30:00+00:00	150
NOW	2022-03-30	2022-03-31T07:30:00+00:00	151
NOW	2022-03-31	2022-04-01T07:30:00+00:00	152
NOW	2022-04-01	2022-04-04T07:30:00+00:00	153
NOW	2022-04-04	2022-04-05T07:30:00+00:00	154
NOW	2022-04-05	2022-04-06T07:30:00+00:00	155
NOW	2022-04-06	2022-04-07T07:30:00+00:00	156
NOW	2022-04-07	2022-04-08T07:30:00+00:00	157
NOW	2022-04-08	2022-04-11T07:30:00+00:00	158
NOW	2022-04-11	2022-04-12T07:30:00+00:00	159
NOW	2022-04-12	2022-04-13T07:30:00+00:00	160
NOW	2022-04-13	2022-04-14T07:30:00+00:00	161
NOW	2022-04-14	2022-04-18T07:30:00+00:00	162
NOW	2022-04-18	2022-04-19T07:30:00+00:00	162
NOW	2022-04-19	2022-04-20T07:30:00+00:00	163
NOW	2022-04-20	2022-04-21T07:30:00+00:00	164
NOW	2022-04-21	2022-04-22T07:30:00+00:00	165
NOW	2022-04-22	2022-04-25T07:30:00+00:00	166
NOW	2022-04-25	2022-04-26T07:30:00+00:00	167
NOW	2022-04-26	2022-04-27T07:30:00+00:00	168
NOW	2022-04-27	2022-04-28T07:30:00+00:00	169
NOW	2022-04-28	2022-04-29T07:30:00+00:00	170
NOW	2022-04-29	2022-05-02T07:30:00+00:00	171
NOW	2022-05-02	2022-05-03T07:30:00+00:00	172
NOW	2022-05-03	2022-05-04T07:30:00+00:00	173
NOW	2022-05-04	2022-05-05T07:30:00+00:00	174
NOW	2022-05-05	2022-05-06T07:30:00+00:00	175
NOW	2022-05-06	2022-05-09T07:30:00+00:00	176
NOW	2022-05-09	2022-05-10T07:30:00+00:00	177
NOW	2022-05-10	2022-05-11T07:30:00+00:00	178
NOW	2022-05-11	2022-05-12T07:30:00+00:00	179
NOW	2022-05-12	2022-05-13T07:30:00+00:00	180
NOW	2022-05-13	2022-05-16T07:30:00+00:00	181
NOW	2022-05-16	2022-05-17T07:30:00+00:00	182
NOW	2022-05-17	2022-05-18T07:30:00+00:00	183
NOW	2022-05-18	2022-05-19T07:30:00+00:00	184
NOW	2022-05-19	2022-05-20T07:30:00+00:00	185
NOW	2022-05-20	2022-05-23T07:30:00+00:00	186
NOW	2022-05-23	2022-05-24T07:30:00+00:00	187
NOW	2022-05-24	2022-05-25T07:30:00+00:00	188
NOW	2022-05-25	2022-05-26T07:30:00+00:00	189
NOW	2022-05-26	2022-05-27T07:30:00+00:00	189
NOW	2022-05-27	2022-05-31T07:30:00+00:00	191
NOW	2022-05-31	2022-06-01T07:30:00+00:00	192
NOW	2022-06-01	2022-06-02T07:30:00+00:00	193
NOW	2022-06-02	2022-06-03T07:30:00+00:00	194
NOW	2022-06-03	2022-06-06T07:30:00+00:00	195
NOW	2022-06-06	2022-06-07T07:30:00+00:00	195
NOW	2022-06-07	2022-06-08T07:30:00+00:00	196
NOW	2022-06-08	2022-06-09T07:30:00+00:00	197
NOW	2022-06-09	2022-06-10T07:30:00+00:00	198
NOW	2022-06-10	2022-06-13T07:30:00+00:00	199
ADBE	2022-02-18	2022-02-22T08:30:00+00:00	124
ADBE	2022-02-22	2022-02-23T08:30:00+00:00	125
ADBE	2022-02-23	2022-02-24T08:30:00+00:00	126
ADBE	2022-02-24	2022-02-25T08:30:00+00:00	127
ADBE	2022-02-25	2022-02-28T08:30:00+00:00	128
ADBE	2022-02-28	2022-03-01T08:30:00+00:00	129
ADBE	2022-03-01	2022-03-02T08:30:00+00:00	130
ADBE	2022-03-02	2022-03-03T08:30:00+00:00	131
ADBE	2022-03-03	2022-03-04T08:30:00+00:00	132
ADBE	2022-03-04	2022-03-07T08:30:00+00:00	133
ADBE	2022-03-07	2022-03-08T08:30:00+00:00	134
ADBE	2022-03-08	2022-03-09T08:30:00+00:00	135
ADBE	2022-03-09	2022-03-10T08:30:00+00:00	136
ADBE	2022-03-10	2022-03-11T08:30:00+00:00	137
ADBE	2022-03-11	2022-03-14T08:30:00+00:00	138
ADBE	2022-03-14	2022-03-15T08:30:00+00:00	139
ADBE	2022-03-15	2022-03-16T08:30:00+00:00	140
ADBE	2022-03-16	2022-03-17T08:30:00+00:00	141
ADBE	2022-03-17	2022-03-18T08:30:00+00:00	142
ADBE	2022-03-18	2022-03-21T08:30:00+00:00	143
ADBE	2022-03-21	2022-03-22T08:30:00+00:00	144
ADBE	2022-03-22	2022-03-23T08:30:00+00:00	145
ADBE	2022-03-23	2022-03-24T08:30:00+00:00	146
ADBE	2022-03-24	2022-03-25T08:30:00+00:00	147
ADBE	2022-03-25	2022-03-28T07:30:00+00:00	148
ADBE	2022-03-28	2022-03-29T07:30:00+00:00	149
ADBE	2022-03-29	2022-03-30T07:30:00+00:00	150
ADBE	2022-03-30	2022-03-31T07:30:00+00:00	151
ADBE	2022-03-31	2022-04-01T07:30:00+00:00	152
ADBE	2022-04-01	2022-04-04T07:30:00+00:00	153
ADBE	2022-04-04	2022-04-05T07:30:00+00:00	154
ADBE	2022-04-05	2022-04-06T07:30:00+00:00	155
ADBE	2022-04-06	2022-04-07T07:30:00+00:00	156
ADBE	2022-04-07	2022-04-08T07:30:00+00:00	157
ADBE	2022-04-08	2022-04-11T07:30:00+00:00	158
ADBE	2022-04-11	2022-04-12T07:30:00+00:00	159
ADBE	2022-04-12	2022-04-13T07:30:00+00:00	160
ADBE	2022-04-13	2022-04-14T07:30:00+00:00	161
ADBE	2022-04-14	2022-04-18T07:30:00+00:00	162
ADBE	2022-04-18	2022-04-19T07:30:00+00:00	162
ADBE	2022-04-19	2022-04-20T07:30:00+00:00	163
ADBE	2022-04-20	2022-04-21T07:30:00+00:00	164
ADBE	2022-04-21	2022-04-22T07:30:00+00:00	165
ADBE	2022-04-22	2022-04-25T07:30:00+00:00	166
ADBE	2022-04-25	2022-04-26T07:30:00+00:00	167
ADBE	2022-04-26	2022-04-27T07:30:00+00:00	168
ADBE	2022-04-27	2022-04-28T07:30:00+00:00	169
ADBE	2022-04-28	2022-04-29T07:30:00+00:00	170
ADBE	2022-04-29	2022-05-02T07:30:00+00:00	171
ADBE	2022-05-02	2022-05-03T07:30:00+00:00	172
ADBE	2022-05-03	2022-05-04T07:30:00+00:00	173
ADBE	2022-05-04	2022-05-05T07:30:00+00:00	174
ADBE	2022-05-05	2022-05-06T07:30:00+00:00	175
ADBE	2022-05-06	2022-05-09T07:30:00+00:00	176
ADBE	2022-05-09	2022-05-10T07:30:00+00:00	177
ADBE	2022-05-10	2022-05-11T07:30:00+00:00	178
ADBE	2022-05-11	2022-05-12T07:30:00+00:00	179
ADBE	2022-05-12	2022-05-13T07:30:00+00:00	180
ADBE	2022-05-13	2022-05-16T07:30:00+00:00	181
ADBE	2022-05-16	2022-05-17T07:30:00+00:00	182
ADBE	2022-05-17	2022-05-18T07:30:00+00:00	183
ADBE	2022-05-18	2022-05-19T07:30:00+00:00	184
ADBE	2022-05-19	2022-05-20T07:30:00+00:00	185
ADBE	2022-05-20	2022-05-23T07:30:00+00:00	186
ADBE	2022-05-23	2022-05-24T07:30:00+00:00	187
ADBE	2022-05-24	2022-05-25T07:30:00+00:00	188
ADBE	2022-05-25	2022-05-26T07:30:00+00:00	189
ADBE	2022-05-26	2022-05-27T07:30:00+00:00	189
ADBE	2022-05-27	2022-05-31T07:30:00+00:00	191
ADBE	2022-05-31	2022-06-01T07:30:00+00:00	192
ADBE	2022-06-01	2022-06-02T07:30:00+00:00	193
ADBE	2022-06-02	2022-06-03T07:30:00+00:00	194
ADBE	2022-06-03	2022-06-06T07:30:00+00:00	195
ADBE	2022-06-06	2022-06-07T07:30:00+00:00	195
ADBE	2022-06-07	2022-06-08T07:30:00+00:00	196
ADBE	2022-06-08	2022-06-09T07:30:00+00:00	197
ADBE	2022-06-09	2022-06-10T07:30:00+00:00	198
ADBE	2022-06-10	2022-06-13T07:30:00+00:00	199
NFLX	2022-02-18	2022-02-22T08:30:00+00:00	124
NFLX	2022-02-22	2022-02-23T08:30:00+00:00	125
NFLX	2022-02-23	2022-02-24T08:30:00+00:00	126
NFLX	2022-02-24	2022-02-25T08:30:00+00:00	127
NFLX	2022-02-25	2022-02-28T08:30:00+00:00	128
NFLX	2022-02-28	2022-03-01T08:30:00+00:00	129
NFLX	2022-03-01	2022-03-02T08:30:00+00:00	130
NFLX	2022-03-02	2022-03-03T08:30:00+00:00	131
NFLX	2022-03-03	2022-03-04T08:30:00+00:00	132
NFLX	2022-03-04	2022-03-07T08:30:00+00:00	133
NFLX	2022-03-07	2022-03-08T08:30:00+00:00	134
NFLX	2022-03-08	2022-03-09T08:30:00+00:00	135
NFLX	2022-03-09	2022-03-10T08:30:00+00:00	136
NFLX	2022-03-10	2022-03-11T08:30:00+00:00	137
NFLX	2022-03-11	2022-03-14T08:30:00+00:00	138
NFLX	2022-03-14	2022-03-15T08:30:00+00:00	139
NFLX	2022-03-15	2022-03-16T08:30:00+00:00	140
NFLX	2022-03-16	2022-03-17T08:30:00+00:00	141
NFLX	2022-03-17	2022-03-18T08:30:00+00:00	142
NFLX	2022-03-18	2022-03-21T08:30:00+00:00	143
NFLX	2022-03-21	2022-03-22T08:30:00+00:00	144
NFLX	2022-03-22	2022-03-23T08:30:00+00:00	145
NFLX	2022-03-23	2022-03-24T08:30:00+00:00	146
NFLX	2022-03-24	2022-03-25T08:30:00+00:00	147
NFLX	2022-03-25	2022-03-28T07:30:00+00:00	148
NFLX	2022-03-28	2022-03-29T07:30:00+00:00	149
NFLX	2022-03-29	2022-03-30T07:30:00+00:00	150
NFLX	2022-03-30	2022-03-31T07:30:00+00:00	151
NFLX	2022-03-31	2022-04-01T07:30:00+00:00	152
NFLX	2022-04-01	2022-04-04T07:30:00+00:00	153
NFLX	2022-04-04	2022-04-05T07:30:00+00:00	154
NFLX	2022-04-05	2022-04-06T07:30:00+00:00	155
NFLX	2022-04-06	2022-04-07T07:30:00+00:00	156
NFLX	2022-04-07	2022-04-08T07:30:00+00:00	157
NFLX	2022-04-08	2022-04-11T07:30:00+00:00	158
NFLX	2022-04-11	2022-04-12T07:30:00+00:00	159
NFLX	2022-04-12	2022-04-13T07:30:00+00:00	160
NFLX	2022-04-13	2022-04-14T07:30:00+00:00	161
NFLX	2022-04-14	2022-04-18T07:30:00+00:00	162
NFLX	2022-04-18	2022-04-19T07:30:00+00:00	162
NFLX	2022-04-19	2022-04-20T07:30:00+00:00	163
NFLX	2022-04-20	2022-04-21T07:30:00+00:00	164
NFLX	2022-04-21	2022-04-22T07:30:00+00:00	165
NFLX	2022-04-22	2022-04-25T07:30:00+00:00	166
NFLX	2022-04-25	2022-04-26T07:30:00+00:00	167
NFLX	2022-04-26	2022-04-27T07:30:00+00:00	168
NFLX	2022-04-27	2022-04-28T07:30:00+00:00	169
NFLX	2022-04-28	2022-04-29T07:30:00+00:00	170
NFLX	2022-04-29	2022-05-02T07:30:00+00:00	171
NFLX	2022-05-02	2022-05-03T07:30:00+00:00	172
NFLX	2022-05-03	2022-05-04T07:30:00+00:00	173
NFLX	2022-05-04	2022-05-05T07:30:00+00:00	174
NFLX	2022-05-05	2022-05-06T07:30:00+00:00	175
NFLX	2022-05-06	2022-05-09T07:30:00+00:00	176
NFLX	2022-05-09	2022-05-10T07:30:00+00:00	177
NFLX	2022-05-10	2022-05-11T07:30:00+00:00	178
NFLX	2022-05-11	2022-05-12T07:30:00+00:00	179
NFLX	2022-05-12	2022-05-13T07:30:00+00:00	180
NFLX	2022-05-13	2022-05-16T07:30:00+00:00	181
NFLX	2022-05-16	2022-05-17T07:30:00+00:00	182
NFLX	2022-05-17	2022-05-18T07:30:00+00:00	183
NFLX	2022-05-18	2022-05-19T07:30:00+00:00	184
NFLX	2022-05-19	2022-05-20T07:30:00+00:00	185
NFLX	2022-05-20	2022-05-23T07:30:00+00:00	186
NFLX	2022-05-23	2022-05-24T07:30:00+00:00	187
NFLX	2022-05-24	2022-05-25T07:30:00+00:00	188
NFLX	2022-05-25	2022-05-26T07:30:00+00:00	189
NFLX	2022-05-26	2022-05-27T07:30:00+00:00	189
NFLX	2022-05-27	2022-05-31T07:30:00+00:00	191
NFLX	2022-05-31	2022-06-01T07:30:00+00:00	192
NFLX	2022-06-01	2022-06-02T07:30:00+00:00	193
NFLX	2022-06-02	2022-06-03T07:30:00+00:00	194
NFLX	2022-06-03	2022-06-06T07:30:00+00:00	195
NFLX	2022-06-06	2022-06-07T07:30:00+00:00	195
NFLX	2022-06-07	2022-06-08T07:30:00+00:00	196
NFLX	2022-06-08	2022-06-09T07:30:00+00:00	197
NFLX	2022-06-09	2022-06-10T07:30:00+00:00	198
NFLX	2022-06-10	2022-06-13T07:30:00+00:00	199
NVDA	2022-02-18	2022-02-22T08:30:00+00:00	124
NVDA	2022-02-22	2022-02-23T08:30:00+00:00	125
NVDA	2022-02-23	2022-02-24T08:30:00+00:00	126
NVDA	2022-02-24	2022-02-25T08:30:00+00:00	127
NVDA	2022-02-25	2022-02-28T08:30:00+00:00	128
NVDA	2022-02-28	2022-03-01T08:30:00+00:00	129
NVDA	2022-03-01	2022-03-02T08:30:00+00:00	130
NVDA	2022-03-02	2022-03-03T08:30:00+00:00	131
NVDA	2022-03-03	2022-03-04T08:30:00+00:00	132
NVDA	2022-03-04	2022-03-07T08:30:00+00:00	133
NVDA	2022-03-07	2022-03-08T08:30:00+00:00	134
NVDA	2022-03-08	2022-03-09T08:30:00+00:00	135
NVDA	2022-03-09	2022-03-10T08:30:00+00:00	136
NVDA	2022-03-10	2022-03-11T08:30:00+00:00	137
NVDA	2022-03-11	2022-03-14T08:30:00+00:00	138
NVDA	2022-03-14	2022-03-15T08:30:00+00:00	139
NVDA	2022-03-15	2022-03-16T08:30:00+00:00	140
NVDA	2022-03-16	2022-03-17T08:30:00+00:00	141
NVDA	2022-03-17	2022-03-18T08:30:00+00:00	142
NVDA	2022-03-18	2022-03-21T08:30:00+00:00	143
NVDA	2022-03-21	2022-03-22T08:30:00+00:00	144
NVDA	2022-03-22	2022-03-23T08:30:00+00:00	145
NVDA	2022-03-23	2022-03-24T08:30:00+00:00	146
NVDA	2022-03-24	2022-03-25T08:30:00+00:00	147
NVDA	2022-03-25	2022-03-28T07:30:00+00:00	148
NVDA	2022-03-28	2022-03-29T07:30:00+00:00	149
NVDA	2022-03-29	2022-03-30T07:30:00+00:00	150
NVDA	2022-03-30	2022-03-31T07:30:00+00:00	151
NVDA	2022-03-31	2022-04-01T07:30:00+00:00	152
NVDA	2022-04-01	2022-04-04T07:30:00+00:00	153
NVDA	2022-04-04	2022-04-05T07:30:00+00:00	154
NVDA	2022-04-05	2022-04-06T07:30:00+00:00	155
NVDA	2022-04-06	2022-04-07T07:30:00+00:00	156
NVDA	2022-04-07	2022-04-08T07:30:00+00:00	157
NVDA	2022-04-08	2022-04-11T07:30:00+00:00	158
NVDA	2022-04-11	2022-04-12T07:30:00+00:00	159
NVDA	2022-04-12	2022-04-13T07:30:00+00:00	160
NVDA	2022-04-13	2022-04-14T07:30:00+00:00	161
NVDA	2022-04-14	2022-04-18T07:30:00+00:00	162
NVDA	2022-04-18	2022-04-19T07:30:00+00:00	162
NVDA	2022-04-19	2022-04-20T07:30:00+00:00	163
NVDA	2022-04-20	2022-04-21T07:30:00+00:00	164
NVDA	2022-04-21	2022-04-22T07:30:00+00:00	165
NVDA	2022-04-22	2022-04-25T07:30:00+00:00	166
NVDA	2022-04-25	2022-04-26T07:30:00+00:00	167
NVDA	2022-04-26	2022-04-27T07:30:00+00:00	168
NVDA	2022-04-27	2022-04-28T07:30:00+00:00	169
NVDA	2022-04-28	2022-04-29T07:30:00+00:00	170
NVDA	2022-04-29	2022-05-02T07:30:00+00:00	171
NVDA	2022-05-02	2022-05-03T07:30:00+00:00	172
NVDA	2022-05-03	2022-05-04T07:30:00+00:00	173
NVDA	2022-05-04	2022-05-05T07:30:00+00:00	174
NVDA	2022-05-05	2022-05-06T07:30:00+00:00	175
NVDA	2022-05-06	2022-05-09T07:30:00+00:00	176
NVDA	2022-05-09	2022-05-10T07:30:00+00:00	177
NVDA	2022-05-10	2022-05-11T07:30:00+00:00	178
NVDA	2022-05-11	2022-05-12T07:30:00+00:00	179
NVDA	2022-05-12	2022-05-13T07:30:00+00:00	180
NVDA	2022-05-13	2022-05-16T07:30:00+00:00	181
NVDA	2022-05-16	2022-05-17T07:30:00+00:00	182
NVDA	2022-05-17	2022-05-18T07:30:00+00:00	183
NVDA	2022-05-18	2022-05-19T07:30:00+00:00	184
NVDA	2022-05-19	2022-05-20T07:30:00+00:00	185
NVDA	2022-05-20	2022-05-23T07:30:00+00:00	186
NVDA	2022-05-23	2022-05-24T07:30:00+00:00	187
NVDA	2022-05-24	2022-05-25T07:30:00+00:00	188
NVDA	2022-05-25	2022-05-26T07:30:00+00:00	189
NVDA	2022-05-26	2022-05-27T07:30:00+00:00	189
NVDA	2022-05-27	2022-05-31T07:30:00+00:00	191
NVDA	2022-05-31	2022-06-01T07:30:00+00:00	192
NVDA	2022-06-01	2022-06-02T07:30:00+00:00	193
NVDA	2022-06-02	2022-06-03T07:30:00+00:00	194
NVDA	2022-06-03	2022-06-06T07:30:00+00:00	195
NVDA	2022-06-06	2022-06-07T07:30:00+00:00	195
NVDA	2022-06-07	2022-06-08T07:30:00+00:00	196
NVDA	2022-06-08	2022-06-09T07:30:00+00:00	197
NVDA	2022-06-09	2022-06-10T07:30:00+00:00	198
NVDA	2022-06-10	2022-06-13T07:30:00+00:00	199
AVGO	2022-02-18	2022-02-22T08:30:00+00:00	124
AVGO	2022-02-22	2022-02-23T08:30:00+00:00	125
AVGO	2022-02-23	2022-02-24T08:30:00+00:00	126
AVGO	2022-02-24	2022-02-25T08:30:00+00:00	127
AVGO	2022-02-25	2022-02-28T08:30:00+00:00	128
AVGO	2022-02-28	2022-03-01T08:30:00+00:00	129
AVGO	2022-03-01	2022-03-02T08:30:00+00:00	130
AVGO	2022-03-02	2022-03-03T08:30:00+00:00	131
AVGO	2022-03-03	2022-03-04T08:30:00+00:00	132
AVGO	2022-03-04	2022-03-07T08:30:00+00:00	133
AVGO	2022-03-07	2022-03-08T08:30:00+00:00	134
AVGO	2022-03-08	2022-03-09T08:30:00+00:00	135
AVGO	2022-03-09	2022-03-10T08:30:00+00:00	136
AVGO	2022-03-10	2022-03-11T08:30:00+00:00	137
AVGO	2022-03-11	2022-03-14T08:30:00+00:00	138
AVGO	2022-03-14	2022-03-15T08:30:00+00:00	139
AVGO	2022-03-15	2022-03-16T08:30:00+00:00	140
AVGO	2022-03-16	2022-03-17T08:30:00+00:00	141
AVGO	2022-03-17	2022-03-18T08:30:00+00:00	142
AVGO	2022-03-18	2022-03-21T08:30:00+00:00	143
AVGO	2022-03-21	2022-03-22T08:30:00+00:00	144
AVGO	2022-03-22	2022-03-23T08:30:00+00:00	145
AVGO	2022-03-23	2022-03-24T08:30:00+00:00	146
AVGO	2022-03-24	2022-03-25T08:30:00+00:00	147
AVGO	2022-03-25	2022-03-28T07:30:00+00:00	148
AVGO	2022-03-28	2022-03-29T07:30:00+00:00	149
AVGO	2022-03-29	2022-03-30T07:30:00+00:00	150
AVGO	2022-03-30	2022-03-31T07:30:00+00:00	151
AVGO	2022-03-31	2022-04-01T07:30:00+00:00	152
AVGO	2022-04-01	2022-04-04T07:30:00+00:00	153
AVGO	2022-04-04	2022-04-05T07:30:00+00:00	154
AVGO	2022-04-05	2022-04-06T07:30:00+00:00	155
AVGO	2022-04-06	2022-04-07T07:30:00+00:00	156
AVGO	2022-04-07	2022-04-08T07:30:00+00:00	157
AVGO	2022-04-08	2022-04-11T07:30:00+00:00	158
AVGO	2022-04-11	2022-04-12T07:30:00+00:00	159
AVGO	2022-04-12	2022-04-13T07:30:00+00:00	160
AVGO	2022-04-13	2022-04-14T07:30:00+00:00	161
AVGO	2022-04-14	2022-04-18T07:30:00+00:00	162
AVGO	2022-04-18	2022-04-19T07:30:00+00:00	162
AVGO	2022-04-19	2022-04-20T07:30:00+00:00	163
AVGO	2022-04-20	2022-04-21T07:30:00+00:00	164
AVGO	2022-04-21	2022-04-22T07:30:00+00:00	165
AVGO	2022-04-22	2022-04-25T07:30:00+00:00	166
AVGO	2022-04-25	2022-04-26T07:30:00+00:00	167
AVGO	2022-04-26	2022-04-27T07:30:00+00:00	168
AVGO	2022-04-27	2022-04-28T07:30:00+00:00	169
AVGO	2022-04-28	2022-04-29T07:30:00+00:00	170
AVGO	2022-04-29	2022-05-02T07:30:00+00:00	171
AVGO	2022-05-02	2022-05-03T07:30:00+00:00	172
AVGO	2022-05-03	2022-05-04T07:30:00+00:00	173
AVGO	2022-05-04	2022-05-05T07:30:00+00:00	174
AVGO	2022-05-05	2022-05-06T07:30:00+00:00	175
AVGO	2022-05-06	2022-05-09T07:30:00+00:00	176
AVGO	2022-05-09	2022-05-10T07:30:00+00:00	177
AVGO	2022-05-10	2022-05-11T07:30:00+00:00	178
AVGO	2022-05-11	2022-05-12T07:30:00+00:00	179
AVGO	2022-05-12	2022-05-13T07:30:00+00:00	180
AVGO	2022-05-13	2022-05-16T07:30:00+00:00	181
AVGO	2022-05-16	2022-05-17T07:30:00+00:00	182
AVGO	2022-05-17	2022-05-18T07:30:00+00:00	183
AVGO	2022-05-18	2022-05-19T07:30:00+00:00	184
AVGO	2022-05-19	2022-05-20T07:30:00+00:00	185
AVGO	2022-05-20	2022-05-23T07:30:00+00:00	186
AVGO	2022-05-23	2022-05-24T07:30:00+00:00	187
AVGO	2022-05-24	2022-05-25T07:30:00+00:00	188
AVGO	2022-05-25	2022-05-26T07:30:00+00:00	189
AVGO	2022-05-26	2022-05-27T07:30:00+00:00	189
AVGO	2022-05-27	2022-05-31T07:30:00+00:00	191
AVGO	2022-05-31	2022-06-01T07:30:00+00:00	192
AVGO	2022-06-01	2022-06-02T07:30:00+00:00	193
AVGO	2022-06-02	2022-06-03T07:30:00+00:00	194
AVGO	2022-06-03	2022-06-06T07:30:00+00:00	195
AVGO	2022-06-06	2022-06-07T07:30:00+00:00	195
AVGO	2022-06-07	2022-06-08T07:30:00+00:00	196
AVGO	2022-06-08	2022-06-09T07:30:00+00:00	197
AVGO	2022-06-09	2022-06-10T07:30:00+00:00	198
AVGO	2022-06-10	2022-06-13T07:30:00+00:00	199
AMD	2022-02-18	2022-02-22T08:30:00+00:00	124
AMD	2022-02-22	2022-02-23T08:30:00+00:00	125
AMD	2022-02-23	2022-02-24T08:30:00+00:00	126
AMD	2022-02-24	2022-02-25T08:30:00+00:00	127
AMD	2022-02-25	2022-02-28T08:30:00+00:00	128
AMD	2022-02-28	2022-03-01T08:30:00+00:00	129
AMD	2022-03-01	2022-03-02T08:30:00+00:00	130
AMD	2022-03-02	2022-03-03T08:30:00+00:00	131
AMD	2022-03-03	2022-03-04T08:30:00+00:00	132
AMD	2022-03-04	2022-03-07T08:30:00+00:00	133
AMD	2022-03-07	2022-03-08T08:30:00+00:00	134
AMD	2022-03-08	2022-03-09T08:30:00+00:00	135
AMD	2022-03-09	2022-03-10T08:30:00+00:00	136
AMD	2022-03-10	2022-03-11T08:30:00+00:00	137
AMD	2022-03-11	2022-03-14T08:30:00+00:00	138
AMD	2022-03-14	2022-03-15T08:30:00+00:00	139
AMD	2022-03-15	2022-03-16T08:30:00+00:00	140
AMD	2022-03-16	2022-03-17T08:30:00+00:00	141
AMD	2022-03-17	2022-03-18T08:30:00+00:00	142
AMD	2022-03-18	2022-03-21T08:30:00+00:00	143
AMD	2022-03-21	2022-03-22T08:30:00+00:00	144
AMD	2022-03-22	2022-03-23T08:30:00+00:00	145
AMD	2022-03-23	2022-03-24T08:30:00+00:00	146
AMD	2022-03-24	2022-03-25T08:30:00+00:00	147
AMD	2022-03-25	2022-03-28T07:30:00+00:00	148
AMD	2022-03-28	2022-03-29T07:30:00+00:00	149
AMD	2022-03-29	2022-03-30T07:30:00+00:00	150
AMD	2022-03-30	2022-03-31T07:30:00+00:00	151
AMD	2022-03-31	2022-04-01T07:30:00+00:00	152
AMD	2022-04-01	2022-04-04T07:30:00+00:00	153
AMD	2022-04-04	2022-04-05T07:30:00+00:00	154
AMD	2022-04-05	2022-04-06T07:30:00+00:00	155
AMD	2022-04-06	2022-04-07T07:30:00+00:00	156
AMD	2022-04-07	2022-04-08T07:30:00+00:00	157
AMD	2022-04-08	2022-04-11T07:30:00+00:00	158
AMD	2022-04-11	2022-04-12T07:30:00+00:00	159
AMD	2022-04-12	2022-04-13T07:30:00+00:00	160
AMD	2022-04-13	2022-04-14T07:30:00+00:00	161
AMD	2022-04-14	2022-04-18T07:30:00+00:00	162
AMD	2022-04-18	2022-04-19T07:30:00+00:00	162
AMD	2022-04-19	2022-04-20T07:30:00+00:00	163
AMD	2022-04-20	2022-04-21T07:30:00+00:00	164
AMD	2022-04-21	2022-04-22T07:30:00+00:00	165
AMD	2022-04-22	2022-04-25T07:30:00+00:00	166
AMD	2022-04-25	2022-04-26T07:30:00+00:00	167
AMD	2022-04-26	2022-04-27T07:30:00+00:00	168
AMD	2022-04-27	2022-04-28T07:30:00+00:00	169
AMD	2022-04-28	2022-04-29T07:30:00+00:00	170
AMD	2022-04-29	2022-05-02T07:30:00+00:00	171
AMD	2022-05-02	2022-05-03T07:30:00+00:00	172
AMD	2022-05-03	2022-05-04T07:30:00+00:00	173
AMD	2022-05-04	2022-05-05T07:30:00+00:00	174
AMD	2022-05-05	2022-05-06T07:30:00+00:00	175
AMD	2022-05-06	2022-05-09T07:30:00+00:00	176
AMD	2022-05-09	2022-05-10T07:30:00+00:00	177
AMD	2022-05-10	2022-05-11T07:30:00+00:00	178
AMD	2022-05-11	2022-05-12T07:30:00+00:00	179
AMD	2022-05-12	2022-05-13T07:30:00+00:00	180
AMD	2022-05-13	2022-05-16T07:30:00+00:00	181
AMD	2022-05-16	2022-05-17T07:30:00+00:00	182
AMD	2022-05-17	2022-05-18T07:30:00+00:00	183
AMD	2022-05-18	2022-05-19T07:30:00+00:00	184
AMD	2022-05-19	2022-05-20T07:30:00+00:00	185
AMD	2022-05-20	2022-05-23T07:30:00+00:00	186
AMD	2022-05-23	2022-05-24T07:30:00+00:00	187
AMD	2022-05-24	2022-05-25T07:30:00+00:00	188
AMD	2022-05-25	2022-05-26T07:30:00+00:00	189
AMD	2022-05-26	2022-05-27T07:30:00+00:00	189
AMD	2022-05-27	2022-05-31T07:30:00+00:00	191
AMD	2022-05-31	2022-06-01T07:30:00+00:00	192
AMD	2022-06-01	2022-06-02T07:30:00+00:00	193
AMD	2022-06-02	2022-06-03T07:30:00+00:00	194
AMD	2022-06-03	2022-06-06T07:30:00+00:00	195
AMD	2022-06-06	2022-06-07T07:30:00+00:00	195
AMD	2022-06-07	2022-06-08T07:30:00+00:00	196
AMD	2022-06-08	2022-06-09T07:30:00+00:00	197
AMD	2022-06-09	2022-06-10T07:30:00+00:00	198
AMD	2022-06-10	2022-06-13T07:30:00+00:00	199
MU	2022-02-18	2022-02-22T08:30:00+00:00	124
MU	2022-02-22	2022-02-23T08:30:00+00:00	125
MU	2022-02-23	2022-02-24T08:30:00+00:00	126
MU	2022-02-24	2022-02-25T08:30:00+00:00	127
MU	2022-02-25	2022-02-28T08:30:00+00:00	128
MU	2022-02-28	2022-03-01T08:30:00+00:00	129
MU	2022-03-01	2022-03-02T08:30:00+00:00	130
MU	2022-03-02	2022-03-03T08:30:00+00:00	131
MU	2022-03-03	2022-03-04T08:30:00+00:00	132
MU	2022-03-04	2022-03-07T08:30:00+00:00	133
MU	2022-03-07	2022-03-08T08:30:00+00:00	134
MU	2022-03-08	2022-03-09T08:30:00+00:00	135
MU	2022-03-09	2022-03-10T08:30:00+00:00	136
MU	2022-03-10	2022-03-11T08:30:00+00:00	137
MU	2022-03-11	2022-03-14T08:30:00+00:00	138
MU	2022-03-14	2022-03-15T08:30:00+00:00	139
MU	2022-03-15	2022-03-16T08:30:00+00:00	140
MU	2022-03-16	2022-03-17T08:30:00+00:00	141
MU	2022-03-17	2022-03-18T08:30:00+00:00	142
MU	2022-03-18	2022-03-21T08:30:00+00:00	143
MU	2022-03-21	2022-03-22T08:30:00+00:00	144
MU	2022-03-22	2022-03-23T08:30:00+00:00	145
MU	2022-03-23	2022-03-24T08:30:00+00:00	146
MU	2022-03-24	2022-03-25T08:30:00+00:00	147
MU	2022-03-25	2022-03-28T07:30:00+00:00	148
MU	2022-03-28	2022-03-29T07:30:00+00:00	149
MU	2022-03-29	2022-03-30T07:30:00+00:00	150
MU	2022-03-30	2022-03-31T07:30:00+00:00	151
MU	2022-03-31	2022-04-01T07:30:00+00:00	152
MU	2022-04-01	2022-04-04T07:30:00+00:00	153
MU	2022-04-04	2022-04-05T07:30:00+00:00	154
MU	2022-04-05	2022-04-06T07:30:00+00:00	155
MU	2022-04-06	2022-04-07T07:30:00+00:00	156
MU	2022-04-07	2022-04-08T07:30:00+00:00	157
MU	2022-04-08	2022-04-11T07:30:00+00:00	158
MU	2022-04-11	2022-04-12T07:30:00+00:00	159
MU	2022-04-12	2022-04-13T07:30:00+00:00	160
MU	2022-04-13	2022-04-14T07:30:00+00:00	161
MU	2022-04-14	2022-04-18T07:30:00+00:00	162
MU	2022-04-18	2022-04-19T07:30:00+00:00	162
MU	2022-04-19	2022-04-20T07:30:00+00:00	163
MU	2022-04-20	2022-04-21T07:30:00+00:00	164
MU	2022-04-21	2022-04-22T07:30:00+00:00	165
MU	2022-04-22	2022-04-25T07:30:00+00:00	166
MU	2022-04-25	2022-04-26T07:30:00+00:00	167
MU	2022-04-26	2022-04-27T07:30:00+00:00	168
MU	2022-04-27	2022-04-28T07:30:00+00:00	169
MU	2022-04-28	2022-04-29T07:30:00+00:00	170
MU	2022-04-29	2022-05-02T07:30:00+00:00	171
MU	2022-05-02	2022-05-03T07:30:00+00:00	172
MU	2022-05-03	2022-05-04T07:30:00+00:00	173
MU	2022-05-04	2022-05-05T07:30:00+00:00	174
MU	2022-05-05	2022-05-06T07:30:00+00:00	175
MU	2022-05-06	2022-05-09T07:30:00+00:00	176
MU	2022-05-09	2022-05-10T07:30:00+00:00	177
MU	2022-05-10	2022-05-11T07:30:00+00:00	178
MU	2022-05-11	2022-05-12T07:30:00+00:00	179
MU	2022-05-12	2022-05-13T07:30:00+00:00	180
MU	2022-05-13	2022-05-16T07:30:00+00:00	181
MU	2022-05-16	2022-05-17T07:30:00+00:00	182
MU	2022-05-17	2022-05-18T07:30:00+00:00	183
MU	2022-05-18	2022-05-19T07:30:00+00:00	184
MU	2022-05-19	2022-05-20T07:30:00+00:00	185
MU	2022-05-20	2022-05-23T07:30:00+00:00	186
MU	2022-05-23	2022-05-24T07:30:00+00:00	187
MU	2022-05-24	2022-05-25T07:30:00+00:00	188
MU	2022-05-25	2022-05-26T07:30:00+00:00	189
MU	2022-05-26	2022-05-27T07:30:00+00:00	189
MU	2022-05-27	2022-05-31T07:30:00+00:00	191
MU	2022-05-31	2022-06-01T07:30:00+00:00	192
MU	2022-06-01	2022-06-02T07:30:00+00:00	193
MU	2022-06-02	2022-06-03T07:30:00+00:00	194
MU	2022-06-03	2022-06-06T07:30:00+00:00	195
MU	2022-06-06	2022-06-07T07:30:00+00:00	195
MU	2022-06-07	2022-06-08T07:30:00+00:00	196
MU	2022-06-08	2022-06-09T07:30:00+00:00	197
MU	2022-06-09	2022-06-10T07:30:00+00:00	198
MU	2022-06-10	2022-06-13T07:30:00+00:00	199
QCOM	2022-02-18	2022-02-22T08:30:00+00:00	124
QCOM	2022-02-22	2022-02-23T08:30:00+00:00	125
QCOM	2022-02-23	2022-02-24T08:30:00+00:00	126
QCOM	2022-02-24	2022-02-25T08:30:00+00:00	127
QCOM	2022-02-25	2022-02-28T08:30:00+00:00	128
QCOM	2022-02-28	2022-03-01T08:30:00+00:00	129
QCOM	2022-03-01	2022-03-02T08:30:00+00:00	130
QCOM	2022-03-02	2022-03-03T08:30:00+00:00	131
QCOM	2022-03-03	2022-03-04T08:30:00+00:00	132
QCOM	2022-03-04	2022-03-07T08:30:00+00:00	133
QCOM	2022-03-07	2022-03-08T08:30:00+00:00	134
QCOM	2022-03-08	2022-03-09T08:30:00+00:00	135
QCOM	2022-03-09	2022-03-10T08:30:00+00:00	136
QCOM	2022-03-10	2022-03-11T08:30:00+00:00	137
QCOM	2022-03-11	2022-03-14T08:30:00+00:00	138
QCOM	2022-03-14	2022-03-15T08:30:00+00:00	139
QCOM	2022-03-15	2022-03-16T08:30:00+00:00	140
QCOM	2022-03-16	2022-03-17T08:30:00+00:00	141
QCOM	2022-03-17	2022-03-18T08:30:00+00:00	142
QCOM	2022-03-18	2022-03-21T08:30:00+00:00	143
QCOM	2022-03-21	2022-03-22T08:30:00+00:00	144
QCOM	2022-03-22	2022-03-23T08:30:00+00:00	145
QCOM	2022-03-23	2022-03-24T08:30:00+00:00	146
QCOM	2022-03-24	2022-03-25T08:30:00+00:00	147
QCOM	2022-03-25	2022-03-28T07:30:00+00:00	148
QCOM	2022-03-28	2022-03-29T07:30:00+00:00	149
QCOM	2022-03-29	2022-03-30T07:30:00+00:00	150
QCOM	2022-03-30	2022-03-31T07:30:00+00:00	151
QCOM	2022-03-31	2022-04-01T07:30:00+00:00	152
QCOM	2022-04-01	2022-04-04T07:30:00+00:00	153
QCOM	2022-04-04	2022-04-05T07:30:00+00:00	154
QCOM	2022-04-05	2022-04-06T07:30:00+00:00	155
QCOM	2022-04-06	2022-04-07T07:30:00+00:00	156
QCOM	2022-04-07	2022-04-08T07:30:00+00:00	157
QCOM	2022-04-08	2022-04-11T07:30:00+00:00	158
QCOM	2022-04-11	2022-04-12T07:30:00+00:00	159
QCOM	2022-04-12	2022-04-13T07:30:00+00:00	160
QCOM	2022-04-13	2022-04-14T07:30:00+00:00	161
QCOM	2022-04-14	2022-04-18T07:30:00+00:00	162
QCOM	2022-04-18	2022-04-19T07:30:00+00:00	162
QCOM	2022-04-19	2022-04-20T07:30:00+00:00	163
QCOM	2022-04-20	2022-04-21T07:30:00+00:00	164
QCOM	2022-04-21	2022-04-22T07:30:00+00:00	165
QCOM	2022-04-22	2022-04-25T07:30:00+00:00	166
QCOM	2022-04-25	2022-04-26T07:30:00+00:00	167
QCOM	2022-04-26	2022-04-27T07:30:00+00:00	168
QCOM	2022-04-27	2022-04-28T07:30:00+00:00	169
QCOM	2022-04-28	2022-04-29T07:30:00+00:00	170
QCOM	2022-04-29	2022-05-02T07:30:00+00:00	171
QCOM	2022-05-02	2022-05-03T07:30:00+00:00	172
QCOM	2022-05-03	2022-05-04T07:30:00+00:00	173
QCOM	2022-05-04	2022-05-05T07:30:00+00:00	174
QCOM	2022-05-05	2022-05-06T07:30:00+00:00	175
QCOM	2022-05-06	2022-05-09T07:30:00+00:00	176
QCOM	2022-05-09	2022-05-10T07:30:00+00:00	177
QCOM	2022-05-10	2022-05-11T07:30:00+00:00	178
QCOM	2022-05-11	2022-05-12T07:30:00+00:00	179
QCOM	2022-05-12	2022-05-13T07:30:00+00:00	180
QCOM	2022-05-13	2022-05-16T07:30:00+00:00	181
QCOM	2022-05-16	2022-05-17T07:30:00+00:00	182
QCOM	2022-05-17	2022-05-18T07:30:00+00:00	183
QCOM	2022-05-18	2022-05-19T07:30:00+00:00	184
QCOM	2022-05-19	2022-05-20T07:30:00+00:00	185
QCOM	2022-05-20	2022-05-23T07:30:00+00:00	186
QCOM	2022-05-23	2022-05-24T07:30:00+00:00	187
QCOM	2022-05-24	2022-05-25T07:30:00+00:00	188
QCOM	2022-05-25	2022-05-26T07:30:00+00:00	189
QCOM	2022-05-26	2022-05-27T07:30:00+00:00	189
QCOM	2022-05-27	2022-05-31T07:30:00+00:00	191
QCOM	2022-05-31	2022-06-01T07:30:00+00:00	192
QCOM	2022-06-01	2022-06-02T07:30:00+00:00	193
QCOM	2022-06-02	2022-06-03T07:30:00+00:00	194
QCOM	2022-06-03	2022-06-06T07:30:00+00:00	195
QCOM	2022-06-06	2022-06-07T07:30:00+00:00	195
QCOM	2022-06-07	2022-06-08T07:30:00+00:00	196
QCOM	2022-06-08	2022-06-09T07:30:00+00:00	197
QCOM	2022-06-09	2022-06-10T07:30:00+00:00	198
QCOM	2022-06-10	2022-06-13T07:30:00+00:00	199
MRVL	2022-02-18	2022-02-22T08:30:00+00:00	124
MRVL	2022-02-22	2022-02-23T08:30:00+00:00	125
MRVL	2022-02-23	2022-02-24T08:30:00+00:00	126
MRVL	2022-02-24	2022-02-25T08:30:00+00:00	127
MRVL	2022-02-25	2022-02-28T08:30:00+00:00	128
MRVL	2022-02-28	2022-03-01T08:30:00+00:00	129
MRVL	2022-03-01	2022-03-02T08:30:00+00:00	130
MRVL	2022-03-02	2022-03-03T08:30:00+00:00	131
MRVL	2022-03-03	2022-03-04T08:30:00+00:00	132
MRVL	2022-03-04	2022-03-07T08:30:00+00:00	133
MRVL	2022-03-07	2022-03-08T08:30:00+00:00	134
MRVL	2022-03-08	2022-03-09T08:30:00+00:00	135
MRVL	2022-03-09	2022-03-10T08:30:00+00:00	136
MRVL	2022-03-10	2022-03-11T08:30:00+00:00	137
MRVL	2022-03-11	2022-03-14T08:30:00+00:00	138
MRVL	2022-03-14	2022-03-15T08:30:00+00:00	139
MRVL	2022-03-15	2022-03-16T08:30:00+00:00	140
MRVL	2022-03-16	2022-03-17T08:30:00+00:00	141
MRVL	2022-03-17	2022-03-18T08:30:00+00:00	142
MRVL	2022-03-18	2022-03-21T08:30:00+00:00	143
MRVL	2022-03-21	2022-03-22T08:30:00+00:00	144
MRVL	2022-03-22	2022-03-23T08:30:00+00:00	145
MRVL	2022-03-23	2022-03-24T08:30:00+00:00	146
MRVL	2022-03-24	2022-03-25T08:30:00+00:00	147
MRVL	2022-03-25	2022-03-28T07:30:00+00:00	148
MRVL	2022-03-28	2022-03-29T07:30:00+00:00	149
MRVL	2022-03-29	2022-03-30T07:30:00+00:00	150
MRVL	2022-03-30	2022-03-31T07:30:00+00:00	151
MRVL	2022-03-31	2022-04-01T07:30:00+00:00	152
MRVL	2022-04-01	2022-04-04T07:30:00+00:00	153
MRVL	2022-04-04	2022-04-05T07:30:00+00:00	154
MRVL	2022-04-05	2022-04-06T07:30:00+00:00	155
MRVL	2022-04-06	2022-04-07T07:30:00+00:00	156
MRVL	2022-04-07	2022-04-08T07:30:00+00:00	157
MRVL	2022-04-08	2022-04-11T07:30:00+00:00	158
MRVL	2022-04-11	2022-04-12T07:30:00+00:00	159
MRVL	2022-04-12	2022-04-13T07:30:00+00:00	160
MRVL	2022-04-13	2022-04-14T07:30:00+00:00	161
MRVL	2022-04-14	2022-04-18T07:30:00+00:00	162
MRVL	2022-04-18	2022-04-19T07:30:00+00:00	162
MRVL	2022-04-19	2022-04-20T07:30:00+00:00	163
MRVL	2022-04-20	2022-04-21T07:30:00+00:00	164
MRVL	2022-04-21	2022-04-22T07:30:00+00:00	165
MRVL	2022-04-22	2022-04-25T07:30:00+00:00	166
MRVL	2022-04-25	2022-04-26T07:30:00+00:00	167
MRVL	2022-04-26	2022-04-27T07:30:00+00:00	168
MRVL	2022-04-27	2022-04-28T07:30:00+00:00	169
MRVL	2022-04-28	2022-04-29T07:30:00+00:00	170
MRVL	2022-04-29	2022-05-02T07:30:00+00:00	171
MRVL	2022-05-02	2022-05-03T07:30:00+00:00	172
MRVL	2022-05-03	2022-05-04T07:30:00+00:00	173
MRVL	2022-05-04	2022-05-05T07:30:00+00:00	174
MRVL	2022-05-05	2022-05-06T07:30:00+00:00	175
MRVL	2022-05-06	2022-05-09T07:30:00+00:00	176
MRVL	2022-05-09	2022-05-10T07:30:00+00:00	177
MRVL	2022-05-10	2022-05-11T07:30:00+00:00	178
MRVL	2022-05-11	2022-05-12T07:30:00+00:00	179
MRVL	2022-05-12	2022-05-13T07:30:00+00:00	180
MRVL	2022-05-13	2022-05-16T07:30:00+00:00	181
MRVL	2022-05-16	2022-05-17T07:30:00+00:00	182
MRVL	2022-05-17	2022-05-18T07:30:00+00:00	183
MRVL	2022-05-18	2022-05-19T07:30:00+00:00	184
MRVL	2022-05-19	2022-05-20T07:30:00+00:00	185
MRVL	2022-05-20	2022-05-23T07:30:00+00:00	186
MRVL	2022-05-23	2022-05-24T07:30:00+00:00	187
MRVL	2022-05-24	2022-05-25T07:30:00+00:00	188
MRVL	2022-05-25	2022-05-26T07:30:00+00:00	189
MRVL	2022-05-26	2022-05-27T07:30:00+00:00	189
MRVL	2022-05-27	2022-05-31T07:30:00+00:00	191
MRVL	2022-05-31	2022-06-01T07:30:00+00:00	192
MRVL	2022-06-01	2022-06-02T07:30:00+00:00	193
MRVL	2022-06-02	2022-06-03T07:30:00+00:00	194
MRVL	2022-06-03	2022-06-06T07:30:00+00:00	195
MRVL	2022-06-06	2022-06-07T07:30:00+00:00	195
MRVL	2022-06-07	2022-06-08T07:30:00+00:00	196
MRVL	2022-06-08	2022-06-09T07:30:00+00:00	197
MRVL	2022-06-09	2022-06-10T07:30:00+00:00	198
MRVL	2022-06-10	2022-06-13T07:30:00+00:00	199
INTC	2022-02-18	2022-02-22T08:30:00+00:00	124
INTC	2022-02-22	2022-02-23T08:30:00+00:00	125
INTC	2022-02-23	2022-02-24T08:30:00+00:00	126
INTC	2022-02-24	2022-02-25T08:30:00+00:00	127
INTC	2022-02-25	2022-02-28T08:30:00+00:00	128
INTC	2022-02-28	2022-03-01T08:30:00+00:00	129
INTC	2022-03-01	2022-03-02T08:30:00+00:00	130
INTC	2022-03-02	2022-03-03T08:30:00+00:00	131
INTC	2022-03-03	2022-03-04T08:30:00+00:00	132
INTC	2022-03-04	2022-03-07T08:30:00+00:00	133
INTC	2022-03-07	2022-03-08T08:30:00+00:00	134
INTC	2022-03-08	2022-03-09T08:30:00+00:00	135
INTC	2022-03-09	2022-03-10T08:30:00+00:00	136
INTC	2022-03-10	2022-03-11T08:30:00+00:00	137
INTC	2022-03-11	2022-03-14T08:30:00+00:00	138
INTC	2022-03-14	2022-03-15T08:30:00+00:00	139
INTC	2022-03-15	2022-03-16T08:30:00+00:00	140
INTC	2022-03-16	2022-03-17T08:30:00+00:00	141
INTC	2022-03-17	2022-03-18T08:30:00+00:00	142
INTC	2022-03-18	2022-03-21T08:30:00+00:00	143
INTC	2022-03-21	2022-03-22T08:30:00+00:00	144
INTC	2022-03-22	2022-03-23T08:30:00+00:00	145
INTC	2022-03-23	2022-03-24T08:30:00+00:00	146
INTC	2022-03-24	2022-03-25T08:30:00+00:00	147
INTC	2022-03-25	2022-03-28T07:30:00+00:00	148
INTC	2022-03-28	2022-03-29T07:30:00+00:00	149
INTC	2022-03-29	2022-03-30T07:30:00+00:00	150
INTC	2022-03-30	2022-03-31T07:30:00+00:00	151
INTC	2022-03-31	2022-04-01T07:30:00+00:00	152
INTC	2022-04-01	2022-04-04T07:30:00+00:00	153
INTC	2022-04-04	2022-04-05T07:30:00+00:00	154
INTC	2022-04-05	2022-04-06T07:30:00+00:00	155
INTC	2022-04-06	2022-04-07T07:30:00+00:00	156
INTC	2022-04-07	2022-04-08T07:30:00+00:00	157
INTC	2022-04-08	2022-04-11T07:30:00+00:00	158
INTC	2022-04-11	2022-04-12T07:30:00+00:00	159
INTC	2022-04-12	2022-04-13T07:30:00+00:00	160
INTC	2022-04-13	2022-04-14T07:30:00+00:00	161
INTC	2022-04-14	2022-04-18T07:30:00+00:00	162
INTC	2022-04-18	2022-04-19T07:30:00+00:00	162
INTC	2022-04-19	2022-04-20T07:30:00+00:00	163
INTC	2022-04-20	2022-04-21T07:30:00+00:00	164
INTC	2022-04-21	2022-04-22T07:30:00+00:00	165
INTC	2022-04-22	2022-04-25T07:30:00+00:00	166
INTC	2022-04-25	2022-04-26T07:30:00+00:00	167
INTC	2022-04-26	2022-04-27T07:30:00+00:00	168
INTC	2022-04-27	2022-04-28T07:30:00+00:00	169
INTC	2022-04-28	2022-04-29T07:30:00+00:00	170
INTC	2022-04-29	2022-05-02T07:30:00+00:00	171
INTC	2022-05-02	2022-05-03T07:30:00+00:00	172
INTC	2022-05-03	2022-05-04T07:30:00+00:00	173
INTC	2022-05-04	2022-05-05T07:30:00+00:00	174
INTC	2022-05-05	2022-05-06T07:30:00+00:00	175
INTC	2022-05-06	2022-05-09T07:30:00+00:00	176
INTC	2022-05-09	2022-05-10T07:30:00+00:00	177
INTC	2022-05-10	2022-05-11T07:30:00+00:00	178
INTC	2022-05-11	2022-05-12T07:30:00+00:00	179
INTC	2022-05-12	2022-05-13T07:30:00+00:00	180
INTC	2022-05-13	2022-05-16T07:30:00+00:00	181
INTC	2022-05-16	2022-05-17T07:30:00+00:00	182
INTC	2022-05-17	2022-05-18T07:30:00+00:00	183
INTC	2022-05-18	2022-05-19T07:30:00+00:00	184
INTC	2022-05-19	2022-05-20T07:30:00+00:00	185
INTC	2022-05-20	2022-05-23T07:30:00+00:00	186
INTC	2022-05-23	2022-05-24T07:30:00+00:00	187
INTC	2022-05-24	2022-05-25T07:30:00+00:00	188
INTC	2022-05-25	2022-05-26T07:30:00+00:00	189
INTC	2022-05-26	2022-05-27T07:30:00+00:00	189
INTC	2022-05-27	2022-05-31T07:30:00+00:00	191
INTC	2022-05-31	2022-06-01T07:30:00+00:00	192
INTC	2022-06-01	2022-06-02T07:30:00+00:00	193
INTC	2022-06-02	2022-06-03T07:30:00+00:00	194
INTC	2022-06-03	2022-06-06T07:30:00+00:00	195
INTC	2022-06-06	2022-06-07T07:30:00+00:00	195
INTC	2022-06-07	2022-06-08T07:30:00+00:00	196
INTC	2022-06-08	2022-06-09T07:30:00+00:00	197
INTC	2022-06-09	2022-06-10T07:30:00+00:00	198
INTC	2022-06-10	2022-06-13T07:30:00+00:00	199
AMAT	2022-02-18	2022-02-22T08:30:00+00:00	124
AMAT	2022-02-22	2022-02-23T08:30:00+00:00	125
AMAT	2022-02-23	2022-02-24T08:30:00+00:00	126
AMAT	2022-02-24	2022-02-25T08:30:00+00:00	127
AMAT	2022-02-25	2022-02-28T08:30:00+00:00	128
AMAT	2022-02-28	2022-03-01T08:30:00+00:00	129
AMAT	2022-03-01	2022-03-02T08:30:00+00:00	130
AMAT	2022-03-02	2022-03-03T08:30:00+00:00	131
AMAT	2022-03-03	2022-03-04T08:30:00+00:00	132
AMAT	2022-03-04	2022-03-07T08:30:00+00:00	133
AMAT	2022-03-07	2022-03-08T08:30:00+00:00	134
AMAT	2022-03-08	2022-03-09T08:30:00+00:00	135
AMAT	2022-03-09	2022-03-10T08:30:00+00:00	136
AMAT	2022-03-10	2022-03-11T08:30:00+00:00	137
AMAT	2022-03-11	2022-03-14T08:30:00+00:00	138
AMAT	2022-03-14	2022-03-15T08:30:00+00:00	139
AMAT	2022-03-15	2022-03-16T08:30:00+00:00	140
AMAT	2022-03-16	2022-03-17T08:30:00+00:00	141
AMAT	2022-03-17	2022-03-18T08:30:00+00:00	142
AMAT	2022-03-18	2022-03-21T08:30:00+00:00	143
AMAT	2022-03-21	2022-03-22T08:30:00+00:00	144
AMAT	2022-03-22	2022-03-23T08:30:00+00:00	145
AMAT	2022-03-23	2022-03-24T08:30:00+00:00	146
AMAT	2022-03-24	2022-03-25T08:30:00+00:00	147
AMAT	2022-03-25	2022-03-28T07:30:00+00:00	148
AMAT	2022-03-28	2022-03-29T07:30:00+00:00	149
AMAT	2022-03-29	2022-03-30T07:30:00+00:00	150
AMAT	2022-03-30	2022-03-31T07:30:00+00:00	151
AMAT	2022-03-31	2022-04-01T07:30:00+00:00	152
AMAT	2022-04-01	2022-04-04T07:30:00+00:00	153
AMAT	2022-04-04	2022-04-05T07:30:00+00:00	154
AMAT	2022-04-05	2022-04-06T07:30:00+00:00	155
AMAT	2022-04-06	2022-04-07T07:30:00+00:00	156
AMAT	2022-04-07	2022-04-08T07:30:00+00:00	157
AMAT	2022-04-08	2022-04-11T07:30:00+00:00	158
AMAT	2022-04-11	2022-04-12T07:30:00+00:00	159
AMAT	2022-04-12	2022-04-13T07:30:00+00:00	160
AMAT	2022-04-13	2022-04-14T07:30:00+00:00	161
AMAT	2022-04-14	2022-04-18T07:30:00+00:00	162
AMAT	2022-04-18	2022-04-19T07:30:00+00:00	162
AMAT	2022-04-19	2022-04-20T07:30:00+00:00	163
AMAT	2022-04-20	2022-04-21T07:30:00+00:00	164
AMAT	2022-04-21	2022-04-22T07:30:00+00:00	165
AMAT	2022-04-22	2022-04-25T07:30:00+00:00	166
AMAT	2022-04-25	2022-04-26T07:30:00+00:00	167
AMAT	2022-04-26	2022-04-27T07:30:00+00:00	168
AMAT	2022-04-27	2022-04-28T07:30:00+00:00	169
AMAT	2022-04-28	2022-04-29T07:30:00+00:00	170
AMAT	2022-04-29	2022-05-02T07:30:00+00:00	171
AMAT	2022-05-02	2022-05-03T07:30:00+00:00	172
AMAT	2022-05-03	2022-05-04T07:30:00+00:00	173
AMAT	2022-05-04	2022-05-05T07:30:00+00:00	174
AMAT	2022-05-05	2022-05-06T07:30:00+00:00	175
AMAT	2022-05-06	2022-05-09T07:30:00+00:00	176
AMAT	2022-05-09	2022-05-10T07:30:00+00:00	177
AMAT	2022-05-10	2022-05-11T07:30:00+00:00	178
AMAT	2022-05-11	2022-05-12T07:30:00+00:00	179
AMAT	2022-05-12	2022-05-13T07:30:00+00:00	180
AMAT	2022-05-13	2022-05-16T07:30:00+00:00	181
AMAT	2022-05-16	2022-05-17T07:30:00+00:00	182
AMAT	2022-05-17	2022-05-18T07:30:00+00:00	183
AMAT	2022-05-18	2022-05-19T07:30:00+00:00	184
AMAT	2022-05-19	2022-05-20T07:30:00+00:00	185
AMAT	2022-05-20	2022-05-23T07:30:00+00:00	186
AMAT	2022-05-23	2022-05-24T07:30:00+00:00	187
AMAT	2022-05-24	2022-05-25T07:30:00+00:00	188
AMAT	2022-05-25	2022-05-26T07:30:00+00:00	189
AMAT	2022-05-26	2022-05-27T07:30:00+00:00	189
AMAT	2022-05-27	2022-05-31T07:30:00+00:00	191
AMAT	2022-05-31	2022-06-01T07:30:00+00:00	192
AMAT	2022-06-01	2022-06-02T07:30:00+00:00	193
AMAT	2022-06-02	2022-06-03T07:30:00+00:00	194
AMAT	2022-06-03	2022-06-06T07:30:00+00:00	195
AMAT	2022-06-06	2022-06-07T07:30:00+00:00	195
AMAT	2022-06-07	2022-06-08T07:30:00+00:00	196
AMAT	2022-06-08	2022-06-09T07:30:00+00:00	197
AMAT	2022-06-09	2022-06-10T07:30:00+00:00	198
AMAT	2022-06-10	2022-06-13T07:30:00+00:00	199
PLTR	2022-02-18	2022-02-22T08:30:00+00:00	124
PLTR	2022-02-22	2022-02-23T08:30:00+00:00	125
PLTR	2022-02-23	2022-02-24T08:30:00+00:00	126
PLTR	2022-02-24	2022-02-25T08:30:00+00:00	127
PLTR	2022-02-25	2022-02-28T08:30:00+00:00	128
PLTR	2022-02-28	2022-03-01T08:30:00+00:00	129
PLTR	2022-03-01	2022-03-02T08:30:00+00:00	130
PLTR	2022-03-02	2022-03-03T08:30:00+00:00	131
PLTR	2022-03-03	2022-03-04T08:30:00+00:00	132
PLTR	2022-03-04	2022-03-07T08:30:00+00:00	133
PLTR	2022-03-07	2022-03-08T08:30:00+00:00	134
PLTR	2022-03-08	2022-03-09T08:30:00+00:00	135
PLTR	2022-03-09	2022-03-10T08:30:00+00:00	136
PLTR	2022-03-10	2022-03-11T08:30:00+00:00	137
PLTR	2022-03-11	2022-03-14T08:30:00+00:00	138
PLTR	2022-03-14	2022-03-15T08:30:00+00:00	139
PLTR	2022-03-15	2022-03-16T08:30:00+00:00	140
PLTR	2022-03-16	2022-03-17T08:30:00+00:00	141
PLTR	2022-03-17	2022-03-18T08:30:00+00:00	142
PLTR	2022-03-18	2022-03-21T08:30:00+00:00	143
PLTR	2022-03-21	2022-03-22T08:30:00+00:00	144
PLTR	2022-03-22	2022-03-23T08:30:00+00:00	145
PLTR	2022-03-23	2022-03-24T08:30:00+00:00	146
PLTR	2022-03-24	2022-03-25T08:30:00+00:00	147
PLTR	2022-03-25	2022-03-28T07:30:00+00:00	148
PLTR	2022-03-28	2022-03-29T07:30:00+00:00	149
PLTR	2022-03-29	2022-03-30T07:30:00+00:00	150
PLTR	2022-03-30	2022-03-31T07:30:00+00:00	151
PLTR	2022-03-31	2022-04-01T07:30:00+00:00	152
PLTR	2022-04-01	2022-04-04T07:30:00+00:00	153
PLTR	2022-04-04	2022-04-05T07:30:00+00:00	154
PLTR	2022-04-05	2022-04-06T07:30:00+00:00	155
PLTR	2022-04-06	2022-04-07T07:30:00+00:00	156
PLTR	2022-04-07	2022-04-08T07:30:00+00:00	157
PLTR	2022-04-08	2022-04-11T07:30:00+00:00	158
PLTR	2022-04-11	2022-04-12T07:30:00+00:00	159
PLTR	2022-04-12	2022-04-13T07:30:00+00:00	160
PLTR	2022-04-13	2022-04-14T07:30:00+00:00	161
PLTR	2022-04-14	2022-04-18T07:30:00+00:00	162
PLTR	2022-04-18	2022-04-19T07:30:00+00:00	162
PLTR	2022-04-19	2022-04-20T07:30:00+00:00	163
PLTR	2022-04-20	2022-04-21T07:30:00+00:00	164
PLTR	2022-04-21	2022-04-22T07:30:00+00:00	165
PLTR	2022-04-22	2022-04-25T07:30:00+00:00	166
PLTR	2022-04-25	2022-04-26T07:30:00+00:00	167
PLTR	2022-04-26	2022-04-27T07:30:00+00:00	168
PLTR	2022-04-27	2022-04-28T07:30:00+00:00	169
PLTR	2022-04-28	2022-04-29T07:30:00+00:00	170
PLTR	2022-04-29	2022-05-02T07:30:00+00:00	171
PLTR	2022-05-02	2022-05-03T07:30:00+00:00	172
PLTR	2022-05-03	2022-05-04T07:30:00+00:00	173
PLTR	2022-05-04	2022-05-05T07:30:00+00:00	174
PLTR	2022-05-05	2022-05-06T07:30:00+00:00	175
PLTR	2022-05-06	2022-05-09T07:30:00+00:00	176
PLTR	2022-05-09	2022-05-10T07:30:00+00:00	177
PLTR	2022-05-10	2022-05-11T07:30:00+00:00	178
PLTR	2022-05-11	2022-05-12T07:30:00+00:00	179
PLTR	2022-05-12	2022-05-13T07:30:00+00:00	180
PLTR	2022-05-13	2022-05-16T07:30:00+00:00	181
PLTR	2022-05-16	2022-05-17T07:30:00+00:00	182
PLTR	2022-05-17	2022-05-18T07:30:00+00:00	183
PLTR	2022-05-18	2022-05-19T07:30:00+00:00	184
PLTR	2022-05-19	2022-05-20T07:30:00+00:00	185
PLTR	2022-05-20	2022-05-23T07:30:00+00:00	186
PLTR	2022-05-23	2022-05-24T07:30:00+00:00	187
PLTR	2022-05-24	2022-05-25T07:30:00+00:00	188
PLTR	2022-05-25	2022-05-26T07:30:00+00:00	189
PLTR	2022-05-26	2022-05-27T07:30:00+00:00	189
PLTR	2022-05-27	2022-05-31T07:30:00+00:00	191
PLTR	2022-05-31	2022-06-01T07:30:00+00:00	192
PLTR	2022-06-01	2022-06-02T07:30:00+00:00	193
PLTR	2022-06-02	2022-06-03T07:30:00+00:00	194
PLTR	2022-06-03	2022-06-06T07:30:00+00:00	195
PLTR	2022-06-06	2022-06-07T07:30:00+00:00	195
PLTR	2022-06-07	2022-06-08T07:30:00+00:00	196
PLTR	2022-06-08	2022-06-09T07:30:00+00:00	197
PLTR	2022-06-09	2022-06-10T07:30:00+00:00	198
PLTR	2022-06-10	2022-06-13T07:30:00+00:00	199
PANW	2022-02-18	2022-02-22T08:30:00+00:00	124
PANW	2022-02-22	2022-02-23T08:30:00+00:00	125
PANW	2022-02-23	2022-02-24T08:30:00+00:00	126
PANW	2022-02-24	2022-02-25T08:30:00+00:00	127
PANW	2022-02-25	2022-02-28T08:30:00+00:00	128
PANW	2022-02-28	2022-03-01T08:30:00+00:00	129
PANW	2022-03-01	2022-03-02T08:30:00+00:00	130
PANW	2022-03-02	2022-03-03T08:30:00+00:00	131
PANW	2022-03-03	2022-03-04T08:30:00+00:00	132
PANW	2022-03-04	2022-03-07T08:30:00+00:00	133
PANW	2022-03-07	2022-03-08T08:30:00+00:00	134
PANW	2022-03-08	2022-03-09T08:30:00+00:00	135
PANW	2022-03-09	2022-03-10T08:30:00+00:00	136
PANW	2022-03-10	2022-03-11T08:30:00+00:00	137
PANW	2022-03-11	2022-03-14T08:30:00+00:00	138
PANW	2022-03-14	2022-03-15T08:30:00+00:00	139
PANW	2022-03-15	2022-03-16T08:30:00+00:00	140
PANW	2022-03-16	2022-03-17T08:30:00+00:00	141
PANW	2022-03-17	2022-03-18T08:30:00+00:00	142
PANW	2022-03-18	2022-03-21T08:30:00+00:00	143
PANW	2022-03-21	2022-03-22T08:30:00+00:00	144
PANW	2022-03-22	2022-03-23T08:30:00+00:00	145
PANW	2022-03-23	2022-03-24T08:30:00+00:00	146
PANW	2022-03-24	2022-03-25T08:30:00+00:00	147
PANW	2022-03-25	2022-03-28T07:30:00+00:00	148
PANW	2022-03-28	2022-03-29T07:30:00+00:00	149
PANW	2022-03-29	2022-03-30T07:30:00+00:00	150
PANW	2022-03-30	2022-03-31T07:30:00+00:00	151
PANW	2022-03-31	2022-04-01T07:30:00+00:00	152
PANW	2022-04-01	2022-04-04T07:30:00+00:00	153
PANW	2022-04-04	2022-04-05T07:30:00+00:00	154
PANW	2022-04-05	2022-04-06T07:30:00+00:00	155
PANW	2022-04-06	2022-04-07T07:30:00+00:00	156
PANW	2022-04-07	2022-04-08T07:30:00+00:00	157
PANW	2022-04-08	2022-04-11T07:30:00+00:00	158
PANW	2022-04-11	2022-04-12T07:30:00+00:00	159
PANW	2022-04-12	2022-04-13T07:30:00+00:00	160
PANW	2022-04-13	2022-04-14T07:30:00+00:00	161
PANW	2022-04-14	2022-04-18T07:30:00+00:00	162
PANW	2022-04-18	2022-04-19T07:30:00+00:00	162
PANW	2022-04-19	2022-04-20T07:30:00+00:00	163
PANW	2022-04-20	2022-04-21T07:30:00+00:00	164
PANW	2022-04-21	2022-04-22T07:30:00+00:00	165
PANW	2022-04-22	2022-04-25T07:30:00+00:00	166
PANW	2022-04-25	2022-04-26T07:30:00+00:00	167
PANW	2022-04-26	2022-04-27T07:30:00+00:00	168
PANW	2022-04-27	2022-04-28T07:30:00+00:00	169
PANW	2022-04-28	2022-04-29T07:30:00+00:00	170
PANW	2022-04-29	2022-05-02T07:30:00+00:00	171
PANW	2022-05-02	2022-05-03T07:30:00+00:00	172
PANW	2022-05-03	2022-05-04T07:30:00+00:00	173
PANW	2022-05-04	2022-05-05T07:30:00+00:00	174
PANW	2022-05-05	2022-05-06T07:30:00+00:00	175
PANW	2022-05-06	2022-05-09T07:30:00+00:00	176
PANW	2022-05-09	2022-05-10T07:30:00+00:00	177
PANW	2022-05-10	2022-05-11T07:30:00+00:00	178
PANW	2022-05-11	2022-05-12T07:30:00+00:00	179
PANW	2022-05-12	2022-05-13T07:30:00+00:00	180
PANW	2022-05-13	2022-05-16T07:30:00+00:00	181
PANW	2022-05-16	2022-05-17T07:30:00+00:00	182
PANW	2022-05-17	2022-05-18T07:30:00+00:00	183
PANW	2022-05-18	2022-05-19T07:30:00+00:00	184
PANW	2022-05-19	2022-05-20T07:30:00+00:00	185
PANW	2022-05-20	2022-05-23T07:30:00+00:00	186
PANW	2022-05-23	2022-05-24T07:30:00+00:00	187
PANW	2022-05-24	2022-05-25T07:30:00+00:00	188
PANW	2022-05-25	2022-05-26T07:30:00+00:00	189
PANW	2022-05-26	2022-05-27T07:30:00+00:00	189
PANW	2022-05-27	2022-05-31T07:30:00+00:00	191
PANW	2022-05-31	2022-06-01T07:30:00+00:00	192
PANW	2022-06-01	2022-06-02T07:30:00+00:00	193
PANW	2022-06-02	2022-06-03T07:30:00+00:00	194
PANW	2022-06-03	2022-06-06T07:30:00+00:00	195
PANW	2022-06-06	2022-06-07T07:30:00+00:00	195
PANW	2022-06-07	2022-06-08T07:30:00+00:00	196
PANW	2022-06-08	2022-06-09T07:30:00+00:00	197
PANW	2022-06-09	2022-06-10T07:30:00+00:00	198
PANW	2022-06-10	2022-06-13T07:30:00+00:00	199
CRWD	2022-02-18	2022-02-22T08:30:00+00:00	124
CRWD	2022-02-22	2022-02-23T08:30:00+00:00	125
CRWD	2022-02-23	2022-02-24T08:30:00+00:00	126
CRWD	2022-02-24	2022-02-25T08:30:00+00:00	127
CRWD	2022-02-25	2022-02-28T08:30:00+00:00	128
CRWD	2022-02-28	2022-03-01T08:30:00+00:00	129
CRWD	2022-03-01	2022-03-02T08:30:00+00:00	130
CRWD	2022-03-02	2022-03-03T08:30:00+00:00	131
CRWD	2022-03-03	2022-03-04T08:30:00+00:00	132
CRWD	2022-03-04	2022-03-07T08:30:00+00:00	133
CRWD	2022-03-07	2022-03-08T08:30:00+00:00	134
CRWD	2022-03-08	2022-03-09T08:30:00+00:00	135
CRWD	2022-03-09	2022-03-10T08:30:00+00:00	136
CRWD	2022-03-10	2022-03-11T08:30:00+00:00	137
CRWD	2022-03-11	2022-03-14T08:30:00+00:00	138
CRWD	2022-03-14	2022-03-15T08:30:00+00:00	139
CRWD	2022-03-15	2022-03-16T08:30:00+00:00	140
CRWD	2022-03-16	2022-03-17T08:30:00+00:00	141
CRWD	2022-03-17	2022-03-18T08:30:00+00:00	142
CRWD	2022-03-18	2022-03-21T08:30:00+00:00	143
CRWD	2022-03-21	2022-03-22T08:30:00+00:00	144
CRWD	2022-03-22	2022-03-23T08:30:00+00:00	145
CRWD	2022-03-23	2022-03-24T08:30:00+00:00	146
CRWD	2022-03-24	2022-03-25T08:30:00+00:00	147
CRWD	2022-03-25	2022-03-28T07:30:00+00:00	148
CRWD	2022-03-28	2022-03-29T07:30:00+00:00	149
CRWD	2022-03-29	2022-03-30T07:30:00+00:00	150
CRWD	2022-03-30	2022-03-31T07:30:00+00:00	151
CRWD	2022-03-31	2022-04-01T07:30:00+00:00	152
CRWD	2022-04-01	2022-04-04T07:30:00+00:00	153
CRWD	2022-04-04	2022-04-05T07:30:00+00:00	154
CRWD	2022-04-05	2022-04-06T07:30:00+00:00	155
CRWD	2022-04-06	2022-04-07T07:30:00+00:00	156
CRWD	2022-04-07	2022-04-08T07:30:00+00:00	157
CRWD	2022-04-08	2022-04-11T07:30:00+00:00	158
CRWD	2022-04-11	2022-04-12T07:30:00+00:00	159
CRWD	2022-04-12	2022-04-13T07:30:00+00:00	160
CRWD	2022-04-13	2022-04-14T07:30:00+00:00	161
CRWD	2022-04-14	2022-04-18T07:30:00+00:00	162
CRWD	2022-04-18	2022-04-19T07:30:00+00:00	162
CRWD	2022-04-19	2022-04-20T07:30:00+00:00	163
CRWD	2022-04-20	2022-04-21T07:30:00+00:00	164
CRWD	2022-04-21	2022-04-22T07:30:00+00:00	165
CRWD	2022-04-22	2022-04-25T07:30:00+00:00	166
CRWD	2022-04-25	2022-04-26T07:30:00+00:00	167
CRWD	2022-04-26	2022-04-27T07:30:00+00:00	168
CRWD	2022-04-27	2022-04-28T07:30:00+00:00	169
CRWD	2022-04-28	2022-04-29T07:30:00+00:00	170
CRWD	2022-04-29	2022-05-02T07:30:00+00:00	171
CRWD	2022-05-02	2022-05-03T07:30:00+00:00	172
CRWD	2022-05-03	2022-05-04T07:30:00+00:00	173
CRWD	2022-05-04	2022-05-05T07:30:00+00:00	174
CRWD	2022-05-05	2022-05-06T07:30:00+00:00	175
CRWD	2022-05-06	2022-05-09T07:30:00+00:00	176
CRWD	2022-05-09	2022-05-10T07:30:00+00:00	177
CRWD	2022-05-10	2022-05-11T07:30:00+00:00	178
CRWD	2022-05-11	2022-05-12T07:30:00+00:00	179
CRWD	2022-05-12	2022-05-13T07:30:00+00:00	180
CRWD	2022-05-13	2022-05-16T07:30:00+00:00	181
CRWD	2022-05-16	2022-05-17T07:30:00+00:00	182
CRWD	2022-05-17	2022-05-18T07:30:00+00:00	183
CRWD	2022-05-18	2022-05-19T07:30:00+00:00	184
CRWD	2022-05-19	2022-05-20T07:30:00+00:00	185
CRWD	2022-05-20	2022-05-23T07:30:00+00:00	186
CRWD	2022-05-23	2022-05-24T07:30:00+00:00	187
CRWD	2022-05-24	2022-05-25T07:30:00+00:00	188
CRWD	2022-05-25	2022-05-26T07:30:00+00:00	189
CRWD	2022-05-26	2022-05-27T07:30:00+00:00	189
CRWD	2022-05-27	2022-05-31T07:30:00+00:00	191
CRWD	2022-05-31	2022-06-01T07:30:00+00:00	192
CRWD	2022-06-01	2022-06-02T07:30:00+00:00	193
CRWD	2022-06-02	2022-06-03T07:30:00+00:00	194
CRWD	2022-06-03	2022-06-06T07:30:00+00:00	195
CRWD	2022-06-06	2022-06-07T07:30:00+00:00	195
CRWD	2022-06-07	2022-06-08T07:30:00+00:00	196
CRWD	2022-06-08	2022-06-09T07:30:00+00:00	197
CRWD	2022-06-09	2022-06-10T07:30:00+00:00	198
CRWD	2022-06-10	2022-06-13T07:30:00+00:00	199
UBER	2022-02-18	2022-02-22T08:30:00+00:00	124
UBER	2022-02-22	2022-02-23T08:30:00+00:00	125
UBER	2022-02-23	2022-02-24T08:30:00+00:00	126
UBER	2022-02-24	2022-02-25T08:30:00+00:00	127
UBER	2022-02-25	2022-02-28T08:30:00+00:00	128
UBER	2022-02-28	2022-03-01T08:30:00+00:00	129
UBER	2022-03-01	2022-03-02T08:30:00+00:00	130
UBER	2022-03-02	2022-03-03T08:30:00+00:00	131
UBER	2022-03-03	2022-03-04T08:30:00+00:00	132
UBER	2022-03-04	2022-03-07T08:30:00+00:00	133
UBER	2022-03-07	2022-03-08T08:30:00+00:00	134
UBER	2022-03-08	2022-03-09T08:30:00+00:00	135
UBER	2022-03-09	2022-03-10T08:30:00+00:00	136
UBER	2022-03-10	2022-03-11T08:30:00+00:00	137
UBER	2022-03-11	2022-03-14T08:30:00+00:00	138
UBER	2022-03-14	2022-03-15T08:30:00+00:00	139
UBER	2022-03-15	2022-03-16T08:30:00+00:00	140
UBER	2022-03-16	2022-03-17T08:30:00+00:00	141
UBER	2022-03-17	2022-03-18T08:30:00+00:00	142
UBER	2022-03-18	2022-03-21T08:30:00+00:00	143
UBER	2022-03-21	2022-03-22T08:30:00+00:00	144
UBER	2022-03-22	2022-03-23T08:30:00+00:00	145
UBER	2022-03-23	2022-03-24T08:30:00+00:00	146
UBER	2022-03-24	2022-03-25T08:30:00+00:00	147
UBER	2022-03-25	2022-03-28T07:30:00+00:00	148
UBER	2022-03-28	2022-03-29T07:30:00+00:00	149
UBER	2022-03-29	2022-03-30T07:30:00+00:00	150
UBER	2022-03-30	2022-03-31T07:30:00+00:00	151
UBER	2022-03-31	2022-04-01T07:30:00+00:00	152
UBER	2022-04-01	2022-04-04T07:30:00+00:00	153
UBER	2022-04-04	2022-04-05T07:30:00+00:00	154
UBER	2022-04-05	2022-04-06T07:30:00+00:00	155
UBER	2022-04-06	2022-04-07T07:30:00+00:00	156
UBER	2022-04-07	2022-04-08T07:30:00+00:00	157
UBER	2022-04-08	2022-04-11T07:30:00+00:00	158
UBER	2022-04-11	2022-04-12T07:30:00+00:00	159
UBER	2022-04-12	2022-04-13T07:30:00+00:00	160
UBER	2022-04-13	2022-04-14T07:30:00+00:00	161
UBER	2022-04-14	2022-04-18T07:30:00+00:00	162
UBER	2022-04-18	2022-04-19T07:30:00+00:00	162
UBER	2022-04-19	2022-04-20T07:30:00+00:00	163
UBER	2022-04-20	2022-04-21T07:30:00+00:00	164
UBER	2022-04-21	2022-04-22T07:30:00+00:00	165
UBER	2022-04-22	2022-04-25T07:30:00+00:00	166
UBER	2022-04-25	2022-04-26T07:30:00+00:00	167
UBER	2022-04-26	2022-04-27T07:30:00+00:00	168
UBER	2022-04-27	2022-04-28T07:30:00+00:00	169
UBER	2022-04-28	2022-04-29T07:30:00+00:00	170
UBER	2022-04-29	2022-05-02T07:30:00+00:00	171
UBER	2022-05-02	2022-05-03T07:30:00+00:00	172
UBER	2022-05-03	2022-05-04T07:30:00+00:00	173
UBER	2022-05-04	2022-05-05T07:30:00+00:00	174
UBER	2022-05-05	2022-05-06T07:30:00+00:00	175
UBER	2022-05-06	2022-05-09T07:30:00+00:00	176
UBER	2022-05-09	2022-05-10T07:30:00+00:00	177
UBER	2022-05-10	2022-05-11T07:30:00+00:00	178
UBER	2022-05-11	2022-05-12T07:30:00+00:00	179
UBER	2022-05-12	2022-05-13T07:30:00+00:00	180
UBER	2022-05-13	2022-05-16T07:30:00+00:00	181
UBER	2022-05-16	2022-05-17T07:30:00+00:00	182
UBER	2022-05-17	2022-05-18T07:30:00+00:00	183
UBER	2022-05-18	2022-05-19T07:30:00+00:00	184
UBER	2022-05-19	2022-05-20T07:30:00+00:00	185
UBER	2022-05-20	2022-05-23T07:30:00+00:00	186
UBER	2022-05-23	2022-05-24T07:30:00+00:00	187
UBER	2022-05-24	2022-05-25T07:30:00+00:00	188
UBER	2022-05-25	2022-05-26T07:30:00+00:00	189
UBER	2022-05-26	2022-05-27T07:30:00+00:00	189
UBER	2022-05-27	2022-05-31T07:30:00+00:00	191
UBER	2022-05-31	2022-06-01T07:30:00+00:00	192
UBER	2022-06-01	2022-06-02T07:30:00+00:00	193
UBER	2022-06-02	2022-06-03T07:30:00+00:00	194
UBER	2022-06-03	2022-06-06T07:30:00+00:00	195
UBER	2022-06-06	2022-06-07T07:30:00+00:00	195
UBER	2022-06-07	2022-06-08T07:30:00+00:00	196
UBER	2022-06-08	2022-06-09T07:30:00+00:00	197
UBER	2022-06-09	2022-06-10T07:30:00+00:00	198
UBER	2022-06-10	2022-06-13T07:30:00+00:00	199
APP	2022-02-18	2022-02-22T08:30:00+00:00	124
APP	2022-02-22	2022-02-23T08:30:00+00:00	125
APP	2022-02-23	2022-02-24T08:30:00+00:00	126
APP	2022-02-24	2022-02-25T08:30:00+00:00	127
APP	2022-02-25	2022-02-28T08:30:00+00:00	128
APP	2022-02-28	2022-03-01T08:30:00+00:00	129
APP	2022-03-01	2022-03-02T08:30:00+00:00	130
APP	2022-03-02	2022-03-03T08:30:00+00:00	131
APP	2022-03-03	2022-03-04T08:30:00+00:00	132
APP	2022-03-04	2022-03-07T08:30:00+00:00	133
APP	2022-03-07	2022-03-08T08:30:00+00:00	134
APP	2022-03-08	2022-03-09T08:30:00+00:00	135
APP	2022-03-09	2022-03-10T08:30:00+00:00	136
APP	2022-03-10	2022-03-11T08:30:00+00:00	137
APP	2022-03-11	2022-03-14T08:30:00+00:00	138
APP	2022-03-14	2022-03-15T08:30:00+00:00	139
APP	2022-03-15	2022-03-16T08:30:00+00:00	140
APP	2022-03-16	2022-03-17T08:30:00+00:00	141
APP	2022-03-17	2022-03-18T08:30:00+00:00	142
APP	2022-03-18	2022-03-21T08:30:00+00:00	143
APP	2022-03-21	2022-03-22T08:30:00+00:00	144
APP	2022-03-22	2022-03-23T08:30:00+00:00	145
APP	2022-03-23	2022-03-24T08:30:00+00:00	146
APP	2022-03-24	2022-03-25T08:30:00+00:00	147
APP	2022-03-25	2022-03-28T07:30:00+00:00	148
APP	2022-03-28	2022-03-29T07:30:00+00:00	149
APP	2022-03-29	2022-03-30T07:30:00+00:00	150
APP	2022-03-30	2022-03-31T07:30:00+00:00	151
APP	2022-03-31	2022-04-01T07:30:00+00:00	152
APP	2022-04-01	2022-04-04T07:30:00+00:00	153
APP	2022-04-04	2022-04-05T07:30:00+00:00	154
APP	2022-04-05	2022-04-06T07:30:00+00:00	155
APP	2022-04-06	2022-04-07T07:30:00+00:00	156
APP	2022-04-07	2022-04-08T07:30:00+00:00	157
APP	2022-04-08	2022-04-11T07:30:00+00:00	158
APP	2022-04-11	2022-04-12T07:30:00+00:00	159
APP	2022-04-12	2022-04-13T07:30:00+00:00	160
APP	2022-04-13	2022-04-14T07:30:00+00:00	161
APP	2022-04-14	2022-04-18T07:30:00+00:00	162
APP	2022-04-18	2022-04-19T07:30:00+00:00	162
APP	2022-04-19	2022-04-20T07:30:00+00:00	163
APP	2022-04-20	2022-04-21T07:30:00+00:00	164
APP	2022-04-21	2022-04-22T07:30:00+00:00	165
APP	2022-04-22	2022-04-25T07:30:00+00:00	166
APP	2022-04-25	2022-04-26T07:30:00+00:00	167
APP	2022-04-26	2022-04-27T07:30:00+00:00	168
APP	2022-04-27	2022-04-28T07:30:00+00:00	169
APP	2022-04-28	2022-04-29T07:30:00+00:00	170
APP	2022-04-29	2022-05-02T07:30:00+00:00	171
APP	2022-05-02	2022-05-03T07:30:00+00:00	172
APP	2022-05-03	2022-05-04T07:30:00+00:00	173
APP	2022-05-04	2022-05-05T07:30:00+00:00	174
APP	2022-05-05	2022-05-06T07:30:00+00:00	175
APP	2022-05-06	2022-05-09T07:30:00+00:00	176
APP	2022-05-09	2022-05-10T07:30:00+00:00	177
APP	2022-05-10	2022-05-11T07:30:00+00:00	178
APP	2022-05-11	2022-05-12T07:30:00+00:00	179
APP	2022-05-12	2022-05-13T07:30:00+00:00	180
APP	2022-05-13	2022-05-16T07:30:00+00:00	181
APP	2022-05-16	2022-05-17T07:30:00+00:00	182
APP	2022-05-17	2022-05-18T07:30:00+00:00	183
APP	2022-05-18	2022-05-19T07:30:00+00:00	184
APP	2022-05-19	2022-05-20T07:30:00+00:00	185
APP	2022-05-20	2022-05-23T07:30:00+00:00	186
APP	2022-05-23	2022-05-24T07:30:00+00:00	187
APP	2022-05-24	2022-05-25T07:30:00+00:00	188
APP	2022-05-25	2022-05-26T07:30:00+00:00	189
APP	2022-05-26	2022-05-27T07:30:00+00:00	189
APP	2022-05-27	2022-05-31T07:30:00+00:00	191
APP	2022-05-31	2022-06-01T07:30:00+00:00	192
APP	2022-06-01	2022-06-02T07:30:00+00:00	193
APP	2022-06-02	2022-06-03T07:30:00+00:00	194
APP	2022-06-03	2022-06-06T07:30:00+00:00	195
APP	2022-06-06	2022-06-07T07:30:00+00:00	195
APP	2022-06-07	2022-06-08T07:30:00+00:00	196
APP	2022-06-08	2022-06-09T07:30:00+00:00	197
APP	2022-06-09	2022-06-10T07:30:00+00:00	198
APP	2022-06-10	2022-06-13T07:30:00+00:00	199
GS	2022-02-18	2022-02-22T08:30:00+00:00	124
GS	2022-02-22	2022-02-23T08:30:00+00:00	125
GS	2022-02-23	2022-02-24T08:30:00+00:00	126
GS	2022-02-24	2022-02-25T08:30:00+00:00	127
GS	2022-02-25	2022-02-28T08:30:00+00:00	128
GS	2022-02-28	2022-03-01T08:30:00+00:00	129
GS	2022-03-01	2022-03-02T08:30:00+00:00	130
GS	2022-03-02	2022-03-03T08:30:00+00:00	131
GS	2022-03-03	2022-03-04T08:30:00+00:00	132
GS	2022-03-04	2022-03-07T08:30:00+00:00	133
GS	2022-03-07	2022-03-08T08:30:00+00:00	134
GS	2022-03-08	2022-03-09T08:30:00+00:00	135
GS	2022-03-09	2022-03-10T08:30:00+00:00	136
GS	2022-03-10	2022-03-11T08:30:00+00:00	137
GS	2022-03-11	2022-03-14T08:30:00+00:00	138
GS	2022-03-14	2022-03-15T08:30:00+00:00	139
GS	2022-03-15	2022-03-16T08:30:00+00:00	140
GS	2022-03-16	2022-03-17T08:30:00+00:00	141
GS	2022-03-17	2022-03-18T08:30:00+00:00	142
GS	2022-03-18	2022-03-21T08:30:00+00:00	143
GS	2022-03-21	2022-03-22T08:30:00+00:00	144
GS	2022-03-22	2022-03-23T08:30:00+00:00	145
GS	2022-03-23	2022-03-24T08:30:00+00:00	146
GS	2022-03-24	2022-03-25T08:30:00+00:00	147
GS	2022-03-25	2022-03-28T07:30:00+00:00	148
GS	2022-03-28	2022-03-29T07:30:00+00:00	149
GS	2022-03-29	2022-03-30T07:30:00+00:00	150
GS	2022-03-30	2022-03-31T07:30:00+00:00	151
GS	2022-03-31	2022-04-01T07:30:00+00:00	152
GS	2022-04-01	2022-04-04T07:30:00+00:00	153
GS	2022-04-04	2022-04-05T07:30:00+00:00	154
GS	2022-04-05	2022-04-06T07:30:00+00:00	155
GS	2022-04-06	2022-04-07T07:30:00+00:00	156
GS	2022-04-07	2022-04-08T07:30:00+00:00	157
GS	2022-04-08	2022-04-11T07:30:00+00:00	158
GS	2022-04-11	2022-04-12T07:30:00+00:00	159
GS	2022-04-12	2022-04-13T07:30:00+00:00	160
GS	2022-04-13	2022-04-14T07:30:00+00:00	161
GS	2022-04-14	2022-04-18T07:30:00+00:00	162
GS	2022-04-18	2022-04-19T07:30:00+00:00	162
GS	2022-04-19	2022-04-20T07:30:00+00:00	163
GS	2022-04-20	2022-04-21T07:30:00+00:00	164
GS	2022-04-21	2022-04-22T07:30:00+00:00	165
GS	2022-04-22	2022-04-25T07:30:00+00:00	166
GS	2022-04-25	2022-04-26T07:30:00+00:00	167
GS	2022-04-26	2022-04-27T07:30:00+00:00	168
GS	2022-04-27	2022-04-28T07:30:00+00:00	169
GS	2022-04-28	2022-04-29T07:30:00+00:00	170
GS	2022-04-29	2022-05-02T07:30:00+00:00	171
GS	2022-05-02	2022-05-03T07:30:00+00:00	172
GS	2022-05-03	2022-05-04T07:30:00+00:00	173
GS	2022-05-04	2022-05-05T07:30:00+00:00	174
GS	2022-05-05	2022-05-06T07:30:00+00:00	175
GS	2022-05-06	2022-05-09T07:30:00+00:00	176
GS	2022-05-09	2022-05-10T07:30:00+00:00	177
GS	2022-05-10	2022-05-11T07:30:00+00:00	178
GS	2022-05-11	2022-05-12T07:30:00+00:00	179
GS	2022-05-12	2022-05-13T07:30:00+00:00	180
GS	2022-05-13	2022-05-16T07:30:00+00:00	181
GS	2022-05-16	2022-05-17T07:30:00+00:00	182
GS	2022-05-17	2022-05-18T07:30:00+00:00	183
GS	2022-05-18	2022-05-19T07:30:00+00:00	184
GS	2022-05-19	2022-05-20T07:30:00+00:00	185
GS	2022-05-20	2022-05-23T07:30:00+00:00	186
GS	2022-05-23	2022-05-24T07:30:00+00:00	187
GS	2022-05-24	2022-05-25T07:30:00+00:00	188
GS	2022-05-25	2022-05-26T07:30:00+00:00	189
GS	2022-05-26	2022-05-27T07:30:00+00:00	189
GS	2022-05-27	2022-05-31T07:30:00+00:00	191
GS	2022-05-31	2022-06-01T07:30:00+00:00	192
GS	2022-06-01	2022-06-02T07:30:00+00:00	193
GS	2022-06-02	2022-06-03T07:30:00+00:00	194
GS	2022-06-03	2022-06-06T07:30:00+00:00	195
GS	2022-06-06	2022-06-07T07:30:00+00:00	195
GS	2022-06-07	2022-06-08T07:30:00+00:00	196
GS	2022-06-08	2022-06-09T07:30:00+00:00	197
GS	2022-06-09	2022-06-10T07:30:00+00:00	198
GS	2022-06-10	2022-06-13T07:30:00+00:00	199
V	2022-02-18	2022-02-22T08:30:00+00:00	124
V	2022-02-22	2022-02-23T08:30:00+00:00	125
V	2022-02-23	2022-02-24T08:30:00+00:00	126
V	2022-02-24	2022-02-25T08:30:00+00:00	127
V	2022-02-25	2022-02-28T08:30:00+00:00	128
V	2022-02-28	2022-03-01T08:30:00+00:00	129
V	2022-03-01	2022-03-02T08:30:00+00:00	130
V	2022-03-02	2022-03-03T08:30:00+00:00	131
V	2022-03-03	2022-03-04T08:30:00+00:00	132
V	2022-03-04	2022-03-07T08:30:00+00:00	133
V	2022-03-07	2022-03-08T08:30:00+00:00	134
V	2022-03-08	2022-03-09T08:30:00+00:00	135
V	2022-03-09	2022-03-10T08:30:00+00:00	136
V	2022-03-10	2022-03-11T08:30:00+00:00	137
V	2022-03-11	2022-03-14T08:30:00+00:00	138
V	2022-03-14	2022-03-15T08:30:00+00:00	139
V	2022-03-15	2022-03-16T08:30:00+00:00	140
V	2022-03-16	2022-03-17T08:30:00+00:00	141
V	2022-03-17	2022-03-18T08:30:00+00:00	142
V	2022-03-18	2022-03-21T08:30:00+00:00	143
V	2022-03-21	2022-03-22T08:30:00+00:00	144
V	2022-03-22	2022-03-23T08:30:00+00:00	145
V	2022-03-23	2022-03-24T08:30:00+00:00	146
V	2022-03-24	2022-03-25T08:30:00+00:00	147
V	2022-03-25	2022-03-28T07:30:00+00:00	148
V	2022-03-28	2022-03-29T07:30:00+00:00	149
V	2022-03-29	2022-03-30T07:30:00+00:00	150
V	2022-03-30	2022-03-31T07:30:00+00:00	151
V	2022-03-31	2022-04-01T07:30:00+00:00	152
V	2022-04-01	2022-04-04T07:30:00+00:00	153
V	2022-04-04	2022-04-05T07:30:00+00:00	154
V	2022-04-05	2022-04-06T07:30:00+00:00	155
V	2022-04-06	2022-04-07T07:30:00+00:00	156
V	2022-04-07	2022-04-08T07:30:00+00:00	157
V	2022-04-08	2022-04-11T07:30:00+00:00	158
V	2022-04-11	2022-04-12T07:30:00+00:00	159
V	2022-04-12	2022-04-13T07:30:00+00:00	160
V	2022-04-13	2022-04-14T07:30:00+00:00	161
V	2022-04-14	2022-04-18T07:30:00+00:00	162
V	2022-04-18	2022-04-19T07:30:00+00:00	162
V	2022-04-19	2022-04-20T07:30:00+00:00	163
V	2022-04-20	2022-04-21T07:30:00+00:00	164
V	2022-04-21	2022-04-22T07:30:00+00:00	165
V	2022-04-22	2022-04-25T07:30:00+00:00	166
V	2022-04-25	2022-04-26T07:30:00+00:00	167
V	2022-04-26	2022-04-27T07:30:00+00:00	168
V	2022-04-27	2022-04-28T07:30:00+00:00	169
V	2022-04-28	2022-04-29T07:30:00+00:00	170
V	2022-04-29	2022-05-02T07:30:00+00:00	171
V	2022-05-02	2022-05-03T07:30:00+00:00	172
V	2022-05-03	2022-05-04T07:30:00+00:00	173
V	2022-05-04	2022-05-05T07:30:00+00:00	174
V	2022-05-05	2022-05-06T07:30:00+00:00	175
V	2022-05-06	2022-05-09T07:30:00+00:00	176
V	2022-05-09	2022-05-10T07:30:00+00:00	177
V	2022-05-10	2022-05-11T07:30:00+00:00	178
V	2022-05-11	2022-05-12T07:30:00+00:00	179
V	2022-05-12	2022-05-13T07:30:00+00:00	180
V	2022-05-13	2022-05-16T07:30:00+00:00	181
V	2022-05-16	2022-05-17T07:30:00+00:00	182
V	2022-05-17	2022-05-18T07:30:00+00:00	183
V	2022-05-18	2022-05-19T07:30:00+00:00	184
V	2022-05-19	2022-05-20T07:30:00+00:00	185
V	2022-05-20	2022-05-23T07:30:00+00:00	186
V	2022-05-23	2022-05-24T07:30:00+00:00	187
V	2022-05-24	2022-05-25T07:30:00+00:00	188
V	2022-05-25	2022-05-26T07:30:00+00:00	189
V	2022-05-26	2022-05-27T07:30:00+00:00	189
V	2022-05-27	2022-05-31T07:30:00+00:00	191
V	2022-05-31	2022-06-01T07:30:00+00:00	192
V	2022-06-01	2022-06-02T07:30:00+00:00	193
V	2022-06-02	2022-06-03T07:30:00+00:00	194
V	2022-06-03	2022-06-06T07:30:00+00:00	195
V	2022-06-06	2022-06-07T07:30:00+00:00	195
V	2022-06-07	2022-06-08T07:30:00+00:00	196
V	2022-06-08	2022-06-09T07:30:00+00:00	197
V	2022-06-09	2022-06-10T07:30:00+00:00	198
V	2022-06-10	2022-06-13T07:30:00+00:00	199
MA	2022-02-18	2022-02-22T08:30:00+00:00	124
MA	2022-02-22	2022-02-23T08:30:00+00:00	125
MA	2022-02-23	2022-02-24T08:30:00+00:00	126
MA	2022-02-24	2022-02-25T08:30:00+00:00	127
MA	2022-02-25	2022-02-28T08:30:00+00:00	128
MA	2022-02-28	2022-03-01T08:30:00+00:00	129
MA	2022-03-01	2022-03-02T08:30:00+00:00	130
MA	2022-03-02	2022-03-03T08:30:00+00:00	131
MA	2022-03-03	2022-03-04T08:30:00+00:00	132
MA	2022-03-04	2022-03-07T08:30:00+00:00	133
MA	2022-03-07	2022-03-08T08:30:00+00:00	134
MA	2022-03-08	2022-03-09T08:30:00+00:00	135
MA	2022-03-09	2022-03-10T08:30:00+00:00	136
MA	2022-03-10	2022-03-11T08:30:00+00:00	137
MA	2022-03-11	2022-03-14T08:30:00+00:00	138
MA	2022-03-14	2022-03-15T08:30:00+00:00	139
MA	2022-03-15	2022-03-16T08:30:00+00:00	140
MA	2022-03-16	2022-03-17T08:30:00+00:00	141
MA	2022-03-17	2022-03-18T08:30:00+00:00	142
MA	2022-03-18	2022-03-21T08:30:00+00:00	143
MA	2022-03-21	2022-03-22T08:30:00+00:00	144
MA	2022-03-22	2022-03-23T08:30:00+00:00	145
MA	2022-03-23	2022-03-24T08:30:00+00:00	146
MA	2022-03-24	2022-03-25T08:30:00+00:00	147
MA	2022-03-25	2022-03-28T07:30:00+00:00	148
MA	2022-03-28	2022-03-29T07:30:00+00:00	149
MA	2022-03-29	2022-03-30T07:30:00+00:00	150
MA	2022-03-30	2022-03-31T07:30:00+00:00	151
MA	2022-03-31	2022-04-01T07:30:00+00:00	152
MA	2022-04-01	2022-04-04T07:30:00+00:00	153
MA	2022-04-04	2022-04-05T07:30:00+00:00	154
MA	2022-04-05	2022-04-06T07:30:00+00:00	155
MA	2022-04-06	2022-04-07T07:30:00+00:00	156
MA	2022-04-07	2022-04-08T07:30:00+00:00	157
MA	2022-04-08	2022-04-11T07:30:00+00:00	158
MA	2022-04-11	2022-04-12T07:30:00+00:00	159
MA	2022-04-12	2022-04-13T07:30:00+00:00	160
MA	2022-04-13	2022-04-14T07:30:00+00:00	161
MA	2022-04-14	2022-04-18T07:30:00+00:00	162
MA	2022-04-18	2022-04-19T07:30:00+00:00	162
MA	2022-04-19	2022-04-20T07:30:00+00:00	163
MA	2022-04-20	2022-04-21T07:30:00+00:00	164
MA	2022-04-21	2022-04-22T07:30:00+00:00	165
MA	2022-04-22	2022-04-25T07:30:00+00:00	166
MA	2022-04-25	2022-04-26T07:30:00+00:00	167
MA	2022-04-26	2022-04-27T07:30:00+00:00	168
MA	2022-04-27	2022-04-28T07:30:00+00:00	169
MA	2022-04-28	2022-04-29T07:30:00+00:00	170
MA	2022-04-29	2022-05-02T07:30:00+00:00	171
MA	2022-05-02	2022-05-03T07:30:00+00:00	172
MA	2022-05-03	2022-05-04T07:30:00+00:00	173
MA	2022-05-04	2022-05-05T07:30:00+00:00	174
MA	2022-05-05	2022-05-06T07:30:00+00:00	175
MA	2022-05-06	2022-05-09T07:30:00+00:00	176
MA	2022-05-09	2022-05-10T07:30:00+00:00	177
MA	2022-05-10	2022-05-11T07:30:00+00:00	178
MA	2022-05-11	2022-05-12T07:30:00+00:00	179
MA	2022-05-12	2022-05-13T07:30:00+00:00	180
MA	2022-05-13	2022-05-16T07:30:00+00:00	181
MA	2022-05-16	2022-05-17T07:30:00+00:00	182
MA	2022-05-17	2022-05-18T07:30:00+00:00	183
MA	2022-05-18	2022-05-19T07:30:00+00:00	184
MA	2022-05-19	2022-05-20T07:30:00+00:00	185
MA	2022-05-20	2022-05-23T07:30:00+00:00	186
MA	2022-05-23	2022-05-24T07:30:00+00:00	187
MA	2022-05-24	2022-05-25T07:30:00+00:00	188
MA	2022-05-25	2022-05-26T07:30:00+00:00	189
MA	2022-05-26	2022-05-27T07:30:00+00:00	189
MA	2022-05-27	2022-05-31T07:30:00+00:00	191
MA	2022-05-31	2022-06-01T07:30:00+00:00	192
MA	2022-06-01	2022-06-02T07:30:00+00:00	193
MA	2022-06-02	2022-06-03T07:30:00+00:00	194
MA	2022-06-03	2022-06-06T07:30:00+00:00	195
MA	2022-06-06	2022-06-07T07:30:00+00:00	195
MA	2022-06-07	2022-06-08T07:30:00+00:00	196
MA	2022-06-08	2022-06-09T07:30:00+00:00	197
MA	2022-06-09	2022-06-10T07:30:00+00:00	198
MA	2022-06-10	2022-06-13T07:30:00+00:00	199
BRK-B	2022-02-18	2022-02-22T08:30:00+00:00	124
BRK-B	2022-02-22	2022-02-23T08:30:00+00:00	125
BRK-B	2022-02-23	2022-02-24T08:30:00+00:00	126
BRK-B	2022-02-24	2022-02-25T08:30:00+00:00	127
BRK-B	2022-02-25	2022-02-28T08:30:00+00:00	128
BRK-B	2022-02-28	2022-03-01T08:30:00+00:00	129
BRK-B	2022-03-01	2022-03-02T08:30:00+00:00	130
BRK-B	2022-03-02	2022-03-03T08:30:00+00:00	131
BRK-B	2022-03-03	2022-03-04T08:30:00+00:00	132
BRK-B	2022-03-04	2022-03-07T08:30:00+00:00	133
BRK-B	2022-03-07	2022-03-08T08:30:00+00:00	134
BRK-B	2022-03-08	2022-03-09T08:30:00+00:00	135
BRK-B	2022-03-09	2022-03-10T08:30:00+00:00	136
BRK-B	2022-03-10	2022-03-11T08:30:00+00:00	137
BRK-B	2022-03-11	2022-03-14T08:30:00+00:00	138
BRK-B	2022-03-14	2022-03-15T08:30:00+00:00	139
BRK-B	2022-03-15	2022-03-16T08:30:00+00:00	140
BRK-B	2022-03-16	2022-03-17T08:30:00+00:00	141
BRK-B	2022-03-17	2022-03-18T08:30:00+00:00	142
BRK-B	2022-03-18	2022-03-21T08:30:00+00:00	143
BRK-B	2022-03-21	2022-03-22T08:30:00+00:00	144
BRK-B	2022-03-22	2022-03-23T08:30:00+00:00	145
BRK-B	2022-03-23	2022-03-24T08:30:00+00:00	146
BRK-B	2022-03-24	2022-03-25T08:30:00+00:00	147
BRK-B	2022-03-25	2022-03-28T07:30:00+00:00	148
BRK-B	2022-03-28	2022-03-29T07:30:00+00:00	149
BRK-B	2022-03-29	2022-03-30T07:30:00+00:00	150
BRK-B	2022-03-30	2022-03-31T07:30:00+00:00	151
BRK-B	2022-03-31	2022-04-01T07:30:00+00:00	152
BRK-B	2022-04-01	2022-04-04T07:30:00+00:00	153
BRK-B	2022-04-04	2022-04-05T07:30:00+00:00	154
BRK-B	2022-04-05	2022-04-06T07:30:00+00:00	155
BRK-B	2022-04-06	2022-04-07T07:30:00+00:00	156
BRK-B	2022-04-07	2022-04-08T07:30:00+00:00	157
BRK-B	2022-04-08	2022-04-11T07:30:00+00:00	158
BRK-B	2022-04-11	2022-04-12T07:30:00+00:00	159
BRK-B	2022-04-12	2022-04-13T07:30:00+00:00	160
BRK-B	2022-04-13	2022-04-14T07:30:00+00:00	161
BRK-B	2022-04-14	2022-04-18T07:30:00+00:00	162
BRK-B	2022-04-18	2022-04-19T07:30:00+00:00	162
BRK-B	2022-04-19	2022-04-20T07:30:00+00:00	163
BRK-B	2022-04-20	2022-04-21T07:30:00+00:00	164
BRK-B	2022-04-21	2022-04-22T07:30:00+00:00	165
BRK-B	2022-04-22	2022-04-25T07:30:00+00:00	166
BRK-B	2022-04-25	2022-04-26T07:30:00+00:00	167
BRK-B	2022-04-26	2022-04-27T07:30:00+00:00	168
BRK-B	2022-04-27	2022-04-28T07:30:00+00:00	169
BRK-B	2022-04-28	2022-04-29T07:30:00+00:00	170
BRK-B	2022-04-29	2022-05-02T07:30:00+00:00	171
BRK-B	2022-05-02	2022-05-03T07:30:00+00:00	172
BRK-B	2022-05-03	2022-05-04T07:30:00+00:00	173
BRK-B	2022-05-04	2022-05-05T07:30:00+00:00	174
BRK-B	2022-05-05	2022-05-06T07:30:00+00:00	175
BRK-B	2022-05-06	2022-05-09T07:30:00+00:00	176
BRK-B	2022-05-09	2022-05-10T07:30:00+00:00	177
BRK-B	2022-05-10	2022-05-11T07:30:00+00:00	178
BRK-B	2022-05-11	2022-05-12T07:30:00+00:00	179
BRK-B	2022-05-12	2022-05-13T07:30:00+00:00	180
BRK-B	2022-05-13	2022-05-16T07:30:00+00:00	181
BRK-B	2022-05-16	2022-05-17T07:30:00+00:00	182
BRK-B	2022-05-17	2022-05-18T07:30:00+00:00	183
BRK-B	2022-05-18	2022-05-19T07:30:00+00:00	184
BRK-B	2022-05-19	2022-05-20T07:30:00+00:00	185
BRK-B	2022-05-20	2022-05-23T07:30:00+00:00	186
BRK-B	2022-05-23	2022-05-24T07:30:00+00:00	187
BRK-B	2022-05-24	2022-05-25T07:30:00+00:00	188
BRK-B	2022-05-25	2022-05-26T07:30:00+00:00	189
BRK-B	2022-05-26	2022-05-27T07:30:00+00:00	189
BRK-B	2022-05-27	2022-05-31T07:30:00+00:00	191
BRK-B	2022-05-31	2022-06-01T07:30:00+00:00	192
BRK-B	2022-06-01	2022-06-02T07:30:00+00:00	193
BRK-B	2022-06-02	2022-06-03T07:30:00+00:00	194
BRK-B	2022-06-03	2022-06-06T07:30:00+00:00	195
BRK-B	2022-06-06	2022-06-07T07:30:00+00:00	195
BRK-B	2022-06-07	2022-06-08T07:30:00+00:00	196
BRK-B	2022-06-08	2022-06-09T07:30:00+00:00	197
BRK-B	2022-06-09	2022-06-10T07:30:00+00:00	198
BRK-B	2022-06-10	2022-06-13T07:30:00+00:00	199
LLY	2022-02-18	2022-02-22T08:30:00+00:00	124
LLY	2022-02-22	2022-02-23T08:30:00+00:00	125
LLY	2022-02-23	2022-02-24T08:30:00+00:00	126
LLY	2022-02-24	2022-02-25T08:30:00+00:00	127
LLY	2022-02-25	2022-02-28T08:30:00+00:00	128
LLY	2022-02-28	2022-03-01T08:30:00+00:00	129
LLY	2022-03-01	2022-03-02T08:30:00+00:00	130
LLY	2022-03-02	2022-03-03T08:30:00+00:00	131
LLY	2022-03-03	2022-03-04T08:30:00+00:00	132
LLY	2022-03-04	2022-03-07T08:30:00+00:00	133
LLY	2022-03-07	2022-03-08T08:30:00+00:00	134
LLY	2022-03-08	2022-03-09T08:30:00+00:00	135
LLY	2022-03-09	2022-03-10T08:30:00+00:00	136
LLY	2022-03-10	2022-03-11T08:30:00+00:00	137
LLY	2022-03-11	2022-03-14T08:30:00+00:00	138
LLY	2022-03-14	2022-03-15T08:30:00+00:00	139
LLY	2022-03-15	2022-03-16T08:30:00+00:00	140
LLY	2022-03-16	2022-03-17T08:30:00+00:00	141
LLY	2022-03-17	2022-03-18T08:30:00+00:00	142
LLY	2022-03-18	2022-03-21T08:30:00+00:00	143
LLY	2022-03-21	2022-03-22T08:30:00+00:00	144
LLY	2022-03-22	2022-03-23T08:30:00+00:00	145
LLY	2022-03-23	2022-03-24T08:30:00+00:00	146
LLY	2022-03-24	2022-03-25T08:30:00+00:00	147
LLY	2022-03-25	2022-03-28T07:30:00+00:00	148
LLY	2022-03-28	2022-03-29T07:30:00+00:00	149
LLY	2022-03-29	2022-03-30T07:30:00+00:00	150
LLY	2022-03-30	2022-03-31T07:30:00+00:00	151
LLY	2022-03-31	2022-04-01T07:30:00+00:00	152
LLY	2022-04-01	2022-04-04T07:30:00+00:00	153
LLY	2022-04-04	2022-04-05T07:30:00+00:00	154
LLY	2022-04-05	2022-04-06T07:30:00+00:00	155
LLY	2022-04-06	2022-04-07T07:30:00+00:00	156
LLY	2022-04-07	2022-04-08T07:30:00+00:00	157
LLY	2022-04-08	2022-04-11T07:30:00+00:00	158
LLY	2022-04-11	2022-04-12T07:30:00+00:00	159
LLY	2022-04-12	2022-04-13T07:30:00+00:00	160
LLY	2022-04-13	2022-04-14T07:30:00+00:00	161
LLY	2022-04-14	2022-04-18T07:30:00+00:00	162
LLY	2022-04-18	2022-04-19T07:30:00+00:00	162
LLY	2022-04-19	2022-04-20T07:30:00+00:00	163
LLY	2022-04-20	2022-04-21T07:30:00+00:00	164
LLY	2022-04-21	2022-04-22T07:30:00+00:00	165
LLY	2022-04-22	2022-04-25T07:30:00+00:00	166
LLY	2022-04-25	2022-04-26T07:30:00+00:00	167
LLY	2022-04-26	2022-04-27T07:30:00+00:00	168
LLY	2022-04-27	2022-04-28T07:30:00+00:00	169
LLY	2022-04-28	2022-04-29T07:30:00+00:00	170
LLY	2022-04-29	2022-05-02T07:30:00+00:00	171
LLY	2022-05-02	2022-05-03T07:30:00+00:00	172
LLY	2022-05-03	2022-05-04T07:30:00+00:00	173
LLY	2022-05-04	2022-05-05T07:30:00+00:00	174
LLY	2022-05-05	2022-05-06T07:30:00+00:00	175
LLY	2022-05-06	2022-05-09T07:30:00+00:00	176
LLY	2022-05-09	2022-05-10T07:30:00+00:00	177
LLY	2022-05-10	2022-05-11T07:30:00+00:00	178
LLY	2022-05-11	2022-05-12T07:30:00+00:00	179
LLY	2022-05-12	2022-05-13T07:30:00+00:00	180
LLY	2022-05-13	2022-05-16T07:30:00+00:00	181
LLY	2022-05-16	2022-05-17T07:30:00+00:00	182
LLY	2022-05-17	2022-05-18T07:30:00+00:00	183
LLY	2022-05-18	2022-05-19T07:30:00+00:00	184
LLY	2022-05-19	2022-05-20T07:30:00+00:00	185
LLY	2022-05-20	2022-05-23T07:30:00+00:00	186
LLY	2022-05-23	2022-05-24T07:30:00+00:00	187
LLY	2022-05-24	2022-05-25T07:30:00+00:00	188
LLY	2022-05-25	2022-05-26T07:30:00+00:00	189
LLY	2022-05-26	2022-05-27T07:30:00+00:00	189
LLY	2022-05-27	2022-05-31T07:30:00+00:00	191
LLY	2022-05-31	2022-06-01T07:30:00+00:00	192
LLY	2022-06-01	2022-06-02T07:30:00+00:00	193
LLY	2022-06-02	2022-06-03T07:30:00+00:00	194
LLY	2022-06-03	2022-06-06T07:30:00+00:00	195
LLY	2022-06-06	2022-06-07T07:30:00+00:00	195
LLY	2022-06-07	2022-06-08T07:30:00+00:00	196
LLY	2022-06-08	2022-06-09T07:30:00+00:00	197
LLY	2022-06-09	2022-06-10T07:30:00+00:00	198
LLY	2022-06-10	2022-06-13T07:30:00+00:00	199
ABBV	2022-02-18	2022-02-22T08:30:00+00:00	124
ABBV	2022-02-22	2022-02-23T08:30:00+00:00	125
ABBV	2022-02-23	2022-02-24T08:30:00+00:00	126
ABBV	2022-02-24	2022-02-25T08:30:00+00:00	127
ABBV	2022-02-25	2022-02-28T08:30:00+00:00	128
ABBV	2022-02-28	2022-03-01T08:30:00+00:00	129
ABBV	2022-03-01	2022-03-02T08:30:00+00:00	130
ABBV	2022-03-02	2022-03-03T08:30:00+00:00	131
ABBV	2022-03-03	2022-03-04T08:30:00+00:00	132
ABBV	2022-03-04	2022-03-07T08:30:00+00:00	133
ABBV	2022-03-07	2022-03-08T08:30:00+00:00	134
ABBV	2022-03-08	2022-03-09T08:30:00+00:00	135
ABBV	2022-03-09	2022-03-10T08:30:00+00:00	136
ABBV	2022-03-10	2022-03-11T08:30:00+00:00	137
ABBV	2022-03-11	2022-03-14T08:30:00+00:00	138
ABBV	2022-03-14	2022-03-15T08:30:00+00:00	139
ABBV	2022-03-15	2022-03-16T08:30:00+00:00	140
ABBV	2022-03-16	2022-03-17T08:30:00+00:00	141
ABBV	2022-03-17	2022-03-18T08:30:00+00:00	142
ABBV	2022-03-18	2022-03-21T08:30:00+00:00	143
ABBV	2022-03-21	2022-03-22T08:30:00+00:00	144
ABBV	2022-03-22	2022-03-23T08:30:00+00:00	145
ABBV	2022-03-23	2022-03-24T08:30:00+00:00	146
ABBV	2022-03-24	2022-03-25T08:30:00+00:00	147
ABBV	2022-03-25	2022-03-28T07:30:00+00:00	148
ABBV	2022-03-28	2022-03-29T07:30:00+00:00	149
ABBV	2022-03-29	2022-03-30T07:30:00+00:00	150
ABBV	2022-03-30	2022-03-31T07:30:00+00:00	151
ABBV	2022-03-31	2022-04-01T07:30:00+00:00	152
ABBV	2022-04-01	2022-04-04T07:30:00+00:00	153
ABBV	2022-04-04	2022-04-05T07:30:00+00:00	154
ABBV	2022-04-05	2022-04-06T07:30:00+00:00	155
ABBV	2022-04-06	2022-04-07T07:30:00+00:00	156
ABBV	2022-04-07	2022-04-08T07:30:00+00:00	157
ABBV	2022-04-08	2022-04-11T07:30:00+00:00	158
ABBV	2022-04-11	2022-04-12T07:30:00+00:00	159
ABBV	2022-04-12	2022-04-13T07:30:00+00:00	160
ABBV	2022-04-13	2022-04-14T07:30:00+00:00	161
ABBV	2022-04-14	2022-04-18T07:30:00+00:00	162
ABBV	2022-04-18	2022-04-19T07:30:00+00:00	162
ABBV	2022-04-19	2022-04-20T07:30:00+00:00	163
ABBV	2022-04-20	2022-04-21T07:30:00+00:00	164
ABBV	2022-04-21	2022-04-22T07:30:00+00:00	165
ABBV	2022-04-22	2022-04-25T07:30:00+00:00	166
ABBV	2022-04-25	2022-04-26T07:30:00+00:00	167
ABBV	2022-04-26	2022-04-27T07:30:00+00:00	168
ABBV	2022-04-27	2022-04-28T07:30:00+00:00	169
ABBV	2022-04-28	2022-04-29T07:30:00+00:00	170
ABBV	2022-04-29	2022-05-02T07:30:00+00:00	171
ABBV	2022-05-02	2022-05-03T07:30:00+00:00	172
ABBV	2022-05-03	2022-05-04T07:30:00+00:00	173
ABBV	2022-05-04	2022-05-05T07:30:00+00:00	174
ABBV	2022-05-05	2022-05-06T07:30:00+00:00	175
ABBV	2022-05-06	2022-05-09T07:30:00+00:00	176
ABBV	2022-05-09	2022-05-10T07:30:00+00:00	177
ABBV	2022-05-10	2022-05-11T07:30:00+00:00	178
ABBV	2022-05-11	2022-05-12T07:30:00+00:00	179
ABBV	2022-05-12	2022-05-13T07:30:00+00:00	180
ABBV	2022-05-13	2022-05-16T07:30:00+00:00	181
ABBV	2022-05-16	2022-05-17T07:30:00+00:00	182
ABBV	2022-05-17	2022-05-18T07:30:00+00:00	183
ABBV	2022-05-18	2022-05-19T07:30:00+00:00	184
ABBV	2022-05-19	2022-05-20T07:30:00+00:00	185
ABBV	2022-05-20	2022-05-23T07:30:00+00:00	186
ABBV	2022-05-23	2022-05-24T07:30:00+00:00	187
ABBV	2022-05-24	2022-05-25T07:30:00+00:00	188
ABBV	2022-05-25	2022-05-26T07:30:00+00:00	189
ABBV	2022-05-26	2022-05-27T07:30:00+00:00	189
ABBV	2022-05-27	2022-05-31T07:30:00+00:00	191
ABBV	2022-05-31	2022-06-01T07:30:00+00:00	192
ABBV	2022-06-01	2022-06-02T07:30:00+00:00	193
ABBV	2022-06-02	2022-06-03T07:30:00+00:00	194
ABBV	2022-06-03	2022-06-06T07:30:00+00:00	195
ABBV	2022-06-06	2022-06-07T07:30:00+00:00	195
ABBV	2022-06-07	2022-06-08T07:30:00+00:00	196
ABBV	2022-06-08	2022-06-09T07:30:00+00:00	197
ABBV	2022-06-09	2022-06-10T07:30:00+00:00	198
ABBV	2022-06-10	2022-06-13T07:30:00+00:00	199
VRTX	2022-02-18	2022-02-22T08:30:00+00:00	124
VRTX	2022-02-22	2022-02-23T08:30:00+00:00	125
VRTX	2022-02-23	2022-02-24T08:30:00+00:00	126
VRTX	2022-02-24	2022-02-25T08:30:00+00:00	127
VRTX	2022-02-25	2022-02-28T08:30:00+00:00	128
VRTX	2022-02-28	2022-03-01T08:30:00+00:00	129
VRTX	2022-03-01	2022-03-02T08:30:00+00:00	130
VRTX	2022-03-02	2022-03-03T08:30:00+00:00	131
VRTX	2022-03-03	2022-03-04T08:30:00+00:00	132
VRTX	2022-03-04	2022-03-07T08:30:00+00:00	133
VRTX	2022-03-07	2022-03-08T08:30:00+00:00	134
VRTX	2022-03-08	2022-03-09T08:30:00+00:00	135
VRTX	2022-03-09	2022-03-10T08:30:00+00:00	136
VRTX	2022-03-10	2022-03-11T08:30:00+00:00	137
VRTX	2022-03-11	2022-03-14T08:30:00+00:00	138
VRTX	2022-03-14	2022-03-15T08:30:00+00:00	139
VRTX	2022-03-15	2022-03-16T08:30:00+00:00	140
VRTX	2022-03-16	2022-03-17T08:30:00+00:00	141
VRTX	2022-03-17	2022-03-18T08:30:00+00:00	142
VRTX	2022-03-18	2022-03-21T08:30:00+00:00	143
VRTX	2022-03-21	2022-03-22T08:30:00+00:00	144
VRTX	2022-03-22	2022-03-23T08:30:00+00:00	145
VRTX	2022-03-23	2022-03-24T08:30:00+00:00	146
VRTX	2022-03-24	2022-03-25T08:30:00+00:00	147
VRTX	2022-03-25	2022-03-28T07:30:00+00:00	148
VRTX	2022-03-28	2022-03-29T07:30:00+00:00	149
VRTX	2022-03-29	2022-03-30T07:30:00+00:00	150
VRTX	2022-03-30	2022-03-31T07:30:00+00:00	151
VRTX	2022-03-31	2022-04-01T07:30:00+00:00	152
VRTX	2022-04-01	2022-04-04T07:30:00+00:00	153
VRTX	2022-04-04	2022-04-05T07:30:00+00:00	154
VRTX	2022-04-05	2022-04-06T07:30:00+00:00	155
VRTX	2022-04-06	2022-04-07T07:30:00+00:00	156
VRTX	2022-04-07	2022-04-08T07:30:00+00:00	157
VRTX	2022-04-08	2022-04-11T07:30:00+00:00	158
VRTX	2022-04-11	2022-04-12T07:30:00+00:00	159
VRTX	2022-04-12	2022-04-13T07:30:00+00:00	160
VRTX	2022-04-13	2022-04-14T07:30:00+00:00	161
VRTX	2022-04-14	2022-04-18T07:30:00+00:00	162
VRTX	2022-04-18	2022-04-19T07:30:00+00:00	162
VRTX	2022-04-19	2022-04-20T07:30:00+00:00	163
VRTX	2022-04-20	2022-04-21T07:30:00+00:00	164
VRTX	2022-04-21	2022-04-22T07:30:00+00:00	165
VRTX	2022-04-22	2022-04-25T07:30:00+00:00	166
VRTX	2022-04-25	2022-04-26T07:30:00+00:00	167
VRTX	2022-04-26	2022-04-27T07:30:00+00:00	168
VRTX	2022-04-27	2022-04-28T07:30:00+00:00	169
VRTX	2022-04-28	2022-04-29T07:30:00+00:00	170
VRTX	2022-04-29	2022-05-02T07:30:00+00:00	171
VRTX	2022-05-02	2022-05-03T07:30:00+00:00	172
VRTX	2022-05-03	2022-05-04T07:30:00+00:00	173
VRTX	2022-05-04	2022-05-05T07:30:00+00:00	174
VRTX	2022-05-05	2022-05-06T07:30:00+00:00	175
VRTX	2022-05-06	2022-05-09T07:30:00+00:00	176
VRTX	2022-05-09	2022-05-10T07:30:00+00:00	177
VRTX	2022-05-10	2022-05-11T07:30:00+00:00	178
VRTX	2022-05-11	2022-05-12T07:30:00+00:00	179
VRTX	2022-05-12	2022-05-13T07:30:00+00:00	180
VRTX	2022-05-13	2022-05-16T07:30:00+00:00	181
VRTX	2022-05-16	2022-05-17T07:30:00+00:00	182
VRTX	2022-05-17	2022-05-18T07:30:00+00:00	183
VRTX	2022-05-18	2022-05-19T07:30:00+00:00	184
VRTX	2022-05-19	2022-05-20T07:30:00+00:00	185
VRTX	2022-05-20	2022-05-23T07:30:00+00:00	186
VRTX	2022-05-23	2022-05-24T07:30:00+00:00	187
VRTX	2022-05-24	2022-05-25T07:30:00+00:00	188
VRTX	2022-05-25	2022-05-26T07:30:00+00:00	189
VRTX	2022-05-26	2022-05-27T07:30:00+00:00	189
VRTX	2022-05-27	2022-05-31T07:30:00+00:00	191
VRTX	2022-05-31	2022-06-01T07:30:00+00:00	192
VRTX	2022-06-01	2022-06-02T07:30:00+00:00	193
VRTX	2022-06-02	2022-06-03T07:30:00+00:00	194
VRTX	2022-06-03	2022-06-06T07:30:00+00:00	195
VRTX	2022-06-06	2022-06-07T07:30:00+00:00	195
VRTX	2022-06-07	2022-06-08T07:30:00+00:00	196
VRTX	2022-06-08	2022-06-09T07:30:00+00:00	197
VRTX	2022-06-09	2022-06-10T07:30:00+00:00	198
VRTX	2022-06-10	2022-06-13T07:30:00+00:00	199
LMT	2022-02-18	2022-02-22T08:30:00+00:00	124
LMT	2022-02-22	2022-02-23T08:30:00+00:00	125
LMT	2022-02-23	2022-02-24T08:30:00+00:00	126
LMT	2022-02-24	2022-02-25T08:30:00+00:00	127
LMT	2022-02-25	2022-02-28T08:30:00+00:00	128
LMT	2022-02-28	2022-03-01T08:30:00+00:00	129
LMT	2022-03-01	2022-03-02T08:30:00+00:00	130
LMT	2022-03-02	2022-03-03T08:30:00+00:00	131
LMT	2022-03-03	2022-03-04T08:30:00+00:00	132
LMT	2022-03-04	2022-03-07T08:30:00+00:00	133
LMT	2022-03-07	2022-03-08T08:30:00+00:00	134
LMT	2022-03-08	2022-03-09T08:30:00+00:00	135
LMT	2022-03-09	2022-03-10T08:30:00+00:00	136
LMT	2022-03-10	2022-03-11T08:30:00+00:00	137
LMT	2022-03-11	2022-03-14T08:30:00+00:00	138
LMT	2022-03-14	2022-03-15T08:30:00+00:00	139
LMT	2022-03-15	2022-03-16T08:30:00+00:00	140
LMT	2022-03-16	2022-03-17T08:30:00+00:00	141
LMT	2022-03-17	2022-03-18T08:30:00+00:00	142
LMT	2022-03-18	2022-03-21T08:30:00+00:00	143
LMT	2022-03-21	2022-03-22T08:30:00+00:00	144
LMT	2022-03-22	2022-03-23T08:30:00+00:00	145
LMT	2022-03-23	2022-03-24T08:30:00+00:00	146
LMT	2022-03-24	2022-03-25T08:30:00+00:00	147
LMT	2022-03-25	2022-03-28T07:30:00+00:00	148
LMT	2022-03-28	2022-03-29T07:30:00+00:00	149
LMT	2022-03-29	2022-03-30T07:30:00+00:00	150
LMT	2022-03-30	2022-03-31T07:30:00+00:00	151
LMT	2022-03-31	2022-04-01T07:30:00+00:00	152
LMT	2022-04-01	2022-04-04T07:30:00+00:00	153
LMT	2022-04-04	2022-04-05T07:30:00+00:00	154
LMT	2022-04-05	2022-04-06T07:30:00+00:00	155
LMT	2022-04-06	2022-04-07T07:30:00+00:00	156
LMT	2022-04-07	2022-04-08T07:30:00+00:00	157
LMT	2022-04-08	2022-04-11T07:30:00+00:00	158
LMT	2022-04-11	2022-04-12T07:30:00+00:00	159
LMT	2022-04-12	2022-04-13T07:30:00+00:00	160
LMT	2022-04-13	2022-04-14T07:30:00+00:00	161
LMT	2022-04-14	2022-04-18T07:30:00+00:00	162
LMT	2022-04-18	2022-04-19T07:30:00+00:00	162
LMT	2022-04-19	2022-04-20T07:30:00+00:00	163
LMT	2022-04-20	2022-04-21T07:30:00+00:00	164
LMT	2022-04-21	2022-04-22T07:30:00+00:00	165
LMT	2022-04-22	2022-04-25T07:30:00+00:00	166
LMT	2022-04-25	2022-04-26T07:30:00+00:00	167
LMT	2022-04-26	2022-04-27T07:30:00+00:00	168
LMT	2022-04-27	2022-04-28T07:30:00+00:00	169
LMT	2022-04-28	2022-04-29T07:30:00+00:00	170
LMT	2022-04-29	2022-05-02T07:30:00+00:00	171
LMT	2022-05-02	2022-05-03T07:30:00+00:00	172
LMT	2022-05-03	2022-05-04T07:30:00+00:00	173
LMT	2022-05-04	2022-05-05T07:30:00+00:00	174
LMT	2022-05-05	2022-05-06T07:30:00+00:00	175
LMT	2022-05-06	2022-05-09T07:30:00+00:00	176
LMT	2022-05-09	2022-05-10T07:30:00+00:00	177
LMT	2022-05-10	2022-05-11T07:30:00+00:00	178
LMT	2022-05-11	2022-05-12T07:30:00+00:00	179
LMT	2022-05-12	2022-05-13T07:30:00+00:00	180
LMT	2022-05-13	2022-05-16T07:30:00+00:00	181
LMT	2022-05-16	2022-05-17T07:30:00+00:00	182
LMT	2022-05-17	2022-05-18T07:30:00+00:00	183
LMT	2022-05-18	2022-05-19T07:30:00+00:00	184
LMT	2022-05-19	2022-05-20T07:30:00+00:00	185
LMT	2022-05-20	2022-05-23T07:30:00+00:00	186
LMT	2022-05-23	2022-05-24T07:30:00+00:00	187
LMT	2022-05-24	2022-05-25T07:30:00+00:00	188
LMT	2022-05-25	2022-05-26T07:30:00+00:00	189
LMT	2022-05-26	2022-05-27T07:30:00+00:00	189
LMT	2022-05-27	2022-05-31T07:30:00+00:00	191
LMT	2022-05-31	2022-06-01T07:30:00+00:00	192
LMT	2022-06-01	2022-06-02T07:30:00+00:00	193
LMT	2022-06-02	2022-06-03T07:30:00+00:00	194
LMT	2022-06-03	2022-06-06T07:30:00+00:00	195
LMT	2022-06-06	2022-06-07T07:30:00+00:00	195
LMT	2022-06-07	2022-06-08T07:30:00+00:00	196
LMT	2022-06-08	2022-06-09T07:30:00+00:00	197
LMT	2022-06-09	2022-06-10T07:30:00+00:00	198
LMT	2022-06-10	2022-06-13T07:30:00+00:00	199
CAT	2022-02-18	2022-02-22T08:30:00+00:00	124
CAT	2022-02-22	2022-02-23T08:30:00+00:00	125
CAT	2022-02-23	2022-02-24T08:30:00+00:00	126
CAT	2022-02-24	2022-02-25T08:30:00+00:00	127
CAT	2022-02-25	2022-02-28T08:30:00+00:00	128
CAT	2022-02-28	2022-03-01T08:30:00+00:00	129
CAT	2022-03-01	2022-03-02T08:30:00+00:00	130
CAT	2022-03-02	2022-03-03T08:30:00+00:00	131
CAT	2022-03-03	2022-03-04T08:30:00+00:00	132
CAT	2022-03-04	2022-03-07T08:30:00+00:00	133
CAT	2022-03-07	2022-03-08T08:30:00+00:00	134
CAT	2022-03-08	2022-03-09T08:30:00+00:00	135
CAT	2022-03-09	2022-03-10T08:30:00+00:00	136
CAT	2022-03-10	2022-03-11T08:30:00+00:00	137
CAT	2022-03-11	2022-03-14T08:30:00+00:00	138
CAT	2022-03-14	2022-03-15T08:30:00+00:00	139
CAT	2022-03-15	2022-03-16T08:30:00+00:00	140
CAT	2022-03-16	2022-03-17T08:30:00+00:00	141
CAT	2022-03-17	2022-03-18T08:30:00+00:00	142
CAT	2022-03-18	2022-03-21T08:30:00+00:00	143
CAT	2022-03-21	2022-03-22T08:30:00+00:00	144
CAT	2022-03-22	2022-03-23T08:30:00+00:00	145
CAT	2022-03-23	2022-03-24T08:30:00+00:00	146
CAT	2022-03-24	2022-03-25T08:30:00+00:00	147
CAT	2022-03-25	2022-03-28T07:30:00+00:00	148
CAT	2022-03-28	2022-03-29T07:30:00+00:00	149
CAT	2022-03-29	2022-03-30T07:30:00+00:00	150
CAT	2022-03-30	2022-03-31T07:30:00+00:00	151
CAT	2022-03-31	2022-04-01T07:30:00+00:00	152
CAT	2022-04-01	2022-04-04T07:30:00+00:00	153
CAT	2022-04-04	2022-04-05T07:30:00+00:00	154
CAT	2022-04-05	2022-04-06T07:30:00+00:00	155
CAT	2022-04-06	2022-04-07T07:30:00+00:00	156
CAT	2022-04-07	2022-04-08T07:30:00+00:00	157
CAT	2022-04-08	2022-04-11T07:30:00+00:00	158
CAT	2022-04-11	2022-04-12T07:30:00+00:00	159
CAT	2022-04-12	2022-04-13T07:30:00+00:00	160
CAT	2022-04-13	2022-04-14T07:30:00+00:00	161
CAT	2022-04-14	2022-04-18T07:30:00+00:00	162
CAT	2022-04-18	2022-04-19T07:30:00+00:00	162
CAT	2022-04-19	2022-04-20T07:30:00+00:00	163
CAT	2022-04-20	2022-04-21T07:30:00+00:00	164
CAT	2022-04-21	2022-04-22T07:30:00+00:00	165
CAT	2022-04-22	2022-04-25T07:30:00+00:00	166
CAT	2022-04-25	2022-04-26T07:30:00+00:00	167
CAT	2022-04-26	2022-04-27T07:30:00+00:00	168
CAT	2022-04-27	2022-04-28T07:30:00+00:00	169
CAT	2022-04-28	2022-04-29T07:30:00+00:00	170
CAT	2022-04-29	2022-05-02T07:30:00+00:00	171
CAT	2022-05-02	2022-05-03T07:30:00+00:00	172
CAT	2022-05-03	2022-05-04T07:30:00+00:00	173
CAT	2022-05-04	2022-05-05T07:30:00+00:00	174
CAT	2022-05-05	2022-05-06T07:30:00+00:00	175
CAT	2022-05-06	2022-05-09T07:30:00+00:00	176
CAT	2022-05-09	2022-05-10T07:30:00+00:00	177
CAT	2022-05-10	2022-05-11T07:30:00+00:00	178
CAT	2022-05-11	2022-05-12T07:30:00+00:00	179
CAT	2022-05-12	2022-05-13T07:30:00+00:00	180
CAT	2022-05-13	2022-05-16T07:30:00+00:00	181
CAT	2022-05-16	2022-05-17T07:30:00+00:00	182
CAT	2022-05-17	2022-05-18T07:30:00+00:00	183
CAT	2022-05-18	2022-05-19T07:30:00+00:00	184
CAT	2022-05-19	2022-05-20T07:30:00+00:00	185
CAT	2022-05-20	2022-05-23T07:30:00+00:00	186
CAT	2022-05-23	2022-05-24T07:30:00+00:00	187
CAT	2022-05-24	2022-05-25T07:30:00+00:00	188
CAT	2022-05-25	2022-05-26T07:30:00+00:00	189
CAT	2022-05-26	2022-05-27T07:30:00+00:00	189
CAT	2022-05-27	2022-05-31T07:30:00+00:00	191
CAT	2022-05-31	2022-06-01T07:30:00+00:00	192
CAT	2022-06-01	2022-06-02T07:30:00+00:00	193
CAT	2022-06-02	2022-06-03T07:30:00+00:00	194
CAT	2022-06-03	2022-06-06T07:30:00+00:00	195
CAT	2022-06-06	2022-06-07T07:30:00+00:00	195
CAT	2022-06-07	2022-06-08T07:30:00+00:00	196
CAT	2022-06-08	2022-06-09T07:30:00+00:00	197
CAT	2022-06-09	2022-06-10T07:30:00+00:00	198
CAT	2022-06-10	2022-06-13T07:30:00+00:00	199
XOM	2022-02-18	2022-02-22T08:30:00+00:00	124
XOM	2022-02-22	2022-02-23T08:30:00+00:00	125
XOM	2022-02-23	2022-02-24T08:30:00+00:00	126
XOM	2022-02-24	2022-02-25T08:30:00+00:00	127
XOM	2022-02-25	2022-02-28T08:30:00+00:00	128
XOM	2022-02-28	2022-03-01T08:30:00+00:00	129
XOM	2022-03-01	2022-03-02T08:30:00+00:00	130
XOM	2022-03-02	2022-03-03T08:30:00+00:00	131
XOM	2022-03-03	2022-03-04T08:30:00+00:00	132
XOM	2022-03-04	2022-03-07T08:30:00+00:00	133
XOM	2022-03-07	2022-03-08T08:30:00+00:00	134
XOM	2022-03-08	2022-03-09T08:30:00+00:00	135
XOM	2022-03-09	2022-03-10T08:30:00+00:00	136
XOM	2022-03-10	2022-03-11T08:30:00+00:00	137
XOM	2022-03-11	2022-03-14T08:30:00+00:00	138
XOM	2022-03-14	2022-03-15T08:30:00+00:00	139
XOM	2022-03-15	2022-03-16T08:30:00+00:00	140
XOM	2022-03-16	2022-03-17T08:30:00+00:00	141
XOM	2022-03-17	2022-03-18T08:30:00+00:00	142
XOM	2022-03-18	2022-03-21T08:30:00+00:00	143
XOM	2022-03-21	2022-03-22T08:30:00+00:00	144
XOM	2022-03-22	2022-03-23T08:30:00+00:00	145
XOM	2022-03-23	2022-03-24T08:30:00+00:00	146
XOM	2022-03-24	2022-03-25T08:30:00+00:00	147
XOM	2022-03-25	2022-03-28T07:30:00+00:00	148
XOM	2022-03-28	2022-03-29T07:30:00+00:00	149
XOM	2022-03-29	2022-03-30T07:30:00+00:00	150
XOM	2022-03-30	2022-03-31T07:30:00+00:00	151
XOM	2022-03-31	2022-04-01T07:30:00+00:00	152
XOM	2022-04-01	2022-04-04T07:30:00+00:00	153
XOM	2022-04-04	2022-04-05T07:30:00+00:00	154
XOM	2022-04-05	2022-04-06T07:30:00+00:00	155
XOM	2022-04-06	2022-04-07T07:30:00+00:00	156
XOM	2022-04-07	2022-04-08T07:30:00+00:00	157
XOM	2022-04-08	2022-04-11T07:30:00+00:00	158
XOM	2022-04-11	2022-04-12T07:30:00+00:00	159
XOM	2022-04-12	2022-04-13T07:30:00+00:00	160
XOM	2022-04-13	2022-04-14T07:30:00+00:00	161
XOM	2022-04-14	2022-04-18T07:30:00+00:00	162
XOM	2022-04-18	2022-04-19T07:30:00+00:00	162
XOM	2022-04-19	2022-04-20T07:30:00+00:00	163
XOM	2022-04-20	2022-04-21T07:30:00+00:00	164
XOM	2022-04-21	2022-04-22T07:30:00+00:00	165
XOM	2022-04-22	2022-04-25T07:30:00+00:00	166
XOM	2022-04-25	2022-04-26T07:30:00+00:00	167
XOM	2022-04-26	2022-04-27T07:30:00+00:00	168
XOM	2022-04-27	2022-04-28T07:30:00+00:00	169
XOM	2022-04-28	2022-04-29T07:30:00+00:00	170
XOM	2022-04-29	2022-05-02T07:30:00+00:00	171
XOM	2022-05-02	2022-05-03T07:30:00+00:00	172
XOM	2022-05-03	2022-05-04T07:30:00+00:00	173
XOM	2022-05-04	2022-05-05T07:30:00+00:00	174
XOM	2022-05-05	2022-05-06T07:30:00+00:00	175
XOM	2022-05-06	2022-05-09T07:30:00+00:00	176
XOM	2022-05-09	2022-05-10T07:30:00+00:00	177
XOM	2022-05-10	2022-05-11T07:30:00+00:00	178
XOM	2022-05-11	2022-05-12T07:30:00+00:00	179
XOM	2022-05-12	2022-05-13T07:30:00+00:00	180
XOM	2022-05-13	2022-05-16T07:30:00+00:00	181
XOM	2022-05-16	2022-05-17T07:30:00+00:00	182
XOM	2022-05-17	2022-05-18T07:30:00+00:00	183
XOM	2022-05-18	2022-05-19T07:30:00+00:00	184
XOM	2022-05-19	2022-05-20T07:30:00+00:00	185
XOM	2022-05-20	2022-05-23T07:30:00+00:00	186
XOM	2022-05-23	2022-05-24T07:30:00+00:00	187
XOM	2022-05-24	2022-05-25T07:30:00+00:00	188
XOM	2022-05-25	2022-05-26T07:30:00+00:00	189
XOM	2022-05-26	2022-05-27T07:30:00+00:00	189
XOM	2022-05-27	2022-05-31T07:30:00+00:00	191
XOM	2022-05-31	2022-06-01T07:30:00+00:00	192
XOM	2022-06-01	2022-06-02T07:30:00+00:00	193
XOM	2022-06-02	2022-06-03T07:30:00+00:00	194
XOM	2022-06-03	2022-06-06T07:30:00+00:00	195
XOM	2022-06-06	2022-06-07T07:30:00+00:00	195
XOM	2022-06-07	2022-06-08T07:30:00+00:00	196
XOM	2022-06-08	2022-06-09T07:30:00+00:00	197
XOM	2022-06-09	2022-06-10T07:30:00+00:00	198
XOM	2022-06-10	2022-06-13T07:30:00+00:00	199
CVX	2022-02-18	2022-02-22T08:30:00+00:00	124
CVX	2022-02-22	2022-02-23T08:30:00+00:00	125
CVX	2022-02-23	2022-02-24T08:30:00+00:00	126
CVX	2022-02-24	2022-02-25T08:30:00+00:00	127
CVX	2022-02-25	2022-02-28T08:30:00+00:00	128
CVX	2022-02-28	2022-03-01T08:30:00+00:00	129
CVX	2022-03-01	2022-03-02T08:30:00+00:00	130
CVX	2022-03-02	2022-03-03T08:30:00+00:00	131
CVX	2022-03-03	2022-03-04T08:30:00+00:00	132
CVX	2022-03-04	2022-03-07T08:30:00+00:00	133
CVX	2022-03-07	2022-03-08T08:30:00+00:00	134
CVX	2022-03-08	2022-03-09T08:30:00+00:00	135
CVX	2022-03-09	2022-03-10T08:30:00+00:00	136
CVX	2022-03-10	2022-03-11T08:30:00+00:00	137
CVX	2022-03-11	2022-03-14T08:30:00+00:00	138
CVX	2022-03-14	2022-03-15T08:30:00+00:00	139
CVX	2022-03-15	2022-03-16T08:30:00+00:00	140
CVX	2022-03-16	2022-03-17T08:30:00+00:00	141
CVX	2022-03-17	2022-03-18T08:30:00+00:00	142
CVX	2022-03-18	2022-03-21T08:30:00+00:00	143
CVX	2022-03-21	2022-03-22T08:30:00+00:00	144
CVX	2022-03-22	2022-03-23T08:30:00+00:00	145
CVX	2022-03-23	2022-03-24T08:30:00+00:00	146
CVX	2022-03-24	2022-03-25T08:30:00+00:00	147
CVX	2022-03-25	2022-03-28T07:30:00+00:00	148
CVX	2022-03-28	2022-03-29T07:30:00+00:00	149
CVX	2022-03-29	2022-03-30T07:30:00+00:00	150
CVX	2022-03-30	2022-03-31T07:30:00+00:00	151
CVX	2022-03-31	2022-04-01T07:30:00+00:00	152
CVX	2022-04-01	2022-04-04T07:30:00+00:00	153
CVX	2022-04-04	2022-04-05T07:30:00+00:00	154
CVX	2022-04-05	2022-04-06T07:30:00+00:00	155
CVX	2022-04-06	2022-04-07T07:30:00+00:00	156
CVX	2022-04-07	2022-04-08T07:30:00+00:00	157
CVX	2022-04-08	2022-04-11T07:30:00+00:00	158
CVX	2022-04-11	2022-04-12T07:30:00+00:00	159
CVX	2022-04-12	2022-04-13T07:30:00+00:00	160
CVX	2022-04-13	2022-04-14T07:30:00+00:00	161
CVX	2022-04-14	2022-04-18T07:30:00+00:00	162
CVX	2022-04-18	2022-04-19T07:30:00+00:00	162
CVX	2022-04-19	2022-04-20T07:30:00+00:00	163
CVX	2022-04-20	2022-04-21T07:30:00+00:00	164
CVX	2022-04-21	2022-04-22T07:30:00+00:00	165
CVX	2022-04-22	2022-04-25T07:30:00+00:00	166
CVX	2022-04-25	2022-04-26T07:30:00+00:00	167
CVX	2022-04-26	2022-04-27T07:30:00+00:00	168
CVX	2022-04-27	2022-04-28T07:30:00+00:00	169
CVX	2022-04-28	2022-04-29T07:30:00+00:00	170
CVX	2022-04-29	2022-05-02T07:30:00+00:00	171
CVX	2022-05-02	2022-05-03T07:30:00+00:00	172
CVX	2022-05-03	2022-05-04T07:30:00+00:00	173
CVX	2022-05-04	2022-05-05T07:30:00+00:00	174
CVX	2022-05-05	2022-05-06T07:30:00+00:00	175
CVX	2022-05-06	2022-05-09T07:30:00+00:00	176
CVX	2022-05-09	2022-05-10T07:30:00+00:00	177
CVX	2022-05-10	2022-05-11T07:30:00+00:00	178
CVX	2022-05-11	2022-05-12T07:30:00+00:00	179
CVX	2022-05-12	2022-05-13T07:30:00+00:00	180
CVX	2022-05-13	2022-05-16T07:30:00+00:00	181
CVX	2022-05-16	2022-05-17T07:30:00+00:00	182
CVX	2022-05-17	2022-05-18T07:30:00+00:00	183
CVX	2022-05-18	2022-05-19T07:30:00+00:00	184
CVX	2022-05-19	2022-05-20T07:30:00+00:00	185
CVX	2022-05-20	2022-05-23T07:30:00+00:00	186
CVX	2022-05-23	2022-05-24T07:30:00+00:00	187
CVX	2022-05-24	2022-05-25T07:30:00+00:00	188
CVX	2022-05-25	2022-05-26T07:30:00+00:00	189
CVX	2022-05-26	2022-05-27T07:30:00+00:00	189
CVX	2022-05-27	2022-05-31T07:30:00+00:00	191
CVX	2022-05-31	2022-06-01T07:30:00+00:00	192
CVX	2022-06-01	2022-06-02T07:30:00+00:00	193
CVX	2022-06-02	2022-06-03T07:30:00+00:00	194
CVX	2022-06-03	2022-06-06T07:30:00+00:00	195
CVX	2022-06-06	2022-06-07T07:30:00+00:00	195
CVX	2022-06-07	2022-06-08T07:30:00+00:00	196
CVX	2022-06-08	2022-06-09T07:30:00+00:00	197
CVX	2022-06-09	2022-06-10T07:30:00+00:00	198
CVX	2022-06-10	2022-06-13T07:30:00+00:00	199
COIN	2022-02-18	2022-02-22T08:30:00+00:00	124
COIN	2022-02-22	2022-02-23T08:30:00+00:00	125
COIN	2022-02-23	2022-02-24T08:30:00+00:00	126
COIN	2022-02-24	2022-02-25T08:30:00+00:00	127
COIN	2022-02-25	2022-02-28T08:30:00+00:00	128
COIN	2022-02-28	2022-03-01T08:30:00+00:00	129
COIN	2022-03-01	2022-03-02T08:30:00+00:00	130
COIN	2022-03-02	2022-03-03T08:30:00+00:00	131
COIN	2022-03-03	2022-03-04T08:30:00+00:00	132
COIN	2022-03-04	2022-03-07T08:30:00+00:00	133
COIN	2022-03-07	2022-03-08T08:30:00+00:00	134
COIN	2022-03-08	2022-03-09T08:30:00+00:00	135
COIN	2022-03-09	2022-03-10T08:30:00+00:00	136
COIN	2022-03-10	2022-03-11T08:30:00+00:00	137
COIN	2022-03-11	2022-03-14T08:30:00+00:00	138
COIN	2022-03-14	2022-03-15T08:30:00+00:00	139
COIN	2022-03-15	2022-03-16T08:30:00+00:00	140
COIN	2022-03-16	2022-03-17T08:30:00+00:00	141
COIN	2022-03-17	2022-03-18T08:30:00+00:00	142
COIN	2022-03-18	2022-03-21T08:30:00+00:00	143
COIN	2022-03-21	2022-03-22T08:30:00+00:00	144
COIN	2022-03-22	2022-03-23T08:30:00+00:00	145
COIN	2022-03-23	2022-03-24T08:30:00+00:00	146
COIN	2022-03-24	2022-03-25T08:30:00+00:00	147
COIN	2022-03-25	2022-03-28T07:30:00+00:00	148
COIN	2022-03-28	2022-03-29T07:30:00+00:00	149
COIN	2022-03-29	2022-03-30T07:30:00+00:00	150
COIN	2022-03-30	2022-03-31T07:30:00+00:00	151
COIN	2022-03-31	2022-04-01T07:30:00+00:00	152
COIN	2022-04-01	2022-04-04T07:30:00+00:00	153
COIN	2022-04-04	2022-04-05T07:30:00+00:00	154
COIN	2022-04-05	2022-04-06T07:30:00+00:00	155
COIN	2022-04-06	2022-04-07T07:30:00+00:00	156
COIN	2022-04-07	2022-04-08T07:30:00+00:00	157
COIN	2022-04-08	2022-04-11T07:30:00+00:00	158
COIN	2022-04-11	2022-04-12T07:30:00+00:00	159
COIN	2022-04-12	2022-04-13T07:30:00+00:00	160
COIN	2022-04-13	2022-04-14T07:30:00+00:00	161
COIN	2022-04-14	2022-04-18T07:30:00+00:00	162
COIN	2022-04-18	2022-04-19T07:30:00+00:00	162
COIN	2022-04-19	2022-04-20T07:30:00+00:00	163
COIN	2022-04-20	2022-04-21T07:30:00+00:00	164
COIN	2022-04-21	2022-04-22T07:30:00+00:00	165
COIN	2022-04-22	2022-04-25T07:30:00+00:00	166
COIN	2022-04-25	2022-04-26T07:30:00+00:00	167
COIN	2022-04-26	2022-04-27T07:30:00+00:00	168
COIN	2022-04-27	2022-04-28T07:30:00+00:00	169
COIN	2022-04-28	2022-04-29T07:30:00+00:00	170
COIN	2022-04-29	2022-05-02T07:30:00+00:00	171
COIN	2022-05-02	2022-05-03T07:30:00+00:00	172
COIN	2022-05-03	2022-05-04T07:30:00+00:00	173
COIN	2022-05-04	2022-05-05T07:30:00+00:00	174
COIN	2022-05-05	2022-05-06T07:30:00+00:00	175
COIN	2022-05-06	2022-05-09T07:30:00+00:00	176
COIN	2022-05-09	2022-05-10T07:30:00+00:00	177
COIN	2022-05-10	2022-05-11T07:30:00+00:00	178
COIN	2022-05-11	2022-05-12T07:30:00+00:00	179
COIN	2022-05-12	2022-05-13T07:30:00+00:00	180
COIN	2022-05-13	2022-05-16T07:30:00+00:00	181
COIN	2022-05-16	2022-05-17T07:30:00+00:00	182
COIN	2022-05-17	2022-05-18T07:30:00+00:00	183
COIN	2022-05-18	2022-05-19T07:30:00+00:00	184
COIN	2022-05-19	2022-05-20T07:30:00+00:00	185
COIN	2022-05-20	2022-05-23T07:30:00+00:00	186
COIN	2022-05-23	2022-05-24T07:30:00+00:00	187
COIN	2022-05-24	2022-05-25T07:30:00+00:00	188
COIN	2022-05-25	2022-05-26T07:30:00+00:00	189
COIN	2022-05-26	2022-05-27T07:30:00+00:00	189
COIN	2022-05-27	2022-05-31T07:30:00+00:00	191
COIN	2022-05-31	2022-06-01T07:30:00+00:00	192
COIN	2022-06-01	2022-06-02T07:30:00+00:00	193
COIN	2022-06-02	2022-06-03T07:30:00+00:00	194
COIN	2022-06-03	2022-06-06T07:30:00+00:00	195
COIN	2022-06-06	2022-06-07T07:30:00+00:00	195
COIN	2022-06-07	2022-06-08T07:30:00+00:00	196
COIN	2022-06-08	2022-06-09T07:30:00+00:00	197
COIN	2022-06-09	2022-06-10T07:30:00+00:00	198
COIN	2022-06-10	2022-06-13T07:30:00+00:00	199
SAP.DE	2022-02-16	2022-02-17T07:00:00+00:00	121
SAP.DE	2022-02-17	2022-02-18T07:00:00+00:00	122
SAP.DE	2022-02-18	2022-02-21T07:00:00+00:00	123
SAP.DE	2022-02-21	2022-02-22T07:00:00+00:00	124
SAP.DE	2022-02-22	2022-02-23T07:00:00+00:00	125
SAP.DE	2022-02-23	2022-02-24T07:00:00+00:00	126
SAP.DE	2022-02-24	2022-02-25T07:00:00+00:00	127
SAP.DE	2022-02-25	2022-02-28T07:00:00+00:00	128
SAP.DE	2022-02-28	2022-03-01T07:00:00+00:00	129
SAP.DE	2022-03-01	2022-03-02T07:00:00+00:00	130
SAP.DE	2022-03-02	2022-03-03T07:00:00+00:00	131
SAP.DE	2022-03-03	2022-03-04T07:00:00+00:00	132
SAP.DE	2022-03-04	2022-03-07T07:00:00+00:00	133
SAP.DE	2022-03-07	2022-03-08T07:00:00+00:00	134
SAP.DE	2022-03-08	2022-03-09T07:00:00+00:00	135
SAP.DE	2022-03-09	2022-03-10T07:00:00+00:00	136
SAP.DE	2022-03-10	2022-03-11T07:00:00+00:00	137
SAP.DE	2022-03-11	2022-03-14T07:00:00+00:00	138
SAP.DE	2022-03-14	2022-03-15T07:00:00+00:00	139
SAP.DE	2022-03-15	2022-03-16T07:00:00+00:00	140
SAP.DE	2022-03-16	2022-03-17T07:00:00+00:00	141
SAP.DE	2022-03-17	2022-03-18T07:00:00+00:00	142
SAP.DE	2022-03-18	2022-03-21T07:00:00+00:00	143
SAP.DE	2022-03-21	2022-03-22T07:00:00+00:00	144
SAP.DE	2022-03-22	2022-03-23T07:00:00+00:00	145
SAP.DE	2022-03-23	2022-03-24T07:00:00+00:00	146
SAP.DE	2022-03-24	2022-03-25T07:00:00+00:00	147
SAP.DE	2022-03-25	2022-03-28T06:00:00+00:00	148
SAP.DE	2022-03-28	2022-03-29T06:00:00+00:00	149
SAP.DE	2022-03-29	2022-03-30T06:00:00+00:00	150
SAP.DE	2022-03-30	2022-03-31T06:00:00+00:00	151
SAP.DE	2022-03-31	2022-04-01T06:00:00+00:00	152
SAP.DE	2022-04-01	2022-04-04T06:00:00+00:00	153
SAP.DE	2022-04-04	2022-04-05T06:00:00+00:00	154
SAP.DE	2022-04-05	2022-04-06T06:00:00+00:00	155
SAP.DE	2022-04-06	2022-04-07T06:00:00+00:00	156
SAP.DE	2022-04-07	2022-04-08T06:00:00+00:00	157
SAP.DE	2022-04-08	2022-04-11T06:00:00+00:00	158
SAP.DE	2022-04-11	2022-04-12T06:00:00+00:00	159
SAP.DE	2022-04-12	2022-04-13T06:00:00+00:00	160
SAP.DE	2022-04-13	2022-04-14T06:00:00+00:00	161
SAP.DE	2022-04-14	2022-04-19T06:00:00+00:00	162
SAP.DE	2022-04-19	2022-04-20T06:00:00+00:00	163
SAP.DE	2022-04-20	2022-04-21T06:00:00+00:00	164
SAP.DE	2022-04-21	2022-04-22T06:00:00+00:00	165
SAP.DE	2022-04-22	2022-04-25T06:00:00+00:00	166
SAP.DE	2022-04-25	2022-04-26T06:00:00+00:00	167
SAP.DE	2022-04-26	2022-04-27T06:00:00+00:00	168
SAP.DE	2022-04-27	2022-04-28T06:00:00+00:00	169
SAP.DE	2022-04-28	2022-04-29T06:00:00+00:00	170
SAP.DE	2022-04-29	2022-05-02T06:00:00+00:00	171
SAP.DE	2022-05-02	2022-05-03T06:00:00+00:00	172
SAP.DE	2022-05-03	2022-05-04T06:00:00+00:00	173
SAP.DE	2022-05-04	2022-05-05T06:00:00+00:00	174
SAP.DE	2022-05-05	2022-05-06T06:00:00+00:00	175
SAP.DE	2022-05-06	2022-05-09T06:00:00+00:00	176
SAP.DE	2022-05-09	2022-05-10T06:00:00+00:00	177
SAP.DE	2022-05-10	2022-05-11T06:00:00+00:00	178
SAP.DE	2022-05-11	2022-05-12T06:00:00+00:00	179
SAP.DE	2022-05-12	2022-05-13T06:00:00+00:00	180
SAP.DE	2022-05-13	2022-05-16T06:00:00+00:00	181
SAP.DE	2022-05-16	2022-05-17T06:00:00+00:00	182
SAP.DE	2022-05-17	2022-05-18T06:00:00+00:00	183
SAP.DE	2022-05-18	2022-05-19T06:00:00+00:00	184
SAP.DE	2022-05-19	2022-05-20T06:00:00+00:00	185
SAP.DE	2022-05-20	2022-05-23T06:00:00+00:00	186
SAP.DE	2022-05-23	2022-05-24T06:00:00+00:00	187
SAP.DE	2022-05-24	2022-05-25T06:00:00+00:00	188
SAP.DE	2022-05-25	2022-05-26T06:00:00+00:00	189
SAP.DE	2022-05-26	2022-05-27T06:00:00+00:00	189
SAP.DE	2022-05-27	2022-05-30T06:00:00+00:00	190
SAP.DE	2022-05-30	2022-05-31T06:00:00+00:00	191
SAP.DE	2022-05-31	2022-06-01T06:00:00+00:00	192
SAP.DE	2022-06-01	2022-06-02T06:00:00+00:00	193
SAP.DE	2022-06-02	2022-06-03T06:00:00+00:00	194
SAP.DE	2022-06-03	2022-06-06T06:00:00+00:00	195
SAP.DE	2022-06-06	2022-06-07T06:00:00+00:00	195
SAP.DE	2022-06-07	2022-06-08T06:00:00+00:00	196
SAP.DE	2022-06-08	2022-06-09T06:00:00+00:00	197
SAP.DE	2022-06-09	2022-06-10T06:00:00+00:00	198
SAP.DE	2022-06-10	2022-06-13T06:00:00+00:00	199
SIE.DE	2022-02-16	2022-02-17T07:00:00+00:00	121
SIE.DE	2022-02-17	2022-02-18T07:00:00+00:00	122
SIE.DE	2022-02-18	2022-02-21T07:00:00+00:00	123
SIE.DE	2022-02-21	2022-02-22T07:00:00+00:00	124
SIE.DE	2022-02-22	2022-02-23T07:00:00+00:00	125
SIE.DE	2022-02-23	2022-02-24T07:00:00+00:00	126
SIE.DE	2022-02-24	2022-02-25T07:00:00+00:00	127
SIE.DE	2022-02-25	2022-02-28T07:00:00+00:00	128
SIE.DE	2022-02-28	2022-03-01T07:00:00+00:00	129
SIE.DE	2022-03-01	2022-03-02T07:00:00+00:00	130
SIE.DE	2022-03-02	2022-03-03T07:00:00+00:00	131
SIE.DE	2022-03-03	2022-03-04T07:00:00+00:00	132
SIE.DE	2022-03-04	2022-03-07T07:00:00+00:00	133
SIE.DE	2022-03-07	2022-03-08T07:00:00+00:00	134
SIE.DE	2022-03-08	2022-03-09T07:00:00+00:00	135
SIE.DE	2022-03-09	2022-03-10T07:00:00+00:00	136
SIE.DE	2022-03-10	2022-03-11T07:00:00+00:00	137
SIE.DE	2022-03-11	2022-03-14T07:00:00+00:00	138
SIE.DE	2022-03-14	2022-03-15T07:00:00+00:00	139
SIE.DE	2022-03-15	2022-03-16T07:00:00+00:00	140
SIE.DE	2022-03-16	2022-03-17T07:00:00+00:00	141
SIE.DE	2022-03-17	2022-03-18T07:00:00+00:00	142
SIE.DE	2022-03-18	2022-03-21T07:00:00+00:00	143
SIE.DE	2022-03-21	2022-03-22T07:00:00+00:00	144
SIE.DE	2022-03-22	2022-03-23T07:00:00+00:00	145
SIE.DE	2022-03-23	2022-03-24T07:00:00+00:00	146
SIE.DE	2022-03-24	2022-03-25T07:00:00+00:00	147
SIE.DE	2022-03-25	2022-03-28T06:00:00+00:00	148
SIE.DE	2022-03-28	2022-03-29T06:00:00+00:00	149
SIE.DE	2022-03-29	2022-03-30T06:00:00+00:00	150
SIE.DE	2022-03-30	2022-03-31T06:00:00+00:00	151
SIE.DE	2022-03-31	2022-04-01T06:00:00+00:00	152
SIE.DE	2022-04-01	2022-04-04T06:00:00+00:00	153
SIE.DE	2022-04-04	2022-04-05T06:00:00+00:00	154
SIE.DE	2022-04-05	2022-04-06T06:00:00+00:00	155
SIE.DE	2022-04-06	2022-04-07T06:00:00+00:00	156
SIE.DE	2022-04-07	2022-04-08T06:00:00+00:00	157
SIE.DE	2022-04-08	2022-04-11T06:00:00+00:00	158
SIE.DE	2022-04-11	2022-04-12T06:00:00+00:00	159
SIE.DE	2022-04-12	2022-04-13T06:00:00+00:00	160
SIE.DE	2022-04-13	2022-04-14T06:00:00+00:00	161
SIE.DE	2022-04-14	2022-04-19T06:00:00+00:00	162
SIE.DE	2022-04-19	2022-04-20T06:00:00+00:00	163
SIE.DE	2022-04-20	2022-04-21T06:00:00+00:00	164
SIE.DE	2022-04-21	2022-04-22T06:00:00+00:00	165
SIE.DE	2022-04-22	2022-04-25T06:00:00+00:00	166
SIE.DE	2022-04-25	2022-04-26T06:00:00+00:00	167
SIE.DE	2022-04-26	2022-04-27T06:00:00+00:00	168
SIE.DE	2022-04-27	2022-04-28T06:00:00+00:00	169
SIE.DE	2022-04-28	2022-04-29T06:00:00+00:00	170
SIE.DE	2022-04-29	2022-05-02T06:00:00+00:00	171
SIE.DE	2022-05-02	2022-05-03T06:00:00+00:00	172
SIE.DE	2022-05-03	2022-05-04T06:00:00+00:00	173
SIE.DE	2022-05-04	2022-05-05T06:00:00+00:00	174
SIE.DE	2022-05-05	2022-05-06T06:00:00+00:00	175
SIE.DE	2022-05-06	2022-05-09T06:00:00+00:00	176
SIE.DE	2022-05-09	2022-05-10T06:00:00+00:00	177
SIE.DE	2022-05-10	2022-05-11T06:00:00+00:00	178
SIE.DE	2022-05-11	2022-05-12T06:00:00+00:00	179
SIE.DE	2022-05-12	2022-05-13T06:00:00+00:00	180
SIE.DE	2022-05-13	2022-05-16T06:00:00+00:00	181
SIE.DE	2022-05-16	2022-05-17T06:00:00+00:00	182
SIE.DE	2022-05-17	2022-05-18T06:00:00+00:00	183
SIE.DE	2022-05-18	2022-05-19T06:00:00+00:00	184
SIE.DE	2022-05-19	2022-05-20T06:00:00+00:00	185
SIE.DE	2022-05-20	2022-05-23T06:00:00+00:00	186
SIE.DE	2022-05-23	2022-05-24T06:00:00+00:00	187
SIE.DE	2022-05-24	2022-05-25T06:00:00+00:00	188
SIE.DE	2022-05-25	2022-05-26T06:00:00+00:00	189
SIE.DE	2022-05-26	2022-05-27T06:00:00+00:00	189
SIE.DE	2022-05-27	2022-05-30T06:00:00+00:00	190
SIE.DE	2022-05-30	2022-05-31T06:00:00+00:00	191
SIE.DE	2022-05-31	2022-06-01T06:00:00+00:00	192
SIE.DE	2022-06-01	2022-06-02T06:00:00+00:00	193
SIE.DE	2022-06-02	2022-06-03T06:00:00+00:00	194
SIE.DE	2022-06-03	2022-06-06T06:00:00+00:00	195
SIE.DE	2022-06-06	2022-06-07T06:00:00+00:00	195
SIE.DE	2022-06-07	2022-06-08T06:00:00+00:00	196
SIE.DE	2022-06-08	2022-06-09T06:00:00+00:00	197
SIE.DE	2022-06-09	2022-06-10T06:00:00+00:00	198
SIE.DE	2022-06-10	2022-06-13T06:00:00+00:00	199
ALV.DE	2022-02-16	2022-02-17T07:00:00+00:00	121
ALV.DE	2022-02-17	2022-02-18T07:00:00+00:00	122
ALV.DE	2022-02-18	2022-02-21T07:00:00+00:00	123
ALV.DE	2022-02-21	2022-02-22T07:00:00+00:00	124
ALV.DE	2022-02-22	2022-02-23T07:00:00+00:00	125
ALV.DE	2022-02-23	2022-02-24T07:00:00+00:00	126
ALV.DE	2022-02-24	2022-02-25T07:00:00+00:00	127
ALV.DE	2022-02-25	2022-02-28T07:00:00+00:00	128
ALV.DE	2022-02-28	2022-03-01T07:00:00+00:00	129
ALV.DE	2022-03-01	2022-03-02T07:00:00+00:00	130
ALV.DE	2022-03-02	2022-03-03T07:00:00+00:00	131
ALV.DE	2022-03-03	2022-03-04T07:00:00+00:00	132
ALV.DE	2022-03-04	2022-03-07T07:00:00+00:00	133
ALV.DE	2022-03-07	2022-03-08T07:00:00+00:00	134
ALV.DE	2022-03-08	2022-03-09T07:00:00+00:00	135
ALV.DE	2022-03-09	2022-03-10T07:00:00+00:00	136
ALV.DE	2022-03-10	2022-03-11T07:00:00+00:00	137
ALV.DE	2022-03-11	2022-03-14T07:00:00+00:00	138
ALV.DE	2022-03-14	2022-03-15T07:00:00+00:00	139
ALV.DE	2022-03-15	2022-03-16T07:00:00+00:00	140
ALV.DE	2022-03-16	2022-03-17T07:00:00+00:00	141
ALV.DE	2022-03-17	2022-03-18T07:00:00+00:00	142
ALV.DE	2022-03-18	2022-03-21T07:00:00+00:00	143
ALV.DE	2022-03-21	2022-03-22T07:00:00+00:00	144
ALV.DE	2022-03-22	2022-03-23T07:00:00+00:00	145
ALV.DE	2022-03-23	2022-03-24T07:00:00+00:00	146
ALV.DE	2022-03-24	2022-03-25T07:00:00+00:00	147
ALV.DE	2022-03-25	2022-03-28T06:00:00+00:00	148
ALV.DE	2022-03-28	2022-03-29T06:00:00+00:00	149
ALV.DE	2022-03-29	2022-03-30T06:00:00+00:00	150
ALV.DE	2022-03-30	2022-03-31T06:00:00+00:00	151
ALV.DE	2022-03-31	2022-04-01T06:00:00+00:00	152
ALV.DE	2022-04-01	2022-04-04T06:00:00+00:00	153
ALV.DE	2022-04-04	2022-04-05T06:00:00+00:00	154
ALV.DE	2022-04-05	2022-04-06T06:00:00+00:00	155
ALV.DE	2022-04-06	2022-04-07T06:00:00+00:00	156
ALV.DE	2022-04-07	2022-04-08T06:00:00+00:00	157
ALV.DE	2022-04-08	2022-04-11T06:00:00+00:00	158
ALV.DE	2022-04-11	2022-04-12T06:00:00+00:00	159
ALV.DE	2022-04-12	2022-04-13T06:00:00+00:00	160
ALV.DE	2022-04-13	2022-04-14T06:00:00+00:00	161
ALV.DE	2022-04-14	2022-04-19T06:00:00+00:00	162
ALV.DE	2022-04-19	2022-04-20T06:00:00+00:00	163
ALV.DE	2022-04-20	2022-04-21T06:00:00+00:00	164
ALV.DE	2022-04-21	2022-04-22T06:00:00+00:00	165
ALV.DE	2022-04-22	2022-04-25T06:00:00+00:00	166
ALV.DE	2022-04-25	2022-04-26T06:00:00+00:00	167
ALV.DE	2022-04-26	2022-04-27T06:00:00+00:00	168
ALV.DE	2022-04-27	2022-04-28T06:00:00+00:00	169
ALV.DE	2022-04-28	2022-04-29T06:00:00+00:00	170
ALV.DE	2022-04-29	2022-05-02T06:00:00+00:00	171
ALV.DE	2022-05-02	2022-05-03T06:00:00+00:00	172
ALV.DE	2022-05-03	2022-05-04T06:00:00+00:00	173
ALV.DE	2022-05-04	2022-05-05T06:00:00+00:00	174
ALV.DE	2022-05-05	2022-05-06T06:00:00+00:00	175
ALV.DE	2022-05-06	2022-05-09T06:00:00+00:00	176
ALV.DE	2022-05-09	2022-05-10T06:00:00+00:00	177
ALV.DE	2022-05-10	2022-05-11T06:00:00+00:00	178
ALV.DE	2022-05-11	2022-05-12T06:00:00+00:00	179
ALV.DE	2022-05-12	2022-05-13T06:00:00+00:00	180
ALV.DE	2022-05-13	2022-05-16T06:00:00+00:00	181
ALV.DE	2022-05-16	2022-05-17T06:00:00+00:00	182
ALV.DE	2022-05-17	2022-05-18T06:00:00+00:00	183
ALV.DE	2022-05-18	2022-05-19T06:00:00+00:00	184
ALV.DE	2022-05-19	2022-05-20T06:00:00+00:00	185
ALV.DE	2022-05-20	2022-05-23T06:00:00+00:00	186
ALV.DE	2022-05-23	2022-05-24T06:00:00+00:00	187
ALV.DE	2022-05-24	2022-05-25T06:00:00+00:00	188
ALV.DE	2022-05-25	2022-05-26T06:00:00+00:00	189
ALV.DE	2022-05-26	2022-05-27T06:00:00+00:00	189
ALV.DE	2022-05-27	2022-05-30T06:00:00+00:00	190
ALV.DE	2022-05-30	2022-05-31T06:00:00+00:00	191
ALV.DE	2022-05-31	2022-06-01T06:00:00+00:00	192
ALV.DE	2022-06-01	2022-06-02T06:00:00+00:00	193
ALV.DE	2022-06-02	2022-06-03T06:00:00+00:00	194
ALV.DE	2022-06-03	2022-06-06T06:00:00+00:00	195
ALV.DE	2022-06-06	2022-06-07T06:00:00+00:00	195
ALV.DE	2022-06-07	2022-06-08T06:00:00+00:00	196
ALV.DE	2022-06-08	2022-06-09T06:00:00+00:00	197
ALV.DE	2022-06-09	2022-06-10T06:00:00+00:00	198
ALV.DE	2022-06-10	2022-06-13T06:00:00+00:00	199
MBG.DE	2022-02-16	2022-02-17T07:00:00+00:00	121
MBG.DE	2022-02-17	2022-02-18T07:00:00+00:00	122
MBG.DE	2022-02-18	2022-02-21T07:00:00+00:00	123
MBG.DE	2022-02-21	2022-02-22T07:00:00+00:00	124
MBG.DE	2022-02-22	2022-02-23T07:00:00+00:00	125
MBG.DE	2022-02-23	2022-02-24T07:00:00+00:00	126
MBG.DE	2022-02-24	2022-02-25T07:00:00+00:00	127
MBG.DE	2022-02-25	2022-02-28T07:00:00+00:00	128
MBG.DE	2022-02-28	2022-03-01T07:00:00+00:00	129
MBG.DE	2022-03-01	2022-03-02T07:00:00+00:00	130
MBG.DE	2022-03-02	2022-03-03T07:00:00+00:00	131
MBG.DE	2022-03-03	2022-03-04T07:00:00+00:00	132
MBG.DE	2022-03-04	2022-03-07T07:00:00+00:00	133
MBG.DE	2022-03-07	2022-03-08T07:00:00+00:00	134
MBG.DE	2022-03-08	2022-03-09T07:00:00+00:00	135
MBG.DE	2022-03-09	2022-03-10T07:00:00+00:00	136
MBG.DE	2022-03-10	2022-03-11T07:00:00+00:00	137
MBG.DE	2022-03-11	2022-03-14T07:00:00+00:00	138
MBG.DE	2022-03-14	2022-03-15T07:00:00+00:00	139
MBG.DE	2022-03-15	2022-03-16T07:00:00+00:00	140
MBG.DE	2022-03-16	2022-03-17T07:00:00+00:00	141
MBG.DE	2022-03-17	2022-03-18T07:00:00+00:00	142
MBG.DE	2022-03-18	2022-03-21T07:00:00+00:00	143
MBG.DE	2022-03-21	2022-03-22T07:00:00+00:00	144
MBG.DE	2022-03-22	2022-03-23T07:00:00+00:00	145
MBG.DE	2022-03-23	2022-03-24T07:00:00+00:00	146
MBG.DE	2022-03-24	2022-03-25T07:00:00+00:00	147
MBG.DE	2022-03-25	2022-03-28T06:00:00+00:00	148
MBG.DE	2022-03-28	2022-03-29T06:00:00+00:00	149
MBG.DE	2022-03-29	2022-03-30T06:00:00+00:00	150
MBG.DE	2022-03-30	2022-03-31T06:00:00+00:00	151
MBG.DE	2022-03-31	2022-04-01T06:00:00+00:00	152
MBG.DE	2022-04-01	2022-04-04T06:00:00+00:00	153
MBG.DE	2022-04-04	2022-04-05T06:00:00+00:00	154
MBG.DE	2022-04-05	2022-04-06T06:00:00+00:00	155
MBG.DE	2022-04-06	2022-04-07T06:00:00+00:00	156
MBG.DE	2022-04-07	2022-04-08T06:00:00+00:00	157
MBG.DE	2022-04-08	2022-04-11T06:00:00+00:00	158
MBG.DE	2022-04-11	2022-04-12T06:00:00+00:00	159
MBG.DE	2022-04-12	2022-04-13T06:00:00+00:00	160
MBG.DE	2022-04-13	2022-04-14T06:00:00+00:00	161
MBG.DE	2022-04-14	2022-04-19T06:00:00+00:00	162
MBG.DE	2022-04-19	2022-04-20T06:00:00+00:00	163
MBG.DE	2022-04-20	2022-04-21T06:00:00+00:00	164
MBG.DE	2022-04-21	2022-04-22T06:00:00+00:00	165
MBG.DE	2022-04-22	2022-04-25T06:00:00+00:00	166
MBG.DE	2022-04-25	2022-04-26T06:00:00+00:00	167
MBG.DE	2022-04-26	2022-04-27T06:00:00+00:00	168
MBG.DE	2022-04-27	2022-04-28T06:00:00+00:00	169
MBG.DE	2022-04-28	2022-04-29T06:00:00+00:00	170
MBG.DE	2022-04-29	2022-05-02T06:00:00+00:00	171
MBG.DE	2022-05-02	2022-05-03T06:00:00+00:00	172
MBG.DE	2022-05-03	2022-05-04T06:00:00+00:00	173
MBG.DE	2022-05-04	2022-05-05T06:00:00+00:00	174
MBG.DE	2022-05-05	2022-05-06T06:00:00+00:00	175
MBG.DE	2022-05-06	2022-05-09T06:00:00+00:00	176
MBG.DE	2022-05-09	2022-05-10T06:00:00+00:00	177
MBG.DE	2022-05-10	2022-05-11T06:00:00+00:00	178
MBG.DE	2022-05-11	2022-05-12T06:00:00+00:00	179
MBG.DE	2022-05-12	2022-05-13T06:00:00+00:00	180
MBG.DE	2022-05-13	2022-05-16T06:00:00+00:00	181
MBG.DE	2022-05-16	2022-05-17T06:00:00+00:00	182
MBG.DE	2022-05-17	2022-05-18T06:00:00+00:00	183
MBG.DE	2022-05-18	2022-05-19T06:00:00+00:00	184
MBG.DE	2022-05-19	2022-05-20T06:00:00+00:00	185
MBG.DE	2022-05-20	2022-05-23T06:00:00+00:00	186
MBG.DE	2022-05-23	2022-05-24T06:00:00+00:00	187
MBG.DE	2022-05-24	2022-05-25T06:00:00+00:00	188
MBG.DE	2022-05-25	2022-05-26T06:00:00+00:00	189
MBG.DE	2022-05-26	2022-05-27T06:00:00+00:00	189
MBG.DE	2022-05-27	2022-05-30T06:00:00+00:00	190
MBG.DE	2022-05-30	2022-05-31T06:00:00+00:00	191
MBG.DE	2022-05-31	2022-06-01T06:00:00+00:00	192
MBG.DE	2022-06-01	2022-06-02T06:00:00+00:00	193
MBG.DE	2022-06-02	2022-06-03T06:00:00+00:00	194
MBG.DE	2022-06-03	2022-06-06T06:00:00+00:00	195
MBG.DE	2022-06-06	2022-06-07T06:00:00+00:00	195
MBG.DE	2022-06-07	2022-06-08T06:00:00+00:00	196
MBG.DE	2022-06-08	2022-06-09T06:00:00+00:00	197
MBG.DE	2022-06-09	2022-06-10T06:00:00+00:00	198
MBG.DE	2022-06-10	2022-06-13T06:00:00+00:00	199
ENR.DE	2022-02-16	2022-02-17T07:00:00+00:00	121
ENR.DE	2022-02-17	2022-02-18T07:00:00+00:00	122
ENR.DE	2022-02-18	2022-02-21T07:00:00+00:00	123
ENR.DE	2022-02-21	2022-02-22T07:00:00+00:00	124
ENR.DE	2022-02-22	2022-02-23T07:00:00+00:00	125
ENR.DE	2022-02-23	2022-02-24T07:00:00+00:00	126
ENR.DE	2022-02-24	2022-02-25T07:00:00+00:00	127
ENR.DE	2022-02-25	2022-02-28T07:00:00+00:00	128
ENR.DE	2022-02-28	2022-03-01T07:00:00+00:00	129
ENR.DE	2022-03-01	2022-03-02T07:00:00+00:00	130
ENR.DE	2022-03-02	2022-03-03T07:00:00+00:00	131
ENR.DE	2022-03-03	2022-03-04T07:00:00+00:00	132
ENR.DE	2022-03-04	2022-03-07T07:00:00+00:00	133
ENR.DE	2022-03-07	2022-03-08T07:00:00+00:00	134
ENR.DE	2022-03-08	2022-03-09T07:00:00+00:00	135
ENR.DE	2022-03-09	2022-03-10T07:00:00+00:00	136
ENR.DE	2022-03-10	2022-03-11T07:00:00+00:00	137
ENR.DE	2022-03-11	2022-03-14T07:00:00+00:00	138
ENR.DE	2022-03-14	2022-03-15T07:00:00+00:00	139
ENR.DE	2022-03-15	2022-03-16T07:00:00+00:00	140
ENR.DE	2022-03-16	2022-03-17T07:00:00+00:00	141
ENR.DE	2022-03-17	2022-03-18T07:00:00+00:00	142
ENR.DE	2022-03-18	2022-03-21T07:00:00+00:00	143
ENR.DE	2022-03-21	2022-03-22T07:00:00+00:00	144
ENR.DE	2022-03-22	2022-03-23T07:00:00+00:00	145
ENR.DE	2022-03-23	2022-03-24T07:00:00+00:00	146
ENR.DE	2022-03-24	2022-03-25T07:00:00+00:00	147
ENR.DE	2022-03-25	2022-03-28T06:00:00+00:00	148
ENR.DE	2022-03-28	2022-03-29T06:00:00+00:00	149
ENR.DE	2022-03-29	2022-03-30T06:00:00+00:00	150
ENR.DE	2022-03-30	2022-03-31T06:00:00+00:00	151
ENR.DE	2022-03-31	2022-04-01T06:00:00+00:00	152
ENR.DE	2022-04-01	2022-04-04T06:00:00+00:00	153
ENR.DE	2022-04-04	2022-04-05T06:00:00+00:00	154
ENR.DE	2022-04-05	2022-04-06T06:00:00+00:00	155
ENR.DE	2022-04-06	2022-04-07T06:00:00+00:00	156
ENR.DE	2022-04-07	2022-04-08T06:00:00+00:00	157
ENR.DE	2022-04-08	2022-04-11T06:00:00+00:00	158
ENR.DE	2022-04-11	2022-04-12T06:00:00+00:00	159
ENR.DE	2022-04-12	2022-04-13T06:00:00+00:00	160
ENR.DE	2022-04-13	2022-04-14T06:00:00+00:00	161
ENR.DE	2022-04-14	2022-04-19T06:00:00+00:00	162
ENR.DE	2022-04-19	2022-04-20T06:00:00+00:00	163
ENR.DE	2022-04-20	2022-04-21T06:00:00+00:00	164
ENR.DE	2022-04-21	2022-04-22T06:00:00+00:00	165
ENR.DE	2022-04-22	2022-04-25T06:00:00+00:00	166
ENR.DE	2022-04-25	2022-04-26T06:00:00+00:00	167
ENR.DE	2022-04-26	2022-04-27T06:00:00+00:00	168
ENR.DE	2022-04-27	2022-04-28T06:00:00+00:00	169
ENR.DE	2022-04-28	2022-04-29T06:00:00+00:00	170
ENR.DE	2022-04-29	2022-05-02T06:00:00+00:00	171
ENR.DE	2022-05-02	2022-05-03T06:00:00+00:00	172
ENR.DE	2022-05-03	2022-05-04T06:00:00+00:00	173
ENR.DE	2022-05-04	2022-05-05T06:00:00+00:00	174
ENR.DE	2022-05-05	2022-05-06T06:00:00+00:00	175
ENR.DE	2022-05-06	2022-05-09T06:00:00+00:00	176
ENR.DE	2022-05-09	2022-05-10T06:00:00+00:00	177
ENR.DE	2022-05-10	2022-05-11T06:00:00+00:00	178
ENR.DE	2022-05-11	2022-05-12T06:00:00+00:00	179
ENR.DE	2022-05-12	2022-05-13T06:00:00+00:00	180
ENR.DE	2022-05-13	2022-05-16T06:00:00+00:00	181
ENR.DE	2022-05-16	2022-05-17T06:00:00+00:00	182
ENR.DE	2022-05-17	2022-05-18T06:00:00+00:00	183
ENR.DE	2022-05-18	2022-05-19T06:00:00+00:00	184
ENR.DE	2022-05-19	2022-05-20T06:00:00+00:00	185
ENR.DE	2022-05-20	2022-05-23T06:00:00+00:00	186
ENR.DE	2022-05-23	2022-05-24T06:00:00+00:00	187
ENR.DE	2022-05-24	2022-05-25T06:00:00+00:00	188
ENR.DE	2022-05-25	2022-05-26T06:00:00+00:00	189
ENR.DE	2022-05-26	2022-05-27T06:00:00+00:00	189
ENR.DE	2022-05-27	2022-05-30T06:00:00+00:00	190
ENR.DE	2022-05-30	2022-05-31T06:00:00+00:00	191
ENR.DE	2022-05-31	2022-06-01T06:00:00+00:00	192
ENR.DE	2022-06-01	2022-06-02T06:00:00+00:00	193
ENR.DE	2022-06-02	2022-06-03T06:00:00+00:00	194
ENR.DE	2022-06-03	2022-06-06T06:00:00+00:00	195
ENR.DE	2022-06-06	2022-06-07T06:00:00+00:00	195
ENR.DE	2022-06-07	2022-06-08T06:00:00+00:00	196
ENR.DE	2022-06-08	2022-06-09T06:00:00+00:00	197
ENR.DE	2022-06-09	2022-06-10T06:00:00+00:00	198
ENR.DE	2022-06-10	2022-06-13T06:00:00+00:00	199
DTE.DE	2022-02-16	2022-02-17T07:00:00+00:00	121
DTE.DE	2022-02-17	2022-02-18T07:00:00+00:00	122
DTE.DE	2022-02-18	2022-02-21T07:00:00+00:00	123
DTE.DE	2022-02-21	2022-02-22T07:00:00+00:00	124
DTE.DE	2022-02-22	2022-02-23T07:00:00+00:00	125
DTE.DE	2022-02-23	2022-02-24T07:00:00+00:00	126
DTE.DE	2022-02-24	2022-02-25T07:00:00+00:00	127
DTE.DE	2022-02-25	2022-02-28T07:00:00+00:00	128
DTE.DE	2022-02-28	2022-03-01T07:00:00+00:00	129
DTE.DE	2022-03-01	2022-03-02T07:00:00+00:00	130
DTE.DE	2022-03-02	2022-03-03T07:00:00+00:00	131
DTE.DE	2022-03-03	2022-03-04T07:00:00+00:00	132
DTE.DE	2022-03-04	2022-03-07T07:00:00+00:00	133
DTE.DE	2022-03-07	2022-03-08T07:00:00+00:00	134
DTE.DE	2022-03-08	2022-03-09T07:00:00+00:00	135
DTE.DE	2022-03-09	2022-03-10T07:00:00+00:00	136
DTE.DE	2022-03-10	2022-03-11T07:00:00+00:00	137
DTE.DE	2022-03-11	2022-03-14T07:00:00+00:00	138
DTE.DE	2022-03-14	2022-03-15T07:00:00+00:00	139
DTE.DE	2022-03-15	2022-03-16T07:00:00+00:00	140
DTE.DE	2022-03-16	2022-03-17T07:00:00+00:00	141
DTE.DE	2022-03-17	2022-03-18T07:00:00+00:00	142
DTE.DE	2022-03-18	2022-03-21T07:00:00+00:00	143
DTE.DE	2022-03-21	2022-03-22T07:00:00+00:00	144
DTE.DE	2022-03-22	2022-03-23T07:00:00+00:00	145
DTE.DE	2022-03-23	2022-03-24T07:00:00+00:00	146
DTE.DE	2022-03-24	2022-03-25T07:00:00+00:00	147
DTE.DE	2022-03-25	2022-03-28T06:00:00+00:00	148
DTE.DE	2022-03-28	2022-03-29T06:00:00+00:00	149
DTE.DE	2022-03-29	2022-03-30T06:00:00+00:00	150
DTE.DE	2022-03-30	2022-03-31T06:00:00+00:00	151
DTE.DE	2022-03-31	2022-04-01T06:00:00+00:00	152
DTE.DE	2022-04-01	2022-04-04T06:00:00+00:00	153
DTE.DE	2022-04-04	2022-04-05T06:00:00+00:00	154
DTE.DE	2022-04-05	2022-04-06T06:00:00+00:00	155
DTE.DE	2022-04-06	2022-04-07T06:00:00+00:00	156
DTE.DE	2022-04-07	2022-04-08T06:00:00+00:00	157
DTE.DE	2022-04-08	2022-04-11T06:00:00+00:00	158
DTE.DE	2022-04-11	2022-04-12T06:00:00+00:00	159
DTE.DE	2022-04-12	2022-04-13T06:00:00+00:00	160
DTE.DE	2022-04-13	2022-04-14T06:00:00+00:00	161
DTE.DE	2022-04-14	2022-04-19T06:00:00+00:00	162
DTE.DE	2022-04-19	2022-04-20T06:00:00+00:00	163
DTE.DE	2022-04-20	2022-04-21T06:00:00+00:00	164
DTE.DE	2022-04-21	2022-04-22T06:00:00+00:00	165
DTE.DE	2022-04-22	2022-04-25T06:00:00+00:00	166
DTE.DE	2022-04-25	2022-04-26T06:00:00+00:00	167
DTE.DE	2022-04-26	2022-04-27T06:00:00+00:00	168
DTE.DE	2022-04-27	2022-04-28T06:00:00+00:00	169
DTE.DE	2022-04-28	2022-04-29T06:00:00+00:00	170
DTE.DE	2022-04-29	2022-05-02T06:00:00+00:00	171
DTE.DE	2022-05-02	2022-05-03T06:00:00+00:00	172
DTE.DE	2022-05-03	2022-05-04T06:00:00+00:00	173
DTE.DE	2022-05-04	2022-05-05T06:00:00+00:00	174
DTE.DE	2022-05-05	2022-05-06T06:00:00+00:00	175
DTE.DE	2022-05-06	2022-05-09T06:00:00+00:00	176
DTE.DE	2022-05-09	2022-05-10T06:00:00+00:00	177
DTE.DE	2022-05-10	2022-05-11T06:00:00+00:00	178
DTE.DE	2022-05-11	2022-05-12T06:00:00+00:00	179
DTE.DE	2022-05-12	2022-05-13T06:00:00+00:00	180
DTE.DE	2022-05-13	2022-05-16T06:00:00+00:00	181
DTE.DE	2022-05-16	2022-05-17T06:00:00+00:00	182
DTE.DE	2022-05-17	2022-05-18T06:00:00+00:00	183
DTE.DE	2022-05-18	2022-05-19T06:00:00+00:00	184
DTE.DE	2022-05-19	2022-05-20T06:00:00+00:00	185
DTE.DE	2022-05-20	2022-05-23T06:00:00+00:00	186
DTE.DE	2022-05-23	2022-05-24T06:00:00+00:00	187
DTE.DE	2022-05-24	2022-05-25T06:00:00+00:00	188
DTE.DE	2022-05-25	2022-05-26T06:00:00+00:00	189
DTE.DE	2022-05-26	2022-05-27T06:00:00+00:00	189
DTE.DE	2022-05-27	2022-05-30T06:00:00+00:00	190
DTE.DE	2022-05-30	2022-05-31T06:00:00+00:00	191
DTE.DE	2022-05-31	2022-06-01T06:00:00+00:00	192
DTE.DE	2022-06-01	2022-06-02T06:00:00+00:00	193
DTE.DE	2022-06-02	2022-06-03T06:00:00+00:00	194
DTE.DE	2022-06-03	2022-06-06T06:00:00+00:00	195
DTE.DE	2022-06-06	2022-06-07T06:00:00+00:00	195
DTE.DE	2022-06-07	2022-06-08T06:00:00+00:00	196
DTE.DE	2022-06-08	2022-06-09T06:00:00+00:00	197
DTE.DE	2022-06-09	2022-06-10T06:00:00+00:00	198
DTE.DE	2022-06-10	2022-06-13T06:00:00+00:00	199
DBK.DE	2022-02-16	2022-02-17T07:00:00+00:00	121
DBK.DE	2022-02-17	2022-02-18T07:00:00+00:00	122
DBK.DE	2022-02-18	2022-02-21T07:00:00+00:00	123
DBK.DE	2022-02-21	2022-02-22T07:00:00+00:00	124
DBK.DE	2022-02-22	2022-02-23T07:00:00+00:00	125
DBK.DE	2022-02-23	2022-02-24T07:00:00+00:00	126
DBK.DE	2022-02-24	2022-02-25T07:00:00+00:00	127
DBK.DE	2022-02-25	2022-02-28T07:00:00+00:00	128
DBK.DE	2022-02-28	2022-03-01T07:00:00+00:00	129
DBK.DE	2022-03-01	2022-03-02T07:00:00+00:00	130
DBK.DE	2022-03-02	2022-03-03T07:00:00+00:00	131
DBK.DE	2022-03-03	2022-03-04T07:00:00+00:00	132
DBK.DE	2022-03-04	2022-03-07T07:00:00+00:00	133
DBK.DE	2022-03-07	2022-03-08T07:00:00+00:00	134
DBK.DE	2022-03-08	2022-03-09T07:00:00+00:00	135
DBK.DE	2022-03-09	2022-03-10T07:00:00+00:00	136
DBK.DE	2022-03-10	2022-03-11T07:00:00+00:00	137
DBK.DE	2022-03-11	2022-03-14T07:00:00+00:00	138
DBK.DE	2022-03-14	2022-03-15T07:00:00+00:00	139
DBK.DE	2022-03-15	2022-03-16T07:00:00+00:00	140
DBK.DE	2022-03-16	2022-03-17T07:00:00+00:00	141
DBK.DE	2022-03-17	2022-03-18T07:00:00+00:00	142
DBK.DE	2022-03-18	2022-03-21T07:00:00+00:00	143
DBK.DE	2022-03-21	2022-03-22T07:00:00+00:00	144
DBK.DE	2022-03-22	2022-03-23T07:00:00+00:00	145
DBK.DE	2022-03-23	2022-03-24T07:00:00+00:00	146
DBK.DE	2022-03-24	2022-03-25T07:00:00+00:00	147
DBK.DE	2022-03-25	2022-03-28T06:00:00+00:00	148
DBK.DE	2022-03-28	2022-03-29T06:00:00+00:00	149
DBK.DE	2022-03-29	2022-03-30T06:00:00+00:00	150
DBK.DE	2022-03-30	2022-03-31T06:00:00+00:00	151
DBK.DE	2022-03-31	2022-04-01T06:00:00+00:00	152
DBK.DE	2022-04-01	2022-04-04T06:00:00+00:00	153
DBK.DE	2022-04-04	2022-04-05T06:00:00+00:00	154
DBK.DE	2022-04-05	2022-04-06T06:00:00+00:00	155
DBK.DE	2022-04-06	2022-04-07T06:00:00+00:00	156
DBK.DE	2022-04-07	2022-04-08T06:00:00+00:00	157
DBK.DE	2022-04-08	2022-04-11T06:00:00+00:00	158
DBK.DE	2022-04-11	2022-04-12T06:00:00+00:00	159
DBK.DE	2022-04-12	2022-04-13T06:00:00+00:00	160
DBK.DE	2022-04-13	2022-04-14T06:00:00+00:00	161
DBK.DE	2022-04-14	2022-04-19T06:00:00+00:00	162
DBK.DE	2022-04-19	2022-04-20T06:00:00+00:00	163
DBK.DE	2022-04-20	2022-04-21T06:00:00+00:00	164
DBK.DE	2022-04-21	2022-04-22T06:00:00+00:00	165
DBK.DE	2022-04-22	2022-04-25T06:00:00+00:00	166
DBK.DE	2022-04-25	2022-04-26T06:00:00+00:00	167
DBK.DE	2022-04-26	2022-04-27T06:00:00+00:00	168
DBK.DE	2022-04-27	2022-04-28T06:00:00+00:00	169
DBK.DE	2022-04-28	2022-04-29T06:00:00+00:00	170
DBK.DE	2022-04-29	2022-05-02T06:00:00+00:00	171
DBK.DE	2022-05-02	2022-05-03T06:00:00+00:00	172
DBK.DE	2022-05-03	2022-05-04T06:00:00+00:00	173
DBK.DE	2022-05-04	2022-05-05T06:00:00+00:00	174
DBK.DE	2022-05-05	2022-05-06T06:00:00+00:00	175
DBK.DE	2022-05-06	2022-05-09T06:00:00+00:00	176
DBK.DE	2022-05-09	2022-05-10T06:00:00+00:00	177
DBK.DE	2022-05-10	2022-05-11T06:00:00+00:00	178
DBK.DE	2022-05-11	2022-05-12T06:00:00+00:00	179
DBK.DE	2022-05-12	2022-05-13T06:00:00+00:00	180
DBK.DE	2022-05-13	2022-05-16T06:00:00+00:00	181
DBK.DE	2022-05-16	2022-05-17T06:00:00+00:00	182
DBK.DE	2022-05-17	2022-05-18T06:00:00+00:00	183
DBK.DE	2022-05-18	2022-05-19T06:00:00+00:00	184
DBK.DE	2022-05-19	2022-05-20T06:00:00+00:00	185
DBK.DE	2022-05-20	2022-05-23T06:00:00+00:00	186
DBK.DE	2022-05-23	2022-05-24T06:00:00+00:00	187
DBK.DE	2022-05-24	2022-05-25T06:00:00+00:00	188
DBK.DE	2022-05-25	2022-05-26T06:00:00+00:00	189
DBK.DE	2022-05-26	2022-05-27T06:00:00+00:00	189
DBK.DE	2022-05-27	2022-05-30T06:00:00+00:00	190
DBK.DE	2022-05-30	2022-05-31T06:00:00+00:00	191
DBK.DE	2022-05-31	2022-06-01T06:00:00+00:00	192
DBK.DE	2022-06-01	2022-06-02T06:00:00+00:00	193
DBK.DE	2022-06-02	2022-06-03T06:00:00+00:00	194
DBK.DE	2022-06-03	2022-06-06T06:00:00+00:00	195
DBK.DE	2022-06-06	2022-06-07T06:00:00+00:00	195
DBK.DE	2022-06-07	2022-06-08T06:00:00+00:00	196
DBK.DE	2022-06-08	2022-06-09T06:00:00+00:00	197
DBK.DE	2022-06-09	2022-06-10T06:00:00+00:00	198
DBK.DE	2022-06-10	2022-06-13T06:00:00+00:00	199
MUV2.DE	2022-02-16	2022-02-17T07:00:00+00:00	121
MUV2.DE	2022-02-17	2022-02-18T07:00:00+00:00	122
MUV2.DE	2022-02-18	2022-02-21T07:00:00+00:00	123
MUV2.DE	2022-02-21	2022-02-22T07:00:00+00:00	124
MUV2.DE	2022-02-22	2022-02-23T07:00:00+00:00	125
MUV2.DE	2022-02-23	2022-02-24T07:00:00+00:00	126
MUV2.DE	2022-02-24	2022-02-25T07:00:00+00:00	127
MUV2.DE	2022-02-25	2022-02-28T07:00:00+00:00	128
MUV2.DE	2022-02-28	2022-03-01T07:00:00+00:00	129
MUV2.DE	2022-03-01	2022-03-02T07:00:00+00:00	130
MUV2.DE	2022-03-02	2022-03-03T07:00:00+00:00	131
MUV2.DE	2022-03-03	2022-03-04T07:00:00+00:00	132
MUV2.DE	2022-03-04	2022-03-07T07:00:00+00:00	133
MUV2.DE	2022-03-07	2022-03-08T07:00:00+00:00	134
MUV2.DE	2022-03-08	2022-03-09T07:00:00+00:00	135
MUV2.DE	2022-03-09	2022-03-10T07:00:00+00:00	136
MUV2.DE	2022-03-10	2022-03-11T07:00:00+00:00	137
MUV2.DE	2022-03-11	2022-03-14T07:00:00+00:00	138
MUV2.DE	2022-03-14	2022-03-15T07:00:00+00:00	139
MUV2.DE	2022-03-15	2022-03-16T07:00:00+00:00	140
MUV2.DE	2022-03-16	2022-03-17T07:00:00+00:00	141
MUV2.DE	2022-03-17	2022-03-18T07:00:00+00:00	142
MUV2.DE	2022-03-18	2022-03-21T07:00:00+00:00	143
MUV2.DE	2022-03-21	2022-03-22T07:00:00+00:00	144
MUV2.DE	2022-03-22	2022-03-23T07:00:00+00:00	145
MUV2.DE	2022-03-23	2022-03-24T07:00:00+00:00	146
MUV2.DE	2022-03-24	2022-03-25T07:00:00+00:00	147
MUV2.DE	2022-03-25	2022-03-28T06:00:00+00:00	148
MUV2.DE	2022-03-28	2022-03-29T06:00:00+00:00	149
MUV2.DE	2022-03-29	2022-03-30T06:00:00+00:00	150
MUV2.DE	2022-03-30	2022-03-31T06:00:00+00:00	151
MUV2.DE	2022-03-31	2022-04-01T06:00:00+00:00	152
MUV2.DE	2022-04-01	2022-04-04T06:00:00+00:00	153
MUV2.DE	2022-04-04	2022-04-05T06:00:00+00:00	154
MUV2.DE	2022-04-05	2022-04-06T06:00:00+00:00	155
MUV2.DE	2022-04-06	2022-04-07T06:00:00+00:00	156
MUV2.DE	2022-04-07	2022-04-08T06:00:00+00:00	157
MUV2.DE	2022-04-08	2022-04-11T06:00:00+00:00	158
MUV2.DE	2022-04-11	2022-04-12T06:00:00+00:00	159
MUV2.DE	2022-04-12	2022-04-13T06:00:00+00:00	160
MUV2.DE	2022-04-13	2022-04-14T06:00:00+00:00	161
MUV2.DE	2022-04-14	2022-04-19T06:00:00+00:00	162
MUV2.DE	2022-04-19	2022-04-20T06:00:00+00:00	163
MUV2.DE	2022-04-20	2022-04-21T06:00:00+00:00	164
MUV2.DE	2022-04-21	2022-04-22T06:00:00+00:00	165
MUV2.DE	2022-04-22	2022-04-25T06:00:00+00:00	166
MUV2.DE	2022-04-25	2022-04-26T06:00:00+00:00	167
MUV2.DE	2022-04-26	2022-04-27T06:00:00+00:00	168
MUV2.DE	2022-04-27	2022-04-28T06:00:00+00:00	169
MUV2.DE	2022-04-28	2022-04-29T06:00:00+00:00	170
MUV2.DE	2022-04-29	2022-05-02T06:00:00+00:00	171
MUV2.DE	2022-05-02	2022-05-03T06:00:00+00:00	172
MUV2.DE	2022-05-03	2022-05-04T06:00:00+00:00	173
MUV2.DE	2022-05-04	2022-05-05T06:00:00+00:00	174
MUV2.DE	2022-05-05	2022-05-06T06:00:00+00:00	175
MUV2.DE	2022-05-06	2022-05-09T06:00:00+00:00	176
MUV2.DE	2022-05-09	2022-05-10T06:00:00+00:00	177
MUV2.DE	2022-05-10	2022-05-11T06:00:00+00:00	178
MUV2.DE	2022-05-11	2022-05-12T06:00:00+00:00	179
MUV2.DE	2022-05-12	2022-05-13T06:00:00+00:00	180
MUV2.DE	2022-05-13	2022-05-16T06:00:00+00:00	181
MUV2.DE	2022-05-16	2022-05-17T06:00:00+00:00	182
MUV2.DE	2022-05-17	2022-05-18T06:00:00+00:00	183
MUV2.DE	2022-05-18	2022-05-19T06:00:00+00:00	184
MUV2.DE	2022-05-19	2022-05-20T06:00:00+00:00	185
MUV2.DE	2022-05-20	2022-05-23T06:00:00+00:00	186
MUV2.DE	2022-05-23	2022-05-24T06:00:00+00:00	187
MUV2.DE	2022-05-24	2022-05-25T06:00:00+00:00	188
MUV2.DE	2022-05-25	2022-05-26T06:00:00+00:00	189
MUV2.DE	2022-05-26	2022-05-27T06:00:00+00:00	189
MUV2.DE	2022-05-27	2022-05-30T06:00:00+00:00	190
MUV2.DE	2022-05-30	2022-05-31T06:00:00+00:00	191
MUV2.DE	2022-05-31	2022-06-01T06:00:00+00:00	192
MUV2.DE	2022-06-01	2022-06-02T06:00:00+00:00	193
MUV2.DE	2022-06-02	2022-06-03T06:00:00+00:00	194
MUV2.DE	2022-06-03	2022-06-06T06:00:00+00:00	195
MUV2.DE	2022-06-06	2022-06-07T06:00:00+00:00	195
MUV2.DE	2022-06-07	2022-06-08T06:00:00+00:00	196
MUV2.DE	2022-06-08	2022-06-09T06:00:00+00:00	197
MUV2.DE	2022-06-09	2022-06-10T06:00:00+00:00	198
MUV2.DE	2022-06-10	2022-06-13T06:00:00+00:00	199
IFX.DE	2022-02-16	2022-02-17T07:00:00+00:00	121
IFX.DE	2022-02-17	2022-02-18T07:00:00+00:00	122
IFX.DE	2022-02-18	2022-02-21T07:00:00+00:00	123
IFX.DE	2022-02-21	2022-02-22T07:00:00+00:00	124
IFX.DE	2022-02-22	2022-02-23T07:00:00+00:00	125
IFX.DE	2022-02-23	2022-02-24T07:00:00+00:00	126
IFX.DE	2022-02-24	2022-02-25T07:00:00+00:00	127
IFX.DE	2022-02-25	2022-02-28T07:00:00+00:00	128
IFX.DE	2022-02-28	2022-03-01T07:00:00+00:00	129
IFX.DE	2022-03-01	2022-03-02T07:00:00+00:00	130
IFX.DE	2022-03-02	2022-03-03T07:00:00+00:00	131
IFX.DE	2022-03-03	2022-03-04T07:00:00+00:00	132
IFX.DE	2022-03-04	2022-03-07T07:00:00+00:00	133
IFX.DE	2022-03-07	2022-03-08T07:00:00+00:00	134
IFX.DE	2022-03-08	2022-03-09T07:00:00+00:00	135
IFX.DE	2022-03-09	2022-03-10T07:00:00+00:00	136
IFX.DE	2022-03-10	2022-03-11T07:00:00+00:00	137
IFX.DE	2022-03-11	2022-03-14T07:00:00+00:00	138
IFX.DE	2022-03-14	2022-03-15T07:00:00+00:00	139
IFX.DE	2022-03-15	2022-03-16T07:00:00+00:00	140
IFX.DE	2022-03-16	2022-03-17T07:00:00+00:00	141
IFX.DE	2022-03-17	2022-03-18T07:00:00+00:00	142
IFX.DE	2022-03-18	2022-03-21T07:00:00+00:00	143
IFX.DE	2022-03-21	2022-03-22T07:00:00+00:00	144
IFX.DE	2022-03-22	2022-03-23T07:00:00+00:00	145
IFX.DE	2022-03-23	2022-03-24T07:00:00+00:00	146
IFX.DE	2022-03-24	2022-03-25T07:00:00+00:00	147
IFX.DE	2022-03-25	2022-03-28T06:00:00+00:00	148
IFX.DE	2022-03-28	2022-03-29T06:00:00+00:00	149
IFX.DE	2022-03-29	2022-03-30T06:00:00+00:00	150
IFX.DE	2022-03-30	2022-03-31T06:00:00+00:00	151
IFX.DE	2022-03-31	2022-04-01T06:00:00+00:00	152
IFX.DE	2022-04-01	2022-04-04T06:00:00+00:00	153
IFX.DE	2022-04-04	2022-04-05T06:00:00+00:00	154
IFX.DE	2022-04-05	2022-04-06T06:00:00+00:00	155
IFX.DE	2022-04-06	2022-04-07T06:00:00+00:00	156
IFX.DE	2022-04-07	2022-04-08T06:00:00+00:00	157
IFX.DE	2022-04-08	2022-04-11T06:00:00+00:00	158
IFX.DE	2022-04-11	2022-04-12T06:00:00+00:00	159
IFX.DE	2022-04-12	2022-04-13T06:00:00+00:00	160
IFX.DE	2022-04-13	2022-04-14T06:00:00+00:00	161
IFX.DE	2022-04-14	2022-04-19T06:00:00+00:00	162
IFX.DE	2022-04-19	2022-04-20T06:00:00+00:00	163
IFX.DE	2022-04-20	2022-04-21T06:00:00+00:00	164
IFX.DE	2022-04-21	2022-04-22T06:00:00+00:00	165
IFX.DE	2022-04-22	2022-04-25T06:00:00+00:00	166
IFX.DE	2022-04-25	2022-04-26T06:00:00+00:00	167
IFX.DE	2022-04-26	2022-04-27T06:00:00+00:00	168
IFX.DE	2022-04-27	2022-04-28T06:00:00+00:00	169
IFX.DE	2022-04-28	2022-04-29T06:00:00+00:00	170
IFX.DE	2022-04-29	2022-05-02T06:00:00+00:00	171
IFX.DE	2022-05-02	2022-05-03T06:00:00+00:00	172
IFX.DE	2022-05-03	2022-05-04T06:00:00+00:00	173
IFX.DE	2022-05-04	2022-05-05T06:00:00+00:00	174
IFX.DE	2022-05-05	2022-05-06T06:00:00+00:00	175
IFX.DE	2022-05-06	2022-05-09T06:00:00+00:00	176
IFX.DE	2022-05-09	2022-05-10T06:00:00+00:00	177
IFX.DE	2022-05-10	2022-05-11T06:00:00+00:00	178
IFX.DE	2022-05-11	2022-05-12T06:00:00+00:00	179
IFX.DE	2022-05-12	2022-05-13T06:00:00+00:00	180
IFX.DE	2022-05-13	2022-05-16T06:00:00+00:00	181
IFX.DE	2022-05-16	2022-05-17T06:00:00+00:00	182
IFX.DE	2022-05-17	2022-05-18T06:00:00+00:00	183
IFX.DE	2022-05-18	2022-05-19T06:00:00+00:00	184
IFX.DE	2022-05-19	2022-05-20T06:00:00+00:00	185
IFX.DE	2022-05-20	2022-05-23T06:00:00+00:00	186
IFX.DE	2022-05-23	2022-05-24T06:00:00+00:00	187
IFX.DE	2022-05-24	2022-05-25T06:00:00+00:00	188
IFX.DE	2022-05-25	2022-05-26T06:00:00+00:00	189
IFX.DE	2022-05-26	2022-05-27T06:00:00+00:00	189
IFX.DE	2022-05-27	2022-05-30T06:00:00+00:00	190
IFX.DE	2022-05-30	2022-05-31T06:00:00+00:00	191
IFX.DE	2022-05-31	2022-06-01T06:00:00+00:00	192
IFX.DE	2022-06-01	2022-06-02T06:00:00+00:00	193
IFX.DE	2022-06-02	2022-06-03T06:00:00+00:00	194
IFX.DE	2022-06-03	2022-06-06T06:00:00+00:00	195
IFX.DE	2022-06-06	2022-06-07T06:00:00+00:00	195
IFX.DE	2022-06-07	2022-06-08T06:00:00+00:00	196
IFX.DE	2022-06-08	2022-06-09T06:00:00+00:00	197
IFX.DE	2022-06-09	2022-06-10T06:00:00+00:00	198
IFX.DE	2022-06-10	2022-06-13T06:00:00+00:00	199
ASML.AS	2022-02-14	2022-02-15T07:00:00+00:00	119
ASML.AS	2022-02-15	2022-02-16T07:00:00+00:00	120
ASML.AS	2022-02-16	2022-02-17T07:00:00+00:00	121
ASML.AS	2022-02-17	2022-02-18T07:00:00+00:00	122
ASML.AS	2022-02-18	2022-02-21T07:00:00+00:00	123
ASML.AS	2022-02-21	2022-02-22T07:00:00+00:00	124
ASML.AS	2022-02-22	2022-02-23T07:00:00+00:00	125
ASML.AS	2022-02-23	2022-02-24T07:00:00+00:00	126
ASML.AS	2022-02-24	2022-02-25T07:00:00+00:00	127
ASML.AS	2022-02-25	2022-02-28T07:00:00+00:00	128
ASML.AS	2022-02-28	2022-03-01T07:00:00+00:00	129
ASML.AS	2022-03-01	2022-03-02T07:00:00+00:00	130
ASML.AS	2022-03-02	2022-03-03T07:00:00+00:00	131
ASML.AS	2022-03-03	2022-03-04T07:00:00+00:00	132
ASML.AS	2022-03-04	2022-03-07T07:00:00+00:00	133
ASML.AS	2022-03-07	2022-03-08T07:00:00+00:00	134
ASML.AS	2022-03-08	2022-03-09T07:00:00+00:00	135
ASML.AS	2022-03-09	2022-03-10T07:00:00+00:00	136
ASML.AS	2022-03-10	2022-03-11T07:00:00+00:00	137
ASML.AS	2022-03-11	2022-03-14T07:00:00+00:00	138
ASML.AS	2022-03-14	2022-03-15T07:00:00+00:00	139
ASML.AS	2022-03-15	2022-03-16T07:00:00+00:00	140
ASML.AS	2022-03-16	2022-03-17T07:00:00+00:00	141
ASML.AS	2022-03-17	2022-03-18T07:00:00+00:00	142
ASML.AS	2022-03-18	2022-03-21T07:00:00+00:00	143
ASML.AS	2022-03-21	2022-03-22T07:00:00+00:00	144
ASML.AS	2022-03-22	2022-03-23T07:00:00+00:00	145
ASML.AS	2022-03-23	2022-03-24T07:00:00+00:00	146
ASML.AS	2022-03-24	2022-03-25T07:00:00+00:00	147
ASML.AS	2022-03-25	2022-03-28T06:00:00+00:00	148
ASML.AS	2022-03-28	2022-03-29T06:00:00+00:00	149
ASML.AS	2022-03-29	2022-03-30T06:00:00+00:00	150
ASML.AS	2022-03-30	2022-03-31T06:00:00+00:00	151
ASML.AS	2022-03-31	2022-04-01T06:00:00+00:00	152
ASML.AS	2022-04-01	2022-04-04T06:00:00+00:00	153
ASML.AS	2022-04-04	2022-04-05T06:00:00+00:00	154
ASML.AS	2022-04-05	2022-04-06T06:00:00+00:00	155
ASML.AS	2022-04-06	2022-04-07T06:00:00+00:00	156
ASML.AS	2022-04-07	2022-04-08T06:00:00+00:00	157
ASML.AS	2022-04-08	2022-04-11T06:00:00+00:00	158
ASML.AS	2022-04-11	2022-04-12T06:00:00+00:00	159
ASML.AS	2022-04-12	2022-04-13T06:00:00+00:00	160
ASML.AS	2022-04-13	2022-04-14T06:00:00+00:00	161
ASML.AS	2022-04-14	2022-04-19T06:00:00+00:00	162
ASML.AS	2022-04-19	2022-04-20T06:00:00+00:00	163
ASML.AS	2022-04-20	2022-04-21T06:00:00+00:00	164
ASML.AS	2022-04-21	2022-04-22T06:00:00+00:00	165
ASML.AS	2022-04-22	2022-04-25T06:00:00+00:00	166
ASML.AS	2022-04-25	2022-04-26T06:00:00+00:00	167
ASML.AS	2022-04-26	2022-04-27T06:00:00+00:00	168
ASML.AS	2022-04-27	2022-04-28T06:00:00+00:00	169
ASML.AS	2022-04-28	2022-04-29T06:00:00+00:00	170
ASML.AS	2022-04-29	2022-05-02T06:00:00+00:00	171
ASML.AS	2022-05-02	2022-05-03T06:00:00+00:00	172
ASML.AS	2022-05-03	2022-05-04T06:00:00+00:00	173
ASML.AS	2022-05-04	2022-05-05T06:00:00+00:00	174
ASML.AS	2022-05-05	2022-05-06T06:00:00+00:00	175
ASML.AS	2022-05-06	2022-05-09T06:00:00+00:00	176
ASML.AS	2022-05-09	2022-05-10T06:00:00+00:00	177
ASML.AS	2022-05-10	2022-05-11T06:00:00+00:00	178
ASML.AS	2022-05-11	2022-05-12T06:00:00+00:00	179
ASML.AS	2022-05-12	2022-05-13T06:00:00+00:00	180
ASML.AS	2022-05-13	2022-05-16T06:00:00+00:00	181
ASML.AS	2022-05-16	2022-05-17T06:00:00+00:00	182
ASML.AS	2022-05-17	2022-05-18T06:00:00+00:00	183
ASML.AS	2022-05-18	2022-05-19T06:00:00+00:00	184
ASML.AS	2022-05-19	2022-05-20T06:00:00+00:00	185
ASML.AS	2022-05-20	2022-05-23T06:00:00+00:00	186
ASML.AS	2022-05-23	2022-05-24T06:00:00+00:00	187
ASML.AS	2022-05-24	2022-05-25T06:00:00+00:00	188
ASML.AS	2022-05-25	2022-05-26T06:00:00+00:00	189
ASML.AS	2022-05-26	2022-05-27T06:00:00+00:00	189
ASML.AS	2022-05-27	2022-05-30T06:00:00+00:00	190
ASML.AS	2022-05-30	2022-05-31T06:00:00+00:00	191
ASML.AS	2022-05-31	2022-06-01T06:00:00+00:00	192
ASML.AS	2022-06-01	2022-06-02T06:00:00+00:00	193
ASML.AS	2022-06-02	2022-06-03T06:00:00+00:00	194
ASML.AS	2022-06-03	2022-06-06T06:00:00+00:00	195
ASML.AS	2022-06-06	2022-06-07T06:00:00+00:00	195
ASML.AS	2022-06-07	2022-06-08T06:00:00+00:00	196
ASML.AS	2022-06-08	2022-06-09T06:00:00+00:00	197
ASML.AS	2022-06-09	2022-06-10T06:00:00+00:00	198
ASML.AS	2022-06-10	2022-06-13T06:00:00+00:00	199
ADYEN.AS	2022-02-14	2022-02-15T07:00:00+00:00	119
ADYEN.AS	2022-02-15	2022-02-16T07:00:00+00:00	120
ADYEN.AS	2022-02-16	2022-02-17T07:00:00+00:00	121
ADYEN.AS	2022-02-17	2022-02-18T07:00:00+00:00	122
ADYEN.AS	2022-02-18	2022-02-21T07:00:00+00:00	123
ADYEN.AS	2022-02-21	2022-02-22T07:00:00+00:00	124
ADYEN.AS	2022-02-22	2022-02-23T07:00:00+00:00	125
ADYEN.AS	2022-02-23	2022-02-24T07:00:00+00:00	126
ADYEN.AS	2022-02-24	2022-02-25T07:00:00+00:00	127
ADYEN.AS	2022-02-25	2022-02-28T07:00:00+00:00	128
ADYEN.AS	2022-02-28	2022-03-01T07:00:00+00:00	129
ADYEN.AS	2022-03-01	2022-03-02T07:00:00+00:00	130
ADYEN.AS	2022-03-02	2022-03-03T07:00:00+00:00	131
ADYEN.AS	2022-03-03	2022-03-04T07:00:00+00:00	132
ADYEN.AS	2022-03-04	2022-03-07T07:00:00+00:00	133
ADYEN.AS	2022-03-07	2022-03-08T07:00:00+00:00	134
ADYEN.AS	2022-03-08	2022-03-09T07:00:00+00:00	135
ADYEN.AS	2022-03-09	2022-03-10T07:00:00+00:00	136
ADYEN.AS	2022-03-10	2022-03-11T07:00:00+00:00	137
ADYEN.AS	2022-03-11	2022-03-14T07:00:00+00:00	138
ADYEN.AS	2022-03-14	2022-03-15T07:00:00+00:00	139
ADYEN.AS	2022-03-15	2022-03-16T07:00:00+00:00	140
ADYEN.AS	2022-03-16	2022-03-17T07:00:00+00:00	141
ADYEN.AS	2022-03-17	2022-03-18T07:00:00+00:00	142
ADYEN.AS	2022-03-18	2022-03-21T07:00:00+00:00	143
ADYEN.AS	2022-03-21	2022-03-22T07:00:00+00:00	144
ADYEN.AS	2022-03-22	2022-03-23T07:00:00+00:00	145
ADYEN.AS	2022-03-23	2022-03-24T07:00:00+00:00	146
ADYEN.AS	2022-03-24	2022-03-25T07:00:00+00:00	147
ADYEN.AS	2022-03-25	2022-03-28T06:00:00+00:00	148
ADYEN.AS	2022-03-28	2022-03-29T06:00:00+00:00	149
ADYEN.AS	2022-03-29	2022-03-30T06:00:00+00:00	150
ADYEN.AS	2022-03-30	2022-03-31T06:00:00+00:00	151
ADYEN.AS	2022-03-31	2022-04-01T06:00:00+00:00	152
ADYEN.AS	2022-04-01	2022-04-04T06:00:00+00:00	153
ADYEN.AS	2022-04-04	2022-04-05T06:00:00+00:00	154
ADYEN.AS	2022-04-05	2022-04-06T06:00:00+00:00	155
ADYEN.AS	2022-04-06	2022-04-07T06:00:00+00:00	156
ADYEN.AS	2022-04-07	2022-04-08T06:00:00+00:00	157
ADYEN.AS	2022-04-08	2022-04-11T06:00:00+00:00	158
ADYEN.AS	2022-04-11	2022-04-12T06:00:00+00:00	159
ADYEN.AS	2022-04-12	2022-04-13T06:00:00+00:00	160
ADYEN.AS	2022-04-13	2022-04-14T06:00:00+00:00	161
ADYEN.AS	2022-04-14	2022-04-19T06:00:00+00:00	162
ADYEN.AS	2022-04-19	2022-04-20T06:00:00+00:00	163
ADYEN.AS	2022-04-20	2022-04-21T06:00:00+00:00	164
ADYEN.AS	2022-04-21	2022-04-22T06:00:00+00:00	165
ADYEN.AS	2022-04-22	2022-04-25T06:00:00+00:00	166
ADYEN.AS	2022-04-25	2022-04-26T06:00:00+00:00	167
ADYEN.AS	2022-04-26	2022-04-27T06:00:00+00:00	168
ADYEN.AS	2022-04-27	2022-04-28T06:00:00+00:00	169
ADYEN.AS	2022-04-28	2022-04-29T06:00:00+00:00	170
ADYEN.AS	2022-04-29	2022-05-02T06:00:00+00:00	171
ADYEN.AS	2022-05-02	2022-05-03T06:00:00+00:00	172
ADYEN.AS	2022-05-03	2022-05-04T06:00:00+00:00	173
ADYEN.AS	2022-05-04	2022-05-05T06:00:00+00:00	174
ADYEN.AS	2022-05-05	2022-05-06T06:00:00+00:00	175
ADYEN.AS	2022-05-06	2022-05-09T06:00:00+00:00	176
ADYEN.AS	2022-05-09	2022-05-10T06:00:00+00:00	177
ADYEN.AS	2022-05-10	2022-05-11T06:00:00+00:00	178
ADYEN.AS	2022-05-11	2022-05-12T06:00:00+00:00	179
ADYEN.AS	2022-05-12	2022-05-13T06:00:00+00:00	180
ADYEN.AS	2022-05-13	2022-05-16T06:00:00+00:00	181
ADYEN.AS	2022-05-16	2022-05-17T06:00:00+00:00	182
ADYEN.AS	2022-05-17	2022-05-18T06:00:00+00:00	183
ADYEN.AS	2022-05-18	2022-05-19T06:00:00+00:00	184
ADYEN.AS	2022-05-19	2022-05-20T06:00:00+00:00	185
ADYEN.AS	2022-05-20	2022-05-23T06:00:00+00:00	186
ADYEN.AS	2022-05-23	2022-05-24T06:00:00+00:00	187
ADYEN.AS	2022-05-24	2022-05-25T06:00:00+00:00	188
ADYEN.AS	2022-05-25	2022-05-26T06:00:00+00:00	189
ADYEN.AS	2022-05-26	2022-05-27T06:00:00+00:00	189
ADYEN.AS	2022-05-27	2022-05-30T06:00:00+00:00	190
ADYEN.AS	2022-05-30	2022-05-31T06:00:00+00:00	191
ADYEN.AS	2022-05-31	2022-06-01T06:00:00+00:00	192
ADYEN.AS	2022-06-01	2022-06-02T06:00:00+00:00	193
ADYEN.AS	2022-06-02	2022-06-03T06:00:00+00:00	194
ADYEN.AS	2022-06-03	2022-06-06T06:00:00+00:00	195
ADYEN.AS	2022-06-06	2022-06-07T06:00:00+00:00	195
ADYEN.AS	2022-06-07	2022-06-08T06:00:00+00:00	196
ADYEN.AS	2022-06-08	2022-06-09T06:00:00+00:00	197
ADYEN.AS	2022-06-09	2022-06-10T06:00:00+00:00	198
ADYEN.AS	2022-06-10	2022-06-13T06:00:00+00:00	199
MC.PA	2022-02-14	2022-02-15T07:00:00+00:00	119
MC.PA	2022-02-15	2022-02-16T07:00:00+00:00	120
MC.PA	2022-02-16	2022-02-17T07:00:00+00:00	121
MC.PA	2022-02-17	2022-02-18T07:00:00+00:00	122
MC.PA	2022-02-18	2022-02-21T07:00:00+00:00	123
MC.PA	2022-02-21	2022-02-22T07:00:00+00:00	124
MC.PA	2022-02-22	2022-02-23T07:00:00+00:00	125
MC.PA	2022-02-23	2022-02-24T07:00:00+00:00	126
MC.PA	2022-02-24	2022-02-25T07:00:00+00:00	127
MC.PA	2022-02-25	2022-02-28T07:00:00+00:00	128
MC.PA	2022-02-28	2022-03-01T07:00:00+00:00	129
MC.PA	2022-03-01	2022-03-02T07:00:00+00:00	130
MC.PA	2022-03-02	2022-03-03T07:00:00+00:00	131
MC.PA	2022-03-03	2022-03-04T07:00:00+00:00	132
MC.PA	2022-03-04	2022-03-07T07:00:00+00:00	133
MC.PA	2022-03-07	2022-03-08T07:00:00+00:00	134
MC.PA	2022-03-08	2022-03-09T07:00:00+00:00	135
MC.PA	2022-03-09	2022-03-10T07:00:00+00:00	136
MC.PA	2022-03-10	2022-03-11T07:00:00+00:00	137
MC.PA	2022-03-11	2022-03-14T07:00:00+00:00	138
MC.PA	2022-03-14	2022-03-15T07:00:00+00:00	139
MC.PA	2022-03-15	2022-03-16T07:00:00+00:00	140
MC.PA	2022-03-16	2022-03-17T07:00:00+00:00	141
MC.PA	2022-03-17	2022-03-18T07:00:00+00:00	142
MC.PA	2022-03-18	2022-03-21T07:00:00+00:00	143
MC.PA	2022-03-21	2022-03-22T07:00:00+00:00	144
MC.PA	2022-03-22	2022-03-23T07:00:00+00:00	145
MC.PA	2022-03-23	2022-03-24T07:00:00+00:00	146
MC.PA	2022-03-24	2022-03-25T07:00:00+00:00	147
MC.PA	2022-03-25	2022-03-28T06:00:00+00:00	148
MC.PA	2022-03-28	2022-03-29T06:00:00+00:00	149
MC.PA	2022-03-29	2022-03-30T06:00:00+00:00	150
MC.PA	2022-03-30	2022-03-31T06:00:00+00:00	151
MC.PA	2022-03-31	2022-04-01T06:00:00+00:00	152
MC.PA	2022-04-01	2022-04-04T06:00:00+00:00	153
MC.PA	2022-04-04	2022-04-05T06:00:00+00:00	154
MC.PA	2022-04-05	2022-04-06T06:00:00+00:00	155
MC.PA	2022-04-06	2022-04-07T06:00:00+00:00	156
MC.PA	2022-04-07	2022-04-08T06:00:00+00:00	157
MC.PA	2022-04-08	2022-04-11T06:00:00+00:00	158
MC.PA	2022-04-11	2022-04-12T06:00:00+00:00	159
MC.PA	2022-04-12	2022-04-13T06:00:00+00:00	160
MC.PA	2022-04-13	2022-04-14T06:00:00+00:00	161
MC.PA	2022-04-14	2022-04-19T06:00:00+00:00	162
MC.PA	2022-04-19	2022-04-20T06:00:00+00:00	163
MC.PA	2022-04-20	2022-04-21T06:00:00+00:00	164
MC.PA	2022-04-21	2022-04-22T06:00:00+00:00	165
MC.PA	2022-04-22	2022-04-25T06:00:00+00:00	166
MC.PA	2022-04-25	2022-04-26T06:00:00+00:00	167
MC.PA	2022-04-26	2022-04-27T06:00:00+00:00	168
MC.PA	2022-04-27	2022-04-28T06:00:00+00:00	169
MC.PA	2022-04-28	2022-04-29T06:00:00+00:00	170
MC.PA	2022-04-29	2022-05-02T06:00:00+00:00	171
MC.PA	2022-05-02	2022-05-03T06:00:00+00:00	172
MC.PA	2022-05-03	2022-05-04T06:00:00+00:00	173
MC.PA	2022-05-04	2022-05-05T06:00:00+00:00	174
MC.PA	2022-05-05	2022-05-06T06:00:00+00:00	175
MC.PA	2022-05-06	2022-05-09T06:00:00+00:00	176
MC.PA	2022-05-09	2022-05-10T06:00:00+00:00	177
MC.PA	2022-05-10	2022-05-11T06:00:00+00:00	178
MC.PA	2022-05-11	2022-05-12T06:00:00+00:00	179
MC.PA	2022-05-12	2022-05-13T06:00:00+00:00	180
MC.PA	2022-05-13	2022-05-16T06:00:00+00:00	181
MC.PA	2022-05-16	2022-05-17T06:00:00+00:00	182
MC.PA	2022-05-17	2022-05-18T06:00:00+00:00	183
MC.PA	2022-05-18	2022-05-19T06:00:00+00:00	184
MC.PA	2022-05-19	2022-05-20T06:00:00+00:00	185
MC.PA	2022-05-20	2022-05-23T06:00:00+00:00	186
MC.PA	2022-05-23	2022-05-24T06:00:00+00:00	187
MC.PA	2022-05-24	2022-05-25T06:00:00+00:00	188
MC.PA	2022-05-25	2022-05-26T06:00:00+00:00	189
MC.PA	2022-05-26	2022-05-27T06:00:00+00:00	189
MC.PA	2022-05-27	2022-05-30T06:00:00+00:00	190
MC.PA	2022-05-30	2022-05-31T06:00:00+00:00	191
MC.PA	2022-05-31	2022-06-01T06:00:00+00:00	192
MC.PA	2022-06-01	2022-06-02T06:00:00+00:00	193
MC.PA	2022-06-02	2022-06-03T06:00:00+00:00	194
MC.PA	2022-06-03	2022-06-06T06:00:00+00:00	195
MC.PA	2022-06-06	2022-06-07T06:00:00+00:00	195
MC.PA	2022-06-07	2022-06-08T06:00:00+00:00	196
MC.PA	2022-06-08	2022-06-09T06:00:00+00:00	197
MC.PA	2022-06-09	2022-06-10T06:00:00+00:00	198
MC.PA	2022-06-10	2022-06-13T06:00:00+00:00	199
AIR.PA	2022-02-14	2022-02-15T07:00:00+00:00	119
AIR.PA	2022-02-15	2022-02-16T07:00:00+00:00	120
AIR.PA	2022-02-16	2022-02-17T07:00:00+00:00	121
AIR.PA	2022-02-17	2022-02-18T07:00:00+00:00	122
AIR.PA	2022-02-18	2022-02-21T07:00:00+00:00	123
AIR.PA	2022-02-21	2022-02-22T07:00:00+00:00	124
AIR.PA	2022-02-22	2022-02-23T07:00:00+00:00	125
AIR.PA	2022-02-23	2022-02-24T07:00:00+00:00	126
AIR.PA	2022-02-24	2022-02-25T07:00:00+00:00	127
AIR.PA	2022-02-25	2022-02-28T07:00:00+00:00	128
AIR.PA	2022-02-28	2022-03-01T07:00:00+00:00	129
AIR.PA	2022-03-01	2022-03-02T07:00:00+00:00	130
AIR.PA	2022-03-02	2022-03-03T07:00:00+00:00	131
AIR.PA	2022-03-03	2022-03-04T07:00:00+00:00	132
AIR.PA	2022-03-04	2022-03-07T07:00:00+00:00	133
AIR.PA	2022-03-07	2022-03-08T07:00:00+00:00	134
AIR.PA	2022-03-08	2022-03-09T07:00:00+00:00	135
AIR.PA	2022-03-09	2022-03-10T07:00:00+00:00	136
AIR.PA	2022-03-10	2022-03-11T07:00:00+00:00	137
AIR.PA	2022-03-11	2022-03-14T07:00:00+00:00	138
AIR.PA	2022-03-14	2022-03-15T07:00:00+00:00	139
AIR.PA	2022-03-15	2022-03-16T07:00:00+00:00	140
AIR.PA	2022-03-16	2022-03-17T07:00:00+00:00	141
AIR.PA	2022-03-17	2022-03-18T07:00:00+00:00	142
AIR.PA	2022-03-18	2022-03-21T07:00:00+00:00	143
AIR.PA	2022-03-21	2022-03-22T07:00:00+00:00	144
AIR.PA	2022-03-22	2022-03-23T07:00:00+00:00	145
AIR.PA	2022-03-23	2022-03-24T07:00:00+00:00	146
AIR.PA	2022-03-24	2022-03-25T07:00:00+00:00	147
AIR.PA	2022-03-25	2022-03-28T06:00:00+00:00	148
AIR.PA	2022-03-28	2022-03-29T06:00:00+00:00	149
AIR.PA	2022-03-29	2022-03-30T06:00:00+00:00	150
AIR.PA	2022-03-30	2022-03-31T06:00:00+00:00	151
AIR.PA	2022-03-31	2022-04-01T06:00:00+00:00	152
AIR.PA	2022-04-01	2022-04-04T06:00:00+00:00	153
AIR.PA	2022-04-04	2022-04-05T06:00:00+00:00	154
AIR.PA	2022-04-05	2022-04-06T06:00:00+00:00	155
AIR.PA	2022-04-06	2022-04-07T06:00:00+00:00	156
AIR.PA	2022-04-07	2022-04-08T06:00:00+00:00	157
AIR.PA	2022-04-08	2022-04-11T06:00:00+00:00	158
AIR.PA	2022-04-11	2022-04-12T06:00:00+00:00	159
AIR.PA	2022-04-12	2022-04-13T06:00:00+00:00	160
AIR.PA	2022-04-13	2022-04-14T06:00:00+00:00	161
AIR.PA	2022-04-14	2022-04-19T06:00:00+00:00	162
AIR.PA	2022-04-19	2022-04-20T06:00:00+00:00	163
AIR.PA	2022-04-20	2022-04-21T06:00:00+00:00	164
AIR.PA	2022-04-21	2022-04-22T06:00:00+00:00	165
AIR.PA	2022-04-22	2022-04-25T06:00:00+00:00	166
AIR.PA	2022-04-25	2022-04-26T06:00:00+00:00	167
AIR.PA	2022-04-26	2022-04-27T06:00:00+00:00	168
AIR.PA	2022-04-27	2022-04-28T06:00:00+00:00	169
AIR.PA	2022-04-28	2022-04-29T06:00:00+00:00	170
AIR.PA	2022-04-29	2022-05-02T06:00:00+00:00	171
AIR.PA	2022-05-02	2022-05-03T06:00:00+00:00	172
AIR.PA	2022-05-03	2022-05-04T06:00:00+00:00	173
AIR.PA	2022-05-04	2022-05-05T06:00:00+00:00	174
AIR.PA	2022-05-05	2022-05-06T06:00:00+00:00	175
AIR.PA	2022-05-06	2022-05-09T06:00:00+00:00	176
AIR.PA	2022-05-09	2022-05-10T06:00:00+00:00	177
AIR.PA	2022-05-10	2022-05-11T06:00:00+00:00	178
AIR.PA	2022-05-11	2022-05-12T06:00:00+00:00	179
AIR.PA	2022-05-12	2022-05-13T06:00:00+00:00	180
AIR.PA	2022-05-13	2022-05-16T06:00:00+00:00	181
AIR.PA	2022-05-16	2022-05-17T06:00:00+00:00	182
AIR.PA	2022-05-17	2022-05-18T06:00:00+00:00	183
AIR.PA	2022-05-18	2022-05-19T06:00:00+00:00	184
AIR.PA	2022-05-19	2022-05-20T06:00:00+00:00	185
AIR.PA	2022-05-20	2022-05-23T06:00:00+00:00	186
AIR.PA	2022-05-23	2022-05-24T06:00:00+00:00	187
AIR.PA	2022-05-24	2022-05-25T06:00:00+00:00	188
AIR.PA	2022-05-25	2022-05-26T06:00:00+00:00	189
AIR.PA	2022-05-26	2022-05-27T06:00:00+00:00	189
AIR.PA	2022-05-27	2022-05-30T06:00:00+00:00	190
AIR.PA	2022-05-30	2022-05-31T06:00:00+00:00	191
AIR.PA	2022-05-31	2022-06-01T06:00:00+00:00	192
AIR.PA	2022-06-01	2022-06-02T06:00:00+00:00	193
AIR.PA	2022-06-02	2022-06-03T06:00:00+00:00	194
AIR.PA	2022-06-03	2022-06-06T06:00:00+00:00	195
AIR.PA	2022-06-06	2022-06-07T06:00:00+00:00	195
AIR.PA	2022-06-07	2022-06-08T06:00:00+00:00	196
AIR.PA	2022-06-08	2022-06-09T06:00:00+00:00	197
AIR.PA	2022-06-09	2022-06-10T06:00:00+00:00	198
AIR.PA	2022-06-10	2022-06-13T06:00:00+00:00	199
SU.PA	2022-02-14	2022-02-15T07:00:00+00:00	119
SU.PA	2022-02-15	2022-02-16T07:00:00+00:00	120
SU.PA	2022-02-16	2022-02-17T07:00:00+00:00	121
SU.PA	2022-02-17	2022-02-18T07:00:00+00:00	122
SU.PA	2022-02-18	2022-02-21T07:00:00+00:00	123
SU.PA	2022-02-21	2022-02-22T07:00:00+00:00	124
SU.PA	2022-02-22	2022-02-23T07:00:00+00:00	125
SU.PA	2022-02-23	2022-02-24T07:00:00+00:00	126
SU.PA	2022-02-24	2022-02-25T07:00:00+00:00	127
SU.PA	2022-02-25	2022-02-28T07:00:00+00:00	128
SU.PA	2022-02-28	2022-03-01T07:00:00+00:00	129
SU.PA	2022-03-01	2022-03-02T07:00:00+00:00	130
SU.PA	2022-03-02	2022-03-03T07:00:00+00:00	131
SU.PA	2022-03-03	2022-03-04T07:00:00+00:00	132
SU.PA	2022-03-04	2022-03-07T07:00:00+00:00	133
SU.PA	2022-03-07	2022-03-08T07:00:00+00:00	134
SU.PA	2022-03-08	2022-03-09T07:00:00+00:00	135
SU.PA	2022-03-09	2022-03-10T07:00:00+00:00	136
SU.PA	2022-03-10	2022-03-11T07:00:00+00:00	137
SU.PA	2022-03-11	2022-03-14T07:00:00+00:00	138
SU.PA	2022-03-14	2022-03-15T07:00:00+00:00	139
SU.PA	2022-03-15	2022-03-16T07:00:00+00:00	140
SU.PA	2022-03-16	2022-03-17T07:00:00+00:00	141
SU.PA	2022-03-17	2022-03-18T07:00:00+00:00	142
SU.PA	2022-03-18	2022-03-21T07:00:00+00:00	143
SU.PA	2022-03-21	2022-03-22T07:00:00+00:00	144
SU.PA	2022-03-22	2022-03-23T07:00:00+00:00	145
SU.PA	2022-03-23	2022-03-24T07:00:00+00:00	146
SU.PA	2022-03-24	2022-03-25T07:00:00+00:00	147
SU.PA	2022-03-25	2022-03-28T06:00:00+00:00	148
SU.PA	2022-03-28	2022-03-29T06:00:00+00:00	149
SU.PA	2022-03-29	2022-03-30T06:00:00+00:00	150
SU.PA	2022-03-30	2022-03-31T06:00:00+00:00	151
SU.PA	2022-03-31	2022-04-01T06:00:00+00:00	152
SU.PA	2022-04-01	2022-04-04T06:00:00+00:00	153
SU.PA	2022-04-04	2022-04-05T06:00:00+00:00	154
SU.PA	2022-04-05	2022-04-06T06:00:00+00:00	155
SU.PA	2022-04-06	2022-04-07T06:00:00+00:00	156
SU.PA	2022-04-07	2022-04-08T06:00:00+00:00	157
SU.PA	2022-04-08	2022-04-11T06:00:00+00:00	158
SU.PA	2022-04-11	2022-04-12T06:00:00+00:00	159
SU.PA	2022-04-12	2022-04-13T06:00:00+00:00	160
SU.PA	2022-04-13	2022-04-14T06:00:00+00:00	161
SU.PA	2022-04-14	2022-04-19T06:00:00+00:00	162
SU.PA	2022-04-19	2022-04-20T06:00:00+00:00	163
SU.PA	2022-04-20	2022-04-21T06:00:00+00:00	164
SU.PA	2022-04-21	2022-04-22T06:00:00+00:00	165
SU.PA	2022-04-22	2022-04-25T06:00:00+00:00	166
SU.PA	2022-04-25	2022-04-26T06:00:00+00:00	167
SU.PA	2022-04-26	2022-04-27T06:00:00+00:00	168
SU.PA	2022-04-27	2022-04-28T06:00:00+00:00	169
SU.PA	2022-04-28	2022-04-29T06:00:00+00:00	170
SU.PA	2022-04-29	2022-05-02T06:00:00+00:00	171
SU.PA	2022-05-02	2022-05-03T06:00:00+00:00	172
SU.PA	2022-05-03	2022-05-04T06:00:00+00:00	173
SU.PA	2022-05-04	2022-05-05T06:00:00+00:00	174
SU.PA	2022-05-05	2022-05-06T06:00:00+00:00	175
SU.PA	2022-05-06	2022-05-09T06:00:00+00:00	176
SU.PA	2022-05-09	2022-05-10T06:00:00+00:00	177
SU.PA	2022-05-10	2022-05-11T06:00:00+00:00	178
SU.PA	2022-05-11	2022-05-12T06:00:00+00:00	179
SU.PA	2022-05-12	2022-05-13T06:00:00+00:00	180
SU.PA	2022-05-13	2022-05-16T06:00:00+00:00	181
SU.PA	2022-05-16	2022-05-17T06:00:00+00:00	182
SU.PA	2022-05-17	2022-05-18T06:00:00+00:00	183
SU.PA	2022-05-18	2022-05-19T06:00:00+00:00	184
SU.PA	2022-05-19	2022-05-20T06:00:00+00:00	185
SU.PA	2022-05-20	2022-05-23T06:00:00+00:00	186
SU.PA	2022-05-23	2022-05-24T06:00:00+00:00	187
SU.PA	2022-05-24	2022-05-25T06:00:00+00:00	188
SU.PA	2022-05-25	2022-05-26T06:00:00+00:00	189
SU.PA	2022-05-26	2022-05-27T06:00:00+00:00	189
SU.PA	2022-05-27	2022-05-30T06:00:00+00:00	190
SU.PA	2022-05-30	2022-05-31T06:00:00+00:00	191
SU.PA	2022-05-31	2022-06-01T06:00:00+00:00	192
SU.PA	2022-06-01	2022-06-02T06:00:00+00:00	193
SU.PA	2022-06-02	2022-06-03T06:00:00+00:00	194
SU.PA	2022-06-03	2022-06-06T06:00:00+00:00	195
SU.PA	2022-06-06	2022-06-07T06:00:00+00:00	195
SU.PA	2022-06-07	2022-06-08T06:00:00+00:00	196
SU.PA	2022-06-08	2022-06-09T06:00:00+00:00	197
SU.PA	2022-06-09	2022-06-10T06:00:00+00:00	198
SU.PA	2022-06-10	2022-06-13T06:00:00+00:00	199
SAF.PA	2022-02-14	2022-02-15T07:00:00+00:00	119
SAF.PA	2022-02-15	2022-02-16T07:00:00+00:00	120
SAF.PA	2022-02-16	2022-02-17T07:00:00+00:00	121
SAF.PA	2022-02-17	2022-02-18T07:00:00+00:00	122
SAF.PA	2022-02-18	2022-02-21T07:00:00+00:00	123
SAF.PA	2022-02-21	2022-02-22T07:00:00+00:00	124
SAF.PA	2022-02-22	2022-02-23T07:00:00+00:00	125
SAF.PA	2022-02-23	2022-02-24T07:00:00+00:00	126
SAF.PA	2022-02-24	2022-02-25T07:00:00+00:00	127
SAF.PA	2022-02-25	2022-02-28T07:00:00+00:00	128
SAF.PA	2022-02-28	2022-03-01T07:00:00+00:00	129
SAF.PA	2022-03-01	2022-03-02T07:00:00+00:00	130
SAF.PA	2022-03-02	2022-03-03T07:00:00+00:00	131
SAF.PA	2022-03-03	2022-03-04T07:00:00+00:00	132
SAF.PA	2022-03-04	2022-03-07T07:00:00+00:00	133
SAF.PA	2022-03-07	2022-03-08T07:00:00+00:00	134
SAF.PA	2022-03-08	2022-03-09T07:00:00+00:00	135
SAF.PA	2022-03-09	2022-03-10T07:00:00+00:00	136
SAF.PA	2022-03-10	2022-03-11T07:00:00+00:00	137
SAF.PA	2022-03-11	2022-03-14T07:00:00+00:00	138
SAF.PA	2022-03-14	2022-03-15T07:00:00+00:00	139
SAF.PA	2022-03-15	2022-03-16T07:00:00+00:00	140
SAF.PA	2022-03-16	2022-03-17T07:00:00+00:00	141
SAF.PA	2022-03-17	2022-03-18T07:00:00+00:00	142
SAF.PA	2022-03-18	2022-03-21T07:00:00+00:00	143
SAF.PA	2022-03-21	2022-03-22T07:00:00+00:00	144
SAF.PA	2022-03-22	2022-03-23T07:00:00+00:00	145
SAF.PA	2022-03-23	2022-03-24T07:00:00+00:00	146
SAF.PA	2022-03-24	2022-03-25T07:00:00+00:00	147
SAF.PA	2022-03-25	2022-03-28T06:00:00+00:00	148
SAF.PA	2022-03-28	2022-03-29T06:00:00+00:00	149
SAF.PA	2022-03-29	2022-03-30T06:00:00+00:00	150
SAF.PA	2022-03-30	2022-03-31T06:00:00+00:00	151
SAF.PA	2022-03-31	2022-04-01T06:00:00+00:00	152
SAF.PA	2022-04-01	2022-04-04T06:00:00+00:00	153
SAF.PA	2022-04-04	2022-04-05T06:00:00+00:00	154
SAF.PA	2022-04-05	2022-04-06T06:00:00+00:00	155
SAF.PA	2022-04-06	2022-04-07T06:00:00+00:00	156
SAF.PA	2022-04-07	2022-04-08T06:00:00+00:00	157
SAF.PA	2022-04-08	2022-04-11T06:00:00+00:00	158
SAF.PA	2022-04-11	2022-04-12T06:00:00+00:00	159
SAF.PA	2022-04-12	2022-04-13T06:00:00+00:00	160
SAF.PA	2022-04-13	2022-04-14T06:00:00+00:00	161
SAF.PA	2022-04-14	2022-04-19T06:00:00+00:00	162
SAF.PA	2022-04-19	2022-04-20T06:00:00+00:00	163
SAF.PA	2022-04-20	2022-04-21T06:00:00+00:00	164
SAF.PA	2022-04-21	2022-04-22T06:00:00+00:00	165
SAF.PA	2022-04-22	2022-04-25T06:00:00+00:00	166
SAF.PA	2022-04-25	2022-04-26T06:00:00+00:00	167
SAF.PA	2022-04-26	2022-04-27T06:00:00+00:00	168
SAF.PA	2022-04-27	2022-04-28T06:00:00+00:00	169
SAF.PA	2022-04-28	2022-04-29T06:00:00+00:00	170
SAF.PA	2022-04-29	2022-05-02T06:00:00+00:00	171
SAF.PA	2022-05-02	2022-05-03T06:00:00+00:00	172
SAF.PA	2022-05-03	2022-05-04T06:00:00+00:00	173
SAF.PA	2022-05-04	2022-05-05T06:00:00+00:00	174
SAF.PA	2022-05-05	2022-05-06T06:00:00+00:00	175
SAF.PA	2022-05-06	2022-05-09T06:00:00+00:00	176
SAF.PA	2022-05-09	2022-05-10T06:00:00+00:00	177
SAF.PA	2022-05-10	2022-05-11T06:00:00+00:00	178
SAF.PA	2022-05-11	2022-05-12T06:00:00+00:00	179
SAF.PA	2022-05-12	2022-05-13T06:00:00+00:00	180
SAF.PA	2022-05-13	2022-05-16T06:00:00+00:00	181
SAF.PA	2022-05-16	2022-05-17T06:00:00+00:00	182
SAF.PA	2022-05-17	2022-05-18T06:00:00+00:00	183
SAF.PA	2022-05-18	2022-05-19T06:00:00+00:00	184
SAF.PA	2022-05-19	2022-05-20T06:00:00+00:00	185
SAF.PA	2022-05-20	2022-05-23T06:00:00+00:00	186
SAF.PA	2022-05-23	2022-05-24T06:00:00+00:00	187
SAF.PA	2022-05-24	2022-05-25T06:00:00+00:00	188
SAF.PA	2022-05-25	2022-05-26T06:00:00+00:00	189
SAF.PA	2022-05-26	2022-05-27T06:00:00+00:00	189
SAF.PA	2022-05-27	2022-05-30T06:00:00+00:00	190
SAF.PA	2022-05-30	2022-05-31T06:00:00+00:00	191
SAF.PA	2022-05-31	2022-06-01T06:00:00+00:00	192
SAF.PA	2022-06-01	2022-06-02T06:00:00+00:00	193
SAF.PA	2022-06-02	2022-06-03T06:00:00+00:00	194
SAF.PA	2022-06-03	2022-06-06T06:00:00+00:00	195
SAF.PA	2022-06-06	2022-06-07T06:00:00+00:00	195
SAF.PA	2022-06-07	2022-06-08T06:00:00+00:00	196
SAF.PA	2022-06-08	2022-06-09T06:00:00+00:00	197
SAF.PA	2022-06-09	2022-06-10T06:00:00+00:00	198
SAF.PA	2022-06-10	2022-06-13T06:00:00+00:00	199
TTE.PA	2022-02-14	2022-02-15T07:00:00+00:00	119
TTE.PA	2022-02-15	2022-02-16T07:00:00+00:00	120
TTE.PA	2022-02-16	2022-02-17T07:00:00+00:00	121
TTE.PA	2022-02-17	2022-02-18T07:00:00+00:00	122
TTE.PA	2022-02-18	2022-02-21T07:00:00+00:00	123
TTE.PA	2022-02-21	2022-02-22T07:00:00+00:00	124
TTE.PA	2022-02-22	2022-02-23T07:00:00+00:00	125
TTE.PA	2022-02-23	2022-02-24T07:00:00+00:00	126
TTE.PA	2022-02-24	2022-02-25T07:00:00+00:00	127
TTE.PA	2022-02-25	2022-02-28T07:00:00+00:00	128
TTE.PA	2022-02-28	2022-03-01T07:00:00+00:00	129
TTE.PA	2022-03-01	2022-03-02T07:00:00+00:00	130
TTE.PA	2022-03-02	2022-03-03T07:00:00+00:00	131
TTE.PA	2022-03-03	2022-03-04T07:00:00+00:00	132
TTE.PA	2022-03-04	2022-03-07T07:00:00+00:00	133
TTE.PA	2022-03-07	2022-03-08T07:00:00+00:00	134
TTE.PA	2022-03-08	2022-03-09T07:00:00+00:00	135
TTE.PA	2022-03-09	2022-03-10T07:00:00+00:00	136
TTE.PA	2022-03-10	2022-03-11T07:00:00+00:00	137
TTE.PA	2022-03-11	2022-03-14T07:00:00+00:00	138
TTE.PA	2022-03-14	2022-03-15T07:00:00+00:00	139
TTE.PA	2022-03-15	2022-03-16T07:00:00+00:00	140
TTE.PA	2022-03-16	2022-03-17T07:00:00+00:00	141
TTE.PA	2022-03-17	2022-03-18T07:00:00+00:00	142
TTE.PA	2022-03-18	2022-03-21T07:00:00+00:00	143
TTE.PA	2022-03-21	2022-03-22T07:00:00+00:00	144
TTE.PA	2022-03-22	2022-03-23T07:00:00+00:00	145
TTE.PA	2022-03-23	2022-03-24T07:00:00+00:00	146
TTE.PA	2022-03-24	2022-03-25T07:00:00+00:00	147
TTE.PA	2022-03-25	2022-03-28T06:00:00+00:00	148
TTE.PA	2022-03-28	2022-03-29T06:00:00+00:00	149
TTE.PA	2022-03-29	2022-03-30T06:00:00+00:00	150
TTE.PA	2022-03-30	2022-03-31T06:00:00+00:00	151
TTE.PA	2022-03-31	2022-04-01T06:00:00+00:00	152
TTE.PA	2022-04-01	2022-04-04T06:00:00+00:00	153
TTE.PA	2022-04-04	2022-04-05T06:00:00+00:00	154
TTE.PA	2022-04-05	2022-04-06T06:00:00+00:00	155
TTE.PA	2022-04-06	2022-04-07T06:00:00+00:00	156
TTE.PA	2022-04-07	2022-04-08T06:00:00+00:00	157
TTE.PA	2022-04-08	2022-04-11T06:00:00+00:00	158
TTE.PA	2022-04-11	2022-04-12T06:00:00+00:00	159
TTE.PA	2022-04-12	2022-04-13T06:00:00+00:00	160
TTE.PA	2022-04-13	2022-04-14T06:00:00+00:00	161
TTE.PA	2022-04-14	2022-04-19T06:00:00+00:00	162
TTE.PA	2022-04-19	2022-04-20T06:00:00+00:00	163
TTE.PA	2022-04-20	2022-04-21T06:00:00+00:00	164
TTE.PA	2022-04-21	2022-04-22T06:00:00+00:00	165
TTE.PA	2022-04-22	2022-04-25T06:00:00+00:00	166
TTE.PA	2022-04-25	2022-04-26T06:00:00+00:00	167
TTE.PA	2022-04-26	2022-04-27T06:00:00+00:00	168
TTE.PA	2022-04-27	2022-04-28T06:00:00+00:00	169
TTE.PA	2022-04-28	2022-04-29T06:00:00+00:00	170
TTE.PA	2022-04-29	2022-05-02T06:00:00+00:00	171
TTE.PA	2022-05-02	2022-05-03T06:00:00+00:00	172
TTE.PA	2022-05-03	2022-05-04T06:00:00+00:00	173
TTE.PA	2022-05-04	2022-05-05T06:00:00+00:00	174
TTE.PA	2022-05-05	2022-05-06T06:00:00+00:00	175
TTE.PA	2022-05-06	2022-05-09T06:00:00+00:00	176
TTE.PA	2022-05-09	2022-05-10T06:00:00+00:00	177
TTE.PA	2022-05-10	2022-05-11T06:00:00+00:00	178
TTE.PA	2022-05-11	2022-05-12T06:00:00+00:00	179
TTE.PA	2022-05-12	2022-05-13T06:00:00+00:00	180
TTE.PA	2022-05-13	2022-05-16T06:00:00+00:00	181
TTE.PA	2022-05-16	2022-05-17T06:00:00+00:00	182
TTE.PA	2022-05-17	2022-05-18T06:00:00+00:00	183
TTE.PA	2022-05-18	2022-05-19T06:00:00+00:00	184
TTE.PA	2022-05-19	2022-05-20T06:00:00+00:00	185
TTE.PA	2022-05-20	2022-05-23T06:00:00+00:00	186
TTE.PA	2022-05-23	2022-05-24T06:00:00+00:00	187
TTE.PA	2022-05-24	2022-05-25T06:00:00+00:00	188
TTE.PA	2022-05-25	2022-05-26T06:00:00+00:00	189
TTE.PA	2022-05-26	2022-05-27T06:00:00+00:00	189
TTE.PA	2022-05-27	2022-05-30T06:00:00+00:00	190
TTE.PA	2022-05-30	2022-05-31T06:00:00+00:00	191
TTE.PA	2022-05-31	2022-06-01T06:00:00+00:00	192
TTE.PA	2022-06-01	2022-06-02T06:00:00+00:00	193
TTE.PA	2022-06-02	2022-06-03T06:00:00+00:00	194
TTE.PA	2022-06-03	2022-06-06T06:00:00+00:00	195
TTE.PA	2022-06-06	2022-06-07T06:00:00+00:00	195
TTE.PA	2022-06-07	2022-06-08T06:00:00+00:00	196
TTE.PA	2022-06-08	2022-06-09T06:00:00+00:00	197
TTE.PA	2022-06-09	2022-06-10T06:00:00+00:00	198
TTE.PA	2022-06-10	2022-06-13T06:00:00+00:00	199
OR.PA	2022-02-14	2022-02-15T07:00:00+00:00	119
OR.PA	2022-02-15	2022-02-16T07:00:00+00:00	120
OR.PA	2022-02-16	2022-02-17T07:00:00+00:00	121
OR.PA	2022-02-17	2022-02-18T07:00:00+00:00	122
OR.PA	2022-02-18	2022-02-21T07:00:00+00:00	123
OR.PA	2022-02-21	2022-02-22T07:00:00+00:00	124
OR.PA	2022-02-22	2022-02-23T07:00:00+00:00	125
OR.PA	2022-02-23	2022-02-24T07:00:00+00:00	126
OR.PA	2022-02-24	2022-02-25T07:00:00+00:00	127
OR.PA	2022-02-25	2022-02-28T07:00:00+00:00	128
OR.PA	2022-02-28	2022-03-01T07:00:00+00:00	129
OR.PA	2022-03-01	2022-03-02T07:00:00+00:00	130
OR.PA	2022-03-02	2022-03-03T07:00:00+00:00	131
OR.PA	2022-03-03	2022-03-04T07:00:00+00:00	132
OR.PA	2022-03-04	2022-03-07T07:00:00+00:00	133
OR.PA	2022-03-07	2022-03-08T07:00:00+00:00	134
OR.PA	2022-03-08	2022-03-09T07:00:00+00:00	135
OR.PA	2022-03-09	2022-03-10T07:00:00+00:00	136
OR.PA	2022-03-10	2022-03-11T07:00:00+00:00	137
OR.PA	2022-03-11	2022-03-14T07:00:00+00:00	138
OR.PA	2022-03-14	2022-03-15T07:00:00+00:00	139
OR.PA	2022-03-15	2022-03-16T07:00:00+00:00	140
OR.PA	2022-03-16	2022-03-17T07:00:00+00:00	141
OR.PA	2022-03-17	2022-03-18T07:00:00+00:00	142
OR.PA	2022-03-18	2022-03-21T07:00:00+00:00	143
OR.PA	2022-03-21	2022-03-22T07:00:00+00:00	144
OR.PA	2022-03-22	2022-03-23T07:00:00+00:00	145
OR.PA	2022-03-23	2022-03-24T07:00:00+00:00	146
OR.PA	2022-03-24	2022-03-25T07:00:00+00:00	147
OR.PA	2022-03-25	2022-03-28T06:00:00+00:00	148
OR.PA	2022-03-28	2022-03-29T06:00:00+00:00	149
OR.PA	2022-03-29	2022-03-30T06:00:00+00:00	150
OR.PA	2022-03-30	2022-03-31T06:00:00+00:00	151
OR.PA	2022-03-31	2022-04-01T06:00:00+00:00	152
OR.PA	2022-04-01	2022-04-04T06:00:00+00:00	153
OR.PA	2022-04-04	2022-04-05T06:00:00+00:00	154
OR.PA	2022-04-05	2022-04-06T06:00:00+00:00	155
OR.PA	2022-04-06	2022-04-07T06:00:00+00:00	156
OR.PA	2022-04-07	2022-04-08T06:00:00+00:00	157
OR.PA	2022-04-08	2022-04-11T06:00:00+00:00	158
OR.PA	2022-04-11	2022-04-12T06:00:00+00:00	159
OR.PA	2022-04-12	2022-04-13T06:00:00+00:00	160
OR.PA	2022-04-13	2022-04-14T06:00:00+00:00	161
OR.PA	2022-04-14	2022-04-19T06:00:00+00:00	162
OR.PA	2022-04-19	2022-04-20T06:00:00+00:00	163
OR.PA	2022-04-20	2022-04-21T06:00:00+00:00	164
OR.PA	2022-04-21	2022-04-22T06:00:00+00:00	165
OR.PA	2022-04-22	2022-04-25T06:00:00+00:00	166
OR.PA	2022-04-25	2022-04-26T06:00:00+00:00	167
OR.PA	2022-04-26	2022-04-27T06:00:00+00:00	168
OR.PA	2022-04-27	2022-04-28T06:00:00+00:00	169
OR.PA	2022-04-28	2022-04-29T06:00:00+00:00	170
OR.PA	2022-04-29	2022-05-02T06:00:00+00:00	171
OR.PA	2022-05-02	2022-05-03T06:00:00+00:00	172
OR.PA	2022-05-03	2022-05-04T06:00:00+00:00	173
OR.PA	2022-05-04	2022-05-05T06:00:00+00:00	174
OR.PA	2022-05-05	2022-05-06T06:00:00+00:00	175
OR.PA	2022-05-06	2022-05-09T06:00:00+00:00	176
OR.PA	2022-05-09	2022-05-10T06:00:00+00:00	177
OR.PA	2022-05-10	2022-05-11T06:00:00+00:00	178
OR.PA	2022-05-11	2022-05-12T06:00:00+00:00	179
OR.PA	2022-05-12	2022-05-13T06:00:00+00:00	180
OR.PA	2022-05-13	2022-05-16T06:00:00+00:00	181
OR.PA	2022-05-16	2022-05-17T06:00:00+00:00	182
OR.PA	2022-05-17	2022-05-18T06:00:00+00:00	183
OR.PA	2022-05-18	2022-05-19T06:00:00+00:00	184
OR.PA	2022-05-19	2022-05-20T06:00:00+00:00	185
OR.PA	2022-05-20	2022-05-23T06:00:00+00:00	186
OR.PA	2022-05-23	2022-05-24T06:00:00+00:00	187
OR.PA	2022-05-24	2022-05-25T06:00:00+00:00	188
OR.PA	2022-05-25	2022-05-26T06:00:00+00:00	189
OR.PA	2022-05-26	2022-05-27T06:00:00+00:00	189
OR.PA	2022-05-27	2022-05-30T06:00:00+00:00	190
OR.PA	2022-05-30	2022-05-31T06:00:00+00:00	191
OR.PA	2022-05-31	2022-06-01T06:00:00+00:00	192
OR.PA	2022-06-01	2022-06-02T06:00:00+00:00	193
OR.PA	2022-06-02	2022-06-03T06:00:00+00:00	194
OR.PA	2022-06-03	2022-06-06T06:00:00+00:00	195
OR.PA	2022-06-06	2022-06-07T06:00:00+00:00	195
OR.PA	2022-06-07	2022-06-08T06:00:00+00:00	196
OR.PA	2022-06-08	2022-06-09T06:00:00+00:00	197
OR.PA	2022-06-09	2022-06-10T06:00:00+00:00	198
OR.PA	2022-06-10	2022-06-13T06:00:00+00:00	199
IBE.MC	2022-02-16	2022-02-17T07:00:00+00:00	121
IBE.MC	2022-02-17	2022-02-18T07:00:00+00:00	122
IBE.MC	2022-02-18	2022-02-21T07:00:00+00:00	123
IBE.MC	2022-02-21	2022-02-22T07:00:00+00:00	124
IBE.MC	2022-02-22	2022-02-23T07:00:00+00:00	125
IBE.MC	2022-02-23	2022-02-24T07:00:00+00:00	126
IBE.MC	2022-02-24	2022-02-25T07:00:00+00:00	127
IBE.MC	2022-02-25	2022-02-28T07:00:00+00:00	128
IBE.MC	2022-02-28	2022-03-01T07:00:00+00:00	129
IBE.MC	2022-03-01	2022-03-02T07:00:00+00:00	130
IBE.MC	2022-03-02	2022-03-03T07:00:00+00:00	131
IBE.MC	2022-03-03	2022-03-04T07:00:00+00:00	132
IBE.MC	2022-03-04	2022-03-07T07:00:00+00:00	133
IBE.MC	2022-03-07	2022-03-08T07:00:00+00:00	134
IBE.MC	2022-03-08	2022-03-09T07:00:00+00:00	135
IBE.MC	2022-03-09	2022-03-10T07:00:00+00:00	136
IBE.MC	2022-03-10	2022-03-11T07:00:00+00:00	137
IBE.MC	2022-03-11	2022-03-14T07:00:00+00:00	138
IBE.MC	2022-03-14	2022-03-15T07:00:00+00:00	139
IBE.MC	2022-03-15	2022-03-16T07:00:00+00:00	140
IBE.MC	2022-03-16	2022-03-17T07:00:00+00:00	141
IBE.MC	2022-03-17	2022-03-18T07:00:00+00:00	142
IBE.MC	2022-03-18	2022-03-21T07:00:00+00:00	143
IBE.MC	2022-03-21	2022-03-22T07:00:00+00:00	144
IBE.MC	2022-03-22	2022-03-23T07:00:00+00:00	145
IBE.MC	2022-03-23	2022-03-24T07:00:00+00:00	146
IBE.MC	2022-03-24	2022-03-25T07:00:00+00:00	147
IBE.MC	2022-03-25	2022-03-28T06:00:00+00:00	148
IBE.MC	2022-03-28	2022-03-29T06:00:00+00:00	149
IBE.MC	2022-03-29	2022-03-30T06:00:00+00:00	150
IBE.MC	2022-03-30	2022-03-31T06:00:00+00:00	151
IBE.MC	2022-03-31	2022-04-01T06:00:00+00:00	152
IBE.MC	2022-04-01	2022-04-04T06:00:00+00:00	153
IBE.MC	2022-04-04	2022-04-05T06:00:00+00:00	154
IBE.MC	2022-04-05	2022-04-06T06:00:00+00:00	155
IBE.MC	2022-04-06	2022-04-07T06:00:00+00:00	156
IBE.MC	2022-04-07	2022-04-08T06:00:00+00:00	157
IBE.MC	2022-04-08	2022-04-11T06:00:00+00:00	158
IBE.MC	2022-04-11	2022-04-12T06:00:00+00:00	159
IBE.MC	2022-04-12	2022-04-13T06:00:00+00:00	160
IBE.MC	2022-04-13	2022-04-14T06:00:00+00:00	161
IBE.MC	2022-04-14	2022-04-19T06:00:00+00:00	162
IBE.MC	2022-04-19	2022-04-20T06:00:00+00:00	163
IBE.MC	2022-04-20	2022-04-21T06:00:00+00:00	164
IBE.MC	2022-04-21	2022-04-22T06:00:00+00:00	165
IBE.MC	2022-04-22	2022-04-25T06:00:00+00:00	166
IBE.MC	2022-04-25	2022-04-26T06:00:00+00:00	167
IBE.MC	2022-04-26	2022-04-27T06:00:00+00:00	168
IBE.MC	2022-04-27	2022-04-28T06:00:00+00:00	169
IBE.MC	2022-04-28	2022-04-29T06:00:00+00:00	170
IBE.MC	2022-04-29	2022-05-02T06:00:00+00:00	171
IBE.MC	2022-05-02	2022-05-03T06:00:00+00:00	172
IBE.MC	2022-05-03	2022-05-04T06:00:00+00:00	173
IBE.MC	2022-05-04	2022-05-05T06:00:00+00:00	174
IBE.MC	2022-05-05	2022-05-06T06:00:00+00:00	175
IBE.MC	2022-05-06	2022-05-09T06:00:00+00:00	176
IBE.MC	2022-05-09	2022-05-10T06:00:00+00:00	177
IBE.MC	2022-05-10	2022-05-11T06:00:00+00:00	178
IBE.MC	2022-05-11	2022-05-12T06:00:00+00:00	179
IBE.MC	2022-05-12	2022-05-13T06:00:00+00:00	180
IBE.MC	2022-05-13	2022-05-16T06:00:00+00:00	181
IBE.MC	2022-05-16	2022-05-17T06:00:00+00:00	182
IBE.MC	2022-05-17	2022-05-18T06:00:00+00:00	183
IBE.MC	2022-05-18	2022-05-19T06:00:00+00:00	184
IBE.MC	2022-05-19	2022-05-20T06:00:00+00:00	185
IBE.MC	2022-05-20	2022-05-23T06:00:00+00:00	186
IBE.MC	2022-05-23	2022-05-24T06:00:00+00:00	187
IBE.MC	2022-05-24	2022-05-25T06:00:00+00:00	188
IBE.MC	2022-05-25	2022-05-26T06:00:00+00:00	189
IBE.MC	2022-05-26	2022-05-27T06:00:00+00:00	189
IBE.MC	2022-05-27	2022-05-30T06:00:00+00:00	190
IBE.MC	2022-05-30	2022-05-31T06:00:00+00:00	191
IBE.MC	2022-05-31	2022-06-01T06:00:00+00:00	192
IBE.MC	2022-06-01	2022-06-02T06:00:00+00:00	193
IBE.MC	2022-06-02	2022-06-03T06:00:00+00:00	194
IBE.MC	2022-06-03	2022-06-06T06:00:00+00:00	195
IBE.MC	2022-06-06	2022-06-07T06:00:00+00:00	195
IBE.MC	2022-06-07	2022-06-08T06:00:00+00:00	196
IBE.MC	2022-06-08	2022-06-09T06:00:00+00:00	197
IBE.MC	2022-06-09	2022-06-10T06:00:00+00:00	198
IBE.MC	2022-06-10	2022-06-13T06:00:00+00:00	199
ITX.MC	2022-02-16	2022-02-17T07:00:00+00:00	121
ITX.MC	2022-02-17	2022-02-18T07:00:00+00:00	122
ITX.MC	2022-02-18	2022-02-21T07:00:00+00:00	123
ITX.MC	2022-02-21	2022-02-22T07:00:00+00:00	124
ITX.MC	2022-02-22	2022-02-23T07:00:00+00:00	125
ITX.MC	2022-02-23	2022-02-24T07:00:00+00:00	126
ITX.MC	2022-02-24	2022-02-25T07:00:00+00:00	127
ITX.MC	2022-02-25	2022-02-28T07:00:00+00:00	128
ITX.MC	2022-02-28	2022-03-01T07:00:00+00:00	129
ITX.MC	2022-03-01	2022-03-02T07:00:00+00:00	130
ITX.MC	2022-03-02	2022-03-03T07:00:00+00:00	131
ITX.MC	2022-03-03	2022-03-04T07:00:00+00:00	132
ITX.MC	2022-03-04	2022-03-07T07:00:00+00:00	133
ITX.MC	2022-03-07	2022-03-08T07:00:00+00:00	134
ITX.MC	2022-03-08	2022-03-09T07:00:00+00:00	135
ITX.MC	2022-03-09	2022-03-10T07:00:00+00:00	136
ITX.MC	2022-03-10	2022-03-11T07:00:00+00:00	137
ITX.MC	2022-03-11	2022-03-14T07:00:00+00:00	138
ITX.MC	2022-03-14	2022-03-15T07:00:00+00:00	139
ITX.MC	2022-03-15	2022-03-16T07:00:00+00:00	140
ITX.MC	2022-03-16	2022-03-17T07:00:00+00:00	141
ITX.MC	2022-03-17	2022-03-18T07:00:00+00:00	142
ITX.MC	2022-03-18	2022-03-21T07:00:00+00:00	143
ITX.MC	2022-03-21	2022-03-22T07:00:00+00:00	144
ITX.MC	2022-03-22	2022-03-23T07:00:00+00:00	145
ITX.MC	2022-03-23	2022-03-24T07:00:00+00:00	146
ITX.MC	2022-03-24	2022-03-25T07:00:00+00:00	147
ITX.MC	2022-03-25	2022-03-28T06:00:00+00:00	148
ITX.MC	2022-03-28	2022-03-29T06:00:00+00:00	149
ITX.MC	2022-03-29	2022-03-30T06:00:00+00:00	150
ITX.MC	2022-03-30	2022-03-31T06:00:00+00:00	151
ITX.MC	2022-03-31	2022-04-01T06:00:00+00:00	152
ITX.MC	2022-04-01	2022-04-04T06:00:00+00:00	153
ITX.MC	2022-04-04	2022-04-05T06:00:00+00:00	154
ITX.MC	2022-04-05	2022-04-06T06:00:00+00:00	155
ITX.MC	2022-04-06	2022-04-07T06:00:00+00:00	156
ITX.MC	2022-04-07	2022-04-08T06:00:00+00:00	157
ITX.MC	2022-04-08	2022-04-11T06:00:00+00:00	158
ITX.MC	2022-04-11	2022-04-12T06:00:00+00:00	159
ITX.MC	2022-04-12	2022-04-13T06:00:00+00:00	160
ITX.MC	2022-04-13	2022-04-14T06:00:00+00:00	161
ITX.MC	2022-04-14	2022-04-19T06:00:00+00:00	162
ITX.MC	2022-04-19	2022-04-20T06:00:00+00:00	163
ITX.MC	2022-04-20	2022-04-21T06:00:00+00:00	164
ITX.MC	2022-04-21	2022-04-22T06:00:00+00:00	165
ITX.MC	2022-04-22	2022-04-25T06:00:00+00:00	166
ITX.MC	2022-04-25	2022-04-26T06:00:00+00:00	167
ITX.MC	2022-04-26	2022-04-27T06:00:00+00:00	168
ITX.MC	2022-04-27	2022-04-28T06:00:00+00:00	169
ITX.MC	2022-04-28	2022-04-29T06:00:00+00:00	170
ITX.MC	2022-04-29	2022-05-02T06:00:00+00:00	171
ITX.MC	2022-05-02	2022-05-03T06:00:00+00:00	172
ITX.MC	2022-05-03	2022-05-04T06:00:00+00:00	173
ITX.MC	2022-05-04	2022-05-05T06:00:00+00:00	174
ITX.MC	2022-05-05	2022-05-06T06:00:00+00:00	175
ITX.MC	2022-05-06	2022-05-09T06:00:00+00:00	176
ITX.MC	2022-05-09	2022-05-10T06:00:00+00:00	177
ITX.MC	2022-05-10	2022-05-11T06:00:00+00:00	178
ITX.MC	2022-05-11	2022-05-12T06:00:00+00:00	179
ITX.MC	2022-05-12	2022-05-13T06:00:00+00:00	180
ITX.MC	2022-05-13	2022-05-16T06:00:00+00:00	181
ITX.MC	2022-05-16	2022-05-17T06:00:00+00:00	182
ITX.MC	2022-05-17	2022-05-18T06:00:00+00:00	183
ITX.MC	2022-05-18	2022-05-19T06:00:00+00:00	184
ITX.MC	2022-05-19	2022-05-20T06:00:00+00:00	185
ITX.MC	2022-05-20	2022-05-23T06:00:00+00:00	186
ITX.MC	2022-05-23	2022-05-24T06:00:00+00:00	187
ITX.MC	2022-05-24	2022-05-25T06:00:00+00:00	188
ITX.MC	2022-05-25	2022-05-26T06:00:00+00:00	189
ITX.MC	2022-05-26	2022-05-27T06:00:00+00:00	189
ITX.MC	2022-05-27	2022-05-30T06:00:00+00:00	190
ITX.MC	2022-05-30	2022-05-31T06:00:00+00:00	191
ITX.MC	2022-05-31	2022-06-01T06:00:00+00:00	192
ITX.MC	2022-06-01	2022-06-02T06:00:00+00:00	193
ITX.MC	2022-06-02	2022-06-03T06:00:00+00:00	194
ITX.MC	2022-06-03	2022-06-06T06:00:00+00:00	195
ITX.MC	2022-06-06	2022-06-07T06:00:00+00:00	195
ITX.MC	2022-06-07	2022-06-08T06:00:00+00:00	196
ITX.MC	2022-06-08	2022-06-09T06:00:00+00:00	197
ITX.MC	2022-06-09	2022-06-10T06:00:00+00:00	198
ITX.MC	2022-06-10	2022-06-13T06:00:00+00:00	199
BBVA.MC	2022-02-16	2022-02-17T07:00:00+00:00	121
BBVA.MC	2022-02-17	2022-02-18T07:00:00+00:00	122
BBVA.MC	2022-02-18	2022-02-21T07:00:00+00:00	123
BBVA.MC	2022-02-21	2022-02-22T07:00:00+00:00	124
BBVA.MC	2022-02-22	2022-02-23T07:00:00+00:00	125
BBVA.MC	2022-02-23	2022-02-24T07:00:00+00:00	126
BBVA.MC	2022-02-24	2022-02-25T07:00:00+00:00	127
BBVA.MC	2022-02-25	2022-02-28T07:00:00+00:00	128
BBVA.MC	2022-02-28	2022-03-01T07:00:00+00:00	129
BBVA.MC	2022-03-01	2022-03-02T07:00:00+00:00	130
BBVA.MC	2022-03-02	2022-03-03T07:00:00+00:00	131
BBVA.MC	2022-03-03	2022-03-04T07:00:00+00:00	132
BBVA.MC	2022-03-04	2022-03-07T07:00:00+00:00	133
BBVA.MC	2022-03-07	2022-03-08T07:00:00+00:00	134
BBVA.MC	2022-03-08	2022-03-09T07:00:00+00:00	135
BBVA.MC	2022-03-09	2022-03-10T07:00:00+00:00	136
BBVA.MC	2022-03-10	2022-03-11T07:00:00+00:00	137
BBVA.MC	2022-03-11	2022-03-14T07:00:00+00:00	138
BBVA.MC	2022-03-14	2022-03-15T07:00:00+00:00	139
BBVA.MC	2022-03-15	2022-03-16T07:00:00+00:00	140
BBVA.MC	2022-03-16	2022-03-17T07:00:00+00:00	141
BBVA.MC	2022-03-17	2022-03-18T07:00:00+00:00	142
BBVA.MC	2022-03-18	2022-03-21T07:00:00+00:00	143
BBVA.MC	2022-03-21	2022-03-22T07:00:00+00:00	144
BBVA.MC	2022-03-22	2022-03-23T07:00:00+00:00	145
BBVA.MC	2022-03-23	2022-03-24T07:00:00+00:00	146
BBVA.MC	2022-03-24	2022-03-25T07:00:00+00:00	147
BBVA.MC	2022-03-25	2022-03-28T06:00:00+00:00	148
BBVA.MC	2022-03-28	2022-03-29T06:00:00+00:00	149
BBVA.MC	2022-03-29	2022-03-30T06:00:00+00:00	150
BBVA.MC	2022-03-30	2022-03-31T06:00:00+00:00	151
BBVA.MC	2022-03-31	2022-04-01T06:00:00+00:00	152
BBVA.MC	2022-04-01	2022-04-04T06:00:00+00:00	153
BBVA.MC	2022-04-04	2022-04-05T06:00:00+00:00	154
BBVA.MC	2022-04-05	2022-04-06T06:00:00+00:00	155
BBVA.MC	2022-04-06	2022-04-07T06:00:00+00:00	156
BBVA.MC	2022-04-07	2022-04-08T06:00:00+00:00	157
BBVA.MC	2022-04-08	2022-04-11T06:00:00+00:00	158
BBVA.MC	2022-04-11	2022-04-12T06:00:00+00:00	159
BBVA.MC	2022-04-12	2022-04-13T06:00:00+00:00	160
BBVA.MC	2022-04-13	2022-04-14T06:00:00+00:00	161
BBVA.MC	2022-04-14	2022-04-19T06:00:00+00:00	162
BBVA.MC	2022-04-19	2022-04-20T06:00:00+00:00	163
BBVA.MC	2022-04-20	2022-04-21T06:00:00+00:00	164
BBVA.MC	2022-04-21	2022-04-22T06:00:00+00:00	165
BBVA.MC	2022-04-22	2022-04-25T06:00:00+00:00	166
BBVA.MC	2022-04-25	2022-04-26T06:00:00+00:00	167
BBVA.MC	2022-04-26	2022-04-27T06:00:00+00:00	168
BBVA.MC	2022-04-27	2022-04-28T06:00:00+00:00	169
BBVA.MC	2022-04-28	2022-04-29T06:00:00+00:00	170
BBVA.MC	2022-04-29	2022-05-02T06:00:00+00:00	171
BBVA.MC	2022-05-02	2022-05-03T06:00:00+00:00	172
BBVA.MC	2022-05-03	2022-05-04T06:00:00+00:00	173
BBVA.MC	2022-05-04	2022-05-05T06:00:00+00:00	174
BBVA.MC	2022-05-05	2022-05-06T06:00:00+00:00	175
BBVA.MC	2022-05-06	2022-05-09T06:00:00+00:00	176
BBVA.MC	2022-05-09	2022-05-10T06:00:00+00:00	177
BBVA.MC	2022-05-10	2022-05-11T06:00:00+00:00	178
BBVA.MC	2022-05-11	2022-05-12T06:00:00+00:00	179
BBVA.MC	2022-05-12	2022-05-13T06:00:00+00:00	180
BBVA.MC	2022-05-13	2022-05-16T06:00:00+00:00	181
BBVA.MC	2022-05-16	2022-05-17T06:00:00+00:00	182
BBVA.MC	2022-05-17	2022-05-18T06:00:00+00:00	183
BBVA.MC	2022-05-18	2022-05-19T06:00:00+00:00	184
BBVA.MC	2022-05-19	2022-05-20T06:00:00+00:00	185
BBVA.MC	2022-05-20	2022-05-23T06:00:00+00:00	186
BBVA.MC	2022-05-23	2022-05-24T06:00:00+00:00	187
BBVA.MC	2022-05-24	2022-05-25T06:00:00+00:00	188
BBVA.MC	2022-05-25	2022-05-26T06:00:00+00:00	189
BBVA.MC	2022-05-26	2022-05-27T06:00:00+00:00	189
BBVA.MC	2022-05-27	2022-05-30T06:00:00+00:00	190
BBVA.MC	2022-05-30	2022-05-31T06:00:00+00:00	191
BBVA.MC	2022-05-31	2022-06-01T06:00:00+00:00	192
BBVA.MC	2022-06-01	2022-06-02T06:00:00+00:00	193
BBVA.MC	2022-06-02	2022-06-03T06:00:00+00:00	194
BBVA.MC	2022-06-03	2022-06-06T06:00:00+00:00	195
BBVA.MC	2022-06-06	2022-06-07T06:00:00+00:00	195
BBVA.MC	2022-06-07	2022-06-08T06:00:00+00:00	196
BBVA.MC	2022-06-08	2022-06-09T06:00:00+00:00	197
BBVA.MC	2022-06-09	2022-06-10T06:00:00+00:00	198
BBVA.MC	2022-06-10	2022-06-13T06:00:00+00:00	199
RACE.MI	2022-02-16	2022-02-17T07:00:00+00:00	121
RACE.MI	2022-02-17	2022-02-18T07:00:00+00:00	122
RACE.MI	2022-02-18	2022-02-21T07:00:00+00:00	123
RACE.MI	2022-02-21	2022-02-22T07:00:00+00:00	124
RACE.MI	2022-02-22	2022-02-23T07:00:00+00:00	125
RACE.MI	2022-02-23	2022-02-24T07:00:00+00:00	126
RACE.MI	2022-02-24	2022-02-25T07:00:00+00:00	127
RACE.MI	2022-02-25	2022-02-28T07:00:00+00:00	128
RACE.MI	2022-02-28	2022-03-01T07:00:00+00:00	129
RACE.MI	2022-03-01	2022-03-02T07:00:00+00:00	130
RACE.MI	2022-03-02	2022-03-03T07:00:00+00:00	131
RACE.MI	2022-03-03	2022-03-04T07:00:00+00:00	132
RACE.MI	2022-03-04	2022-03-07T07:00:00+00:00	133
RACE.MI	2022-03-07	2022-03-08T07:00:00+00:00	134
RACE.MI	2022-03-08	2022-03-09T07:00:00+00:00	135
RACE.MI	2022-03-09	2022-03-10T07:00:00+00:00	136
RACE.MI	2022-03-10	2022-03-11T07:00:00+00:00	137
RACE.MI	2022-03-11	2022-03-14T07:00:00+00:00	138
RACE.MI	2022-03-14	2022-03-15T07:00:00+00:00	139
RACE.MI	2022-03-15	2022-03-16T07:00:00+00:00	140
RACE.MI	2022-03-16	2022-03-17T07:00:00+00:00	141
RACE.MI	2022-03-17	2022-03-18T07:00:00+00:00	142
RACE.MI	2022-03-18	2022-03-21T07:00:00+00:00	143
RACE.MI	2022-03-21	2022-03-22T07:00:00+00:00	144
RACE.MI	2022-03-22	2022-03-23T07:00:00+00:00	145
RACE.MI	2022-03-23	2022-03-24T07:00:00+00:00	146
RACE.MI	2022-03-24	2022-03-25T07:00:00+00:00	147
RACE.MI	2022-03-25	2022-03-28T06:00:00+00:00	148
RACE.MI	2022-03-28	2022-03-29T06:00:00+00:00	149
RACE.MI	2022-03-29	2022-03-30T06:00:00+00:00	150
RACE.MI	2022-03-30	2022-03-31T06:00:00+00:00	151
RACE.MI	2022-03-31	2022-04-01T06:00:00+00:00	152
RACE.MI	2022-04-01	2022-04-04T06:00:00+00:00	153
RACE.MI	2022-04-04	2022-04-05T06:00:00+00:00	154
RACE.MI	2022-04-05	2022-04-06T06:00:00+00:00	155
RACE.MI	2022-04-06	2022-04-07T06:00:00+00:00	156
RACE.MI	2022-04-07	2022-04-08T06:00:00+00:00	157
RACE.MI	2022-04-08	2022-04-11T06:00:00+00:00	158
RACE.MI	2022-04-11	2022-04-12T06:00:00+00:00	159
RACE.MI	2022-04-12	2022-04-13T06:00:00+00:00	160
RACE.MI	2022-04-13	2022-04-14T06:00:00+00:00	161
RACE.MI	2022-04-14	2022-04-19T06:00:00+00:00	162
RACE.MI	2022-04-19	2022-04-20T06:00:00+00:00	163
RACE.MI	2022-04-20	2022-04-21T06:00:00+00:00	164
RACE.MI	2022-04-21	2022-04-22T06:00:00+00:00	165
RACE.MI	2022-04-22	2022-04-25T06:00:00+00:00	166
RACE.MI	2022-04-25	2022-04-26T06:00:00+00:00	167
RACE.MI	2022-04-26	2022-04-27T06:00:00+00:00	168
RACE.MI	2022-04-27	2022-04-28T06:00:00+00:00	169
RACE.MI	2022-04-28	2022-04-29T06:00:00+00:00	170
RACE.MI	2022-04-29	2022-05-02T06:00:00+00:00	171
RACE.MI	2022-05-02	2022-05-03T06:00:00+00:00	172
RACE.MI	2022-05-03	2022-05-04T06:00:00+00:00	173
RACE.MI	2022-05-04	2022-05-05T06:00:00+00:00	174
RACE.MI	2022-05-05	2022-05-06T06:00:00+00:00	175
RACE.MI	2022-05-06	2022-05-09T06:00:00+00:00	176
RACE.MI	2022-05-09	2022-05-10T06:00:00+00:00	177
RACE.MI	2022-05-10	2022-05-11T06:00:00+00:00	178
RACE.MI	2022-05-11	2022-05-12T06:00:00+00:00	179
RACE.MI	2022-05-12	2022-05-13T06:00:00+00:00	180
RACE.MI	2022-05-13	2022-05-16T06:00:00+00:00	181
RACE.MI	2022-05-16	2022-05-17T06:00:00+00:00	182
RACE.MI	2022-05-17	2022-05-18T06:00:00+00:00	183
RACE.MI	2022-05-18	2022-05-19T06:00:00+00:00	184
RACE.MI	2022-05-19	2022-05-20T06:00:00+00:00	185
RACE.MI	2022-05-20	2022-05-23T06:00:00+00:00	186
RACE.MI	2022-05-23	2022-05-24T06:00:00+00:00	187
RACE.MI	2022-05-24	2022-05-25T06:00:00+00:00	188
RACE.MI	2022-05-25	2022-05-26T06:00:00+00:00	189
RACE.MI	2022-05-26	2022-05-27T06:00:00+00:00	189
RACE.MI	2022-05-27	2022-05-30T06:00:00+00:00	190
RACE.MI	2022-05-30	2022-05-31T06:00:00+00:00	191
RACE.MI	2022-05-31	2022-06-01T06:00:00+00:00	192
RACE.MI	2022-06-01	2022-06-02T06:00:00+00:00	193
RACE.MI	2022-06-02	2022-06-03T06:00:00+00:00	194
RACE.MI	2022-06-03	2022-06-06T06:00:00+00:00	195
RACE.MI	2022-06-06	2022-06-07T06:00:00+00:00	195
RACE.MI	2022-06-07	2022-06-08T06:00:00+00:00	196
RACE.MI	2022-06-08	2022-06-09T06:00:00+00:00	197
RACE.MI	2022-06-09	2022-06-10T06:00:00+00:00	198
RACE.MI	2022-06-10	2022-06-13T06:00:00+00:00	199
ENI.MI	2022-02-16	2022-02-17T07:00:00+00:00	121
ENI.MI	2022-02-17	2022-02-18T07:00:00+00:00	122
ENI.MI	2022-02-18	2022-02-21T07:00:00+00:00	123
ENI.MI	2022-02-21	2022-02-22T07:00:00+00:00	124
ENI.MI	2022-02-22	2022-02-23T07:00:00+00:00	125
ENI.MI	2022-02-23	2022-02-24T07:00:00+00:00	126
ENI.MI	2022-02-24	2022-02-25T07:00:00+00:00	127
ENI.MI	2022-02-25	2022-02-28T07:00:00+00:00	128
ENI.MI	2022-02-28	2022-03-01T07:00:00+00:00	129
ENI.MI	2022-03-01	2022-03-02T07:00:00+00:00	130
ENI.MI	2022-03-02	2022-03-03T07:00:00+00:00	131
ENI.MI	2022-03-03	2022-03-04T07:00:00+00:00	132
ENI.MI	2022-03-04	2022-03-07T07:00:00+00:00	133
ENI.MI	2022-03-07	2022-03-08T07:00:00+00:00	134
ENI.MI	2022-03-08	2022-03-09T07:00:00+00:00	135
ENI.MI	2022-03-09	2022-03-10T07:00:00+00:00	136
ENI.MI	2022-03-10	2022-03-11T07:00:00+00:00	137
ENI.MI	2022-03-11	2022-03-14T07:00:00+00:00	138
ENI.MI	2022-03-14	2022-03-15T07:00:00+00:00	139
ENI.MI	2022-03-15	2022-03-16T07:00:00+00:00	140
ENI.MI	2022-03-16	2022-03-17T07:00:00+00:00	141
ENI.MI	2022-03-17	2022-03-18T07:00:00+00:00	142
ENI.MI	2022-03-18	2022-03-21T07:00:00+00:00	143
ENI.MI	2022-03-21	2022-03-22T07:00:00+00:00	144
ENI.MI	2022-03-22	2022-03-23T07:00:00+00:00	145
ENI.MI	2022-03-23	2022-03-24T07:00:00+00:00	146
ENI.MI	2022-03-24	2022-03-25T07:00:00+00:00	147
ENI.MI	2022-03-25	2022-03-28T06:00:00+00:00	148
ENI.MI	2022-03-28	2022-03-29T06:00:00+00:00	149
ENI.MI	2022-03-29	2022-03-30T06:00:00+00:00	150
ENI.MI	2022-03-30	2022-03-31T06:00:00+00:00	151
ENI.MI	2022-03-31	2022-04-01T06:00:00+00:00	152
ENI.MI	2022-04-01	2022-04-04T06:00:00+00:00	153
ENI.MI	2022-04-04	2022-04-05T06:00:00+00:00	154
ENI.MI	2022-04-05	2022-04-06T06:00:00+00:00	155
ENI.MI	2022-04-06	2022-04-07T06:00:00+00:00	156
ENI.MI	2022-04-07	2022-04-08T06:00:00+00:00	157
ENI.MI	2022-04-08	2022-04-11T06:00:00+00:00	158
ENI.MI	2022-04-11	2022-04-12T06:00:00+00:00	159
ENI.MI	2022-04-12	2022-04-13T06:00:00+00:00	160
ENI.MI	2022-04-13	2022-04-14T06:00:00+00:00	161
ENI.MI	2022-04-14	2022-04-19T06:00:00+00:00	162
ENI.MI	2022-04-19	2022-04-20T06:00:00+00:00	163
ENI.MI	2022-04-20	2022-04-21T06:00:00+00:00	164
ENI.MI	2022-04-21	2022-04-22T06:00:00+00:00	165
ENI.MI	2022-04-22	2022-04-25T06:00:00+00:00	166
ENI.MI	2022-04-25	2022-04-26T06:00:00+00:00	167
ENI.MI	2022-04-26	2022-04-27T06:00:00+00:00	168
ENI.MI	2022-04-27	2022-04-28T06:00:00+00:00	169
ENI.MI	2022-04-28	2022-04-29T06:00:00+00:00	170
ENI.MI	2022-04-29	2022-05-02T06:00:00+00:00	171
ENI.MI	2022-05-02	2022-05-03T06:00:00+00:00	172
ENI.MI	2022-05-03	2022-05-04T06:00:00+00:00	173
ENI.MI	2022-05-04	2022-05-05T06:00:00+00:00	174
ENI.MI	2022-05-05	2022-05-06T06:00:00+00:00	175
ENI.MI	2022-05-06	2022-05-09T06:00:00+00:00	176
ENI.MI	2022-05-09	2022-05-10T06:00:00+00:00	177
ENI.MI	2022-05-10	2022-05-11T06:00:00+00:00	178
ENI.MI	2022-05-11	2022-05-12T06:00:00+00:00	179
ENI.MI	2022-05-12	2022-05-13T06:00:00+00:00	180
ENI.MI	2022-05-13	2022-05-16T06:00:00+00:00	181
ENI.MI	2022-05-16	2022-05-17T06:00:00+00:00	182
ENI.MI	2022-05-17	2022-05-18T06:00:00+00:00	183
ENI.MI	2022-05-18	2022-05-19T06:00:00+00:00	184
ENI.MI	2022-05-19	2022-05-20T06:00:00+00:00	185
ENI.MI	2022-05-20	2022-05-23T06:00:00+00:00	186
ENI.MI	2022-05-23	2022-05-24T06:00:00+00:00	187
ENI.MI	2022-05-24	2022-05-25T06:00:00+00:00	188
ENI.MI	2022-05-25	2022-05-26T06:00:00+00:00	189
ENI.MI	2022-05-26	2022-05-27T06:00:00+00:00	189
ENI.MI	2022-05-27	2022-05-30T06:00:00+00:00	190
ENI.MI	2022-05-30	2022-05-31T06:00:00+00:00	191
ENI.MI	2022-05-31	2022-06-01T06:00:00+00:00	192
ENI.MI	2022-06-01	2022-06-02T06:00:00+00:00	193
ENI.MI	2022-06-02	2022-06-03T06:00:00+00:00	194
ENI.MI	2022-06-03	2022-06-06T06:00:00+00:00	195
ENI.MI	2022-06-06	2022-06-07T06:00:00+00:00	195
ENI.MI	2022-06-07	2022-06-08T06:00:00+00:00	196
ENI.MI	2022-06-08	2022-06-09T06:00:00+00:00	197
ENI.MI	2022-06-09	2022-06-10T06:00:00+00:00	198
ENI.MI	2022-06-10	2022-06-13T06:00:00+00:00	199
RRU.DE	2022-02-16	2022-02-17T07:00:00+00:00	121
RRU.DE	2022-02-17	2022-02-18T07:00:00+00:00	122
RRU.DE	2022-02-18	2022-02-21T07:00:00+00:00	123
RRU.DE	2022-02-21	2022-02-22T07:00:00+00:00	124
RRU.DE	2022-02-22	2022-02-23T07:00:00+00:00	125
RRU.DE	2022-02-23	2022-02-24T07:00:00+00:00	126
RRU.DE	2022-02-24	2022-02-25T07:00:00+00:00	127
RRU.DE	2022-02-25	2022-02-28T07:00:00+00:00	128
RRU.DE	2022-02-28	2022-03-01T07:00:00+00:00	129
RRU.DE	2022-03-01	2022-03-02T07:00:00+00:00	130
RRU.DE	2022-03-02	2022-03-03T07:00:00+00:00	131
RRU.DE	2022-03-03	2022-03-04T07:00:00+00:00	132
RRU.DE	2022-03-04	2022-03-07T07:00:00+00:00	133
RRU.DE	2022-03-07	2022-03-08T07:00:00+00:00	134
RRU.DE	2022-03-08	2022-03-09T07:00:00+00:00	135
RRU.DE	2022-03-09	2022-03-10T07:00:00+00:00	136
RRU.DE	2022-03-10	2022-03-11T07:00:00+00:00	137
RRU.DE	2022-03-11	2022-03-14T07:00:00+00:00	138
RRU.DE	2022-03-14	2022-03-15T07:00:00+00:00	139
RRU.DE	2022-03-15	2022-03-16T07:00:00+00:00	140
RRU.DE	2022-03-16	2022-03-17T07:00:00+00:00	141
RRU.DE	2022-03-17	2022-03-18T07:00:00+00:00	142
RRU.DE	2022-03-18	2022-03-21T07:00:00+00:00	143
RRU.DE	2022-03-21	2022-03-22T07:00:00+00:00	144
RRU.DE	2022-03-22	2022-03-23T07:00:00+00:00	145
RRU.DE	2022-03-23	2022-03-24T07:00:00+00:00	146
RRU.DE	2022-03-24	2022-03-25T07:00:00+00:00	147
RRU.DE	2022-03-25	2022-03-28T06:00:00+00:00	148
RRU.DE	2022-03-28	2022-03-29T06:00:00+00:00	149
RRU.DE	2022-03-29	2022-03-30T06:00:00+00:00	150
RRU.DE	2022-03-30	2022-03-31T06:00:00+00:00	151
RRU.DE	2022-03-31	2022-04-01T06:00:00+00:00	152
RRU.DE	2022-04-01	2022-04-04T06:00:00+00:00	153
RRU.DE	2022-04-04	2022-04-05T06:00:00+00:00	154
RRU.DE	2022-04-05	2022-04-06T06:00:00+00:00	155
RRU.DE	2022-04-06	2022-04-07T06:00:00+00:00	156
RRU.DE	2022-04-07	2022-04-08T06:00:00+00:00	157
RRU.DE	2022-04-08	2022-04-11T06:00:00+00:00	158
RRU.DE	2022-04-11	2022-04-12T06:00:00+00:00	159
RRU.DE	2022-04-12	2022-04-13T06:00:00+00:00	160
RRU.DE	2022-04-13	2022-04-14T06:00:00+00:00	161
RRU.DE	2022-04-14	2022-04-19T06:00:00+00:00	162
RRU.DE	2022-04-19	2022-04-20T06:00:00+00:00	163
RRU.DE	2022-04-20	2022-04-21T06:00:00+00:00	164
RRU.DE	2022-04-21	2022-04-22T06:00:00+00:00	165
RRU.DE	2022-04-22	2022-04-25T06:00:00+00:00	166
RRU.DE	2022-04-25	2022-04-26T06:00:00+00:00	167
RRU.DE	2022-04-26	2022-04-27T06:00:00+00:00	168
RRU.DE	2022-04-27	2022-04-28T06:00:00+00:00	169
RRU.DE	2022-04-28	2022-04-29T06:00:00+00:00	170
RRU.DE	2022-04-29	2022-05-02T06:00:00+00:00	171
RRU.DE	2022-05-02	2022-05-03T06:00:00+00:00	172
RRU.DE	2022-05-03	2022-05-04T06:00:00+00:00	173
RRU.DE	2022-05-04	2022-05-05T06:00:00+00:00	174
RRU.DE	2022-05-05	2022-05-06T06:00:00+00:00	175
RRU.DE	2022-05-06	2022-05-09T06:00:00+00:00	176
RRU.DE	2022-05-09	2022-05-10T06:00:00+00:00	177
RRU.DE	2022-05-10	2022-05-11T06:00:00+00:00	178
RRU.DE	2022-05-11	2022-05-12T06:00:00+00:00	179
RRU.DE	2022-05-12	2022-05-13T06:00:00+00:00	180
RRU.DE	2022-05-13	2022-05-16T06:00:00+00:00	181
RRU.DE	2022-05-16	2022-05-17T06:00:00+00:00	182
RRU.DE	2022-05-17	2022-05-18T06:00:00+00:00	183
RRU.DE	2022-05-18	2022-05-19T06:00:00+00:00	184
RRU.DE	2022-05-19	2022-05-20T06:00:00+00:00	185
RRU.DE	2022-05-20	2022-05-23T06:00:00+00:00	186
RRU.DE	2022-05-23	2022-05-24T06:00:00+00:00	187
RRU.DE	2022-05-24	2022-05-25T06:00:00+00:00	188
RRU.DE	2022-05-25	2022-05-26T06:00:00+00:00	189
RRU.DE	2022-05-26	2022-05-27T06:00:00+00:00	189
RRU.DE	2022-05-27	2022-05-30T06:00:00+00:00	190
RRU.DE	2022-05-30	2022-05-31T06:00:00+00:00	191
RRU.DE	2022-05-31	2022-06-01T06:00:00+00:00	192
RRU.DE	2022-06-01	2022-06-02T06:00:00+00:00	193
RRU.DE	2022-06-02	2022-06-03T06:00:00+00:00	194
RRU.DE	2022-06-03	2022-06-06T06:00:00+00:00	195
RRU.DE	2022-06-06	2022-06-07T06:00:00+00:00	195
RRU.DE	2022-06-07	2022-06-08T06:00:00+00:00	196
RRU.DE	2022-06-08	2022-06-09T06:00:00+00:00	197
RRU.DE	2022-06-09	2022-06-10T06:00:00+00:00	198
RRU.DE	2022-06-10	2022-06-13T06:00:00+00:00	199
BSP.DE	2022-02-16	2022-02-17T07:00:00+00:00	121
BSP.DE	2022-02-17	2022-02-18T07:00:00+00:00	122
BSP.DE	2022-02-18	2022-02-21T07:00:00+00:00	123
BSP.DE	2022-02-21	2022-02-22T07:00:00+00:00	124
BSP.DE	2022-02-22	2022-02-23T07:00:00+00:00	125
BSP.DE	2022-02-23	2022-02-24T07:00:00+00:00	126
BSP.DE	2022-02-24	2022-02-25T07:00:00+00:00	127
BSP.DE	2022-02-25	2022-02-28T07:00:00+00:00	128
BSP.DE	2022-02-28	2022-03-01T07:00:00+00:00	129
BSP.DE	2022-03-01	2022-03-02T07:00:00+00:00	130
BSP.DE	2022-03-02	2022-03-03T07:00:00+00:00	131
BSP.DE	2022-03-03	2022-03-04T07:00:00+00:00	132
BSP.DE	2022-03-04	2022-03-07T07:00:00+00:00	133
BSP.DE	2022-03-07	2022-03-08T07:00:00+00:00	134
BSP.DE	2022-03-08	2022-03-09T07:00:00+00:00	135
BSP.DE	2022-03-09	2022-03-10T07:00:00+00:00	136
BSP.DE	2022-03-10	2022-03-11T07:00:00+00:00	137
BSP.DE	2022-03-11	2022-03-14T07:00:00+00:00	138
BSP.DE	2022-03-14	2022-03-15T07:00:00+00:00	139
BSP.DE	2022-03-15	2022-03-16T07:00:00+00:00	140
BSP.DE	2022-03-16	2022-03-17T07:00:00+00:00	141
BSP.DE	2022-03-17	2022-03-18T07:00:00+00:00	142
BSP.DE	2022-03-18	2022-03-21T07:00:00+00:00	143
BSP.DE	2022-03-21	2022-03-22T07:00:00+00:00	144
BSP.DE	2022-03-22	2022-03-23T07:00:00+00:00	145
BSP.DE	2022-03-23	2022-03-24T07:00:00+00:00	146
BSP.DE	2022-03-24	2022-03-25T07:00:00+00:00	147
BSP.DE	2022-03-25	2022-03-28T06:00:00+00:00	148
BSP.DE	2022-03-28	2022-03-29T06:00:00+00:00	149
BSP.DE	2022-03-29	2022-03-30T06:00:00+00:00	150
BSP.DE	2022-03-30	2022-03-31T06:00:00+00:00	151
BSP.DE	2022-03-31	2022-04-01T06:00:00+00:00	152
BSP.DE	2022-04-01	2022-04-04T06:00:00+00:00	153
BSP.DE	2022-04-04	2022-04-05T06:00:00+00:00	154
BSP.DE	2022-04-05	2022-04-06T06:00:00+00:00	155
BSP.DE	2022-04-06	2022-04-07T06:00:00+00:00	156
BSP.DE	2022-04-07	2022-04-08T06:00:00+00:00	157
BSP.DE	2022-04-08	2022-04-11T06:00:00+00:00	158
BSP.DE	2022-04-11	2022-04-12T06:00:00+00:00	159
BSP.DE	2022-04-12	2022-04-13T06:00:00+00:00	160
BSP.DE	2022-04-13	2022-04-14T06:00:00+00:00	161
BSP.DE	2022-04-14	2022-04-19T06:00:00+00:00	162
BSP.DE	2022-04-19	2022-04-20T06:00:00+00:00	163
BSP.DE	2022-04-20	2022-04-21T06:00:00+00:00	164
BSP.DE	2022-04-21	2022-04-22T06:00:00+00:00	165
BSP.DE	2022-04-22	2022-04-25T06:00:00+00:00	166
BSP.DE	2022-04-25	2022-04-26T06:00:00+00:00	167
BSP.DE	2022-04-26	2022-04-27T06:00:00+00:00	168
BSP.DE	2022-04-27	2022-04-28T06:00:00+00:00	169
BSP.DE	2022-04-28	2022-04-29T06:00:00+00:00	170
BSP.DE	2022-04-29	2022-05-02T06:00:00+00:00	171
BSP.DE	2022-05-02	2022-05-03T06:00:00+00:00	172
BSP.DE	2022-05-03	2022-05-04T06:00:00+00:00	173
BSP.DE	2022-05-04	2022-05-05T06:00:00+00:00	174
BSP.DE	2022-05-05	2022-05-06T06:00:00+00:00	175
BSP.DE	2022-05-06	2022-05-09T06:00:00+00:00	176
BSP.DE	2022-05-09	2022-05-10T06:00:00+00:00	177
BSP.DE	2022-05-10	2022-05-11T06:00:00+00:00	178
BSP.DE	2022-05-11	2022-05-12T06:00:00+00:00	179
BSP.DE	2022-05-12	2022-05-13T06:00:00+00:00	180
BSP.DE	2022-05-13	2022-05-16T06:00:00+00:00	181
BSP.DE	2022-05-16	2022-05-17T06:00:00+00:00	182
BSP.DE	2022-05-17	2022-05-18T06:00:00+00:00	183
BSP.DE	2022-05-18	2022-05-19T06:00:00+00:00	184
BSP.DE	2022-05-19	2022-05-20T06:00:00+00:00	185
BSP.DE	2022-05-20	2022-05-23T06:00:00+00:00	186
BSP.DE	2022-05-23	2022-05-24T06:00:00+00:00	187
BSP.DE	2022-05-24	2022-05-25T06:00:00+00:00	188
BSP.DE	2022-05-25	2022-05-26T06:00:00+00:00	189
BSP.DE	2022-05-26	2022-05-27T06:00:00+00:00	189
BSP.DE	2022-05-27	2022-05-30T06:00:00+00:00	190
BSP.DE	2022-05-30	2022-05-31T06:00:00+00:00	191
BSP.DE	2022-05-31	2022-06-01T06:00:00+00:00	192
BSP.DE	2022-06-01	2022-06-02T06:00:00+00:00	193
BSP.DE	2022-06-02	2022-06-03T06:00:00+00:00	194
BSP.DE	2022-06-03	2022-06-06T06:00:00+00:00	195
BSP.DE	2022-06-06	2022-06-07T06:00:00+00:00	195
BSP.DE	2022-06-07	2022-06-08T06:00:00+00:00	196
BSP.DE	2022-06-08	2022-06-09T06:00:00+00:00	197
BSP.DE	2022-06-09	2022-06-10T06:00:00+00:00	198
BSP.DE	2022-06-10	2022-06-13T06:00:00+00:00	199
AZN	2022-02-18	2022-02-22T08:30:00+00:00	124
AZN	2022-02-22	2022-02-23T08:30:00+00:00	125
AZN	2022-02-23	2022-02-24T08:30:00+00:00	126
AZN	2022-02-24	2022-02-25T08:30:00+00:00	127
AZN	2022-02-25	2022-02-28T08:30:00+00:00	128
AZN	2022-02-28	2022-03-01T08:30:00+00:00	129
AZN	2022-03-01	2022-03-02T08:30:00+00:00	130
AZN	2022-03-02	2022-03-03T08:30:00+00:00	131
AZN	2022-03-03	2022-03-04T08:30:00+00:00	132
AZN	2022-03-04	2022-03-07T08:30:00+00:00	133
AZN	2022-03-07	2022-03-08T08:30:00+00:00	134
AZN	2022-03-08	2022-03-09T08:30:00+00:00	135
AZN	2022-03-09	2022-03-10T08:30:00+00:00	136
AZN	2022-03-10	2022-03-11T08:30:00+00:00	137
AZN	2022-03-11	2022-03-14T08:30:00+00:00	138
AZN	2022-03-14	2022-03-15T08:30:00+00:00	139
AZN	2022-03-15	2022-03-16T08:30:00+00:00	140
AZN	2022-03-16	2022-03-17T08:30:00+00:00	141
AZN	2022-03-17	2022-03-18T08:30:00+00:00	142
AZN	2022-03-18	2022-03-21T08:30:00+00:00	143
AZN	2022-03-21	2022-03-22T08:30:00+00:00	144
AZN	2022-03-22	2022-03-23T08:30:00+00:00	145
AZN	2022-03-23	2022-03-24T08:30:00+00:00	146
AZN	2022-03-24	2022-03-25T08:30:00+00:00	147
AZN	2022-03-25	2022-03-28T07:30:00+00:00	148
AZN	2022-03-28	2022-03-29T07:30:00+00:00	149
AZN	2022-03-29	2022-03-30T07:30:00+00:00	150
AZN	2022-03-30	2022-03-31T07:30:00+00:00	151
AZN	2022-03-31	2022-04-01T07:30:00+00:00	152
AZN	2022-04-01	2022-04-04T07:30:00+00:00	153
AZN	2022-04-04	2022-04-05T07:30:00+00:00	154
AZN	2022-04-05	2022-04-06T07:30:00+00:00	155
AZN	2022-04-06	2022-04-07T07:30:00+00:00	156
AZN	2022-04-07	2022-04-08T07:30:00+00:00	157
AZN	2022-04-08	2022-04-11T07:30:00+00:00	158
AZN	2022-04-11	2022-04-12T07:30:00+00:00	159
AZN	2022-04-12	2022-04-13T07:30:00+00:00	160
AZN	2022-04-13	2022-04-14T07:30:00+00:00	161
AZN	2022-04-14	2022-04-18T07:30:00+00:00	162
AZN	2022-04-18	2022-04-19T07:30:00+00:00	162
AZN	2022-04-19	2022-04-20T07:30:00+00:00	163
AZN	2022-04-20	2022-04-21T07:30:00+00:00	164
AZN	2022-04-21	2022-04-22T07:30:00+00:00	165
AZN	2022-04-22	2022-04-25T07:30:00+00:00	166
AZN	2022-04-25	2022-04-26T07:30:00+00:00	167
AZN	2022-04-26	2022-04-27T07:30:00+00:00	168
AZN	2022-04-27	2022-04-28T07:30:00+00:00	169
AZN	2022-04-28	2022-04-29T07:30:00+00:00	170
AZN	2022-04-29	2022-05-02T07:30:00+00:00	171
AZN	2022-05-02	2022-05-03T07:30:00+00:00	172
AZN	2022-05-03	2022-05-04T07:30:00+00:00	173
AZN	2022-05-04	2022-05-05T07:30:00+00:00	174
AZN	2022-05-05	2022-05-06T07:30:00+00:00	175
AZN	2022-05-06	2022-05-09T07:30:00+00:00	176
AZN	2022-05-09	2022-05-10T07:30:00+00:00	177
AZN	2022-05-10	2022-05-11T07:30:00+00:00	178
AZN	2022-05-11	2022-05-12T07:30:00+00:00	179
AZN	2022-05-12	2022-05-13T07:30:00+00:00	180
AZN	2022-05-13	2022-05-16T07:30:00+00:00	181
AZN	2022-05-16	2022-05-17T07:30:00+00:00	182
AZN	2022-05-17	2022-05-18T07:30:00+00:00	183
AZN	2022-05-18	2022-05-19T07:30:00+00:00	184
AZN	2022-05-19	2022-05-20T07:30:00+00:00	185
AZN	2022-05-20	2022-05-23T07:30:00+00:00	186
AZN	2022-05-23	2022-05-24T07:30:00+00:00	187
AZN	2022-05-24	2022-05-25T07:30:00+00:00	188
AZN	2022-05-25	2022-05-26T07:30:00+00:00	189
AZN	2022-05-26	2022-05-27T07:30:00+00:00	189
AZN	2022-05-27	2022-05-31T07:30:00+00:00	191
AZN	2022-05-31	2022-06-01T07:30:00+00:00	192
AZN	2022-06-01	2022-06-02T07:30:00+00:00	193
AZN	2022-06-02	2022-06-03T07:30:00+00:00	194
AZN	2022-06-03	2022-06-06T07:30:00+00:00	195
AZN	2022-06-06	2022-06-07T07:30:00+00:00	195
AZN	2022-06-07	2022-06-08T07:30:00+00:00	196
AZN	2022-06-08	2022-06-09T07:30:00+00:00	197
AZN	2022-06-09	2022-06-10T07:30:00+00:00	198
AZN	2022-06-10	2022-06-13T07:30:00+00:00	199
R6C0.DE	2022-02-16	2022-02-17T07:00:00+00:00	121
R6C0.DE	2022-02-17	2022-02-18T07:00:00+00:00	122
R6C0.DE	2022-02-18	2022-02-21T07:00:00+00:00	123
R6C0.DE	2022-02-21	2022-02-22T07:00:00+00:00	124
R6C0.DE	2022-02-22	2022-02-23T07:00:00+00:00	125
R6C0.DE	2022-02-23	2022-02-24T07:00:00+00:00	126
R6C0.DE	2022-02-24	2022-02-25T07:00:00+00:00	127
R6C0.DE	2022-02-25	2022-02-28T07:00:00+00:00	128
R6C0.DE	2022-02-28	2022-03-01T07:00:00+00:00	129
R6C0.DE	2022-03-01	2022-03-02T07:00:00+00:00	130
R6C0.DE	2022-03-02	2022-03-03T07:00:00+00:00	131
R6C0.DE	2022-03-03	2022-03-04T07:00:00+00:00	132
R6C0.DE	2022-03-04	2022-03-07T07:00:00+00:00	133
R6C0.DE	2022-03-07	2022-03-08T07:00:00+00:00	134
R6C0.DE	2022-03-08	2022-03-09T07:00:00+00:00	135
R6C0.DE	2022-03-09	2022-03-10T07:00:00+00:00	136
R6C0.DE	2022-03-10	2022-03-11T07:00:00+00:00	137
R6C0.DE	2022-03-11	2022-03-14T07:00:00+00:00	138
R6C0.DE	2022-03-14	2022-03-15T07:00:00+00:00	139
R6C0.DE	2022-03-15	2022-03-16T07:00:00+00:00	140
R6C0.DE	2022-03-16	2022-03-17T07:00:00+00:00	141
R6C0.DE	2022-03-17	2022-03-18T07:00:00+00:00	142
R6C0.DE	2022-03-18	2022-03-21T07:00:00+00:00	143
R6C0.DE	2022-03-21	2022-03-22T07:00:00+00:00	144
R6C0.DE	2022-03-22	2022-03-23T07:00:00+00:00	145
R6C0.DE	2022-03-23	2022-03-24T07:00:00+00:00	146
R6C0.DE	2022-03-24	2022-03-25T07:00:00+00:00	147
R6C0.DE	2022-03-25	2022-03-28T06:00:00+00:00	148
R6C0.DE	2022-03-28	2022-03-29T06:00:00+00:00	149
R6C0.DE	2022-03-29	2022-03-30T06:00:00+00:00	150
R6C0.DE	2022-03-30	2022-03-31T06:00:00+00:00	151
R6C0.DE	2022-03-31	2022-04-01T06:00:00+00:00	152
R6C0.DE	2022-04-01	2022-04-04T06:00:00+00:00	153
R6C0.DE	2022-04-04	2022-04-05T06:00:00+00:00	154
R6C0.DE	2022-04-05	2022-04-06T06:00:00+00:00	155
R6C0.DE	2022-04-06	2022-04-07T06:00:00+00:00	156
R6C0.DE	2022-04-07	2022-04-08T06:00:00+00:00	157
R6C0.DE	2022-04-08	2022-04-11T06:00:00+00:00	158
R6C0.DE	2022-04-11	2022-04-12T06:00:00+00:00	159
R6C0.DE	2022-04-12	2022-04-13T06:00:00+00:00	160
R6C0.DE	2022-04-13	2022-04-14T06:00:00+00:00	161
R6C0.DE	2022-04-14	2022-04-19T06:00:00+00:00	162
R6C0.DE	2022-04-19	2022-04-20T06:00:00+00:00	163
R6C0.DE	2022-04-20	2022-04-21T06:00:00+00:00	164
R6C0.DE	2022-04-21	2022-04-22T06:00:00+00:00	165
R6C0.DE	2022-04-22	2022-04-25T06:00:00+00:00	166
R6C0.DE	2022-04-25	2022-04-26T06:00:00+00:00	167
R6C0.DE	2022-04-26	2022-04-27T06:00:00+00:00	168
R6C0.DE	2022-04-27	2022-04-28T06:00:00+00:00	169
R6C0.DE	2022-04-28	2022-04-29T06:00:00+00:00	170
R6C0.DE	2022-04-29	2022-05-02T06:00:00+00:00	171
R6C0.DE	2022-05-02	2022-05-03T06:00:00+00:00	172
R6C0.DE	2022-05-03	2022-05-04T06:00:00+00:00	173
R6C0.DE	2022-05-04	2022-05-05T06:00:00+00:00	174
R6C0.DE	2022-05-05	2022-05-06T06:00:00+00:00	175
R6C0.DE	2022-05-06	2022-05-09T06:00:00+00:00	176
R6C0.DE	2022-05-09	2022-05-10T06:00:00+00:00	177
R6C0.DE	2022-05-10	2022-05-11T06:00:00+00:00	178
R6C0.DE	2022-05-11	2022-05-12T06:00:00+00:00	179
R6C0.DE	2022-05-12	2022-05-13T06:00:00+00:00	180
R6C0.DE	2022-05-13	2022-05-16T06:00:00+00:00	181
R6C0.DE	2022-05-16	2022-05-17T06:00:00+00:00	182
R6C0.DE	2022-05-17	2022-05-18T06:00:00+00:00	183
R6C0.DE	2022-05-18	2022-05-19T06:00:00+00:00	184
R6C0.DE	2022-05-19	2022-05-20T06:00:00+00:00	185
R6C0.DE	2022-05-20	2022-05-23T06:00:00+00:00	186
R6C0.DE	2022-05-23	2022-05-24T06:00:00+00:00	187
R6C0.DE	2022-05-24	2022-05-25T06:00:00+00:00	188
R6C0.DE	2022-05-25	2022-05-26T06:00:00+00:00	189
R6C0.DE	2022-05-26	2022-05-27T06:00:00+00:00	189
R6C0.DE	2022-05-27	2022-05-30T06:00:00+00:00	190
R6C0.DE	2022-05-30	2022-05-31T06:00:00+00:00	191
R6C0.DE	2022-05-31	2022-06-01T06:00:00+00:00	192
R6C0.DE	2022-06-01	2022-06-02T06:00:00+00:00	193
R6C0.DE	2022-06-02	2022-06-03T06:00:00+00:00	194
R6C0.DE	2022-06-03	2022-06-06T06:00:00+00:00	195
R6C0.DE	2022-06-06	2022-06-07T06:00:00+00:00	195
R6C0.DE	2022-06-07	2022-06-08T06:00:00+00:00	196
R6C0.DE	2022-06-08	2022-06-09T06:00:00+00:00	197
R6C0.DE	2022-06-09	2022-06-10T06:00:00+00:00	198
R6C0.DE	2022-06-10	2022-06-13T06:00:00+00:00	199
7203.T	2022-02-25	2022-02-25T21:00:00+00:00	128
7203.T	2022-02-28	2022-02-28T21:00:00+00:00	129
7203.T	2022-03-01	2022-03-01T21:00:00+00:00	130
7203.T	2022-03-02	2022-03-02T21:00:00+00:00	131
7203.T	2022-03-03	2022-03-03T21:00:00+00:00	132
7203.T	2022-03-04	2022-03-04T21:00:00+00:00	133
7203.T	2022-03-07	2022-03-07T21:00:00+00:00	134
7203.T	2022-03-08	2022-03-08T21:00:00+00:00	135
7203.T	2022-03-09	2022-03-09T21:00:00+00:00	136
7203.T	2022-03-10	2022-03-10T21:00:00+00:00	137
7203.T	2022-03-11	2022-03-11T21:00:00+00:00	138
7203.T	2022-03-14	2022-03-14T21:00:00+00:00	139
7203.T	2022-03-15	2022-03-15T21:00:00+00:00	140
7203.T	2022-03-16	2022-03-16T21:00:00+00:00	141
7203.T	2022-03-17	2022-03-17T21:00:00+00:00	142
7203.T	2022-03-18	2022-03-21T21:00:00+00:00	144
7203.T	2022-03-22	2022-03-22T21:00:00+00:00	145
7203.T	2022-03-23	2022-03-23T21:00:00+00:00	146
7203.T	2022-03-24	2022-03-24T21:00:00+00:00	147
7203.T	2022-03-25	2022-03-25T21:00:00+00:00	148
7203.T	2022-03-28	2022-03-28T20:00:00+00:00	149
7203.T	2022-03-29	2022-03-29T20:00:00+00:00	150
7203.T	2022-03-30	2022-03-30T20:00:00+00:00	151
7203.T	2022-03-31	2022-03-31T20:00:00+00:00	152
7203.T	2022-04-01	2022-04-01T20:00:00+00:00	153
7203.T	2022-04-04	2022-04-04T20:00:00+00:00	154
7203.T	2022-04-05	2022-04-05T20:00:00+00:00	155
7203.T	2022-04-06	2022-04-06T20:00:00+00:00	156
7203.T	2022-04-07	2022-04-07T20:00:00+00:00	157
7203.T	2022-04-08	2022-04-08T20:00:00+00:00	158
7203.T	2022-04-11	2022-04-11T20:00:00+00:00	159
7203.T	2022-04-12	2022-04-12T20:00:00+00:00	160
7203.T	2022-04-13	2022-04-13T20:00:00+00:00	161
7203.T	2022-04-14	2022-04-14T20:00:00+00:00	162
7203.T	2022-04-15	2022-04-15T20:00:00+00:00	162
7203.T	2022-04-18	2022-04-18T20:00:00+00:00	162
7203.T	2022-04-19	2022-04-19T20:00:00+00:00	163
7203.T	2022-04-20	2022-04-20T20:00:00+00:00	164
7203.T	2022-04-21	2022-04-21T20:00:00+00:00	165
7203.T	2022-04-22	2022-04-22T20:00:00+00:00	166
7203.T	2022-04-25	2022-04-25T20:00:00+00:00	167
7203.T	2022-04-26	2022-04-26T20:00:00+00:00	168
7203.T	2022-04-27	2022-04-27T20:00:00+00:00	169
7203.T	2022-04-28	2022-04-29T20:00:00+00:00	171
7203.T	2022-05-02	2022-05-05T20:00:00+00:00	175
7203.T	2022-05-06	2022-05-06T20:00:00+00:00	176
7203.T	2022-05-09	2022-05-09T20:00:00+00:00	177
7203.T	2022-05-10	2022-05-10T20:00:00+00:00	178
7203.T	2022-05-11	2022-05-11T20:00:00+00:00	179
7203.T	2022-05-12	2022-05-12T20:00:00+00:00	180
7203.T	2022-05-13	2022-05-13T20:00:00+00:00	181
7203.T	2022-05-16	2022-05-16T20:00:00+00:00	182
7203.T	2022-05-17	2022-05-17T20:00:00+00:00	183
7203.T	2022-05-18	2022-05-18T20:00:00+00:00	184
7203.T	2022-05-19	2022-05-19T20:00:00+00:00	185
7203.T	2022-05-20	2022-05-20T20:00:00+00:00	186
7203.T	2022-05-23	2022-05-23T20:00:00+00:00	187
7203.T	2022-05-24	2022-05-24T20:00:00+00:00	188
7203.T	2022-05-25	2022-05-25T20:00:00+00:00	189
7203.T	2022-05-26	2022-05-26T20:00:00+00:00	189
7203.T	2022-05-27	2022-05-27T20:00:00+00:00	190
7203.T	2022-05-30	2022-05-30T20:00:00+00:00	191
7203.T	2022-05-31	2022-05-31T20:00:00+00:00	192
7203.T	2022-06-01	2022-06-01T20:00:00+00:00	193
7203.T	2022-06-02	2022-06-02T20:00:00+00:00	194
7203.T	2022-06-03	2022-06-03T20:00:00+00:00	195
7203.T	2022-06-06	2022-06-06T20:00:00+00:00	195
7203.T	2022-06-07	2022-06-07T20:00:00+00:00	196
7203.T	2022-06-08	2022-06-08T20:00:00+00:00	197
7203.T	2022-06-09	2022-06-09T20:00:00+00:00	198
7203.T	2022-06-10	2022-06-10T20:00:00+00:00	199
6758.T	2022-02-25	2022-02-25T21:00:00+00:00	128
6758.T	2022-02-28	2022-02-28T21:00:00+00:00	129
6758.T	2022-03-01	2022-03-01T21:00:00+00:00	130
6758.T	2022-03-02	2022-03-02T21:00:00+00:00	131
6758.T	2022-03-03	2022-03-03T21:00:00+00:00	132
6758.T	2022-03-04	2022-03-04T21:00:00+00:00	133
6758.T	2022-03-07	2022-03-07T21:00:00+00:00	134
6758.T	2022-03-08	2022-03-08T21:00:00+00:00	135
6758.T	2022-03-09	2022-03-09T21:00:00+00:00	136
6758.T	2022-03-10	2022-03-10T21:00:00+00:00	137
6758.T	2022-03-11	2022-03-11T21:00:00+00:00	138
6758.T	2022-03-14	2022-03-14T21:00:00+00:00	139
6758.T	2022-03-15	2022-03-15T21:00:00+00:00	140
6758.T	2022-03-16	2022-03-16T21:00:00+00:00	141
6758.T	2022-03-17	2022-03-17T21:00:00+00:00	142
6758.T	2022-03-18	2022-03-21T21:00:00+00:00	144
6758.T	2022-03-22	2022-03-22T21:00:00+00:00	145
6758.T	2022-03-23	2022-03-23T21:00:00+00:00	146
6758.T	2022-03-24	2022-03-24T21:00:00+00:00	147
6758.T	2022-03-25	2022-03-25T21:00:00+00:00	148
6758.T	2022-03-28	2022-03-28T20:00:00+00:00	149
6758.T	2022-03-29	2022-03-29T20:00:00+00:00	150
6758.T	2022-03-30	2022-03-30T20:00:00+00:00	151
6758.T	2022-03-31	2022-03-31T20:00:00+00:00	152
6758.T	2022-04-01	2022-04-01T20:00:00+00:00	153
6758.T	2022-04-04	2022-04-04T20:00:00+00:00	154
6758.T	2022-04-05	2022-04-05T20:00:00+00:00	155
6758.T	2022-04-06	2022-04-06T20:00:00+00:00	156
6758.T	2022-04-07	2022-04-07T20:00:00+00:00	157
6758.T	2022-04-08	2022-04-08T20:00:00+00:00	158
6758.T	2022-04-11	2022-04-11T20:00:00+00:00	159
6758.T	2022-04-12	2022-04-12T20:00:00+00:00	160
6758.T	2022-04-13	2022-04-13T20:00:00+00:00	161
6758.T	2022-04-14	2022-04-14T20:00:00+00:00	162
6758.T	2022-04-15	2022-04-15T20:00:00+00:00	162
6758.T	2022-04-18	2022-04-18T20:00:00+00:00	162
6758.T	2022-04-19	2022-04-19T20:00:00+00:00	163
6758.T	2022-04-20	2022-04-20T20:00:00+00:00	164
6758.T	2022-04-21	2022-04-21T20:00:00+00:00	165
6758.T	2022-04-22	2022-04-22T20:00:00+00:00	166
6758.T	2022-04-25	2022-04-25T20:00:00+00:00	167
6758.T	2022-04-26	2022-04-26T20:00:00+00:00	168
6758.T	2022-04-27	2022-04-27T20:00:00+00:00	169
6758.T	2022-04-28	2022-04-29T20:00:00+00:00	171
6758.T	2022-05-02	2022-05-05T20:00:00+00:00	175
6758.T	2022-05-06	2022-05-06T20:00:00+00:00	176
6758.T	2022-05-09	2022-05-09T20:00:00+00:00	177
6758.T	2022-05-10	2022-05-10T20:00:00+00:00	178
6758.T	2022-05-11	2022-05-11T20:00:00+00:00	179
6758.T	2022-05-12	2022-05-12T20:00:00+00:00	180
6758.T	2022-05-13	2022-05-13T20:00:00+00:00	181
6758.T	2022-05-16	2022-05-16T20:00:00+00:00	182
6758.T	2022-05-17	2022-05-17T20:00:00+00:00	183
6758.T	2022-05-18	2022-05-18T20:00:00+00:00	184
6758.T	2022-05-19	2022-05-19T20:00:00+00:00	185
6758.T	2022-05-20	2022-05-20T20:00:00+00:00	186
6758.T	2022-05-23	2022-05-23T20:00:00+00:00	187
6758.T	2022-05-24	2022-05-24T20:00:00+00:00	188
6758.T	2022-05-25	2022-05-25T20:00:00+00:00	189
6758.T	2022-05-26	2022-05-26T20:00:00+00:00	189
6758.T	2022-05-27	2022-05-27T20:00:00+00:00	190
6758.T	2022-05-30	2022-05-30T20:00:00+00:00	191
6758.T	2022-05-31	2022-05-31T20:00:00+00:00	192
6758.T	2022-06-01	2022-06-01T20:00:00+00:00	193
6758.T	2022-06-02	2022-06-02T20:00:00+00:00	194
6758.T	2022-06-03	2022-06-03T20:00:00+00:00	195
6758.T	2022-06-06	2022-06-06T20:00:00+00:00	195
6758.T	2022-06-07	2022-06-07T20:00:00+00:00	196
6758.T	2022-06-08	2022-06-08T20:00:00+00:00	197
6758.T	2022-06-09	2022-06-09T20:00:00+00:00	198
6758.T	2022-06-10	2022-06-10T20:00:00+00:00	199
7011.T	2022-02-25	2022-02-25T21:00:00+00:00	128
7011.T	2022-02-28	2022-02-28T21:00:00+00:00	129
7011.T	2022-03-01	2022-03-01T21:00:00+00:00	130
7011.T	2022-03-02	2022-03-02T21:00:00+00:00	131
7011.T	2022-03-03	2022-03-03T21:00:00+00:00	132
7011.T	2022-03-04	2022-03-04T21:00:00+00:00	133
7011.T	2022-03-07	2022-03-07T21:00:00+00:00	134
7011.T	2022-03-08	2022-03-08T21:00:00+00:00	135
7011.T	2022-03-09	2022-03-09T21:00:00+00:00	136
7011.T	2022-03-10	2022-03-10T21:00:00+00:00	137
7011.T	2022-03-11	2022-03-11T21:00:00+00:00	138
7011.T	2022-03-14	2022-03-14T21:00:00+00:00	139
7011.T	2022-03-15	2022-03-15T21:00:00+00:00	140
7011.T	2022-03-16	2022-03-16T21:00:00+00:00	141
7011.T	2022-03-17	2022-03-17T21:00:00+00:00	142
7011.T	2022-03-18	2022-03-21T21:00:00+00:00	144
7011.T	2022-03-22	2022-03-22T21:00:00+00:00	145
7011.T	2022-03-23	2022-03-23T21:00:00+00:00	146
7011.T	2022-03-24	2022-03-24T21:00:00+00:00	147
7011.T	2022-03-25	2022-03-25T21:00:00+00:00	148
7011.T	2022-03-28	2022-03-28T20:00:00+00:00	149
7011.T	2022-03-29	2022-03-29T20:00:00+00:00	150
7011.T	2022-03-30	2022-03-30T20:00:00+00:00	151
7011.T	2022-03-31	2022-03-31T20:00:00+00:00	152
7011.T	2022-04-01	2022-04-01T20:00:00+00:00	153
7011.T	2022-04-04	2022-04-04T20:00:00+00:00	154
7011.T	2022-04-05	2022-04-05T20:00:00+00:00	155
7011.T	2022-04-06	2022-04-06T20:00:00+00:00	156
7011.T	2022-04-07	2022-04-07T20:00:00+00:00	157
7011.T	2022-04-08	2022-04-08T20:00:00+00:00	158
7011.T	2022-04-11	2022-04-11T20:00:00+00:00	159
7011.T	2022-04-12	2022-04-12T20:00:00+00:00	160
7011.T	2022-04-13	2022-04-13T20:00:00+00:00	161
7011.T	2022-04-14	2022-04-14T20:00:00+00:00	162
7011.T	2022-04-15	2022-04-15T20:00:00+00:00	162
7011.T	2022-04-18	2022-04-18T20:00:00+00:00	162
7011.T	2022-04-19	2022-04-19T20:00:00+00:00	163
7011.T	2022-04-20	2022-04-20T20:00:00+00:00	164
7011.T	2022-04-21	2022-04-21T20:00:00+00:00	165
7011.T	2022-04-22	2022-04-22T20:00:00+00:00	166
7011.T	2022-04-25	2022-04-25T20:00:00+00:00	167
7011.T	2022-04-26	2022-04-26T20:00:00+00:00	168
7011.T	2022-04-27	2022-04-27T20:00:00+00:00	169
7011.T	2022-04-28	2022-04-29T20:00:00+00:00	171
7011.T	2022-05-02	2022-05-05T20:00:00+00:00	175
7011.T	2022-05-06	2022-05-06T20:00:00+00:00	176
7011.T	2022-05-09	2022-05-09T20:00:00+00:00	177
7011.T	2022-05-10	2022-05-10T20:00:00+00:00	178
7011.T	2022-05-11	2022-05-11T20:00:00+00:00	179
7011.T	2022-05-12	2022-05-12T20:00:00+00:00	180
7011.T	2022-05-13	2022-05-13T20:00:00+00:00	181
7011.T	2022-05-16	2022-05-16T20:00:00+00:00	182
7011.T	2022-05-17	2022-05-17T20:00:00+00:00	183
7011.T	2022-05-18	2022-05-18T20:00:00+00:00	184
7011.T	2022-05-19	2022-05-19T20:00:00+00:00	185
7011.T	2022-05-20	2022-05-20T20:00:00+00:00	186
7011.T	2022-05-23	2022-05-23T20:00:00+00:00	187
7011.T	2022-05-24	2022-05-24T20:00:00+00:00	188
7011.T	2022-05-25	2022-05-25T20:00:00+00:00	189
7011.T	2022-05-26	2022-05-26T20:00:00+00:00	189
7011.T	2022-05-27	2022-05-27T20:00:00+00:00	190
7011.T	2022-05-30	2022-05-30T20:00:00+00:00	191
7011.T	2022-05-31	2022-05-31T20:00:00+00:00	192
7011.T	2022-06-01	2022-06-01T20:00:00+00:00	193
7011.T	2022-06-02	2022-06-02T20:00:00+00:00	194
7011.T	2022-06-03	2022-06-03T20:00:00+00:00	195
7011.T	2022-06-06	2022-06-06T20:00:00+00:00	195
7011.T	2022-06-07	2022-06-07T20:00:00+00:00	196
7011.T	2022-06-08	2022-06-08T20:00:00+00:00	197
7011.T	2022-06-09	2022-06-09T20:00:00+00:00	198
7011.T	2022-06-10	2022-06-10T20:00:00+00:00	199
6501.T	2022-02-25	2022-02-25T21:00:00+00:00	128
6501.T	2022-02-28	2022-02-28T21:00:00+00:00	129
6501.T	2022-03-01	2022-03-01T21:00:00+00:00	130
6501.T	2022-03-02	2022-03-02T21:00:00+00:00	131
6501.T	2022-03-03	2022-03-03T21:00:00+00:00	132
6501.T	2022-03-04	2022-03-04T21:00:00+00:00	133
6501.T	2022-03-07	2022-03-07T21:00:00+00:00	134
6501.T	2022-03-08	2022-03-08T21:00:00+00:00	135
6501.T	2022-03-09	2022-03-09T21:00:00+00:00	136
6501.T	2022-03-10	2022-03-10T21:00:00+00:00	137
6501.T	2022-03-11	2022-03-11T21:00:00+00:00	138
6501.T	2022-03-14	2022-03-14T21:00:00+00:00	139
6501.T	2022-03-15	2022-03-15T21:00:00+00:00	140
6501.T	2022-03-16	2022-03-16T21:00:00+00:00	141
6501.T	2022-03-17	2022-03-17T21:00:00+00:00	142
6501.T	2022-03-18	2022-03-21T21:00:00+00:00	144
6501.T	2022-03-22	2022-03-22T21:00:00+00:00	145
6501.T	2022-03-23	2022-03-23T21:00:00+00:00	146
6501.T	2022-03-24	2022-03-24T21:00:00+00:00	147
6501.T	2022-03-25	2022-03-25T21:00:00+00:00	148
6501.T	2022-03-28	2022-03-28T20:00:00+00:00	149
6501.T	2022-03-29	2022-03-29T20:00:00+00:00	150
6501.T	2022-03-30	2022-03-30T20:00:00+00:00	151
6501.T	2022-03-31	2022-03-31T20:00:00+00:00	152
6501.T	2022-04-01	2022-04-01T20:00:00+00:00	153
6501.T	2022-04-04	2022-04-04T20:00:00+00:00	154
6501.T	2022-04-05	2022-04-05T20:00:00+00:00	155
6501.T	2022-04-06	2022-04-06T20:00:00+00:00	156
6501.T	2022-04-07	2022-04-07T20:00:00+00:00	157
6501.T	2022-04-08	2022-04-08T20:00:00+00:00	158
6501.T	2022-04-11	2022-04-11T20:00:00+00:00	159
6501.T	2022-04-12	2022-04-12T20:00:00+00:00	160
6501.T	2022-04-13	2022-04-13T20:00:00+00:00	161
6501.T	2022-04-14	2022-04-14T20:00:00+00:00	162
6501.T	2022-04-15	2022-04-15T20:00:00+00:00	162
6501.T	2022-04-18	2022-04-18T20:00:00+00:00	162
6501.T	2022-04-19	2022-04-19T20:00:00+00:00	163
6501.T	2022-04-20	2022-04-20T20:00:00+00:00	164
6501.T	2022-04-21	2022-04-21T20:00:00+00:00	165
6501.T	2022-04-22	2022-04-22T20:00:00+00:00	166
6501.T	2022-04-25	2022-04-25T20:00:00+00:00	167
6501.T	2022-04-26	2022-04-26T20:00:00+00:00	168
6501.T	2022-04-27	2022-04-27T20:00:00+00:00	169
6501.T	2022-04-28	2022-04-29T20:00:00+00:00	171
6501.T	2022-05-02	2022-05-05T20:00:00+00:00	175
6501.T	2022-05-06	2022-05-06T20:00:00+00:00	176
6501.T	2022-05-09	2022-05-09T20:00:00+00:00	177
6501.T	2022-05-10	2022-05-10T20:00:00+00:00	178
6501.T	2022-05-11	2022-05-11T20:00:00+00:00	179
6501.T	2022-05-12	2022-05-12T20:00:00+00:00	180
6501.T	2022-05-13	2022-05-13T20:00:00+00:00	181
6501.T	2022-05-16	2022-05-16T20:00:00+00:00	182
6501.T	2022-05-17	2022-05-17T20:00:00+00:00	183
6501.T	2022-05-18	2022-05-18T20:00:00+00:00	184
6501.T	2022-05-19	2022-05-19T20:00:00+00:00	185
6501.T	2022-05-20	2022-05-20T20:00:00+00:00	186
6501.T	2022-05-23	2022-05-23T20:00:00+00:00	187
6501.T	2022-05-24	2022-05-24T20:00:00+00:00	188
6501.T	2022-05-25	2022-05-25T20:00:00+00:00	189
6501.T	2022-05-26	2022-05-26T20:00:00+00:00	189
6501.T	2022-05-27	2022-05-27T20:00:00+00:00	190
6501.T	2022-05-30	2022-05-30T20:00:00+00:00	191
6501.T	2022-05-31	2022-05-31T20:00:00+00:00	192
6501.T	2022-06-01	2022-06-01T20:00:00+00:00	193
6501.T	2022-06-02	2022-06-02T20:00:00+00:00	194
6501.T	2022-06-03	2022-06-03T20:00:00+00:00	195
6501.T	2022-06-06	2022-06-06T20:00:00+00:00	195
6501.T	2022-06-07	2022-06-07T20:00:00+00:00	196
6501.T	2022-06-08	2022-06-08T20:00:00+00:00	197
6501.T	2022-06-09	2022-06-09T20:00:00+00:00	198
6501.T	2022-06-10	2022-06-10T20:00:00+00:00	199
6857.T	2022-02-25	2022-02-25T21:00:00+00:00	128
6857.T	2022-02-28	2022-02-28T21:00:00+00:00	129
6857.T	2022-03-01	2022-03-01T21:00:00+00:00	130
6857.T	2022-03-02	2022-03-02T21:00:00+00:00	131
6857.T	2022-03-03	2022-03-03T21:00:00+00:00	132
6857.T	2022-03-04	2022-03-04T21:00:00+00:00	133
6857.T	2022-03-07	2022-03-07T21:00:00+00:00	134
6857.T	2022-03-08	2022-03-08T21:00:00+00:00	135
6857.T	2022-03-09	2022-03-09T21:00:00+00:00	136
6857.T	2022-03-10	2022-03-10T21:00:00+00:00	137
6857.T	2022-03-11	2022-03-11T21:00:00+00:00	138
6857.T	2022-03-14	2022-03-14T21:00:00+00:00	139
6857.T	2022-03-15	2022-03-15T21:00:00+00:00	140
6857.T	2022-03-16	2022-03-16T21:00:00+00:00	141
6857.T	2022-03-17	2022-03-17T21:00:00+00:00	142
6857.T	2022-03-18	2022-03-21T21:00:00+00:00	144
6857.T	2022-03-22	2022-03-22T21:00:00+00:00	145
6857.T	2022-03-23	2022-03-23T21:00:00+00:00	146
6857.T	2022-03-24	2022-03-24T21:00:00+00:00	147
6857.T	2022-03-25	2022-03-25T21:00:00+00:00	148
6857.T	2022-03-28	2022-03-28T20:00:00+00:00	149
6857.T	2022-03-29	2022-03-29T20:00:00+00:00	150
6857.T	2022-03-30	2022-03-30T20:00:00+00:00	151
6857.T	2022-03-31	2022-03-31T20:00:00+00:00	152
6857.T	2022-04-01	2022-04-01T20:00:00+00:00	153
6857.T	2022-04-04	2022-04-04T20:00:00+00:00	154
6857.T	2022-04-05	2022-04-05T20:00:00+00:00	155
6857.T	2022-04-06	2022-04-06T20:00:00+00:00	156
6857.T	2022-04-07	2022-04-07T20:00:00+00:00	157
6857.T	2022-04-08	2022-04-08T20:00:00+00:00	158
6857.T	2022-04-11	2022-04-11T20:00:00+00:00	159
6857.T	2022-04-12	2022-04-12T20:00:00+00:00	160
6857.T	2022-04-13	2022-04-13T20:00:00+00:00	161
6857.T	2022-04-14	2022-04-14T20:00:00+00:00	162
6857.T	2022-04-15	2022-04-15T20:00:00+00:00	162
6857.T	2022-04-18	2022-04-18T20:00:00+00:00	162
6857.T	2022-04-19	2022-04-19T20:00:00+00:00	163
6857.T	2022-04-20	2022-04-20T20:00:00+00:00	164
6857.T	2022-04-21	2022-04-21T20:00:00+00:00	165
6857.T	2022-04-22	2022-04-22T20:00:00+00:00	166
6857.T	2022-04-25	2022-04-25T20:00:00+00:00	167
6857.T	2022-04-26	2022-04-26T20:00:00+00:00	168
6857.T	2022-04-27	2022-04-27T20:00:00+00:00	169
6857.T	2022-04-28	2022-04-29T20:00:00+00:00	171
6857.T	2022-05-02	2022-05-05T20:00:00+00:00	175
6857.T	2022-05-06	2022-05-06T20:00:00+00:00	176
6857.T	2022-05-09	2022-05-09T20:00:00+00:00	177
6857.T	2022-05-10	2022-05-10T20:00:00+00:00	178
6857.T	2022-05-11	2022-05-11T20:00:00+00:00	179
6857.T	2022-05-12	2022-05-12T20:00:00+00:00	180
6857.T	2022-05-13	2022-05-13T20:00:00+00:00	181
6857.T	2022-05-16	2022-05-16T20:00:00+00:00	182
6857.T	2022-05-17	2022-05-17T20:00:00+00:00	183
6857.T	2022-05-18	2022-05-18T20:00:00+00:00	184
6857.T	2022-05-19	2022-05-19T20:00:00+00:00	185
6857.T	2022-05-20	2022-05-20T20:00:00+00:00	186
6857.T	2022-05-23	2022-05-23T20:00:00+00:00	187
6857.T	2022-05-24	2022-05-24T20:00:00+00:00	188
6857.T	2022-05-25	2022-05-25T20:00:00+00:00	189
6857.T	2022-05-26	2022-05-26T20:00:00+00:00	189
6857.T	2022-05-27	2022-05-27T20:00:00+00:00	190
6857.T	2022-05-30	2022-05-30T20:00:00+00:00	191
6857.T	2022-05-31	2022-05-31T20:00:00+00:00	192
6857.T	2022-06-01	2022-06-01T20:00:00+00:00	193
6857.T	2022-06-02	2022-06-02T20:00:00+00:00	194
6857.T	2022-06-03	2022-06-03T20:00:00+00:00	195
6857.T	2022-06-06	2022-06-06T20:00:00+00:00	195
6857.T	2022-06-07	2022-06-07T20:00:00+00:00	196
6857.T	2022-06-08	2022-06-08T20:00:00+00:00	197
6857.T	2022-06-09	2022-06-09T20:00:00+00:00	198
6857.T	2022-06-10	2022-06-10T20:00:00+00:00	199
8035.T	2022-02-25	2022-02-25T21:00:00+00:00	128
8035.T	2022-02-28	2022-02-28T21:00:00+00:00	129
8035.T	2022-03-01	2022-03-01T21:00:00+00:00	130
8035.T	2022-03-02	2022-03-02T21:00:00+00:00	131
8035.T	2022-03-03	2022-03-03T21:00:00+00:00	132
8035.T	2022-03-04	2022-03-04T21:00:00+00:00	133
8035.T	2022-03-07	2022-03-07T21:00:00+00:00	134
8035.T	2022-03-08	2022-03-08T21:00:00+00:00	135
8035.T	2022-03-09	2022-03-09T21:00:00+00:00	136
8035.T	2022-03-10	2022-03-10T21:00:00+00:00	137
8035.T	2022-03-11	2022-03-11T21:00:00+00:00	138
8035.T	2022-03-14	2022-03-14T21:00:00+00:00	139
8035.T	2022-03-15	2022-03-15T21:00:00+00:00	140
8035.T	2022-03-16	2022-03-16T21:00:00+00:00	141
8035.T	2022-03-17	2022-03-17T21:00:00+00:00	142
8035.T	2022-03-18	2022-03-21T21:00:00+00:00	144
8035.T	2022-03-22	2022-03-22T21:00:00+00:00	145
8035.T	2022-03-23	2022-03-23T21:00:00+00:00	146
8035.T	2022-03-24	2022-03-24T21:00:00+00:00	147
8035.T	2022-03-25	2022-03-25T21:00:00+00:00	148
8035.T	2022-03-28	2022-03-28T20:00:00+00:00	149
8035.T	2022-03-29	2022-03-29T20:00:00+00:00	150
8035.T	2022-03-30	2022-03-30T20:00:00+00:00	151
8035.T	2022-03-31	2022-03-31T20:00:00+00:00	152
8035.T	2022-04-01	2022-04-01T20:00:00+00:00	153
8035.T	2022-04-04	2022-04-04T20:00:00+00:00	154
8035.T	2022-04-05	2022-04-05T20:00:00+00:00	155
8035.T	2022-04-06	2022-04-06T20:00:00+00:00	156
8035.T	2022-04-07	2022-04-07T20:00:00+00:00	157
8035.T	2022-04-08	2022-04-08T20:00:00+00:00	158
8035.T	2022-04-11	2022-04-11T20:00:00+00:00	159
8035.T	2022-04-12	2022-04-12T20:00:00+00:00	160
8035.T	2022-04-13	2022-04-13T20:00:00+00:00	161
8035.T	2022-04-14	2022-04-14T20:00:00+00:00	162
8035.T	2022-04-15	2022-04-15T20:00:00+00:00	162
8035.T	2022-04-18	2022-04-18T20:00:00+00:00	162
8035.T	2022-04-19	2022-04-19T20:00:00+00:00	163
8035.T	2022-04-20	2022-04-20T20:00:00+00:00	164
8035.T	2022-04-21	2022-04-21T20:00:00+00:00	165
8035.T	2022-04-22	2022-04-22T20:00:00+00:00	166
8035.T	2022-04-25	2022-04-25T20:00:00+00:00	167
8035.T	2022-04-26	2022-04-26T20:00:00+00:00	168
8035.T	2022-04-27	2022-04-27T20:00:00+00:00	169
8035.T	2022-04-28	2022-04-29T20:00:00+00:00	171
8035.T	2022-05-02	2022-05-05T20:00:00+00:00	175
8035.T	2022-05-06	2022-05-06T20:00:00+00:00	176
8035.T	2022-05-09	2022-05-09T20:00:00+00:00	177
8035.T	2022-05-10	2022-05-10T20:00:00+00:00	178
8035.T	2022-05-11	2022-05-11T20:00:00+00:00	179
8035.T	2022-05-12	2022-05-12T20:00:00+00:00	180
8035.T	2022-05-13	2022-05-13T20:00:00+00:00	181
8035.T	2022-05-16	2022-05-16T20:00:00+00:00	182
8035.T	2022-05-17	2022-05-17T20:00:00+00:00	183
8035.T	2022-05-18	2022-05-18T20:00:00+00:00	184
8035.T	2022-05-19	2022-05-19T20:00:00+00:00	185
8035.T	2022-05-20	2022-05-20T20:00:00+00:00	186
8035.T	2022-05-23	2022-05-23T20:00:00+00:00	187
8035.T	2022-05-24	2022-05-24T20:00:00+00:00	188
8035.T	2022-05-25	2022-05-25T20:00:00+00:00	189
8035.T	2022-05-26	2022-05-26T20:00:00+00:00	189
8035.T	2022-05-27	2022-05-27T20:00:00+00:00	190
8035.T	2022-05-30	2022-05-30T20:00:00+00:00	191
8035.T	2022-05-31	2022-05-31T20:00:00+00:00	192
8035.T	2022-06-01	2022-06-01T20:00:00+00:00	193
8035.T	2022-06-02	2022-06-02T20:00:00+00:00	194
8035.T	2022-06-03	2022-06-03T20:00:00+00:00	195
8035.T	2022-06-06	2022-06-06T20:00:00+00:00	195
8035.T	2022-06-07	2022-06-07T20:00:00+00:00	196
8035.T	2022-06-08	2022-06-08T20:00:00+00:00	197
8035.T	2022-06-09	2022-06-09T20:00:00+00:00	198
8035.T	2022-06-10	2022-06-10T20:00:00+00:00	199
TSM	2022-02-18	2022-02-22T08:30:00+00:00	124
TSM	2022-02-22	2022-02-23T08:30:00+00:00	125
TSM	2022-02-23	2022-02-24T08:30:00+00:00	126
TSM	2022-02-24	2022-02-25T08:30:00+00:00	127
TSM	2022-02-25	2022-02-28T08:30:00+00:00	128
TSM	2022-02-28	2022-03-01T08:30:00+00:00	129
TSM	2022-03-01	2022-03-02T08:30:00+00:00	130
TSM	2022-03-02	2022-03-03T08:30:00+00:00	131
TSM	2022-03-03	2022-03-04T08:30:00+00:00	132
TSM	2022-03-04	2022-03-07T08:30:00+00:00	133
TSM	2022-03-07	2022-03-08T08:30:00+00:00	134
TSM	2022-03-08	2022-03-09T08:30:00+00:00	135
TSM	2022-03-09	2022-03-10T08:30:00+00:00	136
TSM	2022-03-10	2022-03-11T08:30:00+00:00	137
TSM	2022-03-11	2022-03-14T08:30:00+00:00	138
TSM	2022-03-14	2022-03-15T08:30:00+00:00	139
TSM	2022-03-15	2022-03-16T08:30:00+00:00	140
TSM	2022-03-16	2022-03-17T08:30:00+00:00	141
TSM	2022-03-17	2022-03-18T08:30:00+00:00	142
TSM	2022-03-18	2022-03-21T08:30:00+00:00	143
TSM	2022-03-21	2022-03-22T08:30:00+00:00	144
TSM	2022-03-22	2022-03-23T08:30:00+00:00	145
TSM	2022-03-23	2022-03-24T08:30:00+00:00	146
TSM	2022-03-24	2022-03-25T08:30:00+00:00	147
TSM	2022-03-25	2022-03-28T07:30:00+00:00	148
TSM	2022-03-28	2022-03-29T07:30:00+00:00	149
TSM	2022-03-29	2022-03-30T07:30:00+00:00	150
TSM	2022-03-30	2022-03-31T07:30:00+00:00	151
TSM	2022-03-31	2022-04-01T07:30:00+00:00	152
TSM	2022-04-01	2022-04-04T07:30:00+00:00	153
TSM	2022-04-04	2022-04-05T07:30:00+00:00	154
TSM	2022-04-05	2022-04-06T07:30:00+00:00	155
TSM	2022-04-06	2022-04-07T07:30:00+00:00	156
TSM	2022-04-07	2022-04-08T07:30:00+00:00	157
TSM	2022-04-08	2022-04-11T07:30:00+00:00	158
TSM	2022-04-11	2022-04-12T07:30:00+00:00	159
TSM	2022-04-12	2022-04-13T07:30:00+00:00	160
TSM	2022-04-13	2022-04-14T07:30:00+00:00	161
TSM	2022-04-14	2022-04-18T07:30:00+00:00	162
TSM	2022-04-18	2022-04-19T07:30:00+00:00	162
TSM	2022-04-19	2022-04-20T07:30:00+00:00	163
TSM	2022-04-20	2022-04-21T07:30:00+00:00	164
TSM	2022-04-21	2022-04-22T07:30:00+00:00	165
TSM	2022-04-22	2022-04-25T07:30:00+00:00	166
TSM	2022-04-25	2022-04-26T07:30:00+00:00	167
TSM	2022-04-26	2022-04-27T07:30:00+00:00	168
TSM	2022-04-27	2022-04-28T07:30:00+00:00	169
TSM	2022-04-28	2022-04-29T07:30:00+00:00	170
TSM	2022-04-29	2022-05-02T07:30:00+00:00	171
TSM	2022-05-02	2022-05-03T07:30:00+00:00	172
TSM	2022-05-03	2022-05-04T07:30:00+00:00	173
TSM	2022-05-04	2022-05-05T07:30:00+00:00	174
TSM	2022-05-05	2022-05-06T07:30:00+00:00	175
TSM	2022-05-06	2022-05-09T07:30:00+00:00	176
TSM	2022-05-09	2022-05-10T07:30:00+00:00	177
TSM	2022-05-10	2022-05-11T07:30:00+00:00	178
TSM	2022-05-11	2022-05-12T07:30:00+00:00	179
TSM	2022-05-12	2022-05-13T07:30:00+00:00	180
TSM	2022-05-13	2022-05-16T07:30:00+00:00	181
TSM	2022-05-16	2022-05-17T07:30:00+00:00	182
TSM	2022-05-17	2022-05-18T07:30:00+00:00	183
TSM	2022-05-18	2022-05-19T07:30:00+00:00	184
TSM	2022-05-19	2022-05-20T07:30:00+00:00	185
TSM	2022-05-20	2022-05-23T07:30:00+00:00	186
TSM	2022-05-23	2022-05-24T07:30:00+00:00	187
TSM	2022-05-24	2022-05-25T07:30:00+00:00	188
TSM	2022-05-25	2022-05-26T07:30:00+00:00	189
TSM	2022-05-26	2022-05-27T07:30:00+00:00	189
TSM	2022-05-27	2022-05-31T07:30:00+00:00	191
TSM	2022-05-31	2022-06-01T07:30:00+00:00	192
TSM	2022-06-01	2022-06-02T07:30:00+00:00	193
TSM	2022-06-02	2022-06-03T07:30:00+00:00	194
TSM	2022-06-03	2022-06-06T07:30:00+00:00	195
TSM	2022-06-06	2022-06-07T07:30:00+00:00	195
TSM	2022-06-07	2022-06-08T07:30:00+00:00	196
TSM	2022-06-08	2022-06-09T07:30:00+00:00	197
TSM	2022-06-09	2022-06-10T07:30:00+00:00	198
TSM	2022-06-10	2022-06-13T07:30:00+00:00	199
0700.HK	2022-02-24	2022-02-24T21:00:00+00:00	127
0700.HK	2022-02-25	2022-02-25T21:00:00+00:00	128
0700.HK	2022-02-28	2022-02-28T21:00:00+00:00	129
0700.HK	2022-03-01	2022-03-01T21:00:00+00:00	130
0700.HK	2022-03-02	2022-03-02T21:00:00+00:00	131
0700.HK	2022-03-03	2022-03-03T21:00:00+00:00	132
0700.HK	2022-03-04	2022-03-04T21:00:00+00:00	133
0700.HK	2022-03-07	2022-03-07T21:00:00+00:00	134
0700.HK	2022-03-08	2022-03-08T21:00:00+00:00	135
0700.HK	2022-03-09	2022-03-09T21:00:00+00:00	136
0700.HK	2022-03-10	2022-03-10T21:00:00+00:00	137
0700.HK	2022-03-11	2022-03-11T21:00:00+00:00	138
0700.HK	2022-03-14	2022-03-14T21:00:00+00:00	139
0700.HK	2022-03-15	2022-03-15T21:00:00+00:00	140
0700.HK	2022-03-16	2022-03-16T21:00:00+00:00	141
0700.HK	2022-03-17	2022-03-17T21:00:00+00:00	142
0700.HK	2022-03-18	2022-03-18T21:00:00+00:00	143
0700.HK	2022-03-21	2022-03-21T21:00:00+00:00	144
0700.HK	2022-03-22	2022-03-22T21:00:00+00:00	145
0700.HK	2022-03-23	2022-03-23T21:00:00+00:00	146
0700.HK	2022-03-24	2022-03-24T21:00:00+00:00	147
0700.HK	2022-03-25	2022-03-25T21:00:00+00:00	148
0700.HK	2022-03-28	2022-03-28T20:00:00+00:00	149
0700.HK	2022-03-29	2022-03-29T20:00:00+00:00	150
0700.HK	2022-03-30	2022-03-30T20:00:00+00:00	151
0700.HK	2022-03-31	2022-03-31T20:00:00+00:00	152
0700.HK	2022-04-01	2022-04-01T20:00:00+00:00	153
0700.HK	2022-04-04	2022-04-05T20:00:00+00:00	155
0700.HK	2022-04-06	2022-04-06T20:00:00+00:00	156
0700.HK	2022-04-07	2022-04-07T20:00:00+00:00	157
0700.HK	2022-04-08	2022-04-08T20:00:00+00:00	158
0700.HK	2022-04-11	2022-04-11T20:00:00+00:00	159
0700.HK	2022-04-12	2022-04-12T20:00:00+00:00	160
0700.HK	2022-04-13	2022-04-13T20:00:00+00:00	161
0700.HK	2022-04-14	2022-04-18T20:00:00+00:00	162
0700.HK	2022-04-19	2022-04-19T20:00:00+00:00	163
0700.HK	2022-04-20	2022-04-20T20:00:00+00:00	164
0700.HK	2022-04-21	2022-04-21T20:00:00+00:00	165
0700.HK	2022-04-22	2022-04-22T20:00:00+00:00	166
0700.HK	2022-04-25	2022-04-25T20:00:00+00:00	167
0700.HK	2022-04-26	2022-04-26T20:00:00+00:00	168
0700.HK	2022-04-27	2022-04-27T20:00:00+00:00	169
0700.HK	2022-04-28	2022-04-28T20:00:00+00:00	170
0700.HK	2022-04-29	2022-05-02T20:00:00+00:00	172
0700.HK	2022-05-03	2022-05-03T20:00:00+00:00	173
0700.HK	2022-05-04	2022-05-04T20:00:00+00:00	174
0700.HK	2022-05-05	2022-05-05T20:00:00+00:00	175
0700.HK	2022-05-06	2022-05-09T20:00:00+00:00	177
0700.HK	2022-05-10	2022-05-10T20:00:00+00:00	178
0700.HK	2022-05-11	2022-05-11T20:00:00+00:00	179
0700.HK	2022-05-12	2022-05-12T20:00:00+00:00	180
0700.HK	2022-05-13	2022-05-13T20:00:00+00:00	181
0700.HK	2022-05-16	2022-05-16T20:00:00+00:00	182
0700.HK	2022-05-17	2022-05-17T20:00:00+00:00	183
0700.HK	2022-05-18	2022-05-18T20:00:00+00:00	184
0700.HK	2022-05-19	2022-05-19T20:00:00+00:00	185
0700.HK	2022-05-20	2022-05-20T20:00:00+00:00	186
0700.HK	2022-05-23	2022-05-23T20:00:00+00:00	187
0700.HK	2022-05-24	2022-05-24T20:00:00+00:00	188
0700.HK	2022-05-25	2022-05-25T20:00:00+00:00	189
0700.HK	2022-05-26	2022-05-26T20:00:00+00:00	189
0700.HK	2022-05-27	2022-05-27T20:00:00+00:00	190
0700.HK	2022-05-30	2022-05-30T20:00:00+00:00	191
0700.HK	2022-05-31	2022-05-31T20:00:00+00:00	192
0700.HK	2022-06-01	2022-06-01T20:00:00+00:00	193
0700.HK	2022-06-02	2022-06-03T20:00:00+00:00	195
0700.HK	2022-06-06	2022-06-06T20:00:00+00:00	195
0700.HK	2022-06-07	2022-06-07T20:00:00+00:00	196
0700.HK	2022-06-08	2022-06-08T20:00:00+00:00	197
0700.HK	2022-06-09	2022-06-09T20:00:00+00:00	198
0700.HK	2022-06-10	2022-06-10T20:00:00+00:00	199
9988.HK	2022-02-24	2022-02-24T21:00:00+00:00	127
9988.HK	2022-02-25	2022-02-25T21:00:00+00:00	128
9988.HK	2022-02-28	2022-02-28T21:00:00+00:00	129
9988.HK	2022-03-01	2022-03-01T21:00:00+00:00	130
9988.HK	2022-03-02	2022-03-02T21:00:00+00:00	131
9988.HK	2022-03-03	2022-03-03T21:00:00+00:00	132
9988.HK	2022-03-04	2022-03-04T21:00:00+00:00	133
9988.HK	2022-03-07	2022-03-07T21:00:00+00:00	134
9988.HK	2022-03-08	2022-03-08T21:00:00+00:00	135
9988.HK	2022-03-09	2022-03-09T21:00:00+00:00	136
9988.HK	2022-03-10	2022-03-10T21:00:00+00:00	137
9988.HK	2022-03-11	2022-03-11T21:00:00+00:00	138
9988.HK	2022-03-14	2022-03-14T21:00:00+00:00	139
9988.HK	2022-03-15	2022-03-15T21:00:00+00:00	140
9988.HK	2022-03-16	2022-03-16T21:00:00+00:00	141
9988.HK	2022-03-17	2022-03-17T21:00:00+00:00	142
9988.HK	2022-03-18	2022-03-18T21:00:00+00:00	143
9988.HK	2022-03-21	2022-03-21T21:00:00+00:00	144
9988.HK	2022-03-22	2022-03-22T21:00:00+00:00	145
9988.HK	2022-03-23	2022-03-23T21:00:00+00:00	146
9988.HK	2022-03-24	2022-03-24T21:00:00+00:00	147
9988.HK	2022-03-25	2022-03-25T21:00:00+00:00	148
9988.HK	2022-03-28	2022-03-28T20:00:00+00:00	149
9988.HK	2022-03-29	2022-03-29T20:00:00+00:00	150
9988.HK	2022-03-30	2022-03-30T20:00:00+00:00	151
9988.HK	2022-03-31	2022-03-31T20:00:00+00:00	152
9988.HK	2022-04-01	2022-04-01T20:00:00+00:00	153
9988.HK	2022-04-04	2022-04-05T20:00:00+00:00	155
9988.HK	2022-04-06	2022-04-06T20:00:00+00:00	156
9988.HK	2022-04-07	2022-04-07T20:00:00+00:00	157
9988.HK	2022-04-08	2022-04-08T20:00:00+00:00	158
9988.HK	2022-04-11	2022-04-11T20:00:00+00:00	159
9988.HK	2022-04-12	2022-04-12T20:00:00+00:00	160
9988.HK	2022-04-13	2022-04-13T20:00:00+00:00	161
9988.HK	2022-04-14	2022-04-18T20:00:00+00:00	162
9988.HK	2022-04-19	2022-04-19T20:00:00+00:00	163
9988.HK	2022-04-20	2022-04-20T20:00:00+00:00	164
9988.HK	2022-04-21	2022-04-21T20:00:00+00:00	165
9988.HK	2022-04-22	2022-04-22T20:00:00+00:00	166
9988.HK	2022-04-25	2022-04-25T20:00:00+00:00	167
9988.HK	2022-04-26	2022-04-26T20:00:00+00:00	168
9988.HK	2022-04-27	2022-04-27T20:00:00+00:00	169
9988.HK	2022-04-28	2022-04-28T20:00:00+00:00	170
9988.HK	2022-04-29	2022-05-02T20:00:00+00:00	172
9988.HK	2022-05-03	2022-05-03T20:00:00+00:00	173
9988.HK	2022-05-04	2022-05-04T20:00:00+00:00	174
9988.HK	2022-05-05	2022-05-05T20:00:00+00:00	175
9988.HK	2022-05-06	2022-05-09T20:00:00+00:00	177
9988.HK	2022-05-10	2022-05-10T20:00:00+00:00	178
9988.HK	2022-05-11	2022-05-11T20:00:00+00:00	179
9988.HK	2022-05-12	2022-05-12T20:00:00+00:00	180
9988.HK	2022-05-13	2022-05-13T20:00:00+00:00	181
9988.HK	2022-05-16	2022-05-16T20:00:00+00:00	182
9988.HK	2022-05-17	2022-05-17T20:00:00+00:00	183
9988.HK	2022-05-18	2022-05-18T20:00:00+00:00	184
9988.HK	2022-05-19	2022-05-19T20:00:00+00:00	185
9988.HK	2022-05-20	2022-05-20T20:00:00+00:00	186
9988.HK	2022-05-23	2022-05-23T20:00:00+00:00	187
9988.HK	2022-05-24	2022-05-24T20:00:00+00:00	188
9988.HK	2022-05-25	2022-05-25T20:00:00+00:00	189
9988.HK	2022-05-26	2022-05-26T20:00:00+00:00	189
9988.HK	2022-05-27	2022-05-27T20:00:00+00:00	190
9988.HK	2022-05-30	2022-05-30T20:00:00+00:00	191
9988.HK	2022-05-31	2022-05-31T20:00:00+00:00	192
9988.HK	2022-06-01	2022-06-01T20:00:00+00:00	193
9988.HK	2022-06-02	2022-06-03T20:00:00+00:00	195
9988.HK	2022-06-06	2022-06-06T20:00:00+00:00	195
9988.HK	2022-06-07	2022-06-07T20:00:00+00:00	196
9988.HK	2022-06-08	2022-06-08T20:00:00+00:00	197
9988.HK	2022-06-09	2022-06-09T20:00:00+00:00	198
9988.HK	2022-06-10	2022-06-10T20:00:00+00:00	199
1810.HK	2022-02-24	2022-02-24T21:00:00+00:00	127
1810.HK	2022-02-25	2022-02-25T21:00:00+00:00	128
1810.HK	2022-02-28	2022-02-28T21:00:00+00:00	129
1810.HK	2022-03-01	2022-03-01T21:00:00+00:00	130
1810.HK	2022-03-02	2022-03-02T21:00:00+00:00	131
1810.HK	2022-03-03	2022-03-03T21:00:00+00:00	132
1810.HK	2022-03-04	2022-03-04T21:00:00+00:00	133
1810.HK	2022-03-07	2022-03-07T21:00:00+00:00	134
1810.HK	2022-03-08	2022-03-08T21:00:00+00:00	135
1810.HK	2022-03-09	2022-03-09T21:00:00+00:00	136
1810.HK	2022-03-10	2022-03-10T21:00:00+00:00	137
1810.HK	2022-03-11	2022-03-11T21:00:00+00:00	138
1810.HK	2022-03-14	2022-03-14T21:00:00+00:00	139
1810.HK	2022-03-15	2022-03-15T21:00:00+00:00	140
1810.HK	2022-03-16	2022-03-16T21:00:00+00:00	141
1810.HK	2022-03-17	2022-03-17T21:00:00+00:00	142
1810.HK	2022-03-18	2022-03-18T21:00:00+00:00	143
1810.HK	2022-03-21	2022-03-21T21:00:00+00:00	144
1810.HK	2022-03-22	2022-03-22T21:00:00+00:00	145
1810.HK	2022-03-23	2022-03-23T21:00:00+00:00	146
1810.HK	2022-03-24	2022-03-24T21:00:00+00:00	147
1810.HK	2022-03-25	2022-03-25T21:00:00+00:00	148
1810.HK	2022-03-28	2022-03-28T20:00:00+00:00	149
1810.HK	2022-03-29	2022-03-29T20:00:00+00:00	150
1810.HK	2022-03-30	2022-03-30T20:00:00+00:00	151
1810.HK	2022-03-31	2022-03-31T20:00:00+00:00	152
1810.HK	2022-04-01	2022-04-01T20:00:00+00:00	153
1810.HK	2022-04-04	2022-04-05T20:00:00+00:00	155
1810.HK	2022-04-06	2022-04-06T20:00:00+00:00	156
1810.HK	2022-04-07	2022-04-07T20:00:00+00:00	157
1810.HK	2022-04-08	2022-04-08T20:00:00+00:00	158
1810.HK	2022-04-11	2022-04-11T20:00:00+00:00	159
1810.HK	2022-04-12	2022-04-12T20:00:00+00:00	160
1810.HK	2022-04-13	2022-04-13T20:00:00+00:00	161
1810.HK	2022-04-14	2022-04-18T20:00:00+00:00	162
1810.HK	2022-04-19	2022-04-19T20:00:00+00:00	163
1810.HK	2022-04-20	2022-04-20T20:00:00+00:00	164
1810.HK	2022-04-21	2022-04-21T20:00:00+00:00	165
1810.HK	2022-04-22	2022-04-22T20:00:00+00:00	166
1810.HK	2022-04-25	2022-04-25T20:00:00+00:00	167
1810.HK	2022-04-26	2022-04-26T20:00:00+00:00	168
1810.HK	2022-04-27	2022-04-27T20:00:00+00:00	169
1810.HK	2022-04-28	2022-04-28T20:00:00+00:00	170
1810.HK	2022-04-29	2022-05-02T20:00:00+00:00	172
1810.HK	2022-05-03	2022-05-03T20:00:00+00:00	173
1810.HK	2022-05-04	2022-05-04T20:00:00+00:00	174
1810.HK	2022-05-05	2022-05-05T20:00:00+00:00	175
1810.HK	2022-05-06	2022-05-09T20:00:00+00:00	177
1810.HK	2022-05-10	2022-05-10T20:00:00+00:00	178
1810.HK	2022-05-11	2022-05-11T20:00:00+00:00	179
1810.HK	2022-05-12	2022-05-12T20:00:00+00:00	180
1810.HK	2022-05-13	2022-05-13T20:00:00+00:00	181
1810.HK	2022-05-16	2022-05-16T20:00:00+00:00	182
1810.HK	2022-05-17	2022-05-17T20:00:00+00:00	183
1810.HK	2022-05-18	2022-05-18T20:00:00+00:00	184
1810.HK	2022-05-19	2022-05-19T20:00:00+00:00	185
1810.HK	2022-05-20	2022-05-20T20:00:00+00:00	186
1810.HK	2022-05-23	2022-05-23T20:00:00+00:00	187
1810.HK	2022-05-24	2022-05-24T20:00:00+00:00	188
1810.HK	2022-05-25	2022-05-25T20:00:00+00:00	189
1810.HK	2022-05-26	2022-05-26T20:00:00+00:00	189
1810.HK	2022-05-27	2022-05-27T20:00:00+00:00	190
1810.HK	2022-05-30	2022-05-30T20:00:00+00:00	191
1810.HK	2022-05-31	2022-05-31T20:00:00+00:00	192
1810.HK	2022-06-01	2022-06-01T20:00:00+00:00	193
1810.HK	2022-06-02	2022-06-03T20:00:00+00:00	195
1810.HK	2022-06-06	2022-06-06T20:00:00+00:00	195
1810.HK	2022-06-07	2022-06-07T20:00:00+00:00	196
1810.HK	2022-06-08	2022-06-08T20:00:00+00:00	197
1810.HK	2022-06-09	2022-06-09T20:00:00+00:00	198
1810.HK	2022-06-10	2022-06-10T20:00:00+00:00	199
INFY	2022-02-18	2022-02-22T08:30:00+00:00	124
INFY	2022-02-22	2022-02-23T08:30:00+00:00	125
INFY	2022-02-23	2022-02-24T08:30:00+00:00	126
INFY	2022-02-24	2022-02-25T08:30:00+00:00	127
INFY	2022-02-25	2022-02-28T08:30:00+00:00	128
INFY	2022-02-28	2022-03-01T08:30:00+00:00	129
INFY	2022-03-01	2022-03-02T08:30:00+00:00	130
INFY	2022-03-02	2022-03-03T08:30:00+00:00	131
INFY	2022-03-03	2022-03-04T08:30:00+00:00	132
INFY	2022-03-04	2022-03-07T08:30:00+00:00	133
INFY	2022-03-07	2022-03-08T08:30:00+00:00	134
INFY	2022-03-08	2022-03-09T08:30:00+00:00	135
INFY	2022-03-09	2022-03-10T08:30:00+00:00	136
INFY	2022-03-10	2022-03-11T08:30:00+00:00	137
INFY	2022-03-11	2022-03-14T08:30:00+00:00	138
INFY	2022-03-14	2022-03-15T08:30:00+00:00	139
INFY	2022-03-15	2022-03-16T08:30:00+00:00	140
INFY	2022-03-16	2022-03-17T08:30:00+00:00	141
INFY	2022-03-17	2022-03-18T08:30:00+00:00	142
INFY	2022-03-18	2022-03-21T08:30:00+00:00	143
INFY	2022-03-21	2022-03-22T08:30:00+00:00	144
INFY	2022-03-22	2022-03-23T08:30:00+00:00	145
INFY	2022-03-23	2022-03-24T08:30:00+00:00	146
INFY	2022-03-24	2022-03-25T08:30:00+00:00	147
INFY	2022-03-25	2022-03-28T07:30:00+00:00	148
INFY	2022-03-28	2022-03-29T07:30:00+00:00	149
INFY	2022-03-29	2022-03-30T07:30:00+00:00	150
INFY	2022-03-30	2022-03-31T07:30:00+00:00	151
INFY	2022-03-31	2022-04-01T07:30:00+00:00	152
INFY	2022-04-01	2022-04-04T07:30:00+00:00	153
INFY	2022-04-04	2022-04-05T07:30:00+00:00	154
INFY	2022-04-05	2022-04-06T07:30:00+00:00	155
INFY	2022-04-06	2022-04-07T07:30:00+00:00	156
INFY	2022-04-07	2022-04-08T07:30:00+00:00	157
INFY	2022-04-08	2022-04-11T07:30:00+00:00	158
INFY	2022-04-11	2022-04-12T07:30:00+00:00	159
INFY	2022-04-12	2022-04-13T07:30:00+00:00	160
INFY	2022-04-13	2022-04-14T07:30:00+00:00	161
INFY	2022-04-14	2022-04-18T07:30:00+00:00	162
INFY	2022-04-18	2022-04-19T07:30:00+00:00	162
INFY	2022-04-19	2022-04-20T07:30:00+00:00	163
INFY	2022-04-20	2022-04-21T07:30:00+00:00	164
INFY	2022-04-21	2022-04-22T07:30:00+00:00	165
INFY	2022-04-22	2022-04-25T07:30:00+00:00	166
INFY	2022-04-25	2022-04-26T07:30:00+00:00	167
INFY	2022-04-26	2022-04-27T07:30:00+00:00	168
INFY	2022-04-27	2022-04-28T07:30:00+00:00	169
INFY	2022-04-28	2022-04-29T07:30:00+00:00	170
INFY	2022-04-29	2022-05-02T07:30:00+00:00	171
INFY	2022-05-02	2022-05-03T07:30:00+00:00	172
INFY	2022-05-03	2022-05-04T07:30:00+00:00	173
INFY	2022-05-04	2022-05-05T07:30:00+00:00	174
INFY	2022-05-05	2022-05-06T07:30:00+00:00	175
INFY	2022-05-06	2022-05-09T07:30:00+00:00	176
INFY	2022-05-09	2022-05-10T07:30:00+00:00	177
INFY	2022-05-10	2022-05-11T07:30:00+00:00	178
INFY	2022-05-11	2022-05-12T07:30:00+00:00	179
INFY	2022-05-12	2022-05-13T07:30:00+00:00	180
INFY	2022-05-13	2022-05-16T07:30:00+00:00	181
INFY	2022-05-16	2022-05-17T07:30:00+00:00	182
INFY	2022-05-17	2022-05-18T07:30:00+00:00	183
INFY	2022-05-18	2022-05-19T07:30:00+00:00	184
INFY	2022-05-19	2022-05-20T07:30:00+00:00	185
INFY	2022-05-20	2022-05-23T07:30:00+00:00	186
INFY	2022-05-23	2022-05-24T07:30:00+00:00	187
INFY	2022-05-24	2022-05-25T07:30:00+00:00	188
INFY	2022-05-25	2022-05-26T07:30:00+00:00	189
INFY	2022-05-26	2022-05-27T07:30:00+00:00	189
INFY	2022-05-27	2022-05-31T07:30:00+00:00	191
INFY	2022-05-31	2022-06-01T07:30:00+00:00	192
INFY	2022-06-01	2022-06-02T07:30:00+00:00	193
INFY	2022-06-02	2022-06-03T07:30:00+00:00	194
INFY	2022-06-03	2022-06-06T07:30:00+00:00	195
INFY	2022-06-06	2022-06-07T07:30:00+00:00	195
INFY	2022-06-07	2022-06-08T07:30:00+00:00	196
INFY	2022-06-08	2022-06-09T07:30:00+00:00	197
INFY	2022-06-09	2022-06-10T07:30:00+00:00	198
INFY	2022-06-10	2022-06-13T07:30:00+00:00	199
EUNL.DE	2022-02-16	2022-02-17T07:00:00+00:00	121
EUNL.DE	2022-02-17	2022-02-18T07:00:00+00:00	122
EUNL.DE	2022-02-18	2022-02-21T07:00:00+00:00	123
EUNL.DE	2022-02-21	2022-02-22T07:00:00+00:00	124
EUNL.DE	2022-02-22	2022-02-23T07:00:00+00:00	125
EUNL.DE	2022-02-23	2022-02-24T07:00:00+00:00	126
EUNL.DE	2022-02-24	2022-02-25T07:00:00+00:00	127
EUNL.DE	2022-02-25	2022-02-28T07:00:00+00:00	128
EUNL.DE	2022-02-28	2022-03-01T07:00:00+00:00	129
EUNL.DE	2022-03-01	2022-03-02T07:00:00+00:00	130
EUNL.DE	2022-03-02	2022-03-03T07:00:00+00:00	131
EUNL.DE	2022-03-03	2022-03-04T07:00:00+00:00	132
EUNL.DE	2022-03-04	2022-03-07T07:00:00+00:00	133
EUNL.DE	2022-03-07	2022-03-08T07:00:00+00:00	134
EUNL.DE	2022-03-08	2022-03-09T07:00:00+00:00	135
EUNL.DE	2022-03-09	2022-03-10T07:00:00+00:00	136
EUNL.DE	2022-03-10	2022-03-11T07:00:00+00:00	137
EUNL.DE	2022-03-11	2022-03-14T07:00:00+00:00	138
EUNL.DE	2022-03-14	2022-03-15T07:00:00+00:00	139
EUNL.DE	2022-03-15	2022-03-16T07:00:00+00:00	140
EUNL.DE	2022-03-16	2022-03-17T07:00:00+00:00	141
EUNL.DE	2022-03-17	2022-03-18T07:00:00+00:00	142
EUNL.DE	2022-03-18	2022-03-21T07:00:00+00:00	143
EUNL.DE	2022-03-21	2022-03-22T07:00:00+00:00	144
EUNL.DE	2022-03-22	2022-03-23T07:00:00+00:00	145
EUNL.DE	2022-03-23	2022-03-24T07:00:00+00:00	146
EUNL.DE	2022-03-24	2022-03-25T07:00:00+00:00	147
EUNL.DE	2022-03-25	2022-03-28T06:00:00+00:00	148
EUNL.DE	2022-03-28	2022-03-29T06:00:00+00:00	149
EUNL.DE	2022-03-29	2022-03-30T06:00:00+00:00	150
EUNL.DE	2022-03-30	2022-03-31T06:00:00+00:00	151
EUNL.DE	2022-03-31	2022-04-01T06:00:00+00:00	152
EUNL.DE	2022-04-01	2022-04-04T06:00:00+00:00	153
EUNL.DE	2022-04-04	2022-04-05T06:00:00+00:00	154
EUNL.DE	2022-04-05	2022-04-06T06:00:00+00:00	155
EUNL.DE	2022-04-06	2022-04-07T06:00:00+00:00	156
EUNL.DE	2022-04-07	2022-04-08T06:00:00+00:00	157
EUNL.DE	2022-04-08	2022-04-11T06:00:00+00:00	158
EUNL.DE	2022-04-11	2022-04-12T06:00:00+00:00	159
EUNL.DE	2022-04-12	2022-04-13T06:00:00+00:00	160
EUNL.DE	2022-04-13	2022-04-14T06:00:00+00:00	161
EUNL.DE	2022-04-14	2022-04-19T06:00:00+00:00	162
EUNL.DE	2022-04-19	2022-04-20T06:00:00+00:00	163
EUNL.DE	2022-04-20	2022-04-21T06:00:00+00:00	164
EUNL.DE	2022-04-21	2022-04-22T06:00:00+00:00	165
EUNL.DE	2022-04-22	2022-04-25T06:00:00+00:00	166
EUNL.DE	2022-04-25	2022-04-26T06:00:00+00:00	167
EUNL.DE	2022-04-26	2022-04-27T06:00:00+00:00	168
EUNL.DE	2022-04-27	2022-04-28T06:00:00+00:00	169
EUNL.DE	2022-04-28	2022-04-29T06:00:00+00:00	170
EUNL.DE	2022-04-29	2022-05-02T06:00:00+00:00	171
EUNL.DE	2022-05-02	2022-05-03T06:00:00+00:00	172
EUNL.DE	2022-05-03	2022-05-04T06:00:00+00:00	173
EUNL.DE	2022-05-04	2022-05-05T06:00:00+00:00	174
EUNL.DE	2022-05-05	2022-05-06T06:00:00+00:00	175
EUNL.DE	2022-05-06	2022-05-09T06:00:00+00:00	176
EUNL.DE	2022-05-09	2022-05-10T06:00:00+00:00	177
EUNL.DE	2022-05-10	2022-05-11T06:00:00+00:00	178
EUNL.DE	2022-05-11	2022-05-12T06:00:00+00:00	179
EUNL.DE	2022-05-12	2022-05-13T06:00:00+00:00	180
EUNL.DE	2022-05-13	2022-05-16T06:00:00+00:00	181
EUNL.DE	2022-05-16	2022-05-17T06:00:00+00:00	182
EUNL.DE	2022-05-17	2022-05-18T06:00:00+00:00	183
EUNL.DE	2022-05-18	2022-05-19T06:00:00+00:00	184
EUNL.DE	2022-05-19	2022-05-20T06:00:00+00:00	185
EUNL.DE	2022-05-20	2022-05-23T06:00:00+00:00	186
EUNL.DE	2022-05-23	2022-05-24T06:00:00+00:00	187
EUNL.DE	2022-05-24	2022-05-25T06:00:00+00:00	188
EUNL.DE	2022-05-25	2022-05-26T06:00:00+00:00	189
EUNL.DE	2022-05-26	2022-05-27T06:00:00+00:00	189
EUNL.DE	2022-05-27	2022-05-30T06:00:00+00:00	190
EUNL.DE	2022-05-30	2022-05-31T06:00:00+00:00	191
EUNL.DE	2022-05-31	2022-06-01T06:00:00+00:00	192
EUNL.DE	2022-06-01	2022-06-02T06:00:00+00:00	193
EUNL.DE	2022-06-02	2022-06-03T06:00:00+00:00	194
EUNL.DE	2022-06-03	2022-06-06T06:00:00+00:00	195
EUNL.DE	2022-06-06	2022-06-07T06:00:00+00:00	195
EUNL.DE	2022-06-07	2022-06-08T06:00:00+00:00	196
EUNL.DE	2022-06-08	2022-06-09T06:00:00+00:00	197
EUNL.DE	2022-06-09	2022-06-10T06:00:00+00:00	198
EUNL.DE	2022-06-10	2022-06-13T06:00:00+00:00	199
SXR8.DE	2022-02-16	2022-02-17T07:00:00+00:00	121
SXR8.DE	2022-02-17	2022-02-18T07:00:00+00:00	122
SXR8.DE	2022-02-18	2022-02-21T07:00:00+00:00	123
SXR8.DE	2022-02-21	2022-02-22T07:00:00+00:00	124
SXR8.DE	2022-02-22	2022-02-23T07:00:00+00:00	125
SXR8.DE	2022-02-23	2022-02-24T07:00:00+00:00	126
SXR8.DE	2022-02-24	2022-02-25T07:00:00+00:00	127
SXR8.DE	2022-02-25	2022-02-28T07:00:00+00:00	128
SXR8.DE	2022-02-28	2022-03-01T07:00:00+00:00	129
SXR8.DE	2022-03-01	2022-03-02T07:00:00+00:00	130
SXR8.DE	2022-03-02	2022-03-03T07:00:00+00:00	131
SXR8.DE	2022-03-03	2022-03-04T07:00:00+00:00	132
SXR8.DE	2022-03-04	2022-03-07T07:00:00+00:00	133
SXR8.DE	2022-03-07	2022-03-08T07:00:00+00:00	134
SXR8.DE	2022-03-08	2022-03-09T07:00:00+00:00	135
SXR8.DE	2022-03-09	2022-03-10T07:00:00+00:00	136
SXR8.DE	2022-03-10	2022-03-11T07:00:00+00:00	137
SXR8.DE	2022-03-11	2022-03-14T07:00:00+00:00	138
SXR8.DE	2022-03-14	2022-03-15T07:00:00+00:00	139
SXR8.DE	2022-03-15	2022-03-16T07:00:00+00:00	140
SXR8.DE	2022-03-16	2022-03-17T07:00:00+00:00	141
SXR8.DE	2022-03-17	2022-03-18T07:00:00+00:00	142
SXR8.DE	2022-03-18	2022-03-21T07:00:00+00:00	143
SXR8.DE	2022-03-21	2022-03-22T07:00:00+00:00	144
SXR8.DE	2022-03-22	2022-03-23T07:00:00+00:00	145
SXR8.DE	2022-03-23	2022-03-24T07:00:00+00:00	146
SXR8.DE	2022-03-24	2022-03-25T07:00:00+00:00	147
SXR8.DE	2022-03-25	2022-03-28T06:00:00+00:00	148
SXR8.DE	2022-03-28	2022-03-29T06:00:00+00:00	149
SXR8.DE	2022-03-29	2022-03-30T06:00:00+00:00	150
SXR8.DE	2022-03-30	2022-03-31T06:00:00+00:00	151
SXR8.DE	2022-03-31	2022-04-01T06:00:00+00:00	152
SXR8.DE	2022-04-01	2022-04-04T06:00:00+00:00	153
SXR8.DE	2022-04-04	2022-04-05T06:00:00+00:00	154
SXR8.DE	2022-04-05	2022-04-06T06:00:00+00:00	155
SXR8.DE	2022-04-06	2022-04-07T06:00:00+00:00	156
SXR8.DE	2022-04-07	2022-04-08T06:00:00+00:00	157
SXR8.DE	2022-04-08	2022-04-11T06:00:00+00:00	158
SXR8.DE	2022-04-11	2022-04-12T06:00:00+00:00	159
SXR8.DE	2022-04-12	2022-04-13T06:00:00+00:00	160
SXR8.DE	2022-04-13	2022-04-14T06:00:00+00:00	161
SXR8.DE	2022-04-14	2022-04-19T06:00:00+00:00	162
SXR8.DE	2022-04-19	2022-04-20T06:00:00+00:00	163
SXR8.DE	2022-04-20	2022-04-21T06:00:00+00:00	164
SXR8.DE	2022-04-21	2022-04-22T06:00:00+00:00	165
SXR8.DE	2022-04-22	2022-04-25T06:00:00+00:00	166
SXR8.DE	2022-04-25	2022-04-26T06:00:00+00:00	167
SXR8.DE	2022-04-26	2022-04-27T06:00:00+00:00	168
SXR8.DE	2022-04-27	2022-04-28T06:00:00+00:00	169
SXR8.DE	2022-04-28	2022-04-29T06:00:00+00:00	170
SXR8.DE	2022-04-29	2022-05-02T06:00:00+00:00	171
SXR8.DE	2022-05-02	2022-05-03T06:00:00+00:00	172
SXR8.DE	2022-05-03	2022-05-04T06:00:00+00:00	173
SXR8.DE	2022-05-04	2022-05-05T06:00:00+00:00	174
SXR8.DE	2022-05-05	2022-05-06T06:00:00+00:00	175
SXR8.DE	2022-05-06	2022-05-09T06:00:00+00:00	176
SXR8.DE	2022-05-09	2022-05-10T06:00:00+00:00	177
SXR8.DE	2022-05-10	2022-05-11T06:00:00+00:00	178
SXR8.DE	2022-05-11	2022-05-12T06:00:00+00:00	179
SXR8.DE	2022-05-12	2022-05-13T06:00:00+00:00	180
SXR8.DE	2022-05-13	2022-05-16T06:00:00+00:00	181
SXR8.DE	2022-05-16	2022-05-17T06:00:00+00:00	182
SXR8.DE	2022-05-17	2022-05-18T06:00:00+00:00	183
SXR8.DE	2022-05-18	2022-05-19T06:00:00+00:00	184
SXR8.DE	2022-05-19	2022-05-20T06:00:00+00:00	185
SXR8.DE	2022-05-20	2022-05-23T06:00:00+00:00	186
SXR8.DE	2022-05-23	2022-05-24T06:00:00+00:00	187
SXR8.DE	2022-05-24	2022-05-25T06:00:00+00:00	188
SXR8.DE	2022-05-25	2022-05-26T06:00:00+00:00	189
SXR8.DE	2022-05-26	2022-05-27T06:00:00+00:00	189
SXR8.DE	2022-05-27	2022-05-30T06:00:00+00:00	190
SXR8.DE	2022-05-30	2022-05-31T06:00:00+00:00	191
SXR8.DE	2022-05-31	2022-06-01T06:00:00+00:00	192
SXR8.DE	2022-06-01	2022-06-02T06:00:00+00:00	193
SXR8.DE	2022-06-02	2022-06-03T06:00:00+00:00	194
SXR8.DE	2022-06-03	2022-06-06T06:00:00+00:00	195
SXR8.DE	2022-06-06	2022-06-07T06:00:00+00:00	195
SXR8.DE	2022-06-07	2022-06-08T06:00:00+00:00	196
SXR8.DE	2022-06-08	2022-06-09T06:00:00+00:00	197
SXR8.DE	2022-06-09	2022-06-10T06:00:00+00:00	198
SXR8.DE	2022-06-10	2022-06-13T06:00:00+00:00	199
EQQQ.DE	2022-02-16	2022-02-17T07:00:00+00:00	121
EQQQ.DE	2022-02-17	2022-02-18T07:00:00+00:00	122
EQQQ.DE	2022-02-18	2022-02-21T07:00:00+00:00	123
EQQQ.DE	2022-02-21	2022-02-22T07:00:00+00:00	124
EQQQ.DE	2022-02-22	2022-02-23T07:00:00+00:00	125
EQQQ.DE	2022-02-23	2022-02-24T07:00:00+00:00	126
EQQQ.DE	2022-02-24	2022-02-25T07:00:00+00:00	127
EQQQ.DE	2022-02-25	2022-02-28T07:00:00+00:00	128
EQQQ.DE	2022-02-28	2022-03-01T07:00:00+00:00	129
EQQQ.DE	2022-03-01	2022-03-02T07:00:00+00:00	130
EQQQ.DE	2022-03-02	2022-03-03T07:00:00+00:00	131
EQQQ.DE	2022-03-03	2022-03-04T07:00:00+00:00	132
EQQQ.DE	2022-03-04	2022-03-07T07:00:00+00:00	133
EQQQ.DE	2022-03-07	2022-03-08T07:00:00+00:00	134
EQQQ.DE	2022-03-08	2022-03-09T07:00:00+00:00	135
EQQQ.DE	2022-03-09	2022-03-10T07:00:00+00:00	136
EQQQ.DE	2022-03-10	2022-03-11T07:00:00+00:00	137
EQQQ.DE	2022-03-11	2022-03-14T07:00:00+00:00	138
EQQQ.DE	2022-03-14	2022-03-15T07:00:00+00:00	139
EQQQ.DE	2022-03-15	2022-03-16T07:00:00+00:00	140
EQQQ.DE	2022-03-16	2022-03-17T07:00:00+00:00	141
EQQQ.DE	2022-03-17	2022-03-18T07:00:00+00:00	142
EQQQ.DE	2022-03-18	2022-03-21T07:00:00+00:00	143
EQQQ.DE	2022-03-21	2022-03-22T07:00:00+00:00	144
EQQQ.DE	2022-03-22	2022-03-23T07:00:00+00:00	145
EQQQ.DE	2022-03-23	2022-03-24T07:00:00+00:00	146
EQQQ.DE	2022-03-24	2022-03-25T07:00:00+00:00	147
EQQQ.DE	2022-03-25	2022-03-28T06:00:00+00:00	148
EQQQ.DE	2022-03-28	2022-03-29T06:00:00+00:00	149
EQQQ.DE	2022-03-29	2022-03-30T06:00:00+00:00	150
EQQQ.DE	2022-03-30	2022-03-31T06:00:00+00:00	151
EQQQ.DE	2022-03-31	2022-04-01T06:00:00+00:00	152
EQQQ.DE	2022-04-01	2022-04-04T06:00:00+00:00	153
EQQQ.DE	2022-04-04	2022-04-05T06:00:00+00:00	154
EQQQ.DE	2022-04-05	2022-04-06T06:00:00+00:00	155
EQQQ.DE	2022-04-06	2022-04-07T06:00:00+00:00	156
EQQQ.DE	2022-04-07	2022-04-08T06:00:00+00:00	157
EQQQ.DE	2022-04-08	2022-04-11T06:00:00+00:00	158
EQQQ.DE	2022-04-11	2022-04-12T06:00:00+00:00	159
EQQQ.DE	2022-04-12	2022-04-13T06:00:00+00:00	160
EQQQ.DE	2022-04-13	2022-04-14T06:00:00+00:00	161
EQQQ.DE	2022-04-14	2022-04-19T06:00:00+00:00	162
EQQQ.DE	2022-04-19	2022-04-20T06:00:00+00:00	163
EQQQ.DE	2022-04-20	2022-04-21T06:00:00+00:00	164
EQQQ.DE	2022-04-21	2022-04-22T06:00:00+00:00	165
EQQQ.DE	2022-04-22	2022-04-25T06:00:00+00:00	166
EQQQ.DE	2022-04-25	2022-04-26T06:00:00+00:00	167
EQQQ.DE	2022-04-26	2022-04-27T06:00:00+00:00	168
EQQQ.DE	2022-04-27	2022-04-28T06:00:00+00:00	169
EQQQ.DE	2022-04-28	2022-04-29T06:00:00+00:00	170
EQQQ.DE	2022-04-29	2022-05-02T06:00:00+00:00	171
EQQQ.DE	2022-05-02	2022-05-03T06:00:00+00:00	172
EQQQ.DE	2022-05-03	2022-05-04T06:00:00+00:00	173
EQQQ.DE	2022-05-04	2022-05-05T06:00:00+00:00	174
EQQQ.DE	2022-05-05	2022-05-06T06:00:00+00:00	175
EQQQ.DE	2022-05-06	2022-05-09T06:00:00+00:00	176
EQQQ.DE	2022-05-09	2022-05-10T06:00:00+00:00	177
EQQQ.DE	2022-05-10	2022-05-11T06:00:00+00:00	178
EQQQ.DE	2022-05-11	2022-05-12T06:00:00+00:00	179
EQQQ.DE	2022-05-12	2022-05-13T06:00:00+00:00	180
EQQQ.DE	2022-05-13	2022-05-16T06:00:00+00:00	181
EQQQ.DE	2022-05-16	2022-05-17T06:00:00+00:00	182
EQQQ.DE	2022-05-17	2022-05-18T06:00:00+00:00	183
EQQQ.DE	2022-05-18	2022-05-19T06:00:00+00:00	184
EQQQ.DE	2022-05-19	2022-05-20T06:00:00+00:00	185
EQQQ.DE	2022-05-20	2022-05-23T06:00:00+00:00	186
EQQQ.DE	2022-05-23	2022-05-24T06:00:00+00:00	187
EQQQ.DE	2022-05-24	2022-05-25T06:00:00+00:00	188
EQQQ.DE	2022-05-25	2022-05-26T06:00:00+00:00	189
EQQQ.DE	2022-05-26	2022-05-27T06:00:00+00:00	189
EQQQ.DE	2022-05-27	2022-05-30T06:00:00+00:00	190
EQQQ.DE	2022-05-30	2022-05-31T06:00:00+00:00	191
EQQQ.DE	2022-05-31	2022-06-01T06:00:00+00:00	192
EQQQ.DE	2022-06-01	2022-06-02T06:00:00+00:00	193
EQQQ.DE	2022-06-02	2022-06-03T06:00:00+00:00	194
EQQQ.DE	2022-06-03	2022-06-06T06:00:00+00:00	195
EQQQ.DE	2022-06-06	2022-06-07T06:00:00+00:00	195
EQQQ.DE	2022-06-07	2022-06-08T06:00:00+00:00	196
EQQQ.DE	2022-06-08	2022-06-09T06:00:00+00:00	197
EQQQ.DE	2022-06-09	2022-06-10T06:00:00+00:00	198
EQQQ.DE	2022-06-10	2022-06-13T06:00:00+00:00	199
EXSA.DE	2022-02-16	2022-02-17T07:00:00+00:00	121
EXSA.DE	2022-02-17	2022-02-18T07:00:00+00:00	122
EXSA.DE	2022-02-18	2022-02-21T07:00:00+00:00	123
EXSA.DE	2022-02-21	2022-02-22T07:00:00+00:00	124
EXSA.DE	2022-02-22	2022-02-23T07:00:00+00:00	125
EXSA.DE	2022-02-23	2022-02-24T07:00:00+00:00	126
EXSA.DE	2022-02-24	2022-02-25T07:00:00+00:00	127
EXSA.DE	2022-02-25	2022-02-28T07:00:00+00:00	128
EXSA.DE	2022-02-28	2022-03-01T07:00:00+00:00	129
EXSA.DE	2022-03-01	2022-03-02T07:00:00+00:00	130
EXSA.DE	2022-03-02	2022-03-03T07:00:00+00:00	131
EXSA.DE	2022-03-03	2022-03-04T07:00:00+00:00	132
EXSA.DE	2022-03-04	2022-03-07T07:00:00+00:00	133
EXSA.DE	2022-03-07	2022-03-08T07:00:00+00:00	134
EXSA.DE	2022-03-08	2022-03-09T07:00:00+00:00	135
EXSA.DE	2022-03-09	2022-03-10T07:00:00+00:00	136
EXSA.DE	2022-03-10	2022-03-11T07:00:00+00:00	137
EXSA.DE	2022-03-11	2022-03-14T07:00:00+00:00	138
EXSA.DE	2022-03-14	2022-03-15T07:00:00+00:00	139
EXSA.DE	2022-03-15	2022-03-16T07:00:00+00:00	140
EXSA.DE	2022-03-16	2022-03-17T07:00:00+00:00	141
EXSA.DE	2022-03-17	2022-03-18T07:00:00+00:00	142
EXSA.DE	2022-03-18	2022-03-21T07:00:00+00:00	143
EXSA.DE	2022-03-21	2022-03-22T07:00:00+00:00	144
EXSA.DE	2022-03-22	2022-03-23T07:00:00+00:00	145
EXSA.DE	2022-03-23	2022-03-24T07:00:00+00:00	146
EXSA.DE	2022-03-24	2022-03-25T07:00:00+00:00	147
EXSA.DE	2022-03-25	2022-03-28T06:00:00+00:00	148
EXSA.DE	2022-03-28	2022-03-29T06:00:00+00:00	149
EXSA.DE	2022-03-29	2022-03-30T06:00:00+00:00	150
EXSA.DE	2022-03-30	2022-03-31T06:00:00+00:00	151
EXSA.DE	2022-03-31	2022-04-01T06:00:00+00:00	152
EXSA.DE	2022-04-01	2022-04-04T06:00:00+00:00	153
EXSA.DE	2022-04-04	2022-04-05T06:00:00+00:00	154
EXSA.DE	2022-04-05	2022-04-06T06:00:00+00:00	155
EXSA.DE	2022-04-06	2022-04-07T06:00:00+00:00	156
EXSA.DE	2022-04-07	2022-04-08T06:00:00+00:00	157
EXSA.DE	2022-04-08	2022-04-11T06:00:00+00:00	158
EXSA.DE	2022-04-11	2022-04-12T06:00:00+00:00	159
EXSA.DE	2022-04-12	2022-04-13T06:00:00+00:00	160
EXSA.DE	2022-04-13	2022-04-14T06:00:00+00:00	161
EXSA.DE	2022-04-14	2022-04-19T06:00:00+00:00	162
EXSA.DE	2022-04-19	2022-04-20T06:00:00+00:00	163
EXSA.DE	2022-04-20	2022-04-21T06:00:00+00:00	164
EXSA.DE	2022-04-21	2022-04-22T06:00:00+00:00	165
EXSA.DE	2022-04-22	2022-04-25T06:00:00+00:00	166
EXSA.DE	2022-04-25	2022-04-26T06:00:00+00:00	167
EXSA.DE	2022-04-26	2022-04-27T06:00:00+00:00	168
EXSA.DE	2022-04-27	2022-04-28T06:00:00+00:00	169
EXSA.DE	2022-04-28	2022-04-29T06:00:00+00:00	170
EXSA.DE	2022-04-29	2022-05-02T06:00:00+00:00	171
EXSA.DE	2022-05-02	2022-05-03T06:00:00+00:00	172
EXSA.DE	2022-05-03	2022-05-04T06:00:00+00:00	173
EXSA.DE	2022-05-04	2022-05-05T06:00:00+00:00	174
EXSA.DE	2022-05-05	2022-05-06T06:00:00+00:00	175
EXSA.DE	2022-05-06	2022-05-09T06:00:00+00:00	176
EXSA.DE	2022-05-09	2022-05-10T06:00:00+00:00	177
EXSA.DE	2022-05-10	2022-05-11T06:00:00+00:00	178
EXSA.DE	2022-05-11	2022-05-12T06:00:00+00:00	179
EXSA.DE	2022-05-12	2022-05-13T06:00:00+00:00	180
EXSA.DE	2022-05-13	2022-05-16T06:00:00+00:00	181
EXSA.DE	2022-05-16	2022-05-17T06:00:00+00:00	182
EXSA.DE	2022-05-17	2022-05-18T06:00:00+00:00	183
EXSA.DE	2022-05-18	2022-05-19T06:00:00+00:00	184
EXSA.DE	2022-05-19	2022-05-20T06:00:00+00:00	185
EXSA.DE	2022-05-20	2022-05-23T06:00:00+00:00	186
EXSA.DE	2022-05-23	2022-05-24T06:00:00+00:00	187
EXSA.DE	2022-05-24	2022-05-25T06:00:00+00:00	188
EXSA.DE	2022-05-25	2022-05-26T06:00:00+00:00	189
EXSA.DE	2022-05-26	2022-05-27T06:00:00+00:00	189
EXSA.DE	2022-05-27	2022-05-30T06:00:00+00:00	190
EXSA.DE	2022-05-30	2022-05-31T06:00:00+00:00	191
EXSA.DE	2022-05-31	2022-06-01T06:00:00+00:00	192
EXSA.DE	2022-06-01	2022-06-02T06:00:00+00:00	193
EXSA.DE	2022-06-02	2022-06-03T06:00:00+00:00	194
EXSA.DE	2022-06-03	2022-06-06T06:00:00+00:00	195
EXSA.DE	2022-06-06	2022-06-07T06:00:00+00:00	195
EXSA.DE	2022-06-07	2022-06-08T06:00:00+00:00	196
EXSA.DE	2022-06-08	2022-06-09T06:00:00+00:00	197
EXSA.DE	2022-06-09	2022-06-10T06:00:00+00:00	198
EXSA.DE	2022-06-10	2022-06-13T06:00:00+00:00	199
IS3N.DE	2022-02-16	2022-02-17T07:00:00+00:00	121
IS3N.DE	2022-02-17	2022-02-18T07:00:00+00:00	122
IS3N.DE	2022-02-18	2022-02-21T07:00:00+00:00	123
IS3N.DE	2022-02-21	2022-02-22T07:00:00+00:00	124
IS3N.DE	2022-02-22	2022-02-23T07:00:00+00:00	125
IS3N.DE	2022-02-23	2022-02-24T07:00:00+00:00	126
IS3N.DE	2022-02-24	2022-02-25T07:00:00+00:00	127
IS3N.DE	2022-02-25	2022-02-28T07:00:00+00:00	128
IS3N.DE	2022-02-28	2022-03-01T07:00:00+00:00	129
IS3N.DE	2022-03-01	2022-03-02T07:00:00+00:00	130
IS3N.DE	2022-03-02	2022-03-03T07:00:00+00:00	131
IS3N.DE	2022-03-03	2022-03-04T07:00:00+00:00	132
IS3N.DE	2022-03-04	2022-03-07T07:00:00+00:00	133
IS3N.DE	2022-03-07	2022-03-08T07:00:00+00:00	134
IS3N.DE	2022-03-08	2022-03-09T07:00:00+00:00	135
IS3N.DE	2022-03-09	2022-03-10T07:00:00+00:00	136
IS3N.DE	2022-03-10	2022-03-11T07:00:00+00:00	137
IS3N.DE	2022-03-11	2022-03-14T07:00:00+00:00	138
IS3N.DE	2022-03-14	2022-03-15T07:00:00+00:00	139
IS3N.DE	2022-03-15	2022-03-16T07:00:00+00:00	140
IS3N.DE	2022-03-16	2022-03-17T07:00:00+00:00	141
IS3N.DE	2022-03-17	2022-03-18T07:00:00+00:00	142
IS3N.DE	2022-03-18	2022-03-21T07:00:00+00:00	143
IS3N.DE	2022-03-21	2022-03-22T07:00:00+00:00	144
IS3N.DE	2022-03-22	2022-03-23T07:00:00+00:00	145
IS3N.DE	2022-03-23	2022-03-24T07:00:00+00:00	146
IS3N.DE	2022-03-24	2022-03-25T07:00:00+00:00	147
IS3N.DE	2022-03-25	2022-03-28T06:00:00+00:00	148
IS3N.DE	2022-03-28	2022-03-29T06:00:00+00:00	149
IS3N.DE	2022-03-29	2022-03-30T06:00:00+00:00	150
IS3N.DE	2022-03-30	2022-03-31T06:00:00+00:00	151
IS3N.DE	2022-03-31	2022-04-01T06:00:00+00:00	152
IS3N.DE	2022-04-01	2022-04-04T06:00:00+00:00	153
IS3N.DE	2022-04-04	2022-04-05T06:00:00+00:00	154
IS3N.DE	2022-04-05	2022-04-06T06:00:00+00:00	155
IS3N.DE	2022-04-06	2022-04-07T06:00:00+00:00	156
IS3N.DE	2022-04-07	2022-04-08T06:00:00+00:00	157
IS3N.DE	2022-04-08	2022-04-11T06:00:00+00:00	158
IS3N.DE	2022-04-11	2022-04-12T06:00:00+00:00	159
IS3N.DE	2022-04-12	2022-04-13T06:00:00+00:00	160
IS3N.DE	2022-04-13	2022-04-14T06:00:00+00:00	161
IS3N.DE	2022-04-14	2022-04-19T06:00:00+00:00	162
IS3N.DE	2022-04-19	2022-04-20T06:00:00+00:00	163
IS3N.DE	2022-04-20	2022-04-21T06:00:00+00:00	164
IS3N.DE	2022-04-21	2022-04-22T06:00:00+00:00	165
IS3N.DE	2022-04-22	2022-04-25T06:00:00+00:00	166
IS3N.DE	2022-04-25	2022-04-26T06:00:00+00:00	167
IS3N.DE	2022-04-26	2022-04-27T06:00:00+00:00	168
IS3N.DE	2022-04-27	2022-04-28T06:00:00+00:00	169
IS3N.DE	2022-04-28	2022-04-29T06:00:00+00:00	170
IS3N.DE	2022-04-29	2022-05-02T06:00:00+00:00	171
IS3N.DE	2022-05-02	2022-05-03T06:00:00+00:00	172
IS3N.DE	2022-05-03	2022-05-04T06:00:00+00:00	173
IS3N.DE	2022-05-04	2022-05-05T06:00:00+00:00	174
IS3N.DE	2022-05-05	2022-05-06T06:00:00+00:00	175
IS3N.DE	2022-05-06	2022-05-09T06:00:00+00:00	176
IS3N.DE	2022-05-09	2022-05-10T06:00:00+00:00	177
IS3N.DE	2022-05-10	2022-05-11T06:00:00+00:00	178
IS3N.DE	2022-05-11	2022-05-12T06:00:00+00:00	179
IS3N.DE	2022-05-12	2022-05-13T06:00:00+00:00	180
IS3N.DE	2022-05-13	2022-05-16T06:00:00+00:00	181
IS3N.DE	2022-05-16	2022-05-17T06:00:00+00:00	182
IS3N.DE	2022-05-17	2022-05-18T06:00:00+00:00	183
IS3N.DE	2022-05-18	2022-05-19T06:00:00+00:00	184
IS3N.DE	2022-05-19	2022-05-20T06:00:00+00:00	185
IS3N.DE	2022-05-20	2022-05-23T06:00:00+00:00	186
IS3N.DE	2022-05-23	2022-05-24T06:00:00+00:00	187
IS3N.DE	2022-05-24	2022-05-25T06:00:00+00:00	188
IS3N.DE	2022-05-25	2022-05-26T06:00:00+00:00	189
IS3N.DE	2022-05-26	2022-05-27T06:00:00+00:00	189
IS3N.DE	2022-05-27	2022-05-30T06:00:00+00:00	190
IS3N.DE	2022-05-30	2022-05-31T06:00:00+00:00	191
IS3N.DE	2022-05-31	2022-06-01T06:00:00+00:00	192
IS3N.DE	2022-06-01	2022-06-02T06:00:00+00:00	193
IS3N.DE	2022-06-02	2022-06-03T06:00:00+00:00	194
IS3N.DE	2022-06-03	2022-06-06T06:00:00+00:00	195
IS3N.DE	2022-06-06	2022-06-07T06:00:00+00:00	195
IS3N.DE	2022-06-07	2022-06-08T06:00:00+00:00	196
IS3N.DE	2022-06-08	2022-06-09T06:00:00+00:00	197
IS3N.DE	2022-06-09	2022-06-10T06:00:00+00:00	198
IS3N.DE	2022-06-10	2022-06-13T06:00:00+00:00	199
EUNN.DE	2022-02-16	2022-02-17T07:00:00+00:00	121
EUNN.DE	2022-02-17	2022-02-18T07:00:00+00:00	122
EUNN.DE	2022-02-18	2022-02-21T07:00:00+00:00	123
EUNN.DE	2022-02-21	2022-02-22T07:00:00+00:00	124
EUNN.DE	2022-02-22	2022-02-23T07:00:00+00:00	125
EUNN.DE	2022-02-23	2022-02-24T07:00:00+00:00	126
EUNN.DE	2022-02-24	2022-02-25T07:00:00+00:00	127
EUNN.DE	2022-02-25	2022-02-28T07:00:00+00:00	128
EUNN.DE	2022-02-28	2022-03-01T07:00:00+00:00	129
EUNN.DE	2022-03-01	2022-03-02T07:00:00+00:00	130
EUNN.DE	2022-03-02	2022-03-03T07:00:00+00:00	131
EUNN.DE	2022-03-03	2022-03-04T07:00:00+00:00	132
EUNN.DE	2022-03-04	2022-03-07T07:00:00+00:00	133
EUNN.DE	2022-03-07	2022-03-08T07:00:00+00:00	134
EUNN.DE	2022-03-08	2022-03-09T07:00:00+00:00	135
EUNN.DE	2022-03-09	2022-03-10T07:00:00+00:00	136
EUNN.DE	2022-03-10	2022-03-11T07:00:00+00:00	137
EUNN.DE	2022-03-11	2022-03-14T07:00:00+00:00	138
EUNN.DE	2022-03-14	2022-03-15T07:00:00+00:00	139
EUNN.DE	2022-03-15	2022-03-16T07:00:00+00:00	140
EUNN.DE	2022-03-16	2022-03-17T07:00:00+00:00	141
EUNN.DE	2022-03-17	2022-03-18T07:00:00+00:00	142
EUNN.DE	2022-03-18	2022-03-21T07:00:00+00:00	143
EUNN.DE	2022-03-21	2022-03-22T07:00:00+00:00	144
EUNN.DE	2022-03-22	2022-03-23T07:00:00+00:00	145
EUNN.DE	2022-03-23	2022-03-24T07:00:00+00:00	146
EUNN.DE	2022-03-24	2022-03-25T07:00:00+00:00	147
EUNN.DE	2022-03-25	2022-03-28T06:00:00+00:00	148
EUNN.DE	2022-03-28	2022-03-29T06:00:00+00:00	149
EUNN.DE	2022-03-29	2022-03-30T06:00:00+00:00	150
EUNN.DE	2022-03-30	2022-03-31T06:00:00+00:00	151
EUNN.DE	2022-03-31	2022-04-01T06:00:00+00:00	152
EUNN.DE	2022-04-01	2022-04-04T06:00:00+00:00	153
EUNN.DE	2022-04-04	2022-04-05T06:00:00+00:00	154
EUNN.DE	2022-04-05	2022-04-06T06:00:00+00:00	155
EUNN.DE	2022-04-06	2022-04-07T06:00:00+00:00	156
EUNN.DE	2022-04-07	2022-04-08T06:00:00+00:00	157
EUNN.DE	2022-04-08	2022-04-11T06:00:00+00:00	158
EUNN.DE	2022-04-11	2022-04-12T06:00:00+00:00	159
EUNN.DE	2022-04-12	2022-04-13T06:00:00+00:00	160
EUNN.DE	2022-04-13	2022-04-14T06:00:00+00:00	161
EUNN.DE	2022-04-14	2022-04-19T06:00:00+00:00	162
EUNN.DE	2022-04-19	2022-04-20T06:00:00+00:00	163
EUNN.DE	2022-04-20	2022-04-21T06:00:00+00:00	164
EUNN.DE	2022-04-21	2022-04-22T06:00:00+00:00	165
EUNN.DE	2022-04-22	2022-04-25T06:00:00+00:00	166
EUNN.DE	2022-04-25	2022-04-26T06:00:00+00:00	167
EUNN.DE	2022-04-26	2022-04-27T06:00:00+00:00	168
EUNN.DE	2022-04-27	2022-04-28T06:00:00+00:00	169
EUNN.DE	2022-04-28	2022-04-29T06:00:00+00:00	170
EUNN.DE	2022-04-29	2022-05-02T06:00:00+00:00	171
EUNN.DE	2022-05-02	2022-05-03T06:00:00+00:00	172
EUNN.DE	2022-05-03	2022-05-04T06:00:00+00:00	173
EUNN.DE	2022-05-04	2022-05-05T06:00:00+00:00	174
EUNN.DE	2022-05-05	2022-05-06T06:00:00+00:00	175
EUNN.DE	2022-05-06	2022-05-09T06:00:00+00:00	176
EUNN.DE	2022-05-09	2022-05-10T06:00:00+00:00	177
EUNN.DE	2022-05-10	2022-05-11T06:00:00+00:00	178
EUNN.DE	2022-05-11	2022-05-12T06:00:00+00:00	179
EUNN.DE	2022-05-12	2022-05-13T06:00:00+00:00	180
EUNN.DE	2022-05-13	2022-05-16T06:00:00+00:00	181
EUNN.DE	2022-05-16	2022-05-17T06:00:00+00:00	182
EUNN.DE	2022-05-17	2022-05-18T06:00:00+00:00	183
EUNN.DE	2022-05-18	2022-05-19T06:00:00+00:00	184
EUNN.DE	2022-05-19	2022-05-20T06:00:00+00:00	185
EUNN.DE	2022-05-20	2022-05-23T06:00:00+00:00	186
EUNN.DE	2022-05-23	2022-05-24T06:00:00+00:00	187
EUNN.DE	2022-05-24	2022-05-25T06:00:00+00:00	188
EUNN.DE	2022-05-25	2022-05-26T06:00:00+00:00	189
EUNN.DE	2022-05-26	2022-05-27T06:00:00+00:00	189
EUNN.DE	2022-05-27	2022-05-30T06:00:00+00:00	190
EUNN.DE	2022-05-30	2022-05-31T06:00:00+00:00	191
EUNN.DE	2022-05-31	2022-06-01T06:00:00+00:00	192
EUNN.DE	2022-06-01	2022-06-02T06:00:00+00:00	193
EUNN.DE	2022-06-02	2022-06-03T06:00:00+00:00	194
EUNN.DE	2022-06-03	2022-06-06T06:00:00+00:00	195
EUNN.DE	2022-06-06	2022-06-07T06:00:00+00:00	195
EUNN.DE	2022-06-07	2022-06-08T06:00:00+00:00	196
EUNN.DE	2022-06-08	2022-06-09T06:00:00+00:00	197
EUNN.DE	2022-06-09	2022-06-10T06:00:00+00:00	198
EUNN.DE	2022-06-10	2022-06-13T06:00:00+00:00	199
ICGA.DE	2022-02-16	2022-02-17T07:00:00+00:00	121
ICGA.DE	2022-02-17	2022-02-18T07:00:00+00:00	122
ICGA.DE	2022-02-18	2022-02-21T07:00:00+00:00	123
ICGA.DE	2022-02-21	2022-02-22T07:00:00+00:00	124
ICGA.DE	2022-02-22	2022-02-23T07:00:00+00:00	125
ICGA.DE	2022-02-23	2022-02-24T07:00:00+00:00	126
ICGA.DE	2022-02-24	2022-02-25T07:00:00+00:00	127
ICGA.DE	2022-02-25	2022-02-28T07:00:00+00:00	128
ICGA.DE	2022-02-28	2022-03-01T07:00:00+00:00	129
ICGA.DE	2022-03-01	2022-03-02T07:00:00+00:00	130
ICGA.DE	2022-03-02	2022-03-03T07:00:00+00:00	131
ICGA.DE	2022-03-03	2022-03-04T07:00:00+00:00	132
ICGA.DE	2022-03-04	2022-03-07T07:00:00+00:00	133
ICGA.DE	2022-03-07	2022-03-08T07:00:00+00:00	134
ICGA.DE	2022-03-08	2022-03-09T07:00:00+00:00	135
ICGA.DE	2022-03-09	2022-03-10T07:00:00+00:00	136
ICGA.DE	2022-03-10	2022-03-11T07:00:00+00:00	137
ICGA.DE	2022-03-11	2022-03-14T07:00:00+00:00	138
ICGA.DE	2022-03-14	2022-03-15T07:00:00+00:00	139
ICGA.DE	2022-03-15	2022-03-16T07:00:00+00:00	140
ICGA.DE	2022-03-16	2022-03-17T07:00:00+00:00	141
ICGA.DE	2022-03-17	2022-03-18T07:00:00+00:00	142
ICGA.DE	2022-03-18	2022-03-21T07:00:00+00:00	143
ICGA.DE	2022-03-21	2022-03-22T07:00:00+00:00	144
ICGA.DE	2022-03-22	2022-03-23T07:00:00+00:00	145
ICGA.DE	2022-03-23	2022-03-24T07:00:00+00:00	146
ICGA.DE	2022-03-24	2022-03-25T07:00:00+00:00	147
ICGA.DE	2022-03-25	2022-03-28T06:00:00+00:00	148
ICGA.DE	2022-03-28	2022-03-29T06:00:00+00:00	149
ICGA.DE	2022-03-29	2022-03-30T06:00:00+00:00	150
ICGA.DE	2022-03-30	2022-03-31T06:00:00+00:00	151
ICGA.DE	2022-03-31	2022-04-01T06:00:00+00:00	152
ICGA.DE	2022-04-01	2022-04-04T06:00:00+00:00	153
ICGA.DE	2022-04-04	2022-04-05T06:00:00+00:00	154
ICGA.DE	2022-04-05	2022-04-06T06:00:00+00:00	155
ICGA.DE	2022-04-06	2022-04-07T06:00:00+00:00	156
ICGA.DE	2022-04-07	2022-04-08T06:00:00+00:00	157
ICGA.DE	2022-04-08	2022-04-11T06:00:00+00:00	158
ICGA.DE	2022-04-11	2022-04-12T06:00:00+00:00	159
ICGA.DE	2022-04-12	2022-04-13T06:00:00+00:00	160
ICGA.DE	2022-04-13	2022-04-14T06:00:00+00:00	161
ICGA.DE	2022-04-14	2022-04-19T06:00:00+00:00	162
ICGA.DE	2022-04-19	2022-04-20T06:00:00+00:00	163
ICGA.DE	2022-04-20	2022-04-21T06:00:00+00:00	164
ICGA.DE	2022-04-21	2022-04-22T06:00:00+00:00	165
ICGA.DE	2022-04-22	2022-04-25T06:00:00+00:00	166
ICGA.DE	2022-04-25	2022-04-26T06:00:00+00:00	167
ICGA.DE	2022-04-26	2022-04-27T06:00:00+00:00	168
ICGA.DE	2022-04-27	2022-04-28T06:00:00+00:00	169
ICGA.DE	2022-04-28	2022-04-29T06:00:00+00:00	170
ICGA.DE	2022-04-29	2022-05-02T06:00:00+00:00	171
ICGA.DE	2022-05-02	2022-05-03T06:00:00+00:00	172
ICGA.DE	2022-05-03	2022-05-04T06:00:00+00:00	173
ICGA.DE	2022-05-04	2022-05-05T06:00:00+00:00	174
ICGA.DE	2022-05-05	2022-05-06T06:00:00+00:00	175
ICGA.DE	2022-05-06	2022-05-09T06:00:00+00:00	176
ICGA.DE	2022-05-09	2022-05-10T06:00:00+00:00	177
ICGA.DE	2022-05-10	2022-05-11T06:00:00+00:00	178
ICGA.DE	2022-05-11	2022-05-12T06:00:00+00:00	179
ICGA.DE	2022-05-12	2022-05-13T06:00:00+00:00	180
ICGA.DE	2022-05-13	2022-05-16T06:00:00+00:00	181
ICGA.DE	2022-05-16	2022-05-17T06:00:00+00:00	182
ICGA.DE	2022-05-17	2022-05-18T06:00:00+00:00	183
ICGA.DE	2022-05-18	2022-05-19T06:00:00+00:00	184
ICGA.DE	2022-05-19	2022-05-20T06:00:00+00:00	185
ICGA.DE	2022-05-20	2022-05-23T06:00:00+00:00	186
ICGA.DE	2022-05-23	2022-05-24T06:00:00+00:00	187
ICGA.DE	2022-05-24	2022-05-25T06:00:00+00:00	188
ICGA.DE	2022-05-25	2022-05-26T06:00:00+00:00	189
ICGA.DE	2022-05-26	2022-05-27T06:00:00+00:00	189
ICGA.DE	2022-05-27	2022-05-30T06:00:00+00:00	190
ICGA.DE	2022-05-30	2022-05-31T06:00:00+00:00	191
ICGA.DE	2022-05-31	2022-06-01T06:00:00+00:00	192
ICGA.DE	2022-06-01	2022-06-02T06:00:00+00:00	193
ICGA.DE	2022-06-02	2022-06-03T06:00:00+00:00	194
ICGA.DE	2022-06-03	2022-06-06T06:00:00+00:00	195
ICGA.DE	2022-06-06	2022-06-07T06:00:00+00:00	195
ICGA.DE	2022-06-07	2022-06-08T06:00:00+00:00	196
ICGA.DE	2022-06-08	2022-06-09T06:00:00+00:00	197
ICGA.DE	2022-06-09	2022-06-10T06:00:00+00:00	198
ICGA.DE	2022-06-10	2022-06-13T06:00:00+00:00	199
QDV5.DE	2022-02-16	2022-02-17T07:00:00+00:00	121
QDV5.DE	2022-02-17	2022-02-18T07:00:00+00:00	122
QDV5.DE	2022-02-18	2022-02-21T07:00:00+00:00	123
QDV5.DE	2022-02-21	2022-02-22T07:00:00+00:00	124
QDV5.DE	2022-02-22	2022-02-23T07:00:00+00:00	125
QDV5.DE	2022-02-23	2022-02-24T07:00:00+00:00	126
QDV5.DE	2022-02-24	2022-02-25T07:00:00+00:00	127
QDV5.DE	2022-02-25	2022-02-28T07:00:00+00:00	128
QDV5.DE	2022-02-28	2022-03-01T07:00:00+00:00	129
QDV5.DE	2022-03-01	2022-03-02T07:00:00+00:00	130
QDV5.DE	2022-03-02	2022-03-03T07:00:00+00:00	131
QDV5.DE	2022-03-03	2022-03-04T07:00:00+00:00	132
QDV5.DE	2022-03-04	2022-03-07T07:00:00+00:00	133
QDV5.DE	2022-03-07	2022-03-08T07:00:00+00:00	134
QDV5.DE	2022-03-08	2022-03-09T07:00:00+00:00	135
QDV5.DE	2022-03-09	2022-03-10T07:00:00+00:00	136
QDV5.DE	2022-03-10	2022-03-11T07:00:00+00:00	137
QDV5.DE	2022-03-11	2022-03-14T07:00:00+00:00	138
QDV5.DE	2022-03-14	2022-03-15T07:00:00+00:00	139
QDV5.DE	2022-03-15	2022-03-16T07:00:00+00:00	140
QDV5.DE	2022-03-16	2022-03-17T07:00:00+00:00	141
QDV5.DE	2022-03-17	2022-03-18T07:00:00+00:00	142
QDV5.DE	2022-03-18	2022-03-21T07:00:00+00:00	143
QDV5.DE	2022-03-21	2022-03-22T07:00:00+00:00	144
QDV5.DE	2022-03-22	2022-03-23T07:00:00+00:00	145
QDV5.DE	2022-03-23	2022-03-24T07:00:00+00:00	146
QDV5.DE	2022-03-24	2022-03-25T07:00:00+00:00	147
QDV5.DE	2022-03-25	2022-03-28T06:00:00+00:00	148
QDV5.DE	2022-03-28	2022-03-29T06:00:00+00:00	149
QDV5.DE	2022-03-29	2022-03-30T06:00:00+00:00	150
QDV5.DE	2022-03-30	2022-03-31T06:00:00+00:00	151
QDV5.DE	2022-03-31	2022-04-01T06:00:00+00:00	152
QDV5.DE	2022-04-01	2022-04-04T06:00:00+00:00	153
QDV5.DE	2022-04-04	2022-04-05T06:00:00+00:00	154
QDV5.DE	2022-04-05	2022-04-06T06:00:00+00:00	155
QDV5.DE	2022-04-06	2022-04-07T06:00:00+00:00	156
QDV5.DE	2022-04-07	2022-04-08T06:00:00+00:00	157
QDV5.DE	2022-04-08	2022-04-11T06:00:00+00:00	158
QDV5.DE	2022-04-11	2022-04-12T06:00:00+00:00	159
QDV5.DE	2022-04-12	2022-04-13T06:00:00+00:00	160
QDV5.DE	2022-04-13	2022-04-14T06:00:00+00:00	161
QDV5.DE	2022-04-14	2022-04-19T06:00:00+00:00	162
QDV5.DE	2022-04-19	2022-04-20T06:00:00+00:00	163
QDV5.DE	2022-04-20	2022-04-21T06:00:00+00:00	164
QDV5.DE	2022-04-21	2022-04-22T06:00:00+00:00	165
QDV5.DE	2022-04-22	2022-04-25T06:00:00+00:00	166
QDV5.DE	2022-04-25	2022-04-26T06:00:00+00:00	167
QDV5.DE	2022-04-26	2022-04-27T06:00:00+00:00	168
QDV5.DE	2022-04-27	2022-04-28T06:00:00+00:00	169
QDV5.DE	2022-04-28	2022-04-29T06:00:00+00:00	170
QDV5.DE	2022-04-29	2022-05-02T06:00:00+00:00	171
QDV5.DE	2022-05-02	2022-05-03T06:00:00+00:00	172
QDV5.DE	2022-05-03	2022-05-04T06:00:00+00:00	173
QDV5.DE	2022-05-04	2022-05-05T06:00:00+00:00	174
QDV5.DE	2022-05-05	2022-05-06T06:00:00+00:00	175
QDV5.DE	2022-05-06	2022-05-09T06:00:00+00:00	176
QDV5.DE	2022-05-09	2022-05-10T06:00:00+00:00	177
QDV5.DE	2022-05-10	2022-05-11T06:00:00+00:00	178
QDV5.DE	2022-05-11	2022-05-12T06:00:00+00:00	179
QDV5.DE	2022-05-12	2022-05-13T06:00:00+00:00	180
QDV5.DE	2022-05-13	2022-05-16T06:00:00+00:00	181
QDV5.DE	2022-05-16	2022-05-17T06:00:00+00:00	182
QDV5.DE	2022-05-17	2022-05-18T06:00:00+00:00	183
QDV5.DE	2022-05-18	2022-05-19T06:00:00+00:00	184
QDV5.DE	2022-05-19	2022-05-20T06:00:00+00:00	185
QDV5.DE	2022-05-20	2022-05-23T06:00:00+00:00	186
QDV5.DE	2022-05-23	2022-05-24T06:00:00+00:00	187
QDV5.DE	2022-05-24	2022-05-25T06:00:00+00:00	188
QDV5.DE	2022-05-25	2022-05-26T06:00:00+00:00	189
QDV5.DE	2022-05-26	2022-05-27T06:00:00+00:00	189
QDV5.DE	2022-05-27	2022-05-30T06:00:00+00:00	190
QDV5.DE	2022-05-30	2022-05-31T06:00:00+00:00	191
QDV5.DE	2022-05-31	2022-06-01T06:00:00+00:00	192
QDV5.DE	2022-06-01	2022-06-02T06:00:00+00:00	193
QDV5.DE	2022-06-02	2022-06-03T06:00:00+00:00	194
QDV5.DE	2022-06-03	2022-06-06T06:00:00+00:00	195
QDV5.DE	2022-06-06	2022-06-07T06:00:00+00:00	195
QDV5.DE	2022-06-07	2022-06-08T06:00:00+00:00	196
QDV5.DE	2022-06-08	2022-06-09T06:00:00+00:00	197
QDV5.DE	2022-06-09	2022-06-10T06:00:00+00:00	198
QDV5.DE	2022-06-10	2022-06-13T06:00:00+00:00	199
IQQT.DE	2022-02-16	2022-02-17T07:00:00+00:00	121
IQQT.DE	2022-02-17	2022-02-18T07:00:00+00:00	122
IQQT.DE	2022-02-18	2022-02-21T07:00:00+00:00	123
IQQT.DE	2022-02-21	2022-02-22T07:00:00+00:00	124
IQQT.DE	2022-02-22	2022-02-23T07:00:00+00:00	125
IQQT.DE	2022-02-23	2022-02-24T07:00:00+00:00	126
IQQT.DE	2022-02-24	2022-02-25T07:00:00+00:00	127
IQQT.DE	2022-02-25	2022-02-28T07:00:00+00:00	128
IQQT.DE	2022-02-28	2022-03-01T07:00:00+00:00	129
IQQT.DE	2022-03-01	2022-03-02T07:00:00+00:00	130
IQQT.DE	2022-03-02	2022-03-03T07:00:00+00:00	131
IQQT.DE	2022-03-03	2022-03-04T07:00:00+00:00	132
IQQT.DE	2022-03-04	2022-03-07T07:00:00+00:00	133
IQQT.DE	2022-03-07	2022-03-08T07:00:00+00:00	134
IQQT.DE	2022-03-08	2022-03-09T07:00:00+00:00	135
IQQT.DE	2022-03-09	2022-03-10T07:00:00+00:00	136
IQQT.DE	2022-03-10	2022-03-11T07:00:00+00:00	137
IQQT.DE	2022-03-11	2022-03-14T07:00:00+00:00	138
IQQT.DE	2022-03-14	2022-03-15T07:00:00+00:00	139
IQQT.DE	2022-03-15	2022-03-16T07:00:00+00:00	140
IQQT.DE	2022-03-16	2022-03-17T07:00:00+00:00	141
IQQT.DE	2022-03-17	2022-03-18T07:00:00+00:00	142
IQQT.DE	2022-03-18	2022-03-21T07:00:00+00:00	143
IQQT.DE	2022-03-21	2022-03-22T07:00:00+00:00	144
IQQT.DE	2022-03-22	2022-03-23T07:00:00+00:00	145
IQQT.DE	2022-03-23	2022-03-24T07:00:00+00:00	146
IQQT.DE	2022-03-24	2022-03-25T07:00:00+00:00	147
IQQT.DE	2022-03-25	2022-03-28T06:00:00+00:00	148
IQQT.DE	2022-03-28	2022-03-29T06:00:00+00:00	149
IQQT.DE	2022-03-29	2022-03-30T06:00:00+00:00	150
IQQT.DE	2022-03-30	2022-03-31T06:00:00+00:00	151
IQQT.DE	2022-03-31	2022-04-01T06:00:00+00:00	152
IQQT.DE	2022-04-01	2022-04-04T06:00:00+00:00	153
IQQT.DE	2022-04-04	2022-04-05T06:00:00+00:00	154
IQQT.DE	2022-04-05	2022-04-06T06:00:00+00:00	155
IQQT.DE	2022-04-06	2022-04-07T06:00:00+00:00	156
IQQT.DE	2022-04-07	2022-04-08T06:00:00+00:00	157
IQQT.DE	2022-04-08	2022-04-11T06:00:00+00:00	158
IQQT.DE	2022-04-11	2022-04-12T06:00:00+00:00	159
IQQT.DE	2022-04-12	2022-04-13T06:00:00+00:00	160
IQQT.DE	2022-04-13	2022-04-14T06:00:00+00:00	161
IQQT.DE	2022-04-14	2022-04-19T06:00:00+00:00	162
IQQT.DE	2022-04-19	2022-04-20T06:00:00+00:00	163
IQQT.DE	2022-04-20	2022-04-21T06:00:00+00:00	164
IQQT.DE	2022-04-21	2022-04-22T06:00:00+00:00	165
IQQT.DE	2022-04-22	2022-04-25T06:00:00+00:00	166
IQQT.DE	2022-04-25	2022-04-26T06:00:00+00:00	167
IQQT.DE	2022-04-26	2022-04-27T06:00:00+00:00	168
IQQT.DE	2022-04-27	2022-04-28T06:00:00+00:00	169
IQQT.DE	2022-04-28	2022-04-29T06:00:00+00:00	170
IQQT.DE	2022-04-29	2022-05-02T06:00:00+00:00	171
IQQT.DE	2022-05-02	2022-05-03T06:00:00+00:00	172
IQQT.DE	2022-05-03	2022-05-04T06:00:00+00:00	173
IQQT.DE	2022-05-04	2022-05-05T06:00:00+00:00	174
IQQT.DE	2022-05-05	2022-05-06T06:00:00+00:00	175
IQQT.DE	2022-05-06	2022-05-09T06:00:00+00:00	176
IQQT.DE	2022-05-09	2022-05-10T06:00:00+00:00	177
IQQT.DE	2022-05-10	2022-05-11T06:00:00+00:00	178
IQQT.DE	2022-05-11	2022-05-12T06:00:00+00:00	179
IQQT.DE	2022-05-12	2022-05-13T06:00:00+00:00	180
IQQT.DE	2022-05-13	2022-05-16T06:00:00+00:00	181
IQQT.DE	2022-05-16	2022-05-17T06:00:00+00:00	182
IQQT.DE	2022-05-17	2022-05-18T06:00:00+00:00	183
IQQT.DE	2022-05-18	2022-05-19T06:00:00+00:00	184
IQQT.DE	2022-05-19	2022-05-20T06:00:00+00:00	185
IQQT.DE	2022-05-20	2022-05-23T06:00:00+00:00	186
IQQT.DE	2022-05-23	2022-05-24T06:00:00+00:00	187
IQQT.DE	2022-05-24	2022-05-25T06:00:00+00:00	188
IQQT.DE	2022-05-25	2022-05-26T06:00:00+00:00	189
IQQT.DE	2022-05-26	2022-05-27T06:00:00+00:00	189
IQQT.DE	2022-05-27	2022-05-30T06:00:00+00:00	190
IQQT.DE	2022-05-30	2022-05-31T06:00:00+00:00	191
IQQT.DE	2022-05-31	2022-06-01T06:00:00+00:00	192
IQQT.DE	2022-06-01	2022-06-02T06:00:00+00:00	193
IQQT.DE	2022-06-02	2022-06-03T06:00:00+00:00	194
IQQT.DE	2022-06-03	2022-06-06T06:00:00+00:00	195
IQQT.DE	2022-06-06	2022-06-07T06:00:00+00:00	195
IQQT.DE	2022-06-07	2022-06-08T06:00:00+00:00	196
IQQT.DE	2022-06-08	2022-06-09T06:00:00+00:00	197
IQQT.DE	2022-06-09	2022-06-10T06:00:00+00:00	198
IQQT.DE	2022-06-10	2022-06-13T06:00:00+00:00	199
IQQK.DE	2022-02-16	2022-02-17T07:00:00+00:00	121
IQQK.DE	2022-02-17	2022-02-18T07:00:00+00:00	122
IQQK.DE	2022-02-18	2022-02-21T07:00:00+00:00	123
IQQK.DE	2022-02-21	2022-02-22T07:00:00+00:00	124
IQQK.DE	2022-02-22	2022-02-23T07:00:00+00:00	125
IQQK.DE	2022-02-23	2022-02-24T07:00:00+00:00	126
IQQK.DE	2022-02-24	2022-02-25T07:00:00+00:00	127
IQQK.DE	2022-02-25	2022-02-28T07:00:00+00:00	128
IQQK.DE	2022-02-28	2022-03-01T07:00:00+00:00	129
IQQK.DE	2022-03-01	2022-03-02T07:00:00+00:00	130
IQQK.DE	2022-03-02	2022-03-03T07:00:00+00:00	131
IQQK.DE	2022-03-03	2022-03-04T07:00:00+00:00	132
IQQK.DE	2022-03-04	2022-03-07T07:00:00+00:00	133
IQQK.DE	2022-03-07	2022-03-08T07:00:00+00:00	134
IQQK.DE	2022-03-08	2022-03-09T07:00:00+00:00	135
IQQK.DE	2022-03-09	2022-03-10T07:00:00+00:00	136
IQQK.DE	2022-03-10	2022-03-11T07:00:00+00:00	137
IQQK.DE	2022-03-11	2022-03-14T07:00:00+00:00	138
IQQK.DE	2022-03-14	2022-03-15T07:00:00+00:00	139
IQQK.DE	2022-03-15	2022-03-16T07:00:00+00:00	140
IQQK.DE	2022-03-16	2022-03-17T07:00:00+00:00	141
IQQK.DE	2022-03-17	2022-03-18T07:00:00+00:00	142
IQQK.DE	2022-03-18	2022-03-21T07:00:00+00:00	143
IQQK.DE	2022-03-21	2022-03-22T07:00:00+00:00	144
IQQK.DE	2022-03-22	2022-03-23T07:00:00+00:00	145
IQQK.DE	2022-03-23	2022-03-24T07:00:00+00:00	146
IQQK.DE	2022-03-24	2022-03-25T07:00:00+00:00	147
IQQK.DE	2022-03-25	2022-03-28T06:00:00+00:00	148
IQQK.DE	2022-03-28	2022-03-29T06:00:00+00:00	149
IQQK.DE	2022-03-29	2022-03-30T06:00:00+00:00	150
IQQK.DE	2022-03-30	2022-03-31T06:00:00+00:00	151
IQQK.DE	2022-03-31	2022-04-01T06:00:00+00:00	152
IQQK.DE	2022-04-01	2022-04-04T06:00:00+00:00	153
IQQK.DE	2022-04-04	2022-04-05T06:00:00+00:00	154
IQQK.DE	2022-04-05	2022-04-06T06:00:00+00:00	155
IQQK.DE	2022-04-06	2022-04-07T06:00:00+00:00	156
IQQK.DE	2022-04-07	2022-04-08T06:00:00+00:00	157
IQQK.DE	2022-04-08	2022-04-11T06:00:00+00:00	158
IQQK.DE	2022-04-11	2022-04-12T06:00:00+00:00	159
IQQK.DE	2022-04-12	2022-04-13T06:00:00+00:00	160
IQQK.DE	2022-04-13	2022-04-14T06:00:00+00:00	161
IQQK.DE	2022-04-14	2022-04-19T06:00:00+00:00	162
IQQK.DE	2022-04-19	2022-04-20T06:00:00+00:00	163
IQQK.DE	2022-04-20	2022-04-21T06:00:00+00:00	164
IQQK.DE	2022-04-21	2022-04-22T06:00:00+00:00	165
IQQK.DE	2022-04-22	2022-04-25T06:00:00+00:00	166
IQQK.DE	2022-04-25	2022-04-26T06:00:00+00:00	167
IQQK.DE	2022-04-26	2022-04-27T06:00:00+00:00	168
IQQK.DE	2022-04-27	2022-04-28T06:00:00+00:00	169
IQQK.DE	2022-04-28	2022-04-29T06:00:00+00:00	170
IQQK.DE	2022-04-29	2022-05-02T06:00:00+00:00	171
IQQK.DE	2022-05-02	2022-05-03T06:00:00+00:00	172
IQQK.DE	2022-05-03	2022-05-04T06:00:00+00:00	173
IQQK.DE	2022-05-04	2022-05-05T06:00:00+00:00	174
IQQK.DE	2022-05-05	2022-05-06T06:00:00+00:00	175
IQQK.DE	2022-05-06	2022-05-09T06:00:00+00:00	176
IQQK.DE	2022-05-09	2022-05-10T06:00:00+00:00	177
IQQK.DE	2022-05-10	2022-05-11T06:00:00+00:00	178
IQQK.DE	2022-05-11	2022-05-12T06:00:00+00:00	179
IQQK.DE	2022-05-12	2022-05-13T06:00:00+00:00	180
IQQK.DE	2022-05-13	2022-05-16T06:00:00+00:00	181
IQQK.DE	2022-05-16	2022-05-17T06:00:00+00:00	182
IQQK.DE	2022-05-17	2022-05-18T06:00:00+00:00	183
IQQK.DE	2022-05-18	2022-05-19T06:00:00+00:00	184
IQQK.DE	2022-05-19	2022-05-20T06:00:00+00:00	185
IQQK.DE	2022-05-20	2022-05-23T06:00:00+00:00	186
IQQK.DE	2022-05-23	2022-05-24T06:00:00+00:00	187
IQQK.DE	2022-05-24	2022-05-25T06:00:00+00:00	188
IQQK.DE	2022-05-25	2022-05-26T06:00:00+00:00	189
IQQK.DE	2022-05-26	2022-05-27T06:00:00+00:00	189
IQQK.DE	2022-05-27	2022-05-30T06:00:00+00:00	190
IQQK.DE	2022-05-30	2022-05-31T06:00:00+00:00	191
IQQK.DE	2022-05-31	2022-06-01T06:00:00+00:00	192
IQQK.DE	2022-06-01	2022-06-02T06:00:00+00:00	193
IQQK.DE	2022-06-02	2022-06-03T06:00:00+00:00	194
IQQK.DE	2022-06-03	2022-06-06T06:00:00+00:00	195
IQQK.DE	2022-06-06	2022-06-07T06:00:00+00:00	195
IQQK.DE	2022-06-07	2022-06-08T06:00:00+00:00	196
IQQK.DE	2022-06-08	2022-06-09T06:00:00+00:00	197
IQQK.DE	2022-06-09	2022-06-10T06:00:00+00:00	198
IQQK.DE	2022-06-10	2022-06-13T06:00:00+00:00	199
VVSM.DE	2022-02-16	2022-02-17T07:00:00+00:00	121
VVSM.DE	2022-02-17	2022-02-18T07:00:00+00:00	122
VVSM.DE	2022-02-18	2022-02-21T07:00:00+00:00	123
VVSM.DE	2022-02-21	2022-02-22T07:00:00+00:00	124
VVSM.DE	2022-02-22	2022-02-23T07:00:00+00:00	125
VVSM.DE	2022-02-23	2022-02-24T07:00:00+00:00	126
VVSM.DE	2022-02-24	2022-02-25T07:00:00+00:00	127
VVSM.DE	2022-02-25	2022-02-28T07:00:00+00:00	128
VVSM.DE	2022-02-28	2022-03-01T07:00:00+00:00	129
VVSM.DE	2022-03-01	2022-03-02T07:00:00+00:00	130
VVSM.DE	2022-03-02	2022-03-03T07:00:00+00:00	131
VVSM.DE	2022-03-03	2022-03-04T07:00:00+00:00	132
VVSM.DE	2022-03-04	2022-03-07T07:00:00+00:00	133
VVSM.DE	2022-03-07	2022-03-08T07:00:00+00:00	134
VVSM.DE	2022-03-08	2022-03-09T07:00:00+00:00	135
VVSM.DE	2022-03-09	2022-03-10T07:00:00+00:00	136
VVSM.DE	2022-03-10	2022-03-11T07:00:00+00:00	137
VVSM.DE	2022-03-11	2022-03-14T07:00:00+00:00	138
VVSM.DE	2022-03-14	2022-03-15T07:00:00+00:00	139
VVSM.DE	2022-03-15	2022-03-16T07:00:00+00:00	140
VVSM.DE	2022-03-16	2022-03-17T07:00:00+00:00	141
VVSM.DE	2022-03-17	2022-03-18T07:00:00+00:00	142
VVSM.DE	2022-03-18	2022-03-21T07:00:00+00:00	143
VVSM.DE	2022-03-21	2022-03-22T07:00:00+00:00	144
VVSM.DE	2022-03-22	2022-03-23T07:00:00+00:00	145
VVSM.DE	2022-03-23	2022-03-24T07:00:00+00:00	146
VVSM.DE	2022-03-24	2022-03-25T07:00:00+00:00	147
VVSM.DE	2022-03-25	2022-03-28T06:00:00+00:00	148
VVSM.DE	2022-03-28	2022-03-29T06:00:00+00:00	149
VVSM.DE	2022-03-29	2022-03-30T06:00:00+00:00	150
VVSM.DE	2022-03-30	2022-03-31T06:00:00+00:00	151
VVSM.DE	2022-03-31	2022-04-01T06:00:00+00:00	152
VVSM.DE	2022-04-01	2022-04-04T06:00:00+00:00	153
VVSM.DE	2022-04-04	2022-04-05T06:00:00+00:00	154
VVSM.DE	2022-04-05	2022-04-06T06:00:00+00:00	155
VVSM.DE	2022-04-06	2022-04-07T06:00:00+00:00	156
VVSM.DE	2022-04-07	2022-04-08T06:00:00+00:00	157
VVSM.DE	2022-04-08	2022-04-11T06:00:00+00:00	158
VVSM.DE	2022-04-11	2022-04-12T06:00:00+00:00	159
VVSM.DE	2022-04-12	2022-04-13T06:00:00+00:00	160
VVSM.DE	2022-04-13	2022-04-14T06:00:00+00:00	161
VVSM.DE	2022-04-14	2022-04-19T06:00:00+00:00	162
VVSM.DE	2022-04-19	2022-04-20T06:00:00+00:00	163
VVSM.DE	2022-04-20	2022-04-21T06:00:00+00:00	164
VVSM.DE	2022-04-21	2022-04-22T06:00:00+00:00	165
VVSM.DE	2022-04-22	2022-04-25T06:00:00+00:00	166
VVSM.DE	2022-04-25	2022-04-26T06:00:00+00:00	167
VVSM.DE	2022-04-26	2022-04-27T06:00:00+00:00	168
VVSM.DE	2022-04-27	2022-04-28T06:00:00+00:00	169
VVSM.DE	2022-04-28	2022-04-29T06:00:00+00:00	170
VVSM.DE	2022-04-29	2022-05-02T06:00:00+00:00	171
VVSM.DE	2022-05-02	2022-05-03T06:00:00+00:00	172
VVSM.DE	2022-05-03	2022-05-04T06:00:00+00:00	173
VVSM.DE	2022-05-04	2022-05-05T06:00:00+00:00	174
VVSM.DE	2022-05-05	2022-05-06T06:00:00+00:00	175
VVSM.DE	2022-05-06	2022-05-09T06:00:00+00:00	176
VVSM.DE	2022-05-09	2022-05-10T06:00:00+00:00	177
VVSM.DE	2022-05-10	2022-05-11T06:00:00+00:00	178
VVSM.DE	2022-05-11	2022-05-12T06:00:00+00:00	179
VVSM.DE	2022-05-12	2022-05-13T06:00:00+00:00	180
VVSM.DE	2022-05-13	2022-05-16T06:00:00+00:00	181
VVSM.DE	2022-05-16	2022-05-17T06:00:00+00:00	182
VVSM.DE	2022-05-17	2022-05-18T06:00:00+00:00	183
VVSM.DE	2022-05-18	2022-05-19T06:00:00+00:00	184
VVSM.DE	2022-05-19	2022-05-20T06:00:00+00:00	185
VVSM.DE	2022-05-20	2022-05-23T06:00:00+00:00	186
VVSM.DE	2022-05-23	2022-05-24T06:00:00+00:00	187
VVSM.DE	2022-05-24	2022-05-25T06:00:00+00:00	188
VVSM.DE	2022-05-25	2022-05-26T06:00:00+00:00	189
VVSM.DE	2022-05-26	2022-05-27T06:00:00+00:00	189
VVSM.DE	2022-05-27	2022-05-30T06:00:00+00:00	190
VVSM.DE	2022-05-30	2022-05-31T06:00:00+00:00	191
VVSM.DE	2022-05-31	2022-06-01T06:00:00+00:00	192
VVSM.DE	2022-06-01	2022-06-02T06:00:00+00:00	193
VVSM.DE	2022-06-02	2022-06-03T06:00:00+00:00	194
VVSM.DE	2022-06-03	2022-06-06T06:00:00+00:00	195
VVSM.DE	2022-06-06	2022-06-07T06:00:00+00:00	195
VVSM.DE	2022-06-07	2022-06-08T06:00:00+00:00	196
VVSM.DE	2022-06-08	2022-06-09T06:00:00+00:00	197
VVSM.DE	2022-06-09	2022-06-10T06:00:00+00:00	198
VVSM.DE	2022-06-10	2022-06-13T06:00:00+00:00	199
EUNH.DE	2022-02-16	2022-02-17T07:00:00+00:00	121
EUNH.DE	2022-02-17	2022-02-18T07:00:00+00:00	122
EUNH.DE	2022-02-18	2022-02-21T07:00:00+00:00	123
EUNH.DE	2022-02-21	2022-02-22T07:00:00+00:00	124
EUNH.DE	2022-02-22	2022-02-23T07:00:00+00:00	125
EUNH.DE	2022-02-23	2022-02-24T07:00:00+00:00	126
EUNH.DE	2022-02-24	2022-02-25T07:00:00+00:00	127
EUNH.DE	2022-02-25	2022-02-28T07:00:00+00:00	128
EUNH.DE	2022-02-28	2022-03-01T07:00:00+00:00	129
EUNH.DE	2022-03-01	2022-03-02T07:00:00+00:00	130
EUNH.DE	2022-03-02	2022-03-03T07:00:00+00:00	131
EUNH.DE	2022-03-03	2022-03-04T07:00:00+00:00	132
EUNH.DE	2022-03-04	2022-03-07T07:00:00+00:00	133
EUNH.DE	2022-03-07	2022-03-08T07:00:00+00:00	134
EUNH.DE	2022-03-08	2022-03-09T07:00:00+00:00	135
EUNH.DE	2022-03-09	2022-03-10T07:00:00+00:00	136
EUNH.DE	2022-03-10	2022-03-11T07:00:00+00:00	137
EUNH.DE	2022-03-11	2022-03-14T07:00:00+00:00	138
EUNH.DE	2022-03-14	2022-03-15T07:00:00+00:00	139
EUNH.DE	2022-03-15	2022-03-16T07:00:00+00:00	140
EUNH.DE	2022-03-16	2022-03-17T07:00:00+00:00	141
EUNH.DE	2022-03-17	2022-03-18T07:00:00+00:00	142
EUNH.DE	2022-03-18	2022-03-21T07:00:00+00:00	143
EUNH.DE	2022-03-21	2022-03-22T07:00:00+00:00	144
EUNH.DE	2022-03-22	2022-03-23T07:00:00+00:00	145
EUNH.DE	2022-03-23	2022-03-24T07:00:00+00:00	146
EUNH.DE	2022-03-24	2022-03-25T07:00:00+00:00	147
EUNH.DE	2022-03-25	2022-03-28T06:00:00+00:00	148
EUNH.DE	2022-03-28	2022-03-29T06:00:00+00:00	149
EUNH.DE	2022-03-29	2022-03-30T06:00:00+00:00	150
EUNH.DE	2022-03-30	2022-03-31T06:00:00+00:00	151
EUNH.DE	2022-03-31	2022-04-01T06:00:00+00:00	152
EUNH.DE	2022-04-01	2022-04-04T06:00:00+00:00	153
EUNH.DE	2022-04-04	2022-04-05T06:00:00+00:00	154
EUNH.DE	2022-04-05	2022-04-06T06:00:00+00:00	155
EUNH.DE	2022-04-06	2022-04-07T06:00:00+00:00	156
EUNH.DE	2022-04-07	2022-04-08T06:00:00+00:00	157
EUNH.DE	2022-04-08	2022-04-11T06:00:00+00:00	158
EUNH.DE	2022-04-11	2022-04-12T06:00:00+00:00	159
EUNH.DE	2022-04-12	2022-04-13T06:00:00+00:00	160
EUNH.DE	2022-04-13	2022-04-14T06:00:00+00:00	161
EUNH.DE	2022-04-14	2022-04-19T06:00:00+00:00	162
EUNH.DE	2022-04-19	2022-04-20T06:00:00+00:00	163
EUNH.DE	2022-04-20	2022-04-21T06:00:00+00:00	164
EUNH.DE	2022-04-21	2022-04-22T06:00:00+00:00	165
EUNH.DE	2022-04-22	2022-04-25T06:00:00+00:00	166
EUNH.DE	2022-04-25	2022-04-26T06:00:00+00:00	167
EUNH.DE	2022-04-26	2022-04-27T06:00:00+00:00	168
EUNH.DE	2022-04-27	2022-04-28T06:00:00+00:00	169
EUNH.DE	2022-04-28	2022-04-29T06:00:00+00:00	170
EUNH.DE	2022-04-29	2022-05-02T06:00:00+00:00	171
EUNH.DE	2022-05-02	2022-05-03T06:00:00+00:00	172
EUNH.DE	2022-05-03	2022-05-04T06:00:00+00:00	173
EUNH.DE	2022-05-04	2022-05-05T06:00:00+00:00	174
EUNH.DE	2022-05-05	2022-05-06T06:00:00+00:00	175
EUNH.DE	2022-05-06	2022-05-09T06:00:00+00:00	176
EUNH.DE	2022-05-09	2022-05-10T06:00:00+00:00	177
EUNH.DE	2022-05-10	2022-05-11T06:00:00+00:00	178
EUNH.DE	2022-05-11	2022-05-12T06:00:00+00:00	179
EUNH.DE	2022-05-12	2022-05-13T06:00:00+00:00	180
EUNH.DE	2022-05-13	2022-05-16T06:00:00+00:00	181
EUNH.DE	2022-05-16	2022-05-17T06:00:00+00:00	182
EUNH.DE	2022-05-17	2022-05-18T06:00:00+00:00	183
EUNH.DE	2022-05-18	2022-05-19T06:00:00+00:00	184
EUNH.DE	2022-05-19	2022-05-20T06:00:00+00:00	185
EUNH.DE	2022-05-20	2022-05-23T06:00:00+00:00	186
EUNH.DE	2022-05-23	2022-05-24T06:00:00+00:00	187
EUNH.DE	2022-05-24	2022-05-25T06:00:00+00:00	188
EUNH.DE	2022-05-25	2022-05-26T06:00:00+00:00	189
EUNH.DE	2022-05-26	2022-05-27T06:00:00+00:00	189
EUNH.DE	2022-05-27	2022-05-30T06:00:00+00:00	190
EUNH.DE	2022-05-30	2022-05-31T06:00:00+00:00	191
EUNH.DE	2022-05-31	2022-06-01T06:00:00+00:00	192
EUNH.DE	2022-06-01	2022-06-02T06:00:00+00:00	193
EUNH.DE	2022-06-02	2022-06-03T06:00:00+00:00	194
EUNH.DE	2022-06-03	2022-06-06T06:00:00+00:00	195
EUNH.DE	2022-06-06	2022-06-07T06:00:00+00:00	195
EUNH.DE	2022-06-07	2022-06-08T06:00:00+00:00	196
EUNH.DE	2022-06-08	2022-06-09T06:00:00+00:00	197
EUNH.DE	2022-06-09	2022-06-10T06:00:00+00:00	198
EUNH.DE	2022-06-10	2022-06-13T06:00:00+00:00	199
ZPRR.DE	2022-02-16	2022-02-17T07:00:00+00:00	121
ZPRR.DE	2022-02-17	2022-02-18T07:00:00+00:00	122
ZPRR.DE	2022-02-18	2022-02-21T07:00:00+00:00	123
ZPRR.DE	2022-02-21	2022-02-22T07:00:00+00:00	124
ZPRR.DE	2022-02-22	2022-02-23T07:00:00+00:00	125
ZPRR.DE	2022-02-23	2022-02-24T07:00:00+00:00	126
ZPRR.DE	2022-02-24	2022-02-25T07:00:00+00:00	127
ZPRR.DE	2022-02-25	2022-02-28T07:00:00+00:00	128
ZPRR.DE	2022-02-28	2022-03-01T07:00:00+00:00	129
ZPRR.DE	2022-03-01	2022-03-02T07:00:00+00:00	130
ZPRR.DE	2022-03-02	2022-03-03T07:00:00+00:00	131
ZPRR.DE	2022-03-03	2022-03-04T07:00:00+00:00	132
ZPRR.DE	2022-03-04	2022-03-07T07:00:00+00:00	133
ZPRR.DE	2022-03-07	2022-03-08T07:00:00+00:00	134
ZPRR.DE	2022-03-08	2022-03-09T07:00:00+00:00	135
ZPRR.DE	2022-03-09	2022-03-10T07:00:00+00:00	136
ZPRR.DE	2022-03-10	2022-03-11T07:00:00+00:00	137
ZPRR.DE	2022-03-11	2022-03-14T07:00:00+00:00	138
ZPRR.DE	2022-03-14	2022-03-15T07:00:00+00:00	139
ZPRR.DE	2022-03-15	2022-03-16T07:00:00+00:00	140
ZPRR.DE	2022-03-16	2022-03-17T07:00:00+00:00	141
ZPRR.DE	2022-03-17	2022-03-18T07:00:00+00:00	142
ZPRR.DE	2022-03-18	2022-03-21T07:00:00+00:00	143
ZPRR.DE	2022-03-21	2022-03-22T07:00:00+00:00	144
ZPRR.DE	2022-03-22	2022-03-23T07:00:00+00:00	145
ZPRR.DE	2022-03-23	2022-03-24T07:00:00+00:00	146
ZPRR.DE	2022-03-24	2022-03-25T07:00:00+00:00	147
ZPRR.DE	2022-03-25	2022-03-28T06:00:00+00:00	148
ZPRR.DE	2022-03-28	2022-03-29T06:00:00+00:00	149
ZPRR.DE	2022-03-29	2022-03-30T06:00:00+00:00	150
ZPRR.DE	2022-03-30	2022-03-31T06:00:00+00:00	151
ZPRR.DE	2022-03-31	2022-04-01T06:00:00+00:00	152
ZPRR.DE	2022-04-01	2022-04-04T06:00:00+00:00	153
ZPRR.DE	2022-04-04	2022-04-05T06:00:00+00:00	154
ZPRR.DE	2022-04-05	2022-04-06T06:00:00+00:00	155
ZPRR.DE	2022-04-06	2022-04-07T06:00:00+00:00	156
ZPRR.DE	2022-04-07	2022-04-08T06:00:00+00:00	157
ZPRR.DE	2022-04-08	2022-04-11T06:00:00+00:00	158
ZPRR.DE	2022-04-11	2022-04-12T06:00:00+00:00	159
ZPRR.DE	2022-04-12	2022-04-13T06:00:00+00:00	160
ZPRR.DE	2022-04-13	2022-04-14T06:00:00+00:00	161
ZPRR.DE	2022-04-14	2022-04-19T06:00:00+00:00	162
ZPRR.DE	2022-04-19	2022-04-20T06:00:00+00:00	163
ZPRR.DE	2022-04-20	2022-04-21T06:00:00+00:00	164
ZPRR.DE	2022-04-21	2022-04-22T06:00:00+00:00	165
ZPRR.DE	2022-04-22	2022-04-25T06:00:00+00:00	166
ZPRR.DE	2022-04-25	2022-04-26T06:00:00+00:00	167
ZPRR.DE	2022-04-26	2022-04-27T06:00:00+00:00	168
ZPRR.DE	2022-04-27	2022-04-28T06:00:00+00:00	169
ZPRR.DE	2022-04-28	2022-04-29T06:00:00+00:00	170
ZPRR.DE	2022-04-29	2022-05-02T06:00:00+00:00	171
ZPRR.DE	2022-05-02	2022-05-03T06:00:00+00:00	172
ZPRR.DE	2022-05-03	2022-05-04T06:00:00+00:00	173
ZPRR.DE	2022-05-04	2022-05-05T06:00:00+00:00	174
ZPRR.DE	2022-05-05	2022-05-06T06:00:00+00:00	175
ZPRR.DE	2022-05-06	2022-05-09T06:00:00+00:00	176
ZPRR.DE	2022-05-09	2022-05-10T06:00:00+00:00	177
ZPRR.DE	2022-05-10	2022-05-11T06:00:00+00:00	178
ZPRR.DE	2022-05-11	2022-05-12T06:00:00+00:00	179
ZPRR.DE	2022-05-12	2022-05-13T06:00:00+00:00	180
ZPRR.DE	2022-05-13	2022-05-16T06:00:00+00:00	181
ZPRR.DE	2022-05-16	2022-05-17T06:00:00+00:00	182
ZPRR.DE	2022-05-17	2022-05-18T06:00:00+00:00	183
ZPRR.DE	2022-05-18	2022-05-19T06:00:00+00:00	184
ZPRR.DE	2022-05-19	2022-05-20T06:00:00+00:00	185
ZPRR.DE	2022-05-20	2022-05-23T06:00:00+00:00	186
ZPRR.DE	2022-05-23	2022-05-24T06:00:00+00:00	187
ZPRR.DE	2022-05-24	2022-05-25T06:00:00+00:00	188
ZPRR.DE	2022-05-25	2022-05-26T06:00:00+00:00	189
ZPRR.DE	2022-05-26	2022-05-27T06:00:00+00:00	189
ZPRR.DE	2022-05-27	2022-05-30T06:00:00+00:00	190
ZPRR.DE	2022-05-30	2022-05-31T06:00:00+00:00	191
ZPRR.DE	2022-05-31	2022-06-01T06:00:00+00:00	192
ZPRR.DE	2022-06-01	2022-06-02T06:00:00+00:00	193
ZPRR.DE	2022-06-02	2022-06-03T06:00:00+00:00	194
ZPRR.DE	2022-06-03	2022-06-06T06:00:00+00:00	195
ZPRR.DE	2022-06-06	2022-06-07T06:00:00+00:00	195
ZPRR.DE	2022-06-07	2022-06-08T06:00:00+00:00	196
ZPRR.DE	2022-06-08	2022-06-09T06:00:00+00:00	197
ZPRR.DE	2022-06-09	2022-06-10T06:00:00+00:00	198
ZPRR.DE	2022-06-10	2022-06-13T06:00:00+00:00	199
EXV1.DE	2022-02-16	2022-02-17T07:00:00+00:00	121
EXV1.DE	2022-02-17	2022-02-18T07:00:00+00:00	122
EXV1.DE	2022-02-18	2022-02-21T07:00:00+00:00	123
EXV1.DE	2022-02-21	2022-02-22T07:00:00+00:00	124
EXV1.DE	2022-02-22	2022-02-23T07:00:00+00:00	125
EXV1.DE	2022-02-23	2022-02-24T07:00:00+00:00	126
EXV1.DE	2022-02-24	2022-02-25T07:00:00+00:00	127
EXV1.DE	2022-02-25	2022-02-28T07:00:00+00:00	128
EXV1.DE	2022-02-28	2022-03-01T07:00:00+00:00	129
EXV1.DE	2022-03-01	2022-03-02T07:00:00+00:00	130
EXV1.DE	2022-03-02	2022-03-03T07:00:00+00:00	131
EXV1.DE	2022-03-03	2022-03-04T07:00:00+00:00	132
EXV1.DE	2022-03-04	2022-03-07T07:00:00+00:00	133
EXV1.DE	2022-03-07	2022-03-08T07:00:00+00:00	134
EXV1.DE	2022-03-08	2022-03-09T07:00:00+00:00	135
EXV1.DE	2022-03-09	2022-03-10T07:00:00+00:00	136
EXV1.DE	2022-03-10	2022-03-11T07:00:00+00:00	137
EXV1.DE	2022-03-11	2022-03-14T07:00:00+00:00	138
EXV1.DE	2022-03-14	2022-03-15T07:00:00+00:00	139
EXV1.DE	2022-03-15	2022-03-16T07:00:00+00:00	140
EXV1.DE	2022-03-16	2022-03-17T07:00:00+00:00	141
EXV1.DE	2022-03-17	2022-03-18T07:00:00+00:00	142
EXV1.DE	2022-03-18	2022-03-21T07:00:00+00:00	143
EXV1.DE	2022-03-21	2022-03-22T07:00:00+00:00	144
EXV1.DE	2022-03-22	2022-03-23T07:00:00+00:00	145
EXV1.DE	2022-03-23	2022-03-24T07:00:00+00:00	146
EXV1.DE	2022-03-24	2022-03-25T07:00:00+00:00	147
EXV1.DE	2022-03-25	2022-03-28T06:00:00+00:00	148
EXV1.DE	2022-03-28	2022-03-29T06:00:00+00:00	149
EXV1.DE	2022-03-29	2022-03-30T06:00:00+00:00	150
EXV1.DE	2022-03-30	2022-03-31T06:00:00+00:00	151
EXV1.DE	2022-03-31	2022-04-01T06:00:00+00:00	152
EXV1.DE	2022-04-01	2022-04-04T06:00:00+00:00	153
EXV1.DE	2022-04-04	2022-04-05T06:00:00+00:00	154
EXV1.DE	2022-04-05	2022-04-06T06:00:00+00:00	155
EXV1.DE	2022-04-06	2022-04-07T06:00:00+00:00	156
EXV1.DE	2022-04-07	2022-04-08T06:00:00+00:00	157
EXV1.DE	2022-04-08	2022-04-11T06:00:00+00:00	158
EXV1.DE	2022-04-11	2022-04-12T06:00:00+00:00	159
EXV1.DE	2022-04-12	2022-04-13T06:00:00+00:00	160
EXV1.DE	2022-04-13	2022-04-14T06:00:00+00:00	161
EXV1.DE	2022-04-14	2022-04-19T06:00:00+00:00	162
EXV1.DE	2022-04-19	2022-04-20T06:00:00+00:00	163
EXV1.DE	2022-04-20	2022-04-21T06:00:00+00:00	164
EXV1.DE	2022-04-21	2022-04-22T06:00:00+00:00	165
EXV1.DE	2022-04-22	2022-04-25T06:00:00+00:00	166
EXV1.DE	2022-04-25	2022-04-26T06:00:00+00:00	167
EXV1.DE	2022-04-26	2022-04-27T06:00:00+00:00	168
EXV1.DE	2022-04-27	2022-04-28T06:00:00+00:00	169
EXV1.DE	2022-04-28	2022-04-29T06:00:00+00:00	170
EXV1.DE	2022-04-29	2022-05-02T06:00:00+00:00	171
EXV1.DE	2022-05-02	2022-05-03T06:00:00+00:00	172
EXV1.DE	2022-05-03	2022-05-04T06:00:00+00:00	173
EXV1.DE	2022-05-04	2022-05-05T06:00:00+00:00	174
EXV1.DE	2022-05-05	2022-05-06T06:00:00+00:00	175
EXV1.DE	2022-05-06	2022-05-09T06:00:00+00:00	176
EXV1.DE	2022-05-09	2022-05-10T06:00:00+00:00	177
EXV1.DE	2022-05-10	2022-05-11T06:00:00+00:00	178
EXV1.DE	2022-05-11	2022-05-12T06:00:00+00:00	179
EXV1.DE	2022-05-12	2022-05-13T06:00:00+00:00	180
EXV1.DE	2022-05-13	2022-05-16T06:00:00+00:00	181
EXV1.DE	2022-05-16	2022-05-17T06:00:00+00:00	182
EXV1.DE	2022-05-17	2022-05-18T06:00:00+00:00	183
EXV1.DE	2022-05-18	2022-05-19T06:00:00+00:00	184
EXV1.DE	2022-05-19	2022-05-20T06:00:00+00:00	185
EXV1.DE	2022-05-20	2022-05-23T06:00:00+00:00	186
EXV1.DE	2022-05-23	2022-05-24T06:00:00+00:00	187
EXV1.DE	2022-05-24	2022-05-25T06:00:00+00:00	188
EXV1.DE	2022-05-25	2022-05-26T06:00:00+00:00	189
EXV1.DE	2022-05-26	2022-05-27T06:00:00+00:00	189
EXV1.DE	2022-05-27	2022-05-30T06:00:00+00:00	190
EXV1.DE	2022-05-30	2022-05-31T06:00:00+00:00	191
EXV1.DE	2022-05-31	2022-06-01T06:00:00+00:00	192
EXV1.DE	2022-06-01	2022-06-02T06:00:00+00:00	193
EXV1.DE	2022-06-02	2022-06-03T06:00:00+00:00	194
EXV1.DE	2022-06-03	2022-06-06T06:00:00+00:00	195
EXV1.DE	2022-06-06	2022-06-07T06:00:00+00:00	195
EXV1.DE	2022-06-07	2022-06-08T06:00:00+00:00	196
EXV1.DE	2022-06-08	2022-06-09T06:00:00+00:00	197
EXV1.DE	2022-06-09	2022-06-10T06:00:00+00:00	198
EXV1.DE	2022-06-10	2022-06-13T06:00:00+00:00	199
EXH1.DE	2022-02-16	2022-02-17T07:00:00+00:00	121
EXH1.DE	2022-02-17	2022-02-18T07:00:00+00:00	122
EXH1.DE	2022-02-18	2022-02-21T07:00:00+00:00	123
EXH1.DE	2022-02-21	2022-02-22T07:00:00+00:00	124
EXH1.DE	2022-02-22	2022-02-23T07:00:00+00:00	125
EXH1.DE	2022-02-23	2022-02-24T07:00:00+00:00	126
EXH1.DE	2022-02-24	2022-02-25T07:00:00+00:00	127
EXH1.DE	2022-02-25	2022-02-28T07:00:00+00:00	128
EXH1.DE	2022-02-28	2022-03-01T07:00:00+00:00	129
EXH1.DE	2022-03-01	2022-03-02T07:00:00+00:00	130
EXH1.DE	2022-03-02	2022-03-03T07:00:00+00:00	131
EXH1.DE	2022-03-03	2022-03-04T07:00:00+00:00	132
EXH1.DE	2022-03-04	2022-03-07T07:00:00+00:00	133
EXH1.DE	2022-03-07	2022-03-08T07:00:00+00:00	134
EXH1.DE	2022-03-08	2022-03-09T07:00:00+00:00	135
EXH1.DE	2022-03-09	2022-03-10T07:00:00+00:00	136
EXH1.DE	2022-03-10	2022-03-11T07:00:00+00:00	137
EXH1.DE	2022-03-11	2022-03-14T07:00:00+00:00	138
EXH1.DE	2022-03-14	2022-03-15T07:00:00+00:00	139
EXH1.DE	2022-03-15	2022-03-16T07:00:00+00:00	140
EXH1.DE	2022-03-16	2022-03-17T07:00:00+00:00	141
EXH1.DE	2022-03-17	2022-03-18T07:00:00+00:00	142
EXH1.DE	2022-03-18	2022-03-21T07:00:00+00:00	143
EXH1.DE	2022-03-21	2022-03-22T07:00:00+00:00	144
EXH1.DE	2022-03-22	2022-03-23T07:00:00+00:00	145
EXH1.DE	2022-03-23	2022-03-24T07:00:00+00:00	146
EXH1.DE	2022-03-24	2022-03-25T07:00:00+00:00	147
EXH1.DE	2022-03-25	2022-03-28T06:00:00+00:00	148
EXH1.DE	2022-03-28	2022-03-29T06:00:00+00:00	149
EXH1.DE	2022-03-29	2022-03-30T06:00:00+00:00	150
EXH1.DE	2022-03-30	2022-03-31T06:00:00+00:00	151
EXH1.DE	2022-03-31	2022-04-01T06:00:00+00:00	152
EXH1.DE	2022-04-01	2022-04-04T06:00:00+00:00	153
EXH1.DE	2022-04-04	2022-04-05T06:00:00+00:00	154
EXH1.DE	2022-04-05	2022-04-06T06:00:00+00:00	155
EXH1.DE	2022-04-06	2022-04-07T06:00:00+00:00	156
EXH1.DE	2022-04-07	2022-04-08T06:00:00+00:00	157
EXH1.DE	2022-04-08	2022-04-11T06:00:00+00:00	158
EXH1.DE	2022-04-11	2022-04-12T06:00:00+00:00	159
EXH1.DE	2022-04-12	2022-04-13T06:00:00+00:00	160
EXH1.DE	2022-04-13	2022-04-14T06:00:00+00:00	161
EXH1.DE	2022-04-14	2022-04-19T06:00:00+00:00	162
EXH1.DE	2022-04-19	2022-04-20T06:00:00+00:00	163
EXH1.DE	2022-04-20	2022-04-21T06:00:00+00:00	164
EXH1.DE	2022-04-21	2022-04-22T06:00:00+00:00	165
EXH1.DE	2022-04-22	2022-04-25T06:00:00+00:00	166
EXH1.DE	2022-04-25	2022-04-26T06:00:00+00:00	167
EXH1.DE	2022-04-26	2022-04-27T06:00:00+00:00	168
EXH1.DE	2022-04-27	2022-04-28T06:00:00+00:00	169
EXH1.DE	2022-04-28	2022-04-29T06:00:00+00:00	170
EXH1.DE	2022-04-29	2022-05-02T06:00:00+00:00	171
EXH1.DE	2022-05-02	2022-05-03T06:00:00+00:00	172
EXH1.DE	2022-05-03	2022-05-04T06:00:00+00:00	173
EXH1.DE	2022-05-04	2022-05-05T06:00:00+00:00	174
EXH1.DE	2022-05-05	2022-05-06T06:00:00+00:00	175
EXH1.DE	2022-05-06	2022-05-09T06:00:00+00:00	176
EXH1.DE	2022-05-09	2022-05-10T06:00:00+00:00	177
EXH1.DE	2022-05-10	2022-05-11T06:00:00+00:00	178
EXH1.DE	2022-05-11	2022-05-12T06:00:00+00:00	179
EXH1.DE	2022-05-12	2022-05-13T06:00:00+00:00	180
EXH1.DE	2022-05-13	2022-05-16T06:00:00+00:00	181
EXH1.DE	2022-05-16	2022-05-17T06:00:00+00:00	182
EXH1.DE	2022-05-17	2022-05-18T06:00:00+00:00	183
EXH1.DE	2022-05-18	2022-05-19T06:00:00+00:00	184
EXH1.DE	2022-05-19	2022-05-20T06:00:00+00:00	185
EXH1.DE	2022-05-20	2022-05-23T06:00:00+00:00	186
EXH1.DE	2022-05-23	2022-05-24T06:00:00+00:00	187
EXH1.DE	2022-05-24	2022-05-25T06:00:00+00:00	188
EXH1.DE	2022-05-25	2022-05-26T06:00:00+00:00	189
EXH1.DE	2022-05-26	2022-05-27T06:00:00+00:00	189
EXH1.DE	2022-05-27	2022-05-30T06:00:00+00:00	190
EXH1.DE	2022-05-30	2022-05-31T06:00:00+00:00	191
EXH1.DE	2022-05-31	2022-06-01T06:00:00+00:00	192
EXH1.DE	2022-06-01	2022-06-02T06:00:00+00:00	193
EXH1.DE	2022-06-02	2022-06-03T06:00:00+00:00	194
EXH1.DE	2022-06-03	2022-06-06T06:00:00+00:00	195
EXH1.DE	2022-06-06	2022-06-07T06:00:00+00:00	195
EXH1.DE	2022-06-07	2022-06-08T06:00:00+00:00	196
EXH1.DE	2022-06-08	2022-06-09T06:00:00+00:00	197
EXH1.DE	2022-06-09	2022-06-10T06:00:00+00:00	198
EXH1.DE	2022-06-10	2022-06-13T06:00:00+00:00	199
