corrida,tipo,clave,valor
B2_primaria_5pb,diario,2022-06-14:gap_pp,0.7807453043864099
B2_primaria_5pb,diario,2022-06-15:gap_pp,-0.7772439294476241
B2_primaria_5pb,diario,2022-06-16:gap_pp,2.381621451506133
B2_primaria_5pb,diario,2022-06-17:gap_pp,2.5787115082853362
B2_primaria_5pb,diario,2022-06-20:gap_pp,2.4587085151175803
B2_primaria_5pb,diario,2022-06-21:gap_pp,0.851752870260436
B2_primaria_5pb,diario,2022-06-22:gap_pp,1.6772591351135624
B2_primaria_5pb,diario,2022-06-23:gap_pp,1.2264006113615444
B2_primaria_5pb,diario,2022-06-24:gap_pp,-1.5925420553837943
B2_primaria_5pb,diario,2022-06-27:gap_pp,-1.386401578088159
B2_primaria_5pb,diario,2022-06-28:gap_pp,-0.37073952464716786
B2_primaria_5pb,diario,2022-06-29:gap_pp,0.27233291037203067
B2_primaria_5pb,diario,2022-06-30:gap_pp,1.160755455367135
B2_primaria_5pb,diario,2022-07-01:gap_pp,1.199152590978747
B2_primaria_5pb,diario,2022-07-04:gap_pp,1.0885849461724884
B2_primaria_5pb,diario,2022-07-05:gap_pp,0.5099828144035978
B2_primaria_5pb,diario,2022-07-06:gap_pp,-0.7430985076247509
B2_primaria_5pb,diario,2022-07-07:gap_pp,-3.1483743438676104
B2_primaria_5pb,diario,2022-07-08:gap_pp,-3.765821540906855
B2_primaria_5pb,diario,2022-07-11:gap_pp,-2.2763086087364215
B2_primaria_5pb,diario,2022-07-12:gap_pp,-1.9505885816126112
B2_primaria_5pb,diario,2022-07-13:gap_pp,-1.330933573702664
B2_primaria_5pb,diario,2022-07-14:gap_pp,-0.8658128969692536
B2_primaria_5pb,diario,2022-07-15:gap_pp,-2.4857091081267324
B2_primaria_5pb,diario,2022-07-18:gap_pp,-2.651120602436552
B2_primaria_5pb,diario,2022-07-19:gap_pp,-4.212695538897848
B2_primaria_5pb,diario,2022-07-20:gap_pp,-6.031098972873961
B2_primaria_5pb,diario,2022-07-21:gap_pp,-7.051498457106731
B2_primaria_5pb,diario,2022-07-22:gap_pp,-6.097729705912536
B2_primaria_5pb,diario,2022-07-25:gap_pp,-5.517181849518749
B2_primaria_5pb,diario,2022-07-26:gap_pp,-4.538953957203562
B2_primaria_5pb,diario,2022-07-27:gap_pp,-6.662671880208659
B2_primaria_5pb,diario,2022-07-28:gap_pp,-7.618095125097191
B2_primaria_5pb,diario,2022-07-29:gap_pp,-8.164387126053352
B2_primaria_5pb,diario,2022-08-01:gap_pp,-7.619591019638272
B2_primaria_5pb,diario,2022-08-02:gap_pp,-7.608193765982563
B2_primaria_5pb,diario,2022-08-03:gap_pp,-9.195587103575198
B2_primaria_5pb,diario,2022-08-04:gap_pp,-10.135206030488986
B2_primaria_5pb,diario,2022-08-05:gap_pp,-9.94057105214663
B2_primaria_5pb,diario,2022-08-08:gap_pp,-9.509265653791665
B2_primaria_5pb,diario,2022-08-09:gap_pp,-8.403488721941855
B2_primaria_5pb,diario,2022-08-10:gap_pp,-9.791447809117603
B2_primaria_5pb,diario,2022-08-11:gap_pp,-9.144259019097522
B2_primaria_5pb,diario,2022-08-12:gap_pp,-10.376447268893973
B2_primaria_5pb,diario,2022-08-15:gap_pp,-10.552301876612713
B2_primaria_5pb,diario,2022-08-16:gap_pp,-10.517089852116168
B2_primaria_5pb,diario,2022-08-17:gap_pp,-9.56811011055434
B2_primaria_5pb,diario,2022-08-18:gap_pp,-9.493532458313037
B2_primaria_5pb,diario,2022-08-19:gap_pp,-8.861760477300319
B2_primaria_5pb,diario,2022-08-22:gap_pp,-7.7755818965626
B2_primaria_5pb,diario,2022-08-23:gap_pp,-8.489503792787723
B2_primaria_5pb,diario,2022-08-24:gap_pp,-8.251283028349853
B2_primaria_5pb,diario,2022-08-25:gap_pp,-8.960037816994305
B2_primaria_5pb,diario,2022-08-26:gap_pp,-7.537800042369547
B2_primaria_5pb,diario,2022-08-29:gap_pp,-7.815144988980361
B2_primaria_5pb,diario,2022-08-30:gap_pp,-6.709074322526565
B2_primaria_5pb,diario,2022-08-31:gap_pp,-6.8018653382563965
B2_primaria_5pb,diario,2022-09-01:gap_pp,-6.620509114196427
B2_primaria_5pb,diario,2022-09-02:gap_pp,-7.154856736090808
B2_primaria_5pb,diario,2022-09-05:gap_pp,-6.837742372904543
B2_primaria_5pb,diario,2022-09-06:gap_pp,-6.5368138237451685
B2_primaria_5pb,diario,2022-09-07:gap_pp,-7.749121963164662
B2_primaria_5pb,diario,2022-09-08:gap_pp,-7.388907080115558
B2_primaria_5pb,diario,2022-09-09:gap_pp,-9.17427915130622
B2_primaria_5pb,diario,2022-09-12:gap_pp,-9.941318346902573
B2_primaria_5pb,diario,2022-09-13:gap_pp,-7.262049724160413
B2_primaria_5pb,diario,2022-09-14:gap_pp,-8.332190955480945
B2_primaria_5pb,diario,2022-09-15:gap_pp,-7.384510399942368
B2_primaria_5pb,diario,2022-09-16:gap_pp,-7.077073797864653
B2_primaria_5pb,diario,2022-09-19:gap_pp,-6.936899397556617
B2_primaria_5pb,diario,2022-09-20:gap_pp,-5.935693853848378
B2_primaria_5pb,diario,2022-09-21:gap_pp,-6.217071609782598
B2_primaria_5pb,diario,2022-09-22:gap_pp,-4.6939609574487395
B2_primaria_5pb,diario,2022-09-23:gap_pp,-3.6271931383429767
B2_primaria_5pb,diario,2022-09-26:gap_pp,-4.079514904285397
B2_primaria_5pb,diario,2022-09-27:gap_pp,-4.42882097821744
B2_primaria_5pb,diario,2022-09-28:gap_pp,-5.7271569568541185
B2_primaria_5pb,diario,2022-09-29:gap_pp,-3.1486859686148283
B2_primaria_5pb,diario,2022-09-30:gap_pp,-2.741110575356176
B2_primaria_5pb,diario,2022-10-03:gap_pp,-4.120727929486668
B2_primaria_5pb,diario,2022-10-04:gap_pp,-6.808226062009426
B2_primaria_5pb,diario,2022-10-05:gap_pp,-6.7333656394306
B2_primaria_5pb,diario,2022-10-06:gap_pp,-6.868606801310396
B2_primaria_5pb,diario,2022-10-07:gap_pp,-4.650302936759376
B2_primaria_5pb,diario,2022-10-10:gap_pp,-4.04489915118006
B2_primaria_5pb,diario,2022-10-11:gap_pp,-2.6746546499321178
B2_primaria_5pb,diario,2022-10-12:gap_pp,-2.344716072058106
B2_primaria_5pb,diario,2022-10-13:gap_pp,-3.6202786381784535
B2_primaria_5pb,diario,2022-10-14:gap_pp,-2.59167801582324
B2_primaria_5pb,diario,2022-10-17:gap_pp,-4.432837714413673
B2_primaria_5pb,diario,2022-10-18:gap_pp,-4.596801409984708
B2_primaria_5pb,diario,2022-10-19:gap_pp,-4.881974218866092
B2_primaria_5pb,diario,2022-10-20:gap_pp,-4.938256154578591
B2_primaria_5pb,diario,2022-10-21:gap_pp,-6.406749350560236
B2_primaria_5pb,diario,2022-10-24:gap_pp,-6.360072708504616
B2_primaria_5pb,diario,2022-10-25:gap_pp,-8.103796010091646
B2_primaria_5pb,diario,2022-10-26:gap_pp,-7.3805262279307176
B2_primaria_5pb,diario,2022-10-27:gap_pp,-7.179718521306599
B2_primaria_5pb,diario,2022-10-28:gap_pp,-8.49085174424643
B2_primaria_5pb,diario,2022-10-31:gap_pp,-8.394523727168613
B2_primaria_5pb,diario,2022-11-01:gap_pp,-8.924014238071132
B2_primaria_5pb,diario,2022-11-02:gap_pp,-7.4831101991718825
B2_primaria_5pb,diario,2022-11-03:gap_pp,-7.015033129111037
B2_primaria_5pb,diario,2022-11-04:gap_pp,-7.582261007453662
B2_primaria_5pb,diario,2022-11-07:gap_pp,-7.687909812133986
B2_primaria_5pb,diario,2022-11-08:gap_pp,-8.283013405560757
B2_primaria_5pb,diario,2022-11-09:gap_pp,-7.4851120126656845
B2_primaria_5pb,diario,2022-11-10:gap_pp,-10.06147631076406
B2_primaria_5pb,diario,2022-11-11:gap_pp,-10.14819146856395
B2_primaria_5pb,diario,2022-11-14:gap_pp,-10.150281981410991
B2_primaria_5pb,diario,2022-11-15:gap_pp,-10.82324864267985
B2_primaria_5pb,diario,2022-11-16:gap_pp,-10.410440324865878
B2_primaria_5pb,diario,2022-11-17:gap_pp,-9.8948649752864
B2_primaria_5pb,diario,2022-11-18:gap_pp,-9.826196879582982
B2_primaria_5pb,diario,2022-11-21:gap_pp,-10.11755124698851
B2_primaria_5pb,diario,2022-11-22:gap_pp,-10.465453468655495
B2_primaria_5pb,diario,2022-11-23:gap_pp,-10.782804741201746
B2_primaria_5pb,diario,2022-11-24:gap_pp,-10.741826181127767
B2_primaria_5pb,diario,2022-11-25:gap_pp,-10.38509912510397
B2_primaria_5pb,diario,2022-11-28:gap_pp,-10.230115520858508
B2_primaria_5pb,diario,2022-11-29:gap_pp,-10.479763639685446
B2_primaria_5pb,diario,2022-11-30:gap_pp,-11.681656787281469
B2_primaria_5pb,diario,2022-12-01:gap_pp,-11.303452454592577
B2_primaria_5pb,diario,2022-12-02:gap_pp,-10.714532730577375
B2_primaria_5pb,diario,2022-12-05:gap_pp,-10.748996846736592
B2_primaria_5pb,diario,2022-12-06:gap_pp,-10.195860780564692
B2_primaria_5pb,diario,2022-12-07:gap_pp,-9.95620414223185
B2_primaria_5pb,diario,2022-12-08:gap_pp,-10.494433378147072
B2_primaria_5pb,diario,2022-12-09:gap_pp,-9.714116870299582
B2_primaria_5pb,diario,2022-12-12:gap_pp,-10.084889155145937
B2_primaria_5pb,diario,2022-12-13:gap_pp,-10.465196237624685
B2_primaria_5pb,diario,2022-12-14:gap_pp,-9.706142225622916
B2_primaria_5pb,diario,2022-12-15:gap_pp,-8.979430706996105
B2_primaria_5pb,diario,2022-12-16:gap_pp,-8.695581139619357
B2_primaria_5pb,diario,2022-12-19:gap_pp,-8.33385483188679
B2_primaria_5pb,diario,2022-12-20:gap_pp,-7.780086692882138
B2_primaria_5pb,diario,2022-12-21:gap_pp,-8.14052370633631
B2_primaria_5pb,diario,2022-12-22:gap_pp,-7.282203002046006
B2_primaria_5pb,diario,2022-12-23:gap_pp,-7.322776821602384
B2_primaria_5pb,diario,2022-12-26:gap_pp,-7.410079179307383
B2_primaria_5pb,diario,2022-12-27:gap_pp,-6.355919566404877
B2_primaria_5pb,diario,2022-12-28:gap_pp,-5.930767747029875
B2_primaria_5pb,diario,2022-12-29:gap_pp,-6.588599316309695
B2_primaria_5pb,diario,2022-12-30:gap_pp,-6.85810680155603
B2_primaria_5pb,diario,2023-01-02:gap_pp,-6.369155744656519
B2_primaria_5pb,diario,2023-01-03:gap_pp,-5.770444458092916
B2_primaria_5pb,diario,2023-01-04:gap_pp,-5.336422023402887
B2_primaria_5pb,diario,2023-01-05:gap_pp,-4.233335233955726
B2_primaria_5pb,diario,2023-01-06:gap_pp,-5.198576250483478
B2_primaria_5pb,diario,2023-01-09:gap_pp,-4.822842906173341
B2_primaria_5pb,diario,2023-01-10:gap_pp,-5.181790063307579
B2_primaria_5pb,diario,2023-01-11:gap_pp,-5.2869682940410945
B2_primaria_5pb,diario,2023-01-12:gap_pp,-5.487565966813057
B2_primaria_5pb,diario,2023-01-13:gap_pp,-5.424149064265271
B2_primaria_5pb,diario,2023-01-16:gap_pp,-5.422785869367952
B2_primaria_5pb,diario,2023-01-17:gap_pp,-5.584423108824055
B2_primaria_5pb,diario,2023-01-18:gap_pp,-5.377898652577318
B2_primaria_5pb,diario,2023-01-19:gap_pp,-5.110987577321002
B2_primaria_5pb,diario,2023-01-20:gap_pp,-5.528273660010452
B2_primaria_5pb,diario,2023-01-23:gap_pp,-6.275755675535066
B2_primaria_5pb,diario,2023-01-24:gap_pp,-6.1607698383549625
B2_primaria_5pb,diario,2023-01-25:gap_pp,-6.087656510584538
B2_primaria_5pb,diario,2023-01-26:gap_pp,-5.437180719659396
B2_primaria_5pb,diario,2023-01-27:gap_pp,-5.668911615792793
B2_primaria_5pb,diario,2023-01-30:gap_pp,-5.391164938772097
B2_primaria_5pb,diario,2023-01-31:gap_pp,-6.154915089915236
B2_primaria_5pb,diario,2023-02-01:gap_pp,-5.869672396613113
B2_primaria_5pb,diario,2023-02-02:gap_pp,-7.220413243958079
B2_primaria_5pb,diario,2023-02-03:gap_pp,-7.012225674722328
B2_primaria_5pb,diario,2023-02-06:gap_pp,-8.273834187686724
B2_primaria_5pb,diario,2023-02-07:gap_pp,-8.13054641469897
B2_primaria_5pb,diario,2023-02-08:gap_pp,-7.082377549050123
B2_primaria_5pb,diario,2023-02-09:gap_pp,-6.445839890313865
B2_primaria_5pb,diario,2023-02-10:gap_pp,-6.019550430767628
B2_primaria_5pb,diario,2023-02-13:gap_pp,-7.569793670965197
B2_primaria_5pb,diario,2023-02-14:gap_pp,-8.229986906123955
B2_primaria_5pb,diario,2023-02-15:gap_pp,-9.787744641172758
B2_primaria_5pb,diario,2023-02-16:gap_pp,-8.879877129925816
B2_primaria_5pb,diario,2023-02-17:gap_pp,-9.603307463975131
B2_primaria_5pb,diario,2023-02-20:gap_pp,-9.21262501407023
B2_primaria_5pb,diario,2023-02-21:gap_pp,-8.766763682370904
B2_primaria_5pb,diario,2023-02-22:gap_pp,-9.611409047976727
B2_primaria_5pb,diario,2023-02-23:gap_pp,-7.9566952836510385
B2_primaria_5pb,diario,2023-02-24:gap_pp,-6.4827496433913945
B2_primaria_5pb,diario,2023-02-27:gap_pp,-7.371061421524172
B2_primaria_5pb,diario,2023-02-28:gap_pp,-7.422852275313918
B2_primaria_5pb,diario,2023-03-01:gap_pp,-5.9143350948295925
B2_primaria_5pb,diario,2023-03-02:gap_pp,-5.731700843593535
B2_primaria_5pb,diario,2023-03-03:gap_pp,-6.190099692132134
B2_primaria_5pb,diario,2023-03-06:gap_pp,-5.834935601798619
B2_primaria_5pb,diario,2023-03-07:gap_pp,-5.379300516734675
B2_primaria_5pb,diario,2023-03-08:gap_pp,-5.436747510443718
B2_primaria_5pb,diario,2023-03-09:gap_pp,-5.294486908944163
B2_primaria_5pb,diario,2023-03-10:gap_pp,-5.542405335715173
B2_primaria_5pb,diario,2023-03-13:gap_pp,-5.1723241464746605
B2_primaria_5pb,diario,2023-03-14:gap_pp,-5.536933730073756
B2_primaria_5pb,diario,2023-03-15:gap_pp,-5.480749179301947
B2_primaria_5pb,diario,2023-03-16:gap_pp,-5.593314786725512
B2_primaria_5pb,diario,2023-03-17:gap_pp,-4.513252210861407
B2_primaria_5pb,diario,2023-03-20:gap_pp,-5.159972131179957
B2_primaria_5pb,diario,2023-03-21:gap_pp,-6.192346169366503
B2_primaria_5pb,diario,2023-03-22:gap_pp,-5.6147922159590635
B2_primaria_5pb,diario,2023-03-23:gap_pp,-5.5086731868765115
B2_primaria_5pb,diario,2023-03-24:gap_pp,-5.163719896290164
B2_primaria_5pb,diario,2023-03-27:gap_pp,-5.686596675952549
B2_primaria_5pb,diario,2023-03-28:gap_pp,-5.779878339179811
B2_primaria_5pb,diario,2023-03-29:gap_pp,-6.6274166872025475
B2_primaria_5pb,diario,2023-03-30:gap_pp,-6.594048507251182
B2_primaria_5pb,diario,2023-03-31:gap_pp,-6.889305817373637
B2_primaria_5pb,diario,2023-04-03:gap_pp,-7.570183852091672
B2_primaria_5pb,diario,2023-04-04:gap_pp,-7.145152438415114
B2_primaria_5pb,diario,2023-04-05:gap_pp,-6.445214230957252
B2_primaria_5pb,diario,2023-04-06:gap_pp,-6.589594777815533
B2_primaria_5pb,diario,2023-04-07:gap_pp,-6.643308710400864
B2_primaria_5pb,diario,2023-04-10:gap_pp,-6.98643549264395
B2_primaria_5pb,diario,2023-04-11:gap_pp,-7.553059635037118
B2_primaria_5pb,diario,2023-04-12:gap_pp,-7.6020647451241485
B2_primaria_5pb,diario,2023-04-13:gap_pp,-7.806714564790318
B2_primaria_5pb,diario,2023-04-14:gap_pp,-7.928664933753304
B2_primaria_5pb,diario,2023-04-17:gap_pp,-7.665931123895753
B2_primaria_5pb,diario,2023-04-18:gap_pp,-7.388392774911701
B2_primaria_5pb,diario,2023-04-19:gap_pp,-6.8255265172386
B2_primaria_5pb,diario,2023-04-20:gap_pp,-6.385634875162172
B2_primaria_5pb,diario,2023-04-21:gap_pp,-6.20493824535675
B2_primaria_5pb,diario,2023-04-24:gap_pp,-6.205775411515058
B2_primaria_5pb,diario,2023-04-25:gap_pp,-5.804638720819177
B2_primaria_5pb,diario,2023-04-26:gap_pp,-5.209352375762832
B2_primaria_5pb,diario,2023-04-27:gap_pp,-5.193879737493989
B2_primaria_5pb,diario,2023-04-28:gap_pp,-5.745771193355442
B2_primaria_5pb,diario,2023-05-01:gap_pp,-5.610986282696162
B2_primaria_5pb,diario,2023-05-02:gap_pp,-5.429352376257035
B2_primaria_5pb,diario,2023-05-03:gap_pp,-5.196859382536845
B2_primaria_5pb,diario,2023-05-04:gap_pp,-5.664502032704677
B2_primaria_5pb,diario,2023-05-05:gap_pp,-5.7779023971126
B2_primaria_5pb,diario,2023-05-08:gap_pp,-5.910554481145436
B2_primaria_5pb,diario,2023-05-09:gap_pp,-6.716678163063894
B2_primaria_5pb,diario,2023-05-10:gap_pp,-6.726116661227599
B2_primaria_5pb,diario,2023-05-11:gap_pp,-7.061087119521048
B2_primaria_5pb,diario,2023-05-12:gap_pp,-7.41455197178309
B2_primaria_5pb,diario,2023-05-15:gap_pp,-7.718832447225021
B2_primaria_5pb,diario,2023-05-16:gap_pp,-7.5102502535074445
B2_primaria_5pb,diario,2023-05-17:gap_pp,-7.366351064374754
B2_primaria_5pb,diario,2023-05-18:gap_pp,-6.722594111631275
B2_primaria_5pb,diario,2023-05-19:gap_pp,-6.899199551236546
B2_primaria_5pb,diario,2023-05-22:gap_pp,-7.010369172874409
B2_primaria_5pb,diario,2023-05-23:gap_pp,-7.4270264295005495
B2_primaria_5pb,diario,2023-05-24:gap_pp,-8.067920747352208
B2_primaria_5pb,diario,2023-05-25:gap_pp,-5.559776332821298
B2_primaria_5pb,diario,2023-05-26:gap_pp,-5.502409330537494
B2_primaria_5pb,diario,2023-05-29:gap_pp,-5.222456226565786
B2_primaria_5pb,diario,2023-05-30:gap_pp,-4.891009020685821
B2_primaria_5pb,diario,2023-05-31:gap_pp,-5.197133098466189
B2_primaria_5pb,diario,2023-06-01:gap_pp,-5.3400915661714565
B2_primaria_5pb,diario,2023-06-02:gap_pp,-5.193460238597725
B2_primaria_5pb,diario,2023-06-05:gap_pp,-4.732927834075884
B2_primaria_5pb,diario,2023-06-06:gap_pp,-4.717857473132447
B2_primaria_5pb,diario,2023-06-07:gap_pp,-5.228294648561538
B2_primaria_5pb,diario,2023-06-08:gap_pp,-5.647783367559067
B2_primaria_5pb,diario,2023-06-09:gap_pp,-5.3397945717045925
B2_primaria_5pb,diario,2023-06-12:gap_pp,-5.174442863880935
B2_primaria_5pb,diario,2023-06-13:gap_pp,-5.05275267705283
B2_primaria_5pb,diario,2023-06-14:gap_pp,-4.907359688397039
B2_primaria_5pb,diario,2023-06-15:gap_pp,-5.446235537577948
B2_primaria_5pb,diario,2023-06-16:gap_pp,-5.672264658132575
B2_primaria_5pb,diario,2023-06-19:gap_pp,-5.621744436349951
B2_primaria_5pb,diario,2023-06-20:gap_pp,-5.410984642260996
B2_primaria_5pb,diario,2023-06-21:gap_pp,-5.567494568757669
B2_primaria_5pb,diario,2023-06-22:gap_pp,-4.99399040864823
B2_primaria_5pb,diario,2023-06-23:gap_pp,-5.0149873239036635
B2_primaria_5pb,diario,2023-06-26:gap_pp,-5.037189828881594
B2_primaria_5pb,diario,2023-06-27:gap_pp,-5.471361649275797
B2_primaria_5pb,diario,2023-06-28:gap_pp,-5.204696962738176
B2_primaria_5pb,diario,2023-06-29:gap_pp,-5.193472184577552
B2_primaria_5pb,diario,2023-06-30:gap_pp,-5.5598597990710985
B2_primaria_5pb,diario,2023-07-03:gap_pp,-5.349754745871205
B2_primaria_5pb,diario,2023-07-04:gap_pp,-5.2833257196815975
B2_primaria_5pb,diario,2023-07-05:gap_pp,-5.4661214298779015
B2_primaria_5pb,diario,2023-07-06:gap_pp,-5.814371353329584
B2_primaria_5pb,diario,2023-07-07:gap_pp,-5.8459517298459
B2_primaria_5pb,diario,2023-07-10:gap_pp,-6.173387919308482
B2_primaria_5pb,diario,2023-07-11:gap_pp,-6.4517055338792595
B2_primaria_5pb,diario,2023-07-12:gap_pp,-6.87049163816511
B2_primaria_5pb,diario,2023-07-13:gap_pp,-7.381086193942488
B2_primaria_5pb,diario,2023-07-14:gap_pp,-6.839018742004832
B2_primaria_5pb,diario,2023-07-17:gap_pp,-7.2177302815055855
B2_primaria_5pb,diario,2023-07-18:gap_pp,-7.285156227778766
B2_primaria_5pb,diario,2023-07-19:gap_pp,-6.737395569940419
B2_primaria_5pb,diario,2023-07-20:gap_pp,-7.837517281965445
B2_primaria_5pb,diario,2023-07-21:gap_pp,-8.83740799475332
B2_primaria_5pb,diario,2023-07-24:gap_pp,-8.459459540381186
B2_primaria_5pb,diario,2023-07-25:gap_pp,-8.397980383671477
B2_primaria_5pb,diario,2023-07-26:gap_pp,-9.07755271371431
B2_primaria_5pb,diario,2023-07-27:gap_pp,-9.80508137768803
B2_primaria_5pb,diario,2023-07-28:gap_pp,-10.291269823768111
B2_primaria_5pb,diario,2023-07-31:gap_pp,-9.47850610098504
B2_primaria_5pb,diario,2023-08-01:gap_pp,-8.91239388851326
B2_primaria_5pb,diario,2023-08-02:gap_pp,-9.654449548312027
B2_primaria_5pb,diario,2023-08-03:gap_pp,-10.821406636091213
B2_primaria_5pb,diario,2023-08-04:gap_pp,-9.827428322717058
B2_primaria_5pb,diario,2023-08-07:gap_pp,-10.139707194731894
B2_primaria_5pb,diario,2023-08-08:gap_pp,-10.254762660328787
B2_primaria_5pb,diario,2023-08-09:gap_pp,-10.553891193376641
B2_primaria_5pb,diario,2023-08-10:gap_pp,-11.012445727784904
B2_primaria_5pb,diario,2023-08-11:gap_pp,-10.840740479205868
B2_primaria_5pb,diario,2023-08-14:gap_pp,-11.346642397161478
B2_primaria_5pb,diario,2023-08-15:gap_pp,-10.758434882042668
B2_primaria_5pb,diario,2023-08-16:gap_pp,-11.034606543502324
B2_primaria_5pb,diario,2023-08-17:gap_pp,-9.50690785098125
B2_primaria_5pb,diario,2023-08-18:gap_pp,-9.444204468611051
B2_primaria_5pb,diario,2023-08-21:gap_pp,-10.449959685373923
B2_primaria_5pb,diario,2023-08-22:gap_pp,-10.464425825629187
B2_primaria_5pb,diario,2023-08-23:gap_pp,-11.49855752447615
B2_primaria_5pb,diario,2023-08-24:gap_pp,-9.901002486192745
B2_primaria_5pb,diario,2023-08-25:gap_pp,-10.70980680557334
B2_primaria_5pb,diario,2023-08-28:gap_pp,-10.65814767313702
B2_primaria_5pb,diario,2023-08-29:gap_pp,-11.251639964196624
B2_primaria_5pb,diario,2023-08-30:gap_pp,-10.853392435346333
B2_primaria_5pb,diario,2023-08-31:gap_pp,-10.808931361792261
B2_primaria_5pb,diario,2023-09-01:gap_pp,-10.701970256661042
B2_primaria_5pb,diario,2023-09-04:gap_pp,-10.858624589521582
B2_primaria_5pb,diario,2023-09-05:gap_pp,-10.589728214498685
B2_primaria_5pb,diario,2023-09-06:gap_pp,-10.382895357282539
B2_primaria_5pb,diario,2023-09-07:gap_pp,-9.919078947638504
B2_primaria_5pb,diario,2023-09-08:gap_pp,-9.493597817601618
B2_primaria_5pb,diario,2023-09-11:gap_pp,-9.868037559658527
B2_primaria_5pb,diario,2023-09-12:gap_pp,-8.770931305255036
B2_primaria_5pb,diario,2023-09-13:gap_pp,-8.532483563020389
B2_primaria_5pb,diario,2023-09-14:gap_pp,-8.308135899022728
B2_primaria_5pb,diario,2023-09-15:gap_pp,-7.923656526435763
B2_primaria_5pb,diario,2023-09-18:gap_pp,-7.64494151604056
B2_primaria_5pb,diario,2023-09-19:gap_pp,-6.993405793506979
B2_primaria_5pb,diario,2023-09-20:gap_pp,-7.452237323101585
B2_primaria_5pb,diario,2023-09-21:gap_pp,-6.585238631206236
B2_primaria_5pb,diario,2023-09-22:gap_pp,-7.051471449064439
B2_primaria_5pb,diario,2023-09-25:gap_pp,-7.515633103364894
B2_primaria_5pb,diario,2023-09-26:gap_pp,-6.892165221971536
B2_primaria_5pb,diario,2023-09-27:gap_pp,-7.153122597727535
B2_primaria_5pb,diario,2023-09-28:gap_pp,-7.083235966937229
B2_primaria_5pb,diario,2023-09-29:gap_pp,-7.908867966733668
B2_primaria_5pb,diario,2023-10-02:gap_pp,-8.864061440647554
B2_primaria_5pb,diario,2023-10-03:gap_pp,-7.768677726500273
B2_primaria_5pb,diario,2023-10-04:gap_pp,-8.52133271447384
B2_primaria_5pb,diario,2023-10-05:gap_pp,-8.974186421838692
B2_primaria_5pb,diario,2023-10-06:gap_pp,-10.249558588294438
B2_primaria_5pb,diario,2023-10-09:gap_pp,-9.958389926136402
B2_primaria_5pb,diario,2023-10-10:gap_pp,-10.882629261533827
B2_primaria_5pb,diario,2023-10-11:gap_pp,-11.267190533569327
B2_primaria_5pb,diario,2023-10-12:gap_pp,-12.110156640182645
B2_primaria_5pb,diario,2023-10-13:gap_pp,-11.532416639078757
B2_primaria_5pb,diario,2023-10-16:gap_pp,-11.386771720374277
B2_primaria_5pb,diario,2023-10-17:gap_pp,-11.57113839067858
B2_primaria_5pb,diario,2023-10-18:gap_pp,-10.241778389633893
B2_primaria_5pb,diario,2023-10-19:gap_pp,-11.149226355426967
B2_primaria_5pb,diario,2023-10-20:gap_pp,-10.923698571749041
B2_primaria_5pb,diario,2023-10-23:gap_pp,-10.989924313784073
B2_primaria_5pb,diario,2023-10-24:gap_pp,-11.921655677275833
B2_primaria_5pb,diario,2023-10-25:gap_pp,-11.220208169246625
B2_primaria_5pb,diario,2023-10-26:gap_pp,-10.062163983840634
B2_primaria_5pb,diario,2023-10-27:gap_pp,-10.30323063127967
B2_primaria_5pb,diario,2023-10-30:gap_pp,-9.90369571339038
B2_primaria_5pb,diario,2023-10-31:gap_pp,-10.469021041154814
B2_primaria_5pb,diario,2023-11-01:gap_pp,-11.364021763298627
B2_primaria_5pb,diario,2023-11-02:gap_pp,-12.997993591227441
B2_primaria_5pb,diario,2023-11-03:gap_pp,-13.735090653280402
B2_primaria_5pb,diario,2023-11-06:gap_pp,-13.694171359744889
B2_primaria_5pb,diario,2023-11-07:gap_pp,-14.126868283242434
B2_primaria_5pb,diario,2023-11-08:gap_pp,-13.861679589461296
B2_primaria_5pb,diario,2023-11-09:gap_pp,-14.878655589111766
B2_primaria_5pb,diario,2023-11-10:gap_pp,-15.008362547677589
B2_primaria_5pb,diario,2023-11-13:gap_pp,-14.835660280599772
B2_primaria_5pb,diario,2023-11-14:gap_pp,-16.18375851684273
B2_primaria_5pb,diario,2023-11-15:gap_pp,-16.760521127672035
B2_primaria_5pb,diario,2023-11-16:gap_pp,-15.616935011510002
B2_primaria_5pb,diario,2023-11-17:gap_pp,-16.03401193795724
B2_primaria_5pb,diario,2023-11-20:gap_pp,-16.403811823650404
B2_primaria_5pb,diario,2023-11-21:gap_pp,-16.346200828992497
B2_primaria_5pb,diario,2023-11-22:gap_pp,-16.87684223010235
B2_primaria_5pb,diario,2023-11-23:gap_pp,-16.428532038714373
B2_primaria_5pb,diario,2023-11-24:gap_pp,-16.783939284352513
B2_primaria_5pb,diario,2023-11-27:gap_pp,-16.615472881308847
B2_primaria_5pb,diario,2023-11-28:gap_pp,-16.14185325777622
B2_primaria_5pb,diario,2023-11-29:gap_pp,-15.52882691952675
B2_primaria_5pb,diario,2023-11-30:gap_pp,-15.92818093131536
B2_primaria_5pb,diario,2023-12-01:gap_pp,-16.40906675450633
B2_primaria_5pb,diario,2023-12-04:gap_pp,-16.446022109450986
B2_primaria_5pb,diario,2023-12-05:gap_pp,-17.88159714289188
B2_primaria_5pb,diario,2023-12-06:gap_pp,-17.568159278343344
B2_primaria_5pb,diario,2023-12-07:gap_pp,-18.625591461069078
B2_primaria_5pb,diario,2023-12-08:gap_pp,-19.281127425399713
B2_primaria_5pb,diario,2023-12-11:gap_pp,-19.414067544109503
B2_primaria_5pb,diario,2023-12-12:gap_pp,-19.601541699476076
B2_primaria_5pb,diario,2023-12-13:gap_pp,-20.39897040279628
B2_primaria_5pb,diario,2023-12-14:gap_pp,-19.766048222443278
B2_primaria_5pb,diario,2023-12-15:gap_pp,-19.638675388932647
B2_primaria_5pb,diario,2023-12-18:gap_pp,-20.85690149584387
B2_primaria_5pb,diario,2023-12-19:gap_pp,-21.044522517021157
B2_primaria_5pb,diario,2023-12-20:gap_pp,-20.97981554438175
B2_primaria_5pb,diario,2023-12-21:gap_pp,-20.54005582007028
B2_primaria_5pb,diario,2023-12-22:gap_pp,-20.76233588927414
B2_primaria_5pb,diario,2023-12-25:gap_pp,-20.65978020677297
B2_primaria_5pb,diario,2023-12-26:gap_pp,-21.070928890882577
B2_primaria_5pb,diario,2023-12-27:gap_pp,-21.218871563912757
B2_primaria_5pb,diario,2023-12-28:gap_pp,-20.97674399705094
B2_primaria_5pb,diario,2023-12-29:gap_pp,-21.086739890486395
B2_primaria_5pb,diario,2024-01-02:gap_pp,-20.334646203945006
B2_primaria_5pb,diario,2024-01-03:gap_pp,-20.825576451046413
B2_primaria_5pb,diario,2024-01-04:gap_pp,-21.333226569244367
B2_primaria_5pb,diario,2024-01-05:gap_pp,-21.557267463021113
B2_primaria_5pb,diario,2024-01-08:gap_pp,-22.500640479587773
B2_primaria_5pb,diario,2024-01-09:gap_pp,-22.186492232675704
B2_primaria_5pb,diario,2024-01-10:gap_pp,-22.071213743257267
B2_primaria_5pb,diario,2024-01-11:gap_pp,-21.81467857342525
B2_primaria_5pb,diario,2024-01-12:gap_pp,-21.657451470668796
B2_primaria_5pb,diario,2024-01-15:gap_pp,-21.78006733000075
B2_primaria_5pb,diario,2024-01-16:gap_pp,-22.32542022404933
B2_primaria_5pb,diario,2024-01-17:gap_pp,-21.723851583978558
B2_primaria_5pb,diario,2024-01-18:gap_pp,-23.1515209917309
B2_primaria_5pb,diario,2024-01-19:gap_pp,-22.31153635958618
B2_primaria_5pb,diario,2024-01-22:gap_pp,-21.89186531597178
B2_primaria_5pb,diario,2024-01-23:gap_pp,-22.005090647480998
B2_primaria_5pb,diario,2024-01-24:gap_pp,-23.460037530980628
B2_primaria_5pb,diario,2024-01-25:gap_pp,-23.99414507878468
B2_primaria_5pb,diario,2024-01-26:gap_pp,-25.26855499316516
B2_primaria_5pb,diario,2024-01-29:gap_pp,-25.43676076563608
B2_primaria_5pb,diario,2024-01-30:gap_pp,-25.201035640090772
B2_primaria_5pb,diario,2024-01-31:gap_pp,-23.62110541340574
B2_primaria_5pb,diario,2024-02-01:gap_pp,-24.34255236628058
B2_primaria_5pb,diario,2024-02-02:gap_pp,-24.79014789103502
B2_primaria_5pb,diario,2024-02-05:gap_pp,-25.624802844274576
B2_primaria_5pb,diario,2024-02-06:gap_pp,-24.429668799628512
B2_primaria_5pb,diario,2024-02-07:gap_pp,-25.562843215886645
B2_primaria_5pb,diario,2024-02-08:gap_pp,-26.634682188396397
B2_primaria_5pb,diario,2024-02-09:gap_pp,-27.395933114861037
B2_primaria_5pb,diario,2024-02-12:gap_pp,-26.628881893794333
B2_primaria_5pb,diario,2024-02-13:gap_pp,-25.698844838012636
B2_primaria_5pb,diario,2024-02-14:gap_pp,-27.75322206263706
B2_primaria_5pb,diario,2024-02-15:gap_pp,-26.589757989235686
B2_primaria_5pb,diario,2024-02-16:gap_pp,-26.09072836503479
B2_primaria_5pb,diario,2024-02-19:gap_pp,-26.085725751494127
B2_primaria_5pb,diario,2024-02-20:gap_pp,-25.499052811166266
B2_primaria_5pb,diario,2024-02-21:gap_pp,-26.009777809135958
B2_primaria_5pb,diario,2024-02-22:gap_pp,-27.44981322687934
B2_primaria_5pb,diario,2024-02-23:gap_pp,-27.695875041275954
B2_primaria_5pb,diario,2024-02-26:gap_pp,-28.274735061312285
B2_primaria_5pb,diario,2024-02-27:gap_pp,-27.88027661506167
B2_primaria_5pb,diario,2024-02-28:gap_pp,-28.53300858502543
B2_primaria_5pb,diario,2024-02-29:gap_pp,-28.892083905081336
B2_primaria_5pb,diario,2024-03-01:gap_pp,-29.141400513882676
B2_primaria_5pb,diario,2024-03-04:gap_pp,-29.984696145447366
B2_primaria_5pb,diario,2024-03-05:gap_pp,-28.27372250533258
B2_primaria_5pb,diario,2024-03-06:gap_pp,-28.396818003141313
B2_primaria_5pb,diario,2024-03-07:gap_pp,-28.7609159562914
B2_primaria_5pb,diario,2024-03-08:gap_pp,-27.80452424011093
B2_primaria_5pb,diario,2024-03-11:gap_pp,-28.223041638960346
B2_primaria_5pb,diario,2024-03-12:gap_pp,-29.6770864143159
B2_primaria_5pb,diario,2024-03-13:gap_pp,-29.852799773178408
B2_primaria_5pb,diario,2024-03-14:gap_pp,-29.04476292508056
B2_primaria_5pb,diario,2024-03-15:gap_pp,-29.107024630902245
B2_primaria_5pb,diario,2024-03-18:gap_pp,-28.69756469633402
B2_primaria_5pb,diario,2024-03-19:gap_pp,-28.55290280541889
B2_primaria_5pb,diario,2024-03-20:gap_pp,-29.266876445972436
B2_primaria_5pb,diario,2024-03-21:gap_pp,-28.078777145436984
B2_primaria_5pb,diario,2024-03-22:gap_pp,-28.259977888591735
B2_primaria_5pb,diario,2024-03-25:gap_pp,-28.11731148582379
B2_primaria_5pb,diario,2024-03-26:gap_pp,-27.584645638024075
B2_primaria_5pb,diario,2024-03-27:gap_pp,-27.81911940759585
B2_primaria_5pb,diario,2024-03-28:gap_pp,-27.55995863998164
B2_primaria_5pb,diario,2024-03-29:gap_pp,-27.51754282096226
B2_primaria_5pb,diario,2024-04-01:gap_pp,-27.820577093639077
B2_primaria_5pb,diario,2024-04-02:gap_pp,-27.609953509039276
B2_primaria_5pb,diario,2024-04-03:gap_pp,-27.72974588986774
B2_primaria_5pb,diario,2024-04-04:gap_pp,-26.46352215982022
B2_primaria_5pb,diario,2024-04-05:gap_pp,-26.5528862933591
B2_primaria_5pb,diario,2024-04-08:gap_pp,-26.942336879906502
B2_primaria_5pb,diario,2024-04-09:gap_pp,-26.517537081106735
B2_primaria_5pb,diario,2024-04-10:gap_pp,-26.278257169453823
B2_primaria_5pb,diario,2024-04-11:gap_pp,-26.835513188276128
B2_primaria_5pb,diario,2024-04-12:gap_pp,-25.359521659730433
B2_primaria_5pb,diario,2024-04-15:gap_pp,-24.708852593385643
B2_primaria_5pb,diario,2024-04-16:gap_pp,-25.55844137664596
B2_primaria_5pb,diario,2024-04-17:gap_pp,-24.916422454043776
B2_primaria_5pb,diario,2024-04-18:gap_pp,-25.20576899303977
B2_primaria_5pb,diario,2024-04-19:gap_pp,-23.25976003731838
B2_primaria_5pb,diario,2024-04-22:gap_pp,-25.279222916260146
B2_primaria_5pb,diario,2024-04-23:gap_pp,-26.625917053065407
B2_primaria_5pb,diario,2024-04-24:gap_pp,-25.73414355604935
B2_primaria_5pb,diario,2024-04-25:gap_pp,-23.941743989777752
B2_primaria_5pb,diario,2024-04-26:gap_pp,-25.3055876515176
B2_primaria_5pb,diario,2024-04-29:gap_pp,-24.03149815820629
B2_primaria_5pb,diario,2024-04-30:gap_pp,-22.732543481188916
B2_primaria_5pb,diario,2024-05-01:gap_pp,-22.277439558840364
B2_primaria_5pb,diario,2024-05-02:gap_pp,-22.207803076524655
B2_primaria_5pb,diario,2024-05-03:gap_pp,-22.90605834471937
B2_primaria_5pb,diario,2024-05-06:gap_pp,-24.278267249912886
B2_primaria_5pb,diario,2024-05-07:gap_pp,-23.655607330723228
B2_primaria_5pb,diario,2024-05-08:gap_pp,-22.958381513811755
B2_primaria_5pb,diario,2024-05-09:gap_pp,-22.734056692241865
B2_primaria_5pb,diario,2024-05-10:gap_pp,-22.854168362734086
B2_primaria_5pb,diario,2024-05-13:gap_pp,-22.653988111432376
B2_primaria_5pb,diario,2024-05-14:gap_pp,-22.601972292537532
B2_primaria_5pb,diario,2024-05-15:gap_pp,-24.72809145292625
B2_primaria_5pb,diario,2024-05-16:gap_pp,-24.303450995784594
B2_primaria_5pb,diario,2024-05-17:gap_pp,-23.285381653478844
B2_primaria_5pb,diario,2024-05-20:gap_pp,-24.978083965084007
B2_primaria_5pb,diario,2024-05-21:gap_pp,-25.2770596040639
B2_primaria_5pb,diario,2024-05-22:gap_pp,-25.624076709604935
B2_primaria_5pb,diario,2024-05-23:gap_pp,-28.043440724088686
B2_primaria_5pb,diario,2024-05-24:gap_pp,-28.772589375430456
B2_primaria_5pb,diario,2024-05-27:gap_pp,-29.31859984540448
B2_primaria_5pb,diario,2024-05-28:gap_pp,-29.451971029360102
B2_primaria_5pb,diario,2024-05-29:gap_pp,-29.426464106417228
B2_primaria_5pb,diario,2024-05-30:gap_pp,-27.316108859239606
B2_primaria_5pb,diario,2024-05-31:gap_pp,-26.488587013663768
B2_primaria_5pb,diario,2024-06-03:gap_pp,-28.038803066644547
B2_primaria_5pb,diario,2024-06-04:gap_pp,-28.069281600894524
B2_primaria_5pb,diario,2024-06-05:gap_pp,-30.009624678863833
B2_primaria_5pb,diario,2024-06-06:gap_pp,-29.580375593861106
B2_primaria_5pb,diario,2024-06-07:gap_pp,-29.888291162657698
B2_primaria_5pb,diario,2024-06-10:gap_pp,-31.533885829147135
B2_primaria_5pb,diario,2024-06-11:gap_pp,-31.869343275518027
B2_primaria_5pb,diario,2024-06-12:gap_pp,-32.936861775247614
B2_primaria_5pb,diario,2024-06-13:gap_pp,-32.954978551432745
B2_primaria_5pb,diario,2024-06-14:gap_pp,-32.763034829343816
B2_primaria_5pb,diario,2024-06-17:gap_pp,-32.58649644498595
B2_primaria_5pb,diario,2024-06-18:gap_pp,-32.243990728725635
B2_primaria_5pb,diario,2024-06-19:gap_pp,-32.430300805791745
B2_primaria_5pb,diario,2024-06-20:gap_pp,-31.902528114562156
B2_primaria_5pb,diario,2024-06-21:gap_pp,-32.45137368682309
B2_primaria_5pb,diario,2024-06-24:gap_pp,-32.055252991398994
B2_primaria_5pb,diario,2024-06-25:gap_pp,-33.159458272885466
B2_primaria_5pb,diario,2024-06-26:gap_pp,-33.208956657431
B2_primaria_5pb,diario,2024-06-27:gap_pp,-31.40533394191325
B2_primaria_5pb,diario,2024-06-28:gap_pp,-31.553373846226606
B2_primaria_5pb,diario,2024-07-01:gap_pp,-31.125720912668008
B2_primaria_5pb,diario,2024-07-02:gap_pp,-30.229953035479284
B2_primaria_5pb,diario,2024-07-03:gap_pp,-31.55932428908923
B2_primaria_5pb,diario,2024-07-04:gap_pp,-31.696468437883517
B2_primaria_5pb,diario,2024-07-05:gap_pp,-30.035960056671907
B2_primaria_5pb,diario,2024-07-08:gap_pp,-29.457778501379316
B2_primaria_5pb,diario,2024-07-09:gap_pp,-27.908681096653474
B2_primaria_5pb,diario,2024-07-10:gap_pp,-27.95802833646197
B2_primaria_5pb,diario,2024-07-11:gap_pp,-29.029328217573713
B2_primaria_5pb,diario,2024-07-12:gap_pp,-28.915142551527673
B2_primaria_5pb,diario,2024-07-15:gap_pp,-29.254217522124428
B2_primaria_5pb,diario,2024-07-16:gap_pp,-28.941744589040198
B2_primaria_5pb,diario,2024-07-17:gap_pp,-29.114733026209706
B2_primaria_5pb,diario,2024-07-18:gap_pp,-30.274842638234368
B2_primaria_5pb,diario,2024-07-19:gap_pp,-30.35319196667392
B2_primaria_5pb,diario,2024-07-22:gap_pp,-30.982861561114696
B2_primaria_5pb,diario,2024-07-23:gap_pp,-31.59527784335181
B2_primaria_5pb,diario,2024-07-24:gap_pp,-30.66433276925209
B2_primaria_5pb,diario,2024-07-25:gap_pp,-30.07190265632138
B2_primaria_5pb,diario,2024-07-26:gap_pp,-30.8635688500978
B2_primaria_5pb,diario,2024-07-29:gap_pp,-31.46731822702289
B2_primaria_5pb,diario,2024-07-30:gap_pp,-29.774574842865253
B2_primaria_5pb,diario,2024-07-31:gap_pp,-32.73831524572153
B2_primaria_5pb,diario,2024-08-01:gap_pp,-30.183099269123126
B2_primaria_5pb,diario,2024-08-02:gap_pp,-25.485128671550772
B2_primaria_5pb,diario,2024-08-05:gap_pp,-23.06280584779623
B2_primaria_5pb,diario,2024-08-06:gap_pp,-27.049238001689723
B2_primaria_5pb,diario,2024-08-07:gap_pp,-26.91542657251833
B2_primaria_5pb,diario,2024-08-08:gap_pp,-29.683147030008673
B2_primaria_5pb,diario,2024-08-09:gap_pp,-30.670659383936606
B2_primaria_5pb,diario,2024-08-12:gap_pp,-30.557950530492704
B2_primaria_5pb,diario,2024-08-13:gap_pp,-33.85187603467929
B2_primaria_5pb,diario,2024-08-14:gap_pp,-34.167878461278065
B2_primaria_5pb,diario,2024-08-15:gap_pp,-37.12362418625324
B2_primaria_5pb,diario,2024-08-16:gap_pp,-37.8594577024689
B2_primaria_5pb,diario,2024-08-19:gap_pp,-38.00989308456526
B2_primaria_5pb,diario,2024-08-20:gap_pp,-38.48090227550618
B2_primaria_5pb,diario,2024-08-21:gap_pp,-39.05136373723075
B2_primaria_5pb,diario,2024-08-22:gap_pp,-37.581818431445214
B2_primaria_5pb,diario,2024-08-23:gap_pp,-38.14056277341247
B2_primaria_5pb,diario,2024-08-26:gap_pp,-37.14114492474785
B2_primaria_5pb,diario,2024-08-27:gap_pp,-37.8585632237568
B2_primaria_5pb,diario,2024-08-28:gap_pp,-37.511936087645914
B2_primaria_5pb,diario,2024-08-29:gap_pp,-37.55004610539419
B2_primaria_5pb,diario,2024-08-30:gap_pp,-37.670692596366685
B2_primaria_5pb,diario,2024-09-02:gap_pp,-38.10337622801063
B2_primaria_5pb,diario,2024-09-03:gap_pp,-35.5116556015421
B2_primaria_5pb,diario,2024-09-04:gap_pp,-34.52573840044793
B2_primaria_5pb,diario,2024-09-05:gap_pp,-34.28413123060194
B2_primaria_5pb,diario,2024-09-06:gap_pp,-31.55821075213494
B2_primaria_5pb,diario,2024-09-09:gap_pp,-32.67018995393689
B2_primaria_5pb,diario,2024-09-10:gap_pp,-31.154627024015525
B2_primaria_5pb,diario,2024-09-11:gap_pp,-33.10243155651988
B2_primaria_5pb,diario,2024-09-12:gap_pp,-34.27868341858045
B2_primaria_5pb,diario,2024-09-13:gap_pp,-36.418345827031054
B2_primaria_5pb,diario,2024-09-16:gap_pp,-35.29222596828685
B2_primaria_5pb,diario,2024-09-17:gap_pp,-35.451651426370475
B2_primaria_5pb,diario,2024-09-18:gap_pp,-35.20398648868888
B2_primaria_5pb,diario,2024-09-19:gap_pp,-37.248066820776394
B2_primaria_5pb,diario,2024-09-20:gap_pp,-36.45490735555732
B2_primaria_5pb,diario,2024-09-23:gap_pp,-37.02624523864948
B2_primaria_5pb,diario,2024-09-24:gap_pp,-39.0103388544361
B2_primaria_5pb,diario,2024-09-25:gap_pp,-39.01089582293991
B2_primaria_5pb,diario,2024-09-26:gap_pp,-40.78133507352633
B2_primaria_5pb,diario,2024-09-27:gap_pp,-40.797122222002336
B2_primaria_5pb,diario,2024-09-30:gap_pp,-40.4835012247925
B2_primaria_5pb,diario,2024-10-01:gap_pp,-40.02428793312718
B2_primaria_5pb,diario,2024-10-02:gap_pp,-40.98626784869936
B2_primaria_5pb,diario,2024-10-03:gap_pp,-41.787240713454565
B2_primaria_5pb,diario,2024-10-04:gap_pp,-43.15865731844597
B2_primaria_5pb,diario,2024-10-07:gap_pp,-43.64443661243502
B2_primaria_5pb,diario,2024-10-08:gap_pp,-43.56758544509487
B2_primaria_5pb,diario,2024-10-09:gap_pp,-43.93881958136605
B2_primaria_5pb,diario,2024-10-10:gap_pp,-44.9239660935701
B2_primaria_5pb,diario,2024-10-11:gap_pp,-45.69705202547516
B2_primaria_5pb,diario,2024-10-14:gap_pp,-47.04807006114662
B2_primaria_5pb,diario,2024-10-15:gap_pp,-45.733481956181606
B2_primaria_5pb,diario,2024-10-16:gap_pp,-46.219897708149716
B2_primaria_5pb,diario,2024-10-17:gap_pp,-46.42583871636041
B2_primaria_5pb,diario,2024-10-18:gap_pp,-46.49881545295331
B2_primaria_5pb,diario,2024-10-21:gap_pp,-48.05144235776435
B2_primaria_5pb,diario,2024-10-22:gap_pp,-47.77643022680947
B2_primaria_5pb,diario,2024-10-23:gap_pp,-47.20818069784456
B2_primaria_5pb,diario,2024-10-24:gap_pp,-48.06071676103747
B2_primaria_5pb,diario,2024-10-25:gap_pp,-48.27312530766448
B2_primaria_5pb,diario,2024-10-28:gap_pp,-48.110664812229096
B2_primaria_5pb,diario,2024-10-29:gap_pp,-48.58484121036943
B2_primaria_5pb,diario,2024-10-30:gap_pp,-48.23221805125137
B2_primaria_5pb,diario,2024-10-31:gap_pp,-47.696211770508825
B2_primaria_5pb,diario,2024-11-01:gap_pp,-48.59833609790998
B2_primaria_5pb,diario,2024-11-04:gap_pp,-48.303492650248934
B2_primaria_5pb,diario,2024-11-05:gap_pp,-50.05141525759984
B2_primaria_5pb,diario,2024-11-06:gap_pp,-51.63087573042393
B2_primaria_5pb,diario,2024-11-07:gap_pp,-54.05837615965075
B2_primaria_5pb,diario,2024-11-08:gap_pp,-56.19754308916589
B2_primaria_5pb,diario,2024-11-11:gap_pp,-59.254018509854525
B2_primaria_5pb,diario,2024-11-12:gap_pp,-59.16529696376662
B2_primaria_5pb,diario,2024-11-13:gap_pp,-58.96733959068741
B2_primaria_5pb,diario,2024-11-14:gap_pp,-59.57955006974256
B2_primaria_5pb,diario,2024-11-15:gap_pp,-59.6659857660339
B2_primaria_5pb,diario,2024-11-18:gap_pp,-59.605632898629636
B2_primaria_5pb,diario,2024-11-19:gap_pp,-60.050930246682576
B2_primaria_5pb,diario,2024-11-20:gap_pp,-59.47720385594148
B2_primaria_5pb,diario,2024-11-21:gap_pp,-60.67480699844627
B2_primaria_5pb,diario,2024-11-22:gap_pp,-63.44910063308775
B2_primaria_5pb,diario,2024-11-25:gap_pp,-62.22030193753274
B2_primaria_5pb,diario,2024-11-26:gap_pp,-62.630681611363826
B2_primaria_5pb,diario,2024-11-27:gap_pp,-62.83951596027828
B2_primaria_5pb,diario,2024-11-28:gap_pp,-62.17686948556671
B2_primaria_5pb,diario,2024-11-29:gap_pp,-62.568727447093075
B2_primaria_5pb,diario,2024-12-02:gap_pp,-64.30124785871949
B2_primaria_5pb,diario,2024-12-03:gap_pp,-65.80638000943017
B2_primaria_5pb,diario,2024-12-04:gap_pp,-65.25405784258015
B2_primaria_5pb,diario,2024-12-05:gap_pp,-65.59013172060489
B2_primaria_5pb,diario,2024-12-06:gap_pp,-67.53542263706471
B2_primaria_5pb,diario,2024-12-09:gap_pp,-64.44572837729557
B2_primaria_5pb,diario,2024-12-10:gap_pp,-62.81804174184278
B2_primaria_5pb,diario,2024-12-11:gap_pp,-64.96936895956304
B2_primaria_5pb,diario,2024-12-12:gap_pp,-63.78237146126977
B2_primaria_5pb,diario,2024-12-13:gap_pp,-64.98838441383019
B2_primaria_5pb,diario,2024-12-16:gap_pp,-65.94348599919584
B2_primaria_5pb,diario,2024-12-17:gap_pp,-64.79888724266772
B2_primaria_5pb,diario,2024-12-18:gap_pp,-60.874270814094466
B2_primaria_5pb,diario,2024-12-19:gap_pp,-62.91829279817702
B2_primaria_5pb,diario,2024-12-20:gap_pp,-65.78978625711953
B2_primaria_5pb,diario,2024-12-23:gap_pp,-67.29703191826033
B2_primaria_5pb,diario,2024-12-24:gap_pp,-67.84271080359562
B2_primaria_5pb,diario,2024-12-25:gap_pp,-67.98313444532877
B2_primaria_5pb,diario,2024-12-26:gap_pp,-67.91095006552344
B2_primaria_5pb,diario,2024-12-27:gap_pp,-66.75625774283156
B2_primaria_5pb,diario,2024-12-30:gap_pp,-65.66168691659114
B2_primaria_5pb,diario,2024-12-31:gap_pp,-65.21932195219232
B2_primaria_5pb,diario,2025-01-02:gap_pp,-66.66269225811523
B2_primaria_5pb,diario,2025-01-03:gap_pp,-68.7264659141066
B2_primaria_5pb,diario,2025-01-06:gap_pp,-68.44847141218618
B2_primaria_5pb,diario,2025-01-07:gap_pp,-66.92129609303467
B2_primaria_5pb,diario,2025-01-08:gap_pp,-68.23994482563988
B2_primaria_5pb,diario,2025-01-09:gap_pp,-68.07643735063667
B2_primaria_5pb,diario,2025-01-10:gap_pp,-66.93830472106268
B2_primaria_5pb,diario,2025-01-13:gap_pp,-68.09392801998291
B2_primaria_5pb,diario,2025-01-14:gap_pp,-66.26157062858276
B2_primaria_5pb,diario,2025-01-15:gap_pp,-67.64607905482565
B2_primaria_5pb,diario,2025-01-16:gap_pp,-68.68057590896251
B2_primaria_5pb,diario,2025-01-17:gap_pp,-69.97515182747476
B2_primaria_5pb,diario,2025-01-20:gap_pp,-69.51266854207647
B2_primaria_5pb,diario,2025-01-21:gap_pp,-69.73363585083085
B2_primaria_5pb,diario,2025-01-22:gap_pp,-71.06528629667895
B2_primaria_5pb,diario,2025-01-23:gap_pp,-71.33559818057584
B2_primaria_5pb,diario,2025-01-24:gap_pp,-70.53397747985545
B2_primaria_5pb,diario,2025-01-27:gap_pp,-70.72773232136727
B2_primaria_5pb,diario,2025-01-28:gap_pp,-72.4995722802245
B2_primaria_5pb,diario,2025-01-29:gap_pp,-73.24051336308509
B2_primaria_5pb,diario,2025-01-30:gap_pp,-74.18155359428285
B2_primaria_5pb,diario,2025-01-31:gap_pp,-74.69854679520044
B2_primaria_5pb,diario,2025-02-03:gap_pp,-73.79353159186385
B2_primaria_5pb,diario,2025-02-04:gap_pp,-76.73524624372243
B2_primaria_5pb,diario,2025-02-05:gap_pp,-74.72394311608261
B2_primaria_5pb,diario,2025-02-06:gap_pp,-76.61774667153405
B2_primaria_5pb,diario,2025-02-07:gap_pp,-76.0678878606343
B2_primaria_5pb,diario,2025-02-10:gap_pp,-78.39164898173696
B2_primaria_5pb,diario,2025-02-11:gap_pp,-77.91419514860306
B2_primaria_5pb,diario,2025-02-12:gap_pp,-78.33297841305418
B2_primaria_5pb,diario,2025-02-13:gap_pp,-80.64053348040116
B2_primaria_5pb,diario,2025-02-14:gap_pp,-80.4620199964762
B2_primaria_5pb,diario,2025-02-17:gap_pp,-80.3406049500706
B2_primaria_5pb,diario,2025-02-18:gap_pp,-79.5750611964026
B2_primaria_5pb,diario,2025-02-19:gap_pp,-79.17471590530123
B2_primaria_5pb,diario,2025-02-20:gap_pp,-77.07593594509127
B2_primaria_5pb,diario,2025-02-21:gap_pp,-72.28619116791921
B2_primaria_5pb,diario,2025-02-24:gap_pp,-72.21475557966157
B2_primaria_5pb,diario,2025-02-25:gap_pp,-70.34032876689385
B2_primaria_5pb,diario,2025-02-26:gap_pp,-70.39147365066822
B2_primaria_5pb,diario,2025-02-27:gap_pp,-68.29037479233133
B2_primaria_5pb,diario,2025-02-28:gap_pp,-69.76875377443417
B2_primaria_5pb,diario,2025-03-03:gap_pp,-67.66005357096057
B2_primaria_5pb,diario,2025-03-04:gap_pp,-66.58882594790474
B2_primaria_5pb,diario,2025-03-05:gap_pp,-67.1741599307645
B2_primaria_5pb,diario,2025-03-06:gap_pp,-60.37405985402457
B2_primaria_5pb,diario,2025-03-07:gap_pp,-61.33632797683699
B2_primaria_5pb,diario,2025-03-10:gap_pp,-56.9030918534613
B2_primaria_5pb,diario,2025-03-11:gap_pp,-58.02771607783475
B2_primaria_5pb,diario,2025-03-12:gap_pp,-60.67357850288957
B2_primaria_5pb,diario,2025-03-13:gap_pp,-58.57486618168504
B2_primaria_5pb,diario,2025-03-14:gap_pp,-60.70319729693039
B2_primaria_5pb,diario,2025-03-17:gap_pp,-61.92067128269883
B2_primaria_5pb,diario,2025-03-18:gap_pp,-58.10274939927389
B2_primaria_5pb,diario,2025-03-19:gap_pp,-61.234707897387494
B2_primaria_5pb,diario,2025-03-20:gap_pp,-62.71336193283019
B2_primaria_5pb,diario,2025-03-21:gap_pp,-65.11767385748605
B2_primaria_5pb,diario,2025-03-24:gap_pp,-68.35800089669021
B2_primaria_5pb,diario,2025-03-25:gap_pp,-69.00502338536367
B2_primaria_5pb,diario,2025-03-26:gap_pp,-65.68497543009065
B2_primaria_5pb,diario,2025-03-27:gap_pp,-61.87739037416296
B2_primaria_5pb,diario,2025-03-28:gap_pp,-60.122280163294995
B2_primaria_5pb,diario,2025-03-31:gap_pp,-58.18612743862283
B2_primaria_5pb,diario,2025-04-01:gap_pp,-59.28198476234024
B2_primaria_5pb,diario,2025-04-02:gap_pp,-60.84722238501266
B2_primaria_5pb,diario,2025-04-03:gap_pp,-53.379088107260884
B2_primaria_5pb,diario,2025-04-04:gap_pp,-43.7408747606419
B2_primaria_5pb,diario,2025-04-07:gap_pp,-42.42059282734827
B2_primaria_5pb,diario,2025-04-08:gap_pp,-45.65190915848809
B2_primaria_5pb,diario,2025-04-09:gap_pp,-53.71514040285235
B2_primaria_5pb,diario,2025-04-10:gap_pp,-53.862394159339644
B2_primaria_5pb,diario,2025-04-11:gap_pp,-51.51954469784536
B2_primaria_5pb,diario,2025-04-14:gap_pp,-54.19346903444344
B2_primaria_5pb,diario,2025-04-15:gap_pp,-57.98307454951832
B2_primaria_5pb,diario,2025-04-16:gap_pp,-53.51541677102956
B2_primaria_5pb,diario,2025-04-17:gap_pp,-54.674692724671644
B2_primaria_5pb,diario,2025-04-18:gap_pp,-54.66373240503961
B2_primaria_5pb,diario,2025-04-21:gap_pp,-52.0567083153328
B2_primaria_5pb,diario,2025-04-22:gap_pp,-54.22609729764976
B2_primaria_5pb,diario,2025-04-23:gap_pp,-60.83951618231136
B2_primaria_5pb,diario,2025-04-24:gap_pp,-65.95718318378547
B2_primaria_5pb,diario,2025-04-25:gap_pp,-69.29199155981188
B2_primaria_5pb,diario,2025-04-28:gap_pp,-69.668295768381
B2_primaria_5pb,diario,2025-04-29:gap_pp,-69.8170322735497
B2_primaria_5pb,diario,2025-04-30:gap_pp,-69.73021505164377
B2_primaria_5pb,diario,2025-05-01:gap_pp,-70.66509608264833
B2_primaria_5pb,diario,2025-05-02:gap_pp,-75.66185330702264
B2_primaria_5pb,diario,2025-05-05:gap_pp,-75.07331904649386
B2_primaria_5pb,diario,2025-05-06:gap_pp,-73.88714393485891
B2_primaria_5pb,diario,2025-05-07:gap_pp,-74.08758249242948
B2_primaria_5pb,diario,2025-05-08:gap_pp,-77.98322366709125
B2_primaria_5pb,diario,2025-05-09:gap_pp,-77.60105051214627
B2_primaria_5pb,diario,2025-05-12:gap_pp,-82.78595486561619
B2_primaria_5pb,diario,2025-05-13:gap_pp,-87.84477386056236
B2_primaria_5pb,diario,2025-05-14:gap_pp,-88.40438987742473
B2_primaria_5pb,diario,2025-05-15:gap_pp,-88.4252271173017
B2_primaria_5pb,diario,2025-05-16:gap_pp,-88.62964590375408
B2_primaria_5pb,diario,2025-05-19:gap_pp,-87.39115702896692
B2_primaria_5pb,diario,2025-05-20:gap_pp,-87.63561872734964
B2_primaria_5pb,diario,2025-05-21:gap_pp,-85.8023368241746
B2_primaria_5pb,diario,2025-05-22:gap_pp,-85.3734737435522
B2_primaria_5pb,diario,2025-05-23:gap_pp,-84.39805310714962
B2_primaria_5pb,diario,2025-05-26:gap_pp,-84.79356180318341
B2_primaria_5pb,diario,2025-05-27:gap_pp,-87.0294241273625
B2_primaria_5pb,diario,2025-05-28:gap_pp,-87.9868515449128
B2_primaria_5pb,diario,2025-05-29:gap_pp,-88.88511007325428
B2_primaria_5pb,diario,2025-05-30:gap_pp,-89.11204501712173
B2_primaria_5pb,diario,2025-06-02:gap_pp,-89.49148848880797
B2_primaria_5pb,diario,2025-06-03:gap_pp,-90.88147489629716
B2_primaria_5pb,diario,2025-06-04:gap_pp,-92.09067084861691
B2_primaria_5pb,diario,2025-06-05:gap_pp,-90.11271430299219
B2_primaria_5pb,diario,2025-06-06:gap_pp,-91.73183901872517
B2_primaria_5pb,diario,2025-06-09:gap_pp,-91.82282855303625
B2_primaria_5pb,diario,2025-06-10:gap_pp,-92.46990309785208
B2_primaria_5pb,diario,2025-06-11:gap_pp,-92.45155348268386
B2_primaria_5pb,diario,2025-06-12:gap_pp,-92.04755137743115
B2_primaria_5pb,diario,2025-06-13:gap_pp,-91.49216972901009
B2_primaria_5pb,diario,2025-06-16:gap_pp,-92.80480104654758
B2_primaria_5pb,diario,2025-06-17:gap_pp,-91.05370373707125
B2_primaria_5pb,diario,2025-06-18:gap_pp,-90.66536773512657
B2_primaria_5pb,diario,2025-06-19:gap_pp,-90.6997963710441
B2_primaria_5pb,diario,2025-06-20:gap_pp,-89.38809712143632
B2_primaria_5pb,diario,2025-06-23:gap_pp,-90.27333786746384
B2_primaria_5pb,diario,2025-06-24:gap_pp,-92.34118685360586
B2_primaria_5pb,diario,2025-06-25:gap_pp,-92.20216423697856
B2_primaria_5pb,diario,2025-06-26:gap_pp,-92.20597395760457
B2_primaria_5pb,diario,2025-06-27:gap_pp,-91.19990980015054
B2_primaria_5pb,diario,2025-06-30:gap_pp,-92.04800031285583
B2_primaria_5pb,diario,2025-07-01:gap_pp,-89.67953359088266
B2_primaria_5pb,diario,2025-07-02:gap_pp,-91.28704708436548
B2_primaria_5pb,diario,2025-07-03:gap_pp,-92.36892840722408
B2_primaria_5pb,diario,2025-07-04:gap_pp,-92.17716227286556
B2_primaria_5pb,diario,2025-07-07:gap_pp,-93.54342984988723
B2_primaria_5pb,diario,2025-07-08:gap_pp,-92.97797914698754
B2_primaria_5pb,diario,2025-07-09:gap_pp,-94.48631025191798
B2_primaria_5pb,diario,2025-07-10:gap_pp,-94.37687423625142
B2_primaria_5pb,diario,2025-07-11:gap_pp,-93.58961203100226
B2_primaria_5pb,diario,2025-07-14:gap_pp,-95.85809661009318
B2_primaria_5pb,diario,2025-07-15:gap_pp,-95.87207915982803
B2_primaria_5pb,diario,2025-07-16:gap_pp,-96.48918520501562
B2_primaria_5pb,diario,2025-07-17:gap_pp,-97.5467586313747
B2_primaria_5pb,diario,2025-07-18:gap_pp,-95.84157850024108
B2_primaria_5pb,diario,2025-07-21:gap_pp,-94.89682826020282
B2_primaria_5pb,diario,2025-07-22:gap_pp,-94.56684018040633
B2_primaria_5pb,diario,2025-07-23:gap_pp,-96.24657930145844
B2_primaria_5pb,diario,2025-07-24:gap_pp,-96.70300002147358
B2_primaria_5pb,diario,2025-07-25:gap_pp,-97.52259745902396
B2_primaria_5pb,diario,2025-07-28:gap_pp,-97.27397338436279
B2_primaria_5pb,diario,2025-07-29:gap_pp,-97.08616518863987
B2_primaria_5pb,diario,2025-07-30:gap_pp,-97.85080356387901
B2_primaria_5pb,diario,2025-07-31:gap_pp,-101.10872909777567
B2_primaria_5pb,diario,2025-08-01:gap_pp,-98.53831527592673
B2_primaria_5pb,diario,2025-08-04:gap_pp,-100.04478910584788
B2_primaria_5pb,diario,2025-08-05:gap_pp,-98.78259719694218
B2_primaria_5pb,diario,2025-08-06:gap_pp,-100.4475190544401
B2_primaria_5pb,diario,2025-08-07:gap_pp,-100.39974550936164
B2_primaria_5pb,diario,2025-08-08:gap_pp,-101.01415433882642
B2_primaria_5pb,diario,2025-08-11:gap_pp,-101.28169586807776
B2_primaria_5pb,diario,2025-08-12:gap_pp,-102.86824990060022
B2_primaria_5pb,diario,2025-08-13:gap_pp,-101.8918429993199
B2_primaria_5pb,diario,2025-08-14:gap_pp,-102.68159791398142
B2_primaria_5pb,diario,2025-08-15:gap_pp,-101.13806308926303
B2_primaria_5pb,diario,2025-08-18:gap_pp,-101.62954928118553
B2_primaria_5pb,diario,2025-08-19:gap_pp,-97.4796064290957
B2_primaria_5pb,diario,2025-08-20:gap_pp,-97.12376568314802
B2_primaria_5pb,diario,2025-08-21:gap_pp,-97.38017627800524
B2_primaria_5pb,diario,2025-08-22:gap_pp,-98.57664965119153
B2_primaria_5pb,diario,2025-08-25:gap_pp,-97.14655884114384
B2_primaria_5pb,diario,2025-08-26:gap_pp,-99.22474051574599
B2_primaria_5pb,diario,2025-08-27:gap_pp,-99.59864308492341
B2_primaria_5pb,diario,2025-08-28:gap_pp,-99.61074472085365
B2_primaria_5pb,diario,2025-08-29:gap_pp,-98.61968435156972
B2_primaria_5pb,diario,2025-09-01:gap_pp,-99.00263690075252
B2_primaria_5pb,diario,2025-09-02:gap_pp,-98.48546578002279
B2_primaria_5pb,diario,2025-09-03:gap_pp,-98.34540406458783
B2_primaria_5pb,diario,2025-09-04:gap_pp,-99.49397673941169
B2_primaria_5pb,diario,2025-09-05:gap_pp,-99.12802188992534
B2_primaria_5pb,diario,2025-09-08:gap_pp,-101.37455126398942
B2_primaria_5pb,diario,2025-09-09:gap_pp,-103.57356455226072
B2_primaria_5pb,diario,2025-09-10:gap_pp,-107.07796519212978
B2_primaria_5pb,diario,2025-09-11:gap_pp,-107.68792668412806
B2_primaria_5pb,diario,2025-09-12:gap_pp,-107.69708463770466
B2_primaria_5pb,diario,2025-09-15:gap_pp,-108.1261248508688
B2_primaria_5pb,diario,2025-09-16:gap_pp,-107.95492190597574
B2_primaria_5pb,diario,2025-09-17:gap_pp,-106.58486975696661
B2_primaria_5pb,diario,2025-09-18:gap_pp,-109.10433239398365
B2_primaria_5pb,diario,2025-09-19:gap_pp,-111.98535469061852
B2_primaria_5pb,diario,2025-09-22:gap_pp,-110.59985453602977
B2_primaria_5pb,diario,2025-09-23:gap_pp,-109.93336835646213
B2_primaria_5pb,diario,2025-09-24:gap_pp,-111.31614367103285
B2_primaria_5pb,diario,2025-09-25:gap_pp,-111.0666250443566
B2_primaria_5pb,diario,2025-09-26:gap_pp,-113.88858026101491
B2_primaria_5pb,diario,2025-09-29:gap_pp,-115.40546673370729
B2_primaria_5pb,diario,2025-09-30:gap_pp,-116.505851921698
B2_primaria_5pb,diario,2025-10-01:gap_pp,-116.92240293008973
B2_primaria_5pb,diario,2025-10-02:gap_pp,-117.66328287153469
B2_primaria_5pb,diario,2025-10-03:gap_pp,-114.89223139815094
B2_primaria_5pb,diario,2025-10-06:gap_pp,-114.31740391907672
B2_primaria_5pb,diario,2025-10-07:gap_pp,-115.89837981178657
B2_primaria_5pb,diario,2025-10-08:gap_pp,-118.32382251265
B2_primaria_5pb,diario,2025-10-09:gap_pp,-117.2459420654793
B2_primaria_5pb,diario,2025-10-10:gap_pp,-113.11680409645943
B2_primaria_5pb,diario,2025-10-13:gap_pp,-116.27647441582867
B2_primaria_5pb,diario,2025-10-14:gap_pp,-115.80044059747922
B2_primaria_5pb,diario,2025-10-15:gap_pp,-115.84750003139514
B2_primaria_5pb,diario,2025-10-16:gap_pp,-114.30090822998704
B2_primaria_5pb,diario,2025-10-17:gap_pp,-113.20165937531029
B2_primaria_5pb,diario,2025-10-20:gap_pp,-114.5812727092001
B2_primaria_5pb,diario,2025-10-21:gap_pp,-114.9867632665718
B2_primaria_5pb,diario,2025-10-22:gap_pp,-113.45761845833435
B2_primaria_5pb,diario,2025-10-23:gap_pp,-115.79584508139385
B2_primaria_5pb,diario,2025-10-24:gap_pp,-118.80369344783513
B2_primaria_5pb,diario,2025-10-27:gap_pp,-120.2017545822885
B2_primaria_5pb,diario,2025-10-28:gap_pp,-120.12048040484214
B2_primaria_5pb,diario,2025-10-29:gap_pp,-122.23941275060635
B2_primaria_5pb,diario,2025-10-30:gap_pp,-121.24363882177877
B2_primaria_5pb,diario,2025-10-31:gap_pp,-123.1535783564127
B2_primaria_5pb,diario,2025-11-03:gap_pp,-123.8714274608989
B2_primaria_5pb,diario,2025-11-04:gap_pp,-119.48432618525
B2_primaria_5pb,diario,2025-11-05:gap_pp,-120.39311911686458
B2_primaria_5pb,diario,2025-11-06:gap_pp,-118.20351417065595
B2_primaria_5pb,diario,2025-11-07:gap_pp,-117.58420652192083
B2_primaria_5pb,diario,2025-11-10:gap_pp,-122.09952854596166
B2_primaria_5pb,diario,2025-11-11:gap_pp,-121.21400335990806
B2_primaria_5pb,diario,2025-11-12:gap_pp,-120.2353028972196
B2_primaria_5pb,diario,2025-11-13:gap_pp,-116.29730627601708
B2_primaria_5pb,diario,2025-11-14:gap_pp,-116.86378061549576
B2_primaria_5pb,diario,2025-11-17:gap_pp,-115.82130368252281
B2_primaria_5pb,diario,2025-11-18:gap_pp,-113.67450041865953
B2_primaria_5pb,diario,2025-11-19:gap_pp,-114.41205282754375
B2_primaria_5pb,diario,2025-11-20:gap_pp,-111.75813039610647
B2_primaria_5pb,diario,2025-11-21:gap_pp,-109.18889315176142
B2_primaria_5pb,diario,2025-11-24:gap_pp,-116.21426044691945
B2_primaria_5pb,diario,2025-11-25:gap_pp,-117.01767964305611
B2_primaria_5pb,diario,2025-11-26:gap_pp,-119.9660778300643
B2_primaria_5pb,diario,2025-11-27:gap_pp,-120.6300674424765
B2_primaria_5pb,diario,2025-11-28:gap_pp,-122.61381836668788
B2_primaria_5pb,diario,2025-12-01:gap_pp,-121.54978290030935
B2_primaria_5pb,diario,2025-12-02:gap_pp,-124.73677711069355
B2_primaria_5pb,diario,2025-12-03:gap_pp,-126.31606462680904
B2_primaria_5pb,diario,2025-12-04:gap_pp,-127.42186892224834
B2_primaria_5pb,diario,2025-12-05:gap_pp,-129.9447719397578
B2_primaria_5pb,diario,2025-12-08:gap_pp,-130.50987691397953
B2_primaria_5pb,diario,2025-12-09:gap_pp,-131.81341381054304
B2_primaria_5pb,diario,2025-12-10:gap_pp,-132.13215889531998
B2_primaria_5pb,diario,2025-12-11:gap_pp,-130.41677876309956
B2_primaria_5pb,diario,2025-12-12:gap_pp,-125.56645082458802
B2_primaria_5pb,diario,2025-12-15:gap_pp,-122.91082339083117
B2_primaria_5pb,diario,2025-12-16:gap_pp,-122.38857440878424
B2_primaria_5pb,diario,2025-12-17:gap_pp,-118.87201743819942
B2_primaria_5pb,diario,2025-12-18:gap_pp,-122.27148257881272
B2_primaria_5pb,diario,2025-12-19:gap_pp,-126.10490233215302
B2_primaria_5pb,diario,2025-12-22:gap_pp,-126.76823091966088
B2_primaria_5pb,diario,2025-12-23:gap_pp,-126.30868623209888
B2_primaria_5pb,diario,2025-12-24:gap_pp,-126.49223056777484
B2_primaria_5pb,diario,2025-12-25:gap_pp,-126.33233930210675
B2_primaria_5pb,diario,2025-12-26:gap_pp,-125.61635755661116
B2_primaria_5pb,diario,2025-12-29:gap_pp,-124.23657321766368
B2_primaria_5pb,diario,2025-12-30:gap_pp,-123.36451270445423
B2_primaria_5pb,diario,2025-12-31:gap_pp,-121.7587711655125
B2_primaria_5pb,diario,2026-01-02:gap_pp,-119.49732471125228
B2_primaria_5pb,diario,2026-01-05:gap_pp,-123.64649940620416
B2_primaria_5pb,diario,2026-01-06:gap_pp,-124.77990571255813
B2_primaria_5pb,diario,2026-01-07:gap_pp,-124.67636697293223
B2_primaria_5pb,diario,2026-01-08:gap_pp,-122.93813858523652
B2_primaria_5pb,diario,2026-01-09:gap_pp,-124.69399708050368
B2_primaria_5pb,diario,2026-01-12:gap_pp,-125.12066394615269
B2_primaria_5pb,diario,2026-01-13:gap_pp,-126.01504308262261
B2_primaria_5pb,diario,2026-01-14:gap_pp,-123.30137652072617
B2_primaria_5pb,diario,2026-01-15:gap_pp,-121.78843240589721
B2_primaria_5pb,diario,2026-01-16:gap_pp,-121.23933160485933
B2_primaria_5pb,diario,2026-01-19:gap_pp,-120.76097961336674
B2_primaria_5pb,diario,2026-01-20:gap_pp,-117.26792190949826
B2_primaria_5pb,diario,2026-01-21:gap_pp,-116.84700400910282
B2_primaria_5pb,diario,2026-01-22:gap_pp,-118.72387980615646
B2_primaria_5pb,diario,2026-01-23:gap_pp,-119.52442523979599
B2_primaria_5pb,diario,2026-01-26:gap_pp,-118.2615238994189
B2_primaria_5pb,diario,2026-01-27:gap_pp,-117.4117575809871
B2_primaria_5pb,diario,2026-01-28:gap_pp,-115.58507042464771
B2_primaria_5pb,diario,2026-01-29:gap_pp,-114.94518896598504
B2_primaria_5pb,diario,2026-01-30:gap_pp,-111.69589309442507
B2_primaria_5pb,diario,2026-02-02:gap_pp,-113.77114293708321
B2_primaria_5pb,diario,2026-02-03:gap_pp,-113.61059429795253
B2_primaria_5pb,diario,2026-02-04:gap_pp,-106.90025500766684
B2_primaria_5pb,diario,2026-02-05:gap_pp,-102.68101313452507
B2_primaria_5pb,diario,2026-02-06:gap_pp,-107.17157866274927
B2_primaria_5pb,diario,2026-02-09:gap_pp,-111.7189451928976
B2_primaria_5pb,diario,2026-02-10:gap_pp,-111.9037502584715
B2_primaria_5pb,diario,2026-02-11:gap_pp,-109.588181793973
B2_primaria_5pb,diario,2026-02-12:gap_pp,-103.63732623672529
B2_primaria_5pb,diario,2026-02-13:gap_pp,-105.84629588727701
B2_primaria_5pb,diario,2026-02-16:gap_pp,-107.25490671545208
B2_primaria_5pb,diario,2026-02-17:gap_pp,-107.03373129010103
B2_primaria_5pb,diario,2026-02-18:gap_pp,-109.23823552901521
B2_primaria_5pb,diario,2026-02-19:gap_pp,-109.07002675100061
B2_primaria_5pb,diario,2026-02-20:gap_pp,-110.0658232108467
B2_primaria_5pb,diario,2026-02-23:gap_pp,-106.04396406066274
B2_primaria_5pb,diario,2026-02-24:gap_pp,-106.86591976063013
B2_primaria_5pb,diario,2026-02-25:gap_pp,-110.33558589867836
B2_primaria_5pb,diario,2026-02-26:gap_pp,-109.50406793916197
B2_primaria_5pb,diario,2026-02-27:gap_pp,-106.99647206744957
B2_primaria_5pb,diario,2026-03-02:gap_pp,-105.45592902281227
B2_primaria_5pb,diario,2026-03-03:gap_pp,-106.6732355830052
B2_primaria_5pb,diario,2026-03-04:gap_pp,-111.22751197153313
B2_primaria_5pb,diario,2026-03-05:gap_pp,-111.95293158939069
B2_primaria_5pb,diario,2026-03-06:gap_pp,-110.82172220091142
B2_primaria_5pb,diario,2026-03-09:gap_pp,-112.11765104453184
B2_primaria_5pb,diario,2026-03-10:gap_pp,-113.44436940641269
B2_primaria_5pb,diario,2026-03-11:gap_pp,-113.17217166436548
B2_primaria_5pb,diario,2026-03-12:gap_pp,-109.92565506245089
B2_primaria_5pb,diario,2026-03-13:gap_pp,-107.14889390902198
B2_primaria_5pb,diario,2026-03-16:gap_pp,-108.89220841461886
B2_primaria_5pb,diario,2026-03-17:gap_pp,-108.30943288637617
B2_primaria_5pb,diario,2026-03-18:gap_pp,-108.55282557869847
B2_primaria_5pb,diario,2026-03-19:gap_pp,-105.90056470490903
B2_primaria_5pb,diario,2026-03-20:gap_pp,-101.95280507220943
B2_primaria_5pb,diario,2026-03-23:gap_pp,-106.47947136340281
B2_primaria_5pb,diario,2026-03-24:gap_pp,-102.77465642854887
B2_primaria_5pb,diario,2026-03-25:gap_pp,-104.64520690564989
B2_primaria_5pb,diario,2026-03-26:gap_pp,-98.55269664875014
B2_primaria_5pb,diario,2026-03-27:gap_pp,-94.76593022495621
B2_primaria_5pb,diario,2026-03-30:gap_pp,-93.07848081650036
B2_primaria_5pb,diario,2026-03-31:gap_pp,-97.69126625395756
B2_primaria_5pb,diario,2026-04-01:gap_pp,-103.36774246091211
B2_primaria_5pb,diario,2026-04-02:gap_pp,-100.45062782347509
B2_primaria_5pb,diario,2026-04-03:gap_pp,-100.90882617451746
B2_primaria_5pb,diario,2026-04-06:gap_pp,-101.58373293767539
B2_primaria_5pb,diario,2026-04-07:gap_pp,-100.42160318060967
B2_primaria_5pb,diario,2026-04-08:gap_pp,-105.23754776815724
B2_primaria_5pb,diario,2026-04-09:gap_pp,-103.31572575843194
B2_primaria_5pb,diario,2026-04-10:gap_pp,-103.53229455420514
B2_primaria_5pb,diario,2026-04-13:gap_pp,-105.81376644591052
B2_primaria_5pb,diario,2026-04-14:gap_pp,-109.00488396551862
B2_primaria_5pb,diario,2026-04-15:gap_pp,-112.36713495817341
B2_primaria_5pb,diario,2026-04-16:gap_pp,-112.89976881391613
B2_primaria_5pb,diario,2026-04-17:gap_pp,-113.0546748290136
B2_primaria_5pb,diario,2026-04-20:gap_pp,-112.31490566693031
B2_primaria_5pb,diario,2026-04-21:gap_pp,-110.77241295330806
B2_primaria_5pb,diario,2026-04-22:gap_pp,-112.72570137580928
B2_primaria_5pb,diario,2026-04-23:gap_pp,-110.63036742137793
B2_primaria_5pb,diario,2026-04-24:gap_pp,-113.75101257770497
B2_primaria_5pb,diario,2026-04-27:gap_pp,-113.44614171169806
B2_primaria_5pb,diario,2026-04-28:gap_pp,-112.58533877507884
B2_primaria_5pb,diario,2026-04-29:gap_pp,-113.07501649733189
B2_primaria_5pb,diario,2026-04-30:gap_pp,-114.54668174402283
B2_primaria_5pb,diario,2026-05-01:gap_pp,-115.09117818129873
B2_primaria_5pb,diario,2026-05-04:gap_pp,-117.08245705215646
B2_primaria_5pb,diario,2026-05-05:gap_pp,-115.63576229869055
B2_primaria_5pb,diario,2026-05-06:gap_pp,-117.48558723617583
B2_primaria_5pb,diario,2026-05-07:gap_pp,-118.26299104966643
B2_primaria_5pb,diario,2026-05-08:gap_pp,-118.53754209212019
B2_primaria_5pb,diario,2026-05-11:gap_pp,-117.84664748746808
B2_primaria_5pb,diario,2026-05-12:gap_pp,-117.13289519891434
B2_primaria_5pb,diario,2026-05-13:gap_pp,-116.96721291201267
B2_primaria_5pb,diario,2026-05-14:gap_pp,-119.42373555842833
B2_primaria_5pb,diario,2026-05-15:gap_pp,-117.43909515191446
B2_primaria_5pb,diario,2026-05-18:gap_pp,-117.1468207300024
B2_primaria_5pb,diario,2026-05-19:gap_pp,-119.15949135611528
B2_primaria_5pb,diario,2026-05-20:gap_pp,-121.76751574365252
B2_primaria_5pb,diario,2026-05-21:gap_pp,-120.61535662293812
B2_primaria_5pb,diario,2026-05-22:gap_pp,-119.51059379906096
B2_primaria_5pb,diario,2026-05-25:gap_pp,-118.85595724822142
B2_primaria_5pb,diario,2026-05-26:gap_pp,-120.60747327895184
B2_primaria_5pb,diario,2026-05-27:gap_pp,-122.69329530147854
B2_primaria_5pb,diario,2026-05-28:gap_pp,-125.25873372588615
B2_primaria_5pb,diario,2026-05-29:gap_pp,-126.21125512914611
B2_primaria_5pb,diario,2026-06-01:gap_pp,-126.86587021957018
B2_primaria_5pb,diario,2026-06-02:gap_pp,-126.42636571751336
B2_primaria_5pb,diario,2026-06-03:gap_pp,-123.56393247837323
B2_primaria_5pb,diario,2026-06-04:gap_pp,-120.40803451789941
B2_primaria_5pb,diario,2026-06-05:gap_pp,-112.84292734448087
B2_primaria_5pb,diario,2026-06-08:gap_pp,-118.36583342108193
B2_primaria_5pb,diario,2026-06-09:gap_pp,-116.33265129650808
B2_primaria_5pb,diario,2026-06-10:gap_pp,-112.2786017671427
B2_primaria_5pb,diario,2026-06-11:gap_pp,-114.9161785069293
B2_primaria_5pb,diario,2026-06-12:gap_pp,-116.60040020793949
B2_primaria_5pb,diario,2026-06-15:gap_pp,-124.60294468678312
B2_primaria_5pb,diario,2026-06-16:gap_pp,-123.35714127002393
B2_primaria_5pb,diario,2026-06-17:gap_pp,-121.07971904057693
B2_primaria_5pb,diario,2026-06-18:gap_pp,-125.12130533944985
B2_primaria_5pb,diario,2026-06-19:gap_pp,-126.00397142493361
B2_primaria_5pb,diario,2026-06-22:gap_pp,-124.37397831024941
B2_primaria_5pb,diario,2026-06-23:gap_pp,-120.32461157856314
B2_primaria_5pb,diario,2026-06-24:gap_pp,-120.04044020627482
B2_primaria_5pb,diario,2026-06-25:gap_pp,-120.46060620158391
B2_primaria_5pb,diario,2026-06-26:gap_pp,-119.60364537262511
B2_primaria_5pb,diario,2026-06-29:gap_pp,-124.41740539224794
B2_primaria_5pb,diario,2026-06-30:gap_pp,-127.52737178600788
B2_primaria_5pb,diario,2026-07-01:gap_pp,-128.32869885242596
B2_primaria_5pb,diario,2026-07-02:gap_pp,-127.11754270869294
B2_primaria_5pb,diario,2026-07-03:gap_pp,-126.79871627227955
B2_primaria_5pb,diario,2026-07-06:gap_pp,-130.35519509784294
B2_primaria_5pb,diario,2026-07-07:gap_pp,-127.89885119155353
B2_primaria_5pb,diario,2026-07-08:gap_pp,-127.66249002562344
B2_primaria_5pb,diario,2026-07-09:gap_pp,-129.769099333534
B2_primaria_5pb,diario,2026-07-10:gap_pp,-129.10848442300016
B2_primaria_5pb,diario,2026-07-13:gap_pp,-124.05027878411876
B2_primaria_5pb,diario,2026-07-14:gap_pp,-128.39559679879872
B2_primaria_5pb,diario,2026-07-15:gap_pp,-125.66935632371177
B2_primaria_5pb,diario,2026-07-16:gap_pp,-120.94478026984189
B2_primaria_5pb,diario,2026-07-17:gap_pp,-119.69198034957125
B2_primaria_5pb,diario,2026-07-20:gap_pp,-121.90679114158374
B2_primaria_5pb,diario,2026-07-21:gap_pp,-129.02548531153454
B2_primaria_5pb,diario,2026-07-22:gap_pp,-127.5326815529525
B2_primaria_5pb,diario,2026-07-23:gap_pp,-126.49041906791514
B2_primaria_5pb,diario,2026-07-24:gap_pp,-121.26079551772845
B2_primaria_5pb,diario,2026-07-27:gap_pp,-119.70128129450521
B2_primaria_5pb,diario,2026-07-28:gap_pp,-112.03697644889927
B2_primaria_5pb,diario,2026-07-29:gap_pp,-107.00235573757446
B2_primaria_5pb,diario,2026-07-30:gap_pp,-117.9123918039795
B2_primaria_5pb,diario,2026-07-31:gap_pp,-122.38389172559954
B2_primaria_5pb,diario,2026-08-03:gap_pp,-125.75539113428174
B2_primaria_5pb,diario,2026-08-04:gap_pp,-137.22095728605126
B2_primaria_5pb,diario,2026-08-05:gap_pp,-136.43087092171973
B2_primaria_5pb,diario,2026-08-06:gap_pp,-132.4135917028843
B2_primaria_5pb,diario,2026-08-07:gap_pp,-136.88493324289053
B2_primaria_5pb,diario,2026-08-10:gap_pp,-137.8959794104707
B2_primaria_5pb,diario,2026-08-11:gap_pp,-137.35529447823137
B2_primaria_5pb,diario,2026-08-12:gap_pp,-138.85584814648908
B2_primaria_5pb,diario,2026-08-13:gap_pp,-143.36178925882575
B2_primaria_5pb,diario,2026-08-14:gap_pp,-141.7572411336083
B2_primaria_5pb,diario,2026-08-17:gap_pp,-142.8028387385757
B2_primaria_5pb,diario,2026-08-18:gap_pp,-135.82830937101272
B2_primaria_5pb,diario,2026-08-19:gap_pp,-134.28597507717538
B2_primaria_5pb,diario,2026-08-20:gap_pp,-133.93892158699168
B2_primaria_5pb,diario,2026-08-21:gap_pp,-135.43071737236545
B2_primaria_5pb,diario,2026-08-24:gap_pp,-130.90771038109327
B2_primaria_5pb,diario,2026-08-25:gap_pp,-132.59937686477207
B2_primaria_5pb,diario,2026-08-26:gap_pp,-132.94252737264443
B2_primaria_5pb,diario,2026-08-27:gap_pp,-139.2562913711914
B2_primaria_5pb,cierre_anio,2022:2022-12-30:gap_pp,-6.85810680155603
B2_primaria_5pb,cierre_anio,2023:2023-12-29:gap_pp,-21.086739890486395
B2_primaria_5pb,cierre_anio,2024:2024-12-31:gap_pp,-65.21932195219232
B2_primaria_5pb,cierre_anio,2025:2025-12-31:gap_pp,-121.7587711655125
B2_primaria_5pb,cierre_anio,2026:2026-08-27:gap_pp,-139.2562913711914
B2_primaria_5pb,mitad,primera_mitad:2024-07-19:gap_pp,-30.35319196667392
B2_primaria_5pb,mitad,final:2026-08-27:gap_pp,-139.2562913711914
B2_primaria_5pb,exceso_mensual,2022-06:exceso_pp,1.160755455367135
B2_primaria_5pb,exceso_mensual,2022-06:r_sis_pp,0.0
B2_primaria_5pb,exceso_mensual,2022-06:r_bench_pp,-1.160755455367135
B2_primaria_5pb,exceso_mensual,2022-07:exceso_pp,-9.433187740531912
B2_primaria_5pb,exceso_mensual,2022-07:r_sis_pp,-0.12501187869645713
B2_primaria_5pb,exceso_mensual,2022-07:r_bench_pp,9.308175861835455
B2_primaria_5pb,exceso_mensual,2022-08:exceso_pp,1.0945265857660758
B2_primaria_5pb,exceso_mensual,2022-08:r_sis_pp,-2.204722777594248
B2_primaria_5pb,exceso_mensual,2022-08:r_bench_pp,-3.2992493633603237
B2_primaria_5pb,exceso_mensual,2022-09:exceso_pp,3.631836150822265
B2_primaria_5pb,exceso_mensual,2022-09:r_sis_pp,-3.916544074313022
B2_primaria_5pb,exceso_mensual,2022-09:r_bench_pp,-7.548380225135287
B2_primaria_5pb,exceso_mensual,2022-10:exceso_pp,-5.853077720128863
B2_primaria_5pb,exceso_mensual,2022-10:r_sis_pp,0.0
B2_primaria_5pb,exceso_mensual,2022-10:r_bench_pp,5.853077720128863
B2_primaria_5pb,exceso_mensual,2022-11:exceso_pp,-3.089399004366955
B2_primaria_5pb,exceso_mensual,2022-11:r_sis_pp,1.5303483747326485
B2_primaria_5pb,exceso_mensual,2022-11:r_bench_pp,4.6197473790996035
B2_primaria_5pb,exceso_mensual,2022-12:exceso_pp,4.2295123357672715
B2_primaria_5pb,exceso_mensual,2022-12:r_sis_pp,-2.563269728491191
B2_primaria_5pb,exceso_mensual,2022-12:r_bench_pp,-6.792782064258462
B2_primaria_5pb,exceso_mensual,2023-01:exceso_pp,1.4580320739836061
B2_primaria_5pb,exceso_mensual,2023-01:r_sis_pp,10.94266273587663
B2_primaria_5pb,exceso_mensual,2023-01:r_bench_pp,9.484630661893023
B2_primaria_5pb,exceso_mensual,2023-02:exceso_pp,-1.1445192221469336
B2_primaria_5pb,exceso_mensual,2023-02:r_sis_pp,0.30267805635069145
B2_primaria_5pb,exceso_mensual,2023-02:r_bench_pp,1.447197278497625
B2_primaria_5pb,exceso_mensual,2023-03:exceso_pp,0.7221951696196438
B2_primaria_5pb,exceso_mensual,2023-03:r_sis_pp,3.5859397320661124
B2_primaria_5pb,exceso_mensual,2023-03:r_bench_pp,2.8637445624464686
B2_primaria_5pb,exceso_mensual,2023-04:exceso_pp,1.0125046547806882
B2_primaria_5pb,exceso_mensual,2023-04:r_sis_pp,0.1418784468025125
B2_primaria_5pb,exceso_mensual,2023-04:r_bench_pp,-0.8706262079781757
B2_primaria_5pb,exceso_mensual,2023-05:exceso_pp,0.9324767293148462
B2_primaria_5pb,exceso_mensual,2023-05:r_sis_pp,8.77630754770966
B2_primaria_5pb,exceso_mensual,2023-05:r_bench_pp,7.843830818394815
B2_primaria_5pb,exceso_mensual,2023-06:exceso_pp,-0.13620111319567751
B2_primaria_5pb,exceso_mensual,2023-06:r_sis_pp,3.788094219503102
B2_primaria_5pb,exceso_mensual,2023-06:r_bench_pp,3.9242953326987795
B2_primaria_5pb,exceso_mensual,2023-07:exceso_pp,-3.064626639482082
B2_primaria_5pb,exceso_mensual,2023-07:r_sis_pp,0.7257344106224917
B2_primaria_5pb,exceso_mensual,2023-07:r_bench_pp,3.7903610501045737
B2_primaria_5pb,exceso_mensual,2023-08:exceso_pp,-1.1661701638075783
B2_primaria_5pb,exceso_mensual,2023-08:r_sis_pp,-2.1238085144022145
B2_primaria_5pb,exceso_mensual,2023-08:r_bench_pp,-0.9576383505946362
B2_primaria_5pb,exceso_mensual,2023-09:exceso_pp,2.291289833050991
B2_primaria_5pb,exceso_mensual,2023-09:r_sis_pp,0.7462217991980769
B2_primaria_5pb,exceso_mensual,2023-09:r_bench_pp,-1.5450680338529144
B2_primaria_5pb,exceso_mensual,2023-10:exceso_pp,-2.3068109980666107
B2_primaria_5pb,exceso_mensual,2023-10:r_sis_pp,-4.98673312047111
B2_primaria_5pb,exceso_mensual,2023-10:r_bench_pp,-2.679922122404499
B2_primaria_5pb,exceso_mensual,2023-11:exceso_pp,-3.821670537201727
B2_primaria_5pb,exceso_mensual,2023-11:r_sis_pp,6.644052737695216
B2_primaria_5pb,exceso_mensual,2023-11:r_bench_pp,10.465723274896943
B2_primaria_5pb,exceso_mensual,2023-12:exceso_pp,-3.697004537187376
B2_primaria_5pb,exceso_mensual,2023-12:r_sis_pp,0.4274004418468369
B2_primaria_5pb,exceso_mensual,2023-12:r_bench_pp,4.124404979034213
B2_primaria_5pb,exceso_mensual,2024-01:exceso_pp,-1.3042356933515187
B2_primaria_5pb,exceso_mensual,2024-01:r_sis_pp,3.151123511018894
B2_primaria_5pb,exceso_mensual,2024-01:r_bench_pp,4.455359204370413
B2_primaria_5pb,exceso_mensual,2024-02:exceso_pp,-2.312495003181092
B2_primaria_5pb,exceso_mensual,2024-02:r_sis_pp,7.653389418013656
B2_primaria_5pb,exceso_mensual,2024-02:r_bench_pp,9.965884421194747
B2_primaria_5pb,exceso_mensual,2024-03:exceso_pp,2.098494640882831
B2_primaria_5pb,exceso_mensual,2024-03:r_sis_pp,7.2038201065020235
B2_primaria_5pb,exceso_mensual,2024-03:r_bench_pp,5.105325465619193
B2_primaria_5pb,exceso_mensual,2024-04:exceso_pp,2.493389832303361
B2_primaria_5pb,exceso_mensual,2024-04:r_sis_pp,-1.7049568194312026
B2_primaria_5pb,exceso_mensual,2024-04:r_bench_pp,-4.198346651734564
B2_primaria_5pb,exceso_mensual,2024-05:exceso_pp,-1.9909401052132347
B2_primaria_5pb,exceso_mensual,2024-05:r_sis_pp,1.9997030822363149
B2_primaria_5pb,exceso_mensual,2024-05:r_bench_pp,3.9906431874495496
B2_primaria_5pb,exceso_mensual,2024-06:exceso_pp,-2.442919859234971
B2_primaria_5pb,exceso_mensual,2024-06:r_sis_pp,3.2171436813688503
B2_primaria_5pb,exceso_mensual,2024-06:r_bench_pp,5.660063540603821
B2_primaria_5pb,exceso_mensual,2024-07:exceso_pp,-1.256524263512182
B2_primaria_5pb,exceso_mensual,2024-07:r_sis_pp,-3.500323594079735
B2_primaria_5pb,exceso_mensual,2024-07:r_bench_pp,-2.243799330567553
B2_primaria_5pb,exceso_mensual,2024-08:exceso_pp,-2.9696804891710227
B2_primaria_5pb,exceso_mensual,2024-08:r_sis_pp,-1.090557893645372
B2_primaria_5pb,exceso_mensual,2024-08:r_bench_pp,1.8791225955256508
B2_primaria_5pb,exceso_mensual,2024-09:exceso_pp,-1.204754768078975
B2_primaria_5pb,exceso_mensual,2024-09:r_sis_pp,1.6635015765961825
B2_primaria_5pb,exceso_mensual,2024-09:r_bench_pp,2.8682563446751574
B2_primaria_5pb,exceso_mensual,2024-10:exceso_pp,-4.106454692913452
B2_primaria_5pb,exceso_mensual,2024-10:r_sis_pp,-1.1180372177997167
B2_primaria_5pb,exceso_mensual,2024-10:r_bench_pp,2.988417475113736
B2_primaria_5pb,exceso_mensual,2024-11:exceso_pp,-6.631714563606894
B2_primaria_5pb,exceso_mensual,2024-11:r_sis_pp,4.452046832076317
B2_primaria_5pb,exceso_mensual,2024-11:r_bench_pp,11.083761395683212
B2_primaria_5pb,exceso_mensual,2024-12:exceso_pp,-1.20863871242054
B2_primaria_5pb,exceso_mensual,2024-12:r_sis_pp,0.11112114588063271
B2_primaria_5pb,exceso_mensual,2024-12:r_bench_pp,1.3197598583011727
B2_primaria_5pb,exceso_mensual,2025-01:exceso_pp,-3.773885740297178
B2_primaria_5pb,exceso_mensual,2025-01:r_sis_pp,2.0142330174929723
B2_primaria_5pb,exceso_mensual,2025-01:r_bench_pp,5.7881187577901505
B2_primaria_5pb,exceso_mensual,2025-02:exceso_pp,3.1692796594853134
B2_primaria_5pb,exceso_mensual,2025-02:r_sis_pp,3.1118267564488766
B2_primaria_5pb,exceso_mensual,2025-02:r_bench_pp,-0.0574529030364368
B2_primaria_5pb,exceso_mensual,2025-03:exceso_pp,3.683760452204876
B2_primaria_5pb,exceso_mensual,2025-03:r_sis_pp,-4.522904420405194
B2_primaria_5pb,exceso_mensual,2025-03:r_bench_pp,-8.20666487261007
B2_primaria_5pb,exceso_mensual,2025-04:exceso_pp,-7.164847021715004
B2_primaria_5pb,exceso_mensual,2025-04:r_sis_pp,-6.017354038075573
B2_primaria_5pb,exceso_mensual,2025-04:r_bench_pp,1.147492983639431
B2_primaria_5pb,exceso_mensual,2025-05:exceso_pp,-8.36601000077264
B2_primaria_5pb,exceso_mensual,2025-05:r_sis_pp,2.3126067057831934
B2_primaria_5pb,exceso_mensual,2025-05:r_bench_pp,10.678616706555832
B2_primaria_5pb,exceso_mensual,2025-06:exceso_pp,0.6853599227828022
B2_primaria_5pb,exceso_mensual,2025-06:r_sis_pp,5.102670781390772
B2_primaria_5pb,exceso_mensual,2025-06:r_bench_pp,4.41731085860797
B2_primaria_5pb,exceso_mensual,2025-07:exceso_pp,-3.1617360983140053
B2_primaria_5pb,exceso_mensual,2025-07:r_sis_pp,1.412114073134929
B2_primaria_5pb,exceso_mensual,2025-07:r_bench_pp,4.573850171448934
B2_primaria_5pb,exceso_mensual,2025-08:exceso_pp,1.308355321880783
B2_primaria_5pb,exceso_mensual,2025-08:r_sis_pp,0.8598465434472846
B2_primaria_5pb,exceso_mensual,2025-08:r_bench_pp,-0.44850877843349846
B2_primaria_5pb,exceso_mensual,2025-09:exceso_pp,-5.398424497263998
B2_primaria_5pb,exceso_mensual,2025-09:r_sis_pp,4.1483323122412985
B2_primaria_5pb,exceso_mensual,2025-09:r_bench_pp,9.546756809505297
B2_primaria_5pb,exceso_mensual,2025-10:exceso_pp,0.254286253786451
B2_primaria_5pb,exceso_mensual,2025-10:r_sis_pp,6.316903858759804
B2_primaria_5pb,exceso_mensual,2025-10:r_bench_pp,6.062617604973353
B2_primaria_5pb,exceso_mensual,2025-11:exceso_pp,-3.0725856758846426
B2_primaria_5pb,exceso_mensual,2025-11:r_sis_pp,-7.84586468386027
B2_primaria_5pb,exceso_mensual,2025-11:r_bench_pp,-4.773279007975628
B2_primaria_5pb,exceso_mensual,2025-12:exceso_pp,0.9856491954611579
B2_primaria_5pb,exceso_mensual,2025-12:r_sis_pp,1.575450759495567
B2_primaria_5pb,exceso_mensual,2025-12:r_bench_pp,0.589801564034409
B2_primaria_5pb,exceso_mensual,2026-01:exceso_pp,6.096536879941938
B2_primaria_5pb,exceso_mensual,2026-01:r_sis_pp,5.975570986672429
B2_primaria_5pb,exceso_mensual,2026-01:r_bench_pp,-0.12096589326950902
B2_primaria_5pb,exceso_mensual,2026-02:exceso_pp,3.7269612267477603
B2_primaria_5pb,exceso_mensual,2026-02:r_sis_pp,5.270830764061207
B2_primaria_5pb,exceso_mensual,2026-02:r_bench_pp,1.543869537313447
B2_primaria_5pb,exceso_mensual,2026-03:exceso_pp,1.4812293498739248
B2_primaria_5pb,exceso_mensual,2026-03:r_sis_pp,-4.703612924277212
B2_primaria_5pb,exceso_mensual,2026-03:r_bench_pp,-6.184842274151137
B2_primaria_5pb,exceso_mensual,2026-04:exceso_pp,-3.4699958217579097
B2_primaria_5pb,exceso_mensual,2026-04:r_sis_pp,7.641917559141476
B2_primaria_5pb,exceso_mensual,2026-04:r_bench_pp,11.111913380899384
B2_primaria_5pb,exceso_mensual,2026-05:exceso_pp,0.5283366300987691
B2_primaria_5pb,exceso_mensual,2026-05:r_sis_pp,11.570075377767086
B2_primaria_5pb,exceso_mensual,2026-05:r_bench_pp,11.041738747668317
B2_primaria_5pb,exceso_mensual,2026-06:exceso_pp,0.9414017074160341
B2_primaria_5pb,exceso_mensual,2026-06:r_sis_pp,3.5331201135966106
B2_primaria_5pb,exceso_mensual,2026-06:r_bench_pp,2.5917184061805765
B2_primaria_5pb,exceso_mensual,2026-07:exceso_pp,-1.0088041767158273
B2_primaria_5pb,exceso_mensual,2026-07:r_sis_pp,-6.742779005378718
B2_primaria_5pb,exceso_mensual,2026-07:r_bench_pp,-5.733974828662891
B2_primaria_5pb,exceso_mensual,2026-08:exceso_pp,-5.180522476932503
B2_primaria_5pb,exceso_mensual,2026-08:r_sis_pp,0.11870352152347774
B2_primaria_5pb,exceso_mensual,2026-08:r_bench_pp,5.299225998455981
B2_primaria_5pb,mejores_meses,2026-01:exceso_pp,6.096536879941938
B2_primaria_5pb,mejores_meses,2022-12:exceso_pp,4.2295123357672715
B2_primaria_5pb,mejores_meses,2026-02:exceso_pp,3.7269612267477603
B2_primaria_5pb,mejores_meses,2025-03:exceso_pp,3.683760452204876
B2_primaria_5pb,mejores_meses,2022-09:exceso_pp,3.631836150822265
B2_primaria_5pb,peores_meses,2022-07:exceso_pp,-9.433187740531912
B2_primaria_5pb,peores_meses,2025-05:exceso_pp,-8.36601000077264
B2_primaria_5pb,peores_meses,2025-04:exceso_pp,-7.164847021715004
B2_primaria_5pb,peores_meses,2024-11:exceso_pp,-6.631714563606894
B2_primaria_5pb,peores_meses,2022-10:exceso_pp,-5.853077720128863
B2_primaria_5pb,conteo_meses,exceso_gt_0_n,22
B2_primaria_5pb,conteo_meses,exceso_lt_0_n,29
B2_primaria_5pb,conteo_meses,total_n,51
B2_primaria_5pb,exceso_anual,2022:r_sis_pp,-7.158571041026396
B2_primaria_5pb,exceso_anual,2022:r_bench_pp,-0.30046423947036605
B2_primaria_5pb,exceso_anual,2022:exceso_pp,-6.85810680155603
B2_primaria_5pb,log_gap,2022:2022-12-30:log_adimensional,-0.07126804767489213
B2_primaria_5pb,log_gap_aporte_anual,2022:log_adimensional,-0.07126804767489213
B2_primaria_5pb,exceso_anual,2023:r_sis_pp,31.713076311115863
B2_primaria_5pb,exceso_anual,2023:r_bench_pp,43.80311901142206
B2_primaria_5pb,exceso_anual,2023:exceso_pp,-12.090042700306203
B2_primaria_5pb,log_gap,2023:2023-12-29:log_adimensional,-0.15908729021365736
B2_primaria_5pb,log_gap_aporte_anual,2023:log_adimensional,-0.08781924253876523
B2_primaria_5pb,exceso_anual,2024:r_sis_pp,23.605935384481658
B2_primaria_5pb,exceso_anual,2024:r_bench_pp,50.91609460834255
B2_primaria_5pb,exceso_anual,2024:exceso_pp,-27.310159223860886
B2_primaria_5pb,log_gap,2024:2024-12-31:log_adimensional,-0.35871274296357514
B2_primaria_5pb,log_gap_aporte_anual,2024:log_adimensional,-0.19962545274991778
B2_primaria_5pb,exceso_anual,2025:r_sis_pp,7.603249201095563
B2_primaria_5pb,exceso_anual,2025:r_bench_pp,31.442352129512784
B2_primaria_5pb,exceso_anual,2025:exceso_pp,-23.839102928417223
B2_primaria_5pb,log_gap,2025:2025-12-31:log_adimensional,-0.5588302673060092
B2_primaria_5pb,log_gap_aporte_anual,2025:log_adimensional,-0.20011752434243402
B2_primaria_5pb,exceso_anual,2026:r_sis_pp,23.42308356321956
B2_primaria_5pb,exceso_anual,2026:r_bench_pp,19.54753179578701
B2_primaria_5pb,exceso_anual,2026:exceso_pp,3.87555176743255
B2_primaria_5pb,log_gap,2026:2026-08-27:log_adimensional,-0.5269261583188408
B2_primaria_5pb,log_gap_aporte_anual,2026:log_adimensional,0.031904108987168334
B2_primaria_5pb,log_gap,final:2026-08-27:log_adimensional,-0.5269261583188408
B2_primaria_5pb,gap_max,2022-06-17:gap_pp,2.5787115082853362
B2_primaria_5pb,gap_min,2026-08-13:gap_pp,-143.36178925882575
B2_primaria_5pb,inicio_apertura,definicion,Primera fecha desde la cual el gap ya no vuelve a ser >= 0 hasta el final.
B2_primaria_5pb,inicio_apertura,gap_pp_siempre_negativo_desde_fecha,2022-07-06
B2_primaria_5pb,inicio_apertura,primer_gap_le_-5.0_pp,2022-07-20
B2_primaria_5pb,inicio_apertura,primer_gap_le_-10.0_pp,2022-08-04
B2_primaria_5pb,inicio_apertura,primer_gap_le_-20.0_pp,2023-12-13
B2_primaria_5pb,alrededor_dd,pico_sistema:2025-02-18:gap_pp,-79.5750611964026
B2_primaria_5pb,alrededor_dd,valle_sistema:2025-04-07:gap_pp,-42.42059282734827
B2_primaria_5pb,alrededor_dd,recuperacion_sistema:2025-10-06:gap_pp,-114.31740391907672
B2_primaria_5pb,alrededor_dd,pico_benchmark:2025-02-18:gap_pp,-79.5750611964026
B2_primaria_5pb,alrededor_dd,valle_benchmark:2025-04-07:gap_pp,-42.42059282734827
B2_primaria_5pb,alrededor_dd,recuperacion_benchmark:2025-07-16:gap_pp,-96.48918520501562
S2_primaria_5pb,diario,2022-06-14:gap_pp,0.7807453043864099
S2_primaria_5pb,diario,2022-06-15:gap_pp,-0.7772439294476241
S2_primaria_5pb,diario,2022-06-16:gap_pp,2.381621451506133
S2_primaria_5pb,diario,2022-06-17:gap_pp,2.5787115082853362
S2_primaria_5pb,diario,2022-06-20:gap_pp,2.4587085151175803
S2_primaria_5pb,diario,2022-06-21:gap_pp,0.851752870260436
S2_primaria_5pb,diario,2022-06-22:gap_pp,1.6772591351135624
S2_primaria_5pb,diario,2022-06-23:gap_pp,1.2264006113615444
S2_primaria_5pb,diario,2022-06-24:gap_pp,-1.5925420553837943
S2_primaria_5pb,diario,2022-06-27:gap_pp,-1.386401578088159
S2_primaria_5pb,diario,2022-06-28:gap_pp,-0.37073952464716786
S2_primaria_5pb,diario,2022-06-29:gap_pp,0.27233291037203067
S2_primaria_5pb,diario,2022-06-30:gap_pp,1.160755455367135
S2_primaria_5pb,diario,2022-07-01:gap_pp,1.199152590978747
S2_primaria_5pb,diario,2022-07-04:gap_pp,1.0885849461724884
S2_primaria_5pb,diario,2022-07-05:gap_pp,0.5099828144035978
S2_primaria_5pb,diario,2022-07-06:gap_pp,-0.7430985076247509
S2_primaria_5pb,diario,2022-07-07:gap_pp,-3.1483743438676104
S2_primaria_5pb,diario,2022-07-08:gap_pp,-3.765821540906855
S2_primaria_5pb,diario,2022-07-11:gap_pp,-2.2159140858317716
S2_primaria_5pb,diario,2022-07-12:gap_pp,-1.8901940587079613
S2_primaria_5pb,diario,2022-07-13:gap_pp,-1.270539050798014
S2_primaria_5pb,diario,2022-07-14:gap_pp,-0.8054183740646037
S2_primaria_5pb,diario,2022-07-15:gap_pp,-2.4253145852220825
S2_primaria_5pb,diario,2022-07-18:gap_pp,-2.590726079531902
S2_primaria_5pb,diario,2022-07-19:gap_pp,-4.152301015993198
S2_primaria_5pb,diario,2022-07-20:gap_pp,-5.837236342921792
S2_primaria_5pb,diario,2022-07-21:gap_pp,-6.571687377606983
S2_primaria_5pb,diario,2022-07-22:gap_pp,-5.617918626412788
S2_primaria_5pb,diario,2022-07-25:gap_pp,-5.037370770019001
S2_primaria_5pb,diario,2022-07-26:gap_pp,-4.059142877703814
S2_primaria_5pb,diario,2022-07-27:gap_pp,-6.182860800708911
S2_primaria_5pb,diario,2022-07-28:gap_pp,-7.227967318503525
S2_primaria_5pb,diario,2022-07-29:gap_pp,-8.039375247356894
S2_primaria_5pb,diario,2022-08-01:gap_pp,-7.846841718759956
S2_primaria_5pb,diario,2022-08-02:gap_pp,-7.854200036441505
S2_primaria_5pb,diario,2022-08-03:gap_pp,-9.803722039616613
S2_primaria_5pb,diario,2022-08-04:gap_pp,-10.48111154150666
S2_primaria_5pb,diario,2022-08-05:gap_pp,-10.04235064554424
S2_primaria_5pb,diario,2022-08-08:gap_pp,-10.20687772561839
S2_primaria_5pb,diario,2022-08-09:gap_pp,-8.256996969191
S2_primaria_5pb,diario,2022-08-10:gap_pp,-10.250839633508836
S2_primaria_5pb,diario,2022-08-11:gap_pp,-9.580230549835411
S2_primaria_5pb,diario,2022-08-12:gap_pp,-11.502434702067355
S2_primaria_5pb,diario,2022-08-15:gap_pp,-12.425376277236833
S2_primaria_5pb,diario,2022-08-16:gap_pp,-12.405807900893828
S2_primaria_5pb,diario,2022-08-17:gap_pp,-10.958949285272212
S2_primaria_5pb,diario,2022-08-18:gap_pp,-11.25044564069
S2_primaria_5pb,diario,2022-08-19:gap_pp,-10.064230642270822
S2_primaria_5pb,diario,2022-08-22:gap_pp,-8.278946806706156
S2_primaria_5pb,diario,2022-08-23:gap_pp,-8.770308069112676
S2_primaria_5pb,diario,2022-08-24:gap_pp,-9.167862196532539
S2_primaria_5pb,diario,2022-08-25:gap_pp,-10.361837197591983
S2_primaria_5pb,diario,2022-08-26:gap_pp,-7.272171858398391
S2_primaria_5pb,diario,2022-08-29:gap_pp,-6.132475789904213
S2_primaria_5pb,diario,2022-08-30:gap_pp,-5.229841359439558
S2_primaria_5pb,diario,2022-08-31:gap_pp,-4.474886847330017
S2_primaria_5pb,diario,2022-09-01:gap_pp,-3.3508995491897453
S2_primaria_5pb,diario,2022-09-02:gap_pp,-3.6365684008391685
S2_primaria_5pb,diario,2022-09-05:gap_pp,-3.6134016266336833
S2_primaria_5pb,diario,2022-09-06:gap_pp,-3.097355722463413
S2_primaria_5pb,diario,2022-09-07:gap_pp,-3.6974859890627654
S2_primaria_5pb,diario,2022-09-08:gap_pp,-4.021476348255915
S2_primaria_5pb,diario,2022-09-09:gap_pp,-5.856589277214885
S2_primaria_5pb,diario,2022-09-12:gap_pp,-6.54895838855416
S2_primaria_5pb,diario,2022-09-13:gap_pp,-3.150431747676641
S2_primaria_5pb,diario,2022-09-14:gap_pp,-4.124902324253599
S2_primaria_5pb,diario,2022-09-15:gap_pp,-3.1083051201479917
S2_primaria_5pb,diario,2022-09-16:gap_pp,-1.8613108448068516
S2_primaria_5pb,diario,2022-09-19:gap_pp,-1.6874686122580362
S2_primaria_5pb,diario,2022-09-20:gap_pp,-0.9114901075406356
S2_primaria_5pb,diario,2022-09-21:gap_pp,-1.012058650250669
S2_primaria_5pb,diario,2022-09-22:gap_pp,0.24164267763654435
S2_primaria_5pb,diario,2022-09-23:gap_pp,1.6469398465786989
S2_primaria_5pb,diario,2022-09-26:gap_pp,1.8210727415701733
S2_primaria_5pb,diario,2022-09-27:gap_pp,1.7235644488250546
S2_primaria_5pb,diario,2022-09-28:gap_pp,0.42522847018837684
S2_primaria_5pb,diario,2022-09-29:gap_pp,3.0036994584276666
S2_primaria_5pb,diario,2022-09-30:gap_pp,3.411274851686319
S2_primaria_5pb,diario,2022-10-03:gap_pp,2.0316574975558277
S2_primaria_5pb,diario,2022-10-04:gap_pp,-0.655840634966931
S2_primaria_5pb,diario,2022-10-05:gap_pp,-0.5809802123881047
S2_primaria_5pb,diario,2022-10-06:gap_pp,-0.7162213742679002
S2_primaria_5pb,diario,2022-10-07:gap_pp,1.5020824902831187
S2_primaria_5pb,diario,2022-10-10:gap_pp,2.1074862758624358
S2_primaria_5pb,diario,2022-10-11:gap_pp,3.477730777110377
S2_primaria_5pb,diario,2022-10-12:gap_pp,3.8076693549843887
S2_primaria_5pb,diario,2022-10-13:gap_pp,2.5321067888640414
S2_primaria_5pb,diario,2022-10-14:gap_pp,3.560707411219255
S2_primaria_5pb,diario,2022-10-17:gap_pp,1.7195477126288217
S2_primaria_5pb,diario,2022-10-18:gap_pp,1.5555840170577873
S2_primaria_5pb,diario,2022-10-19:gap_pp,1.270411208176403
S2_primaria_5pb,diario,2022-10-20:gap_pp,1.2141292724639041
S2_primaria_5pb,diario,2022-10-21:gap_pp,-0.25436392351774195
S2_primaria_5pb,diario,2022-10-24:gap_pp,-0.20768728146212112
S2_primaria_5pb,diario,2022-10-25:gap_pp,-1.9514105830491513
S2_primaria_5pb,diario,2022-10-26:gap_pp,-1.2281408008882222
S2_primaria_5pb,diario,2022-10-27:gap_pp,-1.0273330942641046
S2_primaria_5pb,diario,2022-10-28:gap_pp,-2.3384663172039355
S2_primaria_5pb,diario,2022-10-31:gap_pp,-2.2421383001261175
S2_primaria_5pb,diario,2022-11-01:gap_pp,-2.771628811028637
S2_primaria_5pb,diario,2022-11-02:gap_pp,-1.330724772129388
S2_primaria_5pb,diario,2022-11-03:gap_pp,-0.8626477020685419
S2_primaria_5pb,diario,2022-11-04:gap_pp,-1.4298755804111662
S2_primaria_5pb,diario,2022-11-07:gap_pp,-1.3543594641595824
S2_primaria_5pb,diario,2022-11-08:gap_pp,-2.195164856487386
S2_primaria_5pb,diario,2022-11-09:gap_pp,-0.5404489549706293
S2_primaria_5pb,diario,2022-11-10:gap_pp,-5.084021046578102
S2_primaria_5pb,diario,2022-11-11:gap_pp,-5.696848203717719
S2_primaria_5pb,diario,2022-11-14:gap_pp,-5.386360212825569
S2_primaria_5pb,diario,2022-11-15:gap_pp,-6.804610737373496
S2_primaria_5pb,diario,2022-11-16:gap_pp,-5.465379618787969
S2_primaria_5pb,diario,2022-11-17:gap_pp,-5.4990538886234175
S2_primaria_5pb,diario,2022-11-18:gap_pp,-5.797191497584087
S2_primaria_5pb,diario,2022-11-21:gap_pp,-5.5840597546513155
S2_primaria_5pb,diario,2022-11-22:gap_pp,-6.712801013110081
S2_primaria_5pb,diario,2022-11-23:gap_pp,-7.030979437361095
S2_primaria_5pb,diario,2022-11-24:gap_pp,-7.264687270387949
S2_primaria_5pb,diario,2022-11-25:gap_pp,-7.21508681093238
S2_primaria_5pb,diario,2022-11-28:gap_pp,-5.772212496386575
S2_primaria_5pb,diario,2022-11-29:gap_pp,-6.348762105366202
S2_primaria_5pb,diario,2022-11-30:gap_pp,-7.685655685628278
S2_primaria_5pb,diario,2022-12-01:gap_pp,-8.353801768065894
S2_primaria_5pb,diario,2022-12-02:gap_pp,-7.856570117810435
S2_primaria_5pb,diario,2022-12-05:gap_pp,-7.242995323371016
S2_primaria_5pb,diario,2022-12-06:gap_pp,-6.056250488569992
S2_primaria_5pb,diario,2022-12-07:gap_pp,-6.047383364287939
S2_primaria_5pb,diario,2022-12-08:gap_pp,-5.833439618707392
S2_primaria_5pb,diario,2022-12-09:gap_pp,-4.98346361128611
S2_primaria_5pb,diario,2022-12-12:gap_pp,-5.868427403799359
S2_primaria_5pb,diario,2022-12-13:gap_pp,-6.279576641985973
S2_primaria_5pb,diario,2022-12-14:gap_pp,-5.884661963114612
S2_primaria_5pb,diario,2022-12-15:gap_pp,-4.579891606893405
S2_primaria_5pb,diario,2022-12-16:gap_pp,-4.771686407201436
S2_primaria_5pb,diario,2022-12-19:gap_pp,-4.790417942201453
S2_primaria_5pb,diario,2022-12-20:gap_pp,-4.877336195098936
S2_primaria_5pb,diario,2022-12-21:gap_pp,-5.573165666057534
S2_primaria_5pb,diario,2022-12-22:gap_pp,-4.1250540097225175
S2_primaria_5pb,diario,2022-12-23:gap_pp,-4.64030220208147
S2_primaria_5pb,diario,2022-12-26:gap_pp,-4.483943730966999
S2_primaria_5pb,diario,2022-12-27:gap_pp,-3.823730757324695
S2_primaria_5pb,diario,2022-12-28:gap_pp,-3.1800296425961605
S2_primaria_5pb,diario,2022-12-29:gap_pp,-4.240650907005062
S2_primaria_5pb,diario,2022-12-30:gap_pp,-4.2257428892972015
S2_primaria_5pb,diario,2023-01-02:gap_pp,-4.319943135330961
S2_primaria_5pb,diario,2023-01-03:gap_pp,-3.7879787131160247
S2_primaria_5pb,diario,2023-01-04:gap_pp,-3.8876069731653695
S2_primaria_5pb,diario,2023-01-05:gap_pp,-2.7475918273724975
S2_primaria_5pb,diario,2023-01-06:gap_pp,-2.713543824557507
S2_primaria_5pb,diario,2023-01-09:gap_pp,-3.64935303147651
S2_primaria_5pb,diario,2023-01-10:gap_pp,-3.7355117343330635
S2_primaria_5pb,diario,2023-01-11:gap_pp,-4.558196036611006
S2_primaria_5pb,diario,2023-01-12:gap_pp,-5.28164076293951
S2_primaria_5pb,diario,2023-01-13:gap_pp,-5.382656763338534
S2_primaria_5pb,diario,2023-01-16:gap_pp,-5.291511757107914
S2_primaria_5pb,diario,2023-01-17:gap_pp,-5.219982041445004
S2_primaria_5pb,diario,2023-01-18:gap_pp,-5.323359092112745
S2_primaria_5pb,diario,2023-01-19:gap_pp,-4.55458044940078
S2_primaria_5pb,diario,2023-01-20:gap_pp,-4.540736128650602
S2_primaria_5pb,diario,2023-01-23:gap_pp,-5.31828798429228
S2_primaria_5pb,diario,2023-01-24:gap_pp,-5.214345381214902
S2_primaria_5pb,diario,2023-01-25:gap_pp,-4.87062127764375
S2_primaria_5pb,diario,2023-01-26:gap_pp,-5.600935442438937
S2_primaria_5pb,diario,2023-01-27:gap_pp,-5.877928898176954
S2_primaria_5pb,diario,2023-01-30:gap_pp,-5.918423848829701
S2_primaria_5pb,diario,2023-01-31:gap_pp,-6.729915118270058
S2_primaria_5pb,diario,2023-02-01:gap_pp,-7.042512291089742
S2_primaria_5pb,diario,2023-02-02:gap_pp,-8.954861316643026
S2_primaria_5pb,diario,2023-02-03:gap_pp,-8.663279087298692
S2_primaria_5pb,diario,2023-02-06:gap_pp,-8.878349540263187
S2_primaria_5pb,diario,2023-02-07:gap_pp,-9.283663735538372
S2_primaria_5pb,diario,2023-02-08:gap_pp,-9.144680811266603
S2_primaria_5pb,diario,2023-02-09:gap_pp,-9.029633146928639
S2_primaria_5pb,diario,2023-02-10:gap_pp,-9.08258611655115
S2_primaria_5pb,diario,2023-02-13:gap_pp,-9.600631327902743
S2_primaria_5pb,diario,2023-02-14:gap_pp,-9.71200407588717
S2_primaria_5pb,diario,2023-02-15:gap_pp,-10.01362287055796
S2_primaria_5pb,diario,2023-02-16:gap_pp,-10.32244792889243
S2_primaria_5pb,diario,2023-02-17:gap_pp,-10.96541709500871
S2_primaria_5pb,diario,2023-02-20:gap_pp,-10.837333798208215
S2_primaria_5pb,diario,2023-02-21:gap_pp,-10.827809751208017
S2_primaria_5pb,diario,2023-02-22:gap_pp,-11.417213164216022
S2_primaria_5pb,diario,2023-02-23:gap_pp,-10.421927432011291
S2_primaria_5pb,diario,2023-02-24:gap_pp,-9.935694470736989
S2_primaria_5pb,diario,2023-02-27:gap_pp,-10.251430162829278
S2_primaria_5pb,diario,2023-02-28:gap_pp,-10.324140564331884
S2_primaria_5pb,diario,2023-03-01:gap_pp,-10.069160194940396
S2_primaria_5pb,diario,2023-03-02:gap_pp,-10.501013651385849
S2_primaria_5pb,diario,2023-03-03:gap_pp,-11.063097285029855
S2_primaria_5pb,diario,2023-03-06:gap_pp,-10.951169963863027
S2_primaria_5pb,diario,2023-03-07:gap_pp,-10.398231605588926
S2_primaria_5pb,diario,2023-03-08:gap_pp,-10.083263800578756
S2_primaria_5pb,diario,2023-03-09:gap_pp,-9.403635042362456
S2_primaria_5pb,diario,2023-03-10:gap_pp,-8.263057054166033
S2_primaria_5pb,diario,2023-03-13:gap_pp,-6.870040973721503
S2_primaria_5pb,diario,2023-03-14:gap_pp,-7.436225007524411
S2_primaria_5pb,diario,2023-03-15:gap_pp,-5.125893691304073
S2_primaria_5pb,diario,2023-03-16:gap_pp,-4.84677654800949
S2_primaria_5pb,diario,2023-03-17:gap_pp,-3.9158126506037894
S2_primaria_5pb,diario,2023-03-20:gap_pp,-5.231544500754315
S2_primaria_5pb,diario,2023-03-21:gap_pp,-6.733610602902074
S2_primaria_5pb,diario,2023-03-22:gap_pp,-6.236279500180153
S2_primaria_5pb,diario,2023-03-23:gap_pp,-5.98121863082548
S2_primaria_5pb,diario,2023-03-24:gap_pp,-5.956447586752245
S2_primaria_5pb,diario,2023-03-27:gap_pp,-6.441390984018924
S2_primaria_5pb,diario,2023-03-28:gap_pp,-6.913543684904289
S2_primaria_5pb,diario,2023-03-29:gap_pp,-7.817683870188041
S2_primaria_5pb,diario,2023-03-30:gap_pp,-7.81743189099644
S2_primaria_5pb,diario,2023-03-31:gap_pp,-8.254549746352712
S2_primaria_5pb,diario,2023-04-03:gap_pp,-8.772753664820288
S2_primaria_5pb,diario,2023-04-04:gap_pp,-8.529475335504255
S2_primaria_5pb,diario,2023-04-05:gap_pp,-8.906872321967917
S2_primaria_5pb,diario,2023-04-06:gap_pp,-9.032611788898981
S2_primaria_5pb,diario,2023-04-07:gap_pp,-9.086325721484311
S2_primaria_5pb,diario,2023-04-10:gap_pp,-9.215372621044704
S2_primaria_5pb,diario,2023-04-11:gap_pp,-9.74052778528911
S2_primaria_5pb,diario,2023-04-12:gap_pp,-9.504090577718106
S2_primaria_5pb,diario,2023-04-13:gap_pp,-9.799709906147136
S2_primaria_5pb,diario,2023-04-14:gap_pp,-9.929710435569184
S2_primaria_5pb,diario,2023-04-17:gap_pp,-10.444348868359699
S2_primaria_5pb,diario,2023-04-18:gap_pp,-10.465647362829156
S2_primaria_5pb,diario,2023-04-19:gap_pp,-10.823377662284894
S2_primaria_5pb,diario,2023-04-20:gap_pp,-10.610080353853647
S2_primaria_5pb,diario,2023-04-21:gap_pp,-10.280036206270271
S2_primaria_5pb,diario,2023-04-24:gap_pp,-10.222680360779846
S2_primaria_5pb,diario,2023-04-25:gap_pp,-9.20217326033237
S2_primaria_5pb,diario,2023-04-26:gap_pp,-9.335926057154499
S2_primaria_5pb,diario,2023-04-27:gap_pp,-9.932191774790965
S2_primaria_5pb,diario,2023-04-28:gap_pp,-10.477311186485117
S2_primaria_5pb,diario,2023-05-01:gap_pp,-10.475681171940398
S2_primaria_5pb,diario,2023-05-02:gap_pp,-9.60034406573489
S2_primaria_5pb,diario,2023-05-03:gap_pp,-9.059760768412195
S2_primaria_5pb,diario,2023-05-04:gap_pp,-8.824267247405349
S2_primaria_5pb,diario,2023-05-05:gap_pp,-9.835653225744668
S2_primaria_5pb,diario,2023-05-08:gap_pp,-10.205174506090131
S2_primaria_5pb,diario,2023-05-09:gap_pp,-10.469517379135729
S2_primaria_5pb,diario,2023-05-10:gap_pp,-10.82660906037669
S2_primaria_5pb,diario,2023-05-11:gap_pp,-11.151036687147675
S2_primaria_5pb,diario,2023-05-12:gap_pp,-11.155338687178196
S2_primaria_5pb,diario,2023-05-15:gap_pp,-11.735344571383877
S2_primaria_5pb,diario,2023-05-16:gap_pp,-11.705955943340008
S2_primaria_5pb,diario,2023-05-17:gap_pp,-12.869607537589323
S2_primaria_5pb,diario,2023-05-18:gap_pp,-13.867995950368893
S2_primaria_5pb,diario,2023-05-19:gap_pp,-13.717474946747043
S2_primaria_5pb,diario,2023-05-22:gap_pp,-14.553729956400097
S2_primaria_5pb,diario,2023-05-23:gap_pp,-14.91467294642963
S2_primaria_5pb,diario,2023-05-24:gap_pp,-14.94912275715825
S2_primaria_5pb,diario,2023-05-25:gap_pp,-16.529933387570406
S2_primaria_5pb,diario,2023-05-26:gap_pp,-18.154893373125127
S2_primaria_5pb,diario,2023-05-29:gap_pp,-18.437171648864137
S2_primaria_5pb,diario,2023-05-30:gap_pp,-18.9539605622979
S2_primaria_5pb,diario,2023-05-31:gap_pp,-18.99338702535802
S2_primaria_5pb,diario,2023-06-01:gap_pp,-19.398399230851627
S2_primaria_5pb,diario,2023-06-02:gap_pp,-19.611460815342596
S2_primaria_5pb,diario,2023-06-05:gap_pp,-20.23624203121188
S2_primaria_5pb,diario,2023-06-06:gap_pp,-19.642827843879097
S2_primaria_5pb,diario,2023-06-07:gap_pp,-19.59535428264998
S2_primaria_5pb,diario,2023-06-08:gap_pp,-19.837428304483097
S2_primaria_5pb,diario,2023-06-09:gap_pp,-19.312105155672832
S2_primaria_5pb,diario,2023-06-12:gap_pp,-19.49692493299777
S2_primaria_5pb,diario,2023-06-13:gap_pp,-19.60331642453017
S2_primaria_5pb,diario,2023-06-14:gap_pp,-19.413674329825348
S2_primaria_5pb,diario,2023-06-15:gap_pp,-20.084039032496538
S2_primaria_5pb,diario,2023-06-16:gap_pp,-20.179168333733077
S2_primaria_5pb,diario,2023-06-19:gap_pp,-20.285472025279393
S2_primaria_5pb,diario,2023-06-20:gap_pp,-19.508092879797488
S2_primaria_5pb,diario,2023-06-21:gap_pp,-19.884667316984462
S2_primaria_5pb,diario,2023-06-22:gap_pp,-20.085597092688047
S2_primaria_5pb,diario,2023-06-23:gap_pp,-19.917647222202127
S2_primaria_5pb,diario,2023-06-26:gap_pp,-19.99517251262388
S2_primaria_5pb,diario,2023-06-27:gap_pp,-20.195895584524703
S2_primaria_5pb,diario,2023-06-28:gap_pp,-20.229372788906307
S2_primaria_5pb,diario,2023-06-29:gap_pp,-20.407283122608156
S2_primaria_5pb,diario,2023-06-30:gap_pp,-21.264659598573243
S2_primaria_5pb,diario,2023-07-03:gap_pp,-21.1949152043468
S2_primaria_5pb,diario,2023-07-04:gap_pp,-21.41656546107198
S2_primaria_5pb,diario,2023-07-05:gap_pp,-20.74823002854229
S2_primaria_5pb,diario,2023-07-06:gap_pp,-20.341597397728318
S2_primaria_5pb,diario,2023-07-07:gap_pp,-20.404106812493318
S2_primaria_5pb,diario,2023-07-10:gap_pp,-19.957233031710196
S2_primaria_5pb,diario,2023-07-11:gap_pp,-20.23440836613315
S2_primaria_5pb,diario,2023-07-12:gap_pp,-20.547097231752897
S2_primaria_5pb,diario,2023-07-13:gap_pp,-21.38823204579996
S2_primaria_5pb,diario,2023-07-14:gap_pp,-21.890240605002464
S2_primaria_5pb,diario,2023-07-17:gap_pp,-21.695222356433863
S2_primaria_5pb,diario,2023-07-18:gap_pp,-21.579297690533394
S2_primaria_5pb,diario,2023-07-19:gap_pp,-21.425338529774706
S2_primaria_5pb,diario,2023-07-20:gap_pp,-22.166655574103444
S2_primaria_5pb,diario,2023-07-21:gap_pp,-22.06081634096946
S2_primaria_5pb,diario,2023-07-24:gap_pp,-22.310189325897035
S2_primaria_5pb,diario,2023-07-25:gap_pp,-22.962175998281786
S2_primaria_5pb,diario,2023-07-26:gap_pp,-21.863110328944835
S2_primaria_5pb,diario,2023-07-27:gap_pp,-21.4191201307419
S2_primaria_5pb,diario,2023-07-28:gap_pp,-22.862539886686296
S2_primaria_5pb,diario,2023-07-31:gap_pp,-22.035725577631602
S2_primaria_5pb,diario,2023-08-01:gap_pp,-22.34306333341205
S2_primaria_5pb,diario,2023-08-02:gap_pp,-21.787062125110413
S2_primaria_5pb,diario,2023-08-03:gap_pp,-23.664308742542662
S2_primaria_5pb,diario,2023-08-04:gap_pp,-23.249467153259307
S2_primaria_5pb,diario,2023-08-07:gap_pp,-23.305835341997792
S2_primaria_5pb,diario,2023-08-08:gap_pp,-22.836161060711667
S2_primaria_5pb,diario,2023-08-09:gap_pp,-21.56447061714011
S2_primaria_5pb,diario,2023-08-10:gap_pp,-21.79565998110653
S2_primaria_5pb,diario,2023-08-11:gap_pp,-21.17253104265422
S2_primaria_5pb,diario,2023-08-14:gap_pp,-22.079422273048756
S2_primaria_5pb,diario,2023-08-15:gap_pp,-21.392029069653763
S2_primaria_5pb,diario,2023-08-16:gap_pp,-20.924575706642013
S2_primaria_5pb,diario,2023-08-17:gap_pp,-19.989659515921222
S2_primaria_5pb,diario,2023-08-18:gap_pp,-20.027623815340778
S2_primaria_5pb,diario,2023-08-21:gap_pp,-21.157862030113918
S2_primaria_5pb,diario,2023-08-22:gap_pp,-21.226948950128268
S2_primaria_5pb,diario,2023-08-23:gap_pp,-22.49934107074145
S2_primaria_5pb,diario,2023-08-24:gap_pp,-20.520430369013056
S2_primaria_5pb,diario,2023-08-25:gap_pp,-21.136942635293575
S2_primaria_5pb,diario,2023-08-28:gap_pp,-21.7575274681163
S2_primaria_5pb,diario,2023-08-29:gap_pp,-23.19398725591737
S2_primaria_5pb,diario,2023-08-30:gap_pp,-23.019785594364173
S2_primaria_5pb,diario,2023-08-31:gap_pp,-23.238950242473422
S2_primaria_5pb,diario,2023-09-01:gap_pp,-22.956529292881612
S2_primaria_5pb,diario,2023-09-04:gap_pp,-22.95062275856541
S2_primaria_5pb,diario,2023-09-05:gap_pp,-23.251489491707144
S2_primaria_5pb,diario,2023-09-06:gap_pp,-21.978607573668363
S2_primaria_5pb,diario,2023-09-07:gap_pp,-21.61700145025258
S2_primaria_5pb,diario,2023-09-08:gap_pp,-21.829698466477467
S2_primaria_5pb,diario,2023-09-11:gap_pp,-22.0676266397974
S2_primaria_5pb,diario,2023-09-12:gap_pp,-21.204097860117322
S2_primaria_5pb,diario,2023-09-13:gap_pp,-21.051299650931288
S2_primaria_5pb,diario,2023-09-14:gap_pp,-20.98131118145585
S2_primaria_5pb,diario,2023-09-15:gap_pp,-20.497790012178175
S2_primaria_5pb,diario,2023-09-18:gap_pp,-20.139523679334626
S2_primaria_5pb,diario,2023-09-19:gap_pp,-21.133422794876733
S2_primaria_5pb,diario,2023-09-20:gap_pp,-21.039933663124533
S2_primaria_5pb,diario,2023-09-21:gap_pp,-19.86498373236838
S2_primaria_5pb,diario,2023-09-22:gap_pp,-20.5437063741337
S2_primaria_5pb,diario,2023-09-25:gap_pp,-21.242583780894897
S2_primaria_5pb,diario,2023-09-26:gap_pp,-20.171485813572264
S2_primaria_5pb,diario,2023-09-27:gap_pp,-21.227167379545907
S2_primaria_5pb,diario,2023-09-28:gap_pp,-21.393788731874896
S2_primaria_5pb,diario,2023-09-29:gap_pp,-21.681268098923567
S2_primaria_5pb,diario,2023-10-02:gap_pp,-22.4718265791765
S2_primaria_5pb,diario,2023-10-03:gap_pp,-21.623775320367056
S2_primaria_5pb,diario,2023-10-04:gap_pp,-21.971883987911855
S2_primaria_5pb,diario,2023-10-05:gap_pp,-22.176298841596864
S2_primaria_5pb,diario,2023-10-06:gap_pp,-23.20332136585148
S2_primaria_5pb,diario,2023-10-09:gap_pp,-23.89494660310607
S2_primaria_5pb,diario,2023-10-10:gap_pp,-24.825799636140154
S2_primaria_5pb,diario,2023-10-11:gap_pp,-25.123551908478127
S2_primaria_5pb,diario,2023-10-12:gap_pp,-25.593186205735343
S2_primaria_5pb,diario,2023-10-13:gap_pp,-24.650775291944637
S2_primaria_5pb,diario,2023-10-16:gap_pp,-25.183652772848042
S2_primaria_5pb,diario,2023-10-17:gap_pp,-24.82040740578253
S2_primaria_5pb,diario,2023-10-18:gap_pp,-23.181251113057332
S2_primaria_5pb,diario,2023-10-19:gap_pp,-22.159759774008503
S2_primaria_5pb,diario,2023-10-20:gap_pp,-20.32476763716462
S2_primaria_5pb,diario,2023-10-23:gap_pp,-20.43574421176919
S2_primaria_5pb,diario,2023-10-24:gap_pp,-21.646344201045608
S2_primaria_5pb,diario,2023-10-25:gap_pp,-20.346536658729786
S2_primaria_5pb,diario,2023-10-26:gap_pp,-18.3737210158071
S2_primaria_5pb,diario,2023-10-27:gap_pp,-18.225267502243693
S2_primaria_5pb,diario,2023-10-30:gap_pp,-18.33493888712916
S2_primaria_5pb,diario,2023-10-31:gap_pp,-19.131563312699452
S2_primaria_5pb,diario,2023-11-01:gap_pp,-21.47855825964726
S2_primaria_5pb,diario,2023-11-02:gap_pp,-23.661220709482777
S2_primaria_5pb,diario,2023-11-03:gap_pp,-24.349648469389763
S2_primaria_5pb,diario,2023-11-06:gap_pp,-24.70603081574838
S2_primaria_5pb,diario,2023-11-07:gap_pp,-25.422659981807328
S2_primaria_5pb,diario,2023-11-08:gap_pp,-25.81285214099438
S2_primaria_5pb,diario,2023-11-09:gap_pp,-26.635572752303638
S2_primaria_5pb,diario,2023-11-10:gap_pp,-27.860171816197308
S2_primaria_5pb,diario,2023-11-13:gap_pp,-28.492874186330972
S2_primaria_5pb,diario,2023-11-14:gap_pp,-29.831379459308405
S2_primaria_5pb,diario,2023-11-15:gap_pp,-30.021770365623812
S2_primaria_5pb,diario,2023-11-16:gap_pp,-30.072264276417027
S2_primaria_5pb,diario,2023-11-17:gap_pp,-30.021618907765067
S2_primaria_5pb,diario,2023-11-20:gap_pp,-30.60901158068914
S2_primaria_5pb,diario,2023-11-21:gap_pp,-30.178404727988028
S2_primaria_5pb,diario,2023-11-22:gap_pp,-30.712955689097132
S2_primaria_5pb,diario,2023-11-23:gap_pp,-30.76724948154137
S2_primaria_5pb,diario,2023-11-24:gap_pp,-30.95864515926017
S2_primaria_5pb,diario,2023-11-27:gap_pp,-31.166853751891587
S2_primaria_5pb,diario,2023-11-28:gap_pp,-31.430375635327557
S2_primaria_5pb,diario,2023-11-29:gap_pp,-31.06951206758093
S2_primaria_5pb,diario,2023-11-30:gap_pp,-31.20229227215916
S2_primaria_5pb,diario,2023-12-01:gap_pp,-32.308349498228914
S2_primaria_5pb,diario,2023-12-04:gap_pp,-32.28579011395072
S2_primaria_5pb,diario,2023-12-05:gap_pp,-32.59047751952171
S2_primaria_5pb,diario,2023-12-06:gap_pp,-32.34979322941183
S2_primaria_5pb,diario,2023-12-07:gap_pp,-32.88159808363837
S2_primaria_5pb,diario,2023-12-08:gap_pp,-33.54245717803961
S2_primaria_5pb,diario,2023-12-11:gap_pp,-33.511647066755245
S2_primaria_5pb,diario,2023-12-12:gap_pp,-33.26148417626966
S2_primaria_5pb,diario,2023-12-13:gap_pp,-33.28431234724538
S2_primaria_5pb,diario,2023-12-14:gap_pp,-33.11112542374644
S2_primaria_5pb,diario,2023-12-15:gap_pp,-32.66308439565857
S2_primaria_5pb,diario,2023-12-18:gap_pp,-32.934337125610135
S2_primaria_5pb,diario,2023-12-19:gap_pp,-33.491673061935366
S2_primaria_5pb,diario,2023-12-20:gap_pp,-34.15055852561508
S2_primaria_5pb,diario,2023-12-21:gap_pp,-33.493498590313365
S2_primaria_5pb,diario,2023-12-22:gap_pp,-33.44131225795193
S2_primaria_5pb,diario,2023-12-25:gap_pp,-33.355469128823124
S2_primaria_5pb,diario,2023-12-26:gap_pp,-33.2668178135588
S2_primaria_5pb,diario,2023-12-27:gap_pp,-33.67424511476289
S2_primaria_5pb,diario,2023-12-28:gap_pp,-33.087110401968054
S2_primaria_5pb,diario,2023-12-29:gap_pp,-32.74916980623501
S2_primaria_5pb,diario,2024-01-02:gap_pp,-31.927584927445942
S2_primaria_5pb,diario,2024-01-03:gap_pp,-31.5728549904438
S2_primaria_5pb,diario,2024-01-04:gap_pp,-32.11434516621019
S2_primaria_5pb,diario,2024-01-05:gap_pp,-32.11850447375184
S2_primaria_5pb,diario,2024-01-08:gap_pp,-33.03112151299046
S2_primaria_5pb,diario,2024-01-09:gap_pp,-33.018634056807095
S2_primaria_5pb,diario,2024-01-10:gap_pp,-33.22461209697387
S2_primaria_5pb,diario,2024-01-11:gap_pp,-32.46597449439159
S2_primaria_5pb,diario,2024-01-12:gap_pp,-32.62419497130882
S2_primaria_5pb,diario,2024-01-15:gap_pp,-32.65824978928706
S2_primaria_5pb,diario,2024-01-16:gap_pp,-32.600864759194856
S2_primaria_5pb,diario,2024-01-17:gap_pp,-31.862625242858456
S2_primaria_5pb,diario,2024-01-18:gap_pp,-32.638610045982745
S2_primaria_5pb,diario,2024-01-19:gap_pp,-31.673194973879284
S2_primaria_5pb,diario,2024-01-22:gap_pp,-32.061189677460966
S2_primaria_5pb,diario,2024-01-23:gap_pp,-32.389993014760044
S2_primaria_5pb,diario,2024-01-24:gap_pp,-32.34673547706672
S2_primaria_5pb,diario,2024-01-25:gap_pp,-32.767477169669526
S2_primaria_5pb,diario,2024-01-26:gap_pp,-32.65007223939773
S2_primaria_5pb,diario,2024-01-29:gap_pp,-33.22324341524976
S2_primaria_5pb,diario,2024-01-30:gap_pp,-32.92140511771866
S2_primaria_5pb,diario,2024-01-31:gap_pp,-32.70902213332143
S2_primaria_5pb,diario,2024-02-01:gap_pp,-33.90979972740475
S2_primaria_5pb,diario,2024-02-02:gap_pp,-35.35202484492655
S2_primaria_5pb,diario,2024-02-05:gap_pp,-36.03104709552498
S2_primaria_5pb,diario,2024-02-06:gap_pp,-36.439746362338845
S2_primaria_5pb,diario,2024-02-07:gap_pp,-36.20819822626462
S2_primaria_5pb,diario,2024-02-08:gap_pp,-37.32300526373147
S2_primaria_5pb,diario,2024-02-09:gap_pp,-37.142409073721375
S2_primaria_5pb,diario,2024-02-12:gap_pp,-36.79754236147525
S2_primaria_5pb,diario,2024-02-13:gap_pp,-36.39670742551837
S2_primaria_5pb,diario,2024-02-14:gap_pp,-38.91852907622402
S2_primaria_5pb,diario,2024-02-15:gap_pp,-40.6078346409658
S2_primaria_5pb,diario,2024-02-16:gap_pp,-40.74975538711379
S2_primaria_5pb,diario,2024-02-19:gap_pp,-40.95542089448077
S2_primaria_5pb,diario,2024-02-20:gap_pp,-40.19532336236475
S2_primaria_5pb,diario,2024-02-21:gap_pp,-41.62058855582278
S2_primaria_5pb,diario,2024-02-22:gap_pp,-44.01797630439723
S2_primaria_5pb,diario,2024-02-23:gap_pp,-44.24391832558352
S2_primaria_5pb,diario,2024-02-26:gap_pp,-43.35920170965413
S2_primaria_5pb,diario,2024-02-27:gap_pp,-43.46251928534548
S2_primaria_5pb,diario,2024-02-28:gap_pp,-42.54638224417657
S2_primaria_5pb,diario,2024-02-29:gap_pp,-42.910388450670766
S2_primaria_5pb,diario,2024-03-01:gap_pp,-45.05418979805613
S2_primaria_5pb,diario,2024-03-04:gap_pp,-45.4363870086737
S2_primaria_5pb,diario,2024-03-05:gap_pp,-43.99472899129042
S2_primaria_5pb,diario,2024-03-06:gap_pp,-45.215463851962845
S2_primaria_5pb,diario,2024-03-07:gap_pp,-45.5538254410008
S2_primaria_5pb,diario,2024-03-08:gap_pp,-45.70623543564807
S2_primaria_5pb,diario,2024-03-11:gap_pp,-44.26388635154683
S2_primaria_5pb,diario,2024-03-12:gap_pp,-46.065752044321975
S2_primaria_5pb,diario,2024-03-13:gap_pp,-45.37174185443338
S2_primaria_5pb,diario,2024-03-14:gap_pp,-44.37243086772371
S2_primaria_5pb,diario,2024-03-15:gap_pp,-45.06084752826427
S2_primaria_5pb,diario,2024-03-18:gap_pp,-45.46707076693972
S2_primaria_5pb,diario,2024-03-19:gap_pp,-45.857173254004756
S2_primaria_5pb,diario,2024-03-20:gap_pp,-47.04752984342824
S2_primaria_5pb,diario,2024-03-21:gap_pp,-47.697866020083325
S2_primaria_5pb,diario,2024-03-22:gap_pp,-47.34186888549816
S2_primaria_5pb,diario,2024-03-25:gap_pp,-48.653041297962595
S2_primaria_5pb,diario,2024-03-26:gap_pp,-48.42321296856233
S2_primaria_5pb,diario,2024-03-27:gap_pp,-48.67433173346447
S2_primaria_5pb,diario,2024-03-28:gap_pp,-48.633612091665455
S2_primaria_5pb,diario,2024-03-29:gap_pp,-48.737672427382314
S2_primaria_5pb,diario,2024-04-01:gap_pp,-48.26084748214845
S2_primaria_5pb,diario,2024-04-02:gap_pp,-47.79474992701673
S2_primaria_5pb,diario,2024-04-03:gap_pp,-48.55845936963317
S2_primaria_5pb,diario,2024-04-04:gap_pp,-47.410921656554116
S2_primaria_5pb,diario,2024-04-05:gap_pp,-47.64575747336368
S2_primaria_5pb,diario,2024-04-08:gap_pp,-48.11491609559304
S2_primaria_5pb,diario,2024-04-09:gap_pp,-46.85502637493468
S2_primaria_5pb,diario,2024-04-10:gap_pp,-46.83373299130085
S2_primaria_5pb,diario,2024-04-11:gap_pp,-47.83062564921761
S2_primaria_5pb,diario,2024-04-12:gap_pp,-46.88194706701467
S2_primaria_5pb,diario,2024-04-15:gap_pp,-46.31332486215296
S2_primaria_5pb,diario,2024-04-16:gap_pp,-45.81633906834195
S2_primaria_5pb,diario,2024-04-17:gap_pp,-44.68280633988995
S2_primaria_5pb,diario,2024-04-18:gap_pp,-44.7023329464759
S2_primaria_5pb,diario,2024-04-19:gap_pp,-42.57079843387712
S2_primaria_5pb,diario,2024-04-22:gap_pp,-44.18929528605844
S2_primaria_5pb,diario,2024-04-23:gap_pp,-46.41750495198329
S2_primaria_5pb,diario,2024-04-24:gap_pp,-46.33028119144902
S2_primaria_5pb,diario,2024-04-25:gap_pp,-44.41488474831581
S2_primaria_5pb,diario,2024-04-26:gap_pp,-46.889016071679926
S2_primaria_5pb,diario,2024-04-29:gap_pp,-46.32166230254411
S2_primaria_5pb,diario,2024-04-30:gap_pp,-44.589125956483855
S2_primaria_5pb,diario,2024-05-01:gap_pp,-44.01631678298508
S2_primaria_5pb,diario,2024-05-02:gap_pp,-45.14722235458133
S2_primaria_5pb,diario,2024-05-03:gap_pp,-46.675257285664905
S2_primaria_5pb,diario,2024-05-06:gap_pp,-48.367402768524514
S2_primaria_5pb,diario,2024-05-07:gap_pp,-48.09226178107344
S2_primaria_5pb,diario,2024-05-08:gap_pp,-48.00433932988986
S2_primaria_5pb,diario,2024-05-09:gap_pp,-47.26529101237813
S2_primaria_5pb,diario,2024-05-10:gap_pp,-46.994130089563946
S2_primaria_5pb,diario,2024-05-13:gap_pp,-47.05049096505651
S2_primaria_5pb,diario,2024-05-14:gap_pp,-47.013804053084066
S2_primaria_5pb,diario,2024-05-15:gap_pp,-48.24405928071067
S2_primaria_5pb,diario,2024-05-16:gap_pp,-48.446402624090965
S2_primaria_5pb,diario,2024-05-17:gap_pp,-48.66742541809677
S2_primaria_5pb,diario,2024-05-20:gap_pp,-49.32039385566016
S2_primaria_5pb,diario,2024-05-21:gap_pp,-48.795120779985425
S2_primaria_5pb,diario,2024-05-22:gap_pp,-48.55128947841354
S2_primaria_5pb,diario,2024-05-23:gap_pp,-48.998010877275824
S2_primaria_5pb,diario,2024-05-24:gap_pp,-49.73008028747052
S2_primaria_5pb,diario,2024-05-27:gap_pp,-49.77849398131256
S2_primaria_5pb,diario,2024-05-28:gap_pp,-50.197919485376
S2_primaria_5pb,diario,2024-05-29:gap_pp,-49.743090691129765
S2_primaria_5pb,diario,2024-05-30:gap_pp,-48.760710263381604
S2_primaria_5pb,diario,2024-05-31:gap_pp,-49.041446403325835
S2_primaria_5pb,diario,2024-06-03:gap_pp,-48.82052823249401
S2_primaria_5pb,diario,2024-06-04:gap_pp,-48.40871235234576
S2_primaria_5pb,diario,2024-06-05:gap_pp,-49.579280821171224
S2_primaria_5pb,diario,2024-06-06:gap_pp,-50.27325897121842
S2_primaria_5pb,diario,2024-06-07:gap_pp,-49.2599260224585
S2_primaria_5pb,diario,2024-06-10:gap_pp,-50.386905450996956
S2_primaria_5pb,diario,2024-06-11:gap_pp,-49.48553206114128
S2_primaria_5pb,diario,2024-06-12:gap_pp,-50.719491188888036
S2_primaria_5pb,diario,2024-06-13:gap_pp,-48.99668236142012
S2_primaria_5pb,diario,2024-06-14:gap_pp,-49.349109362384766
S2_primaria_5pb,diario,2024-06-17:gap_pp,-50.412565079822215
S2_primaria_5pb,diario,2024-06-18:gap_pp,-51.34153528276806
S2_primaria_5pb,diario,2024-06-19:gap_pp,-51.533365279578234
S2_primaria_5pb,diario,2024-06-20:gap_pp,-51.64656580700806
S2_primaria_5pb,diario,2024-06-21:gap_pp,-50.95778396375048
S2_primaria_5pb,diario,2024-06-24:gap_pp,-49.70837436693767
S2_primaria_5pb,diario,2024-06-25:gap_pp,-51.38231158629662
S2_primaria_5pb,diario,2024-06-26:gap_pp,-51.2448809982585
S2_primaria_5pb,diario,2024-06-27:gap_pp,-51.02192821186753
S2_primaria_5pb,diario,2024-06-28:gap_pp,-50.821206352775164
S2_primaria_5pb,diario,2024-07-01:gap_pp,-51.19330274667475
S2_primaria_5pb,diario,2024-07-02:gap_pp,-51.27930986102876
S2_primaria_5pb,diario,2024-07-03:gap_pp,-52.72625822271901
S2_primaria_5pb,diario,2024-07-04:gap_pp,-52.43928394386677
S2_primaria_5pb,diario,2024-07-05:gap_pp,-52.62940659906556
S2_primaria_5pb,diario,2024-07-08:gap_pp,-52.407815117511824
S2_primaria_5pb,diario,2024-07-09:gap_pp,-52.072326420744886
S2_primaria_5pb,diario,2024-07-10:gap_pp,-53.26583603262094
S2_primaria_5pb,diario,2024-07-11:gap_pp,-52.54818448714842
S2_primaria_5pb,diario,2024-07-12:gap_pp,-52.643835544862874
S2_primaria_5pb,diario,2024-07-15:gap_pp,-53.22054676356729
S2_primaria_5pb,diario,2024-07-16:gap_pp,-52.5436242350144
S2_primaria_5pb,diario,2024-07-17:gap_pp,-49.79128581158798
S2_primaria_5pb,diario,2024-07-18:gap_pp,-50.54001099128096
S2_primaria_5pb,diario,2024-07-19:gap_pp,-50.90166444266484
S2_primaria_5pb,diario,2024-07-22:gap_pp,-52.34768735320083
S2_primaria_5pb,diario,2024-07-23:gap_pp,-51.85273336005913
S2_primaria_5pb,diario,2024-07-24:gap_pp,-48.61631355847058
S2_primaria_5pb,diario,2024-07-25:gap_pp,-47.08592274781185
S2_primaria_5pb,diario,2024-07-26:gap_pp,-47.2728856338396
S2_primaria_5pb,diario,2024-07-29:gap_pp,-47.9674842687027
S2_primaria_5pb,diario,2024-07-30:gap_pp,-46.275005282440816
S2_primaria_5pb,diario,2024-07-31:gap_pp,-50.31915620826848
S2_primaria_5pb,diario,2024-08-01:gap_pp,-48.682150831494894
S2_primaria_5pb,diario,2024-08-02:gap_pp,-43.887976986286084
S2_primaria_5pb,diario,2024-08-05:gap_pp,-40.63498434179318
S2_primaria_5pb,diario,2024-08-06:gap_pp,-44.844076385077635
S2_primaria_5pb,diario,2024-08-07:gap_pp,-45.02832801525252
S2_primaria_5pb,diario,2024-08-08:gap_pp,-48.290166009274714
S2_primaria_5pb,diario,2024-08-09:gap_pp,-49.528239998750465
S2_primaria_5pb,diario,2024-08-12:gap_pp,-49.6228766955255
S2_primaria_5pb,diario,2024-08-13:gap_pp,-53.36906552936691
S2_primaria_5pb,diario,2024-08-14:gap_pp,-53.82676748304047
S2_primaria_5pb,diario,2024-08-15:gap_pp,-57.04738541486864
S2_primaria_5pb,diario,2024-08-16:gap_pp,-58.60673961366096
S2_primaria_5pb,diario,2024-08-19:gap_pp,-59.58625040817105
S2_primaria_5pb,diario,2024-08-20:gap_pp,-58.879612793532196
S2_primaria_5pb,diario,2024-08-21:gap_pp,-59.35846459773422
S2_primaria_5pb,diario,2024-08-22:gap_pp,-58.147488177067586
S2_primaria_5pb,diario,2024-08-23:gap_pp,-59.787766096692096
S2_primaria_5pb,diario,2024-08-26:gap_pp,-57.810289131273066
S2_primaria_5pb,diario,2024-08-27:gap_pp,-58.06495637450397
S2_primaria_5pb,diario,2024-08-28:gap_pp,-57.73720043489274
S2_primaria_5pb,diario,2024-08-29:gap_pp,-58.358353680727525
S2_primaria_5pb,diario,2024-08-30:gap_pp,-59.259595712517225
S2_primaria_5pb,diario,2024-09-02:gap_pp,-58.96956583140165
S2_primaria_5pb,diario,2024-09-03:gap_pp,-55.7299626827779
S2_primaria_5pb,diario,2024-09-04:gap_pp,-54.53907640377336
S2_primaria_5pb,diario,2024-09-05:gap_pp,-54.28009162602241
S2_primaria_5pb,diario,2024-09-06:gap_pp,-51.323955138048774
S2_primaria_5pb,diario,2024-09-09:gap_pp,-54.12260879395894
S2_primaria_5pb,diario,2024-09-10:gap_pp,-55.04418165506107
S2_primaria_5pb,diario,2024-09-11:gap_pp,-56.919118871710864
S2_primaria_5pb,diario,2024-09-12:gap_pp,-59.5529341829103
S2_primaria_5pb,diario,2024-09-13:gap_pp,-60.50342194905374
S2_primaria_5pb,diario,2024-09-16:gap_pp,-59.89731635985787
S2_primaria_5pb,diario,2024-09-17:gap_pp,-59.48945485900092
S2_primaria_5pb,diario,2024-09-18:gap_pp,-58.620474836031036
S2_primaria_5pb,diario,2024-09-19:gap_pp,-62.16563282710379
S2_primaria_5pb,diario,2024-09-20:gap_pp,-62.01733418738058
S2_primaria_5pb,diario,2024-09-23:gap_pp,-61.93365562328741
S2_primaria_5pb,diario,2024-09-24:gap_pp,-62.5331068405345
S2_primaria_5pb,diario,2024-09-25:gap_pp,-62.797358129629124
S2_primaria_5pb,diario,2024-09-26:gap_pp,-64.05738986862684
S2_primaria_5pb,diario,2024-09-27:gap_pp,-63.91259593194596
S2_primaria_5pb,diario,2024-09-30:gap_pp,-63.43901814864199
S2_primaria_5pb,diario,2024-10-01:gap_pp,-62.25891720130314
S2_primaria_5pb,diario,2024-10-02:gap_pp,-62.331445099257124
S2_primaria_5pb,diario,2024-10-03:gap_pp,-63.42779733572827
S2_primaria_5pb,diario,2024-10-04:gap_pp,-65.04765776498841
S2_primaria_5pb,diario,2024-10-07:gap_pp,-64.95336805455214
S2_primaria_5pb,diario,2024-10-08:gap_pp,-65.05930959235884
S2_primaria_5pb,diario,2024-10-09:gap_pp,-65.50610642161637
S2_primaria_5pb,diario,2024-10-10:gap_pp,-66.5058586592965
S2_primaria_5pb,diario,2024-10-11:gap_pp,-66.48515148883591
S2_primaria_5pb,diario,2024-10-14:gap_pp,-67.46141006107827
S2_primaria_5pb,diario,2024-10-15:gap_pp,-65.50105118523226
S2_primaria_5pb,diario,2024-10-16:gap_pp,-65.31433852944235
S2_primaria_5pb,diario,2024-10-17:gap_pp,-65.90249551552283
S2_primaria_5pb,diario,2024-10-18:gap_pp,-67.08088298094161
S2_primaria_5pb,diario,2024-10-21:gap_pp,-67.64231258407514
S2_primaria_5pb,diario,2024-10-22:gap_pp,-67.3794625947709
S2_primaria_5pb,diario,2024-10-23:gap_pp,-66.1948488806263
S2_primaria_5pb,diario,2024-10-24:gap_pp,-66.74574993634414
S2_primaria_5pb,diario,2024-10-25:gap_pp,-66.9989503591393
S2_primaria_5pb,diario,2024-10-28:gap_pp,-67.41634097688856
S2_primaria_5pb,diario,2024-10-29:gap_pp,-68.97312526872923
S2_primaria_5pb,diario,2024-10-30:gap_pp,-67.68212151177306
S2_primaria_5pb,diario,2024-10-31:gap_pp,-64.63794594811574
S2_primaria_5pb,diario,2024-11-01:gap_pp,-65.70401806778811
S2_primaria_5pb,diario,2024-11-04:gap_pp,-65.70763762690713
S2_primaria_5pb,diario,2024-11-05:gap_pp,-67.83693034044384
S2_primaria_5pb,diario,2024-11-06:gap_pp,-70.43044667102055
S2_primaria_5pb,diario,2024-11-07:gap_pp,-73.8629281579102
S2_primaria_5pb,diario,2024-11-08:gap_pp,-75.88547023150012
S2_primaria_5pb,diario,2024-11-11:gap_pp,-77.26553361894956
S2_primaria_5pb,diario,2024-11-12:gap_pp,-76.11549196894775
S2_primaria_5pb,diario,2024-11-13:gap_pp,-74.86535418307305
S2_primaria_5pb,diario,2024-11-14:gap_pp,-74.70990016774014
S2_primaria_5pb,diario,2024-11-15:gap_pp,-74.55857840463374
S2_primaria_5pb,diario,2024-11-18:gap_pp,-74.75620017394127
S2_primaria_5pb,diario,2024-11-19:gap_pp,-75.96419806944061
S2_primaria_5pb,diario,2024-11-20:gap_pp,-75.94619950012562
S2_primaria_5pb,diario,2024-11-21:gap_pp,-76.02690226578706
S2_primaria_5pb,diario,2024-11-22:gap_pp,-78.38775072526497
S2_primaria_5pb,diario,2024-11-25:gap_pp,-76.85935082210302
S2_primaria_5pb,diario,2024-11-26:gap_pp,-76.2534026424498
S2_primaria_5pb,diario,2024-11-27:gap_pp,-75.65056675337757
S2_primaria_5pb,diario,2024-11-28:gap_pp,-75.9798554903823
S2_primaria_5pb,diario,2024-11-29:gap_pp,-76.45193668220483
S2_primaria_5pb,diario,2024-12-02:gap_pp,-78.93535378971765
S2_primaria_5pb,diario,2024-12-03:gap_pp,-81.34433767622798
S2_primaria_5pb,diario,2024-12-04:gap_pp,-84.39692073175758
S2_primaria_5pb,diario,2024-12-05:gap_pp,-83.78807992610307
S2_primaria_5pb,diario,2024-12-06:gap_pp,-85.20190894432001
S2_primaria_5pb,diario,2024-12-09:gap_pp,-81.45229763601809
S2_primaria_5pb,diario,2024-12-10:gap_pp,-79.68480456866645
S2_primaria_5pb,diario,2024-12-11:gap_pp,-81.68353590825477
S2_primaria_5pb,diario,2024-12-12:gap_pp,-80.75907847305518
S2_primaria_5pb,diario,2024-12-13:gap_pp,-82.51922405123422
S2_primaria_5pb,diario,2024-12-16:gap_pp,-83.67768549264514
S2_primaria_5pb,diario,2024-12-17:gap_pp,-82.45896601060734
S2_primaria_5pb,diario,2024-12-18:gap_pp,-79.7198835790351
S2_primaria_5pb,diario,2024-12-19:gap_pp,-80.230666172633
S2_primaria_5pb,diario,2024-12-20:gap_pp,-82.0822432164071
S2_primaria_5pb,diario,2024-12-23:gap_pp,-83.14828131004603
S2_primaria_5pb,diario,2024-12-24:gap_pp,-84.49547197812215
S2_primaria_5pb,diario,2024-12-25:gap_pp,-84.60737420073959
S2_primaria_5pb,diario,2024-12-26:gap_pp,-84.56906344862777
S2_primaria_5pb,diario,2024-12-27:gap_pp,-82.72738038959231
S2_primaria_5pb,diario,2024-12-30:gap_pp,-81.4070013270882
S2_primaria_5pb,diario,2024-12-31:gap_pp,-80.86991265148697
S2_primaria_5pb,diario,2025-01-02:gap_pp,-82.90869551734843
S2_primaria_5pb,diario,2025-01-03:gap_pp,-85.77160375256862
S2_primaria_5pb,diario,2025-01-06:gap_pp,-86.49608683041127
S2_primaria_5pb,diario,2025-01-07:gap_pp,-83.64687186084798
S2_primaria_5pb,diario,2025-01-08:gap_pp,-83.54239870466394
S2_primaria_5pb,diario,2025-01-09:gap_pp,-83.8216351554482
S2_primaria_5pb,diario,2025-01-10:gap_pp,-81.54092206497204
S2_primaria_5pb,diario,2025-01-13:gap_pp,-81.51270307488561
S2_primaria_5pb,diario,2025-01-14:gap_pp,-82.21798389907484
S2_primaria_5pb,diario,2025-01-15:gap_pp,-85.2506547509005
S2_primaria_5pb,diario,2025-01-16:gap_pp,-85.37308942645015
S2_primaria_5pb,diario,2025-01-17:gap_pp,-87.01068622984613
S2_primaria_5pb,diario,2025-01-20:gap_pp,-87.05124388953722
S2_primaria_5pb,diario,2025-01-21:gap_pp,-87.2504950743111
S2_primaria_5pb,diario,2025-01-22:gap_pp,-89.6688538405546
S2_primaria_5pb,diario,2025-01-23:gap_pp,-91.48924037284061
S2_primaria_5pb,diario,2025-01-24:gap_pp,-90.76253525129876
S2_primaria_5pb,diario,2025-01-27:gap_pp,-87.12528813321212
S2_primaria_5pb,diario,2025-01-28:gap_pp,-90.49459556816497
S2_primaria_5pb,diario,2025-01-29:gap_pp,-91.89292097490858
S2_primaria_5pb,diario,2025-01-30:gap_pp,-93.59342267710716
S2_primaria_5pb,diario,2025-01-31:gap_pp,-94.81698454446604
S2_primaria_5pb,diario,2025-02-03:gap_pp,-93.51031958590681
S2_primaria_5pb,diario,2025-02-04:gap_pp,-95.65545207575393
S2_primaria_5pb,diario,2025-02-05:gap_pp,-95.45458130929394
S2_primaria_5pb,diario,2025-02-06:gap_pp,-98.44150328848052
S2_primaria_5pb,diario,2025-02-07:gap_pp,-98.5377932430001
S2_primaria_5pb,diario,2025-02-10:gap_pp,-102.01417662117693
S2_primaria_5pb,diario,2025-02-11:gap_pp,-99.86369326715644
S2_primaria_5pb,diario,2025-02-12:gap_pp,-100.8035895947076
S2_primaria_5pb,diario,2025-02-13:gap_pp,-103.81792832963825
S2_primaria_5pb,diario,2025-02-14:gap_pp,-102.58034143722602
S2_primaria_5pb,diario,2025-02-17:gap_pp,-102.81596470463444
S2_primaria_5pb,diario,2025-02-18:gap_pp,-103.74502806017811
S2_primaria_5pb,diario,2025-02-19:gap_pp,-101.38882496379613
S2_primaria_5pb,diario,2025-02-20:gap_pp,-98.27108628473668
S2_primaria_5pb,diario,2025-02-21:gap_pp,-94.1303228987759
S2_primaria_5pb,diario,2025-02-24:gap_pp,-91.67323931701681
S2_primaria_5pb,diario,2025-02-25:gap_pp,-88.21817731853967
S2_primaria_5pb,diario,2025-02-26:gap_pp,-87.9788994262369
S2_primaria_5pb,diario,2025-02-27:gap_pp,-84.96349820737872
S2_primaria_5pb,diario,2025-02-28:gap_pp,-87.37733979372373
S2_primaria_5pb,diario,2025-03-03:gap_pp,-85.76422289717087
S2_primaria_5pb,diario,2025-03-04:gap_pp,-84.66117444820192
S2_primaria_5pb,diario,2025-03-05:gap_pp,-85.32059506066723
S2_primaria_5pb,diario,2025-03-06:gap_pp,-79.31110339493827
S2_primaria_5pb,diario,2025-03-07:gap_pp,-80.03535358243454
S2_primaria_5pb,diario,2025-03-10:gap_pp,-72.81596988115109
S2_primaria_5pb,diario,2025-03-11:gap_pp,-73.08684990149202
S2_primaria_5pb,diario,2025-03-12:gap_pp,-77.44680709660932
S2_primaria_5pb,diario,2025-03-13:gap_pp,-75.67946174246865
S2_primaria_5pb,diario,2025-03-14:gap_pp,-80.21463170052205
S2_primaria_5pb,diario,2025-03-17:gap_pp,-82.85650359746346
S2_primaria_5pb,diario,2025-03-18:gap_pp,-79.70384925075025
S2_primaria_5pb,diario,2025-03-19:gap_pp,-82.96831614019023
S2_primaria_5pb,diario,2025-03-20:gap_pp,-84.15460133475506
S2_primaria_5pb,diario,2025-03-21:gap_pp,-84.44079302324275
S2_primaria_5pb,diario,2025-03-24:gap_pp,-88.0020185358011
S2_primaria_5pb,diario,2025-03-25:gap_pp,-88.17012093452918
S2_primaria_5pb,diario,2025-03-26:gap_pp,-84.4471967202963
S2_primaria_5pb,diario,2025-03-27:gap_pp,-80.33968470539774
S2_primaria_5pb,diario,2025-03-28:gap_pp,-76.33585585847493
S2_primaria_5pb,diario,2025-03-31:gap_pp,-74.25934836448992
S2_primaria_5pb,diario,2025-04-01:gap_pp,-76.49611586210519
S2_primaria_5pb,diario,2025-04-02:gap_pp,-77.5663993660206
S2_primaria_5pb,diario,2025-04-03:gap_pp,-66.03841382809621
S2_primaria_5pb,diario,2025-04-04:gap_pp,-53.11277311770619
S2_primaria_5pb,diario,2025-04-07:gap_pp,-50.61385353921464
S2_primaria_5pb,diario,2025-04-08:gap_pp,-53.84516987035446
S2_primaria_5pb,diario,2025-04-09:gap_pp,-61.908401114718714
S2_primaria_5pb,diario,2025-04-10:gap_pp,-62.05565487120601
S2_primaria_5pb,diario,2025-04-11:gap_pp,-59.712805409711734
S2_primaria_5pb,diario,2025-04-14:gap_pp,-62.38672974630981
S2_primaria_5pb,diario,2025-04-15:gap_pp,-66.1763352613847
S2_primaria_5pb,diario,2025-04-16:gap_pp,-61.70867748289592
S2_primaria_5pb,diario,2025-04-17:gap_pp,-62.867953436538016
S2_primaria_5pb,diario,2025-04-18:gap_pp,-62.85699311690598
S2_primaria_5pb,diario,2025-04-21:gap_pp,-60.24996902719917
S2_primaria_5pb,diario,2025-04-22:gap_pp,-62.419358009516124
S2_primaria_5pb,diario,2025-04-23:gap_pp,-69.03277689417773
S2_primaria_5pb,diario,2025-04-24:gap_pp,-74.76946340725097
S2_primaria_5pb,diario,2025-04-25:gap_pp,-78.37832212819849
S2_primaria_5pb,diario,2025-04-28:gap_pp,-78.85804832213879
S2_primaria_5pb,diario,2025-04-29:gap_pp,-79.77660396348676
S2_primaria_5pb,diario,2025-04-30:gap_pp,-79.5262616649631
S2_primaria_5pb,diario,2025-05-01:gap_pp,-80.12850069782509
S2_primaria_5pb,diario,2025-05-02:gap_pp,-86.97418919436232
S2_primaria_5pb,diario,2025-05-05:gap_pp,-86.82473622123882
S2_primaria_5pb,diario,2025-05-06:gap_pp,-83.93580991728977
S2_primaria_5pb,diario,2025-05-07:gap_pp,-83.2717334001404
S2_primaria_5pb,diario,2025-05-08:gap_pp,-88.08095037244587
S2_primaria_5pb,diario,2025-05-09:gap_pp,-87.88478948806646
S2_primaria_5pb,diario,2025-05-12:gap_pp,-95.27931807916221
S2_primaria_5pb,diario,2025-05-13:gap_pp,-99.88057055878589
S2_primaria_5pb,diario,2025-05-14:gap_pp,-100.06471144809194
S2_primaria_5pb,diario,2025-05-15:gap_pp,-99.71846436059408
S2_primaria_5pb,diario,2025-05-16:gap_pp,-100.57467164374845
S2_primaria_5pb,diario,2025-05-19:gap_pp,-99.54488796729923
S2_primaria_5pb,diario,2025-05-20:gap_pp,-99.38962662636143
S2_primaria_5pb,diario,2025-05-21:gap_pp,-97.15025405352917
S2_primaria_5pb,diario,2025-05-22:gap_pp,-96.80605470202788
S2_primaria_5pb,diario,2025-05-23:gap_pp,-95.46269419647327
S2_primaria_5pb,diario,2025-05-26:gap_pp,-95.93095105812407
S2_primaria_5pb,diario,2025-05-27:gap_pp,-99.37926935410705
S2_primaria_5pb,diario,2025-05-28:gap_pp,-99.52028647118539
S2_primaria_5pb,diario,2025-05-29:gap_pp,-99.47507008078284
S2_primaria_5pb,diario,2025-05-30:gap_pp,-100.8808209479409
S2_primaria_5pb,diario,2025-06-02:gap_pp,-101.709217648409
S2_primaria_5pb,diario,2025-06-03:gap_pp,-103.8566276990446
S2_primaria_5pb,diario,2025-06-04:gap_pp,-104.72275759800043
S2_primaria_5pb,diario,2025-06-05:gap_pp,-102.74814899536804
S2_primaria_5pb,diario,2025-06-06:gap_pp,-104.61811947864818
S2_primaria_5pb,diario,2025-06-09:gap_pp,-103.69033060862967
S2_primaria_5pb,diario,2025-06-10:gap_pp,-103.46340304407076
S2_primaria_5pb,diario,2025-06-11:gap_pp,-104.53792757928595
S2_primaria_5pb,diario,2025-06-12:gap_pp,-102.23055688665157
S2_primaria_5pb,diario,2025-06-13:gap_pp,-102.26976622645894
S2_primaria_5pb,diario,2025-06-16:gap_pp,-104.49068181277703
S2_primaria_5pb,diario,2025-06-17:gap_pp,-102.3834285474142
S2_primaria_5pb,diario,2025-06-18:gap_pp,-102.41272853510068
S2_primaria_5pb,diario,2025-06-19:gap_pp,-102.7743795780213
S2_primaria_5pb,diario,2025-06-20:gap_pp,-101.81045210202493
S2_primaria_5pb,diario,2025-06-23:gap_pp,-103.71398053726477
S2_primaria_5pb,diario,2025-06-24:gap_pp,-105.06376954268157
S2_primaria_5pb,diario,2025-06-25:gap_pp,-105.42416136891669
S2_primaria_5pb,diario,2025-06-26:gap_pp,-105.85188508570444
S2_primaria_5pb,diario,2025-06-27:gap_pp,-104.86807472437323
S2_primaria_5pb,diario,2025-06-30:gap_pp,-106.5668590387788
S2_primaria_5pb,diario,2025-07-01:gap_pp,-103.04418091949546
S2_primaria_5pb,diario,2025-07-02:gap_pp,-103.74870687744566
S2_primaria_5pb,diario,2025-07-03:gap_pp,-104.84932152762025
S2_primaria_5pb,diario,2025-07-04:gap_pp,-104.97138180894021
S2_primaria_5pb,diario,2025-07-07:gap_pp,-106.33928110946356
S2_primaria_5pb,diario,2025-07-08:gap_pp,-105.87600720323991
S2_primaria_5pb,diario,2025-07-09:gap_pp,-108.15980423845133
S2_primaria_5pb,diario,2025-07-10:gap_pp,-107.07521552525307
S2_primaria_5pb,diario,2025-07-11:gap_pp,-106.20907898360075
S2_primaria_5pb,diario,2025-07-14:gap_pp,-108.70499254250554
S2_primaria_5pb,diario,2025-07-15:gap_pp,-109.13989870882577
S2_primaria_5pb,diario,2025-07-16:gap_pp,-110.17306854156304
S2_primaria_5pb,diario,2025-07-17:gap_pp,-112.23613913376435
S2_primaria_5pb,diario,2025-07-18:gap_pp,-110.90198936346951
S2_primaria_5pb,diario,2025-07-21:gap_pp,-110.88835222251483
S2_primaria_5pb,diario,2025-07-22:gap_pp,-109.26996854552915
S2_primaria_5pb,diario,2025-07-23:gap_pp,-111.22092464905707
S2_primaria_5pb,diario,2025-07-24:gap_pp,-112.07662361856015
S2_primaria_5pb,diario,2025-07-25:gap_pp,-113.0427736282343
S2_primaria_5pb,diario,2025-07-28:gap_pp,-112.89391889057269
S2_primaria_5pb,diario,2025-07-29:gap_pp,-113.13229277322144
S2_primaria_5pb,diario,2025-07-30:gap_pp,-114.98682274020074
S2_primaria_5pb,diario,2025-07-31:gap_pp,-115.38303346974716
S2_primaria_5pb,diario,2025-08-01:gap_pp,-110.56128752598325
S2_primaria_5pb,diario,2025-08-04:gap_pp,-113.07943124589205
S2_primaria_5pb,diario,2025-08-05:gap_pp,-113.35052875868512
S2_primaria_5pb,diario,2025-08-06:gap_pp,-115.15695297112494
S2_primaria_5pb,diario,2025-08-07:gap_pp,-115.94482843217449
S2_primaria_5pb,diario,2025-08-08:gap_pp,-116.85617182207213
S2_primaria_5pb,diario,2025-08-11:gap_pp,-117.81582949536138
S2_primaria_5pb,diario,2025-08-12:gap_pp,-119.50884540608261
S2_primaria_5pb,diario,2025-08-13:gap_pp,-117.81944287645614
S2_primaria_5pb,diario,2025-08-14:gap_pp,-118.6648885985655
S2_primaria_5pb,diario,2025-08-15:gap_pp,-117.12112863324866
S2_primaria_5pb,diario,2025-08-18:gap_pp,-116.78946559024948
S2_primaria_5pb,diario,2025-08-19:gap_pp,-112.80962164935909
S2_primaria_5pb,diario,2025-08-20:gap_pp,-111.87879301476238
S2_primaria_5pb,diario,2025-08-21:gap_pp,-111.95692595325752
S2_primaria_5pb,diario,2025-08-22:gap_pp,-114.5508117741273
S2_primaria_5pb,diario,2025-08-25:gap_pp,-113.66935390710307
S2_primaria_5pb,diario,2025-08-26:gap_pp,-115.57041152823003
S2_primaria_5pb,diario,2025-08-27:gap_pp,-114.87664870063314
S2_primaria_5pb,diario,2025-08-28:gap_pp,-115.87202008950719
S2_primaria_5pb,diario,2025-08-29:gap_pp,-113.52683333053928
S2_primaria_5pb,diario,2025-09-01:gap_pp,-113.46149371770784
S2_primaria_5pb,diario,2025-09-02:gap_pp,-112.20941350950295
S2_primaria_5pb,diario,2025-09-03:gap_pp,-112.39029284347626
S2_primaria_5pb,diario,2025-09-04:gap_pp,-114.21208205465032
S2_primaria_5pb,diario,2025-09-05:gap_pp,-113.93126889888545
S2_primaria_5pb,diario,2025-09-08:gap_pp,-117.86370233066243
S2_primaria_5pb,diario,2025-09-09:gap_pp,-120.10037359449377
S2_primaria_5pb,diario,2025-09-10:gap_pp,-124.53503344388398
S2_primaria_5pb,diario,2025-09-11:gap_pp,-125.03669315221127
S2_primaria_5pb,diario,2025-09-12:gap_pp,-126.97279026061328
S2_primaria_5pb,diario,2025-09-15:gap_pp,-127.78999547336515
S2_primaria_5pb,diario,2025-09-16:gap_pp,-126.8126127408836
S2_primaria_5pb,diario,2025-09-17:gap_pp,-125.49463660122748
S2_primaria_5pb,diario,2025-09-18:gap_pp,-128.1377326477575
S2_primaria_5pb,diario,2025-09-19:gap_pp,-131.14288899445242
S2_primaria_5pb,diario,2025-09-22:gap_pp,-130.55395608180612
S2_primaria_5pb,diario,2025-09-23:gap_pp,-129.78370370511095
S2_primaria_5pb,diario,2025-09-24:gap_pp,-129.2509172140506
S2_primaria_5pb,diario,2025-09-25:gap_pp,-127.52959411569474
S2_primaria_5pb,diario,2025-09-26:gap_pp,-129.964801958672
S2_primaria_5pb,diario,2025-09-29:gap_pp,-131.96250841831588
S2_primaria_5pb,diario,2025-09-30:gap_pp,-133.10609968888653
S2_primaria_5pb,diario,2025-10-01:gap_pp,-133.6553386018682
S2_primaria_5pb,diario,2025-10-02:gap_pp,-134.6577434912002
S2_primaria_5pb,diario,2025-10-03:gap_pp,-133.1334745075883
S2_primaria_5pb,diario,2025-10-06:gap_pp,-134.07084952849374
S2_primaria_5pb,diario,2025-10-07:gap_pp,-135.99441571607656
S2_primaria_5pb,diario,2025-10-08:gap_pp,-137.90316181345844
S2_primaria_5pb,diario,2025-10-09:gap_pp,-137.18396127776177
S2_primaria_5pb,diario,2025-10-10:gap_pp,-132.82709047679865
S2_primaria_5pb,diario,2025-10-13:gap_pp,-134.42320984959431
S2_primaria_5pb,diario,2025-10-14:gap_pp,-133.14760130476947
S2_primaria_5pb,diario,2025-10-15:gap_pp,-130.91070694195744
S2_primaria_5pb,diario,2025-10-16:gap_pp,-130.31678319879717
S2_primaria_5pb,diario,2025-10-17:gap_pp,-128.17770658471517
S2_primaria_5pb,diario,2025-10-20:gap_pp,-129.74210325174298
S2_primaria_5pb,diario,2025-10-21:gap_pp,-130.0571226821438
S2_primaria_5pb,diario,2025-10-22:gap_pp,-128.0037138412305
S2_primaria_5pb,diario,2025-10-23:gap_pp,-129.3745719563189
S2_primaria_5pb,diario,2025-10-24:gap_pp,-132.9499398604125
S2_primaria_5pb,diario,2025-10-27:gap_pp,-134.43352777146106
S2_primaria_5pb,diario,2025-10-28:gap_pp,-135.32988803592346
S2_primaria_5pb,diario,2025-10-29:gap_pp,-138.5888420841448
S2_primaria_5pb,diario,2025-10-30:gap_pp,-136.5790020076795
S2_primaria_5pb,diario,2025-10-31:gap_pp,-138.39849768139504
S2_primaria_5pb,diario,2025-11-03:gap_pp,-138.84607371850814
S2_primaria_5pb,diario,2025-11-04:gap_pp,-133.30759811344828
S2_primaria_5pb,diario,2025-11-05:gap_pp,-132.8096778373165
S2_primaria_5pb,diario,2025-11-06:gap_pp,-128.92369836905354
S2_primaria_5pb,diario,2025-11-07:gap_pp,-128.45979135326198
S2_primaria_5pb,diario,2025-11-10:gap_pp,-134.05962574760827
S2_primaria_5pb,diario,2025-11-11:gap_pp,-132.48284145397932
S2_primaria_5pb,diario,2025-11-12:gap_pp,-132.3707801958374
S2_primaria_5pb,diario,2025-11-13:gap_pp,-127.7125609153733
S2_primaria_5pb,diario,2025-11-14:gap_pp,-128.387841595104
S2_primaria_5pb,diario,2025-11-17:gap_pp,-127.29573618897786
S2_primaria_5pb,diario,2025-11-18:gap_pp,-124.04475788552503
S2_primaria_5pb,diario,2025-11-19:gap_pp,-124.34663219859434
S2_primaria_5pb,diario,2025-11-20:gap_pp,-122.16264523408495
S2_primaria_5pb,diario,2025-11-21:gap_pp,-118.31227166489822
S2_primaria_5pb,diario,2025-11-24:gap_pp,-123.78745393848982
S2_primaria_5pb,diario,2025-11-25:gap_pp,-124.86879458122904
S2_primaria_5pb,diario,2025-11-26:gap_pp,-127.3182849356991
S2_primaria_5pb,diario,2025-11-27:gap_pp,-128.11373219839163
S2_primaria_5pb,diario,2025-11-28:gap_pp,-130.48477909852798
S2_primaria_5pb,diario,2025-12-01:gap_pp,-128.45910138357274
S2_primaria_5pb,diario,2025-12-02:gap_pp,-131.19685043282482
S2_primaria_5pb,diario,2025-12-03:gap_pp,-133.61916202808877
S2_primaria_5pb,diario,2025-12-04:gap_pp,-136.20560080356745
S2_primaria_5pb,diario,2025-12-05:gap_pp,-137.79470366466285
S2_primaria_5pb,diario,2025-12-08:gap_pp,-138.9483041693258
S2_primaria_5pb,diario,2025-12-09:gap_pp,-139.57631388914947
S2_primaria_5pb,diario,2025-12-10:gap_pp,-139.6464532544322
S2_primaria_5pb,diario,2025-12-11:gap_pp,-138.99708960770124
S2_primaria_5pb,diario,2025-12-12:gap_pp,-135.27471780845113
S2_primaria_5pb,diario,2025-12-15:gap_pp,-133.25563196253194
S2_primaria_5pb,diario,2025-12-16:gap_pp,-132.45292575635162
S2_primaria_5pb,diario,2025-12-17:gap_pp,-128.5359372691191
S2_primaria_5pb,diario,2025-12-18:gap_pp,-133.07977631317652
S2_primaria_5pb,diario,2025-12-19:gap_pp,-136.04411401865912
S2_primaria_5pb,diario,2025-12-22:gap_pp,-136.66780431073354
S2_primaria_5pb,diario,2025-12-23:gap_pp,-136.2753375238486
S2_primaria_5pb,diario,2025-12-24:gap_pp,-136.40923340910416
S2_primaria_5pb,diario,2025-12-25:gap_pp,-136.2975476078907
S2_primaria_5pb,diario,2025-12-26:gap_pp,-135.53597424255318
S2_primaria_5pb,diario,2025-12-29:gap_pp,-133.93550816096987
S2_primaria_5pb,diario,2025-12-30:gap_pp,-133.967207035771
S2_primaria_5pb,diario,2025-12-31:gap_pp,-132.40901621306932
S2_primaria_5pb,diario,2026-01-02:gap_pp,-132.27056299179787
S2_primaria_5pb,diario,2026-01-05:gap_pp,-138.3466614132559
S2_primaria_5pb,diario,2026-01-06:gap_pp,-138.32716331296294
S2_primaria_5pb,diario,2026-01-07:gap_pp,-139.37889826095096
S2_primaria_5pb,diario,2026-01-08:gap_pp,-138.05618921497506
S2_primaria_5pb,diario,2026-01-09:gap_pp,-139.7236866528079
S2_primaria_5pb,diario,2026-01-12:gap_pp,-140.84456055757914
S2_primaria_5pb,diario,2026-01-13:gap_pp,-141.198543968105
S2_primaria_5pb,diario,2026-01-14:gap_pp,-139.6138665709662
S2_primaria_5pb,diario,2026-01-15:gap_pp,-138.00510518614672
S2_primaria_5pb,diario,2026-01-16:gap_pp,-137.240168266145
S2_primaria_5pb,diario,2026-01-19:gap_pp,-136.55134281895118
S2_primaria_5pb,diario,2026-01-20:gap_pp,-133.46685376749542
S2_primaria_5pb,diario,2026-01-21:gap_pp,-131.60900319709884
S2_primaria_5pb,diario,2026-01-22:gap_pp,-132.93932735279668
S2_primaria_5pb,diario,2026-01-23:gap_pp,-135.63240533636173
S2_primaria_5pb,diario,2026-01-26:gap_pp,-134.21213733088433
S2_primaria_5pb,diario,2026-01-27:gap_pp,-134.53875789800932
S2_primaria_5pb,diario,2026-01-28:gap_pp,-132.75608058479037
S2_primaria_5pb,diario,2026-01-29:gap_pp,-133.00321623235064
S2_primaria_5pb,diario,2026-01-30:gap_pp,-129.05847842651207
S2_primaria_5pb,diario,2026-02-02:gap_pp,-131.63468566643704
S2_primaria_5pb,diario,2026-02-03:gap_pp,-130.44744093972193
S2_primaria_5pb,diario,2026-02-04:gap_pp,-122.707078179173
S2_primaria_5pb,diario,2026-02-05:gap_pp,-120.71978885701395
S2_primaria_5pb,diario,2026-02-06:gap_pp,-126.71499713107708
S2_primaria_5pb,diario,2026-02-09:gap_pp,-132.41270911333757
S2_primaria_5pb,diario,2026-02-10:gap_pp,-132.39013815595493
S2_primaria_5pb,diario,2026-02-11:gap_pp,-131.90839693726187
S2_primaria_5pb,diario,2026-02-12:gap_pp,-126.21748932897646
S2_primaria_5pb,diario,2026-02-13:gap_pp,-127.90599665070688
S2_primaria_5pb,diario,2026-02-16:gap_pp,-128.54659218956868
S2_primaria_5pb,diario,2026-02-17:gap_pp,-127.81189364340597
S2_primaria_5pb,diario,2026-02-18:gap_pp,-130.4320499931639
S2_primaria_5pb,diario,2026-02-19:gap_pp,-129.40745114872738
S2_primaria_5pb,diario,2026-02-20:gap_pp,-131.09967230237623
S2_primaria_5pb,diario,2026-02-23:gap_pp,-127.55780287555731
S2_primaria_5pb,diario,2026-02-24:gap_pp,-128.43448642294774
S2_primaria_5pb,diario,2026-02-25:gap_pp,-133.3146804759656
S2_primaria_5pb,diario,2026-02-26:gap_pp,-133.99320157782915
S2_primaria_5pb,diario,2026-02-27:gap_pp,-132.97917267701786
S2_primaria_5pb,diario,2026-03-02:gap_pp,-133.64474045881082
S2_primaria_5pb,diario,2026-03-03:gap_pp,-133.1688044242465
S2_primaria_5pb,diario,2026-03-04:gap_pp,-138.39805403973534
S2_primaria_5pb,diario,2026-03-05:gap_pp,-139.37126907205163
S2_primaria_5pb,diario,2026-03-06:gap_pp,-138.1694950088079
S2_primaria_5pb,diario,2026-03-09:gap_pp,-139.21454422792917
S2_primaria_5pb,diario,2026-03-10:gap_pp,-140.68408830083058
S2_primaria_5pb,diario,2026-03-11:gap_pp,-140.7650871768964
S2_primaria_5pb,diario,2026-03-12:gap_pp,-137.5733658378104
S2_primaria_5pb,diario,2026-03-13:gap_pp,-135.51222729390034
S2_primaria_5pb,diario,2026-03-16:gap_pp,-137.788039819549
S2_primaria_5pb,diario,2026-03-17:gap_pp,-138.74512240792868
S2_primaria_5pb,diario,2026-03-18:gap_pp,-138.15671506562154
S2_primaria_5pb,diario,2026-03-19:gap_pp,-134.4704743017261
S2_primaria_5pb,diario,2026-03-20:gap_pp,-128.38771814976178
S2_primaria_5pb,diario,2026-03-23:gap_pp,-130.69872257680862
S2_primaria_5pb,diario,2026-03-24:gap_pp,-127.33614054889502
S2_primaria_5pb,diario,2026-03-25:gap_pp,-130.78969157515724
S2_primaria_5pb,diario,2026-03-26:gap_pp,-124.13277035966632
S2_primaria_5pb,diario,2026-03-27:gap_pp,-119.30511544247902
S2_primaria_5pb,diario,2026-03-30:gap_pp,-117.56661024367125
S2_primaria_5pb,diario,2026-03-31:gap_pp,-122.38852556577129
S2_primaria_5pb,diario,2026-04-01:gap_pp,-128.0439084251318
S2_primaria_5pb,diario,2026-04-02:gap_pp,-127.21044085744097
S2_primaria_5pb,diario,2026-04-03:gap_pp,-127.66863920848334
S2_primaria_5pb,diario,2026-04-06:gap_pp,-128.59681573648658
S2_primaria_5pb,diario,2026-04-07:gap_pp,-127.95672228460906
S2_primaria_5pb,diario,2026-04-08:gap_pp,-134.32984234373097
S2_primaria_5pb,diario,2026-04-09:gap_pp,-131.57850910770992
S2_primaria_5pb,diario,2026-04-10:gap_pp,-130.7069623969354
S2_primaria_5pb,diario,2026-04-13:gap_pp,-133.2497851658936
S2_primaria_5pb,diario,2026-04-14:gap_pp,-136.59773882546648
S2_primaria_5pb,diario,2026-04-15:gap_pp,-139.52403155600973
S2_primaria_5pb,diario,2026-04-16:gap_pp,-140.10536664914247
S2_primaria_5pb,diario,2026-04-17:gap_pp,-141.3299318994256
S2_primaria_5pb,diario,2026-04-20:gap_pp,-141.51751833443973
S2_primaria_5pb,diario,2026-04-21:gap_pp,-138.866901800192
S2_primaria_5pb,diario,2026-04-22:gap_pp,-141.71025896161433
S2_primaria_5pb,diario,2026-04-23:gap_pp,-138.74837685300253
S2_primaria_5pb,diario,2026-04-24:gap_pp,-138.53099890639075
S2_primaria_5pb,diario,2026-04-27:gap_pp,-140.07811466686903
S2_primaria_5pb,diario,2026-04-28:gap_pp,-139.72761355665494
S2_primaria_5pb,diario,2026-04-29:gap_pp,-138.19587044997462
S2_primaria_5pb,diario,2026-04-30:gap_pp,-139.3895013099314
S2_primaria_5pb,diario,2026-05-01:gap_pp,-140.51982692532928
S2_primaria_5pb,diario,2026-05-04:gap_pp,-141.6818805792833
S2_primaria_5pb,diario,2026-05-05:gap_pp,-141.63494076138187
S2_primaria_5pb,diario,2026-05-06:gap_pp,-144.9035592549788
S2_primaria_5pb,diario,2026-05-07:gap_pp,-145.03501329565717
S2_primaria_5pb,diario,2026-05-08:gap_pp,-142.91436680362207
S2_primaria_5pb,diario,2026-05-11:gap_pp,-143.77481640536104
S2_primaria_5pb,diario,2026-05-12:gap_pp,-141.49275405183386
S2_primaria_5pb,diario,2026-05-13:gap_pp,-140.67998422234405
S2_primaria_5pb,diario,2026-05-14:gap_pp,-142.34359600305794
S2_primaria_5pb,diario,2026-05-15:gap_pp,-138.87835548316224
S2_primaria_5pb,diario,2026-05-18:gap_pp,-138.5465221283226
S2_primaria_5pb,diario,2026-05-19:gap_pp,-138.44903746688547
S2_primaria_5pb,diario,2026-05-20:gap_pp,-140.87171569341348
S2_primaria_5pb,diario,2026-05-21:gap_pp,-141.0218802502521
S2_primaria_5pb,diario,2026-05-22:gap_pp,-142.25030951848535
S2_primaria_5pb,diario,2026-05-25:gap_pp,-143.29768465519007
S2_primaria_5pb,diario,2026-05-26:gap_pp,-145.39274861670563
S2_primaria_5pb,diario,2026-05-27:gap_pp,-145.90523017915694
S2_primaria_5pb,diario,2026-05-28:gap_pp,-150.01908434130598
S2_primaria_5pb,diario,2026-05-29:gap_pp,-153.97844042148424
S2_primaria_5pb,diario,2026-06-01:gap_pp,-155.75524171940663
S2_primaria_5pb,diario,2026-06-02:gap_pp,-156.69945654375124
S2_primaria_5pb,diario,2026-06-03:gap_pp,-155.44999967837424
S2_primaria_5pb,diario,2026-06-04:gap_pp,-153.95439478411333
S2_primaria_5pb,diario,2026-06-05:gap_pp,-147.1939583965244
S2_primaria_5pb,diario,2026-06-08:gap_pp,-152.0051507961121
S2_primaria_5pb,diario,2026-06-09:gap_pp,-146.4516673999439
S2_primaria_5pb,diario,2026-06-10:gap_pp,-140.78691587225342
S2_primaria_5pb,diario,2026-06-11:gap_pp,-146.6782599859237
S2_primaria_5pb,diario,2026-06-12:gap_pp,-149.11791870093023
S2_primaria_5pb,diario,2026-06-15:gap_pp,-158.19668636142526
S2_primaria_5pb,diario,2026-06-16:gap_pp,-156.02711207017853
S2_primaria_5pb,diario,2026-06-17:gap_pp,-154.31551972492713
S2_primaria_5pb,diario,2026-06-18:gap_pp,-160.0427573493264
S2_primaria_5pb,diario,2026-06-19:gap_pp,-160.82366081274074
S2_primaria_5pb,diario,2026-06-22:gap_pp,-159.42218732156496
S2_primaria_5pb,diario,2026-06-23:gap_pp,-154.41502812782772
S2_primaria_5pb,diario,2026-06-24:gap_pp,-153.7785598081684
S2_primaria_5pb,diario,2026-06-25:gap_pp,-156.70638189510944
S2_primaria_5pb,diario,2026-06-26:gap_pp,-154.62065465928208
S2_primaria_5pb,diario,2026-06-29:gap_pp,-159.65157890693442
S2_primaria_5pb,diario,2026-06-30:gap_pp,-163.30892517207144
S2_primaria_5pb,diario,2026-07-01:gap_pp,-161.4844682866231
S2_primaria_5pb,diario,2026-07-02:gap_pp,-156.8570844517705
S2_primaria_5pb,diario,2026-07-03:gap_pp,-156.01923886659844
S2_primaria_5pb,diario,2026-07-06:gap_pp,-160.2232340324931
S2_primaria_5pb,diario,2026-07-07:gap_pp,-155.40729374826617
S2_primaria_5pb,diario,2026-07-08:gap_pp,-156.28338340860327
S2_primaria_5pb,diario,2026-07-09:gap_pp,-159.936521238912
S2_primaria_5pb,diario,2026-07-10:gap_pp,-159.37443745287652
S2_primaria_5pb,diario,2026-07-13:gap_pp,-154.05355244862784
S2_primaria_5pb,diario,2026-07-14:gap_pp,-158.86495106109413
S2_primaria_5pb,diario,2026-07-15:gap_pp,-157.6974768607454
S2_primaria_5pb,diario,2026-07-16:gap_pp,-150.78662993487293
S2_primaria_5pb,diario,2026-07-17:gap_pp,-147.10828079653453
S2_primaria_5pb,diario,2026-07-20:gap_pp,-148.75030574470222
S2_primaria_5pb,diario,2026-07-21:gap_pp,-155.43905328632684
S2_primaria_5pb,diario,2026-07-22:gap_pp,-152.34793450628192
S2_primaria_5pb,diario,2026-07-23:gap_pp,-151.25889426049878
S2_primaria_5pb,diario,2026-07-24:gap_pp,-146.6422975440191
S2_primaria_5pb,diario,2026-07-27:gap_pp,-145.73607943337873
S2_primaria_5pb,diario,2026-07-28:gap_pp,-139.0260336595476
S2_primaria_5pb,diario,2026-07-29:gap_pp,-132.63877048203213
S2_primaria_5pb,diario,2026-07-30:gap_pp,-141.41414906215184
S2_primaria_5pb,diario,2026-07-31:gap_pp,-144.85822179645731
S2_primaria_5pb,diario,2026-08-03:gap_pp,-147.81782267473417
S2_primaria_5pb,diario,2026-08-04:gap_pp,-160.18073224156817
S2_primaria_5pb,diario,2026-08-05:gap_pp,-160.44002314227072
S2_primaria_5pb,diario,2026-08-06:gap_pp,-156.44743097743103
S2_primaria_5pb,diario,2026-08-07:gap_pp,-160.21359275732877
S2_primaria_5pb,diario,2026-08-10:gap_pp,-160.2593187532747
S2_primaria_5pb,diario,2026-08-11:gap_pp,-159.74606242063038
S2_primaria_5pb,diario,2026-08-12:gap_pp,-162.4132523243934
S2_primaria_5pb,diario,2026-08-13:gap_pp,-165.72304247337118
S2_primaria_5pb,diario,2026-08-14:gap_pp,-164.89690663978058
S2_primaria_5pb,diario,2026-08-17:gap_pp,-166.82706873267853
S2_primaria_5pb,diario,2026-08-18:gap_pp,-159.4143654149535
S2_primaria_5pb,diario,2026-08-19:gap_pp,-157.10623391770596
S2_primaria_5pb,diario,2026-08-20:gap_pp,-156.1653415410529
S2_primaria_5pb,diario,2026-08-21:gap_pp,-156.74847326815387
S2_primaria_5pb,diario,2026-08-24:gap_pp,-152.68653309057953
S2_primaria_5pb,diario,2026-08-25:gap_pp,-154.79240608009005
S2_primaria_5pb,diario,2026-08-26:gap_pp,-156.07414767822814
S2_primaria_5pb,diario,2026-08-27:gap_pp,-159.54947701426306
S2_primaria_5pb,cierre_anio,2022:2022-12-30:gap_pp,-4.2257428892972015
S2_primaria_5pb,cierre_anio,2023:2023-12-29:gap_pp,-32.74916980623501
S2_primaria_5pb,cierre_anio,2024:2024-12-31:gap_pp,-80.86991265148697
S2_primaria_5pb,cierre_anio,2025:2025-12-31:gap_pp,-132.40901621306932
S2_primaria_5pb,cierre_anio,2026:2026-08-27:gap_pp,-159.54947701426306
S2_primaria_5pb,mitad,primera_mitad:2024-07-19:gap_pp,-50.90166444266484
S2_primaria_5pb,mitad,final:2026-08-27:gap_pp,-159.54947701426306
S2_primaria_5pb,exceso_mensual,2022-06:exceso_pp,1.160755455367135
S2_primaria_5pb,exceso_mensual,2022-06:r_sis_pp,0.0
S2_primaria_5pb,exceso_mensual,2022-06:r_bench_pp,-1.160755455367135
S2_primaria_5pb,exceso_mensual,2022-07:exceso_pp,-9.308175861835455
S2_primaria_5pb,exceso_mensual,2022-07:r_sis_pp,0.0
S2_primaria_5pb,exceso_mensual,2022-07:r_bench_pp,9.308175861835455
S2_primaria_5pb,exceso_mensual,2022-08:exceso_pp,3.2992493633603237
S2_primaria_5pb,exceso_mensual,2022-08:r_sis_pp,0.0
S2_primaria_5pb,exceso_mensual,2022-08:r_bench_pp,-3.2992493633603237
S2_primaria_5pb,exceso_mensual,2022-09:exceso_pp,7.548380225135287
S2_primaria_5pb,exceso_mensual,2022-09:r_sis_pp,0.0
S2_primaria_5pb,exceso_mensual,2022-09:r_bench_pp,-7.548380225135287
S2_primaria_5pb,exceso_mensual,2022-10:exceso_pp,-5.853077720128863
S2_primaria_5pb,exceso_mensual,2022-10:r_sis_pp,0.0
S2_primaria_5pb,exceso_mensual,2022-10:r_bench_pp,5.853077720128863
S2_primaria_5pb,exceso_mensual,2022-11:exceso_pp,-5.339936260146294
S2_primaria_5pb,exceso_mensual,2022-11:r_sis_pp,-0.7201888810466905
S2_primaria_5pb,exceso_mensual,2022-11:r_bench_pp,4.6197473790996035
S2_primaria_5pb,exceso_mensual,2022-12:exceso_pp,2.9591544567677097
S2_primaria_5pb,exceso_mensual,2022-12:r_sis_pp,-3.8336276074907527
S2_primaria_5pb,exceso_mensual,2022-12:r_bench_pp,-6.792782064258462
S2_primaria_5pb,exceso_mensual,2023-01:exceso_pp,-2.2030926602431
S2_primaria_5pb,exceso_mensual,2023-01:r_sis_pp,7.281538001649923
S2_primaria_5pb,exceso_mensual,2023-01:r_bench_pp,9.484630661893023
S2_primaria_5pb,exceso_mensual,2023-02:exceso_pp,-3.4140147201314974
S2_primaria_5pb,exceso_mensual,2023-02:r_sis_pp,-1.9668174416338724
S2_primaria_5pb,exceso_mensual,2023-02:r_bench_pp,1.447197278497625
S2_primaria_5pb,exceso_mensual,2023-03:exceso_pp,2.3555611568320423
S2_primaria_5pb,exceso_mensual,2023-03:r_sis_pp,5.219305719278511
S2_primaria_5pb,exceso_mensual,2023-03:r_bench_pp,2.8637445624464686
S2_primaria_5pb,exceso_mensual,2023-04:exceso_pp,-2.171873537445501
S2_primaria_5pb,exceso_mensual,2023-04:r_sis_pp,-3.042499745423677
S2_primaria_5pb,exceso_mensual,2023-04:r_bench_pp,-0.8706262079781757
S2_primaria_5pb,exceso_mensual,2023-05:exceso_pp,-7.511166123553403
S2_primaria_5pb,exceso_mensual,2023-05:r_sis_pp,0.33266469484141137
S2_primaria_5pb,exceso_mensual,2023-05:r_bench_pp,7.843830818394815
S2_primaria_5pb,exceso_mensual,2023-06:exceso_pp,-1.4846673629909324
S2_primaria_5pb,exceso_mensual,2023-06:r_sis_pp,2.439627969707847
S2_primaria_5pb,exceso_mensual,2023-06:r_bench_pp,3.9242953326987795
S2_primaria_5pb,exceso_mensual,2023-07:exceso_pp,0.03318721430516369
S2_primaria_5pb,exceso_mensual,2023-07:r_sis_pp,3.8235482644097374
S2_primaria_5pb,exceso_mensual,2023-07:r_bench_pp,3.7903610501045737
S2_primaria_5pb,exceso_mensual,2023-08:exceso_pp,-1.2937787620107888
S2_primaria_5pb,exceso_mensual,2023-08:r_sis_pp,-2.251417112605425
S2_primaria_5pb,exceso_mensual,2023-08:r_bench_pp,-0.9576383505946362
S2_primaria_5pb,exceso_mensual,2023-09:exceso_pp,1.1217791977656821
S2_primaria_5pb,exceso_mensual,2023-09:r_sis_pp,-0.4232888360872322
S2_primaria_5pb,exceso_mensual,2023-09:r_bench_pp,-1.5450680338529144
S2_primaria_5pb,exceso_mensual,2023-10:exceso_pp,1.850282175238449
S2_primaria_5pb,exceso_mensual,2023-10:r_sis_pp,-0.8296399471660498
S2_primaria_5pb,exceso_mensual,2023-10:r_bench_pp,-2.679922122404499
S2_primaria_5pb,exceso_mensual,2023-11:exceso_pp,-9.542191591880878
S2_primaria_5pb,exceso_mensual,2023-11:r_sis_pp,0.9235316830160656
S2_primaria_5pb,exceso_mensual,2023-11:r_bench_pp,10.465723274896943
S2_primaria_5pb,exceso_mensual,2023-12:exceso_pp,-0.24412545399243868
S2_primaria_5pb,exceso_mensual,2023-12:r_sis_pp,3.8802795250417743
S2_primaria_5pb,exceso_mensual,2023-12:r_bench_pp,4.124404979034213
S2_primaria_5pb,exceso_mensual,2024-01:exceso_pp,1.355284261274492
S2_primaria_5pb,exceso_mensual,2024-01:r_sis_pp,5.810643465644905
S2_primaria_5pb,exceso_mensual,2024-01:r_bench_pp,4.455359204370413
S2_primaria_5pb,exceso_mensual,2024-02:exceso_pp,-5.93049114658859
S2_primaria_5pb,exceso_mensual,2024-02:r_sis_pp,4.035393274606158
S2_primaria_5pb,exceso_mensual,2024-02:r_bench_pp,9.965884421194747
S2_primaria_5pb,exceso_mensual,2024-03:exceso_pp,-2.9863476062393257
S2_primaria_5pb,exceso_mensual,2024-03:r_sis_pp,2.118977859379867
S2_primaria_5pb,exceso_mensual,2024-03:r_bench_pp,5.105325465619193
S2_primaria_5pb,exceso_mensual,2024-04:exceso_pp,1.6906403307121787
S2_primaria_5pb,exceso_mensual,2024-04:r_sis_pp,-2.507706321022385
S2_primaria_5pb,exceso_mensual,2024-04:r_bench_pp,-4.198346651734564
S2_primaria_5pb,exceso_mensual,2024-05:exceso_pp,-2.2047480314462575
S2_primaria_5pb,exceso_mensual,2024-05:r_sis_pp,1.785895156003292
S2_primaria_5pb,exceso_mensual,2024-05:r_bench_pp,3.9906431874495496
S2_primaria_5pb,exceso_mensual,2024-06:exceso_pp,0.807143891293749
S2_primaria_5pb,exceso_mensual,2024-06:r_sis_pp,6.46720743189757
S2_primaria_5pb,exceso_mensual,2024-06:r_bench_pp,5.660063540603821
S2_primaria_5pb,exceso_mensual,2024-07:exceso_pp,-0.485821416924892
S2_primaria_5pb,exceso_mensual,2024-07:r_sis_pp,-2.729620747492445
S2_primaria_5pb,exceso_mensual,2024-07:r_bench_pp,-2.243799330567553
S2_primaria_5pb,exceso_mensual,2024-08:exceso_pp,-6.256042693049024
S2_primaria_5pb,exceso_mensual,2024-08:r_sis_pp,-4.3769200975233735
S2_primaria_5pb,exceso_mensual,2024-08:r_bench_pp,1.8791225955256508
S2_primaria_5pb,exceso_mensual,2024-09:exceso_pp,-2.0292009337826267
S2_primaria_5pb,exceso_mensual,2024-09:r_sis_pp,0.8390554108925308
S2_primaria_5pb,exceso_mensual,2024-09:r_bench_pp,2.8682563446751574
S2_primaria_5pb,exceso_mensual,2024-10:exceso_pp,0.5655402243987862
S2_primaria_5pb,exceso_mensual,2024-10:r_sis_pp,3.553957699512522
S2_primaria_5pb,exceso_mensual,2024-10:r_bench_pp,2.988417475113736
S2_primaria_5pb,exceso_mensual,2024-11:exceso_pp,-3.64377968194296
S2_primaria_5pb,exceso_mensual,2024-11:r_sis_pp,7.439981713740251
S2_primaria_5pb,exceso_mensual,2024-11:r_bench_pp,11.083761395683212
S2_primaria_5pb,exceso_mensual,2024-12:exceso_pp,-2.486507763822343
S2_primaria_5pb,exceso_mensual,2024-12:r_sis_pp,-1.1667479055211705
S2_primaria_5pb,exceso_mensual,2024-12:r_bench_pp,1.3197598583011727
S2_primaria_5pb,exceso_mensual,2025-01:exceso_pp,-6.838539391850551
S2_primaria_5pb,exceso_mensual,2025-01:r_sis_pp,-1.0504206340604005
S2_primaria_5pb,exceso_mensual,2025-01:r_bench_pp,5.7881187577901505
S2_primaria_5pb,exceso_mensual,2025-02:exceso_pp,5.508166002365266
S2_primaria_5pb,exceso_mensual,2025-02:r_sis_pp,5.45071309932883
S2_primaria_5pb,exceso_mensual,2025-02:r_bench_pp,-0.0574529030364368
S2_primaria_5pb,exceso_mensual,2025-03:exceso_pp,4.2064086753363705
S2_primaria_5pb,exceso_mensual,2025-03:r_sis_pp,-4.0002561972737
S2_primaria_5pb,exceso_mensual,2025-03:r_bench_pp,-8.20666487261007
S2_primaria_5pb,exceso_mensual,2025-04:exceso_pp,-3.252649332406865
S2_primaria_5pb,exceso_mensual,2025-04:r_sis_pp,-2.105156348767434
S2_primaria_5pb,exceso_mensual,2025-04:r_bench_pp,1.147492983639431
S2_primaria_5pb,exceso_mensual,2025-05:exceso_pp,-9.680197879113805
S2_primaria_5pb,exceso_mensual,2025-05:r_sis_pp,0.9984188274420269
S2_primaria_5pb,exceso_mensual,2025-05:r_bench_pp,10.678616706555832
S2_primaria_5pb,exceso_mensual,2025-06:exceso_pp,-0.916418032924371
S2_primaria_5pb,exceso_mensual,2025-06:r_sis_pp,3.500892825683599
S2_primaria_5pb,exceso_mensual,2025-06:r_bench_pp,4.41731085860797
S2_primaria_5pb,exceso_mensual,2025-07:exceso_pp,-2.8380584269168896
S2_primaria_5pb,exceso_mensual,2025-07:r_sis_pp,1.7357917445320448
S2_primaria_5pb,exceso_mensual,2025-07:r_bench_pp,4.573850171448934
S2_primaria_5pb,exceso_mensual,2025-08:exceso_pp,0.9473643036792767
S2_primaria_5pb,exceso_mensual,2025-08:r_sis_pp,0.49885552524577825
S2_primaria_5pb,exceso_mensual,2025-08:r_bench_pp,-0.44850877843349846
S2_primaria_5pb,exceso_mensual,2025-09:exceso_pp,-6.155189626637725
S2_primaria_5pb,exceso_mensual,2025-09:r_sis_pp,3.391567182867572
S2_primaria_5pb,exceso_mensual,2025-09:r_bench_pp,9.546756809505297
S2_primaria_5pb,exceso_mensual,2025-10:exceso_pp,1.8915321581036926
S2_primaria_5pb,exceso_mensual,2025-10:r_sis_pp,7.954149763077045
S2_primaria_5pb,exceso_mensual,2025-10:r_bench_pp,6.062617604973353
S2_primaria_5pb,exceso_mensual,2025-11:exceso_pp,0.8249255922303855
S2_primaria_5pb,exceso_mensual,2025-11:r_sis_pp,-3.9483534157452427
S2_primaria_5pb,exceso_mensual,2025-11:r_bench_pp,-4.773279007975628
S2_primaria_5pb,exceso_mensual,2025-12:exceso_pp,-0.758384308990967
S2_primaria_5pb,exceso_mensual,2025-12:r_sis_pp,-0.168582744956558
S2_primaria_5pb,exceso_mensual,2025-12:r_bench_pp,0.589801564034409
S2_primaria_5pb,exceso_mensual,2026-01:exceso_pp,2.0990261615948747
S2_primaria_5pb,exceso_mensual,2026-01:r_sis_pp,1.9780602683253656
S2_primaria_5pb,exceso_mensual,2026-01:r_bench_pp,-0.12096589326950902
S2_primaria_5pb,exceso_mensual,2026-02:exceso_pp,-1.244005594951969
S2_primaria_5pb,exceso_mensual,2026-02:r_sis_pp,0.29986394236147795
S2_primaria_5pb,exceso_mensual,2026-02:r_bench_pp,1.543869537313447
S2_primaria_5pb,exceso_mensual,2026-03:exceso_pp,1.5219562104285322
S2_primaria_5pb,exceso_mensual,2026-03:r_sis_pp,-4.662886063722604
S2_primaria_5pb,exceso_mensual,2026-03:r_bench_pp,-6.184842274151137
S2_primaria_5pb,exceso_mensual,2026-04:exceso_pp,-2.2948215994061716
S2_primaria_5pb,exceso_mensual,2026-04:r_sis_pp,8.817091781493215
S2_primaria_5pb,exceso_mensual,2026-04:r_bench_pp,11.111913380899384
S2_primaria_5pb,exceso_mensual,2026-05:exceso_pp,0.49731493927533954
S2_primaria_5pb,exceso_mensual,2026-05:r_sis_pp,11.539053686943657
S2_primaria_5pb,exceso_mensual,2026-05:r_bench_pp,11.041738747668317
S2_primaria_5pb,exceso_mensual,2026-06:exceso_pp,-2.968305963082185
S2_primaria_5pb,exceso_mensual,2026-06:r_sis_pp,-0.3765875569016086
S2_primaria_5pb,exceso_mensual,2026-06:r_bench_pp,2.5917184061805765
S2_primaria_5pb,exceso_mensual,2026-07:exceso_pp,5.070192080584091
S2_primaria_5pb,exceso_mensual,2026-07:r_sis_pp,-0.6637827480788006
S2_primaria_5pb,exceso_mensual,2026-07:r_bench_pp,-5.733974828662891
S2_primaria_5pb,exceso_mensual,2026-08:exceso_pp,-3.9403588841061765
S2_primaria_5pb,exceso_mensual,2026-08:r_sis_pp,1.3588671143498043
S2_primaria_5pb,exceso_mensual,2026-08:r_bench_pp,5.299225998455981
S2_primaria_5pb,mejores_meses,2022-09:exceso_pp,7.548380225135287
S2_primaria_5pb,mejores_meses,2025-02:exceso_pp,5.508166002365266
S2_primaria_5pb,mejores_meses,2026-07:exceso_pp,5.070192080584091
S2_primaria_5pb,mejores_meses,2025-03:exceso_pp,4.2064086753363705
S2_primaria_5pb,mejores_meses,2022-08:exceso_pp,3.2992493633603237
S2_primaria_5pb,peores_meses,2025-05:exceso_pp,-9.680197879113805
S2_primaria_5pb,peores_meses,2023-11:exceso_pp,-9.542191591880878
S2_primaria_5pb,peores_meses,2022-07:exceso_pp,-9.308175861835455
S2_primaria_5pb,peores_meses,2023-05:exceso_pp,-7.511166123553403
S2_primaria_5pb,peores_meses,2025-01:exceso_pp,-6.838539391850551
S2_primaria_5pb,conteo_meses,exceso_gt_0_n,21
S2_primaria_5pb,conteo_meses,exceso_lt_0_n,30
S2_primaria_5pb,conteo_meses,total_n,51
S2_primaria_5pb,exceso_anual,2022:r_sis_pp,-4.526207128767568
S2_primaria_5pb,exceso_anual,2022:r_bench_pp,-0.30046423947036605
S2_primaria_5pb,exceso_anual,2022:exceso_pp,-4.2257428892972015
S2_primaria_5pb,log_gap,2022:2022-12-30:log_adimensional,-0.04330923096310319
S2_primaria_5pb,log_gap_aporte_anual,2022:log_adimensional,-0.04330923096310319
S2_primaria_5pb,exceso_anual,2023:r_sis_pp,15.866217241953319
S2_primaria_5pb,exceso_anual,2023:r_bench_pp,43.80311901142206
S2_primaria_5pb,exceso_anual,2023:exceso_pp,-27.936901769468747
S2_primaria_5pb,log_gap,2023:2023-12-29:log_adimensional,-0.2593181400350404
S2_primaria_5pb,log_gap_aporte_anual,2023:log_adimensional,-0.2160089090719372
S2_primaria_5pb,exceso_anual,2024:r_sis_pp,22.48939749900729
S2_primaria_5pb,exceso_anual,2024:r_bench_pp,50.91609460834255
S2_primaria_5pb,exceso_anual,2024:exceso_pp,-28.42669710933525
S2_primaria_5pb,log_gap,2024:2024-12-31:log_adimensional,-0.46801768235511404
S2_primaria_5pb,log_gap_aporte_anual,2024:log_adimensional,-0.20869954232007365
S2_primaria_5pb,exceso_anual,2025:r_sis_pp,12.171733409431763
S2_primaria_5pb,exceso_anual,2025:r_bench_pp,31.442352129512784
S2_primaria_5pb,exceso_anual,2025:exceso_pp,-19.270618720081025
S2_primaria_5pb,log_gap,2025:2025-12-31:log_adimensional,-0.6265550200539338
S2_primaria_5pb,log_gap_aporte_anual,2025:log_adimensional,-0.15853733769881978
S2_primaria_5pb,exceso_anual,2026:r_sis_pp,18.720014642097183
S2_primaria_5pb,exceso_anual,2026:r_bench_pp,19.54753179578701
S2_primaria_5pb,exceso_anual,2026:exceso_pp,-0.8275171536898274
S2_primaria_5pb,log_gap,2026:2026-08-27:log_adimensional,-0.633501165202894
S2_primaria_5pb,log_gap_aporte_anual,2026:log_adimensional,-0.006946145148960192
S2_primaria_5pb,log_gap,final:2026-08-27:log_adimensional,-0.633501165202894
S2_primaria_5pb,gap_max,2022-10-12:gap_pp,3.8076693549843887
S2_primaria_5pb,gap_min,2026-08-17:gap_pp,-166.82706873267853
S2_primaria_5pb,inicio_apertura,definicion,Primera fecha desde la cual el gap ya no vuelve a ser >= 0 hasta el final.
S2_primaria_5pb,inicio_apertura,gap_pp_siempre_negativo_desde_fecha,2022-10-21
S2_primaria_5pb,inicio_apertura,primer_gap_le_-5.0_pp,2022-07-20
S2_primaria_5pb,inicio_apertura,primer_gap_le_-10.0_pp,2022-08-04
S2_primaria_5pb,inicio_apertura,primer_gap_le_-20.0_pp,2023-06-05
S2_primaria_5pb,alrededor_dd,pico_sistema:2024-07-09:gap_pp,-52.072326420744886
S2_primaria_5pb,alrededor_dd,valle_sistema:2024-09-06:gap_pp,-51.323955138048774
S2_primaria_5pb,alrededor_dd,recuperacion_sistema:2024-11-08:gap_pp,-75.88547023150012
S2_primaria_5pb,alrededor_dd,pico_benchmark:2025-02-18:gap_pp,-103.74502806017811
S2_primaria_5pb,alrededor_dd,valle_benchmark:2025-04-07:gap_pp,-50.61385353921464
S2_primaria_5pb,alrededor_dd,recuperacion_benchmark:2025-07-16:gap_pp,-110.17306854156304
C0_primaria_5pb,diario,2022-06-14:gap_pp,0.7807453043864099
C0_primaria_5pb,diario,2022-06-15:gap_pp,-0.7772439294476241
C0_primaria_5pb,diario,2022-06-16:gap_pp,2.381621451506133
C0_primaria_5pb,diario,2022-06-17:gap_pp,2.5787115082853362
C0_primaria_5pb,diario,2022-06-20:gap_pp,2.4587085151175803
C0_primaria_5pb,diario,2022-06-21:gap_pp,0.851752870260436
C0_primaria_5pb,diario,2022-06-22:gap_pp,1.6772591351135624
C0_primaria_5pb,diario,2022-06-23:gap_pp,1.2264006113615444
C0_primaria_5pb,diario,2022-06-24:gap_pp,-1.5925420553837943
C0_primaria_5pb,diario,2022-06-27:gap_pp,-1.386401578088159
C0_primaria_5pb,diario,2022-06-28:gap_pp,-0.37073952464716786
C0_primaria_5pb,diario,2022-06-29:gap_pp,0.27233291037203067
C0_primaria_5pb,diario,2022-06-30:gap_pp,1.160755455367135
C0_primaria_5pb,diario,2022-07-01:gap_pp,1.199152590978747
C0_primaria_5pb,diario,2022-07-04:gap_pp,1.0885849461724884
C0_primaria_5pb,diario,2022-07-05:gap_pp,0.5099828144035978
C0_primaria_5pb,diario,2022-07-06:gap_pp,-0.7430985076247509
C0_primaria_5pb,diario,2022-07-07:gap_pp,-3.1483743438676104
C0_primaria_5pb,diario,2022-07-08:gap_pp,-3.765821540906855
C0_primaria_5pb,diario,2022-07-11:gap_pp,-2.2159140858317716
C0_primaria_5pb,diario,2022-07-12:gap_pp,-1.8901940587079613
C0_primaria_5pb,diario,2022-07-13:gap_pp,-1.270539050798014
C0_primaria_5pb,diario,2022-07-14:gap_pp,-0.8054183740646037
C0_primaria_5pb,diario,2022-07-15:gap_pp,-2.4253145852220825
C0_primaria_5pb,diario,2022-07-18:gap_pp,-2.590726079531902
C0_primaria_5pb,diario,2022-07-19:gap_pp,-4.152301015993198
C0_primaria_5pb,diario,2022-07-20:gap_pp,-5.837236342921792
C0_primaria_5pb,diario,2022-07-21:gap_pp,-6.571687377606983
C0_primaria_5pb,diario,2022-07-22:gap_pp,-5.617918626412788
C0_primaria_5pb,diario,2022-07-25:gap_pp,-5.037370770019001
C0_primaria_5pb,diario,2022-07-26:gap_pp,-4.059142877703814
C0_primaria_5pb,diario,2022-07-27:gap_pp,-6.182860800708911
C0_primaria_5pb,diario,2022-07-28:gap_pp,-7.227967318503525
C0_primaria_5pb,diario,2022-07-29:gap_pp,-8.039375247356894
C0_primaria_5pb,diario,2022-08-01:gap_pp,-7.846841718759956
C0_primaria_5pb,diario,2022-08-02:gap_pp,-7.854200036441505
C0_primaria_5pb,diario,2022-08-03:gap_pp,-9.803722039616613
C0_primaria_5pb,diario,2022-08-04:gap_pp,-10.48111154150666
C0_primaria_5pb,diario,2022-08-05:gap_pp,-10.04235064554424
C0_primaria_5pb,diario,2022-08-08:gap_pp,-10.20687772561839
C0_primaria_5pb,diario,2022-08-09:gap_pp,-8.256996969191
C0_primaria_5pb,diario,2022-08-10:gap_pp,-10.250839633508836
C0_primaria_5pb,diario,2022-08-11:gap_pp,-9.580230549835411
C0_primaria_5pb,diario,2022-08-12:gap_pp,-11.502434702067355
C0_primaria_5pb,diario,2022-08-15:gap_pp,-12.425376277236833
C0_primaria_5pb,diario,2022-08-16:gap_pp,-12.405807900893828
C0_primaria_5pb,diario,2022-08-17:gap_pp,-10.958949285272212
C0_primaria_5pb,diario,2022-08-18:gap_pp,-11.25044564069
C0_primaria_5pb,diario,2022-08-19:gap_pp,-10.064230642270822
C0_primaria_5pb,diario,2022-08-22:gap_pp,-8.278946806706156
C0_primaria_5pb,diario,2022-08-23:gap_pp,-8.770308069112676
C0_primaria_5pb,diario,2022-08-24:gap_pp,-9.167862196532539
C0_primaria_5pb,diario,2022-08-25:gap_pp,-10.361837197591983
C0_primaria_5pb,diario,2022-08-26:gap_pp,-7.272171858398391
C0_primaria_5pb,diario,2022-08-29:gap_pp,-6.132475789904213
C0_primaria_5pb,diario,2022-08-30:gap_pp,-5.229841359439558
C0_primaria_5pb,diario,2022-08-31:gap_pp,-4.474886847330017
C0_primaria_5pb,diario,2022-09-01:gap_pp,-3.3508995491897453
C0_primaria_5pb,diario,2022-09-02:gap_pp,-3.6365684008391685
C0_primaria_5pb,diario,2022-09-05:gap_pp,-3.6134016266336833
C0_primaria_5pb,diario,2022-09-06:gap_pp,-3.097355722463413
C0_primaria_5pb,diario,2022-09-07:gap_pp,-3.6974859890627654
C0_primaria_5pb,diario,2022-09-08:gap_pp,-4.021476348255915
C0_primaria_5pb,diario,2022-09-09:gap_pp,-5.856589277214885
C0_primaria_5pb,diario,2022-09-12:gap_pp,-6.54895838855416
C0_primaria_5pb,diario,2022-09-13:gap_pp,-3.150431747676641
C0_primaria_5pb,diario,2022-09-14:gap_pp,-4.124902324253599
C0_primaria_5pb,diario,2022-09-15:gap_pp,-3.1083051201479917
C0_primaria_5pb,diario,2022-09-16:gap_pp,-1.8613108448068516
C0_primaria_5pb,diario,2022-09-19:gap_pp,-1.6874686122580362
C0_primaria_5pb,diario,2022-09-20:gap_pp,-0.9114901075406356
C0_primaria_5pb,diario,2022-09-21:gap_pp,-1.012058650250669
C0_primaria_5pb,diario,2022-09-22:gap_pp,0.24164267763654435
C0_primaria_5pb,diario,2022-09-23:gap_pp,1.6469398465786989
C0_primaria_5pb,diario,2022-09-26:gap_pp,1.8210727415701733
C0_primaria_5pb,diario,2022-09-27:gap_pp,1.7235644488250546
C0_primaria_5pb,diario,2022-09-28:gap_pp,0.42522847018837684
C0_primaria_5pb,diario,2022-09-29:gap_pp,3.0036994584276666
C0_primaria_5pb,diario,2022-09-30:gap_pp,3.411274851686319
C0_primaria_5pb,diario,2022-10-03:gap_pp,2.0316574975558277
C0_primaria_5pb,diario,2022-10-04:gap_pp,-0.655840634966931
C0_primaria_5pb,diario,2022-10-05:gap_pp,-0.5809802123881047
C0_primaria_5pb,diario,2022-10-06:gap_pp,-0.7162213742679002
C0_primaria_5pb,diario,2022-10-07:gap_pp,1.5020824902831187
C0_primaria_5pb,diario,2022-10-10:gap_pp,2.1074862758624358
C0_primaria_5pb,diario,2022-10-11:gap_pp,3.477730777110377
C0_primaria_5pb,diario,2022-10-12:gap_pp,3.8076693549843887
C0_primaria_5pb,diario,2022-10-13:gap_pp,2.5321067888640414
C0_primaria_5pb,diario,2022-10-14:gap_pp,3.560707411219255
C0_primaria_5pb,diario,2022-10-17:gap_pp,1.7195477126288217
C0_primaria_5pb,diario,2022-10-18:gap_pp,1.5555840170577873
C0_primaria_5pb,diario,2022-10-19:gap_pp,1.270411208176403
C0_primaria_5pb,diario,2022-10-20:gap_pp,1.2141292724639041
C0_primaria_5pb,diario,2022-10-21:gap_pp,-0.25436392351774195
C0_primaria_5pb,diario,2022-10-24:gap_pp,-0.20768728146212112
C0_primaria_5pb,diario,2022-10-25:gap_pp,-1.9514105830491513
C0_primaria_5pb,diario,2022-10-26:gap_pp,-1.2281408008882222
C0_primaria_5pb,diario,2022-10-27:gap_pp,-1.0273330942641046
C0_primaria_5pb,diario,2022-10-28:gap_pp,-2.3384663172039355
C0_primaria_5pb,diario,2022-10-31:gap_pp,-2.2421383001261175
C0_primaria_5pb,diario,2022-11-01:gap_pp,-2.771628811028637
C0_primaria_5pb,diario,2022-11-02:gap_pp,-1.330724772129388
C0_primaria_5pb,diario,2022-11-03:gap_pp,-0.8626477020685419
C0_primaria_5pb,diario,2022-11-04:gap_pp,-1.4298755804111662
C0_primaria_5pb,diario,2022-11-07:gap_pp,-1.3543594641595824
C0_primaria_5pb,diario,2022-11-08:gap_pp,-2.195164856487386
C0_primaria_5pb,diario,2022-11-09:gap_pp,-0.5404489549706293
C0_primaria_5pb,diario,2022-11-10:gap_pp,-5.084021046578102
C0_primaria_5pb,diario,2022-11-11:gap_pp,-5.780396484976025
C0_primaria_5pb,diario,2022-11-14:gap_pp,-5.644993464561942
C0_primaria_5pb,diario,2022-11-15:gap_pp,-7.032222209764349
C0_primaria_5pb,diario,2022-11-16:gap_pp,-5.737802314692098
C0_primaria_5pb,diario,2022-11-17:gap_pp,-5.911677063132781
C0_primaria_5pb,diario,2022-11-18:gap_pp,-6.401575546026173
C0_primaria_5pb,diario,2022-11-21:gap_pp,-6.346680641798253
C0_primaria_5pb,diario,2022-11-22:gap_pp,-7.599961532908539
C0_primaria_5pb,diario,2022-11-23:gap_pp,-7.99877450345231
C0_primaria_5pb,diario,2022-11-24:gap_pp,-8.07955597872393
C0_primaria_5pb,diario,2022-11-25:gap_pp,-8.003900305296474
C0_primaria_5pb,diario,2022-11-28:gap_pp,-6.25369789534469
C0_primaria_5pb,diario,2022-11-29:gap_pp,-6.907603886128677
C0_primaria_5pb,diario,2022-11-30:gap_pp,-8.582986968934048
C0_primaria_5pb,diario,2022-12-01:gap_pp,-9.213829500832983
C0_primaria_5pb,diario,2022-12-02:gap_pp,-8.632495263705742
C0_primaria_5pb,diario,2022-12-05:gap_pp,-7.945741382650762
C0_primaria_5pb,diario,2022-12-06:gap_pp,-6.669824677280256
C0_primaria_5pb,diario,2022-12-07:gap_pp,-7.212200497544597
C0_primaria_5pb,diario,2022-12-08:gap_pp,-6.831274825609446
C0_primaria_5pb,diario,2022-12-09:gap_pp,-5.741548524843331
C0_primaria_5pb,diario,2022-12-12:gap_pp,-6.807103645265144
C0_primaria_5pb,diario,2022-12-13:gap_pp,-7.822896128067391
C0_primaria_5pb,diario,2022-12-14:gap_pp,-7.399044853586867
C0_primaria_5pb,diario,2022-12-15:gap_pp,-6.495032341605067
C0_primaria_5pb,diario,2022-12-16:gap_pp,-6.454878972714395
C0_primaria_5pb,diario,2022-12-19:gap_pp,-6.484102120673684
C0_primaria_5pb,diario,2022-12-20:gap_pp,-7.245817116802611
C0_primaria_5pb,diario,2022-12-21:gap_pp,-7.8767273240638485
C0_primaria_5pb,diario,2022-12-22:gap_pp,-6.625691994152117
C0_primaria_5pb,diario,2022-12-23:gap_pp,-6.700361115493303
C0_primaria_5pb,diario,2022-12-26:gap_pp,-6.787663473198302
C0_primaria_5pb,diario,2022-12-27:gap_pp,-6.049499216935484
C0_primaria_5pb,diario,2022-12-28:gap_pp,-5.479184076331478
C0_primaria_5pb,diario,2022-12-29:gap_pp,-6.2752106790737505
C0_primaria_5pb,diario,2022-12-30:gap_pp,-6.328926323071505
C0_primaria_5pb,diario,2023-01-02:gap_pp,-7.131124924688881
C0_primaria_5pb,diario,2023-01-03:gap_pp,-6.921448186695867
C0_primaria_5pb,diario,2023-01-04:gap_pp,-7.020251247492992
C0_primaria_5pb,diario,2023-01-05:gap_pp,-6.1646470023071
C0_primaria_5pb,diario,2023-01-06:gap_pp,-6.150609800067286
C0_primaria_5pb,diario,2023-01-09:gap_pp,-7.386540621168325
C0_primaria_5pb,diario,2023-01-10:gap_pp,-7.836189609616584
C0_primaria_5pb,diario,2023-01-11:gap_pp,-8.698929186059578
C0_primaria_5pb,diario,2023-01-12:gap_pp,-9.201400626452184
C0_primaria_5pb,diario,2023-01-13:gap_pp,-9.248032756936775
C0_primaria_5pb,diario,2023-01-16:gap_pp,-9.338981521814095
C0_primaria_5pb,diario,2023-01-17:gap_pp,-9.272025077879942
C0_primaria_5pb,diario,2023-01-18:gap_pp,-8.776839342330234
C0_primaria_5pb,diario,2023-01-19:gap_pp,-8.105696262336004
C0_primaria_5pb,diario,2023-01-20:gap_pp,-8.260295528122741
C0_primaria_5pb,diario,2023-01-23:gap_pp,-9.488010432545845
C0_primaria_5pb,diario,2023-01-24:gap_pp,-8.843734995459196
C0_primaria_5pb,diario,2023-01-25:gap_pp,-8.36379450261109
C0_primaria_5pb,diario,2023-01-26:gap_pp,-9.155297978119359
C0_primaria_5pb,diario,2023-01-27:gap_pp,-9.771245570328691
C0_primaria_5pb,diario,2023-01-30:gap_pp,-10.08293455491872
C0_primaria_5pb,diario,2023-01-31:gap_pp,-10.725566284166899
C0_primaria_5pb,diario,2023-02-01:gap_pp,-10.958437331798642
C0_primaria_5pb,diario,2023-02-02:gap_pp,-12.474820889984306
C0_primaria_5pb,diario,2023-02-03:gap_pp,-12.051737989136003
C0_primaria_5pb,diario,2023-02-06:gap_pp,-12.000409566144976
C0_primaria_5pb,diario,2023-02-07:gap_pp,-12.096936981776206
C0_primaria_5pb,diario,2023-02-08:gap_pp,-12.056175678457326
C0_primaria_5pb,diario,2023-02-09:gap_pp,-11.64501417456487
C0_primaria_5pb,diario,2023-02-10:gap_pp,-11.685499801285015
C0_primaria_5pb,diario,2023-02-13:gap_pp,-12.067938372711296
C0_primaria_5pb,diario,2023-02-14:gap_pp,-12.735238012263784
C0_primaria_5pb,diario,2023-02-15:gap_pp,-13.077361581301194
C0_primaria_5pb,diario,2023-02-16:gap_pp,-13.004914643001953
C0_primaria_5pb,diario,2023-02-17:gap_pp,-13.245272996214863
C0_primaria_5pb,diario,2023-02-20:gap_pp,-13.009724484305574
C0_primaria_5pb,diario,2023-02-21:gap_pp,-12.419751829932391
C0_primaria_5pb,diario,2023-02-22:gap_pp,-12.690037442198287
C0_primaria_5pb,diario,2023-02-23:gap_pp,-13.79886843048338
C0_primaria_5pb,diario,2023-02-24:gap_pp,-12.358482889566247
C0_primaria_5pb,diario,2023-02-27:gap_pp,-12.400473503505339
C0_primaria_5pb,diario,2023-02-28:gap_pp,-12.414451067064148
C0_primaria_5pb,diario,2023-03-01:gap_pp,-12.130581081287417
C0_primaria_5pb,diario,2023-03-02:gap_pp,-12.701780393102503
C0_primaria_5pb,diario,2023-03-03:gap_pp,-13.50635699176992
C0_primaria_5pb,diario,2023-03-06:gap_pp,-13.694083067717566
C0_primaria_5pb,diario,2023-03-07:gap_pp,-12.83420418116773
C0_primaria_5pb,diario,2023-03-08:gap_pp,-13.340231093674237
C0_primaria_5pb,diario,2023-03-09:gap_pp,-13.066645526678544
C0_primaria_5pb,diario,2023-03-10:gap_pp,-11.671031505244967
C0_primaria_5pb,diario,2023-03-13:gap_pp,-10.694865518938412
C0_primaria_5pb,diario,2023-03-14:gap_pp,-11.703509147683066
C0_primaria_5pb,diario,2023-03-15:gap_pp,-10.847366928267931
C0_primaria_5pb,diario,2023-03-16:gap_pp,-11.805481298841514
C0_primaria_5pb,diario,2023-03-17:gap_pp,-11.038199002120441
C0_primaria_5pb,diario,2023-03-20:gap_pp,-11.254375090829093
C0_primaria_5pb,diario,2023-03-21:gap_pp,-12.848544126336858
C0_primaria_5pb,diario,2023-03-22:gap_pp,-12.296092176285677
C0_primaria_5pb,diario,2023-03-23:gap_pp,-12.167662215356323
C0_primaria_5pb,diario,2023-03-24:gap_pp,-12.327281790059807
C0_primaria_5pb,diario,2023-03-27:gap_pp,-12.577690625104642
C0_primaria_5pb,diario,2023-03-28:gap_pp,-12.861787590181518
C0_primaria_5pb,diario,2023-03-29:gap_pp,-13.96016273085755
C0_primaria_5pb,diario,2023-03-30:gap_pp,-14.142388822248463
C0_primaria_5pb,diario,2023-03-31:gap_pp,-14.96335378659519
C0_primaria_5pb,diario,2023-04-03:gap_pp,-15.286157040233505
C0_primaria_5pb,diario,2023-04-04:gap_pp,-14.941312360882952
C0_primaria_5pb,diario,2023-04-05:gap_pp,-14.762167518116364
C0_primaria_5pb,diario,2023-04-06:gap_pp,-15.390152600766015
C0_primaria_5pb,diario,2023-04-07:gap_pp,-15.443866533351347
C0_primaria_5pb,diario,2023-04-10:gap_pp,-15.752620990503107
C0_primaria_5pb,diario,2023-04-11:gap_pp,-16.078715853345482
C0_primaria_5pb,diario,2023-04-12:gap_pp,-15.696389184580328
C0_primaria_5pb,diario,2023-04-13:gap_pp,-15.904034413720359
C0_primaria_5pb,diario,2023-04-14:gap_pp,-15.960463150925698
C0_primaria_5pb,diario,2023-04-17:gap_pp,-16.465985165856157
C0_primaria_5pb,diario,2023-04-18:gap_pp,-16.64511115533228
C0_primaria_5pb,diario,2023-04-19:gap_pp,-16.94537088231385
C0_primaria_5pb,diario,2023-04-20:gap_pp,-16.602232023851393
C0_primaria_5pb,diario,2023-04-21:gap_pp,-16.337068898197337
C0_primaria_5pb,diario,2023-04-24:gap_pp,-16.16446010305953
C0_primaria_5pb,diario,2023-04-25:gap_pp,-14.634568704609475
C0_primaria_5pb,diario,2023-04-26:gap_pp,-14.783792633459846
C0_primaria_5pb,diario,2023-04-27:gap_pp,-15.482058195691229
C0_primaria_5pb,diario,2023-04-28:gap_pp,-16.14292222524267
C0_primaria_5pb,diario,2023-05-01:gap_pp,-16.50218152913434
C0_primaria_5pb,diario,2023-05-02:gap_pp,-15.824293111922982
C0_primaria_5pb,diario,2023-05-03:gap_pp,-15.286989969594945
C0_primaria_5pb,diario,2023-05-04:gap_pp,-14.807160071554659
C0_primaria_5pb,diario,2023-05-05:gap_pp,-16.148660122009773
C0_primaria_5pb,diario,2023-05-08:gap_pp,-16.501532019183507
C0_primaria_5pb,diario,2023-05-09:gap_pp,-16.75687246965434
C0_primaria_5pb,diario,2023-05-10:gap_pp,-17.156548131823357
C0_primaria_5pb,diario,2023-05-11:gap_pp,-17.214308755671958
C0_primaria_5pb,diario,2023-05-12:gap_pp,-17.517552979056262
C0_primaria_5pb,diario,2023-05-15:gap_pp,-17.969084006324554
C0_primaria_5pb,diario,2023-05-16:gap_pp,-18.16652688624757
C0_primaria_5pb,diario,2023-05-17:gap_pp,-19.001096521629503
C0_primaria_5pb,diario,2023-05-18:gap_pp,-20.415023784540022
C0_primaria_5pb,diario,2023-05-19:gap_pp,-20.298003918690156
C0_primaria_5pb,diario,2023-05-22:gap_pp,-20.66825173837318
C0_primaria_5pb,diario,2023-05-23:gap_pp,-20.929288997053863
C0_primaria_5pb,diario,2023-05-24:gap_pp,-20.24536621905072
C0_primaria_5pb,diario,2023-05-25:gap_pp,-21.653913747095288
C0_primaria_5pb,diario,2023-05-26:gap_pp,-23.085840394797998
C0_primaria_5pb,diario,2023-05-29:gap_pp,-23.445895748314307
C0_primaria_5pb,diario,2023-05-30:gap_pp,-23.363527079929803
C0_primaria_5pb,diario,2023-05-31:gap_pp,-23.311633051860838
C0_primaria_5pb,diario,2023-06-01:gap_pp,-23.461891104125087
C0_primaria_5pb,diario,2023-06-02:gap_pp,-23.808415950722296
C0_primaria_5pb,diario,2023-06-05:gap_pp,-24.195551875295052
C0_primaria_5pb,diario,2023-06-06:gap_pp,-23.516175391634132
C0_primaria_5pb,diario,2023-06-07:gap_pp,-23.793594207901414
C0_primaria_5pb,diario,2023-06-08:gap_pp,-24.216355015836164
C0_primaria_5pb,diario,2023-06-09:gap_pp,-24.070109616201773
C0_primaria_5pb,diario,2023-06-12:gap_pp,-23.987960862070913
C0_primaria_5pb,diario,2023-06-13:gap_pp,-24.11300136026653
C0_primaria_5pb,diario,2023-06-14:gap_pp,-23.58704930778277
C0_primaria_5pb,diario,2023-06-15:gap_pp,-24.016224756024627
C0_primaria_5pb,diario,2023-06-16:gap_pp,-23.78134375566261
C0_primaria_5pb,diario,2023-06-19:gap_pp,-23.54193970770273
C0_primaria_5pb,diario,2023-06-20:gap_pp,-23.725223133821526
C0_primaria_5pb,diario,2023-06-21:gap_pp,-23.642305599397663
C0_primaria_5pb,diario,2023-06-22:gap_pp,-24.216849901275374
C0_primaria_5pb,diario,2023-06-23:gap_pp,-23.484493139056205
C0_primaria_5pb,diario,2023-06-26:gap_pp,-22.779268211138394
C0_primaria_5pb,diario,2023-06-27:gap_pp,-23.686596830425
C0_primaria_5pb,diario,2023-06-28:gap_pp,-23.885473059113128
C0_primaria_5pb,diario,2023-06-29:gap_pp,-24.263921651123145
C0_primaria_5pb,diario,2023-06-30:gap_pp,-25.596203622751588
C0_primaria_5pb,diario,2023-07-03:gap_pp,-25.55351607359153
C0_primaria_5pb,diario,2023-07-04:gap_pp,-25.738023135747447
C0_primaria_5pb,diario,2023-07-05:gap_pp,-25.152226426494927
C0_primaria_5pb,diario,2023-07-06:gap_pp,-25.239606606968234
C0_primaria_5pb,diario,2023-07-07:gap_pp,-24.813239678234744
C0_primaria_5pb,diario,2023-07-10:gap_pp,-24.776097596172285
C0_primaria_5pb,diario,2023-07-11:gap_pp,-25.22332112984691
C0_primaria_5pb,diario,2023-07-12:gap_pp,-25.506669319169916
C0_primaria_5pb,diario,2023-07-13:gap_pp,-26.37415055839707
C0_primaria_5pb,diario,2023-07-14:gap_pp,-26.457594630472702
C0_primaria_5pb,diario,2023-07-17:gap_pp,-26.353119956283134
C0_primaria_5pb,diario,2023-07-18:gap_pp,-26.34600000488301
C0_primaria_5pb,diario,2023-07-19:gap_pp,-26.56314353164637
C0_primaria_5pb,diario,2023-07-20:gap_pp,-27.515727651290355
C0_primaria_5pb,diario,2023-07-21:gap_pp,-27.65625570090844
C0_primaria_5pb,diario,2023-07-24:gap_pp,-28.164876171194376
C0_primaria_5pb,diario,2023-07-25:gap_pp,-29.111008739038812
C0_primaria_5pb,diario,2023-07-26:gap_pp,-28.446245844942865
C0_primaria_5pb,diario,2023-07-27:gap_pp,-27.64000694724096
C0_primaria_5pb,diario,2023-07-28:gap_pp,-28.446639846587686
C0_primaria_5pb,diario,2023-07-31:gap_pp,-28.282316094368
C0_primaria_5pb,diario,2023-08-01:gap_pp,-29.210441451397084
C0_primaria_5pb,diario,2023-08-02:gap_pp,-27.495265042234163
C0_primaria_5pb,diario,2023-08-03:gap_pp,-28.771716103158184
C0_primaria_5pb,diario,2023-08-04:gap_pp,-28.668530558152483
C0_primaria_5pb,diario,2023-08-07:gap_pp,-28.485706138664213
C0_primaria_5pb,diario,2023-08-08:gap_pp,-27.76386258853496
C0_primaria_5pb,diario,2023-08-09:gap_pp,-26.899669436394724
C0_primaria_5pb,diario,2023-08-10:gap_pp,-27.087617020536058
C0_primaria_5pb,diario,2023-08-11:gap_pp,-26.46541935701081
C0_primaria_5pb,diario,2023-08-14:gap_pp,-27.363464535239036
C0_primaria_5pb,diario,2023-08-15:gap_pp,-26.558518024862423
C0_primaria_5pb,diario,2023-08-16:gap_pp,-25.983923023518972
C0_primaria_5pb,diario,2023-08-17:gap_pp,-24.857420423085642
C0_primaria_5pb,diario,2023-08-18:gap_pp,-24.729756051666595
C0_primaria_5pb,diario,2023-08-21:gap_pp,-25.527890107798655
C0_primaria_5pb,diario,2023-08-22:gap_pp,-25.9779947472601
C0_primaria_5pb,diario,2023-08-23:gap_pp,-27.628394114370856
C0_primaria_5pb,diario,2023-08-24:gap_pp,-25.934775753251227
C0_primaria_5pb,diario,2023-08-25:gap_pp,-26.201217136748078
C0_primaria_5pb,diario,2023-08-28:gap_pp,-26.966469145205863
C0_primaria_5pb,diario,2023-08-29:gap_pp,-28.548561800456373
C0_primaria_5pb,diario,2023-08-30:gap_pp,-28.58459098872008
C0_primaria_5pb,diario,2023-08-31:gap_pp,-28.88974326222147
C0_primaria_5pb,diario,2023-09-01:gap_pp,-28.73824646419221
C0_primaria_5pb,diario,2023-09-04:gap_pp,-28.73121972602739
C0_primaria_5pb,diario,2023-09-05:gap_pp,-29.195511605350653
C0_primaria_5pb,diario,2023-09-06:gap_pp,-28.163590056524068
C0_primaria_5pb,diario,2023-09-07:gap_pp,-27.56115330597586
C0_primaria_5pb,diario,2023-09-08:gap_pp,-28.203145663309947
C0_primaria_5pb,diario,2023-09-11:gap_pp,-28.93699998912107
C0_primaria_5pb,diario,2023-09-12:gap_pp,-28.044660742693317
C0_primaria_5pb,diario,2023-09-13:gap_pp,-27.42450820571456
C0_primaria_5pb,diario,2023-09-14:gap_pp,-27.82185942866775
C0_primaria_5pb,diario,2023-09-15:gap_pp,-27.26616269243436
C0_primaria_5pb,diario,2023-09-18:gap_pp,-27.345858816540456
C0_primaria_5pb,diario,2023-09-19:gap_pp,-26.251590733459174
C0_primaria_5pb,diario,2023-09-20:gap_pp,-26.243510179277752
C0_primaria_5pb,diario,2023-09-21:gap_pp,-25.05554582702039
C0_primaria_5pb,diario,2023-09-22:gap_pp,-24.9891024819336
C0_primaria_5pb,diario,2023-09-25:gap_pp,-25.87284436010131
C0_primaria_5pb,diario,2023-09-26:gap_pp,-25.13688541223884
C0_primaria_5pb,diario,2023-09-27:gap_pp,-25.98466692569865
C0_primaria_5pb,diario,2023-09-28:gap_pp,-26.071952834308053
C0_primaria_5pb,diario,2023-09-29:gap_pp,-26.591408434152907
C0_primaria_5pb,diario,2023-10-02:gap_pp,-27.652323646348687
C0_primaria_5pb,diario,2023-10-03:gap_pp,-26.769278470353775
C0_primaria_5pb,diario,2023-10-04:gap_pp,-27.12069290175484
C0_primaria_5pb,diario,2023-10-05:gap_pp,-27.23600412419257
C0_primaria_5pb,diario,2023-10-06:gap_pp,-28.355033145864027
C0_primaria_5pb,diario,2023-10-09:gap_pp,-29.111010336385036
C0_primaria_5pb,diario,2023-10-10:gap_pp,-29.994418067400996
C0_primaria_5pb,diario,2023-10-11:gap_pp,-30.285671549592497
C0_primaria_5pb,diario,2023-10-12:gap_pp,-30.755519992789026
C0_primaria_5pb,diario,2023-10-13:gap_pp,-29.779205860609558
C0_primaria_5pb,diario,2023-10-16:gap_pp,-30.21664333996734
C0_primaria_5pb,diario,2023-10-17:gap_pp,-29.805394492500948
C0_primaria_5pb,diario,2023-10-18:gap_pp,-28.14670089682343
C0_primaria_5pb,diario,2023-10-19:gap_pp,-27.074626209781606
C0_primaria_5pb,diario,2023-10-20:gap_pp,-25.26935427947312
C0_primaria_5pb,diario,2023-10-23:gap_pp,-25.380494625050787
C0_primaria_5pb,diario,2023-10-24:gap_pp,-26.62428350689987
C0_primaria_5pb,diario,2023-10-25:gap_pp,-25.29245485393734
C0_primaria_5pb,diario,2023-10-26:gap_pp,-23.298514788401505
C0_primaria_5pb,diario,2023-10-27:gap_pp,-23.130517831461095
C0_primaria_5pb,diario,2023-10-30:gap_pp,-23.41971497016322
C0_primaria_5pb,diario,2023-10-31:gap_pp,-24.18696115626382
C0_primaria_5pb,diario,2023-11-01:gap_pp,-26.53395610321163
C0_primaria_5pb,diario,2023-11-02:gap_pp,-28.716618553047148
C0_primaria_5pb,diario,2023-11-03:gap_pp,-29.40504631295413
C0_primaria_5pb,diario,2023-11-06:gap_pp,-29.76142865931275
C0_primaria_5pb,diario,2023-11-07:gap_pp,-30.478057825371696
C0_primaria_5pb,diario,2023-11-08:gap_pp,-30.868249984558748
C0_primaria_5pb,diario,2023-11-09:gap_pp,-31.75712458274702
C0_primaria_5pb,diario,2023-11-10:gap_pp,-32.96399639928751
C0_primaria_5pb,diario,2023-11-13:gap_pp,-34.039781351522656
C0_primaria_5pb,diario,2023-11-14:gap_pp,-35.322294676006024
C0_primaria_5pb,diario,2023-11-15:gap_pp,-35.16976951313231
C0_primaria_5pb,diario,2023-11-16:gap_pp,-34.90640302806116
C0_primaria_5pb,diario,2023-11-17:gap_pp,-34.98656395399682
C0_primaria_5pb,diario,2023-11-20:gap_pp,-35.664867563265304
C0_primaria_5pb,diario,2023-11-21:gap_pp,-35.0157888566814
C0_primaria_5pb,diario,2023-11-22:gap_pp,-35.60634536351519
C0_primaria_5pb,diario,2023-11-23:gap_pp,-35.62251648028065
C0_primaria_5pb,diario,2023-11-24:gap_pp,-35.88163847995649
C0_primaria_5pb,diario,2023-11-27:gap_pp,-35.95562160721075
C0_primaria_5pb,diario,2023-11-28:gap_pp,-36.102599293361926
C0_primaria_5pb,diario,2023-11-29:gap_pp,-36.03498738955899
C0_primaria_5pb,diario,2023-11-30:gap_pp,-36.41823558444226
C0_primaria_5pb,diario,2023-12-01:gap_pp,-36.97873523726396
C0_primaria_5pb,diario,2023-12-04:gap_pp,-36.73265170905642
C0_primaria_5pb,diario,2023-12-05:gap_pp,-37.05554935418212
C0_primaria_5pb,diario,2023-12-06:gap_pp,-36.62616528814435
C0_primaria_5pb,diario,2023-12-07:gap_pp,-36.50528925396932
C0_primaria_5pb,diario,2023-12-08:gap_pp,-36.87563357740273
C0_primaria_5pb,diario,2023-12-11:gap_pp,-35.34241387761805
C0_primaria_5pb,diario,2023-12-12:gap_pp,-34.76015917598667
C0_primaria_5pb,diario,2023-12-13:gap_pp,-35.39802474119354
C0_primaria_5pb,diario,2023-12-14:gap_pp,-35.00026081367036
C0_primaria_5pb,diario,2023-12-15:gap_pp,-35.11355566333556
C0_primaria_5pb,diario,2023-12-18:gap_pp,-35.70468764524948
C0_primaria_5pb,diario,2023-12-19:gap_pp,-35.921240163645265
C0_primaria_5pb,diario,2023-12-20:gap_pp,-36.08180028952792
C0_primaria_5pb,diario,2023-12-21:gap_pp,-36.194969481778315
C0_primaria_5pb,diario,2023-12-22:gap_pp,-36.12623077599393
C0_primaria_5pb,diario,2023-12-25:gap_pp,-36.042871236357676
C0_primaria_5pb,diario,2023-12-26:gap_pp,-35.881241031951475
C0_primaria_5pb,diario,2023-12-27:gap_pp,-36.17899828277486
C0_primaria_5pb,diario,2023-12-28:gap_pp,-35.49014883100394
C0_primaria_5pb,diario,2023-12-29:gap_pp,-35.110904923350205
C0_primaria_5pb,diario,2024-01-02:gap_pp,-33.75867393097711
C0_primaria_5pb,diario,2024-01-03:gap_pp,-33.37784400503985
C0_primaria_5pb,diario,2024-01-04:gap_pp,-33.448409224933485
C0_primaria_5pb,diario,2024-01-05:gap_pp,-33.23517481080871
C0_primaria_5pb,diario,2024-01-08:gap_pp,-34.38119609992718
C0_primaria_5pb,diario,2024-01-09:gap_pp,-34.37409049247238
C0_primaria_5pb,diario,2024-01-10:gap_pp,-34.56480307792633
C0_primaria_5pb,diario,2024-01-11:gap_pp,-34.65549264090855
C0_primaria_5pb,diario,2024-01-12:gap_pp,-34.90128719887926
C0_primaria_5pb,diario,2024-01-15:gap_pp,-35.02195853185164
C0_primaria_5pb,diario,2024-01-16:gap_pp,-35.26142391721287
C0_primaria_5pb,diario,2024-01-17:gap_pp,-34.642946099320056
C0_primaria_5pb,diario,2024-01-18:gap_pp,-35.61770876657282
C0_primaria_5pb,diario,2024-01-19:gap_pp,-35.51775628232197
C0_primaria_5pb,diario,2024-01-22:gap_pp,-35.900168115498076
C0_primaria_5pb,diario,2024-01-23:gap_pp,-36.62105693929543
C0_primaria_5pb,diario,2024-01-24:gap_pp,-37.92920405324218
C0_primaria_5pb,diario,2024-01-25:gap_pp,-37.96261842950703
C0_primaria_5pb,diario,2024-01-26:gap_pp,-37.63194854349232
C0_primaria_5pb,diario,2024-01-29:gap_pp,-38.50546746539858
C0_primaria_5pb,diario,2024-01-30:gap_pp,-38.50892298302444
C0_primaria_5pb,diario,2024-01-31:gap_pp,-37.4597910912845
C0_primaria_5pb,diario,2024-02-01:gap_pp,-38.77949076553895
C0_primaria_5pb,diario,2024-02-02:gap_pp,-39.30184198246434
C0_primaria_5pb,diario,2024-02-05:gap_pp,-40.10081363067861
C0_primaria_5pb,diario,2024-02-06:gap_pp,-40.30259977585941
C0_primaria_5pb,diario,2024-02-07:gap_pp,-40.71444031777327
C0_primaria_5pb,diario,2024-02-08:gap_pp,-41.10028778874817
C0_primaria_5pb,diario,2024-02-09:gap_pp,-41.37267496263328
C0_primaria_5pb,diario,2024-02-12:gap_pp,-40.982170212531784
C0_primaria_5pb,diario,2024-02-13:gap_pp,-41.28237385201168
C0_primaria_5pb,diario,2024-02-14:gap_pp,-44.04401912081446
C0_primaria_5pb,diario,2024-02-15:gap_pp,-44.147647984229344
C0_primaria_5pb,diario,2024-02-16:gap_pp,-43.30816988734645
C0_primaria_5pb,diario,2024-02-19:gap_pp,-43.29033883522633
C0_primaria_5pb,diario,2024-02-20:gap_pp,-41.424817068777806
C0_primaria_5pb,diario,2024-02-21:gap_pp,-40.34631455215163
C0_primaria_5pb,diario,2024-02-22:gap_pp,-43.4353960722462
C0_primaria_5pb,diario,2024-02-23:gap_pp,-43.38344169306785
C0_primaria_5pb,diario,2024-02-26:gap_pp,-42.482120837875456
C0_primaria_5pb,diario,2024-02-27:gap_pp,-42.75467356331746
C0_primaria_5pb,diario,2024-02-28:gap_pp,-42.36482833362947
C0_primaria_5pb,diario,2024-02-29:gap_pp,-42.76225670740486
C0_primaria_5pb,diario,2024-03-01:gap_pp,-43.85015571672422
C0_primaria_5pb,diario,2024-03-04:gap_pp,-43.806872880919045
C0_primaria_5pb,diario,2024-03-05:gap_pp,-42.21916347465857
C0_primaria_5pb,diario,2024-03-06:gap_pp,-43.601554751649395
C0_primaria_5pb,diario,2024-03-07:gap_pp,-44.005604737041935
C0_primaria_5pb,diario,2024-03-08:gap_pp,-43.77316951303145
C0_primaria_5pb,diario,2024-03-11:gap_pp,-43.3622066960637
C0_primaria_5pb,diario,2024-03-12:gap_pp,-44.12327741830862
C0_primaria_5pb,diario,2024-03-13:gap_pp,-43.46360592197014
C0_primaria_5pb,diario,2024-03-14:gap_pp,-43.09927104943802
C0_primaria_5pb,diario,2024-03-15:gap_pp,-43.447379255351116
C0_primaria_5pb,diario,2024-03-18:gap_pp,-44.70260593404942
C0_primaria_5pb,diario,2024-03-19:gap_pp,-43.753491600271154
C0_primaria_5pb,diario,2024-03-20:gap_pp,-44.97812501847769
C0_primaria_5pb,diario,2024-03-21:gap_pp,-45.57371376537449
C0_primaria_5pb,diario,2024-03-22:gap_pp,-45.48199803772719
C0_primaria_5pb,diario,2024-03-25:gap_pp,-45.88621491629989
C0_primaria_5pb,diario,2024-03-26:gap_pp,-45.5768277247534
C0_primaria_5pb,diario,2024-03-27:gap_pp,-45.822400699800525
C0_primaria_5pb,diario,2024-03-28:gap_pp,-45.76758062145059
C0_primaria_5pb,diario,2024-03-29:gap_pp,-45.81050450473636
C0_primaria_5pb,diario,2024-04-01:gap_pp,-45.6410351388042
C0_primaria_5pb,diario,2024-04-02:gap_pp,-45.497626222824316
C0_primaria_5pb,diario,2024-04-03:gap_pp,-46.01985773045358
C0_primaria_5pb,diario,2024-04-04:gap_pp,-45.063797675857266
C0_primaria_5pb,diario,2024-04-05:gap_pp,-45.18023717450062
C0_primaria_5pb,diario,2024-04-08:gap_pp,-45.86647392322094
C0_primaria_5pb,diario,2024-04-09:gap_pp,-45.289753126274235
C0_primaria_5pb,diario,2024-04-10:gap_pp,-45.20781196556764
C0_primaria_5pb,diario,2024-04-11:gap_pp,-46.21191138578376
C0_primaria_5pb,diario,2024-04-12:gap_pp,-45.48751857268132
C0_primaria_5pb,diario,2024-04-15:gap_pp,-44.516205479665885
C0_primaria_5pb,diario,2024-04-16:gap_pp,-43.60411946832519
C0_primaria_5pb,diario,2024-04-17:gap_pp,-42.80696778828323
C0_primaria_5pb,diario,2024-04-18:gap_pp,-42.15842394152551
C0_primaria_5pb,diario,2024-04-19:gap_pp,-39.50375767697278
C0_primaria_5pb,diario,2024-04-22:gap_pp,-41.22614389059209
C0_primaria_5pb,diario,2024-04-23:gap_pp,-43.529902642328146
C0_primaria_5pb,diario,2024-04-24:gap_pp,-43.415241923464706
C0_primaria_5pb,diario,2024-04-25:gap_pp,-42.346328505058175
C0_primaria_5pb,diario,2024-04-26:gap_pp,-44.95879244546413
C0_primaria_5pb,diario,2024-04-29:gap_pp,-44.604652653929634
C0_primaria_5pb,diario,2024-04-30:gap_pp,-42.921192810731654
C0_primaria_5pb,diario,2024-05-01:gap_pp,-42.439473232753656
C0_primaria_5pb,diario,2024-05-02:gap_pp,-43.73877392899328
C0_primaria_5pb,diario,2024-05-03:gap_pp,-44.805283542913934
C0_primaria_5pb,diario,2024-05-06:gap_pp,-46.67666020597312
C0_primaria_5pb,diario,2024-05-07:gap_pp,-46.501134200915416
C0_primaria_5pb,diario,2024-05-08:gap_pp,-46.08836355460615
C0_primaria_5pb,diario,2024-05-09:gap_pp,-45.78023385992487
C0_primaria_5pb,diario,2024-05-10:gap_pp,-45.489806047447345
C0_primaria_5pb,diario,2024-05-13:gap_pp,-45.53627851594835
C0_primaria_5pb,diario,2024-05-14:gap_pp,-45.75641942904862
C0_primaria_5pb,diario,2024-05-15:gap_pp,-46.45036025829421
C0_primaria_5pb,diario,2024-05-16:gap_pp,-46.733985724919535
C0_primaria_5pb,diario,2024-05-17:gap_pp,-47.21753791674641
C0_primaria_5pb,diario,2024-05-20:gap_pp,-48.36049988895024
C0_primaria_5pb,diario,2024-05-21:gap_pp,-48.46643085665492
C0_primaria_5pb,diario,2024-05-22:gap_pp,-48.056432963089875
C0_primaria_5pb,diario,2024-05-23:gap_pp,-47.880902053940645
C0_primaria_5pb,diario,2024-05-24:gap_pp,-48.33128008978971
C0_primaria_5pb,diario,2024-05-27:gap_pp,-48.15633711382954
C0_primaria_5pb,diario,2024-05-28:gap_pp,-48.12777774263106
C0_primaria_5pb,diario,2024-05-29:gap_pp,-47.40261136089914
C0_primaria_5pb,diario,2024-05-30:gap_pp,-46.39781401384562
C0_primaria_5pb,diario,2024-05-31:gap_pp,-46.29276391075459
C0_primaria_5pb,diario,2024-06-03:gap_pp,-46.316438819100235
C0_primaria_5pb,diario,2024-06-04:gap_pp,-45.41810102755739
C0_primaria_5pb,diario,2024-06-05:gap_pp,-47.02361833135773
C0_primaria_5pb,diario,2024-06-06:gap_pp,-47.20974464541561
C0_primaria_5pb,diario,2024-06-07:gap_pp,-46.39506824985726
C0_primaria_5pb,diario,2024-06-10:gap_pp,-47.43579300052723
C0_primaria_5pb,diario,2024-06-11:gap_pp,-46.85180220637215
C0_primaria_5pb,diario,2024-06-12:gap_pp,-47.69899580495889
C0_primaria_5pb,diario,2024-06-13:gap_pp,-47.87065494497351
C0_primaria_5pb,diario,2024-06-14:gap_pp,-48.43218726178789
C0_primaria_5pb,diario,2024-06-17:gap_pp,-48.18407673091804
C0_primaria_5pb,diario,2024-06-18:gap_pp,-49.433824562950356
C0_primaria_5pb,diario,2024-06-19:gap_pp,-50.03988798792305
C0_primaria_5pb,diario,2024-06-20:gap_pp,-50.285379559195896
C0_primaria_5pb,diario,2024-06-21:gap_pp,-49.84589140456086
C0_primaria_5pb,diario,2024-06-24:gap_pp,-48.06445607941696
C0_primaria_5pb,diario,2024-06-25:gap_pp,-49.43245811186146
C0_primaria_5pb,diario,2024-06-26:gap_pp,-49.30900906340143
C0_primaria_5pb,diario,2024-06-27:gap_pp,-48.22642858023822
C0_primaria_5pb,diario,2024-06-28:gap_pp,-48.34733646143845
C0_primaria_5pb,diario,2024-07-01:gap_pp,-48.661820608868965
C0_primaria_5pb,diario,2024-07-02:gap_pp,-48.73070459483038
C0_primaria_5pb,diario,2024-07-03:gap_pp,-49.875008661832254
C0_primaria_5pb,diario,2024-07-04:gap_pp,-49.41354108446252
C0_primaria_5pb,diario,2024-07-05:gap_pp,-49.09415081157222
C0_primaria_5pb,diario,2024-07-08:gap_pp,-49.16429367582473
C0_primaria_5pb,diario,2024-07-09:gap_pp,-49.2873037289391
C0_primaria_5pb,diario,2024-07-10:gap_pp,-50.487675645058204
C0_primaria_5pb,diario,2024-07-11:gap_pp,-49.92746291712822
C0_primaria_5pb,diario,2024-07-12:gap_pp,-50.308341042030435
C0_primaria_5pb,diario,2024-07-15:gap_pp,-50.47335315844139
C0_primaria_5pb,diario,2024-07-16:gap_pp,-49.956959861450414
C0_primaria_5pb,diario,2024-07-17:gap_pp,-47.75100695972563
C0_primaria_5pb,diario,2024-07-18:gap_pp,-48.52949414945924
C0_primaria_5pb,diario,2024-07-19:gap_pp,-48.3497148545772
C0_primaria_5pb,diario,2024-07-22:gap_pp,-49.59911959499736
C0_primaria_5pb,diario,2024-07-23:gap_pp,-49.548855150502845
C0_primaria_5pb,diario,2024-07-24:gap_pp,-46.17989033464838
C0_primaria_5pb,diario,2024-07-25:gap_pp,-43.995244996703306
C0_primaria_5pb,diario,2024-07-26:gap_pp,-44.79213260384822
C0_primaria_5pb,diario,2024-07-29:gap_pp,-45.3225492375263
C0_primaria_5pb,diario,2024-07-30:gap_pp,-43.42853793425707
C0_primaria_5pb,diario,2024-07-31:gap_pp,-46.83275048460167
C0_primaria_5pb,diario,2024-08-01:gap_pp,-44.72869677100413
C0_primaria_5pb,diario,2024-08-02:gap_pp,-40.21316993267365
C0_primaria_5pb,diario,2024-08-05:gap_pp,-37.33957500950251
C0_primaria_5pb,diario,2024-08-06:gap_pp,-41.5405064740255
C0_primaria_5pb,diario,2024-08-07:gap_pp,-41.87954463733519
C0_primaria_5pb,diario,2024-08-08:gap_pp,-45.36859144142129
C0_primaria_5pb,diario,2024-08-09:gap_pp,-46.72442775622911
C0_primaria_5pb,diario,2024-08-12:gap_pp,-46.82579292133979
C0_primaria_5pb,diario,2024-08-13:gap_pp,-50.44313113683163
C0_primaria_5pb,diario,2024-08-14:gap_pp,-50.915802865947455
C0_primaria_5pb,diario,2024-08-15:gap_pp,-54.22305513969452
C0_primaria_5pb,diario,2024-08-16:gap_pp,-55.74237175927743
C0_primaria_5pb,diario,2024-08-19:gap_pp,-56.7004834472169
C0_primaria_5pb,diario,2024-08-20:gap_pp,-55.519461512176434
C0_primaria_5pb,diario,2024-08-21:gap_pp,-55.86075240494759
C0_primaria_5pb,diario,2024-08-22:gap_pp,-54.794610667857114
C0_primaria_5pb,diario,2024-08-23:gap_pp,-56.63137998955967
C0_primaria_5pb,diario,2024-08-26:gap_pp,-54.9259354203794
C0_primaria_5pb,diario,2024-08-27:gap_pp,-54.97852262787857
C0_primaria_5pb,diario,2024-08-28:gap_pp,-54.54957419038213
C0_primaria_5pb,diario,2024-08-29:gap_pp,-55.267503222892024
C0_primaria_5pb,diario,2024-08-30:gap_pp,-56.02845513192667
C0_primaria_5pb,diario,2024-09-02:gap_pp,-55.81283692785326
C0_primaria_5pb,diario,2024-09-03:gap_pp,-52.52227461770318
C0_primaria_5pb,diario,2024-09-04:gap_pp,-51.68074109538221
C0_primaria_5pb,diario,2024-09-05:gap_pp,-51.09373485125446
C0_primaria_5pb,diario,2024-09-06:gap_pp,-47.533795177639185
C0_primaria_5pb,diario,2024-09-09:gap_pp,-50.293160598048445
C0_primaria_5pb,diario,2024-09-10:gap_pp,-51.227141784389985
C0_primaria_5pb,diario,2024-09-11:gap_pp,-53.07474787669606
C0_primaria_5pb,diario,2024-09-12:gap_pp,-55.55777183539341
C0_primaria_5pb,diario,2024-09-13:gap_pp,-56.520830723772164
C0_primaria_5pb,diario,2024-09-16:gap_pp,-55.67562074911443
C0_primaria_5pb,diario,2024-09-17:gap_pp,-54.62602224466253
C0_primaria_5pb,diario,2024-09-18:gap_pp,-53.74474777571927
C0_primaria_5pb,diario,2024-09-19:gap_pp,-56.76099295917194
C0_primaria_5pb,diario,2024-09-20:gap_pp,-56.63205972524299
C0_primaria_5pb,diario,2024-09-23:gap_pp,-56.3540376897502
C0_primaria_5pb,diario,2024-09-24:gap_pp,-57.40661774394846
C0_primaria_5pb,diario,2024-09-25:gap_pp,-57.893433177780686
C0_primaria_5pb,diario,2024-09-26:gap_pp,-59.26537365948652
C0_primaria_5pb,diario,2024-09-27:gap_pp,-59.50014335850595
C0_primaria_5pb,diario,2024-09-30:gap_pp,-58.85715444781858
C0_primaria_5pb,diario,2024-10-01:gap_pp,-58.26797328259661
C0_primaria_5pb,diario,2024-10-02:gap_pp,-58.953217416963
C0_primaria_5pb,diario,2024-10-03:gap_pp,-60.0836661221537
C0_primaria_5pb,diario,2024-10-04:gap_pp,-61.178654300829336
C0_primaria_5pb,diario,2024-10-07:gap_pp,-60.92007680035005
C0_primaria_5pb,diario,2024-10-08:gap_pp,-61.13808296136432
C0_primaria_5pb,diario,2024-10-09:gap_pp,-61.69991521117404
C0_primaria_5pb,diario,2024-10-10:gap_pp,-62.765697069702675
C0_primaria_5pb,diario,2024-10-11:gap_pp,-63.61689986757544
C0_primaria_5pb,diario,2024-10-14:gap_pp,-64.44853624593692
C0_primaria_5pb,diario,2024-10-15:gap_pp,-62.295555094910824
C0_primaria_5pb,diario,2024-10-16:gap_pp,-62.64286718794683
C0_primaria_5pb,diario,2024-10-17:gap_pp,-62.983632468021966
C0_primaria_5pb,diario,2024-10-18:gap_pp,-64.26369364954392
C0_primaria_5pb,diario,2024-10-21:gap_pp,-64.90904578414904
C0_primaria_5pb,diario,2024-10-22:gap_pp,-64.76599952536523
C0_primaria_5pb,diario,2024-10-23:gap_pp,-63.971019481536274
C0_primaria_5pb,diario,2024-10-24:gap_pp,-64.45055279457483
C0_primaria_5pb,diario,2024-10-25:gap_pp,-64.55778400944612
C0_primaria_5pb,diario,2024-10-28:gap_pp,-64.82291084333689
C0_primaria_5pb,diario,2024-10-29:gap_pp,-66.41925563850447
C0_primaria_5pb,diario,2024-10-30:gap_pp,-64.90857583690928
C0_primaria_5pb,diario,2024-10-31:gap_pp,-61.891499283734944
C0_primaria_5pb,diario,2024-11-01:gap_pp,-63.45482941523242
C0_primaria_5pb,diario,2024-11-04:gap_pp,-63.239851200547584
C0_primaria_5pb,diario,2024-11-05:gap_pp,-65.59985857719101
C0_primaria_5pb,diario,2024-11-06:gap_pp,-70.05148332724912
C0_primaria_5pb,diario,2024-11-07:gap_pp,-73.50127905975215
C0_primaria_5pb,diario,2024-11-08:gap_pp,-75.27544793655059
C0_primaria_5pb,diario,2024-11-11:gap_pp,-76.35993466869803
C0_primaria_5pb,diario,2024-11-12:gap_pp,-75.93012852894003
C0_primaria_5pb,diario,2024-11-13:gap_pp,-74.65540677835972
C0_primaria_5pb,diario,2024-11-14:gap_pp,-73.9446226312275
C0_primaria_5pb,diario,2024-11-15:gap_pp,-73.21667743156493
C0_primaria_5pb,diario,2024-11-18:gap_pp,-74.36764148621246
C0_primaria_5pb,diario,2024-11-19:gap_pp,-75.94098532447384
C0_primaria_5pb,diario,2024-11-20:gap_pp,-75.9655198114802
C0_primaria_5pb,diario,2024-11-21:gap_pp,-76.53023261225388
C0_primaria_5pb,diario,2024-11-22:gap_pp,-79.51700746264159
C0_primaria_5pb,diario,2024-11-25:gap_pp,-77.78249047177792
C0_primaria_5pb,diario,2024-11-26:gap_pp,-77.36253453660613
C0_primaria_5pb,diario,2024-11-27:gap_pp,-76.23132952470193
C0_primaria_5pb,diario,2024-11-28:gap_pp,-76.57604410027167
C0_primaria_5pb,diario,2024-11-29:gap_pp,-77.49090774290859
C0_primaria_5pb,diario,2024-12-02:gap_pp,-80.75393759615127
C0_primaria_5pb,diario,2024-12-03:gap_pp,-83.55267400324608
C0_primaria_5pb,diario,2024-12-04:gap_pp,-86.6061117836947
C0_primaria_5pb,diario,2024-12-05:gap_pp,-86.21571845178994
C0_primaria_5pb,diario,2024-12-06:gap_pp,-88.05744642834017
C0_primaria_5pb,diario,2024-12-09:gap_pp,-84.92742591407224
C0_primaria_5pb,diario,2024-12-10:gap_pp,-83.10833487519096
C0_primaria_5pb,diario,2024-12-11:gap_pp,-85.10923792134899
C0_primaria_5pb,diario,2024-12-12:gap_pp,-84.14495185529094
C0_primaria_5pb,diario,2024-12-13:gap_pp,-85.88271585032483
C0_primaria_5pb,diario,2024-12-16:gap_pp,-86.9346897754963
C0_primaria_5pb,diario,2024-12-17:gap_pp,-85.78649843472212
C0_primaria_5pb,diario,2024-12-18:gap_pp,-82.68097602518536
C0_primaria_5pb,diario,2024-12-19:gap_pp,-82.89167186884492
C0_primaria_5pb,diario,2024-12-20:gap_pp,-85.13151611584084
C0_primaria_5pb,diario,2024-12-23:gap_pp,-86.35686369329989
C0_primaria_5pb,diario,2024-12-24:gap_pp,-87.64960415697038
C0_primaria_5pb,diario,2024-12-25:gap_pp,-87.76221446821677
C0_primaria_5pb,diario,2024-12-26:gap_pp,-87.67831979864657
C0_primaria_5pb,diario,2024-12-27:gap_pp,-85.40178111514854
C0_primaria_5pb,diario,2024-12-30:gap_pp,-83.68754835111238
C0_primaria_5pb,diario,2024-12-31:gap_pp,-83.00599180562358
C0_primaria_5pb,diario,2025-01-02:gap_pp,-85.3208993771778
C0_primaria_5pb,diario,2025-01-03:gap_pp,-88.71229608930263
C0_primaria_5pb,diario,2025-01-06:gap_pp,-89.4685511960436
C0_primaria_5pb,diario,2025-01-07:gap_pp,-86.11002251404906
C0_primaria_5pb,diario,2025-01-08:gap_pp,-86.06944312424794
C0_primaria_5pb,diario,2025-01-09:gap_pp,-86.27429214758232
C0_primaria_5pb,diario,2025-01-10:gap_pp,-83.72589816223103
C0_primaria_5pb,diario,2025-01-13:gap_pp,-83.51283913884193
C0_primaria_5pb,diario,2025-01-14:gap_pp,-83.94622624929202
C0_primaria_5pb,diario,2025-01-15:gap_pp,-87.7367507349554
C0_primaria_5pb,diario,2025-01-16:gap_pp,-88.36819130028375
C0_primaria_5pb,diario,2025-01-17:gap_pp,-90.4804429478
C0_primaria_5pb,diario,2025-01-20:gap_pp,-90.41703890179866
C0_primaria_5pb,diario,2025-01-21:gap_pp,-90.82970084755134
C0_primaria_5pb,diario,2025-01-22:gap_pp,-93.37718985758741
C0_primaria_5pb,diario,2025-01-23:gap_pp,-95.96470065089406
C0_primaria_5pb,diario,2025-01-24:gap_pp,-94.60687898014946
C0_primaria_5pb,diario,2025-01-27:gap_pp,-88.55857331568863
C0_primaria_5pb,diario,2025-01-28:gap_pp,-91.4308339315673
C0_primaria_5pb,diario,2025-01-29:gap_pp,-92.64659331052583
C0_primaria_5pb,diario,2025-01-30:gap_pp,-94.49864179860835
C0_primaria_5pb,diario,2025-01-31:gap_pp,-95.54800349738879
C0_primaria_5pb,diario,2025-02-03:gap_pp,-94.44004248769716
C0_primaria_5pb,diario,2025-02-04:gap_pp,-98.39401476508701
C0_primaria_5pb,diario,2025-02-05:gap_pp,-97.10898988724897
C0_primaria_5pb,diario,2025-02-06:gap_pp,-99.90723320461994
C0_primaria_5pb,diario,2025-02-07:gap_pp,-99.85645647260866
C0_primaria_5pb,diario,2025-02-10:gap_pp,-102.93933859244913
C0_primaria_5pb,diario,2025-02-11:gap_pp,-101.26532605118881
C0_primaria_5pb,diario,2025-02-12:gap_pp,-102.00432963048762
C0_primaria_5pb,diario,2025-02-13:gap_pp,-104.79671884836989
C0_primaria_5pb,diario,2025-02-14:gap_pp,-103.80689269490439
C0_primaria_5pb,diario,2025-02-17:gap_pp,-103.73730307755389
C0_primaria_5pb,diario,2025-02-18:gap_pp,-105.41714443438141
C0_primaria_5pb,diario,2025-02-19:gap_pp,-102.81392791651373
C0_primaria_5pb,diario,2025-02-20:gap_pp,-100.20871269338818
C0_primaria_5pb,diario,2025-02-21:gap_pp,-96.51446331965148
C0_primaria_5pb,diario,2025-02-24:gap_pp,-93.89777991828477
C0_primaria_5pb,diario,2025-02-25:gap_pp,-90.91282176662286
C0_primaria_5pb,diario,2025-02-26:gap_pp,-92.01323839156939
C0_primaria_5pb,diario,2025-02-27:gap_pp,-88.21931654511444
C0_primaria_5pb,diario,2025-02-28:gap_pp,-90.43197108980267
C0_primaria_5pb,diario,2025-03-03:gap_pp,-87.8336142818392
C0_primaria_5pb,diario,2025-03-04:gap_pp,-87.1006478218693
C0_primaria_5pb,diario,2025-03-05:gap_pp,-87.3030533220478
C0_primaria_5pb,diario,2025-03-06:gap_pp,-81.1081016720996
C0_primaria_5pb,diario,2025-03-07:gap_pp,-82.53651964627902
C0_primaria_5pb,diario,2025-03-10:gap_pp,-75.47495933706875
C0_primaria_5pb,diario,2025-03-11:gap_pp,-76.07900547576858
C0_primaria_5pb,diario,2025-03-12:gap_pp,-80.43228554384707
C0_primaria_5pb,diario,2025-03-13:gap_pp,-78.62775301809324
C0_primaria_5pb,diario,2025-03-14:gap_pp,-83.26280896288507
C0_primaria_5pb,diario,2025-03-17:gap_pp,-85.78004967521883
C0_primaria_5pb,diario,2025-03-18:gap_pp,-82.8046429967791
C0_primaria_5pb,diario,2025-03-19:gap_pp,-86.04201616623904
C0_primaria_5pb,diario,2025-03-20:gap_pp,-87.30100765510656
C0_primaria_5pb,diario,2025-03-21:gap_pp,-87.65308097437652
C0_primaria_5pb,diario,2025-03-24:gap_pp,-91.42362481730464
C0_primaria_5pb,diario,2025-03-25:gap_pp,-92.05319734733537
C0_primaria_5pb,diario,2025-03-26:gap_pp,-87.98314599134191
C0_primaria_5pb,diario,2025-03-27:gap_pp,-83.4683803600381
C0_primaria_5pb,diario,2025-03-28:gap_pp,-79.28259649064047
C0_primaria_5pb,diario,2025-03-31:gap_pp,-76.99099968269168
C0_primaria_5pb,diario,2025-04-01:gap_pp,-79.75821382604882
C0_primaria_5pb,diario,2025-04-02:gap_pp,-81.02818648680659
C0_primaria_5pb,diario,2025-04-03:gap_pp,-68.6418943611081
C0_primaria_5pb,diario,2025-04-04:gap_pp,-55.50057114158156
C0_primaria_5pb,diario,2025-04-07:gap_pp,-51.677735578433584
C0_primaria_5pb,diario,2025-04-08:gap_pp,-54.90905190957341
C0_primaria_5pb,diario,2025-04-09:gap_pp,-62.97228315393766
C0_primaria_5pb,diario,2025-04-10:gap_pp,-63.119536910424955
C0_primaria_5pb,diario,2025-04-11:gap_pp,-60.77668744893068
C0_primaria_5pb,diario,2025-04-14:gap_pp,-63.45061178552876
C0_primaria_5pb,diario,2025-04-15:gap_pp,-67.24021730060363
C0_primaria_5pb,diario,2025-04-16:gap_pp,-62.77255952211487
C0_primaria_5pb,diario,2025-04-17:gap_pp,-63.93183547575696
C0_primaria_5pb,diario,2025-04-18:gap_pp,-63.92087515612492
C0_primaria_5pb,diario,2025-04-21:gap_pp,-61.31385106641811
C0_primaria_5pb,diario,2025-04-22:gap_pp,-63.48324004873507
C0_primaria_5pb,diario,2025-04-23:gap_pp,-70.09665893339667
C0_primaria_5pb,diario,2025-04-24:gap_pp,-75.8333454464699
C0_primaria_5pb,diario,2025-04-25:gap_pp,-79.44220416741743
C0_primaria_5pb,diario,2025-04-28:gap_pp,-79.92193036135772
C0_primaria_5pb,diario,2025-04-29:gap_pp,-80.8404860027057
C0_primaria_5pb,diario,2025-04-30:gap_pp,-80.59014370418205
C0_primaria_5pb,diario,2025-05-01:gap_pp,-81.19238273704403
C0_primaria_5pb,diario,2025-05-02:gap_pp,-88.03807123358128
C0_primaria_5pb,diario,2025-05-05:gap_pp,-87.88861826045778
C0_primaria_5pb,diario,2025-05-06:gap_pp,-84.99969195650871
C0_primaria_5pb,diario,2025-05-07:gap_pp,-84.33561543935934
C0_primaria_5pb,diario,2025-05-08:gap_pp,-89.14483241166482
C0_primaria_5pb,diario,2025-05-09:gap_pp,-88.9486715272854
C0_primaria_5pb,diario,2025-05-12:gap_pp,-96.29334488428552
C0_primaria_5pb,diario,2025-05-13:gap_pp,-100.85027618994964
C0_primaria_5pb,diario,2025-05-14:gap_pp,-101.09211056428732
C0_primaria_5pb,diario,2025-05-15:gap_pp,-100.6570159023514
C0_primaria_5pb,diario,2025-05-16:gap_pp,-101.37408828943842
C0_primaria_5pb,diario,2025-05-19:gap_pp,-100.23122760287254
C0_primaria_5pb,diario,2025-05-20:gap_pp,-100.08672175481178
C0_primaria_5pb,diario,2025-05-21:gap_pp,-97.68803742994751
C0_primaria_5pb,diario,2025-05-22:gap_pp,-97.29799477405408
C0_primaria_5pb,diario,2025-05-23:gap_pp,-96.2446753933546
C0_primaria_5pb,diario,2025-05-26:gap_pp,-96.74008659478967
C0_primaria_5pb,diario,2025-05-27:gap_pp,-100.13146874554528
C0_primaria_5pb,diario,2025-05-28:gap_pp,-100.35981896212245
C0_primaria_5pb,diario,2025-05-29:gap_pp,-100.43300641263843
C0_primaria_5pb,diario,2025-05-30:gap_pp,-101.87068241202056
C0_primaria_5pb,diario,2025-06-02:gap_pp,-102.61282728629824
C0_primaria_5pb,diario,2025-06-03:gap_pp,-104.60119441097436
C0_primaria_5pb,diario,2025-06-04:gap_pp,-105.3400740187574
C0_primaria_5pb,diario,2025-06-05:gap_pp,-103.42064621092007
C0_primaria_5pb,diario,2025-06-06:gap_pp,-105.14476452144928
C0_primaria_5pb,diario,2025-06-09:gap_pp,-104.00878626628003
C0_primaria_5pb,diario,2025-06-10:gap_pp,-103.36700391690212
C0_primaria_5pb,diario,2025-06-11:gap_pp,-104.40932362950474
C0_primaria_5pb,diario,2025-06-12:gap_pp,-103.24766109564165
C0_primaria_5pb,diario,2025-06-13:gap_pp,-104.02253947537609
C0_primaria_5pb,diario,2025-06-16:gap_pp,-106.81093384057564
C0_primaria_5pb,diario,2025-06-17:gap_pp,-104.8286272768473
C0_primaria_5pb,diario,2025-06-18:gap_pp,-105.75805958080609
C0_primaria_5pb,diario,2025-06-19:gap_pp,-105.49680695783947
C0_primaria_5pb,diario,2025-06-20:gap_pp,-104.9355283196183
C0_primaria_5pb,diario,2025-06-23:gap_pp,-105.83944558771216
C0_primaria_5pb,diario,2025-06-24:gap_pp,-107.11670164594457
C0_primaria_5pb,diario,2025-06-25:gap_pp,-107.38383037785215
C0_primaria_5pb,diario,2025-06-26:gap_pp,-108.6876005491515
C0_primaria_5pb,diario,2025-06-27:gap_pp,-109.25611683204393
C0_primaria_5pb,diario,2025-06-30:gap_pp,-110.41781079404329
C0_primaria_5pb,diario,2025-07-01:gap_pp,-106.89846766983415
C0_primaria_5pb,diario,2025-07-02:gap_pp,-107.360147494162
C0_primaria_5pb,diario,2025-07-03:gap_pp,-108.2586599353915
C0_primaria_5pb,diario,2025-07-04:gap_pp,-108.20454228724161
C0_primaria_5pb,diario,2025-07-07:gap_pp,-108.79947944778954
C0_primaria_5pb,diario,2025-07-08:gap_pp,-109.22671406824047
C0_primaria_5pb,diario,2025-07-09:gap_pp,-111.30426457621682
C0_primaria_5pb,diario,2025-07-10:gap_pp,-110.05585985229978
C0_primaria_5pb,diario,2025-07-11:gap_pp,-109.13867030589815
C0_primaria_5pb,diario,2025-07-14:gap_pp,-111.41814094417686
C0_primaria_5pb,diario,2025-07-15:gap_pp,-112.01486669929072
C0_primaria_5pb,diario,2025-07-16:gap_pp,-112.76906521000598
C0_primaria_5pb,diario,2025-07-17:gap_pp,-115.12545548031834
C0_primaria_5pb,diario,2025-07-18:gap_pp,-114.51867095687346
C0_primaria_5pb,diario,2025-07-21:gap_pp,-114.44570449547827
C0_primaria_5pb,diario,2025-07-22:gap_pp,-113.25326675164713
C0_primaria_5pb,diario,2025-07-23:gap_pp,-116.29835284632696
C0_primaria_5pb,diario,2025-07-24:gap_pp,-117.62353660737193
C0_primaria_5pb,diario,2025-07-25:gap_pp,-118.77947385746926
C0_primaria_5pb,diario,2025-07-28:gap_pp,-119.08039356426936
C0_primaria_5pb,diario,2025-07-29:gap_pp,-120.04887193729674
C0_primaria_5pb,diario,2025-07-30:gap_pp,-121.5086261528042
C0_primaria_5pb,diario,2025-07-31:gap_pp,-123.05337256886193
C0_primaria_5pb,diario,2025-08-01:gap_pp,-118.76935695282182
C0_primaria_5pb,diario,2025-08-04:gap_pp,-119.66292794494204
C0_primaria_5pb,diario,2025-08-05:gap_pp,-120.57490317158522
C0_primaria_5pb,diario,2025-08-06:gap_pp,-121.10817698603849
C0_primaria_5pb,diario,2025-08-07:gap_pp,-120.89670347490286
C0_primaria_5pb,diario,2025-08-08:gap_pp,-121.87379129302536
C0_primaria_5pb,diario,2025-08-11:gap_pp,-122.96224264989088
C0_primaria_5pb,diario,2025-08-12:gap_pp,-124.46837629999561
C0_primaria_5pb,diario,2025-08-13:gap_pp,-123.56484963674697
C0_primaria_5pb,diario,2025-08-14:gap_pp,-124.40955771265692
C0_primaria_5pb,diario,2025-08-15:gap_pp,-123.16095828967252
C0_primaria_5pb,diario,2025-08-18:gap_pp,-123.51602526921512
C0_primaria_5pb,diario,2025-08-19:gap_pp,-120.52485805221247
C0_primaria_5pb,diario,2025-08-20:gap_pp,-120.22883851063739
C0_primaria_5pb,diario,2025-08-21:gap_pp,-120.85299695840774
C0_primaria_5pb,diario,2025-08-22:gap_pp,-124.25443176404578
C0_primaria_5pb,diario,2025-08-25:gap_pp,-123.12853566290684
C0_primaria_5pb,diario,2025-08-26:gap_pp,-125.66068491215465
C0_primaria_5pb,diario,2025-08-27:gap_pp,-125.65343599330956
C0_primaria_5pb,diario,2025-08-28:gap_pp,-126.91944706281335
C0_primaria_5pb,diario,2025-08-29:gap_pp,-124.63062288202752
C0_primaria_5pb,diario,2025-09-01:gap_pp,-124.62007710946166
C0_primaria_5pb,diario,2025-09-02:gap_pp,-123.91071239313318
C0_primaria_5pb,diario,2025-09-03:gap_pp,-123.84844277180032
C0_primaria_5pb,diario,2025-09-04:gap_pp,-125.49286835131264
C0_primaria_5pb,diario,2025-09-05:gap_pp,-124.45587893735328
C0_primaria_5pb,diario,2025-09-08:gap_pp,-128.39167674392894
C0_primaria_5pb,diario,2025-09-09:gap_pp,-130.6016901525483
C0_primaria_5pb,diario,2025-09-10:gap_pp,-134.96858363862603
C0_primaria_5pb,diario,2025-09-11:gap_pp,-134.83781135716245
C0_primaria_5pb,diario,2025-09-12:gap_pp,-136.07975543535227
C0_primaria_5pb,diario,2025-09-15:gap_pp,-137.12632248237497
C0_primaria_5pb,diario,2025-09-16:gap_pp,-135.77271100604844
C0_primaria_5pb,diario,2025-09-17:gap_pp,-133.5859555550333
C0_primaria_5pb,diario,2025-09-18:gap_pp,-138.07931108252595
C0_primaria_5pb,diario,2025-09-19:gap_pp,-140.3553729820139
C0_primaria_5pb,diario,2025-09-22:gap_pp,-140.1462007373147
C0_primaria_5pb,diario,2025-09-23:gap_pp,-139.58848421097468
C0_primaria_5pb,diario,2025-09-24:gap_pp,-139.522104857011
C0_primaria_5pb,diario,2025-09-25:gap_pp,-138.7312208062981
C0_primaria_5pb,diario,2025-09-26:gap_pp,-141.19284342408199
C0_primaria_5pb,diario,2025-09-29:gap_pp,-142.55890106433162
C0_primaria_5pb,diario,2025-09-30:gap_pp,-143.44633120025347
C0_primaria_5pb,diario,2025-10-01:gap_pp,-143.71476388964146
C0_primaria_5pb,diario,2025-10-02:gap_pp,-145.05750168825367
C0_primaria_5pb,diario,2025-10-03:gap_pp,-142.93847263653768
C0_primaria_5pb,diario,2025-10-06:gap_pp,-142.78882343833058
C0_primaria_5pb,diario,2025-10-07:gap_pp,-143.71639932773454
C0_primaria_5pb,diario,2025-10-08:gap_pp,-146.93816688512766
C0_primaria_5pb,diario,2025-10-09:gap_pp,-146.37907686254522
C0_primaria_5pb,diario,2025-10-10:gap_pp,-140.73933112554693
C0_primaria_5pb,diario,2025-10-13:gap_pp,-144.31505004146442
C0_primaria_5pb,diario,2025-10-14:gap_pp,-142.2680191445269
C0_primaria_5pb,diario,2025-10-15:gap_pp,-142.30194647908561
C0_primaria_5pb,diario,2025-10-16:gap_pp,-142.14822175024736
C0_primaria_5pb,diario,2025-10-17:gap_pp,-139.98022294966955
C0_primaria_5pb,diario,2025-10-20:gap_pp,-142.1462949641686
C0_primaria_5pb,diario,2025-10-21:gap_pp,-142.3811262416838
C0_primaria_5pb,diario,2025-10-22:gap_pp,-139.8018810781777
C0_primaria_5pb,diario,2025-10-23:gap_pp,-141.72815467254145
C0_primaria_5pb,diario,2025-10-24:gap_pp,-144.36177957181084
C0_primaria_5pb,diario,2025-10-27:gap_pp,-145.77886119949682
C0_primaria_5pb,diario,2025-10-28:gap_pp,-147.48790108234294
C0_primaria_5pb,diario,2025-10-29:gap_pp,-151.68565030485468
C0_primaria_5pb,diario,2025-10-30:gap_pp,-150.20141550636973
C0_primaria_5pb,diario,2025-10-31:gap_pp,-151.69324848565887
C0_primaria_5pb,diario,2025-11-03:gap_pp,-152.53854803393872
C0_primaria_5pb,diario,2025-11-04:gap_pp,-146.92379429819744
C0_primaria_5pb,diario,2025-11-05:gap_pp,-147.6407607277656
C0_primaria_5pb,diario,2025-11-06:gap_pp,-143.62289171286025
C0_primaria_5pb,diario,2025-11-07:gap_pp,-142.849903977667
C0_primaria_5pb,diario,2025-11-10:gap_pp,-148.95278642239543
C0_primaria_5pb,diario,2025-11-11:gap_pp,-147.4409820650802
C0_primaria_5pb,diario,2025-11-12:gap_pp,-147.3331348533352
C0_primaria_5pb,diario,2025-11-13:gap_pp,-142.17198784734884
C0_primaria_5pb,diario,2025-11-14:gap_pp,-143.0617404650256
C0_primaria_5pb,diario,2025-11-17:gap_pp,-141.90530236645412
C0_primaria_5pb,diario,2025-11-18:gap_pp,-138.2830140873773
C0_primaria_5pb,diario,2025-11-19:gap_pp,-138.4987731872171
C0_primaria_5pb,diario,2025-11-20:gap_pp,-136.45332516156168
C0_primaria_5pb,diario,2025-11-21:gap_pp,-131.82216337909142
C0_primaria_5pb,diario,2025-11-24:gap_pp,-137.58315613060853
C0_primaria_5pb,diario,2025-11-25:gap_pp,-139.07824088062478
C0_primaria_5pb,diario,2025-11-26:gap_pp,-143.02840483031957
C0_primaria_5pb,diario,2025-11-27:gap_pp,-143.73730606101623
C0_primaria_5pb,diario,2025-11-28:gap_pp,-146.27172706634965
C0_primaria_5pb,diario,2025-12-01:gap_pp,-143.95150185179676
C0_primaria_5pb,diario,2025-12-02:gap_pp,-147.10141291909147
C0_primaria_5pb,diario,2025-12-03:gap_pp,-148.97101800341082
C0_primaria_5pb,diario,2025-12-04:gap_pp,-152.04968332183796
C0_primaria_5pb,diario,2025-12-05:gap_pp,-153.5192217461948
C0_primaria_5pb,diario,2025-12-08:gap_pp,-155.3860916014273
C0_primaria_5pb,diario,2025-12-09:gap_pp,-156.3922681578861
C0_primaria_5pb,diario,2025-12-10:gap_pp,-156.55306076974858
C0_primaria_5pb,diario,2025-12-11:gap_pp,-155.90777866784765
C0_primaria_5pb,diario,2025-12-12:gap_pp,-151.48980765177197
C0_primaria_5pb,diario,2025-12-15:gap_pp,-149.90137240212886
C0_primaria_5pb,diario,2025-12-16:gap_pp,-149.11707727289345
C0_primaria_5pb,diario,2025-12-17:gap_pp,-145.11651041718335
C0_primaria_5pb,diario,2025-12-18:gap_pp,-150.05611056771573
C0_primaria_5pb,diario,2025-12-19:gap_pp,-153.87223744317907
C0_primaria_5pb,diario,2025-12-22:gap_pp,-154.73136300053307
C0_primaria_5pb,diario,2025-12-23:gap_pp,-154.38090847371822
C0_primaria_5pb,diario,2025-12-24:gap_pp,-154.44025146339703
C0_primaria_5pb,diario,2025-12-25:gap_pp,-154.28036019772895
C0_primaria_5pb,diario,2025-12-26:gap_pp,-153.5361831422947
C0_primaria_5pb,diario,2025-12-29:gap_pp,-152.06610896694633
C0_primaria_5pb,diario,2025-12-30:gap_pp,-151.9770222504514
C0_primaria_5pb,diario,2025-12-31:gap_pp,-150.37383457612623
C0_primaria_5pb,diario,2026-01-02:gap_pp,-150.08378248446638
C0_primaria_5pb,diario,2026-01-05:gap_pp,-156.23487932514783
C0_primaria_5pb,diario,2026-01-06:gap_pp,-157.3235165507219
C0_primaria_5pb,diario,2026-01-07:gap_pp,-158.4858753170722
C0_primaria_5pb,diario,2026-01-08:gap_pp,-156.89544152708507
C0_primaria_5pb,diario,2026-01-09:gap_pp,-159.09032061370934
C0_primaria_5pb,diario,2026-01-12:gap_pp,-159.4610151771048
C0_primaria_5pb,diario,2026-01-13:gap_pp,-161.6768063335593
C0_primaria_5pb,diario,2026-01-14:gap_pp,-160.1551654122525
C0_primaria_5pb,diario,2026-01-15:gap_pp,-158.0673665604257
C0_primaria_5pb,diario,2026-01-16:gap_pp,-156.60456099658805
C0_primaria_5pb,diario,2026-01-19:gap_pp,-155.7901447096949
C0_primaria_5pb,diario,2026-01-20:gap_pp,-152.61301777524213
C0_primaria_5pb,diario,2026-01-21:gap_pp,-151.37739888752978
C0_primaria_5pb,diario,2026-01-22:gap_pp,-153.36125334154082
C0_primaria_5pb,diario,2026-01-23:gap_pp,-155.4854901280321
C0_primaria_5pb,diario,2026-01-26:gap_pp,-154.39349090248348
C0_primaria_5pb,diario,2026-01-27:gap_pp,-154.05318147846197
C0_primaria_5pb,diario,2026-01-28:gap_pp,-152.0148098510225
C0_primaria_5pb,diario,2026-01-29:gap_pp,-151.8574300936086
C0_primaria_5pb,diario,2026-01-30:gap_pp,-148.63009847168672
C0_primaria_5pb,diario,2026-02-02:gap_pp,-151.15311862857442
C0_primaria_5pb,diario,2026-02-03:gap_pp,-149.89195125706348
C0_primaria_5pb,diario,2026-02-04:gap_pp,-141.9911529041044
C0_primaria_5pb,diario,2026-02-05:gap_pp,-139.01045705308758
C0_primaria_5pb,diario,2026-02-06:gap_pp,-145.71898708484215
C0_primaria_5pb,diario,2026-02-09:gap_pp,-151.79141281587292
C0_primaria_5pb,diario,2026-02-10:gap_pp,-150.81953084704713
C0_primaria_5pb,diario,2026-02-11:gap_pp,-150.76482514016803
C0_primaria_5pb,diario,2026-02-12:gap_pp,-144.73403684173135
C0_primaria_5pb,diario,2026-02-13:gap_pp,-146.82067988814046
C0_primaria_5pb,diario,2026-02-16:gap_pp,-147.59071604822472
C0_primaria_5pb,diario,2026-02-17:gap_pp,-146.7658103505105
C0_primaria_5pb,diario,2026-02-18:gap_pp,-149.71128038501982
C0_primaria_5pb,diario,2026-02-19:gap_pp,-148.68247412997079
C0_primaria_5pb,diario,2026-02-20:gap_pp,-150.41898606017926
C0_primaria_5pb,diario,2026-02-23:gap_pp,-146.89066760929992
C0_primaria_5pb,diario,2026-02-24:gap_pp,-147.87121723790187
C0_primaria_5pb,diario,2026-02-25:gap_pp,-152.30831134980755
C0_primaria_5pb,diario,2026-02-26:gap_pp,-152.53784348183603
C0_primaria_5pb,diario,2026-02-27:gap_pp,-151.5595574321855
C0_primaria_5pb,diario,2026-03-02:gap_pp,-151.81546745269316
C0_primaria_5pb,diario,2026-03-03:gap_pp,-149.94150795981932
C0_primaria_5pb,diario,2026-03-04:gap_pp,-155.86159836932802
C0_primaria_5pb,diario,2026-03-05:gap_pp,-156.11541958892715
C0_primaria_5pb,diario,2026-03-06:gap_pp,-155.68766080551168
C0_primaria_5pb,diario,2026-03-09:gap_pp,-155.5965701362448
C0_primaria_5pb,diario,2026-03-10:gap_pp,-157.04742274740053
C0_primaria_5pb,diario,2026-03-11:gap_pp,-157.0223081590019
C0_primaria_5pb,diario,2026-03-12:gap_pp,-154.2261372414826
C0_primaria_5pb,diario,2026-03-13:gap_pp,-152.18197278162108
C0_primaria_5pb,diario,2026-03-16:gap_pp,-154.5406732877893
C0_primaria_5pb,diario,2026-03-17:gap_pp,-155.74190852424363
C0_primaria_5pb,diario,2026-03-18:gap_pp,-155.05732419337946
C0_primaria_5pb,diario,2026-03-19:gap_pp,-151.30287074720587
C0_primaria_5pb,diario,2026-03-20:gap_pp,-145.0842640758348
C0_primaria_5pb,diario,2026-03-23:gap_pp,-147.6077183491118
C0_primaria_5pb,diario,2026-03-24:gap_pp,-144.41475367199257
C0_primaria_5pb,diario,2026-03-25:gap_pp,-147.89293204260807
C0_primaria_5pb,diario,2026-03-26:gap_pp,-141.14432379035077
C0_primaria_5pb,diario,2026-03-27:gap_pp,-136.24073978812106
C0_primaria_5pb,diario,2026-03-30:gap_pp,-134.21608131269664
C0_primaria_5pb,diario,2026-03-31:gap_pp,-139.48447346941143
C0_primaria_5pb,diario,2026-04-01:gap_pp,-145.30398554746563
C0_primaria_5pb,diario,2026-04-02:gap_pp,-144.27485320994643
C0_primaria_5pb,diario,2026-04-03:gap_pp,-144.7330515609888
C0_primaria_5pb,diario,2026-04-06:gap_pp,-145.65655695621138
C0_primaria_5pb,diario,2026-04-07:gap_pp,-145.0357234274547
C0_primaria_5pb,diario,2026-04-08:gap_pp,-151.70408196886245
C0_primaria_5pb,diario,2026-04-09:gap_pp,-148.75090563742813
C0_primaria_5pb,diario,2026-04-10:gap_pp,-148.0715517213772
C0_primaria_5pb,diario,2026-04-13:gap_pp,-150.5757023825779
C0_primaria_5pb,diario,2026-04-14:gap_pp,-153.82162029055206
C0_primaria_5pb,diario,2026-04-15:gap_pp,-156.73448017556478
C0_primaria_5pb,diario,2026-04-16:gap_pp,-157.2546246537781
C0_primaria_5pb,diario,2026-04-17:gap_pp,-158.40458476576296
C0_primaria_5pb,diario,2026-04-20:gap_pp,-158.34670975200916
C0_primaria_5pb,diario,2026-04-21:gap_pp,-155.7975165639853
C0_primaria_5pb,diario,2026-04-22:gap_pp,-158.57160940788023
C0_primaria_5pb,diario,2026-04-23:gap_pp,-155.81578943202473
C0_primaria_5pb,diario,2026-04-24:gap_pp,-157.4110453534252
C0_primaria_5pb,diario,2026-04-27:gap_pp,-159.06977279958764
C0_primaria_5pb,diario,2026-04-28:gap_pp,-157.5432343879364
C0_primaria_5pb,diario,2026-04-29:gap_pp,-155.7708908419374
C0_primaria_5pb,diario,2026-04-30:gap_pp,-157.0081178832351
C0_primaria_5pb,diario,2026-05-01:gap_pp,-158.0338401293836
C0_primaria_5pb,diario,2026-05-04:gap_pp,-159.9154707082717
C0_primaria_5pb,diario,2026-05-05:gap_pp,-159.7900037932744
C0_primaria_5pb,diario,2026-05-06:gap_pp,-162.86004921643473
C0_primaria_5pb,diario,2026-05-07:gap_pp,-162.92019981629727
C0_primaria_5pb,diario,2026-05-08:gap_pp,-162.50633233545034
C0_primaria_5pb,diario,2026-05-11:gap_pp,-164.14098259475577
C0_primaria_5pb,diario,2026-05-12:gap_pp,-162.4782884246937
C0_primaria_5pb,diario,2026-05-13:gap_pp,-161.46142105177248
C0_primaria_5pb,diario,2026-05-14:gap_pp,-164.05112041546747
C0_primaria_5pb,diario,2026-05-15:gap_pp,-159.76503814202417
C0_primaria_5pb,diario,2026-05-18:gap_pp,-159.20057088441365
C0_primaria_5pb,diario,2026-05-19:gap_pp,-159.474763515994
C0_primaria_5pb,diario,2026-05-20:gap_pp,-163.91267894786992
C0_primaria_5pb,diario,2026-05-21:gap_pp,-165.5756405428353
C0_primaria_5pb,diario,2026-05-22:gap_pp,-166.5187495844676
C0_primaria_5pb,diario,2026-05-25:gap_pp,-167.56644452760347
C0_primaria_5pb,diario,2026-05-26:gap_pp,-170.20696494614444
C0_primaria_5pb,diario,2026-05-27:gap_pp,-171.2716754195337
C0_primaria_5pb,diario,2026-05-28:gap_pp,-174.97829681770406
C0_primaria_5pb,diario,2026-05-29:gap_pp,-178.74776381671495
C0_primaria_5pb,diario,2026-06-01:gap_pp,-180.67688253985352
C0_primaria_5pb,diario,2026-06-02:gap_pp,-182.8176718638441
C0_primaria_5pb,diario,2026-06-03:gap_pp,-182.03108434976284
C0_primaria_5pb,diario,2026-06-04:gap_pp,-180.34572793960479
C0_primaria_5pb,diario,2026-06-05:gap_pp,-172.83447468977312
C0_primaria_5pb,diario,2026-06-08:gap_pp,-177.16872954242206
C0_primaria_5pb,diario,2026-06-09:gap_pp,-172.93318557901478
C0_primaria_5pb,diario,2026-06-10:gap_pp,-167.3736059425906
C0_primaria_5pb,diario,2026-06-11:gap_pp,-173.36175059725457
C0_primaria_5pb,diario,2026-06-12:gap_pp,-177.15466904657956
C0_primaria_5pb,diario,2026-06-15:gap_pp,-185.75727641979975
C0_primaria_5pb,diario,2026-06-16:gap_pp,-183.3190602978141
C0_primaria_5pb,diario,2026-06-17:gap_pp,-181.93033367504853
C0_primaria_5pb,diario,2026-06-18:gap_pp,-188.59992248259218
C0_primaria_5pb,diario,2026-06-19:gap_pp,-189.28436050109553
C0_primaria_5pb,diario,2026-06-22:gap_pp,-188.70587255485296
C0_primaria_5pb,diario,2026-06-23:gap_pp,-183.1046163444968
C0_primaria_5pb,diario,2026-06-24:gap_pp,-182.46298713194747
C0_primaria_5pb,diario,2026-06-25:gap_pp,-185.88531029658714
C0_primaria_5pb,diario,2026-06-26:gap_pp,-183.94287297143782
C0_primaria_5pb,diario,2026-06-29:gap_pp,-187.84780563852888
C0_primaria_5pb,diario,2026-06-30:gap_pp,-191.36978365880051
C0_primaria_5pb,diario,2026-07-01:gap_pp,-191.08140672137307
C0_primaria_5pb,diario,2026-07-02:gap_pp,-187.2635332259108
C0_primaria_5pb,diario,2026-07-03:gap_pp,-187.1211894343232
C0_primaria_5pb,diario,2026-07-06:gap_pp,-191.5156897993876
C0_primaria_5pb,diario,2026-07-07:gap_pp,-184.88365703375007
C0_primaria_5pb,diario,2026-07-08:gap_pp,-183.98462214202584
C0_primaria_5pb,diario,2026-07-09:gap_pp,-187.75998926707993
C0_primaria_5pb,diario,2026-07-10:gap_pp,-187.28330838503376
C0_primaria_5pb,diario,2026-07-13:gap_pp,-181.7188312327576
C0_primaria_5pb,diario,2026-07-14:gap_pp,-186.77098396348276
C0_primaria_5pb,diario,2026-07-15:gap_pp,-185.967191084997
C0_primaria_5pb,diario,2026-07-16:gap_pp,-179.4431996557398
C0_primaria_5pb,diario,2026-07-17:gap_pp,-174.926467713911
C0_primaria_5pb,diario,2026-07-20:gap_pp,-176.27798446825813
C0_primaria_5pb,diario,2026-07-21:gap_pp,-183.79680890246007
C0_primaria_5pb,diario,2026-07-22:gap_pp,-181.7305100100646
C0_primaria_5pb,diario,2026-07-23:gap_pp,-179.79676918875717
C0_primaria_5pb,diario,2026-07-24:gap_pp,-175.9337900441507
C0_primaria_5pb,diario,2026-07-27:gap_pp,-175.34424521093956
C0_primaria_5pb,diario,2026-07-28:gap_pp,-169.3863119772836
C0_primaria_5pb,diario,2026-07-29:gap_pp,-162.71749254274766
C0_primaria_5pb,diario,2026-07-30:gap_pp,-172.45436943859784
C0_primaria_5pb,diario,2026-07-31:gap_pp,-175.4090555622651
C0_primaria_5pb,diario,2026-08-03:gap_pp,-178.03003346268844
C0_primaria_5pb,diario,2026-08-04:gap_pp,-190.661640847388
C0_primaria_5pb,diario,2026-08-05:gap_pp,-191.0069663327271
C0_primaria_5pb,diario,2026-08-06:gap_pp,-187.46547648621242
C0_primaria_5pb,diario,2026-08-07:gap_pp,-191.02732707878766
C0_primaria_5pb,diario,2026-08-10:gap_pp,-191.22512418224719
C0_primaria_5pb,diario,2026-08-11:gap_pp,-190.91838468019841
C0_primaria_5pb,diario,2026-08-12:gap_pp,-193.47148138178449
C0_primaria_5pb,diario,2026-08-13:gap_pp,-196.94375456613545
C0_primaria_5pb,diario,2026-08-14:gap_pp,-195.5544697338047
C0_primaria_5pb,diario,2026-08-17:gap_pp,-197.05653395311535
C0_primaria_5pb,diario,2026-08-18:gap_pp,-189.95654863896024
C0_primaria_5pb,diario,2026-08-19:gap_pp,-187.97096675935623
C0_primaria_5pb,diario,2026-08-20:gap_pp,-187.4586543965079
C0_primaria_5pb,diario,2026-08-21:gap_pp,-188.13105255173838
C0_primaria_5pb,diario,2026-08-24:gap_pp,-183.97437443147444
C0_primaria_5pb,diario,2026-08-25:gap_pp,-186.11057918018747
C0_primaria_5pb,diario,2026-08-26:gap_pp,-187.5147411022249
C0_primaria_5pb,diario,2026-08-27:gap_pp,-191.36663977379288
C0_primaria_5pb,cierre_anio,2022:2022-12-30:gap_pp,-6.328926323071505
C0_primaria_5pb,cierre_anio,2023:2023-12-29:gap_pp,-35.110904923350205
C0_primaria_5pb,cierre_anio,2024:2024-12-31:gap_pp,-83.00599180562358
C0_primaria_5pb,cierre_anio,2025:2025-12-31:gap_pp,-150.37383457612623
C0_primaria_5pb,cierre_anio,2026:2026-08-27:gap_pp,-191.36663977379288
C0_primaria_5pb,mitad,primera_mitad:2024-07-19:gap_pp,-48.3497148545772
C0_primaria_5pb,mitad,final:2026-08-27:gap_pp,-191.36663977379288
C0_primaria_5pb,exceso_mensual,2022-06:exceso_pp,1.160755455367135
C0_primaria_5pb,exceso_mensual,2022-06:r_sis_pp,0.0
C0_primaria_5pb,exceso_mensual,2022-06:r_bench_pp,-1.160755455367135
C0_primaria_5pb,exceso_mensual,2022-07:exceso_pp,-9.308175861835455
C0_primaria_5pb,exceso_mensual,2022-07:r_sis_pp,0.0
C0_primaria_5pb,exceso_mensual,2022-07:r_bench_pp,9.308175861835455
C0_primaria_5pb,exceso_mensual,2022-08:exceso_pp,3.2992493633603237
C0_primaria_5pb,exceso_mensual,2022-08:r_sis_pp,0.0
C0_primaria_5pb,exceso_mensual,2022-08:r_bench_pp,-3.2992493633603237
C0_primaria_5pb,exceso_mensual,2022-09:exceso_pp,7.548380225135287
C0_primaria_5pb,exceso_mensual,2022-09:r_sis_pp,0.0
C0_primaria_5pb,exceso_mensual,2022-09:r_bench_pp,-7.548380225135287
C0_primaria_5pb,exceso_mensual,2022-10:exceso_pp,-5.853077720128863
C0_primaria_5pb,exceso_mensual,2022-10:r_sis_pp,0.0
C0_primaria_5pb,exceso_mensual,2022-10:r_bench_pp,5.853077720128863
C0_primaria_5pb,exceso_mensual,2022-11:exceso_pp,-6.237267543452063
C0_primaria_5pb,exceso_mensual,2022-11:r_sis_pp,-1.6175201643524595
C0_primaria_5pb,exceso_mensual,2022-11:r_bench_pp,4.6197473790996035
C0_primaria_5pb,exceso_mensual,2022-12:exceso_pp,1.6985108011616568
C0_primaria_5pb,exceso_mensual,2022-12:r_sis_pp,-5.094271263096806
C0_primaria_5pb,exceso_mensual,2022-12:r_bench_pp,-6.792782064258462
C0_primaria_5pb,exceso_mensual,2023-01:exceso_pp,-4.065909709019988
C0_primaria_5pb,exceso_mensual,2023-01:r_sis_pp,5.418720952873035
C0_primaria_5pb,exceso_mensual,2023-01:r_bench_pp,9.484630661893023
C0_primaria_5pb,exceso_mensual,2023-02:exceso_pp,-1.558125659751275
C0_primaria_5pb,exceso_mensual,2023-02:r_sis_pp,-0.1109283812536499
C0_primaria_5pb,exceso_mensual,2023-02:r_bench_pp,1.447197278497625
C0_primaria_5pb,exceso_mensual,2023-03:exceso_pp,-2.2308422837004516
C0_primaria_5pb,exceso_mensual,2023-03:r_sis_pp,0.632902278746017
C0_primaria_5pb,exceso_mensual,2023-03:r_bench_pp,2.8637445624464686
C0_primaria_5pb,exceso_mensual,2023-04:exceso_pp,-1.3238337173494985
C0_primaria_5pb,exceso_mensual,2023-04:r_sis_pp,-2.194459925327674
C0_primaria_5pb,exceso_mensual,2023-04:r_bench_pp,-0.8706262079781757
C0_primaria_5pb,exceso_mensual,2023-05:exceso_pp,-6.099380067738358
C0_primaria_5pb,exceso_mensual,2023-05:r_sis_pp,1.7444507506564566
C0_primaria_5pb,exceso_mensual,2023-05:r_bench_pp,7.843830818394815
C0_primaria_5pb,exceso_mensual,2023-06:exceso_pp,-1.391176520352122
C0_primaria_5pb,exceso_mensual,2023-06:r_sis_pp,2.5331188123466575
C0_primaria_5pb,exceso_mensual,2023-06:r_bench_pp,3.9242953326987795
C0_primaria_5pb,exceso_mensual,2023-07:exceso_pp,-1.6997058427748568
C0_primaria_5pb,exceso_mensual,2023-07:r_sis_pp,2.090655207329717
C0_primaria_5pb,exceso_mensual,2023-07:r_bench_pp,3.7903610501045737
C0_primaria_5pb,exceso_mensual,2023-08:exceso_pp,-0.8521529089747126
C0_primaria_5pb,exceso_mensual,2023-08:r_sis_pp,-1.8097912595693488
C0_primaria_5pb,exceso_mensual,2023-08:r_bench_pp,-0.9576383505946362
C0_primaria_5pb,exceso_mensual,2023-09:exceso_pp,1.8300172693281769
C0_primaria_5pb,exceso_mensual,2023-09:r_sis_pp,0.2849492354752625
C0_primaria_5pb,exceso_mensual,2023-09:r_bench_pp,-1.5450680338529144
C0_primaria_5pb,exceso_mensual,2023-10:exceso_pp,1.667014985107318
C0_primaria_5pb,exceso_mensual,2023-10:r_sis_pp,-1.012907137297181
C0_primaria_5pb,exceso_mensual,2023-10:r_bench_pp,-2.679922122404499
C0_primaria_5pb,exceso_mensual,2023-11:exceso_pp,-9.655527620219617
C0_primaria_5pb,exceso_mensual,2023-11:r_sis_pp,0.8101956546773259
C0_primaria_5pb,exceso_mensual,2023-11:r_bench_pp,10.465723274896943
C0_primaria_5pb,exceso_mensual,2023-12:exceso_pp,2.774029810288048
C0_primaria_5pb,exceso_mensual,2023-12:r_sis_pp,6.898434789322261
C0_primaria_5pb,exceso_mensual,2023-12:r_bench_pp,4.124404979034213
C0_primaria_5pb,exceso_mensual,2024-01:exceso_pp,-0.7247074079335558
C0_primaria_5pb,exceso_mensual,2024-01:r_sis_pp,3.730651796436857
C0_primaria_5pb,exceso_mensual,2024-01:r_bench_pp,4.455359204370413
C0_primaria_5pb,exceso_mensual,2024-02:exceso_pp,-1.3974005891931096
C0_primaria_5pb,exceso_mensual,2024-02:r_sis_pp,8.56848383200164
C0_primaria_5pb,exceso_mensual,2024-02:r_bench_pp,9.965884421194747
C0_primaria_5pb,exceso_mensual,2024-03:exceso_pp,-0.7095525385010681
C0_primaria_5pb,exceso_mensual,2024-03:r_sis_pp,4.3957729271181245
C0_primaria_5pb,exceso_mensual,2024-03:r_bench_pp,5.105325465619193
C0_primaria_5pb,exceso_mensual,2024-04:exceso_pp,0.7589747157940585
C0_primaria_5pb,exceso_mensual,2024-04:r_sis_pp,-3.439371935940505
C0_primaria_5pb,exceso_mensual,2024-04:r_bench_pp,-4.198346651734564
C0_primaria_5pb,exceso_mensual,2024-05:exceso_pp,-1.3496331074520418
C0_primaria_5pb,exceso_mensual,2024-05:r_sis_pp,2.641010079997508
C0_primaria_5pb,exceso_mensual,2024-05:r_bench_pp,3.9906431874495496
C0_primaria_5pb,exceso_mensual,2024-06:exceso_pp,0.4483807899002157
C0_primaria_5pb,exceso_mensual,2024-06:r_sis_pp,6.108444330504037
C0_primaria_5pb,exceso_mensual,2024-06:r_bench_pp,5.660063540603821
C0_primaria_5pb,exceso_mensual,2024-07:exceso_pp,0.3210713359979467
C0_primaria_5pb,exceso_mensual,2024-07:r_sis_pp,-1.9227279945696063
C0_primaria_5pb,exceso_mensual,2024-07:r_bench_pp,-2.243799330567553
C0_primaria_5pb,exceso_mensual,2024-08:exceso_pp,-6.334247455443565
C0_primaria_5pb,exceso_mensual,2024-08:r_sis_pp,-4.455124859917914
C0_primaria_5pb,exceso_mensual,2024-08:r_bench_pp,1.8791225955256508
C0_primaria_5pb,exceso_mensual,2024-09:exceso_pp,-0.9739600044512242
C0_primaria_5pb,exceso_mensual,2024-09:r_sis_pp,1.8942963402239332
C0_primaria_5pb,exceso_mensual,2024-09:r_bench_pp,2.8682563446751574
C0_primaria_5pb,exceso_mensual,2024-10:exceso_pp,-0.9979380278074101
C0_primaria_5pb,exceso_mensual,2024-10:r_sis_pp,1.9904794473063259
C0_primaria_5pb,exceso_mensual,2024-10:r_bench_pp,2.988417475113736
C0_primaria_5pb,exceso_mensual,2024-11:exceso_pp,-6.704526441101
C0_primaria_5pb,exceso_mensual,2024-11:r_sis_pp,4.379234954582212
C0_primaria_5pb,exceso_mensual,2024-11:r_bench_pp,11.083761395683212
C0_primaria_5pb,exceso_mensual,2024-12:exceso_pp,-3.3017543822190687
C0_primaria_5pb,exceso_mensual,2024-12:r_sis_pp,-1.981994523917896
C0_primaria_5pb,exceso_mensual,2024-12:r_bench_pp,1.3197598583011727
C0_primaria_5pb,exceso_mensual,2025-01:exceso_pp,-5.80181093925447
C0_primaria_5pb,exceso_mensual,2025-01:r_sis_pp,-0.01369218146431983
C0_primaria_5pb,exceso_mensual,2025-01:r_bench_pp,5.7881187577901505
C0_primaria_5pb,exceso_mensual,2025-02:exceso_pp,3.7955002282874406
C0_primaria_5pb,exceso_mensual,2025-02:r_sis_pp,3.738047325251004
C0_primaria_5pb,exceso_mensual,2025-02:r_bench_pp,-0.0574529030364368
C0_primaria_5pb,exceso_mensual,2025-03:exceso_pp,4.351559065723398
C0_primaria_5pb,exceso_mensual,2025-03:r_sis_pp,-3.8551058068866717
C0_primaria_5pb,exceso_mensual,2025-03:r_bench_pp,-8.20666487261007
C0_primaria_5pb,exceso_mensual,2025-04:exceso_pp,-2.0419017148058716
C0_primaria_5pb,exceso_mensual,2025-04:r_sis_pp,-0.8944087311664406
C0_primaria_5pb,exceso_mensual,2025-04:r_bench_pp,1.147492983639431
C0_primaria_5pb,exceso_mensual,2025-05:exceso_pp,-9.615981278631835
C0_primaria_5pb,exceso_mensual,2025-05:r_sis_pp,1.062635427923997
C0_primaria_5pb,exceso_mensual,2025-05:r_bench_pp,10.678616706555832
C0_primaria_5pb,exceso_mensual,2025-06:exceso_pp,-3.038230680539189
C0_primaria_5pb,exceso_mensual,2025-06:r_sis_pp,1.3790801780687811
C0_primaria_5pb,exceso_mensual,2025-06:r_bench_pp,4.41731085860797
C0_primaria_5pb,exceso_mensual,2025-07:exceso_pp,-5.616780711068802
C0_primaria_5pb,exceso_mensual,2025-07:r_sis_pp,-1.0429305396198685
C0_primaria_5pb,exceso_mensual,2025-07:r_bench_pp,4.573850171448934
C0_primaria_5pb,exceso_mensual,2025-08:exceso_pp,-1.5932357333236946
C0_primaria_5pb,exceso_mensual,2025-08:r_sis_pp,-2.041744511757193
C0_primaria_5pb,exceso_mensual,2025-08:r_bench_pp,-0.44850877843349846
C0_primaria_5pb,exceso_mensual,2025-09:exceso_pp,-5.284238455057189
C0_primaria_5pb,exceso_mensual,2025-09:r_sis_pp,4.262518354448108
C0_primaria_5pb,exceso_mensual,2025-09:r_bench_pp,9.546756809505297
C0_primaria_5pb,exceso_mensual,2025-10:exceso_pp,0.32946709214500824
C0_primaria_5pb,exceso_mensual,2025-10:r_sis_pp,6.392084697118361
C0_primaria_5pb,exceso_mensual,2025-10:r_bench_pp,6.062617604973353
C0_primaria_5pb,exceso_mensual,2025-11:exceso_pp,-1.2527933658590507
C0_primaria_5pb,exceso_mensual,2025-11:r_sis_pp,-6.026072373834679
C0_primaria_5pb,exceso_mensual,2025-11:r_bench_pp,-4.773279007975628
C0_primaria_5pb,exceso_mensual,2025-12:exceso_pp,-2.373835169241445
C0_primaria_5pb,exceso_mensual,2025-12:r_sis_pp,-1.784033605207036
C0_primaria_5pb,exceso_mensual,2025-12:r_bench_pp,0.589801564034409
C0_primaria_5pb,exceso_mensual,2026-01:exceso_pp,1.1653054573711685
C0_primaria_5pb,exceso_mensual,2026-01:r_sis_pp,1.0443395641016595
C0_primaria_5pb,exceso_mensual,2026-01:r_bench_pp,-0.12096589326950902
C0_primaria_5pb,exceso_mensual,2026-02:exceso_pp,-0.4687403936469492
C0_primaria_5pb,exceso_mensual,2026-02:r_sis_pp,1.0751291436664978
C0_primaria_5pb,exceso_mensual,2026-02:r_bench_pp,1.543869537313447
C0_primaria_5pb,exceso_mensual,2026-03:exceso_pp,1.9734743678576083
C0_primaria_5pb,exceso_mensual,2026-03:r_sis_pp,-4.211367906293528
C0_primaria_5pb,exceso_mensual,2026-03:r_bench_pp,-6.184842274151137
C0_primaria_5pb,exceso_mensual,2026-04:exceso_pp,-1.543826933104686
C0_primaria_5pb,exceso_mensual,2026-04:r_sis_pp,9.568086447794698
C0_primaria_5pb,exceso_mensual,2026-04:r_bench_pp,11.111913380899384
C0_primaria_5pb,exceso_mensual,2026-05:exceso_pp,-3.064930504574992
C0_primaria_5pb,exceso_mensual,2026-05:r_sis_pp,7.976808243093325
C0_primaria_5pb,exceso_mensual,2026-05:r_bench_pp,11.041738747668317
C0_primaria_5pb,exceso_mensual,2026-06:exceso_pp,-5.150304739268208
C0_primaria_5pb,exceso_mensual,2026-06:r_sis_pp,-2.5585863330876313
C0_primaria_5pb,exceso_mensual,2026-06:r_bench_pp,2.5917184061805765
C0_primaria_5pb,exceso_mensual,2026-07:exceso_pp,3.2996713717797888
C0_primaria_5pb,exceso_mensual,2026-07:r_sis_pp,-2.4343034568831023
C0_primaria_5pb,exceso_mensual,2026-07:r_bench_pp,-5.733974828662891
C0_primaria_5pb,exceso_mensual,2026-08:exceso_pp,-4.51752707764248
C0_primaria_5pb,exceso_mensual,2026-08:r_sis_pp,0.7816989208135006
C0_primaria_5pb,exceso_mensual,2026-08:r_bench_pp,5.299225998455981
C0_primaria_5pb,mejores_meses,2022-09:exceso_pp,7.548380225135287
C0_primaria_5pb,mejores_meses,2025-03:exceso_pp,4.351559065723398
C0_primaria_5pb,mejores_meses,2025-02:exceso_pp,3.7955002282874406
C0_primaria_5pb,mejores_meses,2026-07:exceso_pp,3.2996713717797888
C0_primaria_5pb,mejores_meses,2022-08:exceso_pp,3.2992493633603237
C0_primaria_5pb,peores_meses,2023-11:exceso_pp,-9.655527620219617
C0_primaria_5pb,peores_meses,2025-05:exceso_pp,-9.615981278631835
C0_primaria_5pb,peores_meses,2022-07:exceso_pp,-9.308175861835455
C0_primaria_5pb,peores_meses,2024-11:exceso_pp,-6.704526441101
C0_primaria_5pb,peores_meses,2024-08:exceso_pp,-6.334247455443565
C0_primaria_5pb,conteo_meses,exceso_gt_0_n,16
C0_primaria_5pb,conteo_meses,exceso_lt_0_n,35
C0_primaria_5pb,conteo_meses,total_n,51
C0_primaria_5pb,exceso_anual,2022:r_sis_pp,-6.62939056254187
C0_primaria_5pb,exceso_anual,2022:r_bench_pp,-0.30046423947036605
C0_primaria_5pb,exceso_anual,2022:exceso_pp,-6.328926323071505
C0_primaria_5pb,log_gap,2022:2022-12-30:log_adimensional,-0.06558439899579911
C0_primaria_5pb,log_gap_aporte_anual,2022:log_adimensional,-0.06558439899579911
C0_primaria_5pb,exceso_anual,2023:r_sis_pp,15.94669649523357
C0_primaria_5pb,exceso_anual,2023:r_bench_pp,43.80311901142206
C0_primaria_5pb,exceso_anual,2023:exceso_pp,-27.856422516188495
C0_primaria_5pb,log_gap,2023:2023-12-29:log_adimensional,-0.2808989614481613
C0_primaria_5pb,log_gap_aporte_anual,2023:log_adimensional,-0.2153145624523622
C0_primaria_5pb,exceso_anual,2024:r_sis_pp,23.188450706708498
C0_primaria_5pb,exceso_anual,2024:r_bench_pp,50.91609460834255
C0_primaria_5pb,exceso_anual,2024:exceso_pp,-27.727643901634046
C0_primaria_5pb,log_gap,2024:2024-12-31:log_adimensional,-0.4839076765373266
C0_primaria_5pb,log_gap_aporte_anual,2024:log_adimensional,-0.2030087150891653
C0_primaria_5pb,exceso_anual,2025:r_sis_pp,0.497861134280031
C0_primaria_5pb,exceso_anual,2025:r_bench_pp,31.442352129512784
C0_primaria_5pb,exceso_anual,2025:exceso_pp,-30.944490995232755
C0_primaria_5pb,log_gap,2025:2025-12-31:log_adimensional,-0.7523396001610371
C0_primaria_5pb,log_gap_aporte_anual,2025:log_adimensional,-0.2684319236237105
C0_primaria_5pb,exceso_anual,2026:r_sis_pp,10.893790691275228
C0_primaria_5pb,exceso_anual,2026:r_bench_pp,19.54753179578701
C0_primaria_5pb,exceso_anual,2026:exceso_pp,-8.65374110451178
C0_primaria_5pb,log_gap,2026:2026-08-27:log_adimensional,-0.8274807454331018
C0_primaria_5pb,log_gap_aporte_anual,2026:log_adimensional,-0.07514114527206472
C0_primaria_5pb,log_gap,final:2026-08-27:log_adimensional,-0.8274807454331018
C0_primaria_5pb,gap_max,2022-10-12:gap_pp,3.8076693549843887
C0_primaria_5pb,gap_min,2026-08-17:gap_pp,-197.05653395311535
C0_primaria_5pb,inicio_apertura,definicion,Primera fecha desde la cual el gap ya no vuelve a ser >= 0 hasta el final.
C0_primaria_5pb,inicio_apertura,gap_pp_siempre_negativo_desde_fecha,2022-10-21
C0_primaria_5pb,inicio_apertura,primer_gap_le_-5.0_pp,2022-07-20
C0_primaria_5pb,inicio_apertura,primer_gap_le_-10.0_pp,2022-08-04
C0_primaria_5pb,inicio_apertura,primer_gap_le_-20.0_pp,2023-05-18
C0_primaria_5pb,alrededor_dd,pico_sistema:2025-11-03:gap_pp,-152.53854803393872
C0_primaria_5pb,alrededor_dd,valle_sistema:2026-03-09:gap_pp,-155.5965701362448
C0_primaria_5pb,alrededor_dd,recuperacion_sistema:2026-05-06:gap_pp,-162.86004921643473
C0_primaria_5pb,alrededor_dd,pico_benchmark:2025-02-18:gap_pp,-105.41714443438141
C0_primaria_5pb,alrededor_dd,valle_benchmark:2025-04-07:gap_pp,-51.677735578433584
C0_primaria_5pb,alrededor_dd,recuperacion_benchmark:2025-07-16:gap_pp,-112.76906521000598
