dia,B2_primaria_5pb,S2_primaria_5pb,C0_primaria_5pb,B2_todas_las_barras_5pb,S2_todas_las_barras_5pb,B2_sensibilidad_10pb,S2_sensibilidad_10pb,benchmark_5pb
2022-06-14,100.0,100.0,100.0,99.9280241651553,99.84673668842531,100.0,100.0,99.21925469561359
2022-06-15,100.0,100.0,100.0,100.77931133341977,100.46358306394612,100.0,100.0,100.77724392944762
2022-06-16,100.0,100.0,100.0,100.75150078191983,100.13464612706005,100.0,100.0,97.61837854849387
2022-06-17,100.0,100.0,100.0,98.8871036193738,97.92275845134525,100.0,100.0,97.42128849171466
2022-06-20,100.0,100.0,100.0,99.17306659320313,98.1069673056012,100.0,100.0,97.54129148488242
2022-06-21,100.0,100.0,100.0,100.36037601703269,99.20724256524186,100.0,100.0,99.14824712973956
2022-06-22,100.0,100.0,100.0,98.7560250034906,98.25387895026695,100.0,100.0,98.32274086488644
2022-06-23,100.0,100.0,100.0,98.85299067769024,98.11910247464353,100.0,100.0,98.77359938863846
2022-06-24,100.0,100.0,100.0,101.06020126909276,100.48537145816012,100.0,100.0,101.59254205538379
2022-06-27,100.0,100.0,100.0,102.61982656662482,101.02764167043132,100.0,100.0,101.38640157808815
2022-06-28,100.0,100.0,100.0,102.445473296975,100.79777248187172,100.0,100.0,100.37073952464716
2022-06-29,100.0,100.0,100.0,101.17567892474287,99.81739517485097,100.0,100.0,99.72766708962797
2022-06-30,100.0,100.0,100.0,99.73163067586988,98.3782297763539,100.0,100.0,98.83924454463286
2022-07-01,100.0,100.0,100.0,99.50889440138772,98.48727580867835,100.0,100.0,98.80084740902126
2022-07-04,100.0,100.0,100.0,100.2173084873278,98.4523085800162,100.0,100.0,98.91141505382751
2022-07-05,100.0,100.0,100.0,99.66853128169699,97.4607113540515,100.0,100.0,99.4900171855964
2022-07-06,100.0,100.0,100.0,100.30162974634575,98.65641646897821,100.0,100.0,100.74309850762475
2022-07-07,100.0,100.0,100.0,102.28294431036764,100.39555151331538,100.0,100.0,103.14837434386762
2022-07-08,100.0,100.0,100.0,103.51519367251447,101.6455530202894,100.0,100.0,103.76582154090686
2022-07-11,99.93960547709536,100.0,100.0,102.26208470681853,100.46034233162557,99.92966083896499,100.0,102.21591408583177
2022-07-12,99.93960547709536,100.0,100.0,101.34761831170351,99.89028730180544,99.92966083896499,100.0,101.89019405870796
2022-07-13,99.93960547709536,100.0,100.0,100.72996272955805,99.75430977020153,99.92966083896499,100.0,101.27053905079802
2022-07-14,99.93960547709536,100.0,100.0,100.26702616806638,99.26130479407877,99.92966083896499,100.0,100.8054183740646
2022-07-15,99.93960547709536,100.0,100.0,99.7925411339995,99.011633452288,99.92966083896499,100.0,102.42531458522208
2022-07-18,99.93960547709536,100.0,100.0,99.90810950921498,99.18457654379658,99.92966083896499,100.0,102.5907260795319
2022-07-19,99.93960547709536,100.0,100.0,100.86103963033118,99.81232291157444,99.92966083896499,100.0,104.1523010159932
2022-07-20,99.80613737004784,100.0,100.0,103.73056781116861,101.7829668884001,99.79127619056905,100.0,105.8372363429218
2022-07-21,99.52018892050025,100.0,100.0,103.30241898838848,101.63531527876724,99.5007072174165,100.0,106.57168737760698
2022-07-22,99.52018892050025,100.0,100.0,103.75492522062866,102.285871639538,99.5007072174165,100.0,105.61791862641279
2022-07-25,99.52018892050025,100.0,100.0,102.10880199025686,101.4311933151617,99.5007072174165,100.0,105.037370770019
2022-07-26,99.52018892050025,100.0,100.0,102.1700939265459,101.81548844841709,99.5007072174165,100.0,104.05914287770382
2022-07-27,99.52018892050025,100.0,100.0,103.23014412623456,103.01089501411984,99.5007072174165,100.0,106.18286080070891
2022-07-28,99.60987219340633,100.0,100.0,103.87136404647961,102.94148205596846,99.5853531108265,100.0,107.22796731850353
2022-07-29,99.87498812130355,100.0,100.0,104.4727444040571,103.98722193051854,99.83461430163301,100.0,108.0393752473569
2022-08-01,100.22725069912168,100.0,100.0,104.89442634808093,104.68099064348688,100.18508087291231,100.0,107.84684171875996
2022-08-02,100.24600627045895,100.0,100.0,104.54222137149105,104.19752398344933,100.19865579922391,100.0,107.85420003644151
2022-08-03,100.60813493604141,100.0,100.0,106.08534107202065,104.82857405948722,100.55846943628721,100.0,109.80372203961662
2022-08-04,100.34590551101768,100.0,100.0,107.65134047823868,105.45135813796456,100.29158081109846,100.0,110.48111154150666
2022-08-05,100.10177959339761,100.0,100.0,108.07522774097814,105.6589890831447,100.04965929107831,100.0,110.04235064554425
2022-08-08,100.69761207182673,100.0,100.0,107.85585258705015,105.95198074520904,100.64317666703046,100.0,110.2068777256184
2022-08-09,99.85350824724915,100.0,100.0,104.38659290868195,103.80398862781131,99.80237005149934,100.0,108.256996969191
2022-08-10,100.45939182439123,100.0,100.0,105.08138870869996,104.96171421131363,100.40611952675901,100.0,110.25083963350883
2022-08-11,100.43597153073789,100.0,100.0,105.08325806976337,105.17064780799731,100.37904223649106,100.0,109.5802305498354
2022-08-12,101.12598743317338,100.0,100.0,107.35098014512667,106.68224785013703,101.06768444842751,100.0,111.50243470206735
2022-08-15,101.87307440062412,100.0,100.0,108.18970447412867,107.39997737395039,101.80823953058437,100.0,112.42537627723684
2022-08-16,101.88871804877766,100.0,100.0,107.8397297784372,107.33051846865085,101.82456773753668,100.0,112.40580790089383
2022-08-17,101.39083917471787,100.0,100.0,106.9589955403865,106.95061194248794,101.32354952374646,100.0,110.95894928527221
2022-08-18,101.75691318237696,100.0,100.0,106.97239296321892,107.6708440012153,101.68772746149601,100.0,111.25044564069
2022-08-19,101.2024701649705,100.0,100.0,106.71260301355167,107.59052299593179,101.13169206957295,100.0,110.06423064227081
2022-08-22,100.50336491014356,100.0,100.0,105.29152156085819,106.9435615613238,100.43408803131375,100.0,108.27894680670616
2022-08-23,100.28080427632496,100.0,100.0,104.86712812793104,107.34833996955251,100.21114490779021,100.0,108.77030806911267
2022-08-24,100.91657916818268,100.0,100.0,104.90632131651572,107.55118616841712,100.84157800271709,100.0,109.16786219653254
2022-08-25,101.40179938059768,100.0,100.0,106.24848008222625,108.90421560238912,101.32474098662449,100.0,110.36183719759198
2022-08-26,99.73437181602884,100.0,100.0,104.84540918173091,107.09751348681927,99.6603528649177,100.0,107.2721718583984
2022-08-29,98.31733080092386,100.0,100.0,102.25941472409036,105.48703166398565,98.24612233448741,100.0,106.13247578990422
2022-08-30,98.52076703691299,100.0,100.0,102.16385572907389,104.74150191158151,98.45049940453015,100.0,105.22984135943956
2022-08-31,97.67302150907362,100.0,100.0,101.81145921020807,104.12461167992663,97.6005388762178,100.0,104.47488684733001
2022-09-01,96.73039043499332,100.0,100.0,99.1910189229764,102.06020530417679,96.65315938975627,100.0,103.35089954918975
2022-09-02,96.48171166474836,100.0,100.0,99.32989835451029,102.17841675169433,96.40527170342861,100.0,103.63656840083917
2022-09-05,96.77565925372915,100.0,100.0,98.05854177395976,102.00615107125034,96.69851985029916,100.0,103.61340162663369
2022-09-06,96.56054189871824,100.0,100.0,97.47241745216478,101.48030260307657,96.48137756358075,100.0,103.09735572246342
2022-09-07,95.9483640258981,100.0,100.0,96.13401677573178,100.29906250949348,95.86989682898266,100.0,103.69748598906277
2022-09-08,96.63256926814036,100.0,100.0,96.47338594067662,100.06147064906601,96.5534097373527,100.0,104.02147634825592
2022-09-09,96.68231012590867,100.0,100.0,98.04805174765629,101.71311877420158,96.60313414533381,100.0,105.85658927721488
2022-09-12,96.60764004165159,100.0,100.0,98.851844510497,101.89021041395492,96.51937235058718,100.0,106.54895838855415
2022-09-13,95.88838202351623,100.0,100.0,97.70750027821707,99.93871697982837,95.80165451689895,100.0,103.15043174767663
2022-09-14,95.79271136877266,100.0,100.0,97.14278418637868,99.64574605955706,95.70613833581977,100.0,104.1249023242536
2022-09-15,95.72379472020562,100.0,100.0,96.91595194714883,99.41504495679081,95.63597768187631,100.0,103.10830512014799
2022-09-16,94.7842370469422,100.0,100.0,94.8591825364422,97.81946269613654,94.68384082624483,100.0,101.86131084480685
2022-09-19,94.75056921470141,100.0,100.0,93.85559315258172,97.09434577697479,94.6503745981779,100.0,101.68746861225803
2022-09-20,94.97579625369225,100.0,100.0,93.40026378636651,96.99607383517123,94.87535187147856,100.0,100.91149010754063
2022-09-21,94.79498704046807,100.0,100.0,93.53222438169033,98.27132098935522,94.68986290321368,100.0,101.01205865025067
2022-09-22,95.06439636491471,100.0,100.0,91.73182528765578,96.54834370902834,94.95928105249519,100.0,99.75835732236345
2022-09-23,94.72586701507832,100.0,100.0,89.98512645206567,93.31770328407755,94.62280928122601,100.0,98.3530601534213
2022-09-26,94.09941235414443,100.0,100.0,89.38743541069081,92.61941817758749,93.98761263379056,100.0,98.17892725842982
2022-09-27,93.84761457295751,100.0,100.0,89.0473304069316,92.20028378354034,93.73445077007213,100.0,98.27643555117494
2022-09-28,93.84761457295751,100.0,100.0,88.66314590783713,90.98191921337782,93.73445077007213,100.0,99.57477152981163
2022-09-29,93.84761457295751,100.0,100.0,86.38676486874618,89.04374692118898,93.73445077007213,100.0,96.99630054157234
2022-09-30,93.84761457295751,100.0,100.0,87.08187815486424,89.50565897625864,93.73445077007213,100.0,96.58872514831369
2022-10-03,93.84761457295751,100.0,100.0,87.53441770066665,89.69663817351756,93.73445077007213,100.0,97.96834250244417
2022-10-04,93.84761457295751,100.0,100.0,90.98578652629126,93.02371997733368,93.73445077007213,100.0,100.65584063496694
2022-10-05,93.84761457295751,100.0,100.0,90.69889446359349,92.53554126813273,93.73445077007213,100.0,100.5809802123881
2022-10-06,93.84761457295751,100.0,100.0,90.0223525190741,92.0037742478545,93.73445077007213,100.0,100.7162213742679
2022-10-07,93.84761457295751,100.0,100.0,88.09970094620718,89.95323503817559,93.73445077007213,100.0,98.49791750971688
2022-10-10,93.84761457295751,100.0,100.0,87.06686088054116,89.25698037932023,93.73445077007213,100.0,97.89251372413756
2022-10-11,93.84761457295751,100.0,100.0,86.5931878493131,88.50815743444711,93.73445077007213,100.0,96.52226922288962
2022-10-12,93.84761457295751,100.0,100.0,86.05138138174748,88.12822881885154,93.73445077007213,100.0,96.19233064501562
2022-10-13,93.84761457295751,100.0,100.0,86.44412504048395,88.81472539815888,93.73445077007213,100.0,97.46789321113596
2022-10-14,93.84761457295751,100.0,100.0,86.29259390442701,88.25728595779076,93.73445077007213,100.0,96.43929258878075
2022-10-17,93.84761457295751,100.0,100.0,87.49413549309271,89.87489808403475,93.73445077007213,100.0,98.28045228737118
2022-10-18,93.84761457295751,100.0,100.0,87.57201506385506,90.13983533052843,93.73445077007213,100.0,98.44441598294222
2022-10-19,93.84761457295751,100.0,100.0,87.7851714170121,90.76716843039382,93.73445077007213,100.0,98.7295887918236
2022-10-20,93.84761457295751,100.0,100.0,87.68277876185012,90.95886086105891,93.73445077007213,100.0,98.78587072753609
2022-10-21,93.84761457295751,100.0,100.0,88.47364435744133,91.22983472311225,93.73445077007213,100.0,100.25436392351774
2022-10-24,93.84761457295751,100.0,100.0,89.48983999055342,92.58086286077638,93.73445077007213,100.0,100.20768728146211
2022-10-25,93.84761457295751,100.0,100.0,90.60817038287013,94.32233153711496,93.73445077007213,100.0,101.95141058304915
2022-10-26,93.84761457295751,100.0,100.0,90.42396440944528,93.90619122993388,93.73445077007213,100.0,101.22814080088823
2022-10-27,93.84761457295751,100.0,100.0,91.0096813181735,94.23358651505582,93.73445077007213,100.0,101.02733309426411
2022-10-28,93.84761457295751,100.0,100.0,91.41063625742767,94.1550652992772,93.73445077007213,100.0,102.33846631720394
2022-10-31,93.84761457295751,100.0,100.0,91.82902375065736,95.24168852196354,93.73445077007213,100.0,102.24213830012611
2022-11-01,93.84761457295751,100.0,100.0,93.11911155375215,97.32519206695302,93.73445077007213,100.0,102.77162881102863
2022-11-02,93.84761457295751,100.0,100.0,93.70690629488814,97.88837362768182,93.73445077007213,100.0,101.33072477212939
2022-11-03,93.84761457295751,100.0,100.0,93.79556222837846,97.5785483763943,93.73445077007213,100.0,100.86264770206854
2022-11-04,93.84761457295751,100.0,100.0,95.33431430461931,98.91929342673347,93.73445077007213,100.0,101.42987558041116
2022-11-07,93.66644965202559,100.0,100.0,95.35573101893648,99.48495042395383,93.53659716266549,100.0,101.35435946415959
2022-11-08,93.91215145092663,100.0,100.0,96.47590137000131,100.73028759564566,93.75876781615902,100.0,102.19516485648738
2022-11-09,93.05533694230495,100.0,100.0,95.73157523956635,99.96396072764908,92.90107849930352,100.0,100.54044895497063
2022-11-10,95.02254473581404,100.0,100.0,97.03753531029965,102.62325487978421,94.86056663563562,100.0,105.0840210465781
2022-11-11,95.03905573506579,99.49039899991202,99.4068507186537,99.82083421221608,104.91598260753673,94.87386729885962,99.4856535458661,105.18724720362972
2022-11-14,94.83882600328475,99.60274777187017,99.3441145201338,99.64058531990023,104.4886723225422,94.70924493544142,99.59468890891647,104.98910798469574
2022-11-15,95.38815224957796,99.4067901548843,99.17917868249346,101.75709440818281,105.97174393885113,95.14521821044046,99.39708830360837,106.2114008922578
2022-11-16,94.16282978141147,99.10789048748939,98.83546779158524,99.84077777877955,105.54029721104514,94.09058170506086,99.16666703955575,104.57327010627735
2022-11-17,94.75128511898714,99.14709620565012,98.73447303114075,99.75952638081061,105.1788437321964,94.7088457685515,99.3269195578984,104.64615009427354
2022-11-18,94.93882544795133,98.96783082995022,98.36344678150813,99.77021366388942,105.29676282200901,95.02544106206742,99.27854566498341,104.76502232753431
2022-11-21,94.2458718595805,98.7793633519177,98.01674246477076,99.19304127388186,105.13869400481222,94.417772401969,99.08350012006667,104.363423106569
2022-11-22,95.05377597210963,98.80642842765505,97.9192679078566,99.37243788253495,106.41432453669346,95.21870755573177,99.09766677437908,105.51922944076513
2022-11-23,95.18690333655755,98.9387286403982,97.97093357430698,99.88886198417212,106.5984409599474,95.33608106197005,99.17814539045395,105.9697080777593
2022-11-24,95.31253813921585,98.78967704995566,97.97480834161968,100.33155773619346,106.7970023734933,95.25734182446448,99.06651594137881,106.05436432034361
2022-11-25,95.4744364603892,98.64444877456079,97.8556352801967,99.83965195529608,106.56372545438417,95.46251715904513,98.99338879347852,105.85953558549318
2022-11-28,93.90748884422946,98.3653918687014,97.88390646974328,98.10313373914556,105.21683046249773,93.90172913958774,98.81635374665586,104.13760436508797
2022-11-29,94.30672491887152,98.43772645319076,97.87888467242828,99.63485397890331,106.4988195224119,94.63957482970554,98.91812089062252,104.78648855855697
2022-11-30,95.28381001730011,99.2798111189533,98.38247983564754,100.11820210887907,108.01741086407507,95.59886802631017,99.75672866327002,106.96546680458158
2022-12-01,95.72794742939568,98.67759811592236,97.81757038315529,101.44685749577233,108.33526836021687,96.1149022380705,99.14312158658525,107.03139988398827
2022-12-02,95.66635721792373,98.52431983069067,97.74839468479536,101.40992291109802,107.51979125613052,95.79338799812182,98.97287898200706,106.3808899485011
2022-12-05,94.24892603615446,97.75492755952003,97.05218150024028,100.94098887819958,106.73863837121044,94.12502293387946,98.20502700319625,104.99792288289105
2022-12-06,93.78808089091461,97.92769118290931,97.31411699419905,100.1212985815365,105.7403133706568,94.26407935147526,98.36404666100498,103.9839416714793
2022-12-07,93.25389475326463,97.16271553120855,95.99789839795189,98.63894149676867,105.00148789932278,93.81683476582452,97.60053134435185,103.21009889549649
2022-12-08,93.43874158121778,98.09973534065746,97.10190013375541,98.95750695323665,105.53514401441792,94.14464364757957,98.53522320309156,103.93317495936485
2022-12-09,94.32216115811615,99.05281441712962,98.2947295035724,100.40945550369331,106.05111484256862,94.97416457495743,99.48256403833923,104.03627802841572
2022-12-12,94.13067955616768,98.34714130751425,97.40846506604846,99.72196994293687,106.130154041216,95.07614134640495,98.77851769823387,104.21556871131361
2022-12-13,94.84963044881148,99.0352500444502,97.49193055836878,100.56043941458816,107.63955253424493,95.32231804384853,99.4594104196532,105.31482668643616
2022-12-14,94.9491207962619,98.7706010587702,97.25621816829795,100.62887024004048,107.94636993390722,95.34271596316806,99.2179119564618,104.65526302188482
2022-12-15,92.64841259223687,97.04795169233958,95.13281095762791,97.80866598125552,105.72494271440785,93.46499331042443,97.64275916483399,101.62784329923298
2022-12-16,92.11430139348322,96.03819612590114,94.35500356038817,96.5979727912562,104.33328093974181,92.79459687970541,96.81314711099446,100.80988253310257
2022-12-19,91.93873812445693,95.48217501414227,93.78849083567003,95.39684822968553,103.49370638733491,92.50112151093799,96.31357730193724,100.27259295634371
2022-12-20,92.48700139164986,95.38975188943306,93.02127096772938,94.35146251819856,103.46859631603482,93.07520816633637,96.16022943743296,100.26708808453199
2022-12-21,93.31384439763445,95.88120243791323,93.57764077990693,95.57652063157124,104.52326429857767,93.65721855653159,96.5315092230896,101.45436810397076
2022-12-22,92.79225180922155,95.94940080154504,93.44876281711544,94.81365440489945,102.94590388245786,92.79666287735179,96.65897867592622,100.07445481126756
2022-12-23,92.65540870252447,95.33788332204539,93.27782440863355,93.95628278618628,102.48277408613669,92.7584460486408,96.04700151701864,99.97818552412684
2022-12-26,92.65540870252447,95.58154415086484,93.27782440863355,93.95628278618628,102.90140620970682,92.7584460486408,96.2896486896083,100.06548788183184
2022-12-27,93.28231611689047,95.81450492597065,93.58873646635986,93.73384170131101,102.31343507346719,93.33074335042298,96.48812242446066,99.63823568329535
2022-12-28,93.0266996818287,95.77743778626242,93.4782833525271,93.27843400075942,102.26762673325014,92.9910434773089,96.48682538960554,98.95746742885858
2022-12-29,93.69565975515593,96.04360816446057,94.00904839239188,94.38066518453762,102.66850456756791,93.61652691217417,96.5610550945992,100.28425907146563
2022-12-30,92.84142895897361,95.47379287123243,93.37060943745813,93.78419338967645,102.0735863469349,92.65004425749301,96.0962684237422,99.69953576052963
2023-01-02,94.13240092421586,96.18161353354141,93.37043174418349,94.67645032620757,103.50891244139086,94.0928659989193,96.74550783637005,100.50155666887237
2023-01-03,95.47536878320295,97.45783452817984,94.32436505460001,95.91682716236167,105.26311737329341,95.11313657548575,98.10419525691435,101.24581324129586
2023-01-04,97.11990811851015,98.56872316874768,95.43607889442005,97.71388552204307,106.15715029841135,96.37356973361351,99.2967774296308,102.45633014191304
2023-01-05,97.53516837032099,99.02091177690421,95.60385660196961,97.54906604909806,105.63740091240102,96.50134206545957,99.88691180412334,101.76850360427672
2023-01-06,98.67226849635142,101.15730092227739,97.72023494676762,99.06263560961179,107.52997391910941,97.18063747622833,101.90680577422617,103.8708447468349
2023-01-09,99.33849203859859,100.51198191329543,96.7747943236036,100.71089786072187,109.42625351788986,97.9558400637863,101.41932786314165,104.16133494477194
2023-01-10,99.06054746779652,100.50682579677104,96.40614792148752,100.33294485825873,110.07964687856264,97.52341755903151,101.27630793624165,104.2423375311041
2023-01-11,99.86598560531984,100.59475786274992,96.45402471330135,101.49481017366668,111.49348171256075,97.93350732540424,101.31302592263702,105.15295389936092
2023-01-12,100.49254743172646,100.69847263560001,96.77871277208735,102.45509885326658,112.9107159855153,98.60323847305324,101.25784524228052,105.98011339853952
2023-01-13,101.07797719040133,101.11946949132806,97.25409349772983,103.80151791072943,114.28709408209963,99.23844509571079,101.93000599785039,106.50212625466659
2023-01-16,101.02999193578785,101.16126604804789,97.11379628334171,103.22195369317248,114.20816148899758,99.13931264261443,101.9126290481069,106.4527778051558
2023-01-17,101.33090331668475,101.6953443840638,97.64330134762886,104.5611154237192,115.49057044198348,99.48714732076847,102.48029145493425,106.91532642550881
2023-01-18,101.28091162195201,101.33545118241658,97.8819709321991,105.31105753106344,116.05470779974969,99.51133398131259,102.48306173659378,106.65881027452933
2023-01-19,100.2697695224134,100.82617665033362,97.2750608373984,103.64504980650275,113.98516031216303,98.90353963071591,101.83334373133866,105.3807570997344
2023-01-20,101.51516331834914,102.50270084970899,98.78314145023684,105.38892305431986,115.50976692873725,100.0193142810594,103.52217074614236,107.04343697835958
2023-01-23,102.0502296345015,103.00769732574429,98.83797487749072,106.57902538759187,118.30198189403882,99.8825491634421,103.69031390614892,108.32598531003657
2023-01-24,102.2018338188769,103.14825827601697,99.51886866177267,107.40476571936553,118.53877152157905,99.93935655139869,104.12254278070931,108.36260365723187
2023-01-25,102.01376027529751,103.2307955082383,99.73762228327097,107.18292986495995,118.23257223156402,99.81631099652031,104.30598576469647,108.10141678588205
2023-01-26,104.03344202082269,103.86968729804316,100.31532476236274,108.45119709495134,119.33614593047793,101.61545312523783,104.879177604625,109.4706227404821
2023-01-27,104.34705796918729,104.13804068680312,100.24472401465138,109.43624397800646,121.17725450562118,101.49489329227173,104.74180516974772,110.01596958498008
2023-01-30,102.97991963157666,102.45266072151907,98.28815001543005,107.92461657175147,119.17374148451141,100.2266784339812,102.71396112958784,108.37108457034876
2023-01-31,103.00075340912258,102.42575338076776,98.43010221487091,107.8201998861289,119.46890806088484,100.02565349027863,103.2258878335085,109.15566849903782
2023-02-01,104.29338510367046,103.12054520919382,99.20462016848492,108.53810288600496,120.57538686179316,100.38901961546264,103.98233954618024,110.16305750028357
2023-02-02,104.74005168485996,103.00560361217501,99.48564403883373,109.93400698279598,124.02731147936512,100.46199467399832,104.06932455054803,111.96046492881804
2023-02-03,104.70941582412301,103.05836241154664,99.66990350970933,110.72483985258425,124.54207360746612,100.33412281528373,103.54309330562069,111.72164149884534
2023-02-06,102.94575688232712,102.34124152975066,99.21918150386887,109.2172464161785,123.46543495995988,98.97400194960795,103.06545421013413,111.21959107001385
2023-02-07,104.32390808945324,103.17079076861384,100.357517522376,110.05686042941258,123.71869328030934,99.2526348421305,104.16305178611687,112.45445450415221
2023-02-08,104.57540687084332,102.51310360862685,99.60160874143612,110.30129479589421,123.45529441388491,98.94767292628617,103.189339754364,111.65778441989345
2023-02-09,105.49740427887153,102.91361102225676,100.29822999462053,111.04519793768979,124.48620960459151,99.78799911260221,103.73341900978473,111.94324416918539
2023-02-10,105.4429296847639,102.37989399898038,99.77698031424652,111.57870718359477,123.52454350774752,98.94086243801308,102.74157690479413,111.46248011553152
2023-02-13,104.64917368328896,102.61833602635141,100.15102898154286,110.70126176262033,123.92470379845695,99.0879519919046,103.6807630052742,112.21896735425416
2023-02-14,104.39314963063867,102.91113246087546,99.88789852449885,111.219293021439,122.9886442047021,98.87519318701247,103.37533950764508,112.62313653676263
2023-02-15,103.7871974423494,103.5613192129642,100.49758050222096,111.12971017426399,123.63719887835276,99.09963002057319,104.36614601472334,113.57494208352215
2023-02-16,104.0070449084805,102.56447410951388,99.88200739540436,111.24911162303451,124.29460238072343,99.20197288182902,103.59260802152643,112.88692203840631
2023-02-17,102.65134760343055,101.28923797239698,99.00938207119083,110.6415065358777,123.37535109878243,98.02677087553124,102.07910260506232,112.25465506740568
2023-02-20,102.77205643186417,101.14734764772619,98.97495696162883,110.64424899079444,123.35046056401136,97.94807702284739,102.13117344535812,111.98468144593441
2023-02-21,101.65610488329946,99.59505881446235,98.00311673573798,108.83555377408578,121.44382954309015,96.63138905101083,100.49895158985831,110.42286856567036
2023-02-22,100.60919690888461,98.80339279264531,97.53056851466305,107.53393746631275,120.63480268125006,96.37207303784932,100.00197626172486,110.22060595686133
2023-02-23,103.34089949405893,100.87566734569869,97.4987263472266,109.05132323704589,121.41978888988672,97.47824538230165,99.7883389389147,111.29759477770997
2023-02-24,103.70063281344635,100.24768798610076,97.8248995672715,110.32784969723414,120.54811250905846,97.21033141388207,99.11014609888227,110.18338245683775
2023-02-27,103.76260168010754,100.88223293880243,98.73318959812637,111.02935411684476,122.11850751746806,97.85526355574731,99.67705922285892,111.13366310163171
2023-02-28,103.31251408756788,100.4112257985499,98.32091529581764,110.24846315571051,121.72194034835213,97.71918677163076,99.32749584242939,110.73536636288179
2023-03-01,104.5834309295844,100.4286058294736,98.36718494312657,110.92000960075062,123.22655862584635,98.46574136362489,99.47587264611514,110.49776602441399
2023-03-02,105.64758960919703,100.87827680140471,98.67751005968806,110.68559894787407,124.04918557524137,99.51304278549348,99.7343066639539,111.37929045279056
2023-03-03,106.7412719050053,101.86827431210759,99.42501460536752,113.06787859195444,126.16726904766278,100.53507760577828,100.65817307475642,112.93137159713744
2023-03-06,107.20239546399614,102.08616110193174,99.3432479980772,113.83394549670278,126.58201723878982,100.85777156702895,100.99224446163082,113.03733106579476
2023-03-07,106.533038773057,101.51410768420274,99.07813510862394,112.55289504669545,125.94223866110899,100.26707852903083,100.51717668395754,111.91233928979167
2023-03-08,107.40711987739888,102.76060358726384,99.50363629416836,113.18429305208282,126.96216840822146,100.75167679008908,101.67814809902245,112.84386738784261
2023-03-09,106.47044836593471,102.36130023251641,98.69828974820032,112.52425835957946,126.28847012921224,100.1230739327676,101.19370794651057,111.76493527487888
2023-03-10,104.0581812121639,101.33752949371303,97.9295550426341,109.50696931102274,122.68302451332987,97.75666856913597,100.12999727298207,109.60058654787908
2023-03-13,102.64487097912021,100.94715415187336,97.12232960665645,108.39767123620723,122.24898288285083,95.7672929570767,99.71904488274598,107.81719512559486
2023-03-14,103.80024626227093,101.90095498482027,97.63367084466162,108.09752136964705,121.69914248485591,96.91396677513666,100.55381397208676,109.33717999234469
2023-03-15,103.04902225770569,103.40387774570357,97.68240450873971,108.53476779639426,121.56730723839073,97.16078218844414,101.68470780175693,108.52977143700764
2023-03-16,104.75847747279326,105.50501571150927,98.54631096067725,110.20919830515226,122.83938901167078,99.45079384708977,103.32884651470691,110.35179225951876
2023-03-17,105.01080234720632,105.60824190746393,98.48585555594728,110.6846065644058,123.88595867228558,98.83063701771295,103.39159041679487,109.52405455806773
2023-03-20,104.64838754520889,104.57681517563454,98.55398458555975,110.13144915783637,122.825805348432,99.19689665158249,102.69559842075739,109.80835967638885
2023-03-21,104.98063392748578,104.43936949395021,98.32443597051542,111.35678927184702,124.34853558671735,99.34337180795112,102.4328887219036,111.17298009685229
2023-03-22,105.04192635512078,104.42043907089969,98.36062639479415,111.54898664138071,124.21252742716395,99.3969340372939,102.5788733607857,110.65671857107984
2023-03-23,105.54224829254555,105.06970284859658,98.88325926406574,113.32435800335803,125.53528524420685,99.81702375493103,103.0840498291656,111.05092147942206
2023-03-24,105.63638836964854,104.84366067918647,98.4728264758789,112.70270746249965,126.03286801165791,99.70210019467483,102.68185389203994,110.80010826593872
2023-03-27,105.09269859747488,104.3379042894085,98.20160464832279,111.8982368238554,124.37924191579053,99.04746914138624,102.30895814021194,110.77929527342742
2023-03-28,104.47123191817845,103.33756657245397,97.38932266717674,111.07305748380685,124.12474594695757,98.54337338565675,101.49678826315241,110.25111025735825
2023-03-29,105.29336425608832,104.10309707310283,97.96061821243333,112.95285998863591,125.84881149632339,99.38816446674541,102.06266884448705,111.92078094329088
2023-03-30,106.0357288752073,104.81234549146204,98.48738856021001,113.95018737656422,126.85805281733356,99.9707924655747,102.66385334839774,112.62977738245847
2023-03-31,107.01723857843035,105.65199464945127,98.9431906092088,115.22059199668124,128.80102802692818,101.12407378780259,103.16843358397985,113.90654439580399
2023-04-03,106.35836344040845,105.15579362767984,98.64239025226662,114.07138224773558,128.9721564023996,100.42258307513545,102.8071959794864,113.92854729250013
2023-04-04,106.2156060538356,104.83128315674645,98.41944613136776,113.58527249115569,127.80079301107192,99.9258805973217,102.52303038764205,113.36075849225071
2023-04-05,106.07993985808169,103.61828176707103,97.76298657092258,112.13917493098016,126.4271724415313,99.29224585203671,101.53399895100894,112.52515408903894
2023-04-06,106.15406658908209,103.71104957799864,97.3535087661316,111.7432791344967,125.93613595564376,99.04306156627283,101.45710998399844,112.74366136689761
2023-04-07,106.15406658908209,103.71104957799864,97.3535087661316,112.06649341599797,126.10299895435699,99.04306156627283,101.45710998399844,112.79737529948295
2023-04-10,106.14579926456011,103.91686213615937,97.37961376670096,112.31326010831143,126.43217343969093,99.06357639010706,101.7006730740843,113.13223475720406
2023-04-11,105.97162365412377,103.78415550387179,97.44596743581542,113.18674998536811,127.71194968411162,99.01505751081787,101.74823211451974,113.5246832891609
2023-04-12,105.41187374995621,103.50984791736226,97.31754931050004,112.29374908380336,126.9171070652525,98.07520816301323,101.41024266703185,113.01393849508037
2023-04-13,105.62096155244099,103.62796621108417,97.52364170351095,112.72278226485798,127.50692522371632,98.18385007577511,101.49821111370805,113.4276761172313
2023-04-14,105.66251199094685,103.66146648913097,97.63071377377446,112.85071028003344,128.59195460762848,98.42227051311038,101.50664698979404,113.59117692470015
2023-04-17,106.21578715916351,103.43736941469956,97.4157331172031,113.09350062260737,128.7946023195729,98.74478252635336,101.19470470483608,113.88171828305926
2023-04-18,106.76234960404297,103.6850950161255,97.50563122362237,113.22881808242596,128.95252630293263,98.99656514301167,101.46468652614571,114.15074237895466
2023-04-19,107.06429441980214,103.06644327475584,96.9444500547269,112.28498229233541,128.2168219348344,98.76517917532634,100.97363222897361,113.88982093704074
2023-04-20,107.06435526507119,102.8399097863797,96.84775811638197,111.35417829566822,127.82450311405509,98.47493999685352,100.84775856266694,113.44999014023335
2023-04-21,107.0494651997343,102.97436723882079,96.91733454689371,111.42402760504953,127.2896713792083,98.51549755725824,100.97624719976672,113.25440344509106
2023-04-24,106.57300099636788,102.5560960471031,96.6143163048234,110.75494731783036,125.96219478512182,98.16582634350758,100.59414816926899,112.77877640788294
2023-04-25,105.50360890910622,102.10607436959303,96.67367892531593,108.21033503813781,124.13637426542718,97.25270053048354,100.1285386743407,111.30824762992539
2023-04-26,105.77732803317458,101.65075435178292,96.20288777547758,108.04408070419807,124.4361912050525,97.11533434005953,99.6363868211478,110.98668040893742
2023-04-27,106.82139276363588,102.08308072633892,96.53321430543865,107.60429875435172,124.52543367009812,99.29024827466854,100.03789462806496,112.01527250112989
2023-04-28,107.16907297433637,102.4375329812067,96.77192194244914,108.72387353402615,125.01557033569067,100.17338237340732,100.16492277254243,112.91484416769183
2023-05-01,107.36177041953843,102.4970755302942,96.47057517310024,108.95276565635524,125.05130223821006,99.89891715411213,99.96523448995373,112.97275670223459
2023-05-02,106.54960623595203,102.37861454647417,96.15466550028607,107.5252209466049,123.20063479258062,98.70659075018315,99.88437951636533,111.97895861220906
2023-05-03,106.11925821932545,102.25635683345008,96.02912763226735,106.70869193392724,122.69992156389048,98.4628639884706,99.70111367366586,111.31611760186229
2023-05-04,105.23571822892083,102.07595301422016,96.09306019007086,107.15993703108522,122.96983774431756,98.05024830111086,99.39596378898285,110.90022026162552
2023-05-05,107.23825709114169,103.18050626250962,96.86749936624453,109.65436762039444,124.81198792741436,98.93177126682846,100.39899724133154,113.0161594882543
2023-05-08,107.50425999718229,103.2096399722376,96.91328245914423,109.68331745388858,124.73703901915184,98.65875809195049,100.29770967931495,113.41481447832773
2023-05-09,107.01889480741613,103.2660555913443,96.97870050082568,110.25199232812699,126.997510479929,98.96198794591191,100.55393081688773,113.73557297048002
2023-05-10,107.53220787092535,103.43171547177626,97.10177640032958,110.98798604052264,127.04992072784857,98.46185463452227,100.78103042381794,114.25832453215294
2023-05-11,107.42172572404911,103.33177615642248,97.2685040878982,112.06904599658405,127.55669912381704,99.02825812404741,100.65720544370424,114.48281284357016
2023-05-12,107.47176114330821,103.7309744279131,97.36876013603504,112.97635604631475,127.99533685162852,99.51275136940755,100.9872644768875,114.8863131150913
2023-05-15,107.6946498074254,103.67813768326654,97.44439824832587,113.61428496944053,128.66505489276642,99.86681392948678,101.01225582602322,115.41348225465042
2023-05-16,107.96361809159411,103.76791240176155,97.307341458854,114.5260227129328,128.66565358302228,99.75768677946574,101.17982601001884,115.47386834510156
2023-05-17,109.85656611868681,104.35330964547225,98.22182066143206,116.69592655526682,130.61177787665687,100.27976745869063,101.66254644292991,117.22291718306157
2023-05-18,112.5643732996316,105.41897146089399,98.87194362672285,120.31770355468731,133.0284577704316,101.71550928976892,102.83058182766665,119.28696741126288
2023-05-19,112.42772606408052,105.60945066857002,99.02892169662691,119.4746881448082,133.50529539292526,102.14217016208667,102.97752186464473,119.32692561531707
2023-05-22,112.71951773436693,105.17615695084123,99.06163516886815,119.97508689520564,134.86763464254744,102.26240473188876,102.50816751121006,119.72988690724134
2023-05-23,111.44092384581205,103.95327732888298,97.93866127825875,117.70085165753824,133.64095229023044,101.16782618313405,101.46919684451032,118.86795027531261
2023-05-24,109.6628619101464,102.78165990034036,97.48541643844788,116.53063437758992,132.208856028186,99.67739893534232,100.25833203662278,117.73078265749861
2023-05-25,114.26558477912772,103.29542772437861,98.17144736485372,120.40094859379127,132.05226197157126,101.68579017689979,100.78037135951186,119.82536111194901
2023-05-26,117.01113126809383,104.3586472255062,99.42770020383334,123.2901502246694,134.84417818810707,103.69962754685925,101.675570827442,122.51354059863134
2023-05-29,117.40171726958022,104.18700184728186,99.1782777478317,122.81629751259216,135.27020212753717,103.86706354259616,101.4754538696282,122.624173496146
2023-05-30,117.89877300607452,103.83582146446244,99.42625494683054,124.07589473438514,135.60811135767383,103.87538892028074,101.13031107679993,122.78978202676034
2023-05-31,116.57456041459353,102.7783064877017,98.46006046119888,122.86471881899774,134.39483431351724,102.59675641712171,100.30138414689844,121.77169351305972
2023-06-01,117.54127180890357,103.4829641442234,99.41947227094994,124.28468873220379,135.77449698319296,103.60460352717698,100.97890344372655,122.88136337507503
2023-06-02,118.88785342625279,104.46985284950792,100.27289771412822,125.88562293038844,137.75249560663926,105.06825067858085,101.91043261552211,124.08131366485051
2023-06-05,119.52617728266131,104.0228630855253,100.06355324144214,126.7830927103371,138.50164029499066,105.54783206129046,101.81742973942598,124.25910511673719
2023-06-06,119.82974376873679,104.90477339799014,101.0314258502351,127.60997980414095,138.87280065691522,106.14084971845242,102.79797144480132,124.54760124186923
2023-06-07,118.19284118582571,103.82578155173728,99.62754162648584,126.20345658588055,137.4651232696373,105.14156444139644,101.08122726243394,123.42113583438726
2023-06-08,118.3655193975349,104.17587446061087,99.7969477492578,126.21354304387049,137.12214105333405,104.8931331823904,101.54820058853424,124.01330276509397
2023-06-09,118.92080016158215,104.94848957761391,100.19048511708498,126.20414885395755,136.99562868176142,105.66390258273293,102.33214762083927,124.26059473328675
2023-06-12,120.64104896386696,106.31856689475012,101.82753096567698,127.72257302271697,138.42347488391863,107.04232986565516,103.89957749947123,125.81549182774789
2023-06-13,121.67191255204118,107.12134880456384,102.61166386882748,128.40804018359879,139.43391886631196,108.49038142912659,104.72150562801788,126.724665229094
2023-06-14,122.5962961819343,108.089981540506,103.91660656254858,129.5478624200122,140.39647871778925,108.81997419978204,105.70489307704736,127.50365587033134
2023-06-15,122.55343432774362,107.91563083282503,103.98344510929694,129.7655934334278,141.21330106355512,108.5014488929221,105.4412253706311,127.99966986532156
2023-06-16,121.21085187408092,106.70394819848042,103.10177277655089,128.5309649533945,140.5488013618268,107.75775305764579,104.55612113852241,126.88311653221349
2023-06-19,121.11347685992608,106.44974927099665,103.1932815885733,128.25733309146005,140.20236569912683,107.26187325401784,104.39827203336716,126.73522129627604
2023-06-20,120.68841647633299,106.5913082387965,102.37417798477246,128.17160606875206,139.33290494661998,106.94062153891521,104.22277758240017,126.09940111859399
2023-06-21,119.38920798147927,105.07203523325248,101.31439695083928,127.37434109259208,138.12215705865285,106.16022595362713,102.52322887568171,124.95670255023694
2023-06-22,119.2754238393241,104.18381715528429,100.05256434669695,126.16820312591588,136.38555989969967,105.06314916817992,102.09805096072029,124.26941424797234
2023-06-23,118.30057383257639,103.39791393427792,99.83106801742385,125.02692459746827,136.4663288559054,104.32921642916493,101.07017912622875,123.31556115648006
2023-06-26,117.70000608748575,102.74202340374346,99.95792770522894,124.60690502576439,136.15866306950977,103.61746588832912,100.6035011926577,122.73719591636734
2023-06-27,118.30961875597407,103.58508482072517,100.09438357482487,124.83217502758124,137.4534034736821,103.3946880261829,101.49927781231365,123.78098040524988
2023-06-28,119.48465105890848,104.45997523274035,100.80387496253354,125.80097143708483,139.10243950214485,104.38753466646477,102.29432242069262,124.68934802164667
2023-06-29,119.76589544843834,104.55208451040774,100.69544598189275,126.89439378651169,139.96845450756697,104.70803347331676,102.32160723805723,124.95936763301589
2023-06-30,120.99051459906988,105.28571479956774,100.9541707753894,127.42816898174544,141.08775047598348,105.97479910261416,102.74202707376712,126.55037439814099
2023-07-03,121.7460624726294,105.90090201415381,101.54230114490908,129.37528546635096,142.6348414192446,106.45748812825875,103.39074580817078,127.0958172185006
2023-07-04,121.68708633997262,105.55384659858224,101.23238892390678,128.82969641912848,142.36094219884913,106.70367092528663,103.14851502121437,126.97041205965422
2023-07-05,121.23216569758446,105.95005709892007,101.54606070096743,129.24520822428727,142.069986074881,106.66914489600796,103.36850018994296,126.69828712746236
2023-07-06,118.36660009634556,103.83937405194683,98.94136484270692,127.01332601167053,138.73086220583832,104.2106289523604,101.27818091539535,124.18097144967516
2023-07-07,118.41434093953262,103.8561858568852,99.44705299114378,126.77037159600557,138.499739472338,104.11673154677898,101.35470926736565,124.26029266937853
2023-07-10,118.29948037109143,104.51563525868973,99.69677069422764,126.50817634445049,139.02602298896284,103.78439334080136,101.94049772563416,124.47286829039992
2023-07-11,118.93564426741202,105.15294143515813,100.16402867144436,127.0529446729532,140.16669195725703,104.83310646793447,102.49119534407076,125.38734980129126
2023-07-12,119.36984830972428,105.6932427161365,100.73367062871948,126.63989199213661,140.44478350536664,104.85933247737816,102.96566773137967,126.2403399478894
2023-07-13,119.81463777990888,105.8074919280514,100.8215734154543,127.9168549598555,141.47770570864145,105.5724696108483,103.16139423290294,127.19572397385137
2023-07-14,120.00431953675789,104.95309767376027,100.38574364829003,128.73621582260472,140.66379046658514,105.40199756559976,102.64296700725937,126.84333827876273
2023-07-17,120.04351529065353,105.56602321572525,100.90812561587599,128.2368812386286,141.6939082763391,105.64118928514341,102.9577249442535,127.26124557215913
2023-07-18,120.40162730669184,106.10748584393721,101.3407835295876,128.1358500138313,141.6043886757705,106.40913615541017,103.27462226078761,127.6867835344706
2023-07-19,121.2678864211521,106.57994346131781,101.44213845944614,129.36152311444027,142.9089521743674,106.91638433547008,103.93013854791926,128.00528199109252
2023-07-20,118.75343323101812,104.42429493888012,99.07522286169322,127.27709356015124,141.27450333187042,106.44851714261749,101.68728987883276,126.59095051298357
2023-07-21,117.88233073593781,104.65892238972168,99.0634830297827,126.32082514581433,141.34921184008843,105.48872980899533,101.56865417691448,126.71973873069113
2023-07-24,118.8352837638706,104.98455397835475,99.12986713305742,127.30211096041594,142.24310189732395,106.41068271761134,101.89213947239071,127.2947433042518
2023-07-25,119.71913165328871,105.1549360386784,99.00610329792137,128.10848321240218,143.78193300742262,107.01176424168422,102.38079701202317,128.11711203696018
2023-07-26,118.9983234672062,106.21276585197567,99.62963033597765,128.21126387036014,143.24040125318686,108.27385614676676,103.09522180637414,128.07587618092052
2023-07-27,118.73446487843498,107.1204261253811,100.89953930888204,129.3067459375179,143.32219637959437,109.1674182730089,103.48085136705566,128.539546256123
2023-07-28,120.49766922415984,107.92639916124165,102.34229920134025,131.2847710666843,146.53514381339016,110.29195112402344,104.42617462235948,130.78893904792795
2023-07-31,121.86858439710457,109.311364920458,103.06477440372161,132.60767531079452,148.23703521076916,110.10644444916878,105.53479654358351,131.3470904980896
2023-08-01,122.40029053418617,108.96962108928739,102.10224297130235,134.20449147808424,149.553593388871,110.23305212582758,105.08413871090573,131.31268442269942
2023-08-02,119.1014669251668,106.96885434836842,101.26065143124467,131.42531122987162,147.3939157428686,107.9178993683221,103.86854400028528,128.75591647347883
2023-08-03,117.60967443478746,104.76677232833602,99.65936496772049,130.55117189406795,146.14874486686722,107.92069437969734,102.8272129509167,128.4310810708787
2023-08-04,118.65854630528867,105.23650747474642,99.81744406985325,131.91065858443716,146.42183051526288,109.40352406696499,103.15461975196672,128.48597462800572
2023-08-07,118.57903319400627,105.41290504674036,100.23303425007396,131.37081685722242,146.10567359591394,109.76114082394481,103.18279111045672,128.71874038873815
2023-08-08,117.6721502620711,105.09075186168822,100.16305033386492,129.97521361041723,146.41207996557787,108.50287271660864,102.89129318631218,127.92691292239988
2023-08-09,116.53020146271744,105.51962203895397,100.18442321969935,129.6736839414817,145.19680147709389,108.50047030127786,103.1251349674565,127.08409265609409
2023-08-10,116.55198758476304,105.76877333144141,100.47681629201189,128.40051991007184,143.82764209295593,108.83010844374854,103.39848970258379,127.56443331254795
2023-08-11,115.77187866532806,105.44008810187971,100.1471997875231,127.58489660858262,142.32820469828835,108.42974253533342,102.934542634027,126.61261914453392
2023-08-14,116.63749708389184,105.90471720800456,100.62067494581429,128.0111252531572,142.45351749365733,108.27744185850906,103.3341971937582,127.98413948105332
2023-08-15,116.15355372050631,105.51995953289521,100.35347057768655,127.10859357229587,141.96215876528922,107.86229361217696,103.09841661301972,126.91198860254897
2023-08-16,115.08327173630329,105.19330257316359,100.13395525628664,125.82644685323845,140.4493794820866,107.09382515306054,102.74726565097747,126.11787827980561
2023-08-17,115.08989744814171,104.60714578320174,99.73938487603732,124.58878029283443,139.48047525823324,106.66363382403455,101.9964400297271,124.59680529912296
2023-08-18,115.16298305034725,104.57956370361752,99.8774314672917,124.98550814695855,139.57680218568302,106.62708501490687,102.00026957174786,124.6071875189583
2023-08-21,115.11431276849997,104.40641042375998,100.03638234607524,124.95967845015004,138.8132000430909,106.80524846460541,101.83486582550967,125.5642724538739
2023-08-22,115.70158353462105,104.93906041012198,100.18801461299014,127.02834917479377,140.0278538890459,107.26405031275978,102.34320180612254,126.16600936025024
2023-08-23,116.4710895626175,105.47030601635218,100.34125297272278,128.54540306278238,142.44677635264352,107.95661584123157,102.83857802337354,127.96964708709365
2023-08-24,116.22470222829504,105.60527434547473,100.19092896123655,128.35172692002408,140.91564101694215,107.5738175724227,102.9449497016242,126.12570471448778
2023-08-25,115.53691970077,105.10978387104977,100.04550936959527,126.19422625855428,138.8648546279998,106.92585193086992,102.45310104895592,126.24672650634335
2023-08-28,116.81037364811726,105.71099385313798,100.50205217604842,127.92506396134814,140.72214535028215,108.07849975296939,102.92114814420678,127.46852132125429
2023-08-29,118.25481012296328,106.31246283124254,100.95788828670354,129.27673332849022,142.58985353309734,109.20040529954053,103.47428778481955,129.50645008715992
2023-08-30,118.71897216591796,106.55257900690012,100.9877736125442,130.03676852435717,144.41225131831357,109.8988213819155,103.4910213028095,129.5723646012643
2023-08-31,119.28032902529742,106.85031014461626,101.19951712486821,130.90713727002444,145.19335480700576,110.22106480728442,103.76082853485413,130.08926038708967
2023-09-01,119.52375545009302,107.26919641387245,101.48747924256185,132.1293423883304,146.31269294812626,111.12668335750185,104.1748856564539,130.22572570675405
2023-09-04,119.82137307359726,107.72937490455344,101.94877793709145,133.670636577364,147.11453077322406,111.66494903033896,104.74687635679471,130.67999766311885
2023-09-05,120.4585141121969,107.79675283498844,101.85273072134493,133.37397521149512,147.85417154112184,111.53787879380674,104.36960128643132,131.04824232669557
2023-09-06,120.16518346191963,108.5694712455338,102.38448876267809,134.6734769431876,147.72735619163754,111.89553596084612,105.24322747289945,130.54807881920217
2023-09-07,120.33809614172885,108.64017363911478,102.6960217833915,134.3437391697819,146.82921426677132,111.7205700340606,105.40888236589055,130.25717508936737
2023-09-08,121.08881473545345,108.75271408657761,102.37926688974513,133.93018623532043,146.28558396291183,111.56702687745192,105.47076475318961,130.58241255305506
2023-09-11,121.24767982122671,109.04809074108783,102.17871739176417,132.88712357929103,147.18506494213585,111.98894225408478,105.50234972333257,131.11571738088523
2023-09-12,121.63129384167807,109.19812728681579,102.3575644042398,131.8585051934453,144.8033830050985,111.98954346870482,105.64093713203428,130.40222514693312
2023-09-13,121.54552389865422,109.02670781074333,102.65349925596006,130.49225065289298,143.1768377645445,111.92659283285538,105.44814940918421,130.07800746167462
2023-09-14,123.16479038714519,110.49161510471205,103.65106685750017,131.38754673561118,144.91719651594826,113.10883602563828,106.7120805768699,131.4729262861679
2023-09-15,122.96046715700368,110.38633367126127,103.61796099100509,131.20610465517956,145.5358563000331,112.98614496891722,106.45363277808096,130.88412368343944
2023-09-18,122.83404761509979,110.33946545180572,103.1331303145999,130.21733298078038,145.0364356746125,112.96641573262075,106.31280136883325,130.47898913114037
2023-09-19,122.56119217997797,108.42117517860821,103.30300724002576,129.0199526576961,142.9250722586356,111.81097161124151,104.30109064982484,129.55459797348493
2023-09-20,121.66318689554979,108.07549055552683,102.8719140393736,127.80188935324821,141.17769824485578,111.383820934921,104.00170777049085,129.11542421865136
2023-09-21,120.70215640976491,107.42241130860278,102.23184921395077,125.98110105188269,139.49455964202699,110.41895398229089,103.4829262097829,127.28739504097115
2023-09-22,120.04542447558717,106.55318955051791,102.107793442718,125.35167310862188,139.67890867256997,109.96585007780038,102.63832931380537,127.0968959246516
2023-09-25,119.76150521436686,106.03455453683685,101.40429395763044,125.06400594241025,139.58311322171366,109.65790725689158,102.17353749131617,127.27713831773175
2023-09-26,119.23217900464668,105.95285841304596,100.98745881437938,124.15738696697336,137.95988258020998,109.67865560924947,101.89692903698686,126.12434422661822
2023-09-27,120.17767006641824,106.10362528459987,101.34612573844713,125.90605100227128,140.7525409040393,110.24972459196275,102.23521326813261,127.33079266414578
2023-09-28,121.18327927095787,106.8727265060202,102.19456240358704,126.3256899911235,141.26900506879943,110.9611437198347,102.98788703520691,128.2665152378951
2023-09-29,120.1704248426394,106.3980247104495,101.48788437522016,126.48025604927182,142.2795540424959,110.49087754119098,102.55107058695852,128.07929280937307
2023-10-02,119.62397460553109,106.01620946700214,100.83571239982996,126.66006369932718,143.08766399792043,110.49662074698708,102.44026156948769,128.48803604617865
2023-10-03,119.15656964913022,105.30147205526343,100.15596890527672,125.16106398079067,140.3004152647752,109.72751523281057,101.9034941738513,126.92524737563049
2023-10-04,118.22600229545932,104.7754510220213,99.62664210817832,123.23180586979383,139.48270139276494,109.39050250706508,101.39548092520587,126.74733500993315
2023-10-05,118.00436607695868,104.80225365720051,99.7425483746048,124.43320441150753,140.456575991382,109.50620585143002,101.37286652053419,126.97855249879737
2023-10-06,118.24254671340333,105.28878393584628,100.13707215583374,124.9404869199841,141.3006058040114,110.91248665491607,101.6944891996075,128.49210530169776
2023-10-09,119.07218427791845,105.1356276009488,99.91956386766982,125.1913855101968,142.24530458584627,111.31412332631092,101.54729962570195,129.03057420405486
2023-10-10,119.52178738541281,105.57861701080648,100.40999857954564,127.08068644830688,144.43961463747067,112.08702696391349,101.97140048671261,130.40441664694663
2023-10-11,119.35825098159208,105.50188960668328,100.3397699655689,127.32697110327959,145.46496098919746,112.4677085454949,101.89573334296738,130.6254415151614
2023-10-12,118.99275392172561,105.50972435617292,100.34739056911923,128.39403856272207,147.18713561299165,112.17474150413341,101.90316161147935,131.10291056190826
2023-10-13,118.52470846349408,105.4063498106282,100.27791924196327,127.40714410916507,145.51400581064144,112.01590525324885,101.7978680454514,130.05712510257283
2023-10-16,119.08018162833567,105.2833005758619,100.2503100087426,126.55251681911861,144.8075547599595,112.27243991493596,101.67390745714788,130.46695334870995
2023-10-17,118.91480382982537,105.66553481472143,100.680547728003,127.57688293866909,145.1839405077455,112.57859752715258,102.04032355953316,130.48594222050397
2023-10-18,118.62086195615366,105.68138923273023,100.71593944896414,126.71752098628694,143.8678891801878,111.81894083482571,102.0551974581146,128.86264034578755
2023-10-19,116.88606713478073,105.8755337161992,100.9606672804261,124.89748244098698,142.77256016650847,110.75087841832556,102.24082315497158,128.0352934902077
2023-10-20,114.93265624787732,105.53158718246173,100.58700054015324,122.55375140173945,140.8942400774851,109.3573230990679,101.91086114836712,125.85635481962636
2023-10-23,114.94235963954127,105.49653974155615,100.55178932827455,122.35323029744917,139.87840249465575,109.58251986663672,101.87718573745614,125.93228395332534
2023-10-24,114.76871534922262,105.04402682545285,100.06608751959858,122.76037485468696,140.30213093898257,109.9309947877185,101.44296223544981,126.69037102649845
2023-10-25,114.44167765067456,105.3153491611914,100.36943096598385,121.99055916094063,139.82893876121304,109.26432552463052,101.70309430553442,125.6618858199212
2023-10-26,113.81900173257382,105.50744470060735,100.58265092801295,119.6094813289128,136.82048791404483,108.48385021833246,101.88729575676416,123.88116571641446
2023-10-27,113.5134276696711,105.59139079870707,100.68614046948967,120.85303883203571,138.2473464688065,107.86347275423537,101.9676014656754,123.81665830095076
2023-10-30,114.5586910275045,106.12744785376572,101.04267177073166,121.84526933381457,137.77253647379266,109.28099808526798,102.47671238082322,124.46238674089487
2023-10-31,114.17784646600064,105.51530419445601,100.45990635089164,121.16485756594706,137.02842113875158,109.22286622968033,101.88297689030279,124.64686750715546
2023-11-01,115.62984069080464,105.51530419445601,100.45990635089164,124.09686483607871,140.574149448551,110.8726542396603,101.88297689030279,126.99386245410327
2023-11-02,116.17853131271134,105.51530419445601,100.45990635089164,125.0419362933783,141.97134812922954,111.88236681555304,101.88297689030279,129.17652490393877
2023-11-03,116.12986201056536,105.51530419445601,100.45990635089164,126.97361915120521,142.2097968173815,111.96122224399198,101.88297689030279,129.86495266384577
2023-11-06,116.5271636504595,105.51530419445601,100.45990635089164,128.48788676211032,144.1029227574463,112.39182065733917,101.88297689030279,130.2213350102044
2023-11-07,116.8110958930209,105.51530419445601,100.45990635089164,127.70341568204913,143.93363150962648,112.52231202970246,101.88297689030279,130.93796417626334
2023-11-08,117.46647674598908,105.51530419445601,100.45990635089164,127.56877930839437,143.6233622857779,112.43467236381225,101.88297689030279,131.3281563354504
2023-11-09,116.96882438219949,105.21190721900761,100.09035538856423,131.1381796885612,145.05843048189467,112.21289663358309,101.58852872097735,131.84747997131126
2023-11-10,118.14501760759161,105.2932083390719,100.1893837559817,130.54310284462463,145.00369670350108,113.36038774808523,101.66648998254107,133.15338015526922
2023-11-13,119.07715904544094,105.41994513970974,99.87303797451806,132.37639781445023,146.87706251488243,114.03608507574855,101.78358468453656,133.9128193260407
2023-11-14,119.21744527903118,105.5698243365655,100.07890911986787,133.31215274532542,147.8058107688793,114.31403288516435,101.92691308906767,135.4012037958739
2023-11-15,118.45837292772512,105.19712368977335,100.04912454226485,136.24995422950744,149.39574315809242,113.73645275070987,101.66271550765214,135.21889405539716
2023-11-16,119.2967863515201,104.84145708661308,100.00731833496894,134.53081994575538,148.86292732000638,113.91739991027445,101.26389380228693,134.9137213630301
2023-11-17,119.66467924820404,105.6770722783962,100.71212723216445,134.85018168609437,149.28075116438927,114.30126744907216,102.0751689351702,135.69869118616126
2023-11-20,120.06814948649766,105.86294972945893,100.80709374688277,135.75635127524117,149.9940809661617,114.78929474952717,102.42808573906386,136.47196131014806
2023-11-21,119.3890535940718,105.55684969507627,100.7194655663829,134.64213952944064,148.78221920540366,114.56246038310918,101.8633367922928,135.73525442306428
2023-11-22,119.21729284055978,105.38117938156499,100.48778970714693,134.7052364177899,148.42220598093635,114.44252851438765,101.57785026109862,136.09413507066213
2023-11-23,119.99108288507567,105.65236544224868,100.7970984435094,134.62447957582165,149.02122119688153,115.14112027251846,101.88068673200623,136.41961492379005
2023-11-24,119.69493966819051,105.52023379328286,100.59724047258653,134.7199535396539,149.49898760106996,115.09435671926835,101.7201136916228,136.47887895254303
2023-11-27,119.43049898965761,104.87911811907486,100.0903502637557,134.32426345577906,148.57914708436994,114.99517180666177,101.14992336268006,136.04597187096644
2023-11-28,120.50209328831984,105.21357091076851,100.54134725273414,134.8753331943563,149.24677957309024,116.53453404277934,101.6427617915012,136.64394654609606
2023-11-29,121.49555203178446,105.95486688373028,100.98939156175221,135.11480780145104,149.09030866116834,118.2230090102175,102.29897681600697,137.0243789513112
2023-11-30,121.7638827999664,106.4897714591226,101.27382814683949,136.40238225137261,149.93341068346743,118.58847035944204,102.60520414685136,137.69206373128176
2023-12-01,122.52404786249222,106.62476511876963,101.95437937973459,136.6701390068368,150.33180449136242,119.06238879441557,102.6839221772961,138.93311461699855
2023-12-04,121.82640763356562,105.98663962906589,101.53977803396019,136.10427042877052,148.70298966468283,118.70591224561812,102.08842208933706,138.2724297430166
2023-12-05,120.60760279939528,105.89872242276546,101.43365058810505,134.96747719119026,147.44625185950414,117.41164900952612,101.8855173392976,138.48919994228717
2023-12-06,121.02339082547147,106.24175687440298,101.96538481567046,137.1569554491356,147.73956718737114,117.54966668742301,102.12839531362339,138.5915501038148
2023-12-07,120.5958321463147,106.33982552374542,102.71613435341447,136.47417899256013,147.12608282440453,117.41374589634677,102.33773837228159,139.2214236073838
2023-12-08,121.12603628026115,106.86470652762125,103.53153012825813,136.95875039771695,147.47652653247545,118.19732533665308,103.05412116627753,140.40716370566088
2023-12-11,121.91918457937518,107.82160505672944,105.99083824586664,137.73843237275395,147.31806170275524,119.16182998829716,104.78369155682942,141.3332521234847
2023-12-12,121.9012312612562,108.24128878446263,106.74261378474561,137.79964834657042,147.16690657850165,119.72163392565332,105.07633756281504,141.50277296073227
2023-12-13,122.40675206932777,109.52141012487866,107.40769773093051,138.35826247927326,148.06363142731365,120.965353725432,106.40596140703926,142.80572247212405
2023-12-14,122.43986618121583,109.09478897991266,107.20565358998874,138.6065353038622,146.32452941603373,119.85571274934581,106.29958688337564,142.2059144036591
2023-12-15,122.9651286793115,109.94071967258559,107.4902484049086,138.82768359444958,146.81859433269,119.58588740925873,107.09853407667713,142.60380406824416
2023-12-18,122.00026562955817,109.9228299997919,107.15247948015256,138.09843590855394,147.85075844027637,119.31515838461218,107.17843615320355,142.85716712540204
2023-12-19,122.47220889005168,110.02505834513747,107.59549124342757,138.46887551816883,148.83572292729508,120.36187950198722,107.39449512175784,143.51673140707283
2023-12-20,121.62766623398684,108.45692325275351,106.52568148884068,138.83856406953717,148.7262344595496,118.86827081283175,105.6992629050108,142.6074817783686
2023-12-21,122.56970217525812,109.61625940501503,106.91478851355008,138.79931423961804,148.9677141475291,119.79789470872288,106.73978338811001,143.10975799532838
2023-12-22,122.12169622868763,109.44271986000984,106.75780134196783,138.0541500862383,147.66145921174902,119.30493813635049,106.60783377988308,142.88403211796177
2023-12-25,122.24983535530072,109.55414643325057,106.86674432571601,138.06684506361756,147.88890703771736,119.23605294287496,106.6468106711004,142.9096155620737
2023-12-26,122.24050356931613,110.0446146466399,107.43019142824724,138.40253847208524,147.77015022434634,119.64411207088726,107.15484861441631,143.31143246019872
2023-12-27,122.58952330720483,110.13414975635469,107.62939658834271,139.77522632377065,148.86310623551176,119.56761364197416,107.17692321909395,143.80839487111757
2023-12-28,122.4974628845764,110.38709647965928,107.98405805062339,139.79670212743557,148.31520529102744,119.25398207707447,107.30219937978957,143.47420688162734
2023-12-29,122.28430217306332,110.6218722573147,108.2601371401995,139.25379071991222,148.46352599255,119.29673050876137,107.42876850651743,143.3710420635497
2024-01-02,121.94339952856137,110.35046080506044,108.51937180152926,137.84339628681872,148.3176681047915,118.36216926570664,106.8466509982551,142.27804573250637
2024-01-03,120.35320570250462,109.60592716310724,107.8009381485112,135.62395352527503,146.64729024211087,117.64244885123567,106.12502652287847,141.17878215355105
2024-01-04,119.63154308822904,108.85042449126321,107.51636043253991,134.44984572092702,147.42603326797476,116.76758192851287,105.26460598650988,140.9647696574734
2024-01-05,119.73761102671352,109.17637401598279,108.05970367892593,134.0973388529778,147.5095564205398,117.39627898118263,105.556719051319,141.29487848973463
2024-01-08,120.48774169375562,109.95726066035294,108.60718607341622,134.50789220800675,148.42987290211886,118.8354195341389,106.30153898878767,142.9883821733434
2024-01-09,121.04672480082364,110.21458297669224,108.85912654102697,134.83705967422836,148.42194098126498,119.58153304099017,106.66122046267988,143.23321703349933
2024-01-10,121.77155778906396,110.61815943534737,109.27796845439491,135.29550494324556,149.1550547175605,120.21996368509222,106.8265871513563,143.84277153232122
2024-01-11,121.98326872477972,111.33197280381337,109.14245465729641,136.14687159585952,149.50896876276886,120.43954095944456,107.30092028012481,143.79794729820497
2024-01-12,123.1453459715937,112.17860247095368,109.90151024338324,137.65922639897101,150.17844134782638,121.51822378348736,108.1949822775337,144.8027974422625
2024-01-15,122.73568617337634,111.85750371409003,109.49379497152545,137.0937781344907,149.6016358026454,121.15441059492042,107.92714368328672,144.51575350337708
2024-01-16,122.46947358544811,112.19402905030258,109.53346989228456,136.14402129327408,148.76142817533994,120.57575673221098,108.14359007892821,144.79489380949744
2024-01-17,121.99013994202814,111.85136628314825,109.07104542668664,134.6825644949971,146.62591001823043,119.88030426392264,107.9365795532667,143.7139915260067
2024-01-18,122.33449242419312,112.84740336994128,109.8683046493512,135.92765752745254,148.75271384335602,120.6254330448348,108.61516836765594,145.48601341592402
2024-01-19,124.62844293867175,115.26678432437865,111.42222301593596,136.77687274337023,150.56130412846787,122.34250926544668,111.00131759558538,146.93997929825792
2024-01-22,126.09337255453931,115.92404819305014,112.08506975501302,137.7546083277315,152.80282019951034,123.32616066004316,111.1429354685868,147.9852378705111
2024-01-23,125.86212812905029,115.47722576177124,111.24616183723586,137.6558868306925,153.25100318848587,123.10590384087755,110.73237122021236,147.86721877653127
2024-01-24,126.10997329844125,117.22327535235515,111.64080677617969,140.06360749049585,154.06359116833522,124.02898312485596,112.46950919738272,149.57001082942188
2024-01-25,126.08356034968307,117.31022825879822,112.1150869989607,140.12192870884772,154.57722812052182,124.30431602064075,112.22810474301032,150.07770542846774
2024-01-26,124.42389026369656,117.04237301746399,112.06049671336939,137.85075066163031,153.51136628585732,123.38483362466957,111.9450011561574,149.69244525686173
2024-01-29,126.08121547002153,118.29473282040786,113.01250877025903,139.9256263949271,156.05031816281954,124.6354096252315,113.08967698124235,151.5179762356576
2024-01-30,126.09928917618343,118.37891969855553,112.79140183324976,140.97677216010183,155.34121754300855,124.55573142201888,113.2244116639487,151.3003248162742
2024-01-31,126.13763156912412,117.04971484920843,112.29894589124537,141.0387613246604,154.51889232842194,124.47781805232019,112.82584160553455,149.75873698252985
2024-02-01,126.71392411127084,117.14667675014667,112.27698571201248,140.86754239615655,154.75389508490798,125.2758419649989,112.99998644750298,151.05647647755143
2024-02-02,128.00830957955273,117.44643262566122,113.49661548812342,144.39600340248163,159.12753490499435,126.5136129635412,113.51138734441815,152.79845747058775
2024-02-05,128.13428967512382,117.72804542387343,113.65827888871979,143.98878360509195,159.92874300276142,126.40931627109065,113.96209056108843,153.75909251939842
2024-02-06,130.924119571081,118.91404200837069,115.0511885948501,145.63571210253477,163.8118890036633,127.51070314057942,114.93504141765602,155.3537883707095
2024-02-07,130.7121210221316,120.06676601175363,115.56052392024499,144.02210456199055,163.17961438447315,126.4030484015827,115.9401852344378,156.27496423801824
2024-02-08,130.98259322398295,120.29427014864788,116.51698762363118,145.69937860889974,164.73687686817485,126.53443813695617,116.24242410871966,157.61727541237934
2024-02-09,130.89765758850996,121.15118162964961,116.92091574073771,146.1360803044917,164.98908200734178,126.87021991299856,116.91407167428703,158.293590703371
2024-02-12,131.98953952153008,121.82087905384915,117.63625120279262,147.71152836645308,166.30619213319707,127.3344685173315,117.81928780180868,158.6184214153244
2024-02-13,131.36152846151003,120.6636658740043,115.777999447511,148.23500228798267,166.1234812067274,126.47096302526253,116.26287165060604,157.06037329952267
2024-02-14,132.38336820713795,121.21806119355098,116.09257114896054,149.42071960509824,167.1055632140102,128.06260864312034,117.3413756856827,160.136590269775
2024-02-15,134.77749866694012,120.75942201520999,117.21960867194645,150.92511294779817,166.49460400749552,129.77527071921017,117.34050039560158,161.36725665617578
2024-02-16,135.1546969958195,120.4956699737405,117.93725547350785,151.4260035729829,166.76818876018314,129.50409943257262,118.07426761420317,161.24542536085428
2024-02-19,135.04833192796784,120.1786367849812,117.84371884423564,151.67535315684734,166.06234344139764,129.7240049666334,118.41030877351947,161.13405767946196
2024-02-20,133.60871958888558,118.9124490376871,117.68295533127404,151.14565531890008,164.74019574996973,128.7276757189949,117.06567668218433,159.10777240005186
2024-02-21,131.7244946523882,116.11368390570136,117.3879579093725,150.66228158619535,165.79610592951195,127.32011356071962,114.17936978213079,157.73427246152414
2024-02-22,134.74770503662305,118.17954195910514,118.76212219125617,152.8382416255404,168.95069181538747,130.01119512496012,116.78697528965844,162.19751826350236
2024-02-23,134.4962055711592,117.94816228685163,118.8086389193673,152.86683928666278,168.07930906600964,129.95897487107013,116.47015456264107,162.19208061243515
2024-02-26,134.95335926647542,119.86889261813356,120.74597348991223,154.04668098219003,169.4579673177532,130.1342867854266,117.58224226308047,163.2280943277877
2024-02-27,135.95172731708897,120.36948464680515,121.07733036883317,154.50181128400544,170.94182427758145,130.8471321520765,118.27623938735887,163.83200393215063
2024-02-28,135.1204831513138,121.10710949216268,121.28866340270979,155.00215492808655,170.65794130444652,130.04311189650633,118.36502746043156,163.65349173633925
2024-02-29,135.7914357157685,121.77313117017907,121.92126291344498,155.5819126288408,171.4091040779387,131.27738740529207,118.90241465309191,164.68351962084984
2024-03-01,138.02506306637846,122.11227378220502,123.31630786353693,157.263490868865,173.23582689418268,133.45949408228148,119.18705279099424,167.16646358026114
2024-03-04,137.66511617213249,122.21342530890615,123.8429394366608,156.98477562033136,173.602408109514,133.62463838187196,118.76972630171976,167.64981231757986
2024-03-05,137.38395431201752,121.66294782605969,123.43851334269154,156.31923932136738,172.21622551628442,133.93291753353907,118.38314649740576,165.6576768173501
2024-03-06,139.3687514959879,122.55010564716638,124.16401474747983,158.12854668398205,174.15509244858717,135.75214011367623,118.95655096520406,167.7655694991292
2024-03-07,140.63407119160573,123.84116170689632,125.38938241085518,159.02044894868578,174.89200566103807,136.16143937219937,119.87602086227518,169.39498714789713
2024-03-08,140.04897354278543,122.14726234724829,124.0803282698649,158.75387009399282,174.31268837159638,136.12471778923873,118.26940014970468,167.85349778289634
2024-03-11,137.8313296199966,121.79048490741013,122.69216456289327,156.206847523723,172.5613877176438,134.17259889570983,118.39761085815374,166.05437125895696
2024-03-12,138.80381291184017,122.4151472818341,124.35762190784745,156.14078448718024,175.06730809731317,134.62047924523608,119.02134545841638,168.48089932615608
2024-03-13,138.16838684166575,122.64944476041077,124.55758069287401,156.2461834113537,175.06697499331122,134.25248810753433,119.29527654074603,168.02118661484414
2024-03-14,138.18791932345505,122.86025138081189,124.13341119909758,155.5508365717308,174.58441000860307,134.3377023723748,119.65696421778031,167.2326822485356
2024-03-15,137.24645462543188,121.29263172806985,122.906100000983,154.96056860784105,174.14897142382503,133.2744535192782,118.24592007997276,166.3534792563341
2024-03-18,139.08683012674032,122.31732405613462,123.08178888902492,156.47434215483423,175.9609568630511,135.46024422124893,119.18569222118526,167.78439482307434
2024-03-19,139.81636054681746,122.51209009823158,124.61577175196518,156.58956953366513,176.3733399932729,136.29191697118043,119.66953863317187,168.36926335223635
2024-03-20,140.71062650869428,122.92997311123848,124.99937793618902,157.83468146924662,177.3084951492339,136.68959900107794,120.0789481434547,169.9775029546667
2024-03-21,143.8232379161789,124.20414904153256,126.32830129624139,160.59224429568613,179.51293469288296,139.05320641124268,121.20016286984352,171.90201506161588
2024-03-22,144.26890032005858,125.18700932315217,127.04688017092313,161.39202507139086,179.48801403879003,139.9115557005618,122.07557222241279,172.52887820865033
2024-03-25,144.8828927601625,124.34716294802368,127.11398932968638,161.8789747607081,180.59008164224,140.15834279358972,121.42253734226512,173.00020424598628
2024-03-26,145.09577291125652,124.25720558071825,127.10359082452717,162.12553121941605,180.81297134104028,140.12334608341342,121.2954165273203,172.68041854928057
2024-03-27,144.89678553621306,124.04157321034444,126.89350424400838,162.6510130451327,181.87237018173767,139.71323518559004,121.14208096780041,172.7159049438089
2024-03-28,145.32033151902442,124.2466780673406,127.11270953755547,162.4039515776602,181.51144332079815,140.33984690695394,121.61922188105099,172.88029015900605
2024-03-29,145.57360646476883,124.35347685834877,127.28064478099472,163.43300697710683,181.93433379018944,140.59341760629297,121.72257843199922,173.0911492857311
2024-04-01,144.8614434168913,124.42117302838192,127.04098537172617,162.44292635964257,181.66536621833816,139.0494234456191,121.87199425855992,172.68202051053038
2024-04-02,144.81779568289056,124.6329992649131,126.93012296910551,163.78466332927218,182.35224768405806,139.64693885183922,122.48574260637903,172.42774919192982
2024-04-03,144.9643733030016,124.13565982323615,126.67426146241574,162.87035666959406,181.95236858874475,139.21275439734885,122.19622613295581,172.69411919286932
2024-04-04,144.25172496806132,123.30432547132742,125.65144945202427,161.74460313275185,180.65208304648357,138.390159058023,121.12457993947507,170.71524712788153
2024-04-05,144.43957534304684,123.34670416304225,125.81222446190532,160.64553152946198,179.2049500447111,138.06976631302064,121.25230795144874,170.99246163640595
2024-04-08,144.86885226696037,123.69627305127383,125.94471522364594,161.48875821878144,180.28505224223886,139.27818392961652,121.67051216447065,171.8111891468669
2024-04-09,143.935882948136,123.59839365430804,125.1636669029685,162.32276573151205,180.1142647640936,139.4683931191929,121.20094647486246,170.45342002924272
2024-04-10,144.11797071690066,123.56249489505365,125.18841592078684,162.52501136481436,180.5210384069889,139.16972592441041,121.03672064691075,170.3962278863545
2024-04-11,145.8415369375691,124.84642447662762,126.46513874006146,165.8863788812552,183.3647989772952,140.6232490786241,122.28460642911398,172.67705012584523
2024-04-12,146.37754742200343,124.85512201471917,126.24955050905254,165.14052192004556,182.51699805699636,141.88025813005254,122.26661802576608,171.73706908173386
2024-04-15,145.19703078939915,123.59255852063184,125.38967790311892,163.2438437128445,180.12397367312298,141.09789287680752,120.87156135877063,169.9058833827848
2024-04-16,142.98650091180997,122.72860322011398,124.94082282013075,160.35349051543724,176.847734070802,138.26313757360023,120.22111350173854,168.54494228845593
2024-04-17,142.26702924753533,122.50064536168917,124.37648391329587,158.51764831714848,174.53355442151184,137.46794385402228,119.95113643473287,167.18345170157912
2024-04-18,141.40485814997584,121.9082941965397,124.45220320149008,157.64171828228703,174.0410352710537,136.87054439635062,119.0458218545123,166.6106271430156
2024-04-19,139.8828109946553,120.57177259809654,123.63881335500089,154.4928627367106,170.31882446560147,135.53078573809157,118.21087770129535,163.14257103197366
2024-04-22,139.71324842522216,120.80317605542388,123.76632745089023,154.69714803478317,171.31474424027897,135.3031522970687,118.43175364801778,164.99247134148231
2024-04-23,140.91295166298326,121.12136376406536,124.00896607372052,156.92121025770274,172.21326749530866,136.21357337317855,118.78375132590637,167.53886871604865
2024-04-24,141.6900644411359,121.0939268057362,124.00896607372052,158.40021377041793,174.51660440160387,136.91808543344172,118.90901672912655,167.42420799718522
2024-04-25,141.7715455797945,121.29840482125643,123.36696106451406,155.42065406934665,171.33994402162196,136.9728340676539,118.36068118983319,165.71328956957223
2024-04-26,143.35430273033396,121.77087431017164,123.70109793638744,158.1553464617844,173.97120852840126,139.2081918602309,119.16191240076603,168.65989038185157
2024-04-29,144.00238126631902,121.7122171219812,123.42922677059566,158.16345901359202,174.68826304104945,139.837300578835,119.02536964713204,168.0338794245253
2024-04-30,143.0916393340558,121.23505685876086,122.90299000451306,158.8489027256349,176.5062358125427,139.33415131483528,118.50747517512197,165.8241828152447
2024-05-01,143.00407957340394,121.26520234925924,122.84204589949066,157.4509645705868,175.3660620754715,139.34655452095507,118.52783690614201,165.2815191322443
2024-05-02,144.6092340762055,121.66981479814882,123.07826322373687,159.9434887673623,177.31055537831102,140.1983277881642,118.83007774313428,166.81703715273017
2024-05-03,145.46325252861791,121.69405358767239,123.56402733042336,161.80050988528393,179.47030110012398,141.42290736675218,119.0049976207316,168.3693108733373
2024-05-06,146.22993225471052,122.1407967360989,123.8315392986503,162.7771374605204,180.44759117248046,141.90304185804632,119.615029696927,170.5081995046234
2024-05-07,146.7148208167401,122.27816636638988,123.86929394654791,162.5731892588967,180.6707104881202,142.23775327058044,119.83904742934169,170.37042814746331
2024-05-08,147.46121812144503,122.41526030536691,124.33123608065063,159.959536558265,179.01542999681197,143.73762184883205,120.15565219156987,170.41959963525676
2024-05-09,147.9580129974155,123.42677867727923,124.91183582973248,159.6793886212435,178.53707097431337,144.58606152501432,121.1676992976904,170.69206968965736
2024-05-10,147.95583218515887,123.815870458329,125.32019450044561,159.645420240608,178.0525507298393,144.7582910409042,121.39440677835415,170.81000054789294
2024-05-13,147.99555958419214,123.599056730568,125.11326917967615,159.1835145240956,178.01421507744328,144.71306193962025,121.2183763632677,170.6495476956245
2024-05-14,148.79383712865538,124.38200536810886,125.6393899921443,159.9435325448466,179.23170568637445,145.81230114553912,121.98250662209364,171.39580942119292
2024-05-15,149.18352689960605,125.66755907182163,127.46125809423809,162.0684318034806,182.81743357128457,147.13292348865073,123.23159140841884,173.91161835253232
2024-05-16,148.36843073313028,124.2254791048239,125.93789600399535,161.9688862847916,181.82284706155104,146.19083323485197,122.13144019076367,172.67188172891488
2024-05-17,149.73890441684156,124.35686065222365,125.806748153574,161.44309071381358,180.64022437290316,147.19553370797325,122.42153797863836,173.02428607032041
2024-05-20,149.34188765679306,124.9995777662169,125.95947173292683,163.01127269530573,181.30436956814742,147.58696251535665,123.08610843946033,174.31997162187707
2024-05-21,148.74610075283255,125.22803957691102,125.55672950024153,163.72104305845176,181.7631572882292,147.5144053821646,123.3631199330037,174.02316035689645
2024-05-22,148.35651417309634,125.42930140428774,125.9241579196114,162.12678749462208,181.29928458393857,147.8926444106613,123.5874448679536,173.98059088270128
2024-05-23,146.05084584149674,125.09627568830962,126.21338451164479,162.81706902393407,182.58751755059828,146.18353429809002,123.5488227783973,174.09428656558543
2024-05-24,146.53216402848938,125.57467311644932,126.97347331413013,162.47915388042125,182.02736117706658,147.24066456386075,124.04163410578232,175.30475340391985
2024-05-27,146.7120061257094,126.2521119898013,127.87426885728432,164.2728668261605,184.08240103774185,147.65079772243203,124.72965090105983,176.03060597111386
2024-05-28,146.5007554788931,125.7548070228772,127.82494876562214,163.7202900052292,183.92127020800194,146.66187236824223,124.05963493183343,175.9527265082532
2024-05-29,145.0539088996438,124.73728231493126,127.07776164516189,161.95782013484114,180.93261854546216,145.5185834194094,123.19356594089635,174.48037300606103
2024-05-30,145.87859477667183,124.43399337252983,126.7968896220658,162.12877925210293,180.10741886971766,144.68515838634752,122.82540817829191,173.19470363591142
2024-05-31,145.95304725624138,123.40018786657932,126.14887035915056,162.44100993516412,179.4629535207896,144.7464767390892,122.05022513464483,172.44163426990517
2024-06-03,145.83656052322496,125.0548353573755,127.55892477076927,163.78702477052607,180.843799127049,145.4447351619128,123.61441431961626,173.8753635898695
2024-06-04,145.09431840831635,124.75488765686511,127.74549898165348,163.30044236375397,180.13264659612508,145.06969756812583,123.12208112690939,173.16360000921088
2024-06-05,146.3168332433117,126.7471771010043,129.3028395908178,162.82223201646448,180.80757815954533,147.42182744925472,125.04528217384845,176.3264579221755
2024-06-06,147.63759791322926,126.94471453587195,130.00822886167475,164.30283280415765,182.46821054698415,148.4958556449408,124.79899225755354,177.21797350709036
2024-06-07,146.65876520991225,127.28713035011143,130.15198812271268,163.01302636461466,182.10016991720428,148.6233922089673,125.0473333678449,176.54705637256993
2024-06-10,147.44669544186897,128.59367582001914,131.54478827048888,164.43313387540474,183.50903543420625,150.63080256838956,126.08571357614493,178.9805812710161
2024-06-11,146.95534012301837,129.3391513373951,131.97288119216424,163.75343124727925,182.6188837875261,149.96058617765922,126.73823234930614,178.8246833985364
2024-06-12,147.94603283202076,130.16340341838034,133.1838988023095,164.20204834832134,184.29905660697855,151.31693451020126,128.36499911438645,180.88289460726838
2024-06-13,147.32330237047665,131.2815985604893,132.4076259769359,162.88557599219317,182.5618302399737,150.5493146590628,129.29914262610757,180.2782809219094
2024-06-14,148.24678049619055,131.6607059631496,132.5776280637465,161.35741898702628,181.0259935063141,150.81078901417524,129.3067788827099,181.00981532553436
2024-06-17,149.1300260121345,131.30395737729822,133.5324457262024,159.4505471642017,178.5256353661696,150.56259590303793,129.23110815045408,181.71652245712045
2024-06-18,150.81878977998463,131.7212452259422,133.62895594575988,160.70471263961664,179.142019374074,151.2777949604181,129.89108473731443,183.06278050871026
2024-06-19,150.790737412744,131.68767293895752,133.1811502306127,161.82087069807784,180.06539954738528,151.34868382112714,129.88392637068034,183.22103821853574
2024-06-20,151.4577487955597,131.71371110311378,133.07489735092594,163.47659903072474,181.59644763193378,152.39476892878244,129.75406664730448,183.36027691012185
2024-06-21,149.19742082289505,130.69101054596766,131.80290310515727,161.9032419027673,179.77706310011692,150.84432374758606,128.67489890012564,181.64879450971813
2024-06-24,148.22241157710337,130.56929020156468,132.2132084890854,162.19164221634497,178.75583720621248,150.14433200432566,128.42703798817806,180.27766456850236
2024-06-25,148.54959925924018,130.32674594582903,132.2765994202642,162.82846294306742,180.75875825184374,150.21650935466087,128.41169164667863,181.70905753212566
2024-06-26,148.57083906671434,130.53491472588684,132.4707866607439,164.62297030469503,181.54285071896152,150.47025272206355,128.33320458513805,181.77979572414534
2024-06-27,150.64335122157567,131.0267569516214,133.8222565832507,164.98569898806838,182.71538383736922,150.40838191719106,129.55680853573017,182.0486851634889
2024-06-28,150.64856649381085,131.3807339872623,133.854603878599,165.34706934322975,182.68578128547452,150.28602590412615,129.82984576936389,182.20194034003745
2024-07-01,151.48439328017577,131.41681144616905,133.94829358397482,165.96105497322125,183.23676356471273,149.96043917527214,130.15881762913875,182.61011419284378
2024-07-02,152.77221705636325,131.72286023081378,134.27146549701217,167.78426091431152,183.44636717353535,149.42375597144616,130.73770730523907,183.00217009184254
2024-07-03,153.34266730278975,132.17573336915999,135.02698293004673,169.1049689058357,185.61619269296023,151.0196509498851,131.2165595719321,184.90199159187898
2024-07-04,153.54458071537147,132.80176520938824,135.82750806879247,170.2173604134749,186.01270985665795,151.9528982504891,131.82068561122392,185.24104915325498
2024-07-05,155.32114295721425,132.72769641482057,136.26295220231393,170.36948399338237,186.34220348480036,151.97830430895777,131.72785248511607,185.35710301388616
2024-07-08,156.15884993637835,133.20881332024584,136.45233476193292,169.9202071123178,185.25858432931165,152.5333587075068,132.05601056715795,185.61662843775767
2024-07-09,157.50574107420755,133.34209575011613,136.1271184419219,170.38998681169758,185.39025979118904,153.48072378458897,132.34651136406,185.414422170861
2024-07-10,158.55044875886065,133.2426410627017,136.02080145026443,171.76788518080772,185.94359133388173,153.7003200254866,132.27069144619983,186.50847709532263
2024-07-11,155.38763769504035,131.86878142546564,134.48950299548585,170.97242729830722,184.8767418191547,151.57754586958464,130.9230597276528,184.41696591261407
2024-07-12,156.32163520907088,132.5929422157357,134.92843671856812,171.8917924046929,187.9533257688562,151.5698767141741,131.5119646702765,185.23677776059856
2024-07-15,156.44416221475194,132.4778329733091,135.22502657843498,171.3295371348726,185.97231415363595,151.9715404244109,131.8160459669761,185.69837973687638
2024-07-16,156.70913889351021,133.107259247536,135.6939236211,171.30896551637306,184.20006695838444,151.8396652872005,132.40916382897169,185.6508834825504
2024-07-17,151.9614960923183,131.28494330694002,133.32522215880238,166.6869478926164,181.3235168911438,147.00816684780497,129.65281088644994,181.076229118528
2024-07-18,149.08863610501598,128.8234677519694,130.83398459379112,164.37229351805678,180.66064182522595,145.7901325949978,127.8379199699842,179.36347874325037
2024-07-19,148.2041147205874,127.65564224459646,130.2075918326841,163.80115931011434,179.80207168254088,144.02735502548066,127.03687690666816,178.5573066872613
2024-07-22,149.296598804817,127.93177301273087,130.68034077093432,165.71039559138447,181.3726178917388,145.6173851598274,127.24027644659309,180.2794603659317
2024-07-23,149.70308814645412,129.4456326297468,131.7495108393031,165.15382899327525,181.42486224011586,146.094374501005,128.21255030131806,181.29836598980594
2024-07-24,145.88697104750722,127.93499025828874,130.37141348211094,161.7445894356315,176.50934165693482,141.85332673042222,125.86795054600309,176.55130381675932
2024-07-25,144.07450759287164,127.06048750138117,130.1511652524897,157.1602138830457,171.06944393006836,140.96440060957883,126.12663389874321,174.14641024919302
2024-07-26,144.66327741159836,128.25396062785657,130.73471365784795,158.11133894404517,172.10642453027205,141.52273841272591,127.33304204851524,175.52684626169616
2024-07-29,143.97381772288406,127.47365168120426,130.11858671238065,158.26306956291106,173.47560571117307,140.70245897661547,126.60493032741947,175.44113594990696
2024-07-30,144.1423312970844,127.64190085750886,130.4883682056926,157.97380851140665,173.26455879140633,140.72414863664272,126.76112826906183,173.91690613994967
2024-07-31,145.37537917668507,127.79453821413813,131.28094393780495,162.23764981515188,177.65811096309528,141.62883784899952,127.20122614776147,178.1136944224066
2024-08-01,144.87340801415854,126.37435645178677,130.32781051227752,160.66339768605138,176.74172419568163,140.95363250836712,125.74705505261899,175.05650728328166
2024-08-02,142.74366210391887,124.34081378918356,128.01562084279598,153.0421554135152,168.23030333382712,138.28239608933387,123.47153033102241,168.22879077546963
2024-08-05,138.65569870761664,121.08352021361968,124.37892954591034,146.2724503626548,161.2426328690223,135.11611806269693,119.2746554769438,161.71850455541286
2024-08-06,138.87019801824613,121.0753596348582,124.37892954591034,146.108584604767,161.21091631192604,135.29350735487893,119.26653684261308,165.91943601993583
2024-08-07,139.3430476107272,121.23014616799301,124.37892954591034,148.59778648386265,163.37173272077465,135.80474858415448,119.42052779087422,166.25847418324554
2024-08-08,140.06437395732297,121.45735497805691,124.37892954591034,148.79390864933336,164.33590476375267,136.43589141564166,119.64656877393931,169.74752098733163
2024-08-09,140.43269791820285,121.57511730338899,124.37892954591034,149.6390988099402,165.22504895439937,136.76307422389937,119.76372581454262,171.10335730213947
2024-08-12,140.64677193675743,121.58184577172464,124.37892954591034,150.5591284791293,165.7439939870679,136.95492989856416,119.77041969932942,171.20472246725015
2024-08-13,140.97018464806268,121.45299515337507,124.37892954591034,152.1590995799089,167.50789235589144,137.2051056752731,119.64223135825193,174.82206068274198
2024-08-14,141.12685395057974,121.46796492881732,124.37892954591034,152.57858967798433,168.59164668734255,137.35674234095137,119.65712419078022,175.2947324118578
2024-08-15,141.47836049935162,121.55459927073622,124.37892954591034,154.0171982673928,170.84151070202407,137.74632072364278,119.74331324220404,178.60198468560486
2024-08-16,142.26184360271887,121.51456169152681,124.37892954591034,155.86867984131644,172.55444766906146,138.41263486862647,119.70348145151999,180.12130130518779
2024-08-19,143.0965511041915,121.5201937805857,124.40596074153984,156.36578015960924,173.4885696271706,139.18791376991996,119.70431866953358,181.10644418875674
2024-08-20,141.48617490542154,121.0874643873955,124.44761566875127,155.3579214030793,171.8834561163117,137.7119262257545,119.27326295910856,179.9670771809277
2024-08-21,141.38941821072746,121.08231735022399,124.58002954301062,155.37792673846494,172.5889525769636,137.52131405187507,119.26256621460361,180.44078194795821
2024-08-22,141.49391584174415,120.92824609612178,124.28112360533225,156.38872975738377,173.79506834682422,137.6750029899834,119.11286784872381,179.07573427318937
2024-08-23,142.70879737936178,121.06159405608217,124.21798016321459,157.45008805830437,175.49778998970967,138.67820826434533,119.24237646857641,180.84936015277427
2024-08-26,141.7627688176947,121.0936246111695,123.97797832206317,156.34019445181656,174.26603156273103,137.69797978014944,119.27719022845639,178.90391374244257
2024-08-27,141.46636901186372,121.25997586111654,124.34640960774195,157.11580955259822,175.54208428135615,137.35108922583333,119.4379735277354,179.3249322356205
2024-08-28,141.50601829406554,121.28075394681869,124.4683801913293,157.37554508493787,176.36251470543633,137.59461751499586,119.45714394483578,179.01795438171143
2024-08-29,142.6341505483624,121.82584297302907,124.91669343086458,158.97777142866875,178.1393754908685,138.7078293593784,119.9937965692698,180.1841966537566
2024-08-30,143.78997650365685,122.20107338750633,125.43221396809687,159.93122879084285,179.02630679693914,139.96648125936318,120.36065182860185,181.46066910002355
2024-09-02,143.10251363268677,122.23632402929574,125.39305293284413,159.02649355544312,177.6923517790952,139.36639071602377,120.3823861032267,181.2058898606974
2024-09-03,141.38733546734434,121.16902838610855,124.37671645118327,156.53858647787408,174.99831325561453,137.13531641198696,119.33137443890192,176.89899106888646
2024-09-04,140.43641936775055,120.4230813644251,123.28141667281625,153.64704315005233,173.0179693518907,136.327647626718,118.59776367354358,174.96215776819847
2024-09-05,139.49040398825358,119.4944435928331,122.68080036760105,153.34080577928506,172.61111759601968,135.36327098170239,117.67986526113123,173.7745352188555
2024-09-06,138.13902630447677,118.37328191856295,122.16344187897255,149.86020845546656,168.727358584296,133.97005992923627,116.56599932409432,169.69723705661173
2024-09-09,139.95774667814618,118.50532783812413,122.33477603403462,150.40616799653984,170.04271257862845,135.374977172072,116.6951615824476,172.62793663208308
2024-09-10,142.35003467650898,118.46048004546344,122.27751991613451,151.02198246270478,170.54514568684837,137.6412381216681,116.65132214973988,173.5046617005245
2024-09-11,142.36468589365646,118.54799857846547,122.39236957348028,151.17978875943604,170.61321120439342,137.72036538584686,116.73696940171425,175.46711745017635
2024-09-12,144.3339917479297,119.05974098359987,123.05490333111675,154.0020642747725,174.72002887910622,139.64898271238533,117.23589673716472,178.61267516651017
2024-09-13,143.5667589031161,119.48168278109341,123.46427400637498,155.71118862656215,175.5010300516812,138.9149826006935,117.64939520725011,179.98510473014716
2024-09-16,144.18511026801204,119.58001987644103,123.80171548718447,155.02509099500315,174.6447427621385,139.49063991373941,117.73738421313544,179.4773362362989
2024-09-17,144.21636325314714,120.17855982051668,125.04199243485508,154.49863418970463,174.61771508985962,139.54933413588364,118.32212936884888,179.6680146795176
2024-09-18,143.73759995507672,120.32111160773455,125.19683866804631,154.29731656535424,174.44865492907965,139.08391070851957,118.45850650096934,178.9415864437656
2024-09-19,145.99454225255224,121.07697624622485,126.4816161141567,158.47883645174826,179.16900340400258,141.2653980745222,119.19731398081016,183.24260907332862
2024-09-20,146.23360116831245,120.6711743364892,126.05644879862679,157.98259419700872,178.33685150597827,141.59340899552092,118.79010715850748,182.68850852386979
2024-09-23,147.22343468672213,122.31602430208419,127.8956422356214,159.8421232967758,179.45309136339262,142.5703752215621,120.52985089835207,184.2496799253716
2024-09-24,146.6380836630604,123.11531567696198,128.24180477354804,161.72368010210553,179.98530624080885,142.17855306335042,121.58007022095035,185.6484225174965
2024-09-25,145.88662260869697,122.10016030200774,127.00408525385618,164.04013531557274,179.17983821993718,141.5451172556358,120.80569435394402,184.89751843163685
2024-09-26,147.2577896730287,123.98173487792819,128.7737510870685,168.23279098132207,182.39432570665593,142.602745738644,123.58037588809106,188.03912474655502
2024-09-27,147.47193604461535,124.35646233467172,128.76891490811173,169.9403560974151,183.62763188943993,142.46968156401687,123.51268485359212,188.2690582666177
2024-09-30,146.18192502978246,123.22640810593298,127.80827180675638,166.08944514402975,180.65827274336624,142.52327798844502,122.15423258479896,186.66542625457495
2024-10-01,146.43726253876955,124.20263327059358,128.1935771893001,167.34309702576914,180.96532055187316,142.2886619522354,122.8646402591604,186.46155047189671
2024-10-02,146.00956805255007,124.66439080199233,128.04261848428644,167.245807123571,180.834428829071,142.03937221714372,122.57607232833432,186.99583590124945
2024-10-03,145.8790211252071,124.23846450293338,127.58259571650797,166.84002946349977,180.84739741909584,142.49940970566323,122.15589899607555,187.66626183866165
2024-10-04,147.0100460497912,125.12104560324877,128.99004906740785,169.46165314968044,182.7608291046612,143.97427423872833,123.22543232003807,190.1687033682372
2024-10-07,146.901665681252,125.59273423913491,129.62602549333698,171.2720659700566,183.61482220001452,144.0389020469195,123.91572049974995,190.54610229368706
2024-10-08,148.0288128182683,126.53708867100435,130.45831530199888,168.15226208632885,182.14905390542333,145.42049135838306,124.45808837070125,191.5963982633632
2024-10-09,149.36195272377657,127.79466588352626,131.60085709396859,168.05623232102997,183.47809598776453,146.92974641246028,125.9887415224961,193.30077230514263
2024-10-10,148.72759361509605,127.14570104936966,130.8858626389635,168.48740907066448,182.66810389891126,146.35537963194392,125.53676209361831,193.65155970866616
2024-10-11,149.5479479077157,128.75984844435493,131.6281000656154,168.04945441017256,184.06486420285748,147.52715054660956,127.14964487290649,195.24499993319085
2024-10-14,150.16900319255748,129.75566319262583,132.76853700776718,168.35479895531185,186.2833365900744,147.84064447855428,127.85359526618248,197.2170732537041
2024-10-15,149.05868320135235,129.2911139723017,132.49661006262315,166.3823278650858,183.51629841152555,146.99018940700063,127.09555898055578,194.79216515753396
2024-10-16,149.1346384310451,130.04019760975245,132.711668951248,165.7072644579853,181.99245016326415,147.13978536709322,127.44955957746993,195.3545361391948
2024-10-17,150.25844587891908,130.78178907975666,133.7006521272575,167.1108216650107,183.58341485735238,147.90178581594776,129.18632095726505,196.68428459527948
2024-10-18,151.64223060150687,131.06016307351857,133.87735240491625,167.8268972565028,184.35119121467062,149.339744126736,129.58435532461849,198.14104605446016
2024-10-21,149.9096853018468,130.318815075536,133.05208187546208,168.033195236567,182.38488832248174,148.53636899663053,128.66760319382894,197.96112765961112
2024-10-22,149.86750918621232,130.2644768182509,132.87793988765654,167.40914782411772,182.01490796986397,147.60047097568486,128.98202191647718,197.6439394130218
2024-10-23,148.8585466844316,129.87187850164986,132.09570790073988,166.83776224509973,181.57717327334052,146.58930874961655,128.0900132444962,196.06672738227616
2024-10-24,148.5412400951963,129.85620691988962,132.15140406165892,166.54185978185853,182.32538737183873,146.49758780176833,127.7953368247164,196.60195685623376
2024-10-25,148.69435410959,129.96852905811517,132.40969540780836,167.20867182938625,183.61146577457066,146.18051292044433,127.81222695326208,196.96747941725448
2024-10-28,149.74084516994742,130.43516900528797,133.02859913883964,168.1514381123124,183.56847118694935,147.5139089841862,128.1472173533093,197.85150998217654
2024-10-29,150.8554925155281,130.4672084571683,133.02107808739308,169.7312216480918,184.72765459588612,148.60823296827056,128.11318033929197,199.44033372589755
2024-10-30,149.0650011335763,129.6150976730546,132.3886433479184,167.71788071449382,181.389059729723,147.16119426467452,127.40066374778354,197.29721918482767
2024-10-31,144.54755670225342,127.6058225246465,130.35226918902728,164.29419636560684,177.64250254235995,142.92564175518453,125.80306065930522,192.24376847276224
2024-11-01,144.7252880609127,127.61960609103457,129.86879474359029,163.32526179207372,179.2129097855883,142.89444857962107,125.88458480860109,193.3236241588227
2024-11-04,144.15224028517449,126.7480953085163,129.21588173487584,163.60525318293583,178.6585634425817,142.46705714194832,125.17010186539706,192.4557329354234
2024-11-05,146.0497787862548,128.26426370341076,130.5013354666636,165.0104393246785,180.92594481387525,144.8806640319497,126.68839055418452,196.10119404385463
2024-11-06,151.88477868149047,133.08520774089388,133.4641710846653,170.81899303756043,183.39947148551866,150.93030432306125,130.61464925932268,203.51565441191443
2024-11-07,153.12789460681194,133.32334260855248,133.68499170671052,172.22767873781075,186.09719372188133,155.0116951306395,130.63309035753113,207.18627076646268
2024-11-08,153.08773484607474,133.39980770374052,134.00982999869004,171.51672828274053,186.1453477652491,154.6106001999748,130.33558911849684,209.28527793524063
2024-11-11,153.64908745267985,135.6375723435848,136.54317129383634,174.26241170552763,188.4794434254468,154.86771077121878,132.68331743697834,212.90310596253437
2024-11-12,151.9923581762927,135.04216317111155,135.2275266111193,172.28945733301927,185.1529929923592,153.56315289734695,131.66331384388113,211.15765514005932
2024-11-13,150.905497853148,135.00748326076234,135.2174306654757,170.73745812641025,183.7458174822139,152.73801724852194,131.7770033171206,209.8728374438354
2024-11-14,151.09597393533994,135.96562383734238,136.730901373855,170.3093110505636,184.97233037930403,152.7445583565796,133.17954045063874,210.6755240050825
2024-11-15,149.84278389488495,134.9501912562851,136.29209222935393,170.23308174032127,182.61197637488954,151.27633481320836,132.34400484792553,209.50876966091886
2024-11-18,150.24104670146076,135.09047942614913,135.47903811387795,169.15483459303377,182.66939386808056,152.47872368786238,132.1772345478971,209.8466796000904
2024-11-19,151.13233864617987,135.21907082342184,135.24228356838861,170.23066727453477,182.95437507599266,152.96014867898117,131.83048830231044,211.18326889286246
2024-11-20,151.55957830517653,135.0905826609924,135.0712623496378,169.817574767403,182.33175248437448,152.6688430301327,131.58025663269993,211.036782161118
2024-11-21,151.48875217070227,136.13665690336148,135.63332655689467,170.43516831560433,184.13566896511102,153.09293596998054,132.3234962591047,212.16355916914856
2024-11-22,152.2562356064783,137.3175855143011,136.18832877692446,172.7967521697872,186.06653088900504,154.19021456361875,133.48050247592585,215.70533623956604
2024-11-25,151.49795898600792,136.85891010143766,135.93577045176275,171.58376507214456,186.77342223100132,153.37246353595347,133.17394265257266,213.71826092354067
2024-11-26,150.67008455049418,137.0473635194082,135.93823162525186,170.65716463564013,185.55570502355278,152.62744679793678,133.37586078418082,213.300766161858
2024-11-27,149.12826785260896,136.31721705950966,135.7364542881853,170.5098139739224,183.8349001501296,150.88027510845265,132.84054179708704,211.96778381288723
2024-11-28,150.18296308439986,136.37997707958428,135.7837884696949,170.67213191710914,184.87052495762362,151.6413459436727,132.8426129028205,212.35983256996658
2024-11-29,150.9828816212598,137.09967238614803,136.06070132544428,172.1000361831602,185.85994121804544,152.41163462925138,133.32545963581552,213.55160906835286
2024-12-02,152.65958727398257,138.0254813429844,136.20689753655077,175.5038108647997,190.2511870444076,154.35836550910528,133.88690807529917,216.96083513270204
2024-12-03,154.10629278778566,138.56833512098785,136.35999879396974,178.18618208472904,193.11199328193385,155.07000210102677,134.409227119177,219.91267279721583
2024-12-04,158.1788884103961,139.0360255212187,136.82683446928158,179.95085837197962,196.36492735106222,158.88124621430327,134.86295341901726,223.43294625297628
2024-12-05,157.08187408580045,138.8839258803023,136.4562873546154,180.2280815266759,197.93532622810025,157.33093869978677,134.69596519686434,222.67200580640534
2024-12-06,156.68089865842373,139.01441235116846,136.15887486714828,180.6360723167012,197.4596294533447,157.46933831261063,134.82708692968666,224.21632129548846
2024-12-09,155.499835720598,138.49326646187546,135.01813818382132,180.60838808002353,197.29481287793723,156.77681869110864,134.32987456275382,219.94556409789357
2024-12-10,154.76467381776806,137.89791099094438,134.47438068441988,178.28434304502235,196.16495801446328,156.88799651722064,133.73251724196382,217.58271555961085
2024-12-11,155.74768231300445,139.03351536431273,135.6078133512185,180.48562348769656,196.5413593168887,157.54715308641272,134.82278829768214,220.7170512725675
2024-12-12,156.3921303986479,139.41542338686247,136.02955000462674,181.97913104457615,198.49018724884974,159.25687441107564,135.1731179319671,220.17450185991768
2024-12-13,155.7202882849063,138.18944864750227,134.82595684841166,181.23524034086634,199.4102829266483,157.73692647233813,133.98295563400987,220.70867269873648
2024-12-16,156.8067122830717,139.0725127896224,135.81550850677124,183.0752714723008,199.38330053911318,157.5988497499875,134.83214141849953,222.75019828226755
2024-12-17,155.7287328429699,138.06865407503025,134.7411216509155,181.2096532939339,196.11164891263357,156.59100684049614,133.86337618021273,220.5276200856376
2024-12-18,155.11998379494904,136.2743710300084,133.31327858385816,179.52992324959393,194.51614901926993,154.60367040615893,132.1169877162349,215.9942546090435
2024-12-19,152.75340015153606,135.44102677708008,132.78002108086815,178.71417547183245,193.3956196873212,152.85101303277665,131.30604146914933,215.67169294971308
2024-12-20,152.25446143494986,135.9620044756623,132.91273157622854,180.40415632547354,193.8777433743254,153.15315804652957,131.80343162337863,218.04424769206938
2024-12-23,152.18057423171328,136.32932483992758,133.12074245667372,182.42200688333753,195.4388559332443,152.93442462453396,132.15762036812066,219.4776061499736
2024-12-24,153.19958817724708,136.54682700272056,133.39269482387232,183.44942741217923,197.07147487045674,154.07007172731198,132.3673323179359,221.0422989808427
2024-12-25,153.19958817724708,136.57534842183628,133.42050815435908,184.01528612213218,197.9182884544717,154.10291514230187,132.39497839270882,221.18272262257585
2024-12-26,153.36667786918292,136.7085644860786,133.5993081360598,184.44121829212978,197.993813547972,154.40629272867915,132.524408565873,221.27762793470635
2024-12-27,152.50654092839272,136.535418281632,133.86101755607575,183.85956990406288,197.13551521460943,154.03213562452703,132.35949737074674,219.2627986712243
2024-12-30,151.2668802748388,135.5215658643417,133.24101884031754,181.14691298542132,194.7263087908452,152.4686808491339,131.37715582102945,216.92856719142992
2024-12-31,151.15065552940095,135.50006483010628,133.36398567596967,181.12398859008408,194.6087839130079,152.67394370154486,131.35705188945664,216.36997748159325
2025-01-02,152.68299886898626,136.43699560975307,134.0247917499237,182.95427507121312,196.37609904052397,153.74224471830647,132.26537512369407,219.3456911271015
2025-01-03,153.95996084406622,136.9148230056042,133.9741306688702,184.99976961304557,198.8683256308183,154.89366427571787,132.72520423098547,222.68642675817284
2025-01-06,154.78314607624563,136.73553065802054,133.7630662923882,186.22374209468796,200.87120555015235,154.23201409627498,132.5545079780239,223.23161748843182
2025-01-07,153.1955642081859,136.46998844037262,134.00683778717152,186.1245283724521,201.0890247600583,152.74134549098045,132.29679186672405,220.11686030122058
2025-01-08,152.21205634448012,136.90960246545606,134.38255804587206,184.66260799173602,200.99057067458713,152.0919783360709,132.69890504025057,220.45200117012
2025-01-09,152.21150181766302,136.46630401285148,134.01364702071737,184.60898276293477,200.75168708673684,151.54321792768494,132.27121395480074,220.2879391682997
2025-01-10,150.64155725385243,136.03893990994308,133.85396381268407,182.93612701543933,198.41899653224237,151.1165111114409,131.93458278609384,217.5798619749151
2025-01-13,149.33405515008084,135.91528009517816,133.9151440312218,182.110741191152,199.42065979652799,149.94563803577307,131.74779072871686,217.42798317006375
2025-01-14,150.53141884074074,134.57500557024866,132.84676322003148,180.92288990458303,199.76725197752023,149.14663490712422,130.3018055012138,216.79298946932352
2025-01-15,152.80727403009124,135.20269833401636,132.71660234996148,183.3045257552855,201.61458326226716,150.67479917370846,130.67930797586155,220.45335308491687
2025-01-16,153.02525344159878,136.33273992411114,133.33763805027755,184.921783933593,202.3151870219311,151.26890982691194,131.71616412991517,221.7058293505613
2025-01-17,154.29752669209105,137.26199228971967,133.79223557176581,186.9853851994604,204.72695343218797,153.170277511085,132.52514850420806,224.2726785195658
2025-01-20,154.74097324812556,137.2023979006648,133.83660288840338,186.70511448758168,205.53043652284438,154.1865600391748,132.36391352251508,224.25364179020204
2025-01-21,155.7443483563854,138.22748913290513,134.6482833596649,187.8601541983838,205.73494327426363,154.72240760800352,133.2918219026739,225.47798420721622
2025-01-22,157.67598910802835,139.0724215641527,135.36408554711988,190.0673196343015,208.2957899787294,156.10776011640468,134.18404680811759,228.7412754047073
2025-01-23,159.71106745516167,139.55742526289688,135.08196498484344,192.79592649351977,209.5628625172909,157.6301143888243,134.39556226732296,231.0466656357375
2025-01-24,159.32730585607788,139.0987480846346,135.2544043557839,191.77160762679702,209.4019892894725,156.637133404097,133.9308163193544,229.86128333593334
2025-01-27,150.20677387858453,133.80921806673967,132.37593288426314,181.6880302783843,197.35792499790364,150.09418149972038,128.7891945123198,220.93450619995178
2025-01-28,152.2313980952431,134.2363748073026,133.30013644390027,182.6107002337984,199.8572469105345,151.08471302059965,129.1876438682615,224.7309703754676
2025-01-29,152.76244149412813,134.11003388230463,133.35636154668737,184.75376887061336,201.76136299370623,152.02330217053583,129.05030854640705,226.0029548572132
2025-01-30,153.84536148211907,134.43349239929475,133.52827327779357,186.44608976983642,203.54268989073324,151.28075838232854,129.3529804527515,228.0269150764019
2025-01-31,154.19518193923122,134.07674418996564,133.34572523704287,187.24864543445608,205.01003007427477,151.40028079388847,129.01248414619172,228.89372873443165
2025-02-03,154.20494384935623,134.4881558553133,133.55843295352295,186.7004577423635,203.02063610325695,151.37247375370535,129.40797424597494,227.99847544122008
2025-02-04,155.88071860556872,136.96051277353723,134.22195008420414,190.58412921574742,207.31414687861314,152.73770469802116,131.7762610960261,232.61596484929115
2025-02-05,157.3031031716986,136.5724649784873,134.91805640053227,190.413487218105,209.1137558249743,153.03787384640378,131.39098069512576,232.02704628778125
2025-02-06,160.14980366497235,138.32604704802588,136.86031713188646,193.00673939202267,211.4884125322135,155.07847955794338,133.06611182346325,236.76755033650642
2025-02-07,159.5219140344405,137.0520086520747,135.73334542246613,190.94030459861168,208.93441202497414,154.56560544038305,131.8284304163103,235.5898018950748
2025-02-10,161.2760034118955,137.6534757724555,136.7283138011833,193.0732001998297,212.08097262227534,156.6727280378266,132.40557544101932,239.66765239363244
2025-02-11,160.39804841919718,138.4485503006438,137.04691751661142,191.53962536974655,212.98759293914992,156.48097724367528,133.15523922027347,238.31224356780024
2025-02-12,160.76736215387186,138.29675097221843,137.0960109364384,192.8645662822753,213.93887372881755,156.4958753981524,133.00173829877474,239.10034056692604
2025-02-13,164.1411140390056,140.9637191897685,139.98492867103687,196.49435497230286,218.00286464178905,160.73751167292613,135.5531156101519,244.78164751940676
2025-02-14,164.40135841600684,142.283036975257,141.05648571757865,195.08282267389671,218.14856944154917,159.8733795207776,136.8220564680689,244.86337841248306
2025-02-17,166.1843284471324,143.70896869256856,142.7876303196491,196.5938649962075,218.96064635773186,161.32301348519076,138.18330160506866,246.524933397203
2025-02-18,169.13439877395197,144.96443191017647,143.29231553597316,198.4024235198009,221.9269641839103,162.25343183464923,139.37153206122744,248.70945997035457
2025-02-19,166.84461186895152,144.63050281045662,143.20539985773902,197.8971251910694,221.4171358812617,160.47712822389167,139.0428863900926,246.01932777425276
2025-02-20,165.18875878975766,143.99360845011225,142.05598204146074,196.71882040296828,221.43805419808498,159.7136650414457,138.42017092129774,242.26469473484892
2025-02-21,165.06729879316316,143.2231670623065,140.8390266414309,193.2592193684245,218.35078573898997,159.5241862240319,137.68280916114813,237.35348996108237
2025-02-24,161.31341674414801,141.85493300679278,139.63039240552482,192.36202683769577,216.08882329045636,156.41226076999033,136.35736056707367,233.52817232380957
2025-02-25,158.4133039053552,140.53545535370938,137.8408109056262,188.42640543761786,211.9814169062129,155.33561207957945,135.09653980793863,228.75363267224907
2025-02-26,160.58282490629028,142.9953991307216,138.9610601653891,191.2223629001494,213.31792159615622,157.96079883906623,137.44149524321944,230.9742985569585
2025-02-27,159.01571724412295,142.34259382907558,139.08677549133986,189.58265084905258,210.01638059761075,156.03881189664185,136.8129194485722,227.3060920364543
2025-02-28,158.99346886797125,141.38488284868168,138.33025155260273,186.8226179899564,205.0355897401011,155.81814899311968,135.8882779356673,228.7622226424054
2025-03-03,159.59904981252774,141.49488048631744,139.4254891016491,189.07883893362222,205.33195776114664,157.99579382578898,135.9835114582129,227.2591033834883
2025-03-04,156.75046449942135,138.67811599912417,136.2386426254568,186.30084505967656,200.1940406072491,153.9497616426485,133.27006611452666,223.3392904473261
2025-03-05,157.97210323232804,139.8256681024253,137.84320984104474,186.72161771824548,199.05160234080992,154.21450830545734,134.35562321658418,225.14626316309256
2025-03-06,158.4442803358951,139.5072367949814,137.71023851782007,187.86037967953555,201.63890056432803,155.52626221730893,134.05221633579222,218.81834018991967
2025-03-07,156.82292752860846,138.12390192301092,135.62273585916645,182.94241452645124,196.97951626688794,153.7090813641733,132.70829075741725,218.15925550544546
2025-03-10,152.672631677139,136.7597536494492,134.10076419353155,178.5912703834208,193.10468424242967,150.56949882154603,131.39600514675044,209.5757235306003
2025-03-11,151.36029575704495,136.30116193338768,133.30900635911112,176.8381019108747,189.90829227142046,149.56387334719858,130.95733204047707,209.3880118348797
2025-03-12,153.39297777273387,136.61974917901412,133.63427073177635,177.6799953288331,191.26422767895247,151.29432484186918,131.26324814576813,214.06655627562344
2025-03-13,153.66368116148203,136.55908560069844,133.61079432507384,178.7981417655322,192.45793688847382,152.51548002954166,131.2061321573635,212.23854734316708
2025-03-14,156.77946304432325,137.2680286407316,134.21985137836856,181.24971371309437,195.33666123627316,154.96236853152723,131.88414051672024,217.48266034125362
2025-03-17,158.47250806489535,137.5366757501307,134.61312967237532,184.46731753849616,197.8716323623548,157.11608248830345,132.1418329315679,220.39317934759418
2025-03-18,160.19953015494943,138.59843030347307,135.49763655744422,187.38225779787976,201.22285188722984,158.06754045245094,133.14905304702606,218.30227955422333
2025-03-19,160.1154108542922,138.3818026114895,135.30810258544068,187.46347643402848,200.69085954548916,158.47948014281553,132.94258373376232,221.3501187516797
2025-03-20,158.85781020697303,137.41657080504817,134.27016448469666,186.31950154070037,200.02030464194814,157.52175488606622,132.01659807336438,221.57117213980322
2025-03-21,156.4927294653966,137.16961029963988,133.95732234850612,185.28979466112273,198.8139910226279,156.6422974003053,131.7802131205942,221.61040332288263
2025-03-24,156.94065803220047,137.2966403930896,133.87503411158605,185.69985827928724,198.93946563941424,156.914629152636,131.88699839415114,225.2986589288907
2025-03-25,156.62174124680712,137.45664369764162,133.57356728483543,184.43374310107055,198.09666219411164,157.70979651740046,132.04026188033592,225.6267646321708
2025-03-26,156.28850891432387,137.5262876241182,133.9903383530726,185.93765916622812,198.05959636450407,157.77410079424263,132.10835812628673,221.97348434441452
2025-03-27,155.62250625117758,137.16021191994278,134.03151626530243,183.42268259178263,193.80150974503073,158.00156232607944,131.75601549915837,217.49989662534054
2025-03-28,152.85645745133002,136.64288175615008,133.69614112398455,181.19975264086023,189.86984595884846,156.0836666167979,131.26240797885907,212.978737614625
2025-03-31,151.80234623638623,135.72912531051912,132.9974739923174,177.21266137227485,184.36819228470137,154.73853624540567,130.3851522362869,209.98847367500906
2025-04-01,153.2158254884668,136.00169438870188,132.73959642475825,178.83377177568272,186.3928248056536,156.26394505914953,130.64616506485785,212.49781025080705
2025-04-02,152.5557016079002,135.83652462689224,132.37473750610627,178.48428772208015,186.18328332916073,155.62876573801557,130.48789184465605,213.40292399291286
2025-04-03,147.0707392265465,134.41141350571118,131.8079329726993,170.5777202398975,177.32023580793833,150.08292853652657,129.11074082084684,200.44982733380738
2025-04-04,143.56762935363895,134.19573099657464,131.8079329726993,162.74920943105866,167.0980864692451,144.61371189064604,128.9009433590423,187.30850411428085
2025-04-07,141.0650757237846,132.87181501191822,131.8079329726993,156.38133188520678,161.147526948457,142.7877277759167,127.62974565489684,183.48566855113287
2025-04-08,141.0650757237846,132.87181501191822,131.8079329726993,155.90955295218555,161.3041729496376,142.7877277759167,127.62974565489684,186.7169848822727
2025-04-09,141.0650757237846,132.87181501191822,131.8079329726993,154.09803915935777,160.26451005198615,142.7877277759167,127.62974565489684,194.78021612663693
2025-04-10,141.0650757237846,132.87181501191822,131.8079329726993,160.2217811951693,163.35446056861244,142.7877277759167,127.62974565489684,194.92746988312425
2025-04-11,141.0650757237846,132.87181501191822,131.8079329726993,157.01192989532794,162.97763937638152,142.7877277759167,127.62974565489684,192.58462042162995
2025-04-14,141.0650757237846,132.87181501191822,131.8079329726993,158.9510304101569,165.31526304324484,142.7877277759167,127.62974565489684,195.25854475822803
2025-04-15,141.0650757237846,132.87181501191822,131.8079329726993,161.79096942916837,167.22529950672126,142.7877277759167,127.62974565489684,199.04815027330292
2025-04-16,141.0650757237846,132.87181501191822,131.8079329726993,160.95053729897845,165.00304576077468,142.7877277759167,127.62974565489684,194.58049249481414
2025-04-17,141.0650757237846,132.87181501191822,131.8079329726993,161.5093337227941,165.10436793001517,142.7877277759167,127.62974565489684,195.73976844845623
2025-04-18,141.0650757237846,132.87181501191822,131.8079329726993,161.97878022953063,165.25712280530536,142.7877277759167,127.62974565489684,195.7288081288242
2025-04-21,141.0650757237846,132.87181501191822,131.8079329726993,160.76726235452747,163.21038337895823,142.7877277759167,127.62974565489684,193.1217840391174
2025-04-22,141.0650757237846,132.87181501191822,131.8079329726993,161.04752497090132,164.85716229656828,142.7877277759167,127.62974565489684,195.29117302143436
2025-04-23,141.0650757237846,132.87181501191822,131.8079329726993,165.57764126838163,170.71993824966765,142.7877277759167,127.62974565489684,201.90459190609596
2025-04-24,141.68409523538372,132.87181501191822,131.8079329726993,166.98962125501671,174.86066233456683,143.38738679206813,127.62974565489684,207.6412784191692
2025-04-25,141.95814558030483,132.87181501191822,131.8079329726993,168.14026242390355,177.35610702195464,143.6574106664176,127.62974565489684,211.25013714011672
2025-04-28,142.061567565676,132.87181501191822,131.8079329726993,168.29731024062238,177.50696054427394,143.75230750350642,127.62974565489684,211.729863334057
2025-04-29,142.83138670185528,132.87181501191822,131.8079329726993,168.69783966082156,177.164334127571,144.52724787383158,127.62974565489684,212.64841897540498
2025-04-30,142.66786162523758,132.87181501191822,131.8079329726993,169.36760148736997,177.20740068704944,144.3583925143703,127.62974565489684,212.39807667688132
2025-05-01,142.335219627095,132.87181501191822,131.8079329726993,170.55322033806334,178.45926565242237,144.01755531255708,127.62974565489684,213.00031570974332
2025-05-02,144.1841508992579,132.87181501191822,131.8079329726993,172.22928114443533,182.59428222093152,145.87369049602327,127.62974565489684,219.84600420628055
2025-05-05,144.6232321866632,132.87181501191822,131.8079329726993,172.3750713236048,183.00156707296418,146.31568102863767,127.62974565489684,219.69655123315707
2025-05-06,142.92048099434908,132.87181501191822,131.8079329726993,172.9136853486564,182.98000441654474,144.59122139505735,127.62974565489684,216.807624929208
2025-05-07,142.05596591962916,132.87181501191822,131.8079329726993,172.7313090800938,181.54731984233678,143.72169321500266,127.62974565489684,216.14354841205864
2025-05-08,142.96954171727285,132.87181501191822,131.8079329726993,174.2832935630459,184.57851627456768,144.63426811353298,127.62974565489684,220.9527653843641
2025-05-09,143.1555539878384,132.87181501191822,131.8079329726993,174.73937177110042,185.06608206507994,144.8200769106033,127.62974565489684,220.7566044999847
2025-05-12,145.5113605947622,133.0179973812162,132.0039705760929,178.22200266143412,192.63194226686164,147.19113282749987,127.7648949727674,228.2973154603784
2025-05-13,145.2608522315236,133.22505553330004,132.2553499021363,178.44201594387653,196.1958255706564,146.93229847513925,127.95927352423404,233.10562609208594
2025-05-14,144.6764183116613,133.0160967409941,131.98869762479873,178.7129978685976,195.4885049329003,146.33997482614458,127.7597136087558,233.08080818908604
2025-05-15,144.92705719015086,133.63381994685847,132.69526840510116,178.76813235074297,195.37400555686065,146.59305979891553,128.34474592517574,233.35228430745255
2025-05-16,145.73680473152407,133.7917789915297,132.99236234583972,178.4532063357449,195.08358538039695,147.40511135700615,128.4939722407638,234.36645063527814
2025-05-19,146.291922264369,134.13819132603666,133.45185169046337,178.74942858094647,194.71714721155914,147.96366584445326,128.8218883054392,233.68307929333588
2025-05-20,146.54237235172417,134.7883644527124,134.09126932426204,180.91754472012744,195.1766817388145,148.21561814183138,129.4460771903908,234.17799107907382
2025-05-21,145.38919982568567,134.0412825963311,133.50349921991273,179.68093739226012,193.6500361752632,147.05429932158071,128.71640628562042,231.19153664986024
2025-05-22,145.8878433345546,134.4552623760789,133.9633223040527,178.52680092810317,192.95500882132495,147.55720998038913,129.11186780216036,231.26131707810677
2025-05-23,145.73950172353483,134.6748606342112,133.89287943732987,177.7026501810472,192.15382883980033,147.40937922115245,129.3170615410742,230.13755483068445
2025-05-26,145.80471995811993,134.6673307031793,133.85819516651367,178.2176559623142,192.74775706726268,147.47514115446035,129.31023313868403,230.59828176130335
2025-05-27,147.3832468935646,135.03340166682005,134.28120227538182,179.3101288975567,194.9109473163582,149.06414962846623,129.66077185016835,234.41267102092712
2025-05-28,146.35485497393574,134.82142004766317,133.9818875567261,178.93835961548353,194.92472877981243,148.01751066331641,129.45835566454662,234.34170651884853
2025-05-29,145.55000437185456,134.960044364326,134.0021080324704,181.1504487584858,195.90745895670221,147.2073266718376,129.5933056744452,234.43511444510884
2025-05-30,145.96720816018032,134.19843222936115,133.2085707652815,180.0359824485757,194.99273860777254,147.62853938036167,128.84973363666703,235.07925317730206
2025-06-02,145.73176789815378,133.51403873855276,132.6104291006635,178.35904378075372,194.0431747917968,147.39150711044329,128.17398915641743,235.22325638696176
2025-06-03,146.95373611760482,133.97858331485736,133.23401660292762,179.1977539812309,196.05363863915127,148.6179394870932,128.61102142012447,237.83521101390198
2025-06-04,146.57097113216818,133.93888438278466,133.32156796202767,179.90970445182703,197.23370160332675,148.22227276913344,128.56062623999992,238.66164198078508
2025-06-05,146.63288834263852,133.99745365026268,133.32495643471066,180.75128712437186,196.25014276868092,148.22542659124375,128.61579128711546,236.74560264563073
2025-06-06,147.77393999106653,134.8876595311435,134.36101448834242,181.60125848353346,198.28339464512487,149.33994116435042,129.46215630615998,239.5057790097917
2025-06-09,147.74914243884174,135.88164038324834,135.56318472559795,183.31348061312977,200.35083067475617,150.18076915622765,130.41088583621246,239.571970991878
2025-06-10,146.94113896492985,135.94763901871116,136.0440381458798,182.9774172059183,200.66094534475928,149.65720340596772,130.46962022191474,239.41104206278192
2025-06-11,147.265530085256,135.17915598865392,135.3077599384351,182.5306199504216,200.0556745954898,149.87247168798626,129.73412057728794,239.71708356793985
2025-06-12,145.33856329861854,135.15555778939813,134.13845358040803,181.1275857627664,197.50887773679867,147.8981829346342,129.69405402905358,237.3861146760497
2025-06-13,144.81699594972363,134.03939945227478,132.28662620335763,180.07418325604894,197.40627611443773,147.44782155588405,128.62642824758342,236.30916567873373
2025-06-16,146.76603979244533,135.08015902621585,132.75990699841725,183.5746239254512,198.65964138918238,149.07984706062857,129.6028855786099,239.5708408389929
2025-06-17,146.89422479238456,135.5644999820416,133.11930125260852,183.19945652656307,197.61868624363848,148.92016167548329,130.0621335991343,237.94792852945582
2025-06-18,148.1062542261582,136.35889342618407,133.01356238047867,184.03099417172905,198.92230240503568,149.99453108913136,130.8194125202455,238.77162196128475
2025-06-19,147.12564863070477,135.05106542372758,132.3286380439094,182.22075327987258,198.27888123290458,148.8631983291843,129.555306954914,237.82544500174888
2025-06-20,147.32929657025554,134.90694158966693,131.78186537207355,182.0874287478936,197.59873213296913,149.57567153173144,129.41634391339122,236.71739369169185
2025-06-23,147.90247836412553,134.4618356943246,132.3363706438772,181.49601572594244,199.0550061525816,150.05441347846008,128.98265573213703,238.17581623158935
2025-06-24,149.8115130447278,137.08893035565208,135.03599825238908,185.19189377412496,199.44057407863457,152.31217923117407,131.4780703119278,242.15269989833365
2025-06-25,150.4427642689098,137.22076713697166,135.2610981280362,186.03492467681266,199.43635188154667,153.20347474541086,131.5981310392793,242.64492850588834
2025-06-26,152.12426749016421,138.47835636206435,135.6426408986173,187.87437217467914,201.26278137830283,154.640533296559,132.79270409598047,244.33024144776877
2025-06-27,152.6373746836303,138.96920975940762,134.5811676517369,190.58654128154774,200.88700513647,154.5231622732824,133.2584726492337,243.83728448378085
2025-06-30,153.4154342413817,138.89657551545872,135.04562376019422,190.05719209410384,200.81826626328194,154.92417991352426,133.17981364326837,245.46343455423752
2025-07-01,150.90920007675987,137.54455274814708,133.69026599780838,187.97614063416364,199.3093546652296,151.84663115132253,131.88013233643733,240.58873366764254
2025-07-02,150.95225004667714,138.49059025359696,134.8791496368806,187.26860246351,199.27849832756823,152.457671730629,132.7815967510786,242.23929713104263
2025-07-03,151.83851137251025,139.35811825211408,135.94877984434282,187.4356590236106,199.87495854866359,153.8856679526293,133.610400655942,244.20743977973433
2025-07-04,151.32430367023343,138.53008413415878,135.2969236558574,187.1290096224735,199.1706431643993,153.22563513653523,132.8475561428388,243.501465943099
2025-07-07,151.03585915565014,138.24000789607382,135.77980955774785,187.17037887919443,198.05938670236407,154.0421964023338,132.66048000653726,244.5792890055374
2025-07-08,152.28793132565235,139.38990326939998,136.0391964043994,187.76157615519446,199.4918741637922,156.2488781134154,133.9650579606967,245.2659104726399
2025-07-09,153.53275457114876,139.85926058461538,136.7148002468499,189.09705140189666,199.8484707512665,157.25890098841612,134.43511706156193,248.0190648230667
2025-07-10,152.86366536940187,140.16532408040024,137.18467975335352,189.36326655967335,201.19395747191854,157.31724068709335,134.81661651445518,247.2405396056533
2025-07-11,152.51278240326226,139.89331545066378,136.96372412836638,188.9189389674113,201.28992315466454,157.29006413266302,134.46386192260974,246.10239443426454
2025-07-14,152.14307597377325,139.2961800413609,136.58303163968958,190.51413352721204,202.1845993936617,157.04222596737728,133.69824515982597,248.00117258386643
2025-07-15,152.67448077149348,139.40666122249576,136.5316932320308,190.32598748222895,203.87839303828042,157.58850607316108,133.89463752937746,248.5465599313215
2025-07-16,152.9621774458976,139.27829410935018,136.68229744090723,191.4593145789685,205.0029675601584,157.4381499003623,133.67203675295733,249.4513626509132
2025-07-17,155.30011309278242,140.61073259039276,137.72141624383877,193.87367820980944,206.1051812357147,159.47226511345664,135.16172997246625,252.84687172415713
2025-07-18,155.17608359718295,140.11567273395454,136.49899114055057,193.18554442236479,205.86953722291045,158.4382802544264,134.5921190430121,251.01766209742405
2025-07-21,156.10328118912818,140.11175722681617,136.55440495385272,193.1606782707321,205.95635199507743,158.53720985801885,134.7190924223037,251.000109449331
2025-07-22,153.21830447501924,138.5151761098964,134.53187790377842,190.69761100085518,204.95143238416404,156.42888510895614,133.11845942789063,247.78514465542557
2025-07-23,154.6262233845513,139.65187803695267,134.57444983968276,194.3582359900119,208.298933651702,157.50474221257252,133.66253389126842,250.87280268600972
2025-07-24,154.90372446258874,139.5301008655022,133.9831878766904,193.59195834205772,206.88087395379515,156.41049586882963,133.13695389146295,251.60672448406234
2025-07-25,154.85500411297605,139.33482794376573,133.59812771453076,194.4488718444902,206.94609935072933,156.33398509902244,132.94906867987183,252.37760157200003
2025-07-28,155.5948667842254,139.97492127801547,133.7884466043188,195.1222354440579,206.6149557232239,156.62918486093014,133.63016932054222,252.86884016858818
2025-07-29,156.8958767252031,140.84974914062153,133.9331699765462,196.28528697118688,206.29134277474924,158.03169080067102,134.53758100879367,253.98204191384295
2025-07-30,157.63074411540222,140.4947249390805,133.97292152647705,197.94393876912687,207.3617898580193,158.34267227188997,134.44423165155615,255.48154767928125
2025-07-31,155.58183517866527,141.3075308066938,133.637191707579,200.7375231514303,204.04510324220144,159.0991793067938,135.30528537269277,256.69056427644097
2025-08-01,151.97930988873028,139.9563376386738,131.7482682118352,191.72010360976523,200.42147734579987,155.99373915504083,133.86982031511408,250.51762516465703
2025-08-04,152.90439775511985,139.86975561507566,133.28625891602567,194.32004686429127,201.0764885584192,157.83665140917554,133.74553882407596,252.94918686096773
2025-08-05,154.2452058190956,139.67727425735265,132.45289984445256,195.60420735140642,201.6927153816828,157.26248893295477,133.43570551532065,253.02780301603778
2025-08-06,154.79632360891057,140.08688969222572,134.13566567731218,197.2626549150631,201.46292289086253,156.8728172436019,133.83544056111523,255.24384266335068
2025-08-07,156.41073926488878,140.86565634207594,135.91378129934753,199.34055864141723,201.98915603200965,159.6134388912585,134.64608548576263,256.8104847742504
2025-08-08,157.2995561671707,141.45753868392498,136.43991921297177,201.39705870156516,202.78402575938284,159.7159754509202,135.12394753873838,258.3137105059971
2025-08-11,157.80774270477028,141.27360907748664,136.12719592295716,202.47277124225772,203.4164558060509,160.4368465413688,135.01671055120542,259.08943857284805
2025-08-12,159.37712923766708,142.73653373218465,137.77700283827167,206.01653855259002,206.2292916528723,161.68684237300087,136.19753295691632,262.2453791382673
2025-08-13,159.07802816956774,143.1504282924315,137.4050215321407,208.1913878551775,209.36934507887793,162.27004195813336,136.474374998445,260.96987116888766
2025-08-14,158.21299100354454,142.22970031896045,136.48503120486905,205.09722309969115,207.40733392889558,160.40649405075428,135.78823553295888,260.89458891752594
2025-08-15,158.55631750106303,142.5732519570774,136.53342230065354,205.01582809834971,207.77427214185397,161.49072137399807,136.3016243596827,259.69438059032603
2025-08-18,158.40160484643079,143.24168853736683,136.51512885840117,205.30936830804654,208.2170431181013,161.38656598005971,136.87232607136778,260.03115412761633
2025-08-19,157.353209282015,142.0231940617516,134.30795765889823,202.2830085882417,208.1587366357943,160.39791011072091,135.86702177558513,254.8328157111107
2025-08-20,155.99698161122987,141.24195427961553,132.89190878374052,199.66896688432914,206.29984060218246,158.37739802377493,135.30577604601532,253.1207472943779
2025-08-21,155.9560242273477,141.3792745520954,132.48320354694522,198.46969432316467,205.01957335250017,158.4155845994278,135.55437177190356,253.33620050535296
2025-08-22,158.5990261361572,142.62486401322144,132.92124402330293,199.64552615174063,206.23954378364823,160.4107286204701,136.73156337335723,257.1756757873487
2025-08-25,158.4374423055034,141.9146472395442,132.4554654837404,198.16353311131945,206.68531992003528,160.64674455380072,136.4051877465885,255.58400114664727
2025-08-26,158.23634622581463,141.8906752133306,131.80040182940598,197.21153599944432,205.39042583930254,159.8055563594964,136.1775939820951,257.4610867415606
2025-08-27,158.16126526167474,142.883259645965,132.10647235328858,198.54633457831835,206.341202017767,159.26203006523332,136.86600156090992,257.75990834659814
2025-08-28,159.0978114537655,142.83653608511196,131.7891091118058,199.73867144356487,206.7410055162716,159.20904084276805,136.57774195089084,258.70855617461916
2025-08-29,156.9196002106809,142.01245123171134,130.90866168022308,196.98062310879453,205.05388875419897,157.76619855625714,135.86665986074814,255.5392845622506
2025-09-01,156.17681166154486,141.71795484458954,130.55937145283573,194.03446526900842,205.6164412405347,159.9385919280165,135.76475917984177,255.1794485622974
2025-09-02,155.1138002602434,141.38985253076325,129.68855364713303,192.69336643697662,204.38813919852592,159.32175007953063,135.46115114187484,253.5992660402662
2025-09-03,155.47365895674506,141.42877017785662,129.97062024953257,189.84493483761602,202.66826479655523,159.16313035404997,134.97627635247258,253.81906302133288
2025-09-04,156.6443466179605,141.92624130272188,130.64545500605956,191.33039857795302,203.81846066989837,160.5459076685619,135.2398618723976,256.1383233573722
2025-09-05,155.71946076993763,140.9162137609775,130.39160372250967,190.83219926280256,203.22686353076313,160.5670234676798,134.54672453868432,254.84748265986298
2025-09-08,157.67589224958036,141.18674118290735,130.65876676964086,194.84414210503107,205.9227079820672,163.11327578477142,135.16498549515498,259.0504435135698
2025-09-09,158.3120931665227,141.78528412428963,131.28396756623513,197.50932405424234,208.54833963335864,164.16844364615775,136.13750172351905,261.8856577187834
2025-09-10,159.3666611405331,141.90959288877892,131.47604269403686,198.8916478468862,209.09184951144528,164.29143396801206,136.79643876906212,266.4446263326629
2025-09-11,160.13039269125434,142.78162622317112,132.98050801821992,199.56857590856663,208.76047242951455,165.02082918852966,137.35541195297577,267.8183193753824
2025-09-12,161.26630512091197,141.99059949800338,132.88363432326437,200.1611833937973,211.029944766216,165.49993233197912,136.66098954843085,268.96338975861664
2025-09-15,162.7490505361593,143.08517991366296,133.74885290465315,201.23028721241099,212.37556024767827,166.4583711693134,137.7019887368936,270.8751753870281
2025-09-16,161.33437963631053,142.47668880140267,133.51659053623783,200.24948906185523,211.4718701625531,165.82649058853315,137.08075703708158,269.2893015422863
2025-09-17,161.32190939098209,142.41214254672124,134.3208235929154,199.75414144332225,212.5659697363617,166.55875592811108,137.15186607958142,267.9067791479487
2025-09-18,163.63833712548526,144.60493687171143,134.66335843694299,203.49816383303641,215.3709771798479,167.98578264939576,139.31445079051684,272.7426695194689
2025-09-19,164.16470807909155,145.00717377525768,135.79468978769617,204.2331627271849,214.793090714616,168.89538830689762,139.31103512516523,276.1500627697101
2025-09-22,165.28190767117866,145.32780612540228,135.73556146989372,204.1376860375785,214.11091389897646,170.05880780217618,139.49435449275109,275.8817622072084
2025-09-23,165.60361205507814,145.75327670642932,135.94849620056556,203.8096149412398,214.04219995282423,169.57232724511962,140.01893111536532,275.53698041154024
2025-09-24,164.77643102301406,146.8416574799963,136.5704698370359,207.02981644557977,214.35549951669302,170.29168352334253,141.0551613900952,276.0925746940469
2025-09-25,163.70534256047145,147.2423734891333,136.04074679852997,208.2333420053177,213.60115284841862,168.29363708638644,141.43625643564454,274.77196760482803
2025-09-26,162.99321827791266,146.91699658025556,135.6889551148456,207.77330789051328,213.82424902666958,168.56021170264796,141.1064276222908,276.88179853892757
2025-09-29,163.40567354820845,146.84863186359988,136.2522392175841,211.0799937764996,214.835205511996,169.06711817883567,141.03800084957228,278.81114028191575
2025-09-30,163.4291466904604,146.82889892327188,136.48866741190494,210.75103645121746,215.55302050769188,169.08333086323518,141.01948266948153,279.93499861215844
2025-10-01,165.3628752426708,148.62993957089233,138.57051428311908,212.16629389493465,217.04402444882805,171.07924546658867,142.7411896108165,282.28527817276057
2025-10-02,166.20437642206068,149.2099158023952,138.8101576053417,215.8730368059916,220.92086556732502,171.53016190788117,143.25397436847368,283.86765929359535
2025-10-03,167.8975396694003,149.65629655996293,139.85129843101356,217.42367217916097,222.1042616355307,172.1276256201411,143.66726349383146,282.7897710675512
2025-10-06,170.55026951693435,150.79682390751734,142.0788499976805,224.81899460792306,228.7499977611723,174.82081631074854,144.76500158455747,284.86767343601105
2025-10-07,169.4472523354995,149.3512164312095,141.62923281955156,224.40805628420205,228.27336505989248,172.98399058750238,143.39617026240555,285.3456321472861
2025-10-08,170.80620318256615,151.2268638817577,142.1918588100885,225.460258786072,228.73109040969064,174.08710286413822,145.0625848054671,289.13002569521615
2025-10-09,171.08763880231618,151.14961959003367,141.95450400525024,225.48505244587483,228.17398481238217,173.96609174916716,145.05390010786786,288.33358086779543
2025-10-10,166.46967200787202,146.75938562753282,138.8471449787845,221.4095261100273,222.15727331764282,168.1436548688941,141.04869727988583,279.58647610433144
2025-10-13,167.34265952123778,149.19592408747212,139.30408389560202,220.33846764671176,223.51954026028565,169.38942491189746,143.2946831758,283.6191339370664
2025-10-14,165.05651560262683,147.7093548953366,138.58893705557915,218.00660028186383,220.27286965169225,166.3637438717326,141.79362652758624,280.8569562001061
2025-10-15,166.38868238314643,151.32547547258412,139.93423593545597,219.103901329314,222.38245539805575,167.93851351879,145.22182913717037,282.2361824145416
2025-10-16,168.09750364343537,152.08162867462525,140.25019012317503,220.06672684048655,222.8191075667052,168.98633627570578,145.82977841903264,282.3984118734224
2025-10-17,166.40924260161736,151.43319539221247,139.6306790272581,216.63646512351974,220.5800371337514,167.61476461450903,145.15231357840042,279.61090197692766
2025-10-20,169.0261924788916,153.86536193634873,141.46117022392312,219.45346553560574,225.4000636583043,170.94180061972,147.98169584877306,283.60746518809174
2025-10-21,167.93560429813363,152.86524488256163,140.5412413230216,218.65218187627698,225.98898515109934,169.8798782789597,146.77175319936455,282.92236756470544
2025-10-22,166.3008129602945,151.75471757739837,139.95655034045114,218.66998513526056,222.71676506899766,167.87139368524174,145.56649832649686,279.75843141862885
2025-10-23,166.84873904479946,153.2700121698744,140.91642945365186,219.17816735166613,224.77117655899005,169.04230116619274,146.9620410240003,282.6445841261933
2025-10-24,167.53781015779973,153.39156374522233,141.979724033824,220.79080701463297,226.63033405894927,169.8471307989324,147.17336239210104,286.34150360563484
2025-10-27,170.4441713795543,156.21239819038175,144.867064762346,223.16274664444,230.13158583163985,173.50925352013599,150.27035819404193,290.6459259618428
2025-10-28,171.2007468467158,155.99133921563444,143.83332616921496,223.23075910097617,229.32073255018307,175.21343845967112,149.8883456336817,291.3212272515579
2025-10-29,173.72041268847346,157.370983354935,144.27417513422512,226.98000773256183,230.52714937066239,177.85996434148842,151.36867469444599,295.9598254390798
2025-10-30,173.25885364332404,157.92349045742333,144.30107695873312,227.82148683735696,230.44847304421526,176.37105034990148,151.679825538404,294.5024924651028
2025-10-31,173.75280876408831,158.50788943910595,145.21313863484212,229.8239756641523,228.4252236002312,176.9990004542406,152.51209544173318,296.906387120501
2025-11-03,175.10896174214247,160.13431548453326,146.44184116910267,231.01641687007907,229.05680437262262,179.30995147118938,153.8073311925495,298.9803892030414
2025-11-04,172.7362035486368,158.91293162043854,145.29673543568938,229.12659190456958,225.98550899494572,173.85159262957262,153.05519659508877,292.2205297338868
2025-11-05,171.88964863192172,159.47308991146977,144.64200702102067,225.92337686794966,222.68619799957966,174.26420012969623,152.68004465851322,292.2827677487863
2025-11-06,169.3115031839068,158.59131898550922,143.89212564170253,225.83653661692256,222.67359875501097,171.49632664517435,152.63442531199377,287.51501735456276
2025-11-07,167.4938118560966,156.61822702475547,142.22811440035045,222.71504495956393,218.4284209563777,168.75012546701774,150.46275739784662,285.0780183780175
2025-11-10,171.17207162836596,159.21197442671934,144.3188137519322,226.27290706277287,221.49538880476024,174.1933843969781,153.22495585408961,293.2716001743276
2025-11-11,169.39502578601542,158.12618769194418,143.1680470808433,225.74635860697336,222.22431245881475,173.1449948711473,152.2202103701127,290.6090291459235
2025-11-12,170.0850417748255,157.94956447620768,142.98720981870989,225.9136496877504,224.93804070028057,174.10955151118998,152.1778537338996,290.3203446720451
2025-11-13,167.32467059388904,155.9094159545328,141.44998902255728,224.63024469334857,222.8096945287072,170.25358468479718,150.24246151403264,283.6219768699061
2025-11-14,165.35976576312154,153.8357047835133,139.1618059135917,219.8929467014836,218.77260277004206,168.87214940318097,148.72789180962278,282.2235463786173
2025-11-17,164.4659785614494,152.99154605499433,138.3819798775181,220.15769115578684,218.43032212704983,167.31494951474758,147.510202519876,280.2872822439722
2025-11-18,160.7124681539375,150.342210687072,136.10395448521973,213.6537900115106,212.49816354979032,163.08158171250483,144.70690918158886,274.386968572597
2025-11-19,159.92702952558477,149.99245015453417,135.84030916591144,212.41875551371106,212.87852928518086,164.0879248614594,144.36234603174165,274.3390823531285
2025-11-20,160.52057995915177,150.11606512117328,135.82538519369655,213.62851401643428,212.70990355980283,164.52668928439772,144.47784857810854,272.2787103552582
2025-11-21,158.75878079724285,149.63540228410605,136.12551056991285,208.26688220475668,207.10623382637561,162.35330729595395,144.00799374705852,267.9476739490043
2025-11-24,157.44634641816359,149.87315292659324,136.07745073447452,211.48813861616472,209.70964671410366,162.88547022131544,144.22721479440997,273.660606865083
2025-11-25,158.1784405729624,150.32732563478947,136.11787933539375,212.14249497826097,211.72118514758262,163.65139489821516,144.65618912959036,275.1961202160185
2025-11-26,159.46941571174636,152.11720860611157,136.4070887114911,214.2499826250444,214.3812252696911,165.5745144223951,146.36269859684768,279.4354935418107
2025-11-27,159.44064886910584,151.95698411319074,136.33341025056615,213.91204073666844,215.02139608760422,165.4644373815777,146.2093386456434,280.0707163115824
2025-11-28,160.12039850405145,152.24943777221134,136.46248980438966,215.20722819307946,217.0935867991431,166.0597741098617,146.4838063460803,282.7342168707393
2025-12-01,158.40559534521327,151.4962768619499,136.00387639372588,213.9976687226921,215.44824375167528,164.10361202065025,145.76333527663095,279.95537824552264
2025-12-02,158.1426471750821,151.68257385295084,135.77801136668418,213.80988810939567,215.7219930860441,165.41063589925932,145.94222598644518,282.87942428577566
2025-12-03,158.47453863409783,151.17144123281813,135.81958525749607,214.20924951633614,217.07125010475886,165.19221498292816,145.44990512741802,284.7906032609069
2025-12-04,160.0830722599009,151.29934037858177,135.45525786031126,216.27933196166128,220.74678893071743,165.3091433396625,145.56049404387878,287.5049411821492
2025-12-05,158.84782293931065,150.9978912144056,135.27337313287362,216.25222690537478,221.56751032524534,165.4142632300891,145.27278349770978,288.7925948790684
2025-12-08,158.65150245968695,150.2130752043407,133.77528777223918,214.35238684951497,222.1918645977459,165.9000771972981,144.52197163079092,289.1613793736665
2025-12-09,158.83780246044492,151.07490238183848,134.25894811310187,214.38424031056934,221.94495817267935,166.4095607312287,145.34173519017156,290.65121627098796
2025-12-10,159.0471632756358,151.53286891652357,134.6262614012072,214.68135810217305,222.72762781863852,167.1054928970909,145.77197126491689,291.17932217095574
2025-12-11,159.33466351876024,150.75435267415858,133.84366361401217,212.69611186892513,219.02116968155823,166.29796060253045,145.02767663102304,289.7514422818598
2025-12-12,158.82147716037142,149.11321017650832,132.89812033318748,211.69644011312295,218.9197417299491,163.4746445093589,143.44557065556506,284.38792798495945
2025-12-15,159.87306998193642,149.52826141023564,132.88252097063872,210.41056216438733,216.88739339538995,164.36988611189417,143.84060985398384,282.7838933727676
2025-12-16,159.08983235298055,149.02548100541318,132.36132948887135,208.66832326498775,214.18211519902087,163.46691542250431,143.35166778880327,281.4784067617648
2025-12-17,158.5596294208405,148.8957095899208,132.31513644185657,208.03412625196228,212.55693223831395,162.37373642665403,143.2253017300105,277.4316468590399
2025-12-18,159.94657349773792,149.13827976337413,132.16194550883492,209.24250211771275,212.46673710863408,164.3505341941549,143.4505271830563,282.2180560765506
2025-12-19,161.22219523891744,151.28298355241134,133.45486012789138,210.42577592436774,216.10872463044183,165.98214565699277,145.484599365232,287.32709757107045
2025-12-22,161.65751350429608,151.75794011322338,133.6943814234239,210.78177734661048,217.53036169724584,165.81592534616036,145.91785084699168,288.4257444239569
2025-12-23,162.03351499074242,152.0668636989927,133.96129274912306,210.73962668584113,216.87894643873688,166.25949535844626,146.21013910206327,288.3422012228413
2025-12-24,162.2169017671157,152.29989892578638,134.26888087149348,210.74392591446255,217.08081422570703,165.95213349750279,146.4326123478492,288.7091323348905
2025-12-25,162.2169017671157,152.25169346133174,134.26888087149348,210.51423441493506,217.01091067843151,166.05301627225055,146.38648401350306,288.54924106922243
2025-12-26,162.21050944073863,152.2908927547966,134.29068385505508,210.81059289002275,216.70040781709966,166.18016003493298,146.42371353113336,287.8268669973498
2025-12-29,161.98809890553275,152.28916396222652,134.15856315625007,210.8302180655442,215.959624408712,165.37651528263274,146.422850747117,286.2246721231964
2025-12-30,162.91070808582347,152.3080137545067,134.29819853982633,211.31005571275372,216.0336542244301,166.21145704032352,146.44213557568315,286.27522079027773
2025-12-31,162.64301653839084,151.992771490834,134.02795312777712,210.54866832433973,214.7618934349162,165.9611317153282,146.14084530576844,284.4017877039033
2026-01-02,165.57887563889022,152.80563735834463,134.99241786567612,212.65855957124307,217.48774909260996,168.6270046640631,146.9192868407712,285.07620035014247
2026-01-05,167.86058862673045,153.16042661967867,135.27220870778675,216.51309782149167,223.52782380900265,170.90767619481372,147.25219854522356,291.5070880329346
2026-01-06,168.42447714172457,154.87721954131976,135.8808663035608,218.7751863204511,224.94826796168766,172.00602821902174,148.86824514807623,293.2043828542827
2026-01-07,169.13134480467446,154.42881351665574,135.32183646053448,217.55813401117132,222.67123917940563,172.36781989246572,148.42080619276274,293.8077117776067
2026-01-08,167.65686280038042,152.53881217064188,133.69955985853187,214.48473319963685,220.89102929436785,169.92743057549913,146.591469858414,290.5950013856169
2026-01-09,169.8148494286079,154.78515985630366,135.41852589540227,219.57606163218264,223.20091424216005,172.42550364481028,148.73622181855131,294.5088465091116
2026-01-12,170.29992329171682,154.57602668029037,135.95957206076469,219.84550302286831,224.79368402404899,172.06002227027676,148.52248189555706,295.4205872378695
2026-01-13,172.26666592851157,157.08316504302914,136.60490267757487,223.44057368444476,228.55409943240312,176.3518545565276,150.9158085001412,298.2817090111342
2026-01-14,172.4199986305432,156.10750858030318,135.56620973901687,225.36373987383138,229.7985784721787,177.1588617874286,149.98574795529694,295.7213751512694
2026-01-15,174.42319231670126,158.20651953645174,138.14425816217275,226.90841156776597,229.2226203007032,177.3810896329561,151.94689264916164,296.21162472259846
2026-01-16,174.04181877393628,158.04098211265065,138.6765893822076,226.0979455748295,230.04565876122686,178.28703433648522,151.77393125357648,295.28115037879564
2026-01-19,172.8533447379461,157.06298153236165,137.82417964161792,224.194714066635,227.87528148736027,176.7452460745262,150.83765604017876,293.6143243513128
2026-01-20,170.5127118197383,154.31377996174115,135.16761595399444,220.3208392871073,223.4389360547762,174.57134446282413,148.20659198379576,287.78063372923657
2026-01-21,171.05275362886164,156.2907544408656,136.52235875043468,221.2638201261643,226.10669362903747,176.6013351663168,150.0747597053081,287.89975763796446
2026-01-22,171.17682383955918,156.96137629291897,136.53945030417484,222.9273176384536,228.43958336085203,177.57152526720077,150.6905941618598,289.9007036457157
2026-01-23,170.88421607564436,154.77623597907865,134.92315118740825,223.13311487770795,229.1677811995786,176.67352716162685,149.36000113491198,290.4086413154404
2026-01-26,170.83498852975194,154.8843750982865,134.70302152668737,219.6662020025812,227.66947678694856,175.68325819806097,149.45779826346975,289.09651242917084
2026-01-27,172.45352159781802,155.32652128079582,135.81209770034317,222.1572218801636,228.0885537486493,177.96996205303853,149.87811353245212,289.8652791788051
2026-01-28,172.59793930765008,155.42692914750742,136.1681998812753,224.0431234260118,227.67461782704922,178.90867961925034,149.96519481818368,288.1830097322978
2026-01-29,172.97004453596603,154.91201726960043,136.0578034083425,225.95350736052055,227.57553754981856,179.54375255336416,149.4584811858415,287.9152335019511
2026-01-30,172.36186544650775,154.99928011442077,135.42766006924612,226.2463143948001,226.70226910916705,180.45467995886818,149.52572472159304,284.0577585409328
2026-02-02,172.68528886423377,154.82174613487993,135.30331317274255,227.13468740280004,227.33914544355,178.9131601937142,149.35626270620563,286.45643180131697
2026-02-03,173.12159110318532,156.28474446141593,136.84023414407437,227.4085145076678,227.69690941843214,181.61754311656287,150.76044391540316,286.7321854011378
2026-02-04,170.6207214911673,154.81389831966115,135.52982359472975,222.55295298734686,224.35720288679337,180.73080457329326,149.3280197243421,277.52097649883416
2026-02-05,169.38644363527683,151.34766791278795,133.05699971671433,221.34401832630869,221.27821040336823,179.51533342885057,145.9770848900509,272.0674567698019
2026-02-06,172.49439732164643,152.95097885331865,133.94698889955353,225.55522638588837,225.85051610417,182.62572818118247,147.48622838021842,279.6659759843957
2026-02-09,174.0448862970173,153.35112237657737,133.972418674042,230.98071621701627,230.51053183955744,186.00755153445536,147.86694000686208,285.76383148991493
2026-02-10,173.067516210617,152.58112831313355,134.15173562204134,231.046680767157,231.2023923774702,186.16723967267353,147.1278560099521,284.9712664690885
2026-02-11,176.30730427858165,153.9870891352928,135.13066093238663,233.95517462915558,232.7388249557531,189.34302655735385,148.47415910441663,285.89548607255466
2026-02-12,175.80067521762444,153.2205121253733,134.70396461261836,229.43905604416045,228.9820562905344,186.7190740108607,147.72647592584673,279.4380014543497
2026-02-13,175.81880122536248,153.75910046193263,134.84441722449904,229.5253684677226,230.04258599925578,186.89583587017253,148.21124782861472,281.6650971126395
2026-02-16,174.85951488041948,153.5678294063029,134.52370554764684,228.96579631319,228.9390690397477,186.38698158441503,148.02216928997936,282.1144215958716
2026-02-17,174.96147331370358,154.18331096039864,135.2293942532941,229.6508914404876,228.62250620221153,186.6284065428712,148.6066820814028,281.9952046038046
2026-02-18,176.71943698208077,155.5256225179321,136.24639212607616,233.09242041390138,230.5634970798342,189.30990179992867,149.8929108258165,285.957672511096
2026-02-19,176.89993498540076,156.56251058767398,137.2874876064306,232.3889156869931,231.55382808039354,189.4823309367547,150.87145544617047,285.9699617364014
2026-02-20,176.8503743467444,155.81652525521483,136.4972114974118,230.09008849139954,229.15575786489632,189.16292164859078,150.15841860077322,286.9161975575911
2026-02-23,176.99744938102043,155.48361056612586,136.15074583238325,230.36787934589614,228.38176984782766,189.4829992405866,149.83431118567353,283.0414134416832
2026-02-24,177.63301285130305,156.06444618898544,136.62771537403134,230.5630296279054,229.18423604960446,190.7641140404687,150.38469723915634,284.4989326119332
2026-02-25,179.45886949755462,156.47977492026737,137.4861440464254,233.0522967503258,233.01917074719492,193.5374225527486,150.7775049104999,289.794455396233
2026-02-26,180.10004957119662,155.6109159325294,137.06627402852254,230.87967487879655,232.8865982133296,191.25422858028912,149.9454180640085,289.60411751035855
2026-02-27,181.44676767597207,155.4640670664038,136.88368231123616,228.99235058097918,235.4051145277922,191.01708146815673,149.79860156725084,288.44323974342166
2026-03-02,183.29644616731807,155.1076347313195,136.93690773743717,227.60629825533775,234.7881477225679,189.51893797083378,149.43912866558227,288.75237519013035
2026-03-03,177.02106938736492,150.5255005461236,133.75279701055075,224.4674761608021,231.6403653032986,181.71513523355662,145.0306513700968,283.69430497037007
2026-03-04,177.63019396990333,150.45965190170114,132.99610757210846,226.35248847690823,233.43291801683236,182.0265492115139,144.9691188122318,288.85770594143645
2026-03-05,175.94365049242782,148.52531300976685,131.78116249289135,225.9937735987106,234.52913305363748,180.02757105383716,143.11755513683892,287.8965820818185
2026-03-06,175.91163326449293,148.56386045659644,131.04569465989266,225.83406761554778,231.79873268176746,178.90886957181374,143.15237207803375,286.7333554654044
2026-03-09,173.60307060545856,146.50617742206126,130.1241515137456,219.96623018196345,229.65629289101938,173.76890400187895,141.15011831480743,285.7207216499904
2026-03-10,173.88530647588104,146.64558758146316,130.28225313489318,221.3203409733658,232.61191000273942,174.39717365575277,141.27829301087525,287.3296758822937
2026-03-11,174.7346662021785,147.14175068964755,130.88452970754204,223.25092418883403,235.19276040811636,175.1004962726766,141.74521876391805,287.906837866544
2026-03-12,175.0405860811688,147.3928753058093,130.7401039021371,222.44548925524805,233.55801391656482,175.75764171574525,141.9812975892942,284.9662411436197
2026-03-13,176.10396307039417,147.7406296855158,131.07088419779507,222.16921733624787,232.40530009037124,176.91324691337883,142.31587266332016,283.25285697941615
2026-03-16,177.12792789819,148.23209649325983,131.47946302501953,223.49947029016667,234.36104677610348,178.00865595958038,142.78880648513535,286.02013631280886
2026-03-17,178.73772933948925,148.30203981793673,131.30525370162178,224.38049940689336,234.53602142316296,180.060881098476,142.83835546208016,287.0471622258654
2026-03-18,177.77038586134364,148.16649637442057,131.26588724666266,223.14070762121676,235.1462427144388,178.96023919026345,142.70399296634528,286.3232114400421
2026-03-19,176.82396791843286,148.2540583216158,131.42166187613603,220.1663324633686,233.21234486509482,178.35271568227844,142.7881363064909,282.7245326233419
2026-03-20,174.51088033826818,148.07596726071583,131.3794213346428,214.14036920998564,226.72380923392018,176.17352212304456,142.6173079904675,276.46368541047764
2026-03-23,172.5738639689611,148.3546127555553,131.44561698325214,213.8273303037256,223.80014186774315,174.701430132451,142.88459014106814,279.05333533236393
2026-03-24,173.33373955501017,148.772255434664,131.69364231156646,212.64673345537162,220.7781764339507,176.36476370307065,143.28536891106637,276.10839598355903
2026-03-25,174.84009404695752,148.69560937745015,131.59236890999932,214.08448000115465,222.38781273735154,177.30894412387966,143.21175484693111,279.4853009526074
2026-03-26,173.6249845331223,148.04491082220613,131.03335739152166,210.58515252417092,219.42214040820437,176.58076641353898,142.587136075399,272.17768118187246
2026-03-27,172.4940308475721,147.9548456300493,131.01922128440725,207.21434233127175,215.74743717144517,175.77751655440986,142.5007519882501,267.2599610725283
2026-03-30,171.9042874398231,147.4161580126522,130.7666869436268,206.1108734358043,215.7220097437113,175.53328035745142,141.98389191715833,264.9827682563234
2026-03-31,172.9122140608818,148.21495474906808,131.11900684542798,205.97578506604535,216.53862075379874,176.1575470103364,142.75029653840164,270.6034803148394
2026-04-01,173.22388841702136,148.54772245280168,131.28764533046785,210.85319970254187,220.7446167859323,175.457211092659,143.06959479567462,276.5916308779335
2026-04-02,175.841915809798,149.0821027758321,132.01769042332668,208.22239013665032,220.91788606227945,177.12616414334136,143.57065540787227,276.2925436332731
2026-04-03,175.841915809798,149.0821027758321,132.01769042332668,208.5652853084462,221.09504991678807,177.12616414334136,143.57065540787227,276.7507419843155
2026-04-06,176.39796437776724,149.38488157895605,132.32514035923123,208.76304640989346,221.660354116012,177.55785112361198,143.86094368935466,277.9816973154426
2026-04-07,176.9976278513919,149.46250874739252,132.38350760454685,208.43987731286776,222.82125536006933,177.8617127562331,143.9350820744852,277.41923103200156
2026-04-08,180.59369641295928,151.50140183738554,134.12716221225406,216.8544584331238,228.5712323419601,178.5895382040188,145.8826673109777,285.8312441811165
2026-04-09,180.78485525328313,152.52207190400514,135.34967537428696,213.15991607696256,227.10029335809736,178.4497567086202,146.86244239608212,284.10058101171506
2026-04-10,181.10634611181402,153.93167826908373,136.56708894464197,213.9107378293033,227.86585977521554,178.85820829990388,148.16661332465287,284.63864066601917
2026-04-13,181.41612788263367,153.98010916265062,136.6541919459663,215.35779709091196,228.16170567334404,178.35860038070533,148.2226616367039,287.2298943285442
2026-04-14,183.37769196973835,155.7848371097905,138.5609556447049,218.8142281740804,230.18842101741836,180.39698976936333,149.83152765116648,292.38257593525697
2026-04-15,182.6745906920468,155.51769409421047,138.30724547465542,220.00994403567873,231.6668706001413,179.19185782670408,149.6126780233142,295.0417256502202
2026-04-16,183.1468218060666,155.94122397084024,138.79196596620463,224.1841778163388,235.0793664685584,179.17825768574698,150.02153092219825,296.04659061998274
2026-04-17,186.12270267179244,157.84744560138049,140.7727927350431,226.9058804704689,232.4847659894887,182.08932672593127,151.47175122975617,299.1773775008061
2026-04-20,185.63514216894546,156.43252950143605,139.60333808386662,227.2981248600613,233.81127733014705,180.66068756781627,150.31163761737054,297.95004783587575
2026-04-21,184.60370907527647,156.5092202283925,139.5786054645992,228.52778174346744,231.9211616349088,179.222431296093,150.41428831290233,295.3761220285845
2026-04-22,187.31202310572812,158.32746551992307,141.46611507365716,231.54766354421622,231.8695351948838,182.45376922387118,151.99470071626376,300.0377244815374
2026-04-23,187.45197707843005,159.33396764680546,142.26655506778323,232.66264049246902,230.861761418814,183.300957835137,152.84417017753674,298.08234449980796
2026-04-24,187.30995791960396,162.52997159091817,143.64992514388373,234.3417539708292,232.1526963050195,185.10057416617593,155.84480945692206,301.0609704973089
2026-04-27,188.0128155602445,161.38084260507355,142.3891844723549,233.82753762873557,231.71375853812904,185.22927594041337,154.78456555771217,301.45895727194255
2026-04-28,185.47995484843366,158.33768006685756,140.5220592355761,230.27345565629992,229.0257632734813,182.85821109912962,152.0744897435238,298.0652936235125
2026-04-29,184.48737783911048,159.36652388646775,141.79150349450498,230.13288865347405,230.7174889396359,183.19897150599527,152.9517194805079,297.56239433644237
2026-04-30,186.12602290910064,161.28320334319207,143.66458676988836,230.93350757437588,232.86725510388618,185.12040585806216,154.58959894586664,300.67270465312345
2026-05-01,187.47393031487462,162.04528157084408,144.53126836678973,233.52897802701506,235.67753997818426,185.99823351922004,155.30722111550975,302.56510849617337
2026-05-04,185.6374903786373,161.03806685151042,142.80447672252203,233.68946159173382,234.06323962685966,184.54620884124535,154.18724755393993,302.71994743079375
2026-05-05,190.26181113116797,164.26263266847667,146.10756963658415,238.82008376371044,239.3131706502847,189.32157845413542,157.1319071332916,305.89757342985854
2026-05-06,193.8112967695484,166.39332475074545,148.43683478928952,245.29930672710606,248.15403732922766,192.8640165648483,158.87538655835257,311.2968840057242
2026-05-07,193.02685404499823,166.2548317990075,148.3696452783674,244.82074446996464,249.6439210923606,192.29594563720357,158.88185888919483,311.28984509466466
2026-05-08,195.30795510613413,170.93113039463225,151.33916486280398,244.1283666901033,247.90640165673747,193.13199880950597,163.37434217037554,313.8454971982543
2026-05-11,197.4724453418001,171.54427642390715,151.17811023451242,242.79240257663744,247.48677509581447,194.04903878361853,163.9355865715788,315.3190928292682
2026-05-12,193.98837814868943,169.62851929576993,148.6429849229101,237.28298705213246,241.77193212318454,190.65378191023183,161.77492426010963,311.1212733476038
2026-05-13,196.56858506184204,172.85581375151068,152.07437692208222,241.28637297601458,243.84386084556203,194.0627423439123,165.2104387923397,313.5357979738547
2026-05-14,197.9602260021583,175.04036555752867,153.33284114511915,245.5633213207074,248.53750132729698,195.53483066025174,167.39126784890075,317.3839615605866
2026-05-15,194.156771378831,172.71751104758323,151.83082838872127,239.7169825477605,244.10178133656245,192.54109524788396,165.01078111812848,311.59586653074547
2026-05-18,192.94145379128912,171.5417523929689,150.8877036368779,238.5001368424363,243.41570994934014,191.50014869270532,163.3848562806796,310.0882745212915
2026-05-19,190.06844249180222,170.778896381032,149.7531703319235,238.26002638825025,242.85502326960128,189.75510052575163,162.3266736720188,309.2279338479175
2026-05-20,194.10478281686986,175.0005828671089,151.95961961265246,245.76967535537116,247.18164640867525,192.32236678169923,166.13175973597268,315.8722985605224
2026-05-21,196.7665162771743,176.35999264986032,151.80623235727714,246.5343961617578,248.76983652201727,192.72486007894366,167.41580372339646,317.3818729001124
2026-05-22,200.0309807083483,177.2912649889239,153.02282492294162,250.92529844890743,251.1227062832325,195.73492423158717,168.18535076746798,319.5415745074092
2026-05-25,202.7874097688008,178.34568236183216,154.07692248941876,253.588061597938,253.74341523295786,198.57563193098633,168.9691719441819,321.64336701702223
2026-05-26,204.533683772266,179.7484084345122,154.9341921050734,254.87317437462184,253.72675918064772,197.1247828519268,170.45075907222375,325.1411570512178
2026-05-27,203.1367685688534,179.92483369117497,154.55838845079825,254.95791943342581,252.24037954468082,196.33038310711618,170.6130768504133,325.8300638703319
2026-05-28,204.72606948185143,179.9657188664316,155.00650639003354,256.800679651573,255.16256130018564,197.34448656916518,170.70161892675364,329.98480320773757
2026-05-29,207.6609440573236,179.89375876498548,155.12443536975476,257.40101522492034,258.6989913203315,199.4095038938872,170.62576139744542,333.8721991864697
2026-06-01,209.5437830763827,180.65441157654627,155.73277075609937,257.8599856031806,258.8825966703004,199.7849817740802,171.4006801316187,336.4096532959529
2026-06-02,212.3383570039083,182.06526617767042,155.94705085757755,261.57082704852905,265.59220798890334,202.55452402452931,172.32026774202546,338.76472272142166
2026-06-03,213.20097546586302,181.31490826586202,154.73382359447342,262.9929569470308,265.3776991746384,202.9374119797759,171.80456961119586,336.76490794423626
2026-06-04,214.16217194454302,180.61581167832907,154.22447852283764,263.15513061907524,265.6501451231178,203.50070440280098,171.7661469364366,334.5702064624424
2026-06-05,209.28374686375767,174.93271581171413,149.29219951846542,254.5820707172064,259.51872875611616,201.51750290308294,165.47889539964552,322.1266742082385
2026-06-08,207.73828892507203,174.09897155004185,148.9353928037319,255.88569553738955,259.080558514378,199.76636862692607,165.73066093471556,326.104122346154
2026-06-09,204.25758952777343,174.13857342433764,147.65705524526675,252.64687201166382,256.87594883764746,196.42696276252926,164.6827547945025,320.5902408242815
2026-06-10,202.25040684288223,173.74209273777151,147.15540266743434,248.03596597735984,254.4321034832059,194.43357333108938,164.29790078460837,314.5290086100249
2026-06-11,206.28240452246845,174.52032304347404,147.83683243214315,250.92471309893952,255.8368937839442,196.5256769064227,165.4901082494929,321.19858302939775
2026-06-12,209.5282907465949,177.0107722536042,148.97402190795486,254.97963831247677,261.8219162585375,197.95047806205278,168.19212018757693,326.1286909545344
2026-06-15,211.44996521003625,177.8562235353941,150.2956334770196,262.820633370664,263.535163306901,198.93789073593973,168.9301253996592,336.05290989681936
2026-06-16,209.67663965443379,177.0066688542792,149.7147206266436,262.09844911396243,264.332645064321,197.25586277246597,167.90692159855175,333.03378092445774
2026-06-17,211.88039931720684,178.64459863285663,151.02978468273523,263.50732165140516,265.05411138843687,199.3980685058935,169.87979824975133,332.96011835778376
2026-06-18,215.82255379375246,180.90110178387593,152.34393665061012,270.35179184770845,269.62377680025406,201.91308935886605,172.17141372419883,340.9438591332023
2026-06-19,215.08515197936276,180.2654625915556,151.8047629032008,268.0827721979128,268.79103396391895,201.18691145521842,171.53988563089231,341.08912340429634
2026-06-22,217.59465639535014,182.5464473840346,153.2627621507466,270.2827941917939,270.33484829991056,203.09920408915906,173.67417719865202,341.9686347055995
2026-06-23,211.99415135777352,177.90373480850894,149.21414659183984,260.4117192896231,265.3887018577869,198.62643085070334,169.24883415138373,332.31876293633667
2026-06-24,211.7037454986561,177.96562589676253,149.28119857298347,261.2045671144686,265.04171233554126,197.8673377083954,169.3091989400165,331.74418570493094
2026-06-25,216.34208124077367,180.09630554724814,150.91737714577044,263.693632028906,265.46915555943207,201.99386053279454,171.31334161181053,336.8026874423576
2026-06-26,211.7921982947462,176.77518900808923,147.45297069593352,258.548620358078,263.1390719726958,199.6081085522532,168.16996982102992,331.3958436673713
2026-06-29,212.00159702118145,176.76742350649496,148.57119677490053,261.1148935581709,267.0606102564905,201.15159923386275,168.1456530924023,336.4190024134294
2026-06-30,214.9978546398975,179.21630125383393,151.15544276710486,266.84055468927386,269.0115249288512,204.50815458351775,170.4620832184709,342.5252264259054
2026-07-01,212.2038726487749,179.0481032145778,149.4511647798278,263.8320684081176,268.33371155061013,203.047141785703,170.30462977956302,340.5325715012009
2026-07-02,209.4798540552244,179.7403123121468,149.3338635380065,260.3617873511164,268.09142061052046,201.59206388419534,170.95152019720422,336.5973967639173
2026-07-03,210.66119942421736,181.44067682989845,150.33872626217368,262.6196758801931,269.12957351665455,202.91457934379952,172.5595409381353,337.45991569649686
2026-07-06,211.49264149580443,181.6246025611543,150.33214679425978,265.7413837857311,275.85381754123864,203.4726886442004,172.73534933305274,341.8478365936474
2026-07-07,206.2065328541174,178.69809029740475,149.22172701192085,257.24117206687754,270.35659125775544,199.45776542958615,169.9579094881932,334.1053840456709
2026-07-08,203.52080801842428,174.89991463544442,147.19867590202188,252.2748420577606,269.24930738418607,195.94424973005914,166.34792590180453,331.1832980440477
2026-07-09,206.08780867380142,175.9203867684234,148.0969187402555,256.6281070883905,272.5396100133868,198.90526063314172,167.31262033893725,335.85690800733545
2026-07-10,206.14062110254855,175.8746680726722,147.96579714051495,255.77268053045162,272.3589533340338,198.8274863807515,167.26793201446145,335.2491055255487
2026-07-13,205.05532721195738,175.0520535474483,147.38677476331856,251.94308102804092,268.63886982114764,197.4887813700224,166.49156267373363,329.1056059960761
2026-07-14,205.33928774239786,174.86993348010245,146.96390057771382,252.73556920390936,270.42889333633684,198.92199059874324,166.31864282738448,333.73488454119655
2026-07-15,206.90350515660847,174.87538461957482,146.60567039532322,253.32751044859228,271.4071542257035,199.3737441546852,166.32481329437212,332.5728614803202
2026-07-16,205.30969412655975,175.4678444615287,146.81127474066184,251.07850462429474,269.4661584701132,198.34426461610173,166.88285923491873,326.25447439640163
2026-07-17,201.6899795144866,174.27367906752332,146.45549215014685,245.08927977807303,265.29185769014066,195.18807296113744,165.7554873175068,321.3819598640578
2026-07-20,200.7399982341957,173.89648363107722,146.3688049075213,246.25860454859847,265.9636244352475,194.22204327939616,165.39945246002736,322.64678937577946
2026-07-21,201.3136742636263,174.90010628883402,146.54235067270076,251.6380861989019,270.13838225692746,195.25951999289705,166.3465742650789,330.33915957516086
2026-07-22,201.17563419718257,176.36038124385314,146.97780574007047,251.38017734254717,269.315350644544,195.3078355558358,167.72526411876134,328.70831575013506
2026-07-23,199.40338206942096,174.63490687683733,146.09703194857892,250.3298408231756,268.5619390428227,193.1163624554199,166.09668470078373,325.8938011373361
2026-07-24,201.61577578831015,176.2342737620195,146.9427812618879,246.52679769426493,266.70895800619877,195.24186313936755,167.6064402054927,322.8765713060386
2026-07-27,203.08564772781187,177.05084958893835,147.44268381137752,246.81515747162385,270.62624268796304,197.05747250346826,168.37597750728105,322.7869290223171
2026-07-28,205.0787173767301,178.08966016608179,147.72938184834575,242.51022993227417,268.32902805084797,199.317343134488,169.3395269204458,317.11569382562936
2026-07-29,203.50147565020902,177.86506090575133,147.78633884503583,243.13440429623589,267.9680722302074,197.2224633851178,169.12919861229813,310.50383138778346
2026-07-30,202.10894031965617,178.60718306148385,147.56696268503785,247.34921057583801,273.06274575844316,198.2069451506775,169.81181425802572,320.02133212363566
2026-07-31,200.50102443522383,178.02669436436608,147.47586059855826,249.66572965606449,272.98482311296436,197.15564562081627,169.2478470649197,322.88491616082337
2026-08-03,200.9521611832797,178.8897296428273,148.67751885487303,249.91837152520827,272.79751157821516,198.8491336106551,170.05169444016707,326.70755231756146
2026-08-04,202.50946210266852,179.54968714715162,149.06877854133177,256.23260031453873,277.5564335062671,201.59529284125077,170.65855816732284,339.7304193887198
2026-08-05,202.7210502608781,178.71189804032713,148.14495484987074,255.28121044096173,276.54295967658163,203.09666478532532,169.86100108715337,339.15192118259785
2026-08-06,203.63774506653112,179.6039057919844,148.58586028320303,254.6469944809274,278.20732267868283,203.0368782101478,170.69973942736564,336.05133676941546
2026-08-07,203.07825158194683,179.7495920675086,148.9358577460497,254.6304349612774,279.5222416335031,202.60288193960588,170.82788879189695,339.96318482483736
2026-08-10,203.2736898977507,180.9103505549467,149.9445451259742,255.13902366343763,279.9237486903319,203.69574004494618,171.92717094179366,341.1696693082214
2026-08-11,203.3720956215062,180.9813276791072,149.80900541953918,256.2909549428232,281.9396538066378,203.86391953760824,171.9963136456457,340.7273900997376
2026-08-12,203.3377959586205,179.78039178071617,148.7221627233251,257.7127116114911,282.75051330251176,204.1990848555808,170.86108613709354,342.19364410510957
2026-08-13,203.02503648902874,180.6637832744833,149.44307118171903,259.253560601778,282.8296198743044,204.81939517777303,171.69800969249147,346.38682574785446
2026-08-14,203.11119094320338,179.9715254370311,149.31396234300698,258.8553539911093,282.18486403611485,204.71506554469366,171.03785301370903,344.86843207681164
2026-08-17,202.95226434232688,178.92803434822406,148.69856912778724,260.589277270142,283.20988151241056,203.13618564533306,170.02871302689186,345.7551030809026
2026-08-18,203.0246304016594,179.43857435771864,148.89639113371192,253.7841435730388,281.76638163327596,201.725675642432,170.5143155773316,338.85293977267213
2026-08-19,202.84913487955515,180.02887603902457,149.1641431973743,250.32663898697493,282.5812305687422,200.49605387897125,171.07223424411305,337.1351099567305
2026-08-20,201.57276610562303,179.3463461515618,148.0530332961068,251.96675161878045,283.4132658617003,199.59114972525273,170.40695413394377,335.5116876926147
2026-08-21,201.57832924905256,180.2605733532641,148.87799406967963,252.056195478681,285.1978639013913,200.88602892403057,171.2704809430275,337.009046621418
2026-08-24,201.877630374512,180.09880766502573,148.81096632413082,247.65981809758037,282.05007788011096,202.2996101607498,171.12114160417383,332.78534075560526
2026-08-25,202.48755019326182,180.29452097794385,148.97634787784642,248.9872307328156,283.7616434763304,203.12797784339818,171.29788993882156,335.0869270580339
2026-08-26,203.28805773573015,180.15643743014644,148.71584400614967,249.42346298404007,283.9074407199009,204.13422485507678,171.1665999634347,336.23058510837456
2026-08-27,200.7390262119191,180.44584056884744,148.62867780931762,249.3520521702358,284.34636133093704,203.83292915252738,171.38749809709702,339.99531758311053
